active_parameter_tensors,backward_seconds,both_blocks_active,boundary_extra,boundary_missing,case_id,category,center_degree_after,center_degree_before,center_degrees,checked_tensors,direction_gradient_max_abs,distance_A,distance_gradient_max_abs,dtype,feature_atol,feature_rtol,finite_gradients,forward_plus_backward_seconds,forward_seconds,geometry_distance_error_A,geometry_seconds,geometry_status,geometry_vector_error_A,grad_forward_seconds,id,inactive_parameter_tensors,index,max_abs_error,max_degree,max_last_state_change,max_normalized_error,max_scalar_output_change,n_atoms,n_edges,operation,parameters_unchanged,potential_angle_pairs,prior_process_peak_rss_MiB,process_peak_rss_MiB,quadrupole_norm_sq,receiver_copies,response_resolved,response_threshold,route,rss_sampled_peak_MiB,sample,split,status,supercell_records,vector_sum_norms
,,,,,0,synthetic_boundary,,,,,,,,torch.float32,,,,,,,,,,,,,,,26,,,,,26,,,325,,,,,,,invariant,,cubic_self_images,,pass,,
,,,,,1,synthetic_boundary,,,,,,,,torch.float32,,,,,,,,,,,,,,,26,,,,,26,,,325,,,,,,,equivariant,,cubic_self_images,,pass,,
,,,,,2,e3_direct,,,,4,,,,torch.float32,2e-05,2e-05,,,,,,,,,,,,2.384185791015625e-07,,,0.005831375252455473,,,,rotation_1,,,,,,,,,invariant,,cubic_self_images,,pass,,
,,,,,3,e3_direct,,,,4,,,,torch.float32,2e-05,2e-05,,,,,,,,,,,,6.131087637584187e-09,,,0.000306554400594905,,,,rotation_1,,,,,,,,,equivariant,,cubic_self_images,,pass,,
,,,,,4,e3_direct,,,,4,,,,torch.float32,2e-05,2e-05,,,,,,,,,,,,4.76837158203125e-07,,,0.009037607349455357,,,,rotation_2,,,,,,,,,invariant,,cubic_self_images,,pass,,
,,,,,5,e3_direct,,,,4,,,,torch.float32,2e-05,2e-05,,,,,,,,,,,,6.444692335350055e-09,,,0.0003222346131224185,,,,rotation_2,,,,,,,,,equivariant,,cubic_self_images,,pass,,
,,,,,6,e3_direct,,,,4,,,,torch.float32,2e-05,2e-05,,,,,,,,,,,,0.0,,,0.0,,,,reflection,,,,,,,,,invariant,,cubic_self_images,,pass,,
,,,,,7,e3_direct,,,,4,,,,torch.float32,2e-05,2e-05,,,,,,,,,,,,0.0,,,0.0,,,,reflection,,,,,,,,,equivariant,,cubic_self_images,,pass,,
,,,,,8,e3_direct,,,,4,,,,torch.float32,2e-05,2e-05,,,,,,,,,,,,0.0,,,0.0,,,,inversion,,,,,,,,,invariant,,cubic_self_images,,pass,,
,,,,,9,e3_direct,,,,4,,,,torch.float32,2e-05,2e-05,,,,,,,,,,,,0.0,,,0.0,,,,inversion,,,,,,,,,equivariant,,cubic_self_images,,pass,,
,,,,,10,e3_direct,,,,4,,,,torch.float32,2e-05,2e-05,,,,,,,,,,,,2.384185791015625e-07,,,0.005831375252455473,,,,improper_with_translation,,,,,,,,,invariant,,cubic_self_images,,pass,,
,,,,,11,e3_direct,,,,4,,,,torch.float32,2e-05,2e-05,,,,,,,,,,,,6.131087637584187e-09,,,0.000306554400594905,,,,improper_with_translation,,,,,,,,,equivariant,,cubic_self_images,,pass,,
,,,0,0,12,e3_rebuilt,,,,4,,,,torch.float32,0.0001,0.0001,,,,0.0,,pass,1.1832913578315177e-30,,,,,0.0,,,0.0,,,,translation,,,,,,,,,invariant,,cubic_self_images,,pass,,
,,,0,0,13,e3_rebuilt,,,,4,,,,torch.float32,0.0001,0.0001,,,,0.0,,pass,1.1832913578315177e-30,,,,,0.0,,,0.0,,,,translation,,,,,,,,,equivariant,,cubic_self_images,,pass,,
,,,,,14,synthetic_boundary,,,,,,,,torch.float32,,,,,,,,,,,,,,,21,,,,,56,,,499,,,,,,,invariant,,skew,,pass,,
,,,,,15,synthetic_boundary,,,,,,,,torch.float32,,,,,,,,,,,,,,,21,,,,,56,,,499,,,,,,,equivariant,,skew,,pass,,
,,,,,16,e3_direct,,,,4,,,,torch.float32,2e-05,2e-05,,,,,,,,,,,,2.384185791015625e-07,,,0.00903353188186884,,,,rotation_1,,,,,,,,,invariant,,skew,,pass,,
,,,,,17,e3_direct,,,,4,,,,torch.float32,2e-05,2e-05,,,,,,,,,,,,1.1920928955078125e-07,,,0.002960831392556429,,,,rotation_1,,,,,,,,,equivariant,,skew,,pass,,
,,,,,18,e3_direct,,,,4,,,,torch.float32,2e-05,2e-05,,,,,,,,,,,,2.980232238769531e-07,,,0.008383454754948616,,,,rotation_2,,,,,,,,,invariant,,skew,,pass,,
,,,,,19,e3_direct,,,,4,,,,torch.float32,2e-05,2e-05,,,,,,,,,,,,3.5762786865234375e-07,,,0.008852987550199032,,,,rotation_2,,,,,,,,,equivariant,,skew,,pass,,
,,,,,20,e3_direct,,,,4,,,,torch.float32,2e-05,2e-05,,,,,,,,,,,,0.0,,,0.0,,,,reflection,,,,,,,,,invariant,,skew,,pass,,
,,,,,21,e3_direct,,,,4,,,,torch.float32,2e-05,2e-05,,,,,,,,,,,,0.0,,,0.0,,,,reflection,,,,,,,,,equivariant,,skew,,pass,,
,,,,,22,e3_direct,,,,4,,,,torch.float32,2e-05,2e-05,,,,,,,,,,,,0.0,,,0.0,,,,inversion,,,,,,,,,invariant,,skew,,pass,,
,,,,,23,e3_direct,,,,4,,,,torch.float32,2e-05,2e-05,,,,,,,,,,,,0.0,,,0.0,,,,inversion,,,,,,,,,equivariant,,skew,,pass,,
,,,,,24,e3_direct,,,,4,,,,torch.float32,2e-05,2e-05,,,,,,,,,,,,2.384185791015625e-07,,,0.00903353188186884,,,,improper_with_translation,,,,,,,,,invariant,,skew,,pass,,
,,,,,25,e3_direct,,,,4,,,,torch.float32,2e-05,2e-05,,,,,,,,,,,,1.1920928955078125e-07,,,0.002960831392556429,,,,improper_with_translation,,,,,,,,,equivariant,,skew,,pass,,
,,,0,0,26,e3_rebuilt,,,,4,,,,torch.float32,0.0001,0.0001,,,,4.76837158203125e-07,,pass,4.76837158203125e-07,,,,,4.76837158203125e-07,,,0.002444613492116332,,,,translation,,,,,,,,,invariant,,skew,,pass,,
,,,0,0,27,e3_rebuilt,,,,4,,,,torch.float32,0.0001,0.0001,,,,4.76837158203125e-07,,pass,4.76837158203125e-07,,,,,4.76837158203125e-07,,,0.0027647551614791155,,,,translation,,,,,,,,,equivariant,,skew,,pass,,
,,,0,0,28,e3_rebuilt,,,,4,,,,torch.float32,0.0001,0.0001,,,,4.76837158203125e-07,,pass,4.3674466621013153e-07,,,,,3.5762786865234375e-07,,,0.0019233227940276265,,,,rotation_1,,,,,,,,,invariant,,skew,,pass,,
,,,0,0,29,e3_rebuilt,,,,4,,,,torch.float32,0.0001,0.0001,,,,4.76837158203125e-07,,pass,4.3674466621013153e-07,,,,,4.76837158203125e-07,,,0.0025017934385687113,,,,rotation_1,,,,,,,,,equivariant,,skew,,pass,,
,,,0,0,30,e3_rebuilt,,,,4,,,,torch.float32,0.0001,0.0001,,,,4.76837158203125e-07,,pass,2.384185791015625e-07,,,,,2.384185791015625e-07,,,0.0018604480428621173,,,,reflection,,,,,,,,,invariant,,skew,,pass,,
,,,0,0,31,e3_rebuilt,,,,4,,,,torch.float32,0.0001,0.0001,,,,4.76837158203125e-07,,pass,2.384185791015625e-07,,,,,4.76837158203125e-07,,,0.0025017934385687113,,,,reflection,,,,,,,,,equivariant,,skew,,pass,,
,,,0,0,32,representation,,,,4,,,,torch.float32,0.0001,0.0001,,,,0.0,,pass,0.0,,,,,2.980232238769531e-07,,,0.0019370528170838952,,,,permutation,,,,,,,,,invariant,,skew,,pass,,
,,,0,0,33,representation,,,,4,,,,torch.float32,0.0001,0.0001,,,,0.0,,pass,0.0,,,,,3.5762786865234375e-07,,,0.0023196383845061064,,,,permutation,,,,,,,,,equivariant,,skew,,pass,,
,,,0,0,34,representation,,,,4,,,,torch.float32,0.0001,0.0001,,,,1.430511474609375e-06,,pass,1.1026859283447266e-06,,,,,3.5762786865234375e-07,,,0.0022411090321838856,,,,integer_images,,,,,,,,,invariant,,skew,,pass,,
,,,0,0,35,representation,,,,4,,,,torch.float32,0.0001,0.0001,,,,1.430511474609375e-06,,pass,1.1026859283447266e-06,,,,,6.48200511932373e-07,,,0.006020475644618273,,,,integer_images,,,,,,,,,equivariant,,skew,,pass,,
,,,0,0,36,representation,,,,4,,,,torch.float32,0.0001,0.0001,,,,4.76837158203125e-07,,pass,4.76837158203125e-07,,,,,4.76837158203125e-07,,,0.002524550072848797,,,,basis_swap,,,,,,,,,invariant,,skew,,pass,,
,,,0,0,37,representation,,,,4,,,,torch.float32,0.0001,0.0001,,,,4.76837158203125e-07,,pass,4.76837158203125e-07,,,,,4.76837158203125e-07,,,0.0030252363067120314,,,,basis_swap,,,,,,,,,equivariant,,skew,,pass,,
,,,0,0,38,representation,,,,4,,,,torch.float32,0.0001,0.0001,,,,4.76837158203125e-07,,pass,7.152557373046875e-07,,,,,4.76837158203125e-07,,,0.0024500528816133738,,,,basis_shear,,,,,,,,,invariant,,skew,,pass,,
,,,0,0,39,representation,,,,4,,,,torch.float32,0.0001,0.0001,,,,4.76837158203125e-07,,pass,7.152557373046875e-07,,,,,5.960464477539062e-07,,,0.0029984964057803154,,,,basis_shear,,,,,,,,,equivariant,,skew,,pass,,
,,,,,40,synthetic_boundary,,,,,,,,torch.float32,,,,,,,,,,,,,,,9,,,,,18,,,72,,,,,,,invariant,,mixed_padding,,pass,,
,,,,,41,synthetic_boundary,,,,,,,,torch.float32,,,,,,,,,,,,,,,9,,,,,18,,,72,,,,,,,equivariant,,mixed_padding,,pass,,
,,,,,42,e3_direct,,,,4,,,,torch.float32,2e-05,2e-05,,,,,,,,,,,,5.960464477539062e-07,,,0.012238025665283203,,,,rotation_1,,,,,,,,,invariant,,mixed_padding,,pass,,
,,,,,43,e3_direct,,,,4,,,,torch.float32,2e-05,2e-05,,,,,,,,,,,,3.5762786865234375e-07,,,0.010902542620897293,,,,rotation_1,,,,,,,,,equivariant,,mixed_padding,,pass,,
,,,,,44,e3_direct,,,,4,,,,torch.float32,2e-05,2e-05,,,,,,,,,,,,4.76837158203125e-07,,,0.00872189924120903,,,,rotation_2,,,,,,,,,invariant,,mixed_padding,,pass,,
,,,,,45,e3_direct,,,,4,,,,torch.float32,2e-05,2e-05,,,,,,,,,,,,2.384185791015625e-07,,,0.010261217132210732,,,,rotation_2,,,,,,,,,equivariant,,mixed_padding,,pass,,
,,,,,46,e3_direct,,,,4,,,,torch.float32,2e-05,2e-05,,,,,,,,,,,,0.0,,,0.0,,,,reflection,,,,,,,,,invariant,,mixed_padding,,pass,,
,,,,,47,e3_direct,,,,4,,,,torch.float32,2e-05,2e-05,,,,,,,,,,,,0.0,,,0.0,,,,reflection,,,,,,,,,equivariant,,mixed_padding,,pass,,
,,,,,48,e3_direct,,,,4,,,,torch.float32,2e-05,2e-05,,,,,,,,,,,,0.0,,,0.0,,,,inversion,,,,,,,,,invariant,,mixed_padding,,pass,,
,,,,,49,e3_direct,,,,4,,,,torch.float32,2e-05,2e-05,,,,,,,,,,,,0.0,,,0.0,,,,inversion,,,,,,,,,equivariant,,mixed_padding,,pass,,
,,,,,50,e3_direct,,,,4,,,,torch.float32,2e-05,2e-05,,,,,,,,,,,,5.960464477539062e-07,,,0.012238025665283203,,,,improper_with_translation,,,,,,,,,invariant,,mixed_padding,,pass,,
,,,,,51,e3_direct,,,,4,,,,torch.float32,2e-05,2e-05,,,,,,,,,,,,3.5762786865234375e-07,,,0.010902542620897293,,,,improper_with_translation,,,,,,,,,equivariant,,mixed_padding,,pass,,
,,,,,52,synthetic_boundary,,,,,,,,torch.float32,,,,,,,,,,,,,,,0,,,,,0,,,0,,,,,,,invariant,,empty_neighborhood,,pass,,
,,,,,53,synthetic_boundary,,,,,,,,torch.float32,,,,,,,,,,,,,,,0,,,,,0,,,0,,,,,,,equivariant,,empty_neighborhood,,pass,,
,,,,,54,e3_direct,,,,4,,,,torch.float32,2e-05,2e-05,,,,,,,,,,,,0.0,,,0.0,,,,rotation_1,,,,,,,,,invariant,,empty_neighborhood,,pass,,
,,,,,55,e3_direct,,,,4,,,,torch.float32,2e-05,2e-05,,,,,,,,,,,,0.0,,,0.0,,,,rotation_1,,,,,,,,,equivariant,,empty_neighborhood,,pass,,
,,,,,56,e3_direct,,,,4,,,,torch.float32,2e-05,2e-05,,,,,,,,,,,,0.0,,,0.0,,,,rotation_2,,,,,,,,,invariant,,empty_neighborhood,,pass,,
,,,,,57,e3_direct,,,,4,,,,torch.float32,2e-05,2e-05,,,,,,,,,,,,0.0,,,0.0,,,,rotation_2,,,,,,,,,equivariant,,empty_neighborhood,,pass,,
,,,,,58,e3_direct,,,,4,,,,torch.float32,2e-05,2e-05,,,,,,,,,,,,0.0,,,0.0,,,,reflection,,,,,,,,,invariant,,empty_neighborhood,,pass,,
,,,,,59,e3_direct,,,,4,,,,torch.float32,2e-05,2e-05,,,,,,,,,,,,0.0,,,0.0,,,,reflection,,,,,,,,,equivariant,,empty_neighborhood,,pass,,
,,,,,60,e3_direct,,,,4,,,,torch.float32,2e-05,2e-05,,,,,,,,,,,,0.0,,,0.0,,,,inversion,,,,,,,,,invariant,,empty_neighborhood,,pass,,
,,,,,61,e3_direct,,,,4,,,,torch.float32,2e-05,2e-05,,,,,,,,,,,,0.0,,,0.0,,,,inversion,,,,,,,,,equivariant,,empty_neighborhood,,pass,,
,,,,,62,e3_direct,,,,4,,,,torch.float32,2e-05,2e-05,,,,,,,,,,,,0.0,,,0.0,,,,improper_with_translation,,,,,,,,,invariant,,empty_neighborhood,,pass,,
,,,,,63,e3_direct,,,,4,,,,torch.float32,2e-05,2e-05,,,,,,,,,,,,0.0,,,0.0,,,,improper_with_translation,,,,,,,,,equivariant,,empty_neighborhood,,pass,,
,,,0,0,64,e3_rebuilt,,,,4,,,,torch.float32,0.0001,0.0001,,,,0.0,,pass,0.0,,,,,0.0,,,0.0,,,,translation,,,,,,,,,invariant,,empty_neighborhood,,pass,,
,,,0,0,65,e3_rebuilt,,,,4,,,,torch.float32,0.0001,0.0001,,,,0.0,,pass,0.0,,,,,0.0,,,0.0,,,,translation,,,,,,,,,equivariant,,empty_neighborhood,,pass,,
,,,,,66,synthetic_boundary,,,,,,,,torch.float32,,,,,,,,,,,,,,,0,,,,,0,,,0,,,,,,,invariant,,all_padding,,pass,,
,,,,,67,synthetic_boundary,,,,,,,,torch.float32,,,,,,,,,,,,,,,0,,,,,0,,,0,,,,,,,equivariant,,all_padding,,pass,,
,,,,,68,synthetic_boundary,,,,,,,,torch.float32,,,,,,,,,,,,,,,0,,,,,0,,,0,,,,,,,invariant,,zero_slots,,pass,,
,,,,,69,synthetic_boundary,,,,,,,,torch.float32,,,,,,,,,,,,,,,0,,,,,0,,,0,,,,,,,equivariant,,zero_slots,,pass,,
,,,,,70,angle_response,,,"[6, 6]",,,5.0,,torch.float32,,,,,,,,,,,,,,,,1.5795230865478516e-06,,1.1920928955078125e-06,,,,,,,,"[4.5856447361891406e-14, 1.0000001351025565]",,True,1e-08,invariant,,,,pass,,"[0.0, 1.9880628681371114e-07]"
,,,,,71,angle_response,,,"[6, 6]",,,5.0,,torch.float32,,,,,,,,,,,,,,,,0.011538315564393997,,1.2308359146118164e-05,,,,,,,,"[4.5856447361891406e-14, 1.0000001351025565]",,True,1e-08,equivariant,,,,pass,,"[0.0, 1.9880628681371114e-07]"
,,,,,72,angle_response,,,"[6, 6]",,,5.9,,torch.float32,,,,,,,,,,,,,,,,4.76837158203125e-07,,4.76837158203125e-07,,,,,,,,"[4.585644984659615e-14, 1.000000045695589]",,True,1e-08,invariant,,,,pass,,"[0.0, 8.024520884654677e-08]"
,,,,,73,angle_response,,,"[6, 6]",,,5.9,,torch.float32,,,,,,,,,,,,,,,,1.4310175174614415e-05,,5.960464477539062e-07,,,,,,,,"[4.585644984659615e-14, 1.000000045695589]",,True,1e-08,equivariant,,,,pass,,"[0.0, 8.024520884654677e-08]"
,,,,,74,structural_response,6,6,,,,,,torch.float32,,,,,,,,,,,,,,,,,,0.006680816411972046,,,distance,,,,,,,,,invariant,,,,pass,,
,,,,,75,structural_response,6,6,,,,,,torch.float32,,,,,,,,,,,,,,,,,,0.012389473617076874,,,distance,,,,,,,,,equivariant,,,,pass,,
,,,,,76,structural_response,5,6,,,,,,torch.float32,,,,,,,,,,,,,,,,,,0.010418832302093506,,,neighbor_count,,,,,,,,,invariant,,,,pass,,
,,,,,77,structural_response,5,6,,,,,,torch.float32,,,,,,,,,,,,,,,,,,0.013071209192276001,,,neighbor_count,,,,,,,,,equivariant,,,,pass,,
,,,,,78,geometry_vjp,,,,,5.339822473082734e-10,,3.267447027610615e-05,torch.float32,,,,,,,,,,,,,,,,,,,,,,,,,,,,,,invariant,,,,pass,,
,,,,,79,geometry_vjp,,,,,4.184729895939654e-09,,1.3592872164736036e-05,torch.float32,,,,,,,,,,,,,,,,,,,,,,,,,,,,,,equivariant,,,,pass,,
,,,,,80,synthetic_boundary,,,,,,,,torch.float64,,,,,,,,,,,,,,,26,,,,,26,,,325,,,,,,,invariant,,cubic_self_images,,pass,,
,,,,,81,synthetic_boundary,,,,,,,,torch.float64,,,,,,,,,,,,,,,26,,,,,26,,,325,,,,,,,equivariant,,cubic_self_images,,pass,,
,,,,,82,e3_direct,,,,4,,,,torch.float64,2e-10,2e-10,,,,,,,,,,,,4.440892098500626e-16,,,1.4932663948907892e-06,,,,rotation_1,,,,,,,,,invariant,,cubic_self_images,,pass,,
,,,,,83,e3_direct,,,,4,,,,torch.float64,2e-10,2e-10,,,,,,,,,,,,2.1574134205633104e-17,,,1.0787067102816551e-07,,,,rotation_1,,,,,,,,,equivariant,,cubic_self_images,,pass,,
,,,,,84,e3_direct,,,,4,,,,torch.float64,2e-10,2e-10,,,,,,,,,,,,4.440892098500626e-16,,,1.4077482359276407e-06,,,,rotation_2,,,,,,,,,invariant,,cubic_self_images,,pass,,
,,,,,85,e3_direct,,,,4,,,,torch.float64,2e-10,2e-10,,,,,,,,,,,,4.0390494260258633e-17,,,2.0195247130129316e-07,,,,rotation_2,,,,,,,,,equivariant,,cubic_self_images,,pass,,
,,,,,86,e3_direct,,,,4,,,,torch.float64,2e-10,2e-10,,,,,,,,,,,,0.0,,,0.0,,,,reflection,,,,,,,,,invariant,,cubic_self_images,,pass,,
,,,,,87,e3_direct,,,,4,,,,torch.float64,2e-10,2e-10,,,,,,,,,,,,6.162975822039155e-33,,,3.0814879110195774e-23,,,,reflection,,,,,,,,,equivariant,,cubic_self_images,,pass,,
,,,,,88,e3_direct,,,,4,,,,torch.float64,2e-10,2e-10,,,,,,,,,,,,0.0,,,0.0,,,,inversion,,,,,,,,,invariant,,cubic_self_images,,pass,,
,,,,,89,e3_direct,,,,4,,,,torch.float64,2e-10,2e-10,,,,,,,,,,,,0.0,,,0.0,,,,inversion,,,,,,,,,equivariant,,cubic_self_images,,pass,,
,,,,,90,e3_direct,,,,4,,,,torch.float64,2e-10,2e-10,,,,,,,,,,,,4.440892098500626e-16,,,1.4932663948907892e-06,,,,improper_with_translation,,,,,,,,,invariant,,cubic_self_images,,pass,,
,,,,,91,e3_direct,,,,4,,,,torch.float64,2e-10,2e-10,,,,,,,,,,,,2.1574134205633104e-17,,,1.0787067102816551e-07,,,,improper_with_translation,,,,,,,,,equivariant,,cubic_self_images,,pass,,
,,,0,0,92,e3_rebuilt,,,,4,,,,torch.float64,2e-06,2e-06,,,,0.0,,pass,2.465190328815662e-32,,,,,0.0,,,0.0,,,,translation,,,,,,,,,invariant,,cubic_self_images,,pass,,
,,,0,0,93,e3_rebuilt,,,,4,,,,torch.float64,2e-06,2e-06,,,,0.0,,pass,2.465190328815662e-32,,,,,0.0,,,0.0,,,,translation,,,,,,,,,equivariant,,cubic_self_images,,pass,,
,,,,,94,synthetic_boundary,,,,,,,,torch.float64,,,,,,,,,,,,,,,21,,,,,56,,,499,,,,,,,invariant,,skew,,pass,,
,,,,,95,synthetic_boundary,,,,,,,,torch.float64,,,,,,,,,,,,,,,21,,,,,56,,,499,,,,,,,equivariant,,skew,,pass,,
,,,,,96,e3_direct,,,,4,,,,torch.float64,2e-10,2e-10,,,,,,,,,,,,4.440892098500626e-16,,,1.8449611970370019e-06,,,,rotation_1,,,,,,,,,invariant,,skew,,pass,,
,,,,,97,e3_direct,,,,4,,,,torch.float64,2e-10,2e-10,,,,,,,,,,,,6.158268339717665e-16,,,3.0333043429272746e-06,,,,rotation_1,,,,,,,,,equivariant,,skew,,pass,,
,,,,,98,e3_direct,,,,4,,,,torch.float64,2e-10,2e-10,,,,,,,,,,,,4.440892098500626e-16,,,1.6709541894006463e-06,,,,rotation_2,,,,,,,,,invariant,,skew,,pass,,
,,,,,99,e3_direct,,,,4,,,,torch.float64,2e-10,2e-10,,,,,,,,,,,,6.38378239159465e-16,,,2.7708811523145324e-06,,,,rotation_2,,,,,,,,,equivariant,,skew,,pass,,
,,,,,100,e3_direct,,,,4,,,,torch.float64,2e-10,2e-10,,,,,,,,,,,,0.0,,,0.0,,,,reflection,,,,,,,,,invariant,,skew,,pass,,
,,,,,101,e3_direct,,,,4,,,,torch.float64,2e-10,2e-10,,,,,,,,,,,,2.1510571102112408e-16,,,1.0386856760815543e-06,,,,reflection,,,,,,,,,equivariant,,skew,,pass,,
,,,,,102,e3_direct,,,,4,,,,torch.float64,2e-10,2e-10,,,,,,,,,,,,0.0,,,0.0,,,,inversion,,,,,,,,,invariant,,skew,,pass,,
,,,,,103,e3_direct,,,,4,,,,torch.float64,2e-10,2e-10,,,,,,,,,,,,0.0,,,0.0,,,,inversion,,,,,,,,,equivariant,,skew,,pass,,
,,,,,104,e3_direct,,,,4,,,,torch.float64,2e-10,2e-10,,,,,,,,,,,,4.440892098500626e-16,,,1.8449611970370019e-06,,,,improper_with_translation,,,,,,,,,invariant,,skew,,pass,,
,,,,,105,e3_direct,,,,4,,,,torch.float64,2e-10,2e-10,,,,,,,,,,,,6.158268339717665e-16,,,3.0333043429272746e-06,,,,improper_with_translation,,,,,,,,,equivariant,,skew,,pass,,
,,,0,0,106,e3_rebuilt,,,,4,,,,torch.float64,2e-06,2e-06,,,,3.3617038042166314e-09,,pass,8.881784197001252e-16,,,,,1.644777092302263e-10,,,6.184292242140988e-05,,,,translation,,,,,,,,,invariant,,skew,,pass,,
,,,0,0,107,e3_rebuilt,,,,4,,,,torch.float64,2e-06,2e-06,,,,3.3617038042166314e-09,,pass,8.881784197001252e-16,,,,,2.050693503896639e-10,,,8.007996635618552e-05,,,,translation,,,,,,,,,equivariant,,skew,,pass,,
,,,0,0,108,e3_rebuilt,,,,4,,,,torch.float64,2e-06,2e-06,,,,3.3617029160382117e-09,,pass,1.7763568394002505e-15,,,,,1.6447793127483123e-10,,,6.18430059092414e-05,,,,rotation_1,,,,,,,,,invariant,,skew,,pass,,
,,,0,0,109,e3_rebuilt,,,,4,,,,torch.float64,2e-06,2e-06,,,,3.3617029160382117e-09,,pass,1.7763568394002505e-15,,,,,2.0506968345657128e-10,,,8.008011723366622e-05,,,,rotation_1,,,,,,,,,equivariant,,skew,,pass,,
,,,0,0,110,e3_rebuilt,,,,4,,,,torch.float64,2e-06,2e-06,,,,3.361704692395051e-09,,pass,8.881784197001252e-16,,,,,1.6447798678598247e-10,,,6.184302678119927e-05,,,,reflection,,,,,,,,,invariant,,skew,,pass,,
,,,0,0,111,e3_rebuilt,,,,4,,,,torch.float64,2e-06,2e-06,,,,3.361704692395051e-09,,pass,8.881784197001252e-16,,,,,2.0506957243426882e-10,,,8.0080020001512e-05,,,,reflection,,,,,,,,,equivariant,,skew,,pass,,
,,,0,0,112,representation,,,,4,,,,torch.float64,2e-06,2e-06,,,,0.0,,pass,0.0,,,,,4.440892098500626e-16,,,1.844961197037002e-10,,,,permutation,,,,,,,,,invariant,,skew,,pass,,
,,,0,0,113,representation,,,,4,,,,torch.float64,2e-06,2e-06,,,,0.0,,pass,0.0,,,,,5.551115123125783e-16,,,2.2912047259114912e-10,,,,permutation,,,,,,,,,equivariant,,skew,,pass,,
,,,0,0,114,representation,,,,4,,,,torch.float64,2e-06,2e-06,,,,1.7763568394002505e-15,,pass,1.3322676295501878e-15,,,,,8.881784197001252e-16,,,2.922074103085651e-10,,,,integer_images,,,,,,,,,invariant,,skew,,pass,,
,,,0,0,115,representation,,,,4,,,,torch.float64,2e-06,2e-06,,,,1.7763568394002505e-15,,pass,1.3322676295501878e-15,,,,,1.3322676295501878e-15,,,4.0833429532976277e-10,,,,integer_images,,,,,,,,,equivariant,,skew,,pass,,
,,,0,0,116,representation,,,,4,,,,torch.float64,2e-06,2e-06,,,,3.2484672729538033e-09,,pass,8.881784197001252e-16,,,,,9.798090117030256e-11,,,3.684040407793629e-05,,,,basis_swap,,,,,,,,,invariant,,skew,,pass,,
,,,0,0,117,representation,,,,4,,,,torch.float64,2e-06,2e-06,,,,3.2484672729538033e-09,,pass,8.881784197001252e-16,,,,,1.2971246299287031e-10,,,4.8080599209039e-05,,,,basis_swap,,,,,,,,,equivariant,,skew,,pass,,
,,,0,0,118,representation,,,,4,,,,torch.float64,2e-06,2e-06,,,,1.2600525067796298e-09,,pass,1.7763568394002505e-15,,,,,6.450062706164772e-12,,,2.4251962738138153e-06,,,,basis_shear,,,,,,,,,invariant,,skew,,pass,,
,,,0,0,119,representation,,,,4,,,,torch.float64,2e-06,2e-06,,,,1.2600525067796298e-09,,pass,1.7763568394002505e-15,,,,,2.172950708256849e-11,,,1.03650481562968e-05,,,,basis_shear,,,,,,,,,equivariant,,skew,,pass,,
,,,,,120,synthetic_boundary,,,,,,,,torch.float64,,,,,,,,,,,,,,,9,,,,,18,,,72,,,,,,,invariant,,mixed_padding,,pass,,
,,,,,121,synthetic_boundary,,,,,,,,torch.float64,,,,,,,,,,,,,,,9,,,,,18,,,72,,,,,,,equivariant,,mixed_padding,,pass,,
,,,,,122,e3_direct,,,,4,,,,torch.float64,2e-10,2e-10,,,,,,,,,,,,6.661338147750939e-16,,,1.552812952674752e-06,,,,rotation_1,,,,,,,,,invariant,,mixed_padding,,pass,,
,,,,,123,e3_direct,,,,4,,,,torch.float64,2e-10,2e-10,,,,,,,,,,,,7.91033905045424e-16,,,3.8778676330239375e-06,,,,rotation_1,,,,,,,,,equivariant,,mixed_padding,,pass,,
,,,,,124,e3_direct,,,,4,,,,torch.float64,2e-10,2e-10,,,,,,,,,,,,8.881784197001252e-16,,,2.5332770304726574e-06,,,,rotation_2,,,,,,,,,invariant,,mixed_padding,,pass,,
,,,,,125,e3_direct,,,,4,,,,torch.float64,2e-10,2e-10,,,,,,,,,,,,9.159339953157541e-16,,,3.7695390923587985e-06,,,,rotation_2,,,,,,,,,equivariant,,mixed_padding,,pass,,
,,,,,126,e3_direct,,,,4,,,,torch.float64,2e-10,2e-10,,,,,,,,,,,,0.0,,,0.0,,,,reflection,,,,,,,,,invariant,,mixed_padding,,pass,,
,,,,,127,e3_direct,,,,4,,,,torch.float64,2e-10,2e-10,,,,,,,,,,,,2.914335439641036e-16,,,1.3933964945687444e-06,,,,reflection,,,,,,,,,equivariant,,mixed_padding,,pass,,
,,,,,128,e3_direct,,,,4,,,,torch.float64,2e-10,2e-10,,,,,,,,,,,,0.0,,,0.0,,,,inversion,,,,,,,,,invariant,,mixed_padding,,pass,,
,,,,,129,e3_direct,,,,4,,,,torch.float64,2e-10,2e-10,,,,,,,,,,,,0.0,,,0.0,,,,inversion,,,,,,,,,equivariant,,mixed_padding,,pass,,
,,,,,130,e3_direct,,,,4,,,,torch.float64,2e-10,2e-10,,,,,,,,,,,,6.661338147750939e-16,,,1.552812952674752e-06,,,,improper_with_translation,,,,,,,,,invariant,,mixed_padding,,pass,,
,,,,,131,e3_direct,,,,4,,,,torch.float64,2e-10,2e-10,,,,,,,,,,,,7.91033905045424e-16,,,3.8778676330239375e-06,,,,improper_with_translation,,,,,,,,,equivariant,,mixed_padding,,pass,,
,,,,,132,synthetic_boundary,,,,,,,,torch.float64,,,,,,,,,,,,,,,0,,,,,0,,,0,,,,,,,invariant,,empty_neighborhood,,pass,,
,,,,,133,synthetic_boundary,,,,,,,,torch.float64,,,,,,,,,,,,,,,0,,,,,0,,,0,,,,,,,equivariant,,empty_neighborhood,,pass,,
,,,,,134,e3_direct,,,,4,,,,torch.float64,2e-10,2e-10,,,,,,,,,,,,0.0,,,0.0,,,,rotation_1,,,,,,,,,invariant,,empty_neighborhood,,pass,,
,,,,,135,e3_direct,,,,4,,,,torch.float64,2e-10,2e-10,,,,,,,,,,,,0.0,,,0.0,,,,rotation_1,,,,,,,,,equivariant,,empty_neighborhood,,pass,,
,,,,,136,e3_direct,,,,4,,,,torch.float64,2e-10,2e-10,,,,,,,,,,,,0.0,,,0.0,,,,rotation_2,,,,,,,,,invariant,,empty_neighborhood,,pass,,
,,,,,137,e3_direct,,,,4,,,,torch.float64,2e-10,2e-10,,,,,,,,,,,,0.0,,,0.0,,,,rotation_2,,,,,,,,,equivariant,,empty_neighborhood,,pass,,
,,,,,138,e3_direct,,,,4,,,,torch.float64,2e-10,2e-10,,,,,,,,,,,,0.0,,,0.0,,,,reflection,,,,,,,,,invariant,,empty_neighborhood,,pass,,
,,,,,139,e3_direct,,,,4,,,,torch.float64,2e-10,2e-10,,,,,,,,,,,,0.0,,,0.0,,,,reflection,,,,,,,,,equivariant,,empty_neighborhood,,pass,,
,,,,,140,e3_direct,,,,4,,,,torch.float64,2e-10,2e-10,,,,,,,,,,,,0.0,,,0.0,,,,inversion,,,,,,,,,invariant,,empty_neighborhood,,pass,,
,,,,,141,e3_direct,,,,4,,,,torch.float64,2e-10,2e-10,,,,,,,,,,,,0.0,,,0.0,,,,inversion,,,,,,,,,equivariant,,empty_neighborhood,,pass,,
,,,,,142,e3_direct,,,,4,,,,torch.float64,2e-10,2e-10,,,,,,,,,,,,0.0,,,0.0,,,,improper_with_translation,,,,,,,,,invariant,,empty_neighborhood,,pass,,
,,,,,143,e3_direct,,,,4,,,,torch.float64,2e-10,2e-10,,,,,,,,,,,,0.0,,,0.0,,,,improper_with_translation,,,,,,,,,equivariant,,empty_neighborhood,,pass,,
,,,0,0,144,e3_rebuilt,,,,4,,,,torch.float64,2e-06,2e-06,,,,0.0,,pass,0.0,,,,,0.0,,,0.0,,,,translation,,,,,,,,,invariant,,empty_neighborhood,,pass,,
,,,0,0,145,e3_rebuilt,,,,4,,,,torch.float64,2e-06,2e-06,,,,0.0,,pass,0.0,,,,,0.0,,,0.0,,,,translation,,,,,,,,,equivariant,,empty_neighborhood,,pass,,
,,,,,146,synthetic_boundary,,,,,,,,torch.float64,,,,,,,,,,,,,,,0,,,,,0,,,0,,,,,,,invariant,,all_padding,,pass,,
,,,,,147,synthetic_boundary,,,,,,,,torch.float64,,,,,,,,,,,,,,,0,,,,,0,,,0,,,,,,,equivariant,,all_padding,,pass,,
,,,,,148,synthetic_boundary,,,,,,,,torch.float64,,,,,,,,,,,,,,,0,,,,,0,,,0,,,,,,,invariant,,zero_slots,,pass,,
,,,,,149,synthetic_boundary,,,,,,,,torch.float64,,,,,,,,,,,,,,,0,,,,,0,,,0,,,,,,,equivariant,,zero_slots,,pass,,
,,,,,150,angle_response,,,"[6, 6]",,,5.0,,torch.float64,,,,,,,,,,,,,,,,1.4504701540962728e-06,,1.0056792014712101e-06,,,,,,,,"[8.998558635980757e-32, 0.9999999999999999]",,True,1e-10,invariant,,,,pass,,"[6.123233934504427e-17, 3.554447978966673e-16]"
,,,,,151,angle_response,,,"[6, 6]",,,5.0,,torch.float64,,,,,,,,,,,,,,,,0.011538268170965097,,1.2321944565130138e-05,,,,,,,,"[8.998558635980757e-32, 0.9999999999999999]",,True,1e-10,equivariant,,,,pass,,"[6.123233934504427e-17, 3.554447978966673e-16]"
,,,,,152,angle_response,,,"[6, 6]",,,5.9,,torch.float64,,,,,,,,,,,,,,,,2.348787830896981e-12,,1.659339332604759e-12,,,,,,,,"[8.998558635980758e-32, 1.0000000000000013]",,False,1e-10,invariant,,,,pass,,"[6.123233934504427e-17, 5.551115123125783e-17]"
,,,,,153,angle_response,,,"[6, 6]",,,5.9,,torch.float64,,,,,,,,,,,,,,,,1.4413582786238519e-05,,1.9448664900778567e-11,,,,,,,,"[8.998558635980758e-32, 1.0000000000000013]",,False,1e-10,equivariant,,,,pass,,"[6.123233934504427e-17, 5.551115123125783e-17]"
,,,,,154,structural_response,6,6,,,,,,torch.float64,,,,,,,,,,,,,,,,,,0.006680735010120897,,,distance,,,,,,,,,invariant,,,,pass,,
,,,,,155,structural_response,6,6,,,,,,torch.float64,,,,,,,,,,,,,,,,,,0.012389516291142669,,,distance,,,,,,,,,equivariant,,,,pass,,
,,,,,156,structural_response,5,6,,,,,,torch.float64,,,,,,,,,,,,,,,,,,0.010418880762925409,,,neighbor_count,,,,,,,,,invariant,,,,pass,,
,,,,,157,structural_response,5,6,,,,,,torch.float64,,,,,,,,,,,,,,,,,,0.013071192976815138,,,neighbor_count,,,,,,,,,equivariant,,,,pass,,
,,,,,158,geometry_vjp,,,,,5.339726343782546e-10,,3.267437333324852e-05,torch.float64,,,,,,,,,,,,,,,,,,,,,,,,,,,,,,invariant,,,,pass,,
,,,,,159,geometry_vjp,,,,,4.184660973221687e-09,,1.359271468208551e-05,torch.float64,,,,,,,,,,,,,,,,,,,,,,,,,,,,,,equivariant,,,,pass,,
,,,,,160,e3_direct,,,,4,,,,torch.float32,2e-05,2e-05,,,,,,,,,mp-aaabofsw,,10086,7.152557373046875e-07,,,0.019934827461838722,,64,7704,rotation_1,,460180,,,,,,,invariant,,,train,pass,,
,,,,,161,e3_direct,,,,4,,,,torch.float32,2e-05,2e-05,,,,,,,,,mp-aaabofsw,,10086,5.960464477539062e-07,,,0.015637626871466637,,64,7704,rotation_1,,460180,,,,,,,equivariant,,,train,pass,,
,,,,,162,e3_direct,,,,4,,,,torch.float32,2e-05,2e-05,,,,,,,,,mp-aaabofsw,,10086,8.344650268554688e-07,,,0.01812070794403553,,64,7704,rotation_2,,460180,,,,,,,invariant,,,train,pass,,
,,,,,163,e3_direct,,,,4,,,,torch.float32,2e-05,2e-05,,,,,,,,,mp-aaabofsw,,10086,3.5762786865234375e-07,,,0.009120997041463852,,64,7704,rotation_2,,460180,,,,,,,equivariant,,,train,pass,,
,,,,,164,e3_direct,,,,4,,,,torch.float32,2e-05,2e-05,,,,,,,,,mp-aaabofsw,,10086,0.0,,,0.0,,64,7704,reflection,,460180,,,,,,,invariant,,,train,pass,,
,,,,,165,e3_direct,,,,4,,,,torch.float32,2e-05,2e-05,,,,,,,,,mp-aaabofsw,,10086,1.734723475976807e-18,,,8.673617379884035e-14,,64,7704,reflection,,460180,,,,,,,equivariant,,,train,pass,,
,,,,,166,e3_direct,,,,4,,,,torch.float32,2e-05,2e-05,,,,,,,,,mp-aaabofsw,,10086,0.0,,,0.0,,64,7704,inversion,,460180,,,,,,,invariant,,,train,pass,,
,,,,,167,e3_direct,,,,4,,,,torch.float32,2e-05,2e-05,,,,,,,,,mp-aaabofsw,,10086,0.0,,,0.0,,64,7704,inversion,,460180,,,,,,,equivariant,,,train,pass,,
,,,,,168,e3_direct,,,,4,,,,torch.float32,2e-05,2e-05,,,,,,,,,mp-aaabofsw,,10086,7.152557373046875e-07,,,0.019934827461838722,,64,7704,improper_with_translation,,460180,,,,,,,invariant,,,train,pass,,
,,,,,169,e3_direct,,,,4,,,,torch.float32,2e-05,2e-05,,,,,,,,,mp-aaabofsw,,10086,5.960464477539062e-07,,,0.015637626871466637,,64,7704,improper_with_translation,,460180,,,,,,,equivariant,,,train,pass,,
,,,0,0,170,e3_rebuilt,,,,4,,,,torch.float32,0.0001,0.0001,,,,9.5367431640625e-07,,pass,7.152557373046875e-07,,mp-aaabofsw,,10086,1.430511474609375e-06,,,0.009909890592098236,,64,7704,translation,,460180,,,,,,,invariant,,,train,pass,,
,,,0,0,171,e3_rebuilt,,,,4,,,,torch.float32,0.0001,0.0001,,,,9.5367431640625e-07,,pass,7.152557373046875e-07,,mp-aaabofsw,,10086,1.7508864402770996e-06,,,0.016170049086213112,,64,7704,translation,,460180,,,,,,,equivariant,,,train,pass,,
,,,0,0,172,representation,,,,4,,,,torch.float32,0.0001,0.0001,,,,0.0,,pass,0.0,,mp-aaabofsw,,10086,1.475214958190918e-06,,,0.01272757537662983,,64,7704,permutation,,460180,,,,,,,invariant,,,train,pass,,
,,,0,0,173,representation,,,,4,,,,torch.float32,0.0001,0.0001,,,,0.0,,pass,0.0,,mp-aaabofsw,,10086,1.6689300537109375e-06,,,0.014959083870053291,,64,7704,permutation,,460180,,,,,,,equivariant,,,train,pass,,
,,,0,0,174,representation,,,,4,,,,torch.float32,0.0001,0.0001,,,,2.86102294921875e-06,,pass,3.2186508178710938e-06,,mp-aaabofsw,,10086,2.384185791015625e-06,,,0.015903154388070107,,64,7704,integer_images,,460180,,,,,,,invariant,,,train,pass,,
,,,0,0,175,representation,,,,4,,,,torch.float32,0.0001,0.0001,,,,2.86102294921875e-06,,pass,3.2186508178710938e-06,,mp-aaabofsw,,10086,2.771615982055664e-06,,,0.02297958731651306,,64,7704,integer_images,,460180,,,,,,,equivariant,,,train,pass,,
,,,0,0,176,representation,,,,4,,,,torch.float32,0.0001,0.0001,,,,4.76837158203125e-07,,pass,2.842170943040401e-14,,mp-aaabofsw,,10086,1.0095536708831787e-06,,,0.009960672818124294,,64,7704,basis_swap,,460180,,,,,,,invariant,,,train,pass,,
,,,0,0,177,representation,,,,4,,,,torch.float32,0.0001,0.0001,,,,4.76837158203125e-07,,pass,2.842170943040401e-14,,mp-aaabofsw,,10086,1.1920928955078125e-06,,,0.009220369160175323,,64,7704,basis_swap,,460180,,,,,,,equivariant,,,train,pass,,
,,,0,0,178,representation,,,,4,,,,torch.float32,0.0001,0.0001,,,,9.5367431640625e-07,,pass,1.430511474609375e-06,,mp-aaabofsw,,10086,1.9073486328125e-06,,,0.014889025129377842,,64,7704,basis_shear,,460180,,,,,,,invariant,,,train,pass,,
,,,0,0,179,representation,,,,4,,,,torch.float32,0.0001,0.0001,,,,9.5367431640625e-07,,pass,1.430511474609375e-06,,mp-aaabofsw,,10086,2.5816261768341064e-06,,,0.025243910029530525,,64,7704,basis_shear,,460180,,,,,,,equivariant,,,train,pass,,
"[""local_input.weight"", ""local_input.bias"", ""local_output.weight"", ""local_output.bias"", ""blocks.0.edge_mlp.0.weight"", ""blocks.0.edge_mlp.0.bias"", ""blocks.0.edge_mlp.2.weight"", ""blocks.0.edge_mlp.2.bias"", ""blocks.0.angle_mlp.0.weight"", ""blocks.0.angle_mlp.0.bias"", ""blocks.0.angle_mlp.2.weight"", ""blocks.0.angle_mlp.2.bias"", ""blocks.0.update.0.weight"", ""blocks.0.update.0.bias"", ""blocks.0.update.2.weight"", ""blocks.0.update.2.bias"", ""blocks.0.norm.weight"", ""blocks.0.norm.bias"", ""blocks.1.edge_mlp.0.weight"", ""blocks.1.edge_mlp.0.bias"", ""blocks.1.edge_mlp.2.weight"", ""blocks.1.edge_mlp.2.bias"", ""blocks.1.angle_mlp.0.weight"", ""blocks.1.angle_mlp.0.bias"", ""blocks.1.angle_mlp.2.weight"", ""blocks.1.angle_mlp.2.bias"", ""blocks.1.update.0.weight"", ""blocks.1.update.0.bias"", ""blocks.1.update.2.weight"", ""blocks.1.update.2.bias"", ""blocks.1.norm.weight"", ""blocks.1.norm.bias""]",18.137434906093404,True,,,180,resources,,,,,,,,torch.float32,,,True,21.951494401087984,3.1341779709327966,,0.02459046500734985,,,3.8140594949945807,mp-aaabofsw,[],10086,,,,,,64,7704,,True,460180,604.14453125,1058.34375,,,,,invariant,1058.34375,,train,pass,,
"[""local_input.weight"", ""local_input.bias"", ""local_output.weight"", ""local_output.bias"", ""blocks.0.tp.weight"", ""blocks.0.mix.weight"", ""blocks.0.radial_gate.0.weight"", ""blocks.0.radial_gate.0.bias"", ""blocks.0.radial_gate.2.weight"", ""blocks.0.radial_gate.2.bias"", ""blocks.0.update.0.weight"", ""blocks.0.update.0.bias"", ""blocks.0.update.2.weight"", ""blocks.0.update.2.bias"", ""blocks.0.norm.weight"", ""blocks.0.norm.bias"", ""blocks.0.direction_gate.weight"", ""blocks.0.direction_gate.bias"", ""blocks.1.tp.weight"", ""blocks.1.mix.weight"", ""blocks.1.radial_gate.0.weight"", ""blocks.1.radial_gate.0.bias"", ""blocks.1.radial_gate.2.weight"", ""blocks.1.radial_gate.2.bias"", ""blocks.1.update.0.weight"", ""blocks.1.update.0.bias"", ""blocks.1.update.2.weight"", ""blocks.1.update.2.bias"", ""blocks.1.norm.weight"", ""blocks.1.norm.bias""]",0.13648133794777095,True,,,181,resources,,,,,,,,torch.float32,,,True,0.2109395070001483,0.07090448495000601,,0.02459046500734985,,,0.07445816905237734,mp-aaabofsw,[],10086,,,,,,64,7704,,True,460180,1058.34375,1058.34375,,,,,equivariant,1058.34375,,train,pass,,
,,,,,182,supercell,,,,4,,,,torch.float32,0.0001,0.0001,,,,,,,,,mp-aaabofsw,,10086,1.3113021850585938e-06,,,0.010427307337522507,,64,7704,2x1x1,,460180,,,,2,,,invariant,,,train,pass,15408,
,,,,,183,supercell,,,,4,,,,torch.float32,0.0001,0.0001,,,,,,,,,mp-aaabofsw,,10086,1.9073486328125e-06,,,0.01451864093542099,,64,7704,2x1x1,,460180,,,,2,,,equivariant,,,train,pass,15408,
,,,,,184,e3_direct,,,,4,,,,torch.float64,2e-10,2e-10,,,,,,,,,mp-aaabofsw,,10086,1.3322676295501878e-15,,,3.3599483238732684e-06,,64,7704,rotation_1,,460180,,,,,,,invariant,,,train,pass,,
,,,,,185,e3_direct,,,,4,,,,torch.float64,2e-10,2e-10,,,,,,,,,mp-aaabofsw,,10086,1.1657341758564144e-15,,,5.29178265474094e-06,,64,7704,rotation_1,,460180,,,,,,,equivariant,,,train,pass,,
,,,,,186,e3_direct,,,,4,,,,torch.float64,2e-10,2e-10,,,,,,,,,mp-aaabofsw,,10086,1.3322676295501878e-15,,,3.404820494964612e-06,,64,7704,rotation_2,,460180,,,,,,,invariant,,,train,pass,,
,,,,,187,e3_direct,,,,4,,,,torch.float64,2e-10,2e-10,,,,,,,,,mp-aaabofsw,,10086,1.7763568394002505e-15,,,4.023047750992299e-06,,64,7704,rotation_2,,460180,,,,,,,equivariant,,,train,pass,,
,,,,,188,e3_direct,,,,4,,,,torch.float64,2e-10,2e-10,,,,,,,,,mp-aaabofsw,,10086,0.0,,,0.0,,64,7704,reflection,,460180,,,,,,,invariant,,,train,pass,,
,,,,,189,e3_direct,,,,4,,,,torch.float64,2e-10,2e-10,,,,,,,,,mp-aaabofsw,,10086,2.220446049250313e-16,,,1.0252594600604693e-06,,64,7704,reflection,,460180,,,,,,,equivariant,,,train,pass,,
,,,,,190,e3_direct,,,,4,,,,torch.float64,2e-10,2e-10,,,,,,,,,mp-aaabofsw,,10086,0.0,,,0.0,,64,7704,inversion,,460180,,,,,,,invariant,,,train,pass,,
,,,,,191,e3_direct,,,,4,,,,torch.float64,2e-10,2e-10,,,,,,,,,mp-aaabofsw,,10086,0.0,,,0.0,,64,7704,inversion,,460180,,,,,,,equivariant,,,train,pass,,
,,,,,192,e3_direct,,,,4,,,,torch.float64,2e-10,2e-10,,,,,,,,,mp-aaabofsw,,10086,1.3322676295501878e-15,,,3.3599483238732684e-06,,64,7704,improper_with_translation,,460180,,,,,,,invariant,,,train,pass,,
,,,,,193,e3_direct,,,,4,,,,torch.float64,2e-10,2e-10,,,,,,,,,mp-aaabofsw,,10086,1.1657341758564144e-15,,,5.29178265474094e-06,,64,7704,improper_with_translation,,460180,,,,,,,equivariant,,,train,pass,,
,,,0,0,194,e3_rebuilt,,,,4,,,,torch.float64,2e-06,2e-06,,,,2.6645352591003757e-15,,pass,2.6645352591003757e-15,,mp-aaabofsw,,10086,2.220446049250313e-15,,,1.0200777499891455e-09,,64,7704,translation,,460180,,,,,,,invariant,,,train,pass,,
,,,0,0,195,e3_rebuilt,,,,4,,,,torch.float64,2e-06,2e-06,,,,2.6645352591003757e-15,,pass,2.6645352591003757e-15,,mp-aaabofsw,,10086,3.219646771412954e-15,,,1.5404435429951568e-09,,64,7704,translation,,460180,,,,,,,equivariant,,,train,pass,,
,,,0,0,196,representation,,,,4,,,,torch.float64,2e-06,2e-06,,,,0.0,,pass,0.0,,mp-aaabofsw,,10086,3.0531133177191805e-15,,,1.3741564964340182e-09,,64,7704,permutation,,460180,,,,,,,invariant,,,train,pass,,
,,,0,0,197,representation,,,,4,,,,torch.float64,2e-06,2e-06,,,,0.0,,pass,0.0,,mp-aaabofsw,,10086,2.942091015256665e-15,,,1.297750850170872e-09,,64,7704,permutation,,460180,,,,,,,equivariant,,,train,pass,,
,,,0,0,198,representation,,,,4,,,,torch.float64,2e-06,2e-06,,,,0.0,,pass,0.0,,mp-aaabofsw,,10086,1.5543122344752192e-15,,,4.970284414175802e-10,,64,7704,integer_images,,460180,,,,,,,invariant,,,train,pass,,
,,,0,0,199,representation,,,,4,,,,torch.float64,2e-06,2e-06,,,,0.0,,pass,0.0,,mp-aaabofsw,,10086,1.3322676295501878e-15,,,5.661756160059197e-10,,64,7704,integer_images,,460180,,,,,,,equivariant,,,train,pass,,
,,,0,0,200,representation,,,,4,,,,torch.float64,2e-06,2e-06,,,,8.881784197001252e-16,,pass,9.860761315262648e-32,,mp-aaabofsw,,10086,2.220446049250313e-15,,,6.372896930430568e-10,,64,7704,basis_swap,,460180,,,,,,,invariant,,,train,pass,,
,,,0,0,201,representation,,,,4,,,,torch.float64,2e-06,2e-06,,,,8.881784197001252e-16,,pass,9.860761315262648e-32,,mp-aaabofsw,,10086,2.220446049250313e-15,,,7.340553193021138e-10,,64,7704,basis_swap,,460180,,,,,,,equivariant,,,train,pass,,
,,,0,0,202,representation,,,,4,,,,torch.float64,2e-06,2e-06,,,,3.552713678800501e-15,,pass,1.1102230246251565e-15,,mp-aaabofsw,,10086,3.6637359812630166e-15,,,1.6250168262404387e-09,,64,7704,basis_shear,,460180,,,,,,,invariant,,,train,pass,,
,,,0,0,203,representation,,,,4,,,,torch.float64,2e-06,2e-06,,,,3.552713678800501e-15,,pass,1.1102230246251565e-15,,mp-aaabofsw,,10086,4.218847493575595e-15,,,1.8777020262888e-09,,64,7704,basis_shear,,460180,,,,,,,equivariant,,,train,pass,,
,,,,,204,supercell,,,,4,,,,torch.float64,2e-06,2e-06,,,,,,,,,mp-aaabofsw,,10086,2.0122792321330962e-15,,,9.056940544678756e-10,,64,7704,2x1x1,,460180,,,,2,,,invariant,,,train,pass,15408,
,,,,,205,supercell,,,,4,,,,torch.float64,2e-06,2e-06,,,,,,,,,mp-aaabofsw,,10086,2.886579864025407e-15,,,1.06673437373882e-09,,64,7704,2x1x1,,460180,,,,2,,,equivariant,,,train,pass,15408,
,,,,,206,e3_direct,,,,4,,,,torch.float32,2e-05,2e-05,,,,,,,,,mp-aaacpjac,,15488,5.960464477539062e-07,,,0.02687847428023815,,4,800,rotation_1,,79600,,,,,,,invariant,,,train,pass,,
,,,,,207,e3_direct,,,,4,,,,torch.float32,2e-05,2e-05,,,,,,,,,mp-aaacpjac,,15488,3.5071846582468424e-07,,,0.017535917460918427,,4,800,rotation_1,,79600,,,,,,,equivariant,,,train,pass,,
,,,,,208,e3_direct,,,,4,,,,torch.float32,2e-05,2e-05,,,,,,,,,mp-aaacpjac,,15488,5.960464477539062e-07,,,0.01686527580022812,,4,800,rotation_2,,79600,,,,,,,invariant,,,train,pass,,
,,,,,209,e3_direct,,,,4,,,,torch.float32,2e-05,2e-05,,,,,,,,,mp-aaacpjac,,15488,3.479145789242466e-07,,,0.01739572361111641,,4,800,rotation_2,,79600,,,,,,,equivariant,,,train,pass,,
,,,,,210,e3_direct,,,,4,,,,torch.float32,2e-05,2e-05,,,,,,,,,mp-aaacpjac,,15488,0.0,,,0.0,,4,800,reflection,,79600,,,,,,,invariant,,,train,pass,,
,,,,,211,e3_direct,,,,4,,,,torch.float32,2e-05,2e-05,,,,,,,,,mp-aaacpjac,,15488,0.0,,,0.0,,4,800,reflection,,79600,,,,,,,equivariant,,,train,pass,,
,,,,,212,e3_direct,,,,4,,,,torch.float32,2e-05,2e-05,,,,,,,,,mp-aaacpjac,,15488,0.0,,,0.0,,4,800,inversion,,79600,,,,,,,invariant,,,train,pass,,
,,,,,213,e3_direct,,,,4,,,,torch.float32,2e-05,2e-05,,,,,,,,,mp-aaacpjac,,15488,0.0,,,0.0,,4,800,inversion,,79600,,,,,,,equivariant,,,train,pass,,
,,,,,214,e3_direct,,,,4,,,,torch.float32,2e-05,2e-05,,,,,,,,,mp-aaacpjac,,15488,5.960464477539062e-07,,,0.02687847428023815,,4,800,improper_with_translation,,79600,,,,,,,invariant,,,train,pass,,
,,,,,215,e3_direct,,,,4,,,,torch.float32,2e-05,2e-05,,,,,,,,,mp-aaacpjac,,15488,3.5071846582468424e-07,,,0.017535917460918427,,4,800,improper_with_translation,,79600,,,,,,,equivariant,,,train,pass,,
,,,0,0,216,e3_rebuilt,,,,4,,,,torch.float32,0.0001,0.0001,,,,1.1920928955078125e-07,,pass,1.1920928955078125e-07,,mp-aaacpjac,,15488,4.76837158203125e-07,,,0.002698444062843919,,4,800,translation,,79600,,,,,,,invariant,,,train,pass,,
,,,0,0,217,e3_rebuilt,,,,4,,,,torch.float32,0.0001,0.0001,,,,1.1920928955078125e-07,,pass,1.1920928955078125e-07,,mp-aaacpjac,,15488,5.364418029785156e-07,,,0.0033683108631521463,,4,800,translation,,79600,,,,,,,equivariant,,,train,pass,,
,,,0,0,218,representation,,,,4,,,,torch.float32,0.0001,0.0001,,,,0.0,,pass,0.0,,mp-aaacpjac,,15488,2.1457672119140625e-06,,,0.009990045800805092,,4,800,permutation,,79600,,,,,,,invariant,,,train,pass,,
,,,0,0,219,representation,,,,4,,,,torch.float32,0.0001,0.0001,,,,0.0,,pass,0.0,,mp-aaacpjac,,15488,1.6093254089355469e-06,,,0.013403627090156078,,4,800,permutation,,79600,,,,,,,equivariant,,,train,pass,,
,,,0,0,220,representation,,,,4,,,,torch.float32,0.0001,0.0001,,,,0.0,,pass,0.0,,mp-aaacpjac,,15488,9.5367431640625e-07,,,0.0060379658825695515,,4,800,integer_images,,79600,,,,,,,invariant,,,train,pass,,
,,,0,0,221,representation,,,,4,,,,torch.float32,0.0001,0.0001,,,,0.0,,pass,0.0,,mp-aaacpjac,,15488,1.3709068298339844e-06,,,0.011417904868721962,,4,800,integer_images,,79600,,,,,,,equivariant,,,train,pass,,
,,,0,0,222,representation,,,,4,,,,torch.float32,0.0001,0.0001,,,,4.76837158203125e-07,,pass,2.842170943040401e-14,,mp-aaacpjac,,15488,1.9073486328125e-06,,,0.008880040608346462,,4,800,basis_swap,,79600,,,,,,,invariant,,,train,pass,,
,,,0,0,223,representation,,,,4,,,,torch.float32,0.0001,0.0001,,,,4.76837158203125e-07,,pass,2.842170943040401e-14,,mp-aaacpjac,,15488,1.5050172805786133e-06,,,0.012534873560070992,,4,800,basis_swap,,79600,,,,,,,equivariant,,,train,pass,,
,,,0,0,224,representation,,,,4,,,,torch.float32,0.0001,0.0001,,,,4.76837158203125e-07,,pass,4.76837158203125e-07,,mp-aaacpjac,,15488,2.2649765014648438e-06,,,0.01600204035639763,,4,800,basis_shear,,79600,,,,,,,invariant,,,train,pass,,
,,,0,0,225,representation,,,,4,,,,torch.float32,0.0001,0.0001,,,,4.76837158203125e-07,,pass,4.76837158203125e-07,,mp-aaacpjac,,15488,2.16066837310791e-06,,,0.01799561083316803,,4,800,basis_shear,,79600,,,,,,,equivariant,,,train,pass,,
"[""local_input.weight"", ""local_input.bias"", ""local_output.weight"", ""local_output.bias"", ""blocks.0.edge_mlp.0.weight"", ""blocks.0.edge_mlp.0.bias"", ""blocks.0.edge_mlp.2.weight"", ""blocks.0.edge_mlp.2.bias"", ""blocks.0.angle_mlp.0.weight"", ""blocks.0.angle_mlp.0.bias"", ""blocks.0.angle_mlp.2.weight"", ""blocks.0.angle_mlp.2.bias"", ""blocks.0.update.0.weight"", ""blocks.0.update.0.bias"", ""blocks.0.update.2.weight"", ""blocks.0.update.2.bias"", ""blocks.0.norm.weight"", ""blocks.0.norm.bias"", ""blocks.1.edge_mlp.0.weight"", ""blocks.1.edge_mlp.0.bias"", ""blocks.1.edge_mlp.2.weight"", ""blocks.1.edge_mlp.2.bias"", ""blocks.1.angle_mlp.0.weight"", ""blocks.1.angle_mlp.0.bias"", ""blocks.1.angle_mlp.2.weight"", ""blocks.1.angle_mlp.2.bias"", ""blocks.1.update.0.weight"", ""blocks.1.update.0.bias"", ""blocks.1.update.2.weight"", ""blocks.1.update.2.bias"", ""blocks.1.norm.weight"", ""blocks.1.norm.bias""]",3.0607435679994524,True,,,226,resources,,,,,,,,torch.float32,,,True,3.6343405130319297,0.5218125628307462,,0.00612791208550334,,,0.5735969450324774,mp-aaacpjac,[],15488,,,,,,4,800,,True,79600,1058.34375,1058.34375,,,,,invariant,1058.34375,,train,pass,,
"[""local_input.weight"", ""local_input.bias"", ""local_output.weight"", ""local_output.bias"", ""blocks.0.tp.weight"", ""blocks.0.mix.weight"", ""blocks.0.radial_gate.0.weight"", ""blocks.0.radial_gate.0.bias"", ""blocks.0.radial_gate.2.weight"", ""blocks.0.radial_gate.2.bias"", ""blocks.0.update.0.weight"", ""blocks.0.update.0.bias"", ""blocks.0.update.2.weight"", ""blocks.0.update.2.bias"", ""blocks.0.norm.weight"", ""blocks.0.norm.bias"", ""blocks.0.direction_gate.weight"", ""blocks.0.direction_gate.bias"", ""blocks.1.tp.weight"", ""blocks.1.mix.weight"", ""blocks.1.radial_gate.0.weight"", ""blocks.1.radial_gate.0.bias"", ""blocks.1.radial_gate.2.weight"", ""blocks.1.radial_gate.2.bias"", ""blocks.1.update.0.weight"", ""blocks.1.update.0.bias"", ""blocks.1.update.2.weight"", ""blocks.1.update.2.bias"", ""blocks.1.norm.weight"", ""blocks.1.norm.bias""]",0.022616812027990818,True,,,227,resources,,,,,,,,torch.float32,,,True,0.03716699103824794,0.013193522114306688,,0.00612791208550334,,,0.014550179010257125,mp-aaacpjac,[],15488,,,,,,4,800,,True,79600,1058.34375,1058.34375,,,,,equivariant,1058.34375,,train,pass,,
,,,,,228,e3_direct,,,,4,,,,torch.float64,2e-10,2e-10,,,,,,,,,mp-aaacpjac,,15488,1.1102230246251565e-15,,,2.685533204819304e-06,,4,800,rotation_1,,79600,,,,,,,invariant,,,train,pass,,
,,,,,229,e3_direct,,,,4,,,,torch.float64,2e-10,2e-10,,,,,,,,,mp-aaacpjac,,15488,4.440892098500626e-16,,,2.145482662527743e-06,,4,800,rotation_1,,79600,,,,,,,equivariant,,,train,pass,,
,,,,,230,e3_direct,,,,4,,,,torch.float64,2e-10,2e-10,,,,,,,,,mp-aaacpjac,,15488,1.1102230246251565e-15,,,2.8761236461470397e-06,,4,800,rotation_2,,79600,,,,,,,invariant,,,train,pass,,
,,,,,231,e3_direct,,,,4,,,,torch.float64,2e-10,2e-10,,,,,,,,,mp-aaacpjac,,15488,5.551115123125783e-16,,,2.5024978283453014e-06,,4,800,rotation_2,,79600,,,,,,,equivariant,,,train,pass,,
,,,,,232,e3_direct,,,,4,,,,torch.float64,2e-10,2e-10,,,,,,,,,mp-aaacpjac,,15488,0.0,,,0.0,,4,800,reflection,,79600,,,,,,,invariant,,,train,pass,,
,,,,,233,e3_direct,,,,4,,,,torch.float64,2e-10,2e-10,,,,,,,,,mp-aaacpjac,,15488,4.85722573273506e-17,,,2.347032442800968e-07,,4,800,reflection,,79600,,,,,,,equivariant,,,train,pass,,
,,,,,234,e3_direct,,,,4,,,,torch.float64,2e-10,2e-10,,,,,,,,,mp-aaacpjac,,15488,0.0,,,0.0,,4,800,inversion,,79600,,,,,,,invariant,,,train,pass,,
,,,,,235,e3_direct,,,,4,,,,torch.float64,2e-10,2e-10,,,,,,,,,mp-aaacpjac,,15488,0.0,,,0.0,,4,800,inversion,,79600,,,,,,,equivariant,,,train,pass,,
,,,,,236,e3_direct,,,,4,,,,torch.float64,2e-10,2e-10,,,,,,,,,mp-aaacpjac,,15488,1.1102230246251565e-15,,,2.685533204819304e-06,,4,800,improper_with_translation,,79600,,,,,,,invariant,,,train,pass,,
,,,,,237,e3_direct,,,,4,,,,torch.float64,2e-10,2e-10,,,,,,,,,mp-aaacpjac,,15488,4.440892098500626e-16,,,2.145482662527743e-06,,4,800,improper_with_translation,,79600,,,,,,,equivariant,,,train,pass,,
,,,0,0,238,e3_rebuilt,,,,4,,,,torch.float64,2e-06,2e-06,,,,8.881784197001252e-16,,pass,2.220446049250313e-16,,mp-aaacpjac,,15488,1.3322676295501878e-15,,,3.0636897768938894e-10,,4,800,translation,,79600,,,,,,,invariant,,,train,pass,,
,,,0,0,239,e3_rebuilt,,,,4,,,,torch.float64,2e-06,2e-06,,,,8.881784197001252e-16,,pass,2.220446049250313e-16,,mp-aaacpjac,,15488,1.0824674490095276e-15,,,4.735081252017526e-10,,4,800,translation,,79600,,,,,,,equivariant,,,train,pass,,
,,,0,0,240,representation,,,,4,,,,torch.float64,2e-06,2e-06,,,,0.0,,pass,0.0,,mp-aaacpjac,,15488,1.4988010832439613e-15,,,5.37358345155071e-10,,4,800,permutation,,79600,,,,,,,invariant,,,train,pass,,
,,,0,0,241,representation,,,,4,,,,torch.float64,2e-06,2e-06,,,,0.0,,pass,0.0,,mp-aaacpjac,,15488,1.8041124150158794e-15,,,7.891802086695877e-10,,4,800,permutation,,79600,,,,,,,equivariant,,,train,pass,,
,,,0,0,242,representation,,,,4,,,,torch.float64,2e-06,2e-06,,,,0.0,,pass,0.0,,mp-aaacpjac,,15488,1.5543122344752192e-15,,,5.37358345155071e-10,,4,800,integer_images,,79600,,,,,,,invariant,,,train,pass,,
,,,0,0,243,representation,,,,4,,,,torch.float64,2e-06,2e-06,,,,0.0,,pass,0.0,,mp-aaacpjac,,15488,1.8596235662471372e-15,,,8.894872667956875e-10,,4,800,integer_images,,79600,,,,,,,equivariant,,,train,pass,,
,,,0,0,244,representation,,,,4,,,,torch.float64,2e-06,2e-06,,,,8.881784197001252e-16,,pass,4.930380657631324e-32,,mp-aaacpjac,,15488,1.4432899320127035e-15,,,5.079022178468642e-10,,4,800,basis_swap,,79600,,,,,,,invariant,,,train,pass,,
,,,0,0,245,representation,,,,4,,,,torch.float64,2e-06,2e-06,,,,8.881784197001252e-16,,pass,4.930380657631324e-32,,mp-aaacpjac,,15488,1.7763568394002505e-15,,,5.663637913968096e-10,,4,800,basis_swap,,79600,,,,,,,equivariant,,,train,pass,,
,,,0,0,246,representation,,,,4,,,,torch.float64,2e-06,2e-06,,,,8.881784197001252e-16,,pass,8.881784197001252e-16,,mp-aaacpjac,,15488,1.3322676295501878e-15,,,5.027278428870682e-10,,4,800,basis_shear,,79600,,,,,,,invariant,,,train,pass,,
,,,0,0,247,representation,,,,4,,,,torch.float64,2e-06,2e-06,,,,8.881784197001252e-16,,pass,8.881784197001252e-16,,mp-aaacpjac,,15488,1.5543122344752192e-15,,,6.472729044534967e-10,,4,800,basis_shear,,79600,,,,,,,equivariant,,,train,pass,,
,,,,,248,e3_direct,,,,4,,,,torch.float32,2e-05,2e-05,,,,,,,,,mp-aaacpgnk,,15136,5.960464477539062e-07,,,0.013160882517695427,,1,108,rotation_1,,5778,,,,,,,invariant,,,train,pass,,
,,,,,249,e3_direct,,,,4,,,,torch.float32,2e-05,2e-05,,,,,,,,,mp-aaacpgnk,,15136,1.5037350920010795e-08,,,0.0007518675411120057,,1,108,rotation_1,,5778,,,,,,,equivariant,,,train,pass,,
,,,,,250,e3_direct,,,,4,,,,torch.float32,2e-05,2e-05,,,,,,,,,mp-aaacpgnk,,15136,3.5762786865234375e-07,,,0.008739566430449486,,1,108,rotation_2,,5778,,,,,,,invariant,,,train,pass,,
,,,,,251,e3_direct,,,,4,,,,torch.float32,2e-05,2e-05,,,,,,,,,mp-aaacpgnk,,15136,3.725290298461914e-08,,,0.0017112471396103501,,1,108,rotation_2,,5778,,,,,,,equivariant,,,train,pass,,
,,,,,252,e3_direct,,,,4,,,,torch.float32,2e-05,2e-05,,,,,,,,,mp-aaacpgnk,,15136,0.0,,,0.0,,1,108,reflection,,5778,,,,,,,invariant,,,train,pass,,
,,,,,253,e3_direct,,,,4,,,,torch.float32,2e-05,2e-05,,,,,,,,,mp-aaacpgnk,,15136,0.0,,,0.0,,1,108,reflection,,5778,,,,,,,equivariant,,,train,pass,,
,,,,,254,e3_direct,,,,4,,,,torch.float32,2e-05,2e-05,,,,,,,,,mp-aaacpgnk,,15136,0.0,,,0.0,,1,108,inversion,,5778,,,,,,,invariant,,,train,pass,,
,,,,,255,e3_direct,,,,4,,,,torch.float32,2e-05,2e-05,,,,,,,,,mp-aaacpgnk,,15136,0.0,,,0.0,,1,108,inversion,,5778,,,,,,,equivariant,,,train,pass,,
,,,,,256,e3_direct,,,,4,,,,torch.float32,2e-05,2e-05,,,,,,,,,mp-aaacpgnk,,15136,5.960464477539062e-07,,,0.013160882517695427,,1,108,improper_with_translation,,5778,,,,,,,invariant,,,train,pass,,
,,,,,257,e3_direct,,,,4,,,,torch.float32,2e-05,2e-05,,,,,,,,,mp-aaacpgnk,,15136,1.5037350920010795e-08,,,0.0007518675411120057,,1,108,improper_with_translation,,5778,,,,,,,equivariant,,,train,pass,,
,,,0,0,258,e3_rebuilt,,,,4,,,,torch.float32,0.0001,0.0001,,,,9.5367431640625e-07,,pass,4.76837158203125e-07,,mp-aaacpgnk,,15136,1.430511474609375e-06,,,0.01014432217925787,,1,108,translation,,5778,,,,,,,invariant,,,train,pass,,
,,,0,0,259,e3_rebuilt,,,,4,,,,torch.float32,0.0001,0.0001,,,,9.5367431640625e-07,,pass,4.76837158203125e-07,,mp-aaacpgnk,,15136,1.9669532775878906e-06,,,0.018155356869101524,,1,108,translation,,5778,,,,,,,equivariant,,,train,pass,,
,,,0,0,260,representation,,,,4,,,,torch.float32,0.0001,0.0001,,,,0.0,,pass,0.0,,mp-aaacpgnk,,15136,0.0,,,0.0,,1,108,permutation,,5778,,,,,,,invariant,,,train,pass,,
,,,0,0,261,representation,,,,4,,,,torch.float32,0.0001,0.0001,,,,0.0,,pass,0.0,,mp-aaacpgnk,,15136,0.0,,,0.0,,1,108,permutation,,5778,,,,,,,equivariant,,,train,pass,,
,,,0,0,262,representation,,,,4,,,,torch.float32,0.0001,0.0001,,,,0.0,,pass,0.0,,mp-aaacpgnk,,15136,0.0,,,0.0,,1,108,integer_images,,5778,,,,,,,invariant,,,train,pass,,
,,,0,0,263,representation,,,,4,,,,torch.float32,0.0001,0.0001,,,,0.0,,pass,0.0,,mp-aaacpgnk,,15136,0.0,,,0.0,,1,108,integer_images,,5778,,,,,,,equivariant,,,train,pass,,
,,,0,0,264,representation,,,,4,,,,torch.float32,0.0001,0.0001,,,,9.5367431640625e-07,,pass,1.0728836059570312e-06,,mp-aaacpgnk,,15136,1.3113021850585938e-06,,,0.009424838237464428,,1,108,basis_swap,,5778,,,,,,,invariant,,,train,pass,,
,,,0,0,265,representation,,,,4,,,,torch.float32,0.0001,0.0001,,,,9.5367431640625e-07,,pass,1.0728836059570312e-06,,mp-aaacpgnk,,15136,2.086162567138672e-06,,,0.018262362107634544,,1,108,basis_swap,,5778,,,,,,,equivariant,,,train,pass,,
,,,0,0,266,representation,,,,4,,,,torch.float32,0.0001,0.0001,,,,2.384185791015625e-06,,pass,9.5367431640625e-07,,mp-aaacpgnk,,15136,9.685754776000977e-07,,,0.008310694247484207,,1,108,basis_shear,,5778,,,,,,,invariant,,,train,pass,,
,,,0,0,267,representation,,,,4,,,,torch.float32,0.0001,0.0001,,,,2.384185791015625e-06,,pass,9.5367431640625e-07,,mp-aaacpgnk,,15136,1.996755599975586e-06,,,0.01459488458931446,,1,108,basis_shear,,5778,,,,,,,equivariant,,,train,pass,,
"[""local_input.weight"", ""local_input.bias"", ""local_output.weight"", ""local_output.bias"", ""blocks.0.edge_mlp.0.weight"", ""blocks.0.edge_mlp.0.bias"", ""blocks.0.edge_mlp.2.weight"", ""blocks.0.edge_mlp.2.bias"", ""blocks.0.angle_mlp.0.weight"", ""blocks.0.angle_mlp.0.bias"", ""blocks.0.angle_mlp.2.weight"", ""blocks.0.angle_mlp.2.bias"", ""blocks.0.update.0.weight"", ""blocks.0.update.0.bias"", ""blocks.0.update.2.weight"", ""blocks.0.update.2.bias"", ""blocks.0.norm.weight"", ""blocks.0.norm.bias"", ""blocks.1.edge_mlp.0.weight"", ""blocks.1.edge_mlp.0.bias"", ""blocks.1.edge_mlp.2.weight"", ""blocks.1.edge_mlp.2.bias"", ""blocks.1.angle_mlp.0.weight"", ""blocks.1.angle_mlp.0.bias"", ""blocks.1.angle_mlp.2.weight"", ""blocks.1.angle_mlp.2.bias"", ""blocks.1.update.0.weight"", ""blocks.1.update.0.bias"", ""blocks.1.update.2.weight"", ""blocks.1.update.2.bias"", ""blocks.1.norm.weight"", ""blocks.1.norm.bias""]",0.24526156415231526,True,,,268,resources,,,,,,,,torch.float32,,,True,0.2916478621773422,0.04273229092359543,,0.013473138911649585,,,0.04638629802502692,mp-aaacpgnk,[],15136,,,,,,1,108,,True,5778,1058.34375,1058.34375,,,,,invariant,1058.34375,,train,pass,,
"[""local_input.weight"", ""local_input.bias"", ""local_output.weight"", ""local_output.bias"", ""blocks.0.tp.weight"", ""blocks.0.mix.weight"", ""blocks.0.radial_gate.0.weight"", ""blocks.0.radial_gate.0.bias"", ""blocks.0.radial_gate.2.weight"", ""blocks.0.radial_gate.2.bias"", ""blocks.0.update.0.weight"", ""blocks.0.update.0.bias"", ""blocks.0.update.2.weight"", ""blocks.0.update.2.bias"", ""blocks.0.norm.weight"", ""blocks.0.norm.bias"", ""blocks.0.direction_gate.weight"", ""blocks.0.direction_gate.bias"", ""blocks.1.tp.weight"", ""blocks.1.mix.weight"", ""blocks.1.radial_gate.0.weight"", ""blocks.1.radial_gate.0.bias"", ""blocks.1.radial_gate.2.weight"", ""blocks.1.radial_gate.2.bias"", ""blocks.1.update.0.weight"", ""blocks.1.update.0.bias"", ""blocks.1.update.2.weight"", ""blocks.1.update.2.bias"", ""blocks.1.norm.weight"", ""blocks.1.norm.bias""]",0.01158990291878581,True,,,269,resources,,,,,,,,torch.float32,,,True,0.019249569857493043,0.006983255967497826,,0.013473138911649585,,,0.0076596669387072325,mp-aaacpgnk,[],15136,,,,,,1,108,,True,5778,1058.34375,1058.34375,,,,,equivariant,1058.34375,,train,pass,,
,,,,,270,e3_direct,,,,4,,,,torch.float64,2e-10,2e-10,,,,,,,,,mp-aaacpgnk,,15136,6.661338147750939e-16,,,2.0414928881904243e-06,,1,108,rotation_1,,5778,,,,,,,invariant,,,train,pass,,
,,,,,271,e3_direct,,,,4,,,,torch.float64,2e-10,2e-10,,,,,,,,,mp-aaacpgnk,,15136,5.412337245047638e-16,,,2.626790089985031e-06,,1,108,rotation_1,,5778,,,,,,,equivariant,,,train,pass,,
,,,,,272,e3_direct,,,,4,,,,torch.float64,2e-10,2e-10,,,,,,,,,mp-aaacpgnk,,15136,6.661338147750939e-16,,,2.2044966633826985e-06,,1,108,rotation_2,,5778,,,,,,,invariant,,,train,pass,,
,,,,,273,e3_direct,,,,4,,,,torch.float64,2e-10,2e-10,,,,,,,,,mp-aaacpgnk,,15136,4.85722573273506e-16,,,2.2312121288639595e-06,,1,108,rotation_2,,5778,,,,,,,equivariant,,,train,pass,,
,,,,,274,e3_direct,,,,4,,,,torch.float64,2e-10,2e-10,,,,,,,,,mp-aaacpgnk,,15136,0.0,,,0.0,,1,108,reflection,,5778,,,,,,,invariant,,,train,pass,,
,,,,,275,e3_direct,,,,4,,,,torch.float64,2e-10,2e-10,,,,,,,,,mp-aaacpgnk,,15136,1.1102230246251565e-16,,,5.06342376252657e-07,,1,108,reflection,,5778,,,,,,,equivariant,,,train,pass,,
,,,,,276,e3_direct,,,,4,,,,torch.float64,2e-10,2e-10,,,,,,,,,mp-aaacpgnk,,15136,0.0,,,0.0,,1,108,inversion,,5778,,,,,,,invariant,,,train,pass,,
,,,,,277,e3_direct,,,,4,,,,torch.float64,2e-10,2e-10,,,,,,,,,mp-aaacpgnk,,15136,0.0,,,0.0,,1,108,inversion,,5778,,,,,,,equivariant,,,train,pass,,
,,,,,278,e3_direct,,,,4,,,,torch.float64,2e-10,2e-10,,,,,,,,,mp-aaacpgnk,,15136,6.661338147750939e-16,,,2.0414928881904243e-06,,1,108,improper_with_translation,,5778,,,,,,,invariant,,,train,pass,,
,,,,,279,e3_direct,,,,4,,,,torch.float64,2e-10,2e-10,,,,,,,,,mp-aaacpgnk,,15136,5.412337245047638e-16,,,2.626790089985031e-06,,1,108,improper_with_translation,,5778,,,,,,,equivariant,,,train,pass,,
,,,0,0,280,e3_rebuilt,,,,4,,,,torch.float64,2e-06,2e-06,,,,9.637910647342096e-08,,pass,8.881784197001252e-16,,mp-aaacpgnk,,15136,1.9918642679694898e-08,,,0.007873967402132614,,1,108,translation,,5778,,,,,,,invariant,,,train,pass,,
,,,0,0,281,e3_rebuilt,,,,4,,,,torch.float64,2e-06,2e-06,,,,9.637910647342096e-08,,pass,8.881784197001252e-16,,mp-aaacpgnk,,15136,3.2233261282321735e-08,,,0.01309247900236792,,1,108,translation,,5778,,,,,,,equivariant,,,train,pass,,
,,,0,0,282,representation,,,,4,,,,torch.float64,2e-06,2e-06,,,,0.0,,pass,0.0,,mp-aaacpgnk,,15136,0.0,,,0.0,,1,108,permutation,,5778,,,,,,,invariant,,,train,pass,,
,,,0,0,283,representation,,,,4,,,,torch.float64,2e-06,2e-06,,,,0.0,,pass,0.0,,mp-aaacpgnk,,15136,0.0,,,0.0,,1,108,permutation,,5778,,,,,,,equivariant,,,train,pass,,
,,,0,0,284,representation,,,,4,,,,torch.float64,2e-06,2e-06,,,,0.0,,pass,0.0,,mp-aaacpgnk,,15136,0.0,,,0.0,,1,108,integer_images,,5778,,,,,,,invariant,,,train,pass,,
,,,0,0,285,representation,,,,4,,,,torch.float64,2e-06,2e-06,,,,0.0,,pass,0.0,,mp-aaacpgnk,,15136,0.0,,,0.0,,1,108,integer_images,,5778,,,,,,,equivariant,,,train,pass,,
,,,0,0,286,representation,,,,4,,,,torch.float64,2e-06,2e-06,,,,9.637911535520516e-08,,pass,1.7763568394002505e-15,,mp-aaacpgnk,,15136,1.991864412298483e-08,,,0.007873967972674395,,1,108,basis_swap,,5778,,,,,,,invariant,,,train,pass,,
,,,0,0,287,representation,,,,4,,,,torch.float64,2e-06,2e-06,,,,9.637911535520516e-08,,pass,1.7763568394002505e-15,,mp-aaacpgnk,,15136,3.2233263613790086e-08,,,0.013092480427465076,,1,108,basis_swap,,5778,,,,,,,equivariant,,,train,pass,,
,,,0,0,288,representation,,,,4,,,,torch.float64,2e-06,2e-06,,,,2.1316282072803006e-14,,pass,2.4424906541753444e-15,,mp-aaacpgnk,,15136,1.8318679906315083e-15,,,7.241491840177741e-10,,1,108,basis_shear,,5778,,,,,,,invariant,,,train,pass,,
,,,0,0,289,representation,,,,4,,,,torch.float64,2e-06,2e-06,,,,2.1316282072803006e-14,,pass,2.4424906541753444e-15,,mp-aaacpgnk,,15136,2.414398938001373e-15,,,1.20719946049357e-09,,1,108,basis_shear,,5778,,,,,,,equivariant,,,train,pass,,
,,,,,290,e3_direct,,,,4,,,,torch.float32,2e-05,2e-05,,,,,,,,,mp-aaaaaaab,,0,0.0,,,0.0,,1,8,rotation_1,,28,,,,,,,invariant,,,train,pass,,
,,,,,291,e3_direct,,,,4,,,,torch.float32,2e-05,2e-05,,,,,,,,,mp-aaaaaaab,,0,4.398685859996476e-10,,,2.1993428163114004e-05,,1,8,rotation_1,,28,,,,,,,equivariant,,,train,pass,,
,,,,,292,e3_direct,,,,4,,,,torch.float32,2e-05,2e-05,,,,,,,,,mp-aaaaaaab,,0,0.0,,,0.0,,1,8,rotation_2,,28,,,,,,,invariant,,,train,pass,,
,,,,,293,e3_direct,,,,4,,,,torch.float32,2e-05,2e-05,,,,,,,,,mp-aaaaaaab,,0,2.3059953946358291e-10,,,1.152997629105812e-05,,1,8,rotation_2,,28,,,,,,,equivariant,,,train,pass,,
,,,,,294,e3_direct,,,,4,,,,torch.float32,2e-05,2e-05,,,,,,,,,mp-aaaaaaab,,0,0.0,,,0.0,,1,8,reflection,,28,,,,,,,invariant,,,train,pass,,
,,,,,295,e3_direct,,,,4,,,,torch.float32,2e-05,2e-05,,,,,,,,,mp-aaaaaaab,,0,0.0,,,0.0,,1,8,reflection,,28,,,,,,,equivariant,,,train,pass,,
,,,,,296,e3_direct,,,,4,,,,torch.float32,2e-05,2e-05,,,,,,,,,mp-aaaaaaab,,0,0.0,,,0.0,,1,8,inversion,,28,,,,,,,invariant,,,train,pass,,
,,,,,297,e3_direct,,,,4,,,,torch.float32,2e-05,2e-05,,,,,,,,,mp-aaaaaaab,,0,0.0,,,0.0,,1,8,inversion,,28,,,,,,,equivariant,,,train,pass,,
,,,,,298,e3_direct,,,,4,,,,torch.float32,2e-05,2e-05,,,,,,,,,mp-aaaaaaab,,0,0.0,,,0.0,,1,8,improper_with_translation,,28,,,,,,,invariant,,,train,pass,,
,,,,,299,e3_direct,,,,4,,,,torch.float32,2e-05,2e-05,,,,,,,,,mp-aaaaaaab,,0,4.398685859996476e-10,,,2.1993428163114004e-05,,1,8,improper_with_translation,,28,,,,,,,equivariant,,,train,pass,,
,,,0,0,300,e3_rebuilt,,,,4,,,,torch.float32,0.0001,0.0001,,,,2.384185791015625e-06,,pass,1.1920928955078125e-07,,mp-aaaaaaab,,0,2.384185791015625e-07,,,0.001743038767017424,,1,8,translation,,28,,,,,,,invariant,,,train,pass,,
,,,0,0,301,e3_rebuilt,,,,4,,,,torch.float32,0.0001,0.0001,,,,2.384185791015625e-06,,pass,1.1920928955078125e-07,,mp-aaaaaaab,,0,4.76837158203125e-07,,,0.0032657512929290533,,1,8,translation,,28,,,,,,,equivariant,,,train,pass,,
,,,0,0,302,representation,,,,4,,,,torch.float32,0.0001,0.0001,,,,0.0,,pass,0.0,,mp-aaaaaaab,,0,0.0,,,0.0,,1,8,permutation,,28,,,,,,,invariant,,,train,pass,,
,,,0,0,303,representation,,,,4,,,,torch.float32,0.0001,0.0001,,,,0.0,,pass,0.0,,mp-aaaaaaab,,0,0.0,,,0.0,,1,8,permutation,,28,,,,,,,equivariant,,,train,pass,,
,,,0,0,304,representation,,,,4,,,,torch.float32,0.0001,0.0001,,,,0.0,,pass,0.0,,mp-aaaaaaab,,0,0.0,,,0.0,,1,8,integer_images,,28,,,,,,,invariant,,,train,pass,,
,,,0,0,305,representation,,,,4,,,,torch.float32,0.0001,0.0001,,,,0.0,,pass,0.0,,mp-aaaaaaab,,0,0.0,,,0.0,,1,8,integer_images,,28,,,,,,,equivariant,,,train,pass,,
,,,0,0,306,representation,,,,4,,,,torch.float32,0.0001,0.0001,,,,2.384185791015625e-06,,pass,1.1920928955078125e-07,,mp-aaaaaaab,,0,2.384185791015625e-07,,,0.001743038767017424,,1,8,basis_swap,,28,,,,,,,invariant,,,train,pass,,
,,,0,0,307,representation,,,,4,,,,torch.float32,0.0001,0.0001,,,,2.384185791015625e-06,,pass,1.1920928955078125e-07,,mp-aaaaaaab,,0,4.76837158203125e-07,,,0.0032657512929290533,,1,8,basis_swap,,28,,,,,,,equivariant,,,train,pass,,
,,,0,0,308,representation,,,,4,,,,torch.float32,0.0001,0.0001,,,,9.5367431640625e-07,,pass,1.544808014841692e-07,,mp-aaaaaaab,,0,4.76837158203125e-07,,,0.0026199191343039274,,1,8,basis_shear,,28,,,,,,,invariant,,,train,pass,,
,,,0,0,309,representation,,,,4,,,,torch.float32,0.0001,0.0001,,,,9.5367431640625e-07,,pass,1.544808014841692e-07,,mp-aaaaaaab,,0,5.960464477539062e-07,,,0.0036096000112593174,,1,8,basis_shear,,28,,,,,,,equivariant,,,train,pass,,
"[""local_input.weight"", ""local_input.bias"", ""local_output.weight"", ""local_output.bias"", ""blocks.0.edge_mlp.0.weight"", ""blocks.0.edge_mlp.0.bias"", ""blocks.0.edge_mlp.2.weight"", ""blocks.0.edge_mlp.2.bias"", ""blocks.0.angle_mlp.0.weight"", ""blocks.0.angle_mlp.0.bias"", ""blocks.0.angle_mlp.2.weight"", ""blocks.0.angle_mlp.2.bias"", ""blocks.0.update.0.weight"", ""blocks.0.update.0.bias"", ""blocks.0.update.2.weight"", ""blocks.0.update.2.bias"", ""blocks.0.norm.weight"", ""blocks.0.norm.bias"", ""blocks.1.edge_mlp.0.weight"", ""blocks.1.edge_mlp.0.bias"", ""blocks.1.edge_mlp.2.weight"", ""blocks.1.edge_mlp.2.bias"", ""blocks.1.angle_mlp.0.weight"", ""blocks.1.angle_mlp.0.bias"", ""blocks.1.angle_mlp.2.weight"", ""blocks.1.angle_mlp.2.bias"", ""blocks.1.update.0.weight"", ""blocks.1.update.0.bias"", ""blocks.1.update.2.weight"", ""blocks.1.update.2.bias"", ""blocks.1.norm.weight"", ""blocks.1.norm.bias""]",0.008372480049729347,True,,,310,resources,,,,,,,,torch.float32,,,True,0.013225450878962874,0.0032469891011714935,,0.004711407003924251,,,0.004852970829233527,mp-aaaaaaab,[],0,,,,,,1,8,,True,28,1058.34375,1058.34375,,,,,invariant,1058.34375,,train,pass,,
"[""local_input.weight"", ""local_input.bias"", ""local_output.weight"", ""local_output.bias"", ""blocks.0.tp.weight"", ""blocks.0.mix.weight"", ""blocks.0.radial_gate.0.weight"", ""blocks.0.radial_gate.0.bias"", ""blocks.0.radial_gate.2.weight"", ""blocks.0.radial_gate.2.bias"", ""blocks.0.update.0.weight"", ""blocks.0.update.0.bias"", ""blocks.0.update.2.weight"", ""blocks.0.update.2.bias"", ""blocks.0.norm.weight"", ""blocks.0.norm.bias"", ""blocks.0.direction_gate.weight"", ""blocks.0.direction_gate.bias"", ""blocks.1.tp.weight"", ""blocks.1.mix.weight"", ""blocks.1.radial_gate.0.weight"", ""blocks.1.radial_gate.0.bias"", ""blocks.1.radial_gate.2.weight"", ""blocks.1.radial_gate.2.bias"", ""blocks.1.update.0.weight"", ""blocks.1.update.0.bias"", ""blocks.1.update.2.weight"", ""blocks.1.update.2.bias"", ""blocks.1.norm.weight"", ""blocks.1.norm.bias""]",0.010165340965613723,True,,,311,resources,,,,,,,,torch.float32,,,True,0.01691150711849332,0.005687762051820755,,0.004711407003924251,,,0.006746166152879596,mp-aaaaaaab,[],0,,,,,,1,8,,True,28,1058.34375,1058.34375,,,,,equivariant,1058.34375,,train,pass,,
,,,,,312,e3_direct,,,,4,,,,torch.float64,2e-10,2e-10,,,,,,,,,mp-aaaaaaab,,0,0.0,,,0.0,,1,8,rotation_1,,28,,,,,,,invariant,,,train,pass,,
,,,,,313,e3_direct,,,,4,,,,torch.float64,2e-10,2e-10,,,,,,,,,mp-aaaaaaab,,0,2.5857467425060632e-18,,,1.2928733707528932e-08,,1,8,rotation_1,,28,,,,,,,equivariant,,,train,pass,,
,,,,,314,e3_direct,,,,4,,,,torch.float64,2e-10,2e-10,,,,,,,,,mp-aaaaaaab,,0,0.0,,,0.0,,1,8,rotation_2,,28,,,,,,,invariant,,,train,pass,,
,,,,,315,e3_direct,,,,4,,,,torch.float64,2e-10,2e-10,,,,,,,,,mp-aaaaaaab,,0,2.154341860967301e-18,,,1.0771709273117522e-08,,1,8,rotation_2,,28,,,,,,,equivariant,,,train,pass,,
,,,,,316,e3_direct,,,,4,,,,torch.float64,2e-10,2e-10,,,,,,,,,mp-aaaaaaab,,0,0.0,,,0.0,,1,8,reflection,,28,,,,,,,invariant,,,train,pass,,
,,,,,317,e3_direct,,,,4,,,,torch.float64,2e-10,2e-10,,,,,,,,,mp-aaaaaaab,,0,4.1359030627651384e-24,,,2.067951527430918e-14,,1,8,reflection,,28,,,,,,,equivariant,,,train,pass,,
,,,,,318,e3_direct,,,,4,,,,torch.float64,2e-10,2e-10,,,,,,,,,mp-aaaaaaab,,0,0.0,,,0.0,,1,8,inversion,,28,,,,,,,invariant,,,train,pass,,
,,,,,319,e3_direct,,,,4,,,,torch.float64,2e-10,2e-10,,,,,,,,,mp-aaaaaaab,,0,0.0,,,0.0,,1,8,inversion,,28,,,,,,,equivariant,,,train,pass,,
,,,,,320,e3_direct,,,,4,,,,torch.float64,2e-10,2e-10,,,,,,,,,mp-aaaaaaab,,0,0.0,,,0.0,,1,8,improper_with_translation,,28,,,,,,,invariant,,,train,pass,,
,,,,,321,e3_direct,,,,4,,,,torch.float64,2e-10,2e-10,,,,,,,,,mp-aaaaaaab,,0,2.5857467425060632e-18,,,1.2928733707528932e-08,,1,8,improper_with_translation,,28,,,,,,,equivariant,,,train,pass,,
,,,0,0,322,e3_rebuilt,,,,4,,,,torch.float64,2e-06,2e-06,,,,2.5543815063144848e-08,,pass,0.0,,mp-aaaaaaab,,0,1.7053447542991762e-10,,,5.565073603341181e-05,,1,8,translation,,28,,,,,,,invariant,,,train,pass,,
,,,0,0,323,e3_rebuilt,,,,4,,,,torch.float64,2e-06,2e-06,,,,2.5543815063144848e-08,,pass,0.0,,mp-aaaaaaab,,0,6.044480471700808e-10,,,0.00019112726309193436,,1,8,translation,,28,,,,,,,equivariant,,,train,pass,,
,,,0,0,324,representation,,,,4,,,,torch.float64,2e-06,2e-06,,,,0.0,,pass,0.0,,mp-aaaaaaab,,0,0.0,,,0.0,,1,8,permutation,,28,,,,,,,invariant,,,train,pass,,
,,,0,0,325,representation,,,,4,,,,torch.float64,2e-06,2e-06,,,,0.0,,pass,0.0,,mp-aaaaaaab,,0,0.0,,,0.0,,1,8,permutation,,28,,,,,,,equivariant,,,train,pass,,
,,,0,0,326,representation,,,,4,,,,torch.float64,2e-06,2e-06,,,,0.0,,pass,0.0,,mp-aaaaaaab,,0,0.0,,,0.0,,1,8,integer_images,,28,,,,,,,invariant,,,train,pass,,
,,,0,0,327,representation,,,,4,,,,torch.float64,2e-06,2e-06,,,,0.0,,pass,0.0,,mp-aaaaaaab,,0,0.0,,,0.0,,1,8,integer_images,,28,,,,,,,equivariant,,,train,pass,,
,,,0,0,328,representation,,,,4,,,,torch.float64,2e-06,2e-06,,,,2.5543815951323268e-08,,pass,2.220446049250313e-16,,mp-aaaaaaab,,0,1.7053469747452255e-10,,,5.5650732732633694e-05,,1,8,basis_swap,,28,,,,,,,invariant,,,train,pass,,
,,,0,0,329,representation,,,,4,,,,torch.float64,2e-06,2e-06,,,,2.5543815951323268e-08,,pass,2.220446049250313e-16,,mp-aaaaaaab,,0,6.044486022815931e-10,,,0.0001911274386189206,,1,8,basis_swap,,28,,,,,,,equivariant,,,train,pass,,
,,,0,0,330,representation,,,,4,,,,torch.float64,2e-06,2e-06,,,,8.881784197001252e-16,,pass,8.881784197001252e-16,,mp-aaaaaaab,,0,8.881784197001252e-16,,,1.917530185995186e-10,,1,8,basis_shear,,28,,,,,,,invariant,,,train,pass,,
,,,0,0,331,representation,,,,4,,,,torch.float64,2e-06,2e-06,,,,8.881784197001252e-16,,pass,8.881784197001252e-16,,mp-aaaaaaab,,0,1.3322676295501878e-15,,,3.0017416145814114e-10,,1,8,basis_shear,,28,,,,,,,equivariant,,,train,pass,,
,,,,,332,e3_direct,,,,4,,,,torch.float32,2e-05,2e-05,,,,,,,,,mp-aaaaagxd,,1767,9.5367431640625e-07,,,0.018390389159321785,,80,7968,rotation_1,,393088,,,,,,,invariant,,,train,pass,,
,,,,,333,e3_direct,,,,4,,,,torch.float32,2e-05,2e-05,,,,,,,,,mp-aaaaagxd,,1767,5.960464477539062e-07,,,0.015741858631372452,,80,7968,rotation_1,,393088,,,,,,,equivariant,,,train,pass,,
,,,,,334,e3_direct,,,,4,,,,torch.float32,2e-05,2e-05,,,,,,,,,mp-aaaaagxd,,1767,7.152557373046875e-07,,,0.017355024814605713,,80,7968,rotation_2,,393088,,,,,,,invariant,,,train,pass,,
,,,,,335,e3_direct,,,,4,,,,torch.float32,2e-05,2e-05,,,,,,,,,mp-aaaaagxd,,1767,7.152557373046875e-07,,,0.017187677323818207,,80,7968,rotation_2,,393088,,,,,,,equivariant,,,train,pass,,
,,,,,336,e3_direct,,,,4,,,,torch.float32,2e-05,2e-05,,,,,,,,,mp-aaaaagxd,,1767,0.0,,,0.0,,80,7968,reflection,,393088,,,,,,,invariant,,,train,pass,,
,,,,,337,e3_direct,,,,4,,,,torch.float32,2e-05,2e-05,,,,,,,,,mp-aaaaagxd,,1767,0.0,,,0.0,,80,7968,reflection,,393088,,,,,,,equivariant,,,train,pass,,
,,,,,338,e3_direct,,,,4,,,,torch.float32,2e-05,2e-05,,,,,,,,,mp-aaaaagxd,,1767,0.0,,,0.0,,80,7968,inversion,,393088,,,,,,,invariant,,,train,pass,,
,,,,,339,e3_direct,,,,4,,,,torch.float32,2e-05,2e-05,,,,,,,,,mp-aaaaagxd,,1767,0.0,,,0.0,,80,7968,inversion,,393088,,,,,,,equivariant,,,train,pass,,
,,,,,340,e3_direct,,,,4,,,,torch.float32,2e-05,2e-05,,,,,,,,,mp-aaaaagxd,,1767,9.5367431640625e-07,,,0.018390389159321785,,80,7968,improper_with_translation,,393088,,,,,,,invariant,,,train,pass,,
,,,,,341,e3_direct,,,,4,,,,torch.float32,2e-05,2e-05,,,,,,,,,mp-aaaaagxd,,1767,5.960464477539062e-07,,,0.015741858631372452,,80,7968,improper_with_translation,,393088,,,,,,,equivariant,,,train,pass,,
,,,0,0,342,e3_rebuilt,,,,4,,,,torch.float32,0.0001,0.0001,,,,1.430511474609375e-06,,pass,9.5367431640625e-07,,mp-aaaaagxd,,1767,1.2218952178955078e-06,,,0.009767279960215092,,80,7968,translation,,393088,,,,,,,invariant,,,train,pass,,
,,,0,0,343,e3_rebuilt,,,,4,,,,torch.float32,0.0001,0.0001,,,,1.430511474609375e-06,,pass,9.5367431640625e-07,,mp-aaaaagxd,,1767,1.5497207641601562e-06,,,0.01181291975080967,,80,7968,translation,,393088,,,,,,,equivariant,,,train,pass,,
,,,0,0,344,representation,,,,4,,,,torch.float32,0.0001,0.0001,,,,0.0,,pass,0.0,,mp-aaaaagxd,,1767,9.5367431640625e-07,,,0.0075622256845235825,,80,7968,permutation,,393088,,,,,,,invariant,,,train,pass,,
,,,0,0,345,representation,,,,4,,,,torch.float32,0.0001,0.0001,,,,0.0,,pass,0.0,,mp-aaaaagxd,,1767,1.430511474609375e-06,,,0.01044601108878851,,80,7968,permutation,,393088,,,,,,,equivariant,,,train,pass,,
,,,0,0,346,representation,,,,4,,,,torch.float32,0.0001,0.0001,,,,3.814697265625e-06,,pass,3.814697265625e-06,,mp-aaaaagxd,,1767,1.430511474609375e-06,,,0.00922848004847765,,80,7968,integer_images,,393088,,,,,,,invariant,,,train,pass,,
,,,0,0,347,representation,,,,4,,,,torch.float32,0.0001,0.0001,,,,3.814697265625e-06,,pass,3.814697265625e-06,,mp-aaaaagxd,,1767,1.7695128917694092e-06,,,0.017198804765939713,,80,7968,integer_images,,393088,,,,,,,equivariant,,,train,pass,,
,,,0,0,348,representation,,,,4,,,,torch.float32,0.0001,0.0001,,,,4.76837158203125e-07,,pass,2.842170943040401e-14,,mp-aaaaagxd,,1767,9.5367431640625e-07,,,0.005617727059870958,,80,7968,basis_swap,,393088,,,,,,,invariant,,,train,pass,,
,,,0,0,349,representation,,,,4,,,,torch.float32,0.0001,0.0001,,,,4.76837158203125e-07,,pass,2.842170943040401e-14,,mp-aaaaagxd,,1767,1.430511474609375e-06,,,0.01223362609744072,,80,7968,basis_swap,,393088,,,,,,,equivariant,,,train,pass,,
,,,0,0,350,representation,,,,4,,,,torch.float32,0.0001,0.0001,,,,9.5367431640625e-07,,pass,1.430511474609375e-06,,mp-aaaaagxd,,1767,1.3113021850585938e-06,,,0.010382041335105896,,80,7968,basis_shear,,393088,,,,,,,invariant,,,train,pass,,
,,,0,0,351,representation,,,,4,,,,torch.float32,0.0001,0.0001,,,,9.5367431640625e-07,,pass,1.430511474609375e-06,,mp-aaaaagxd,,1767,1.7881393432617188e-06,,,0.012605240568518639,,80,7968,basis_shear,,393088,,,,,,,equivariant,,,train,pass,,
"[""local_input.weight"", ""local_input.bias"", ""local_output.weight"", ""local_output.bias"", ""blocks.0.edge_mlp.0.weight"", ""blocks.0.edge_mlp.0.bias"", ""blocks.0.edge_mlp.2.weight"", ""blocks.0.edge_mlp.2.bias"", ""blocks.0.angle_mlp.0.weight"", ""blocks.0.angle_mlp.0.bias"", ""blocks.0.angle_mlp.2.weight"", ""blocks.0.angle_mlp.2.bias"", ""blocks.0.update.0.weight"", ""blocks.0.update.0.bias"", ""blocks.0.update.2.weight"", ""blocks.0.update.2.bias"", ""blocks.0.norm.weight"", ""blocks.0.norm.bias"", ""blocks.1.edge_mlp.0.weight"", ""blocks.1.edge_mlp.0.bias"", ""blocks.1.edge_mlp.2.weight"", ""blocks.1.edge_mlp.2.bias"", ""blocks.1.angle_mlp.0.weight"", ""blocks.1.angle_mlp.0.bias"", ""blocks.1.angle_mlp.2.weight"", ""blocks.1.angle_mlp.2.bias"", ""blocks.1.update.0.weight"", ""blocks.1.update.0.bias"", ""blocks.1.update.2.weight"", ""blocks.1.update.2.bias"", ""blocks.1.norm.weight"", ""blocks.1.norm.bias""]",16.38424095395021,True,,,352,resources,,,,,,,,torch.float32,,,True,19.545881814090535,2.817721602972597,,0.027123196981847286,,,3.1616408601403236,mp-aaaaagxd,[],1767,,,,,,80,7968,,True,393088,1058.34375,1062.83203125,,,,,invariant,1062.83203125,,train,pass,,
"[""local_input.weight"", ""local_input.bias"", ""local_output.weight"", ""local_output.bias"", ""blocks.0.tp.weight"", ""blocks.0.mix.weight"", ""blocks.0.radial_gate.0.weight"", ""blocks.0.radial_gate.0.bias"", ""blocks.0.radial_gate.2.weight"", ""blocks.0.radial_gate.2.bias"", ""blocks.0.update.0.weight"", ""blocks.0.update.0.bias"", ""blocks.0.update.2.weight"", ""blocks.0.update.2.bias"", ""blocks.0.norm.weight"", ""blocks.0.norm.bias"", ""blocks.0.direction_gate.weight"", ""blocks.0.direction_gate.bias"", ""blocks.1.tp.weight"", ""blocks.1.mix.weight"", ""blocks.1.radial_gate.0.weight"", ""blocks.1.radial_gate.0.bias"", ""blocks.1.radial_gate.2.weight"", ""blocks.1.radial_gate.2.bias"", ""blocks.1.update.0.weight"", ""blocks.1.update.0.bias"", ""blocks.1.update.2.weight"", ""blocks.1.update.2.bias"", ""blocks.1.norm.weight"", ""blocks.1.norm.bias""]",0.14325267309322953,True,,,353,resources,,,,,,,,torch.float32,,,True,0.22003657021559775,0.07368954690173268,,0.027123196981847286,,,0.07678389712236822,mp-aaaaagxd,[],1767,,,,,,80,7968,,True,393088,1062.83203125,1062.83203125,,,,,equivariant,1062.83203125,,train,pass,,
,,,,,354,e3_direct,,,,4,,,,torch.float64,2e-10,2e-10,,,,,,,,,mp-aaaaagxd,,1767,1.1102230246251565e-15,,,3.01187232789439e-06,,80,7968,rotation_1,,393088,,,,,,,invariant,,,train,pass,,
,,,,,355,e3_direct,,,,4,,,,torch.float64,2e-10,2e-10,,,,,,,,,mp-aaaaagxd,,1767,9.159339953157541e-16,,,4.08306297261091e-06,,80,7968,rotation_1,,393088,,,,,,,equivariant,,,train,pass,,
,,,,,356,e3_direct,,,,4,,,,torch.float64,2e-10,2e-10,,,,,,,,,mp-aaaaagxd,,1767,1.3322676295501878e-15,,,3.13017860283572e-06,,80,7968,rotation_2,,393088,,,,,,,invariant,,,train,pass,,
,,,,,357,e3_direct,,,,4,,,,torch.float64,2e-10,2e-10,,,,,,,,,mp-aaaaagxd,,1767,8.881784197001252e-16,,,2.889374435929533e-06,,80,7968,rotation_2,,393088,,,,,,,equivariant,,,train,pass,,
,,,,,358,e3_direct,,,,4,,,,torch.float64,2e-10,2e-10,,,,,,,,,mp-aaaaagxd,,1767,0.0,,,0.0,,80,7968,reflection,,393088,,,,,,,invariant,,,train,pass,,
,,,,,359,e3_direct,,,,4,,,,torch.float64,2e-10,2e-10,,,,,,,,,mp-aaaaagxd,,1767,9.71445146547012e-17,,,4.821541152433509e-07,,80,7968,reflection,,393088,,,,,,,equivariant,,,train,pass,,
,,,,,360,e3_direct,,,,4,,,,torch.float64,2e-10,2e-10,,,,,,,,,mp-aaaaagxd,,1767,0.0,,,0.0,,80,7968,inversion,,393088,,,,,,,invariant,,,train,pass,,
,,,,,361,e3_direct,,,,4,,,,torch.float64,2e-10,2e-10,,,,,,,,,mp-aaaaagxd,,1767,0.0,,,0.0,,80,7968,inversion,,393088,,,,,,,equivariant,,,train,pass,,
,,,,,362,e3_direct,,,,4,,,,torch.float64,2e-10,2e-10,,,,,,,,,mp-aaaaagxd,,1767,1.1102230246251565e-15,,,3.01187232789439e-06,,80,7968,improper_with_translation,,393088,,,,,,,invariant,,,train,pass,,
,,,,,363,e3_direct,,,,4,,,,torch.float64,2e-10,2e-10,,,,,,,,,mp-aaaaagxd,,1767,9.159339953157541e-16,,,4.08306297261091e-06,,80,7968,improper_with_translation,,393088,,,,,,,equivariant,,,train,pass,,
,,,0,0,364,e3_rebuilt,,,,4,,,,torch.float64,2e-06,2e-06,,,,3.1086244689504383e-15,,pass,3.1086244689504383e-15,,mp-aaaaagxd,,1767,3.1086244689504383e-15,,,1.197175644773631e-09,,80,7968,translation,,393088,,,,,,,invariant,,,train,pass,,
,,,0,0,365,e3_rebuilt,,,,4,,,,torch.float64,2e-06,2e-06,,,,3.1086244689504383e-15,,pass,3.1086244689504383e-15,,mp-aaaaagxd,,1767,3.552713678800501e-15,,,1.590720600267041e-09,,80,7968,translation,,393088,,,,,,,equivariant,,,train,pass,,
,,,0,0,366,representation,,,,4,,,,torch.float64,2e-06,2e-06,,,,0.0,,pass,0.0,,mp-aaaaagxd,,1767,2.220446049250313e-15,,,8.572966018924618e-10,,80,7968,permutation,,393088,,,,,,,invariant,,,train,pass,,
,,,0,0,367,representation,,,,4,,,,torch.float64,2e-06,2e-06,,,,0.0,,pass,0.0,,mp-aaaaagxd,,1767,3.0531133177191805e-15,,,1.3390243027564333e-09,,80,7968,permutation,,393088,,,,,,,equivariant,,,train,pass,,
,,,0,0,368,representation,,,,4,,,,torch.float64,2e-06,2e-06,,,,0.0,,pass,0.0,,mp-aaaaagxd,,1767,1.3322676295501878e-15,,,4.255642129703864e-10,,80,7968,integer_images,,393088,,,,,,,invariant,,,train,pass,,
,,,0,0,369,representation,,,,4,,,,torch.float64,2e-06,2e-06,,,,0.0,,pass,0.0,,mp-aaaaagxd,,1767,1.7763568394002505e-15,,,8.158473687846465e-10,,80,7968,integer_images,,393088,,,,,,,equivariant,,,train,pass,,
,,,0,0,370,representation,,,,4,,,,torch.float64,2e-06,2e-06,,,,8.881784197001252e-16,,pass,9.860761315262648e-32,,mp-aaaaagxd,,1767,2.220446049250313e-15,,,7.064750896841231e-10,,80,7968,basis_swap,,393088,,,,,,,invariant,,,train,pass,,
,,,0,0,371,representation,,,,4,,,,torch.float64,2e-06,2e-06,,,,8.881784197001252e-16,,pass,9.860761315262648e-32,,mp-aaaaagxd,,1767,2.4424906541753444e-15,,,8.423435623265972e-10,,80,7968,basis_swap,,393088,,,,,,,equivariant,,,train,pass,,
,,,0,0,372,representation,,,,4,,,,torch.float64,2e-06,2e-06,,,,1.7763568394002505e-15,,pass,1.6653345369377348e-15,,mp-aaaaagxd,,1767,1.9984014443252818e-15,,,6.821656001857361e-10,,80,7968,basis_shear,,393088,,,,,,,invariant,,,train,pass,,
,,,0,0,373,representation,,,,4,,,,torch.float64,2e-06,2e-06,,,,1.7763568394002505e-15,,pass,1.6653345369377348e-15,,mp-aaaaagxd,,1767,2.886579864025407e-15,,,1.0533880650214564e-09,,80,7968,basis_shear,,393088,,,,,,,equivariant,,,train,pass,,
,,,,,374,e3_direct,,,,4,,,,torch.float32,2e-05,2e-05,,,,,,,,,mp-aaacrkql,,17703,3.5762786865234375e-07,,,0.010374093428254128,,4,104,rotation_1,,1300,,,,,,,invariant,,,train,pass,,
,,,,,375,e3_direct,,,,4,,,,torch.float32,2e-05,2e-05,,,,,,,,,mp-aaacrkql,,17703,1.1920928955078125e-07,,,0.0046026213094592094,,4,104,rotation_1,,1300,,,,,,,equivariant,,,train,pass,,
,,,,,376,e3_direct,,,,4,,,,torch.float32,2e-05,2e-05,,,,,,,,,mp-aaacrkql,,17703,5.960464477539062e-07,,,0.01359765138477087,,4,104,rotation_2,,1300,,,,,,,invariant,,,train,pass,,
,,,,,377,e3_direct,,,,4,,,,torch.float32,2e-05,2e-05,,,,,,,,,mp-aaacrkql,,17703,2.384185791015625e-07,,,0.0061697568744421005,,4,104,rotation_2,,1300,,,,,,,equivariant,,,train,pass,,
,,,,,378,e3_direct,,,,4,,,,torch.float32,2e-05,2e-05,,,,,,,,,mp-aaacrkql,,17703,0.0,,,0.0,,4,104,reflection,,1300,,,,,,,invariant,,,train,pass,,
,,,,,379,e3_direct,,,,4,,,,torch.float32,2e-05,2e-05,,,,,,,,,mp-aaacrkql,,17703,2.220446049250313e-16,,,1.1102230246251565e-11,,4,104,reflection,,1300,,,,,,,equivariant,,,train,pass,,
,,,,,380,e3_direct,,,,4,,,,torch.float32,2e-05,2e-05,,,,,,,,,mp-aaacrkql,,17703,0.0,,,0.0,,4,104,inversion,,1300,,,,,,,invariant,,,train,pass,,
,,,,,381,e3_direct,,,,4,,,,torch.float32,2e-05,2e-05,,,,,,,,,mp-aaacrkql,,17703,0.0,,,0.0,,4,104,inversion,,1300,,,,,,,equivariant,,,train,pass,,
,,,,,382,e3_direct,,,,4,,,,torch.float32,2e-05,2e-05,,,,,,,,,mp-aaacrkql,,17703,3.5762786865234375e-07,,,0.010374093428254128,,4,104,improper_with_translation,,1300,,,,,,,invariant,,,train,pass,,
,,,,,383,e3_direct,,,,4,,,,torch.float32,2e-05,2e-05,,,,,,,,,mp-aaacrkql,,17703,1.1920928955078125e-07,,,0.0046026213094592094,,4,104,improper_with_translation,,1300,,,,,,,equivariant,,,train,pass,,
,,,0,0,384,e3_rebuilt,,,,4,,,,torch.float32,0.0001,0.0001,,,,0.0,,pass,0.0,,mp-aaacrkql,,17703,0.0,,,0.0,,4,104,translation,,1300,,,,,,,invariant,,,train,pass,,
,,,0,0,385,e3_rebuilt,,,,4,,,,torch.float32,0.0001,0.0001,,,,0.0,,pass,0.0,,mp-aaacrkql,,17703,0.0,,,0.0,,4,104,translation,,1300,,,,,,,equivariant,,,train,pass,,
,,,0,0,386,representation,,,,4,,,,torch.float32,0.0001,0.0001,,,,0.0,,pass,0.0,,mp-aaacrkql,,17703,4.76837158203125e-07,,,0.0030350461602211,,4,104,permutation,,1300,,,,,,,invariant,,,train,pass,,
,,,0,0,387,representation,,,,4,,,,torch.float32,0.0001,0.0001,,,,0.0,,pass,0.0,,mp-aaacrkql,,17703,5.960464477539062e-07,,,0.003292892361059785,,4,104,permutation,,1300,,,,,,,equivariant,,,train,pass,,
,,,0,0,388,representation,,,,4,,,,torch.float32,0.0001,0.0001,,,,1.1920928955078125e-06,,pass,2.0265579223632812e-06,,mp-aaacrkql,,17703,5.960464477539062e-07,,,0.003989065531641245,,4,104,integer_images,,1300,,,,,,,invariant,,,train,pass,,
,,,0,0,389,representation,,,,4,,,,torch.float32,0.0001,0.0001,,,,1.1920928955078125e-06,,pass,2.0265579223632812e-06,,mp-aaacrkql,,17703,7.152557373046875e-07,,,0.004662417806684971,,4,104,integer_images,,1300,,,,,,,equivariant,,,train,pass,,
,,,0,0,390,representation,,,,4,,,,torch.float32,0.0001,0.0001,,,,0.0,,pass,2.842170943040401e-14,,mp-aaacrkql,,17703,2.980232238769531e-07,,,0.0020748188253492117,,4,104,basis_swap,,1300,,,,,,,invariant,,,train,pass,,
,,,0,0,391,representation,,,,4,,,,torch.float32,0.0001,0.0001,,,,0.0,,pass,2.842170943040401e-14,,mp-aaacrkql,,17703,2.384185791015625e-07,,,0.001091500511392951,,4,104,basis_swap,,1300,,,,,,,equivariant,,,train,pass,,
,,,0,0,392,representation,,,,4,,,,torch.float32,0.0001,0.0001,,,,4.76837158203125e-07,,pass,2.384185791015625e-07,,mp-aaacrkql,,17703,5.960464477539062e-07,,,0.004055345896631479,,4,104,basis_shear,,1300,,,,,,,invariant,,,train,pass,,
,,,0,0,393,representation,,,,4,,,,torch.float32,0.0001,0.0001,,,,4.76837158203125e-07,,pass,2.384185791015625e-07,,mp-aaacrkql,,17703,1.0728836059570312e-06,,,0.00874776765704155,,4,104,basis_shear,,1300,,,,,,,equivariant,,,train,pass,,
"[""local_input.weight"", ""local_input.bias"", ""local_output.weight"", ""local_output.bias"", ""blocks.0.edge_mlp.0.weight"", ""blocks.0.edge_mlp.0.bias"", ""blocks.0.edge_mlp.2.weight"", ""blocks.0.edge_mlp.2.bias"", ""blocks.0.angle_mlp.0.weight"", ""blocks.0.angle_mlp.0.bias"", ""blocks.0.angle_mlp.2.weight"", ""blocks.0.angle_mlp.2.bias"", ""blocks.0.update.0.weight"", ""blocks.0.update.0.bias"", ""blocks.0.update.2.weight"", ""blocks.0.update.2.bias"", ""blocks.0.norm.weight"", ""blocks.0.norm.bias"", ""blocks.1.edge_mlp.0.weight"", ""blocks.1.edge_mlp.0.bias"", ""blocks.1.edge_mlp.2.weight"", ""blocks.1.edge_mlp.2.bias"", ""blocks.1.angle_mlp.0.weight"", ""blocks.1.angle_mlp.0.bias"", ""blocks.1.angle_mlp.2.weight"", ""blocks.1.angle_mlp.2.bias"", ""blocks.1.update.0.weight"", ""blocks.1.update.0.bias"", ""blocks.1.update.2.weight"", ""blocks.1.update.2.bias"", ""blocks.1.norm.weight"", ""blocks.1.norm.bias""]",0.05409047496505082,True,,,394,resources,,,,,,,,torch.float32,,,True,0.07275961991399527,0.013068337924778461,,0.0051514809019863605,,,0.01866914494894445,mp-aaacrkql,[],17703,,,,,,4,104,,True,1300,1062.83203125,1062.83203125,,,,,invariant,1062.83203125,,train,pass,,
"[""local_input.weight"", ""local_input.bias"", ""local_output.weight"", ""local_output.bias"", ""blocks.0.tp.weight"", ""blocks.0.mix.weight"", ""blocks.0.radial_gate.0.weight"", ""blocks.0.radial_gate.0.bias"", ""blocks.0.radial_gate.2.weight"", ""blocks.0.radial_gate.2.bias"", ""blocks.0.update.0.weight"", ""blocks.0.update.0.bias"", ""blocks.0.update.2.weight"", ""blocks.0.update.2.bias"", ""blocks.0.norm.weight"", ""blocks.0.norm.bias"", ""blocks.0.direction_gate.weight"", ""blocks.0.direction_gate.bias"", ""blocks.1.tp.weight"", ""blocks.1.mix.weight"", ""blocks.1.radial_gate.0.weight"", ""blocks.1.radial_gate.0.bias"", ""blocks.1.radial_gate.2.weight"", ""blocks.1.radial_gate.2.bias"", ""blocks.1.update.0.weight"", ""blocks.1.update.0.bias"", ""blocks.1.update.2.weight"", ""blocks.1.update.2.bias"", ""blocks.1.norm.weight"", ""blocks.1.norm.bias""]",0.011142221977934241,True,,,395,resources,,,,,,,,torch.float32,,,True,0.018705436028540134,0.00662858784198761,,0.0051514809019863605,,,0.007563214050605893,mp-aaacrkql,[],17703,,,,,,4,104,,True,1300,1062.83203125,1062.83203125,,,,,equivariant,1062.83203125,,train,pass,,
,,,,,396,e3_direct,,,,4,,,,torch.float64,2e-10,2e-10,,,,,,,,,mp-aaacrkql,,17703,4.440892098500626e-16,,,1.6010391409806527e-06,,4,104,rotation_1,,1300,,,,,,,invariant,,,train,pass,,
,,,,,397,e3_direct,,,,4,,,,torch.float64,2e-10,2e-10,,,,,,,,,mp-aaacrkql,,17703,5.828670879282072e-16,,,2.5346134496059e-06,,4,104,rotation_1,,1300,,,,,,,equivariant,,,train,pass,,
,,,,,398,e3_direct,,,,4,,,,torch.float64,2e-10,2e-10,,,,,,,,,mp-aaacrkql,,17703,6.661338147750939e-16,,,2.166928957983771e-06,,4,104,rotation_2,,1300,,,,,,,invariant,,,train,pass,,
,,,,,399,e3_direct,,,,4,,,,torch.float64,2e-10,2e-10,,,,,,,,,mp-aaacrkql,,17703,7.771561172376096e-16,,,2.0779330682048263e-06,,4,104,rotation_2,,1300,,,,,,,equivariant,,,train,pass,,
,,,,,400,e3_direct,,,,4,,,,torch.float64,2e-10,2e-10,,,,,,,,,mp-aaacrkql,,17703,0.0,,,0.0,,4,104,reflection,,1300,,,,,,,invariant,,,train,pass,,
,,,,,401,e3_direct,,,,4,,,,torch.float64,2e-10,2e-10,,,,,,,,,mp-aaacrkql,,17703,2.7755575615628914e-16,,,1.2052121984760854e-06,,4,104,reflection,,1300,,,,,,,equivariant,,,train,pass,,
,,,,,402,e3_direct,,,,4,,,,torch.float64,2e-10,2e-10,,,,,,,,,mp-aaacrkql,,17703,0.0,,,0.0,,4,104,inversion,,1300,,,,,,,invariant,,,train,pass,,
,,,,,403,e3_direct,,,,4,,,,torch.float64,2e-10,2e-10,,,,,,,,,mp-aaacrkql,,17703,0.0,,,0.0,,4,104,inversion,,1300,,,,,,,equivariant,,,train,pass,,
,,,,,404,e3_direct,,,,4,,,,torch.float64,2e-10,2e-10,,,,,,,,,mp-aaacrkql,,17703,4.440892098500626e-16,,,1.6010391409806527e-06,,4,104,improper_with_translation,,1300,,,,,,,invariant,,,train,pass,,
,,,,,405,e3_direct,,,,4,,,,torch.float64,2e-10,2e-10,,,,,,,,,mp-aaacrkql,,17703,5.828670879282072e-16,,,2.5346134496059e-06,,4,104,improper_with_translation,,1300,,,,,,,equivariant,,,train,pass,,
,,,0,0,406,e3_rebuilt,,,,4,,,,torch.float64,2e-06,2e-06,,,,8.881784197001252e-16,,pass,8.881784197001252e-16,,mp-aaacrkql,,17703,8.881784197001252e-16,,,2.8225806134032646e-10,,4,104,translation,,1300,,,,,,,invariant,,,train,pass,,
,,,0,0,407,e3_rebuilt,,,,4,,,,torch.float64,2e-06,2e-06,,,,8.881784197001252e-16,,pass,8.881784197001252e-16,,mp-aaacrkql,,17703,1.1102230246251565e-15,,,3.7649027634442305e-10,,4,104,translation,,1300,,,,,,,equivariant,,,train,pass,,
,,,0,0,408,representation,,,,4,,,,torch.float64,2e-06,2e-06,,,,0.0,,pass,0.0,,mp-aaacrkql,,17703,8.881784197001252e-16,,,2.660248207040482e-10,,4,104,permutation,,1300,,,,,,,invariant,,,train,pass,,
,,,0,0,409,representation,,,,4,,,,torch.float64,2e-06,2e-06,,,,0.0,,pass,0.0,,mp-aaacrkql,,17703,1.3322676295501878e-15,,,2.946111676646009e-10,,4,104,permutation,,1300,,,,,,,equivariant,,,train,pass,,
,,,0,0,410,representation,,,,4,,,,torch.float64,2e-06,2e-06,,,,0.0,,pass,0.0,,mp-aaacrkql,,17703,1.1102230246251565e-15,,,2.718936625337505e-10,,4,104,integer_images,,1300,,,,,,,invariant,,,train,pass,,
,,,0,0,411,representation,,,,4,,,,torch.float64,2e-06,2e-06,,,,0.0,,pass,0.0,,mp-aaacrkql,,17703,8.881784197001252e-16,,,2.877542835633925e-10,,4,104,integer_images,,1300,,,,,,,equivariant,,,train,pass,,
,,,0,0,412,representation,,,,4,,,,torch.float64,2e-06,2e-06,,,,0.0,,pass,9.860761315262648e-32,,mp-aaacrkql,,17703,8.881784197001252e-16,,,1.8749918622945003e-10,,4,104,basis_swap,,1300,,,,,,,invariant,,,train,pass,,
,,,0,0,413,representation,,,,4,,,,torch.float64,2e-06,2e-06,,,,0.0,,pass,9.860761315262648e-32,,mp-aaacrkql,,17703,2.1040295590573292e-17,,,1.0520147795286647e-11,,4,104,basis_swap,,1300,,,,,,,equivariant,,,train,pass,,
,,,0,0,414,representation,,,,4,,,,torch.float64,2e-06,2e-06,,,,4.440892098500626e-16,,pass,4.440892098500626e-16,,mp-aaacrkql,,17703,8.881784197001252e-16,,,2.8018184967161424e-10,,4,104,basis_shear,,1300,,,,,,,invariant,,,train,pass,,
,,,0,0,415,representation,,,,4,,,,torch.float64,2e-06,2e-06,,,,4.440892098500626e-16,,pass,4.440892098500626e-16,,mp-aaacrkql,,17703,1.1102230246251565e-15,,,3.050554319068994e-10,,4,104,basis_shear,,1300,,,,,,,equivariant,,,train,pass,,
,,,,,416,e3_direct,,,,4,,,,torch.float32,2e-05,2e-05,,,,,,,,,mp-aaaciuwb,,13453,3.5762786865234375e-07,,,0.013509482145309448,,5,276,rotation_1,,7509,,,,,,,invariant,,,train,pass,,
,,,,,417,e3_direct,,,,4,,,,torch.float32,2e-05,2e-05,,,,,,,,,mp-aaaciuwb,,13453,3.5762786865234375e-07,,,0.014859172515571117,,5,276,rotation_1,,7509,,,,,,,equivariant,,,train,pass,,
,,,,,418,e3_direct,,,,4,,,,torch.float32,2e-05,2e-05,,,,,,,,,mp-aaaciuwb,,13453,4.76837158203125e-07,,,0.012387368828058243,,5,276,rotation_2,,7509,,,,,,,invariant,,,train,pass,,
,,,,,419,e3_direct,,,,4,,,,torch.float32,2e-05,2e-05,,,,,,,,,mp-aaaciuwb,,13453,3.5762786865234375e-07,,,0.014859172515571117,,5,276,rotation_2,,7509,,,,,,,equivariant,,,train,pass,,
,,,,,420,e3_direct,,,,4,,,,torch.float32,2e-05,2e-05,,,,,,,,,mp-aaaciuwb,,13453,0.0,,,0.0,,5,276,reflection,,7509,,,,,,,invariant,,,train,pass,,
,,,,,421,e3_direct,,,,4,,,,torch.float32,2e-05,2e-05,,,,,,,,,mp-aaaciuwb,,13453,0.0,,,0.0,,5,276,reflection,,7509,,,,,,,equivariant,,,train,pass,,
,,,,,422,e3_direct,,,,4,,,,torch.float32,2e-05,2e-05,,,,,,,,,mp-aaaciuwb,,13453,0.0,,,0.0,,5,276,inversion,,7509,,,,,,,invariant,,,train,pass,,
,,,,,423,e3_direct,,,,4,,,,torch.float32,2e-05,2e-05,,,,,,,,,mp-aaaciuwb,,13453,0.0,,,0.0,,5,276,inversion,,7509,,,,,,,equivariant,,,train,pass,,
,,,,,424,e3_direct,,,,4,,,,torch.float32,2e-05,2e-05,,,,,,,,,mp-aaaciuwb,,13453,3.5762786865234375e-07,,,0.013509482145309448,,5,276,improper_with_translation,,7509,,,,,,,invariant,,,train,pass,,
,,,,,425,e3_direct,,,,4,,,,torch.float32,2e-05,2e-05,,,,,,,,,mp-aaaciuwb,,13453,3.5762786865234375e-07,,,0.014859172515571117,,5,276,improper_with_translation,,7509,,,,,,,equivariant,,,train,pass,,
,,,0,0,426,e3_rebuilt,,,,4,,,,torch.float32,0.0001,0.0001,,,,9.5367431640625e-07,,pass,9.5367431640625e-07,,mp-aaaciuwb,,13453,7.152557373046875e-07,,,0.004747801925987005,,5,276,translation,,7509,,,,,,,invariant,,,train,pass,,
,,,0,0,427,e3_rebuilt,,,,4,,,,torch.float32,0.0001,0.0001,,,,9.5367431640625e-07,,pass,9.5367431640625e-07,,mp-aaaciuwb,,13453,1.0579824447631836e-06,,,0.00911574624478817,,5,276,translation,,7509,,,,,,,equivariant,,,train,pass,,
,,,0,0,428,representation,,,,4,,,,torch.float32,0.0001,0.0001,,,,0.0,,pass,0.0,,mp-aaaciuwb,,13453,3.5762786865234375e-07,,,0.0022830094676464796,,5,276,permutation,,7509,,,,,,,invariant,,,train,pass,,
,,,0,0,429,representation,,,,4,,,,torch.float32,0.0001,0.0001,,,,0.0,,pass,0.0,,mp-aaaciuwb,,13453,4.76837158203125e-07,,,0.0031899723690003157,,5,276,permutation,,7509,,,,,,,equivariant,,,train,pass,,
,,,0,0,430,representation,,,,4,,,,torch.float32,0.0001,0.0001,,,,1.9073486328125e-06,,pass,1.9073486328125e-06,,mp-aaaciuwb,,13453,7.748603820800781e-07,,,0.004313698038458824,,5,276,integer_images,,7509,,,,,,,invariant,,,train,pass,,
,,,0,0,431,representation,,,,4,,,,torch.float32,0.0001,0.0001,,,,1.9073486328125e-06,,pass,1.9073486328125e-06,,mp-aaaciuwb,,13453,1.5497207641601562e-06,,,0.009387650527060032,,5,276,integer_images,,7509,,,,,,,equivariant,,,train,pass,,
,,,0,0,432,representation,,,,4,,,,torch.float32,0.0001,0.0001,,,,9.5367431640625e-07,,pass,9.5367431640625e-07,,mp-aaaciuwb,,13453,7.748603820800781e-07,,,0.004496952518820763,,5,276,basis_swap,,7509,,,,,,,invariant,,,train,pass,,
,,,0,0,433,representation,,,,4,,,,torch.float32,0.0001,0.0001,,,,9.5367431640625e-07,,pass,9.5367431640625e-07,,mp-aaaciuwb,,13453,1.430511474609375e-06,,,0.011416792869567871,,5,276,basis_swap,,7509,,,,,,,equivariant,,,train,pass,,
,,,0,0,434,representation,,,,4,,,,torch.float32,0.0001,0.0001,,,,2.384185791015625e-06,,pass,9.5367431640625e-07,,mp-aaaciuwb,,13453,8.344650268554688e-07,,,0.0049167899414896965,,5,276,basis_shear,,7509,,,,,,,invariant,,,train,pass,,
,,,0,0,435,representation,,,,4,,,,torch.float32,0.0001,0.0001,,,,2.384185791015625e-06,,pass,9.5367431640625e-07,,mp-aaaciuwb,,13453,9.98377799987793e-07,,,0.008616062812507153,,5,276,basis_shear,,7509,,,,,,,equivariant,,,train,pass,,
"[""local_input.weight"", ""local_input.bias"", ""local_output.weight"", ""local_output.bias"", ""blocks.0.edge_mlp.0.weight"", ""blocks.0.edge_mlp.0.bias"", ""blocks.0.edge_mlp.2.weight"", ""blocks.0.edge_mlp.2.bias"", ""blocks.0.angle_mlp.0.weight"", ""blocks.0.angle_mlp.0.bias"", ""blocks.0.angle_mlp.2.weight"", ""blocks.0.angle_mlp.2.bias"", ""blocks.0.update.0.weight"", ""blocks.0.update.0.bias"", ""blocks.0.update.2.weight"", ""blocks.0.update.2.bias"", ""blocks.0.norm.weight"", ""blocks.0.norm.bias"", ""blocks.1.edge_mlp.0.weight"", ""blocks.1.edge_mlp.0.bias"", ""blocks.1.edge_mlp.2.weight"", ""blocks.1.edge_mlp.2.bias"", ""blocks.1.angle_mlp.0.weight"", ""blocks.1.angle_mlp.0.bias"", ""blocks.1.angle_mlp.2.weight"", ""blocks.1.angle_mlp.2.bias"", ""blocks.1.update.0.weight"", ""blocks.1.update.0.bias"", ""blocks.1.update.2.weight"", ""blocks.1.update.2.bias"", ""blocks.1.norm.weight"", ""blocks.1.norm.bias""]",0.35992119112052023,True,,,436,resources,,,,,,,,torch.float32,,,True,0.42535786726512015,0.057708170963451266,,0.006250710925087333,,,0.06543667614459991,mp-aaaciuwb,[],13453,,,,,,5,276,,True,7509,1062.83203125,1062.83203125,,,,,invariant,1062.83203125,,train,pass,,
"[""local_input.weight"", ""local_input.bias"", ""local_output.weight"", ""local_output.bias"", ""blocks.0.tp.weight"", ""blocks.0.mix.weight"", ""blocks.0.radial_gate.0.weight"", ""blocks.0.radial_gate.0.bias"", ""blocks.0.radial_gate.2.weight"", ""blocks.0.radial_gate.2.bias"", ""blocks.0.update.0.weight"", ""blocks.0.update.0.bias"", ""blocks.0.update.2.weight"", ""blocks.0.update.2.bias"", ""blocks.0.norm.weight"", ""blocks.0.norm.bias"", ""blocks.0.direction_gate.weight"", ""blocks.0.direction_gate.bias"", ""blocks.1.tp.weight"", ""blocks.1.mix.weight"", ""blocks.1.radial_gate.0.weight"", ""blocks.1.radial_gate.0.bias"", ""blocks.1.radial_gate.2.weight"", ""blocks.1.radial_gate.2.bias"", ""blocks.1.update.0.weight"", ""blocks.1.update.0.bias"", ""blocks.1.update.2.weight"", ""blocks.1.update.2.bias"", ""blocks.1.norm.weight"", ""blocks.1.norm.bias""]",0.01507283910177648,True,,,437,resources,,,,,,,,torch.float32,,,True,0.024576126132160425,0.008538103895261884,,0.006250710925087333,,,0.009503287030383945,mp-aaaciuwb,[],13453,,,,,,5,276,,True,7509,1062.83203125,1062.83203125,,,,,equivariant,1062.83203125,,train,pass,,
,,,,,438,e3_direct,,,,4,,,,torch.float64,2e-10,2e-10,,,,,,,,,mp-aaaciuwb,,13453,8.881784197001252e-16,,,1.995724077971024e-06,,5,276,rotation_1,,7509,,,,,,,invariant,,,train,pass,,
,,,,,439,e3_direct,,,,4,,,,torch.float64,2e-10,2e-10,,,,,,,,,mp-aaaciuwb,,13453,4.163336342344337e-16,,,1.951816336816174e-06,,5,276,rotation_1,,7509,,,,,,,equivariant,,,train,pass,,
,,,,,440,e3_direct,,,,4,,,,torch.float64,2e-10,2e-10,,,,,,,,,mp-aaaciuwb,,13453,8.881784197001252e-16,,,1.8080501298709414e-06,,5,276,rotation_2,,7509,,,,,,,invariant,,,train,pass,,
,,,,,441,e3_direct,,,,4,,,,torch.float64,2e-10,2e-10,,,,,,,,,mp-aaaciuwb,,13453,4.440892098500626e-16,,,1.8104090407705211e-06,,5,276,rotation_2,,7509,,,,,,,equivariant,,,train,pass,,
,,,,,442,e3_direct,,,,4,,,,torch.float64,2e-10,2e-10,,,,,,,,,mp-aaaciuwb,,13453,0.0,,,0.0,,5,276,reflection,,7509,,,,,,,invariant,,,train,pass,,
,,,,,443,e3_direct,,,,4,,,,torch.float64,2e-10,2e-10,,,,,,,,,mp-aaaciuwb,,13453,1.0061396160665481e-16,,,4.997815167667655e-07,,5,276,reflection,,7509,,,,,,,equivariant,,,train,pass,,
,,,,,444,e3_direct,,,,4,,,,torch.float64,2e-10,2e-10,,,,,,,,,mp-aaaciuwb,,13453,0.0,,,0.0,,5,276,inversion,,7509,,,,,,,invariant,,,train,pass,,
,,,,,445,e3_direct,,,,4,,,,torch.float64,2e-10,2e-10,,,,,,,,,mp-aaaciuwb,,13453,0.0,,,0.0,,5,276,inversion,,7509,,,,,,,equivariant,,,train,pass,,
,,,,,446,e3_direct,,,,4,,,,torch.float64,2e-10,2e-10,,,,,,,,,mp-aaaciuwb,,13453,8.881784197001252e-16,,,1.995724077971024e-06,,5,276,improper_with_translation,,7509,,,,,,,invariant,,,train,pass,,
,,,,,447,e3_direct,,,,4,,,,torch.float64,2e-10,2e-10,,,,,,,,,mp-aaaciuwb,,13453,4.163336342344337e-16,,,1.951816336816174e-06,,5,276,improper_with_translation,,7509,,,,,,,equivariant,,,train,pass,,
,,,0,0,448,e3_rebuilt,,,,4,,,,torch.float64,2e-06,2e-06,,,,5.187146800977871e-08,,pass,3.552713678800501e-15,,mp-aaaciuwb,,13453,7.383994859999632e-09,,,0.0024530135177054237,,5,276,translation,,7509,,,,,,,invariant,,,train,pass,,
,,,0,0,449,e3_rebuilt,,,,4,,,,torch.float64,2e-06,2e-06,,,,5.187146800977871e-08,,pass,3.552713678800501e-15,,mp-aaaciuwb,,13453,1.4108810258983695e-08,,,0.006087991363548141,,5,276,translation,,7509,,,,,,,equivariant,,,train,pass,,
,,,0,0,450,representation,,,,4,,,,torch.float64,2e-06,2e-06,,,,0.0,,pass,0.0,,mp-aaaciuwb,,13453,8.881784197001252e-16,,,3.0327906601581195e-10,,5,276,permutation,,7509,,,,,,,invariant,,,train,pass,,
,,,0,0,451,representation,,,,4,,,,torch.float64,2e-06,2e-06,,,,0.0,,pass,0.0,,mp-aaaciuwb,,13453,1.1102230246251565e-15,,,3.635826055211739e-10,,5,276,permutation,,7509,,,,,,,equivariant,,,train,pass,,
,,,0,0,452,representation,,,,4,,,,torch.float64,2e-06,2e-06,,,,0.0,,pass,0.0,,mp-aaaciuwb,,13453,0.0,,,0.0,,5,276,integer_images,,7509,,,,,,,invariant,,,train,pass,,
,,,0,0,453,representation,,,,4,,,,torch.float64,2e-06,2e-06,,,,0.0,,pass,0.0,,mp-aaaciuwb,,13453,0.0,,,0.0,,5,276,integer_images,,7509,,,,,,,equivariant,,,train,pass,,
,,,0,0,454,representation,,,,4,,,,torch.float64,2e-06,2e-06,,,,5.187146978613555e-08,,pass,2.220446049250313e-15,,mp-aaaciuwb,,13453,7.383997080445681e-09,,,0.0024530137057879593,,5,276,basis_swap,,7509,,,,,,,invariant,,,train,pass,,
,,,0,0,455,representation,,,,4,,,,torch.float64,2e-06,2e-06,,,,5.187146978613555e-08,,pass,2.220446049250313e-15,,mp-aaaciuwb,,13453,1.410881003693909e-08,,,0.0060879912686821,,5,276,basis_swap,,7509,,,,,,,equivariant,,,train,pass,,
,,,0,0,456,representation,,,,4,,,,torch.float64,2e-06,2e-06,,,,6.217248937900877e-15,,pass,4.884981308350689e-15,,mp-aaaciuwb,,13453,1.1102230246251565e-15,,,2.7226341978073105e-10,,5,276,basis_shear,,7509,,,,,,,invariant,,,train,pass,,
,,,0,0,457,representation,,,,4,,,,torch.float64,2e-06,2e-06,,,,6.217248937900877e-15,,pass,4.884981308350689e-15,,mp-aaaciuwb,,13453,2.220446049250313e-15,,,6.759604702934181e-10,,5,276,basis_shear,,7509,,,,,,,equivariant,,,train,pass,,
,,,,,458,e3_direct,,,,4,,,,torch.float32,2e-05,2e-05,,,,,,,,,mp-aaaabqpu,,6712,5.960464477539062e-07,,,0.014913024380803108,,21,1446,rotation_1,,49470,,,,,,,invariant,,,train,pass,,
,,,,,459,e3_direct,,,,4,,,,torch.float32,2e-05,2e-05,,,,,,,,,mp-aaaabqpu,,6712,4.76837158203125e-07,,,0.011653752997517586,,21,1446,rotation_1,,49470,,,,,,,equivariant,,,train,pass,,
,,,,,460,e3_direct,,,,4,,,,torch.float32,2e-05,2e-05,,,,,,,,,mp-aaaabqpu,,6712,4.76837158203125e-07,,,0.01815987192094326,,21,1446,rotation_2,,49470,,,,,,,invariant,,,train,pass,,
,,,,,461,e3_direct,,,,4,,,,torch.float32,2e-05,2e-05,,,,,,,,,mp-aaaabqpu,,6712,4.76837158203125e-07,,,0.010613375343382359,,21,1446,rotation_2,,49470,,,,,,,equivariant,,,train,pass,,
,,,,,462,e3_direct,,,,4,,,,torch.float32,2e-05,2e-05,,,,,,,,,mp-aaaabqpu,,6712,0.0,,,0.0,,21,1446,reflection,,49470,,,,,,,invariant,,,train,pass,,
,,,,,463,e3_direct,,,,4,,,,torch.float32,2e-05,2e-05,,,,,,,,,mp-aaaabqpu,,6712,1.1102230246251565e-16,,,5.551115123125783e-12,,21,1446,reflection,,49470,,,,,,,equivariant,,,train,pass,,
,,,,,464,e3_direct,,,,4,,,,torch.float32,2e-05,2e-05,,,,,,,,,mp-aaaabqpu,,6712,0.0,,,0.0,,21,1446,inversion,,49470,,,,,,,invariant,,,train,pass,,
,,,,,465,e3_direct,,,,4,,,,torch.float32,2e-05,2e-05,,,,,,,,,mp-aaaabqpu,,6712,0.0,,,0.0,,21,1446,inversion,,49470,,,,,,,equivariant,,,train,pass,,
,,,,,466,e3_direct,,,,4,,,,torch.float32,2e-05,2e-05,,,,,,,,,mp-aaaabqpu,,6712,5.960464477539062e-07,,,0.014913024380803108,,21,1446,improper_with_translation,,49470,,,,,,,invariant,,,train,pass,,
,,,,,467,e3_direct,,,,4,,,,torch.float32,2e-05,2e-05,,,,,,,,,mp-aaaabqpu,,6712,4.76837158203125e-07,,,0.011653752997517586,,21,1446,improper_with_translation,,49470,,,,,,,equivariant,,,train,pass,,
,,,0,0,468,e3_rebuilt,,,,4,,,,torch.float32,0.0001,0.0001,,,,9.5367431640625e-07,,pass,4.768371866248344e-07,,mp-aaaabqpu,,6712,8.642673492431641e-07,,,0.007219059392809868,,21,1446,translation,,49470,,,,,,,invariant,,,train,pass,,
,,,0,0,469,e3_rebuilt,,,,4,,,,torch.float32,0.0001,0.0001,,,,9.5367431640625e-07,,pass,4.768371866248344e-07,,mp-aaaabqpu,,6712,1.0132789611816406e-06,,,0.009409713558852673,,21,1446,translation,,49470,,,,,,,equivariant,,,train,pass,,
,,,0,0,470,representation,,,,4,,,,torch.float32,0.0001,0.0001,,,,0.0,,pass,0.0,,mp-aaaabqpu,,6712,9.5367431640625e-07,,,0.004794206004589796,,21,1446,permutation,,49470,,,,,,,invariant,,,train,pass,,
,,,0,0,471,representation,,,,4,,,,torch.float32,0.0001,0.0001,,,,0.0,,pass,0.0,,mp-aaaabqpu,,6712,8.344650268554688e-07,,,0.005622443743050098,,21,1446,permutation,,49470,,,,,,,equivariant,,,train,pass,,
,,,0,0,472,representation,,,,4,,,,torch.float32,0.0001,0.0001,,,,1.430511474609375e-06,,pass,1.6689300537109375e-06,,mp-aaaabqpu,,6712,1.0728836059570312e-06,,,0.008796509355306625,,21,1446,integer_images,,49470,,,,,,,invariant,,,train,pass,,
,,,0,0,473,representation,,,,4,,,,torch.float32,0.0001,0.0001,,,,1.430511474609375e-06,,pass,1.6689300537109375e-06,,mp-aaaabqpu,,6712,1.3113021850585938e-06,,,0.010213094763457775,,21,1446,integer_images,,49470,,,,,,,equivariant,,,train,pass,,
,,,0,0,474,representation,,,,4,,,,torch.float32,0.0001,0.0001,,,,9.5367431640625e-07,,pass,9.5367431640625e-07,,mp-aaaabqpu,,6712,7.152557373046875e-07,,,0.00480111688375473,,21,1446,basis_swap,,49470,,,,,,,invariant,,,train,pass,,
,,,0,0,475,representation,,,,4,,,,torch.float32,0.0001,0.0001,,,,9.5367431640625e-07,,pass,9.5367431640625e-07,,mp-aaaabqpu,,6712,9.5367431640625e-07,,,0.007746660150587559,,21,1446,basis_swap,,49470,,,,,,,equivariant,,,train,pass,,
,,,0,0,476,representation,,,,4,,,,torch.float32,0.0001,0.0001,,,,1.430511474609375e-06,,pass,9.5367431640625e-07,,mp-aaaabqpu,,6712,1.1920928955078125e-06,,,0.007660859730094671,,21,1446,basis_shear,,49470,,,,,,,invariant,,,train,pass,,
,,,0,0,477,representation,,,,4,,,,torch.float32,0.0001,0.0001,,,,1.430511474609375e-06,,pass,9.5367431640625e-07,,mp-aaaabqpu,,6712,1.519918441772461e-06,,,0.013075715862214565,,21,1446,basis_shear,,49470,,,,,,,equivariant,,,train,pass,,
"[""local_input.weight"", ""local_input.bias"", ""local_output.weight"", ""local_output.bias"", ""blocks.0.edge_mlp.0.weight"", ""blocks.0.edge_mlp.0.bias"", ""blocks.0.edge_mlp.2.weight"", ""blocks.0.edge_mlp.2.bias"", ""blocks.0.angle_mlp.0.weight"", ""blocks.0.angle_mlp.0.bias"", ""blocks.0.angle_mlp.2.weight"", ""blocks.0.angle_mlp.2.bias"", ""blocks.0.update.0.weight"", ""blocks.0.update.0.bias"", ""blocks.0.update.2.weight"", ""blocks.0.update.2.bias"", ""blocks.0.norm.weight"", ""blocks.0.norm.bias"", ""blocks.1.edge_mlp.0.weight"", ""blocks.1.edge_mlp.0.bias"", ""blocks.1.edge_mlp.2.weight"", ""blocks.1.edge_mlp.2.bias"", ""blocks.1.angle_mlp.0.weight"", ""blocks.1.angle_mlp.0.bias"", ""blocks.1.angle_mlp.2.weight"", ""blocks.1.angle_mlp.2.bias"", ""blocks.1.update.0.weight"", ""blocks.1.update.0.bias"", ""blocks.1.update.2.weight"", ""blocks.1.update.2.bias"", ""blocks.1.norm.weight"", ""blocks.1.norm.bias""]",2.0075133128557354,True,,,478,resources,,,,,,,,torch.float32,,,True,2.402208238840103,0.35419262293726206,,0.006277386099100113,,,0.39469492598436773,mp-aaaabqpu,[],6712,,,,,,21,1446,,True,49470,1062.83203125,1062.83203125,,,,,invariant,1062.83203125,,train,pass,,
"[""local_input.weight"", ""local_input.bias"", ""local_output.weight"", ""local_output.bias"", ""blocks.0.tp.weight"", ""blocks.0.mix.weight"", ""blocks.0.radial_gate.0.weight"", ""blocks.0.radial_gate.0.bias"", ""blocks.0.radial_gate.2.weight"", ""blocks.0.radial_gate.2.bias"", ""blocks.0.update.0.weight"", ""blocks.0.update.0.bias"", ""blocks.0.update.2.weight"", ""blocks.0.update.2.bias"", ""blocks.0.norm.weight"", ""blocks.0.norm.bias"", ""blocks.0.direction_gate.weight"", ""blocks.0.direction_gate.bias"", ""blocks.1.tp.weight"", ""blocks.1.mix.weight"", ""blocks.1.radial_gate.0.weight"", ""blocks.1.radial_gate.0.bias"", ""blocks.1.radial_gate.2.weight"", ""blocks.1.radial_gate.2.bias"", ""blocks.1.update.0.weight"", ""blocks.1.update.0.bias"", ""blocks.1.update.2.weight"", ""blocks.1.update.2.bias"", ""blocks.1.norm.weight"", ""blocks.1.norm.bias""]",0.032998702954500914,True,,,479,resources,,,,,,,,torch.float32,,,True,0.0527661107480526,0.018634608946740627,,0.006277386099100113,,,0.019767407793551683,mp-aaaabqpu,[],6712,,,,,,21,1446,,True,49470,1062.83203125,1062.83203125,,,,,equivariant,1062.83203125,,train,pass,,
,,,,,480,e3_direct,,,,4,,,,torch.float64,2e-10,2e-10,,,,,,,,,mp-aaaabqpu,,6712,8.881784197001252e-16,,,2.972885638509036e-06,,21,1446,rotation_1,,49470,,,,,,,invariant,,,train,pass,,
,,,,,481,e3_direct,,,,4,,,,torch.float64,2e-10,2e-10,,,,,,,,,mp-aaaabqpu,,6712,8.881784197001252e-16,,,2.258337863017889e-06,,21,1446,rotation_1,,49470,,,,,,,equivariant,,,train,pass,,
,,,,,482,e3_direct,,,,4,,,,torch.float64,2e-10,2e-10,,,,,,,,,mp-aaaabqpu,,6712,1.3322676295501878e-15,,,2.981160098512689e-06,,21,1446,rotation_2,,49470,,,,,,,invariant,,,train,pass,,
,,,,,483,e3_direct,,,,4,,,,torch.float64,2e-10,2e-10,,,,,,,,,mp-aaaabqpu,,6712,4.440892098500626e-16,,,1.6625751627444019e-06,,21,1446,rotation_2,,49470,,,,,,,equivariant,,,train,pass,,
,,,,,484,e3_direct,,,,4,,,,torch.float64,2e-10,2e-10,,,,,,,,,mp-aaaabqpu,,6712,0.0,,,0.0,,21,1446,reflection,,49470,,,,,,,invariant,,,train,pass,,
,,,,,485,e3_direct,,,,4,,,,torch.float64,2e-10,2e-10,,,,,,,,,mp-aaaabqpu,,6712,2.498001805406602e-16,,,1.1240699092352562e-06,,21,1446,reflection,,49470,,,,,,,equivariant,,,train,pass,,
,,,,,486,e3_direct,,,,4,,,,torch.float64,2e-10,2e-10,,,,,,,,,mp-aaaabqpu,,6712,0.0,,,0.0,,21,1446,inversion,,49470,,,,,,,invariant,,,train,pass,,
,,,,,487,e3_direct,,,,4,,,,torch.float64,2e-10,2e-10,,,,,,,,,mp-aaaabqpu,,6712,0.0,,,0.0,,21,1446,inversion,,49470,,,,,,,equivariant,,,train,pass,,
,,,,,488,e3_direct,,,,4,,,,torch.float64,2e-10,2e-10,,,,,,,,,mp-aaaabqpu,,6712,8.881784197001252e-16,,,2.972885638509036e-06,,21,1446,improper_with_translation,,49470,,,,,,,invariant,,,train,pass,,
,,,,,489,e3_direct,,,,4,,,,torch.float64,2e-10,2e-10,,,,,,,,,mp-aaaabqpu,,6712,8.881784197001252e-16,,,2.258337863017889e-06,,21,1446,improper_with_translation,,49470,,,,,,,equivariant,,,train,pass,,
,,,0,0,490,e3_rebuilt,,,,4,,,,torch.float64,2e-06,2e-06,,,,1.7763568394002505e-15,,pass,1.7763568394002505e-15,,mp-aaaabqpu,,6712,1.9984014443252818e-15,,,7.612840056346383e-10,,21,1446,translation,,49470,,,,,,,invariant,,,train,pass,,
,,,0,0,491,e3_rebuilt,,,,4,,,,torch.float64,2e-06,2e-06,,,,1.7763568394002505e-15,,pass,1.7763568394002505e-15,,mp-aaaabqpu,,6712,2.4424906541753444e-15,,,1.0853300254963158e-09,,21,1446,translation,,49470,,,,,,,equivariant,,,train,pass,,
,,,0,0,492,representation,,,,4,,,,torch.float64,2e-06,2e-06,,,,0.0,,pass,0.0,,mp-aaaabqpu,,6712,1.3322676295501878e-15,,,4.5737192020788715e-10,,21,1446,permutation,,49470,,,,,,,invariant,,,train,pass,,
,,,0,0,493,representation,,,,4,,,,torch.float64,2e-06,2e-06,,,,0.0,,pass,0.0,,mp-aaaabqpu,,6712,1.4988010832439613e-15,,,5.995640874905967e-10,,21,1446,permutation,,49470,,,,,,,equivariant,,,train,pass,,
,,,0,0,494,representation,,,,4,,,,torch.float64,2e-06,2e-06,,,,0.0,,pass,0.0,,mp-aaaabqpu,,6712,0.0,,,0.0,,21,1446,integer_images,,49470,,,,,,,invariant,,,train,pass,,
,,,0,0,495,representation,,,,4,,,,torch.float64,2e-06,2e-06,,,,0.0,,pass,0.0,,mp-aaaabqpu,,6712,0.0,,,0.0,,21,1446,integer_images,,49470,,,,,,,equivariant,,,train,pass,,
,,,0,0,496,representation,,,,4,,,,torch.float64,2e-06,2e-06,,,,8.881784197001252e-16,,pass,1.3322676295501878e-15,,mp-aaaabqpu,,6712,1.7763568394002505e-15,,,4.350842608093016e-10,,21,1446,basis_swap,,49470,,,,,,,invariant,,,train,pass,,
,,,0,0,497,representation,,,,4,,,,torch.float64,2e-06,2e-06,,,,8.881784197001252e-16,,pass,1.3322676295501878e-15,,mp-aaaabqpu,,6712,2.1094237467877974e-15,,,8.591479600493409e-10,,21,1446,basis_swap,,49470,,,,,,,equivariant,,,train,pass,,
,,,0,0,498,representation,,,,4,,,,torch.float64,2e-06,2e-06,,,,1.7763568394002505e-15,,pass,1.7763568394002505e-15,,mp-aaaabqpu,,6712,1.8318679906315083e-15,,,6.526263912139519e-10,,21,1446,basis_shear,,49470,,,,,,,invariant,,,train,pass,,
,,,0,0,499,representation,,,,4,,,,torch.float64,2e-06,2e-06,,,,1.7763568394002505e-15,,pass,1.7763568394002505e-15,,mp-aaaabqpu,,6712,3.0531133177191805e-15,,,1.3149521830985407e-09,,21,1446,basis_shear,,49470,,,,,,,equivariant,,,train,pass,,
,,,,,500,e3_direct,,,,4,,,,torch.float32,2e-05,2e-05,,,,,,,,,mp-aaabfwpd,,1056,7.152557373046875e-07,,,0.018280252814292908,,80,8584,rotation_1,,456840,,,,,,,invariant,,,valid,pass,,
,,,,,501,e3_direct,,,,4,,,,torch.float32,2e-05,2e-05,,,,,,,,,mp-aaabfwpd,,1056,4.76837158203125e-07,,,0.014933593571186066,,80,8584,rotation_1,,456840,,,,,,,equivariant,,,valid,pass,,
,,,,,502,e3_direct,,,,4,,,,torch.float32,2e-05,2e-05,,,,,,,,,mp-aaabfwpd,,1056,7.152557373046875e-07,,,0.017677532508969307,,80,8584,rotation_2,,456840,,,,,,,invariant,,,valid,pass,,
,,,,,503,e3_direct,,,,4,,,,torch.float32,2e-05,2e-05,,,,,,,,,mp-aaabfwpd,,1056,4.76837158203125e-07,,,0.016209619119763374,,80,8584,rotation_2,,456840,,,,,,,equivariant,,,valid,pass,,
,,,,,504,e3_direct,,,,4,,,,torch.float32,2e-05,2e-05,,,,,,,,,mp-aaabfwpd,,1056,0.0,,,0.0,,80,8584,reflection,,456840,,,,,,,invariant,,,valid,pass,,
,,,,,505,e3_direct,,,,4,,,,torch.float32,2e-05,2e-05,,,,,,,,,mp-aaabfwpd,,1056,0.0,,,0.0,,80,8584,reflection,,456840,,,,,,,equivariant,,,valid,pass,,
,,,,,506,e3_direct,,,,4,,,,torch.float32,2e-05,2e-05,,,,,,,,,mp-aaabfwpd,,1056,0.0,,,0.0,,80,8584,inversion,,456840,,,,,,,invariant,,,valid,pass,,
,,,,,507,e3_direct,,,,4,,,,torch.float32,2e-05,2e-05,,,,,,,,,mp-aaabfwpd,,1056,0.0,,,0.0,,80,8584,inversion,,456840,,,,,,,equivariant,,,valid,pass,,
,,,,,508,e3_direct,,,,4,,,,torch.float32,2e-05,2e-05,,,,,,,,,mp-aaabfwpd,,1056,7.152557373046875e-07,,,0.018280252814292908,,80,8584,improper_with_translation,,456840,,,,,,,invariant,,,valid,pass,,
,,,,,509,e3_direct,,,,4,,,,torch.float32,2e-05,2e-05,,,,,,,,,mp-aaabfwpd,,1056,4.76837158203125e-07,,,0.014933593571186066,,80,8584,improper_with_translation,,456840,,,,,,,equivariant,,,valid,pass,,
,,,0,0,510,e3_rebuilt,,,,4,,,,torch.float32,0.0001,0.0001,,,,1.9073486328125e-06,,pass,1.430511474609375e-06,,mp-aaabfwpd,,1056,1.3113021850585938e-06,,,0.008465215563774109,,80,8584,translation,,456840,,,,,,,invariant,,,valid,pass,,
,,,0,0,511,e3_rebuilt,,,,4,,,,torch.float32,0.0001,0.0001,,,,1.9073486328125e-06,,pass,1.430511474609375e-06,,mp-aaabfwpd,,1056,1.3560056686401367e-06,,,0.010931997559964657,,80,8584,translation,,456840,,,,,,,equivariant,,,valid,pass,,
,,,0,0,512,representation,,,,4,,,,torch.float32,0.0001,0.0001,,,,0.0,,pass,0.0,,mp-aaabfwpd,,1056,1.5497207641601562e-06,,,0.012670634314417839,,80,8584,permutation,,456840,,,,,,,invariant,,,valid,pass,,
,,,0,0,513,representation,,,,4,,,,torch.float32,0.0001,0.0001,,,,0.0,,pass,0.0,,mp-aaabfwpd,,1056,1.8477439880371094e-06,,,0.013815167360007763,,80,8584,permutation,,456840,,,,,,,equivariant,,,valid,pass,,
,,,0,0,514,representation,,,,4,,,,torch.float32,0.0001,0.0001,,,,3.337860107421875e-06,,pass,3.337860107421875e-06,,mp-aaabfwpd,,1056,1.5497207641601562e-06,,,0.012918028980493546,,80,8584,integer_images,,456840,,,,,,,invariant,,,valid,pass,,
,,,0,0,515,representation,,,,4,,,,torch.float32,0.0001,0.0001,,,,3.337860107421875e-06,,pass,3.337860107421875e-06,,mp-aaabfwpd,,1056,1.817941665649414e-06,,,0.01421626191586256,,80,8584,integer_images,,456840,,,,,,,equivariant,,,valid,pass,,
,,,0,0,516,representation,,,,4,,,,torch.float32,0.0001,0.0001,,,,4.76837158203125e-07,,pass,2.842170943040401e-14,,mp-aaabfwpd,,1056,1.3113021850585938e-06,,,0.011061298660933971,,80,8584,basis_swap,,456840,,,,,,,invariant,,,valid,pass,,
,,,0,0,517,representation,,,,4,,,,torch.float32,0.0001,0.0001,,,,4.76837158203125e-07,,pass,2.842170943040401e-14,,mp-aaabfwpd,,1056,1.7583370208740234e-06,,,0.012468867003917694,,80,8584,basis_swap,,456840,,,,,,,equivariant,,,valid,pass,,
,,,0,0,518,representation,,,,4,,,,torch.float32,0.0001,0.0001,,,,9.5367431640625e-07,,pass,1.430511474609375e-06,,mp-aaabfwpd,,1056,1.430511474609375e-06,,,0.009873072616755962,,80,8584,basis_shear,,456840,,,,,,,invariant,,,valid,pass,,
,,,0,0,519,representation,,,,4,,,,torch.float32,0.0001,0.0001,,,,9.5367431640625e-07,,pass,1.430511474609375e-06,,mp-aaabfwpd,,1056,1.5795230865478516e-06,,,0.014086749404668808,,80,8584,basis_shear,,456840,,,,,,,equivariant,,,valid,pass,,
"[""local_input.weight"", ""local_input.bias"", ""local_output.weight"", ""local_output.bias"", ""blocks.0.edge_mlp.0.weight"", ""blocks.0.edge_mlp.0.bias"", ""blocks.0.edge_mlp.2.weight"", ""blocks.0.edge_mlp.2.bias"", ""blocks.0.angle_mlp.0.weight"", ""blocks.0.angle_mlp.0.bias"", ""blocks.0.angle_mlp.2.weight"", ""blocks.0.angle_mlp.2.bias"", ""blocks.0.update.0.weight"", ""blocks.0.update.0.bias"", ""blocks.0.update.2.weight"", ""blocks.0.update.2.bias"", ""blocks.0.norm.weight"", ""blocks.0.norm.bias"", ""blocks.1.edge_mlp.0.weight"", ""blocks.1.edge_mlp.0.bias"", ""blocks.1.edge_mlp.2.weight"", ""blocks.1.edge_mlp.2.bias"", ""blocks.1.angle_mlp.0.weight"", ""blocks.1.angle_mlp.0.bias"", ""blocks.1.angle_mlp.2.weight"", ""blocks.1.angle_mlp.2.bias"", ""blocks.1.update.0.weight"", ""blocks.1.update.0.bias"", ""blocks.1.update.2.weight"", ""blocks.1.update.2.bias"", ""blocks.1.norm.weight"", ""blocks.1.norm.bias""]",17.044359157793224,True,,,520,resources,,,,,,,,torch.float32,,,True,20.748053246643394,3.159060528036207,,0.026380365947261453,,,3.7036940888501704,mp-aaabfwpd,[],1056,,,,,,80,8584,,True,456840,1062.83203125,1183.87109375,,,,,invariant,1183.87109375,,valid,pass,,
"[""local_input.weight"", ""local_input.bias"", ""local_output.weight"", ""local_output.bias"", ""blocks.0.tp.weight"", ""blocks.0.mix.weight"", ""blocks.0.radial_gate.0.weight"", ""blocks.0.radial_gate.0.bias"", ""blocks.0.radial_gate.2.weight"", ""blocks.0.radial_gate.2.bias"", ""blocks.0.update.0.weight"", ""blocks.0.update.0.bias"", ""blocks.0.update.2.weight"", ""blocks.0.update.2.bias"", ""blocks.0.norm.weight"", ""blocks.0.norm.bias"", ""blocks.0.direction_gate.weight"", ""blocks.0.direction_gate.bias"", ""blocks.1.tp.weight"", ""blocks.1.mix.weight"", ""blocks.1.radial_gate.0.weight"", ""blocks.1.radial_gate.0.bias"", ""blocks.1.radial_gate.2.weight"", ""blocks.1.radial_gate.2.bias"", ""blocks.1.update.0.weight"", ""blocks.1.update.0.bias"", ""blocks.1.update.2.weight"", ""blocks.1.update.2.bias"", ""blocks.1.norm.weight"", ""blocks.1.norm.bias""]",0.14799453504383564,True,,,521,resources,,,,,,,,torch.float32,,,True,0.23005716991610825,0.07770673115737736,,0.026380365947261453,,,0.08206263487227261,mp-aaabfwpd,[],1056,,,,,,80,8584,,True,456840,1183.87109375,1183.87109375,,,,,equivariant,1183.87109375,,valid,pass,,
,,,,,522,supercell,,,,4,,,,torch.float32,0.0001,0.0001,,,,,,,,,mp-aaabfwpd,,1056,1.5497207641601562e-06,,,0.011211004108190536,,80,8584,2x1x1,,456840,,,,2,,,invariant,,,valid,pass,17168,
,,,,,523,supercell,,,,4,,,,torch.float32,0.0001,0.0001,,,,,,,,,mp-aaabfwpd,,1056,2.115964889526367e-06,,,0.01654679700732231,,80,8584,2x1x1,,456840,,,,2,,,equivariant,,,valid,pass,17168,
,,,,,524,e3_direct,,,,4,,,,torch.float64,2e-10,2e-10,,,,,,,,,mp-aaabfwpd,,1056,1.3322676295501878e-15,,,2.973682281669959e-06,,80,8584,rotation_1,,456840,,,,,,,invariant,,,valid,pass,,
,,,,,525,e3_direct,,,,4,,,,torch.float64,2e-10,2e-10,,,,,,,,,mp-aaabfwpd,,1056,1.3322676295501878e-15,,,5.662672430502414e-06,,80,8584,rotation_1,,456840,,,,,,,equivariant,,,valid,pass,,
,,,,,526,e3_direct,,,,4,,,,torch.float64,2e-10,2e-10,,,,,,,,,mp-aaabfwpd,,1056,1.3322676295501878e-15,,,2.9275293672631493e-06,,80,8584,rotation_2,,456840,,,,,,,invariant,,,valid,pass,,
,,,,,527,e3_direct,,,,4,,,,torch.float64,2e-10,2e-10,,,,,,,,,mp-aaabfwpd,,1056,1.0408340855860843e-15,,,4.801491652659428e-06,,80,8584,rotation_2,,456840,,,,,,,equivariant,,,valid,pass,,
,,,,,528,e3_direct,,,,4,,,,torch.float64,2e-10,2e-10,,,,,,,,,mp-aaabfwpd,,1056,0.0,,,0.0,,80,8584,reflection,,456840,,,,,,,invariant,,,valid,pass,,
,,,,,529,e3_direct,,,,4,,,,torch.float64,2e-10,2e-10,,,,,,,,,mp-aaabfwpd,,1056,2.498001805406602e-16,,,1.1490788667623088e-06,,80,8584,reflection,,456840,,,,,,,equivariant,,,valid,pass,,
,,,,,530,e3_direct,,,,4,,,,torch.float64,2e-10,2e-10,,,,,,,,,mp-aaabfwpd,,1056,0.0,,,0.0,,80,8584,inversion,,456840,,,,,,,invariant,,,valid,pass,,
,,,,,531,e3_direct,,,,4,,,,torch.float64,2e-10,2e-10,,,,,,,,,mp-aaabfwpd,,1056,0.0,,,0.0,,80,8584,inversion,,456840,,,,,,,equivariant,,,valid,pass,,
,,,,,532,e3_direct,,,,4,,,,torch.float64,2e-10,2e-10,,,,,,,,,mp-aaabfwpd,,1056,1.3322676295501878e-15,,,2.973682281669959e-06,,80,8584,improper_with_translation,,456840,,,,,,,invariant,,,valid,pass,,
,,,,,533,e3_direct,,,,4,,,,torch.float64,2e-10,2e-10,,,,,,,,,mp-aaabfwpd,,1056,1.3322676295501878e-15,,,5.662672430502414e-06,,80,8584,improper_with_translation,,456840,,,,,,,equivariant,,,valid,pass,,
,,,0,0,534,e3_rebuilt,,,,4,,,,torch.float64,2e-06,2e-06,,,,3.552713678800501e-15,,pass,2.6645352591003757e-15,,mp-aaabfwpd,,1056,2.2620794126737565e-15,,,1.0512148398477057e-09,,80,8584,translation,,456840,,,,,,,invariant,,,valid,pass,,
,,,0,0,535,e3_rebuilt,,,,4,,,,torch.float64,2e-06,2e-06,,,,3.552713678800501e-15,,pass,2.6645352591003757e-15,,mp-aaabfwpd,,1056,2.831068712794149e-15,,,1.160644893686936e-09,,80,8584,translation,,456840,,,,,,,equivariant,,,valid,pass,,
,,,0,0,536,representation,,,,4,,,,torch.float64,2e-06,2e-06,,,,0.0,,pass,0.0,,mp-aaabfwpd,,1056,2.6645352591003757e-15,,,1.2039456276629878e-09,,80,8584,permutation,,456840,,,,,,,invariant,,,valid,pass,,
,,,0,0,537,representation,,,,4,,,,torch.float64,2e-06,2e-06,,,,0.0,,pass,0.0,,mp-aaabfwpd,,1056,3.469446951953614e-15,,,1.3985203325761687e-09,,80,8584,permutation,,456840,,,,,,,equivariant,,,valid,pass,,
,,,0,0,538,representation,,,,4,,,,torch.float64,2e-06,2e-06,,,,0.0,,pass,0.0,,mp-aaabfwpd,,1056,1.5543122344752192e-15,,,4.704834952561453e-10,,80,8584,integer_images,,456840,,,,,,,invariant,,,valid,pass,,
,,,0,0,539,representation,,,,4,,,,torch.float64,2e-06,2e-06,,,,0.0,,pass,0.0,,mp-aaabfwpd,,1056,1.7763568394002505e-15,,,6.800594357924711e-10,,80,8584,integer_images,,456840,,,,,,,equivariant,,,valid,pass,,
,,,0,0,540,representation,,,,4,,,,torch.float64,2e-06,2e-06,,,,8.881784197001252e-16,,pass,9.860761315262648e-32,,mp-aaabfwpd,,1056,2.192690473634684e-15,,,9.833927885606748e-10,,80,8584,basis_swap,,456840,,,,,,,invariant,,,valid,pass,,
,,,0,0,541,representation,,,,4,,,,torch.float64,2e-06,2e-06,,,,8.881784197001252e-16,,pass,9.860761315262648e-32,,mp-aaabfwpd,,1056,1.9984014443252818e-15,,,9.90915526372558e-10,,80,8584,basis_swap,,456840,,,,,,,equivariant,,,valid,pass,,
,,,0,0,542,representation,,,,4,,,,torch.float64,2e-06,2e-06,,,,2.6645352591003757e-15,,pass,1.7763568394002505e-15,,mp-aaabfwpd,,1056,3.608224830031759e-15,,,1.7557180214452914e-09,,80,8584,basis_shear,,456840,,,,,,,invariant,,,valid,pass,,
,,,0,0,543,representation,,,,4,,,,torch.float64,2e-06,2e-06,,,,2.6645352591003757e-15,,pass,1.7763568394002505e-15,,mp-aaabfwpd,,1056,5.6066262743570405e-15,,,1.9879930908543996e-09,,80,8584,basis_shear,,456840,,,,,,,equivariant,,,valid,pass,,
,,,,,544,supercell,,,,4,,,,torch.float64,2e-06,2e-06,,,,,,,,,mp-aaabfwpd,,1056,2.9108659926890823e-15,,,1.4419848416977114e-09,,80,8584,2x1x1,,456840,,,,2,,,invariant,,,valid,pass,17168,
,,,,,545,supercell,,,,4,,,,torch.float64,2e-06,2e-06,,,,,,,,,mp-aaabfwpd,,1056,3.3306690738754696e-15,,,1.3022867991319243e-09,,80,8584,2x1x1,,456840,,,,2,,,equivariant,,,valid,pass,17168,
,,,,,546,e3_direct,,,,4,,,,torch.float32,2e-05,2e-05,,,,,,,,,mp-aaaaaclb,,85,4.76837158203125e-07,,,0.01189927477389574,,2,316,rotation_1,,24806,,,,,,,invariant,,,valid,pass,,
,,,,,547,e3_direct,,,,4,,,,torch.float32,2e-05,2e-05,,,,,,,,,mp-aaaaaclb,,85,6.716353340152637e-08,,,0.003358176676556468,,2,316,rotation_1,,24806,,,,,,,equivariant,,,valid,pass,,
,,,,,548,e3_direct,,,,4,,,,torch.float32,2e-05,2e-05,,,,,,,,,mp-aaaaaclb,,85,7.152557373046875e-07,,,0.013912495225667953,,2,316,rotation_2,,24806,,,,,,,invariant,,,valid,pass,,
,,,,,549,e3_direct,,,,4,,,,torch.float32,2e-05,2e-05,,,,,,,,,mp-aaaaaclb,,85,4.1853201793173866e-08,,,0.0020926601719111204,,2,316,rotation_2,,24806,,,,,,,equivariant,,,valid,pass,,
,,,,,550,e3_direct,,,,4,,,,torch.float32,2e-05,2e-05,,,,,,,,,mp-aaaaaclb,,85,0.0,,,0.0,,2,316,reflection,,24806,,,,,,,invariant,,,valid,pass,,
,,,,,551,e3_direct,,,,4,,,,torch.float32,2e-05,2e-05,,,,,,,,,mp-aaaaaclb,,85,0.0,,,0.0,,2,316,reflection,,24806,,,,,,,equivariant,,,valid,pass,,
,,,,,552,e3_direct,,,,4,,,,torch.float32,2e-05,2e-05,,,,,,,,,mp-aaaaaclb,,85,0.0,,,0.0,,2,316,inversion,,24806,,,,,,,invariant,,,valid,pass,,
,,,,,553,e3_direct,,,,4,,,,torch.float32,2e-05,2e-05,,,,,,,,,mp-aaaaaclb,,85,0.0,,,0.0,,2,316,inversion,,24806,,,,,,,equivariant,,,valid,pass,,
,,,,,554,e3_direct,,,,4,,,,torch.float32,2e-05,2e-05,,,,,,,,,mp-aaaaaclb,,85,4.76837158203125e-07,,,0.01189927477389574,,2,316,improper_with_translation,,24806,,,,,,,invariant,,,valid,pass,,
,,,,,555,e3_direct,,,,4,,,,torch.float32,2e-05,2e-05,,,,,,,,,mp-aaaaaclb,,85,6.716353340152637e-08,,,0.003358176676556468,,2,316,improper_with_translation,,24806,,,,,,,equivariant,,,valid,pass,,
,,,0,0,556,e3_rebuilt,,,,4,,,,torch.float32,0.0001,0.0001,,,,4.76837158203125e-07,,pass,7.152557373046875e-07,,mp-aaaaaclb,,85,7.152557373046875e-07,,,0.004315368831157684,,2,316,translation,,24806,,,,,,,invariant,,,valid,pass,,
,,,0,0,557,e3_rebuilt,,,,4,,,,torch.float32,0.0001,0.0001,,,,4.76837158203125e-07,,pass,7.152557373046875e-07,,mp-aaaaaclb,,85,9.5367431640625e-07,,,0.0061677973717451096,,2,316,translation,,24806,,,,,,,equivariant,,,valid,pass,,
,,,0,0,558,representation,,,,4,,,,torch.float32,0.0001,0.0001,,,,0.0,,pass,0.0,,mp-aaaaaclb,,85,0.0,,,0.0,,2,316,permutation,,24806,,,,,,,invariant,,,valid,pass,,
,,,0,0,559,representation,,,,4,,,,torch.float32,0.0001,0.0001,,,,0.0,,pass,0.0,,mp-aaaaaclb,,85,0.0,,,0.0,,2,316,permutation,,24806,,,,,,,equivariant,,,valid,pass,,
,,,0,0,560,representation,,,,4,,,,torch.float32,0.0001,0.0001,,,,0.0,,pass,0.0,,mp-aaaaaclb,,85,0.0,,,0.0,,2,316,integer_images,,24806,,,,,,,invariant,,,valid,pass,,
,,,0,0,561,representation,,,,4,,,,torch.float32,0.0001,0.0001,,,,0.0,,pass,0.0,,mp-aaaaaclb,,85,0.0,,,0.0,,2,316,integer_images,,24806,,,,,,,equivariant,,,valid,pass,,
,,,0,0,562,representation,,,,4,,,,torch.float32,0.0001,0.0001,,,,9.5367431640625e-07,,pass,9.5367431640625e-07,,mp-aaaaaclb,,85,8.344650268554688e-07,,,0.006120934616774321,,2,316,basis_swap,,24806,,,,,,,invariant,,,valid,pass,,
,,,0,0,563,representation,,,,4,,,,torch.float32,0.0001,0.0001,,,,9.5367431640625e-07,,pass,9.5367431640625e-07,,mp-aaaaaclb,,85,9.5367431640625e-07,,,0.007049765903502703,,2,316,basis_swap,,24806,,,,,,,equivariant,,,valid,pass,,
,,,0,0,564,representation,,,,4,,,,torch.float32,0.0001,0.0001,,,,9.5367431640625e-07,,pass,4.76837158203125e-07,,mp-aaaaaclb,,85,1.3113021850585938e-06,,,0.008710559457540512,,2,316,basis_shear,,24806,,,,,,,invariant,,,valid,pass,,
,,,0,0,565,representation,,,,4,,,,torch.float32,0.0001,0.0001,,,,9.5367431640625e-07,,pass,4.76837158203125e-07,,mp-aaaaaclb,,85,1.1920928955078125e-06,,,0.007468204014003277,,2,316,basis_shear,,24806,,,,,,,equivariant,,,valid,pass,,
"[""local_input.weight"", ""local_input.bias"", ""local_output.weight"", ""local_output.bias"", ""blocks.0.edge_mlp.0.weight"", ""blocks.0.edge_mlp.0.bias"", ""blocks.0.edge_mlp.2.weight"", ""blocks.0.edge_mlp.2.bias"", ""blocks.0.angle_mlp.0.weight"", ""blocks.0.angle_mlp.0.bias"", ""blocks.0.angle_mlp.2.weight"", ""blocks.0.angle_mlp.2.bias"", ""blocks.0.update.0.weight"", ""blocks.0.update.0.bias"", ""blocks.0.update.2.weight"", ""blocks.0.update.2.bias"", ""blocks.0.norm.weight"", ""blocks.0.norm.bias"", ""blocks.1.edge_mlp.0.weight"", ""blocks.1.edge_mlp.0.bias"", ""blocks.1.edge_mlp.2.weight"", ""blocks.1.edge_mlp.2.bias"", ""blocks.1.angle_mlp.0.weight"", ""blocks.1.angle_mlp.0.bias"", ""blocks.1.angle_mlp.2.weight"", ""blocks.1.angle_mlp.2.bias"", ""blocks.1.update.0.weight"", ""blocks.1.update.0.bias"", ""blocks.1.update.2.weight"", ""blocks.1.update.2.bias"", ""blocks.1.norm.weight"", ""blocks.1.norm.bias""]",1.0498502058908343,True,,,566,resources,,,,,,,,torch.float32,,,True,1.2329787029884756,0.1731027860660106,,0.007023666985332966,,,0.18312849709764123,mp-aaaaaclb,[],85,,,,,,2,316,,True,24806,1183.87109375,1183.87109375,,,,,invariant,1183.87109375,,valid,pass,,
"[""local_input.weight"", ""local_input.bias"", ""local_output.weight"", ""local_output.bias"", ""blocks.0.tp.weight"", ""blocks.0.mix.weight"", ""blocks.0.radial_gate.0.weight"", ""blocks.0.radial_gate.0.bias"", ""blocks.0.radial_gate.2.weight"", ""blocks.0.radial_gate.2.bias"", ""blocks.0.update.0.weight"", ""blocks.0.update.0.bias"", ""blocks.0.update.2.weight"", ""blocks.0.update.2.bias"", ""blocks.0.norm.weight"", ""blocks.0.norm.bias"", ""blocks.0.direction_gate.weight"", ""blocks.0.direction_gate.bias"", ""blocks.1.tp.weight"", ""blocks.1.mix.weight"", ""blocks.1.radial_gate.0.weight"", ""blocks.1.radial_gate.0.bias"", ""blocks.1.radial_gate.2.weight"", ""blocks.1.radial_gate.2.bias"", ""blocks.1.update.0.weight"", ""blocks.1.update.0.bias"", ""blocks.1.update.2.weight"", ""blocks.1.update.2.bias"", ""blocks.1.norm.weight"", ""blocks.1.norm.bias""]",0.015070735942572355,True,,,567,resources,,,,,,,,torch.float32,,,True,0.024750620126724243,0.00869889697059989,,0.007023666985332966,,,0.009679884184151888,mp-aaaaaclb,[],85,,,,,,2,316,,True,24806,1183.87109375,1183.87109375,,,,,equivariant,1183.87109375,,valid,pass,,
,,,,,568,e3_direct,,,,4,,,,torch.float64,2e-10,2e-10,,,,,,,,,mp-aaaaaclb,,85,1.3322676295501878e-15,,,3.2954258152142866e-06,,2,316,rotation_1,,24806,,,,,,,invariant,,,valid,pass,,
,,,,,569,e3_direct,,,,4,,,,torch.float64,2e-10,2e-10,,,,,,,,,mp-aaaaaclb,,85,1.3821218183941215e-16,,,6.910609091741773e-07,,2,316,rotation_1,,24806,,,,,,,equivariant,,,valid,pass,,
,,,,,570,e3_direct,,,,4,,,,torch.float64,2e-10,2e-10,,,,,,,,,mp-aaaaaclb,,85,8.881784197001252e-16,,,2.053273937193256e-06,,2,316,rotation_2,,24806,,,,,,,invariant,,,valid,pass,,
,,,,,571,e3_direct,,,,4,,,,torch.float64,2e-10,2e-10,,,,,,,,,mp-aaaaaclb,,85,6.661338147750939e-16,,,2.084982718305848e-06,,2,316,rotation_2,,24806,,,,,,,equivariant,,,valid,pass,,
,,,,,572,e3_direct,,,,4,,,,torch.float64,2e-10,2e-10,,,,,,,,,mp-aaaaaclb,,85,0.0,,,0.0,,2,316,reflection,,24806,,,,,,,invariant,,,valid,pass,,
,,,,,573,e3_direct,,,,4,,,,torch.float64,2e-10,2e-10,,,,,,,,,mp-aaaaaclb,,85,6.72084247699335e-25,,,3.3604212372817013e-15,,2,316,reflection,,24806,,,,,,,equivariant,,,valid,pass,,
,,,,,574,e3_direct,,,,4,,,,torch.float64,2e-10,2e-10,,,,,,,,,mp-aaaaaclb,,85,0.0,,,0.0,,2,316,inversion,,24806,,,,,,,invariant,,,valid,pass,,
,,,,,575,e3_direct,,,,4,,,,torch.float64,2e-10,2e-10,,,,,,,,,mp-aaaaaclb,,85,0.0,,,0.0,,2,316,inversion,,24806,,,,,,,equivariant,,,valid,pass,,
,,,,,576,e3_direct,,,,4,,,,torch.float64,2e-10,2e-10,,,,,,,,,mp-aaaaaclb,,85,1.3322676295501878e-15,,,3.2954258152142866e-06,,2,316,improper_with_translation,,24806,,,,,,,invariant,,,valid,pass,,
,,,,,577,e3_direct,,,,4,,,,torch.float64,2e-10,2e-10,,,,,,,,,mp-aaaaaclb,,85,1.3821218183941215e-16,,,6.910609091741773e-07,,2,316,improper_with_translation,,24806,,,,,,,equivariant,,,valid,pass,,
,,,0,0,578,e3_rebuilt,,,,4,,,,torch.float64,2e-06,2e-06,,,,1.4803091197279628e-08,,pass,1.3322676295501878e-15,,mp-aaaaaclb,,85,3.2392210025378176e-09,,,0.0011974482225465177,,2,316,translation,,24806,,,,,,,invariant,,,valid,pass,,
,,,0,0,579,e3_rebuilt,,,,4,,,,torch.float64,2e-06,2e-06,,,,1.4803091197279628e-08,,pass,1.3322676295501878e-15,,mp-aaaaaclb,,85,3.2974208918901127e-09,,,0.0012320471394359693,,2,316,translation,,24806,,,,,,,equivariant,,,valid,pass,,
,,,0,0,580,representation,,,,4,,,,torch.float64,2e-06,2e-06,,,,0.0,,pass,0.0,,mp-aaaaaclb,,85,0.0,,,0.0,,2,316,permutation,,24806,,,,,,,invariant,,,valid,pass,,
,,,0,0,581,representation,,,,4,,,,torch.float64,2e-06,2e-06,,,,0.0,,pass,0.0,,mp-aaaaaclb,,85,0.0,,,0.0,,2,316,permutation,,24806,,,,,,,equivariant,,,valid,pass,,
,,,0,0,582,representation,,,,4,,,,torch.float64,2e-06,2e-06,,,,0.0,,pass,0.0,,mp-aaaaaclb,,85,0.0,,,0.0,,2,316,integer_images,,24806,,,,,,,invariant,,,valid,pass,,
,,,0,0,583,representation,,,,4,,,,torch.float64,2e-06,2e-06,,,,0.0,,pass,0.0,,mp-aaaaaclb,,85,0.0,,,0.0,,2,316,integer_images,,24806,,,,,,,equivariant,,,valid,pass,,
,,,0,0,584,representation,,,,4,,,,torch.float64,2e-06,2e-06,,,,1.4803091197279628e-08,,pass,8.881784197001252e-16,,mp-aaaaaclb,,85,3.2392206694709103e-09,,,0.001197448076940374,,2,316,basis_swap,,24806,,,,,,,invariant,,,valid,pass,,
,,,0,0,585,representation,,,,4,,,,torch.float64,2e-06,2e-06,,,,1.4803091197279628e-08,,pass,8.881784197001252e-16,,mp-aaaaaclb,,85,3.297419559622483e-09,,,0.0012320467726005503,,2,316,basis_swap,,24806,,,,,,,equivariant,,,valid,pass,,
,,,0,0,586,representation,,,,4,,,,torch.float64,2e-06,2e-06,,,,2.6645352591003757e-15,,pass,1.1102230246251565e-15,,mp-aaaaaclb,,85,2.4424906541753444e-15,,,8.736368620996736e-10,,2,316,basis_shear,,24806,,,,,,,invariant,,,valid,pass,,
,,,0,0,587,representation,,,,4,,,,torch.float64,2e-06,2e-06,,,,2.6645352591003757e-15,,pass,1.1102230246251565e-15,,mp-aaaaaclb,,85,2.6645352591003757e-15,,,1.0383307618835766e-09,,2,316,basis_shear,,24806,,,,,,,equivariant,,,valid,pass,,
,,,,,588,e3_direct,,,,4,,,,torch.float32,2e-05,2e-05,,,,,,,,,mp-aaaciccv,,1655,4.76837158203125e-07,,,0.012615194544196129,,1,104,rotation_1,,5356,,,,,,,invariant,,,valid,pass,,
,,,,,589,e3_direct,,,,4,,,,torch.float32,2e-05,2e-05,,,,,,,,,mp-aaaciccv,,1655,1.7881393432617188e-07,,,0.0062070973217487335,,1,104,rotation_1,,5356,,,,,,,equivariant,,,valid,pass,,
,,,,,590,e3_direct,,,,4,,,,torch.float32,2e-05,2e-05,,,,,,,,,mp-aaaciccv,,1655,4.76837158203125e-07,,,0.01429434772580862,,1,104,rotation_2,,5356,,,,,,,invariant,,,valid,pass,,
,,,,,591,e3_direct,,,,4,,,,torch.float32,2e-05,2e-05,,,,,,,,,mp-aaaciccv,,1655,8.814226681863602e-09,,,0.0004407113592606038,,1,104,rotation_2,,5356,,,,,,,equivariant,,,valid,pass,,
,,,,,592,e3_direct,,,,4,,,,torch.float32,2e-05,2e-05,,,,,,,,,mp-aaaciccv,,1655,0.0,,,0.0,,1,104,reflection,,5356,,,,,,,invariant,,,valid,pass,,
,,,,,593,e3_direct,,,,4,,,,torch.float32,2e-05,2e-05,,,,,,,,,mp-aaaciccv,,1655,0.0,,,0.0,,1,104,reflection,,5356,,,,,,,equivariant,,,valid,pass,,
,,,,,594,e3_direct,,,,4,,,,torch.float32,2e-05,2e-05,,,,,,,,,mp-aaaciccv,,1655,0.0,,,0.0,,1,104,inversion,,5356,,,,,,,invariant,,,valid,pass,,
,,,,,595,e3_direct,,,,4,,,,torch.float32,2e-05,2e-05,,,,,,,,,mp-aaaciccv,,1655,0.0,,,0.0,,1,104,inversion,,5356,,,,,,,equivariant,,,valid,pass,,
,,,,,596,e3_direct,,,,4,,,,torch.float32,2e-05,2e-05,,,,,,,,,mp-aaaciccv,,1655,4.76837158203125e-07,,,0.012615194544196129,,1,104,improper_with_translation,,5356,,,,,,,invariant,,,valid,pass,,
,,,,,597,e3_direct,,,,4,,,,torch.float32,2e-05,2e-05,,,,,,,,,mp-aaaciccv,,1655,1.7881393432617188e-07,,,0.0062070973217487335,,1,104,improper_with_translation,,5356,,,,,,,equivariant,,,valid,pass,,
,,,0,0,598,e3_rebuilt,,,,4,,,,torch.float32,0.0001,0.0001,,,,0.0,,pass,0.0,,mp-aaaciccv,,1655,0.0,,,0.0,,1,104,translation,,5356,,,,,,,invariant,,,valid,pass,,
,,,0,0,599,e3_rebuilt,,,,4,,,,torch.float32,0.0001,0.0001,,,,0.0,,pass,0.0,,mp-aaaciccv,,1655,0.0,,,0.0,,1,104,translation,,5356,,,,,,,equivariant,,,valid,pass,,
,,,0,0,600,representation,,,,4,,,,torch.float32,0.0001,0.0001,,,,0.0,,pass,0.0,,mp-aaaciccv,,1655,0.0,,,0.0,,1,104,permutation,,5356,,,,,,,invariant,,,valid,pass,,
,,,0,0,601,representation,,,,4,,,,torch.float32,0.0001,0.0001,,,,0.0,,pass,0.0,,mp-aaaciccv,,1655,0.0,,,0.0,,1,104,permutation,,5356,,,,,,,equivariant,,,valid,pass,,
,,,0,0,602,representation,,,,4,,,,torch.float32,0.0001,0.0001,,,,0.0,,pass,0.0,,mp-aaaciccv,,1655,0.0,,,0.0,,1,104,integer_images,,5356,,,,,,,invariant,,,valid,pass,,
,,,0,0,603,representation,,,,4,,,,torch.float32,0.0001,0.0001,,,,0.0,,pass,0.0,,mp-aaaciccv,,1655,0.0,,,0.0,,1,104,integer_images,,5356,,,,,,,equivariant,,,valid,pass,,
,,,0,0,604,representation,,,,4,,,,torch.float32,0.0001,0.0001,,,,4.76837158203125e-07,,pass,9.5367431640625e-07,,mp-aaaciccv,,1655,5.960464477539062e-07,,,0.0028146603144705296,,1,104,basis_swap,,5356,,,,,,,invariant,,,valid,pass,,
,,,0,0,605,representation,,,,4,,,,torch.float32,0.0001,0.0001,,,,4.76837158203125e-07,,pass,9.5367431640625e-07,,mp-aaaciccv,,1655,1.8989595673701842e-08,,,0.00018989595992024988,,1,104,basis_swap,,5356,,,,,,,equivariant,,,valid,pass,,
,,,0,0,606,representation,,,,4,,,,torch.float32,0.0001,0.0001,,,,9.5367431640625e-07,,pass,4.76837158203125e-07,,mp-aaaciccv,,1655,7.748603820800781e-07,,,0.005031540524214506,,1,104,basis_shear,,5356,,,,,,,invariant,,,valid,pass,,
,,,0,0,607,representation,,,,4,,,,torch.float32,0.0001,0.0001,,,,9.5367431640625e-07,,pass,4.76837158203125e-07,,mp-aaaciccv,,1655,5.960464477539062e-07,,,0.0041510495357215405,,1,104,basis_shear,,5356,,,,,,,equivariant,,,valid,pass,,
"[""local_input.weight"", ""local_input.bias"", ""local_output.weight"", ""local_output.bias"", ""blocks.0.edge_mlp.0.weight"", ""blocks.0.edge_mlp.0.bias"", ""blocks.0.edge_mlp.2.weight"", ""blocks.0.edge_mlp.2.bias"", ""blocks.0.angle_mlp.0.weight"", ""blocks.0.angle_mlp.0.bias"", ""blocks.0.angle_mlp.2.weight"", ""blocks.0.angle_mlp.2.bias"", ""blocks.0.update.0.weight"", ""blocks.0.update.0.bias"", ""blocks.0.update.2.weight"", ""blocks.0.update.2.bias"", ""blocks.0.norm.weight"", ""blocks.0.norm.bias"", ""blocks.1.edge_mlp.0.weight"", ""blocks.1.edge_mlp.0.bias"", ""blocks.1.edge_mlp.2.weight"", ""blocks.1.edge_mlp.2.bias"", ""blocks.1.angle_mlp.0.weight"", ""blocks.1.angle_mlp.0.bias"", ""blocks.1.angle_mlp.2.weight"", ""blocks.1.angle_mlp.2.bias"", ""blocks.1.update.0.weight"", ""blocks.1.update.0.bias"", ""blocks.1.update.2.weight"", ""blocks.1.update.2.bias"", ""blocks.1.norm.weight"", ""blocks.1.norm.bias""]",0.19594582403078675,True,,,608,resources,,,,,,,,torch.float32,,,True,0.23944935807958245,0.03750701597891748,,0.010990591952577233,,,0.0435035340487957,mp-aaaciccv,[],1655,,,,,,1,104,,True,5356,1183.87109375,1183.87109375,,,,,invariant,1183.87109375,,valid,pass,,
"[""local_input.weight"", ""local_input.bias"", ""local_output.weight"", ""local_output.bias"", ""blocks.0.tp.weight"", ""blocks.0.mix.weight"", ""blocks.0.radial_gate.0.weight"", ""blocks.0.radial_gate.0.bias"", ""blocks.0.radial_gate.2.weight"", ""blocks.0.radial_gate.2.bias"", ""blocks.0.update.0.weight"", ""blocks.0.update.0.bias"", ""blocks.0.update.2.weight"", ""blocks.0.update.2.bias"", ""blocks.0.norm.weight"", ""blocks.0.norm.bias"", ""blocks.0.direction_gate.weight"", ""blocks.0.direction_gate.bias"", ""blocks.1.tp.weight"", ""blocks.1.mix.weight"", ""blocks.1.radial_gate.0.weight"", ""blocks.1.radial_gate.0.bias"", ""blocks.1.radial_gate.2.weight"", ""blocks.1.radial_gate.2.bias"", ""blocks.1.update.0.weight"", ""blocks.1.update.0.bias"", ""blocks.1.update.2.weight"", ""blocks.1.update.2.bias"", ""blocks.1.norm.weight"", ""blocks.1.norm.bias""]",0.011655463837087154,True,,,609,resources,,,,,,,,torch.float32,,,True,0.019428611965849996,0.006953005911782384,,0.010990591952577233,,,0.007773148128762841,mp-aaaciccv,[],1655,,,,,,1,104,,True,5356,1183.87109375,1183.87109375,,,,,equivariant,1183.87109375,,valid,pass,,
,,,,,610,e3_direct,,,,4,,,,torch.float64,2e-10,2e-10,,,,,,,,,mp-aaaciccv,,1655,6.661338147750939e-16,,,1.7623209160670898e-06,,1,104,rotation_1,,5356,,,,,,,invariant,,,valid,pass,,
,,,,,611,e3_direct,,,,4,,,,torch.float64,2e-10,2e-10,,,,,,,,,mp-aaaciccv,,1655,4.85722573273506e-17,,,2.4098872154125004e-07,,1,104,rotation_1,,5356,,,,,,,equivariant,,,valid,pass,,
,,,,,612,e3_direct,,,,4,,,,torch.float64,2e-10,2e-10,,,,,,,,,mp-aaaciccv,,1655,1.1102230246251565e-15,,,2.5146866950642715e-06,,1,104,rotation_2,,5356,,,,,,,invariant,,,valid,pass,,
,,,,,613,e3_direct,,,,4,,,,torch.float64,2e-10,2e-10,,,,,,,,,mp-aaaciccv,,1655,4.5536491244391186e-17,,,2.2683551906849345e-07,,1,104,rotation_2,,5356,,,,,,,equivariant,,,valid,pass,,
,,,,,614,e3_direct,,,,4,,,,torch.float64,2e-10,2e-10,,,,,,,,,mp-aaaciccv,,1655,0.0,,,0.0,,1,104,reflection,,5356,,,,,,,invariant,,,valid,pass,,
,,,,,615,e3_direct,,,,4,,,,torch.float64,2e-10,2e-10,,,,,,,,,mp-aaaciccv,,1655,9.540979117872439e-18,,,4.748479098998363e-08,,1,104,reflection,,5356,,,,,,,equivariant,,,valid,pass,,
,,,,,616,e3_direct,,,,4,,,,torch.float64,2e-10,2e-10,,,,,,,,,mp-aaaciccv,,1655,0.0,,,0.0,,1,104,inversion,,5356,,,,,,,invariant,,,valid,pass,,
,,,,,617,e3_direct,,,,4,,,,torch.float64,2e-10,2e-10,,,,,,,,,mp-aaaciccv,,1655,0.0,,,0.0,,1,104,inversion,,5356,,,,,,,equivariant,,,valid,pass,,
,,,,,618,e3_direct,,,,4,,,,torch.float64,2e-10,2e-10,,,,,,,,,mp-aaaciccv,,1655,6.661338147750939e-16,,,1.7623209160670898e-06,,1,104,improper_with_translation,,5356,,,,,,,invariant,,,valid,pass,,
,,,,,619,e3_direct,,,,4,,,,torch.float64,2e-10,2e-10,,,,,,,,,mp-aaaciccv,,1655,4.85722573273506e-17,,,2.4098872154125004e-07,,1,104,improper_with_translation,,5356,,,,,,,equivariant,,,valid,pass,,
,,,0,0,620,e3_rebuilt,,,,4,,,,torch.float64,2e-06,2e-06,,,,0.0,,pass,1.9821905042642553e-16,,mp-aaaciccv,,1655,4.440892098500626e-16,,,8.492186434305852e-11,,1,104,translation,,5356,,,,,,,invariant,,,valid,pass,,
,,,0,0,621,e3_rebuilt,,,,4,,,,torch.float64,2e-06,2e-06,,,,0.0,,pass,1.9821905042642553e-16,,mp-aaaciccv,,1655,6.8140995541094394e-18,,,3.40704977705472e-12,,1,104,translation,,5356,,,,,,,equivariant,,,valid,pass,,
,,,0,0,622,representation,,,,4,,,,torch.float64,2e-06,2e-06,,,,0.0,,pass,0.0,,mp-aaaciccv,,1655,0.0,,,0.0,,1,104,permutation,,5356,,,,,,,invariant,,,valid,pass,,
,,,0,0,623,representation,,,,4,,,,torch.float64,2e-06,2e-06,,,,0.0,,pass,0.0,,mp-aaaciccv,,1655,0.0,,,0.0,,1,104,permutation,,5356,,,,,,,equivariant,,,valid,pass,,
,,,0,0,624,representation,,,,4,,,,torch.float64,2e-06,2e-06,,,,0.0,,pass,0.0,,mp-aaaciccv,,1655,0.0,,,0.0,,1,104,integer_images,,5356,,,,,,,invariant,,,valid,pass,,
,,,0,0,625,representation,,,,4,,,,torch.float64,2e-06,2e-06,,,,0.0,,pass,0.0,,mp-aaaciccv,,1655,0.0,,,0.0,,1,104,integer_images,,5356,,,,,,,equivariant,,,valid,pass,,
,,,0,0,626,representation,,,,4,,,,torch.float64,2e-06,2e-06,,,,8.881784197001252e-16,,pass,8.881784197001252e-16,,mp-aaaciccv,,1655,6.661338147750939e-16,,,1.8344362358149985e-10,,1,104,basis_swap,,5356,,,,,,,invariant,,,valid,pass,,
,,,0,0,627,representation,,,,4,,,,torch.float64,2e-06,2e-06,,,,8.881784197001252e-16,,pass,8.881784197001252e-16,,mp-aaaciccv,,1655,2.0032547602545076e-17,,,1.0016273801272539e-11,,1,104,basis_swap,,5356,,,,,,,equivariant,,,valid,pass,,
,,,0,0,628,representation,,,,4,,,,torch.float64,2e-06,2e-06,,,,8.881784197001252e-16,,pass,8.881784197001252e-16,,mp-aaaciccv,,1655,2.4424906541753444e-15,,,1.08917209487892e-09,,1,104,basis_shear,,5356,,,,,,,invariant,,,valid,pass,,
,,,0,0,629,representation,,,,4,,,,torch.float64,2e-06,2e-06,,,,8.881784197001252e-16,,pass,8.881784197001252e-16,,mp-aaaciccv,,1655,1.5543122344752192e-15,,,5.455581794802735e-10,,1,104,basis_shear,,5356,,,,,,,equivariant,,,valid,pass,,
,,,,,630,e3_direct,,,,4,,,,torch.float32,2e-05,2e-05,,,,,,,,,mp-aaaaaaau,,0,4.76837158203125e-07,,,0.013106334954500198,,1,112,rotation_1,,6216,,,,,,,invariant,,,valid,pass,,
,,,,,631,e3_direct,,,,4,,,,torch.float32,2e-05,2e-05,,,,,,,,,mp-aaaaaaau,,0,3.631858902508611e-08,,,0.0018159295432269573,,1,112,rotation_1,,6216,,,,,,,equivariant,,,valid,pass,,
,,,,,632,e3_direct,,,,4,,,,torch.float32,2e-05,2e-05,,,,,,,,,mp-aaaaaaau,,0,3.5762786865234375e-07,,,0.013091136701405048,,1,112,rotation_2,,6216,,,,,,,invariant,,,valid,pass,,
,,,,,633,e3_direct,,,,4,,,,torch.float32,2e-05,2e-05,,,,,,,,,mp-aaaaaaau,,0,3.5785426177881163e-08,,,0.0017892713658511639,,1,112,rotation_2,,6216,,,,,,,equivariant,,,valid,pass,,
,,,,,634,e3_direct,,,,4,,,,torch.float32,2e-05,2e-05,,,,,,,,,mp-aaaaaaau,,0,0.0,,,0.0,,1,112,reflection,,6216,,,,,,,invariant,,,valid,pass,,
,,,,,635,e3_direct,,,,4,,,,torch.float32,2e-05,2e-05,,,,,,,,,mp-aaaaaaau,,0,0.0,,,0.0,,1,112,reflection,,6216,,,,,,,equivariant,,,valid,pass,,
,,,,,636,e3_direct,,,,4,,,,torch.float32,2e-05,2e-05,,,,,,,,,mp-aaaaaaau,,0,0.0,,,0.0,,1,112,inversion,,6216,,,,,,,invariant,,,valid,pass,,
,,,,,637,e3_direct,,,,4,,,,torch.float32,2e-05,2e-05,,,,,,,,,mp-aaaaaaau,,0,0.0,,,0.0,,1,112,inversion,,6216,,,,,,,equivariant,,,valid,pass,,
,,,,,638,e3_direct,,,,4,,,,torch.float32,2e-05,2e-05,,,,,,,,,mp-aaaaaaau,,0,4.76837158203125e-07,,,0.013106334954500198,,1,112,improper_with_translation,,6216,,,,,,,invariant,,,valid,pass,,
,,,,,639,e3_direct,,,,4,,,,torch.float32,2e-05,2e-05,,,,,,,,,mp-aaaaaaau,,0,3.631858902508611e-08,,,0.0018159295432269573,,1,112,improper_with_translation,,6216,,,,,,,equivariant,,,valid,pass,,
,,,0,0,640,e3_rebuilt,,,,4,,,,torch.float32,0.0001,0.0001,,,,1.430511474609375e-06,,pass,4.76837158203125e-07,,mp-aaaaaaau,,0,9.5367431640625e-07,,,0.004695499781519175,,1,112,translation,,6216,,,,,,,invariant,,,valid,pass,,
,,,0,0,641,e3_rebuilt,,,,4,,,,torch.float32,0.0001,0.0001,,,,1.430511474609375e-06,,pass,4.76837158203125e-07,,mp-aaaaaaau,,0,9.220093488693237e-07,,,0.008954621851444244,,1,112,translation,,6216,,,,,,,equivariant,,,valid,pass,,
,,,0,0,642,representation,,,,4,,,,torch.float32,0.0001,0.0001,,,,0.0,,pass,0.0,,mp-aaaaaaau,,0,0.0,,,0.0,,1,112,permutation,,6216,,,,,,,invariant,,,valid,pass,,
,,,0,0,643,representation,,,,4,,,,torch.float32,0.0001,0.0001,,,,0.0,,pass,0.0,,mp-aaaaaaau,,0,0.0,,,0.0,,1,112,permutation,,6216,,,,,,,equivariant,,,valid,pass,,
,,,0,0,644,representation,,,,4,,,,torch.float32,0.0001,0.0001,,,,0.0,,pass,0.0,,mp-aaaaaaau,,0,0.0,,,0.0,,1,112,integer_images,,6216,,,,,,,invariant,,,valid,pass,,
,,,0,0,645,representation,,,,4,,,,torch.float32,0.0001,0.0001,,,,0.0,,pass,0.0,,mp-aaaaaaau,,0,0.0,,,0.0,,1,112,integer_images,,6216,,,,,,,equivariant,,,valid,pass,,
,,,0,0,646,representation,,,,4,,,,torch.float32,0.0001,0.0001,,,,1.430511474609375e-06,,pass,4.76837158203125e-07,,mp-aaaaaaau,,0,1.952052116394043e-06,,,0.015946608036756516,,1,112,basis_swap,,6216,,,,,,,invariant,,,valid,pass,,
,,,0,0,647,representation,,,,4,,,,torch.float32,0.0001,0.0001,,,,1.430511474609375e-06,,pass,4.76837158203125e-07,,mp-aaaaaaau,,0,1.9371509552001953e-06,,,0.014218853786587715,,1,112,basis_swap,,6216,,,,,,,equivariant,,,valid,pass,,
,,,0,0,648,representation,,,,4,,,,torch.float32,0.0001,0.0001,,,,1.430511474609375e-06,,pass,9.5367431640625e-07,,mp-aaaaaaau,,0,7.152557373046875e-07,,,0.0038248321507126093,,1,112,basis_shear,,6216,,,,,,,invariant,,,valid,pass,,
,,,0,0,649,representation,,,,4,,,,torch.float32,0.0001,0.0001,,,,1.430511474609375e-06,,pass,9.5367431640625e-07,,mp-aaaaaaau,,0,7.748603820800781e-07,,,0.006588646210730076,,1,112,basis_shear,,6216,,,,,,,equivariant,,,valid,pass,,
"[""local_input.weight"", ""local_input.bias"", ""local_output.weight"", ""local_output.bias"", ""blocks.0.edge_mlp.0.weight"", ""blocks.0.edge_mlp.0.bias"", ""blocks.0.edge_mlp.2.weight"", ""blocks.0.edge_mlp.2.bias"", ""blocks.0.angle_mlp.0.weight"", ""blocks.0.angle_mlp.0.bias"", ""blocks.0.angle_mlp.2.weight"", ""blocks.0.angle_mlp.2.bias"", ""blocks.0.update.0.weight"", ""blocks.0.update.0.bias"", ""blocks.0.update.2.weight"", ""blocks.0.update.2.bias"", ""blocks.0.norm.weight"", ""blocks.0.norm.bias"", ""blocks.1.edge_mlp.0.weight"", ""blocks.1.edge_mlp.0.bias"", ""blocks.1.edge_mlp.2.weight"", ""blocks.1.edge_mlp.2.bias"", ""blocks.1.angle_mlp.0.weight"", ""blocks.1.angle_mlp.0.bias"", ""blocks.1.angle_mlp.2.weight"", ""blocks.1.angle_mlp.2.bias"", ""blocks.1.update.0.weight"", ""blocks.1.update.0.bias"", ""blocks.1.update.2.weight"", ""blocks.1.update.2.bias"", ""blocks.1.norm.weight"", ""blocks.1.norm.bias""]",0.27343887696042657,True,,,650,resources,,,,,,,,torch.float32,,,True,0.3242395408451557,0.04647130286321044,,0.010232103988528252,,,0.05080066388472915,mp-aaaaaaau,[],0,,,,,,1,112,,True,6216,1183.87109375,1183.87109375,,,,,invariant,1183.87109375,,valid,pass,,
"[""local_input.weight"", ""local_input.bias"", ""local_output.weight"", ""local_output.bias"", ""blocks.0.tp.weight"", ""blocks.0.mix.weight"", ""blocks.0.radial_gate.0.weight"", ""blocks.0.radial_gate.0.bias"", ""blocks.0.radial_gate.2.weight"", ""blocks.0.radial_gate.2.bias"", ""blocks.0.update.0.weight"", ""blocks.0.update.0.bias"", ""blocks.0.update.2.weight"", ""blocks.0.update.2.bias"", ""blocks.0.norm.weight"", ""blocks.0.norm.bias"", ""blocks.0.direction_gate.weight"", ""blocks.0.direction_gate.bias"", ""blocks.1.tp.weight"", ""blocks.1.mix.weight"", ""blocks.1.radial_gate.0.weight"", ""blocks.1.radial_gate.0.bias"", ""blocks.1.radial_gate.2.weight"", ""blocks.1.radial_gate.2.bias"", ""blocks.1.update.0.weight"", ""blocks.1.update.0.bias"", ""blocks.1.update.2.weight"", ""blocks.1.update.2.bias"", ""blocks.1.norm.weight"", ""blocks.1.norm.bias""]",0.011881568934768438,True,,,651,resources,,,,,,,,torch.float32,,,True,0.01982535282149911,0.007357225986197591,,0.010232103988528252,,,0.007943783886730671,mp-aaaaaaau,[],0,,,,,,1,112,,True,6216,1183.87109375,1183.87109375,,,,,equivariant,1183.87109375,,valid,pass,,
,,,,,652,e3_direct,,,,4,,,,torch.float64,2e-10,2e-10,,,,,,,,,mp-aaaaaaau,,0,6.661338147750939e-16,,,1.9790966863636726e-06,,1,112,rotation_1,,6216,,,,,,,invariant,,,valid,pass,,
,,,,,653,e3_direct,,,,4,,,,torch.float64,2e-10,2e-10,,,,,,,,,mp-aaaaaaau,,0,1.206136245679499e-16,,,6.030681227758917e-07,,1,112,rotation_1,,6216,,,,,,,equivariant,,,valid,pass,,
,,,,,654,e3_direct,,,,4,,,,torch.float64,2e-10,2e-10,,,,,,,,,mp-aaaaaaau,,0,7.216449660063518e-16,,,2.6392686727346505e-06,,1,112,rotation_2,,6216,,,,,,,invariant,,,valid,pass,,
,,,,,655,e3_direct,,,,4,,,,torch.float64,2e-10,2e-10,,,,,,,,,mp-aaaaaaau,,0,3.3306690738754696e-16,,,1.0372338012391992e-06,,1,112,rotation_2,,6216,,,,,,,equivariant,,,valid,pass,,
,,,,,656,e3_direct,,,,4,,,,torch.float64,2e-10,2e-10,,,,,,,,,mp-aaaaaaau,,0,0.0,,,0.0,,1,112,reflection,,6216,,,,,,,invariant,,,valid,pass,,
,,,,,657,e3_direct,,,,4,,,,torch.float64,2e-10,2e-10,,,,,,,,,mp-aaaaaaau,,0,1.6543612251060553e-24,,,8.27180611095401e-15,,1,112,reflection,,6216,,,,,,,equivariant,,,valid,pass,,
,,,,,658,e3_direct,,,,4,,,,torch.float64,2e-10,2e-10,,,,,,,,,mp-aaaaaaau,,0,0.0,,,0.0,,1,112,inversion,,6216,,,,,,,invariant,,,valid,pass,,
,,,,,659,e3_direct,,,,4,,,,torch.float64,2e-10,2e-10,,,,,,,,,mp-aaaaaaau,,0,0.0,,,0.0,,1,112,inversion,,6216,,,,,,,equivariant,,,valid,pass,,
,,,,,660,e3_direct,,,,4,,,,torch.float64,2e-10,2e-10,,,,,,,,,mp-aaaaaaau,,0,6.661338147750939e-16,,,1.9790966863636726e-06,,1,112,improper_with_translation,,6216,,,,,,,invariant,,,valid,pass,,
,,,,,661,e3_direct,,,,4,,,,torch.float64,2e-10,2e-10,,,,,,,,,mp-aaaaaaau,,0,1.206136245679499e-16,,,6.030681227758917e-07,,1,112,improper_with_translation,,6216,,,,,,,equivariant,,,valid,pass,,
,,,0,0,662,e3_rebuilt,,,,4,,,,torch.float64,2e-06,2e-06,,,,2.439396951103845e-08,,pass,2.220446049250313e-16,,mp-aaaaaaau,,0,7.296546866708553e-09,,,0.00298032959913639,,1,112,translation,,6216,,,,,,,invariant,,,valid,pass,,
,,,0,0,663,e3_rebuilt,,,,4,,,,torch.float64,2e-06,2e-06,,,,2.439396951103845e-08,,pass,2.220446049250313e-16,,mp-aaaaaaau,,0,6.554957410198625e-09,,,0.0024043886267230137,,1,112,translation,,6216,,,,,,,equivariant,,,valid,pass,,
,,,0,0,664,representation,,,,4,,,,torch.float64,2e-06,2e-06,,,,0.0,,pass,0.0,,mp-aaaaaaau,,0,0.0,,,0.0,,1,112,permutation,,6216,,,,,,,invariant,,,valid,pass,,
,,,0,0,665,representation,,,,4,,,,torch.float64,2e-06,2e-06,,,,0.0,,pass,0.0,,mp-aaaaaaau,,0,0.0,,,0.0,,1,112,permutation,,6216,,,,,,,equivariant,,,valid,pass,,
,,,0,0,666,representation,,,,4,,,,torch.float64,2e-06,2e-06,,,,0.0,,pass,0.0,,mp-aaaaaaau,,0,0.0,,,0.0,,1,112,integer_images,,6216,,,,,,,invariant,,,valid,pass,,
,,,0,0,667,representation,,,,4,,,,torch.float64,2e-06,2e-06,,,,0.0,,pass,0.0,,mp-aaaaaaau,,0,0.0,,,0.0,,1,112,integer_images,,6216,,,,,,,equivariant,,,valid,pass,,
,,,0,0,668,representation,,,,4,,,,torch.float64,2e-06,2e-06,,,,2.439397039921687e-08,,pass,8.881784197001252e-16,,mp-aaaaaaau,,0,7.296544507484626e-09,,,0.0029803286354935835,,1,112,basis_swap,,6216,,,,,,,invariant,,,valid,pass,,
,,,0,0,669,representation,,,,4,,,,torch.float64,2e-06,2e-06,,,,2.439397039921687e-08,,pass,8.881784197001252e-16,,mp-aaaaaaau,,0,6.5549540240184e-09,,,0.002404387384656481,,1,112,basis_swap,,6216,,,,,,,equivariant,,,valid,pass,,
,,,0,0,670,representation,,,,4,,,,torch.float64,2e-06,2e-06,,,,8.881784197001252e-16,,pass,1.7763568394002505e-15,,mp-aaaaaaau,,0,1.1102230246251565e-15,,,4.876827794432516e-10,,1,112,basis_shear,,6216,,,,,,,invariant,,,valid,pass,,
,,,0,0,671,representation,,,,4,,,,torch.float64,2e-06,2e-06,,,,8.881784197001252e-16,,pass,1.7763568394002505e-15,,mp-aaaaaaau,,0,1.5543122344752192e-15,,,6.109532482249163e-10,,1,112,basis_shear,,6216,,,,,,,equivariant,,,valid,pass,,
,,,,,672,e3_direct,,,,4,,,,torch.float32,2e-05,2e-05,,,,,,,,,mp-aaaaafae,,171,5.960464477539062e-07,,,0.01921708509325981,,80,6976,rotation_1,,301016,,,,,,,invariant,,,valid,pass,,
,,,,,673,e3_direct,,,,4,,,,torch.float32,2e-05,2e-05,,,,,,,,,mp-aaaaafae,,171,7.152557373046875e-07,,,0.014151323586702347,,80,6976,rotation_1,,301016,,,,,,,equivariant,,,valid,pass,,
,,,,,674,e3_direct,,,,4,,,,torch.float32,2e-05,2e-05,,,,,,,,,mp-aaaaafae,,171,7.152557373046875e-07,,,0.016283415257930756,,80,6976,rotation_2,,301016,,,,,,,invariant,,,valid,pass,,
,,,,,675,e3_direct,,,,4,,,,torch.float32,2e-05,2e-05,,,,,,,,,mp-aaaaafae,,171,4.76837158203125e-07,,,0.012314826250076294,,80,6976,rotation_2,,301016,,,,,,,equivariant,,,valid,pass,,
,,,,,676,e3_direct,,,,4,,,,torch.float32,2e-05,2e-05,,,,,,,,,mp-aaaaafae,,171,0.0,,,0.0,,80,6976,reflection,,301016,,,,,,,invariant,,,valid,pass,,
,,,,,677,e3_direct,,,,4,,,,torch.float32,2e-05,2e-05,,,,,,,,,mp-aaaaafae,,171,0.0,,,0.0,,80,6976,reflection,,301016,,,,,,,equivariant,,,valid,pass,,
,,,,,678,e3_direct,,,,4,,,,torch.float32,2e-05,2e-05,,,,,,,,,mp-aaaaafae,,171,0.0,,,0.0,,80,6976,inversion,,301016,,,,,,,invariant,,,valid,pass,,
,,,,,679,e3_direct,,,,4,,,,torch.float32,2e-05,2e-05,,,,,,,,,mp-aaaaafae,,171,0.0,,,0.0,,80,6976,inversion,,301016,,,,,,,equivariant,,,valid,pass,,
,,,,,680,e3_direct,,,,4,,,,torch.float32,2e-05,2e-05,,,,,,,,,mp-aaaaafae,,171,5.960464477539062e-07,,,0.01921708509325981,,80,6976,improper_with_translation,,301016,,,,,,,invariant,,,valid,pass,,
,,,,,681,e3_direct,,,,4,,,,torch.float32,2e-05,2e-05,,,,,,,,,mp-aaaaafae,,171,7.152557373046875e-07,,,0.014151323586702347,,80,6976,improper_with_translation,,301016,,,,,,,equivariant,,,valid,pass,,
,,,0,0,682,e3_rebuilt,,,,4,,,,torch.float32,0.0001,0.0001,,,,3.814697265625e-06,,pass,1.9073486328125e-06,,mp-aaaaafae,,171,2.115964889526367e-06,,,0.018664158880710602,,80,6976,translation,,301016,,,,,,,invariant,,,valid,pass,,
,,,0,0,683,e3_rebuilt,,,,4,,,,torch.float32,0.0001,0.0001,,,,3.814697265625e-06,,pass,1.9073486328125e-06,,mp-aaaaafae,,171,3.1739473342895508e-06,,,0.025810252875089645,,80,6976,translation,,301016,,,,,,,equivariant,,,valid,pass,,
,,,0,0,684,representation,,,,4,,,,torch.float32,0.0001,0.0001,,,,0.0,,pass,0.0,,mp-aaaaafae,,171,9.5367431640625e-07,,,0.008630158379673958,,80,6976,permutation,,301016,,,,,,,invariant,,,valid,pass,,
,,,0,0,685,representation,,,,4,,,,torch.float32,0.0001,0.0001,,,,0.0,,pass,0.0,,mp-aaaaafae,,171,1.1920928955078125e-06,,,0.01134614646434784,,80,6976,permutation,,301016,,,,,,,equivariant,,,valid,pass,,
,,,0,0,686,representation,,,,4,,,,torch.float32,0.0001,0.0001,,,,3.814697265625e-06,,pass,5.0067901611328125e-06,,mp-aaaaafae,,171,1.2814998626708984e-06,,,0.011602304875850677,,80,6976,integer_images,,301016,,,,,,,invariant,,,valid,pass,,
,,,0,0,687,representation,,,,4,,,,torch.float32,0.0001,0.0001,,,,3.814697265625e-06,,pass,5.0067901611328125e-06,,mp-aaaaafae,,171,1.7285346984863281e-06,,,0.016423501074314117,,80,6976,integer_images,,301016,,,,,,,equivariant,,,valid,pass,,
,,,0,0,688,representation,,,,4,,,,torch.float32,0.0001,0.0001,,,,2.86102294921875e-06,,pass,1.430511474609375e-06,,mp-aaaaafae,,171,2.1457672119140625e-06,,,0.018664155155420303,,80,6976,basis_swap,,301016,,,,,,,invariant,,,valid,pass,,
,,,0,0,689,representation,,,,4,,,,torch.float32,0.0001,0.0001,,,,2.86102294921875e-06,,pass,1.430511474609375e-06,,mp-aaaaafae,,171,2.682209014892578e-06,,,0.021569129079580307,,80,6976,basis_swap,,301016,,,,,,,equivariant,,,valid,pass,,
,,,0,0,690,representation,,,,4,,,,torch.float32,0.0001,0.0001,,,,1.9073486328125e-06,,pass,1.6689300537109375e-06,,mp-aaaaafae,,171,1.7881393432617188e-06,,,0.016049720346927643,,80,6976,basis_shear,,301016,,,,,,,invariant,,,valid,pass,,
,,,0,0,691,representation,,,,4,,,,torch.float32,0.0001,0.0001,,,,1.9073486328125e-06,,pass,1.6689300537109375e-06,,mp-aaaaafae,,171,2.2649765014648438e-06,,,0.021194450557231903,,80,6976,basis_shear,,301016,,,,,,,equivariant,,,valid,pass,,
"[""local_input.weight"", ""local_input.bias"", ""local_output.weight"", ""local_output.bias"", ""blocks.0.edge_mlp.0.weight"", ""blocks.0.edge_mlp.0.bias"", ""blocks.0.edge_mlp.2.weight"", ""blocks.0.edge_mlp.2.bias"", ""blocks.0.angle_mlp.0.weight"", ""blocks.0.angle_mlp.0.bias"", ""blocks.0.angle_mlp.2.weight"", ""blocks.0.angle_mlp.2.bias"", ""blocks.0.update.0.weight"", ""blocks.0.update.0.bias"", ""blocks.0.update.2.weight"", ""blocks.0.update.2.bias"", ""blocks.0.norm.weight"", ""blocks.0.norm.bias"", ""blocks.1.edge_mlp.0.weight"", ""blocks.1.edge_mlp.0.bias"", ""blocks.1.edge_mlp.2.weight"", ""blocks.1.edge_mlp.2.bias"", ""blocks.1.angle_mlp.0.weight"", ""blocks.1.angle_mlp.0.bias"", ""blocks.1.angle_mlp.2.weight"", ""blocks.1.angle_mlp.2.bias"", ""blocks.1.update.0.weight"", ""blocks.1.update.0.bias"", ""blocks.1.update.2.weight"", ""blocks.1.update.2.bias"", ""blocks.1.norm.weight"", ""blocks.1.norm.bias""]",11.47466177912429,True,,,692,resources,,,,,,,,torch.float32,,,True,13.748781776055694,2.0630396348424256,,0.02549898298457265,,,2.274119996931404,mp-aaaaafae,[],171,,,,,,80,6976,,True,301016,1183.87109375,1183.87109375,,,,,invariant,1183.87109375,,valid,pass,,
"[""local_input.weight"", ""local_input.bias"", ""local_output.weight"", ""local_output.bias"", ""blocks.0.tp.weight"", ""blocks.0.mix.weight"", ""blocks.0.radial_gate.0.weight"", ""blocks.0.radial_gate.0.bias"", ""blocks.0.radial_gate.2.weight"", ""blocks.0.radial_gate.2.bias"", ""blocks.0.update.0.weight"", ""blocks.0.update.0.bias"", ""blocks.0.update.2.weight"", ""blocks.0.update.2.bias"", ""blocks.0.norm.weight"", ""blocks.0.norm.bias"", ""blocks.0.direction_gate.weight"", ""blocks.0.direction_gate.bias"", ""blocks.1.tp.weight"", ""blocks.1.mix.weight"", ""blocks.1.radial_gate.0.weight"", ""blocks.1.radial_gate.0.bias"", ""blocks.1.radial_gate.2.weight"", ""blocks.1.radial_gate.2.bias"", ""blocks.1.update.0.weight"", ""blocks.1.update.0.bias"", ""blocks.1.update.2.weight"", ""blocks.1.update.2.bias"", ""blocks.1.norm.weight"", ""blocks.1.norm.bias""]",0.12464597797952592,True,,,693,resources,,,,,,,,torch.float32,,,True,0.19407148705795407,0.0664323999080807,,0.02549898298457265,,,0.06942550907842815,mp-aaaaafae,[],171,,,,,,80,6976,,True,301016,1183.87109375,1183.87109375,,,,,equivariant,1183.87109375,,valid,pass,,
,,,,,694,e3_direct,,,,4,,,,torch.float64,2e-10,2e-10,,,,,,,,,mp-aaaaafae,,171,1.3322676295501878e-15,,,2.9077899031008772e-06,,80,6976,rotation_1,,301016,,,,,,,invariant,,,valid,pass,,
,,,,,695,e3_direct,,,,4,,,,torch.float64,2e-10,2e-10,,,,,,,,,mp-aaaaafae,,171,1.1102230246251565e-15,,,2.7508298354040825e-06,,80,6976,rotation_1,,301016,,,,,,,equivariant,,,valid,pass,,
,,,,,696,e3_direct,,,,4,,,,torch.float64,2e-10,2e-10,,,,,,,,,mp-aaaaafae,,171,1.3322676295501878e-15,,,2.993071385556019e-06,,80,6976,rotation_2,,301016,,,,,,,invariant,,,valid,pass,,
,,,,,697,e3_direct,,,,4,,,,torch.float64,2e-10,2e-10,,,,,,,,,mp-aaaaafae,,171,1.3322676295501878e-15,,,3.1530520326929835e-06,,80,6976,rotation_2,,301016,,,,,,,equivariant,,,valid,pass,,
,,,,,698,e3_direct,,,,4,,,,torch.float64,2e-10,2e-10,,,,,,,,,mp-aaaaafae,,171,0.0,,,0.0,,80,6976,reflection,,301016,,,,,,,invariant,,,valid,pass,,
,,,,,699,e3_direct,,,,4,,,,torch.float64,2e-10,2e-10,,,,,,,,,mp-aaaaafae,,171,1.3183898417423734e-16,,,6.350071211664006e-07,,80,6976,reflection,,301016,,,,,,,equivariant,,,valid,pass,,
,,,,,700,e3_direct,,,,4,,,,torch.float64,2e-10,2e-10,,,,,,,,,mp-aaaaafae,,171,0.0,,,0.0,,80,6976,inversion,,301016,,,,,,,invariant,,,valid,pass,,
,,,,,701,e3_direct,,,,4,,,,torch.float64,2e-10,2e-10,,,,,,,,,mp-aaaaafae,,171,0.0,,,0.0,,80,6976,inversion,,301016,,,,,,,equivariant,,,valid,pass,,
,,,,,702,e3_direct,,,,4,,,,torch.float64,2e-10,2e-10,,,,,,,,,mp-aaaaafae,,171,1.3322676295501878e-15,,,2.9077899031008772e-06,,80,6976,improper_with_translation,,301016,,,,,,,invariant,,,valid,pass,,
,,,,,703,e3_direct,,,,4,,,,torch.float64,2e-10,2e-10,,,,,,,,,mp-aaaaafae,,171,1.1102230246251565e-15,,,2.7508298354040825e-06,,80,6976,improper_with_translation,,301016,,,,,,,equivariant,,,valid,pass,,
,,,0,0,704,e3_rebuilt,,,,4,,,,torch.float64,2e-06,2e-06,,,,3.138096271726454e-08,,pass,4.440892098500626e-15,,mp-aaaaafae,,171,5.494682042694876e-09,,,0.0025277402189670473,,80,6976,translation,,301016,,,,,,,invariant,,,valid,pass,,
,,,0,0,705,e3_rebuilt,,,,4,,,,torch.float64,2e-06,2e-06,,,,3.138096271726454e-08,,pass,4.440892098500626e-15,,mp-aaaaafae,,171,8.530420814167883e-09,,,0.00347937765556922,,80,6976,translation,,301016,,,,,,,equivariant,,,valid,pass,,
,,,0,0,706,representation,,,,4,,,,torch.float64,2e-06,2e-06,,,,0.0,,pass,0.0,,mp-aaaaafae,,171,2.220446049250313e-15,,,6.317777296421867e-10,,80,6976,permutation,,301016,,,,,,,invariant,,,valid,pass,,
,,,0,0,707,representation,,,,4,,,,torch.float64,2e-06,2e-06,,,,0.0,,pass,0.0,,mp-aaaaafae,,171,2.3245294578089215e-15,,,1.1057739612428549e-09,,80,6976,permutation,,301016,,,,,,,equivariant,,,valid,pass,,
,,,0,0,708,representation,,,,4,,,,torch.float64,2e-06,2e-06,,,,1.7763568394002505e-15,,pass,1.7763568394002505e-15,,mp-aaaaafae,,171,1.5543122344752192e-15,,,5.066810825433615e-10,,80,6976,integer_images,,301016,,,,,,,invariant,,,valid,pass,,
,,,0,0,709,representation,,,,4,,,,torch.float64,2e-06,2e-06,,,,1.7763568394002505e-15,,pass,1.7763568394002505e-15,,mp-aaaaafae,,171,1.7763568394002505e-15,,,5.021135774633526e-10,,80,6976,integer_images,,301016,,,,,,,equivariant,,,valid,pass,,
,,,0,0,710,representation,,,,4,,,,torch.float64,2e-06,2e-06,,,,3.138096182908612e-08,,pass,1.7763568394002505e-15,,mp-aaaaafae,,171,5.4946840410963205e-09,,,0.002527739777931088,,80,6976,basis_swap,,301016,,,,,,,invariant,,,valid,pass,,
,,,0,0,711,representation,,,,4,,,,torch.float64,2e-06,2e-06,,,,3.138096182908612e-08,,pass,1.7763568394002505e-15,,mp-aaaaafae,,171,8.53042025905637e-09,,,0.0034793773938065213,,80,6976,basis_swap,,301016,,,,,,,equivariant,,,valid,pass,,
,,,0,0,712,representation,,,,4,,,,torch.float64,2e-06,2e-06,,,,3.552713678800501e-15,,pass,2.6645352591003757e-15,,mp-aaaaafae,,171,2.609024107869118e-15,,,9.906899312314328e-10,,80,6976,basis_shear,,301016,,,,,,,invariant,,,valid,pass,,
,,,0,0,713,representation,,,,4,,,,torch.float64,2e-06,2e-06,,,,3.552713678800501e-15,,pass,2.6645352591003757e-15,,mp-aaaaafae,,171,3.230055112268815e-15,,,1.589307729995347e-09,,80,6976,basis_shear,,301016,,,,,,,equivariant,,,valid,pass,,
,,,,,714,e3_direct,,,,4,,,,torch.float32,2e-05,2e-05,,,,,,,,,mp-aaacpndw,,1999,4.76837158203125e-07,,,0.013250444084405899,,4,104,rotation_1,,1300,,,,,,,invariant,,,valid,pass,,
,,,,,715,e3_direct,,,,4,,,,torch.float32,2e-05,2e-05,,,,,,,,,mp-aaacpndw,,1999,2.884562988469952e-08,,,0.0014422815293073654,,4,104,rotation_1,,1300,,,,,,,equivariant,,,valid,pass,,
,,,,,716,e3_direct,,,,4,,,,torch.float32,2e-05,2e-05,,,,,,,,,mp-aaacpndw,,1999,4.76837158203125e-07,,,0.013799818232655525,,4,104,rotation_2,,1300,,,,,,,invariant,,,valid,pass,,
,,,,,717,e3_direct,,,,4,,,,torch.float32,2e-05,2e-05,,,,,,,,,mp-aaacpndw,,1999,2.3451139696817336e-08,,,0.001172556891106069,,4,104,rotation_2,,1300,,,,,,,equivariant,,,valid,pass,,
,,,,,718,e3_direct,,,,4,,,,torch.float32,2e-05,2e-05,,,,,,,,,mp-aaacpndw,,1999,0.0,,,0.0,,4,104,reflection,,1300,,,,,,,invariant,,,valid,pass,,
,,,,,719,e3_direct,,,,4,,,,torch.float32,2e-05,2e-05,,,,,,,,,mp-aaacpndw,,1999,0.0,,,0.0,,4,104,reflection,,1300,,,,,,,equivariant,,,valid,pass,,
,,,,,720,e3_direct,,,,4,,,,torch.float32,2e-05,2e-05,,,,,,,,,mp-aaacpndw,,1999,0.0,,,0.0,,4,104,inversion,,1300,,,,,,,invariant,,,valid,pass,,
,,,,,721,e3_direct,,,,4,,,,torch.float32,2e-05,2e-05,,,,,,,,,mp-aaacpndw,,1999,0.0,,,0.0,,4,104,inversion,,1300,,,,,,,equivariant,,,valid,pass,,
,,,,,722,e3_direct,,,,4,,,,torch.float32,2e-05,2e-05,,,,,,,,,mp-aaacpndw,,1999,4.76837158203125e-07,,,0.013250444084405899,,4,104,improper_with_translation,,1300,,,,,,,invariant,,,valid,pass,,
,,,,,723,e3_direct,,,,4,,,,torch.float32,2e-05,2e-05,,,,,,,,,mp-aaacpndw,,1999,2.884562988469952e-08,,,0.0014422815293073654,,4,104,improper_with_translation,,1300,,,,,,,equivariant,,,valid,pass,,
,,,0,0,724,e3_rebuilt,,,,4,,,,torch.float32,0.0001,0.0001,,,,2.384185791015625e-07,,pass,2.384185791015625e-07,,mp-aaacpndw,,1999,5.960464477539062e-07,,,0.003091769991442561,,4,104,translation,,1300,,,,,,,invariant,,,valid,pass,,
,,,0,0,725,e3_rebuilt,,,,4,,,,torch.float32,0.0001,0.0001,,,,2.384185791015625e-07,,pass,2.384185791015625e-07,,mp-aaacpndw,,1999,4.76837158203125e-07,,,0.0023853813763707876,,4,104,translation,,1300,,,,,,,equivariant,,,valid,pass,,
,,,0,0,726,representation,,,,4,,,,torch.float32,0.0001,0.0001,,,,0.0,,pass,0.0,,mp-aaacpndw,,1999,4.76837158203125e-07,,,0.002650088630616665,,4,104,permutation,,1300,,,,,,,invariant,,,valid,pass,,
,,,0,0,727,representation,,,,4,,,,torch.float32,0.0001,0.0001,,,,0.0,,pass,0.0,,mp-aaacpndw,,1999,4.76837158203125e-07,,,0.003651436185464263,,4,104,permutation,,1300,,,,,,,equivariant,,,valid,pass,,
,,,0,0,728,representation,,,,4,,,,torch.float32,0.0001,0.0001,,,,0.0,,pass,0.0,,mp-aaacpndw,,1999,3.5762786865234375e-07,,,0.0022869848180562258,,4,104,integer_images,,1300,,,,,,,invariant,,,valid,pass,,
,,,0,0,729,representation,,,,4,,,,torch.float32,0.0001,0.0001,,,,0.0,,pass,0.0,,mp-aaacpndw,,1999,5.960464477539062e-07,,,0.003431534394621849,,4,104,integer_images,,1300,,,,,,,equivariant,,,valid,pass,,
,,,0,0,730,representation,,,,4,,,,torch.float32,0.0001,0.0001,,,,4.76837158203125e-07,,pass,2.384185791015625e-07,,mp-aaacpndw,,1999,4.76837158203125e-07,,,0.002466101199388504,,4,104,basis_swap,,1300,,,,,,,invariant,,,valid,pass,,
,,,0,0,731,representation,,,,4,,,,torch.float32,0.0001,0.0001,,,,4.76837158203125e-07,,pass,2.384185791015625e-07,,mp-aaacpndw,,1999,5.503653710547951e-07,,,0.0055036526173353195,,4,104,basis_swap,,1300,,,,,,,equivariant,,,valid,pass,,
,,,0,0,732,representation,,,,4,,,,torch.float32,0.0001,0.0001,,,,4.76837158203125e-07,,pass,4.76837158203125e-07,,mp-aaacpndw,,1999,4.76837158203125e-07,,,0.0027548912912607193,,4,104,basis_shear,,1300,,,,,,,invariant,,,valid,pass,,
,,,0,0,733,representation,,,,4,,,,torch.float32,0.0001,0.0001,,,,4.76837158203125e-07,,pass,4.76837158203125e-07,,mp-aaacpndw,,1999,5.364418029785156e-07,,,0.003257147967815399,,4,104,basis_shear,,1300,,,,,,,equivariant,,,valid,pass,,
"[""local_input.weight"", ""local_input.bias"", ""local_output.weight"", ""local_output.bias"", ""blocks.0.edge_mlp.0.weight"", ""blocks.0.edge_mlp.0.bias"", ""blocks.0.edge_mlp.2.weight"", ""blocks.0.edge_mlp.2.bias"", ""blocks.0.angle_mlp.0.weight"", ""blocks.0.angle_mlp.0.bias"", ""blocks.0.angle_mlp.2.weight"", ""blocks.0.angle_mlp.2.bias"", ""blocks.0.update.0.weight"", ""blocks.0.update.0.bias"", ""blocks.0.update.2.weight"", ""blocks.0.update.2.bias"", ""blocks.0.norm.weight"", ""blocks.0.norm.bias"", ""blocks.1.edge_mlp.0.weight"", ""blocks.1.edge_mlp.0.bias"", ""blocks.1.edge_mlp.2.weight"", ""blocks.1.edge_mlp.2.bias"", ""blocks.1.angle_mlp.0.weight"", ""blocks.1.angle_mlp.0.bias"", ""blocks.1.angle_mlp.2.weight"", ""blocks.1.angle_mlp.2.bias"", ""blocks.1.update.0.weight"", ""blocks.1.update.0.bias"", ""blocks.1.update.2.weight"", ""blocks.1.update.2.bias"", ""blocks.1.norm.weight"", ""blocks.1.norm.bias""]",0.07153228693641722,True,,,734,resources,,,,,,,,torch.float32,,,True,0.09131410508416593,0.014515037182718515,,0.005228567868471146,,,0.01978181814774871,mp-aaacpndw,[],1999,,,,,,4,104,,True,1300,1183.87109375,1183.87109375,,,,,invariant,1183.87109375,,valid,pass,,
"[""local_input.weight"", ""local_input.bias"", ""local_output.weight"", ""local_output.bias"", ""blocks.0.tp.weight"", ""blocks.0.mix.weight"", ""blocks.0.radial_gate.0.weight"", ""blocks.0.radial_gate.0.bias"", ""blocks.0.radial_gate.2.weight"", ""blocks.0.radial_gate.2.bias"", ""blocks.0.update.0.weight"", ""blocks.0.update.0.bias"", ""blocks.0.update.2.weight"", ""blocks.0.update.2.bias"", ""blocks.0.norm.weight"", ""blocks.0.norm.bias"", ""blocks.0.direction_gate.weight"", ""blocks.0.direction_gate.bias"", ""blocks.1.tp.weight"", ""blocks.1.mix.weight"", ""blocks.1.radial_gate.0.weight"", ""blocks.1.radial_gate.0.bias"", ""blocks.1.radial_gate.2.weight"", ""blocks.1.radial_gate.2.bias"", ""blocks.1.update.0.weight"", ""blocks.1.update.0.bias"", ""blocks.1.update.2.weight"", ""blocks.1.update.2.bias"", ""blocks.1.norm.weight"", ""blocks.1.norm.bias""]",0.011711715953424573,True,,,735,resources,,,,,,,,torch.float32,,,True,0.019328661961480975,0.0067674629390239716,,0.005228567868471146,,,0.007616946008056402,mp-aaacpndw,[],1999,,,,,,4,104,,True,1300,1183.87109375,1183.87109375,,,,,equivariant,1183.87109375,,valid,pass,,
,,,,,736,e3_direct,,,,4,,,,torch.float64,2e-10,2e-10,,,,,,,,,mp-aaacpndw,,1999,1.1102230246251565e-15,,,2.3179990197925433e-06,,4,104,rotation_1,,1300,,,,,,,invariant,,,valid,pass,,
,,,,,737,e3_direct,,,,4,,,,torch.float64,2e-10,2e-10,,,,,,,,,mp-aaacpndw,,1999,1.2221044757493586e-16,,,6.110522371833082e-07,,4,104,rotation_1,,1300,,,,,,,equivariant,,,valid,pass,,
,,,,,738,e3_direct,,,,4,,,,torch.float64,2e-10,2e-10,,,,,,,,,mp-aaacpndw,,1999,8.881784197001252e-16,,,2.0202820859573e-06,,4,104,rotation_2,,1300,,,,,,,invariant,,,valid,pass,,
,,,,,739,e3_direct,,,,4,,,,torch.float64,2e-10,2e-10,,,,,,,,,mp-aaacpndw,,1999,3.7033103167795256e-16,,,1.8516551540957939e-06,,4,104,rotation_2,,1300,,,,,,,equivariant,,,valid,pass,,
,,,,,740,e3_direct,,,,4,,,,torch.float64,2e-10,2e-10,,,,,,,,,mp-aaacpndw,,1999,0.0,,,0.0,,4,104,reflection,,1300,,,,,,,invariant,,,valid,pass,,
,,,,,741,e3_direct,,,,4,,,,torch.float64,2e-10,2e-10,,,,,,,,,mp-aaacpndw,,1999,9.926167350636332e-24,,,4.96308363646906e-14,,4,104,reflection,,1300,,,,,,,equivariant,,,valid,pass,,
,,,,,742,e3_direct,,,,4,,,,torch.float64,2e-10,2e-10,,,,,,,,,mp-aaacpndw,,1999,0.0,,,0.0,,4,104,inversion,,1300,,,,,,,invariant,,,valid,pass,,
,,,,,743,e3_direct,,,,4,,,,torch.float64,2e-10,2e-10,,,,,,,,,mp-aaacpndw,,1999,0.0,,,0.0,,4,104,inversion,,1300,,,,,,,equivariant,,,valid,pass,,
,,,,,744,e3_direct,,,,4,,,,torch.float64,2e-10,2e-10,,,,,,,,,mp-aaacpndw,,1999,1.1102230246251565e-15,,,2.3179990197925433e-06,,4,104,improper_with_translation,,1300,,,,,,,invariant,,,valid,pass,,
,,,,,745,e3_direct,,,,4,,,,torch.float64,2e-10,2e-10,,,,,,,,,mp-aaacpndw,,1999,1.2221044757493586e-16,,,6.110522371833082e-07,,4,104,improper_with_translation,,1300,,,,,,,equivariant,,,valid,pass,,
,,,0,0,746,e3_rebuilt,,,,4,,,,torch.float64,2e-06,2e-06,,,,1.5709925804685554e-08,,pass,1.7763568394002505e-15,,mp-aaacpndw,,1999,6.958145171154229e-10,,,0.0003192169222700396,,4,104,translation,,1300,,,,,,,invariant,,,valid,pass,,
,,,0,0,747,e3_rebuilt,,,,4,,,,torch.float64,2e-06,2e-06,,,,1.5709925804685554e-08,,pass,1.7763568394002505e-15,,mp-aaacpndw,,1999,2.03608709900181e-09,,,0.0010180435483110126,,4,104,translation,,1300,,,,,,,equivariant,,,valid,pass,,
,,,0,0,748,representation,,,,4,,,,torch.float64,2e-06,2e-06,,,,0.0,,pass,0.0,,mp-aaacpndw,,1999,6.661338147750939e-16,,,2.4406965125204783e-10,,4,104,permutation,,1300,,,,,,,invariant,,,valid,pass,,
,,,0,0,749,representation,,,,4,,,,torch.float64,2e-06,2e-06,,,,0.0,,pass,0.0,,mp-aaacpndw,,1999,6.661338147750939e-16,,,2.210312056005843e-10,,4,104,permutation,,1300,,,,,,,equivariant,,,valid,pass,,
,,,0,0,750,representation,,,,4,,,,torch.float64,2e-06,2e-06,,,,0.0,,pass,0.0,,mp-aaacpndw,,1999,1.3322676295501878e-15,,,3.0417849604275716e-10,,4,104,integer_images,,1300,,,,,,,invariant,,,valid,pass,,
,,,0,0,751,representation,,,,4,,,,torch.float64,2e-06,2e-06,,,,0.0,,pass,0.0,,mp-aaacpndw,,1999,6.661338147750939e-16,,,2.306171402801846e-10,,4,104,integer_images,,1300,,,,,,,equivariant,,,valid,pass,,
,,,0,0,752,representation,,,,4,,,,torch.float64,2e-06,2e-06,,,,1.5709925804685554e-08,,pass,8.881784197001252e-16,,mp-aaacpndw,,1999,6.958142950708179e-10,,,0.00031921700932158875,,4,104,basis_swap,,1300,,,,,,,invariant,,,valid,pass,,
,,,0,0,753,representation,,,,4,,,,torch.float64,2e-06,2e-06,,,,1.5709925804685554e-08,,pass,8.881784197001252e-16,,mp-aaacpndw,,1999,1.7633027640564375e-09,,,0.000881651380661672,,4,104,basis_swap,,1300,,,,,,,equivariant,,,valid,pass,,
,,,0,0,754,representation,,,,4,,,,torch.float64,2e-06,2e-06,,,,2.6645352591003757e-15,,pass,8.881784197001252e-16,,mp-aaacpndw,,1999,1.3322676295501878e-15,,,3.4174197258461866e-10,,4,104,basis_shear,,1300,,,,,,,invariant,,,valid,pass,,
,,,0,0,755,representation,,,,4,,,,torch.float64,2e-06,2e-06,,,,2.6645352591003757e-15,,pass,8.881784197001252e-16,,mp-aaacpndw,,1999,1.3322676295501878e-15,,,5.034730329503201e-10,,4,104,basis_shear,,1300,,,,,,,equivariant,,,valid,pass,,
,,,,,756,e3_direct,,,,4,,,,torch.float32,2e-05,2e-05,,,,,,,,,mp-aaaaawnl,,532,4.76837158203125e-07,,,0.013861673884093761,,16,496,rotation_1,,7454,,,,,,,invariant,,,valid,pass,,
,,,,,757,e3_direct,,,,4,,,,torch.float32,2e-05,2e-05,,,,,,,,,mp-aaaaawnl,,532,2.384185791015625e-07,,,0.009982972405850887,,16,496,rotation_1,,7454,,,,,,,equivariant,,,valid,pass,,
,,,,,758,e3_direct,,,,4,,,,torch.float32,2e-05,2e-05,,,,,,,,,mp-aaaaawnl,,532,5.960464477539062e-07,,,0.017327092587947845,,16,496,rotation_2,,7454,,,,,,,invariant,,,valid,pass,,
,,,,,759,e3_direct,,,,4,,,,torch.float32,2e-05,2e-05,,,,,,,,,mp-aaaaawnl,,532,3.5762786865234375e-07,,,0.009982972405850887,,16,496,rotation_2,,7454,,,,,,,equivariant,,,valid,pass,,
,,,,,760,e3_direct,,,,4,,,,torch.float32,2e-05,2e-05,,,,,,,,,mp-aaaaawnl,,532,0.0,,,0.0,,16,496,reflection,,7454,,,,,,,invariant,,,valid,pass,,
,,,,,761,e3_direct,,,,4,,,,torch.float32,2e-05,2e-05,,,,,,,,,mp-aaaaawnl,,532,0.0,,,0.0,,16,496,reflection,,7454,,,,,,,equivariant,,,valid,pass,,
,,,,,762,e3_direct,,,,4,,,,torch.float32,2e-05,2e-05,,,,,,,,,mp-aaaaawnl,,532,0.0,,,0.0,,16,496,inversion,,7454,,,,,,,invariant,,,valid,pass,,
,,,,,763,e3_direct,,,,4,,,,torch.float32,2e-05,2e-05,,,,,,,,,mp-aaaaawnl,,532,0.0,,,0.0,,16,496,inversion,,7454,,,,,,,equivariant,,,valid,pass,,
,,,,,764,e3_direct,,,,4,,,,torch.float32,2e-05,2e-05,,,,,,,,,mp-aaaaawnl,,532,4.76837158203125e-07,,,0.013861673884093761,,16,496,improper_with_translation,,7454,,,,,,,invariant,,,valid,pass,,
,,,,,765,e3_direct,,,,4,,,,torch.float32,2e-05,2e-05,,,,,,,,,mp-aaaaawnl,,532,2.384185791015625e-07,,,0.009982972405850887,,16,496,improper_with_translation,,7454,,,,,,,equivariant,,,valid,pass,,
,,,0,0,766,e3_rebuilt,,,,4,,,,torch.float32,0.0001,0.0001,,,,2.384185791015625e-06,,pass,9.5367431640625e-07,,mp-aaaaawnl,,532,5.960464477539062e-07,,,0.004325054120272398,,16,496,translation,,7454,,,,,,,invariant,,,valid,pass,,
,,,0,0,767,e3_rebuilt,,,,4,,,,torch.float32,0.0001,0.0001,,,,2.384185791015625e-06,,pass,9.5367431640625e-07,,mp-aaaaawnl,,532,8.344650268554688e-07,,,0.005685837473720312,,16,496,translation,,7454,,,,,,,equivariant,,,valid,pass,,
,,,0,0,768,representation,,,,4,,,,torch.float32,0.0001,0.0001,,,,0.0,,pass,0.0,,mp-aaaaawnl,,532,7.152557373046875e-07,,,0.004158502444624901,,16,496,permutation,,7454,,,,,,,invariant,,,valid,pass,,
,,,0,0,769,representation,,,,4,,,,torch.float32,0.0001,0.0001,,,,0.0,,pass,0.0,,mp-aaaaawnl,,532,5.960464477539062e-07,,,0.004314986523240805,,16,496,permutation,,7454,,,,,,,equivariant,,,valid,pass,,
,,,0,0,770,representation,,,,4,,,,torch.float32,0.0001,0.0001,,,,3.337860107421875e-06,,pass,5.0514936447143555e-06,,mp-aaaaawnl,,532,7.152557373046875e-07,,,0.005432821810245514,,16,496,integer_images,,7454,,,,,,,invariant,,,valid,pass,,
,,,0,0,771,representation,,,,4,,,,torch.float32,0.0001,0.0001,,,,3.337860107421875e-06,,pass,5.0514936447143555e-06,,mp-aaaaawnl,,532,9.5367431640625e-07,,,0.007135803811252117,,16,496,integer_images,,7454,,,,,,,equivariant,,,valid,pass,,
,,,0,0,772,representation,,,,4,,,,torch.float32,0.0001,0.0001,,,,2.86102294921875e-06,,pass,1.0132789611816406e-06,,mp-aaaaawnl,,532,7.152557373046875e-07,,,0.004101600497961044,,16,496,basis_swap,,7454,,,,,,,invariant,,,valid,pass,,
,,,0,0,773,representation,,,,4,,,,torch.float32,0.0001,0.0001,,,,2.86102294921875e-06,,pass,1.0132789611816406e-06,,mp-aaaaawnl,,532,8.344650268554688e-07,,,0.006307689473032951,,16,496,basis_swap,,7454,,,,,,,equivariant,,,valid,pass,,
,,,0,0,774,representation,,,,4,,,,torch.float32,0.0001,0.0001,,,,1.430511474609375e-06,,pass,1.9073486328125e-06,,mp-aaaaawnl,,532,7.152557373046875e-07,,,0.006008485332131386,,16,496,basis_shear,,7454,,,,,,,invariant,,,valid,pass,,
,,,0,0,775,representation,,,,4,,,,torch.float32,0.0001,0.0001,,,,1.430511474609375e-06,,pass,1.9073486328125e-06,,mp-aaaaawnl,,532,1.0728836059570312e-06,,,0.00711975060403347,,16,496,basis_shear,,7454,,,,,,,equivariant,,,valid,pass,,
"[""local_input.weight"", ""local_input.bias"", ""local_output.weight"", ""local_output.bias"", ""blocks.0.edge_mlp.0.weight"", ""blocks.0.edge_mlp.0.bias"", ""blocks.0.edge_mlp.2.weight"", ""blocks.0.edge_mlp.2.bias"", ""blocks.0.angle_mlp.0.weight"", ""blocks.0.angle_mlp.0.bias"", ""blocks.0.angle_mlp.2.weight"", ""blocks.0.angle_mlp.2.bias"", ""blocks.0.update.0.weight"", ""blocks.0.update.0.bias"", ""blocks.0.update.2.weight"", ""blocks.0.update.2.bias"", ""blocks.0.norm.weight"", ""blocks.0.norm.bias"", ""blocks.1.edge_mlp.0.weight"", ""blocks.1.edge_mlp.0.bias"", ""blocks.1.edge_mlp.2.weight"", ""blocks.1.edge_mlp.2.bias"", ""blocks.1.angle_mlp.0.weight"", ""blocks.1.angle_mlp.0.bias"", ""blocks.1.angle_mlp.2.weight"", ""blocks.1.angle_mlp.2.bias"", ""blocks.1.update.0.weight"", ""blocks.1.update.0.bias"", ""blocks.1.update.2.weight"", ""blocks.1.update.2.bias"", ""blocks.1.norm.weight"", ""blocks.1.norm.bias""]",0.3414077199995518,True,,,776,resources,,,,,,,,torch.float32,,,True,0.4276029209140688,0.06373077188618481,,0.007709899917244911,,,0.08619520091451705,mp-aaaaawnl,[],532,,,,,,16,496,,True,7454,1183.87109375,1183.87109375,,,,,invariant,1183.87109375,,valid,pass,,
"[""local_input.weight"", ""local_input.bias"", ""local_output.weight"", ""local_output.bias"", ""blocks.0.tp.weight"", ""blocks.0.mix.weight"", ""blocks.0.radial_gate.0.weight"", ""blocks.0.radial_gate.0.bias"", ""blocks.0.radial_gate.2.weight"", ""blocks.0.radial_gate.2.bias"", ""blocks.0.update.0.weight"", ""blocks.0.update.0.bias"", ""blocks.0.update.2.weight"", ""blocks.0.update.2.bias"", ""blocks.0.norm.weight"", ""blocks.0.norm.bias"", ""blocks.0.direction_gate.weight"", ""blocks.0.direction_gate.bias"", ""blocks.1.tp.weight"", ""blocks.1.mix.weight"", ""blocks.1.radial_gate.0.weight"", ""blocks.1.radial_gate.0.bias"", ""blocks.1.radial_gate.2.weight"", ""blocks.1.radial_gate.2.bias"", ""blocks.1.update.0.weight"", ""blocks.1.update.0.bias"", ""blocks.1.update.2.weight"", ""blocks.1.update.2.bias"", ""blocks.1.norm.weight"", ""blocks.1.norm.bias""]",0.018029761966317892,True,,,777,resources,,,,,,,,torch.float32,,,True,0.029408731032162905,0.010126342996954918,,0.007709899917244911,,,0.011378969065845013,mp-aaaaawnl,[],532,,,,,,16,496,,True,7454,1183.87109375,1183.87109375,,,,,equivariant,1183.87109375,,valid,pass,,
,,,,,778,e3_direct,,,,4,,,,torch.float64,2e-10,2e-10,,,,,,,,,mp-aaaaawnl,,532,8.881784197001252e-16,,,2.581176436783987e-06,,16,496,rotation_1,,7454,,,,,,,invariant,,,valid,pass,,
,,,,,779,e3_direct,,,,4,,,,torch.float64,2e-10,2e-10,,,,,,,,,mp-aaaaawnl,,532,5.689893001203927e-16,,,2.6536440373788544e-06,,16,496,rotation_1,,7454,,,,,,,equivariant,,,valid,pass,,
,,,,,780,e3_direct,,,,4,,,,torch.float64,2e-10,2e-10,,,,,,,,,mp-aaaaawnl,,532,1.1102230246251565e-15,,,2.8844867740597783e-06,,16,496,rotation_2,,7454,,,,,,,invariant,,,valid,pass,,
,,,,,781,e3_direct,,,,4,,,,torch.float64,2e-10,2e-10,,,,,,,,,mp-aaaaawnl,,532,5.551115123125783e-16,,,1.969774194279116e-06,,16,496,rotation_2,,7454,,,,,,,equivariant,,,valid,pass,,
,,,,,782,e3_direct,,,,4,,,,torch.float64,2e-10,2e-10,,,,,,,,,mp-aaaaawnl,,532,0.0,,,0.0,,16,496,reflection,,7454,,,,,,,invariant,,,valid,pass,,
,,,,,783,e3_direct,,,,4,,,,torch.float64,2e-10,2e-10,,,,,,,,,mp-aaaaawnl,,532,2.498001805406602e-16,,,1.157274102867123e-06,,16,496,reflection,,7454,,,,,,,equivariant,,,valid,pass,,
,,,,,784,e3_direct,,,,4,,,,torch.float64,2e-10,2e-10,,,,,,,,,mp-aaaaawnl,,532,0.0,,,0.0,,16,496,inversion,,7454,,,,,,,invariant,,,valid,pass,,
,,,,,785,e3_direct,,,,4,,,,torch.float64,2e-10,2e-10,,,,,,,,,mp-aaaaawnl,,532,0.0,,,0.0,,16,496,inversion,,7454,,,,,,,equivariant,,,valid,pass,,
,,,,,786,e3_direct,,,,4,,,,torch.float64,2e-10,2e-10,,,,,,,,,mp-aaaaawnl,,532,8.881784197001252e-16,,,2.581176436783987e-06,,16,496,improper_with_translation,,7454,,,,,,,invariant,,,valid,pass,,
,,,,,787,e3_direct,,,,4,,,,torch.float64,2e-10,2e-10,,,,,,,,,mp-aaaaawnl,,532,5.689893001203927e-16,,,2.6536440373788544e-06,,16,496,improper_with_translation,,7454,,,,,,,equivariant,,,valid,pass,,
,,,0,0,788,e3_rebuilt,,,,4,,,,torch.float64,2e-06,2e-06,,,,9.49506198111294e-08,,pass,6.827871601444713e-15,,mp-aaaaawnl,,532,9.239158715868001e-09,,,0.004359647772681342,,16,496,translation,,7454,,,,,,,invariant,,,valid,pass,,
,,,0,0,789,e3_rebuilt,,,,4,,,,torch.float64,2e-06,2e-06,,,,9.49506198111294e-08,,pass,6.827871601444713e-15,,mp-aaaaawnl,,532,1.8035925419823684e-08,,,0.006924761601887953,,16,496,translation,,7454,,,,,,,equivariant,,,valid,pass,,
,,,0,0,790,representation,,,,4,,,,torch.float64,2e-06,2e-06,,,,0.0,,pass,0.0,,mp-aaaaawnl,,532,1.1102230246251565e-15,,,2.637151042269715e-10,,16,496,permutation,,7454,,,,,,,invariant,,,valid,pass,,
,,,0,0,791,representation,,,,4,,,,torch.float64,2e-06,2e-06,,,,0.0,,pass,0.0,,mp-aaaaawnl,,532,1.1102230246251565e-15,,,3.5455935262227366e-10,,16,496,permutation,,7454,,,,,,,equivariant,,,valid,pass,,
,,,0,0,792,representation,,,,4,,,,torch.float64,2e-06,2e-06,,,,0.0,,pass,0.0,,mp-aaaaawnl,,532,8.881784197001252e-16,,,2.5389078898797977e-10,,16,496,integer_images,,7454,,,,,,,invariant,,,valid,pass,,
,,,0,0,793,representation,,,,4,,,,torch.float64,2e-06,2e-06,,,,0.0,,pass,0.0,,mp-aaaaawnl,,532,1.1102230246251565e-15,,,3.4619026267162654e-10,,16,496,integer_images,,7454,,,,,,,equivariant,,,valid,pass,,
,,,0,0,794,representation,,,,4,,,,torch.float64,2e-06,2e-06,,,,1.355845871131578e-07,,pass,1.7763568394002505e-15,,mp-aaaaawnl,,532,1.4187425456668734e-08,,,0.006701797185262328,,16,496,basis_swap,,7454,,,,,,,invariant,,,valid,pass,,
,,,0,0,795,representation,,,,4,,,,torch.float64,2e-06,2e-06,,,,1.355845871131578e-07,,pass,1.7763568394002505e-15,,mp-aaaaawnl,,532,2.7582136685744274e-08,,,0.010476849725343268,,16,496,basis_swap,,7454,,,,,,,equivariant,,,valid,pass,,
,,,0,0,796,representation,,,,4,,,,torch.float64,2e-06,2e-06,,,,2.2307304270441364e-07,,pass,4.440892098500626e-15,,mp-aaaaawnl,,532,2.2524108633792395e-08,,,0.010634315213389612,,16,496,basis_shear,,7454,,,,,,,invariant,,,valid,pass,,
,,,0,0,797,representation,,,,4,,,,torch.float64,2e-06,2e-06,,,,2.2307304270441364e-07,,pass,4.440892098500626e-15,,mp-aaaaawnl,,532,4.3876434929757124e-08,,,0.016752987159896336,,16,496,basis_shear,,7454,,,,,,,equivariant,,,valid,pass,,
,,,,,798,e3_direct,,,,4,,,,torch.float32,2e-05,2e-05,,,,,,,,,mp-aaacixnk,,1674,4.172325134277344e-07,,,0.013926271349191666,,5,694,rotation_1,,47871,,,,,,,invariant,,,valid,pass,,
,,,,,799,e3_direct,,,,4,,,,torch.float32,2e-05,2e-05,,,,,,,,,mp-aaacixnk,,1674,4.76837158203125e-07,,,0.014215932227671146,,5,694,rotation_1,,47871,,,,,,,equivariant,,,valid,pass,,
,,,,,800,e3_direct,,,,4,,,,torch.float32,2e-05,2e-05,,,,,,,,,mp-aaacixnk,,1674,4.76837158203125e-07,,,0.013216402381658554,,5,694,rotation_2,,47871,,,,,,,invariant,,,valid,pass,,
,,,,,801,e3_direct,,,,4,,,,torch.float32,2e-05,2e-05,,,,,,,,,mp-aaacixnk,,1674,2.384185791015625e-07,,,0.0057930005714297295,,5,694,rotation_2,,47871,,,,,,,equivariant,,,valid,pass,,
,,,,,802,e3_direct,,,,4,,,,torch.float32,2e-05,2e-05,,,,,,,,,mp-aaacixnk,,1674,0.0,,,0.0,,5,694,reflection,,47871,,,,,,,invariant,,,valid,pass,,
,,,,,803,e3_direct,,,,4,,,,torch.float32,2e-05,2e-05,,,,,,,,,mp-aaacixnk,,1674,0.0,,,0.0,,5,694,reflection,,47871,,,,,,,equivariant,,,valid,pass,,
,,,,,804,e3_direct,,,,4,,,,torch.float32,2e-05,2e-05,,,,,,,,,mp-aaacixnk,,1674,0.0,,,0.0,,5,694,inversion,,47871,,,,,,,invariant,,,valid,pass,,
,,,,,805,e3_direct,,,,4,,,,torch.float32,2e-05,2e-05,,,,,,,,,mp-aaacixnk,,1674,0.0,,,0.0,,5,694,inversion,,47871,,,,,,,equivariant,,,valid,pass,,
,,,,,806,e3_direct,,,,4,,,,torch.float32,2e-05,2e-05,,,,,,,,,mp-aaacixnk,,1674,4.172325134277344e-07,,,0.013926271349191666,,5,694,improper_with_translation,,47871,,,,,,,invariant,,,valid,pass,,
,,,,,807,e3_direct,,,,4,,,,torch.float32,2e-05,2e-05,,,,,,,,,mp-aaacixnk,,1674,4.76837158203125e-07,,,0.014215932227671146,,5,694,improper_with_translation,,47871,,,,,,,equivariant,,,valid,pass,,
,,,0,0,808,e3_rebuilt,,,,4,,,,torch.float32,0.0001,0.0001,,,,1.430511474609375e-06,,pass,9.5367431640625e-07,,mp-aaacixnk,,1674,1.1324882507324219e-06,,,0.006784341763705015,,5,694,translation,,47871,,,,,,,invariant,,,valid,pass,,
,,,0,0,809,e3_rebuilt,,,,4,,,,torch.float32,0.0001,0.0001,,,,1.430511474609375e-06,,pass,9.5367431640625e-07,,mp-aaacixnk,,1674,1.341104507446289e-06,,,0.010626777075231075,,5,694,translation,,47871,,,,,,,equivariant,,,valid,pass,,
,,,0,0,810,representation,,,,4,,,,torch.float32,0.0001,0.0001,,,,0.0,,pass,0.0,,mp-aaacixnk,,1674,8.344650268554688e-07,,,0.00410366989672184,,5,694,permutation,,47871,,,,,,,invariant,,,valid,pass,,
,,,0,0,811,representation,,,,4,,,,torch.float32,0.0001,0.0001,,,,0.0,,pass,0.0,,mp-aaacixnk,,1674,5.960464477539062e-07,,,0.004693539347499609,,5,694,permutation,,47871,,,,,,,equivariant,,,valid,pass,,
,,,0,0,812,representation,,,,4,,,,torch.float32,0.0001,0.0001,,,,2.384185791015625e-06,,pass,2.86102294921875e-06,,mp-aaacixnk,,1674,1.0579824447631836e-06,,,0.010134279727935791,,5,694,integer_images,,47871,,,,,,,invariant,,,valid,pass,,
,,,0,0,813,representation,,,,4,,,,torch.float32,0.0001,0.0001,,,,2.384185791015625e-06,,pass,2.86102294921875e-06,,mp-aaacixnk,,1674,9.834766387939453e-07,,,0.007351909764111042,,5,694,integer_images,,47871,,,,,,,equivariant,,,valid,pass,,
,,,0,0,814,representation,,,,4,,,,torch.float32,0.0001,0.0001,,,,1.430511474609375e-06,,pass,1.1920928955078125e-06,,mp-aaacixnk,,1674,1.1920928955078125e-06,,,0.007751758210361004,,5,694,basis_swap,,47871,,,,,,,invariant,,,valid,pass,,
,,,0,0,815,representation,,,,4,,,,torch.float32,0.0001,0.0001,,,,1.430511474609375e-06,,pass,1.1920928955078125e-06,,mp-aaacixnk,,1674,1.2218952178955078e-06,,,0.009682174772024155,,5,694,basis_swap,,47871,,,,,,,equivariant,,,valid,pass,,
,,,0,0,816,representation,,,,4,,,,torch.float32,0.0001,0.0001,,,,1.9073486328125e-06,,pass,1.430511474609375e-06,,mp-aaacixnk,,1674,8.344650268554688e-07,,,0.006298184394836426,,5,694,basis_shear,,47871,,,,,,,invariant,,,valid,pass,,
,,,0,0,817,representation,,,,4,,,,torch.float32,0.0001,0.0001,,,,1.9073486328125e-06,,pass,1.430511474609375e-06,,mp-aaacixnk,,1674,1.0728836059570312e-06,,,0.0075283292680978775,,5,694,basis_shear,,47871,,,,,,,equivariant,,,valid,pass,,
"[""local_input.weight"", ""local_input.bias"", ""local_output.weight"", ""local_output.bias"", ""blocks.0.edge_mlp.0.weight"", ""blocks.0.edge_mlp.0.bias"", ""blocks.0.edge_mlp.2.weight"", ""blocks.0.edge_mlp.2.bias"", ""blocks.0.angle_mlp.0.weight"", ""blocks.0.angle_mlp.0.bias"", ""blocks.0.angle_mlp.2.weight"", ""blocks.0.angle_mlp.2.bias"", ""blocks.0.update.0.weight"", ""blocks.0.update.0.bias"", ""blocks.0.update.2.weight"", ""blocks.0.update.2.bias"", ""blocks.0.norm.weight"", ""blocks.0.norm.bias"", ""blocks.1.edge_mlp.0.weight"", ""blocks.1.edge_mlp.0.bias"", ""blocks.1.edge_mlp.2.weight"", ""blocks.1.edge_mlp.2.bias"", ""blocks.1.angle_mlp.0.weight"", ""blocks.1.angle_mlp.0.bias"", ""blocks.1.angle_mlp.2.weight"", ""blocks.1.angle_mlp.2.bias"", ""blocks.1.update.0.weight"", ""blocks.1.update.0.bias"", ""blocks.1.update.2.weight"", ""blocks.1.update.2.bias"", ""blocks.1.norm.weight"", ""blocks.1.norm.bias""]",1.8701836350373924,True,,,818,resources,,,,,,,,torch.float32,,,True,2.233469264116138,0.3356384600047022,,0.007121739909052849,,,0.36328562907874584,mp-aaacixnk,[],1674,,,,,,5,694,,True,47871,1183.87109375,1183.87109375,,,,,invariant,1183.87109375,,valid,pass,,
"[""local_input.weight"", ""local_input.bias"", ""local_output.weight"", ""local_output.bias"", ""blocks.0.tp.weight"", ""blocks.0.mix.weight"", ""blocks.0.radial_gate.0.weight"", ""blocks.0.radial_gate.0.bias"", ""blocks.0.radial_gate.2.weight"", ""blocks.0.radial_gate.2.bias"", ""blocks.0.update.0.weight"", ""blocks.0.update.0.bias"", ""blocks.0.update.2.weight"", ""blocks.0.update.2.bias"", ""blocks.0.norm.weight"", ""blocks.0.norm.bias"", ""blocks.0.direction_gate.weight"", ""blocks.0.direction_gate.bias"", ""blocks.1.tp.weight"", ""blocks.1.mix.weight"", ""blocks.1.radial_gate.0.weight"", ""blocks.1.radial_gate.0.bias"", ""blocks.1.radial_gate.2.weight"", ""blocks.1.radial_gate.2.bias"", ""blocks.1.update.0.weight"", ""blocks.1.update.0.bias"", ""blocks.1.update.2.weight"", ""blocks.1.update.2.bias"", ""blocks.1.norm.weight"", ""blocks.1.norm.bias""]",0.02041004807688296,True,,,819,resources,,,,,,,,torch.float32,,,True,0.03341662813909352,0.011898662894964218,,0.007121739909052849,,,0.01300658006221056,mp-aaacixnk,[],1674,,,,,,5,694,,True,47871,1183.87109375,1183.87109375,,,,,equivariant,1183.87109375,,valid,pass,,
,,,,,820,e3_direct,,,,4,,,,torch.float64,2e-10,2e-10,,,,,,,,,mp-aaacixnk,,1674,8.881784197001252e-16,,,2.624503238122766e-06,,5,694,rotation_1,,47871,,,,,,,invariant,,,valid,pass,,
,,,,,821,e3_direct,,,,4,,,,torch.float64,2e-10,2e-10,,,,,,,,,mp-aaacixnk,,1674,8.881784197001252e-16,,,2.1792125458453235e-06,,5,694,rotation_1,,47871,,,,,,,equivariant,,,valid,pass,,
,,,,,822,e3_direct,,,,4,,,,torch.float64,2e-10,2e-10,,,,,,,,,mp-aaacixnk,,1674,1.1102230246251565e-15,,,2.7060754549468646e-06,,5,694,rotation_2,,47871,,,,,,,invariant,,,valid,pass,,
,,,,,823,e3_direct,,,,4,,,,torch.float64,2e-10,2e-10,,,,,,,,,mp-aaacixnk,,1674,6.661338147750939e-16,,,1.9173326410886187e-06,,5,694,rotation_2,,47871,,,,,,,equivariant,,,valid,pass,,
,,,,,824,e3_direct,,,,4,,,,torch.float64,2e-10,2e-10,,,,,,,,,mp-aaacixnk,,1674,0.0,,,0.0,,5,694,reflection,,47871,,,,,,,invariant,,,valid,pass,,
,,,,,825,e3_direct,,,,4,,,,torch.float64,2e-10,2e-10,,,,,,,,,mp-aaacixnk,,1674,2.7755575615628914e-17,,,1.3583017405433593e-07,,5,694,reflection,,47871,,,,,,,equivariant,,,valid,pass,,
,,,,,826,e3_direct,,,,4,,,,torch.float64,2e-10,2e-10,,,,,,,,,mp-aaacixnk,,1674,0.0,,,0.0,,5,694,inversion,,47871,,,,,,,invariant,,,valid,pass,,
,,,,,827,e3_direct,,,,4,,,,torch.float64,2e-10,2e-10,,,,,,,,,mp-aaacixnk,,1674,0.0,,,0.0,,5,694,inversion,,47871,,,,,,,equivariant,,,valid,pass,,
,,,,,828,e3_direct,,,,4,,,,torch.float64,2e-10,2e-10,,,,,,,,,mp-aaacixnk,,1674,8.881784197001252e-16,,,2.624503238122766e-06,,5,694,improper_with_translation,,47871,,,,,,,invariant,,,valid,pass,,
,,,,,829,e3_direct,,,,4,,,,torch.float64,2e-10,2e-10,,,,,,,,,mp-aaacixnk,,1674,8.881784197001252e-16,,,2.1792125458453235e-06,,5,694,improper_with_translation,,47871,,,,,,,equivariant,,,valid,pass,,
,,,0,0,830,e3_rebuilt,,,,4,,,,torch.float64,2e-06,2e-06,,,,4.526276597971446e-08,,pass,3.9968028886505635e-15,,mp-aaacixnk,,1674,1.0854233400969804e-08,,,0.005147399912526719,,5,694,translation,,47871,,,,,,,invariant,,,valid,pass,,
,,,0,0,831,e3_rebuilt,,,,4,,,,torch.float64,2e-06,2e-06,,,,4.526276597971446e-08,,pass,3.9968028886505635e-15,,mp-aaacixnk,,1674,1.0521879811875579e-08,,,0.004185080523747052,,5,694,translation,,47871,,,,,,,equivariant,,,valid,pass,,
,,,0,0,832,representation,,,,4,,,,torch.float64,2e-06,2e-06,,,,0.0,,pass,0.0,,mp-aaacixnk,,1674,1.887379141862766e-15,,,8.55989655444518e-10,,5,694,permutation,,47871,,,,,,,invariant,,,valid,pass,,
,,,0,0,833,representation,,,,4,,,,torch.float64,2e-06,2e-06,,,,0.0,,pass,0.0,,mp-aaacixnk,,1674,2.6645352591003757e-15,,,8.167966387765909e-10,,5,694,permutation,,47871,,,,,,,equivariant,,,valid,pass,,
,,,0,0,834,representation,,,,4,,,,torch.float64,2e-06,2e-06,,,,0.0,,pass,0.0,,mp-aaacixnk,,1674,0.0,,,0.0,,5,694,integer_images,,47871,,,,,,,invariant,,,valid,pass,,
,,,0,0,835,representation,,,,4,,,,torch.float64,2e-06,2e-06,,,,0.0,,pass,0.0,,mp-aaacixnk,,1674,0.0,,,0.0,,5,694,integer_images,,47871,,,,,,,equivariant,,,valid,pass,,
,,,0,0,836,representation,,,,4,,,,torch.float64,2e-06,2e-06,,,,4.526277130878498e-08,,pass,2.6645352591003757e-15,,mp-aaacixnk,,1674,1.0854234844259736e-08,,,0.005147400819917886,,5,694,basis_swap,,47871,,,,,,,invariant,,,valid,pass,,
,,,0,0,837,representation,,,,4,,,,torch.float64,2e-06,2e-06,,,,4.526277130878498e-08,,pass,2.6645352591003757e-15,,mp-aaacixnk,,1674,1.0521881144143208e-08,,,0.004185081202961542,,5,694,basis_swap,,47871,,,,,,,equivariant,,,valid,pass,,
,,,0,0,838,representation,,,,4,,,,torch.float64,2e-06,2e-06,,,,1.1546319456101628e-14,,pass,4.440892098500626e-15,,mp-aaacixnk,,1674,6.772360450213455e-15,,,2.7056152670438313e-09,,5,694,basis_shear,,47871,,,,,,,invariant,,,valid,pass,,
,,,0,0,839,representation,,,,4,,,,torch.float64,2e-06,2e-06,,,,1.1546319456101628e-14,,pass,4.440892098500626e-15,,mp-aaacixnk,,1674,6.827871601444713e-15,,,2.7347350159748988e-09,,5,694,basis_shear,,47871,,,,,,,equivariant,,,valid,pass,,
