boundary_extra,boundary_missing,case,copy,det_Q,dtype,frame_orthogonality_error,group,id,index,matched_records,max_distance_error_A,max_vector_error_A,split,status,supercell_total_records
0,0,independent_reference,,,torch.float32,,enumeration,mp-aaaaaaab,0,8,2.0963553026831505e-07,0.0,train,pass,
0,0,translation,,1.0,torch.float32,4.3110588454631227e-07,E3,mp-aaaaaaab,0,8,2.384185791015625e-06,1.1920928955078125e-07,train,pass,
0,0,rotation_1,,1.0,torch.float32,4.77825807143617e-07,E3,mp-aaaaaaab,0,8,2.384185791015625e-06,1.0655587590058246e-07,train,pass,
0,0,rotation_2,,0.9999999999999989,torch.float32,8.437892429213889e-07,E3,mp-aaaaaaab,0,8,2.384185791015625e-06,1.0644383610647346e-07,train,pass,
0,0,reflection,,-1.0,torch.float32,4.3110588454631227e-07,E3,mp-aaaaaaab,0,8,2.384185791015625e-06,1.1920928955078125e-07,train,pass,
0,0,inversion,,-1.0,torch.float32,4.3110588454631227e-07,E3,mp-aaaaaaab,0,8,2.384185791015625e-06,1.1920928955078125e-07,train,pass,
0,0,improper_with_translation,,-1.0,torch.float32,4.77825807143617e-07,E3,mp-aaaaaaab,0,8,2.384185791015625e-06,1.0655587590058246e-07,train,pass,
0,0,permutation,,,torch.float32,0.0,representation,mp-aaaaaaab,0,8,0.0,0.0,train,pass,
0,0,integer_images,,,torch.float32,0.0,representation,mp-aaaaaaab,0,8,0.0,0.0,train,pass,
0,0,basis_swap,,,torch.float32,4.3110588454631227e-07,representation,mp-aaaaaaab,0,8,2.384185791015625e-06,1.123915964740263e-07,train,pass,
0,0,basis_shear,,,torch.float32,2.3201579198136945e-07,representation,mp-aaaaaaab,0,8,9.5367431640625e-07,2.220446049250313e-16,train,pass,
0,0,receiver_copy_0,0,,torch.float32,4.3110588454631227e-07,supercell,mp-aaaaaaab,0,8,2.384185791015625e-06,1.1920928955078125e-07,train,pass,16
0,0,receiver_copy_1,1,,torch.float32,4.3110588454631227e-07,supercell,mp-aaaaaaab,0,8,2.384185791015625e-06,1.1920928955078125e-07,train,pass,16
0,0,independent_reference,,,torch.float64,,enumeration,mp-aaaaaaab,0,8,0.0,0.0,train,pass,
0,0,translation,,1.0,torch.float64,7.071069729747137e-09,E3,mp-aaaaaaab,0,8,2.5543815063144848e-08,0.0,train,pass,
0,0,rotation_1,,1.0,torch.float64,8.63057414424162e-09,E3,mp-aaaaaaab,0,8,2.5543816839501687e-08,4.440892098500626e-16,train,pass,
0,0,rotation_2,,0.9999999999999989,torch.float64,9.632577624429928e-09,E3,mp-aaaaaaab,0,8,2.5543815063144848e-08,1.2906342661267445e-15,train,pass,
0,0,reflection,,-1.0,torch.float64,7.071069729747137e-09,E3,mp-aaaaaaab,0,8,2.5543815063144848e-08,0.0,train,pass,
0,0,inversion,,-1.0,torch.float64,7.071069729747137e-09,E3,mp-aaaaaaab,0,8,2.5543815063144848e-08,0.0,train,pass,
0,0,improper_with_translation,,-1.0,torch.float64,8.63057414424162e-09,E3,mp-aaaaaaab,0,8,2.5543816839501687e-08,4.440892098500626e-16,train,pass,
0,0,permutation,,,torch.float64,0.0,representation,mp-aaaaaaab,0,8,0.0,0.0,train,pass,
0,0,integer_images,,,torch.float64,0.0,representation,mp-aaaaaaab,0,8,0.0,0.0,train,pass,
0,0,basis_swap,,,torch.float64,7.071069729747137e-09,representation,mp-aaaaaaab,0,8,2.5543815951323268e-08,2.220446049250313e-16,train,pass,
0,0,basis_shear,,,torch.float64,2.4577567797348044e-16,representation,mp-aaaaaaab,0,8,8.881784197001252e-16,8.881784197001252e-16,train,pass,
0,0,receiver_copy_0,0,,torch.float64,7.071069729747137e-09,supercell,mp-aaaaaaab,0,8,2.5543815063144848e-08,0.0,train,pass,16
0,0,receiver_copy_1,1,,torch.float64,7.071069729747137e-09,supercell,mp-aaaaaaab,0,8,2.5543815063144848e-08,0.0,train,pass,16
0,0,float32_vs_float64,,,torch.float32,,precision,mp-aaaaaaab,0,8,1.0642437802133031e-06,9.29614474953766e-07,train,pass,
0,0,independent_reference,,,torch.float32,,enumeration,mp-aaaaaaxm,296,204,5.707828423240358e-07,5.02039995353698e-07,train,pass,
0,0,translation,,1.0,torch.float32,1.3086571343841531e-17,E3,mp-aaaaaaxm,296,204,4.76837158203125e-07,4.76837158203125e-07,train,pass,
0,0,rotation_1,,1.0,torch.float32,3.3306690738754696e-16,E3,mp-aaaaaaxm,296,204,0.0,1.0655587612262707e-07,train,pass,
0,0,rotation_2,,0.9999999999999989,torch.float32,1.4432899320127035e-15,E3,mp-aaaaaaxm,296,204,0.0,8.881784197001252e-16,train,pass,
0,0,reflection,,-1.0,torch.float32,1.3086571343841531e-17,E3,mp-aaaaaaxm,296,204,0.0,1.1920928955078125e-07,train,pass,
0,0,inversion,,-1.0,torch.float32,1.3086571343841531e-17,E3,mp-aaaaaaxm,296,204,0.0,1.1920928955078125e-07,train,pass,
0,0,improper_with_translation,,-1.0,torch.float32,3.3306690738754696e-16,E3,mp-aaaaaaxm,296,204,4.76837158203125e-07,5.303512393695087e-07,train,pass,
0,0,permutation,,,torch.float32,0.0,representation,mp-aaaaaaxm,296,204,0.0,0.0,train,pass,
0,0,integer_images,,,torch.float32,0.0,representation,mp-aaaaaaxm,296,204,4.76837158203125e-07,4.76837158203125e-07,train,pass,
0,0,basis_swap,,,torch.float32,7.002173507686393e-09,representation,mp-aaaaaaxm,296,204,4.76837158203125e-07,5.534570584053711e-07,train,pass,
0,0,basis_shear,,,torch.float32,1.0243365666795512e-07,representation,mp-aaaaaaxm,296,204,9.5367431640625e-07,6.210229059888661e-07,train,pass,
0,0,independent_reference,,,torch.float64,,enumeration,mp-aaaaaaxm,296,204,1.7763568394002505e-15,8.881784197001252e-16,train,pass,
0,0,translation,,1.0,torch.float64,1.1092089305862347e-16,E3,mp-aaaaaaxm,296,204,8.881784197001252e-16,9.240685159293802e-16,train,pass,
0,0,rotation_1,,1.0,torch.float64,2.612402573026847e-16,E3,mp-aaaaaaxm,296,204,2.6645352591003757e-15,1.3322676295501878e-15,train,pass,
0,0,rotation_2,,0.9999999999999989,torch.float64,2.8088774004242792e-16,E3,mp-aaaaaaxm,296,204,5.329070518200751e-15,1.7763568394002505e-15,train,pass,
0,0,reflection,,-1.0,torch.float64,1.1092089305862347e-16,E3,mp-aaaaaaxm,296,204,8.881784197001252e-16,8.881784197001252e-16,train,pass,
0,0,inversion,,-1.0,torch.float64,1.1092089305862347e-16,E3,mp-aaaaaaxm,296,204,8.881784197001252e-16,8.881784197001252e-16,train,pass,
0,0,improper_with_translation,,-1.0,torch.float64,2.612402573026847e-16,E3,mp-aaaaaaxm,296,204,3.552713678800501e-15,1.3322676295501878e-15,train,pass,
0,0,permutation,,,torch.float64,0.0,representation,mp-aaaaaaxm,296,204,0.0,0.0,train,pass,
0,0,integer_images,,,torch.float64,0.0,representation,mp-aaaaaaxm,296,204,0.0,0.0,train,pass,
0,0,basis_swap,,,torch.float64,2.220446049250313e-16,representation,mp-aaaaaaxm,296,204,1.7763568394002505e-15,8.881784197001252e-16,train,pass,
0,0,basis_shear,,,torch.float64,2.220446049250313e-16,representation,mp-aaaaaaxm,296,204,1.7763568394002505e-15,1.7763568394002505e-15,train,pass,
0,0,float32_vs_float64,,,torch.float32,,precision,mp-aaaaaaxm,296,204,5.927645512215918e-07,6.594138759474788e-07,train,pass,
0,0,independent_reference,,,torch.float32,,enumeration,mp-aaaaabzl,593,322,6.108560004491892e-07,7.9846130063288e-07,train,pass,
0,0,translation,,1.0,torch.float32,2.3055152954120312e-17,E3,mp-aaaaabzl,593,322,9.5367431640625e-07,4.768371582308806e-07,train,pass,
0,0,rotation_1,,1.0,torch.float32,3.3306690738754696e-16,E3,mp-aaaaabzl,593,322,0.0,8.881784197001252e-16,train,pass,
0,0,rotation_2,,0.9999999999999989,torch.float32,1.4432899320127035e-15,E3,mp-aaaaabzl,593,322,0.0,8.881784197001252e-16,train,pass,
0,0,reflection,,-1.0,torch.float32,2.3055152954120312e-17,E3,mp-aaaaabzl,593,322,0.0,2.220446049250313e-16,train,pass,
0,0,inversion,,-1.0,torch.float32,2.3055152954120312e-17,E3,mp-aaaaabzl,593,322,0.0,2.220446049250313e-16,train,pass,
0,0,improper_with_translation,,-1.0,torch.float32,3.3306690738754696e-16,E3,mp-aaaaabzl,593,322,4.76837158203125e-07,6.435429260598369e-07,train,pass,
0,0,permutation,,,torch.float32,0.0,representation,mp-aaaaabzl,593,322,0.0,0.0,train,pass,
0,0,integer_images,,,torch.float32,0.0,representation,mp-aaaaabzl,593,322,1.430511474609375e-06,1.6689300537109375e-06,train,pass,
0,0,basis_swap,,,torch.float32,1.9483429139996495e-08,representation,mp-aaaaabzl,593,322,9.5367431640625e-07,6.579402711537341e-07,train,pass,
0,0,basis_shear,,,torch.float32,8.774824096010119e-08,representation,mp-aaaaabzl,593,322,9.5367431640625e-07,7.820397014413061e-07,train,pass,
0,0,independent_reference,,,torch.float64,,enumeration,mp-aaaaabzl,593,322,1.7763568394002505e-15,1.3322676295501878e-15,train,pass,
0,0,translation,,1.0,torch.float64,2.9958943351598233e-09,E3,mp-aaaaabzl,593,322,1.0691022289677221e-08,1.7763568394002505e-15,train,pass,
0,0,rotation_1,,1.0,torch.float64,2.7101416243214315e-09,E3,mp-aaaaabzl,593,322,1.069102673056932e-08,2.6645352591003757e-15,train,pass,
0,0,rotation_2,,0.9999999999999989,torch.float64,2.6625596172280552e-09,E3,mp-aaaaabzl,593,322,1.0691021401498801e-08,2.220446049250313e-15,train,pass,
0,0,reflection,,-1.0,torch.float64,2.9958943351598233e-09,E3,mp-aaaaabzl,593,322,1.0691022289677221e-08,1.3322676295501878e-15,train,pass,
0,0,inversion,,-1.0,torch.float64,2.9958943351598233e-09,E3,mp-aaaaabzl,593,322,1.0691022289677221e-08,1.3322676295501878e-15,train,pass,
0,0,improper_with_translation,,-1.0,torch.float64,2.7101416243214315e-09,E3,mp-aaaaabzl,593,322,1.069102673056932e-08,2.6645352591003757e-15,train,pass,
0,0,permutation,,,torch.float64,0.0,representation,mp-aaaaabzl,593,322,0.0,0.0,train,pass,
0,0,integer_images,,,torch.float64,0.0,representation,mp-aaaaabzl,593,322,0.0,0.0,train,pass,
0,0,basis_swap,,,torch.float64,2.2861951314506443e-09,representation,mp-aaaaabzl,593,322,1.0691012519714604e-08,1.7763568394002505e-15,train,pass,
0,0,basis_shear,,,torch.float64,6.741666558340853e-09,representation,mp-aaaaabzl,593,322,2.6611584047486758e-08,1.3322676295501878e-15,train,pass,
0,0,float32_vs_float64,,,torch.float32,,precision,mp-aaaaabzl,593,322,1.2461144169861882e-06,1.4315240393081297e-06,train,pass,
0,0,independent_reference,,,torch.float32,,enumeration,mp-aaaaadbx,890,52,2.1703464181399568e-07,7.306368843273958e-08,train,pass,
0,0,translation,,1.0,torch.float32,2.9198238846473623e-24,E3,mp-aaaaadbx,890,52,0.0,3.1071274681610707e-24,train,pass,
0,0,rotation_1,,1.0,torch.float32,3.3306690738754696e-16,E3,mp-aaaaadbx,890,52,0.0,1.1102230246251565e-16,train,pass,
0,0,rotation_2,,0.9999999999999989,torch.float32,1.4432899320127035e-15,E3,mp-aaaaadbx,890,52,0.0,8.881784197001252e-16,train,pass,
0,0,reflection,,-1.0,torch.float32,2.9198238846473623e-24,E3,mp-aaaaadbx,890,52,0.0,3.1071274681610707e-24,train,pass,
0,0,inversion,,-1.0,torch.float32,2.9198238846473623e-24,E3,mp-aaaaadbx,890,52,0.0,3.1071274681610707e-24,train,pass,
0,0,improper_with_translation,,-1.0,torch.float32,3.3306690738754696e-16,E3,mp-aaaaadbx,890,52,2.384185791015625e-07,1.0655587567853786e-07,train,pass,
0,0,permutation,,,torch.float32,0.0,representation,mp-aaaaadbx,890,52,0.0,0.0,train,pass,
0,0,integer_images,,,torch.float32,0.0,representation,mp-aaaaadbx,890,52,0.0,0.0,train,pass,
0,0,basis_swap,,,torch.float32,1.9984014443252818e-15,representation,mp-aaaaadbx,890,52,2.384185791015625e-07,7.306369154136405e-08,train,pass,
0,0,basis_shear,,,torch.float32,4.371138811861707e-08,representation,mp-aaaaadbx,890,52,2.384185791015625e-07,1.3152546518568897e-07,train,pass,
0,0,independent_reference,,,torch.float64,,enumeration,mp-aaaaadbx,890,52,4.440892098500626e-16,4.440892098500626e-16,train,pass,
0,0,translation,,1.0,torch.float64,2.324141315103454e-33,E3,mp-aaaaadbx,890,52,4.440892098500626e-16,4.440892098500626e-16,train,pass,
0,0,rotation_1,,1.0,torch.float64,2.220446049250313e-16,E3,mp-aaaaadbx,890,52,8.881784197001252e-16,8.881784197001252e-16,train,pass,
0,0,rotation_2,,0.9999999999999989,torch.float64,5.551115123125783e-16,E3,mp-aaaaadbx,890,52,3.552713678800501e-15,8.881784197001252e-16,train,pass,
0,0,reflection,,-1.0,torch.float64,2.324141315103454e-33,E3,mp-aaaaadbx,890,52,8.881784197001252e-16,4.440892098500626e-16,train,pass,
0,0,inversion,,-1.0,torch.float64,2.324141315103454e-33,E3,mp-aaaaadbx,890,52,8.881784197001252e-16,4.440892098500626e-16,train,pass,
0,0,improper_with_translation,,-1.0,torch.float64,2.220446049250313e-16,E3,mp-aaaaadbx,890,52,8.881784197001252e-16,8.881784197001252e-16,train,pass,
0,0,permutation,,,torch.float64,0.0,representation,mp-aaaaadbx,890,52,0.0,0.0,train,pass,
0,0,integer_images,,,torch.float64,0.0,representation,mp-aaaaadbx,890,52,0.0,0.0,train,pass,
0,0,basis_swap,,,torch.float64,6.123233883017263e-25,representation,mp-aaaaadbx,890,52,0.0,9.860761315262648e-32,train,pass,
0,0,basis_shear,,,torch.float64,4.440892098500626e-16,representation,mp-aaaaadbx,890,52,8.881784197001252e-16,8.881784197001252e-16,train,pass,
0,0,float32_vs_float64,,,torch.float32,,precision,mp-aaaaadbx,890,52,1.5431200450777283e-07,3.307097818009149e-07,train,pass,
0,0,independent_reference,,,torch.float32,,enumeration,mp-aaaaaecr,1187,224,5.117969852364013e-07,2.452129663765845e-07,train,pass,
0,0,translation,,1.0,torch.float32,2.9430458686044963e-24,E3,mp-aaaaaecr,1187,224,0.0,2.6469779601696886e-23,train,pass,
0,0,rotation_1,,1.0,torch.float32,5.551115123125783e-16,E3,mp-aaaaaecr,1187,224,0.0,8.881784197001252e-16,train,pass,
0,0,rotation_2,,0.9999999999999989,torch.float32,1.4432899320127035e-15,E3,mp-aaaaaecr,1187,224,0.0,8.881784197001252e-16,train,pass,
0,0,reflection,,-1.0,torch.float32,2.9430458686044963e-24,E3,mp-aaaaaecr,1187,224,0.0,2.6469779601696886e-23,train,pass,
0,0,inversion,,-1.0,torch.float32,2.9430458686044963e-24,E3,mp-aaaaaecr,1187,224,0.0,2.6469779601696886e-23,train,pass,
0,0,improper_with_translation,,-1.0,torch.float32,5.551115123125783e-16,E3,mp-aaaaaecr,1187,224,0.0,1.3476867466444276e-07,train,pass,
0,0,permutation,,,torch.float32,0.0,representation,mp-aaaaaecr,1187,224,0.0,0.0,train,pass,
0,0,integer_images,,,torch.float32,0.0,representation,mp-aaaaaecr,1187,224,0.0,0.0,train,pass,
0,0,basis_swap,,,torch.float32,3.6150603267165195e-15,representation,mp-aaaaaecr,1187,224,0.0,1.1241491648661395e-07,train,pass,
0,0,basis_shear,,,torch.float32,8.475454404965888e-08,representation,mp-aaaaaecr,1187,224,4.76837158203125e-07,3.371748027447552e-07,train,pass,
0,0,independent_reference,,,torch.float64,,enumeration,mp-aaaaaecr,1187,224,8.881784197001252e-16,4.440892098500626e-16,train,pass,
0,0,translation,,1.0,torch.float64,6.092084443501754e-33,E3,mp-aaaaaecr,1187,224,8.881784197001252e-16,2.220446049250313e-16,train,pass,
0,0,rotation_1,,1.0,torch.float64,3.343784004454624e-16,E3,mp-aaaaaecr,1187,224,2.6645352591003757e-15,1.7763568394002505e-15,train,pass,
0,0,rotation_2,,0.9999999999999989,torch.float64,4.440892098500626e-16,E3,mp-aaaaaecr,1187,224,4.440892098500626e-15,8.881784197001252e-16,train,pass,
0,0,reflection,,-1.0,torch.float64,6.092084443501754e-33,E3,mp-aaaaaecr,1187,224,8.881784197001252e-16,2.220446049250313e-16,train,pass,
0,0,inversion,,-1.0,torch.float64,6.092084443501754e-33,E3,mp-aaaaaecr,1187,224,8.881784197001252e-16,2.220446049250313e-16,train,pass,
0,0,improper_with_translation,,-1.0,torch.float64,3.343784004454624e-16,E3,mp-aaaaaecr,1187,224,2.6645352591003757e-15,1.7763568394002505e-15,train,pass,
0,0,permutation,,,torch.float64,0.0,representation,mp-aaaaaecr,1187,224,0.0,0.0,train,pass,
0,0,integer_images,,,torch.float64,0.0,representation,mp-aaaaaecr,1187,224,0.0,0.0,train,pass,
0,0,basis_swap,,,torch.float64,6.123233877106533e-25,representation,mp-aaaaaecr,1187,224,0.0,4.930380657631324e-32,train,pass,
0,0,basis_shear,,,torch.float64,2.220446049250313e-16,representation,mp-aaaaaecr,1187,224,8.881784197001252e-16,8.881784197001252e-16,train,pass,
0,0,float32_vs_float64,,,torch.float32,,precision,mp-aaaaaecr,1187,224,6.129105232233201e-07,3.5762786909643296e-07,train,pass,
0,0,independent_reference,,,torch.float32,,enumeration,mp-aaaaafnw,1484,232,3.481851242881362e-07,3.5762786865234375e-07,train,pass,
0,0,translation,,1.0,torch.float32,4.839592638667937e-17,E3,mp-aaaaafnw,1484,232,4.76837158203125e-07,2.384185791015625e-07,train,pass,
0,0,rotation_1,,1.0,torch.float32,3.3306690738754696e-16,E3,mp-aaaaafnw,1484,232,0.0,8.881784197001252e-16,train,pass,
0,0,rotation_2,,0.9999999999999989,torch.float32,1.4432899320127035e-15,E3,mp-aaaaafnw,1484,232,0.0,8.881784197001252e-16,train,pass,
0,0,reflection,,-1.0,torch.float32,4.839592638667937e-17,E3,mp-aaaaafnw,1484,232,0.0,2.7179963788410413e-16,train,pass,
0,0,inversion,,-1.0,torch.float32,4.839592638667937e-17,E3,mp-aaaaafnw,1484,232,0.0,2.7179963788410413e-16,train,pass,
0,0,improper_with_translation,,-1.0,torch.float32,3.3306690738754696e-16,E3,mp-aaaaafnw,1484,232,4.76837158203125e-07,2.1311175135707572e-07,train,pass,
0,0,permutation,,,torch.float32,0.0,representation,mp-aaaaafnw,1484,232,0.0,0.0,train,pass,
0,0,integer_images,,,torch.float32,0.0,representation,mp-aaaaafnw,1484,232,0.0,0.0,train,pass,
0,0,basis_swap,,,torch.float32,7.276533603294207e-08,representation,mp-aaaaafnw,1484,232,4.76837158203125e-07,3.8529047419189055e-07,train,pass,
0,0,basis_shear,,,torch.float32,6.237330305124577e-08,representation,mp-aaaaafnw,1484,232,4.76837158203125e-07,3.4536292314868433e-07,train,pass,
0,0,independent_reference,,,torch.float64,,enumeration,mp-aaaaafnw,1484,232,8.881784197001252e-16,1.3322676295501878e-15,train,pass,
0,0,translation,,1.0,torch.float64,4.082482954386849e-09,E3,mp-aaaaafnw,1484,232,1.2480369626644006e-08,1.7763568394002505e-15,train,pass,
0,0,rotation_1,,1.0,torch.float64,3.8322014996241206e-09,E3,mp-aaaaafnw,1484,232,1.2480369626644006e-08,2.220446049250313e-15,train,pass,
0,0,rotation_2,,0.9999999999999989,torch.float64,3.951778126953798e-09,E3,mp-aaaaafnw,1484,232,1.2480366073930327e-08,2.6645352591003757e-15,train,pass,
0,0,reflection,,-1.0,torch.float64,4.082482954386849e-09,E3,mp-aaaaafnw,1484,232,1.2480369626644006e-08,8.881784197001252e-16,train,pass,
0,0,inversion,,-1.0,torch.float64,4.082482954386849e-09,E3,mp-aaaaafnw,1484,232,1.2480369626644006e-08,8.881784197001252e-16,train,pass,
0,0,improper_with_translation,,-1.0,torch.float64,3.8322014996241206e-09,E3,mp-aaaaafnw,1484,232,1.2480369626644006e-08,1.7763568394002505e-15,train,pass,
0,0,permutation,,,torch.float64,0.0,representation,mp-aaaaafnw,1484,232,0.0,0.0,train,pass,
0,0,integer_images,,,torch.float64,0.0,representation,mp-aaaaafnw,1484,232,0.0,0.0,train,pass,
0,0,basis_swap,,,torch.float64,3.5355338072984876e-09,representation,mp-aaaaafnw,1484,232,1.2480369626644006e-08,8.881784197001252e-16,train,pass,
0,0,basis_shear,,,torch.float64,4.440892098500626e-16,representation,mp-aaaaafnw,1484,232,2.6645352591003757e-15,2.6645352591003757e-15,train,pass,
0,0,float32_vs_float64,,,torch.float32,,precision,mp-aaaaafnw,1484,232,4.0293570258143063e-07,5.713680852892367e-07,train,pass,
0,0,independent_reference,,,torch.float32,,enumeration,mp-aaaaagxd,1767,7968,1.122075287796065e-06,7.056278876760302e-07,train,pass,
0,0,translation,,1.0,torch.float32,2.4277536599048018e-24,E3,mp-aaaaagxd,1767,7968,1.430511474609375e-06,9.5367431640625e-07,train,pass,
0,0,rotation_1,,1.0,torch.float32,4.440892098500626e-16,E3,mp-aaaaagxd,1767,7968,0.0,1.7763568394002505e-15,train,pass,
0,0,rotation_2,,0.9999999999999989,torch.float32,1.4432899320127035e-15,E3,mp-aaaaagxd,1767,7968,0.0,8.881784197001252e-16,train,pass,
0,0,reflection,,-1.0,torch.float32,2.4277536599048018e-24,E3,mp-aaaaagxd,1767,7968,0.0,1.3234889800848443e-23,train,pass,
0,0,inversion,,-1.0,torch.float32,2.4277536599048018e-24,E3,mp-aaaaagxd,1767,7968,0.0,1.3234889800848443e-23,train,pass,
0,0,improper_with_translation,,-1.0,torch.float32,4.440892098500626e-16,E3,mp-aaaaagxd,1767,7968,1.430511474609375e-06,1.1664383046117166e-06,train,pass,
0,0,permutation,,,torch.float32,0.0,representation,mp-aaaaagxd,1767,7968,0.0,0.0,train,pass,
0,0,integer_images,,,torch.float32,0.0,representation,mp-aaaaagxd,1767,7968,3.0994415283203125e-06,3.5762786865234375e-06,train,pass,
0,0,basis_swap,,,torch.float32,2.1094237467877974e-15,representation,mp-aaaaagxd,1767,7968,4.76837158203125e-07,1.200631594144852e-07,train,pass,
0,0,basis_shear,,,torch.float32,3.363012232686697e-08,representation,mp-aaaaagxd,1767,7968,9.5367431640625e-07,1.05913402137503e-06,train,pass,
0,0,receiver_copy_0,0,,torch.float32,2.4277536599048018e-24,supercell,mp-aaaaagxd,1767,7968,1.430511474609375e-06,1.430511474609375e-06,train,pass,15936
0,0,receiver_copy_1,1,,torch.float32,2.4277536599048018e-24,supercell,mp-aaaaagxd,1767,7968,1.430511474609375e-06,1.430511474609375e-06,train,pass,15936
0,0,independent_reference,,,torch.float64,,enumeration,mp-aaaaagxd,1767,7968,1.7763568394002505e-15,1.7763568394002505e-15,train,pass,
0,0,translation,,1.0,torch.float64,4.7473795525209646e-33,E3,mp-aaaaagxd,1767,7968,3.1086244689504383e-15,3.1086244689504383e-15,train,pass,
0,0,rotation_1,,1.0,torch.float64,3.593588129325112e-16,E3,mp-aaaaagxd,1767,7968,5.329070518200751e-15,3.9968028886505635e-15,train,pass,
0,0,rotation_2,,0.9999999999999989,torch.float64,3.2877586431228304e-16,E3,mp-aaaaagxd,1767,7968,7.993605777301127e-15,4.218847493575595e-15,train,pass,
0,0,reflection,,-1.0,torch.float64,4.7473795525209646e-33,E3,mp-aaaaagxd,1767,7968,2.6645352591003757e-15,3.1086244689504383e-15,train,pass,
0,0,inversion,,-1.0,torch.float64,4.7473795525209646e-33,E3,mp-aaaaagxd,1767,7968,2.6645352591003757e-15,3.1086244689504383e-15,train,pass,
0,0,improper_with_translation,,-1.0,torch.float64,3.593588129325112e-16,E3,mp-aaaaagxd,1767,7968,5.329070518200751e-15,3.9968028886505635e-15,train,pass,
0,0,permutation,,,torch.float64,0.0,representation,mp-aaaaagxd,1767,7968,0.0,0.0,train,pass,
0,0,integer_images,,,torch.float64,0.0,representation,mp-aaaaagxd,1767,7968,0.0,0.0,train,pass,
0,0,basis_swap,,,torch.float64,6.123233955305802e-25,representation,mp-aaaaagxd,1767,7968,8.881784197001252e-16,9.860761315262648e-32,train,pass,
0,0,basis_shear,,,torch.float64,2.220446049250313e-16,representation,mp-aaaaagxd,1767,7968,1.7763568394002505e-15,1.6653345369377348e-15,train,pass,
0,0,receiver_copy_0,0,,torch.float64,4.7473795525209646e-33,supercell,mp-aaaaagxd,1767,7968,0.0,0.0,train,pass,15936
0,0,receiver_copy_1,1,,torch.float64,4.7473795525209646e-33,supercell,mp-aaaaagxd,1767,7968,0.0,0.0,train,pass,15936
0,0,float32_vs_float64,,,torch.float32,,precision,mp-aaaaagxd,1767,7968,9.725923009185067e-07,8.113414939892039e-07,train,pass,
0,0,independent_reference,,,torch.float32,,enumeration,mp-aaaaagym,1781,294,5.583652420426688e-07,6.48289130822377e-07,train,pass,
0,0,translation,,1.0,torch.float32,9.002228891491983e-17,E3,mp-aaaaagym,1781,294,4.76837158203125e-07,4.768371586472142e-07,train,pass,
0,0,rotation_1,,1.0,torch.float32,5.551115123125783e-16,E3,mp-aaaaagym,1781,294,0.0,8.881784197001252e-16,train,pass,
0,0,rotation_2,,0.9999999999999989,torch.float32,1.6653345369377348e-15,E3,mp-aaaaagym,1781,294,0.0,1.7763568394002505e-15,train,pass,
0,0,reflection,,-1.0,torch.float32,9.002228891491983e-17,E3,mp-aaaaagym,1781,294,0.0,5.015963942215252e-16,train,pass,
0,0,inversion,,-1.0,torch.float32,9.002228891491983e-17,E3,mp-aaaaagym,1781,294,0.0,5.015963942215252e-16,train,pass,
0,0,improper_with_translation,,-1.0,torch.float32,5.551115123125783e-16,E3,mp-aaaaagym,1781,294,9.5367431640625e-07,3.741596343864728e-07,train,pass,
0,0,permutation,,,torch.float32,0.0,representation,mp-aaaaagym,1781,294,0.0,0.0,train,pass,
0,0,integer_images,,,torch.float32,0.0,representation,mp-aaaaagym,1781,294,9.5367431640625e-07,9.5367431640625e-07,train,pass,
0,0,basis_swap,,,torch.float32,5.242325249636413e-08,representation,mp-aaaaagym,1781,294,4.76837158203125e-07,6.757495056297635e-07,train,pass,
0,0,basis_shear,,,torch.float32,8.557876685078014e-07,representation,mp-aaaaagym,1781,294,2.86102294921875e-06,6.855365590752172e-07,train,pass,
0,0,independent_reference,,,torch.float64,,enumeration,mp-aaaaagym,1781,294,1.7763568394002505e-15,8.881784197001252e-16,train,pass,
0,0,translation,,1.0,torch.float64,1.701070695414586e-08,E3,mp-aaaaagym,1781,294,4.949260823394752e-08,2.220446049250313e-15,train,pass,
0,0,rotation_1,,1.0,torch.float64,1.9400355322218843e-08,E3,mp-aaaaagym,1781,294,4.9492602016698584e-08,2.6645352591003757e-15,train,pass,
0,0,rotation_2,,0.9999999999999989,torch.float64,1.9700548858914146e-08,E3,mp-aaaaagym,1781,294,4.949260379305542e-08,3.774758283725532e-15,train,pass,
0,0,reflection,,-1.0,torch.float64,1.701070695414586e-08,E3,mp-aaaaagym,1781,294,4.949260823394752e-08,2.220446049250313e-15,train,pass,
0,0,inversion,,-1.0,torch.float64,1.701070695414586e-08,E3,mp-aaaaagym,1781,294,4.949260823394752e-08,2.220446049250313e-15,train,pass,
0,0,improper_with_translation,,-1.0,torch.float64,1.9400355322218843e-08,E3,mp-aaaaagym,1781,294,4.9492602016698584e-08,1.7763568394002505e-15,train,pass,
0,0,permutation,,,torch.float64,0.0,representation,mp-aaaaagym,1781,294,0.0,0.0,train,pass,
0,0,integer_images,,,torch.float64,0.0,representation,mp-aaaaagym,1781,294,0.0,0.0,train,pass,
0,0,basis_swap,,,torch.float64,1.7010707620279675e-08,representation,mp-aaaaagym,1781,294,4.949260823394752e-08,8.881784197001252e-16,train,pass,
0,0,basis_shear,,,torch.float64,1.3322676295501878e-15,representation,mp-aaaaagym,1781,294,5.329070518200751e-15,1.7763568394002505e-15,train,pass,
0,0,float32_vs_float64,,,torch.float32,,precision,mp-aaaaagym,1781,294,1.8998071267262162e-06,1.8998070974163284e-06,train,pass,
0,0,independent_reference,,,torch.float32,,enumeration,mp-aaaaaiqq,2078,688,7.639689183491782e-07,7.54924585066874e-07,train,pass,
0,0,translation,,1.0,torch.float32,9.556155482987706e-08,E3,mp-aaaaaiqq,2078,688,9.5367431640625e-07,1.1730387026176459e-06,train,pass,
0,0,rotation_1,,1.0,torch.float32,1.0775641221688578e-07,E3,mp-aaaaaiqq,2078,688,9.5367431640625e-07,4.86803187982332e-07,train,pass,
0,0,rotation_2,,0.9999999999999989,torch.float32,1.2084936096279364e-07,E3,mp-aaaaaiqq,2078,688,9.5367431640625e-07,4.86877186456347e-07,train,pass,
0,0,reflection,,-1.0,torch.float32,9.556155482987706e-08,E3,mp-aaaaaiqq,2078,688,9.5367431640625e-07,4.863642528718515e-07,train,pass,
0,0,inversion,,-1.0,torch.float32,9.556155482987706e-08,E3,mp-aaaaaiqq,2078,688,9.5367431640625e-07,4.863642528718515e-07,train,pass,
0,0,improper_with_translation,,-1.0,torch.float32,1.0775641221688578e-07,E3,mp-aaaaaiqq,2078,688,9.5367431640625e-07,4.86803187982332e-07,train,pass,
0,0,permutation,,,torch.float32,0.0,representation,mp-aaaaaiqq,2078,688,0.0,0.0,train,pass,
0,0,integer_images,,,torch.float32,0.0,representation,mp-aaaaaiqq,2078,688,9.5367431640625e-07,9.5367431640625e-07,train,pass,
0,0,basis_swap,,,torch.float32,1.0676304605690225e-07,representation,mp-aaaaaiqq,2078,688,9.5367431640625e-07,5.45901609028121e-07,train,pass,
0,0,basis_shear,,,torch.float32,2.2336729310623582e-07,representation,mp-aaaaaiqq,2078,688,1.430511474609375e-06,9.30256681463959e-07,train,pass,
0,0,independent_reference,,,torch.float64,,enumeration,mp-aaaaaiqq,2078,688,1.7763568394002505e-15,1.3322676295501878e-15,train,pass,
0,0,translation,,1.0,torch.float64,1.561620222023663e-08,E3,mp-aaaaaiqq,2078,688,4.919215879084504e-08,1.7763568394002505e-15,train,pass,
0,0,rotation_1,,1.0,torch.float64,1.7869989044072554e-08,E3,mp-aaaaaiqq,2078,688,4.919215967902346e-08,2.6645352591003757e-15,train,pass,
0,0,rotation_2,,0.9999999999999989,torch.float64,1.8238593080255328e-08,E3,mp-aaaaaiqq,2078,688,4.919216944898608e-08,1.8457457784393227e-15,train,pass,
0,0,reflection,,-1.0,torch.float64,1.561620222023663e-08,E3,mp-aaaaaiqq,2078,688,4.919215879084504e-08,1.7763568394002505e-15,train,pass,
0,0,inversion,,-1.0,torch.float64,1.561620222023663e-08,E3,mp-aaaaaiqq,2078,688,4.919215879084504e-08,1.7763568394002505e-15,train,pass,
0,0,improper_with_translation,,-1.0,torch.float64,1.7869989044072554e-08,E3,mp-aaaaaiqq,2078,688,4.919215967902346e-08,2.6645352591003757e-15,train,pass,
0,0,permutation,,,torch.float64,0.0,representation,mp-aaaaaiqq,2078,688,0.0,0.0,train,pass,
0,0,integer_images,,,torch.float64,0.0,representation,mp-aaaaaiqq,2078,688,0.0,0.0,train,pass,
0,0,basis_swap,,,torch.float64,1.561620310841505e-08,representation,mp-aaaaaiqq,2078,688,4.919216234355872e-08,1.7763568394002505e-15,train,pass,
0,0,basis_shear,,,torch.float64,6.661338147750939e-16,representation,mp-aaaaaiqq,2078,688,2.6645352591003757e-15,2.6645352591003757e-15,train,pass,
0,0,float32_vs_float64,,,torch.float32,,precision,mp-aaaaaiqq,2078,688,1.3277314270254692e-06,1.1137496080948495e-06,train,pass,
0,0,independent_reference,,,torch.float32,,enumeration,mp-aaaaakoh,2375,52,2.3341719845859643e-07,6.761335669125401e-08,train,pass,
0,0,translation,,1.0,torch.float32,3.406214473512381e-24,E3,mp-aaaaakoh,2375,52,0.0,1.1920928955078125e-07,train,pass,
0,0,rotation_1,,1.0,torch.float32,3.3306690738754696e-16,E3,mp-aaaaakoh,2375,52,0.0,0.0,train,pass,
0,0,rotation_2,,0.9999999999999989,torch.float32,1.3322676295501878e-15,E3,mp-aaaaakoh,2375,52,0.0,8.881784197001252e-16,train,pass,
0,0,reflection,,-1.0,torch.float32,3.406214473512381e-24,E3,mp-aaaaakoh,2375,52,0.0,2.6469779601696886e-23,train,pass,
0,0,inversion,,-1.0,torch.float32,3.406214473512381e-24,E3,mp-aaaaakoh,2375,52,0.0,2.6469779601696886e-23,train,pass,
0,0,improper_with_translation,,-1.0,torch.float32,3.3306690738754696e-16,E3,mp-aaaaakoh,2375,52,0.0,0.0,train,pass,
0,0,permutation,,,torch.float32,0.0,representation,mp-aaaaakoh,2375,52,0.0,0.0,train,pass,
0,0,integer_images,,,torch.float32,0.0,representation,mp-aaaaakoh,2375,52,0.0,0.0,train,pass,
0,0,basis_swap,,,torch.float32,1.9984014443252818e-15,representation,mp-aaaaakoh,2375,52,0.0,6.761335979987848e-08,train,pass,
0,0,basis_shear,,,torch.float32,6.717437428527262e-08,representation,mp-aaaaakoh,2375,52,4.76837158203125e-07,1.2800211957042507e-07,train,pass,
0,0,independent_reference,,,torch.float64,,enumeration,mp-aaaaakoh,2375,52,4.440892098500626e-16,4.440892098500626e-16,train,pass,
0,0,translation,,1.0,torch.float64,5.974367537473845e-33,E3,mp-aaaaakoh,2375,52,4.440892098500626e-16,4.440892098500626e-16,train,pass,
0,0,rotation_1,,1.0,torch.float64,3.3306690738754696e-16,E3,mp-aaaaakoh,2375,52,8.881784197001252e-16,8.881784197001252e-16,train,pass,
0,0,rotation_2,,0.9999999999999989,torch.float64,5.551115123125783e-16,E3,mp-aaaaakoh,2375,52,3.552713678800501e-15,8.881784197001252e-16,train,pass,
0,0,reflection,,-1.0,torch.float64,5.974367537473845e-33,E3,mp-aaaaakoh,2375,52,4.440892098500626e-16,4.440892098500626e-16,train,pass,
0,0,inversion,,-1.0,torch.float64,5.974367537473845e-33,E3,mp-aaaaakoh,2375,52,4.440892098500626e-16,4.440892098500626e-16,train,pass,
0,0,improper_with_translation,,-1.0,torch.float64,3.3306690738754696e-16,E3,mp-aaaaakoh,2375,52,8.881784197001252e-16,8.881784197001252e-16,train,pass,
0,0,permutation,,,torch.float64,0.0,representation,mp-aaaaakoh,2375,52,0.0,0.0,train,pass,
0,0,integer_images,,,torch.float64,0.0,representation,mp-aaaaakoh,2375,52,0.0,0.0,train,pass,
0,0,basis_swap,,,torch.float64,6.123233813169274e-25,representation,mp-aaaaakoh,2375,52,0.0,4.930380657631324e-32,train,pass,
0,0,basis_shear,,,torch.float64,1.7938038903913487e-16,representation,mp-aaaaakoh,2375,52,8.881784197001252e-16,4.440892098500626e-16,train,pass,
0,0,float32_vs_float64,,,torch.float32,,precision,mp-aaaaakoh,2375,52,2.912298233681554e-07,3.4161047372086545e-07,train,pass,
0,0,independent_reference,,,torch.float32,,enumeration,mp-aaaaalve,2672,310,4.232096104672678e-07,1.777490439280882e-07,train,pass,
0,0,translation,,1.0,torch.float32,2.3223467663507567e-24,E3,mp-aaaaalve,2672,310,4.76837158203125e-07,2.384185791015625e-07,train,pass,
0,0,rotation_1,,1.0,torch.float32,5.551115123125783e-16,E3,mp-aaaaalve,2672,310,0.0,8.881784197001252e-16,train,pass,
0,0,rotation_2,,0.9999999999999989,torch.float32,1.4432899320127035e-15,E3,mp-aaaaalve,2672,310,0.0,8.881784197001252e-16,train,pass,
0,0,reflection,,-1.0,torch.float32,2.3223467663507567e-24,E3,mp-aaaaalve,2672,310,0.0,1.8509910965920852e-32,train,pass,
0,0,inversion,,-1.0,torch.float32,2.3223467663507567e-24,E3,mp-aaaaalve,2672,310,0.0,1.8509910965920852e-32,train,pass,
0,0,improper_with_translation,,-1.0,torch.float32,5.551115123125783e-16,E3,mp-aaaaalve,2672,310,0.0,8.881784197001252e-16,train,pass,
0,0,permutation,,,torch.float32,0.0,representation,mp-aaaaalve,2672,310,0.0,0.0,train,pass,
0,0,integer_images,,,torch.float32,0.0,representation,mp-aaaaalve,2672,310,0.0,0.0,train,pass,
0,0,basis_swap,,,torch.float32,2.1094237467877974e-15,representation,mp-aaaaalve,2672,310,4.76837158203125e-07,1.7774903771083927e-07,train,pass,
0,0,basis_shear,,,torch.float32,9.394200128909347e-08,representation,mp-aaaaalve,2672,310,4.76837158203125e-07,2.727103671773534e-07,train,pass,
0,0,independent_reference,,,torch.float64,,enumeration,mp-aaaaalve,2672,310,8.881784197001252e-16,4.440892098500626e-16,train,pass,
0,0,translation,,1.0,torch.float64,5.3558143793708856e-33,E3,mp-aaaaalve,2672,310,0.0,2.257318716933273e-16,train,pass,
0,0,rotation_1,,1.0,torch.float64,2.220446049250313e-16,E3,mp-aaaaalve,2672,310,1.7763568394002505e-15,1.7763568394002505e-15,train,pass,
0,0,rotation_2,,0.9999999999999989,torch.float64,2.959692971472181e-16,E3,mp-aaaaalve,2672,310,4.440892098500626e-15,1.27675647831893e-15,train,pass,
0,0,reflection,,-1.0,torch.float64,5.3558143793708856e-33,E3,mp-aaaaalve,2672,310,8.881784197001252e-16,4.440892098500626e-16,train,pass,
0,0,inversion,,-1.0,torch.float64,5.3558143793708856e-33,E3,mp-aaaaalve,2672,310,8.881784197001252e-16,4.440892098500626e-16,train,pass,
0,0,improper_with_translation,,-1.0,torch.float64,2.220446049250313e-16,E3,mp-aaaaalve,2672,310,2.6645352591003757e-15,1.7763568394002505e-15,train,pass,
0,0,permutation,,,torch.float64,0.0,representation,mp-aaaaalve,2672,310,0.0,0.0,train,pass,
0,0,integer_images,,,torch.float64,0.0,representation,mp-aaaaalve,2672,310,0.0,0.0,train,pass,
0,0,basis_swap,,,torch.float64,6.123233865360644e-25,representation,mp-aaaaalve,2672,310,0.0,9.860761315262648e-32,train,pass,
0,0,basis_shear,,,torch.float64,2.220446049250313e-16,representation,mp-aaaaalve,2672,310,8.881784197001252e-16,8.881784197001252e-16,train,pass,
0,0,float32_vs_float64,,,torch.float32,,precision,mp-aaaaalve,2672,310,5.650727912254183e-07,3.554980599324603e-07,train,pass,
0,0,independent_reference,,,torch.float32,,enumeration,mp-aaaaanih,2969,480,7.785025406548129e-07,1.2509050719700099e-06,train,pass,
0,0,translation,,1.0,torch.float32,8.142006368453332e-17,E3,mp-aaaaanih,2969,480,1.430511474609375e-06,1.430511474609375e-06,train,pass,
0,0,rotation_1,,1.0,torch.float32,4.758622797886279e-16,E3,mp-aaaaanih,2969,480,0.0,1.7763568394002505e-15,train,pass,
0,0,rotation_2,,0.9999999999999989,torch.float32,1.1102230246251565e-15,E3,mp-aaaaanih,2969,480,0.0,1.7763568394002505e-15,train,pass,
0,0,reflection,,-1.0,torch.float32,8.142006368453332e-17,E3,mp-aaaaanih,2969,480,0.0,6.661338147750939e-16,train,pass,
0,0,inversion,,-1.0,torch.float32,8.142006368453332e-17,E3,mp-aaaaanih,2969,480,0.0,6.661338147750939e-16,train,pass,
0,0,improper_with_translation,,-1.0,torch.float32,4.758622797886279e-16,E3,mp-aaaaanih,2969,480,9.5367431640625e-07,9.565747429718385e-07,train,pass,
0,0,permutation,,,torch.float32,0.0,representation,mp-aaaaanih,2969,480,0.0,0.0,train,pass,
0,0,integer_images,,,torch.float32,0.0,representation,mp-aaaaanih,2969,480,2.86102294921875e-06,7.3909759521484375e-06,train,pass,
0,0,basis_swap,,,torch.float32,1.8323222672478323e-07,representation,mp-aaaaanih,2969,480,9.5367431640625e-07,1.0577076152706866e-06,train,pass,
0,0,basis_shear,,,torch.float32,5.496968307205918e-07,representation,mp-aaaaanih,2969,480,2.384185791015625e-06,3.2222811778837013e-06,train,pass,
0,0,independent_reference,,,torch.float64,,enumeration,mp-aaaaanih,2969,480,1.7763568394002505e-15,3.1086244689504383e-15,train,pass,
0,0,translation,,1.0,torch.float64,2.3946567950794417e-08,E3,mp-aaaaanih,2969,480,9.003847978306112e-08,4.440892098500626e-15,train,pass,
0,0,rotation_1,,1.0,torch.float64,2.7624259435476972e-08,E3,mp-aaaaanih,2969,480,9.003847711852586e-08,1.021405182655144e-14,train,pass,
0,0,rotation_2,,0.9999999999999989,torch.float64,2.8532892271115884e-08,E3,mp-aaaaanih,2969,480,9.003847356581218e-08,6.217248937900877e-15,train,pass,
0,0,reflection,,-1.0,torch.float64,2.3946567950794417e-08,E3,mp-aaaaanih,2969,480,9.003847978306112e-08,4.6629367034256575e-15,train,pass,
0,0,inversion,,-1.0,torch.float64,2.3946567950794417e-08,E3,mp-aaaaanih,2969,480,9.003847978306112e-08,4.6629367034256575e-15,train,pass,
0,0,improper_with_translation,,-1.0,torch.float64,2.7624259435476972e-08,E3,mp-aaaaanih,2969,480,9.003847711852586e-08,9.325873406851315e-15,train,pass,
0,0,permutation,,,torch.float64,0.0,representation,mp-aaaaanih,2969,480,0.0,0.0,train,pass,
0,0,integer_images,,,torch.float64,0.0,representation,mp-aaaaanih,2969,480,0.0,0.0,train,pass,
0,0,basis_swap,,,torch.float64,3.930527958662111e-08,representation,mp-aaaaanih,2969,480,1.2893947598513478e-07,1.7763568394002505e-15,train,pass,
0,0,basis_shear,,,torch.float64,6.057082790889012e-08,representation,mp-aaaaanih,2969,480,2.1223344770504582e-07,4.440892098500626e-15,train,pass,
0,0,float32_vs_float64,,,torch.float32,,precision,mp-aaaaanih,2969,480,1.3193475174588798e-06,1.5151664620738359e-06,train,pass,
0,0,independent_reference,,,torch.float32,,enumeration,mp-aaaaaovr,3265,220,7.416663168058335e-07,5.809397194411758e-07,train,pass,
0,0,translation,,1.0,torch.float32,1.6012672432452746e-07,E3,mp-aaaaaovr,3265,220,4.76837158203125e-07,6.357828725711556e-07,train,pass,
0,0,rotation_1,,1.0,torch.float32,9.463327343972594e-08,E3,mp-aaaaaovr,3265,220,4.76837158203125e-07,1.9494775188588775e-07,train,pass,
0,0,rotation_2,,0.9999999999999989,torch.float32,7.965813864085902e-08,E3,mp-aaaaaovr,3265,220,4.76837158203125e-07,1.7698844212432618e-07,train,pass,
0,0,reflection,,-1.0,torch.float32,1.6012672432452746e-07,E3,mp-aaaaaovr,3265,220,4.76837158203125e-07,1.9868215095364405e-07,train,pass,
0,0,inversion,,-1.0,torch.float32,1.6012672432452746e-07,E3,mp-aaaaaovr,3265,220,4.76837158203125e-07,1.9868215095364405e-07,train,pass,
0,0,improper_with_translation,,-1.0,torch.float32,9.463327343972594e-08,E3,mp-aaaaaovr,3265,220,9.5367431640625e-07,7.071349781284653e-07,train,pass,
0,0,permutation,,,torch.float32,0.0,representation,mp-aaaaaovr,3265,220,0.0,0.0,train,pass,
0,0,integer_images,,,torch.float32,0.0,representation,mp-aaaaaovr,3265,220,4.76837158203125e-07,8.344650268554688e-07,train,pass,
0,0,basis_swap,,,torch.float32,8.208941870702091e-08,representation,mp-aaaaaovr,3265,220,9.5367431640625e-07,6.648719583779439e-07,train,pass,
0,0,basis_shear,,,torch.float32,1.3284754740716664e-07,representation,mp-aaaaaovr,3265,220,4.76837158203125e-07,4.808139233425379e-07,train,pass,
0,0,independent_reference,,,torch.float64,,enumeration,mp-aaaaaovr,3265,220,1.7763568394002505e-15,8.881784197001252e-16,train,pass,
0,0,translation,,1.0,torch.float64,3.139820982322188e-17,E3,mp-aaaaaovr,3265,220,1.7763568394002505e-15,8.881784197001252e-16,train,pass,
0,0,rotation_1,,1.0,torch.float64,4.0022889060354717e-16,E3,mp-aaaaaovr,3265,220,2.6645352591003757e-15,1.7763568394002505e-15,train,pass,
0,0,rotation_2,,0.9999999999999989,torch.float64,5.551115123125783e-16,E3,mp-aaaaaovr,3265,220,5.329070518200751e-15,1.7763568394002505e-15,train,pass,
0,0,reflection,,-1.0,torch.float64,3.139820982322188e-17,E3,mp-aaaaaovr,3265,220,1.7763568394002505e-15,8.881784197001252e-16,train,pass,
0,0,inversion,,-1.0,torch.float64,3.139820982322188e-17,E3,mp-aaaaaovr,3265,220,1.7763568394002505e-15,8.881784197001252e-16,train,pass,
0,0,improper_with_translation,,-1.0,torch.float64,4.0022889060354717e-16,E3,mp-aaaaaovr,3265,220,2.6645352591003757e-15,1.7763568394002505e-15,train,pass,
0,0,permutation,,,torch.float64,0.0,representation,mp-aaaaaovr,3265,220,0.0,0.0,train,pass,
0,0,integer_images,,,torch.float64,0.0,representation,mp-aaaaaovr,3265,220,0.0,0.0,train,pass,
0,0,basis_swap,,,torch.float64,1.1102230246251565e-16,representation,mp-aaaaaovr,3265,220,8.881784197001252e-16,8.881784197001252e-16,train,pass,
0,0,basis_shear,,,torch.float64,2.220446049250313e-16,representation,mp-aaaaaovr,3265,220,1.7763568394002505e-15,1.7763568394002505e-15,train,pass,
0,0,float32_vs_float64,,,torch.float32,,precision,mp-aaaaaovr,3265,220,6.196698052463034e-07,8.157535529201336e-07,train,pass,
0,0,independent_reference,,,torch.float32,,enumeration,mp-aaaaaqcd,3562,116,3.931539387380667e-07,2.6013226772647613e-07,train,pass,
0,0,translation,,1.0,torch.float32,5.405873454155827e-24,E3,mp-aaaaaqcd,3562,116,2.384185791015625e-07,1.1920928955078125e-07,train,pass,
0,0,rotation_1,,1.0,torch.float32,4.440892098500626e-16,E3,mp-aaaaaqcd,3562,116,0.0,4.440892098500626e-16,train,pass,
0,0,rotation_2,,0.9999999999999989,torch.float32,1.4432899320127035e-15,E3,mp-aaaaaqcd,3562,116,0.0,8.881784197001252e-16,train,pass,
0,0,reflection,,-1.0,torch.float32,5.405873454155827e-24,E3,mp-aaaaaqcd,3562,116,0.0,2.6469779601696886e-23,train,pass,
0,0,inversion,,-1.0,torch.float32,5.405873454155827e-24,E3,mp-aaaaaqcd,3562,116,0.0,2.6469779601696886e-23,train,pass,
0,0,improper_with_translation,,-1.0,torch.float32,4.440892098500626e-16,E3,mp-aaaaaqcd,3562,116,2.384185791015625e-07,1.1789797493833021e-07,train,pass,
0,0,permutation,,,torch.float32,0.0,representation,mp-aaaaaqcd,3562,116,0.0,0.0,train,pass,
0,0,integer_images,,,torch.float32,0.0,representation,mp-aaaaaqcd,3562,116,0.0,0.0,train,pass,
0,0,basis_swap,,,torch.float32,2.497227155145649e-15,representation,mp-aaaaaqcd,3562,116,4.76837158203125e-07,9.749562357441732e-08,train,pass,
0,0,basis_shear,,,torch.float32,7.672606661124348e-08,representation,mp-aaaaaqcd,3562,116,4.76837158203125e-07,2.9463879513969005e-07,train,pass,
0,0,independent_reference,,,torch.float64,,enumeration,mp-aaaaaqcd,3562,116,8.881784197001252e-16,4.440892098500626e-16,train,pass,
0,0,translation,,1.0,torch.float64,9.671955311699402e-33,E3,mp-aaaaaqcd,3562,116,0.0,2.220446049250313e-16,train,pass,
0,0,rotation_1,,1.0,torch.float64,1.1102230246251565e-16,E3,mp-aaaaaqcd,3562,116,2.6645352591003757e-15,1.7763568394002505e-15,train,pass,
0,0,rotation_2,,0.9999999999999989,torch.float64,5.551115123125783e-16,E3,mp-aaaaaqcd,3562,116,5.329070518200751e-15,1.3322676295501878e-15,train,pass,
0,0,reflection,,-1.0,torch.float64,9.671955311699402e-33,E3,mp-aaaaaqcd,3562,116,8.881784197001252e-16,8.881784197001252e-16,train,pass,
0,0,inversion,,-1.0,torch.float64,9.671955311699402e-33,E3,mp-aaaaaqcd,3562,116,8.881784197001252e-16,8.881784197001252e-16,train,pass,
0,0,improper_with_translation,,-1.0,torch.float64,1.1102230246251565e-16,E3,mp-aaaaaqcd,3562,116,2.6645352591003757e-15,1.7763568394002505e-15,train,pass,
0,0,permutation,,,torch.float64,0.0,representation,mp-aaaaaqcd,3562,116,0.0,0.0,train,pass,
0,0,integer_images,,,torch.float64,0.0,representation,mp-aaaaaqcd,3562,116,0.0,0.0,train,pass,
0,0,basis_swap,,,torch.float64,6.123233893390649e-25,representation,mp-aaaaaqcd,3562,116,0.0,4.930380657631324e-32,train,pass,
0,0,basis_shear,,,torch.float64,2.5788501197332367e-16,representation,mp-aaaaaqcd,3562,116,8.881784197001252e-16,8.881784197001252e-16,train,pass,
0,0,float32_vs_float64,,,torch.float32,,precision,mp-aaaaaqcd,3562,116,3.9860027900573414e-07,4.76837158203125e-07,train,pass,
0,0,independent_reference,,,torch.float32,,enumeration,mp-aaaaarku,3859,1300,8.530034207865356e-07,6.367135796381262e-07,train,pass,
0,0,translation,,1.0,torch.float32,4.051273322379461e-18,E3,mp-aaaaarku,3859,1300,9.5367431640625e-07,9.5367431640625e-07,train,pass,
0,0,rotation_1,,1.0,torch.float32,2.5580221781985576e-16,E3,mp-aaaaarku,3859,1300,4.76837158203125e-07,4.2622350271415144e-07,train,pass,
0,0,rotation_2,,0.9999999999999989,torch.float32,1.4432899320127035e-15,E3,mp-aaaaarku,3859,1300,4.76837158203125e-07,5.30965301948072e-07,train,pass,
0,0,reflection,,-1.0,torch.float32,4.051273322379461e-18,E3,mp-aaaaarku,3859,1300,4.76837158203125e-07,4.76837158203125e-07,train,pass,
0,0,inversion,,-1.0,torch.float32,4.051273322379461e-18,E3,mp-aaaaarku,3859,1300,4.76837158203125e-07,4.76837158203125e-07,train,pass,
0,0,improper_with_translation,,-1.0,torch.float32,2.5580221781985576e-16,E3,mp-aaaaarku,3859,1300,9.5367431640625e-07,5.303512398135979e-07,train,pass,
0,0,permutation,,,torch.float32,0.0,representation,mp-aaaaarku,3859,1300,0.0,0.0,train,pass,
0,0,integer_images,,,torch.float32,0.0,representation,mp-aaaaarku,3859,1300,2.86102294921875e-06,2.6226043701171875e-06,train,pass,
0,0,basis_swap,,,torch.float32,5.157836335811794e-08,representation,mp-aaaaarku,3859,1300,9.5367431640625e-07,5.974602856895217e-07,train,pass,
0,0,basis_shear,,,torch.float32,9.410260770262898e-08,representation,mp-aaaaarku,3859,1300,9.5367431640625e-07,8.177189263491869e-07,train,pass,
0,0,independent_reference,,,torch.float64,,enumeration,mp-aaaaarku,3859,1300,1.7763568394002505e-15,1.1102230246251565e-15,train,pass,
0,0,translation,,1.0,torch.float64,3.845080076689063e-17,E3,mp-aaaaarku,3859,1300,3.552713678800501e-15,1.9984014443252818e-15,train,pass,
0,0,rotation_1,,1.0,torch.float64,5.551115123125783e-16,E3,mp-aaaaarku,3859,1300,3.552713678800501e-15,2.6645352591003757e-15,train,pass,
0,0,rotation_2,,0.9999999999999989,torch.float64,5.551115123125783e-16,E3,mp-aaaaarku,3859,1300,6.217248937900877e-15,3.552713678800501e-15,train,pass,
0,0,reflection,,-1.0,torch.float64,3.845080076689063e-17,E3,mp-aaaaarku,3859,1300,1.7763568394002505e-15,1.7763568394002505e-15,train,pass,
0,0,inversion,,-1.0,torch.float64,3.845080076689063e-17,E3,mp-aaaaarku,3859,1300,1.7763568394002505e-15,1.7763568394002505e-15,train,pass,
0,0,improper_with_translation,,-1.0,torch.float64,5.551115123125783e-16,E3,mp-aaaaarku,3859,1300,3.552713678800501e-15,2.220446049250313e-15,train,pass,
0,0,permutation,,,torch.float64,0.0,representation,mp-aaaaarku,3859,1300,0.0,0.0,train,pass,
0,0,integer_images,,,torch.float64,0.0,representation,mp-aaaaarku,3859,1300,0.0,0.0,train,pass,
0,0,basis_swap,,,torch.float64,7.782240344626398e-17,representation,mp-aaaaarku,3859,1300,8.881784197001252e-16,8.881784197001252e-16,train,pass,
0,0,basis_shear,,,torch.float64,1.6081226403921367e-16,representation,mp-aaaaarku,3859,1300,1.7763568394002505e-15,1.7763568394002505e-15,train,pass,
0,0,float32_vs_float64,,,torch.float32,,precision,mp-aaaaarku,3859,1300,8.549095644738713e-07,9.100499331893275e-07,train,pass,
0,0,independent_reference,,,torch.float32,,enumeration,mp-aaaaarnc,3876,24,2.5643808676534263e-07,3.504879586557763e-07,train,pass,
0,0,translation,,1.0,torch.float32,1.410272723184936e-17,E3,mp-aaaaarnc,3876,24,4.76837158203125e-07,4.76837158203125e-07,train,pass,
0,0,rotation_1,,1.0,torch.float32,3.933616776731289e-16,E3,mp-aaaaarnc,3876,24,0.0,6.661338147750939e-16,train,pass,
0,0,rotation_2,,0.9999999999999989,torch.float32,1.4432899320127035e-15,E3,mp-aaaaarnc,3876,24,0.0,4.440892098500626e-16,train,pass,
0,0,reflection,,-1.0,torch.float32,1.410272723184936e-17,E3,mp-aaaaarnc,3876,24,0.0,4.532205955983784e-17,train,pass,
0,0,inversion,,-1.0,torch.float32,1.410272723184936e-17,E3,mp-aaaaarnc,3876,24,0.0,4.532205955983784e-17,train,pass,
0,0,improper_with_translation,,-1.0,torch.float32,3.933616776731289e-16,E3,mp-aaaaarnc,3876,24,0.0,6.661338147750939e-16,train,pass,
0,0,permutation,,,torch.float32,0.0,representation,mp-aaaaarnc,3876,24,0.0,0.0,train,pass,
0,0,integer_images,,,torch.float32,0.0,representation,mp-aaaaarnc,3876,24,9.5367431640625e-07,1.430511474609375e-06,train,pass,
0,0,basis_swap,,,torch.float32,5.815203873993369e-11,representation,mp-aaaaarnc,3876,24,4.76837158203125e-07,3.8218320375094095e-07,train,pass,
0,0,basis_shear,,,torch.float32,9.888375268416615e-08,representation,mp-aaaaarnc,3876,24,4.76837158203125e-07,3.85563085680829e-07,train,pass,
0,0,independent_reference,,,torch.float64,,enumeration,mp-aaaaarnc,3876,24,8.881784197001252e-16,4.440892098500626e-16,train,pass,
0,0,translation,,1.0,torch.float64,4.412196148626127e-17,E3,mp-aaaaarnc,3876,24,8.881784197001252e-16,6.661338147750939e-16,train,pass,
0,0,rotation_1,,1.0,torch.float64,4.440892098500626e-16,E3,mp-aaaaarnc,3876,24,1.7763568394002505e-15,8.881784197001252e-16,train,pass,
0,0,rotation_2,,0.9999999999999989,torch.float64,2.8088774004242792e-16,E3,mp-aaaaarnc,3876,24,4.440892098500626e-15,8.881784197001252e-16,train,pass,
0,0,reflection,,-1.0,torch.float64,4.412196148626127e-17,E3,mp-aaaaarnc,3876,24,8.881784197001252e-16,8.881784197001252e-16,train,pass,
0,0,inversion,,-1.0,torch.float64,4.412196148626127e-17,E3,mp-aaaaarnc,3876,24,8.881784197001252e-16,8.881784197001252e-16,train,pass,
0,0,improper_with_translation,,-1.0,torch.float64,4.440892098500626e-16,E3,mp-aaaaarnc,3876,24,1.7763568394002505e-15,1.3322676295501878e-15,train,pass,
0,0,permutation,,,torch.float64,0.0,representation,mp-aaaaarnc,3876,24,0.0,0.0,train,pass,
0,0,integer_images,,,torch.float64,0.0,representation,mp-aaaaarnc,3876,24,0.0,0.0,train,pass,
0,0,basis_swap,,,torch.float64,2.220446049250313e-16,representation,mp-aaaaarnc,3876,24,8.881784197001252e-16,6.661338147750939e-16,train,pass,
0,0,basis_shear,,,torch.float64,1.608122640392137e-16,representation,mp-aaaaarnc,3876,24,8.881784197001252e-16,4.440892098500626e-16,train,pass,
0,0,float32_vs_float64,,,torch.float32,,precision,mp-aaaaarnc,3876,24,5.216494800563964e-07,6.3231131353092e-07,train,pass,
0,0,independent_reference,,,torch.float32,,enumeration,mp-aaaaatkf,4156,660,8.680196597055101e-07,7.992937298695324e-07,train,pass,
0,0,translation,,1.0,torch.float32,1.6555866189094104e-07,E3,mp-aaaaatkf,4156,660,1.430511474609375e-06,9.510266805179413e-07,train,pass,
0,0,rotation_1,,1.0,torch.float32,1.1898513996300153e-07,E3,mp-aaaaatkf,4156,660,9.5367431640625e-07,5.935968694359417e-07,train,pass,
0,0,rotation_2,,0.9999999999999989,torch.float32,8.24087064833847e-08,E3,mp-aaaaatkf,4156,660,9.5367431640625e-07,5.611031723695703e-07,train,pass,
0,0,reflection,,-1.0,torch.float32,1.6555866189094104e-07,E3,mp-aaaaatkf,4156,660,9.5367431640625e-07,5.77315982575044e-07,train,pass,
0,0,inversion,,-1.0,torch.float32,1.6555866189094104e-07,E3,mp-aaaaatkf,4156,660,9.5367431640625e-07,5.77315982575044e-07,train,pass,
0,0,improper_with_translation,,-1.0,torch.float32,1.1898513996300153e-07,E3,mp-aaaaatkf,4156,660,9.5367431640625e-07,1.3580950799507718e-06,train,pass,
0,0,permutation,,,torch.float32,0.0,representation,mp-aaaaatkf,4156,660,0.0,0.0,train,pass,
0,0,integer_images,,,torch.float32,0.0,representation,mp-aaaaatkf,4156,660,1.9073486328125e-06,1.9073486328125e-06,train,pass,
0,0,basis_swap,,,torch.float32,8.957484176619346e-08,representation,mp-aaaaatkf,4156,660,9.5367431640625e-07,7.075175627591079e-07,train,pass,
0,0,basis_shear,,,torch.float32,3.182294652237516e-07,representation,mp-aaaaatkf,4156,660,1.9073486328125e-06,1.0951263640615778e-06,train,pass,
0,0,independent_reference,,,torch.float64,,enumeration,mp-aaaaatkf,4156,660,8.881784197001252e-16,8.881784197001252e-16,train,pass,
0,0,translation,,1.0,torch.float64,1.0013362583549679e-08,E3,mp-aaaaatkf,4156,660,3.424708605592741e-08,2.6645352591003757e-15,train,pass,
0,0,rotation_1,,1.0,torch.float64,1.1775027952687367e-08,E3,mp-aaaaatkf,4156,660,3.424708783228425e-08,2.6645352591003757e-15,train,pass,
0,0,rotation_2,,0.9999999999999989,torch.float64,1.2501768731354446e-08,E3,mp-aaaaatkf,4156,660,3.424708960864109e-08,2.6645352591003757e-15,train,pass,
0,0,reflection,,-1.0,torch.float64,1.0013362583549679e-08,E3,mp-aaaaatkf,4156,660,3.424708605592741e-08,2.6645352591003757e-15,train,pass,
0,0,inversion,,-1.0,torch.float64,1.0013362583549679e-08,E3,mp-aaaaatkf,4156,660,3.424708605592741e-08,2.6645352591003757e-15,train,pass,
0,0,improper_with_translation,,-1.0,torch.float64,1.1775027952687367e-08,E3,mp-aaaaatkf,4156,660,3.424708783228425e-08,2.220446049250313e-15,train,pass,
0,0,permutation,,,torch.float64,0.0,representation,mp-aaaaatkf,4156,660,0.0,0.0,train,pass,
0,0,integer_images,,,torch.float64,0.0,representation,mp-aaaaatkf,4156,660,0.0,0.0,train,pass,
0,0,basis_swap,,,torch.float64,9.847709980803643e-09,representation,mp-aaaaatkf,4156,660,3.5804264442163e-08,1.7763568394002505e-15,train,pass,
0,0,basis_shear,,,torch.float64,4.1703410799104583e-11,representation,mp-aaaaatkf,4156,660,1.702256113844669e-10,2.6645352591003757e-15,train,pass,
0,0,float32_vs_float64,,,torch.float32,,precision,mp-aaaaatkf,4156,660,2.5252636568495745e-06,2.104337841757342e-06,train,pass,
0,0,independent_reference,,,torch.float32,,enumeration,mp-aaaaavzz,4438,2580,1.057625375722182e-06,1.3429089307237518e-06,train,pass,
0,0,translation,,1.0,torch.float32,1.8728816242319368e-07,E3,mp-aaaaavzz,4438,2580,1.430511474609375e-06,1.4886360284460665e-06,train,pass,
0,0,rotation_1,,1.0,torch.float32,2.0004667677930854e-07,E3,mp-aaaaavzz,4438,2580,1.430511474609375e-06,1.0381258452873965e-06,train,pass,
0,0,rotation_2,,0.9999999999999989,torch.float32,1.5532641628320192e-07,E3,mp-aaaaavzz,4438,2580,1.430511474609375e-06,1.044504239544608e-06,train,pass,
0,0,reflection,,-1.0,torch.float32,1.8728816242319368e-07,E3,mp-aaaaavzz,4438,2580,1.430511474609375e-06,1.1605338894327133e-06,train,pass,
0,0,inversion,,-1.0,torch.float32,1.8728816242319368e-07,E3,mp-aaaaavzz,4438,2580,1.430511474609375e-06,1.1605338894327133e-06,train,pass,
0,0,improper_with_translation,,-1.0,torch.float32,2.0004667677930854e-07,E3,mp-aaaaavzz,4438,2580,1.9073486328125e-06,1.5650342568562792e-06,train,pass,
0,0,permutation,,,torch.float32,0.0,representation,mp-aaaaavzz,4438,2580,0.0,0.0,train,pass,
0,0,integer_images,,,torch.float32,0.0,representation,mp-aaaaavzz,4438,2580,3.337860107421875e-06,4.0531158447265625e-06,train,pass,
0,0,basis_swap,,,torch.float32,1.8728816242319368e-07,representation,mp-aaaaavzz,4438,2580,9.5367431640625e-07,1.0888470479697432e-06,train,pass,
0,0,basis_shear,,,torch.float32,3.858496196167142e-07,representation,mp-aaaaavzz,4438,2580,2.384185791015625e-06,1.8828535930381918e-06,train,pass,
0,0,independent_reference,,,torch.float64,,enumeration,mp-aaaaavzz,4438,2580,1.9984014443252818e-15,2.6645352591003757e-15,train,pass,
0,0,translation,,1.0,torch.float64,7.957892719818605e-09,E3,mp-aaaaavzz,4438,2580,3.830637140822546e-08,5.773159728050814e-15,train,pass,
0,0,rotation_1,,1.0,torch.float64,7.702487600415243e-09,E3,mp-aaaaavzz,4438,2580,3.830637140822546e-08,5.773159728050814e-15,train,pass,
0,0,rotation_2,,0.9999999999999989,torch.float64,8.243747129377255e-09,E3,mp-aaaaavzz,4438,2580,3.830637052004704e-08,7.549516567451064e-15,train,pass,
0,0,reflection,,-1.0,torch.float64,7.957892719818605e-09,E3,mp-aaaaavzz,4438,2580,3.830637140822546e-08,5.10702591327572e-15,train,pass,
0,0,inversion,,-1.0,torch.float64,7.957892719818605e-09,E3,mp-aaaaavzz,4438,2580,3.830637140822546e-08,5.10702591327572e-15,train,pass,
0,0,improper_with_translation,,-1.0,torch.float64,7.702487600415243e-09,E3,mp-aaaaavzz,4438,2580,3.830637140822546e-08,6.217248937900877e-15,train,pass,
0,0,permutation,,,torch.float64,0.0,representation,mp-aaaaavzz,4438,2580,0.0,0.0,train,pass,
0,0,integer_images,,,torch.float64,0.0,representation,mp-aaaaavzz,4438,2580,0.0,0.0,train,pass,
0,0,basis_swap,,,torch.float64,7.80929831911692e-09,representation,mp-aaaaavzz,4438,2580,3.830637229640388e-08,1.9984014443252818e-15,train,pass,
0,0,basis_shear,,,torch.float64,1.3562539173550383e-15,representation,mp-aaaaavzz,4438,2580,8.881784197001252e-15,3.1086244689504383e-15,train,pass,
0,0,float32_vs_float64,,,torch.float32,,precision,mp-aaaaavzz,4438,2580,1.28950185374066e-06,1.3400889995462961e-06,train,pass,
0,0,independent_reference,,,torch.float32,,enumeration,mp-aaaaawhu,4453,768,9.033521095602737e-07,7.734237010836864e-07,train,pass,
0,0,translation,,1.0,torch.float32,4.3876869499489545e-18,E3,mp-aaaaawhu,4453,768,9.5367431640625e-07,9.5367431640625e-07,train,pass,
0,0,rotation_1,,1.0,torch.float32,3.3306690738754696e-16,E3,mp-aaaaawhu,4453,768,4.76837158203125e-07,5.303512398135979e-07,train,pass,
0,0,rotation_2,,0.9999999999999989,torch.float32,1.3322676295501878e-15,E3,mp-aaaaawhu,4453,768,4.76837158203125e-07,5.30965301948072e-07,train,pass,
0,0,reflection,,-1.0,torch.float32,4.3876869499489545e-18,E3,mp-aaaaawhu,4453,768,4.76837158203125e-07,4.76837158203125e-07,train,pass,
0,0,inversion,,-1.0,torch.float32,4.3876869499489545e-18,E3,mp-aaaaawhu,4453,768,4.76837158203125e-07,4.76837158203125e-07,train,pass,
0,0,improper_with_translation,,-1.0,torch.float32,3.3306690738754696e-16,E3,mp-aaaaawhu,4453,768,4.76837158203125e-07,1.0086386112995172e-06,train,pass,
0,0,permutation,,,torch.float32,0.0,representation,mp-aaaaawhu,4453,768,0.0,0.0,train,pass,
0,0,integer_images,,,torch.float32,0.0,representation,mp-aaaaawhu,4453,768,2.384185791015625e-06,2.086162567138672e-06,train,pass,
0,0,basis_swap,,,torch.float32,1.2860193576713641e-08,representation,mp-aaaaawhu,4453,768,9.5367431640625e-07,6.236973932871592e-07,train,pass,
0,0,basis_shear,,,torch.float32,9.326473460191664e-08,representation,mp-aaaaawhu,4453,768,9.5367431640625e-07,8.980530825652977e-07,train,pass,
0,0,independent_reference,,,torch.float64,,enumeration,mp-aaaaawhu,4453,768,1.7763568394002505e-15,8.881784197001252e-16,train,pass,
0,0,translation,,1.0,torch.float64,2.814185532893238e-17,E3,mp-aaaaawhu,4453,768,2.6645352591003757e-15,2.220446049250313e-15,train,pass,
0,0,rotation_1,,1.0,torch.float64,4.440892098500626e-16,E3,mp-aaaaawhu,4453,768,3.552713678800501e-15,2.6645352591003757e-15,train,pass,
0,0,rotation_2,,0.9999999999999989,torch.float64,2.220446049250313e-16,E3,mp-aaaaawhu,4453,768,5.329070518200751e-15,3.552713678800501e-15,train,pass,
0,0,reflection,,-1.0,torch.float64,2.814185532893238e-17,E3,mp-aaaaawhu,4453,768,1.7763568394002505e-15,2.220446049250313e-15,train,pass,
0,0,inversion,,-1.0,torch.float64,2.814185532893238e-17,E3,mp-aaaaawhu,4453,768,1.7763568394002505e-15,2.220446049250313e-15,train,pass,
0,0,improper_with_translation,,-1.0,torch.float64,4.440892098500626e-16,E3,mp-aaaaawhu,4453,768,2.6645352591003757e-15,2.886579864025407e-15,train,pass,
0,0,permutation,,,torch.float64,0.0,representation,mp-aaaaawhu,4453,768,0.0,0.0,train,pass,
0,0,integer_images,,,torch.float64,0.0,representation,mp-aaaaawhu,4453,768,0.0,0.0,train,pass,
0,0,basis_swap,,,torch.float64,1.1102230246251565e-16,representation,mp-aaaaawhu,4453,768,1.7763568394002505e-15,8.881784197001252e-16,train,pass,
0,0,basis_shear,,,torch.float64,2.220446049250313e-16,representation,mp-aaaaawhu,4453,768,1.7763568394002505e-15,1.7763568394002505e-15,train,pass,
0,0,float32_vs_float64,,,torch.float32,,precision,mp-aaaaawhu,4453,768,8.919550147368227e-07,9.412882788772947e-07,train,pass,
0,0,independent_reference,,,torch.float32,,enumeration,mp-aaaaaxpw,4554,8160,9.682708972391652e-07,7.725965316396355e-07,train,pass,
0,0,translation,,1.0,torch.float32,1.2642332544594949e-24,E3,mp-aaaaaxpw,4554,8160,9.5367431640625e-07,9.5367431640625e-07,train,pass,
0,0,rotation_1,,1.0,torch.float32,2.559548749703372e-16,E3,mp-aaaaaxpw,4554,8160,0.0,8.881784197001252e-16,train,pass,
0,0,rotation_2,,0.9999999999999989,torch.float32,1.4432899320127035e-15,E3,mp-aaaaaxpw,4554,8160,0.0,8.881784197001252e-16,train,pass,
0,0,reflection,,-1.0,torch.float32,1.2642332544594949e-24,E3,mp-aaaaaxpw,4554,8160,0.0,6.617444900424222e-24,train,pass,
0,0,inversion,,-1.0,torch.float32,1.2642332544594949e-24,E3,mp-aaaaaxpw,4554,8160,0.0,6.617444900424222e-24,train,pass,
0,0,improper_with_translation,,-1.0,torch.float32,2.559548749703372e-16,E3,mp-aaaaaxpw,4554,8160,9.5367431640625e-07,9.937958962424887e-07,train,pass,
0,0,permutation,,,torch.float32,0.0,representation,mp-aaaaaxpw,4554,8160,0.0,0.0,train,pass,
0,0,integer_images,,,torch.float32,0.0,representation,mp-aaaaaxpw,4554,8160,3.337860107421875e-06,3.7550926208496094e-06,train,pass,
0,0,basis_swap,,,torch.float32,2.1094237467877974e-15,representation,mp-aaaaaxpw,4554,8160,4.76837158203125e-07,1.8573417914780066e-07,train,pass,
0,0,basis_shear,,,torch.float32,1.283468183954639e-07,representation,mp-aaaaaxpw,4554,8160,9.5367431640625e-07,1.2855203110895275e-06,train,pass,
0,0,receiver_copy_0,0,,torch.float32,1.2642332544594949e-24,supercell,mp-aaaaaxpw,4554,8160,1.430511474609375e-06,1.430511474609375e-06,train,pass,16320
0,0,receiver_copy_1,1,,torch.float32,1.2642332544594949e-24,supercell,mp-aaaaaxpw,4554,8160,1.9073486328125e-06,1.430511474609375e-06,train,pass,16320
0,0,independent_reference,,,torch.float64,,enumeration,mp-aaaaaxpw,4554,8160,1.7763568394002505e-15,1.7763568394002505e-15,train,pass,
0,0,translation,,1.0,torch.float64,1.206179370162298e-33,E3,mp-aaaaaxpw,4554,8160,2.6645352591003757e-15,3.1086244689504383e-15,train,pass,
0,0,rotation_1,,1.0,torch.float64,2.220446049250313e-16,E3,mp-aaaaaxpw,4554,8160,3.9968028886505635e-15,3.9968028886505635e-15,train,pass,
0,0,rotation_2,,0.9999999999999989,torch.float64,4.440892098500626e-16,E3,mp-aaaaaxpw,4554,8160,7.993605777301127e-15,4.440892098500626e-15,train,pass,
0,0,reflection,,-1.0,torch.float64,1.206179370162298e-33,E3,mp-aaaaaxpw,4554,8160,2.6645352591003757e-15,2.6645352591003757e-15,train,pass,
0,0,inversion,,-1.0,torch.float64,1.206179370162298e-33,E3,mp-aaaaaxpw,4554,8160,2.6645352591003757e-15,2.6645352591003757e-15,train,pass,
0,0,improper_with_translation,,-1.0,torch.float64,2.220446049250313e-16,E3,mp-aaaaaxpw,4554,8160,4.440892098500626e-15,4.440892098500626e-15,train,pass,
0,0,permutation,,,torch.float64,0.0,representation,mp-aaaaaxpw,4554,8160,0.0,0.0,train,pass,
0,0,integer_images,,,torch.float64,0.0,representation,mp-aaaaaxpw,4554,8160,0.0,0.0,train,pass,
0,0,basis_swap,,,torch.float64,6.123233986240075e-25,representation,mp-aaaaaxpw,4554,8160,8.881784197001252e-16,9.860761315262648e-32,train,pass,
0,0,basis_shear,,,torch.float64,4.440892098500626e-16,representation,mp-aaaaaxpw,4554,8160,1.7763568394002505e-15,1.7763568394002505e-15,train,pass,
0,0,receiver_copy_0,0,,torch.float64,1.206179370162298e-33,supercell,mp-aaaaaxpw,4554,8160,0.0,6.162975822039155e-33,train,pass,16320
0,0,receiver_copy_1,1,,torch.float64,1.206179370162298e-33,supercell,mp-aaaaaxpw,4554,8160,0.0,6.162975822039155e-33,train,pass,16320
0,0,float32_vs_float64,,,torch.float32,,precision,mp-aaaaaxpw,4554,8160,1.0697880208354604e-06,8.453289979115652e-07,train,pass,
0,0,independent_reference,,,torch.float32,,enumeration,mp-aaaaazno,4750,750,8.078634872177304e-07,6.156059662032476e-07,train,pass,
0,0,translation,,1.0,torch.float32,2.942029243854334e-18,E3,mp-aaaaazno,4750,750,9.5367431640625e-07,4.917383193969727e-07,train,pass,
0,0,rotation_1,,1.0,torch.float32,3.3306690738754696e-16,E3,mp-aaaaazno,4750,750,4.76837158203125e-07,2.6517562012884355e-07,train,pass,
0,0,rotation_2,,0.9999999999999989,torch.float32,1.4432899320127035e-15,E3,mp-aaaaazno,4750,750,4.76837158203125e-07,4.113558547125251e-07,train,pass,
0,0,reflection,,-1.0,torch.float32,2.942029243854334e-18,E3,mp-aaaaazno,4750,750,4.76837158203125e-07,2.384185791015625e-07,train,pass,
0,0,inversion,,-1.0,torch.float32,2.942029243854334e-18,E3,mp-aaaaazno,4750,750,4.76837158203125e-07,2.384185791015625e-07,train,pass,
0,0,improper_with_translation,,-1.0,torch.float32,3.3306690738754696e-16,E3,mp-aaaaazno,4750,750,9.5367431640625e-07,9.820537227867021e-07,train,pass,
0,0,permutation,,,torch.float32,0.0,representation,mp-aaaaazno,4750,750,0.0,0.0,train,pass,
0,0,integer_images,,,torch.float32,0.0,representation,mp-aaaaazno,4750,750,2.86102294921875e-06,2.9802322387695312e-06,train,pass,
0,0,basis_swap,,,torch.float32,5.8990021090110645e-08,representation,mp-aaaaazno,4750,750,9.5367431640625e-07,7.48236320013973e-07,train,pass,
0,0,basis_shear,,,torch.float32,9.512934773248105e-08,representation,mp-aaaaazno,4750,750,9.5367431640625e-07,8.24345232963708e-07,train,pass,
0,0,independent_reference,,,torch.float64,,enumeration,mp-aaaaazno,4750,750,8.881784197001252e-16,8.881784197001252e-16,train,pass,
0,0,translation,,1.0,torch.float64,4.0888794817211035e-17,E3,mp-aaaaazno,4750,750,1.7763568394002505e-15,2.220446049250313e-15,train,pass,
0,0,rotation_1,,1.0,torch.float64,4.440892098500626e-16,E3,mp-aaaaazno,4750,750,3.9968028886505635e-15,3.9968028886505635e-15,train,pass,
0,0,rotation_2,,0.9999999999999989,torch.float64,6.661338147750939e-16,E3,mp-aaaaazno,4750,750,7.993605777301127e-15,4.1494585545365226e-15,train,pass,
0,0,reflection,,-1.0,torch.float64,4.0888794817211035e-17,E3,mp-aaaaazno,4750,750,2.6645352591003757e-15,2.220446049250313e-15,train,pass,
0,0,inversion,,-1.0,torch.float64,4.0888794817211035e-17,E3,mp-aaaaazno,4750,750,2.6645352591003757e-15,2.220446049250313e-15,train,pass,
0,0,improper_with_translation,,-1.0,torch.float64,4.440892098500626e-16,E3,mp-aaaaazno,4750,750,5.329070518200751e-15,3.9968028886505635e-15,train,pass,
0,0,permutation,,,torch.float64,0.0,representation,mp-aaaaazno,4750,750,0.0,0.0,train,pass,
0,0,integer_images,,,torch.float64,0.0,representation,mp-aaaaazno,4750,750,0.0,0.0,train,pass,
0,0,basis_swap,,,torch.float64,1.1102230246251565e-16,representation,mp-aaaaazno,4750,750,1.7763568394002505e-15,8.881784197001252e-16,train,pass,
0,0,basis_shear,,,torch.float64,2.220446049250313e-16,representation,mp-aaaaazno,4750,750,1.7763568394002505e-15,1.3322676295501878e-15,train,pass,
0,0,float32_vs_float64,,,torch.float32,,precision,mp-aaaaazno,4750,750,8.6702641510783e-07,8.073510087136526e-07,train,pass,
0,0,independent_reference,,,torch.float32,,enumeration,mp-aaaabchq,5047,664,6.183167933215827e-07,6.597623993798152e-07,train,pass,
0,0,translation,,1.0,torch.float32,5.404587312921648e-17,E3,mp-aaaabchq,5047,664,9.5367431640625e-07,9.5367431640625e-07,train,pass,
0,0,rotation_1,,1.0,torch.float32,3.3306690738754696e-16,E3,mp-aaaabchq,5047,664,4.76837158203125e-07,2.51248206684096e-07,train,pass,
0,0,rotation_2,,0.9999999999999989,torch.float32,1.4432899320127035e-15,E3,mp-aaaabchq,5047,664,4.76837158203125e-07,2.6968698296769844e-07,train,pass,
0,0,reflection,,-1.0,torch.float32,5.404587312921648e-17,E3,mp-aaaabchq,5047,664,0.0,4.440892098500626e-16,train,pass,
0,0,inversion,,-1.0,torch.float32,5.404587312921648e-17,E3,mp-aaaabchq,5047,664,0.0,4.440892098500626e-16,train,pass,
0,0,improper_with_translation,,-1.0,torch.float32,3.3306690738754696e-16,E3,mp-aaaabchq,5047,664,9.5367431640625e-07,9.56574743860017e-07,train,pass,
0,0,permutation,,,torch.float32,0.0,representation,mp-aaaabchq,5047,664,0.0,0.0,train,pass,
0,0,integer_images,,,torch.float32,0.0,representation,mp-aaaabchq,5047,664,2.384185791015625e-06,2.86102294921875e-06,train,pass,
0,0,basis_swap,,,torch.float32,4.6731930182378484e-08,representation,mp-aaaabchq,5047,664,9.5367431640625e-07,6.599757025327335e-07,train,pass,
0,0,basis_shear,,,torch.float32,1.4935384780609124e-07,representation,mp-aaaabchq,5047,664,9.5367431640625e-07,7.281844505158119e-07,train,pass,
0,0,independent_reference,,,torch.float64,,enumeration,mp-aaaabchq,5047,664,1.7763568394002505e-15,8.881784197001252e-16,train,pass,
0,0,translation,,1.0,torch.float64,6.1698868236703674e-09,E3,mp-aaaabchq,5047,664,2.4861009251253563e-08,1.7763568394002505e-15,train,pass,
0,0,rotation_1,,1.0,torch.float64,7.679513025493634e-09,E3,mp-aaaabchq,5047,664,2.4861010139431983e-08,3.552713678800501e-15,train,pass,
0,0,rotation_2,,0.9999999999999989,torch.float64,8.78448136454324e-09,E3,mp-aaaabchq,5047,664,2.4861008363075143e-08,2.9976021664879227e-15,train,pass,
0,0,reflection,,-1.0,torch.float64,6.1698868236703674e-09,E3,mp-aaaabchq,5047,664,2.4861009251253563e-08,1.7763568394002505e-15,train,pass,
0,0,inversion,,-1.0,torch.float64,6.1698868236703674e-09,E3,mp-aaaabchq,5047,664,2.4861009251253563e-08,1.7763568394002505e-15,train,pass,
0,0,improper_with_translation,,-1.0,torch.float64,7.679513025493634e-09,E3,mp-aaaabchq,5047,664,2.4861010139431983e-08,2.6645352591003757e-15,train,pass,
0,0,permutation,,,torch.float64,0.0,representation,mp-aaaabchq,5047,664,0.0,0.0,train,pass,
0,0,integer_images,,,torch.float64,0.0,representation,mp-aaaabchq,5047,664,0.0,0.0,train,pass,
0,0,basis_swap,,,torch.float64,6.1698868236703674e-09,representation,mp-aaaabchq,5047,664,2.4861009251253563e-08,1.7763568394002505e-15,train,pass,
0,0,basis_shear,,,torch.float64,2.0433239202395313e-16,representation,mp-aaaabchq,5047,664,1.7763568394002505e-15,1.7763568394002505e-15,train,pass,
0,0,float32_vs_float64,,,torch.float32,,precision,mp-aaaabchq,5047,664,1.5501232439874002e-06,1.5899529297591641e-06,train,pass,
0,0,independent_reference,,,torch.float32,,enumeration,mp-aaaabeni,5344,232,3.913422297330271e-07,2.3827772110962542e-07,train,pass,
0,0,translation,,1.0,torch.float32,3.365060736372332e-24,E3,mp-aaaabeni,5344,232,2.384185791015625e-07,2.384185791015625e-07,train,pass,
0,0,rotation_1,,1.0,torch.float32,3.3306690738754696e-16,E3,mp-aaaabeni,5344,232,0.0,2.3579595032074963e-07,train,pass,
0,0,rotation_2,,0.9999999999999989,torch.float32,1.4432899320127035e-15,E3,mp-aaaabeni,5344,232,0.0,8.881784197001252e-16,train,pass,
0,0,reflection,,-1.0,torch.float32,3.365060736372332e-24,E3,mp-aaaabeni,5344,232,0.0,2.6469779601696886e-23,train,pass,
0,0,inversion,,-1.0,torch.float32,3.365060736372332e-24,E3,mp-aaaabeni,5344,232,0.0,2.6469779601696886e-23,train,pass,
0,0,improper_with_translation,,-1.0,torch.float32,3.3306690738754696e-16,E3,mp-aaaabeni,5344,232,4.76837158203125e-07,1.1789797493833021e-07,train,pass,
0,0,permutation,,,torch.float32,0.0,representation,mp-aaaabeni,5344,232,0.0,0.0,train,pass,
0,0,integer_images,,,torch.float32,0.0,representation,mp-aaaabeni,5344,232,9.5367431640625e-07,9.5367431640625e-07,train,pass,
0,0,basis_swap,,,torch.float32,2.1094237467877974e-15,representation,mp-aaaabeni,5344,232,0.0,1.7625952697386538e-07,train,pass,
0,0,basis_shear,,,torch.float32,1.0413316964275054e-07,representation,mp-aaaabeni,5344,232,4.76837158203125e-07,2.4960290456732537e-07,train,pass,
0,0,independent_reference,,,torch.float64,,enumeration,mp-aaaabeni,5344,232,8.881784197001252e-16,8.881784197001252e-16,train,pass,
0,0,translation,,1.0,torch.float64,2.53397763860853e-33,E3,mp-aaaabeni,5344,232,1.3322676295501878e-15,8.881784197001252e-16,train,pass,
0,0,rotation_1,,1.0,torch.float64,2.817950694932662e-16,E3,mp-aaaabeni,5344,232,2.6645352591003757e-15,1.7763568394002505e-15,train,pass,
0,0,rotation_2,,0.9999999999999989,torch.float64,7.771561172376096e-16,E3,mp-aaaabeni,5344,232,4.440892098500626e-15,1.7763568394002505e-15,train,pass,
0,0,reflection,,-1.0,torch.float64,2.53397763860853e-33,E3,mp-aaaabeni,5344,232,8.881784197001252e-16,8.881784197001252e-16,train,pass,
0,0,inversion,,-1.0,torch.float64,2.53397763860853e-33,E3,mp-aaaabeni,5344,232,8.881784197001252e-16,8.881784197001252e-16,train,pass,
0,0,improper_with_translation,,-1.0,torch.float64,2.817950694932662e-16,E3,mp-aaaabeni,5344,232,3.552713678800501e-15,1.7763568394002505e-15,train,pass,
0,0,permutation,,,torch.float64,0.0,representation,mp-aaaabeni,5344,232,0.0,0.0,train,pass,
0,0,integer_images,,,torch.float64,0.0,representation,mp-aaaabeni,5344,232,0.0,0.0,train,pass,
0,0,basis_swap,,,torch.float64,6.123233853753226e-25,representation,mp-aaaabeni,5344,232,0.0,4.930380657631324e-32,train,pass,
0,0,basis_shear,,,torch.float64,2.220446049250313e-16,representation,mp-aaaabeni,5344,232,8.881784197001252e-16,8.881784197001252e-16,train,pass,
0,0,float32_vs_float64,,,torch.float32,,precision,mp-aaaabeni,5344,232,3.644440251804326e-07,3.145616465048968e-07,train,pass,
0,0,independent_reference,,,torch.float32,,enumeration,mp-aaaabgsi,5641,232,4.4423797884718397e-07,4.1654719495909376e-07,train,pass,
0,0,translation,,1.0,torch.float32,1.430762739010709e-24,E3,mp-aaaabgsi,5641,232,0.0,1.1920928955078125e-07,train,pass,
0,0,rotation_1,,1.0,torch.float32,3.3306690738754696e-16,E3,mp-aaaabgsi,5641,232,0.0,8.326672684688674e-17,train,pass,
0,0,rotation_2,,0.9999999999999989,torch.float32,1.5543122344752192e-15,E3,mp-aaaabgsi,5641,232,4.76837158203125e-07,2.0567792757830716e-07,train,pass,
0,0,reflection,,-1.0,torch.float32,1.430762739010709e-24,E3,mp-aaaabgsi,5641,232,0.0,6.617444900424222e-24,train,pass,
0,0,inversion,,-1.0,torch.float32,1.430762739010709e-24,E3,mp-aaaabgsi,5641,232,0.0,6.617444900424222e-24,train,pass,
0,0,improper_with_translation,,-1.0,torch.float32,3.3306690738754696e-16,E3,mp-aaaabgsi,5641,232,4.76837158203125e-07,4.71591897976964e-07,train,pass,
0,0,permutation,,,torch.float32,0.0,representation,mp-aaaabgsi,5641,232,0.0,0.0,train,pass,
0,0,integer_images,,,torch.float32,0.0,representation,mp-aaaabgsi,5641,232,4.76837158203125e-07,7.152557373046875e-07,train,pass,
0,0,basis_swap,,,torch.float32,2.1094237467877974e-15,representation,mp-aaaabgsi,5641,232,4.76837158203125e-07,1.7584930223080164e-07,train,pass,
0,0,basis_shear,,,torch.float32,8.139115270644481e-08,representation,mp-aaaabgsi,5641,232,4.76837158203125e-07,2.528811076096815e-07,train,pass,
0,0,independent_reference,,,torch.float64,,enumeration,mp-aaaabgsi,5641,232,8.881784197001252e-16,8.881784197001252e-16,train,pass,
0,0,translation,,1.0,torch.float64,2.7225041105035064e-33,E3,mp-aaaabgsi,5641,232,8.881784197001252e-16,4.440892098500626e-16,train,pass,
0,0,rotation_1,,1.0,torch.float64,3.3306690738754696e-16,E3,mp-aaaabgsi,5641,232,1.7763568394002505e-15,1.7763568394002505e-15,train,pass,
0,0,rotation_2,,0.9999999999999989,torch.float64,7.771561172376096e-16,E3,mp-aaaabgsi,5641,232,4.440892098500626e-15,1.7763568394002505e-15,train,pass,
0,0,reflection,,-1.0,torch.float64,2.7225041105035064e-33,E3,mp-aaaabgsi,5641,232,8.881784197001252e-16,4.440892098500626e-16,train,pass,
0,0,inversion,,-1.0,torch.float64,2.7225041105035064e-33,E3,mp-aaaabgsi,5641,232,8.881784197001252e-16,4.440892098500626e-16,train,pass,
0,0,improper_with_translation,,-1.0,torch.float64,3.3306690738754696e-16,E3,mp-aaaabgsi,5641,232,1.7763568394002505e-15,2.6645352591003757e-15,train,pass,
0,0,permutation,,,torch.float64,0.0,representation,mp-aaaabgsi,5641,232,0.0,0.0,train,pass,
0,0,integer_images,,,torch.float64,0.0,representation,mp-aaaabgsi,5641,232,0.0,0.0,train,pass,
0,0,basis_swap,,,torch.float64,6.123233905226617e-25,representation,mp-aaaabgsi,5641,232,0.0,4.930380657631324e-32,train,pass,
0,0,basis_shear,,,torch.float64,2.220446049250313e-16,representation,mp-aaaabgsi,5641,232,8.881784197001252e-16,8.881784197001252e-16,train,pass,
0,0,float32_vs_float64,,,torch.float32,,precision,mp-aaaabgsi,5641,232,5.745707811755096e-07,4.1089368618685285e-07,train,pass,
0,0,independent_reference,,,torch.float32,,enumeration,mp-aaaabihi,5938,786,1.0217991430749862e-06,9.400626339584051e-07,train,pass,
0,0,translation,,1.0,torch.float32,1.2345550898642554e-17,E3,mp-aaaabihi,5938,786,9.5367431640625e-07,9.5367431640625e-07,train,pass,
0,0,rotation_1,,1.0,torch.float32,5.551115123125783e-16,E3,mp-aaaabihi,5938,786,0.0,8.881784197001252e-16,train,pass,
0,0,rotation_2,,0.9999999999999989,torch.float32,1.2212453270876722e-15,E3,mp-aaaabihi,5938,786,0.0,1.7763568394002505e-15,train,pass,
0,0,reflection,,-1.0,torch.float32,1.2345550898642554e-17,E3,mp-aaaabihi,5938,786,0.0,1.1102230246251565e-16,train,pass,
0,0,inversion,,-1.0,torch.float32,1.2345550898642554e-17,E3,mp-aaaabihi,5938,786,0.0,1.1102230246251565e-16,train,pass,
0,0,improper_with_translation,,-1.0,torch.float32,5.551115123125783e-16,E3,mp-aaaabihi,5938,786,9.5367431640625e-07,9.536323535286328e-07,train,pass,
0,0,permutation,,,torch.float32,0.0,representation,mp-aaaabihi,5938,786,0.0,0.0,train,pass,
0,0,integer_images,,,torch.float32,0.0,representation,mp-aaaabihi,5938,786,4.76837158203125e-06,3.337860107421875e-06,train,pass,
0,0,basis_swap,,,torch.float32,4.6152847543723396e-08,representation,mp-aaaabihi,5938,786,9.5367431640625e-07,6.64686296225625e-07,train,pass,
0,0,basis_shear,,,torch.float32,1.2290236695022827e-07,representation,mp-aaaabihi,5938,786,9.5367431640625e-07,9.385279731155549e-07,train,pass,
0,0,independent_reference,,,torch.float64,,enumeration,mp-aaaabihi,5938,786,1.7763568394002505e-15,1.7763568394002505e-15,train,pass,
0,0,translation,,1.0,torch.float64,3.1981259306306647e-09,E3,mp-aaaabihi,5938,786,1.1680623579479743e-08,3.1086244689504383e-15,train,pass,
0,0,rotation_1,,1.0,torch.float64,2.96153689664459e-09,E3,mp-aaaabihi,5938,786,1.1680623579479743e-08,4.884981308350689e-15,train,pass,
0,0,rotation_2,,0.9999999999999989,torch.float64,3.0014879470741107e-09,E3,mp-aaaabihi,5938,786,1.1680620026766064e-08,3.552713678800501e-15,train,pass,
0,0,reflection,,-1.0,torch.float64,3.1981259306306647e-09,E3,mp-aaaabihi,5938,786,1.1680623579479743e-08,3.552713678800501e-15,train,pass,
0,0,inversion,,-1.0,torch.float64,3.1981259306306647e-09,E3,mp-aaaabihi,5938,786,1.1680623579479743e-08,3.552713678800501e-15,train,pass,
0,0,improper_with_translation,,-1.0,torch.float64,2.96153689664459e-09,E3,mp-aaaabihi,5938,786,1.1680624467658163e-08,4.440892098500626e-15,train,pass,
0,0,permutation,,,torch.float64,0.0,representation,mp-aaaabihi,5938,786,0.0,0.0,train,pass,
0,0,integer_images,,,torch.float64,0.0,representation,mp-aaaabihi,5938,786,0.0,0.0,train,pass,
0,0,basis_swap,,,torch.float64,2.9407824163599837e-09,representation,mp-aaaabihi,5938,786,1.1680623579479743e-08,1.3322676295501878e-15,train,pass,
0,0,basis_shear,,,torch.float64,4.440892098500626e-16,representation,mp-aaaabihi,5938,786,1.7763568394002505e-15,1.7763568394002505e-15,train,pass,
0,0,float32_vs_float64,,,torch.float32,,precision,mp-aaaabihi,5938,786,1.0793874034575879e-06,9.974843120374999e-07,train,pass,
0,0,independent_reference,,,torch.float32,,enumeration,mp-aaaabkdg,6235,242,5.40014339023287e-07,5.364418029785156e-07,train,pass,
0,0,translation,,1.0,torch.float32,1.5881916759497017e-07,E3,mp-aaaabkdg,6235,242,9.5367431640625e-07,4.17232523197697e-07,train,pass,
0,0,rotation_1,,1.0,torch.float32,1.6355077381291494e-07,E3,mp-aaaabkdg,6235,242,9.5367431640625e-07,3.573624924868568e-07,train,pass,
0,0,rotation_2,,0.9999999999999989,torch.float32,1.495148373997779e-07,E3,mp-aaaabkdg,6235,242,9.5367431640625e-07,3.2204723865447704e-07,train,pass,
0,0,reflection,,-1.0,torch.float32,1.5881916759497017e-07,E3,mp-aaaabkdg,6235,242,9.5367431640625e-07,4.17232523197697e-07,train,pass,
0,0,inversion,,-1.0,torch.float32,1.5881916759497017e-07,E3,mp-aaaabkdg,6235,242,9.5367431640625e-07,4.17232523197697e-07,train,pass,
0,0,improper_with_translation,,-1.0,torch.float32,1.6355077381291494e-07,E3,mp-aaaabkdg,6235,242,9.5367431640625e-07,3.573624924868568e-07,train,pass,
0,0,permutation,,,torch.float32,0.0,representation,mp-aaaabkdg,6235,242,0.0,0.0,train,pass,
0,0,integer_images,,,torch.float32,0.0,representation,mp-aaaabkdg,6235,242,0.0,0.0,train,pass,
0,0,basis_swap,,,torch.float32,7.587703465539164e-08,representation,mp-aaaabkdg,6235,242,9.5367431640625e-07,6.95291971553047e-07,train,pass,
0,0,basis_shear,,,torch.float32,1.8077876395850012e-07,representation,mp-aaaabkdg,6235,242,9.5367431640625e-07,8.440169141366027e-07,train,pass,
0,0,independent_reference,,,torch.float64,,enumeration,mp-aaaabkdg,6235,242,1.7763568394002505e-15,8.881784197001252e-16,train,pass,
0,0,translation,,1.0,torch.float64,4.082483132006074e-09,E3,mp-aaaabkdg,6235,242,1.4241591905772566e-08,1.3322676295501878e-15,train,pass,
0,0,rotation_1,,1.0,torch.float64,3.832201484437464e-09,E3,mp-aaaabkdg,6235,242,1.4241591017594146e-08,1.7763568394002505e-15,train,pass,
0,0,rotation_2,,0.9999999999999989,torch.float64,3.95177779388689e-09,E3,mp-aaaabkdg,6235,242,1.4241588353058887e-08,1.7763568394002505e-15,train,pass,
0,0,reflection,,-1.0,torch.float64,4.082483132006074e-09,E3,mp-aaaabkdg,6235,242,1.4241591905772566e-08,1.2563851771187865e-15,train,pass,
0,0,inversion,,-1.0,torch.float64,4.082483132006074e-09,E3,mp-aaaabkdg,6235,242,1.4241591905772566e-08,1.2563851771187865e-15,train,pass,
0,0,improper_with_translation,,-1.0,torch.float64,3.832201484437464e-09,E3,mp-aaaabkdg,6235,242,1.4241591017594146e-08,1.7763568394002505e-15,train,pass,
0,0,permutation,,,torch.float64,0.0,representation,mp-aaaabkdg,6235,242,0.0,0.0,train,pass,
0,0,integer_images,,,torch.float64,0.0,representation,mp-aaaabkdg,6235,242,0.0,0.0,train,pass,
0,0,basis_swap,,,torch.float64,3.535533670900072e-09,representation,mp-aaaabkdg,6235,242,1.4241590129415727e-08,8.881784197001252e-16,train,pass,
0,0,basis_shear,,,torch.float64,6.661338147750939e-16,representation,mp-aaaabkdg,6235,242,1.7763568394002505e-15,1.1102230246251565e-15,train,pass,
0,0,float32_vs_float64,,,torch.float32,,precision,mp-aaaabkdg,6235,242,5.900888355725442e-07,6.969331716177862e-07,train,pass,
0,0,independent_reference,,,torch.float32,,enumeration,mp-aaaabpnd,6531,2162,1.1766935532619982e-06,1.0478196799112993e-06,train,pass,
0,0,translation,,1.0,torch.float32,4.269968225785334e-08,E3,mp-aaaabpnd,6531,2162,1.9073486328125e-06,1.982093803754026e-06,train,pass,
0,0,rotation_1,,1.0,torch.float32,3.385861901961107e-08,E3,mp-aaaabpnd,6531,2162,4.76837158203125e-07,4.0692239888784343e-07,train,pass,
0,0,rotation_2,,0.9999999999999989,torch.float32,3.3643349661716115e-08,E3,mp-aaaabpnd,6531,2162,4.76837158203125e-07,4.0649453492136445e-07,train,pass,
0,0,reflection,,-1.0,torch.float32,4.269968225785334e-08,E3,mp-aaaabpnd,6531,2162,4.76837158203125e-07,4.552440646676814e-07,train,pass,
0,0,inversion,,-1.0,torch.float32,4.269968225785334e-08,E3,mp-aaaabpnd,6531,2162,4.76837158203125e-07,4.552440646676814e-07,train,pass,
0,0,improper_with_translation,,-1.0,torch.float32,3.385861901961107e-08,E3,mp-aaaabpnd,6531,2162,1.9073486328125e-06,1.8209076009245706e-06,train,pass,
0,0,permutation,,,torch.float32,0.0,representation,mp-aaaabpnd,6531,2162,0.0,0.0,train,pass,
0,0,integer_images,,,torch.float32,0.0,representation,mp-aaaabpnd,6531,2162,9.059906005859375e-06,9.059906005859375e-06,train,pass,
0,0,basis_swap,,,torch.float32,9.531934108686357e-08,representation,mp-aaaabpnd,6531,2162,9.5367431640625e-07,6.830006595848204e-07,train,pass,
0,0,basis_shear,,,torch.float32,7.549788984145837e-08,representation,mp-aaaabpnd,6531,2162,1.9073486328125e-06,1.629351707110871e-06,train,pass,
0,0,independent_reference,,,torch.float64,,enumeration,mp-aaaabpnd,6531,2162,1.7763568394002505e-15,2.220446049250313e-15,train,pass,
0,0,translation,,1.0,torch.float64,4.630680302605783e-17,E3,mp-aaaabpnd,6531,2162,5.329070518200751e-15,5.773159728050814e-15,train,pass,
0,0,rotation_1,,1.0,torch.float64,4.440892098500626e-16,E3,mp-aaaabpnd,6531,2162,8.881784197001252e-15,8.881784197001252e-15,train,pass,
0,0,rotation_2,,0.9999999999999989,torch.float64,4.440892098500626e-16,E3,mp-aaaabpnd,6531,2162,7.993605777301127e-15,8.43769498715119e-15,train,pass,
0,0,reflection,,-1.0,torch.float64,4.630680302605783e-17,E3,mp-aaaabpnd,6531,2162,5.329070518200751e-15,6.439293542825908e-15,train,pass,
0,0,inversion,,-1.0,torch.float64,4.630680302605783e-17,E3,mp-aaaabpnd,6531,2162,5.329070518200751e-15,6.439293542825908e-15,train,pass,
0,0,improper_with_translation,,-1.0,torch.float64,4.440892098500626e-16,E3,mp-aaaabpnd,6531,2162,7.993605777301127e-15,8.43769498715119e-15,train,pass,
0,0,permutation,,,torch.float64,0.0,representation,mp-aaaabpnd,6531,2162,0.0,0.0,train,pass,
0,0,integer_images,,,torch.float64,0.0,representation,mp-aaaabpnd,6531,2162,0.0,0.0,train,pass,
0,0,basis_swap,,,torch.float64,1.1102230246251565e-16,representation,mp-aaaabpnd,6531,2162,1.7763568394002505e-15,1.3322676295501878e-15,train,pass,
0,0,basis_shear,,,torch.float64,2.220446049250313e-16,representation,mp-aaaabpnd,6531,2162,1.7763568394002505e-15,1.7763568394002505e-15,train,pass,
0,0,float32_vs_float64,,,torch.float32,,precision,mp-aaaabpnd,6531,2162,1.3028072460841145e-06,1.4147681226539532e-06,train,pass,
0,0,independent_reference,,,torch.float32,,enumeration,mp-aaaabrkd,6828,1360,4.660485650731516e-07,4.0702200632125596e-07,train,pass,
0,0,translation,,1.0,torch.float32,6.0507932727827036e-18,E3,mp-aaaabrkd,6828,1360,9.5367431640625e-07,4.76837158203125e-07,train,pass,
0,0,rotation_1,,1.0,torch.float32,4.440892098500626e-16,E3,mp-aaaabrkd,6828,1360,0.0,1.0655587567853786e-07,train,pass,
0,0,rotation_2,,0.9999999999999989,torch.float32,1.3322676295501878e-15,E3,mp-aaaabrkd,6828,1360,0.0,8.881784197001252e-16,train,pass,
0,0,reflection,,-1.0,torch.float32,6.0507932727827036e-18,E3,mp-aaaabrkd,6828,1360,0.0,5.960464478926841e-08,train,pass,
0,0,inversion,,-1.0,torch.float32,6.0507932727827036e-18,E3,mp-aaaabrkd,6828,1360,0.0,5.960464478926841e-08,train,pass,
0,0,improper_with_translation,,-1.0,torch.float32,4.440892098500626e-16,E3,mp-aaaabrkd,6828,1360,4.76837158203125e-07,8.524470063164813e-07,train,pass,
0,0,permutation,,,torch.float32,0.0,representation,mp-aaaabrkd,6828,1360,0.0,0.0,train,pass,
0,0,integer_images,,,torch.float32,0.0,representation,mp-aaaabrkd,6828,1360,2.1457672119140625e-06,1.9073486328125e-06,train,pass,
0,0,basis_swap,,,torch.float32,5.6219061406181936e-08,representation,mp-aaaabrkd,6828,1360,4.76837158203125e-07,7.15008955154417e-07,train,pass,
0,0,basis_shear,,,torch.float32,1.3958027988447452e-07,representation,mp-aaaabrkd,6828,1360,9.5367431640625e-07,7.919049886950802e-07,train,pass,
0,0,independent_reference,,,torch.float64,,enumeration,mp-aaaabrkd,6828,1360,1.7763568394002505e-15,8.881784197001252e-16,train,pass,
0,0,translation,,1.0,torch.float64,1.4529625332432974e-09,E3,mp-aaaabrkd,6828,1360,5.0232760173685165e-09,2.6645352591003757e-15,train,pass,
0,0,rotation_1,,1.0,torch.float64,1.2988010784906702e-09,E3,mp-aaaabrkd,6828,1360,5.023276905546936e-09,3.552713678800501e-15,train,pass,
0,0,rotation_2,,0.9999999999999989,torch.float64,1.2550757100271426e-09,E3,mp-aaaabrkd,6828,1360,5.023274241011677e-09,2.220446049250313e-15,train,pass,
0,0,reflection,,-1.0,torch.float64,1.4529625332432974e-09,E3,mp-aaaabrkd,6828,1360,5.023276905546936e-09,1.7763568394002505e-15,train,pass,
0,0,inversion,,-1.0,torch.float64,1.4529625332432974e-09,E3,mp-aaaabrkd,6828,1360,5.023276905546936e-09,1.7763568394002505e-15,train,pass,
0,0,improper_with_translation,,-1.0,torch.float64,1.2988010784906702e-09,E3,mp-aaaabrkd,6828,1360,5.023276905546936e-09,3.1086244689504383e-15,train,pass,
0,0,permutation,,,torch.float64,0.0,representation,mp-aaaabrkd,6828,1360,0.0,0.0,train,pass,
0,0,integer_images,,,torch.float64,0.0,representation,mp-aaaabrkd,6828,1360,1.7763568394002505e-15,8.881784197001252e-16,train,pass,
0,0,basis_swap,,,torch.float64,1.4329758134758393e-09,representation,mp-aaaabrkd,6828,1360,5.023276905546936e-09,1.7763568394002505e-15,train,pass,
0,0,basis_shear,,,torch.float64,2.220446049250313e-16,representation,mp-aaaabrkd,6828,1360,1.7763568394002505e-15,1.7763568394002505e-15,train,pass,
0,0,float32_vs_float64,,,torch.float32,,precision,mp-aaaabrkd,6828,1360,6.016383373719236e-07,4.5328574493908036e-07,train,pass,
0,0,independent_reference,,,torch.float32,,enumeration,mp-aaaabtfy,7125,560,6.802008760686817e-07,1.1624413502886455e-06,train,pass,
0,0,translation,,1.0,torch.float32,1.5156249478020775e-07,E3,mp-aaaabtfy,7125,560,1.430511474609375e-06,1.6908545878990822e-06,train,pass,
0,0,rotation_1,,1.0,torch.float32,2.541689978485806e-07,E3,mp-aaaabtfy,7125,560,9.5367431640625e-07,6.475724318999454e-07,train,pass,
0,0,rotation_2,,0.9999999999999989,torch.float32,2.3436951734900902e-07,E3,mp-aaaabtfy,7125,560,9.5367431640625e-07,6.46861570086088e-07,train,pass,
0,0,reflection,,-1.0,torch.float32,1.5156249478020775e-07,E3,mp-aaaabtfy,7125,560,9.5367431640625e-07,7.274502236143121e-07,train,pass,
0,0,inversion,,-1.0,torch.float32,1.5156249478020775e-07,E3,mp-aaaabtfy,7125,560,9.5367431640625e-07,7.274502236143121e-07,train,pass,
0,0,improper_with_translation,,-1.0,torch.float32,2.541689978485806e-07,E3,mp-aaaabtfy,7125,560,1.430511474609375e-06,1.4479555814350675e-06,train,pass,
0,0,permutation,,,torch.float32,0.0,representation,mp-aaaabtfy,7125,560,0.0,0.0,train,pass,
0,0,integer_images,,,torch.float32,0.0,representation,mp-aaaabtfy,7125,560,2.384185791015625e-06,4.291534423828125e-06,train,pass,
0,0,basis_swap,,,torch.float32,2.25597701243641e-07,representation,mp-aaaabtfy,7125,560,1.430511474609375e-06,8.595667484456726e-07,train,pass,
0,0,basis_shear,,,torch.float32,4.186729052274334e-07,representation,mp-aaaabtfy,7125,560,1.9073486328125e-06,1.4794741637902398e-06,train,pass,
0,0,independent_reference,,,torch.float64,,enumeration,mp-aaaabtfy,7125,560,1.7763568394002505e-15,1.7763568394002505e-15,train,pass,
0,0,translation,,1.0,torch.float64,8.160148573875578e-09,E3,mp-aaaabtfy,7125,560,3.0077798918171084e-08,6.217248937900877e-15,train,pass,
0,0,rotation_1,,1.0,torch.float64,7.904538759989132e-09,E3,mp-aaaabtfy,7125,560,3.0077798918171084e-08,8.881784197001252e-15,train,pass,
0,0,rotation_2,,0.9999999999999989,torch.float64,8.467888501506593e-09,E3,mp-aaaabtfy,7125,560,3.0077795365457405e-08,5.495603971894525e-15,train,pass,
0,0,reflection,,-1.0,torch.float64,8.160148573875578e-09,E3,mp-aaaabtfy,7125,560,3.0077798918171084e-08,3.1086244689504383e-15,train,pass,
0,0,inversion,,-1.0,torch.float64,8.160148573875578e-09,E3,mp-aaaabtfy,7125,560,3.0077798918171084e-08,3.1086244689504383e-15,train,pass,
0,0,improper_with_translation,,-1.0,torch.float64,7.904538759989132e-09,E3,mp-aaaabtfy,7125,560,3.0077798029992664e-08,1.2212453270876722e-14,train,pass,
0,0,permutation,,,torch.float64,0.0,representation,mp-aaaabtfy,7125,560,0.0,0.0,train,pass,
0,0,integer_images,,,torch.float64,0.0,representation,mp-aaaabtfy,7125,560,0.0,0.0,train,pass,
0,0,basis_swap,,,torch.float64,8.066790790905998e-09,representation,mp-aaaabtfy,7125,560,3.0077799806349503e-08,1.887379141862766e-15,train,pass,
0,0,basis_shear,,,torch.float64,6.108897586158616e-16,representation,mp-aaaabtfy,7125,560,2.6645352591003757e-15,3.552713678800501e-15,train,pass,
0,0,float32_vs_float64,,,torch.float32,,precision,mp-aaaabtfy,7125,560,9.711293982306302e-07,1.3459707597363035e-06,train,pass,
0,0,independent_reference,,,torch.float32,,enumeration,mp-aaaacbmz,7422,3220,1.0663961473866834e-06,7.926006446723477e-07,train,pass,
0,0,translation,,1.0,torch.float32,2.6150632083880175e-17,E3,mp-aaaacbmz,7422,3220,9.5367431640625e-07,1.1920928955078125e-06,train,pass,
0,0,rotation_1,,1.0,torch.float32,7.771561172376096e-16,E3,mp-aaaacbmz,7422,3220,4.76837158203125e-07,4.825915125294955e-07,train,pass,
0,0,rotation_2,,0.9999999999999989,torch.float32,1.3322676295501878e-15,E3,mp-aaaacbmz,7422,3220,4.76837158203125e-07,4.186628830282757e-07,train,pass,
0,0,reflection,,-1.0,torch.float32,2.6150632083880175e-17,E3,mp-aaaacbmz,7422,3220,0.0,2.220446049250313e-16,train,pass,
0,0,inversion,,-1.0,torch.float32,2.6150632083880175e-17,E3,mp-aaaacbmz,7422,3220,0.0,2.220446049250313e-16,train,pass,
0,0,improper_with_translation,,-1.0,torch.float32,7.771561172376096e-16,E3,mp-aaaacbmz,7422,3220,1.430511474609375e-06,1.0848730127577255e-06,train,pass,
0,0,permutation,,,torch.float32,0.0,representation,mp-aaaacbmz,7422,3220,0.0,0.0,train,pass,
0,0,integer_images,,,torch.float32,0.0,representation,mp-aaaacbmz,7422,3220,2.86102294921875e-06,3.337860107421875e-06,train,pass,
0,0,basis_swap,,,torch.float32,1.693776489316958e-08,representation,mp-aaaacbmz,7422,3220,9.5367431640625e-07,9.299012946328844e-07,train,pass,
0,0,basis_shear,,,torch.float32,3.6981345138705926e-08,representation,mp-aaaacbmz,7422,3220,1.430511474609375e-06,1.2055479716721607e-06,train,pass,
0,0,independent_reference,,,torch.float64,,enumeration,mp-aaaacbmz,7422,3220,1.7763568394002505e-15,2.220446049250313e-15,train,pass,
0,0,translation,,1.0,torch.float64,1.8166907234858352e-09,E3,mp-aaaacbmz,7422,3220,6.391252860282748e-09,3.1086244689504383e-15,train,pass,
0,0,rotation_1,,1.0,torch.float64,1.6370279364266315e-09,E3,mp-aaaacbmz,7422,3220,6.391255524818007e-09,3.9968028886505635e-15,train,pass,
0,0,rotation_2,,0.9999999999999989,torch.float64,1.5997108082643763e-09,E3,mp-aaaacbmz,7422,3220,6.3912510839259085e-09,3.635980405647388e-15,train,pass,
0,0,reflection,,-1.0,torch.float64,1.8166907234858352e-09,E3,mp-aaaacbmz,7422,3220,6.3912537484611676e-09,2.733924198139448e-15,train,pass,
0,0,inversion,,-1.0,torch.float64,1.8166907234858352e-09,E3,mp-aaaacbmz,7422,3220,6.3912537484611676e-09,2.733924198139448e-15,train,pass,
0,0,improper_with_translation,,-1.0,torch.float64,1.6370279364266315e-09,E3,mp-aaaacbmz,7422,3220,6.391255524818007e-09,3.552713678800501e-15,train,pass,
0,0,permutation,,,torch.float64,0.0,representation,mp-aaaacbmz,7422,3220,0.0,0.0,train,pass,
0,0,integer_images,,,torch.float64,0.0,representation,mp-aaaacbmz,7422,3220,0.0,0.0,train,pass,
0,0,basis_swap,,,torch.float64,1.771199187381033e-09,representation,mp-aaaacbmz,7422,3220,6.3912537484611676e-09,1.7763568394002505e-15,train,pass,
0,0,basis_shear,,,torch.float64,2.8405326721268236e-09,representation,mp-aaaacbmz,7422,3220,1.3876812587909626e-08,1.7763568394002505e-15,train,pass,
0,0,float32_vs_float64,,,torch.float32,,precision,mp-aaaacbmz,7422,3220,1.0665759768713201e-06,9.146572654827878e-07,train,pass,
0,0,independent_reference,,,torch.float32,,enumeration,mp-aaabevyd,7719,310,4.3278251116163347e-07,1.8163676429594489e-07,train,pass,
0,0,translation,,1.0,torch.float32,3.304088417593706e-24,E3,mp-aaabevyd,7719,310,4.76837158203125e-07,2.384185791015625e-07,train,pass,
0,0,rotation_1,,1.0,torch.float32,3.3306690738754696e-16,E3,mp-aaabevyd,7719,310,0.0,5.551115123125783e-17,train,pass,
0,0,rotation_2,,0.9999999999999989,torch.float32,1.4432899320127035e-15,E3,mp-aaabevyd,7719,310,0.0,2.220446049250313e-16,train,pass,
0,0,reflection,,-1.0,torch.float32,3.304088417593706e-24,E3,mp-aaabevyd,7719,310,0.0,2.6469779601696886e-23,train,pass,
0,0,inversion,,-1.0,torch.float32,3.304088417593706e-24,E3,mp-aaabevyd,7719,310,0.0,2.6469779601696886e-23,train,pass,
0,0,improper_with_translation,,-1.0,torch.float32,3.3306690738754696e-16,E3,mp-aaabevyd,7719,310,0.0,5.551115123125783e-17,train,pass,
0,0,permutation,,,torch.float32,0.0,representation,mp-aaabevyd,7719,310,0.0,0.0,train,pass,
0,0,integer_images,,,torch.float32,0.0,representation,mp-aaabevyd,7719,310,0.0,0.0,train,pass,
0,0,basis_swap,,,torch.float32,1.9984014443252818e-15,representation,mp-aaabevyd,7719,310,4.76837158203125e-07,1.8163675807869595e-07,train,pass,
0,0,basis_shear,,,torch.float32,8.253194350160697e-08,representation,mp-aaabevyd,7719,310,4.76837158203125e-07,4.2146850498525623e-07,train,pass,
0,0,independent_reference,,,torch.float64,,enumeration,mp-aaabevyd,7719,310,4.440892098500626e-16,4.440892098500626e-16,train,pass,
0,0,translation,,1.0,torch.float64,1.1640517506993284e-33,E3,mp-aaabevyd,7719,310,0.0,2.30669067924195e-16,train,pass,
0,0,rotation_1,,1.0,torch.float64,4.440892098500626e-16,E3,mp-aaabevyd,7719,310,1.7763568394002505e-15,1.3322676295501878e-15,train,pass,
0,0,rotation_2,,0.9999999999999989,torch.float64,3.3306690738754696e-16,E3,mp-aaabevyd,7719,310,4.440892098500626e-15,8.881784197001252e-16,train,pass,
0,0,reflection,,-1.0,torch.float64,1.1640517506993284e-33,E3,mp-aaabevyd,7719,310,8.881784197001252e-16,4.440892098500626e-16,train,pass,
0,0,inversion,,-1.0,torch.float64,1.1640517506993284e-33,E3,mp-aaabevyd,7719,310,8.881784197001252e-16,4.440892098500626e-16,train,pass,
0,0,improper_with_translation,,-1.0,torch.float64,4.440892098500626e-16,E3,mp-aaabevyd,7719,310,1.7763568394002505e-15,1.7763568394002505e-15,train,pass,
0,0,permutation,,,torch.float64,0.0,representation,mp-aaabevyd,7719,310,0.0,0.0,train,pass,
0,0,integer_images,,,torch.float64,0.0,representation,mp-aaabevyd,7719,310,0.0,0.0,train,pass,
0,0,basis_swap,,,torch.float64,6.123233861193052e-25,representation,mp-aaabevyd,7719,310,0.0,4.930380657631324e-32,train,pass,
0,0,basis_shear,,,torch.float64,2.220446049250313e-16,representation,mp-aaabevyd,7719,310,8.881784197001252e-16,8.881784197001252e-16,train,pass,
0,0,float32_vs_float64,,,torch.float32,,precision,mp-aaabevyd,7719,310,3.9044720168135427e-07,3.632735006790657e-07,train,pass,
0,0,independent_reference,,,torch.float32,,enumeration,mp-aaabfowh,8016,948,7.254920832977518e-07,6.528940872385647e-07,train,pass,
0,0,translation,,1.0,torch.float32,1.1930548982578684e-17,E3,mp-aaabfowh,8016,948,9.5367431640625e-07,9.5367431640625e-07,train,pass,
0,0,rotation_1,,1.0,torch.float32,3.3486095357191086e-16,E3,mp-aaabfowh,8016,948,4.76837158203125e-07,5.824151072530981e-07,train,pass,
0,0,rotation_2,,0.9999999999999989,torch.float32,1.6653345369377348e-15,E3,mp-aaabfowh,8016,948,4.76837158203125e-07,5.835602800985384e-07,train,pass,
0,0,reflection,,-1.0,torch.float32,1.1930548982578684e-17,E3,mp-aaabfowh,8016,948,4.76837158203125e-07,4.76837158203125e-07,train,pass,
0,0,inversion,,-1.0,torch.float32,1.1930548982578684e-17,E3,mp-aaabfowh,8016,948,4.76837158203125e-07,4.76837158203125e-07,train,pass,
0,0,improper_with_translation,,-1.0,torch.float32,3.3486095357191086e-16,E3,mp-aaabfowh,8016,948,4.76837158203125e-07,4.2622350404641907e-07,train,pass,
0,0,permutation,,,torch.float32,0.0,representation,mp-aaabfowh,8016,948,0.0,0.0,train,pass,
0,0,integer_images,,,torch.float32,0.0,representation,mp-aaabfowh,8016,948,2.384185791015625e-06,2.6226043701171875e-06,train,pass,
0,0,basis_swap,,,torch.float32,4.8892519588505934e-08,representation,mp-aaabfowh,8016,948,4.76837158203125e-07,5.639369655696669e-07,train,pass,
0,0,basis_shear,,,torch.float32,1.4995789543448268e-07,representation,mp-aaabfowh,8016,948,9.5367431640625e-07,1.0358764823692468e-06,train,pass,
0,0,independent_reference,,,torch.float64,,enumeration,mp-aaabfowh,8016,948,1.7763568394002505e-15,1.1102230246251565e-15,train,pass,
0,0,translation,,1.0,torch.float64,3.90239370780595e-17,E3,mp-aaabfowh,8016,948,1.7763568394002505e-15,1.3322676295501878e-15,train,pass,
0,0,rotation_1,,1.0,torch.float64,3.0256830642516515e-16,E3,mp-aaabfowh,8016,948,3.552713678800501e-15,2.6645352591003757e-15,train,pass,
0,0,rotation_2,,0.9999999999999989,torch.float64,5.551115123125783e-16,E3,mp-aaabfowh,8016,948,5.329070518200751e-15,2.6645352591003757e-15,train,pass,
0,0,reflection,,-1.0,torch.float64,3.90239370780595e-17,E3,mp-aaabfowh,8016,948,1.7763568394002505e-15,1.3322676295501878e-15,train,pass,
0,0,inversion,,-1.0,torch.float64,3.90239370780595e-17,E3,mp-aaabfowh,8016,948,1.7763568394002505e-15,1.3322676295501878e-15,train,pass,
0,0,improper_with_translation,,-1.0,torch.float64,3.0256830642516515e-16,E3,mp-aaabfowh,8016,948,3.552713678800501e-15,2.6645352591003757e-15,train,pass,
0,0,permutation,,,torch.float64,0.0,representation,mp-aaabfowh,8016,948,0.0,0.0,train,pass,
0,0,integer_images,,,torch.float64,0.0,representation,mp-aaabfowh,8016,948,0.0,0.0,train,pass,
0,0,basis_swap,,,torch.float64,2.220446049250313e-16,representation,mp-aaabfowh,8016,948,8.881784197001252e-16,8.881784197001252e-16,train,pass,
0,0,basis_shear,,,torch.float64,1.608122640392137e-16,representation,mp-aaabfowh,8016,948,1.7763568394002505e-15,1.7763568394002505e-15,train,pass,
0,0,float32_vs_float64,,,torch.float32,,precision,mp-aaabfowh,8016,948,9.370934721530944e-07,8.892083096512238e-07,train,pass,
0,0,independent_reference,,,torch.float32,,enumeration,mp-aaabfsji,8313,640,7.746473906777851e-07,6.066874522758781e-07,train,pass,
0,0,translation,,1.0,torch.float32,2.103525668107467e-24,E3,mp-aaabfsji,8313,640,4.76837158203125e-07,4.76837158203125e-07,train,pass,
0,0,rotation_1,,1.0,torch.float32,6.661338147750939e-16,E3,mp-aaabfsji,8313,640,4.76837158203125e-07,2.118073449963731e-07,train,pass,
0,0,rotation_2,,0.9999999999999989,torch.float32,1.2212453270876722e-15,E3,mp-aaabfsji,8313,640,2.384185791015625e-07,2.1288767282356957e-07,train,pass,
0,0,reflection,,-1.0,torch.float32,2.103525668107467e-24,E3,mp-aaabfsji,8313,640,4.76837158203125e-07,2.384185791015625e-07,train,pass,
0,0,inversion,,-1.0,torch.float32,2.103525668107467e-24,E3,mp-aaabfsji,8313,640,4.76837158203125e-07,2.384185791015625e-07,train,pass,
0,0,improper_with_translation,,-1.0,torch.float32,6.661338147750939e-16,E3,mp-aaabfsji,8313,640,4.76837158203125e-07,4.715918988651424e-07,train,pass,
0,0,permutation,,,torch.float32,0.0,representation,mp-aaabfsji,8313,640,0.0,0.0,train,pass,
0,0,integer_images,,,torch.float32,0.0,representation,mp-aaabfsji,8313,640,9.5367431640625e-07,9.5367431640625e-07,train,pass,
0,0,basis_swap,,,torch.float32,2.6086485584174478e-15,representation,mp-aaabfsji,8313,640,4.76837158203125e-07,1.5416484000496666e-07,train,pass,
0,0,basis_shear,,,torch.float32,3.9352708203210796e-08,representation,mp-aaabfsji,8313,640,9.5367431640625e-07,1.0592187025260102e-06,train,pass,
0,0,independent_reference,,,torch.float64,,enumeration,mp-aaabfsji,8313,640,1.7763568394002505e-15,8.881784197001252e-16,train,pass,
0,0,translation,,1.0,torch.float64,4.8825055787227344e-33,E3,mp-aaabfsji,8313,640,1.7763568394002505e-15,1.3322676295501878e-15,train,pass,
0,0,rotation_1,,1.0,torch.float64,2.220446049250313e-16,E3,mp-aaabfsji,8313,640,3.552713678800501e-15,2.220446049250313e-15,train,pass,
0,0,rotation_2,,0.9999999999999989,torch.float64,4.440892098500626e-16,E3,mp-aaabfsji,8313,640,6.217248937900877e-15,3.3306690738754696e-15,train,pass,
0,0,reflection,,-1.0,torch.float64,4.8825055787227344e-33,E3,mp-aaabfsji,8313,640,1.7763568394002505e-15,1.3322676295501878e-15,train,pass,
0,0,inversion,,-1.0,torch.float64,4.8825055787227344e-33,E3,mp-aaabfsji,8313,640,1.7763568394002505e-15,1.3322676295501878e-15,train,pass,
0,0,improper_with_translation,,-1.0,torch.float64,2.220446049250313e-16,E3,mp-aaabfsji,8313,640,2.6645352591003757e-15,1.7763568394002505e-15,train,pass,
0,0,permutation,,,torch.float64,0.0,representation,mp-aaabfsji,8313,640,0.0,0.0,train,pass,
0,0,integer_images,,,torch.float64,0.0,representation,mp-aaabfsji,8313,640,0.0,0.0,train,pass,
0,0,basis_swap,,,torch.float64,6.12323384469218e-25,representation,mp-aaabfsji,8313,640,8.881784197001252e-16,7.395570986446986e-32,train,pass,
0,0,basis_shear,,,torch.float64,1.1102230246251565e-16,representation,mp-aaabfsji,8313,640,8.881784197001252e-16,1.3322676295501878e-15,train,pass,
0,0,float32_vs_float64,,,torch.float32,,precision,mp-aaabfsji,8313,640,6.922372284279277e-07,6.9550497983073e-07,train,pass,
0,0,independent_reference,,,torch.float32,,enumeration,mp-aaabfwfd,8610,3870,1.0191246655466557e-06,1.0061921216220071e-06,train,pass,
0,0,translation,,1.0,torch.float32,2.038190098153654e-24,E3,mp-aaabfwfd,8610,3870,1.9073486328125e-06,1.9073486328125e-06,train,pass,
0,0,rotation_1,,1.0,torch.float32,3.3306690738754696e-16,E3,mp-aaabfwfd,8610,3870,0.0,8.881784197001252e-16,train,pass,
0,0,rotation_2,,0.9999999999999989,torch.float32,1.4432899320127035e-15,E3,mp-aaabfwfd,8610,3870,0.0,1.7763568394002505e-15,train,pass,
0,0,reflection,,-1.0,torch.float32,2.038190098153654e-24,E3,mp-aaabfwfd,8610,3870,0.0,0.0,train,pass,
0,0,inversion,,-1.0,torch.float32,2.038190098153654e-24,E3,mp-aaabfwfd,8610,3870,0.0,0.0,train,pass,
0,0,improper_with_translation,,-1.0,torch.float32,3.3306690738754696e-16,E3,mp-aaabfwfd,8610,3870,1.9073486328125e-06,1.886367594128302e-06,train,pass,
0,0,permutation,,,torch.float32,0.0,representation,mp-aaabfwfd,8610,3870,0.0,0.0,train,pass,
0,0,integer_images,,,torch.float32,0.0,representation,mp-aaabfwfd,8610,3870,9.059906005859375e-06,1.1444091796875e-05,train,pass,
0,0,basis_swap,,,torch.float32,3.3624985568032137e-15,representation,mp-aaabfwfd,8610,3870,4.76837158203125e-07,1.7459473422576366e-07,train,pass,
0,0,basis_shear,,,torch.float32,9.858221183822735e-08,representation,mp-aaabfwfd,8610,3870,9.5367431640625e-07,1.1956470578056155e-06,train,pass,
0,0,independent_reference,,,torch.float64,,enumeration,mp-aaabfwfd,8610,3870,1.7763568394002505e-15,1.7763568394002505e-15,train,pass,
0,0,translation,,1.0,torch.float64,5.143704825648236e-33,E3,mp-aaabfwfd,8610,3870,7.105427357601002e-15,7.105427357601002e-15,train,pass,
0,0,rotation_1,,1.0,torch.float64,2.220446049250313e-16,E3,mp-aaabfwfd,8610,3870,7.993605777301127e-15,7.993605777301127e-15,train,pass,
0,0,rotation_2,,0.9999999999999989,torch.float64,3.3306690738754696e-16,E3,mp-aaabfwfd,8610,3870,7.993605777301127e-15,7.549516567451064e-15,train,pass,
0,0,reflection,,-1.0,torch.float64,5.143704825648236e-33,E3,mp-aaabfwfd,8610,3870,4.440892098500626e-15,3.552713678800501e-15,train,pass,
0,0,inversion,,-1.0,torch.float64,5.143704825648236e-33,E3,mp-aaabfwfd,8610,3870,4.440892098500626e-15,3.552713678800501e-15,train,pass,
0,0,improper_with_translation,,-1.0,torch.float64,2.220446049250313e-16,E3,mp-aaabfwfd,8610,3870,7.549516567451064e-15,7.327471962526033e-15,train,pass,
0,0,permutation,,,torch.float64,0.0,representation,mp-aaabfwfd,8610,3870,0.0,0.0,train,pass,
0,0,integer_images,,,torch.float64,0.0,representation,mp-aaabfwfd,8610,3870,0.0,0.0,train,pass,
0,0,basis_swap,,,torch.float64,6.123233900235385e-25,representation,mp-aaabfwfd,8610,3870,8.881784197001252e-16,5.486728027943303e-32,train,pass,
0,0,basis_shear,,,torch.float64,4.440892098500626e-16,representation,mp-aaabfwfd,8610,3870,1.7763568394002505e-15,1.9984014443252818e-15,train,pass,
0,0,float32_vs_float64,,,torch.float32,,precision,mp-aaabfwfd,8610,3870,1.1622359323837372e-06,1.0747630878604753e-06,train,pass,
0,0,independent_reference,,,torch.float32,,enumeration,mp-aaabghta,8907,1120,7.293431227850533e-07,8.104109454620811e-07,train,pass,
0,0,translation,,1.0,torch.float32,3.872243796507368e-17,E3,mp-aaabghta,8907,1120,1.430511474609375e-06,9.5367431640625e-07,train,pass,
0,0,rotation_1,,1.0,torch.float32,2.4222974431300425e-16,E3,mp-aaabghta,8907,1120,0.0,1.3322676295501878e-15,train,pass,
0,0,rotation_2,,0.9999999999999989,torch.float32,1.2212453270876722e-15,E3,mp-aaabghta,8907,1120,0.0,1.7763568394002505e-15,train,pass,
0,0,reflection,,-1.0,torch.float32,3.872243796507368e-17,E3,mp-aaabghta,8907,1120,0.0,2.220446049250313e-16,train,pass,
0,0,inversion,,-1.0,torch.float32,3.872243796507368e-17,E3,mp-aaabghta,8907,1120,0.0,2.220446049250313e-16,train,pass,
0,0,improper_with_translation,,-1.0,torch.float32,2.4222974431300425e-16,E3,mp-aaabghta,8907,1120,9.5367431640625e-07,9.324042076208627e-07,train,pass,
0,0,permutation,,,torch.float32,0.0,representation,mp-aaabghta,8907,1120,0.0,0.0,train,pass,
0,0,integer_images,,,torch.float32,0.0,representation,mp-aaabghta,8907,1120,3.337860107421875e-06,3.337860107421875e-06,train,pass,
0,0,basis_swap,,,torch.float32,3.4348531352534906e-08,representation,mp-aaabghta,8907,1120,9.5367431640625e-07,6.73388821148535e-07,train,pass,
0,0,basis_shear,,,torch.float32,8.35255482556363e-08,representation,mp-aaabghta,8907,1120,9.5367431640625e-07,9.418798021521013e-07,train,pass,
0,0,independent_reference,,,torch.float64,,enumeration,mp-aaabghta,8907,1120,1.7763568394002505e-15,1.7763568394002505e-15,train,pass,
0,0,translation,,1.0,torch.float64,3.0806368289505576e-09,E3,mp-aaabghta,8907,1120,9.95388571567446e-09,2.6645352591003757e-15,train,pass,
0,0,rotation_1,,1.0,torch.float64,2.82203323587703e-09,E3,mp-aaabghta,8907,1120,9.95388571567446e-09,3.552713678800501e-15,train,pass,
0,0,rotation_2,,0.9999999999999989,torch.float64,2.819810052123728e-09,E3,mp-aaabghta,8907,1120,9.95388393931762e-09,3.552713678800501e-15,train,pass,
0,0,reflection,,-1.0,torch.float64,3.0806368289505576e-09,E3,mp-aaabghta,8907,1120,9.95388571567446e-09,1.887379141862766e-15,train,pass,
0,0,inversion,,-1.0,torch.float64,3.0806368289505576e-09,E3,mp-aaabghta,8907,1120,9.95388571567446e-09,1.887379141862766e-15,train,pass,
0,0,improper_with_translation,,-1.0,torch.float64,2.82203323587703e-09,E3,mp-aaabghta,8907,1120,9.95388571567446e-09,4.440892098500626e-15,train,pass,
0,0,permutation,,,torch.float64,0.0,representation,mp-aaabghta,8907,1120,0.0,0.0,train,pass,
0,0,integer_images,,,torch.float64,0.0,representation,mp-aaabghta,8907,1120,0.0,0.0,train,pass,
0,0,basis_swap,,,torch.float64,2.4729401323904336e-09,representation,mp-aaabghta,8907,1120,9.95388660385288e-09,1.7763568394002505e-15,train,pass,
0,0,basis_shear,,,torch.float64,6.782937989058269e-09,representation,mp-aaabghta,8907,1120,2.9759839037524216e-08,1.7763568394002505e-15,train,pass,
0,0,float32_vs_float64,,,torch.float32,,precision,mp-aaabghta,8907,1120,9.151756330538774e-07,8.369527124685305e-07,train,pass,
0,0,independent_reference,,,torch.float32,,enumeration,mp-aaabglxa,9204,380,7.15728601718979e-07,6.029530954521078e-07,train,pass,
0,0,translation,,1.0,torch.float32,6.60090732550114e-17,E3,mp-aaabglxa,9204,380,7.152557373046875e-07,4.768371721779521e-07,train,pass,
0,0,rotation_1,,1.0,torch.float32,3.3306690738754696e-16,E3,mp-aaabglxa,9204,380,2.384185791015625e-07,4.2622350271415144e-07,train,pass,
0,0,rotation_2,,0.9999999999999989,torch.float32,1.4432899320127035e-15,E3,mp-aaabglxa,9204,380,0.0,8.881784197001252e-16,train,pass,
0,0,reflection,,-1.0,torch.float32,6.60090732550114e-17,E3,mp-aaabglxa,9204,380,2.384185791015625e-07,1.1920929653743135e-07,train,pass,
0,0,inversion,,-1.0,torch.float32,6.60090732550114e-17,E3,mp-aaabglxa,9204,380,2.384185791015625e-07,1.1920929653743135e-07,train,pass,
0,0,improper_with_translation,,-1.0,torch.float32,3.3306690738754696e-16,E3,mp-aaabglxa,9204,380,9.5367431640625e-07,6.369071151868244e-07,train,pass,
0,0,permutation,,,torch.float32,0.0,representation,mp-aaabglxa,9204,380,0.0,0.0,train,pass,
0,0,integer_images,,,torch.float32,0.0,representation,mp-aaabglxa,9204,380,2.384185791015625e-06,1.9073486328125e-06,train,pass,
0,0,basis_swap,,,torch.float32,2.3898090173446462e-08,representation,mp-aaabglxa,9204,380,4.76837158203125e-07,4.974736622642695e-07,train,pass,
0,0,basis_shear,,,torch.float32,9.15911266829994e-08,representation,mp-aaabglxa,9204,380,9.5367431640625e-07,7.455249857457602e-07,train,pass,
0,0,independent_reference,,,torch.float64,,enumeration,mp-aaabglxa,9204,380,8.881784197001252e-16,8.881784197001252e-16,train,pass,
0,0,translation,,1.0,torch.float64,7.209992510915572e-17,E3,mp-aaabglxa,9204,380,2.6645352591003757e-15,1.7763568394002505e-15,train,pass,
0,0,rotation_1,,1.0,torch.float64,4.440892098500626e-16,E3,mp-aaabglxa,9204,380,3.552713678800501e-15,2.6645352591003757e-15,train,pass,
0,0,rotation_2,,0.9999999999999989,torch.float64,4.440892098500626e-16,E3,mp-aaabglxa,9204,380,6.217248937900877e-15,3.1086244689504383e-15,train,pass,
0,0,reflection,,-1.0,torch.float64,7.209992510915572e-17,E3,mp-aaabglxa,9204,380,1.7763568394002505e-15,1.3322676295501878e-15,train,pass,
0,0,inversion,,-1.0,torch.float64,7.209992510915572e-17,E3,mp-aaabglxa,9204,380,1.7763568394002505e-15,1.3322676295501878e-15,train,pass,
0,0,improper_with_translation,,-1.0,torch.float64,4.440892098500626e-16,E3,mp-aaabglxa,9204,380,4.440892098500626e-15,3.552713678800501e-15,train,pass,
0,0,permutation,,,torch.float64,0.0,representation,mp-aaabglxa,9204,380,0.0,0.0,train,pass,
0,0,integer_images,,,torch.float64,0.0,representation,mp-aaabglxa,9204,380,0.0,0.0,train,pass,
0,0,basis_swap,,,torch.float64,2.220446049250313e-16,representation,mp-aaabglxa,9204,380,8.881784197001252e-16,8.881784197001252e-16,train,pass,
0,0,basis_shear,,,torch.float64,2.220446049250313e-16,representation,mp-aaabglxa,9204,380,1.7763568394002505e-15,1.7763568394002505e-15,train,pass,
0,0,float32_vs_float64,,,torch.float32,,precision,mp-aaabglxa,9204,380,7.976056082270588e-07,8.075426487508253e-07,train,pass,
0,0,independent_reference,,,torch.float32,,enumeration,mp-aaabjbxg,9500,2476,6.952222157963206e-07,6.312229281491e-07,train,pass,
0,0,translation,,1.0,torch.float32,3.1140048129849427e-17,E3,mp-aaabjbxg,9500,2476,1.430511474609375e-06,9.5367431640625e-07,train,pass,
0,0,rotation_1,,1.0,torch.float32,3.3306690738754696e-16,E3,mp-aaabjbxg,9500,2476,9.5367431640625e-07,6.344789764689551e-07,train,pass,
0,0,rotation_2,,0.9999999999999989,torch.float32,1.2212453270876722e-15,E3,mp-aaabjbxg,9500,2476,9.5367431640625e-07,6.361552604694509e-07,train,pass,
0,0,reflection,,-1.0,torch.float32,3.1140048129849427e-17,E3,mp-aaabjbxg,9500,2476,4.76837158203125e-07,4.768371583839095e-07,train,pass,
0,0,inversion,,-1.0,torch.float32,3.1140048129849427e-17,E3,mp-aaabjbxg,9500,2476,4.76837158203125e-07,4.768371583839095e-07,train,pass,
0,0,improper_with_translation,,-1.0,torch.float32,3.3306690738754696e-16,E3,mp-aaabjbxg,9500,2476,1.430511474609375e-06,9.65183025058991e-07,train,pass,
0,0,permutation,,,torch.float32,0.0,representation,mp-aaabjbxg,9500,2476,0.0,0.0,train,pass,
0,0,integer_images,,,torch.float32,0.0,representation,mp-aaabjbxg,9500,2476,2.86102294921875e-06,2.9802322387695312e-06,train,pass,
0,0,basis_swap,,,torch.float32,1.3309858326593371e-08,representation,mp-aaabjbxg,9500,2476,9.5367431640625e-07,7.230501219979146e-07,train,pass,
0,0,basis_shear,,,torch.float32,1.0815118178797434e-07,representation,mp-aaabjbxg,9500,2476,9.5367431640625e-07,7.363410796656922e-07,train,pass,
0,0,independent_reference,,,torch.float64,,enumeration,mp-aaabjbxg,9500,2476,1.7763568394002505e-15,8.881784197001252e-16,train,pass,
0,0,translation,,1.0,torch.float64,1.4517134698067773e-17,E3,mp-aaabjbxg,9500,2476,4.440892098500626e-15,4.440892098500626e-15,train,pass,
0,0,rotation_1,,1.0,torch.float64,4.440892098500626e-16,E3,mp-aaabjbxg,9500,2476,4.440892098500626e-15,3.9968028886505635e-15,train,pass,
0,0,rotation_2,,0.9999999999999989,torch.float64,6.661338147750939e-16,E3,mp-aaabjbxg,9500,2476,7.993605777301127e-15,2.6645352591003757e-15,train,pass,
0,0,reflection,,-1.0,torch.float64,1.4517134698067773e-17,E3,mp-aaabjbxg,9500,2476,2.6645352591003757e-15,2.6645352591003757e-15,train,pass,
0,0,inversion,,-1.0,torch.float64,1.4517134698067773e-17,E3,mp-aaabjbxg,9500,2476,2.6645352591003757e-15,2.6645352591003757e-15,train,pass,
0,0,improper_with_translation,,-1.0,torch.float64,4.440892098500626e-16,E3,mp-aaabjbxg,9500,2476,4.440892098500626e-15,3.552713678800501e-15,train,pass,
0,0,permutation,,,torch.float64,0.0,representation,mp-aaabjbxg,9500,2476,0.0,0.0,train,pass,
0,0,integer_images,,,torch.float64,0.0,representation,mp-aaabjbxg,9500,2476,0.0,0.0,train,pass,
0,0,basis_swap,,,torch.float64,6.639979803250334e-17,representation,mp-aaabjbxg,9500,2476,8.881784197001252e-16,1.3322676295501878e-15,train,pass,
0,0,basis_shear,,,torch.float64,2.220446049250313e-16,representation,mp-aaabjbxg,9500,2476,1.7763568394002505e-15,8.881784197001252e-16,train,pass,
0,0,float32_vs_float64,,,torch.float32,,precision,mp-aaabjbxg,9500,2476,9.115623864630606e-07,7.00286845432416e-07,train,pass,
0,0,independent_reference,,,torch.float32,,enumeration,mp-aaabkkix,9743,48,2.6933702468312504e-07,2.232113160971494e-07,train,pass,
0,0,translation,,1.0,torch.float32,2.549871165307639e-17,E3,mp-aaabkkix,9743,48,9.5367431640625e-07,4.76837158203125e-07,train,pass,
0,0,rotation_1,,1.0,torch.float32,5.551115123125783e-16,E3,mp-aaabkkix,9743,48,0.0,2.1311175180116493e-07,train,pass,
0,0,rotation_2,,0.9999999999999989,torch.float32,1.4432899320127035e-15,E3,mp-aaabkkix,9743,48,0.0,2.654826514181252e-07,train,pass,
0,0,reflection,,-1.0,torch.float32,2.549871165307639e-17,E3,mp-aaabkkix,9743,48,0.0,2.384185791015625e-07,train,pass,
0,0,inversion,,-1.0,torch.float32,2.549871165307639e-17,E3,mp-aaabkkix,9743,48,0.0,2.384185791015625e-07,train,pass,
0,0,improper_with_translation,,-1.0,torch.float32,5.551115123125783e-16,E3,mp-aaabkkix,9743,48,4.76837158203125e-07,3.693033565621562e-07,train,pass,
0,0,permutation,,,torch.float32,0.0,representation,mp-aaabkkix,9743,48,0.0,0.0,train,pass,
0,0,integer_images,,,torch.float32,0.0,representation,mp-aaabkkix,9743,48,4.76837158203125e-07,7.152557373046875e-07,train,pass,
0,0,basis_swap,,,torch.float32,3.940831438953296e-08,representation,mp-aaabkkix,9743,48,0.0,1.6531364810390414e-07,train,pass,
0,0,basis_shear,,,torch.float32,7.617199268104725e-08,representation,mp-aaabkkix,9743,48,4.76837158203125e-07,3.672128281451137e-07,train,pass,
0,0,independent_reference,,,torch.float64,,enumeration,mp-aaabkkix,9743,48,0.0,4.440892098500626e-16,train,pass,
0,0,translation,,1.0,torch.float64,1.082009710302342e-16,E3,mp-aaabkkix,9743,48,1.7763568394002505e-15,1.7763568394002505e-15,train,pass,
0,0,rotation_1,,1.0,torch.float64,4.440892098500626e-16,E3,mp-aaabkkix,9743,48,2.6645352591003757e-15,1.7763568394002505e-15,train,pass,
0,0,rotation_2,,0.9999999999999989,torch.float64,6.661338147750939e-16,E3,mp-aaabkkix,9743,48,5.329070518200751e-15,1.7763568394002505e-15,train,pass,
0,0,reflection,,-1.0,torch.float64,1.082009710302342e-16,E3,mp-aaabkkix,9743,48,0.0,1.256569245710146e-16,train,pass,
0,0,inversion,,-1.0,torch.float64,1.082009710302342e-16,E3,mp-aaabkkix,9743,48,0.0,1.256569245710146e-16,train,pass,
0,0,improper_with_translation,,-1.0,torch.float64,4.440892098500626e-16,E3,mp-aaabkkix,9743,48,5.329070518200751e-15,4.440892098500626e-15,train,pass,
0,0,permutation,,,torch.float64,0.0,representation,mp-aaabkkix,9743,48,0.0,0.0,train,pass,
0,0,integer_images,,,torch.float64,0.0,representation,mp-aaabkkix,9743,48,0.0,0.0,train,pass,
0,0,basis_swap,,,torch.float64,2.220446049250313e-16,representation,mp-aaabkkix,9743,48,8.881784197001252e-16,4.440892098500626e-16,train,pass,
0,0,basis_shear,,,torch.float64,1.608122640392137e-16,representation,mp-aaabkkix,9743,48,0.0,4.440892098500626e-16,train,pass,
0,0,float32_vs_float64,,,torch.float32,,precision,mp-aaabkkix,9743,48,3.578804648185496e-07,4.768371590913034e-07,train,pass,
0,0,independent_reference,,,torch.float32,,enumeration,mp-aaabkpkf,9797,230,3.265488208725742e-07,4.06225403537519e-07,train,pass,
0,0,translation,,1.0,torch.float32,2.1491030259268253e-17,E3,mp-aaabkpkf,9797,230,4.76837158203125e-07,2.384185933812222e-07,train,pass,
0,0,rotation_1,,1.0,torch.float32,3.3306690738754696e-16,E3,mp-aaabkpkf,9797,230,4.76837158203125e-07,2.6517561968475434e-07,train,pass,
0,0,rotation_2,,0.9999999999999989,torch.float32,1.6653345369377348e-15,E3,mp-aaabkpkf,9797,230,4.76837158203125e-07,2.128876790408185e-07,train,pass,
0,0,reflection,,-1.0,torch.float32,2.1491030259268253e-17,E3,mp-aaabkpkf,9797,230,4.76837158203125e-07,2.384185791015625e-07,train,pass,
0,0,inversion,,-1.0,torch.float32,2.1491030259268253e-17,E3,mp-aaabkpkf,9797,230,4.76837158203125e-07,2.384185791015625e-07,train,pass,
0,0,improper_with_translation,,-1.0,torch.float32,3.3306690738754696e-16,E3,mp-aaabkpkf,9797,230,4.76837158203125e-07,2.3728228515373928e-07,train,pass,
0,0,permutation,,,torch.float32,0.0,representation,mp-aaabkpkf,9797,230,0.0,0.0,train,pass,
0,0,integer_images,,,torch.float32,0.0,representation,mp-aaabkpkf,9797,230,1.6689300537109375e-06,2.1457672119140625e-06,train,pass,
0,0,basis_swap,,,torch.float32,4.1598742894777274e-08,representation,mp-aaabkpkf,9797,230,4.76837158203125e-07,2.8564562759569867e-07,train,pass,
0,0,basis_shear,,,torch.float32,1.2758853573657802e-07,representation,mp-aaabkpkf,9797,230,4.76837158203125e-07,4.299083142811355e-07,train,pass,
0,0,independent_reference,,,torch.float64,,enumeration,mp-aaabkpkf,9797,230,8.881784197001252e-16,6.661338147750939e-16,train,pass,
0,0,translation,,1.0,torch.float64,2.10248378352071e-17,E3,mp-aaabkpkf,9797,230,1.7763568394002505e-15,8.881784197001252e-16,train,pass,
0,0,rotation_1,,1.0,torch.float64,2.5916810382422947e-16,E3,mp-aaabkpkf,9797,230,2.220446049250313e-15,1.5543122344752192e-15,train,pass,
0,0,rotation_2,,0.9999999999999989,torch.float64,3.3306690738754696e-16,E3,mp-aaabkpkf,9797,230,5.329070518200751e-15,1.7763568394002505e-15,train,pass,
0,0,reflection,,-1.0,torch.float64,2.10248378352071e-17,E3,mp-aaabkpkf,9797,230,8.881784197001252e-16,6.661338147750939e-16,train,pass,
0,0,inversion,,-1.0,torch.float64,2.10248378352071e-17,E3,mp-aaabkpkf,9797,230,8.881784197001252e-16,6.661338147750939e-16,train,pass,
0,0,improper_with_translation,,-1.0,torch.float64,2.5916810382422947e-16,E3,mp-aaabkpkf,9797,230,2.6645352591003757e-15,1.7763568394002505e-15,train,pass,
0,0,permutation,,,torch.float64,0.0,representation,mp-aaabkpkf,9797,230,0.0,0.0,train,pass,
0,0,integer_images,,,torch.float64,0.0,representation,mp-aaabkpkf,9797,230,0.0,0.0,train,pass,
0,0,basis_swap,,,torch.float64,7.782240344626398e-17,representation,mp-aaabkpkf,9797,230,8.881784197001252e-16,8.881784197001252e-16,train,pass,
0,0,basis_shear,,,torch.float64,1.608122640392137e-16,representation,mp-aaabkpkf,9797,230,8.881784197001252e-16,8.881784197001252e-16,train,pass,
0,0,float32_vs_float64,,,torch.float32,,precision,mp-aaabkpkf,9797,230,4.934459170158334e-07,7.686306187082437e-07,train,pass,
0,0,independent_reference,,,torch.float32,,enumeration,mp-aaabmjhe,9918,12,2.7055466045311505e-07,0.0,train,pass,
0,0,translation,,1.0,torch.float32,5.255230787447161e-08,E3,mp-aaabmjhe,9918,12,4.76837158203125e-07,1.1920928955078125e-07,train,pass,
0,0,rotation_1,,1.0,torch.float32,4.6124918849715174e-08,E3,mp-aaabmjhe,9918,12,4.76837158203125e-07,1.0590367249818655e-07,train,pass,
0,0,rotation_2,,0.9999999999999989,torch.float32,4.5140717830349786e-08,E3,mp-aaabmjhe,9918,12,4.76837158203125e-07,9.493846775399106e-08,train,pass,
0,0,reflection,,-1.0,torch.float32,5.255230787447161e-08,E3,mp-aaabmjhe,9918,12,4.76837158203125e-07,1.1920928955078125e-07,train,pass,
0,0,inversion,,-1.0,torch.float32,5.255230787447161e-08,E3,mp-aaabmjhe,9918,12,4.76837158203125e-07,1.1920928955078125e-07,train,pass,
0,0,improper_with_translation,,-1.0,torch.float32,4.6124918849715174e-08,E3,mp-aaabmjhe,9918,12,4.76837158203125e-07,1.0590367249818655e-07,train,pass,
0,0,permutation,,,torch.float32,0.0,representation,mp-aaabmjhe,9918,12,0.0,0.0,train,pass,
0,0,integer_images,,,torch.float32,0.0,representation,mp-aaabmjhe,9918,12,0.0,0.0,train,pass,
0,0,basis_swap,,,torch.float32,8.171995327280717e-08,representation,mp-aaabmjhe,9918,12,4.76837158203125e-07,1.0323828059100038e-07,train,pass,
0,0,basis_shear,,,torch.float32,2.1020919849235042e-07,representation,mp-aaabmjhe,9918,12,9.5367431640625e-07,3.454435959504565e-08,train,pass,
0,0,independent_reference,,,torch.float64,,enumeration,mp-aaabmjhe,9918,12,0.0,0.0,train,pass,
0,0,translation,,1.0,torch.float64,4.082482910501835e-09,E3,mp-aaabmjhe,9918,12,1.6039959582769825e-08,4.440892098500626e-16,train,pass,
0,0,rotation_1,,1.0,torch.float64,3.832201470559676e-09,E3,mp-aaabmjhe,9918,12,1.6039960470948245e-08,4.440892098500626e-16,train,pass,
0,0,rotation_2,,0.9999999999999989,torch.float64,3.9517782379761e-09,E3,mp-aaabmjhe,9918,12,1.6039956918234566e-08,8.881784197001252e-16,train,pass,
0,0,reflection,,-1.0,torch.float64,4.082482910501835e-09,E3,mp-aaabmjhe,9918,12,1.6039959582769825e-08,4.440892098500626e-16,train,pass,
0,0,inversion,,-1.0,torch.float64,4.082482910501835e-09,E3,mp-aaabmjhe,9918,12,1.6039959582769825e-08,4.440892098500626e-16,train,pass,
0,0,improper_with_translation,,-1.0,torch.float64,3.832201470559676e-09,E3,mp-aaabmjhe,9918,12,1.6039960470948245e-08,4.440892098500626e-16,train,pass,
0,0,permutation,,,torch.float64,0.0,representation,mp-aaabmjhe,9918,12,0.0,0.0,train,pass,
0,0,integer_images,,,torch.float64,0.0,representation,mp-aaabmjhe,9918,12,0.0,0.0,train,pass,
0,0,basis_swap,,,torch.float64,3.5355338320740516e-09,representation,mp-aaabmjhe,9918,12,1.6039958694591405e-08,8.881784197001252e-16,train,pass,
0,0,basis_shear,,,torch.float64,5.551115123125783e-16,representation,mp-aaabmjhe,9918,12,8.881784197001252e-16,8.881784197001252e-16,train,pass,
0,0,float32_vs_float64,,,torch.float32,,precision,mp-aaabmjhe,9918,12,5.49156712104093e-07,4.511383986383066e-07,train,pass,
0,0,independent_reference,,,torch.float32,,enumeration,mp-aaabmsed,9988,1398,4.341875659008565e-06,4.341875637692283e-06,train,pass,
0,0,translation,,1.0,torch.float32,1.4371171298161433e-17,E3,mp-aaabmsed,9988,1398,5.245208740234375e-06,5.4836273193359375e-06,train,pass,
0,0,rotation_1,,1.0,torch.float32,2.8093528745738608e-16,E3,mp-aaabmsed,9988,1398,4.76837158203125e-07,2.1311175224525414e-07,train,pass,
0,0,rotation_2,,0.9999999999999989,torch.float32,1.4432899320127035e-15,E3,mp-aaabmsed,9988,1398,4.76837158203125e-07,2.1288767326765878e-07,train,pass,
0,0,reflection,,-1.0,torch.float32,1.4371171298161433e-17,E3,mp-aaabmsed,9988,1398,4.76837158203125e-07,2.384185791015625e-07,train,pass,
0,0,inversion,,-1.0,torch.float32,1.4371171298161433e-17,E3,mp-aaabmsed,9988,1398,4.76837158203125e-07,2.384185791015625e-07,train,pass,
0,0,improper_with_translation,,-1.0,torch.float32,2.8093528745738608e-16,E3,mp-aaabmsed,9988,1398,5.245208740234375e-06,5.450434584552966e-06,train,pass,
0,0,permutation,,,torch.float32,0.0,representation,mp-aaabmsed,9988,1398,0.0,0.0,train,pass,
0,0,integer_images,,,torch.float32,0.0,representation,mp-aaabmsed,9988,1398,2.765655517578125e-05,2.765655517578125e-05,train,pass,
0,0,basis_swap,,,torch.float32,1.8696253656358408e-08,representation,mp-aaabmsed,9988,1398,9.5367431640625e-07,7.104226025234084e-07,train,pass,
0,0,basis_shear,,,torch.float32,1.161738355501195e-07,representation,mp-aaabmsed,9988,1398,1.430511474609375e-06,9.707507775402746e-07,train,pass,
0,0,receiver_copy_0,0,,torch.float32,1.4371171298161433e-17,supercell,mp-aaabmsed,9988,1398,4.76837158203125e-07,4.76837158203125e-07,train,pass,2796
0,0,receiver_copy_1,1,,torch.float32,1.4371171298161433e-17,supercell,mp-aaabmsed,9988,1398,9.5367431640625e-07,4.76837158203125e-07,train,pass,2796
0,0,independent_reference,,,torch.float64,,enumeration,mp-aaabmsed,9988,1398,1.7763568394002505e-15,8.881784197001252e-16,train,pass,
0,0,translation,,1.0,torch.float64,1.9898468489946538e-17,E3,mp-aaabmsed,9988,1398,4.085620730620576e-14,4.085620730620576e-14,train,pass,
0,0,rotation_1,,1.0,torch.float64,3.3306690738754696e-16,E3,mp-aaabmsed,9988,1398,4.1744385725905886e-14,6.128431095930864e-14,train,pass,
0,0,rotation_2,,0.9999999999999989,torch.float64,3.3306690738754696e-16,E3,mp-aaabmsed,9988,1398,3.8191672047105385e-14,4.218847493575595e-14,train,pass,
0,0,reflection,,-1.0,torch.float64,1.9898468489946538e-17,E3,mp-aaabmsed,9988,1398,2.042810365310288e-14,2.042810365310288e-14,train,pass,
0,0,inversion,,-1.0,torch.float64,1.9898468489946538e-17,E3,mp-aaabmsed,9988,1398,2.042810365310288e-14,2.042810365310288e-14,train,pass,
0,0,improper_with_translation,,-1.0,torch.float64,3.3306690738754696e-16,E3,mp-aaabmsed,9988,1398,4.1744385725905886e-14,4.1300296516055823e-14,train,pass,
0,0,permutation,,,torch.float64,0.0,representation,mp-aaabmsed,9988,1398,0.0,0.0,train,pass,
0,0,integer_images,,,torch.float64,0.0,representation,mp-aaabmsed,9988,1398,0.0,0.0,train,pass,
0,0,basis_swap,,,torch.float64,1.1102230246251565e-16,representation,mp-aaabmsed,9988,1398,8.881784197001252e-16,8.881784197001252e-16,train,pass,
0,0,basis_shear,,,torch.float64,2.220446049250313e-16,representation,mp-aaabmsed,9988,1398,1.7763568394002505e-15,1.7763568394002505e-15,train,pass,
0,0,receiver_copy_0,0,,torch.float64,1.9898468489946538e-17,supercell,mp-aaabmsed,9988,1398,0.0,9.964001930110018e-17,train,pass,2796
0,0,receiver_copy_1,1,,torch.float64,1.9898468489946538e-17,supercell,mp-aaabmsed,9988,1398,0.0,9.964001930110018e-17,train,pass,2796
0,0,float32_vs_float64,,,torch.float32,,precision,mp-aaabmsed,9988,1398,4.204327098911165e-06,4.204327098911165e-06,train,pass,
0,0,independent_reference,,,torch.float32,,enumeration,mp-aaabogrc,10094,3608,1.0268838614990727e-06,8.884055979763161e-07,train,pass,
0,0,translation,,1.0,torch.float32,2.3448015440408199e-07,E3,mp-aaabogrc,10094,3608,1.430511474609375e-06,1.4286212923764197e-06,train,pass,
0,0,rotation_1,,1.0,torch.float32,2.1543457551231882e-07,E3,mp-aaabogrc,10094,3608,1.430511474609375e-06,4.5675805404599146e-07,train,pass,
0,0,rotation_2,,0.9999999999999989,torch.float32,1.3332827275320334e-07,E3,mp-aaabogrc,10094,3608,1.430511474609375e-06,4.335203236394136e-07,train,pass,
0,0,reflection,,-1.0,torch.float32,2.3448015440408199e-07,E3,mp-aaabogrc,10094,3608,1.430511474609375e-06,4.627423288994237e-07,train,pass,
0,0,inversion,,-1.0,torch.float32,2.3448015440408199e-07,E3,mp-aaabogrc,10094,3608,1.430511474609375e-06,4.627423288994237e-07,train,pass,
0,0,improper_with_translation,,-1.0,torch.float32,2.1543457551231882e-07,E3,mp-aaabogrc,10094,3608,1.430511474609375e-06,1.4876539784491882e-06,train,pass,
0,0,permutation,,,torch.float32,0.0,representation,mp-aaabogrc,10094,3608,0.0,0.0,train,pass,
0,0,integer_images,,,torch.float32,0.0,representation,mp-aaabogrc,10094,3608,2.562999725341797e-06,3.337860107421875e-06,train,pass,
0,0,basis_swap,,,torch.float32,2.3448015440408199e-07,representation,mp-aaabogrc,10094,3608,1.430511474609375e-06,9.082293210838088e-07,train,pass,
0,0,basis_shear,,,torch.float32,1.1713449915751581e-07,representation,mp-aaabogrc,10094,3608,1.430511474609375e-06,1.3985518845238687e-06,train,pass,
0,0,independent_reference,,,torch.float64,,enumeration,mp-aaabogrc,10094,3608,1.7763568394002505e-15,2.220446049250313e-15,train,pass,
0,0,translation,,1.0,torch.float64,6.706135868839169e-09,E3,mp-aaabogrc,10094,3608,2.9630144560144345e-08,3.1086244689504383e-15,train,pass,
0,0,rotation_1,,1.0,torch.float64,8.244650295807787e-09,E3,mp-aaabogrc,10094,3608,2.9630141007430666e-08,3.774758283725532e-15,train,pass,
0,0,rotation_2,,0.9999999999999989,torch.float64,9.28712495795736e-09,E3,mp-aaabogrc,10094,3608,2.9630143671965925e-08,4.440892098500626e-15,train,pass,
0,0,reflection,,-1.0,torch.float64,6.706135868839169e-09,E3,mp-aaabogrc,10094,3608,2.9630144560144345e-08,3.1086244689504383e-15,train,pass,
0,0,inversion,,-1.0,torch.float64,6.706135868839169e-09,E3,mp-aaabogrc,10094,3608,2.9630144560144345e-08,3.1086244689504383e-15,train,pass,
0,0,improper_with_translation,,-1.0,torch.float64,8.244650295807787e-09,E3,mp-aaabogrc,10094,3608,2.9630140119252246e-08,3.552713678800501e-15,train,pass,
0,0,permutation,,,torch.float64,0.0,representation,mp-aaabogrc,10094,3608,0.0,0.0,train,pass,
0,0,integer_images,,,torch.float64,0.0,representation,mp-aaabogrc,10094,3608,0.0,0.0,train,pass,
0,0,basis_swap,,,torch.float64,6.706136312928379e-09,representation,mp-aaabogrc,10094,3608,2.9630144560144345e-08,1.7763568394002505e-15,train,pass,
0,0,basis_shear,,,torch.float64,2.2888568007057056e-16,representation,mp-aaabogrc,10094,3608,1.7763568394002505e-15,1.7763568394002505e-15,train,pass,
0,0,float32_vs_float64,,,torch.float32,,precision,mp-aaabogrc,10094,3608,1.3648628893747627e-06,1.150605037025798e-06,train,pass,
0,0,independent_reference,,,torch.float32,,enumeration,mp-aaabqzzo,10391,230,7.159590218464018e-07,8.344650268554688e-07,train,pass,
0,0,translation,,1.0,torch.float32,8.014922459688748e-17,E3,mp-aaabqzzo,10391,230,4.76837158203125e-07,4.76837158203125e-07,train,pass,
0,0,rotation_1,,1.0,torch.float32,4.440892098500626e-16,E3,mp-aaabqzzo,10391,230,0.0,1.7763568394002505e-15,train,pass,
0,0,rotation_2,,0.9999999999999989,torch.float32,1.5543122344752192e-15,E3,mp-aaabqzzo,10391,230,0.0,1.7763568394002505e-15,train,pass,
0,0,reflection,,-1.0,torch.float32,8.014922459688748e-17,E3,mp-aaabqzzo,10391,230,0.0,8.881784197001252e-16,train,pass,
0,0,inversion,,-1.0,torch.float32,8.014922459688748e-17,E3,mp-aaabqzzo,10391,230,0.0,8.881784197001252e-16,train,pass,
0,0,improper_with_translation,,-1.0,torch.float32,4.440892098500626e-16,E3,mp-aaabqzzo,10391,230,2.384185791015625e-07,2.1311175163463147e-07,train,pass,
0,0,permutation,,,torch.float32,0.0,representation,mp-aaabqzzo,10391,230,0.0,0.0,train,pass,
0,0,integer_images,,,torch.float32,0.0,representation,mp-aaabqzzo,10391,230,0.0,0.0,train,pass,
0,0,basis_swap,,,torch.float32,2.2284886747930392e-07,representation,mp-aaabqzzo,10391,230,1.430511474609375e-06,1.0914581567433856e-06,train,pass,
0,0,basis_shear,,,torch.float32,5.004431365334611e-07,representation,mp-aaabqzzo,10391,230,1.9073486328125e-06,1.1799285744018562e-06,train,pass,
0,0,independent_reference,,,torch.float64,,enumeration,mp-aaabqzzo,10391,230,1.7763568394002505e-15,2.220446049250313e-15,train,pass,
0,0,translation,,1.0,torch.float64,2.2440299063397617e-08,E3,mp-aaabqzzo,10391,230,6.871976943045865e-08,3.1086244689504383e-15,train,pass,
0,0,rotation_1,,1.0,torch.float64,2.5387926649855785e-08,E3,mp-aaabqzzo,10391,230,6.871976943045865e-08,3.0184188481996443e-15,train,pass,
0,0,rotation_2,,0.9999999999999989,torch.float64,2.54666681076543e-08,E3,mp-aaabqzzo,10391,230,6.87197667659234e-08,3.1086244689504383e-15,train,pass,
0,0,reflection,,-1.0,torch.float64,2.2440299063397617e-08,E3,mp-aaabqzzo,10391,230,6.871976943045865e-08,3.1086244689504383e-15,train,pass,
0,0,inversion,,-1.0,torch.float64,2.2440299063397617e-08,E3,mp-aaabqzzo,10391,230,6.871976943045865e-08,3.1086244689504383e-15,train,pass,
0,0,improper_with_translation,,-1.0,torch.float64,2.5387926649855785e-08,E3,mp-aaabqzzo,10391,230,6.871977031863707e-08,3.1086244689504383e-15,train,pass,
0,0,permutation,,,torch.float64,0.0,representation,mp-aaabqzzo,10391,230,0.0,0.0,train,pass,
0,0,integer_images,,,torch.float64,0.0,representation,mp-aaabqzzo,10391,230,0.0,0.0,train,pass,
0,0,basis_swap,,,torch.float64,2.2440300617709852e-08,representation,mp-aaabqzzo,10391,230,6.871977475952917e-08,2.886579864025407e-15,train,pass,
0,0,basis_shear,,,torch.float64,4.884981308350689e-15,representation,mp-aaabqzzo,10391,230,1.509903313490213e-14,3.552713678800501e-15,train,pass,
0,0,float32_vs_float64,,,torch.float32,,precision,mp-aaabqzzo,10391,230,1.4396625234169846e-06,1.3668532226063235e-06,train,pass,
0,0,independent_reference,,,torch.float32,,enumeration,mp-aaabxakt,10688,688,5.971997270037832e-07,4.934272084256008e-07,train,pass,
0,0,translation,,1.0,torch.float32,2.663518747689581e-07,E3,mp-aaabxakt,10688,688,2.384185791015625e-06,1.1749183919107509e-06,train,pass,
0,0,rotation_1,,1.0,torch.float32,3.2556243834136467e-07,E3,mp-aaabxakt,10688,688,1.9073486328125e-06,4.899059873331169e-07,train,pass,
0,0,rotation_2,,0.9999999999999989,torch.float32,5.50178085312325e-07,E3,mp-aaabxakt,10688,688,1.9073486328125e-06,4.735191667659677e-07,train,pass,
0,0,reflection,,-1.0,torch.float32,2.663518747689581e-07,E3,mp-aaabxakt,10688,688,1.9073486328125e-06,5.404822243093577e-07,train,pass,
0,0,inversion,,-1.0,torch.float32,2.663518747689581e-07,E3,mp-aaabxakt,10688,688,1.9073486328125e-06,5.404822243093577e-07,train,pass,
0,0,improper_with_translation,,-1.0,torch.float32,3.2556243834136467e-07,E3,mp-aaabxakt,10688,688,2.384185791015625e-06,6.865427701896465e-07,train,pass,
0,0,permutation,,,torch.float32,0.0,representation,mp-aaabxakt,10688,688,0.0,0.0,train,pass,
0,0,integer_images,,,torch.float32,0.0,representation,mp-aaabxakt,10688,688,2.1457672119140625e-06,2.86102294921875e-06,train,pass,
0,0,basis_swap,,,torch.float32,2.663518032797185e-07,representation,mp-aaabxakt,10688,688,1.9073486328125e-06,6.674225483394025e-07,train,pass,
0,0,basis_shear,,,torch.float32,3.995277451096513e-07,representation,mp-aaabxakt,10688,688,1.9073486328125e-06,7.4830206253651e-07,train,pass,
0,0,independent_reference,,,torch.float64,,enumeration,mp-aaabxakt,10688,688,1.7763568394002505e-15,1.3322676295501878e-15,train,pass,
0,0,translation,,1.0,torch.float64,7.071069507702532e-09,E3,mp-aaabxakt,10688,688,2.928389264411635e-08,1.9984014443252818e-15,train,pass,
0,0,rotation_1,,1.0,torch.float64,8.63057458833083e-09,E3,mp-aaabxakt,10688,688,2.928389530865161e-08,2.6645352591003757e-15,train,pass,
0,0,rotation_2,,0.9999999999999989,torch.float64,9.632577513407625e-09,E3,mp-aaabxakt,10688,688,2.928389175593793e-08,3.552713678800501e-15,train,pass,
0,0,reflection,,-1.0,torch.float64,7.071069507702532e-09,E3,mp-aaabxakt,10688,688,2.928389264411635e-08,1.7763568394002505e-15,train,pass,
0,0,inversion,,-1.0,torch.float64,7.071069507702532e-09,E3,mp-aaabxakt,10688,688,2.928389264411635e-08,1.7763568394002505e-15,train,pass,
0,0,improper_with_translation,,-1.0,torch.float64,8.63057458833083e-09,E3,mp-aaabxakt,10688,688,2.928389530865161e-08,3.1086244689504383e-15,train,pass,
0,0,permutation,,,torch.float64,0.0,representation,mp-aaabxakt,10688,688,0.0,0.0,train,pass,
0,0,integer_images,,,torch.float64,0.0,representation,mp-aaabxakt,10688,688,0.0,0.0,train,pass,
0,0,basis_swap,,,torch.float64,7.071069951791742e-09,representation,mp-aaabxakt,10688,688,2.928389353229477e-08,8.881784197001252e-16,train,pass,
0,0,basis_shear,,,torch.float64,3.0331290858459733e-16,representation,mp-aaabxakt,10688,688,2.6645352591003757e-15,1.3322676295501878e-15,train,pass,
0,0,float32_vs_float64,,,torch.float32,,precision,mp-aaabxakt,10688,688,1.032591868010968e-06,1.02555484948752e-06,train,pass,
0,0,independent_reference,,,torch.float32,,enumeration,mp-aaabxezv,10985,200,6.507193939242484e-07,5.960464477539062e-07,train,pass,
0,0,translation,,1.0,torch.float32,1.9626156233422048e-17,E3,mp-aaabxezv,10985,200,4.76837158203125e-07,9.5367431640625e-07,train,pass,
0,0,rotation_1,,1.0,torch.float32,3.3306690738754696e-16,E3,mp-aaabxezv,10985,200,0.0,8.881784197001252e-16,train,pass,
0,0,rotation_2,,0.9999999999999989,torch.float32,1.4432899320127035e-15,E3,mp-aaabxezv,10985,200,0.0,8.881784197001252e-16,train,pass,
0,0,reflection,,-1.0,torch.float32,1.9626156233422048e-17,E3,mp-aaabxezv,10985,200,0.0,6.772536633066484e-17,train,pass,
0,0,inversion,,-1.0,torch.float32,1.9626156233422048e-17,E3,mp-aaabxezv,10985,200,0.0,6.772536633066484e-17,train,pass,
0,0,improper_with_translation,,-1.0,torch.float32,3.3306690738754696e-16,E3,mp-aaabxezv,10985,200,2.384185791015625e-07,3.1821031987178117e-07,train,pass,
0,0,permutation,,,torch.float32,0.0,representation,mp-aaabxezv,10985,200,0.0,0.0,train,pass,
0,0,integer_images,,,torch.float32,0.0,representation,mp-aaabxezv,10985,200,0.0,0.0,train,pass,
0,0,basis_swap,,,torch.float32,3.4068934430472954e-08,representation,mp-aaabxezv,10985,200,4.76837158203125e-07,6.556510863120479e-07,train,pass,
0,0,basis_shear,,,torch.float32,8.415406713970807e-08,representation,mp-aaabxezv,10985,200,4.76837158203125e-07,6.476655816101129e-07,train,pass,
0,0,independent_reference,,,torch.float64,,enumeration,mp-aaabxezv,10985,200,8.881784197001252e-16,4.440892098500626e-16,train,pass,
0,0,translation,,1.0,torch.float64,4.082482899247616e-09,E3,mp-aaabxezv,10985,200,1.4284857741131418e-08,1.7763568394002505e-15,train,pass,
0,0,rotation_1,,1.0,torch.float64,3.832201784318185e-09,E3,mp-aaabxezv,10985,200,1.4284858629309838e-08,2.6645352591003757e-15,train,pass,
0,0,rotation_2,,0.9999999999999989,torch.float64,3.951778126953798e-09,E3,mp-aaabxezv,10985,200,1.428485418841774e-08,1.7763568394002505e-15,train,pass,
0,0,reflection,,-1.0,torch.float64,4.082482899247616e-09,E3,mp-aaabxezv,10985,200,1.4284857741131418e-08,8.881784197001252e-16,train,pass,
0,0,inversion,,-1.0,torch.float64,4.082482899247616e-09,E3,mp-aaabxezv,10985,200,1.4284857741131418e-08,8.881784197001252e-16,train,pass,
0,0,improper_with_translation,,-1.0,torch.float64,3.832201784318185e-09,E3,mp-aaabxezv,10985,200,1.4284858629309838e-08,3.1086244689504383e-15,train,pass,
0,0,permutation,,,torch.float64,0.0,representation,mp-aaabxezv,10985,200,0.0,0.0,train,pass,
0,0,integer_images,,,torch.float64,0.0,representation,mp-aaabxezv,10985,200,0.0,0.0,train,pass,
0,0,basis_swap,,,torch.float64,3.5355336812645217e-09,representation,mp-aaabxezv,10985,200,1.4284857741131418e-08,8.881784197001252e-16,train,pass,
0,0,basis_shear,,,torch.float64,4.440892098500626e-16,representation,mp-aaabxezv,10985,200,1.7763568394002505e-15,8.881784197001252e-16,train,pass,
0,0,float32_vs_float64,,,torch.float32,,precision,mp-aaabxezv,10985,200,5.908629034934165e-07,4.89313650930967e-07,train,pass,
0,0,independent_reference,,,torch.float32,,enumeration,mp-aaabxgxa,11282,232,3.576107845404408e-07,2.384185791015625e-07,train,pass,
0,0,translation,,1.0,torch.float32,1.3346088440801767e-17,E3,mp-aaabxgxa,11282,232,4.76837158203125e-07,4.76837158203125e-07,train,pass,
0,0,rotation_1,,1.0,torch.float32,4.440892098500626e-16,E3,mp-aaabxgxa,11282,232,0.0,8.881784197001252e-16,train,pass,
0,0,rotation_2,,0.9999999999999989,torch.float32,1.6653345369377348e-15,E3,mp-aaabxgxa,11282,232,0.0,8.881784197001252e-16,train,pass,
0,0,reflection,,-1.0,torch.float32,1.3346088440801767e-17,E3,mp-aaabxgxa,11282,232,0.0,7.731324989799148e-17,train,pass,
0,0,inversion,,-1.0,torch.float32,1.3346088440801767e-17,E3,mp-aaabxgxa,11282,232,0.0,7.731324989799148e-17,train,pass,
0,0,improper_with_translation,,-1.0,torch.float32,4.440892098500626e-16,E3,mp-aaabxgxa,11282,232,2.384185791015625e-07,2.118073445522839e-07,train,pass,
0,0,permutation,,,torch.float32,0.0,representation,mp-aaabxgxa,11282,232,0.0,0.0,train,pass,
0,0,integer_images,,,torch.float32,0.0,representation,mp-aaabxgxa,11282,232,0.0,0.0,train,pass,
0,0,basis_swap,,,torch.float32,3.693077132993494e-08,representation,mp-aaabxgxa,11282,232,4.76837158203125e-07,3.4165685303122473e-07,train,pass,
0,0,basis_shear,,,torch.float32,1.7355791603890225e-07,representation,mp-aaabxgxa,11282,232,9.5367431640625e-07,6.416815292453748e-07,train,pass,
0,0,independent_reference,,,torch.float64,,enumeration,mp-aaabxgxa,11282,232,1.7763568394002505e-15,1.7763568394002505e-15,train,pass,
0,0,translation,,1.0,torch.float64,4.082482766677347e-09,E3,mp-aaabxgxa,11282,232,1.2412841421394205e-08,2.220446049250313e-15,train,pass,
0,0,rotation_1,,1.0,torch.float64,3.832201702120058e-09,E3,mp-aaabxgxa,11282,232,1.2412842309572625e-08,1.887379141862766e-15,train,pass,
0,0,rotation_2,,0.9999999999999989,torch.float64,3.951778015931495e-09,E3,mp-aaabxgxa,11282,232,1.2412838756858946e-08,1.7763568394002505e-15,train,pass,
0,0,reflection,,-1.0,torch.float64,4.082482766677347e-09,E3,mp-aaabxgxa,11282,232,1.2412841421394205e-08,1.7763568394002505e-15,train,pass,
0,0,inversion,,-1.0,torch.float64,4.082482766677347e-09,E3,mp-aaabxgxa,11282,232,1.2412841421394205e-08,1.7763568394002505e-15,train,pass,
0,0,improper_with_translation,,-1.0,torch.float64,3.832201702120058e-09,E3,mp-aaabxgxa,11282,232,1.2412842309572625e-08,2.6645352591003757e-15,train,pass,
0,0,permutation,,,torch.float64,0.0,representation,mp-aaabxgxa,11282,232,0.0,0.0,train,pass,
0,0,integer_images,,,torch.float64,0.0,representation,mp-aaabxgxa,11282,232,0.0,0.0,train,pass,
0,0,basis_swap,,,torch.float64,3.535533610438805e-09,representation,mp-aaabxgxa,11282,232,1.2412840533215785e-08,8.881784197001252e-16,train,pass,
0,0,basis_shear,,,torch.float64,6.661338147750939e-16,representation,mp-aaabxgxa,11282,232,2.6645352591003757e-15,2.6645352591003757e-15,train,pass,
0,0,float32_vs_float64,,,torch.float32,,precision,mp-aaabxgxa,11282,232,4.6705638467869903e-07,6.088994082276145e-07,train,pass,
0,0,independent_reference,,,torch.float32,,enumeration,mp-aaacbzxd,11570,60,3.6623412835723457e-07,1.0889198875929651e-07,train,pass,
0,0,translation,,1.0,torch.float32,5.2372528264341155e-24,E3,mp-aaacbzxd,11570,60,4.76837158203125e-07,4.76837158203125e-07,train,pass,
0,0,rotation_1,,1.0,torch.float32,3.3306690738754696e-16,E3,mp-aaacbzxd,11570,60,0.0,8.881784197001252e-16,train,pass,
0,0,rotation_2,,0.9999999999999989,torch.float32,1.5543122344752192e-15,E3,mp-aaacbzxd,11570,60,0.0,8.881784197001252e-16,train,pass,
0,0,reflection,,-1.0,torch.float32,5.2372528264341155e-24,E3,mp-aaacbzxd,11570,60,0.0,2.6469779601696886e-23,train,pass,
0,0,inversion,,-1.0,torch.float32,5.2372528264341155e-24,E3,mp-aaacbzxd,11570,60,0.0,2.6469779601696886e-23,train,pass,
0,0,improper_with_translation,,-1.0,torch.float32,3.3306690738754696e-16,E3,mp-aaacbzxd,11570,60,4.76837158203125e-07,4.5039403939739486e-07,train,pass,
0,0,permutation,,,torch.float32,0.0,representation,mp-aaacbzxd,11570,60,0.0,0.0,train,pass,
0,0,integer_images,,,torch.float32,0.0,representation,mp-aaacbzxd,11570,60,0.0,0.0,train,pass,
0,0,basis_swap,,,torch.float32,2.1094237467877974e-15,representation,mp-aaacbzxd,11570,60,0.0,1.0889198964747493e-07,train,pass,
0,0,basis_shear,,,torch.float32,4.371138902243342e-08,representation,mp-aaacbzxd,11570,60,4.76837158203125e-07,3.371747858693652e-07,train,pass,
0,0,independent_reference,,,torch.float64,,enumeration,mp-aaacbzxd,11570,60,0.0,8.881784197001252e-16,train,pass,
0,0,translation,,1.0,torch.float64,5.467801689266947e-33,E3,mp-aaacbzxd,11570,60,8.881784197001252e-16,1.1062964975190408e-15,train,pass,
0,0,rotation_1,,1.0,torch.float64,3.3306690738754696e-16,E3,mp-aaacbzxd,11570,60,2.6645352591003757e-15,1.7763568394002505e-15,train,pass,
0,0,rotation_2,,0.9999999999999989,torch.float64,2.220446049250313e-16,E3,mp-aaacbzxd,11570,60,3.552713678800501e-15,1.7763568394002505e-15,train,pass,
0,0,reflection,,-1.0,torch.float64,5.467801689266947e-33,E3,mp-aaacbzxd,11570,60,8.881784197001252e-16,2.2125929950380816e-15,train,pass,
0,0,inversion,,-1.0,torch.float64,5.467801689266947e-33,E3,mp-aaacbzxd,11570,60,8.881784197001252e-16,2.2125929950380816e-15,train,pass,
0,0,improper_with_translation,,-1.0,torch.float64,3.3306690738754696e-16,E3,mp-aaacbzxd,11570,60,3.552713678800501e-15,2.6645352591003757e-15,train,pass,
0,0,permutation,,,torch.float64,0.0,representation,mp-aaacbzxd,11570,60,0.0,0.0,train,pass,
0,0,integer_images,,,torch.float64,0.0,representation,mp-aaacbzxd,11570,60,0.0,0.0,train,pass,
0,0,basis_swap,,,torch.float64,6.1232339178130035e-25,representation,mp-aaacbzxd,11570,60,0.0,9.860761315262648e-32,train,pass,
0,0,basis_shear,,,torch.float64,2.220446049250313e-16,representation,mp-aaacbzxd,11570,60,0.0,8.881784197001252e-16,train,pass,
0,0,float32_vs_float64,,,torch.float32,,precision,mp-aaacbzxd,11570,60,2.992698124870685e-07,3.266759454192258e-07,train,pass,
0,0,independent_reference,,,torch.float32,,enumeration,mp-aaaccsox,11579,146,3.746271675098001e-07,3.5762786865234375e-07,train,pass,
0,0,translation,,1.0,torch.float32,1.4078078238533052e-17,E3,mp-aaaccsox,11579,146,4.76837158203125e-07,4.76837158203125e-07,train,pass,
0,0,rotation_1,,1.0,torch.float32,4.440892098500626e-16,E3,mp-aaaccsox,11579,146,0.0,8.881784197001252e-16,train,pass,
0,0,rotation_2,,0.9999999999999989,torch.float32,1.4432899320127035e-15,E3,mp-aaaccsox,11579,146,0.0,8.881784197001252e-16,train,pass,
0,0,reflection,,-1.0,torch.float32,1.4078078238533052e-17,E3,mp-aaaccsox,11579,146,0.0,1.0142372510422992e-16,train,pass,
0,0,inversion,,-1.0,torch.float32,1.4078078238533052e-17,E3,mp-aaaccsox,11579,146,0.0,1.0142372510422992e-16,train,pass,
0,0,improper_with_translation,,-1.0,torch.float32,4.440892098500626e-16,E3,mp-aaaccsox,11579,146,2.384185791015625e-07,2.251970183664298e-07,train,pass,
0,0,permutation,,,torch.float32,0.0,representation,mp-aaaccsox,11579,146,0.0,0.0,train,pass,
0,0,integer_images,,,torch.float32,0.0,representation,mp-aaaccsox,11579,146,0.0,0.0,train,pass,
0,0,basis_swap,,,torch.float32,9.087836660981452e-08,representation,mp-aaaccsox,11579,146,4.76837158203125e-07,5.04499772624456e-07,train,pass,
0,0,basis_shear,,,torch.float32,2.0455851280591715e-07,representation,mp-aaaccsox,11579,146,9.5367431640625e-07,6.006102202249508e-07,train,pass,
0,0,independent_reference,,,torch.float64,,enumeration,mp-aaaccsox,11579,146,8.881784197001252e-16,8.881784197001252e-16,train,pass,
0,0,translation,,1.0,torch.float64,4.082482953834439e-09,E3,mp-aaaccsox,11579,146,1.2007288496818092e-08,1.7763568394002505e-15,train,pass,
0,0,rotation_1,,1.0,torch.float64,3.832201416269783e-09,E3,mp-aaaccsox,11579,146,1.2007287608639672e-08,1.7763568394002505e-15,train,pass,
0,0,rotation_2,,0.9999999999999989,torch.float64,3.9517782379761e-09,E3,mp-aaaccsox,11579,146,1.2007286720461252e-08,1.7763568394002505e-15,train,pass,
0,0,reflection,,-1.0,torch.float64,4.082482953834439e-09,E3,mp-aaaccsox,11579,146,1.2007288496818092e-08,9.922419229844732e-16,train,pass,
0,0,inversion,,-1.0,torch.float64,4.082482953834439e-09,E3,mp-aaaccsox,11579,146,1.2007288496818092e-08,9.922419229844732e-16,train,pass,
0,0,improper_with_translation,,-1.0,torch.float64,3.832201416269783e-09,E3,mp-aaaccsox,11579,146,1.2007287608639672e-08,1.7763568394002505e-15,train,pass,
0,0,permutation,,,torch.float64,0.0,representation,mp-aaaccsox,11579,146,0.0,0.0,train,pass,
0,0,integer_images,,,torch.float64,0.0,representation,mp-aaaccsox,11579,146,0.0,0.0,train,pass,
0,0,basis_swap,,,torch.float64,3.535533901207408e-09,representation,mp-aaaccsox,11579,146,1.2007288496818092e-08,8.881784197001252e-16,train,pass,
0,0,basis_shear,,,torch.float64,4.440892098500626e-16,representation,mp-aaaccsox,11579,146,1.7763568394002505e-15,1.7763568394002505e-15,train,pass,
0,0,float32_vs_float64,,,torch.float32,,precision,mp-aaaccsox,11579,146,5.584894866572654e-07,5.365966551096335e-07,train,pass,
0,0,independent_reference,,,torch.float32,,enumeration,mp-aaacdloc,11876,1242,6.63673279888144e-07,5.492828138997652e-07,train,pass,
0,0,translation,,1.0,torch.float32,6.980912040083707e-17,E3,mp-aaacdloc,11876,1242,9.5367431640625e-07,7.152557368605983e-07,train,pass,
0,0,rotation_1,,1.0,torch.float32,3.3306690738754696e-16,E3,mp-aaacdloc,11876,1242,4.76837158203125e-07,2.6517562057293276e-07,train,pass,
0,0,rotation_2,,0.9999999999999989,torch.float32,1.4432899320127035e-15,E3,mp-aaacdloc,11876,1242,4.76837158203125e-07,2.654826511960806e-07,train,pass,
0,0,reflection,,-1.0,torch.float32,6.980912040083707e-17,E3,mp-aaacdloc,11876,1242,0.0,4.440892098500626e-16,train,pass,
0,0,inversion,,-1.0,torch.float32,6.980912040083707e-17,E3,mp-aaacdloc,11876,1242,0.0,4.440892098500626e-16,train,pass,
0,0,improper_with_translation,,-1.0,torch.float32,3.3306690738754696e-16,E3,mp-aaacdloc,11876,1242,9.5367431640625e-07,5.303512402576871e-07,train,pass,
0,0,permutation,,,torch.float32,0.0,representation,mp-aaacdloc,11876,1242,0.0,0.0,train,pass,
0,0,integer_images,,,torch.float32,0.0,representation,mp-aaacdloc,11876,1242,2.1457672119140625e-06,2.384185791015625e-06,train,pass,
0,0,basis_swap,,,torch.float32,5.5187188152672206e-11,representation,mp-aaacdloc,11876,1242,4.76837158203125e-07,6.688759288664414e-07,train,pass,
0,0,basis_shear,,,torch.float32,8.27570627581764e-08,representation,mp-aaacdloc,11876,1242,9.5367431640625e-07,7.886508042176388e-07,train,pass,
0,0,independent_reference,,,torch.float64,,enumeration,mp-aaacdloc,11876,1242,8.881784197001252e-16,9.992007221626409e-16,train,pass,
0,0,translation,,1.0,torch.float64,5.368135774387664e-17,E3,mp-aaacdloc,11876,1242,2.6645352591003757e-15,1.7763568394002505e-15,train,pass,
0,0,rotation_1,,1.0,torch.float64,3.0080146724767284e-16,E3,mp-aaacdloc,11876,1242,4.440892098500626e-15,3.552713678800501e-15,train,pass,
0,0,rotation_2,,0.9999999999999989,torch.float64,5.551115123125783e-16,E3,mp-aaacdloc,11876,1242,6.217248937900877e-15,2.6645352591003757e-15,train,pass,
0,0,reflection,,-1.0,torch.float64,5.368135774387664e-17,E3,mp-aaacdloc,11876,1242,1.7763568394002505e-15,8.881784197001252e-16,train,pass,
0,0,inversion,,-1.0,torch.float64,5.368135774387664e-17,E3,mp-aaacdloc,11876,1242,1.7763568394002505e-15,8.881784197001252e-16,train,pass,
0,0,improper_with_translation,,-1.0,torch.float64,3.0080146724767284e-16,E3,mp-aaacdloc,11876,1242,3.552713678800501e-15,3.552713678800501e-15,train,pass,
0,0,permutation,,,torch.float64,0.0,representation,mp-aaacdloc,11876,1242,0.0,0.0,train,pass,
0,0,integer_images,,,torch.float64,0.0,representation,mp-aaacdloc,11876,1242,0.0,0.0,train,pass,
0,0,basis_swap,,,torch.float64,2.220446049250313e-16,representation,mp-aaacdloc,11876,1242,8.881784197001252e-16,8.881784197001252e-16,train,pass,
0,0,basis_shear,,,torch.float64,2.220446049250313e-16,representation,mp-aaacdloc,11876,1242,1.7763568394002505e-15,1.7763568394002505e-15,train,pass,
0,0,float32_vs_float64,,,torch.float32,,precision,mp-aaacdloc,11876,1242,7.542026070339602e-07,6.780689862928568e-07,train,pass,
0,0,independent_reference,,,torch.float32,,enumeration,mp-aaacdsqd,12173,232,3.431399155928716e-07,2.384185791015625e-07,train,pass,
0,0,translation,,1.0,torch.float32,5.4914536943089744e-17,E3,mp-aaacdsqd,12173,232,9.5367431640625e-07,1.7881393443146527e-07,train,pass,
0,0,rotation_1,,1.0,torch.float32,5.551115123125783e-16,E3,mp-aaacdsqd,12173,232,0.0,8.881784197001252e-16,train,pass,
0,0,rotation_2,,0.9999999999999989,torch.float32,1.4432899320127035e-15,E3,mp-aaacdsqd,12173,232,0.0,8.881784197001252e-16,train,pass,
0,0,reflection,,-1.0,torch.float32,5.4914536943089744e-17,E3,mp-aaacdsqd,12173,232,0.0,3.158801853712836e-16,train,pass,
0,0,inversion,,-1.0,torch.float32,5.4914536943089744e-17,E3,mp-aaacdsqd,12173,232,0.0,3.158801853712836e-16,train,pass,
0,0,improper_with_translation,,-1.0,torch.float32,5.551115123125783e-16,E3,mp-aaacdsqd,12173,232,4.76837158203125e-07,7.604045366704781e-07,train,pass,
0,0,permutation,,,torch.float32,0.0,representation,mp-aaacdsqd,12173,232,0.0,0.0,train,pass,
0,0,integer_images,,,torch.float32,0.0,representation,mp-aaacdsqd,12173,232,0.0,0.0,train,pass,
0,0,basis_swap,,,torch.float32,7.909085009139005e-08,representation,mp-aaacdsqd,12173,232,4.76837158203125e-07,4.1616265189503565e-07,train,pass,
0,0,basis_shear,,,torch.float32,2.1782849222141983e-07,representation,mp-aaacdsqd,12173,232,9.5367431640625e-07,4.853641444313439e-07,train,pass,
0,0,independent_reference,,,torch.float64,,enumeration,mp-aaacdsqd,12173,232,8.881784197001252e-16,8.881784197001252e-16,train,pass,
0,0,translation,,1.0,torch.float64,4.082482888530328e-09,E3,mp-aaacdsqd,12173,232,1.2782697567104151e-08,2.220446049250313e-15,train,pass,
0,0,rotation_1,,1.0,torch.float64,3.832201541104826e-09,E3,mp-aaacdsqd,12173,232,1.278269845528257e-08,2.6645352591003757e-15,train,pass,
0,0,rotation_2,,0.9999999999999989,torch.float64,3.951778348998403e-09,E3,mp-aaacdsqd,12173,232,1.2782695790747312e-08,2.6645352591003757e-15,train,pass,
0,0,reflection,,-1.0,torch.float64,4.082482888530328e-09,E3,mp-aaacdsqd,12173,232,1.2782697567104151e-08,1.3322676295501878e-15,train,pass,
0,0,inversion,,-1.0,torch.float64,4.082482888530328e-09,E3,mp-aaacdsqd,12173,232,1.2782697567104151e-08,1.3322676295501878e-15,train,pass,
0,0,improper_with_translation,,-1.0,torch.float64,3.832201541104826e-09,E3,mp-aaacdsqd,12173,232,1.278269845528257e-08,4.440892098500626e-15,train,pass,
0,0,permutation,,,torch.float64,0.0,representation,mp-aaacdsqd,12173,232,0.0,0.0,train,pass,
0,0,integer_images,,,torch.float64,0.0,representation,mp-aaacdsqd,12173,232,0.0,0.0,train,pass,
0,0,basis_swap,,,torch.float64,3.53553368783272e-09,representation,mp-aaacdsqd,12173,232,1.2782697567104151e-08,8.881784197001252e-16,train,pass,
0,0,basis_shear,,,torch.float64,4.440892098500626e-16,representation,mp-aaacdsqd,12173,232,1.7763568394002505e-15,8.881784197001252e-16,train,pass,
0,0,float32_vs_float64,,,torch.float32,,precision,mp-aaacdsqd,12173,232,4.931426662579952e-07,4.6460802849424e-07,train,pass,
0,0,independent_reference,,,torch.float32,,enumeration,mp-aaaceqer,12470,372,6.818867870350687e-07,3.735304368035486e-07,train,pass,
0,0,translation,,1.0,torch.float32,5.1963971919457944e-18,E3,mp-aaaceqer,12470,372,9.5367431640625e-07,4.76837158203125e-07,train,pass,
0,0,rotation_1,,1.0,torch.float32,5.551115123125783e-16,E3,mp-aaaceqer,12470,372,0.0,8.881784197001252e-16,train,pass,
0,0,rotation_2,,0.9999999999999989,torch.float32,1.4432899320127035e-15,E3,mp-aaaceqer,12470,372,0.0,8.881784197001252e-16,train,pass,
0,0,reflection,,-1.0,torch.float32,5.1963971919457944e-18,E3,mp-aaaceqer,12470,372,0.0,2.305147226393375e-17,train,pass,
0,0,inversion,,-1.0,torch.float32,5.1963971919457944e-18,E3,mp-aaaceqer,12470,372,0.0,2.305147226393375e-17,train,pass,
0,0,improper_with_translation,,-1.0,torch.float32,5.551115123125783e-16,E3,mp-aaaceqer,12470,372,4.76837158203125e-07,4.715918993092316e-07,train,pass,
0,0,permutation,,,torch.float32,0.0,representation,mp-aaaceqer,12470,372,0.0,0.0,train,pass,
0,0,integer_images,,,torch.float32,0.0,representation,mp-aaaceqer,12470,372,1.6689300537109375e-06,1.430511474609375e-06,train,pass,
0,0,basis_swap,,,torch.float32,1.389294013165454e-09,representation,mp-aaaceqer,12470,372,4.76837158203125e-07,4.2645341036262607e-07,train,pass,
0,0,basis_shear,,,torch.float32,9.170115689016711e-08,representation,mp-aaaceqer,12470,372,9.5367431640625e-07,3.796345433570991e-07,train,pass,
0,0,independent_reference,,,torch.float64,,enumeration,mp-aaaceqer,12470,372,1.7763568394002505e-15,8.881784197001252e-16,train,pass,
0,0,translation,,1.0,torch.float64,4.440892098500626e-16,E3,mp-aaaceqer,12470,372,2.6645352591003757e-15,1.7763568394002505e-15,train,pass,
0,0,rotation_1,,1.0,torch.float64,3.91901429052893e-16,E3,mp-aaaceqer,12470,372,5.329070518200751e-15,3.552713678800501e-15,train,pass,
0,0,rotation_2,,0.9999999999999989,torch.float64,4.440892098500626e-16,E3,mp-aaaceqer,12470,372,6.217248937900877e-15,2.220446049250313e-15,train,pass,
0,0,reflection,,-1.0,torch.float64,4.440892098500626e-16,E3,mp-aaaceqer,12470,372,1.7763568394002505e-15,1.7763568394002505e-15,train,pass,
0,0,inversion,,-1.0,torch.float64,4.440892098500626e-16,E3,mp-aaaceqer,12470,372,1.7763568394002505e-15,1.7763568394002505e-15,train,pass,
0,0,improper_with_translation,,-1.0,torch.float64,3.91901429052893e-16,E3,mp-aaaceqer,12470,372,5.329070518200751e-15,3.552713678800501e-15,train,pass,
0,0,permutation,,,torch.float64,0.0,representation,mp-aaaceqer,12470,372,0.0,0.0,train,pass,
0,0,integer_images,,,torch.float64,0.0,representation,mp-aaaceqer,12470,372,0.0,0.0,train,pass,
0,0,basis_swap,,,torch.float64,2.220446049250313e-16,representation,mp-aaaceqer,12470,372,1.7763568394002505e-15,8.881784197001252e-16,train,pass,
0,0,basis_shear,,,torch.float64,2.220446049250313e-16,representation,mp-aaaceqer,12470,372,1.7763568394002505e-15,8.881784197001252e-16,train,pass,
0,0,float32_vs_float64,,,torch.float32,,precision,mp-aaaceqer,12470,372,7.710523659554269e-07,5.57905524195012e-07,train,pass,
0,0,independent_reference,,,torch.float32,,enumeration,mp-aaacfkaj,12766,176,7.375291071198831e-07,6.148207631895275e-07,train,pass,
0,0,translation,,1.0,torch.float32,7.612589243422008e-07,E3,mp-aaacfkaj,12766,176,2.86102294921875e-06,1.5866793035002047e-06,train,pass,
0,0,rotation_1,,1.0,torch.float32,8.464410665709465e-07,E3,mp-aaacfkaj,12766,176,2.86102294921875e-06,7.12855536821877e-07,train,pass,
0,0,rotation_2,,0.9999999999999989,torch.float32,8.751727316180791e-07,E3,mp-aaacfkaj,12766,176,2.86102294921875e-06,7.121059959480647e-07,train,pass,
0,0,reflection,,-1.0,torch.float32,7.612589243422008e-07,E3,mp-aaacfkaj,12766,176,2.86102294921875e-06,7.975064857390635e-07,train,pass,
0,0,inversion,,-1.0,torch.float32,7.612589243422008e-07,E3,mp-aaacfkaj,12766,176,2.86102294921875e-06,7.975064857390635e-07,train,pass,
0,0,improper_with_translation,,-1.0,torch.float32,8.464410665709465e-07,E3,mp-aaacfkaj,12766,176,2.86102294921875e-06,7.12855536821877e-07,train,pass,
0,0,permutation,,,torch.float32,0.0,representation,mp-aaacfkaj,12766,176,0.0,0.0,train,pass,
0,0,integer_images,,,torch.float32,0.0,representation,mp-aaacfkaj,12766,176,9.5367431640625e-07,1.9073486328125e-06,train,pass,
0,0,basis_swap,,,torch.float32,7.612589243422008e-07,representation,mp-aaacfkaj,12766,176,2.86102294921875e-06,8.463309062456403e-07,train,pass,
0,0,basis_shear,,,torch.float32,5.663030490159725e-07,representation,mp-aaacfkaj,12766,176,2.384185791015625e-06,7.566263140468266e-07,train,pass,
0,0,independent_reference,,,torch.float64,,enumeration,mp-aaacfkaj,12766,176,1.7763568394002505e-15,8.881784197001252e-16,train,pass,
0,0,translation,,1.0,torch.float64,1.7979956523639373e-08,E3,mp-aaacfkaj,12766,176,6.493788795580713e-08,1.4988010832439613e-15,train,pass,
0,0,rotation_1,,1.0,torch.float64,2.0466172312438857e-08,E3,mp-aaacfkaj,12766,176,6.493788795580713e-08,2.220446049250313e-15,train,pass,
0,0,rotation_2,,0.9999999999999989,torch.float64,2.0722121907290614e-08,E3,mp-aaacfkaj,12766,176,6.49378915085208e-08,1.7763568394002505e-15,train,pass,
0,0,reflection,,-1.0,torch.float64,1.7979956523639373e-08,E3,mp-aaacfkaj,12766,176,6.493788795580713e-08,1.4988010832439613e-15,train,pass,
0,0,inversion,,-1.0,torch.float64,1.7979956523639373e-08,E3,mp-aaacfkaj,12766,176,6.493788795580713e-08,1.4988010832439613e-15,train,pass,
0,0,improper_with_translation,,-1.0,torch.float64,2.0466172312438857e-08,E3,mp-aaacfkaj,12766,176,6.493788795580713e-08,2.220446049250313e-15,train,pass,
0,0,permutation,,,torch.float64,0.0,representation,mp-aaacfkaj,12766,176,0.0,0.0,train,pass,
0,0,integer_images,,,torch.float64,0.0,representation,mp-aaacfkaj,12766,176,0.0,0.0,train,pass,
0,0,basis_swap,,,torch.float64,1.7979957189773188e-08,representation,mp-aaacfkaj,12766,176,6.493788973216397e-08,1.7763568394002505e-15,train,pass,
0,0,basis_shear,,,torch.float64,4.440892098500626e-16,representation,mp-aaacfkaj,12766,176,1.7763568394002505e-15,1.375635716449608e-15,train,pass,
0,0,float32_vs_float64,,,torch.float32,,precision,mp-aaacfkaj,12766,176,1.9790874734582076e-06,1.5754310647153602e-06,train,pass,
0,0,independent_reference,,,torch.float32,,enumeration,mp-aaacfyxj,13063,248,4.962772397476556e-07,4.137478981647291e-07,train,pass,
0,0,translation,,1.0,torch.float32,3.653968966187074e-24,E3,mp-aaacfyxj,13063,248,4.76837158203125e-07,4.76837158203125e-07,train,pass,
0,0,rotation_1,,1.0,torch.float32,2.4222974431300425e-16,E3,mp-aaacfyxj,13063,248,0.0,8.881784197001252e-16,train,pass,
0,0,rotation_2,,0.9999999999999989,torch.float32,1.3322676295501878e-15,E3,mp-aaacfyxj,13063,248,0.0,8.881784197001252e-16,train,pass,
0,0,reflection,,-1.0,torch.float32,3.653968966187074e-24,E3,mp-aaacfyxj,13063,248,0.0,2.6469779601696886e-23,train,pass,
0,0,inversion,,-1.0,torch.float32,3.653968966187074e-24,E3,mp-aaacfyxj,13063,248,0.0,2.6469779601696886e-23,train,pass,
0,0,improper_with_translation,,-1.0,torch.float32,2.4222974431300425e-16,E3,mp-aaacfyxj,13063,248,4.76837158203125e-07,4.818489509617052e-07,train,pass,
0,0,permutation,,,torch.float32,0.0,representation,mp-aaacfyxj,13063,248,0.0,0.0,train,pass,
0,0,integer_images,,,torch.float32,0.0,representation,mp-aaacfyxj,13063,248,9.5367431640625e-07,9.5367431640625e-07,train,pass,
0,0,basis_swap,,,torch.float32,1.9984014443252818e-15,representation,mp-aaacfyxj,13063,248,4.76837158203125e-07,1.8071849527956374e-07,train,pass,
0,0,basis_shear,,,torch.float32,4.371138872179875e-08,representation,mp-aaacfyxj,13063,248,4.76837158203125e-07,4.912996565131778e-07,train,pass,
0,0,independent_reference,,,torch.float64,,enumeration,mp-aaacfyxj,13063,248,8.881784197001252e-16,8.881784197001252e-16,train,pass,
0,0,translation,,1.0,torch.float64,7.284532755105893e-33,E3,mp-aaacfyxj,13063,248,8.881784197001252e-16,4.440892098500626e-16,train,pass,
0,0,rotation_1,,1.0,torch.float64,2.220446049250313e-16,E3,mp-aaacfyxj,13063,248,2.6645352591003757e-15,1.7763568394002505e-15,train,pass,
0,0,rotation_2,,0.9999999999999989,torch.float64,4.440892098500626e-16,E3,mp-aaacfyxj,13063,248,5.329070518200751e-15,1.7763568394002505e-15,train,pass,
0,0,reflection,,-1.0,torch.float64,7.284532755105893e-33,E3,mp-aaacfyxj,13063,248,8.881784197001252e-16,4.440892098500626e-16,train,pass,
0,0,inversion,,-1.0,torch.float64,7.284532755105893e-33,E3,mp-aaacfyxj,13063,248,8.881784197001252e-16,4.440892098500626e-16,train,pass,
0,0,improper_with_translation,,-1.0,torch.float64,2.220446049250313e-16,E3,mp-aaacfyxj,13063,248,2.6645352591003757e-15,2.6645352591003757e-15,train,pass,
0,0,permutation,,,torch.float64,0.0,representation,mp-aaacfyxj,13063,248,0.0,0.0,train,pass,
0,0,integer_images,,,torch.float64,0.0,representation,mp-aaacfyxj,13063,248,0.0,0.0,train,pass,
0,0,basis_swap,,,torch.float64,6.123233922642665e-25,representation,mp-aaacfyxj,13063,248,0.0,9.860761315262648e-32,train,pass,
0,0,basis_shear,,,torch.float64,2.220446049250313e-16,representation,mp-aaacfyxj,13063,248,8.881784197001252e-16,8.881784197001252e-16,train,pass,
0,0,float32_vs_float64,,,torch.float32,,precision,mp-aaacfyxj,13063,248,5.090861439072114e-07,5.090861439072114e-07,train,pass,
0,0,independent_reference,,,torch.float32,,enumeration,mp-aaacicbc,13321,12,2.4239013285409783e-07,0.0,train,pass,
0,0,translation,,1.0,torch.float32,3.108158449684956e-17,E3,mp-aaacicbc,13321,12,0.0,6.734189669405983e-33,train,pass,
0,0,rotation_1,,1.0,torch.float32,4.440892098500626e-16,E3,mp-aaacicbc,13321,12,0.0,8.881784197001252e-16,train,pass,
0,0,rotation_2,,0.9999999999999989,torch.float32,1.7763568394002505e-15,E3,mp-aaacicbc,13321,12,0.0,8.881784197001252e-16,train,pass,
0,0,reflection,,-1.0,torch.float32,3.108158449684956e-17,E3,mp-aaacicbc,13321,12,0.0,6.734189669405983e-33,train,pass,
0,0,inversion,,-1.0,torch.float32,3.108158449684956e-17,E3,mp-aaacicbc,13321,12,0.0,6.734189669405983e-33,train,pass,
0,0,improper_with_translation,,-1.0,torch.float32,4.440892098500626e-16,E3,mp-aaacicbc,13321,12,0.0,8.881784197001252e-16,train,pass,
0,0,permutation,,,torch.float32,0.0,representation,mp-aaacicbc,13321,12,0.0,0.0,train,pass,
0,0,integer_images,,,torch.float32,0.0,representation,mp-aaacicbc,13321,12,0.0,0.0,train,pass,
0,0,basis_swap,,,torch.float32,3.910977564025586e-08,representation,mp-aaacicbc,13321,12,0.0,4.440892098500626e-16,train,pass,
0,0,basis_shear,,,torch.float32,2.1050292563191374e-07,representation,mp-aaacicbc,13321,12,1.430511474609375e-06,3.8785043621203386e-08,train,pass,
0,0,independent_reference,,,torch.float64,,enumeration,mp-aaacicbc,13321,12,8.881784197001252e-16,0.0,train,pass,
0,0,translation,,1.0,torch.float64,4.082482914366211e-09,E3,mp-aaacicbc,13321,12,1.6119011903015235e-08,1.1884973392809264e-16,train,pass,
0,0,rotation_1,,1.0,torch.float64,3.832201528993878e-09,E3,mp-aaacicbc,13321,12,1.6119012791193654e-08,1.6653345369377348e-16,train,pass,
0,0,rotation_2,,0.9999999999999989,torch.float64,3.951778460020705e-09,E3,mp-aaacicbc,13321,12,1.6119010126658395e-08,8.881784197001252e-16,train,pass,
0,0,reflection,,-1.0,torch.float64,4.082482914366211e-09,E3,mp-aaacicbc,13321,12,1.6119011903015235e-08,1.1884973392809264e-16,train,pass,
0,0,inversion,,-1.0,torch.float64,4.082482914366211e-09,E3,mp-aaacicbc,13321,12,1.6119011903015235e-08,1.1884973392809264e-16,train,pass,
0,0,improper_with_translation,,-1.0,torch.float64,3.832201528993878e-09,E3,mp-aaacicbc,13321,12,1.6119012791193654e-08,1.6653345369377348e-16,train,pass,
0,0,permutation,,,torch.float64,0.0,representation,mp-aaacicbc,13321,12,0.0,0.0,train,pass,
0,0,integer_images,,,torch.float64,0.0,representation,mp-aaacicbc,13321,12,0.0,0.0,train,pass,
0,0,basis_swap,,,torch.float64,3.535533680721533e-09,representation,mp-aaacicbc,13321,12,1.6119011014836815e-08,4.440892098500626e-16,train,pass,
0,0,basis_shear,,,torch.float64,4.440892098500626e-16,representation,mp-aaacicbc,13321,12,1.7763568394002505e-15,4.440892098500626e-16,train,pass,
0,0,float32_vs_float64,,,torch.float32,,precision,mp-aaacicbc,13321,12,1.8522326161729552e-07,3.3103021035429947e-07,train,pass,
0,0,independent_reference,,,torch.float32,,enumeration,mp-aaacikmd,13360,160,7.405650261915753e-07,1.4551759761616267e-06,train,pass,
0,0,translation,,1.0,torch.float32,1.6621440934727616e-07,E3,mp-aaacikmd,13360,160,9.5367431640625e-07,2.861022949662839e-06,train,pass,
0,0,rotation_1,,1.0,torch.float32,1.4902638267866308e-07,E3,mp-aaacikmd,13360,160,9.5367431640625e-07,3.647629513992001e-07,train,pass,
0,0,rotation_2,,0.9999999999999989,torch.float32,1.7934953000509068e-07,E3,mp-aaacikmd,13360,160,9.5367431640625e-07,3.269956083684633e-07,train,pass,
0,0,reflection,,-1.0,torch.float32,1.6621440934727616e-07,E3,mp-aaacikmd,13360,160,9.5367431640625e-07,4.1059135513776823e-07,train,pass,
0,0,inversion,,-1.0,torch.float32,1.6621440934727616e-07,E3,mp-aaacikmd,13360,160,9.5367431640625e-07,4.1059135513776823e-07,train,pass,
0,0,improper_with_translation,,-1.0,torch.float32,1.4902638267866308e-07,E3,mp-aaacikmd,13360,160,9.5367431640625e-07,1.1012006102539829e-06,train,pass,
0,0,permutation,,,torch.float32,0.0,representation,mp-aaacikmd,13360,160,0.0,0.0,train,pass,
0,0,integer_images,,,torch.float32,0.0,representation,mp-aaacikmd,13360,160,1.9073486328125e-06,1.9073486328125e-06,train,pass,
0,0,basis_swap,,,torch.float32,2.5263437119873985e-07,representation,mp-aaacikmd,13360,160,9.5367431640625e-07,1.3895945158992618e-06,train,pass,
0,0,basis_shear,,,torch.float32,2.4255450403742884e-07,representation,mp-aaacikmd,13360,160,9.5367431640625e-07,1.4703854969155827e-06,train,pass,
0,0,independent_reference,,,torch.float64,,enumeration,mp-aaacikmd,13360,160,1.7763568394002505e-15,3.552713678800501e-15,train,pass,
0,0,translation,,1.0,torch.float64,1.6879058706287253e-08,E3,mp-aaacikmd,13360,160,7.56509317412224e-08,3.9968028886505635e-15,train,pass,
0,0,rotation_1,,1.0,torch.float64,1.501929995403633e-08,E3,mp-aaacikmd,13360,160,7.565093707029291e-08,6.106226635438361e-15,train,pass,
0,0,rotation_2,,0.9999999999999989,torch.float64,1.632231483306157e-08,E3,mp-aaacikmd,13360,160,7.56509228594382e-08,3.3306690738754696e-15,train,pass,
0,0,reflection,,-1.0,torch.float64,1.6879058706287253e-08,E3,mp-aaacikmd,13360,160,7.56509317412224e-08,3.9968028886505635e-15,train,pass,
0,0,inversion,,-1.0,torch.float64,1.6879058706287253e-08,E3,mp-aaacikmd,13360,160,7.56509317412224e-08,3.9968028886505635e-15,train,pass,
0,0,improper_with_translation,,-1.0,torch.float64,1.501929995403633e-08,E3,mp-aaacikmd,13360,160,7.565093707029291e-08,4.6629367034256575e-15,train,pass,
0,0,permutation,,,torch.float64,0.0,representation,mp-aaacikmd,13360,160,0.0,0.0,train,pass,
0,0,integer_images,,,torch.float64,0.0,representation,mp-aaacikmd,13360,160,0.0,0.0,train,pass,
0,0,basis_swap,,,torch.float64,1.6879060482644093e-08,representation,mp-aaacikmd,13360,160,7.565093795847133e-08,1.5543122344752192e-15,train,pass,
0,0,basis_shear,,,torch.float64,2.7783654759281783e-15,representation,mp-aaacikmd,13360,160,9.769962616701378e-15,2.6645352591003757e-15,train,pass,
0,0,float32_vs_float64,,,torch.float32,,precision,mp-aaacikmd,13360,160,1.3802387961447948e-06,1.36351842705551e-06,train,pass,
0,0,independent_reference,,,torch.float32,,enumeration,mp-aaacjkpl,13657,354,6.89106689932828e-07,1.2777004467778852e-06,train,pass,
0,0,translation,,1.0,torch.float32,1.286905473698257e-07,E3,mp-aaacjkpl,13657,354,1.430511474609375e-06,8.500284647272593e-07,train,pass,
0,0,rotation_1,,1.0,torch.float32,1.2752923884753407e-07,E3,mp-aaacjkpl,13657,354,9.5367431640625e-07,7.712467001153023e-07,train,pass,
0,0,rotation_2,,0.9999999999999989,torch.float32,1.256285047102068e-07,E3,mp-aaacjkpl,13657,354,9.5367431640625e-07,7.721396802218283e-07,train,pass,
0,0,reflection,,-1.0,torch.float32,1.286905473698257e-07,E3,mp-aaacjkpl,13657,354,9.5367431640625e-07,7.169103402038246e-07,train,pass,
0,0,inversion,,-1.0,torch.float32,1.286905473698257e-07,E3,mp-aaacjkpl,13657,354,9.5367431640625e-07,7.169103402038246e-07,train,pass,
0,0,improper_with_translation,,-1.0,torch.float32,1.2752923884753407e-07,E3,mp-aaacjkpl,13657,354,1.430511474609375e-06,7.712467001153023e-07,train,pass,
0,0,permutation,,,torch.float32,0.0,representation,mp-aaacjkpl,13657,354,0.0,0.0,train,pass,
0,0,integer_images,,,torch.float32,0.0,representation,mp-aaacjkpl,13657,354,2.6226043701171875e-06,2.86102294921875e-06,train,pass,
0,0,basis_swap,,,torch.float32,7.045020100626687e-08,representation,mp-aaacjkpl,13657,354,9.5367431640625e-07,7.955493792621837e-07,train,pass,
0,0,basis_shear,,,torch.float32,1.1612732975230244e-07,representation,mp-aaacjkpl,13657,354,1.430511474609375e-06,1.2756123404233932e-06,train,pass,
0,0,independent_reference,,,torch.float64,,enumeration,mp-aaacjkpl,13657,354,1.7763568394002505e-15,1.7763568394002505e-15,train,pass,
0,0,translation,,1.0,torch.float64,6.163422311066031e-10,E3,mp-aaacjkpl,13657,354,1.707628705105435e-09,2.4424906541753444e-15,train,pass,
0,0,rotation_1,,1.0,torch.float64,5.363092088644736e-10,E3,mp-aaacjkpl,13657,354,1.707628705105435e-09,2.6645352591003757e-15,train,pass,
0,0,rotation_2,,0.9999999999999989,torch.float64,4.983530255131541e-10,E3,mp-aaacjkpl,13657,354,1.7076295932838548e-09,2.6645352591003757e-15,train,pass,
0,0,reflection,,-1.0,torch.float64,6.163422311066031e-10,E3,mp-aaacjkpl,13657,354,1.707628705105435e-09,2.1094237467877974e-15,train,pass,
0,0,inversion,,-1.0,torch.float64,6.163422311066031e-10,E3,mp-aaacjkpl,13657,354,1.707628705105435e-09,2.1094237467877974e-15,train,pass,
0,0,improper_with_translation,,-1.0,torch.float64,5.363092088644736e-10,E3,mp-aaacjkpl,13657,354,1.707628705105435e-09,2.6645352591003757e-15,train,pass,
0,0,permutation,,,torch.float64,0.0,representation,mp-aaacjkpl,13657,354,0.0,0.0,train,pass,
0,0,integer_images,,,torch.float64,0.0,representation,mp-aaacjkpl,13657,354,0.0,0.0,train,pass,
0,0,basis_swap,,,torch.float64,5.278418222726333e-10,representation,mp-aaacjkpl,13657,354,1.7076295932838548e-09,1.7763568394002505e-15,train,pass,
0,0,basis_shear,,,torch.float64,1.187610283253291e-09,representation,mp-aaacjkpl,13657,354,3.856662544876599e-09,1.7763568394002505e-15,train,pass,
0,0,float32_vs_float64,,,torch.float32,,precision,mp-aaacjkpl,13657,354,1.4477698826453889e-06,2.0028075651268296e-06,train,pass,
0,0,independent_reference,,,torch.float32,,enumeration,mp-aaackpwt,13954,112,2.9737206830304785e-07,3.5762786865234375e-07,train,pass,
0,0,translation,,1.0,torch.float32,2.2447274933303022e-17,E3,mp-aaackpwt,13954,112,0.0,2.220446049250313e-16,train,pass,
0,0,rotation_1,,1.0,torch.float32,4.440892098500626e-16,E3,mp-aaackpwt,13954,112,0.0,8.881784197001252e-16,train,pass,
0,0,rotation_2,,0.9999999999999989,torch.float32,1.4432899320127035e-15,E3,mp-aaackpwt,13954,112,0.0,8.881784197001252e-16,train,pass,
0,0,reflection,,-1.0,torch.float32,2.2447274933303022e-17,E3,mp-aaackpwt,13954,112,0.0,2.220446049250313e-16,train,pass,
0,0,inversion,,-1.0,torch.float32,2.2447274933303022e-17,E3,mp-aaackpwt,13954,112,0.0,2.220446049250313e-16,train,pass,
0,0,improper_with_translation,,-1.0,torch.float32,4.440892098500626e-16,E3,mp-aaackpwt,13954,112,2.384185791015625e-07,4.2622350293619604e-07,train,pass,
0,0,permutation,,,torch.float32,0.0,representation,mp-aaackpwt,13954,112,0.0,0.0,train,pass,
0,0,integer_images,,,torch.float32,0.0,representation,mp-aaackpwt,13954,112,0.0,0.0,train,pass,
0,0,basis_swap,,,torch.float32,6.31810577499626e-08,representation,mp-aaackpwt,13954,112,4.76837158203125e-07,3.656133680252083e-07,train,pass,
0,0,basis_shear,,,torch.float32,2.345794094527065e-07,representation,mp-aaackpwt,13954,112,9.5367431640625e-07,5.124852728854989e-07,train,pass,
0,0,independent_reference,,,torch.float64,,enumeration,mp-aaackpwt,13954,112,1.7763568394002505e-15,1.1102230246251565e-15,train,pass,
0,0,translation,,1.0,torch.float64,4.082482936690834e-09,E3,mp-aaackpwt,13954,112,1.4373584988902621e-08,1.7763568394002505e-15,train,pass,
0,0,rotation_1,,1.0,torch.float64,3.832201419040176e-09,E3,mp-aaackpwt,13954,112,1.4373584100724202e-08,2.6645352591003757e-15,train,pass,
0,0,rotation_2,,0.9999999999999989,torch.float64,3.9517785710430076e-09,E3,mp-aaackpwt,13954,112,1.4373581436188942e-08,2.6645352591003757e-15,train,pass,
0,0,reflection,,-1.0,torch.float64,4.082482936690834e-09,E3,mp-aaackpwt,13954,112,1.4373584988902621e-08,1.7763568394002505e-15,train,pass,
0,0,inversion,,-1.0,torch.float64,4.082482936690834e-09,E3,mp-aaackpwt,13954,112,1.4373584988902621e-08,1.7763568394002505e-15,train,pass,
0,0,improper_with_translation,,-1.0,torch.float64,3.832201419040176e-09,E3,mp-aaackpwt,13954,112,1.4373584100724202e-08,3.552713678800501e-15,train,pass,
0,0,permutation,,,torch.float64,0.0,representation,mp-aaackpwt,13954,112,0.0,0.0,train,pass,
0,0,integer_images,,,torch.float64,0.0,representation,mp-aaackpwt,13954,112,0.0,0.0,train,pass,
0,0,basis_swap,,,torch.float64,3.5355338537733515e-09,representation,mp-aaackpwt,13954,112,1.4373584988902621e-08,1.7763568394002505e-15,train,pass,
0,0,basis_shear,,,torch.float64,4.440892098500626e-16,representation,mp-aaackpwt,13954,112,1.7763568394002505e-15,1.3322676295501878e-15,train,pass,
0,0,float32_vs_float64,,,torch.float32,,precision,mp-aaackpwt,13954,112,5.374908260691313e-07,6.697654866272273e-07,train,pass,
0,0,independent_reference,,,torch.float32,,enumeration,mp-aaaclexm,14251,500,8.730815919122392e-07,7.149720744337174e-07,train,pass,
0,0,translation,,1.0,torch.float32,5.485226926734578e-17,E3,mp-aaaclexm,14251,500,4.76837158203125e-07,4.76837158203125e-07,train,pass,
0,0,rotation_1,,1.0,torch.float32,4.440892098500626e-16,E3,mp-aaaclexm,14251,500,0.0,8.881784197001252e-16,train,pass,
0,0,rotation_2,,0.9999999999999989,torch.float32,1.5543122344752192e-15,E3,mp-aaaclexm,14251,500,0.0,8.881784197001252e-16,train,pass,
0,0,reflection,,-1.0,torch.float32,5.485226926734578e-17,E3,mp-aaaclexm,14251,500,0.0,4.440892098500626e-16,train,pass,
0,0,inversion,,-1.0,torch.float32,5.485226926734578e-17,E3,mp-aaaclexm,14251,500,0.0,4.440892098500626e-16,train,pass,
0,0,improper_with_translation,,-1.0,torch.float32,4.440892098500626e-16,E3,mp-aaaclexm,14251,500,4.76837158203125e-07,5.053332983173675e-07,train,pass,
0,0,permutation,,,torch.float32,0.0,representation,mp-aaaclexm,14251,500,0.0,0.0,train,pass,
0,0,integer_images,,,torch.float32,0.0,representation,mp-aaaclexm,14251,500,1.9073486328125e-06,1.9073486328125e-06,train,pass,
0,0,basis_swap,,,torch.float32,5.030207663661671e-08,representation,mp-aaaclexm,14251,500,9.5367431640625e-07,6.169981241477274e-07,train,pass,
0,0,basis_shear,,,torch.float32,4.793115609037448e-08,representation,mp-aaaclexm,14251,500,9.5367431640625e-07,8.764957413198715e-07,train,pass,
0,0,independent_reference,,,torch.float64,,enumeration,mp-aaaclexm,14251,500,1.7763568394002505e-15,1.3322676295501878e-15,train,pass,
0,0,translation,,1.0,torch.float64,4.082483153034688e-09,E3,mp-aaaclexm,14251,500,1.3328645742660683e-08,3.552713678800501e-15,train,pass,
0,0,rotation_1,,1.0,torch.float64,3.832201583589086e-09,E3,mp-aaaclexm,14251,500,1.3328645742660683e-08,5.329070518200751e-15,train,pass,
0,0,rotation_2,,0.9999999999999989,torch.float64,3.951778904109915e-09,E3,mp-aaaclexm,14251,500,1.3328643966303844e-08,2.6645352591003757e-15,train,pass,
0,0,reflection,,-1.0,torch.float64,4.082483153034688e-09,E3,mp-aaaclexm,14251,500,1.3328646630839103e-08,2.6645352591003757e-15,train,pass,
0,0,inversion,,-1.0,torch.float64,4.082483153034688e-09,E3,mp-aaaclexm,14251,500,1.3328646630839103e-08,2.6645352591003757e-15,train,pass,
0,0,improper_with_translation,,-1.0,torch.float64,3.832201583589086e-09,E3,mp-aaaclexm,14251,500,1.3328645742660683e-08,5.329070518200751e-15,train,pass,
0,0,permutation,,,torch.float64,0.0,representation,mp-aaaclexm,14251,500,0.0,0.0,train,pass,
0,0,integer_images,,,torch.float64,0.0,representation,mp-aaaclexm,14251,500,0.0,0.0,train,pass,
0,0,basis_swap,,,torch.float64,3.5355337664727316e-09,representation,mp-aaaclexm,14251,500,1.3328644854482263e-08,1.7763568394002505e-15,train,pass,
0,0,basis_shear,,,torch.float64,5.551115123125783e-16,representation,mp-aaaclexm,14251,500,1.7763568394002505e-15,1.7763568394002505e-15,train,pass,
0,0,float32_vs_float64,,,torch.float32,,precision,mp-aaaclexm,14251,500,8.314366306549914e-07,6.87812601540827e-07,train,pass,
0,0,independent_reference,,,torch.float32,,enumeration,mp-aaaclgpb,14548,212,5.93608966426018e-07,5.549666042270474e-07,train,pass,
0,0,translation,,1.0,torch.float32,2.2824632245888272e-17,E3,mp-aaaclgpb,14548,212,2.384185791015625e-07,4.76837158203125e-07,train,pass,
0,0,rotation_1,,1.0,torch.float32,4.440892098500626e-16,E3,mp-aaaclgpb,14548,212,0.0,8.881784197001252e-16,train,pass,
0,0,rotation_2,,0.9999999999999989,torch.float32,1.4432899320127035e-15,E3,mp-aaaclgpb,14548,212,0.0,8.881784197001252e-16,train,pass,
0,0,reflection,,-1.0,torch.float32,2.2824632245888272e-17,E3,mp-aaaclgpb,14548,212,0.0,1.6653345369377348e-16,train,pass,
0,0,inversion,,-1.0,torch.float32,2.2824632245888272e-17,E3,mp-aaaclgpb,14548,212,0.0,1.6653345369377348e-16,train,pass,
0,0,improper_with_translation,,-1.0,torch.float32,4.440892098500626e-16,E3,mp-aaaclgpb,14548,212,9.5367431640625e-07,8.215491424934385e-07,train,pass,
0,0,permutation,,,torch.float32,0.0,representation,mp-aaaclgpb,14548,212,0.0,0.0,train,pass,
0,0,integer_images,,,torch.float32,0.0,representation,mp-aaaclgpb,14548,212,1.430511474609375e-06,1.9073486328125e-06,train,pass,
0,0,basis_swap,,,torch.float32,4.0363548799858445e-08,representation,mp-aaaclgpb,14548,212,4.76837158203125e-07,4.972123148760943e-07,train,pass,
0,0,basis_shear,,,torch.float32,3.940944735373151e-08,representation,mp-aaaclgpb,14548,212,4.76837158203125e-07,5.641044094062408e-07,train,pass,
0,0,independent_reference,,,torch.float64,,enumeration,mp-aaaclgpb,14548,212,2.6645352591003757e-15,2.220446049250313e-15,train,pass,
0,0,translation,,1.0,torch.float64,4.0824829503192676e-09,E3,mp-aaaclgpb,14548,212,1.1557585999355524e-08,2.4424906541753444e-15,train,pass,
0,0,rotation_1,,1.0,torch.float64,3.832201417425994e-09,E3,mp-aaaclgpb,14548,212,1.1557585111177104e-08,3.552713678800501e-15,train,pass,
0,0,rotation_2,,0.9999999999999989,torch.float64,3.9517782379761e-09,E3,mp-aaaclgpb,14548,212,1.1557583334820265e-08,2.6645352591003757e-15,train,pass,
0,0,reflection,,-1.0,torch.float64,4.0824829503192676e-09,E3,mp-aaaclgpb,14548,212,1.1557586887533944e-08,3.774758283725532e-15,train,pass,
0,0,inversion,,-1.0,torch.float64,4.0824829503192676e-09,E3,mp-aaaclgpb,14548,212,1.1557586887533944e-08,3.774758283725532e-15,train,pass,
0,0,improper_with_translation,,-1.0,torch.float64,3.832201417425994e-09,E3,mp-aaaclgpb,14548,212,1.1557585111177104e-08,2.8033131371785203e-15,train,pass,
0,0,permutation,,,torch.float64,0.0,representation,mp-aaaclgpb,14548,212,0.0,0.0,train,pass,
0,0,integer_images,,,torch.float64,0.0,representation,mp-aaaclgpb,14548,212,0.0,0.0,train,pass,
0,0,basis_swap,,,torch.float64,3.535533932733763e-09,representation,mp-aaaclgpb,14548,212,1.1557585999355524e-08,1.7763568394002505e-15,train,pass,
0,0,basis_shear,,,torch.float64,6.661338147750939e-16,representation,mp-aaaclgpb,14548,212,1.7763568394002505e-15,9.812936714166316e-16,train,pass,
0,0,float32_vs_float64,,,torch.float32,,precision,mp-aaaclgpb,14548,212,6.416258004904307e-07,7.59397983163268e-07,train,pass,
0,0,independent_reference,,,torch.float32,,enumeration,mp-aaaclisp,14845,356,5.549322157349934e-07,3.441025420158894e-07,train,pass,
0,0,translation,,1.0,torch.float32,5.742462083568059e-17,E3,mp-aaaclisp,14845,356,4.76837158203125e-07,4.76837158203125e-07,train,pass,
0,0,rotation_1,,1.0,torch.float32,2.2778797214334225e-16,E3,mp-aaaclisp,14845,356,0.0,8.881784197001252e-16,train,pass,
0,0,rotation_2,,0.9999999999999989,torch.float32,1.4432899320127035e-15,E3,mp-aaaclisp,14845,356,0.0,8.881784197001252e-16,train,pass,
0,0,reflection,,-1.0,torch.float32,5.742462083568059e-17,E3,mp-aaaclisp,14845,356,0.0,4.440892098500626e-16,train,pass,
0,0,inversion,,-1.0,torch.float32,5.742462083568059e-17,E3,mp-aaaclisp,14845,356,0.0,4.440892098500626e-16,train,pass,
0,0,improper_with_translation,,-1.0,torch.float32,2.2778797214334225e-16,E3,mp-aaaclisp,14845,356,4.76837158203125e-07,5.171775470103057e-07,train,pass,
0,0,permutation,,,torch.float32,0.0,representation,mp-aaaclisp,14845,356,0.0,0.0,train,pass,
0,0,integer_images,,,torch.float32,0.0,representation,mp-aaaclisp,14845,356,4.76837158203125e-07,2.384185791015625e-07,train,pass,
0,0,basis_swap,,,torch.float32,2.4345114126602204e-08,representation,mp-aaaclisp,14845,356,4.76837158203125e-07,5.717419182538208e-07,train,pass,
0,0,basis_shear,,,torch.float32,4.746866484134281e-08,representation,mp-aaaclisp,14845,356,4.76837158203125e-07,6.601906950010061e-07,train,pass,
0,0,independent_reference,,,torch.float64,,enumeration,mp-aaaclisp,14845,356,1.7763568394002505e-15,1.7763568394002505e-15,train,pass,
0,0,translation,,1.0,torch.float64,4.082482943832116e-09,E3,mp-aaaclisp,14845,356,1.4711284634927324e-08,2.886579864025407e-15,train,pass,
0,0,rotation_1,,1.0,torch.float64,3.832201554982614e-09,E3,mp-aaaclisp,14845,356,1.4711282858570485e-08,2.6645352591003757e-15,train,pass,
0,0,rotation_2,,0.9999999999999989,torch.float64,3.951778015931495e-09,E3,mp-aaaclisp,14845,356,1.4711279305856806e-08,4.884981308350689e-15,train,pass,
0,0,reflection,,-1.0,torch.float64,4.082482943832116e-09,E3,mp-aaaclisp,14845,356,1.4711283746748904e-08,2.4424906541753444e-15,train,pass,
0,0,inversion,,-1.0,torch.float64,4.082482943832116e-09,E3,mp-aaaclisp,14845,356,1.4711283746748904e-08,2.4424906541753444e-15,train,pass,
0,0,improper_with_translation,,-1.0,torch.float64,3.832201554982614e-09,E3,mp-aaaclisp,14845,356,1.4711283746748904e-08,2.6645352591003757e-15,train,pass,
0,0,permutation,,,torch.float64,0.0,representation,mp-aaaclisp,14845,356,0.0,0.0,train,pass,
0,0,integer_images,,,torch.float64,0.0,representation,mp-aaaclisp,14845,356,0.0,0.0,train,pass,
0,0,basis_swap,,,torch.float64,3.535533977104662e-09,representation,mp-aaaclisp,14845,356,1.4711283746748904e-08,1.7763568394002505e-15,train,pass,
0,0,basis_shear,,,torch.float64,4.440892098500626e-16,representation,mp-aaaclisp,14845,356,2.6645352591003757e-15,2.220446049250313e-15,train,pass,
0,0,float32_vs_float64,,,torch.float32,,precision,mp-aaaclisp,14845,356,8.074474973085444e-07,4.953076491176489e-07,train,pass,
0,0,independent_reference,,,torch.float32,,enumeration,mp-aaacpgnk,15136,108,5.96965124444182e-07,7.152557373046875e-07,train,pass,
0,0,translation,,1.0,torch.float32,4.1678757867202876e-07,E3,mp-aaacpgnk,15136,108,9.5367431640625e-07,3.5762786865234375e-07,train,pass,
0,0,rotation_1,,1.0,torch.float32,4.615832966958777e-07,E3,mp-aaacpgnk,15136,108,9.5367431640625e-07,3.1771101749455966e-07,train,pass,
0,0,rotation_2,,0.9999999999999989,torch.float32,4.2113329490334195e-07,E3,mp-aaacpgnk,15136,108,9.5367431640625e-07,2.8481540287339513e-07,train,pass,
0,0,reflection,,-1.0,torch.float32,4.1678757867202876e-07,E3,mp-aaacpgnk,15136,108,9.5367431640625e-07,3.5762786865234375e-07,train,pass,
0,0,inversion,,-1.0,torch.float32,4.1678757867202876e-07,E3,mp-aaacpgnk,15136,108,9.5367431640625e-07,3.5762786865234375e-07,train,pass,
0,0,improper_with_translation,,-1.0,torch.float32,4.615832966958777e-07,E3,mp-aaacpgnk,15136,108,9.5367431640625e-07,3.1771101749455966e-07,train,pass,
0,0,permutation,,,torch.float32,0.0,representation,mp-aaacpgnk,15136,108,0.0,0.0,train,pass,
0,0,integer_images,,,torch.float32,0.0,representation,mp-aaacpgnk,15136,108,0.0,0.0,train,pass,
0,0,basis_swap,,,torch.float32,4.1678757867202876e-07,representation,mp-aaacpgnk,15136,108,9.5367431640625e-07,9.984354867320633e-07,train,pass,
0,0,basis_shear,,,torch.float32,8.335754175803345e-07,representation,mp-aaacpgnk,15136,108,2.384185791015625e-06,1.152105039814444e-06,train,pass,
0,0,receiver_copy_0,0,,torch.float32,4.1678757867202876e-07,supercell,mp-aaacpgnk,15136,108,9.5367431640625e-07,3.5762786865234375e-07,train,pass,216
0,0,receiver_copy_1,1,,torch.float32,4.1678757867202876e-07,supercell,mp-aaacpgnk,15136,108,9.5367431640625e-07,3.5762786865234375e-07,train,pass,216
0,0,independent_reference,,,torch.float64,,enumeration,mp-aaacpgnk,15136,108,8.881784197001252e-16,2.220446049250313e-16,train,pass,
0,0,translation,,1.0,torch.float64,2.863668613350967e-08,E3,mp-aaacpgnk,15136,108,9.637910647342096e-08,8.881784197001252e-16,train,pass,
0,0,rotation_1,,1.0,torch.float64,3.2255629278665765e-08,E3,mp-aaacpgnk,15136,108,9.637912334881094e-08,2.4702462297909733e-15,train,pass,
0,0,rotation_2,,0.9999999999999989,torch.float64,3.213514743194423e-08,E3,mp-aaacpgnk,15136,108,9.6379117131562e-08,3.164135620181696e-15,train,pass,
0,0,reflection,,-1.0,torch.float64,2.863668613350967e-08,E3,mp-aaacpgnk,15136,108,9.637910647342096e-08,8.881784197001252e-16,train,pass,
0,0,inversion,,-1.0,torch.float64,2.863668613350967e-08,E3,mp-aaacpgnk,15136,108,9.637910647342096e-08,8.881784197001252e-16,train,pass,
0,0,improper_with_translation,,-1.0,torch.float64,3.2255629278665765e-08,E3,mp-aaacpgnk,15136,108,9.637912334881094e-08,2.4702462297909733e-15,train,pass,
0,0,permutation,,,torch.float64,0.0,representation,mp-aaacpgnk,15136,108,0.0,0.0,train,pass,
0,0,integer_images,,,torch.float64,0.0,representation,mp-aaacpgnk,15136,108,0.0,0.0,train,pass,
0,0,basis_swap,,,torch.float64,2.8636688576000324e-08,representation,mp-aaacpgnk,15136,108,9.637911535520516e-08,1.7763568394002505e-15,train,pass,
0,0,basis_shear,,,torch.float64,5.02426548385779e-15,representation,mp-aaacpgnk,15136,108,2.1316282072803006e-14,2.4424906541753444e-15,train,pass,
0,0,receiver_copy_0,0,,torch.float64,2.863668613350967e-08,supercell,mp-aaacpgnk,15136,108,9.637910647342096e-08,8.881784197001252e-16,train,pass,216
0,0,receiver_copy_1,1,,torch.float64,2.863668613350967e-08,supercell,mp-aaacpgnk,15136,108,9.637910647342096e-08,8.881784197001252e-16,train,pass,216
0,0,float32_vs_float64,,,torch.float32,,precision,mp-aaacpgnk,15136,108,1.342997736131224e-06,1.9433118687572914e-06,train,pass,
0,0,independent_reference,,,torch.float32,,enumeration,mp-aaacpgrm,15142,336,7.015830165713055e-07,5.146739425754276e-07,train,pass,
0,0,translation,,1.0,torch.float32,6.611906272933795e-17,E3,mp-aaacpgrm,15142,336,4.76837158203125e-07,4.76837158203125e-07,train,pass,
0,0,rotation_1,,1.0,torch.float32,3.3306690738754696e-16,E3,mp-aaacpgrm,15142,336,2.384185791015625e-07,2.1311175180116493e-07,train,pass,
0,0,rotation_2,,0.9999999999999989,torch.float32,1.3322676295501878e-15,E3,mp-aaacpgrm,15142,336,2.384185791015625e-07,2.1288767282356957e-07,train,pass,
0,0,reflection,,-1.0,torch.float32,6.611906272933795e-17,E3,mp-aaacpgrm,15142,336,2.384185791015625e-07,1.1920928955078125e-07,train,pass,
0,0,inversion,,-1.0,torch.float32,6.611906272933795e-17,E3,mp-aaacpgrm,15142,336,2.384185791015625e-07,1.1920928955078125e-07,train,pass,
0,0,improper_with_translation,,-1.0,torch.float32,3.3306690738754696e-16,E3,mp-aaacpgrm,15142,336,4.76837158203125e-07,6.344789760248659e-07,train,pass,
0,0,permutation,,,torch.float32,0.0,representation,mp-aaacpgrm,15142,336,0.0,0.0,train,pass,
0,0,integer_images,,,torch.float32,0.0,representation,mp-aaacpgrm,15142,336,1.9073486328125e-06,1.430511474609375e-06,train,pass,
0,0,basis_swap,,,torch.float32,1.880936051357196e-08,representation,mp-aaacpgrm,15142,336,4.76837158203125e-07,3.3918613340233605e-07,train,pass,
0,0,basis_shear,,,torch.float32,1.1253821873876737e-07,representation,mp-aaacpgrm,15142,336,9.5367431640625e-07,7.414788063542233e-07,train,pass,
0,0,independent_reference,,,torch.float64,,enumeration,mp-aaacpgrm,15142,336,8.881784197001252e-16,8.881784197001252e-16,train,pass,
0,0,translation,,1.0,torch.float64,2.6548696927900515e-17,E3,mp-aaacpgrm,15142,336,8.881784197001252e-16,4.440892098500626e-16,train,pass,
0,0,rotation_1,,1.0,torch.float64,2.220446049250313e-16,E3,mp-aaacpgrm,15142,336,3.552713678800501e-15,1.7763568394002505e-15,train,pass,
0,0,rotation_2,,0.9999999999999989,torch.float64,2.220446049250313e-16,E3,mp-aaacpgrm,15142,336,4.440892098500626e-15,1.7763568394002505e-15,train,pass,
0,0,reflection,,-1.0,torch.float64,2.6548696927900515e-17,E3,mp-aaacpgrm,15142,336,8.881784197001252e-16,1.0249653468357486e-15,train,pass,
0,0,inversion,,-1.0,torch.float64,2.6548696927900515e-17,E3,mp-aaacpgrm,15142,336,8.881784197001252e-16,1.0249653468357486e-15,train,pass,
0,0,improper_with_translation,,-1.0,torch.float64,2.220446049250313e-16,E3,mp-aaacpgrm,15142,336,3.552713678800501e-15,1.7763568394002505e-15,train,pass,
0,0,permutation,,,torch.float64,0.0,representation,mp-aaacpgrm,15142,336,0.0,0.0,train,pass,
0,0,integer_images,,,torch.float64,0.0,representation,mp-aaacpgrm,15142,336,0.0,0.0,train,pass,
0,0,basis_swap,,,torch.float64,1.1102230246251565e-16,representation,mp-aaacpgrm,15142,336,8.881784197001252e-16,8.881784197001252e-16,train,pass,
0,0,basis_shear,,,torch.float64,2.220446049250313e-16,representation,mp-aaacpgrm,15142,336,8.881784197001252e-16,8.881784197001252e-16,train,pass,
0,0,float32_vs_float64,,,torch.float32,,precision,mp-aaacpgrm,15142,336,7.04404802043257e-07,5.426904238958578e-07,train,pass,
0,0,independent_reference,,,torch.float32,,enumeration,mp-aaacpiwg,15439,448,4.450269921463246e-07,4.76837158203125e-07,train,pass,
0,0,translation,,1.0,torch.float32,1.1532242932700886e-17,E3,mp-aaacpiwg,15439,448,4.76837158203125e-07,4.76837158203125e-07,train,pass,
0,0,rotation_1,,1.0,torch.float32,3.3306690738754696e-16,E3,mp-aaacpiwg,15439,448,0.0,8.881784197001252e-16,train,pass,
0,0,rotation_2,,0.9999999999999989,torch.float32,1.4432899320127035e-15,E3,mp-aaacpiwg,15439,448,0.0,8.881784197001252e-16,train,pass,
0,0,reflection,,-1.0,torch.float32,1.1532242932700886e-17,E3,mp-aaacpiwg,15439,448,0.0,5.2695018144543495e-17,train,pass,
0,0,inversion,,-1.0,torch.float32,1.1532242932700886e-17,E3,mp-aaacpiwg,15439,448,0.0,5.2695018144543495e-17,train,pass,
0,0,improper_with_translation,,-1.0,torch.float32,3.3306690738754696e-16,E3,mp-aaacpiwg,15439,448,4.76837158203125e-07,4.2622350315824065e-07,train,pass,
0,0,permutation,,,torch.float32,0.0,representation,mp-aaacpiwg,15439,448,0.0,0.0,train,pass,
0,0,integer_images,,,torch.float32,0.0,representation,mp-aaacpiwg,15439,448,0.0,0.0,train,pass,
0,0,basis_swap,,,torch.float32,6.172678608454908e-08,representation,mp-aaacpiwg,15439,448,4.76837158203125e-07,7.269473374371671e-07,train,pass,
0,0,basis_shear,,,torch.float32,3.913321497751908e-08,representation,mp-aaacpiwg,15439,448,4.76837158203125e-07,7.865519719985059e-07,train,pass,
0,0,independent_reference,,,torch.float64,,enumeration,mp-aaacpiwg,15439,448,1.7763568394002505e-15,1.1102230246251565e-15,train,pass,
0,0,translation,,1.0,torch.float64,4.082482922604041e-09,E3,mp-aaacpiwg,15439,448,1.53261154878237e-08,1.9984014443252818e-15,train,pass,
0,0,rotation_1,,1.0,torch.float64,3.832201568402431e-09,E3,mp-aaacpiwg,15439,448,1.53261154878237e-08,1.7763568394002505e-15,train,pass,
0,0,rotation_2,,0.9999999999999989,torch.float64,3.951778460020705e-09,E3,mp-aaacpiwg,15439,448,1.532611459964528e-08,1.7763568394002505e-15,train,pass,
0,0,reflection,,-1.0,torch.float64,4.082482922604041e-09,E3,mp-aaacpiwg,15439,448,1.53261154878237e-08,1.1102230246251565e-15,train,pass,
0,0,inversion,,-1.0,torch.float64,4.082482922604041e-09,E3,mp-aaacpiwg,15439,448,1.53261154878237e-08,1.1102230246251565e-15,train,pass,
0,0,improper_with_translation,,-1.0,torch.float64,3.832201568402431e-09,E3,mp-aaacpiwg,15439,448,1.53261154878237e-08,2.6645352591003757e-15,train,pass,
0,0,permutation,,,torch.float64,0.0,representation,mp-aaacpiwg,15439,448,0.0,0.0,train,pass,
0,0,integer_images,,,torch.float64,0.0,representation,mp-aaacpiwg,15439,448,0.0,0.0,train,pass,
0,0,basis_swap,,,torch.float64,3.5355339090008456e-09,representation,mp-aaacpiwg,15439,448,1.53261154878237e-08,1.3322676295501878e-15,train,pass,
0,0,basis_shear,,,torch.float64,8.881784197001252e-16,representation,mp-aaacpiwg,15439,448,3.552713678800501e-15,1.7763568394002505e-15,train,pass,
0,0,float32_vs_float64,,,torch.float32,,precision,mp-aaacpiwg,15439,448,5.455799056974797e-07,4.022526596259013e-07,train,pass,
0,0,independent_reference,,,torch.float32,,enumeration,mp-aaacpjas,15491,12,1.5963629884652164e-07,1.4901161193847656e-07,train,pass,
0,0,translation,,1.0,torch.float32,1.1800037669614265e-16,E3,mp-aaacpjas,15491,12,0.0,4.440892098500626e-16,train,pass,
0,0,rotation_1,,1.0,torch.float32,5.551115123125783e-16,E3,mp-aaacpjas,15491,12,0.0,8.881784197001252e-16,train,pass,
0,0,rotation_2,,0.9999999999999989,torch.float32,1.5543122344752192e-15,E3,mp-aaacpjas,15491,12,0.0,8.881784197001252e-16,train,pass,
0,0,reflection,,-1.0,torch.float32,1.1800037669614265e-16,E3,mp-aaacpjas,15491,12,0.0,4.440892098500626e-16,train,pass,
0,0,inversion,,-1.0,torch.float32,1.1800037669614265e-16,E3,mp-aaacpjas,15491,12,0.0,4.440892098500626e-16,train,pass,
0,0,improper_with_translation,,-1.0,torch.float32,5.551115123125783e-16,E3,mp-aaacpjas,15491,12,0.0,8.881784197001252e-16,train,pass,
0,0,permutation,,,torch.float32,0.0,representation,mp-aaacpjas,15491,12,0.0,0.0,train,pass,
0,0,integer_images,,,torch.float32,0.0,representation,mp-aaacpjas,15491,12,0.0,0.0,train,pass,
0,0,basis_swap,,,torch.float32,1.9131150351734133e-08,representation,mp-aaacpjas,15491,12,0.0,1.488095109358767e-07,train,pass,
0,0,basis_shear,,,torch.float32,8.440825404964275e-08,representation,mp-aaacpjas,15491,12,4.76837158203125e-07,1.4901161193847656e-07,train,pass,
0,0,independent_reference,,,torch.float64,,enumeration,mp-aaacpjas,15491,12,8.881784197001252e-16,0.0,train,pass,
0,0,translation,,1.0,torch.float64,1.0534933370109911e-08,E3,mp-aaacpjas,15491,12,2.8971856913528882e-08,4.440892098500626e-16,train,pass,
0,0,rotation_1,,1.0,torch.float64,1.2337473487278316e-08,E3,mp-aaacpjas,15491,12,2.89718578017073e-08,1.3322676295501878e-15,train,pass,
0,0,rotation_2,,0.9999999999999989,torch.float64,1.302322238938558e-08,E3,mp-aaacpjas,15491,12,2.8971856025350462e-08,8.881784197001252e-16,train,pass,
0,0,reflection,,-1.0,torch.float64,1.0534933370109911e-08,E3,mp-aaacpjas,15491,12,2.8971856913528882e-08,4.440892098500626e-16,train,pass,
0,0,inversion,,-1.0,torch.float64,1.0534933370109911e-08,E3,mp-aaacpjas,15491,12,2.8971856913528882e-08,4.440892098500626e-16,train,pass,
0,0,improper_with_translation,,-1.0,torch.float64,1.2337473487278316e-08,E3,mp-aaacpjas,15491,12,2.89718578017073e-08,1.3322676295501878e-15,train,pass,
0,0,permutation,,,torch.float64,0.0,representation,mp-aaacpjas,15491,12,0.0,0.0,train,pass,
0,0,integer_images,,,torch.float64,0.0,representation,mp-aaacpjas,15491,12,0.0,0.0,train,pass,
0,0,basis_swap,,,torch.float64,1.0534933370109911e-08,representation,mp-aaacpjas,15491,12,2.8971856913528882e-08,1.31258992023126e-17,train,pass,
0,0,basis_shear,,,torch.float64,4.440892098500626e-16,representation,mp-aaacpjas,15491,12,8.881784197001252e-16,4.440892098500626e-16,train,pass,
0,0,float32_vs_float64,,,torch.float32,,precision,mp-aaacpjas,15491,12,3.5030369893718216e-07,4.813694958194503e-07,train,pass,
0,0,independent_reference,,,torch.float32,,enumeration,mp-aaacpkhv,15735,232,4.6366083772397815e-07,4.172325134277344e-07,train,pass,
0,0,translation,,1.0,torch.float32,3.616613999903651e-17,E3,mp-aaacpkhv,15735,232,4.76837158203125e-07,4.76837158203125e-07,train,pass,
0,0,rotation_1,,1.0,torch.float32,2.834051362850032e-16,E3,mp-aaacpkhv,15735,232,0.0,8.881784197001252e-16,train,pass,
0,0,rotation_2,,0.9999999999999989,torch.float32,1.4432899320127035e-15,E3,mp-aaacpkhv,15735,232,0.0,8.881784197001252e-16,train,pass,
0,0,reflection,,-1.0,torch.float32,3.616613999903651e-17,E3,mp-aaacpkhv,15735,232,0.0,2.220446049250313e-16,train,pass,
0,0,inversion,,-1.0,torch.float32,3.616613999903651e-17,E3,mp-aaacpkhv,15735,232,0.0,2.220446049250313e-16,train,pass,
0,0,improper_with_translation,,-1.0,torch.float32,2.834051362850032e-16,E3,mp-aaacpkhv,15735,232,2.384185791015625e-07,2.1915438486175276e-07,train,pass,
0,0,permutation,,,torch.float32,0.0,representation,mp-aaacpkhv,15735,232,0.0,0.0,train,pass,
0,0,integer_images,,,torch.float32,0.0,representation,mp-aaacpkhv,15735,232,0.0,0.0,train,pass,
0,0,basis_swap,,,torch.float32,8.685465680002835e-08,representation,mp-aaacpkhv,15735,232,4.76837158203125e-07,3.336713452206652e-07,train,pass,
0,0,basis_shear,,,torch.float32,1.6807621806135862e-07,representation,mp-aaacpkhv,15735,232,9.5367431640625e-07,4.885287498979096e-07,train,pass,
0,0,independent_reference,,,torch.float64,,enumeration,mp-aaacpkhv,15735,232,8.881784197001252e-16,1.7763568394002505e-15,train,pass,
0,0,translation,,1.0,torch.float64,4.082482911531064e-09,E3,mp-aaacpkhv,15735,232,1.3105283080960817e-08,1.7763568394002505e-15,train,pass,
0,0,rotation_1,,1.0,torch.float64,3.8322012667548705e-09,E3,mp-aaacpkhv,15735,232,1.3105282192782397e-08,2.6645352591003757e-15,train,pass,
0,0,rotation_2,,0.9999999999999989,torch.float64,3.9517782379761e-09,E3,mp-aaacpkhv,15735,232,1.3105279528247138e-08,2.6645352591003757e-15,train,pass,
0,0,reflection,,-1.0,torch.float64,4.082482911531064e-09,E3,mp-aaacpkhv,15735,232,1.3105283080960817e-08,1.7763568394002505e-15,train,pass,
0,0,inversion,,-1.0,torch.float64,4.082482911531064e-09,E3,mp-aaacpkhv,15735,232,1.3105283080960817e-08,1.7763568394002505e-15,train,pass,
0,0,improper_with_translation,,-1.0,torch.float64,3.8322012667548705e-09,E3,mp-aaacpkhv,15735,232,1.3105282192782397e-08,4.440892098500626e-15,train,pass,
0,0,permutation,,,torch.float64,0.0,representation,mp-aaacpkhv,15735,232,0.0,0.0,train,pass,
0,0,integer_images,,,torch.float64,0.0,representation,mp-aaacpkhv,15735,232,0.0,0.0,train,pass,
0,0,basis_swap,,,torch.float64,3.535533678255556e-09,representation,mp-aaacpkhv,15735,232,1.3105283080960817e-08,8.881784197001252e-16,train,pass,
0,0,basis_shear,,,torch.float64,4.440892098500626e-16,representation,mp-aaacpkhv,15735,232,1.7763568394002505e-15,1.3322676295501878e-15,train,pass,
0,0,float32_vs_float64,,,torch.float32,,precision,mp-aaacpkhv,15735,232,5.805472147457635e-07,5.805472191866556e-07,train,pass,
0,0,independent_reference,,,torch.float32,,enumeration,mp-aaacpmsc,16032,104,3.326178412699221e-07,1.1920928955078125e-07,train,pass,
0,0,translation,,1.0,torch.float32,2.0249646892622764e-07,E3,mp-aaacpmsc,16032,104,4.76837158203125e-07,1.7881393892183704e-07,train,pass,
0,0,rotation_1,,1.0,torch.float32,2.0852932758330667e-07,E3,mp-aaacpmsc,16032,104,4.76837158203125e-07,1.3250442609802349e-07,train,pass,
0,0,rotation_2,,0.9999999999999989,torch.float32,1.9063332934443622e-07,E3,mp-aaacpmsc,16032,104,4.76837158203125e-07,1.1541329314468385e-07,train,pass,
0,0,reflection,,-1.0,torch.float32,2.0249646892622764e-07,E3,mp-aaacpmsc,16032,104,4.76837158203125e-07,1.1920929843256545e-07,train,pass,
0,0,inversion,,-1.0,torch.float32,2.0249646892622764e-07,E3,mp-aaacpmsc,16032,104,4.76837158203125e-07,1.1920929843256545e-07,train,pass,
0,0,improper_with_translation,,-1.0,torch.float32,2.0852932758330667e-07,E3,mp-aaacpmsc,16032,104,4.76837158203125e-07,2.264110878780201e-07,train,pass,
0,0,permutation,,,torch.float32,0.0,representation,mp-aaacpmsc,16032,104,0.0,0.0,train,pass,
0,0,integer_images,,,torch.float32,0.0,representation,mp-aaacpmsc,16032,104,0.0,0.0,train,pass,
0,0,basis_swap,,,torch.float32,1.1784849029972122e-07,representation,mp-aaacpmsc,16032,104,4.76837158203125e-07,3.682496245716038e-07,train,pass,
0,0,basis_shear,,,torch.float32,2.1477984990525556e-07,representation,mp-aaacpmsc,16032,104,9.5367431640625e-07,2.224475643686219e-07,train,pass,
0,0,independent_reference,,,torch.float64,,enumeration,mp-aaacpmsc,16032,104,8.881784197001252e-16,4.440892098500626e-16,train,pass,
0,0,translation,,1.0,torch.float64,4.082482873592513e-09,E3,mp-aaacpmsc,16032,104,1.569861929340277e-08,1.7763568394002505e-15,train,pass,
0,0,rotation_1,,1.0,torch.float64,3.832201360758632e-09,E3,mp-aaacpmsc,16032,104,1.569861929340277e-08,1.942890293094024e-15,train,pass,
0,0,rotation_2,,0.9999999999999989,torch.float64,3.951778348998403e-09,E3,mp-aaacpmsc,16032,104,1.5698616628867512e-08,1.7763568394002505e-15,train,pass,
0,0,reflection,,-1.0,torch.float64,4.082482873592513e-09,E3,mp-aaacpmsc,16032,104,1.569861929340277e-08,1.7763568394002505e-15,train,pass,
0,0,inversion,,-1.0,torch.float64,4.082482873592513e-09,E3,mp-aaacpmsc,16032,104,1.569861929340277e-08,1.7763568394002505e-15,train,pass,
0,0,improper_with_translation,,-1.0,torch.float64,3.832201360758632e-09,E3,mp-aaacpmsc,16032,104,1.569861929340277e-08,1.3322676295501878e-15,train,pass,
0,0,permutation,,,torch.float64,0.0,representation,mp-aaacpmsc,16032,104,0.0,0.0,train,pass,
0,0,integer_images,,,torch.float64,0.0,representation,mp-aaacpmsc,16032,104,0.0,0.0,train,pass,
0,0,basis_swap,,,torch.float64,3.53553389609351e-09,representation,mp-aaacpmsc,16032,104,1.569862018158119e-08,8.881784197001252e-16,train,pass,
0,0,basis_shear,,,torch.float64,4.440892098500626e-16,representation,mp-aaacpmsc,16032,104,1.7763568394002505e-15,4.440892098500626e-16,train,pass,
0,0,float32_vs_float64,,,torch.float32,,precision,mp-aaacpmsc,16032,104,4.76837158203125e-07,2.528241105359541e-07,train,pass,
0,0,independent_reference,,,torch.float32,,enumeration,mp-aaacpogb,16329,232,4.3957914286352207e-07,3.2782554626464844e-07,train,pass,
0,0,translation,,1.0,torch.float32,1.1359638583910686e-17,E3,mp-aaacpogb,16329,232,4.76837158203125e-07,4.76837158203125e-07,train,pass,
0,0,rotation_1,,1.0,torch.float32,6.661338147750939e-16,E3,mp-aaacpogb,16329,232,0.0,1.7763568394002505e-15,train,pass,
0,0,rotation_2,,0.9999999999999989,torch.float32,1.4432899320127035e-15,E3,mp-aaacpogb,16329,232,0.0,1.7763568394002505e-15,train,pass,
0,0,reflection,,-1.0,torch.float32,1.1359638583910686e-17,E3,mp-aaacpogb,16329,232,0.0,6.885774350202543e-17,train,pass,
0,0,inversion,,-1.0,torch.float32,1.1359638583910686e-17,E3,mp-aaacpogb,16329,232,0.0,6.885774350202543e-17,train,pass,
0,0,improper_with_translation,,-1.0,torch.float32,6.661338147750939e-16,E3,mp-aaacpogb,16329,232,2.384185791015625e-07,4.2622350293619604e-07,train,pass,
0,0,permutation,,,torch.float32,0.0,representation,mp-aaacpogb,16329,232,0.0,0.0,train,pass,
0,0,integer_images,,,torch.float32,0.0,representation,mp-aaacpogb,16329,232,0.0,0.0,train,pass,
0,0,basis_swap,,,torch.float32,8.815304908260657e-08,representation,mp-aaacpogb,16329,232,4.76837158203125e-07,3.049388839215794e-07,train,pass,
0,0,basis_shear,,,torch.float32,1.8868261123367412e-07,representation,mp-aaacpogb,16329,232,9.5367431640625e-07,5.616195926094747e-07,train,pass,
0,0,independent_reference,,,torch.float64,,enumeration,mp-aaacpogb,16329,232,8.881784197001252e-16,8.881784197001252e-16,train,pass,
0,0,translation,,1.0,torch.float64,4.082482661524699e-09,E3,mp-aaacpogb,16329,232,1.2988504494160225e-08,8.881784197001252e-16,train,pass,
0,0,rotation_1,,1.0,torch.float64,3.832201470407019e-09,E3,mp-aaacpogb,16329,232,1.2988504494160225e-08,3.1086244689504383e-15,train,pass,
0,0,rotation_2,,0.9999999999999989,torch.float64,3.951778460020705e-09,E3,mp-aaacpogb,16329,232,1.2988502717803385e-08,2.220446049250313e-15,train,pass,
0,0,reflection,,-1.0,torch.float64,4.082482661524699e-09,E3,mp-aaacpogb,16329,232,1.2988504494160225e-08,1.3322676295501878e-15,train,pass,
0,0,inversion,,-1.0,torch.float64,4.082482661524699e-09,E3,mp-aaacpogb,16329,232,1.2988504494160225e-08,1.3322676295501878e-15,train,pass,
0,0,improper_with_translation,,-1.0,torch.float64,3.832201470407019e-09,E3,mp-aaacpogb,16329,232,1.2988504494160225e-08,3.1086244689504383e-15,train,pass,
0,0,permutation,,,torch.float64,0.0,representation,mp-aaacpogb,16329,232,0.0,0.0,train,pass,
0,0,integer_images,,,torch.float64,0.0,representation,mp-aaacpogb,16329,232,0.0,0.0,train,pass,
0,0,basis_swap,,,torch.float64,3.5355339213509495e-09,representation,mp-aaacpogb,16329,232,1.2988505382338644e-08,8.881784197001252e-16,train,pass,
0,0,basis_shear,,,torch.float64,4.2332574722024743e-16,representation,mp-aaacpogb,16329,232,1.7763568394002505e-15,8.881784197001252e-16,train,pass,
0,0,float32_vs_float64,,,torch.float32,,precision,mp-aaacpogb,16329,232,5.402859404313176e-07,6.107932715160302e-07,train,pass,
0,0,independent_reference,,,torch.float32,,enumeration,mp-aaacpsqk,16626,1920,7.331150948530762e-07,4.513299822761496e-07,train,pass,
0,0,translation,,1.0,torch.float32,1.4666280980211114e-24,E3,mp-aaacpsqk,16626,1920,4.76837158203125e-07,4.76837158203125e-07,train,pass,
0,0,rotation_1,,1.0,torch.float32,5.551115123125783e-16,E3,mp-aaacpsqk,16626,1920,0.0,8.881784197001252e-16,train,pass,
0,0,rotation_2,,0.9999999999999989,torch.float32,1.6653345369377348e-15,E3,mp-aaacpsqk,16626,1920,0.0,8.881784197001252e-16,train,pass,
0,0,reflection,,-1.0,torch.float32,1.4666280980211114e-24,E3,mp-aaacpsqk,16626,1920,0.0,1.3234889800848443e-23,train,pass,
0,0,inversion,,-1.0,torch.float32,1.4666280980211114e-24,E3,mp-aaacpsqk,16626,1920,0.0,1.3234889800848443e-23,train,pass,
0,0,improper_with_translation,,-1.0,torch.float32,5.551115123125783e-16,E3,mp-aaacpsqk,16626,1920,4.76837158203125e-07,4.884625983692104e-07,train,pass,
0,0,permutation,,,torch.float32,0.0,representation,mp-aaacpsqk,16626,1920,0.0,0.0,train,pass,
0,0,integer_images,,,torch.float32,0.0,representation,mp-aaacpsqk,16626,1920,2.384185791015625e-06,3.6954879760742188e-06,train,pass,
0,0,basis_swap,,,torch.float32,2.0703175489577796e-15,representation,mp-aaacpsqk,16626,1920,4.76837158203125e-07,1.672480323122727e-07,train,pass,
0,0,basis_shear,,,torch.float32,1.4824468075325115e-07,representation,mp-aaacpsqk,16626,1920,9.5367431640625e-07,6.517473174483257e-07,train,pass,
0,0,independent_reference,,,torch.float64,,enumeration,mp-aaacpsqk,16626,1920,1.7763568394002505e-15,8.881784197001252e-16,train,pass,
0,0,translation,,1.0,torch.float64,5.305919301664378e-33,E3,mp-aaacpsqk,16626,1920,2.220446049250313e-15,1.3322676295501878e-15,train,pass,
0,0,rotation_1,,1.0,torch.float64,3.343784004454624e-16,E3,mp-aaacpsqk,16626,1920,4.440892098500626e-15,2.6645352591003757e-15,train,pass,
0,0,rotation_2,,0.9999999999999989,torch.float64,4.440892098500626e-16,E3,mp-aaacpsqk,16626,1920,7.993605777301127e-15,3.552713678800501e-15,train,pass,
0,0,reflection,,-1.0,torch.float64,5.305919301664378e-33,E3,mp-aaacpsqk,16626,1920,1.7763568394002505e-15,1.7763568394002505e-15,train,pass,
0,0,inversion,,-1.0,torch.float64,5.305919301664378e-33,E3,mp-aaacpsqk,16626,1920,1.7763568394002505e-15,1.7763568394002505e-15,train,pass,
0,0,improper_with_translation,,-1.0,torch.float64,3.343784004454624e-16,E3,mp-aaacpsqk,16626,1920,5.329070518200751e-15,3.552713678800501e-15,train,pass,
0,0,permutation,,,torch.float64,0.0,representation,mp-aaacpsqk,16626,1920,0.0,0.0,train,pass,
0,0,integer_images,,,torch.float64,0.0,representation,mp-aaacpsqk,16626,1920,0.0,0.0,train,pass,
0,0,basis_swap,,,torch.float64,6.12323394658532e-25,representation,mp-aaacpsqk,16626,1920,8.881784197001252e-16,9.860761315262648e-32,train,pass,
0,0,basis_shear,,,torch.float64,1.1102230246251565e-16,representation,mp-aaacpsqk,16626,1920,1.7763568394002505e-15,8.881784197001252e-16,train,pass,
0,0,float32_vs_float64,,,torch.float32,,precision,mp-aaacpsqk,16626,1920,7.839495346217973e-07,6.440836415322337e-07,train,pass,
0,0,independent_reference,,,torch.float32,,enumeration,mp-aaacqpbw,16923,888,8.285854464773479e-07,8.656701488973795e-07,train,pass,
0,0,translation,,1.0,torch.float32,1.6029299187980683e-07,E3,mp-aaacqpbw,16923,888,1.430511474609375e-06,1.281211380543823e-06,train,pass,
0,0,rotation_1,,1.0,torch.float32,1.4221700350702804e-07,E3,mp-aaacqpbw,16923,888,9.5367431640625e-07,7.994785633513857e-07,train,pass,
0,0,rotation_2,,0.9999999999999989,torch.float32,1.0515171804292126e-07,E3,mp-aaacqpbw,16923,888,9.5367431640625e-07,7.984885943557174e-07,train,pass,
0,0,reflection,,-1.0,torch.float32,1.6029299187980683e-07,E3,mp-aaacqpbw,16923,888,9.5367431640625e-07,9.092643153962854e-07,train,pass,
0,0,inversion,,-1.0,torch.float32,1.6029299187980683e-07,E3,mp-aaacqpbw,16923,888,9.5367431640625e-07,9.092643153962854e-07,train,pass,
0,0,improper_with_translation,,-1.0,torch.float32,1.4221700350702804e-07,E3,mp-aaacqpbw,16923,888,1.430511474609375e-06,9.056033873910962e-07,train,pass,
0,0,permutation,,,torch.float32,0.0,representation,mp-aaacqpbw,16923,888,0.0,0.0,train,pass,
0,0,integer_images,,,torch.float32,0.0,representation,mp-aaacqpbw,16923,888,1.9073486328125e-06,2.384185791015625e-06,train,pass,
0,0,basis_swap,,,torch.float32,1.8627730344486354e-07,representation,mp-aaacqpbw,16923,888,9.5367431640625e-07,7.979966003546224e-07,train,pass,
0,0,basis_shear,,,torch.float32,1.8934192562485758e-07,representation,mp-aaacqpbw,16923,888,1.430511474609375e-06,1.2446822355016707e-06,train,pass,
0,0,independent_reference,,,torch.float64,,enumeration,mp-aaacqpbw,16923,888,1.7763568394002505e-15,1.3322676295501878e-15,train,pass,
0,0,translation,,1.0,torch.float64,1.5308034062577747e-08,E3,mp-aaacqpbw,16923,888,5.55425652137842e-08,1.7763568394002505e-15,train,pass,
0,0,rotation_1,,1.0,torch.float64,1.7532344243065268e-08,E3,mp-aaacqpbw,16923,888,5.554256254924894e-08,2.886579864025407e-15,train,pass,
0,0,rotation_2,,0.9999999999999989,torch.float64,1.791691284225294e-08,E3,mp-aaacqpbw,16923,888,5.554256610196262e-08,3.9968028886505635e-15,train,pass,
0,0,reflection,,-1.0,torch.float64,1.5308034062577747e-08,E3,mp-aaacqpbw,16923,888,5.55425652137842e-08,2.220446049250313e-15,train,pass,
0,0,inversion,,-1.0,torch.float64,1.5308034062577747e-08,E3,mp-aaacqpbw,16923,888,5.55425652137842e-08,2.220446049250313e-15,train,pass,
0,0,improper_with_translation,,-1.0,torch.float64,1.7532344243065268e-08,E3,mp-aaacqpbw,16923,888,5.554256254924894e-08,2.886579864025407e-15,train,pass,
0,0,permutation,,,torch.float64,0.0,representation,mp-aaacqpbw,16923,888,0.0,0.0,train,pass,
0,0,integer_images,,,torch.float64,0.0,representation,mp-aaacqpbw,16923,888,0.0,0.0,train,pass,
0,0,basis_swap,,,torch.float64,1.530803472871156e-08,representation,mp-aaacqpbw,16923,888,5.476890319044969e-08,1.9984014443252818e-15,train,pass,
0,0,basis_shear,,,torch.float64,6.661338147750939e-16,representation,mp-aaacqpbw,16923,888,3.552713678800501e-15,3.552713678800501e-15,train,pass,
0,0,float32_vs_float64,,,torch.float32,,precision,mp-aaacqpbw,16923,888,1.3448855566977613e-06,1.5770102361756244e-06,train,pass,
0,0,independent_reference,,,torch.float32,,enumeration,mp-aaacqyww,17220,1064,7.708677651763196e-07,6.293416277003416e-07,train,pass,
0,0,translation,,1.0,torch.float32,4.372966930013137e-24,E3,mp-aaacqyww,17220,1064,1.430511474609375e-06,9.5367431640625e-07,train,pass,
0,0,rotation_1,,1.0,torch.float32,3.3306690738754696e-16,E3,mp-aaacqyww,17220,1064,0.0,8.881784197001252e-16,train,pass,
0,0,rotation_2,,0.9999999999999989,torch.float32,1.4432899320127035e-15,E3,mp-aaacqyww,17220,1064,4.76837158203125e-07,3.7975387101596425e-07,train,pass,
0,0,reflection,,-1.0,torch.float32,4.372966930013137e-24,E3,mp-aaacqyww,17220,1064,4.76837158203125e-07,4.76837158203125e-07,train,pass,
0,0,inversion,,-1.0,torch.float32,4.372966930013137e-24,E3,mp-aaacqyww,17220,1064,4.76837158203125e-07,4.76837158203125e-07,train,pass,
0,0,improper_with_translation,,-1.0,torch.float32,3.3306690738754696e-16,E3,mp-aaacqyww,17220,1064,1.430511474609375e-06,9.431837968421064e-07,train,pass,
0,0,permutation,,,torch.float32,0.0,representation,mp-aaacqyww,17220,1064,0.0,0.0,train,pass,
0,0,integer_images,,,torch.float32,0.0,representation,mp-aaacqyww,17220,1064,3.337860107421875e-06,3.2186508178710938e-06,train,pass,
0,0,basis_swap,,,torch.float32,2.2248090852590388e-15,representation,mp-aaacqyww,17220,1064,4.76837158203125e-07,1.343110511697887e-07,train,pass,
0,0,basis_shear,,,torch.float32,2.9342441554280896e-07,representation,mp-aaacqyww,17220,1064,1.430511474609375e-06,1.6440780705728741e-06,train,pass,
0,0,independent_reference,,,torch.float64,,enumeration,mp-aaacqyww,17220,1064,1.7763568394002505e-15,1.3322676295501878e-15,train,pass,
0,0,translation,,1.0,torch.float64,6.713449614968233e-33,E3,mp-aaacqyww,17220,1064,2.6645352591003757e-15,2.6645352591003757e-15,train,pass,
0,0,rotation_1,,1.0,torch.float64,2.220446049250313e-16,E3,mp-aaacqyww,17220,1064,3.552713678800501e-15,3.552713678800501e-15,train,pass,
0,0,rotation_2,,0.9999999999999989,torch.float64,4.440892098500626e-16,E3,mp-aaacqyww,17220,1064,7.105427357601002e-15,3.7192471324942744e-15,train,pass,
0,0,reflection,,-1.0,torch.float64,6.713449614968233e-33,E3,mp-aaacqyww,17220,1064,2.6645352591003757e-15,2.6645352591003757e-15,train,pass,
0,0,inversion,,-1.0,torch.float64,6.713449614968233e-33,E3,mp-aaacqyww,17220,1064,2.6645352591003757e-15,2.6645352591003757e-15,train,pass,
0,0,improper_with_translation,,-1.0,torch.float64,2.220446049250313e-16,E3,mp-aaacqyww,17220,1064,4.440892098500626e-15,3.552713678800501e-15,train,pass,
0,0,permutation,,,torch.float64,0.0,representation,mp-aaacqyww,17220,1064,0.0,0.0,train,pass,
0,0,integer_images,,,torch.float64,0.0,representation,mp-aaacqyww,17220,1064,0.0,0.0,train,pass,
0,0,basis_swap,,,torch.float64,6.123233887808282e-25,representation,mp-aaacqyww,17220,1064,8.881784197001252e-16,9.860761315262648e-32,train,pass,
0,0,basis_shear,,,torch.float64,4.440892098500626e-16,representation,mp-aaacqyww,17220,1064,1.7763568394002505e-15,1.7763568394002505e-15,train,pass,
0,0,float32_vs_float64,,,torch.float32,,precision,mp-aaacqyww,17220,1064,9.931010476194047e-07,7.144554876603593e-07,train,pass,
0,0,independent_reference,,,torch.float32,,enumeration,mp-aaacrgts,17517,86,4.924389793714568e-07,2.866027948300598e-07,train,pass,
0,0,translation,,1.0,torch.float32,7.377629977971715e-17,E3,mp-aaacrgts,17517,86,9.5367431640625e-07,4.76837158203125e-07,train,pass,
0,0,rotation_1,,1.0,torch.float32,2.561075321208187e-16,E3,mp-aaacrgts,17517,86,0.0,8.881784197001252e-16,train,pass,
0,0,rotation_2,,0.9999999999999989,torch.float32,1.3322676295501878e-15,E3,mp-aaacrgts,17517,86,0.0,8.881784197001252e-16,train,pass,
0,0,reflection,,-1.0,torch.float32,7.377629977971715e-17,E3,mp-aaacrgts,17517,86,0.0,4.440892098500626e-16,train,pass,
0,0,inversion,,-1.0,torch.float32,7.377629977971715e-17,E3,mp-aaacrgts,17517,86,0.0,4.440892098500626e-16,train,pass,
0,0,improper_with_translation,,-1.0,torch.float32,2.561075321208187e-16,E3,mp-aaacrgts,17517,86,4.76837158203125e-07,4.2622350315824065e-07,train,pass,
0,0,permutation,,,torch.float32,0.0,representation,mp-aaacrgts,17517,86,0.0,0.0,train,pass,
0,0,integer_images,,,torch.float32,0.0,representation,mp-aaacrgts,17517,86,1.430511474609375e-06,1.6689300537109375e-06,train,pass,
0,0,basis_swap,,,torch.float32,1.428421088078835e-07,representation,mp-aaacrgts,17517,86,4.76837158203125e-07,5.360384092156778e-07,train,pass,
0,0,basis_shear,,,torch.float32,1.428421088078835e-07,representation,mp-aaacrgts,17517,86,9.5367431640625e-07,4.470160899217035e-07,train,pass,
0,0,independent_reference,,,torch.float64,,enumeration,mp-aaacrgts,17517,86,8.881784197001252e-16,1.7763568394002505e-15,train,pass,
0,0,translation,,1.0,torch.float64,2.428717807214885e-09,E3,mp-aaacrgts,17517,86,4.817705345772083e-09,1.7763568394002505e-15,train,pass,
0,0,rotation_1,,1.0,torch.float64,2.1610160054975338e-09,E3,mp-aaacrgts,17517,86,4.8177071221289225e-09,2.310651670001107e-15,train,pass,
0,0,rotation_2,,0.9999999999999989,torch.float64,2.0746563356155434e-09,E3,mp-aaacrgts,17517,86,4.817706233950503e-09,2.220446049250313e-15,train,pass,
0,0,reflection,,-1.0,torch.float64,2.428717807214885e-09,E3,mp-aaacrgts,17517,86,4.817705345772083e-09,1.3322676295501878e-15,train,pass,
0,0,inversion,,-1.0,torch.float64,2.428717807214885e-09,E3,mp-aaacrgts,17517,86,4.817705345772083e-09,1.3322676295501878e-15,train,pass,
0,0,improper_with_translation,,-1.0,torch.float64,2.1610160054975338e-09,E3,mp-aaacrgts,17517,86,4.817706233950503e-09,3.552713678800501e-15,train,pass,
0,0,permutation,,,torch.float64,0.0,representation,mp-aaacrgts,17517,86,0.0,0.0,train,pass,
0,0,integer_images,,,torch.float64,0.0,representation,mp-aaacrgts,17517,86,0.0,0.0,train,pass,
0,0,basis_swap,,,torch.float64,2.088609294057603e-09,representation,mp-aaacrgts,17517,86,4.8177071221289225e-09,8.881784197001252e-16,train,pass,
0,0,basis_shear,,,torch.float64,4.684295778612458e-09,representation,mp-aaacrgts,17517,86,1.712604458248279e-08,8.881784197001252e-16,train,pass,
0,0,float32_vs_float64,,,torch.float32,,precision,mp-aaacrgts,17517,86,7.546621318965663e-07,8.910191011679558e-07,train,pass,
0,0,independent_reference,,,torch.float32,,enumeration,mp-aaacrmva,17814,228,5.948709063119395e-07,3.7237439443060794e-07,train,pass,
0,0,translation,,1.0,torch.float32,8.49835159391456e-18,E3,mp-aaacrmva,17814,228,9.5367431640625e-07,7.152557373046875e-07,train,pass,
0,0,rotation_1,,1.0,torch.float32,3.3306690738754696e-16,E3,mp-aaacrmva,17814,228,0.0,8.881784197001252e-16,train,pass,
0,0,rotation_2,,0.9999999999999989,torch.float32,1.4432899320127035e-15,E3,mp-aaacrmva,17814,228,0.0,1.0283896401119819e-07,train,pass,
0,0,reflection,,-1.0,torch.float32,8.49835159391456e-18,E3,mp-aaacrmva,17814,228,0.0,4.898126836175602e-17,train,pass,
0,0,inversion,,-1.0,torch.float32,8.49835159391456e-18,E3,mp-aaacrmva,17814,228,0.0,4.898126836175602e-17,train,pass,
0,0,improper_with_translation,,-1.0,torch.float32,3.3306690738754696e-16,E3,mp-aaacrmva,17814,228,0.0,8.881784197001252e-16,train,pass,
0,0,permutation,,,torch.float32,0.0,representation,mp-aaacrmva,17814,228,0.0,0.0,train,pass,
0,0,integer_images,,,torch.float32,0.0,representation,mp-aaacrmva,17814,228,1.9073486328125e-06,1.9073486328125e-06,train,pass,
0,0,basis_swap,,,torch.float32,3.2858804566160416e-10,representation,mp-aaacrmva,17814,228,9.5367431640625e-07,4.2398267474652584e-07,train,pass,
0,0,basis_shear,,,torch.float32,1.0714375808795751e-07,representation,mp-aaacrmva,17814,228,9.5367431640625e-07,4.7306064576702056e-07,train,pass,
0,0,independent_reference,,,torch.float64,,enumeration,mp-aaacrmva,17814,228,8.881784197001252e-16,8.881784197001252e-16,train,pass,
0,0,translation,,1.0,torch.float64,3.885491575245904e-17,E3,mp-aaacrmva,17814,228,8.881784197001252e-16,8.881784197001252e-16,train,pass,
0,0,rotation_1,,1.0,torch.float64,4.440892098500626e-16,E3,mp-aaacrmva,17814,228,3.552713678800501e-15,3.552713678800501e-15,train,pass,
0,0,rotation_2,,0.9999999999999989,torch.float64,5.551115123125783e-16,E3,mp-aaacrmva,17814,228,5.329070518200751e-15,2.220446049250313e-15,train,pass,
0,0,reflection,,-1.0,torch.float64,3.885491575245904e-17,E3,mp-aaacrmva,17814,228,0.0,4.440892098500626e-16,train,pass,
0,0,inversion,,-1.0,torch.float64,3.885491575245904e-17,E3,mp-aaacrmva,17814,228,0.0,4.440892098500626e-16,train,pass,
0,0,improper_with_translation,,-1.0,torch.float64,4.440892098500626e-16,E3,mp-aaacrmva,17814,228,2.6645352591003757e-15,8.881784197001252e-16,train,pass,
0,0,permutation,,,torch.float64,0.0,representation,mp-aaacrmva,17814,228,0.0,0.0,train,pass,
0,0,integer_images,,,torch.float64,0.0,representation,mp-aaacrmva,17814,228,0.0,0.0,train,pass,
0,0,basis_swap,,,torch.float64,1.1102230246251565e-16,representation,mp-aaacrmva,17814,228,8.881784197001252e-16,8.881784197001252e-16,train,pass,
0,0,basis_shear,,,torch.float64,2.220446049250313e-16,representation,mp-aaacrmva,17814,228,1.7763568394002505e-15,1.7763568394002505e-15,train,pass,
0,0,float32_vs_float64,,,torch.float32,,precision,mp-aaacrmva,17814,228,9.075958757875924e-07,6.817466076114442e-07,train,pass,
0,0,independent_reference,,,torch.float32,,enumeration,mp-aaacrsoy,18111,264,4.7061827324057504e-07,6.053505501313339e-07,train,pass,
0,0,translation,,1.0,torch.float32,2.0232576491974186e-07,E3,mp-aaacrsoy,18111,264,9.5367431640625e-07,8.330163971947968e-07,train,pass,
0,0,rotation_1,,1.0,torch.float32,1.41989861595035e-07,E3,mp-aaacrsoy,18111,264,4.76837158203125e-07,5.391161763679264e-07,train,pass,
0,0,rotation_2,,0.9999999999999989,torch.float32,1.4540899005250362e-07,E3,mp-aaacrsoy,18111,264,4.76837158203125e-07,5.392128508141525e-07,train,pass,
0,0,reflection,,-1.0,torch.float32,2.0232576491974186e-07,E3,mp-aaacrsoy,18111,264,4.76837158203125e-07,5.371661351283308e-07,train,pass,
0,0,inversion,,-1.0,torch.float32,2.0232576491974186e-07,E3,mp-aaacrsoy,18111,264,4.76837158203125e-07,5.371661351283308e-07,train,pass,
0,0,improper_with_translation,,-1.0,torch.float32,1.41989861595035e-07,E3,mp-aaacrsoy,18111,264,9.5367431640625e-07,7.878954155771112e-07,train,pass,
0,0,permutation,,,torch.float32,0.0,representation,mp-aaacrsoy,18111,264,0.0,0.0,train,pass,
0,0,integer_images,,,torch.float32,0.0,representation,mp-aaacrsoy,18111,264,1.1920928955078125e-06,1.430511474609375e-06,train,pass,
0,0,basis_swap,,,torch.float32,1.6085027460480252e-07,representation,mp-aaacrsoy,18111,264,4.76837158203125e-07,4.291225277341937e-07,train,pass,
0,0,basis_shear,,,torch.float32,2.795811813172122e-07,representation,mp-aaacrsoy,18111,264,1.430511474609375e-06,6.033513884062813e-07,train,pass,
0,0,independent_reference,,,torch.float64,,enumeration,mp-aaacrsoy,18111,264,1.7763568394002505e-15,1.3322676295501878e-15,train,pass,
0,0,translation,,1.0,torch.float64,3.920859275786417e-09,E3,mp-aaacrsoy,18111,264,1.5042571632761792e-08,1.7763568394002505e-15,train,pass,
0,0,rotation_1,,1.0,torch.float64,3.6722128844318076e-09,E3,mp-aaacrsoy,18111,264,1.5042571632761792e-08,1.7763568394002505e-15,train,pass,
0,0,rotation_2,,0.9999999999999989,torch.float64,3.7760872206860085e-09,E3,mp-aaacrsoy,18111,264,1.5042566303691274e-08,2.220446049250313e-15,train,pass,
0,0,reflection,,-1.0,torch.float64,3.920859275786417e-09,E3,mp-aaacrsoy,18111,264,1.5042571632761792e-08,1.3322676295501878e-15,train,pass,
0,0,inversion,,-1.0,torch.float64,3.920859275786417e-09,E3,mp-aaacrsoy,18111,264,1.5042571632761792e-08,1.3322676295501878e-15,train,pass,
0,0,improper_with_translation,,-1.0,torch.float64,3.6722128844318076e-09,E3,mp-aaacrsoy,18111,264,1.5042571632761792e-08,2.220446049250313e-15,train,pass,
0,0,permutation,,,torch.float64,0.0,representation,mp-aaacrsoy,18111,264,0.0,0.0,train,pass,
0,0,integer_images,,,torch.float64,0.0,representation,mp-aaacrsoy,18111,264,2.220446049250313e-15,2.220446049250313e-15,train,pass,
0,0,basis_swap,,,torch.float64,3.4364888536785483e-09,representation,mp-aaacrsoy,18111,264,1.5042570744583372e-08,8.881784197001252e-16,train,pass,
0,0,basis_shear,,,torch.float64,4.440892098500626e-16,representation,mp-aaacrsoy,18111,264,1.7763568394002505e-15,1.3322676295501878e-15,train,pass,
0,0,float32_vs_float64,,,torch.float32,,precision,mp-aaacrsoy,18111,264,4.900082890557655e-07,8.962140329860091e-07,train,pass,
0,0,independent_reference,,,torch.float32,,enumeration,mp-aaacrwie,18408,310,3.3737817961565497e-07,1.8223295228381176e-07,train,pass,
0,0,translation,,1.0,torch.float32,1.9640675925506205e-24,E3,mp-aaacrwie,18408,310,0.0,4.342698215903395e-24,train,pass,
0,0,rotation_1,,1.0,torch.float32,3.3306690738754696e-16,E3,mp-aaacrwie,18408,310,0.0,2.220446049250313e-16,train,pass,
0,0,rotation_2,,0.9999999999999989,torch.float32,1.4432899320127035e-15,E3,mp-aaacrwie,18408,310,0.0,8.881784197001252e-16,train,pass,
0,0,reflection,,-1.0,torch.float32,1.9640675925506205e-24,E3,mp-aaacrwie,18408,310,0.0,4.342698215903395e-24,train,pass,
0,0,inversion,,-1.0,torch.float32,1.9640675925506205e-24,E3,mp-aaacrwie,18408,310,0.0,4.342698215903395e-24,train,pass,
0,0,improper_with_translation,,-1.0,torch.float32,3.3306690738754696e-16,E3,mp-aaacrwie,18408,310,4.76837158203125e-07,3.1821031987178117e-07,train,pass,
0,0,permutation,,,torch.float32,0.0,representation,mp-aaacrwie,18408,310,0.0,0.0,train,pass,
0,0,integer_images,,,torch.float32,0.0,representation,mp-aaacrwie,18408,310,0.0,0.0,train,pass,
0,0,basis_swap,,,torch.float32,1.9984014443252818e-15,representation,mp-aaacrwie,18408,310,4.76837158203125e-07,1.8223296027741753e-07,train,pass,
0,0,basis_shear,,,torch.float32,1.0890884483139018e-07,representation,mp-aaacrwie,18408,310,9.5367431640625e-07,4.2146851075841596e-07,train,pass,
0,0,independent_reference,,,torch.float64,,enumeration,mp-aaacrwie,18408,310,8.881784197001252e-16,4.440892098500626e-16,train,pass,
0,0,translation,,1.0,torch.float64,9.596641894108178e-33,E3,mp-aaacrwie,18408,310,8.881784197001252e-16,8.881784197001252e-16,train,pass,
0,0,rotation_1,,1.0,torch.float64,3.592061557820297e-16,E3,mp-aaacrwie,18408,310,2.6645352591003757e-15,1.3322676295501878e-15,train,pass,
0,0,rotation_2,,0.9999999999999989,torch.float64,2.220446049250313e-16,E3,mp-aaacrwie,18408,310,5.329070518200751e-15,1.3322676295501878e-15,train,pass,
0,0,reflection,,-1.0,torch.float64,9.596641894108178e-33,E3,mp-aaacrwie,18408,310,8.881784197001252e-16,8.881784197001252e-16,train,pass,
0,0,inversion,,-1.0,torch.float64,9.596641894108178e-33,E3,mp-aaacrwie,18408,310,8.881784197001252e-16,8.881784197001252e-16,train,pass,
0,0,improper_with_translation,,-1.0,torch.float64,3.592061557820297e-16,E3,mp-aaacrwie,18408,310,2.6645352591003757e-15,1.7763568394002505e-15,train,pass,
0,0,permutation,,,torch.float64,0.0,representation,mp-aaacrwie,18408,310,0.0,0.0,train,pass,
0,0,integer_images,,,torch.float64,0.0,representation,mp-aaacrwie,18408,310,0.0,0.0,train,pass,
0,0,basis_swap,,,torch.float64,6.123233946135199e-25,representation,mp-aaacrwie,18408,310,0.0,9.860761315262648e-32,train,pass,
0,0,basis_shear,,,torch.float64,2.220446049250313e-16,representation,mp-aaacrwie,18408,310,8.881784197001252e-16,8.881784197001252e-16,train,pass,
0,0,float32_vs_float64,,,torch.float32,,precision,mp-aaacrwie,18408,310,3.6779487277982525e-07,3.636880028899794e-07,train,pass,
0,0,independent_reference,,,torch.float32,,enumeration,mp-aaaezrfg,18705,168,4.149817183218829e-07,3.5227517569680344e-07,train,pass,
0,0,translation,,1.0,torch.float32,5.81571957454063e-24,E3,mp-aaaezrfg,18705,168,4.76837158203125e-07,4.76837158203125e-07,train,pass,
0,0,rotation_1,,1.0,torch.float32,5.551115123125783e-16,E3,mp-aaaezrfg,18705,168,0.0,8.881784197001252e-16,train,pass,
0,0,rotation_2,,0.9999999999999989,torch.float32,1.4432899320127035e-15,E3,mp-aaaezrfg,18705,168,0.0,8.881784197001252e-16,train,pass,
0,0,reflection,,-1.0,torch.float32,5.81571957454063e-24,E3,mp-aaaezrfg,18705,168,0.0,2.6469779601696886e-23,train,pass,
0,0,inversion,,-1.0,torch.float32,5.81571957454063e-24,E3,mp-aaaezrfg,18705,168,0.0,2.6469779601696886e-23,train,pass,
0,0,improper_with_translation,,-1.0,torch.float32,5.551115123125783e-16,E3,mp-aaaezrfg,18705,168,4.76837158203125e-07,1.0590367249818655e-07,train,pass,
0,0,permutation,,,torch.float32,0.0,representation,mp-aaaezrfg,18705,168,0.0,0.0,train,pass,
0,0,integer_images,,,torch.float32,0.0,representation,mp-aaaezrfg,18705,168,1.1920928955078125e-06,1.1920928955078125e-06,train,pass,
0,0,basis_swap,,,torch.float32,2.1094237467877974e-15,representation,mp-aaaezrfg,18705,168,4.76837158203125e-07,8.79145196641673e-08,train,pass,
0,0,basis_shear,,,torch.float32,7.331560791801195e-08,representation,mp-aaaezrfg,18705,168,4.76837158203125e-07,5.288268860592638e-07,train,pass,
0,0,independent_reference,,,torch.float64,,enumeration,mp-aaaezrfg,18705,168,8.881784197001252e-16,4.440892098500626e-16,train,pass,
0,0,translation,,1.0,torch.float64,5.176152576444204e-33,E3,mp-aaaezrfg,18705,168,8.881784197001252e-16,4.440892098500626e-16,train,pass,
0,0,rotation_1,,1.0,torch.float64,2.220446049250313e-16,E3,mp-aaaezrfg,18705,168,2.6645352591003757e-15,1.7763568394002505e-15,train,pass,
0,0,rotation_2,,0.9999999999999989,torch.float64,2.220446049250313e-16,E3,mp-aaaezrfg,18705,168,4.440892098500626e-15,1.7763568394002505e-15,train,pass,
0,0,reflection,,-1.0,torch.float64,5.176152576444204e-33,E3,mp-aaaezrfg,18705,168,8.881784197001252e-16,4.440892098500626e-16,train,pass,
0,0,inversion,,-1.0,torch.float64,5.176152576444204e-33,E3,mp-aaaezrfg,18705,168,8.881784197001252e-16,4.440892098500626e-16,train,pass,
0,0,improper_with_translation,,-1.0,torch.float64,2.220446049250313e-16,E3,mp-aaaezrfg,18705,168,1.7763568394002505e-15,1.7763568394002505e-15,train,pass,
0,0,permutation,,,torch.float64,0.0,representation,mp-aaaezrfg,18705,168,0.0,0.0,train,pass,
0,0,integer_images,,,torch.float64,0.0,representation,mp-aaaezrfg,18705,168,0.0,0.0,train,pass,
0,0,basis_swap,,,torch.float64,6.123233946548414e-25,representation,mp-aaaezrfg,18705,168,8.881784197001252e-16,9.860761315262648e-32,train,pass,
0,0,basis_shear,,,torch.float64,3.3306690738754696e-16,representation,mp-aaaezrfg,18705,168,8.881784197001252e-16,8.881784197001252e-16,train,pass,
0,0,float32_vs_float64,,,torch.float32,,precision,mp-aaaezrfg,18705,168,3.7885053671971036e-07,3.301212250412056e-07,train,pass,
0,0,independent_reference,,,torch.float32,,enumeration,mp-aaaaaaau,0,112,6.219875201551872e-07,4.76837158203125e-07,valid,pass,
0,0,translation,,1.0,torch.float32,4.03602244292145e-07,E3,mp-aaaaaaau,0,112,1.430511474609375e-06,4.76837158203125e-07,valid,pass,
0,0,rotation_1,,1.0,torch.float32,4.095352537092367e-07,E3,mp-aaaaaaau,0,112,1.430511474609375e-06,4.23614689548657e-07,valid,pass,
0,0,rotation_2,,0.9999999999999989,torch.float32,5.314854234494959e-07,E3,mp-aaaaaaau,0,112,1.430511474609375e-06,3.7975387012778583e-07,valid,pass,
0,0,reflection,,-1.0,torch.float32,4.03602244292145e-07,E3,mp-aaaaaaau,0,112,1.430511474609375e-06,4.76837158203125e-07,valid,pass,
0,0,inversion,,-1.0,torch.float32,4.03602244292145e-07,E3,mp-aaaaaaau,0,112,1.430511474609375e-06,4.76837158203125e-07,valid,pass,
0,0,improper_with_translation,,-1.0,torch.float32,4.095352537092367e-07,E3,mp-aaaaaaau,0,112,1.430511474609375e-06,4.23614689548657e-07,valid,pass,
0,0,permutation,,,torch.float32,0.0,representation,mp-aaaaaaau,0,112,0.0,0.0,valid,pass,
0,0,integer_images,,,torch.float32,0.0,representation,mp-aaaaaaau,0,112,0.0,0.0,valid,pass,
0,0,basis_swap,,,torch.float32,4.03602244292145e-07,representation,mp-aaaaaaau,0,112,1.430511474609375e-06,5.892287546771513e-07,valid,pass,
0,0,basis_shear,,,torch.float32,4.03602244292145e-07,representation,mp-aaaaaaau,0,112,1.430511474609375e-06,6.719385234887909e-07,valid,pass,
0,0,receiver_copy_0,0,,torch.float32,4.03602244292145e-07,supercell,mp-aaaaaaau,0,112,1.430511474609375e-06,4.76837158203125e-07,valid,pass,224
0,0,receiver_copy_1,1,,torch.float32,4.03602244292145e-07,supercell,mp-aaaaaaau,0,112,1.430511474609375e-06,4.76837158203125e-07,valid,pass,224
0,0,independent_reference,,,torch.float64,,enumeration,mp-aaaaaaau,0,112,8.881784197001252e-16,2.220446049250313e-16,valid,pass,
0,0,translation,,1.0,torch.float64,7.071069507702532e-09,E3,mp-aaaaaaau,0,112,2.439396951103845e-08,2.220446049250313e-16,valid,pass,
0,0,rotation_1,,1.0,torch.float64,8.630574366286226e-09,E3,mp-aaaaaaau,0,112,2.4393973063752128e-08,1.7763568394002505e-15,valid,pass,
0,0,rotation_2,,0.9999999999999989,torch.float64,9.632577624429928e-09,E3,mp-aaaaaaau,0,112,2.439396951103845e-08,1.7763568394002505e-15,valid,pass,
0,0,reflection,,-1.0,torch.float64,7.071069507702532e-09,E3,mp-aaaaaaau,0,112,2.439396951103845e-08,2.220446049250313e-16,valid,pass,
0,0,inversion,,-1.0,torch.float64,7.071069507702532e-09,E3,mp-aaaaaaau,0,112,2.439396951103845e-08,2.220446049250313e-16,valid,pass,
0,0,improper_with_translation,,-1.0,torch.float64,8.630574366286226e-09,E3,mp-aaaaaaau,0,112,2.4393973063752128e-08,1.7763568394002505e-15,valid,pass,
0,0,permutation,,,torch.float64,0.0,representation,mp-aaaaaaau,0,112,0.0,0.0,valid,pass,
0,0,integer_images,,,torch.float64,0.0,representation,mp-aaaaaaau,0,112,0.0,0.0,valid,pass,
0,0,basis_swap,,,torch.float64,7.071069729747137e-09,representation,mp-aaaaaaau,0,112,2.439397039921687e-08,8.881784197001252e-16,valid,pass,
0,0,basis_shear,,,torch.float64,1.6008555806984064e-16,representation,mp-aaaaaaau,0,112,8.881784197001252e-16,1.7763568394002505e-15,valid,pass,
0,0,receiver_copy_0,0,,torch.float64,7.071069507702532e-09,supercell,mp-aaaaaaau,0,112,2.439396951103845e-08,2.220446049250313e-16,valid,pass,224
0,0,receiver_copy_1,1,,torch.float64,7.071069507702532e-09,supercell,mp-aaaaaaau,0,112,2.439396951103845e-08,2.220446049250313e-16,valid,pass,224
0,0,float32_vs_float64,,,torch.float32,,precision,mp-aaaaaaau,0,112,1.218173681927226e-06,8.604756125407675e-07,valid,pass,
0,0,independent_reference,,,torch.float32,,enumeration,mp-aaaaabaa,36,944,6.704092125886518e-07,1.0482205183848237e-06,valid,pass,
0,0,translation,,1.0,torch.float32,2.0104649733898583e-07,E3,mp-aaaaabaa,36,944,9.5367431640625e-07,1.0854951608685326e-06,valid,pass,
0,0,rotation_1,,1.0,torch.float32,1.9237070003619294e-07,E3,mp-aaaaabaa,36,944,9.5367431640625e-07,4.4578492719438145e-07,valid,pass,
0,0,rotation_2,,0.9999999999999989,torch.float32,1.7485909531433919e-07,E3,mp-aaaaabaa,36,944,9.5367431640625e-07,4.278812109070884e-07,valid,pass,
0,0,reflection,,-1.0,torch.float32,2.0104649733898583e-07,E3,mp-aaaaabaa,36,944,9.5367431640625e-07,4.5016299132782933e-07,valid,pass,
0,0,inversion,,-1.0,torch.float32,2.0104649733898583e-07,E3,mp-aaaaabaa,36,944,9.5367431640625e-07,4.5016299132782933e-07,valid,pass,
0,0,improper_with_translation,,-1.0,torch.float32,1.9237070003619294e-07,E3,mp-aaaaabaa,36,944,9.5367431640625e-07,1.0605639202410089e-06,valid,pass,
0,0,permutation,,,torch.float32,0.0,representation,mp-aaaaabaa,36,944,0.0,0.0,valid,pass,
0,0,integer_images,,,torch.float32,0.0,representation,mp-aaaaabaa,36,944,2.86102294921875e-06,3.337860107421875e-06,valid,pass,
0,0,basis_swap,,,torch.float32,2.0104649733898583e-07,representation,mp-aaaaabaa,36,944,9.5367431640625e-07,7.986435561768701e-07,valid,pass,
0,0,basis_shear,,,torch.float32,4.020929338377499e-07,representation,mp-aaaaabaa,36,944,1.9073486328125e-06,9.408975761293625e-07,valid,pass,
0,0,independent_reference,,,torch.float64,,enumeration,mp-aaaaabaa,36,944,1.7763568394002505e-15,2.220446049250313e-15,valid,pass,
0,0,translation,,1.0,torch.float64,3.751404517435484e-09,E3,mp-aaaaabaa,36,944,1.4822352234489244e-08,4.440892098500626e-15,valid,pass,
0,0,rotation_1,,1.0,torch.float64,3.1850969639535265e-09,E3,mp-aaaaabaa,36,944,1.4822353122667664e-08,4.440892098500626e-15,valid,pass,
0,0,rotation_2,,0.9999999999999989,torch.float64,4.30160784770095e-09,E3,mp-aaaaabaa,36,944,1.4822352234489244e-08,6.217248937900877e-15,valid,pass,
0,0,reflection,,-1.0,torch.float64,3.751404517435484e-09,E3,mp-aaaaabaa,36,944,1.4822352234489244e-08,4.884981308350689e-15,valid,pass,
0,0,inversion,,-1.0,torch.float64,3.751404517435484e-09,E3,mp-aaaaabaa,36,944,1.4822352234489244e-08,4.884981308350689e-15,valid,pass,
0,0,improper_with_translation,,-1.0,torch.float64,3.1850969639535265e-09,E3,mp-aaaaabaa,36,944,1.4822353122667664e-08,3.9968028886505635e-15,valid,pass,
0,0,permutation,,,torch.float64,0.0,representation,mp-aaaaabaa,36,944,0.0,0.0,valid,pass,
0,0,integer_images,,,torch.float64,0.0,representation,mp-aaaaabaa,36,944,0.0,0.0,valid,pass,
0,0,basis_swap,,,torch.float64,1.7267461127623562e-08,representation,mp-aaaaabaa,36,944,6.332053459345843e-08,1.7763568394002505e-15,valid,pass,
0,0,basis_shear,,,torch.float64,1.4264624814686044e-08,representation,mp-aaaaabaa,36,944,5.930010082977333e-08,2.4424906541753444e-15,valid,pass,
0,0,float32_vs_float64,,,torch.float32,,precision,mp-aaaaabaa,36,944,9.741742879043613e-07,1.1684237977149792e-06,valid,pass,
0,0,independent_reference,,,torch.float32,,enumeration,mp-aaaaacbt,73,208,5.093279371592985e-07,4.2191015747761185e-07,valid,pass,
0,0,translation,,1.0,torch.float32,2.0113292721564214e-24,E3,mp-aaaaacbt,73,208,9.5367431640625e-07,9.5367431640625e-07,valid,pass,
0,0,rotation_1,,1.0,torch.float32,2.559548749703372e-16,E3,mp-aaaaacbt,73,208,0.0,8.881784197001252e-16,valid,pass,
0,0,rotation_2,,0.9999999999999989,torch.float32,1.4432899320127035e-15,E3,mp-aaaaacbt,73,208,0.0,8.881784197001252e-16,valid,pass,
0,0,reflection,,-1.0,torch.float32,2.0113292721564214e-24,E3,mp-aaaaacbt,73,208,0.0,1.3234889800848443e-23,valid,pass,
0,0,inversion,,-1.0,torch.float32,2.0113292721564214e-24,E3,mp-aaaaacbt,73,208,0.0,1.3234889800848443e-23,valid,pass,
0,0,improper_with_translation,,-1.0,torch.float32,2.559548749703372e-16,E3,mp-aaaaacbt,73,208,9.5367431640625e-07,5.840615375785063e-07,valid,pass,
0,0,permutation,,,torch.float32,0.0,representation,mp-aaaaacbt,73,208,0.0,0.0,valid,pass,
0,0,integer_images,,,torch.float32,0.0,representation,mp-aaaaacbt,73,208,1.430511474609375e-06,2.7418136596679688e-06,valid,pass,
0,0,basis_swap,,,torch.float32,3.213786944499984e-15,representation,mp-aaaaacbt,73,208,4.76837158203125e-07,1.2124565618165661e-07,valid,pass,
0,0,basis_shear,,,torch.float32,6.361942584161616e-08,representation,mp-aaaaacbt,73,208,9.5367431640625e-07,7.273315150158055e-07,valid,pass,
0,0,independent_reference,,,torch.float64,,enumeration,mp-aaaaacbt,73,208,8.881784197001252e-16,8.881784197001252e-16,valid,pass,
0,0,translation,,1.0,torch.float64,5.068309330554399e-33,E3,mp-aaaaacbt,73,208,1.7763568394002505e-15,1.7763568394002505e-15,valid,pass,
0,0,rotation_1,,1.0,torch.float64,1.1102230246251565e-16,E3,mp-aaaaacbt,73,208,2.6645352591003757e-15,2.7755575615628914e-15,valid,pass,
0,0,rotation_2,,0.9999999999999989,torch.float64,3.3306690738754696e-16,E3,mp-aaaaacbt,73,208,6.217248937900877e-15,3.552713678800501e-15,valid,pass,
0,0,reflection,,-1.0,torch.float64,5.068309330554399e-33,E3,mp-aaaaacbt,73,208,1.7763568394002505e-15,1.7763568394002505e-15,valid,pass,
0,0,inversion,,-1.0,torch.float64,5.068309330554399e-33,E3,mp-aaaaacbt,73,208,1.7763568394002505e-15,1.7763568394002505e-15,valid,pass,
0,0,improper_with_translation,,-1.0,torch.float64,1.1102230246251565e-16,E3,mp-aaaaacbt,73,208,2.6645352591003757e-15,1.7763568394002505e-15,valid,pass,
0,0,permutation,,,torch.float64,0.0,representation,mp-aaaaacbt,73,208,0.0,0.0,valid,pass,
0,0,integer_images,,,torch.float64,0.0,representation,mp-aaaaacbt,73,208,0.0,0.0,valid,pass,
0,0,basis_swap,,,torch.float64,6.123233928806621e-25,representation,mp-aaaaacbt,73,208,8.881784197001252e-16,9.860761315262648e-32,valid,pass,
0,0,basis_shear,,,torch.float64,3.3306690738754696e-16,representation,mp-aaaaacbt,73,208,8.881784197001252e-16,8.881784197001252e-16,valid,pass,
0,0,float32_vs_float64,,,torch.float32,,precision,mp-aaaaacbt,73,208,4.887125264474435e-07,3.6351296039960346e-07,valid,pass,
0,0,independent_reference,,,torch.float32,,enumeration,mp-aaaaacid,79,156,6.326511803322887e-07,5.014753270415895e-07,valid,pass,
0,0,translation,,1.0,torch.float32,9.096644498399391e-17,E3,mp-aaaaacid,79,156,9.5367431640625e-07,4.768371586472142e-07,valid,pass,
0,0,rotation_1,,1.0,torch.float32,3.3306690738754696e-16,E3,mp-aaaaacid,79,156,0.0,8.881784197001252e-16,valid,pass,
0,0,rotation_2,,0.9999999999999989,torch.float32,1.4432899320127035e-15,E3,mp-aaaaacid,79,156,0.0,1.3322676295501878e-15,valid,pass,
0,0,reflection,,-1.0,torch.float32,9.096644498399391e-17,E3,mp-aaaaacid,79,156,0.0,4.440892098500626e-16,valid,pass,
0,0,inversion,,-1.0,torch.float32,9.096644498399391e-17,E3,mp-aaaaacid,79,156,0.0,4.440892098500626e-16,valid,pass,
0,0,improper_with_translation,,-1.0,torch.float32,3.3306690738754696e-16,E3,mp-aaaaacid,79,156,4.76837158203125e-07,5.303512402576871e-07,valid,pass,
0,0,permutation,,,torch.float32,0.0,representation,mp-aaaaacid,79,156,0.0,0.0,valid,pass,
0,0,integer_images,,,torch.float32,0.0,representation,mp-aaaaacid,79,156,9.5367431640625e-07,1.0728836059570312e-06,valid,pass,
0,0,basis_swap,,,torch.float32,7.925056522140039e-08,representation,mp-aaaaacid,79,156,4.76837158203125e-07,6.921952921956631e-07,valid,pass,
0,0,basis_shear,,,torch.float32,6.837202803922082e-08,representation,mp-aaaaacid,79,156,9.5367431640625e-07,5.286010595906276e-07,valid,pass,
0,0,independent_reference,,,torch.float64,,enumeration,mp-aaaaacid,79,156,8.881784197001252e-16,8.881784197001252e-16,valid,pass,
0,0,translation,,1.0,torch.float64,5.480254524552769e-17,E3,mp-aaaaacid,79,156,8.881784197001252e-16,1.1102230246251565e-15,valid,pass,
0,0,rotation_1,,1.0,torch.float64,4.440892098500626e-16,E3,mp-aaaaacid,79,156,2.6645352591003757e-15,2.6645352591003757e-15,valid,pass,
0,0,rotation_2,,0.9999999999999989,torch.float64,1.1102230246251565e-15,E3,mp-aaaaacid,79,156,4.440892098500626e-15,2.6645352591003757e-15,valid,pass,
0,0,reflection,,-1.0,torch.float64,5.480254524552769e-17,E3,mp-aaaaacid,79,156,1.3322676295501878e-15,1.3322676295501878e-15,valid,pass,
0,0,inversion,,-1.0,torch.float64,5.480254524552769e-17,E3,mp-aaaaacid,79,156,1.3322676295501878e-15,1.3322676295501878e-15,valid,pass,
0,0,improper_with_translation,,-1.0,torch.float64,4.440892098500626e-16,E3,mp-aaaaacid,79,156,1.7763568394002505e-15,2.6645352591003757e-15,valid,pass,
0,0,permutation,,,torch.float64,0.0,representation,mp-aaaaacid,79,156,0.0,0.0,valid,pass,
0,0,integer_images,,,torch.float64,0.0,representation,mp-aaaaacid,79,156,0.0,0.0,valid,pass,
0,0,basis_swap,,,torch.float64,2.220446049250313e-16,representation,mp-aaaaacid,79,156,8.881784197001252e-16,8.881784197001252e-16,valid,pass,
0,0,basis_shear,,,torch.float64,1.1102230246251565e-16,representation,mp-aaaaacid,79,156,1.7763568394002505e-15,8.881784197001252e-16,valid,pass,
0,0,float32_vs_float64,,,torch.float32,,precision,mp-aaaaacid,79,156,8.24376601649135e-07,9.841274604127648e-07,valid,pass,
0,0,independent_reference,,,torch.float32,,enumeration,mp-aaaaadfj,110,100,5.745057647388307e-07,3.960726644436363e-07,valid,pass,
0,0,translation,,1.0,torch.float32,4.202974977330585e-24,E3,mp-aaaaadfj,110,100,2.384185791015625e-07,1.1920928955078125e-07,valid,pass,
0,0,rotation_1,,1.0,torch.float32,3.3306690738754696e-16,E3,mp-aaaaadfj,110,100,0.0,8.881784197001252e-16,valid,pass,
0,0,rotation_2,,0.9999999999999989,torch.float32,1.4432899320127035e-15,E3,mp-aaaaadfj,110,100,0.0,8.881784197001252e-16,valid,pass,
0,0,reflection,,-1.0,torch.float32,4.202974977330585e-24,E3,mp-aaaaadfj,110,100,0.0,2.6469779601696886e-23,valid,pass,
0,0,inversion,,-1.0,torch.float32,4.202974977330585e-24,E3,mp-aaaaadfj,110,100,0.0,2.6469779601696886e-23,valid,pass,
0,0,improper_with_translation,,-1.0,torch.float32,3.3306690738754696e-16,E3,mp-aaaaadfj,110,100,0.0,8.881784197001252e-16,valid,pass,
0,0,permutation,,,torch.float32,0.0,representation,mp-aaaaadfj,110,100,0.0,0.0,valid,pass,
0,0,integer_images,,,torch.float32,0.0,representation,mp-aaaaadfj,110,100,0.0,0.0,valid,pass,
0,0,basis_swap,,,torch.float32,2.1094237467877974e-15,representation,mp-aaaaadfj,110,100,4.76837158203125e-07,8.076449686811316e-08,valid,pass,
0,0,basis_shear,,,torch.float32,5.0669107798384516e-08,representation,mp-aaaaadfj,110,100,4.76837158203125e-07,4.563840803051278e-07,valid,pass,
0,0,independent_reference,,,torch.float64,,enumeration,mp-aaaaadfj,110,100,8.881784197001252e-16,4.440892098500626e-16,valid,pass,
0,0,translation,,1.0,torch.float64,6.0950716516500234e-33,E3,mp-aaaaadfj,110,100,4.440892098500626e-16,4.440892098500626e-16,valid,pass,
0,0,rotation_1,,1.0,torch.float64,1.1102230246251565e-16,E3,mp-aaaaadfj,110,100,3.552713678800501e-15,1.7763568394002505e-15,valid,pass,
0,0,rotation_2,,0.9999999999999989,torch.float64,4.440892098500626e-16,E3,mp-aaaaadfj,110,100,4.440892098500626e-15,8.881784197001252e-16,valid,pass,
0,0,reflection,,-1.0,torch.float64,6.0950716516500234e-33,E3,mp-aaaaadfj,110,100,8.881784197001252e-16,4.440892098500626e-16,valid,pass,
0,0,inversion,,-1.0,torch.float64,6.0950716516500234e-33,E3,mp-aaaaadfj,110,100,8.881784197001252e-16,4.440892098500626e-16,valid,pass,
0,0,improper_with_translation,,-1.0,torch.float64,1.1102230246251565e-16,E3,mp-aaaaadfj,110,100,2.6645352591003757e-15,1.7763568394002505e-15,valid,pass,
0,0,permutation,,,torch.float64,0.0,representation,mp-aaaaadfj,110,100,0.0,0.0,valid,pass,
0,0,integer_images,,,torch.float64,0.0,representation,mp-aaaaadfj,110,100,0.0,0.0,valid,pass,
0,0,basis_swap,,,torch.float64,6.123233913535759e-25,representation,mp-aaaaadfj,110,100,0.0,4.930380657631324e-32,valid,pass,
0,0,basis_shear,,,torch.float64,2.220446049250313e-16,representation,mp-aaaaadfj,110,100,8.881784197001252e-16,8.881784197001252e-16,valid,pass,
0,0,float32_vs_float64,,,torch.float32,,precision,mp-aaaaadfj,110,100,3.9656938000121045e-07,3.5762786887438835e-07,valid,pass,
0,0,independent_reference,,,torch.float32,,enumeration,mp-aaaaaebl,146,146,3.827482633056434e-07,4.172325134277344e-07,valid,pass,
0,0,translation,,1.0,torch.float32,4.7719837782002484e-17,E3,mp-aaaaaebl,146,146,4.76837158203125e-07,1.1920928955078125e-07,valid,pass,
0,0,rotation_1,,1.0,torch.float32,3.3306690738754696e-16,E3,mp-aaaaaebl,146,146,0.0,4.440892098500626e-16,valid,pass,
0,0,rotation_2,,0.9999999999999989,torch.float32,1.6653345369377348e-15,E3,mp-aaaaaebl,146,146,0.0,8.881784197001252e-16,valid,pass,
0,0,reflection,,-1.0,torch.float32,4.7719837782002484e-17,E3,mp-aaaaaebl,146,146,0.0,2.6705757686846013e-16,valid,pass,
0,0,inversion,,-1.0,torch.float32,4.7719837782002484e-17,E3,mp-aaaaaebl,146,146,0.0,2.6705757686846013e-16,valid,pass,
0,0,improper_with_translation,,-1.0,torch.float32,3.3306690738754696e-16,E3,mp-aaaaaebl,146,146,0.0,4.0019156877235673e-07,valid,pass,
0,0,permutation,,,torch.float32,0.0,representation,mp-aaaaaebl,146,146,0.0,0.0,valid,pass,
0,0,integer_images,,,torch.float32,0.0,representation,mp-aaaaaebl,146,146,0.0,0.0,valid,pass,
0,0,basis_swap,,,torch.float32,5.685259507615115e-08,representation,mp-aaaaaebl,146,146,4.76837158203125e-07,4.4703483448316206e-07,valid,pass,
0,0,basis_shear,,,torch.float32,3.7431944047304166e-08,representation,mp-aaaaaebl,146,146,4.76837158203125e-07,3.139942408303398e-07,valid,pass,
0,0,independent_reference,,,torch.float64,,enumeration,mp-aaaaaebl,146,146,8.881784197001252e-16,8.881784197001252e-16,valid,pass,
0,0,translation,,1.0,torch.float64,4.0824828702146305e-09,E3,mp-aaaaaebl,146,146,1.1259593701851145e-08,1.7763568394002505e-15,valid,pass,
0,0,rotation_1,,1.0,torch.float64,3.8322014996241206e-09,E3,mp-aaaaaebl,146,146,1.1259593701851145e-08,2.546574062733953e-15,valid,pass,
0,0,rotation_2,,0.9999999999999989,torch.float64,3.9517782379761e-09,E3,mp-aaaaaebl,146,146,1.1259591481405096e-08,1.3322676295501878e-15,valid,pass,
0,0,reflection,,-1.0,torch.float64,4.0824828702146305e-09,E3,mp-aaaaaebl,146,146,1.1259593701851145e-08,1.1102230246251565e-15,valid,pass,
0,0,inversion,,-1.0,torch.float64,4.0824828702146305e-09,E3,mp-aaaaaebl,146,146,1.1259593701851145e-08,1.1102230246251565e-15,valid,pass,
0,0,improper_with_translation,,-1.0,torch.float64,3.8322014996241206e-09,E3,mp-aaaaaebl,146,146,1.1259593701851145e-08,2.445960101127298e-15,valid,pass,
0,0,permutation,,,torch.float64,0.0,representation,mp-aaaaaebl,146,146,0.0,0.0,valid,pass,
0,0,integer_images,,,torch.float64,0.0,representation,mp-aaaaaebl,146,146,0.0,0.0,valid,pass,
0,0,basis_swap,,,torch.float64,3.5355339040540325e-09,representation,mp-aaaaaebl,146,146,1.1259594145940355e-08,1.3322676295501878e-15,valid,pass,
0,0,basis_shear,,,torch.float64,7.771561172376096e-16,representation,mp-aaaaaebl,146,146,2.6645352591003757e-15,1.7763568394002505e-15,valid,pass,
0,0,float32_vs_float64,,,torch.float32,,precision,mp-aaaaaebl,146,146,3.208552730171732e-07,4.3099592250683827e-07,valid,pass,
0,0,independent_reference,,,torch.float32,,enumeration,mp-aaaaafae,171,6976,1.1065387726105769e-06,9.328964409860419e-07,valid,pass,
0,0,translation,,1.0,torch.float32,4.5245546997918495e-07,E3,mp-aaaaafae,171,6976,3.337860107421875e-06,1.6685674681937712e-06,valid,pass,
0,0,rotation_1,,1.0,torch.float32,5.197274561830056e-07,E3,mp-aaaaafae,171,6976,3.337860107421875e-06,7.780857194106261e-07,valid,pass,
0,0,rotation_2,,0.9999999999999989,torch.float32,9.117384365264769e-07,E3,mp-aaaaafae,171,6976,3.337860107421875e-06,8.247898559687883e-07,valid,pass,
0,0,reflection,,-1.0,torch.float32,4.5245546997918495e-07,E3,mp-aaaaafae,171,6976,3.337860107421875e-06,8.332340675210048e-07,valid,pass,
0,0,inversion,,-1.0,torch.float32,4.5245546997918495e-07,E3,mp-aaaaafae,171,6976,3.337860107421875e-06,8.332340675210048e-07,valid,pass,
0,0,improper_with_translation,,-1.0,torch.float32,5.197274561830056e-07,E3,mp-aaaaafae,171,6976,3.337860107421875e-06,1.5028138791173262e-06,valid,pass,
0,0,permutation,,,torch.float32,0.0,representation,mp-aaaaafae,171,6976,0.0,0.0,valid,pass,
0,0,integer_images,,,torch.float32,0.0,representation,mp-aaaaafae,171,6976,3.814697265625e-06,4.5299530029296875e-06,valid,pass,
0,0,basis_swap,,,torch.float32,4.5245546997918495e-07,representation,mp-aaaaafae,171,6976,2.86102294921875e-06,8.983056281053337e-07,valid,pass,
0,0,basis_shear,,,torch.float32,2.6211778481055603e-07,representation,mp-aaaaafae,171,6976,1.9073486328125e-06,1.0735096593883497e-06,valid,pass,
0,0,receiver_copy_0,0,,torch.float32,4.5245546997918495e-07,supercell,mp-aaaaafae,171,6976,3.814697265625e-06,1.8338841827336694e-06,valid,pass,13952
0,0,receiver_copy_1,1,,torch.float32,4.5245546997918495e-07,supercell,mp-aaaaafae,171,6976,3.814697265625e-06,1.8338841827336694e-06,valid,pass,13952
0,0,independent_reference,,,torch.float64,,enumeration,mp-aaaaafae,171,6976,1.7763568394002505e-15,2.220446049250313e-15,valid,pass,
0,0,translation,,1.0,torch.float64,7.071070395880952e-09,E3,mp-aaaaafae,171,6976,3.138096271726454e-08,4.440892098500626e-15,valid,pass,
0,0,rotation_1,,1.0,torch.float64,8.63057503242004e-09,E3,mp-aaaaafae,171,6976,3.138096271726454e-08,5.329070518200751e-15,valid,pass,
0,0,rotation_2,,0.9999999999999989,torch.float64,9.632577513407625e-09,E3,mp-aaaaafae,171,6976,3.138095738819402e-08,4.440892098500626e-15,valid,pass,
0,0,reflection,,-1.0,torch.float64,7.071070395880952e-09,E3,mp-aaaaafae,171,6976,3.138096271726454e-08,3.552713678800501e-15,valid,pass,
0,0,inversion,,-1.0,torch.float64,7.071070395880952e-09,E3,mp-aaaaafae,171,6976,3.138096271726454e-08,3.552713678800501e-15,valid,pass,
0,0,improper_with_translation,,-1.0,torch.float64,8.63057503242004e-09,E3,mp-aaaaafae,171,6976,3.138096271726454e-08,4.440892098500626e-15,valid,pass,
0,0,permutation,,,torch.float64,0.0,representation,mp-aaaaafae,171,6976,0.0,0.0,valid,pass,
0,0,integer_images,,,torch.float64,0.0,representation,mp-aaaaafae,171,6976,1.7763568394002505e-15,1.7763568394002505e-15,valid,pass,
0,0,basis_swap,,,torch.float64,7.071070395880952e-09,representation,mp-aaaaafae,171,6976,3.138096182908612e-08,1.7763568394002505e-15,valid,pass,
0,0,basis_shear,,,torch.float64,4.4432462863722e-16,representation,mp-aaaaafae,171,6976,3.552713678800501e-15,2.6645352591003757e-15,valid,pass,
0,0,receiver_copy_0,0,,torch.float64,7.071070395880952e-09,supercell,mp-aaaaafae,171,6976,3.138096271726454e-08,1.7763568394002505e-15,valid,pass,13952
0,0,receiver_copy_1,1,,torch.float64,7.071070395880952e-09,supercell,mp-aaaaafae,171,6976,3.138096271726454e-08,1.7763568394002505e-15,valid,pass,13952
0,0,float32_vs_float64,,,torch.float32,,precision,mp-aaaaafae,171,6976,1.4956752263373119e-06,1.672853345180414e-06,valid,pass,
0,0,independent_reference,,,torch.float32,,enumeration,mp-aaaaafoz,183,310,2.348729397638749e-07,1.817935526560177e-07,valid,pass,
0,0,translation,,1.0,torch.float32,2.1485408571822642e-24,E3,mp-aaaaafoz,183,310,0.0,2.253442693303157e-31,valid,pass,
0,0,rotation_1,,1.0,torch.float32,7.771561172376096e-16,E3,mp-aaaaafoz,183,310,0.0,1.3322676295501878e-15,valid,pass,
0,0,rotation_2,,0.9999999999999989,torch.float32,1.4432899320127035e-15,E3,mp-aaaaafoz,183,310,0.0,8.881784197001252e-16,valid,pass,
0,0,reflection,,-1.0,torch.float32,2.1485408571822642e-24,E3,mp-aaaaafoz,183,310,0.0,2.253442693303157e-31,valid,pass,
0,0,inversion,,-1.0,torch.float32,2.1485408571822642e-24,E3,mp-aaaaafoz,183,310,0.0,2.253442693303157e-31,valid,pass,
0,0,improper_with_translation,,-1.0,torch.float32,7.771561172376096e-16,E3,mp-aaaaafoz,183,310,0.0,1.3322676295501878e-15,valid,pass,
0,0,permutation,,,torch.float32,0.0,representation,mp-aaaaafoz,183,310,0.0,0.0,valid,pass,
0,0,integer_images,,,torch.float32,0.0,representation,mp-aaaaafoz,183,310,0.0,0.0,valid,pass,
0,0,basis_swap,,,torch.float32,1.9984014443252818e-15,representation,mp-aaaaafoz,183,310,0.0,1.8179354643876877e-07,valid,pass,
0,0,basis_shear,,,torch.float32,4.371139086250578e-08,representation,mp-aaaaafoz,183,310,4.76837158203125e-07,2.750795822237251e-07,valid,pass,
0,0,independent_reference,,,torch.float64,,enumeration,mp-aaaaafoz,183,310,8.881784197001252e-16,4.440892098500626e-16,valid,pass,
0,0,translation,,1.0,torch.float64,4.025510458584871e-33,E3,mp-aaaaafoz,183,310,8.881784197001252e-16,4.440892098500626e-16,valid,pass,
0,0,rotation_1,,1.0,torch.float64,2.2732489953421404e-16,E3,mp-aaaaafoz,183,310,1.7763568394002505e-15,1.7763568394002505e-15,valid,pass,
0,0,rotation_2,,0.9999999999999989,torch.float64,3.3306690738754696e-16,E3,mp-aaaaafoz,183,310,5.329070518200751e-15,1.7763568394002505e-15,valid,pass,
0,0,reflection,,-1.0,torch.float64,4.025510458584871e-33,E3,mp-aaaaafoz,183,310,8.881784197001252e-16,4.440892098500626e-16,valid,pass,
0,0,inversion,,-1.0,torch.float64,4.025510458584871e-33,E3,mp-aaaaafoz,183,310,8.881784197001252e-16,4.440892098500626e-16,valid,pass,
0,0,improper_with_translation,,-1.0,torch.float64,2.2732489953421404e-16,E3,mp-aaaaafoz,183,310,1.7763568394002505e-15,1.7763568394002505e-15,valid,pass,
0,0,permutation,,,torch.float64,0.0,representation,mp-aaaaafoz,183,310,0.0,0.0,valid,pass,
0,0,integer_images,,,torch.float64,0.0,representation,mp-aaaaafoz,183,310,0.0,0.0,valid,pass,
0,0,basis_swap,,,torch.float64,6.123233877470436e-25,representation,mp-aaaaafoz,183,310,0.0,9.860761315262648e-32,valid,pass,
0,0,basis_shear,,,torch.float64,2.220446049250313e-16,representation,mp-aaaaafoz,183,310,8.881784197001252e-16,8.881784197001252e-16,valid,pass,
0,0,float32_vs_float64,,,torch.float32,,precision,mp-aaaaafoz,183,310,2.1328198052117386e-07,3.635870773996506e-07,valid,pass,
0,0,independent_reference,,,torch.float32,,enumeration,mp-aaaaahjj,220,1860,7.208157422056161e-07,5.732116861167924e-07,valid,pass,
0,0,translation,,1.0,torch.float32,1.0202958712763915e-17,E3,mp-aaaaahjj,220,1860,9.5367431640625e-07,9.5367431640625e-07,valid,pass,
0,0,rotation_1,,1.0,torch.float32,4.440892098500626e-16,E3,mp-aaaaahjj,220,1860,4.76837158203125e-07,4.2622350360232986e-07,valid,pass,
0,0,rotation_2,,0.9999999999999989,torch.float32,1.4432899320127035e-15,E3,mp-aaaaahjj,220,1860,4.76837158203125e-07,4.232675863136137e-07,valid,pass,
0,0,reflection,,-1.0,torch.float32,1.0202958712763915e-17,E3,mp-aaaaahjj,220,1860,4.76837158203125e-07,4.76837158203125e-07,valid,pass,
0,0,inversion,,-1.0,torch.float32,1.0202958712763915e-17,E3,mp-aaaaahjj,220,1860,4.76837158203125e-07,4.76837158203125e-07,valid,pass,
0,0,improper_with_translation,,-1.0,torch.float32,4.440892098500626e-16,E3,mp-aaaaahjj,220,1860,9.5367431640625e-07,9.431837986184632e-07,valid,pass,
0,0,permutation,,,torch.float32,0.0,representation,mp-aaaaahjj,220,1860,0.0,0.0,valid,pass,
0,0,integer_images,,,torch.float32,0.0,representation,mp-aaaaahjj,220,1860,2.384185791015625e-06,2.9802322387695312e-06,valid,pass,
0,0,basis_swap,,,torch.float32,7.717431471654379e-08,representation,mp-aaaaahjj,220,1860,4.76837158203125e-07,6.696765861846643e-07,valid,pass,
0,0,basis_shear,,,torch.float32,7.717431671494523e-08,representation,mp-aaaaahjj,220,1860,9.5367431640625e-07,7.563158934686953e-07,valid,pass,
0,0,independent_reference,,,torch.float64,,enumeration,mp-aaaaahjj,220,1860,1.7763568394002505e-15,8.881784197001252e-16,valid,pass,
0,0,translation,,1.0,torch.float64,4.877269200466658e-18,E3,mp-aaaaahjj,220,1860,2.6645352591003757e-15,1.7763568394002505e-15,valid,pass,
0,0,rotation_1,,1.0,torch.float64,2.8899583291831363e-16,E3,mp-aaaaahjj,220,1860,4.440892098500626e-15,3.9968028886505635e-15,valid,pass,
0,0,rotation_2,,0.9999999999999989,torch.float64,2.220446049250313e-16,E3,mp-aaaaahjj,220,1860,5.329070518200751e-15,2.6645352591003757e-15,valid,pass,
0,0,reflection,,-1.0,torch.float64,4.877269200466658e-18,E3,mp-aaaaahjj,220,1860,2.6645352591003757e-15,1.7763568394002505e-15,valid,pass,
0,0,inversion,,-1.0,torch.float64,4.877269200466658e-18,E3,mp-aaaaahjj,220,1860,2.6645352591003757e-15,1.7763568394002505e-15,valid,pass,
0,0,improper_with_translation,,-1.0,torch.float64,2.8899583291831363e-16,E3,mp-aaaaahjj,220,1860,4.440892098500626e-15,3.9968028886505635e-15,valid,pass,
0,0,permutation,,,torch.float64,0.0,representation,mp-aaaaahjj,220,1860,0.0,0.0,valid,pass,
0,0,integer_images,,,torch.float64,0.0,representation,mp-aaaaahjj,220,1860,0.0,0.0,valid,pass,
0,0,basis_swap,,,torch.float64,1.1102230246251565e-16,representation,mp-aaaaahjj,220,1860,1.7763568394002505e-15,8.881784197001252e-16,valid,pass,
0,0,basis_shear,,,torch.float64,1.6081226403921372e-16,representation,mp-aaaaahjj,220,1860,1.7763568394002505e-15,1.7763568394002505e-15,valid,pass,
0,0,float32_vs_float64,,,torch.float32,,precision,mp-aaaaahjj,220,1860,7.49984153891603e-07,7.366120531315801e-07,valid,pass,
0,0,independent_reference,,,torch.float32,,enumeration,mp-aaaaajdu,256,800,9.614425193760212e-07,1.0193245527645445e-06,valid,pass,
0,0,translation,,1.0,torch.float32,1.1980914901916496e-16,E3,mp-aaaaajdu,256,800,9.5367431640625e-07,9.536743168503392e-07,valid,pass,
0,0,rotation_1,,1.0,torch.float32,5.551115123125783e-16,E3,mp-aaaaajdu,256,800,0.0,8.881784197001252e-16,valid,pass,
0,0,rotation_2,,0.9999999999999989,torch.float32,1.4432899320127035e-15,E3,mp-aaaaajdu,256,800,0.0,8.881784197001252e-16,valid,pass,
0,0,reflection,,-1.0,torch.float32,1.1980914901916496e-16,E3,mp-aaaaajdu,256,800,0.0,6.661338147750939e-16,valid,pass,
0,0,inversion,,-1.0,torch.float32,1.1980914901916496e-16,E3,mp-aaaaajdu,256,800,0.0,6.661338147750939e-16,valid,pass,
0,0,improper_with_translation,,-1.0,torch.float32,5.551115123125783e-16,E3,mp-aaaaajdu,256,800,9.5367431640625e-07,1.4869259832295256e-06,valid,pass,
0,0,permutation,,,torch.float32,0.0,representation,mp-aaaaajdu,256,800,0.0,0.0,valid,pass,
0,0,integer_images,,,torch.float32,0.0,representation,mp-aaaaajdu,256,800,4.291534423828125e-06,4.291534423828125e-06,valid,pass,
0,0,basis_swap,,,torch.float32,6.491675320490607e-08,representation,mp-aaaaajdu,256,800,9.5367431640625e-07,1.013795700721687e-06,valid,pass,
0,0,basis_shear,,,torch.float32,2.3504364565773983e-07,representation,mp-aaaaajdu,256,800,9.5367431640625e-07,1.211832437064686e-06,valid,pass,
0,0,independent_reference,,,torch.float64,,enumeration,mp-aaaaajdu,256,800,1.7763568394002505e-15,1.9984014443252818e-15,valid,pass,
0,0,translation,,1.0,torch.float64,1.7763568394002505e-15,E3,mp-aaaaajdu,256,800,5.329070518200751e-15,3.552713678800501e-15,valid,pass,
0,0,rotation_1,,1.0,torch.float64,1.2212453270876722e-15,E3,mp-aaaaajdu,256,800,7.105427357601002e-15,6.217248937900877e-15,valid,pass,
0,0,rotation_2,,0.9999999999999989,torch.float64,6.661338147750939e-16,E3,mp-aaaaajdu,256,800,7.993605777301127e-15,3.552713678800501e-15,valid,pass,
0,0,reflection,,-1.0,torch.float64,1.7763568394002505e-15,E3,mp-aaaaajdu,256,800,5.329070518200751e-15,2.6645352591003757e-15,valid,pass,
0,0,inversion,,-1.0,torch.float64,1.7763568394002505e-15,E3,mp-aaaaajdu,256,800,5.329070518200751e-15,2.6645352591003757e-15,valid,pass,
0,0,improper_with_translation,,-1.0,torch.float64,1.2212453270876722e-15,E3,mp-aaaaajdu,256,800,5.329070518200751e-15,4.440892098500626e-15,valid,pass,
0,0,permutation,,,torch.float64,0.0,representation,mp-aaaaajdu,256,800,0.0,0.0,valid,pass,
0,0,integer_images,,,torch.float64,0.0,representation,mp-aaaaajdu,256,800,0.0,0.0,valid,pass,
0,0,basis_swap,,,torch.float64,1.7763568394002505e-15,representation,mp-aaaaajdu,256,800,4.440892098500626e-15,1.7763568394002505e-15,valid,pass,
0,0,basis_shear,,,torch.float64,1.1102230246251565e-16,representation,mp-aaaaajdu,256,800,1.7763568394002505e-15,1.7763568394002505e-15,valid,pass,
0,0,float32_vs_float64,,,torch.float32,,precision,mp-aaaaajdu,256,800,1.6233119684017083e-06,1.8602940077272478e-06,valid,pass,
0,0,independent_reference,,,torch.float32,,enumeration,mp-aaaaakuw,293,612,7.577833081029439e-07,7.28900484858741e-07,valid,pass,
0,0,translation,,1.0,torch.float32,1.0237226220116042e-07,E3,mp-aaaaakuw,293,612,9.5367431640625e-07,1.1289695125427102e-06,valid,pass,
0,0,rotation_1,,1.0,torch.float32,8.621323921431667e-08,E3,mp-aaaaakuw,293,612,9.5367431640625e-07,6.650045434319907e-07,valid,pass,
0,0,rotation_2,,0.9999999999999989,torch.float32,7.510574895341904e-08,E3,mp-aaaaakuw,293,612,9.5367431640625e-07,6.643053160892975e-07,valid,pass,
0,0,reflection,,-1.0,torch.float32,1.0237226220116042e-07,E3,mp-aaaaakuw,293,612,9.5367431640625e-07,7.439732305769553e-07,valid,pass,
0,0,inversion,,-1.0,torch.float32,1.0237226220116042e-07,E3,mp-aaaaakuw,293,612,9.5367431640625e-07,7.439732305769553e-07,valid,pass,
0,0,improper_with_translation,,-1.0,torch.float32,8.621323921431667e-08,E3,mp-aaaaakuw,293,612,9.5367431640625e-07,9.888273746483378e-07,valid,pass,
0,0,permutation,,,torch.float32,0.0,representation,mp-aaaaakuw,293,612,0.0,0.0,valid,pass,
0,0,integer_images,,,torch.float32,0.0,representation,mp-aaaaakuw,293,612,1.9073486328125e-06,1.9073486328125e-06,valid,pass,
0,0,basis_swap,,,torch.float32,6.718074355578482e-08,representation,mp-aaaaakuw,293,612,9.5367431640625e-07,6.550910807145982e-07,valid,pass,
0,0,basis_shear,,,torch.float32,7.870246697026315e-08,representation,mp-aaaaakuw,293,612,9.5367431640625e-07,1.2030979528177e-06,valid,pass,
0,0,independent_reference,,,torch.float64,,enumeration,mp-aaaaakuw,293,612,1.7763568394002505e-15,1.7763568394002505e-15,valid,pass,
0,0,translation,,1.0,torch.float64,4.31986610262046e-09,E3,mp-aaaaakuw,293,612,1.3783221675112145e-08,1.7763568394002505e-15,valid,pass,
0,0,rotation_1,,1.0,torch.float64,4.041355912145014e-09,E3,mp-aaaaakuw,293,612,1.3783220786933725e-08,3.552713678800501e-15,valid,pass,
0,0,rotation_2,,0.9999999999999989,torch.float64,4.1497566494186344e-09,E3,mp-aaaaakuw,293,612,1.3783218122398466e-08,2.6645352591003757e-15,valid,pass,
0,0,reflection,,-1.0,torch.float64,4.31986610262046e-09,E3,mp-aaaaakuw,293,612,1.3783220786933725e-08,2.6645352591003757e-15,valid,pass,
0,0,inversion,,-1.0,torch.float64,4.31986610262046e-09,E3,mp-aaaaakuw,293,612,1.3783220786933725e-08,2.6645352591003757e-15,valid,pass,
0,0,improper_with_translation,,-1.0,torch.float64,4.041355912145014e-09,E3,mp-aaaaakuw,293,612,1.3783220786933725e-08,1.7763568394002505e-15,valid,pass,
0,0,permutation,,,torch.float64,0.0,representation,mp-aaaaakuw,293,612,0.0,0.0,valid,pass,
0,0,integer_images,,,torch.float64,0.0,representation,mp-aaaaakuw,293,612,0.0,0.0,valid,pass,
0,0,basis_swap,,,torch.float64,3.3869432690296267e-09,representation,mp-aaaaakuw,293,612,1.3783221675112145e-08,1.7763568394002505e-15,valid,pass,
0,0,basis_shear,,,torch.float64,7.777466536196094e-09,representation,mp-aaaaakuw,293,612,2.8280732422558685e-08,2.6645352591003757e-15,valid,pass,
0,0,float32_vs_float64,,,torch.float32,,precision,mp-aaaaakuw,293,612,8.945069609467282e-07,9.039032393687307e-07,valid,pass,
0,0,independent_reference,,,torch.float32,,enumeration,mp-aaaaamnc,330,272,5.684253343574142e-07,3.6222149901732337e-07,valid,pass,
0,0,translation,,1.0,torch.float32,1.706159664170899e-24,E3,mp-aaaaamnc,330,272,4.76837158203125e-07,2.384185791015625e-07,valid,pass,
0,0,rotation_1,,1.0,torch.float32,5.551115123125783e-16,E3,mp-aaaaamnc,330,272,4.76837158203125e-07,2.3579594987666042e-07,valid,pass,
0,0,rotation_2,,0.9999999999999989,torch.float32,1.4432899320127035e-15,E3,mp-aaaaamnc,330,272,4.76837158203125e-07,2.0567792780035177e-07,valid,pass,
0,0,reflection,,-1.0,torch.float32,1.706159664170899e-24,E3,mp-aaaaamnc,330,272,0.0,1.3234889800848443e-23,valid,pass,
0,0,inversion,,-1.0,torch.float32,1.706159664170899e-24,E3,mp-aaaaamnc,330,272,0.0,1.3234889800848443e-23,valid,pass,
0,0,improper_with_translation,,-1.0,torch.float32,5.551115123125783e-16,E3,mp-aaaaamnc,330,272,9.5367431640625e-07,5.053332987614567e-07,valid,pass,
0,0,permutation,,,torch.float32,0.0,representation,mp-aaaaamnc,330,272,0.0,0.0,valid,pass,
0,0,integer_images,,,torch.float32,0.0,representation,mp-aaaaamnc,330,272,1.430511474609375e-06,9.5367431640625e-07,valid,pass,
0,0,basis_swap,,,torch.float32,2.1094237467877974e-15,representation,mp-aaaaamnc,330,272,0.0,1.7525037154797474e-07,valid,pass,
0,0,basis_shear,,,torch.float32,4.371138706562387e-08,representation,mp-aaaaamnc,330,272,4.76837158203125e-07,4.214684894421339e-07,valid,pass,
0,0,independent_reference,,,torch.float64,,enumeration,mp-aaaaamnc,330,272,8.881784197001252e-16,8.881784197001252e-16,valid,pass,
0,0,translation,,1.0,torch.float64,2.8778164114049078e-33,E3,mp-aaaaamnc,330,272,1.3322676295501878e-15,8.881784197001252e-16,valid,pass,
0,0,rotation_1,,1.0,torch.float64,2.220446049250313e-16,E3,mp-aaaaamnc,330,272,1.7763568394002505e-15,1.3322676295501878e-15,valid,pass,
0,0,rotation_2,,0.9999999999999989,torch.float64,6.661338147750939e-16,E3,mp-aaaaamnc,330,272,3.9968028886505635e-15,1.7763568394002505e-15,valid,pass,
0,0,reflection,,-1.0,torch.float64,2.8778164114049078e-33,E3,mp-aaaaamnc,330,272,8.881784197001252e-16,8.881784197001252e-16,valid,pass,
0,0,inversion,,-1.0,torch.float64,2.8778164114049078e-33,E3,mp-aaaaamnc,330,272,8.881784197001252e-16,8.881784197001252e-16,valid,pass,
0,0,improper_with_translation,,-1.0,torch.float64,2.220446049250313e-16,E3,mp-aaaaamnc,330,272,1.7763568394002505e-15,1.3322676295501878e-15,valid,pass,
0,0,permutation,,,torch.float64,0.0,representation,mp-aaaaamnc,330,272,0.0,0.0,valid,pass,
0,0,integer_images,,,torch.float64,0.0,representation,mp-aaaaamnc,330,272,0.0,0.0,valid,pass,
0,0,basis_swap,,,torch.float64,6.123233886931571e-25,representation,mp-aaaaamnc,330,272,0.0,9.860761315262648e-32,valid,pass,
0,0,basis_shear,,,torch.float64,2.220446049250313e-16,representation,mp-aaaaamnc,330,272,8.881784197001252e-16,8.881784197001252e-16,valid,pass,
0,0,float32_vs_float64,,,torch.float32,,precision,mp-aaaaamnc,330,272,7.221163667026076e-07,4.620466684812641e-07,valid,pass,
0,0,independent_reference,,,torch.float32,,enumeration,mp-aaaaanyb,366,932,7.852561267895908e-07,6.491314934464754e-07,valid,pass,
0,0,translation,,1.0,torch.float32,2.0798434197111249e-07,E3,mp-aaaaanyb,366,932,9.5367431640625e-07,9.536743252880342e-07,valid,pass,
0,0,rotation_1,,1.0,torch.float32,2.036013408979187e-07,E3,mp-aaaaanyb,366,932,9.5367431640625e-07,4.4896885409428933e-07,valid,pass,
0,0,rotation_2,,0.9999999999999989,torch.float32,1.550790915683109e-07,E3,mp-aaaaanyb,366,932,9.5367431640625e-07,4.487527243135503e-07,valid,pass,
0,0,reflection,,-1.0,torch.float32,2.0798434197111249e-07,E3,mp-aaaaanyb,366,932,9.5367431640625e-07,4.768371546504113e-07,valid,pass,
0,0,inversion,,-1.0,torch.float32,2.0798434197111249e-07,E3,mp-aaaaanyb,366,932,9.5367431640625e-07,4.768371546504113e-07,valid,pass,
0,0,improper_with_translation,,-1.0,torch.float32,2.036013408979187e-07,E3,mp-aaaaanyb,366,932,9.5367431640625e-07,5.337069759470126e-07,valid,pass,
0,0,permutation,,,torch.float32,0.0,representation,mp-aaaaanyb,366,932,0.0,0.0,valid,pass,
0,0,integer_images,,,torch.float32,0.0,representation,mp-aaaaanyb,366,932,1.430511474609375e-06,1.1920928955078125e-06,valid,pass,
0,0,basis_swap,,,torch.float32,1.2687891692841902e-07,representation,mp-aaaaanyb,366,932,9.5367431640625e-07,7.007226363597852e-07,valid,pass,
0,0,basis_shear,,,torch.float32,2.092290418698184e-07,representation,mp-aaaaanyb,366,932,9.5367431640625e-07,1.0957550848900155e-06,valid,pass,
0,0,independent_reference,,,torch.float64,,enumeration,mp-aaaaanyb,366,932,1.7763568394002505e-15,1.3322676295501878e-15,valid,pass,
0,0,translation,,1.0,torch.float64,4.082482956895712e-09,E3,mp-aaaaanyb,366,932,1.5284395971093545e-08,2.220446049250313e-15,valid,pass,
0,0,rotation_1,,1.0,torch.float64,3.832201544180534e-09,E3,mp-aaaaanyb,366,932,1.5284395082915125e-08,2.6645352591003757e-15,valid,pass,
0,0,rotation_2,,0.9999999999999989,torch.float64,3.951778126953798e-09,E3,mp-aaaaanyb,366,932,1.5284391530201447e-08,3.552713678800501e-15,valid,pass,
0,0,reflection,,-1.0,torch.float64,4.082482956895712e-09,E3,mp-aaaaanyb,366,932,1.5284395971093545e-08,1.7763568394002505e-15,valid,pass,
0,0,inversion,,-1.0,torch.float64,4.082482956895712e-09,E3,mp-aaaaanyb,366,932,1.5284395971093545e-08,1.7763568394002505e-15,valid,pass,
0,0,improper_with_translation,,-1.0,torch.float64,3.832201544180534e-09,E3,mp-aaaaanyb,366,932,1.5284395082915125e-08,2.220446049250313e-15,valid,pass,
0,0,permutation,,,torch.float64,0.0,representation,mp-aaaaanyb,366,932,0.0,0.0,valid,pass,
0,0,integer_images,,,torch.float64,0.0,representation,mp-aaaaanyb,366,932,0.0,0.0,valid,pass,
0,0,basis_swap,,,torch.float64,3.5355339362730007e-09,representation,mp-aaaaanyb,366,932,1.5284395082915125e-08,8.881784197001252e-16,valid,pass,
0,0,basis_shear,,,torch.float64,4.440892098500626e-16,representation,mp-aaaaanyb,366,932,2.6645352591003757e-15,1.7763568394002505e-15,valid,pass,
0,0,float32_vs_float64,,,torch.float32,,precision,mp-aaaaanyb,366,932,1.104446572419704e-06,8.81056419821391e-07,valid,pass,
0,0,independent_reference,,,torch.float32,,enumeration,mp-aaaaapid,403,154,2.2439982805266823e-07,2.2841223312752845e-07,valid,pass,
0,0,translation,,1.0,torch.float32,2.1183717328235284e-24,E3,mp-aaaaapid,403,154,4.76837158203125e-07,2.384185791015625e-07,valid,pass,
0,0,rotation_1,,1.0,torch.float32,2.4207708716252275e-16,E3,mp-aaaaapid,403,154,0.0,8.881784197001252e-16,valid,pass,
0,0,rotation_2,,0.9999999999999989,torch.float32,1.4432899320127035e-15,E3,mp-aaaaapid,403,154,0.0,8.881784197001252e-16,valid,pass,
0,0,reflection,,-1.0,torch.float32,2.1183717328235284e-24,E3,mp-aaaaapid,403,154,0.0,7.71464940196093e-32,valid,pass,
0,0,inversion,,-1.0,torch.float32,2.1183717328235284e-24,E3,mp-aaaaapid,403,154,0.0,7.71464940196093e-32,valid,pass,
0,0,improper_with_translation,,-1.0,torch.float32,2.4207708716252275e-16,E3,mp-aaaaapid,403,154,0.0,8.881784197001252e-16,valid,pass,
0,0,permutation,,,torch.float32,0.0,representation,mp-aaaaapid,403,154,0.0,0.0,valid,pass,
0,0,integer_images,,,torch.float32,0.0,representation,mp-aaaaapid,403,154,0.0,0.0,valid,pass,
0,0,basis_swap,,,torch.float32,3.5283942766930972e-15,representation,mp-aaaaapid,403,154,0.0,1.1420613077461894e-07,valid,pass,
0,0,basis_shear,,,torch.float32,7.775126142917088e-08,representation,mp-aaaaapid,403,154,4.76837158203125e-07,3.371748018565768e-07,valid,pass,
0,0,independent_reference,,,torch.float64,,enumeration,mp-aaaaapid,403,154,8.881784197001252e-16,4.440892098500626e-16,valid,pass,
0,0,translation,,1.0,torch.float64,4.8772058114751454e-33,E3,mp-aaaaapid,403,154,4.440892098500626e-16,4.440892098500626e-16,valid,pass,
0,0,rotation_1,,1.0,torch.float64,1.1102230246251565e-16,E3,mp-aaaaapid,403,154,1.7763568394002505e-15,1.3322676295501878e-15,valid,pass,
0,0,rotation_2,,0.9999999999999989,torch.float64,3.3306690738754696e-16,E3,mp-aaaaapid,403,154,4.440892098500626e-15,1.5543122344752192e-15,valid,pass,
0,0,reflection,,-1.0,torch.float64,4.8772058114751454e-33,E3,mp-aaaaapid,403,154,8.881784197001252e-16,4.440892098500626e-16,valid,pass,
0,0,inversion,,-1.0,torch.float64,4.8772058114751454e-33,E3,mp-aaaaapid,403,154,8.881784197001252e-16,4.440892098500626e-16,valid,pass,
0,0,improper_with_translation,,-1.0,torch.float64,1.1102230246251565e-16,E3,mp-aaaaapid,403,154,2.6645352591003757e-15,1.7763568394002505e-15,valid,pass,
0,0,permutation,,,torch.float64,0.0,representation,mp-aaaaapid,403,154,0.0,0.0,valid,pass,
0,0,integer_images,,,torch.float64,0.0,representation,mp-aaaaapid,403,154,0.0,0.0,valid,pass,
0,0,basis_swap,,,torch.float64,6.123233838357675e-25,representation,mp-aaaaapid,403,154,0.0,4.930380657631324e-32,valid,pass,
0,0,basis_shear,,,torch.float64,2.220446049250313e-16,representation,mp-aaaaapid,403,154,8.881784197001252e-16,8.881784197001252e-16,valid,pass,
0,0,float32_vs_float64,,,torch.float32,,precision,mp-aaaaapid,403,154,1.4724206032212805e-07,3.426183643820984e-07,valid,pass,
0,0,independent_reference,,,torch.float32,,enumeration,mp-aaaaaqrn,440,508,5.492314736343928e-07,3.0457923472226867e-07,valid,pass,
0,0,translation,,1.0,torch.float32,3.060179941628497e-24,E3,mp-aaaaaqrn,440,508,4.76837158203125e-07,2.384185791015625e-07,valid,pass,
0,0,rotation_1,,1.0,torch.float32,4.440892098500626e-16,E3,mp-aaaaaqrn,440,508,0.0,8.881784197001252e-16,valid,pass,
0,0,rotation_2,,0.9999999999999989,torch.float32,1.4432899320127035e-15,E3,mp-aaaaaqrn,440,508,0.0,8.881784197001252e-16,valid,pass,
0,0,reflection,,-1.0,torch.float32,3.060179941628497e-24,E3,mp-aaaaaqrn,440,508,0.0,2.6469779601696886e-23,valid,pass,
0,0,inversion,,-1.0,torch.float32,3.060179941628497e-24,E3,mp-aaaaaqrn,440,508,0.0,2.6469779601696886e-23,valid,pass,
0,0,improper_with_translation,,-1.0,torch.float32,4.440892098500626e-16,E3,mp-aaaaaqrn,440,508,2.384185791015625e-07,1.0590367249818655e-07,valid,pass,
0,0,permutation,,,torch.float32,0.0,representation,mp-aaaaaqrn,440,508,0.0,0.0,valid,pass,
0,0,integer_images,,,torch.float32,0.0,representation,mp-aaaaaqrn,440,508,0.0,0.0,valid,pass,
0,0,basis_swap,,,torch.float32,1.9984014443252818e-15,representation,mp-aaaaaqrn,440,508,4.76837158203125e-07,1.0609728562371856e-07,valid,pass,
0,0,basis_shear,,,torch.float32,4.371138899614508e-08,representation,mp-aaaaaqrn,440,508,9.5367431640625e-07,6.655275486266987e-07,valid,pass,
0,0,independent_reference,,,torch.float64,,enumeration,mp-aaaaaqrn,440,508,8.881784197001252e-16,8.881784197001252e-16,valid,pass,
0,0,translation,,1.0,torch.float64,5.897178819504497e-33,E3,mp-aaaaaqrn,440,508,8.881784197001252e-16,8.881784197001252e-16,valid,pass,
0,0,rotation_1,,1.0,torch.float64,3.3306690738754696e-16,E3,mp-aaaaaqrn,440,508,2.6645352591003757e-15,1.7763568394002505e-15,valid,pass,
0,0,rotation_2,,0.9999999999999989,torch.float64,2.220446049250313e-16,E3,mp-aaaaaqrn,440,508,5.329070518200751e-15,1.3322676295501878e-15,valid,pass,
0,0,reflection,,-1.0,torch.float64,5.897178819504497e-33,E3,mp-aaaaaqrn,440,508,1.7763568394002505e-15,1.347379147315458e-15,valid,pass,
0,0,inversion,,-1.0,torch.float64,5.897178819504497e-33,E3,mp-aaaaaqrn,440,508,1.7763568394002505e-15,1.347379147315458e-15,valid,pass,
0,0,improper_with_translation,,-1.0,torch.float64,3.3306690738754696e-16,E3,mp-aaaaaqrn,440,508,2.6645352591003757e-15,1.7763568394002505e-15,valid,pass,
0,0,permutation,,,torch.float64,0.0,representation,mp-aaaaaqrn,440,508,0.0,0.0,valid,pass,
0,0,integer_images,,,torch.float64,0.0,representation,mp-aaaaaqrn,440,508,0.0,0.0,valid,pass,
0,0,basis_swap,,,torch.float64,6.123233868649261e-25,representation,mp-aaaaaqrn,440,508,8.881784197001252e-16,4.930380657631324e-32,valid,pass,
0,0,basis_shear,,,torch.float64,4.440892098500626e-16,representation,mp-aaaaaqrn,440,508,1.7763568394002505e-15,1.3322676295501878e-15,valid,pass,
0,0,float32_vs_float64,,,torch.float32,,precision,mp-aaaaaqrn,440,508,4.242201798732026e-07,4.768371590913034e-07,valid,pass,
0,0,independent_reference,,,torch.float32,,enumeration,mp-aaaaasij,477,500,7.071365937250107e-07,6.339726521531475e-07,valid,pass,
0,0,translation,,1.0,torch.float32,8.903982157267337e-17,E3,mp-aaaaasij,477,500,9.5367431640625e-07,9.5367431640625e-07,valid,pass,
0,0,rotation_1,,1.0,torch.float32,3.4077550774195223e-16,E3,mp-aaaaasij,477,500,9.5367431640625e-07,6.877811116190458e-07,valid,pass,
0,0,rotation_2,,0.9999999999999989,torch.float32,1.5543122344752192e-15,E3,mp-aaaaasij,477,500,0.0,1.7763568394002505e-15,valid,pass,
0,0,reflection,,-1.0,torch.float32,8.903982157267337e-17,E3,mp-aaaaasij,477,500,0.0,4.440892098500626e-16,valid,pass,
0,0,inversion,,-1.0,torch.float32,8.903982157267337e-17,E3,mp-aaaaasij,477,500,0.0,4.440892098500626e-16,valid,pass,
0,0,improper_with_translation,,-1.0,torch.float32,3.4077550774195223e-16,E3,mp-aaaaasij,477,500,9.5367431640625e-07,9.565747429718385e-07,valid,pass,
0,0,permutation,,,torch.float32,0.0,representation,mp-aaaaasij,477,500,0.0,0.0,valid,pass,
0,0,integer_images,,,torch.float32,0.0,representation,mp-aaaaasij,477,500,1.430511474609375e-06,1.6689300537109375e-06,valid,pass,
0,0,basis_swap,,,torch.float32,3.854974695016722e-08,representation,mp-aaaaasij,477,500,7.152557373046875e-07,7.254951466251214e-07,valid,pass,
0,0,basis_shear,,,torch.float32,4.4766659934580844e-07,representation,mp-aaaaasij,477,500,1.9073486328125e-06,8.591672697733088e-07,valid,pass,
0,0,independent_reference,,,torch.float64,,enumeration,mp-aaaaasij,477,500,1.7763568394002505e-15,1.7763568394002505e-15,valid,pass,
0,0,translation,,1.0,torch.float64,1.0053036847423868e-08,E3,mp-aaaaasij,477,500,3.642750190380184e-08,1.7763568394002505e-15,valid,pass,
0,0,rotation_1,,1.0,torch.float64,1.181774378355982e-08,E3,mp-aaaaasij,477,500,3.642750190380184e-08,2.3314683517128287e-15,valid,pass,
0,0,rotation_2,,0.9999999999999989,torch.float64,1.2541261362741807e-08,E3,mp-aaaaasij,477,500,3.64275045683371e-08,2.6645352591003757e-15,valid,pass,
0,0,reflection,,-1.0,torch.float64,1.0053036847423868e-08,E3,mp-aaaaasij,477,500,3.642750190380184e-08,1.7763568394002505e-15,valid,pass,
0,0,inversion,,-1.0,torch.float64,1.0053036847423868e-08,E3,mp-aaaaasij,477,500,3.642750190380184e-08,1.7763568394002505e-15,valid,pass,
0,0,improper_with_translation,,-1.0,torch.float64,1.181774378355982e-08,E3,mp-aaaaasij,477,500,3.642750190380184e-08,2.6645352591003757e-15,valid,pass,
0,0,permutation,,,torch.float64,0.0,representation,mp-aaaaasij,477,500,0.0,0.0,valid,pass,
0,0,integer_images,,,torch.float64,0.0,representation,mp-aaaaasij,477,500,0.0,0.0,valid,pass,
0,0,basis_swap,,,torch.float64,1.0053036847423868e-08,representation,mp-aaaaasij,477,500,3.644234158883819e-08,1.7763568394002505e-15,valid,pass,
0,0,basis_shear,,,torch.float64,4.440892098500626e-16,representation,mp-aaaaasij,477,500,2.6645352591003757e-15,1.7763568394002505e-15,valid,pass,
0,0,float32_vs_float64,,,torch.float32,,precision,mp-aaaaasij,477,500,8.673206819409529e-07,8.885618369980364e-07,valid,pass,
0,0,independent_reference,,,torch.float32,,enumeration,mp-aaaaauqi,513,5024,8.265679634078538e-07,7.973852911291601e-07,valid,pass,
0,0,translation,,1.0,torch.float32,4.295021445166469e-07,E3,mp-aaaaauqi,513,5024,1.9073486328125e-06,1.2315528019612998e-06,valid,pass,
0,0,rotation_1,,1.0,torch.float32,4.2884241868712536e-07,E3,mp-aaaaauqi,513,5024,1.9073486328125e-06,7.162169870511548e-07,valid,pass,
0,0,rotation_2,,0.9999999999999989,torch.float32,5.220762908653143e-07,E3,mp-aaaaauqi,513,5024,1.9073486328125e-06,5.899026462863333e-07,valid,pass,
0,0,reflection,,-1.0,torch.float32,4.295021445166469e-07,E3,mp-aaaaauqi,513,5024,1.9073486328125e-06,6.556510925292969e-07,valid,pass,
0,0,inversion,,-1.0,torch.float32,4.295021445166469e-07,E3,mp-aaaaauqi,513,5024,1.9073486328125e-06,6.556510925292969e-07,valid,pass,
0,0,improper_with_translation,,-1.0,torch.float32,4.2884241868712536e-07,E3,mp-aaaaauqi,513,5024,1.9073486328125e-06,9.385082497814778e-07,valid,pass,
0,0,permutation,,,torch.float32,0.0,representation,mp-aaaaauqi,513,5024,0.0,0.0,valid,pass,
0,0,integer_images,,,torch.float32,0.0,representation,mp-aaaaauqi,513,5024,2.86102294921875e-06,3.814697265625e-06,valid,pass,
0,0,basis_swap,,,torch.float32,4.295021445166469e-07,representation,mp-aaaaauqi,513,5024,1.9073486328125e-06,1.0452927368120868e-06,valid,pass,
0,0,basis_shear,,,torch.float32,4.295021445166469e-07,representation,mp-aaaaauqi,513,5024,1.9073486328125e-06,8.983988255550912e-07,valid,pass,
0,0,independent_reference,,,torch.float64,,enumeration,mp-aaaaauqi,513,5024,2.220446049250313e-15,2.6645352591003757e-15,valid,pass,
0,0,translation,,1.0,torch.float64,7.071069951791742e-09,E3,mp-aaaaauqi,513,5024,3.133613546424385e-08,3.1086244689504383e-15,valid,pass,
0,0,rotation_1,,1.0,torch.float64,8.63057458833083e-09,E3,mp-aaaaauqi,513,5024,3.133613635242227e-08,3.552713678800501e-15,valid,pass,
0,0,rotation_2,,0.9999999999999989,torch.float64,9.632578512608347e-09,E3,mp-aaaaauqi,513,5024,3.133613457606543e-08,3.552713678800501e-15,valid,pass,
0,0,reflection,,-1.0,torch.float64,7.071069951791742e-09,E3,mp-aaaaauqi,513,5024,3.133613546424385e-08,3.552713678800501e-15,valid,pass,
0,0,inversion,,-1.0,torch.float64,7.071069951791742e-09,E3,mp-aaaaauqi,513,5024,3.133613546424385e-08,3.552713678800501e-15,valid,pass,
0,0,improper_with_translation,,-1.0,torch.float64,8.63057458833083e-09,E3,mp-aaaaauqi,513,5024,3.133613546424385e-08,3.552713678800501e-15,valid,pass,
0,0,permutation,,,torch.float64,0.0,representation,mp-aaaaauqi,513,5024,0.0,0.0,valid,pass,
0,0,integer_images,,,torch.float64,0.0,representation,mp-aaaaauqi,513,5024,0.0,0.0,valid,pass,
0,0,basis_swap,,,torch.float64,7.071069951791742e-09,representation,mp-aaaaauqi,513,5024,3.133613457606543e-08,1.7763568394002505e-15,valid,pass,
0,0,basis_shear,,,torch.float64,3.036971220901139e-16,representation,mp-aaaaauqi,513,5024,1.7763568394002505e-15,1.7763568394002505e-15,valid,pass,
0,0,float32_vs_float64,,,torch.float32,,precision,mp-aaaaauqi,513,5024,1.4279991740195896e-06,1.291892176791265e-06,valid,pass,
0,0,independent_reference,,,torch.float32,,enumeration,mp-aaaaayfl,550,56,4.222277105725425e-07,2.980232238769531e-07,valid,pass,
0,0,translation,,1.0,torch.float32,2.475078029387572e-17,E3,mp-aaaaayfl,550,56,0.0,2.220446049250313e-16,valid,pass,
0,0,rotation_1,,1.0,torch.float32,5.551115123125783e-16,E3,mp-aaaaayfl,550,56,0.0,1.3322676295501878e-15,valid,pass,
0,0,rotation_2,,0.9999999999999989,torch.float32,1.3322676295501878e-15,E3,mp-aaaaayfl,550,56,0.0,8.881784197001252e-16,valid,pass,
0,0,reflection,,-1.0,torch.float32,2.475078029387572e-17,E3,mp-aaaaayfl,550,56,0.0,2.220446049250313e-16,valid,pass,
0,0,inversion,,-1.0,torch.float32,2.475078029387572e-17,E3,mp-aaaaayfl,550,56,0.0,2.220446049250313e-16,valid,pass,
0,0,improper_with_translation,,-1.0,torch.float32,5.551115123125783e-16,E3,mp-aaaaayfl,550,56,0.0,1.3322676295501878e-15,valid,pass,
0,0,permutation,,,torch.float32,0.0,representation,mp-aaaaayfl,550,56,0.0,0.0,valid,pass,
0,0,integer_images,,,torch.float32,0.0,representation,mp-aaaaayfl,550,56,0.0,0.0,valid,pass,
0,0,basis_swap,,,torch.float32,7.113931754787473e-08,representation,mp-aaaaayfl,550,56,4.76837158203125e-07,4.3106381486524015e-07,valid,pass,
0,0,basis_shear,,,torch.float32,1.903226776369489e-07,representation,mp-aaaaayfl,550,56,9.5367431640625e-07,4.866515785906245e-07,valid,pass,
0,0,independent_reference,,,torch.float64,,enumeration,mp-aaaaayfl,550,56,8.881784197001252e-16,1.3322676295501878e-15,valid,pass,
0,0,translation,,1.0,torch.float64,4.082482854445613e-09,E3,mp-aaaaayfl,550,56,1.4122230496127486e-08,2.6645352591003757e-15,valid,pass,
0,0,rotation_1,,1.0,torch.float64,3.832201498620567e-09,E3,mp-aaaaayfl,550,56,1.4122229607949066e-08,2.220446049250313e-15,valid,pass,
0,0,rotation_2,,0.9999999999999989,torch.float64,3.951778460020705e-09,E3,mp-aaaaayfl,550,56,1.4122226943413807e-08,1.3322676295501878e-15,valid,pass,
0,0,reflection,,-1.0,torch.float64,4.082482854445613e-09,E3,mp-aaaaayfl,550,56,1.4122230496127486e-08,8.881784197001252e-16,valid,pass,
0,0,inversion,,-1.0,torch.float64,4.082482854445613e-09,E3,mp-aaaaayfl,550,56,1.4122230496127486e-08,8.881784197001252e-16,valid,pass,
0,0,improper_with_translation,,-1.0,torch.float64,3.832201498620567e-09,E3,mp-aaaaayfl,550,56,1.4122229607949066e-08,1.7763568394002505e-15,valid,pass,
0,0,permutation,,,torch.float64,0.0,representation,mp-aaaaayfl,550,56,0.0,0.0,valid,pass,
0,0,integer_images,,,torch.float64,0.0,representation,mp-aaaaayfl,550,56,0.0,0.0,valid,pass,
0,0,basis_swap,,,torch.float64,3.535533788595163e-09,representation,mp-aaaaayfl,550,56,1.4122230496127486e-08,1.3322676295501878e-15,valid,pass,
0,0,basis_shear,,,torch.float64,6.661338147750939e-16,representation,mp-aaaaayfl,550,56,1.7763568394002505e-15,1.065023222359854e-15,valid,pass,
0,0,float32_vs_float64,,,torch.float32,,precision,mp-aaaaayfl,550,56,3.854476782194638e-07,5.453792675247371e-07,valid,pass,
0,0,independent_reference,,,torch.float32,,enumeration,mp-aaaabayd,587,2568,9.801512854679117e-07,7.73559062139384e-07,valid,pass,
0,0,translation,,1.0,torch.float32,5.37000534475567e-17,E3,mp-aaaabayd,587,2568,9.5367431640625e-07,1.430511474609375e-06,valid,pass,
0,0,rotation_1,,1.0,torch.float32,3.682257690566182e-16,E3,mp-aaaabayd,587,2568,0.0,8.881784197001252e-16,valid,pass,
0,0,rotation_2,,0.9999999999999989,torch.float32,1.4432899320127035e-15,E3,mp-aaaabayd,587,2568,0.0,8.881784197001252e-16,valid,pass,
0,0,reflection,,-1.0,torch.float32,5.37000534475567e-17,E3,mp-aaaabayd,587,2568,0.0,4.440892098500626e-16,valid,pass,
0,0,inversion,,-1.0,torch.float32,5.37000534475567e-17,E3,mp-aaaabayd,587,2568,0.0,4.440892098500626e-16,valid,pass,
0,0,improper_with_translation,,-1.0,torch.float32,3.682257690566182e-16,E3,mp-aaaabayd,587,2568,9.5367431640625e-07,9.54630959837388e-07,valid,pass,
0,0,permutation,,,torch.float32,0.0,representation,mp-aaaabayd,587,2568,0.0,0.0,valid,pass,
0,0,integer_images,,,torch.float32,0.0,representation,mp-aaaabayd,587,2568,3.814697265625e-06,3.814697265625e-06,valid,pass,
0,0,basis_swap,,,torch.float32,6.012727182051736e-08,representation,mp-aaaabayd,587,2568,9.5367431640625e-07,8.091830308032399e-07,valid,pass,
0,0,basis_shear,,,torch.float32,1.2043333685873847e-07,representation,mp-aaaabayd,587,2568,1.430511474609375e-06,1.2203336110516716e-06,valid,pass,
0,0,independent_reference,,,torch.float64,,enumeration,mp-aaaabayd,587,2568,1.7763568394002505e-15,2.220446049250313e-15,valid,pass,
0,0,translation,,1.0,torch.float64,4.921772352873887e-09,E3,mp-aaaabayd,587,2568,2.048346292582437e-08,4.107825191113079e-15,valid,pass,
0,0,rotation_1,,1.0,torch.float64,4.666974829406615e-09,E3,mp-aaaabayd,587,2568,2.048346470218121e-08,4.551914400963142e-15,valid,pass,
0,0,rotation_2,,0.9999999999999989,torch.float64,4.873358050438981e-09,E3,mp-aaaabayd,587,2568,2.048346203764595e-08,5.329070518200751e-15,valid,pass,
0,0,reflection,,-1.0,torch.float64,4.921772352873887e-09,E3,mp-aaaabayd,587,2568,2.048346292582437e-08,4.440892098500626e-15,valid,pass,
0,0,inversion,,-1.0,torch.float64,4.921772352873887e-09,E3,mp-aaaabayd,587,2568,2.048346292582437e-08,4.440892098500626e-15,valid,pass,
0,0,improper_with_translation,,-1.0,torch.float64,4.666974829406615e-09,E3,mp-aaaabayd,587,2568,2.048346470218121e-08,4.440892098500626e-15,valid,pass,
0,0,permutation,,,torch.float64,0.0,representation,mp-aaaabayd,587,2568,0.0,0.0,valid,pass,
0,0,integer_images,,,torch.float64,0.0,representation,mp-aaaabayd,587,2568,0.0,0.0,valid,pass,
0,0,basis_swap,,,torch.float64,3.983155279946409e-09,representation,mp-aaaabayd,587,2568,2.048346381400279e-08,1.7763568394002505e-15,valid,pass,
0,0,basis_shear,,,torch.float64,8.881784197001252e-16,representation,mp-aaaabayd,587,2568,5.329070518200751e-15,1.9984014443252818e-15,valid,pass,
0,0,float32_vs_float64,,,torch.float32,,precision,mp-aaaabayd,587,2568,9.389842867690845e-07,1.1199894749402972e-06,valid,pass,
0,0,independent_reference,,,torch.float32,,enumeration,mp-aaaabdkd,623,232,4.097082522136475e-07,3.3414218592042744e-07,valid,pass,
0,0,translation,,1.0,torch.float32,4.549187754934259e-24,E3,mp-aaaabdkd,623,232,0.0,2.6469779601696886e-23,valid,pass,
0,0,rotation_1,,1.0,torch.float32,5.551115123125783e-16,E3,mp-aaaabdkd,623,232,4.76837158203125e-07,2.3579595032074963e-07,valid,pass,
0,0,rotation_2,,0.9999999999999989,torch.float32,1.4432899320127035e-15,E3,mp-aaaabdkd,623,232,4.76837158203125e-07,2.0567792802239637e-07,valid,pass,
0,0,reflection,,-1.0,torch.float32,4.549187754934259e-24,E3,mp-aaaabdkd,623,232,0.0,2.6469779601696886e-23,valid,pass,
0,0,inversion,,-1.0,torch.float32,4.549187754934259e-24,E3,mp-aaaabdkd,623,232,0.0,2.6469779601696886e-23,valid,pass,
0,0,improper_with_translation,,-1.0,torch.float32,5.551115123125783e-16,E3,mp-aaaabdkd,623,232,2.384185791015625e-07,1.0590367249818655e-07,valid,pass,
0,0,permutation,,,torch.float32,0.0,representation,mp-aaaabdkd,623,232,0.0,0.0,valid,pass,
0,0,integer_images,,,torch.float32,0.0,representation,mp-aaaabdkd,623,232,9.5367431640625e-07,9.5367431640625e-07,valid,pass,
0,0,basis_swap,,,torch.float32,1.9984014443252818e-15,representation,mp-aaaabdkd,623,232,4.76837158203125e-07,8.723816113942462e-08,valid,pass,
0,0,basis_shear,,,torch.float32,1.1871154304010645e-07,representation,mp-aaaabdkd,623,232,4.76837158203125e-07,4.912996494077504e-07,valid,pass,
0,0,independent_reference,,,torch.float64,,enumeration,mp-aaaabdkd,623,232,8.881784197001252e-16,8.881784197001252e-16,valid,pass,
0,0,translation,,1.0,torch.float64,4.252969747072124e-33,E3,mp-aaaabdkd,623,232,8.881784197001252e-16,4.440892098500626e-16,valid,pass,
0,0,rotation_1,,1.0,torch.float64,3.593588129325112e-16,E3,mp-aaaabdkd,623,232,2.6645352591003757e-15,8.881784197001252e-16,valid,pass,
0,0,rotation_2,,0.9999999999999989,torch.float64,3.3306690738754696e-16,E3,mp-aaaabdkd,623,232,5.329070518200751e-15,1.7763568394002505e-15,valid,pass,
0,0,reflection,,-1.0,torch.float64,4.252969747072124e-33,E3,mp-aaaabdkd,623,232,8.881784197001252e-16,4.440892098500626e-16,valid,pass,
0,0,inversion,,-1.0,torch.float64,4.252969747072124e-33,E3,mp-aaaabdkd,623,232,8.881784197001252e-16,4.440892098500626e-16,valid,pass,
0,0,improper_with_translation,,-1.0,torch.float64,3.593588129325112e-16,E3,mp-aaaabdkd,623,232,2.6645352591003757e-15,1.7763568394002505e-15,valid,pass,
0,0,permutation,,,torch.float64,0.0,representation,mp-aaaabdkd,623,232,0.0,0.0,valid,pass,
0,0,integer_images,,,torch.float64,0.0,representation,mp-aaaabdkd,623,232,0.0,0.0,valid,pass,
0,0,basis_swap,,,torch.float64,6.123233897975842e-25,representation,mp-aaaabdkd,623,232,0.0,9.860761315262648e-32,valid,pass,
0,0,basis_shear,,,torch.float64,4.440892098500626e-16,representation,mp-aaaabdkd,623,232,8.881784197001252e-16,4.909983430127573e-16,valid,pass,
0,0,float32_vs_float64,,,torch.float32,,precision,mp-aaaabdkd,623,232,5.839938008733725e-07,4.768720973657992e-07,valid,pass,
0,0,independent_reference,,,torch.float32,,enumeration,mp-aaaabeye,660,780,7.261076717668402e-07,6.140022952294544e-07,valid,pass,
0,0,translation,,1.0,torch.float32,2.5919911218032003e-24,E3,mp-aaaabeye,660,780,4.76837158203125e-07,4.76837158203125e-07,valid,pass,
0,0,rotation_1,,1.0,torch.float32,4.440892098500626e-16,E3,mp-aaaabeye,660,780,0.0,8.881784197001252e-16,valid,pass,
0,0,rotation_2,,0.9999999999999989,torch.float32,1.3322676295501878e-15,E3,mp-aaaabeye,660,780,0.0,8.881784197001252e-16,valid,pass,
0,0,reflection,,-1.0,torch.float32,2.5919911218032003e-24,E3,mp-aaaabeye,660,780,0.0,2.6469779601696886e-23,valid,pass,
0,0,inversion,,-1.0,torch.float32,2.5919911218032003e-24,E3,mp-aaaabeye,660,780,0.0,2.6469779601696886e-23,valid,pass,
0,0,improper_with_translation,,-1.0,torch.float32,4.440892098500626e-16,E3,mp-aaaabeye,660,780,9.5367431640625e-07,4.7681617765249484e-07,valid,pass,
0,0,permutation,,,torch.float32,0.0,representation,mp-aaaabeye,660,780,0.0,0.0,valid,pass,
0,0,integer_images,,,torch.float32,0.0,representation,mp-aaaabeye,660,780,9.5367431640625e-07,9.5367431640625e-07,valid,pass,
0,0,basis_swap,,,torch.float32,2.1094237467877974e-15,representation,mp-aaaabeye,660,780,4.76837158203125e-07,1.1748130113176103e-07,valid,pass,
0,0,basis_shear,,,torch.float32,1.0561623819960175e-07,representation,mp-aaaabeye,660,780,4.76837158203125e-07,7.079444479529684e-07,valid,pass,
0,0,independent_reference,,,torch.float64,,enumeration,mp-aaaabeye,660,780,8.881784197001252e-16,8.881784197001252e-16,valid,pass,
0,0,translation,,1.0,torch.float64,2.597513094844269e-33,E3,mp-aaaabeye,660,780,1.7763568394002505e-15,1.3322676295501878e-15,valid,pass,
0,0,rotation_1,,1.0,torch.float64,2.220446049250313e-16,E3,mp-aaaabeye,660,780,3.552713678800501e-15,2.6645352591003757e-15,valid,pass,
0,0,rotation_2,,0.9999999999999989,torch.float64,4.440892098500626e-16,E3,mp-aaaabeye,660,780,5.329070518200751e-15,2.220446049250313e-15,valid,pass,
0,0,reflection,,-1.0,torch.float64,2.597513094844269e-33,E3,mp-aaaabeye,660,780,8.881784197001252e-16,8.881784197001252e-16,valid,pass,
0,0,inversion,,-1.0,torch.float64,2.597513094844269e-33,E3,mp-aaaabeye,660,780,8.881784197001252e-16,8.881784197001252e-16,valid,pass,
0,0,improper_with_translation,,-1.0,torch.float64,2.220446049250313e-16,E3,mp-aaaabeye,660,780,3.552713678800501e-15,2.6645352591003757e-15,valid,pass,
0,0,permutation,,,torch.float64,0.0,representation,mp-aaaabeye,660,780,0.0,0.0,valid,pass,
0,0,integer_images,,,torch.float64,0.0,representation,mp-aaaabeye,660,780,0.0,0.0,valid,pass,
0,0,basis_swap,,,torch.float64,6.123233865573018e-25,representation,mp-aaaabeye,660,780,8.881784197001252e-16,1.0384317095164088e-33,valid,pass,
0,0,basis_shear,,,torch.float64,2.220446049250313e-16,representation,mp-aaaabeye,660,780,8.881784197001252e-16,1.7763568394002505e-15,valid,pass,
0,0,float32_vs_float64,,,torch.float32,,precision,mp-aaaabeye,660,780,6.811592019317914e-07,5.438403154478522e-07,valid,pass,
0,0,independent_reference,,,torch.float32,,enumeration,mp-aaaabhlq,697,232,5.173018351456449e-07,3.5762786865234375e-07,valid,pass,
0,0,translation,,1.0,torch.float32,5.506556392364534e-17,E3,mp-aaaabhlq,697,232,4.76837158203125e-07,4.76837158203125e-07,valid,pass,
0,0,rotation_1,,1.0,torch.float32,5.551115123125783e-16,E3,mp-aaaabhlq,697,232,0.0,8.881784197001252e-16,valid,pass,
0,0,rotation_2,,0.9999999999999989,torch.float32,1.6653345369377348e-15,E3,mp-aaaabhlq,697,232,0.0,8.881784197001252e-16,valid,pass,
0,0,reflection,,-1.0,torch.float32,5.506556392364534e-17,E3,mp-aaaabhlq,697,232,0.0,3.0860396059613233e-16,valid,pass,
0,0,inversion,,-1.0,torch.float32,5.506556392364534e-17,E3,mp-aaaabhlq,697,232,0.0,3.0860396059613233e-16,valid,pass,
0,0,improper_with_translation,,-1.0,torch.float32,5.551115123125783e-16,E3,mp-aaaabhlq,697,232,4.76837158203125e-07,2.1311175139523963e-07,valid,pass,
0,0,permutation,,,torch.float32,0.0,representation,mp-aaaabhlq,697,232,0.0,0.0,valid,pass,
0,0,integer_images,,,torch.float32,0.0,representation,mp-aaaabhlq,697,232,0.0,0.0,valid,pass,
0,0,basis_swap,,,torch.float32,4.1709291132008275e-08,representation,mp-aaaabhlq,697,232,4.76837158203125e-07,3.874301883755038e-07,valid,pass,
0,0,basis_shear,,,torch.float32,1.7788489548031805e-07,representation,mp-aaaabhlq,697,232,9.5367431640625e-07,3.5762790107085607e-07,valid,pass,
0,0,independent_reference,,,torch.float64,,enumeration,mp-aaaabhlq,697,232,8.881784197001252e-16,1.7763568394002505e-15,valid,pass,
0,0,translation,,1.0,torch.float64,4.082482924525879e-09,E3,mp-aaaabhlq,697,232,1.2454001385719948e-08,1.0012193737295153e-15,valid,pass,
0,0,rotation_1,,1.0,torch.float64,3.832201513501908e-09,E3,mp-aaaabhlq,697,232,1.2454001385719948e-08,3.1086244689504383e-15,valid,pass,
0,0,rotation_2,,0.9999999999999989,torch.float64,3.9517785710430076e-09,E3,mp-aaaabhlq,697,232,1.2453999609363109e-08,2.6645352591003757e-15,valid,pass,
0,0,reflection,,-1.0,torch.float64,4.082482924525879e-09,E3,mp-aaaabhlq,697,232,1.2454001385719948e-08,1.7763568394002505e-15,valid,pass,
0,0,inversion,,-1.0,torch.float64,4.082482924525879e-09,E3,mp-aaaabhlq,697,232,1.2454001385719948e-08,1.7763568394002505e-15,valid,pass,
0,0,improper_with_translation,,-1.0,torch.float64,3.832201513501908e-09,E3,mp-aaaabhlq,697,232,1.2454001385719948e-08,2.6645352591003757e-15,valid,pass,
0,0,permutation,,,torch.float64,0.0,representation,mp-aaaabhlq,697,232,0.0,0.0,valid,pass,
0,0,integer_images,,,torch.float64,0.0,representation,mp-aaaabhlq,697,232,0.0,0.0,valid,pass,
0,0,basis_swap,,,torch.float64,3.5355338781836615e-09,representation,mp-aaaabhlq,697,232,1.2454001385719948e-08,8.881784197001252e-16,valid,pass,
0,0,basis_shear,,,torch.float64,4.440892098500626e-16,representation,mp-aaaabhlq,697,232,8.881784197001252e-16,8.881784197001252e-16,valid,pass,
0,0,float32_vs_float64,,,torch.float32,,precision,mp-aaaabhlq,697,232,6.053732723998451e-07,4.834137525833171e-07,valid,pass,
0,0,independent_reference,,,torch.float32,,enumeration,mp-aaaabiql,733,384,5.019070279388416e-07,5.019070385969826e-07,valid,pass,
0,0,translation,,1.0,torch.float32,3.2950875660444802e-24,E3,mp-aaaabiql,733,384,9.5367431640625e-07,9.5367431640625e-07,valid,pass,
0,0,rotation_1,,1.0,torch.float32,3.3306690738754696e-16,E3,mp-aaaabiql,733,384,2.384185791015625e-07,4.715918984210532e-07,valid,pass,
0,0,rotation_2,,0.9999999999999989,torch.float32,1.3322676295501878e-15,E3,mp-aaaabiql,733,384,4.76837158203125e-07,4.113558551566143e-07,valid,pass,
0,0,reflection,,-1.0,torch.float32,3.2950875660444802e-24,E3,mp-aaaabiql,733,384,4.76837158203125e-07,2.384185791015625e-07,valid,pass,
0,0,inversion,,-1.0,torch.float32,3.2950875660444802e-24,E3,mp-aaaabiql,733,384,4.76837158203125e-07,2.384185791015625e-07,valid,pass,
0,0,improper_with_translation,,-1.0,torch.float32,3.3306690738754696e-16,E3,mp-aaaabiql,733,384,4.76837158203125e-07,4.2622350271415144e-07,valid,pass,
0,0,permutation,,,torch.float32,0.0,representation,mp-aaaabiql,733,384,0.0,0.0,valid,pass,
0,0,integer_images,,,torch.float32,0.0,representation,mp-aaaabiql,733,384,1.9073486328125e-06,2.2649765014648438e-06,valid,pass,
0,0,basis_swap,,,torch.float32,3.191604301940647e-15,representation,mp-aaaabiql,733,384,4.76837158203125e-07,1.276715364539882e-07,valid,pass,
0,0,basis_shear,,,torch.float32,4.371138871685367e-08,representation,mp-aaaabiql,733,384,9.5367431640625e-07,7.580391523376306e-07,valid,pass,
0,0,independent_reference,,,torch.float64,,enumeration,mp-aaaabiql,733,384,8.881784197001252e-16,8.881784197001252e-16,valid,pass,
0,0,translation,,1.0,torch.float64,5.1454621344187694e-33,E3,mp-aaaabiql,733,384,1.7763568394002505e-15,1.7763568394002505e-15,valid,pass,
0,0,rotation_1,,1.0,torch.float64,1.1102230246251565e-16,E3,mp-aaaabiql,733,384,2.6645352591003757e-15,1.7763568394002505e-15,valid,pass,
0,0,rotation_2,,0.9999999999999989,torch.float64,3.3306690738754696e-16,E3,mp-aaaabiql,733,384,5.329070518200751e-15,2.220446049250313e-15,valid,pass,
0,0,reflection,,-1.0,torch.float64,5.1454621344187694e-33,E3,mp-aaaabiql,733,384,1.7763568394002505e-15,8.881784197001252e-16,valid,pass,
0,0,inversion,,-1.0,torch.float64,5.1454621344187694e-33,E3,mp-aaaabiql,733,384,1.7763568394002505e-15,8.881784197001252e-16,valid,pass,
0,0,improper_with_translation,,-1.0,torch.float64,1.1102230246251565e-16,E3,mp-aaaabiql,733,384,2.6645352591003757e-15,1.7763568394002505e-15,valid,pass,
0,0,permutation,,,torch.float64,0.0,representation,mp-aaaabiql,733,384,0.0,0.0,valid,pass,
0,0,integer_images,,,torch.float64,0.0,representation,mp-aaaabiql,733,384,0.0,0.0,valid,pass,
0,0,basis_swap,,,torch.float64,6.123233907693249e-25,representation,mp-aaaabiql,733,384,8.881784197001252e-16,4.930380657631324e-32,valid,pass,
0,0,basis_shear,,,torch.float64,2.220446049250313e-16,representation,mp-aaaabiql,733,384,8.881784197001252e-16,1.1102230246251565e-15,valid,pass,
0,0,float32_vs_float64,,,torch.float32,,precision,mp-aaaabiql,733,384,6.207975200567262e-07,5.46538920787043e-07,valid,pass,
0,0,independent_reference,,,torch.float32,,enumeration,mp-aaaablhc,770,920,7.200421965336545e-07,5.308516506374872e-07,valid,pass,
0,0,translation,,1.0,torch.float32,5.706907098198127e-17,E3,mp-aaaablhc,770,920,9.5367431640625e-07,9.5367431640625e-07,valid,pass,
0,0,rotation_1,,1.0,torch.float32,4.440892098500626e-16,E3,mp-aaaablhc,770,920,2.384185791015625e-07,2.223379895948882e-07,valid,pass,
0,0,rotation_2,,0.9999999999999989,torch.float32,1.5543122344752192e-15,E3,mp-aaaablhc,770,920,0.0,8.881784197001252e-16,valid,pass,
0,0,reflection,,-1.0,torch.float32,5.706907098198127e-17,E3,mp-aaaablhc,770,920,0.0,4.440892098500626e-16,valid,pass,
0,0,inversion,,-1.0,torch.float32,5.706907098198127e-17,E3,mp-aaaablhc,770,920,0.0,4.440892098500626e-16,valid,pass,
0,0,improper_with_translation,,-1.0,torch.float32,4.440892098500626e-16,E3,mp-aaaablhc,770,920,9.5367431640625e-07,7.675052442479569e-07,valid,pass,
0,0,permutation,,,torch.float32,0.0,representation,mp-aaaablhc,770,920,0.0,0.0,valid,pass,
0,0,integer_images,,,torch.float32,0.0,representation,mp-aaaablhc,770,920,1.9073486328125e-06,2.1457672119140625e-06,valid,pass,
0,0,basis_swap,,,torch.float32,6.080304082445309e-08,representation,mp-aaaablhc,770,920,9.5367431640625e-07,6.138200672189953e-07,valid,pass,
0,0,basis_shear,,,torch.float32,2.1449755571723017e-07,representation,mp-aaaablhc,770,920,9.5367431640625e-07,7.702603337378378e-07,valid,pass,
0,0,independent_reference,,,torch.float64,,enumeration,mp-aaaablhc,770,920,1.7763568394002505e-15,1.3322676295501878e-15,valid,pass,
0,0,translation,,1.0,torch.float64,1.147216388552863e-08,E3,mp-aaaablhc,770,920,4.227342564888659e-08,1.7763568394002505e-15,valid,pass,
0,0,rotation_1,,1.0,torch.float64,1.3342353111234218e-08,E3,mp-aaaablhc,770,920,4.227342476070817e-08,2.6645352591003757e-15,valid,pass,
0,0,rotation_2,,0.9999999999999989,torch.float64,1.3945463894771137e-08,E3,mp-aaaablhc,770,920,4.227342564888659e-08,2.6645352591003757e-15,valid,pass,
0,0,reflection,,-1.0,torch.float64,1.147216388552863e-08,E3,mp-aaaablhc,770,920,4.2273426537065006e-08,1.7763568394002505e-15,valid,pass,
0,0,inversion,,-1.0,torch.float64,1.147216388552863e-08,E3,mp-aaaablhc,770,920,4.2273426537065006e-08,1.7763568394002505e-15,valid,pass,
0,0,improper_with_translation,,-1.0,torch.float64,1.3342353111234218e-08,E3,mp-aaaablhc,770,920,4.227342476070817e-08,3.552713678800501e-15,valid,pass,
0,0,permutation,,,torch.float64,0.0,representation,mp-aaaablhc,770,920,0.0,0.0,valid,pass,
0,0,integer_images,,,torch.float64,0.0,representation,mp-aaaablhc,770,920,1.7763568394002505e-15,1.7763568394002505e-15,valid,pass,
0,0,basis_swap,,,torch.float64,7.961391546018604e-09,representation,mp-aaaablhc,770,920,3.173197171690845e-08,1.7763568394002505e-15,valid,pass,
0,0,basis_shear,,,torch.float64,9.145692604506278e-10,representation,mp-aaaablhc,770,920,3.931448055993769e-09,1.7763568394002505e-15,valid,pass,
0,0,float32_vs_float64,,,torch.float32,,precision,mp-aaaablhc,770,920,1.8199976281607633e-06,1.4592769637111758e-06,valid,pass,
0,0,independent_reference,,,torch.float32,,enumeration,mp-aaaabpqi,807,1728,8.233740551588653e-07,7.188180157768898e-07,valid,pass,
0,0,translation,,1.0,torch.float32,5.7554663146910754e-24,E3,mp-aaaabpqi,807,1728,9.5367431640625e-07,9.5367431640625e-07,valid,pass,
0,0,rotation_1,,1.0,torch.float32,5.551115123125783e-16,E3,mp-aaaabpqi,807,1728,0.0,1.7763568394002505e-15,valid,pass,
0,0,rotation_2,,0.9999999999999989,torch.float32,1.4432899320127035e-15,E3,mp-aaaabpqi,807,1728,0.0,8.881784197001252e-16,valid,pass,
0,0,reflection,,-1.0,torch.float32,5.7554663146910754e-24,E3,mp-aaaabpqi,807,1728,0.0,0.0,valid,pass,
0,0,inversion,,-1.0,torch.float32,5.7554663146910754e-24,E3,mp-aaaabpqi,807,1728,0.0,0.0,valid,pass,
0,0,improper_with_translation,,-1.0,torch.float32,5.551115123125783e-16,E3,mp-aaaabpqi,807,1728,1.430511474609375e-06,1.0848730127577255e-06,valid,pass,
0,0,permutation,,,torch.float32,0.0,representation,mp-aaaabpqi,807,1728,0.0,0.0,valid,pass,
0,0,integer_images,,,torch.float32,0.0,representation,mp-aaaabpqi,807,1728,4.291534423828125e-06,4.76837158203125e-06,valid,pass,
0,0,basis_swap,,,torch.float32,3.221994054156588e-15,representation,mp-aaaabpqi,807,1728,4.76837158203125e-07,1.6684220582874332e-07,valid,pass,
0,0,basis_shear,,,torch.float32,5.937714253612114e-08,representation,mp-aaaabpqi,807,1728,9.5367431640625e-07,1.198375865207879e-06,valid,pass,
0,0,independent_reference,,,torch.float64,,enumeration,mp-aaaabpqi,807,1728,1.7763568394002505e-15,1.7763568394002505e-15,valid,pass,
0,0,translation,,1.0,torch.float64,4.870315967459103e-33,E3,mp-aaaabpqi,807,1728,4.440892098500626e-15,3.552713678800501e-15,valid,pass,
0,0,rotation_1,,1.0,torch.float64,3.206532697881294e-16,E3,mp-aaaabpqi,807,1728,5.329070518200751e-15,3.9968028886505635e-15,valid,pass,
0,0,rotation_2,,0.9999999999999989,torch.float64,3.3306690738754696e-16,E3,mp-aaaabpqi,807,1728,7.105427357601002e-15,4.440892098500626e-15,valid,pass,
0,0,reflection,,-1.0,torch.float64,4.870315967459103e-33,E3,mp-aaaabpqi,807,1728,6.217248937900877e-15,5.329070518200751e-15,valid,pass,
0,0,inversion,,-1.0,torch.float64,4.870315967459103e-33,E3,mp-aaaabpqi,807,1728,6.217248937900877e-15,5.329070518200751e-15,valid,pass,
0,0,improper_with_translation,,-1.0,torch.float64,3.206532697881294e-16,E3,mp-aaaabpqi,807,1728,4.440892098500626e-15,3.9968028886505635e-15,valid,pass,
0,0,permutation,,,torch.float64,0.0,representation,mp-aaaabpqi,807,1728,0.0,0.0,valid,pass,
0,0,integer_images,,,torch.float64,0.0,representation,mp-aaaabpqi,807,1728,0.0,0.0,valid,pass,
0,0,basis_swap,,,torch.float64,6.1232338387635375e-25,representation,mp-aaaabpqi,807,1728,8.881784197001252e-16,0.0,valid,pass,
0,0,basis_shear,,,torch.float64,2.220446049250313e-16,representation,mp-aaaabpqi,807,1728,1.7763568394002505e-15,1.7763568394002505e-15,valid,pass,
0,0,float32_vs_float64,,,torch.float32,,precision,mp-aaaabpqi,807,1728,7.839903783946056e-07,7.939576676108118e-07,valid,pass,
0,0,independent_reference,,,torch.float32,,enumeration,mp-aaaabrgs,844,106,3.0577934850839483e-07,2.3546959937448264e-07,valid,pass,
0,0,translation,,1.0,torch.float32,1.3441171417569031e-24,E3,mp-aaaabrgs,844,106,0.0,1.5824935563341162e-31,valid,pass,
0,0,rotation_1,,1.0,torch.float32,3.3306690738754696e-16,E3,mp-aaaabrgs,844,106,0.0,4.440892098500626e-16,valid,pass,
0,0,rotation_2,,0.9999999999999989,torch.float32,1.4432899320127035e-15,E3,mp-aaaabrgs,844,106,0.0,4.440892098500626e-16,valid,pass,
0,0,reflection,,-1.0,torch.float32,1.3441171417569031e-24,E3,mp-aaaabrgs,844,106,0.0,1.5824935563341162e-31,valid,pass,
0,0,inversion,,-1.0,torch.float32,1.3441171417569031e-24,E3,mp-aaaabrgs,844,106,0.0,1.5824935563341162e-31,valid,pass,
0,0,improper_with_translation,,-1.0,torch.float32,3.3306690738754696e-16,E3,mp-aaaabrgs,844,106,4.76837158203125e-07,2.4605299930868796e-07,valid,pass,
0,0,permutation,,,torch.float32,0.0,representation,mp-aaaabrgs,844,106,0.0,0.0,valid,pass,
0,0,integer_images,,,torch.float32,0.0,representation,mp-aaaabrgs,844,106,0.0,0.0,valid,pass,
0,0,basis_swap,,,torch.float32,1.9984014443252818e-15,representation,mp-aaaabrgs,844,106,0.0,1.1773480990129315e-07,valid,pass,
0,0,basis_shear,,,torch.float32,4.371139149476795e-08,representation,mp-aaaabrgs,844,106,4.76837158203125e-07,2.001221384162477e-07,valid,pass,
0,0,independent_reference,,,torch.float64,,enumeration,mp-aaaabrgs,844,106,4.440892098500626e-16,8.881784197001252e-16,valid,pass,
0,0,translation,,1.0,torch.float64,9.905372592776894e-33,E3,mp-aaaabrgs,844,106,4.440892098500626e-16,4.440892098500626e-16,valid,pass,
0,0,rotation_1,,1.0,torch.float64,3.3306690738754696e-16,E3,mp-aaaabrgs,844,106,1.7763568394002505e-15,8.881784197001252e-16,valid,pass,
0,0,rotation_2,,0.9999999999999989,torch.float64,4.440892098500626e-16,E3,mp-aaaabrgs,844,106,5.329070518200751e-15,8.881784197001252e-16,valid,pass,
0,0,reflection,,-1.0,torch.float64,9.905372592776894e-33,E3,mp-aaaabrgs,844,106,8.881784197001252e-16,4.440892098500626e-16,valid,pass,
0,0,inversion,,-1.0,torch.float64,9.905372592776894e-33,E3,mp-aaaabrgs,844,106,8.881784197001252e-16,4.440892098500626e-16,valid,pass,
0,0,improper_with_translation,,-1.0,torch.float64,3.3306690738754696e-16,E3,mp-aaaabrgs,844,106,2.6645352591003757e-15,1.7763568394002505e-15,valid,pass,
0,0,permutation,,,torch.float64,0.0,representation,mp-aaaabrgs,844,106,0.0,0.0,valid,pass,
0,0,integer_images,,,torch.float64,0.0,representation,mp-aaaabrgs,844,106,0.0,0.0,valid,pass,
0,0,basis_swap,,,torch.float64,6.123233961636448e-25,representation,mp-aaaabrgs,844,106,0.0,5.469594022285717e-32,valid,pass,
0,0,basis_shear,,,torch.float64,4.440892098500626e-16,representation,mp-aaaabrgs,844,106,8.881784197001252e-16,5.466910109035171e-16,valid,pass,
0,0,float32_vs_float64,,,torch.float32,,precision,mp-aaaabrgs,844,106,5.118024306582925e-07,4.76837158203125e-07,valid,pass,
0,0,independent_reference,,,torch.float32,,enumeration,mp-aaaabthx,880,180,3.94068075060261e-07,2.519009072443623e-07,valid,pass,
0,0,translation,,1.0,torch.float32,5.626914998219336e-17,E3,mp-aaaabthx,880,180,4.76837158203125e-07,2.384185791015625e-07,valid,pass,
0,0,rotation_1,,1.0,torch.float32,3.3306690738754696e-16,E3,mp-aaaabthx,880,180,0.0,8.881784197001252e-16,valid,pass,
0,0,rotation_2,,0.9999999999999989,torch.float32,1.4432899320127035e-15,E3,mp-aaaabthx,880,180,2.384185791015625e-07,2.1288767237948036e-07,valid,pass,
0,0,reflection,,-1.0,torch.float32,5.626914998219336e-17,E3,mp-aaaabthx,880,180,0.0,4.440892098500626e-16,valid,pass,
0,0,inversion,,-1.0,torch.float32,5.626914998219336e-17,E3,mp-aaaabthx,880,180,0.0,4.440892098500626e-16,valid,pass,
0,0,improper_with_translation,,-1.0,torch.float32,3.3306690738754696e-16,E3,mp-aaaabthx,880,180,4.76837158203125e-07,2.6500883265612174e-07,valid,pass,
0,0,permutation,,,torch.float32,0.0,representation,mp-aaaabthx,880,180,0.0,0.0,valid,pass,
0,0,integer_images,,,torch.float32,0.0,representation,mp-aaaabthx,880,180,1.1920928955078125e-06,1.9073486328125e-06,valid,pass,
0,0,basis_swap,,,torch.float32,3.2161620033832605e-08,representation,mp-aaaabthx,880,180,4.76837158203125e-07,2.753020764689751e-07,valid,pass,
0,0,basis_shear,,,torch.float32,8.396569325897253e-08,representation,mp-aaaabthx,880,180,4.76837158203125e-07,4.426553505965103e-07,valid,pass,
0,0,independent_reference,,,torch.float64,,enumeration,mp-aaaabthx,880,180,8.881784197001252e-16,8.881784197001252e-16,valid,pass,
0,0,translation,,1.0,torch.float64,3.4016495668219216e-17,E3,mp-aaaabthx,880,180,8.881784197001252e-16,8.881784197001252e-16,valid,pass,
0,0,rotation_1,,1.0,torch.float64,2.5932076097471097e-16,E3,mp-aaaabthx,880,180,2.6645352591003757e-15,1.7763568394002505e-15,valid,pass,
0,0,rotation_2,,0.9999999999999989,torch.float64,5.551115123125783e-16,E3,mp-aaaabthx,880,180,4.440892098500626e-15,1.7763568394002505e-15,valid,pass,
0,0,reflection,,-1.0,torch.float64,3.4016495668219216e-17,E3,mp-aaaabthx,880,180,4.440892098500626e-16,5.961847751996497e-16,valid,pass,
0,0,inversion,,-1.0,torch.float64,3.4016495668219216e-17,E3,mp-aaaabthx,880,180,4.440892098500626e-16,5.961847751996497e-16,valid,pass,
0,0,improper_with_translation,,-1.0,torch.float64,2.5932076097471097e-16,E3,mp-aaaabthx,880,180,2.6645352591003757e-15,1.7763568394002505e-15,valid,pass,
0,0,permutation,,,torch.float64,0.0,representation,mp-aaaabthx,880,180,0.0,0.0,valid,pass,
0,0,integer_images,,,torch.float64,0.0,representation,mp-aaaabthx,880,180,0.0,0.0,valid,pass,
0,0,basis_swap,,,torch.float64,2.220446049250313e-16,representation,mp-aaaabthx,880,180,4.440892098500626e-16,8.881784197001252e-16,valid,pass,
0,0,basis_shear,,,torch.float64,4.440892098500626e-16,representation,mp-aaaabthx,880,180,8.881784197001252e-16,8.881784197001252e-16,valid,pass,
0,0,float32_vs_float64,,,torch.float32,,precision,mp-aaaabthx,880,180,4.6790686258901815e-07,5.354038905558411e-07,valid,pass,
0,0,independent_reference,,,torch.float32,,enumeration,mp-aaaacduk,917,112,3.65284877013039e-07,4.308899335114802e-07,valid,pass,
0,0,translation,,1.0,torch.float32,1.4023571447591199e-24,E3,mp-aaaacduk,917,112,0.0,5.960464477539063e-08,valid,pass,
0,0,rotation_1,,1.0,torch.float32,4.440892098500626e-16,E3,mp-aaaacduk,917,112,0.0,8.881784197001252e-16,valid,pass,
0,0,rotation_2,,0.9999999999999989,torch.float32,1.4432899320127035e-15,E3,mp-aaaacduk,917,112,0.0,8.881784197001252e-16,valid,pass,
0,0,reflection,,-1.0,torch.float32,1.4023571447591199e-24,E3,mp-aaaacduk,917,112,0.0,0.0,valid,pass,
0,0,inversion,,-1.0,torch.float32,1.4023571447591199e-24,E3,mp-aaaacduk,917,112,0.0,0.0,valid,pass,
0,0,improper_with_translation,,-1.0,torch.float32,4.440892098500626e-16,E3,mp-aaaacduk,917,112,2.384185791015625e-07,1.0655587590058246e-07,valid,pass,
0,0,permutation,,,torch.float32,0.0,representation,mp-aaaacduk,917,112,0.0,0.0,valid,pass,
0,0,integer_images,,,torch.float32,0.0,representation,mp-aaaacduk,917,112,4.76837158203125e-07,7.152557373046875e-07,valid,pass,
0,0,basis_swap,,,torch.float32,2.847511536403042e-15,representation,mp-aaaacduk,917,112,4.76837158203125e-07,1.1125305121595375e-07,valid,pass,
0,0,basis_shear,,,torch.float32,8.893079924008086e-08,representation,mp-aaaacduk,917,112,4.76837158203125e-07,5.42884849519254e-07,valid,pass,
0,0,independent_reference,,,torch.float64,,enumeration,mp-aaaacduk,917,112,4.440892098500626e-16,4.440892098500626e-16,valid,pass,
0,0,translation,,1.0,torch.float64,4.5251511655629034e-33,E3,mp-aaaacduk,917,112,4.440892098500626e-16,4.440892098500626e-16,valid,pass,
0,0,rotation_1,,1.0,torch.float64,3.3306690738754696e-16,E3,mp-aaaacduk,917,112,2.6645352591003757e-15,1.7763568394002505e-15,valid,pass,
0,0,rotation_2,,0.9999999999999989,torch.float64,2.8088774004242792e-16,E3,mp-aaaacduk,917,112,4.440892098500626e-15,1.7763568394002505e-15,valid,pass,
0,0,reflection,,-1.0,torch.float64,4.5251511655629034e-33,E3,mp-aaaacduk,917,112,8.881784197001252e-16,4.440892098500626e-16,valid,pass,
0,0,inversion,,-1.0,torch.float64,4.5251511655629034e-33,E3,mp-aaaacduk,917,112,8.881784197001252e-16,4.440892098500626e-16,valid,pass,
0,0,improper_with_translation,,-1.0,torch.float64,3.3306690738754696e-16,E3,mp-aaaacduk,917,112,2.6645352591003757e-15,1.7763568394002505e-15,valid,pass,
0,0,permutation,,,torch.float64,0.0,representation,mp-aaaacduk,917,112,0.0,0.0,valid,pass,
0,0,integer_images,,,torch.float64,0.0,representation,mp-aaaacduk,917,112,0.0,0.0,valid,pass,
0,0,basis_swap,,,torch.float64,6.123233890757934e-25,representation,mp-aaaacduk,917,112,4.440892098500626e-16,7.395570986446986e-32,valid,pass,
0,0,basis_shear,,,torch.float64,6.661338147750939e-16,representation,mp-aaaacduk,917,112,1.7763568394002505e-15,8.881784197001252e-16,valid,pass,
0,0,float32_vs_float64,,,torch.float32,,precision,mp-aaaacduk,917,112,4.5655409053324547e-07,4.14914445912018e-07,valid,pass,
0,0,independent_reference,,,torch.float32,,enumeration,mp-aaabfcqb,954,388,4.7279405812616915e-07,5.038650101596431e-07,valid,pass,
0,0,translation,,1.0,torch.float32,2.9863656244976875e-24,E3,mp-aaabfcqb,954,388,0.0,2.6469779601696886e-23,valid,pass,
0,0,rotation_1,,1.0,torch.float32,5.551115123125783e-16,E3,mp-aaabfcqb,954,388,0.0,8.881784197001252e-16,valid,pass,
0,0,rotation_2,,0.9999999999999989,torch.float32,1.4432899320127035e-15,E3,mp-aaabfcqb,954,388,0.0,8.881784197001252e-16,valid,pass,
0,0,reflection,,-1.0,torch.float32,2.9863656244976875e-24,E3,mp-aaabfcqb,954,388,0.0,2.6469779601696886e-23,valid,pass,
0,0,inversion,,-1.0,torch.float32,2.9863656244976875e-24,E3,mp-aaabfcqb,954,388,0.0,2.6469779601696886e-23,valid,pass,
0,0,improper_with_translation,,-1.0,torch.float32,5.551115123125783e-16,E3,mp-aaabfcqb,954,388,0.0,8.881784197001252e-16,valid,pass,
0,0,permutation,,,torch.float32,0.0,representation,mp-aaabfcqb,954,388,0.0,0.0,valid,pass,
0,0,integer_images,,,torch.float32,0.0,representation,mp-aaabfcqb,954,388,1.1920928955078125e-06,1.6689300537109375e-06,valid,pass,
0,0,basis_swap,,,torch.float32,1.9984014443252818e-15,representation,mp-aaabfcqb,954,388,4.76837158203125e-07,8.535842743739863e-08,valid,pass,
0,0,basis_shear,,,torch.float32,7.193822226803093e-08,representation,mp-aaabfcqb,954,388,4.76837158203125e-07,3.2271227201619013e-07,valid,pass,
0,0,independent_reference,,,torch.float64,,enumeration,mp-aaabfcqb,954,388,8.881784197001252e-16,4.440892098500626e-16,valid,pass,
0,0,translation,,1.0,torch.float64,6.344722309850217e-33,E3,mp-aaabfcqb,954,388,8.881784197001252e-16,8.881784197001252e-16,valid,pass,
0,0,rotation_1,,1.0,torch.float64,2.220446049250313e-16,E3,mp-aaabfcqb,954,388,2.6645352591003757e-15,2.220446049250313e-15,valid,pass,
0,0,rotation_2,,0.9999999999999989,torch.float64,3.3306690738754696e-16,E3,mp-aaabfcqb,954,388,5.329070518200751e-15,1.3322676295501878e-15,valid,pass,
0,0,reflection,,-1.0,torch.float64,6.344722309850217e-33,E3,mp-aaabfcqb,954,388,8.881784197001252e-16,4.440892098500626e-16,valid,pass,
0,0,inversion,,-1.0,torch.float64,6.344722309850217e-33,E3,mp-aaabfcqb,954,388,8.881784197001252e-16,4.440892098500626e-16,valid,pass,
0,0,improper_with_translation,,-1.0,torch.float64,2.220446049250313e-16,E3,mp-aaabfcqb,954,388,2.6645352591003757e-15,2.1094237467877974e-15,valid,pass,
0,0,permutation,,,torch.float64,0.0,representation,mp-aaabfcqb,954,388,0.0,0.0,valid,pass,
0,0,integer_images,,,torch.float64,0.0,representation,mp-aaabfcqb,954,388,0.0,0.0,valid,pass,
0,0,basis_swap,,,torch.float64,6.12323390484751e-25,representation,mp-aaabfcqb,954,388,0.0,9.860761315262648e-32,valid,pass,
0,0,basis_shear,,,torch.float64,6.661338147750939e-16,representation,mp-aaabfcqb,954,388,1.7763568394002505e-15,8.881784197001252e-16,valid,pass,
0,0,float32_vs_float64,,,torch.float32,,precision,mp-aaabfcqb,954,388,6.121687272653276e-07,5.830690543717765e-07,valid,pass,
0,0,independent_reference,,,torch.float32,,enumeration,mp-aaabfpul,990,1084,8.831589735081025e-07,6.431398373862862e-07,valid,pass,
0,0,translation,,1.0,torch.float32,1.7760102144492862e-07,E3,mp-aaabfpul,990,1084,1.430511474609375e-06,9.156732492243691e-07,valid,pass,
0,0,rotation_1,,1.0,torch.float32,1.7621344072793477e-07,E3,mp-aaabfpul,990,1084,9.5367431640625e-07,4.217805400497099e-07,valid,pass,
0,0,rotation_2,,0.9999999999999989,torch.float32,1.3055937131412065e-07,E3,mp-aaabfpul,990,1084,9.5367431640625e-07,4.1648854809395175e-07,valid,pass,
0,0,reflection,,-1.0,torch.float32,1.7760102144492862e-07,E3,mp-aaabfpul,990,1084,9.5367431640625e-07,4.704663405519227e-07,valid,pass,
0,0,inversion,,-1.0,torch.float32,1.7760102144492862e-07,E3,mp-aaabfpul,990,1084,9.5367431640625e-07,4.704663405519227e-07,valid,pass,
0,0,improper_with_translation,,-1.0,torch.float32,1.7621344072793477e-07,E3,mp-aaabfpul,990,1084,1.430511474609375e-06,1.2581101298536623e-06,valid,pass,
0,0,permutation,,,torch.float32,0.0,representation,mp-aaabfpul,990,1084,0.0,0.0,valid,pass,
0,0,integer_images,,,torch.float32,0.0,representation,mp-aaabfpul,990,1084,2.6226043701171875e-06,2.86102294921875e-06,valid,pass,
0,0,basis_swap,,,torch.float32,1.7760102144492862e-07,representation,mp-aaabfpul,990,1084,9.5367431640625e-07,6.76739726479525e-07,valid,pass,
0,0,basis_shear,,,torch.float32,1.7760102144492862e-07,representation,mp-aaabfpul,990,1084,9.5367431640625e-07,8.597886811401168e-07,valid,pass,
0,0,independent_reference,,,torch.float64,,enumeration,mp-aaabfpul,990,1084,1.7763568394002505e-15,1.3322676295501878e-15,valid,pass,
0,0,translation,,1.0,torch.float64,8.206871141857167e-10,E3,mp-aaabfpul,990,1084,2.335557525157128e-09,2.220446049250313e-15,valid,pass,
0,0,rotation_1,,1.0,torch.float64,7.198442702115444e-10,E3,mp-aaabfpul,990,1084,2.335557525157128e-09,3.552713678800501e-15,valid,pass,
0,0,rotation_2,,0.9999999999999989,torch.float64,6.768972049542299e-10,E3,mp-aaabfpul,990,1084,2.335554860621869e-09,3.2751579226442118e-15,valid,pass,
0,0,reflection,,-1.0,torch.float64,8.206871141857167e-10,E3,mp-aaabfpul,990,1084,2.335557525157128e-09,2.6645352591003757e-15,valid,pass,
0,0,inversion,,-1.0,torch.float64,8.206871141857167e-10,E3,mp-aaabfpul,990,1084,2.335557525157128e-09,2.6645352591003757e-15,valid,pass,
0,0,improper_with_translation,,-1.0,torch.float64,7.198442702115444e-10,E3,mp-aaabfpul,990,1084,2.335557525157128e-09,3.9968028886505635e-15,valid,pass,
0,0,permutation,,,torch.float64,0.0,representation,mp-aaabfpul,990,1084,0.0,0.0,valid,pass,
0,0,integer_images,,,torch.float64,0.0,representation,mp-aaabfpul,990,1084,0.0,0.0,valid,pass,
0,0,basis_swap,,,torch.float64,6.456684417401647e-10,representation,mp-aaabfpul,990,1084,2.335557525157128e-09,1.7763568394002505e-15,valid,pass,
0,0,basis_shear,,,torch.float64,1.4759974563129464e-09,representation,mp-aaabfpul,990,1084,5.319235718559412e-09,1.7763568394002505e-15,valid,pass,
0,0,float32_vs_float64,,,torch.float32,,precision,mp-aaabfpul,990,1084,1.249250385804146e-06,1.225165749740853e-06,valid,pass,
0,0,independent_reference,,,torch.float32,,enumeration,mp-aaabfpzu,991,2956,1.9490607074956756e-06,1.9729064604234736e-06,valid,pass,
0,0,translation,,1.0,torch.float32,1.0380488273944267e-16,E3,mp-aaabfpzu,991,2956,9.5367431640625e-07,9.5367431640625e-07,valid,pass,
0,0,rotation_1,,1.0,torch.float32,3.3306690738754696e-16,E3,mp-aaabfpzu,991,2956,4.76837158203125e-07,2.1311175224525414e-07,valid,pass,
0,0,rotation_2,,0.9999999999999989,torch.float32,1.4432899320127035e-15,E3,mp-aaabfpzu,991,2956,4.76837158203125e-07,2.1288767282356957e-07,valid,pass,
0,0,reflection,,-1.0,torch.float32,1.0380488273944267e-16,E3,mp-aaabfpzu,991,2956,4.76837158203125e-07,1.1920928977282585e-07,valid,pass,
0,0,inversion,,-1.0,torch.float32,1.0380488273944267e-16,E3,mp-aaabfpzu,991,2956,4.76837158203125e-07,1.1920928977282585e-07,valid,pass,
0,0,improper_with_translation,,-1.0,torch.float32,3.3306690738754696e-16,E3,mp-aaabfpzu,991,2956,5.9604644775390625e-06,5.91541283490038e-06,valid,pass,
0,0,permutation,,,torch.float32,0.0,representation,mp-aaabfpzu,991,2956,0.0,0.0,valid,pass,
0,0,integer_images,,,torch.float32,0.0,representation,mp-aaabfpzu,991,2956,2.2411346435546875e-05,3.266334533691406e-05,valid,pass,
0,0,basis_swap,,,torch.float32,2.4086900474173945e-08,representation,mp-aaabfpzu,991,2956,9.5367431640625e-07,6.797161944405161e-07,valid,pass,
0,0,basis_shear,,,torch.float32,7.549789982133191e-08,representation,mp-aaabfpzu,991,2956,9.5367431640625e-07,6.17309076744732e-07,valid,pass,
0,0,receiver_copy_0,0,,torch.float32,1.0380488273944267e-16,supercell,mp-aaabfpzu,991,2956,9.5367431640625e-07,4.768371588692588e-07,valid,pass,5912
0,0,receiver_copy_1,1,,torch.float32,1.0380488273944267e-16,supercell,mp-aaabfpzu,991,2956,9.5367431640625e-07,4.768371588692588e-07,valid,pass,5912
0,0,independent_reference,,,torch.float64,,enumeration,mp-aaabfpzu,991,2956,7.105427357601002e-15,7.105427357601002e-15,valid,pass,
0,0,translation,,1.0,torch.float64,4.440892098500626e-16,E3,mp-aaabfpzu,991,2956,1.1546319456101628e-14,1.1546319456101628e-14,valid,pass,
0,0,rotation_1,,1.0,torch.float64,4.440892098500626e-16,E3,mp-aaabfpzu,991,2956,2.3092638912203256e-14,2.2648549702353193e-14,valid,pass,
0,0,rotation_2,,0.9999999999999989,torch.float64,6.661338147750939e-16,E3,mp-aaabfpzu,991,2956,2.398081733190338e-14,2.220446049250313e-14,valid,pass,
0,0,reflection,,-1.0,torch.float64,4.440892098500626e-16,E3,mp-aaabfpzu,991,2956,1.1546319456101628e-14,1.1546319456101628e-14,valid,pass,
0,0,inversion,,-1.0,torch.float64,4.440892098500626e-16,E3,mp-aaabfpzu,991,2956,1.1546319456101628e-14,1.1546319456101628e-14,valid,pass,
0,0,improper_with_translation,,-1.0,torch.float64,4.440892098500626e-16,E3,mp-aaabfpzu,991,2956,2.398081733190338e-14,2.3092638912203256e-14,valid,pass,
0,0,permutation,,,torch.float64,0.0,representation,mp-aaabfpzu,991,2956,0.0,0.0,valid,pass,
0,0,integer_images,,,torch.float64,0.0,representation,mp-aaabfpzu,991,2956,0.0,0.0,valid,pass,
0,0,basis_swap,,,torch.float64,2.220446049250313e-16,representation,mp-aaabfpzu,991,2956,1.7763568394002505e-15,8.881784197001252e-16,valid,pass,
0,0,basis_shear,,,torch.float64,2.220446049250313e-16,representation,mp-aaabfpzu,991,2956,1.7763568394002505e-15,8.881784197001252e-16,valid,pass,
0,0,receiver_copy_0,0,,torch.float64,4.440892098500626e-16,supercell,mp-aaabfpzu,991,2956,8.881784197001252e-16,8.881784197001252e-16,valid,pass,5912
0,0,receiver_copy_1,1,,torch.float64,4.440892098500626e-16,supercell,mp-aaabfpzu,991,2956,8.881784197001252e-16,8.881784197001252e-16,valid,pass,5912
0,0,float32_vs_float64,,,torch.float32,,precision,mp-aaabfpzu,991,2956,1.8568994821777096e-06,2.0248548557866286e-06,valid,pass,
0,0,independent_reference,,,torch.float32,,enumeration,mp-aaabftvv,1027,5180,9.225111687882759e-07,7.928813978708149e-07,valid,pass,
0,0,translation,,1.0,torch.float32,6.832396617784422e-17,E3,mp-aaabftvv,1027,5180,9.5367431640625e-07,9.5367431640625e-07,valid,pass,
0,0,rotation_1,,1.0,torch.float32,5.551115123125783e-16,E3,mp-aaabftvv,1027,5180,0.0,1.7763568394002505e-15,valid,pass,
0,0,rotation_2,,0.9999999999999989,torch.float32,1.4432899320127035e-15,E3,mp-aaabftvv,1027,5180,0.0,8.881784197001252e-16,valid,pass,
0,0,reflection,,-1.0,torch.float32,6.832396617784422e-17,E3,mp-aaabftvv,1027,5180,0.0,4.440892098500626e-16,valid,pass,
0,0,inversion,,-1.0,torch.float32,6.832396617784422e-17,E3,mp-aaabftvv,1027,5180,0.0,4.440892098500626e-16,valid,pass,
0,0,improper_with_translation,,-1.0,torch.float32,5.551115123125783e-16,E3,mp-aaabftvv,1027,5180,1.430511474609375e-06,1.085715564119738e-06,valid,pass,
0,0,permutation,,,torch.float32,0.0,representation,mp-aaabftvv,1027,5180,0.0,0.0,valid,pass,
0,0,integer_images,,,torch.float32,0.0,representation,mp-aaabftvv,1027,5180,4.291534423828125e-06,4.649162292480469e-06,valid,pass,
0,0,basis_swap,,,torch.float32,3.636362629853302e-15,representation,mp-aaabftvv,1027,5180,9.5367431640625e-07,5.521163375377114e-07,valid,pass,
0,0,basis_shear,,,torch.float32,1.484725828948541e-07,representation,mp-aaabftvv,1027,5180,1.430511474609375e-06,2.4227027705103765e-06,valid,pass,
0,0,independent_reference,,,torch.float64,,enumeration,mp-aaabftvv,1027,5180,1.7763568394002505e-15,1.7763568394002505e-15,valid,pass,
0,0,translation,,1.0,torch.float64,6.47534309725441e-17,E3,mp-aaabftvv,1027,5180,1.7763568394002505e-15,2.220446049250313e-15,valid,pass,
0,0,rotation_1,,1.0,torch.float64,5.551115123125783e-16,E3,mp-aaabftvv,1027,5180,4.440892098500626e-15,4.440892098500626e-15,valid,pass,
0,0,rotation_2,,0.9999999999999989,torch.float64,1.653514323090738e-16,E3,mp-aaabftvv,1027,5180,7.105427357601002e-15,4.440892098500626e-15,valid,pass,
0,0,reflection,,-1.0,torch.float64,6.47534309725441e-17,E3,mp-aaabftvv,1027,5180,2.6645352591003757e-15,2.220446049250313e-15,valid,pass,
0,0,inversion,,-1.0,torch.float64,6.47534309725441e-17,E3,mp-aaabftvv,1027,5180,2.6645352591003757e-15,2.220446049250313e-15,valid,pass,
0,0,improper_with_translation,,-1.0,torch.float64,5.551115123125783e-16,E3,mp-aaabftvv,1027,5180,4.440892098500626e-15,4.218847493575595e-15,valid,pass,
0,0,permutation,,,torch.float64,0.0,representation,mp-aaabftvv,1027,5180,0.0,0.0,valid,pass,
0,0,integer_images,,,torch.float64,0.0,representation,mp-aaabftvv,1027,5180,0.0,0.0,valid,pass,
0,0,basis_swap,,,torch.float64,9.386110999543007e-09,representation,mp-aaabftvv,1027,5180,3.771534107244179e-08,1.7763568394002505e-15,valid,pass,
0,0,basis_shear,,,torch.float64,1.729379606185688e-08,representation,mp-aaabftvv,1027,5180,7.116564404441306e-08,1.7763568394002505e-15,valid,pass,
0,0,float32_vs_float64,,,torch.float32,,precision,mp-aaabftvv,1027,5180,1.0041026969886957e-06,9.042075959087015e-07,valid,pass,
0,0,independent_reference,,,torch.float32,,enumeration,mp-aaabfwpd,1056,8584,9.00326095454318e-07,6.198774382681904e-07,valid,pass,
0,0,translation,,1.0,torch.float32,5.303056171881709e-24,E3,mp-aaabfwpd,1056,8584,9.5367431640625e-07,9.5367431640625e-07,valid,pass,
0,0,rotation_1,,1.0,torch.float32,2.559548749703372e-16,E3,mp-aaabfwpd,1056,8584,0.0,8.881784197001252e-16,valid,pass,
0,0,rotation_2,,0.9999999999999989,torch.float32,1.4432899320127035e-15,E3,mp-aaabfwpd,1056,8584,0.0,8.881784197001252e-16,valid,pass,
0,0,reflection,,-1.0,torch.float32,5.303056171881709e-24,E3,mp-aaabfwpd,1056,8584,0.0,2.6469779601696886e-23,valid,pass,
0,0,inversion,,-1.0,torch.float32,5.303056171881709e-24,E3,mp-aaabfwpd,1056,8584,0.0,2.6469779601696886e-23,valid,pass,
0,0,improper_with_translation,,-1.0,torch.float32,2.559548749703372e-16,E3,mp-aaabfwpd,1056,8584,9.5367431640625e-07,1.0444079960869601e-06,valid,pass,
0,0,permutation,,,torch.float32,0.0,representation,mp-aaabfwpd,1056,8584,0.0,0.0,valid,pass,
0,0,integer_images,,,torch.float32,0.0,representation,mp-aaabfwpd,1056,8584,3.337860107421875e-06,3.814697265625e-06,valid,pass,
0,0,basis_swap,,,torch.float32,2.1018525396981384e-15,representation,mp-aaabfwpd,1056,8584,4.76837158203125e-07,1.8929980516446676e-07,valid,pass,
0,0,basis_shear,,,torch.float32,3.009759774741383e-08,representation,mp-aaabfwpd,1056,8584,9.5367431640625e-07,1.3389313875400433e-06,valid,pass,
0,0,receiver_copy_0,0,,torch.float32,5.303056171881709e-24,supercell,mp-aaabfwpd,1056,8584,9.5367431640625e-07,9.5367431640625e-07,valid,pass,17168
0,0,receiver_copy_1,1,,torch.float32,5.303056171881709e-24,supercell,mp-aaabfwpd,1056,8584,9.5367431640625e-07,9.5367431640625e-07,valid,pass,17168
0,0,independent_reference,,,torch.float64,,enumeration,mp-aaabfwpd,1056,8584,1.7763568394002505e-15,1.5543122344752192e-15,valid,pass,
0,0,translation,,1.0,torch.float64,5.986529170293906e-33,E3,mp-aaabfwpd,1056,8584,3.552713678800501e-15,2.6645352591003757e-15,valid,pass,
0,0,rotation_1,,1.0,torch.float64,2.220446049250313e-16,E3,mp-aaabfwpd,1056,8584,4.440892098500626e-15,3.9968028886505635e-15,valid,pass,
0,0,rotation_2,,0.9999999999999989,torch.float64,3.2877586431228304e-16,E3,mp-aaabfwpd,1056,8584,7.993605777301127e-15,4.440892098500626e-15,valid,pass,
0,0,reflection,,-1.0,torch.float64,5.986529170293906e-33,E3,mp-aaabfwpd,1056,8584,2.6645352591003757e-15,2.6645352591003757e-15,valid,pass,
0,0,inversion,,-1.0,torch.float64,5.986529170293906e-33,E3,mp-aaabfwpd,1056,8584,2.6645352591003757e-15,2.6645352591003757e-15,valid,pass,
0,0,improper_with_translation,,-1.0,torch.float64,2.220446049250313e-16,E3,mp-aaabfwpd,1056,8584,4.440892098500626e-15,3.552713678800501e-15,valid,pass,
0,0,permutation,,,torch.float64,0.0,representation,mp-aaabfwpd,1056,8584,0.0,0.0,valid,pass,
0,0,integer_images,,,torch.float64,0.0,representation,mp-aaabfwpd,1056,8584,0.0,0.0,valid,pass,
0,0,basis_swap,,,torch.float64,6.1232339296667555e-25,representation,mp-aaabfwpd,1056,8584,8.881784197001252e-16,9.860761315262648e-32,valid,pass,
0,0,basis_shear,,,torch.float64,2.220446049250313e-16,representation,mp-aaabfwpd,1056,8584,2.6645352591003757e-15,1.7763568394002505e-15,valid,pass,
0,0,receiver_copy_0,0,,torch.float64,5.986529170293906e-33,supercell,mp-aaabfwpd,1056,8584,0.0,4.930380657631324e-32,valid,pass,17168
0,0,receiver_copy_1,1,,torch.float64,5.986529170293906e-33,supercell,mp-aaabfwpd,1056,8584,0.0,4.930380657631324e-32,valid,pass,17168
0,0,float32_vs_float64,,,torch.float32,,precision,mp-aaabfwpd,1056,8584,8.020014785614649e-07,7.615613495381979e-07,valid,pass,
0,0,independent_reference,,,torch.float32,,enumeration,mp-aaabfxla,1064,2172,7.925250065099476e-07,8.873357550953642e-07,valid,pass,
0,0,translation,,1.0,torch.float32,2.39797258818998e-07,E3,mp-aaabfxla,1064,2172,1.430511474609375e-06,8.924441656787963e-07,valid,pass,
0,0,rotation_1,,1.0,torch.float32,2.830465480560787e-07,E3,mp-aaabfxla,1064,2172,1.430511474609375e-06,4.559125157399535e-07,valid,pass,
0,0,rotation_2,,0.9999999999999989,torch.float32,2.195965599179286e-07,E3,mp-aaabfxla,1064,2172,1.430511474609375e-06,4.569376121921209e-07,valid,pass,
0,0,reflection,,-1.0,torch.float32,2.39797258818998e-07,E3,mp-aaabfxla,1064,2172,1.430511474609375e-06,4.6843179113409406e-07,valid,pass,
0,0,inversion,,-1.0,torch.float32,2.39797258818998e-07,E3,mp-aaabfxla,1064,2172,1.430511474609375e-06,4.6843179113409406e-07,valid,pass,
0,0,improper_with_translation,,-1.0,torch.float32,2.830465480560787e-07,E3,mp-aaabfxla,1064,2172,1.430511474609375e-06,1.0502785128263525e-06,valid,pass,
0,0,permutation,,,torch.float32,0.0,representation,mp-aaabfxla,1064,2172,0.0,0.0,valid,pass,
0,0,integer_images,,,torch.float32,0.0,representation,mp-aaabfxla,1064,2172,2.86102294921875e-06,3.337860107421875e-06,valid,pass,
0,0,basis_swap,,,torch.float32,2.5493290643479416e-07,representation,mp-aaabfxla,1064,2172,1.430511474609375e-06,7.309510507980121e-07,valid,pass,
0,0,basis_shear,,,torch.float32,7.623311093496454e-08,representation,mp-aaabfxla,1064,2172,1.430511474609375e-06,1.0434376123136246e-06,valid,pass,
0,0,independent_reference,,,torch.float64,,enumeration,mp-aaabfxla,1064,2172,1.7763568394002505e-15,1.7763568394002505e-15,valid,pass,
0,0,translation,,1.0,torch.float64,3.1368709592984986e-09,E3,mp-aaabfxla,1064,2172,1.1393678889248804e-08,2.6645352591003757e-15,valid,pass,
0,0,rotation_1,,1.0,torch.float64,2.9009853015929324e-09,E3,mp-aaabfxla,1064,2172,1.1393678001070384e-08,3.552713678800501e-15,valid,pass,
0,0,rotation_2,,0.9999999999999989,torch.float64,2.9350968322461313e-09,E3,mp-aaabfxla,1064,2172,1.1393674448356705e-08,3.552713678800501e-15,valid,pass,
0,0,reflection,,-1.0,torch.float64,3.1368709592984986e-09,E3,mp-aaabfxla,1064,2172,1.1393678001070384e-08,2.6645352591003757e-15,valid,pass,
0,0,inversion,,-1.0,torch.float64,3.1368709592984986e-09,E3,mp-aaabfxla,1064,2172,1.1393678001070384e-08,2.6645352591003757e-15,valid,pass,
0,0,improper_with_translation,,-1.0,torch.float64,2.9009853015929324e-09,E3,mp-aaabfxla,1064,2172,1.1393678001070384e-08,3.9968028886505635e-15,valid,pass,
0,0,permutation,,,torch.float64,0.0,representation,mp-aaabfxla,1064,2172,0.0,0.0,valid,pass,
0,0,integer_images,,,torch.float64,0.0,representation,mp-aaabfxla,1064,2172,0.0,0.0,valid,pass,
0,0,basis_swap,,,torch.float64,2.8835054201905497e-09,representation,mp-aaabfxla,1064,2172,1.1393679777427224e-08,1.7763568394002505e-15,valid,pass,
0,0,basis_shear,,,torch.float64,5.237205417098046e-09,representation,mp-aaabfxla,1064,2172,2.4166840084660635e-08,2.6645352591003757e-15,valid,pass,
0,0,float32_vs_float64,,,torch.float32,,precision,mp-aaabfxla,1064,2172,1.0259989515759571e-06,8.500658470467215e-07,valid,pass,
0,0,independent_reference,,,torch.float32,,enumeration,mp-aaabgjfs,1100,192,6.936321765849129e-07,4.0419253011236833e-07,valid,pass,
0,0,translation,,1.0,torch.float32,4.406075602223442e-17,E3,mp-aaabgjfs,1100,192,2.384185791015625e-07,2.384185791015625e-07,valid,pass,
0,0,rotation_1,,1.0,torch.float32,3.3306690738754696e-16,E3,mp-aaabgjfs,1100,192,0.0,8.881784197001252e-16,valid,pass,
0,0,rotation_2,,0.9999999999999989,torch.float32,1.4432899320127035e-15,E3,mp-aaabgjfs,1100,192,2.384185791015625e-07,2.654826514181252e-07,valid,pass,
0,0,reflection,,-1.0,torch.float32,4.406075602223442e-17,E3,mp-aaabgjfs,1100,192,0.0,2.469356209921646e-16,valid,pass,
0,0,inversion,,-1.0,torch.float32,4.406075602223442e-17,E3,mp-aaabgjfs,1100,192,0.0,2.469356209921646e-16,valid,pass,
0,0,improper_with_translation,,-1.0,torch.float32,3.3306690738754696e-16,E3,mp-aaabgjfs,1100,192,4.76837158203125e-07,4.2622350271415144e-07,valid,pass,
0,0,permutation,,,torch.float32,0.0,representation,mp-aaabgjfs,1100,192,0.0,0.0,valid,pass,
0,0,integer_images,,,torch.float32,0.0,representation,mp-aaabgjfs,1100,192,9.5367431640625e-07,1.430511474609375e-06,valid,pass,
0,0,basis_swap,,,torch.float32,6.418594056256666e-08,representation,mp-aaabgjfs,1100,192,9.5367431640625e-07,3.5762788597182293e-07,valid,pass,
0,0,basis_shear,,,torch.float32,7.638507111167962e-08,representation,mp-aaabgjfs,1100,192,9.5367431640625e-07,5.592034515444766e-07,valid,pass,
0,0,independent_reference,,,torch.float64,,enumeration,mp-aaabgjfs,1100,192,1.7763568394002505e-15,8.881784197001252e-16,valid,pass,
0,0,translation,,1.0,torch.float64,1.9007489988014952e-17,E3,mp-aaabgjfs,1100,192,1.7763568394002505e-15,8.881784197001252e-16,valid,pass,
0,0,rotation_1,,1.0,torch.float64,6.661338147750939e-16,E3,mp-aaabgjfs,1100,192,2.6645352591003757e-15,1.7763568394002505e-15,valid,pass,
0,0,rotation_2,,0.9999999999999989,torch.float64,5.551115123125783e-16,E3,mp-aaabgjfs,1100,192,5.329070518200751e-15,1.7763568394002505e-15,valid,pass,
0,0,reflection,,-1.0,torch.float64,1.9007489988014952e-17,E3,mp-aaabgjfs,1100,192,1.7763568394002505e-15,8.881784197001252e-16,valid,pass,
0,0,inversion,,-1.0,torch.float64,1.9007489988014952e-17,E3,mp-aaabgjfs,1100,192,1.7763568394002505e-15,8.881784197001252e-16,valid,pass,
0,0,improper_with_translation,,-1.0,torch.float64,6.661338147750939e-16,E3,mp-aaabgjfs,1100,192,3.552713678800501e-15,1.7763568394002505e-15,valid,pass,
0,0,permutation,,,torch.float64,0.0,representation,mp-aaabgjfs,1100,192,0.0,0.0,valid,pass,
0,0,integer_images,,,torch.float64,0.0,representation,mp-aaabgjfs,1100,192,0.0,0.0,valid,pass,
0,0,basis_swap,,,torch.float64,3.3306690738754696e-16,representation,mp-aaabgjfs,1100,192,8.881784197001252e-16,4.440892098500626e-16,valid,pass,
0,0,basis_shear,,,torch.float64,2.220446049250313e-16,representation,mp-aaabgjfs,1100,192,1.7763568394002505e-15,1.7763568394002505e-15,valid,pass,
0,0,float32_vs_float64,,,torch.float32,,precision,mp-aaabgjfs,1100,192,6.865885886497836e-07,4.768371590913034e-07,valid,pass,
0,0,independent_reference,,,torch.float32,,enumeration,mp-aaabgmfn,1137,144,4.3790319548264733e-07,3.454996857499282e-07,valid,pass,
0,0,translation,,1.0,torch.float32,1.1765991457270456e-07,E3,mp-aaabgmfn,1137,144,4.76837158203125e-07,1.6170174754748246e-07,valid,pass,
0,0,rotation_1,,1.0,torch.float32,1.0350090119615312e-07,E3,mp-aaabgmfn,1137,144,4.76837158203125e-07,1.4453799179747762e-07,valid,pass,
0,0,rotation_2,,0.9999999999999989,torch.float32,8.75615373796169e-08,E3,mp-aaabgmfn,1137,144,4.76837158203125e-07,1.4438601603217194e-07,valid,pass,
0,0,reflection,,-1.0,torch.float32,1.1765991457270456e-07,E3,mp-aaabgmfn,1137,144,4.76837158203125e-07,1.6170174754748246e-07,valid,pass,
0,0,inversion,,-1.0,torch.float32,1.1765991457270456e-07,E3,mp-aaabgmfn,1137,144,4.76837158203125e-07,1.6170174754748246e-07,valid,pass,
0,0,improper_with_translation,,-1.0,torch.float32,1.0350090119615312e-07,E3,mp-aaabgmfn,1137,144,4.76837158203125e-07,4.888055500362753e-07,valid,pass,
0,0,permutation,,,torch.float32,0.0,representation,mp-aaabgmfn,1137,144,0.0,0.0,valid,pass,
0,0,integer_images,,,torch.float32,0.0,representation,mp-aaabgmfn,1137,144,9.5367431640625e-07,4.76837158203125e-07,valid,pass,
0,0,basis_swap,,,torch.float32,1.1765991249014384e-07,representation,mp-aaabgmfn,1137,144,4.76837158203125e-07,3.27380194953264e-07,valid,pass,
0,0,basis_shear,,,torch.float32,9.136906100574643e-08,representation,mp-aaabgmfn,1137,144,4.76837158203125e-07,3.2903760160962747e-07,valid,pass,
0,0,independent_reference,,,torch.float64,,enumeration,mp-aaabgmfn,1137,144,8.881784197001252e-16,4.440892098500626e-16,valid,pass,
0,0,translation,,1.0,torch.float64,2.220446049250313e-16,E3,mp-aaabgmfn,1137,144,8.881784197001252e-16,8.881784197001252e-16,valid,pass,
0,0,rotation_1,,1.0,torch.float64,2.220446049250313e-16,E3,mp-aaabgmfn,1137,144,1.7763568394002505e-15,1.7763568394002505e-15,valid,pass,
0,0,rotation_2,,0.9999999999999989,torch.float64,3.3306690738754696e-16,E3,mp-aaabgmfn,1137,144,3.552713678800501e-15,1.7763568394002505e-15,valid,pass,
0,0,reflection,,-1.0,torch.float64,2.220446049250313e-16,E3,mp-aaabgmfn,1137,144,8.881784197001252e-16,2.7755575615628914e-16,valid,pass,
0,0,inversion,,-1.0,torch.float64,2.220446049250313e-16,E3,mp-aaabgmfn,1137,144,8.881784197001252e-16,2.7755575615628914e-16,valid,pass,
0,0,improper_with_translation,,-1.0,torch.float64,2.220446049250313e-16,E3,mp-aaabgmfn,1137,144,2.6645352591003757e-15,1.3322676295501878e-15,valid,pass,
0,0,permutation,,,torch.float64,0.0,representation,mp-aaabgmfn,1137,144,0.0,0.0,valid,pass,
0,0,integer_images,,,torch.float64,0.0,representation,mp-aaabgmfn,1137,144,0.0,0.0,valid,pass,
0,0,basis_swap,,,torch.float64,9.854867555318755e-10,representation,mp-aaabgmfn,1137,144,2.4867379266879652e-09,4.440892098500626e-16,valid,pass,
0,0,basis_shear,,,torch.float64,7.171512461576237e-10,representation,mp-aaabgmfn,1137,144,2.5046063001354923e-09,8.881784197001252e-16,valid,pass,
0,0,float32_vs_float64,,,torch.float32,,precision,mp-aaabgmfn,1137,144,6.445799565213406e-07,7.210101640175992e-07,valid,pass,
0,0,independent_reference,,,torch.float32,,enumeration,mp-aaabjpef,1174,1376,7.540714666021131e-07,7.722025969769675e-07,valid,pass,
0,0,translation,,1.0,torch.float32,4.354497892188068e-18,E3,mp-aaabjpef,1174,1376,9.5367431640625e-07,9.5367431640625e-07,valid,pass,
0,0,rotation_1,,1.0,torch.float32,5.551115123125783e-16,E3,mp-aaabjpef,1174,1376,0.0,1.7763568394002505e-15,valid,pass,
0,0,rotation_2,,0.9999999999999989,torch.float32,1.3322676295501878e-15,E3,mp-aaabjpef,1174,1376,0.0,8.881784197001252e-16,valid,pass,
0,0,reflection,,-1.0,torch.float32,4.354497892188068e-18,E3,mp-aaabjpef,1174,1376,0.0,2.7755575615628914e-17,valid,pass,
0,0,inversion,,-1.0,torch.float32,4.354497892188068e-18,E3,mp-aaabjpef,1174,1376,0.0,2.7755575615628914e-17,valid,pass,
0,0,improper_with_translation,,-1.0,torch.float32,5.551115123125783e-16,E3,mp-aaabjpef,1174,1376,9.5367431640625e-07,8.041059258445671e-07,valid,pass,
0,0,permutation,,,torch.float32,0.0,representation,mp-aaabjpef,1174,1376,0.0,0.0,valid,pass,
0,0,integer_images,,,torch.float32,0.0,representation,mp-aaabjpef,1174,1376,2.384185791015625e-06,2.384185791015625e-06,valid,pass,
0,0,basis_swap,,,torch.float32,3.2638641281889527e-15,representation,mp-aaabjpef,1174,1376,4.76837158203125e-07,3.179453171853197e-07,valid,pass,
0,0,basis_shear,,,torch.float32,1.8426791931146075e-07,representation,mp-aaabjpef,1174,1376,1.430511474609375e-06,7.282526264808676e-07,valid,pass,
0,0,independent_reference,,,torch.float64,,enumeration,mp-aaabjpef,1174,1376,1.7763568394002505e-15,8.881784197001252e-16,valid,pass,
0,0,translation,,1.0,torch.float64,3.117468884209247e-17,E3,mp-aaabjpef,1174,1376,1.7763568394002505e-15,1.7763568394002505e-15,valid,pass,
0,0,rotation_1,,1.0,torch.float64,4.440892098500626e-16,E3,mp-aaabjpef,1174,1376,3.552713678800501e-15,2.6645352591003757e-15,valid,pass,
0,0,rotation_2,,0.9999999999999989,torch.float64,2.001066338202295e-16,E3,mp-aaabjpef,1174,1376,4.440892098500626e-15,2.6645352591003757e-15,valid,pass,
0,0,reflection,,-1.0,torch.float64,3.117468884209247e-17,E3,mp-aaabjpef,1174,1376,1.7763568394002505e-15,1.7763568394002505e-15,valid,pass,
0,0,inversion,,-1.0,torch.float64,3.117468884209247e-17,E3,mp-aaabjpef,1174,1376,1.7763568394002505e-15,1.7763568394002505e-15,valid,pass,
0,0,improper_with_translation,,-1.0,torch.float64,4.440892098500626e-16,E3,mp-aaabjpef,1174,1376,3.552713678800501e-15,3.552713678800501e-15,valid,pass,
0,0,permutation,,,torch.float64,0.0,representation,mp-aaabjpef,1174,1376,0.0,0.0,valid,pass,
0,0,integer_images,,,torch.float64,0.0,representation,mp-aaabjpef,1174,1376,0.0,0.0,valid,pass,
0,0,basis_swap,,,torch.float64,6.126168239362073e-09,representation,mp-aaabjpef,1174,1376,2.72550693125595e-08,8.881784197001252e-16,valid,pass,
0,0,basis_shear,,,torch.float64,2.728947723887968e-09,representation,mp-aaabjpef,1174,1376,1.1199556837482305e-08,1.7763568394002505e-15,valid,pass,
0,0,float32_vs_float64,,,torch.float32,,precision,mp-aaabjpef,1174,1376,1.0450750052015678e-06,8.694000430686799e-07,valid,pass,
0,0,independent_reference,,,torch.float32,,enumeration,mp-aaabkyod,1211,1920,8.864801248620324e-07,6.575993438673322e-07,valid,pass,
0,0,translation,,1.0,torch.float32,1.6506613915875439e-24,E3,mp-aaabkyod,1211,1920,1.430511474609375e-06,9.5367431640625e-07,valid,pass,
0,0,rotation_1,,1.0,torch.float32,5.551115123125783e-16,E3,mp-aaabkyod,1211,1920,0.0,8.881784197001252e-16,valid,pass,
0,0,rotation_2,,0.9999999999999989,torch.float32,1.6653345369377348e-15,E3,mp-aaabkyod,1211,1920,0.0,8.881784197001252e-16,valid,pass,
0,0,reflection,,-1.0,torch.float32,1.6506613915875439e-24,E3,mp-aaabkyod,1211,1920,0.0,1.6078749219620457e-31,valid,pass,
0,0,inversion,,-1.0,torch.float32,1.6506613915875439e-24,E3,mp-aaabkyod,1211,1920,0.0,1.6078749219620457e-31,valid,pass,
0,0,improper_with_translation,,-1.0,torch.float32,5.551115123125783e-16,E3,mp-aaabkyod,1211,1920,1.430511474609375e-06,1.0781494008682557e-06,valid,pass,
0,0,permutation,,,torch.float32,0.0,representation,mp-aaabkyod,1211,1920,0.0,0.0,valid,pass,
0,0,integer_images,,,torch.float32,0.0,representation,mp-aaabkyod,1211,1920,4.291534423828125e-06,4.76837158203125e-06,valid,pass,
0,0,basis_swap,,,torch.float32,1.9984014443252818e-15,representation,mp-aaabkyod,1211,1920,4.76837158203125e-07,1.686486044150115e-07,valid,pass,
0,0,basis_shear,,,torch.float32,4.3711388357018397e-08,representation,mp-aaabkyod,1211,1920,1.430511474609375e-06,1.144008670905805e-06,valid,pass,
0,0,independent_reference,,,torch.float64,,enumeration,mp-aaabkyod,1211,1920,1.7763568394002505e-15,8.881784197001252e-16,valid,pass,
0,0,translation,,1.0,torch.float64,4.8426960364597674e-33,E3,mp-aaabkyod,1211,1920,4.440892098500626e-15,4.6629367034256575e-15,valid,pass,
0,0,rotation_1,,1.0,torch.float64,2.220446049250313e-16,E3,mp-aaabkyod,1211,1920,4.440892098500626e-15,4.884981308350689e-15,valid,pass,
0,0,rotation_2,,0.9999999999999989,torch.float64,2.253765888111701e-16,E3,mp-aaabkyod,1211,1920,7.105427357601002e-15,4.440892098500626e-15,valid,pass,
0,0,reflection,,-1.0,torch.float64,4.8426960364597674e-33,E3,mp-aaabkyod,1211,1920,3.552713678800501e-15,4.440892098500626e-15,valid,pass,
0,0,inversion,,-1.0,torch.float64,4.8426960364597674e-33,E3,mp-aaabkyod,1211,1920,3.552713678800501e-15,4.440892098500626e-15,valid,pass,
0,0,improper_with_translation,,-1.0,torch.float64,2.220446049250313e-16,E3,mp-aaabkyod,1211,1920,4.884981308350689e-15,5.329070518200751e-15,valid,pass,
0,0,permutation,,,torch.float64,0.0,representation,mp-aaabkyod,1211,1920,0.0,0.0,valid,pass,
0,0,integer_images,,,torch.float64,0.0,representation,mp-aaabkyod,1211,1920,0.0,0.0,valid,pass,
0,0,basis_swap,,,torch.float64,6.123233827849041e-25,representation,mp-aaabkyod,1211,1920,8.881784197001252e-16,7.395570986446986e-32,valid,pass,
0,0,basis_shear,,,torch.float64,2.220446049250313e-16,representation,mp-aaabkyod,1211,1920,8.881784197001252e-16,8.881784197001252e-16,valid,pass,
0,0,float32_vs_float64,,,torch.float32,,precision,mp-aaabkyod,1211,1920,9.295322369595738e-07,6.349775274472336e-07,valid,pass,
0,0,independent_reference,,,torch.float32,,enumeration,mp-aaabptou,1247,2516,8.053687965414724e-07,7.438895828215664e-07,valid,pass,
0,0,translation,,1.0,torch.float32,1.9702314001496758e-17,E3,mp-aaabptou,1247,2516,9.5367431640625e-07,9.5367431640625e-07,valid,pass,
0,0,rotation_1,,1.0,torch.float32,4.440892098500626e-16,E3,mp-aaabptou,1247,2516,4.76837158203125e-07,2.695373493288855e-07,valid,pass,
0,0,rotation_2,,0.9999999999999989,torch.float32,1.3322676295501878e-15,E3,mp-aaabptou,1247,2516,4.76837158203125e-07,3.042945657671936e-07,valid,pass,
0,0,reflection,,-1.0,torch.float32,1.9702314001496758e-17,E3,mp-aaabptou,1247,2516,2.384185791015625e-07,2.3841857917789033e-07,valid,pass,
0,0,inversion,,-1.0,torch.float32,1.9702314001496758e-17,E3,mp-aaabptou,1247,2516,2.384185791015625e-07,2.3841857917789033e-07,valid,pass,
0,0,improper_with_translation,,-1.0,torch.float32,4.440892098500626e-16,E3,mp-aaabptou,1247,2516,1.430511474609375e-06,8.730433420645056e-07,valid,pass,
0,0,permutation,,,torch.float32,0.0,representation,mp-aaabptou,1247,2516,0.0,0.0,valid,pass,
0,0,integer_images,,,torch.float32,0.0,representation,mp-aaabptou,1247,2516,2.86102294921875e-06,2.86102294921875e-06,valid,pass,
0,0,basis_swap,,,torch.float32,1.9974765619323875e-08,representation,mp-aaabptou,1247,2516,9.5367431640625e-07,7.640035759592934e-07,valid,pass,
0,0,basis_shear,,,torch.float32,5.763037246878062e-08,representation,mp-aaabptou,1247,2516,9.5367431640625e-07,9.248200747435931e-07,valid,pass,
0,0,independent_reference,,,torch.float64,,enumeration,mp-aaabptou,1247,2516,1.7763568394002505e-15,1.7763568394002505e-15,valid,pass,
0,0,translation,,1.0,torch.float64,6.362413402440792e-10,E3,mp-aaabptou,1247,2516,1.853448949873382e-09,4.440892098500626e-15,valid,pass,
0,0,rotation_1,,1.0,torch.float64,5.558975108808176e-10,E3,mp-aaabptou,1247,2516,1.8534480616949622e-09,3.1086244689504383e-15,valid,pass,
0,0,rotation_2,,0.9999999999999989,torch.float64,5.197324792760583e-10,E3,mp-aaabptou,1247,2516,1.8534453971597031e-09,4.440892098500626e-15,valid,pass,
0,0,reflection,,-1.0,torch.float64,6.362413402440792e-10,E3,mp-aaabptou,1247,2516,1.8534480616949622e-09,3.1086244689504383e-15,valid,pass,
0,0,inversion,,-1.0,torch.float64,6.362413402440792e-10,E3,mp-aaabptou,1247,2516,1.8534480616949622e-09,3.1086244689504383e-15,valid,pass,
0,0,improper_with_translation,,-1.0,torch.float64,5.558975108808176e-10,E3,mp-aaabptou,1247,2516,1.853448949873382e-09,3.552713678800501e-15,valid,pass,
0,0,permutation,,,torch.float64,0.0,representation,mp-aaabptou,1247,2516,0.0,0.0,valid,pass,
0,0,integer_images,,,torch.float64,0.0,representation,mp-aaabptou,1247,2516,1.3322676295501878e-15,8.881784197001252e-16,valid,pass,
0,0,basis_swap,,,torch.float64,4.859342933267334e-10,representation,mp-aaabptou,1247,2516,1.8534480616949622e-09,1.7763568394002505e-15,valid,pass,
0,0,basis_shear,,,torch.float64,1.154214056048489e-09,representation,mp-aaabptou,1247,2516,4.191337943382223e-09,1.7763568394002505e-15,valid,pass,
0,0,float32_vs_float64,,,torch.float32,,precision,mp-aaabptou,1247,2516,1.2702499931904754e-06,1.1935120225459173e-06,valid,pass,
0,0,independent_reference,,,torch.float32,,enumeration,mp-aaabqzyw,1284,424,5.235804234615671e-07,5.326766174817976e-07,valid,pass,
0,0,translation,,1.0,torch.float32,1.6523634058707151e-24,E3,mp-aaabqzyw,1284,424,9.5367431640625e-07,7.152557373046875e-07,valid,pass,
0,0,rotation_1,,1.0,torch.float32,3.3306690738754696e-16,E3,mp-aaabqzyw,1284,424,0.0,8.881784197001252e-16,valid,pass,
0,0,rotation_2,,0.9999999999999989,torch.float32,1.3322676295501878e-15,E3,mp-aaabqzyw,1284,424,0.0,8.881784197001252e-16,valid,pass,
0,0,reflection,,-1.0,torch.float32,1.6523634058707151e-24,E3,mp-aaabqzyw,1284,424,0.0,6.617444900424222e-24,valid,pass,
0,0,inversion,,-1.0,torch.float32,1.6523634058707151e-24,E3,mp-aaabqzyw,1284,424,0.0,6.617444900424222e-24,valid,pass,
0,0,improper_with_translation,,-1.0,torch.float32,3.3306690738754696e-16,E3,mp-aaabqzyw,1284,424,9.5367431640625e-07,7.073878496299812e-07,valid,pass,
0,0,permutation,,,torch.float32,0.0,representation,mp-aaabqzyw,1284,424,0.0,0.0,valid,pass,
0,0,integer_images,,,torch.float32,0.0,representation,mp-aaabqzyw,1284,424,1.9073486328125e-06,2.1457672119140625e-06,valid,pass,
0,0,basis_swap,,,torch.float32,1.9984014443252818e-15,representation,mp-aaabqzyw,1284,424,4.76837158203125e-07,1.2329605780792008e-07,valid,pass,
0,0,basis_shear,,,torch.float32,1.2050270143520048e-07,representation,mp-aaabqzyw,1284,424,9.5367431640625e-07,1.2440842325212031e-06,valid,pass,
0,0,independent_reference,,,torch.float64,,enumeration,mp-aaabqzyw,1284,424,1.7763568394002505e-15,8.881784197001252e-16,valid,pass,
0,0,translation,,1.0,torch.float64,1.0782210370870452e-33,E3,mp-aaabqzyw,1284,424,8.881784197001252e-16,1.887379141862766e-15,valid,pass,
0,0,rotation_1,,1.0,torch.float64,1.1102230246251565e-16,E3,mp-aaabqzyw,1284,424,3.552713678800501e-15,3.552713678800501e-15,valid,pass,
0,0,rotation_2,,0.9999999999999989,torch.float64,2.3299961577257276e-16,E3,mp-aaabqzyw,1284,424,5.329070518200751e-15,2.220446049250313e-15,valid,pass,
0,0,reflection,,-1.0,torch.float64,1.0782210370870452e-33,E3,mp-aaabqzyw,1284,424,0.0,1.2828499274623593e-16,valid,pass,
0,0,inversion,,-1.0,torch.float64,1.0782210370870452e-33,E3,mp-aaabqzyw,1284,424,0.0,1.2828499274623593e-16,valid,pass,
0,0,improper_with_translation,,-1.0,torch.float64,1.1102230246251565e-16,E3,mp-aaabqzyw,1284,424,3.552713678800501e-15,3.552713678800501e-15,valid,pass,
0,0,permutation,,,torch.float64,0.0,representation,mp-aaabqzyw,1284,424,0.0,0.0,valid,pass,
0,0,integer_images,,,torch.float64,0.0,representation,mp-aaabqzyw,1284,424,0.0,0.0,valid,pass,
0,0,basis_swap,,,torch.float64,6.123233961205329e-25,representation,mp-aaabqzyw,1284,424,8.881784197001252e-16,9.860761315262648e-32,valid,pass,
0,0,basis_shear,,,torch.float64,2.220446049250313e-16,representation,mp-aaabqzyw,1284,424,1.7763568394002505e-15,8.881784197001252e-16,valid,pass,
0,0,float32_vs_float64,,,torch.float32,,precision,mp-aaabqzyw,1284,424,7.319754917745058e-07,5.76877749125515e-07,valid,pass,
0,0,independent_reference,,,torch.float32,,enumeration,mp-aaabxazg,1321,232,4.902163857067876e-07,7.152557373046875e-07,valid,pass,
0,0,translation,,1.0,torch.float32,2.2561388979269736e-07,E3,mp-aaabxazg,1321,232,9.5367431640625e-07,8.344650330727177e-07,valid,pass,
0,0,rotation_1,,1.0,torch.float32,2.3233547263856735e-07,E3,mp-aaabxazg,1321,232,9.5367431640625e-07,6.417633944266754e-07,valid,pass,
0,0,rotation_2,,0.9999999999999989,torch.float32,2.123964282230162e-07,E3,mp-aaabxazg,1321,232,9.5367431640625e-07,6.399168963611146e-07,valid,pass,
0,0,reflection,,-1.0,torch.float32,2.2561388979269736e-07,E3,mp-aaabxazg,1321,232,9.5367431640625e-07,8.344650330727177e-07,valid,pass,
0,0,inversion,,-1.0,torch.float32,2.2561388979269736e-07,E3,mp-aaabxazg,1321,232,9.5367431640625e-07,8.344650330727177e-07,valid,pass,
0,0,improper_with_translation,,-1.0,torch.float32,2.3233547263856735e-07,E3,mp-aaabxazg,1321,232,9.5367431640625e-07,6.538486605478511e-07,valid,pass,
0,0,permutation,,,torch.float32,0.0,representation,mp-aaabxazg,1321,232,0.0,0.0,valid,pass,
0,0,integer_images,,,torch.float32,0.0,representation,mp-aaabxazg,1321,232,0.0,0.0,valid,pass,
0,0,basis_swap,,,torch.float32,1.248467402792386e-07,representation,mp-aaabxazg,1321,232,4.76837158203125e-07,6.120174553814195e-07,valid,pass,
0,0,basis_shear,,,torch.float32,2.397510221463506e-07,representation,mp-aaabxazg,1321,232,9.5367431640625e-07,6.322408978576277e-07,valid,pass,
0,0,independent_reference,,,torch.float64,,enumeration,mp-aaabxazg,1321,232,1.7763568394002505e-15,8.881784197001252e-16,valid,pass,
0,0,translation,,1.0,torch.float64,4.082482910842689e-09,E3,mp-aaabxazg,1321,232,1.4090068667371725e-08,1.7763568394002505e-15,valid,pass,
0,0,rotation_1,,1.0,torch.float64,3.832201212007005e-09,E3,mp-aaabxazg,1321,232,1.4090066891014885e-08,2.220446049250313e-15,valid,pass,
0,0,rotation_2,,0.9999999999999989,torch.float64,3.951778015931495e-09,E3,mp-aaabxazg,1321,232,1.4090065114658046e-08,3.552713678800501e-15,valid,pass,
0,0,reflection,,-1.0,torch.float64,4.082482910842689e-09,E3,mp-aaabxazg,1321,232,1.4090068667371725e-08,1.7763568394002505e-15,valid,pass,
0,0,inversion,,-1.0,torch.float64,4.082482910842689e-09,E3,mp-aaabxazg,1321,232,1.4090068667371725e-08,1.7763568394002505e-15,valid,pass,
0,0,improper_with_translation,,-1.0,torch.float64,3.832201212007005e-09,E3,mp-aaabxazg,1321,232,1.4090066891014885e-08,2.220446049250313e-15,valid,pass,
0,0,permutation,,,torch.float64,0.0,representation,mp-aaabxazg,1321,232,0.0,0.0,valid,pass,
0,0,integer_images,,,torch.float64,0.0,representation,mp-aaabxazg,1321,232,0.0,0.0,valid,pass,
0,0,basis_swap,,,torch.float64,3.5355338223791213e-09,representation,mp-aaabxazg,1321,232,1.4090067779193305e-08,1.7763568394002505e-15,valid,pass,
0,0,basis_shear,,,torch.float64,6.661338147750939e-16,representation,mp-aaabxazg,1321,232,8.881784197001252e-16,1.7763568394002505e-15,valid,pass,
0,0,float32_vs_float64,,,torch.float32,,precision,mp-aaabxazg,1321,232,6.819609090769063e-07,7.206099228440621e-07,valid,pass,
0,0,independent_reference,,,torch.float32,,enumeration,mp-aaabxdss,1357,232,4.849890524738498e-07,3.5762786865234375e-07,valid,pass,
0,0,translation,,1.0,torch.float32,1.9626155098208012e-17,E3,mp-aaabxdss,1357,232,4.76837158203125e-07,4.76837158203125e-07,valid,pass,
0,0,rotation_1,,1.0,torch.float32,7.771561172376096e-16,E3,mp-aaabxdss,1357,232,0.0,1.7763568394002505e-15,valid,pass,
0,0,rotation_2,,0.9999999999999989,torch.float32,1.3322676295501878e-15,E3,mp-aaabxdss,1357,232,0.0,8.881784197001252e-16,valid,pass,
0,0,reflection,,-1.0,torch.float32,1.9626155098208012e-17,E3,mp-aaabxdss,1357,232,0.0,1.136997206692273e-16,valid,pass,
0,0,inversion,,-1.0,torch.float32,1.9626155098208012e-17,E3,mp-aaabxdss,1357,232,0.0,1.136997206692273e-16,valid,pass,
0,0,improper_with_translation,,-1.0,torch.float32,7.771561172376096e-16,E3,mp-aaabxdss,1357,232,4.76837158203125e-07,4.3830877061168394e-07,valid,pass,
0,0,permutation,,,torch.float32,0.0,representation,mp-aaabxdss,1357,232,0.0,0.0,valid,pass,
0,0,integer_images,,,torch.float32,0.0,representation,mp-aaabxdss,1357,232,0.0,0.0,valid,pass,
0,0,basis_swap,,,torch.float32,3.637628620545286e-08,representation,mp-aaabxdss,1357,232,4.76837158203125e-07,5.364417852149472e-07,valid,pass,
0,0,basis_shear,,,torch.float32,2.2872960121036984e-07,representation,mp-aaabxdss,1357,232,9.5367431640625e-07,3.688030547621679e-07,valid,pass,
0,0,independent_reference,,,torch.float64,,enumeration,mp-aaabxdss,1357,232,1.3322676295501878e-15,8.881784197001252e-16,valid,pass,
0,0,translation,,1.0,torch.float64,4.082482928242203e-09,E3,mp-aaabxdss,1357,232,1.3654879893465477e-08,1.7763568394002505e-15,valid,pass,
0,0,rotation_1,,1.0,torch.float64,3.832201632731119e-09,E3,mp-aaabxdss,1357,232,1.3654881669822316e-08,4.440892098500626e-15,valid,pass,
0,0,rotation_2,,0.9999999999999989,torch.float64,3.9517785710430076e-09,E3,mp-aaabxdss,1357,232,1.3654879005287057e-08,2.220446049250313e-15,valid,pass,
0,0,reflection,,-1.0,torch.float64,4.082482928242203e-09,E3,mp-aaabxdss,1357,232,1.3654879893465477e-08,8.881784197001252e-16,valid,pass,
0,0,inversion,,-1.0,torch.float64,4.082482928242203e-09,E3,mp-aaabxdss,1357,232,1.3654879893465477e-08,8.881784197001252e-16,valid,pass,
0,0,improper_with_translation,,-1.0,torch.float64,3.832201632731119e-09,E3,mp-aaabxdss,1357,232,1.3654881669822316e-08,4.440892098500626e-15,valid,pass,
0,0,permutation,,,torch.float64,0.0,representation,mp-aaabxdss,1357,232,0.0,0.0,valid,pass,
0,0,integer_images,,,torch.float64,0.0,representation,mp-aaabxdss,1357,232,0.0,0.0,valid,pass,
0,0,basis_swap,,,torch.float64,3.535533876913362e-09,representation,mp-aaabxdss,1357,232,1.3654879893465477e-08,8.881784197001252e-16,valid,pass,
0,0,basis_shear,,,torch.float64,4.440892098500626e-16,representation,mp-aaabxdss,1357,232,2.6645352591003757e-15,1.7763568394002505e-15,valid,pass,
0,0,float32_vs_float64,,,torch.float32,,precision,mp-aaabxdss,1357,232,7.213407950956707e-07,6.108439984942038e-07,valid,pass,
0,0,independent_reference,,,torch.float32,,enumeration,mp-aaabxgvq,1394,232,4.214564084392691e-07,3.5762786865234375e-07,valid,pass,
0,0,translation,,1.0,torch.float32,1.265070510569899e-07,E3,mp-aaabxgvq,1394,232,9.5367431640625e-07,3.5762786509963007e-07,valid,pass,
0,0,rotation_1,,1.0,torch.float32,1.564293841127551e-07,E3,mp-aaabxgvq,1394,232,9.5367431640625e-07,3.7173149358693536e-07,valid,pass,
0,0,rotation_2,,0.9999999999999989,torch.float32,1.4022380367961773e-07,E3,mp-aaabxgvq,1394,232,9.5367431640625e-07,3.7192648560946395e-07,valid,pass,
0,0,reflection,,-1.0,torch.float32,1.265070510569899e-07,E3,mp-aaabxgvq,1394,232,9.5367431640625e-07,3.5762786509963007e-07,valid,pass,
0,0,inversion,,-1.0,torch.float32,1.265070510569899e-07,E3,mp-aaabxgvq,1394,232,9.5367431640625e-07,3.5762786509963007e-07,valid,pass,
0,0,improper_with_translation,,-1.0,torch.float32,1.564293841127551e-07,E3,mp-aaabxgvq,1394,232,9.5367431640625e-07,7.059125328723326e-07,valid,pass,
0,0,permutation,,,torch.float32,0.0,representation,mp-aaabxgvq,1394,232,0.0,0.0,valid,pass,
0,0,integer_images,,,torch.float32,0.0,representation,mp-aaabxgvq,1394,232,0.0,0.0,valid,pass,
0,0,basis_swap,,,torch.float32,1.1826672707826447e-07,representation,mp-aaabxgvq,1394,232,9.5367431640625e-07,5.470635713322736e-07,valid,pass,
0,0,basis_shear,,,torch.float32,1.9573021492469422e-07,representation,mp-aaabxgvq,1394,232,9.5367431640625e-07,4.887480633541941e-07,valid,pass,
0,0,independent_reference,,,torch.float64,,enumeration,mp-aaabxgvq,1394,232,8.881784197001252e-16,8.881784197001252e-16,valid,pass,
0,0,translation,,1.0,torch.float64,4.082482715211753e-09,E3,mp-aaabxgvq,1394,232,1.2564180806862169e-08,1.7763568394002505e-15,valid,pass,
0,0,rotation_1,,1.0,torch.float64,3.832201280327344e-09,E3,mp-aaabxgvq,1394,232,1.2564179918683749e-08,2.6645352591003757e-15,valid,pass,
0,0,rotation_2,,0.9999999999999989,torch.float64,3.951778348998403e-09,E3,mp-aaabxgvq,1394,232,1.2564179030505329e-08,2.6645352591003757e-15,valid,pass,
0,0,reflection,,-1.0,torch.float64,4.082482715211753e-09,E3,mp-aaabxgvq,1394,232,1.2564180806862169e-08,9.808766466564518e-16,valid,pass,
0,0,inversion,,-1.0,torch.float64,4.082482715211753e-09,E3,mp-aaabxgvq,1394,232,1.2564180806862169e-08,9.808766466564518e-16,valid,pass,
0,0,improper_with_translation,,-1.0,torch.float64,3.832201280327344e-09,E3,mp-aaabxgvq,1394,232,1.2564179918683749e-08,2.220446049250313e-15,valid,pass,
0,0,permutation,,,torch.float64,0.0,representation,mp-aaabxgvq,1394,232,0.0,0.0,valid,pass,
0,0,integer_images,,,torch.float64,0.0,representation,mp-aaabxgvq,1394,232,0.0,0.0,valid,pass,
0,0,basis_swap,,,torch.float64,3.535533803233113e-09,representation,mp-aaabxgvq,1394,232,1.2564180806862169e-08,8.881784197001252e-16,valid,pass,
0,0,basis_shear,,,torch.float64,5.551115123125783e-16,representation,mp-aaabxgvq,1394,232,1.7763568394002505e-15,8.881784197001252e-16,valid,pass,
0,0,float32_vs_float64,,,torch.float32,,precision,mp-aaabxgvq,1394,232,6.759961719282614e-07,6.152984113327875e-07,valid,pass,
0,0,independent_reference,,,torch.float32,,enumeration,mp-aaabxjsy,1431,288,6.224228608076032e-07,6.025105818707743e-07,valid,pass,
0,0,translation,,1.0,torch.float32,4.634073285772258e-17,E3,mp-aaabxjsy,1431,288,4.76837158203125e-07,4.76837158203125e-07,valid,pass,
0,0,rotation_1,,1.0,torch.float32,3.3785052644187105e-16,E3,mp-aaabxjsy,1431,288,0.0,8.881784197001252e-16,valid,pass,
0,0,rotation_2,,0.9999999999999989,torch.float32,1.4432899320127035e-15,E3,mp-aaabxjsy,1431,288,0.0,8.881784197001252e-16,valid,pass,
0,0,reflection,,-1.0,torch.float32,4.634073285772258e-17,E3,mp-aaabxjsy,1431,288,0.0,2.5411994269253875e-16,valid,pass,
0,0,inversion,,-1.0,torch.float32,4.634073285772258e-17,E3,mp-aaabxjsy,1431,288,0.0,2.5411994269253875e-16,valid,pass,
0,0,improper_with_translation,,-1.0,torch.float32,3.3785052644187105e-16,E3,mp-aaabxjsy,1431,288,4.76837158203125e-07,5.303512393695087e-07,valid,pass,
0,0,permutation,,,torch.float32,0.0,representation,mp-aaabxjsy,1431,288,0.0,0.0,valid,pass,
0,0,integer_images,,,torch.float32,0.0,representation,mp-aaabxjsy,1431,288,1.9073486328125e-06,1.9073486328125e-06,valid,pass,
0,0,basis_swap,,,torch.float32,6.46262099390782e-08,representation,mp-aaabxjsy,1431,288,4.76837158203125e-07,7.656284211066122e-07,valid,pass,
0,0,basis_shear,,,torch.float32,1.0282613627232706e-07,representation,mp-aaabxjsy,1431,288,9.5367431640625e-07,8.530204240742023e-07,valid,pass,
0,0,independent_reference,,,torch.float64,,enumeration,mp-aaabxjsy,1431,288,8.881784197001252e-16,8.881784197001252e-16,valid,pass,
0,0,translation,,1.0,torch.float64,7.401292682971987e-17,E3,mp-aaabxjsy,1431,288,1.7763568394002505e-15,1.3322676295501878e-15,valid,pass,
0,0,rotation_1,,1.0,torch.float64,6.661338147750939e-16,E3,mp-aaabxjsy,1431,288,3.552713678800501e-15,1.915134717478395e-15,valid,pass,
0,0,rotation_2,,0.9999999999999989,torch.float64,2.381366354673422e-16,E3,mp-aaabxjsy,1431,288,6.217248937900877e-15,1.942890293094024e-15,valid,pass,
0,0,reflection,,-1.0,torch.float64,7.401292682971987e-17,E3,mp-aaabxjsy,1431,288,1.7763568394002505e-15,1.7763568394002505e-15,valid,pass,
0,0,inversion,,-1.0,torch.float64,7.401292682971987e-17,E3,mp-aaabxjsy,1431,288,1.7763568394002505e-15,1.7763568394002505e-15,valid,pass,
0,0,improper_with_translation,,-1.0,torch.float64,6.661338147750939e-16,E3,mp-aaabxjsy,1431,288,3.552713678800501e-15,1.7763568394002505e-15,valid,pass,
0,0,permutation,,,torch.float64,0.0,representation,mp-aaabxjsy,1431,288,0.0,0.0,valid,pass,
0,0,integer_images,,,torch.float64,0.0,representation,mp-aaabxjsy,1431,288,0.0,0.0,valid,pass,
0,0,basis_swap,,,torch.float64,2.220446049250313e-16,representation,mp-aaabxjsy,1431,288,1.7763568394002505e-15,8.881784197001252e-16,valid,pass,
0,0,basis_shear,,,torch.float64,2.220446049250313e-16,representation,mp-aaabxjsy,1431,288,1.7763568394002505e-15,1.1102230246251565e-15,valid,pass,
0,0,float32_vs_float64,,,torch.float32,,precision,mp-aaabxjsy,1431,288,6.149268587662959e-07,8.606711436875969e-07,valid,pass,
0,0,independent_reference,,,torch.float32,,enumeration,mp-aaacdkem,1467,72,9.746481755001923e-08,1.0990795829002309e-07,valid,pass,
0,0,translation,,1.0,torch.float32,3.2201724777570745e-24,E3,mp-aaacdkem,1467,72,0.0,2.6469779601696886e-23,valid,pass,
0,0,rotation_1,,1.0,torch.float32,3.3306690738754696e-16,E3,mp-aaacdkem,1467,72,0.0,2.220446049250313e-16,valid,pass,
0,0,rotation_2,,0.9999999999999989,torch.float32,1.6653345369377348e-15,E3,mp-aaacdkem,1467,72,0.0,4.440892098500626e-16,valid,pass,
0,0,reflection,,-1.0,torch.float32,3.2201724777570745e-24,E3,mp-aaacdkem,1467,72,0.0,2.6469779601696886e-23,valid,pass,
0,0,inversion,,-1.0,torch.float32,3.2201724777570745e-24,E3,mp-aaacdkem,1467,72,0.0,2.6469779601696886e-23,valid,pass,
0,0,improper_with_translation,,-1.0,torch.float32,3.3306690738754696e-16,E3,mp-aaacdkem,1467,72,0.0,2.220446049250313e-16,valid,pass,
0,0,permutation,,,torch.float32,0.0,representation,mp-aaacdkem,1467,72,0.0,0.0,valid,pass,
0,0,integer_images,,,torch.float32,0.0,representation,mp-aaacdkem,1467,72,0.0,0.0,valid,pass,
0,0,basis_swap,,,torch.float32,3.741100496814625e-15,representation,mp-aaacdkem,1467,72,0.0,1.0990794896414968e-07,valid,pass,
0,0,basis_shear,,,torch.float32,4.371138700478739e-08,representation,mp-aaacdkem,1467,72,0.0,1.486762810642972e-07,valid,pass,
0,0,independent_reference,,,torch.float64,,enumeration,mp-aaacdkem,1467,72,4.440892098500626e-16,4.440892098500626e-16,valid,pass,
0,0,translation,,1.0,torch.float64,6.07627633261949e-33,E3,mp-aaacdkem,1467,72,8.881784197001252e-16,4.440892098500626e-16,valid,pass,
0,0,rotation_1,,1.0,torch.float64,3.482561882532769e-16,E3,mp-aaacdkem,1467,72,2.220446049250313e-15,6.661338147750939e-16,valid,pass,
0,0,rotation_2,,0.9999999999999989,torch.float64,4.440892098500626e-16,E3,mp-aaacdkem,1467,72,3.1086244689504383e-15,8.881784197001252e-16,valid,pass,
0,0,reflection,,-1.0,torch.float64,6.07627633261949e-33,E3,mp-aaacdkem,1467,72,8.881784197001252e-16,4.440892098500626e-16,valid,pass,
0,0,inversion,,-1.0,torch.float64,6.07627633261949e-33,E3,mp-aaacdkem,1467,72,8.881784197001252e-16,4.440892098500626e-16,valid,pass,
0,0,improper_with_translation,,-1.0,torch.float64,3.482561882532769e-16,E3,mp-aaacdkem,1467,72,2.220446049250313e-15,1.0547118733938987e-15,valid,pass,
0,0,permutation,,,torch.float64,0.0,representation,mp-aaacdkem,1467,72,0.0,0.0,valid,pass,
0,0,integer_images,,,torch.float64,0.0,representation,mp-aaacdkem,1467,72,0.0,0.0,valid,pass,
0,0,basis_swap,,,torch.float64,6.123233873918088e-25,representation,mp-aaacdkem,1467,72,0.0,4.930380657631324e-32,valid,pass,
0,0,basis_shear,,,torch.float64,2.220446049250313e-16,representation,mp-aaacdkem,1467,72,8.881784197001252e-16,8.881784197001252e-16,valid,pass,
0,0,float32_vs_float64,,,torch.float32,,precision,mp-aaacdkem,1467,72,1.1913355635329026e-07,2.1981591688797145e-07,valid,pass,
0,0,independent_reference,,,torch.float32,,enumeration,mp-aaacdrnt,1504,104,3.3340819083349515e-07,3.5762786865234375e-07,valid,pass,
0,0,translation,,1.0,torch.float32,2.0980493076194762e-07,E3,mp-aaacdrnt,1504,104,9.5367431640625e-07,4.1723251653635884e-07,valid,pass,
0,0,rotation_1,,1.0,torch.float32,2.1605552635861613e-07,E3,mp-aaacdrnt,1504,104,9.5367431640625e-07,3.208816967692485e-07,valid,pass,
0,0,rotation_2,,0.9999999999999989,torch.float32,1.9751363056208504e-07,E3,mp-aaacdrnt,1504,104,9.5367431640625e-07,3.199584481805573e-07,valid,pass,
0,0,reflection,,-1.0,torch.float32,2.0980493076194762e-07,E3,mp-aaacdrnt,1504,104,9.5367431640625e-07,4.1723251653635884e-07,valid,pass,
0,0,inversion,,-1.0,torch.float32,2.0980493076194762e-07,E3,mp-aaacdrnt,1504,104,9.5367431640625e-07,4.1723251653635884e-07,valid,pass,
0,0,improper_with_translation,,-1.0,torch.float32,2.1605552635861613e-07,E3,mp-aaacdrnt,1504,104,9.5367431640625e-07,3.208816967692485e-07,valid,pass,
0,0,permutation,,,torch.float32,0.0,representation,mp-aaacdrnt,1504,104,0.0,0.0,valid,pass,
0,0,integer_images,,,torch.float32,0.0,representation,mp-aaacdrnt,1504,104,0.0,0.0,valid,pass,
0,0,basis_swap,,,torch.float32,1.0505826675277774e-07,representation,mp-aaacdrnt,1504,104,4.76837158203125e-07,3.0600872857888817e-07,valid,pass,
0,0,basis_shear,,,torch.float32,2.3399181192651497e-07,representation,mp-aaacdrnt,1504,104,9.5367431640625e-07,3.5762786865234375e-07,valid,pass,
0,0,independent_reference,,,torch.float64,,enumeration,mp-aaacdrnt,1504,104,8.881784197001252e-16,1.1102230246251565e-15,valid,pass,
0,0,translation,,1.0,torch.float64,4.082482876845198e-09,E3,mp-aaacdrnt,1504,104,1.5151764287679725e-08,1.3322676295501878e-15,valid,pass,
0,0,rotation_1,,1.0,torch.float64,3.832201393204097e-09,E3,mp-aaacdrnt,1504,104,1.5151763399501306e-08,1.3322676295501878e-15,valid,pass,
0,0,rotation_2,,0.9999999999999989,torch.float64,3.95177868206531e-09,E3,mp-aaacdrnt,1504,104,1.5151763399501306e-08,1.7763568394002505e-15,valid,pass,
0,0,reflection,,-1.0,torch.float64,4.082482876845198e-09,E3,mp-aaacdrnt,1504,104,1.5151764287679725e-08,1.7763568394002505e-15,valid,pass,
0,0,inversion,,-1.0,torch.float64,4.082482876845198e-09,E3,mp-aaacdrnt,1504,104,1.5151764287679725e-08,1.7763568394002505e-15,valid,pass,
0,0,improper_with_translation,,-1.0,torch.float64,3.832201393204097e-09,E3,mp-aaacdrnt,1504,104,1.5151763399501306e-08,1.3322676295501878e-15,valid,pass,
0,0,permutation,,,torch.float64,0.0,representation,mp-aaacdrnt,1504,104,0.0,0.0,valid,pass,
0,0,integer_images,,,torch.float64,0.0,representation,mp-aaacdrnt,1504,104,0.0,0.0,valid,pass,
0,0,basis_swap,,,torch.float64,3.5355338801297056e-09,representation,mp-aaacdrnt,1504,104,1.5151765175858145e-08,4.440892098500626e-16,valid,pass,
0,0,basis_shear,,,torch.float64,4.440892098500626e-16,representation,mp-aaacdrnt,1504,104,1.7763568394002505e-15,8.881784197001252e-16,valid,pass,
0,0,float32_vs_float64,,,torch.float32,,precision,mp-aaacdrnt,1504,104,2.618294874245919e-07,2.454767704662686e-07,valid,pass,
0,0,independent_reference,,,torch.float32,,enumeration,mp-aaacehxf,1541,308,5.698718146263104e-07,6.054406043176641e-07,valid,pass,
0,0,translation,,1.0,torch.float32,1.2338454069149168e-17,E3,mp-aaacehxf,1541,308,7.152557373046875e-07,4.768371582099632e-07,valid,pass,
0,0,rotation_1,,1.0,torch.float32,4.440892098500626e-16,E3,mp-aaacehxf,1541,308,0.0,8.881784197001252e-16,valid,pass,
0,0,rotation_2,,0.9999999999999989,torch.float32,1.4432899320127035e-15,E3,mp-aaacehxf,1541,308,0.0,8.881784197001252e-16,valid,pass,
0,0,reflection,,-1.0,torch.float32,1.2338454069149168e-17,E3,mp-aaacehxf,1541,308,0.0,5.551115123125783e-17,valid,pass,
0,0,inversion,,-1.0,torch.float32,1.2338454069149168e-17,E3,mp-aaacehxf,1541,308,0.0,5.551115123125783e-17,valid,pass,
0,0,improper_with_translation,,-1.0,torch.float32,4.440892098500626e-16,E3,mp-aaacehxf,1541,308,9.5367431640625e-07,9.536323544168113e-07,valid,pass,
0,0,permutation,,,torch.float32,0.0,representation,mp-aaacehxf,1541,308,0.0,0.0,valid,pass,
0,0,integer_images,,,torch.float32,0.0,representation,mp-aaacehxf,1541,308,1.430511474609375e-06,1.1920928955078125e-06,valid,pass,
0,0,basis_swap,,,torch.float32,5.924895574160871e-08,representation,mp-aaacehxf,1541,308,4.76837158203125e-07,9.396718132492765e-07,valid,pass,
0,0,basis_shear,,,torch.float32,2.0636799291934194e-07,representation,mp-aaacehxf,1541,308,1.430511474609375e-06,9.886389653601668e-07,valid,pass,
0,0,independent_reference,,,torch.float64,,enumeration,mp-aaacehxf,1541,308,8.881784197001252e-16,1.3322676295501878e-15,valid,pass,
0,0,translation,,1.0,torch.float64,4.082482958621925e-09,E3,mp-aaacehxf,1541,308,1.4885944032982934e-08,1.9984014443252818e-15,valid,pass,
0,0,rotation_1,,1.0,torch.float64,3.832201513501908e-09,E3,mp-aaacehxf,1541,308,1.4885943144804514e-08,3.552713678800501e-15,valid,pass,
0,0,rotation_2,,0.9999999999999989,torch.float64,3.951778348998403e-09,E3,mp-aaacehxf,1541,308,1.4885941368447675e-08,2.7755575615628914e-15,valid,pass,
0,0,reflection,,-1.0,torch.float64,4.082482958621925e-09,E3,mp-aaacehxf,1541,308,1.4885944032982934e-08,2.6645352591003757e-15,valid,pass,
0,0,inversion,,-1.0,torch.float64,4.082482958621925e-09,E3,mp-aaacehxf,1541,308,1.4885944032982934e-08,2.6645352591003757e-15,valid,pass,
0,0,improper_with_translation,,-1.0,torch.float64,3.832201513501908e-09,E3,mp-aaacehxf,1541,308,1.4885943144804514e-08,3.608224830031759e-15,valid,pass,
0,0,permutation,,,torch.float64,0.0,representation,mp-aaacehxf,1541,308,0.0,0.0,valid,pass,
0,0,integer_images,,,torch.float64,0.0,representation,mp-aaacehxf,1541,308,0.0,0.0,valid,pass,
0,0,basis_swap,,,torch.float64,3.5355338954058526e-09,representation,mp-aaacehxf,1541,308,1.4885944032982934e-08,1.7763568394002505e-15,valid,pass,
0,0,basis_shear,,,torch.float64,9.992007221626409e-16,representation,mp-aaacehxf,1541,308,4.440892098500626e-15,1.7763568394002505e-15,valid,pass,
0,0,float32_vs_float64,,,torch.float32,,precision,mp-aaacehxf,1541,308,6.885668053513427e-07,6.213364951435096e-07,valid,pass,
0,0,independent_reference,,,torch.float32,,enumeration,mp-aaacewlx,1578,216,2.925324071867408e-07,1.7684430986264488e-07,valid,pass,
0,0,translation,,1.0,torch.float32,1.7329285945664884e-24,E3,mp-aaacewlx,1578,216,2.384185791015625e-07,2.384185791015625e-07,valid,pass,
0,0,rotation_1,,1.0,torch.float32,2.559548749703372e-16,E3,mp-aaacewlx,1578,216,0.0,8.881784197001252e-16,valid,pass,
0,0,rotation_2,,0.9999999999999989,torch.float32,1.3322676295501878e-15,E3,mp-aaacewlx,1578,216,0.0,4.440892098500626e-16,valid,pass,
0,0,reflection,,-1.0,torch.float32,1.7329285945664884e-24,E3,mp-aaacewlx,1578,216,0.0,1.341379988313568e-31,valid,pass,
0,0,inversion,,-1.0,torch.float32,1.7329285945664884e-24,E3,mp-aaacewlx,1578,216,0.0,1.341379988313568e-31,valid,pass,
0,0,improper_with_translation,,-1.0,torch.float32,2.559548749703372e-16,E3,mp-aaacewlx,1578,216,0.0,8.881784197001252e-16,valid,pass,
0,0,permutation,,,torch.float32,0.0,representation,mp-aaacewlx,1578,216,0.0,0.0,valid,pass,
0,0,integer_images,,,torch.float32,0.0,representation,mp-aaacewlx,1578,216,0.0,0.0,valid,pass,
0,0,basis_swap,,,torch.float32,2.1094237467877974e-15,representation,mp-aaacewlx,1578,216,4.76837158203125e-07,1.7684430364539594e-07,valid,pass,
0,0,basis_shear,,,torch.float32,4.371138758031029e-08,representation,mp-aaacewlx,1578,216,4.76837158203125e-07,4.2146848855395547e-07,valid,pass,
0,0,independent_reference,,,torch.float64,,enumeration,mp-aaacewlx,1578,216,8.881784197001252e-16,4.440892098500626e-16,valid,pass,
0,0,translation,,1.0,torch.float64,5.0943698409058834e-33,E3,mp-aaacewlx,1578,216,8.881784197001252e-16,4.440892098500626e-16,valid,pass,
0,0,rotation_1,,1.0,torch.float64,4.440892098500626e-16,E3,mp-aaacewlx,1578,216,1.7763568394002505e-15,8.881784197001252e-16,valid,pass,
0,0,rotation_2,,0.9999999999999989,torch.float64,6.661338147750939e-16,E3,mp-aaacewlx,1578,216,5.329070518200751e-15,1.3322676295501878e-15,valid,pass,
0,0,reflection,,-1.0,torch.float64,5.0943698409058834e-33,E3,mp-aaacewlx,1578,216,8.881784197001252e-16,4.440892098500626e-16,valid,pass,
0,0,inversion,,-1.0,torch.float64,5.0943698409058834e-33,E3,mp-aaacewlx,1578,216,8.881784197001252e-16,4.440892098500626e-16,valid,pass,
0,0,improper_with_translation,,-1.0,torch.float64,4.440892098500626e-16,E3,mp-aaacewlx,1578,216,2.6645352591003757e-15,1.7763568394002505e-15,valid,pass,
0,0,permutation,,,torch.float64,0.0,representation,mp-aaacewlx,1578,216,0.0,0.0,valid,pass,
0,0,integer_images,,,torch.float64,0.0,representation,mp-aaacewlx,1578,216,0.0,0.0,valid,pass,
0,0,basis_swap,,,torch.float64,6.123233895362287e-25,representation,mp-aaacewlx,1578,216,0.0,4.930380657631324e-32,valid,pass,
0,0,basis_shear,,,torch.float64,2.220446049250313e-16,representation,mp-aaacewlx,1578,216,8.881784197001252e-16,8.881784197001252e-16,valid,pass,
0,0,float32_vs_float64,,,torch.float32,,precision,mp-aaacewlx,1578,216,2.9692858038998793e-07,3.5368859179903885e-07,valid,pass,
0,0,independent_reference,,,torch.float32,,enumeration,mp-aaacfrox,1614,76,3.019389653857729e-07,2.0726973559703765e-07,valid,pass,
0,0,translation,,1.0,torch.float32,2.7368727884625256e-24,E3,mp-aaacfrox,1614,76,0.0,1.517234480584573e-23,valid,pass,
0,0,rotation_1,,1.0,torch.float32,3.3306690738754696e-16,E3,mp-aaacfrox,1614,76,0.0,2.220446049250313e-16,valid,pass,
0,0,rotation_2,,0.9999999999999989,torch.float32,1.6653345369377348e-15,E3,mp-aaacfrox,1614,76,0.0,4.440892098500626e-16,valid,pass,
0,0,reflection,,-1.0,torch.float32,2.7368727884625256e-24,E3,mp-aaacfrox,1614,76,0.0,1.517234480584573e-23,valid,pass,
0,0,inversion,,-1.0,torch.float32,2.7368727884625256e-24,E3,mp-aaacfrox,1614,76,0.0,1.517234480584573e-23,valid,pass,
0,0,improper_with_translation,,-1.0,torch.float32,3.3306690738754696e-16,E3,mp-aaacfrox,1614,76,0.0,2.220446049250313e-16,valid,pass,
0,0,permutation,,,torch.float32,0.0,representation,mp-aaacfrox,1614,76,0.0,0.0,valid,pass,
0,0,integer_images,,,torch.float32,0.0,representation,mp-aaacfrox,1614,76,0.0,0.0,valid,pass,
0,0,basis_swap,,,torch.float32,2.6980034826308592e-15,representation,mp-aaacfrox,1614,76,0.0,1.0363488422981959e-07,valid,pass,
0,0,basis_shear,,,torch.float32,4.371138682169805e-08,representation,mp-aaacfrox,1614,76,4.76837158203125e-07,3.0257620098339544e-07,valid,pass,
0,0,independent_reference,,,torch.float64,,enumeration,mp-aaacfrox,1614,76,8.881784197001252e-16,8.881784197001252e-16,valid,pass,
0,0,translation,,1.0,torch.float64,2.7041824615201113e-33,E3,mp-aaacfrox,1614,76,8.881784197001252e-16,4.440892098500626e-16,valid,pass,
0,0,rotation_1,,1.0,torch.float64,3.6213397606109133e-16,E3,mp-aaacfrox,1614,76,2.6645352591003757e-15,1.1102230246251565e-15,valid,pass,
0,0,rotation_2,,0.9999999999999989,torch.float64,2.220446049250313e-16,E3,mp-aaacfrox,1614,76,4.440892098500626e-15,1.7763568394002505e-15,valid,pass,
0,0,reflection,,-1.0,torch.float64,2.7041824615201113e-33,E3,mp-aaacfrox,1614,76,8.881784197001252e-16,8.881784197001252e-16,valid,pass,
0,0,inversion,,-1.0,torch.float64,2.7041824615201113e-33,E3,mp-aaacfrox,1614,76,8.881784197001252e-16,8.881784197001252e-16,valid,pass,
0,0,improper_with_translation,,-1.0,torch.float64,3.6213397606109133e-16,E3,mp-aaacfrox,1614,76,2.6645352591003757e-15,1.3322676295501878e-15,valid,pass,
0,0,permutation,,,torch.float64,0.0,representation,mp-aaacfrox,1614,76,0.0,0.0,valid,pass,
0,0,integer_images,,,torch.float64,0.0,representation,mp-aaacfrox,1614,76,0.0,0.0,valid,pass,
0,0,basis_swap,,,torch.float64,6.123233877003537e-25,representation,mp-aaacfrox,1614,76,0.0,4.930380657631324e-32,valid,pass,
0,0,basis_shear,,,torch.float64,2.220446049250313e-16,representation,mp-aaacfrox,1614,76,8.881784197001252e-16,8.881784197001252e-16,valid,pass,
0,0,float32_vs_float64,,,torch.float32,,precision,mp-aaacfrox,1614,76,3.9724544631525305e-07,4.76837158203125e-07,valid,pass,
0,0,independent_reference,,,torch.float32,,enumeration,mp-aaachmwo,1651,708,7.819478815562775e-07,8.165615934530024e-07,valid,pass,
0,0,translation,,1.0,torch.float32,2.0609375362920528e-17,E3,mp-aaachmwo,1651,708,9.5367431640625e-07,9.5367431640625e-07,valid,pass,
0,0,rotation_1,,1.0,torch.float32,6.661338147750939e-16,E3,mp-aaachmwo,1651,708,4.76837158203125e-07,6.344789764689551e-07,valid,pass,
0,0,rotation_2,,0.9999999999999989,torch.float32,1.4432899320127035e-15,E3,mp-aaachmwo,1651,708,4.76837158203125e-07,5.500667574764861e-07,valid,pass,
0,0,reflection,,-1.0,torch.float32,2.0609375362920528e-17,E3,mp-aaachmwo,1651,708,0.0,2.220446049250313e-16,valid,pass,
0,0,inversion,,-1.0,torch.float32,2.0609375362920528e-17,E3,mp-aaachmwo,1651,708,0.0,2.220446049250313e-16,valid,pass,
0,0,improper_with_translation,,-1.0,torch.float32,6.661338147750939e-16,E3,mp-aaachmwo,1651,708,9.5367431640625e-07,8.859580491460406e-07,valid,pass,
0,0,permutation,,,torch.float32,0.0,representation,mp-aaachmwo,1651,708,0.0,0.0,valid,pass,
0,0,integer_images,,,torch.float32,0.0,representation,mp-aaachmwo,1651,708,2.384185791015625e-06,2.384185791015625e-06,valid,pass,
0,0,basis_swap,,,torch.float32,1.9799393546904298e-07,representation,mp-aaachmwo,1651,708,9.5367431640625e-07,5.465808508020586e-07,valid,pass,
0,0,basis_shear,,,torch.float32,1.9799393546904298e-07,representation,mp-aaachmwo,1651,708,1.430511474609375e-06,9.824386957291154e-07,valid,pass,
0,0,independent_reference,,,torch.float64,,enumeration,mp-aaachmwo,1651,708,1.7763568394002505e-15,8.881784197001252e-16,valid,pass,
0,0,translation,,1.0,torch.float64,1.0266154371052494e-08,E3,mp-aaachmwo,1651,708,3.9532348061754874e-08,1.7763568394002505e-15,valid,pass,
0,0,rotation_1,,1.0,torch.float64,1.2079337086134956e-08,E3,mp-aaachmwo,1651,708,3.953235161446855e-08,2.6645352591003757e-15,valid,pass,
0,0,rotation_2,,0.9999999999999989,torch.float64,1.2835335017058469e-08,E3,mp-aaachmwo,1651,708,3.9532348061754874e-08,2.220446049250313e-15,valid,pass,
0,0,reflection,,-1.0,torch.float64,1.0266154371052494e-08,E3,mp-aaachmwo,1651,708,3.9532348061754874e-08,1.7763568394002505e-15,valid,pass,
0,0,inversion,,-1.0,torch.float64,1.0266154371052494e-08,E3,mp-aaachmwo,1651,708,3.9532348061754874e-08,1.7763568394002505e-15,valid,pass,
0,0,improper_with_translation,,-1.0,torch.float64,1.2079337086134956e-08,E3,mp-aaachmwo,1651,708,3.953235072629013e-08,2.6645352591003757e-15,valid,pass,
0,0,permutation,,,torch.float64,0.0,representation,mp-aaachmwo,1651,708,0.0,0.0,valid,pass,
0,0,integer_images,,,torch.float64,0.0,representation,mp-aaachmwo,1651,708,0.0,0.0,valid,pass,
0,0,basis_swap,,,torch.float64,5.862681451418439e-09,representation,mp-aaachmwo,1651,708,2.446209368400787e-08,1.7763568394002505e-15,valid,pass,
0,0,basis_shear,,,torch.float64,1.4051972570754112e-09,representation,mp-aaachmwo,1651,708,4.785052354350228e-09,1.7763568394002505e-15,valid,pass,
0,0,float32_vs_float64,,,torch.float32,,precision,mp-aaachmwo,1651,708,9.334751247536133e-07,1.1229516285737873e-06,valid,pass,
0,0,independent_reference,,,torch.float32,,enumeration,mp-aaaciccv,1655,104,4.5775555257421274e-07,4.4001660626236117e-07,valid,pass,
0,0,translation,,1.0,torch.float32,8.440235409750036e-18,E3,mp-aaaciccv,1655,104,0.0,4.977546762892533e-17,valid,pass,
0,0,rotation_1,,1.0,torch.float32,2.6983266277815167e-16,E3,mp-aaaciccv,1655,104,0.0,8.881784197001252e-16,valid,pass,
0,0,rotation_2,,0.9999999999999989,torch.float32,1.4432899320127035e-15,E3,mp-aaaciccv,1655,104,0.0,8.881784197001252e-16,valid,pass,
0,0,reflection,,-1.0,torch.float32,8.440235409750036e-18,E3,mp-aaaciccv,1655,104,0.0,4.977546762892533e-17,valid,pass,
0,0,inversion,,-1.0,torch.float32,8.440235409750036e-18,E3,mp-aaaciccv,1655,104,0.0,4.977546762892533e-17,valid,pass,
0,0,improper_with_translation,,-1.0,torch.float32,2.6983266277815167e-16,E3,mp-aaaciccv,1655,104,0.0,8.881784197001252e-16,valid,pass,
0,0,permutation,,,torch.float32,0.0,representation,mp-aaaciccv,1655,104,0.0,0.0,valid,pass,
0,0,integer_images,,,torch.float32,0.0,representation,mp-aaaciccv,1655,104,0.0,0.0,valid,pass,
0,0,basis_swap,,,torch.float32,2.6280288389912698e-08,representation,mp-aaaciccv,1655,104,4.76837158203125e-07,6.992847048081785e-07,valid,pass,
0,0,basis_shear,,,torch.float32,7.875403773560663e-08,representation,mp-aaaciccv,1655,104,9.5367431640625e-07,5.799754276836211e-07,valid,pass,
0,0,receiver_copy_0,0,,torch.float32,8.440235409750036e-18,supercell,mp-aaaciccv,1655,104,0.0,4.977546762892533e-17,valid,pass,208
0,0,receiver_copy_1,1,,torch.float32,8.440235409750036e-18,supercell,mp-aaaciccv,1655,104,0.0,4.977546762892533e-17,valid,pass,208
0,0,independent_reference,,,torch.float64,,enumeration,mp-aaaciccv,1655,104,8.881784197001252e-16,1.1102230246251565e-16,valid,pass,
0,0,translation,,1.0,torch.float64,3.361124423743053e-17,E3,mp-aaaciccv,1655,104,0.0,1.9821905042642553e-16,valid,pass,
0,0,rotation_1,,1.0,torch.float64,8.881784197001252e-16,E3,mp-aaaciccv,1655,104,2.6645352591003757e-15,1.3322676295501878e-15,valid,pass,
0,0,rotation_2,,0.9999999999999989,torch.float64,4.440892098500626e-16,E3,mp-aaaciccv,1655,104,5.329070518200751e-15,8.881784197001252e-16,valid,pass,
0,0,reflection,,-1.0,torch.float64,3.361124423743053e-17,E3,mp-aaaciccv,1655,104,0.0,1.9821905042642553e-16,valid,pass,
0,0,inversion,,-1.0,torch.float64,3.361124423743053e-17,E3,mp-aaaciccv,1655,104,0.0,1.9821905042642553e-16,valid,pass,
0,0,improper_with_translation,,-1.0,torch.float64,8.881784197001252e-16,E3,mp-aaaciccv,1655,104,2.6645352591003757e-15,1.3322676295501878e-15,valid,pass,
0,0,permutation,,,torch.float64,0.0,representation,mp-aaaciccv,1655,104,0.0,0.0,valid,pass,
0,0,integer_images,,,torch.float64,0.0,representation,mp-aaaciccv,1655,104,0.0,0.0,valid,pass,
0,0,basis_swap,,,torch.float64,1.1102230246251565e-16,representation,mp-aaaciccv,1655,104,8.881784197001252e-16,8.881784197001252e-16,valid,pass,
0,0,basis_shear,,,torch.float64,1.6081226403921367e-16,representation,mp-aaaciccv,1655,104,8.881784197001252e-16,8.881784197001252e-16,valid,pass,
0,0,receiver_copy_0,0,,torch.float64,3.361124423743053e-17,supercell,mp-aaaciccv,1655,104,0.0,1.9821905042642553e-16,valid,pass,208
0,0,receiver_copy_1,1,,torch.float64,3.361124423743053e-17,supercell,mp-aaaciccv,1655,104,0.0,1.9821905042642553e-16,valid,pass,208
0,0,float32_vs_float64,,,torch.float32,,precision,mp-aaaciccv,1655,104,6.536202299400884e-07,8.44239575137351e-07,valid,pass,
0,0,independent_reference,,,torch.float32,,enumeration,mp-aaacjjsy,1688,468,5.783631396028e-07,4.560921800234041e-07,valid,pass,
0,0,translation,,1.0,torch.float32,9.327964958366434e-18,E3,mp-aaacjjsy,1688,468,4.76837158203125e-07,4.76837158203125e-07,valid,pass,
0,0,rotation_1,,1.0,torch.float32,4.440892098500626e-16,E3,mp-aaacjjsy,1688,468,4.76837158203125e-07,4.782873705977408e-07,valid,pass,
0,0,rotation_2,,0.9999999999999989,torch.float32,1.4432899320127035e-15,E3,mp-aaacjjsy,1688,468,4.76837158203125e-07,4.78370324685784e-07,valid,pass,
0,0,reflection,,-1.0,torch.float32,9.327964958366434e-18,E3,mp-aaacjjsy,1688,468,0.0,5.378013352442526e-17,valid,pass,
0,0,inversion,,-1.0,torch.float32,9.327964958366434e-18,E3,mp-aaacjjsy,1688,468,0.0,5.378013352442526e-17,valid,pass,
0,0,improper_with_translation,,-1.0,torch.float32,4.440892098500626e-16,E3,mp-aaacjjsy,1688,468,4.76837158203125e-07,4.782873705977408e-07,valid,pass,
0,0,permutation,,,torch.float32,0.0,representation,mp-aaacjjsy,1688,468,0.0,0.0,valid,pass,
0,0,integer_images,,,torch.float32,0.0,representation,mp-aaacjjsy,1688,468,1.9073486328125e-06,1.9073486328125e-06,valid,pass,
0,0,basis_swap,,,torch.float32,3.481522026227424e-08,representation,mp-aaacjjsy,1688,468,4.76837158203125e-07,4.793078800524597e-07,valid,pass,
0,0,basis_shear,,,torch.float32,7.549790081609058e-08,representation,mp-aaacjjsy,1688,468,9.5367431640625e-07,6.336982760757337e-07,valid,pass,
0,0,independent_reference,,,torch.float64,,enumeration,mp-aaacjjsy,1688,468,8.881784197001252e-16,8.881784197001252e-16,valid,pass,
0,0,translation,,1.0,torch.float64,2.5318144891385818e-17,E3,mp-aaacjjsy,1688,468,2.6645352591003757e-15,1.7763568394002505e-15,valid,pass,
0,0,rotation_1,,1.0,torch.float64,3.3306690738754696e-16,E3,mp-aaacjjsy,1688,468,2.6645352591003757e-15,2.6645352591003757e-15,valid,pass,
0,0,rotation_2,,0.9999999999999989,torch.float64,5.551115123125783e-16,E3,mp-aaacjjsy,1688,468,6.217248937900877e-15,2.6645352591003757e-15,valid,pass,
0,0,reflection,,-1.0,torch.float64,2.5318144891385818e-17,E3,mp-aaacjjsy,1688,468,2.6645352591003757e-15,1.7763568394002505e-15,valid,pass,
0,0,inversion,,-1.0,torch.float64,2.5318144891385818e-17,E3,mp-aaacjjsy,1688,468,2.6645352591003757e-15,1.7763568394002505e-15,valid,pass,
0,0,improper_with_translation,,-1.0,torch.float64,3.3306690738754696e-16,E3,mp-aaacjjsy,1688,468,3.552713678800501e-15,2.6645352591003757e-15,valid,pass,
0,0,permutation,,,torch.float64,0.0,representation,mp-aaacjjsy,1688,468,0.0,0.0,valid,pass,
0,0,integer_images,,,torch.float64,0.0,representation,mp-aaacjjsy,1688,468,0.0,0.0,valid,pass,
0,0,basis_swap,,,torch.float64,1.1102230246251565e-16,representation,mp-aaacjjsy,1688,468,8.881784197001252e-16,8.881784197001252e-16,valid,pass,
0,0,basis_shear,,,torch.float64,2.220446049250313e-16,representation,mp-aaacjjsy,1688,468,1.7763568394002505e-15,1.7763568394002505e-15,valid,pass,
0,0,float32_vs_float64,,,torch.float32,,precision,mp-aaacjjsy,1688,468,6.796900642314085e-07,6.656542774763352e-07,valid,pass,
0,0,independent_reference,,,torch.float32,,enumeration,mp-aaackkuc,1724,276,6.622019137481061e-07,5.704489112190458e-07,valid,pass,
0,0,translation,,1.0,torch.float32,2.6717055861098427e-17,E3,mp-aaackkuc,1724,276,4.76837158203125e-07,4.768371584251696e-07,valid,pass,
0,0,rotation_1,,1.0,torch.float32,3.310636933726949e-16,E3,mp-aaackkuc,1724,276,4.76837158203125e-07,5.2951836249093276e-08,valid,pass,
0,0,rotation_2,,0.9999999999999989,torch.float32,1.6653345369377348e-15,E3,mp-aaackkuc,1724,276,4.76837158203125e-07,4.7469233988017834e-08,valid,pass,
0,0,reflection,,-1.0,torch.float32,2.6717055861098427e-17,E3,mp-aaackkuc,1724,276,4.76837158203125e-07,1.192092895024404e-07,valid,pass,
0,0,inversion,,-1.0,torch.float32,2.6717055861098427e-17,E3,mp-aaackkuc,1724,276,4.76837158203125e-07,1.192092895024404e-07,valid,pass,
0,0,improper_with_translation,,-1.0,torch.float32,3.310636933726949e-16,E3,mp-aaackkuc,1724,276,4.76837158203125e-07,4.782873723740977e-07,valid,pass,
0,0,permutation,,,torch.float32,0.0,representation,mp-aaackkuc,1724,276,0.0,0.0,valid,pass,
0,0,integer_images,,,torch.float32,0.0,representation,mp-aaackkuc,1724,276,9.5367431640625e-07,9.5367431640625e-07,valid,pass,
0,0,basis_swap,,,torch.float32,1.2874570076704117e-08,representation,mp-aaackkuc,1724,276,4.76837158203125e-07,6.222825810198174e-07,valid,pass,
0,0,basis_shear,,,torch.float32,1.0124107707731866e-07,representation,mp-aaackkuc,1724,276,4.76837158203125e-07,5.33316633521963e-07,valid,pass,
0,0,independent_reference,,,torch.float64,,enumeration,mp-aaackkuc,1724,276,8.881784197001252e-16,8.881784197001252e-16,valid,pass,
0,0,translation,,1.0,torch.float64,1.0955443866994184e-17,E3,mp-aaackkuc,1724,276,8.881784197001252e-16,8.881784197001252e-16,valid,pass,
0,0,rotation_1,,1.0,torch.float64,3.920540862033745e-16,E3,mp-aaackkuc,1724,276,3.552713678800501e-15,1.7763568394002505e-15,valid,pass,
0,0,rotation_2,,0.9999999999999989,torch.float64,6.661338147750939e-16,E3,mp-aaackkuc,1724,276,6.217248937900877e-15,1.7763568394002505e-15,valid,pass,
0,0,reflection,,-1.0,torch.float64,1.0955443866994184e-17,E3,mp-aaackkuc,1724,276,8.881784197001252e-16,4.440892098500626e-16,valid,pass,
0,0,inversion,,-1.0,torch.float64,1.0955443866994184e-17,E3,mp-aaackkuc,1724,276,8.881784197001252e-16,4.440892098500626e-16,valid,pass,
0,0,improper_with_translation,,-1.0,torch.float64,3.920540862033745e-16,E3,mp-aaackkuc,1724,276,3.552713678800501e-15,1.7763568394002505e-15,valid,pass,
0,0,permutation,,,torch.float64,0.0,representation,mp-aaackkuc,1724,276,0.0,0.0,valid,pass,
0,0,integer_images,,,torch.float64,0.0,representation,mp-aaackkuc,1724,276,0.0,0.0,valid,pass,
0,0,basis_swap,,,torch.float64,2.220446049250313e-16,representation,mp-aaackkuc,1724,276,8.881784197001252e-16,8.881784197001252e-16,valid,pass,
0,0,basis_shear,,,torch.float64,2.220446049250313e-16,representation,mp-aaackkuc,1724,276,8.881784197001252e-16,1.7763568394002505e-15,valid,pass,
0,0,float32_vs_float64,,,torch.float32,,precision,mp-aaackkuc,1724,276,6.356385844341617e-07,9.069754485224735e-07,valid,pass,
0,0,independent_reference,,,torch.float32,,enumeration,mp-aaackxzv,1761,708,7.14014475100555e-07,6.094462605688022e-07,valid,pass,
0,0,translation,,1.0,torch.float32,1.7948696440228673e-07,E3,mp-aaackxzv,1761,708,9.5367431640625e-07,1.077724267162239e-06,valid,pass,
0,0,rotation_1,,1.0,torch.float32,1.7746913028027222e-07,E3,mp-aaackxzv,1761,708,9.5367431640625e-07,4.240213051787123e-07,valid,pass,
0,0,rotation_2,,0.9999999999999989,torch.float32,1.223099346248091e-07,E3,mp-aaackxzv,1761,708,9.5367431640625e-07,4.171946983433372e-07,valid,pass,
0,0,reflection,,-1.0,torch.float32,1.7948696440228673e-07,E3,mp-aaackxzv,1761,708,9.5367431640625e-07,4.678463483287487e-07,valid,pass,
0,0,inversion,,-1.0,torch.float32,1.7948696440228673e-07,E3,mp-aaackxzv,1761,708,9.5367431640625e-07,4.678463483287487e-07,valid,pass,
0,0,improper_with_translation,,-1.0,torch.float32,1.7746913028027222e-07,E3,mp-aaackxzv,1761,708,9.5367431640625e-07,7.482550192783322e-07,valid,pass,
0,0,permutation,,,torch.float32,0.0,representation,mp-aaackxzv,1761,708,0.0,0.0,valid,pass,
0,0,integer_images,,,torch.float32,0.0,representation,mp-aaackxzv,1761,708,3.337860107421875e-06,4.0531158447265625e-06,valid,pass,
0,0,basis_swap,,,torch.float32,1.7948696440228673e-07,representation,mp-aaackxzv,1761,708,9.5367431640625e-07,4.678463483287487e-07,valid,pass,
0,0,basis_shear,,,torch.float32,1.7948696440228673e-07,representation,mp-aaackxzv,1761,708,9.5367431640625e-07,7.730654880688803e-07,valid,pass,
0,0,independent_reference,,,torch.float64,,enumeration,mp-aaackxzv,1761,708,8.881784197001252e-16,1.3322676295501878e-15,valid,pass,
0,0,translation,,1.0,torch.float64,3.919423950458603e-17,E3,mp-aaackxzv,1761,708,2.6645352591003757e-15,2.6645352591003757e-15,valid,pass,
0,0,rotation_1,,1.0,torch.float64,2.220446049250313e-16,E3,mp-aaackxzv,1761,708,3.552713678800501e-15,3.1086244689504383e-15,valid,pass,
0,0,rotation_2,,0.9999999999999989,torch.float64,2.378856061572315e-16,E3,mp-aaackxzv,1761,708,5.329070518200751e-15,3.552713678800501e-15,valid,pass,
0,0,reflection,,-1.0,torch.float64,3.919423950458603e-17,E3,mp-aaackxzv,1761,708,1.7763568394002505e-15,1.7763568394002505e-15,valid,pass,
0,0,inversion,,-1.0,torch.float64,3.919423950458603e-17,E3,mp-aaackxzv,1761,708,1.7763568394002505e-15,1.7763568394002505e-15,valid,pass,
0,0,improper_with_translation,,-1.0,torch.float64,2.220446049250313e-16,E3,mp-aaackxzv,1761,708,4.440892098500626e-15,3.1086244689504383e-15,valid,pass,
0,0,permutation,,,torch.float64,0.0,representation,mp-aaackxzv,1761,708,0.0,0.0,valid,pass,
0,0,integer_images,,,torch.float64,0.0,representation,mp-aaackxzv,1761,708,0.0,0.0,valid,pass,
0,0,basis_swap,,,torch.float64,3.4221871733951253e-09,representation,mp-aaackxzv,1761,708,1.4153804350769406e-08,8.881784197001252e-16,valid,pass,
0,0,basis_shear,,,torch.float64,1.1581722251453874e-09,representation,mp-aaackxzv,1761,708,3.967161710249911e-09,2.220446049250313e-15,valid,pass,
0,0,float32_vs_float64,,,torch.float32,,precision,mp-aaackxzv,1761,708,9.265939286962066e-07,8.652205165660121e-07,valid,pass,
0,0,independent_reference,,,torch.float32,,enumeration,mp-aaaclgle,1798,308,5.626666395031066e-07,4.606400167972424e-07,valid,pass,
0,0,translation,,1.0,torch.float32,1.473958783915208e-07,E3,mp-aaaclgle,1798,308,9.5367431640625e-07,1.0766882887480733e-06,valid,pass,
0,0,rotation_1,,1.0,torch.float32,1.5178715706554158e-07,E3,mp-aaaclgle,1798,308,9.5367431640625e-07,4.2262004207316295e-07,valid,pass,
0,0,rotation_2,,0.9999999999999989,torch.float32,1.3876077553653943e-07,E3,mp-aaaclgle,1798,308,9.5367431640625e-07,4.239145354745233e-07,valid,pass,
0,0,reflection,,-1.0,torch.float32,1.473958783915208e-07,E3,mp-aaaclgle,1798,308,9.5367431640625e-07,4.191348592641475e-07,valid,pass,
0,0,inversion,,-1.0,torch.float32,1.473958783915208e-07,E3,mp-aaaclgle,1798,308,9.5367431640625e-07,4.191348592641475e-07,valid,pass,
0,0,improper_with_translation,,-1.0,torch.float32,1.5178715706554158e-07,E3,mp-aaaclgle,1798,308,9.5367431640625e-07,8.487660492217941e-07,valid,pass,
0,0,permutation,,,torch.float32,0.0,representation,mp-aaaclgle,1798,308,0.0,0.0,valid,pass,
0,0,integer_images,,,torch.float32,0.0,representation,mp-aaaclgle,1798,308,1.430511474609375e-06,1.430511474609375e-06,valid,pass,
0,0,basis_swap,,,torch.float32,8.508268867224444e-08,representation,mp-aaaclgle,1798,308,9.5367431640625e-07,6.891595125679828e-07,valid,pass,
0,0,basis_shear,,,torch.float32,2.2488261639800757e-07,representation,mp-aaaclgle,1798,308,1.430511474609375e-06,6.227281268422757e-07,valid,pass,
0,0,independent_reference,,,torch.float64,,enumeration,mp-aaaclgle,1798,308,1.7763568394002505e-15,1.3322676295501878e-15,valid,pass,
0,0,translation,,1.0,torch.float64,4.082482693574718e-09,E3,mp-aaaclgle,1798,308,1.5572902967164737e-08,3.552713678800501e-15,valid,pass,
0,0,rotation_1,,1.0,torch.float64,3.832201472021202e-09,E3,mp-aaaclgle,1798,308,1.5572903855343156e-08,2.220446049250313e-15,valid,pass,
0,0,rotation_2,,0.9999999999999989,torch.float64,3.951778348998403e-09,E3,mp-aaaclgle,1798,308,1.5572899414451058e-08,4.440892098500626e-15,valid,pass,
0,0,reflection,,-1.0,torch.float64,4.082482693574718e-09,E3,mp-aaaclgle,1798,308,1.5572902078986317e-08,1.7763568394002505e-15,valid,pass,
0,0,inversion,,-1.0,torch.float64,4.082482693574718e-09,E3,mp-aaaclgle,1798,308,1.5572902078986317e-08,1.7763568394002505e-15,valid,pass,
0,0,improper_with_translation,,-1.0,torch.float64,3.832201472021202e-09,E3,mp-aaaclgle,1798,308,1.5572903855343156e-08,2.6645352591003757e-15,valid,pass,
0,0,permutation,,,torch.float64,0.0,representation,mp-aaaclgle,1798,308,0.0,0.0,valid,pass,
0,0,integer_images,,,torch.float64,0.0,representation,mp-aaaclgle,1798,308,0.0,0.0,valid,pass,
0,0,basis_swap,,,torch.float64,3.535533941795054e-09,representation,mp-aaaclgle,1798,308,1.5572902078986317e-08,1.1102230246251565e-15,valid,pass,
0,0,basis_shear,,,torch.float64,4.440892098500626e-16,representation,mp-aaaclgle,1798,308,1.7763568394002505e-15,1.5543122344752192e-15,valid,pass,
0,0,float32_vs_float64,,,torch.float32,,precision,mp-aaaclgle,1798,308,6.734866628832492e-07,6.009594377687222e-07,valid,pass,
0,0,independent_reference,,,torch.float32,,enumeration,mp-aaacliix,1834,212,3.522006402079114e-07,2.384185791015625e-07,valid,pass,
0,0,translation,,1.0,torch.float32,2.474907558162776e-17,E3,mp-aaacliix,1834,212,9.5367431640625e-07,4.76837158203125e-07,valid,pass,
0,0,rotation_1,,1.0,torch.float32,3.3306690738754696e-16,E3,mp-aaacliix,1834,212,0.0,8.881784197001252e-16,valid,pass,
0,0,rotation_2,,0.9999999999999989,torch.float32,1.4432899320127035e-15,E3,mp-aaacliix,1834,212,0.0,8.881784197001252e-16,valid,pass,
0,0,reflection,,-1.0,torch.float32,2.474907558162776e-17,E3,mp-aaacliix,1834,212,0.0,1.1647912693674427e-16,valid,pass,
0,0,inversion,,-1.0,torch.float32,2.474907558162776e-17,E3,mp-aaacliix,1834,212,0.0,1.1647912693674427e-16,valid,pass,
0,0,improper_with_translation,,-1.0,torch.float32,3.3306690738754696e-16,E3,mp-aaacliix,1834,212,4.76837158203125e-07,4.511359414927085e-07,valid,pass,
0,0,permutation,,,torch.float32,0.0,representation,mp-aaacliix,1834,212,0.0,0.0,valid,pass,
0,0,integer_images,,,torch.float32,0.0,representation,mp-aaacliix,1834,212,2.384185791015625e-06,2.384185791015625e-06,valid,pass,
0,0,basis_swap,,,torch.float32,5.992946106403912e-08,representation,mp-aaacliix,1834,212,4.76837158203125e-07,2.384185791015625e-07,valid,pass,
0,0,basis_shear,,,torch.float32,3.799375639295693e-08,representation,mp-aaacliix,1834,212,4.76837158203125e-07,2.4507373619364614e-07,valid,pass,
0,0,independent_reference,,,torch.float64,,enumeration,mp-aaacliix,1834,212,8.881784197001252e-16,1.4432899320127035e-15,valid,pass,
0,0,translation,,1.0,torch.float64,4.082482853105794e-09,E3,mp-aaacliix,1834,212,1.1382539799598135e-08,2.220446049250313e-15,valid,pass,
0,0,rotation_1,,1.0,torch.float64,3.832201446490437e-09,E3,mp-aaacliix,1834,212,1.1382538911419715e-08,3.552713678800501e-15,valid,pass,
0,0,rotation_2,,0.9999999999999989,torch.float64,3.951778348998403e-09,E3,mp-aaacliix,1834,212,1.1382537579152086e-08,2.6645352591003757e-15,valid,pass,
0,0,reflection,,-1.0,torch.float64,4.082482853105794e-09,E3,mp-aaacliix,1834,212,1.1382539355508925e-08,2.220446049250313e-15,valid,pass,
0,0,inversion,,-1.0,torch.float64,4.082482853105794e-09,E3,mp-aaacliix,1834,212,1.1382539355508925e-08,2.220446049250313e-15,valid,pass,
0,0,improper_with_translation,,-1.0,torch.float64,3.832201446490437e-09,E3,mp-aaacliix,1834,212,1.1382539355508925e-08,3.552713678800501e-15,valid,pass,
0,0,permutation,,,torch.float64,0.0,representation,mp-aaacliix,1834,212,0.0,0.0,valid,pass,
0,0,integer_images,,,torch.float64,0.0,representation,mp-aaacliix,1834,212,0.0,0.0,valid,pass,
0,0,basis_swap,,,torch.float64,3.5355338810038135e-09,representation,mp-aaacliix,1834,212,1.1382539355508925e-08,8.881784197001252e-16,valid,pass,
0,0,basis_shear,,,torch.float64,4.440892098500626e-16,representation,mp-aaacliix,1834,212,2.6645352591003757e-15,8.881784197001252e-16,valid,pass,
0,0,float32_vs_float64,,,torch.float32,,precision,mp-aaacliix,1834,212,4.2484073592419236e-07,3.55744277591441e-07,valid,pass,
0,0,independent_reference,,,torch.float32,,enumeration,mp-aaacpcem,1871,284,4.018047379261702e-07,3.206733047989019e-07,valid,pass,
0,0,translation,,1.0,torch.float32,2.133594598921684e-24,E3,mp-aaacpcem,1871,284,4.76837158203125e-07,4.76837158203125e-07,valid,pass,
0,0,rotation_1,,1.0,torch.float32,5.551115123125783e-16,E3,mp-aaacpcem,1871,284,4.76837158203125e-07,1.591051601579352e-07,valid,pass,
0,0,rotation_2,,0.9999999999999989,torch.float32,1.5543122344752192e-15,E3,mp-aaacpcem,1871,284,4.76837158203125e-07,1.0644383641178479e-07,valid,pass,
0,0,reflection,,-1.0,torch.float32,2.133594598921684e-24,E3,mp-aaacpcem,1871,284,0.0,2.304975995017352e-31,valid,pass,
0,0,inversion,,-1.0,torch.float32,2.133594598921684e-24,E3,mp-aaacpcem,1871,284,0.0,2.304975995017352e-31,valid,pass,
0,0,improper_with_translation,,-1.0,torch.float32,5.551115123125783e-16,E3,mp-aaacpcem,1871,284,4.76837158203125e-07,4.767204249134238e-07,valid,pass,
0,0,permutation,,,torch.float32,0.0,representation,mp-aaacpcem,1871,284,0.0,0.0,valid,pass,
0,0,integer_images,,,torch.float32,0.0,representation,mp-aaacpcem,1871,284,1.430511474609375e-06,9.5367431640625e-07,valid,pass,
0,0,basis_swap,,,torch.float32,2.5917997915091407e-15,representation,mp-aaacpcem,1871,284,4.76837158203125e-07,1.0803254202329526e-07,valid,pass,
0,0,basis_shear,,,torch.float32,5.1697831349173384e-08,representation,mp-aaacpcem,1871,284,4.76837158203125e-07,4.3967793583732373e-07,valid,pass,
0,0,independent_reference,,,torch.float64,,enumeration,mp-aaacpcem,1871,284,8.881784197001252e-16,8.881784197001252e-16,valid,pass,
0,0,translation,,1.0,torch.float64,3.0629402946824398e-33,E3,mp-aaacpcem,1871,284,8.881784197001252e-16,8.881784197001252e-16,valid,pass,
0,0,rotation_1,,1.0,torch.float64,2.220446049250313e-16,E3,mp-aaacpcem,1871,284,2.6645352591003757e-15,1.7763568394002505e-15,valid,pass,
0,0,rotation_2,,0.9999999999999989,torch.float64,5.551115123125783e-16,E3,mp-aaacpcem,1871,284,5.329070518200751e-15,1.7763568394002505e-15,valid,pass,
0,0,reflection,,-1.0,torch.float64,3.0629402946824398e-33,E3,mp-aaacpcem,1871,284,8.881784197001252e-16,8.881784197001252e-16,valid,pass,
0,0,inversion,,-1.0,torch.float64,3.0629402946824398e-33,E3,mp-aaacpcem,1871,284,8.881784197001252e-16,8.881784197001252e-16,valid,pass,
0,0,improper_with_translation,,-1.0,torch.float64,2.220446049250313e-16,E3,mp-aaacpcem,1871,284,2.6645352591003757e-15,2.6645352591003757e-15,valid,pass,
0,0,permutation,,,torch.float64,0.0,representation,mp-aaacpcem,1871,284,0.0,0.0,valid,pass,
0,0,integer_images,,,torch.float64,0.0,representation,mp-aaacpcem,1871,284,0.0,0.0,valid,pass,
0,0,basis_swap,,,torch.float64,6.123233834028319e-25,representation,mp-aaacpcem,1871,284,8.881784197001252e-16,4.930380657631324e-32,valid,pass,
0,0,basis_shear,,,torch.float64,4.440892098500626e-16,representation,mp-aaacpcem,1871,284,8.881784197001252e-16,8.881784197001252e-16,valid,pass,
0,0,float32_vs_float64,,,torch.float32,,precision,mp-aaacpcem,1871,284,5.260374349447261e-07,4.76837158203125e-07,valid,pass,
0,0,independent_reference,,,torch.float32,,enumeration,mp-aaacpirm,1908,104,2.2975060165464356e-07,1.1920928955078125e-07,valid,pass,
0,0,translation,,1.0,torch.float32,1.962615444826921e-17,E3,mp-aaacpirm,1908,104,4.76837158203125e-07,2.384185791015625e-07,valid,pass,
0,0,rotation_1,,1.0,torch.float32,4.440892098500626e-16,E3,mp-aaacpirm,1908,104,0.0,8.881784197001252e-16,valid,pass,
0,0,rotation_2,,0.9999999999999989,torch.float32,1.3322676295501878e-15,E3,mp-aaacpirm,1908,104,0.0,4.440892098500626e-16,valid,pass,
0,0,reflection,,-1.0,torch.float32,1.962615444826921e-17,E3,mp-aaacpirm,1908,104,0.0,7.68251736319158e-17,valid,pass,
0,0,inversion,,-1.0,torch.float32,1.962615444826921e-17,E3,mp-aaacpirm,1908,104,0.0,7.68251736319158e-17,valid,pass,
0,0,improper_with_translation,,-1.0,torch.float32,4.440892098500626e-16,E3,mp-aaacpirm,1908,104,4.76837158203125e-07,2.2556797008022045e-07,valid,pass,
0,0,permutation,,,torch.float32,0.0,representation,mp-aaacpirm,1908,104,0.0,0.0,valid,pass,
0,0,integer_images,,,torch.float32,0.0,representation,mp-aaacpirm,1908,104,0.0,0.0,valid,pass,
0,0,basis_swap,,,torch.float32,4.025619548819748e-08,representation,mp-aaacpirm,1908,104,2.384185791015625e-07,1.1920928955078125e-07,valid,pass,
0,0,basis_shear,,,torch.float32,2.1713245039859076e-07,representation,mp-aaacpirm,1908,104,7.152557373046875e-07,2.7197742813456216e-07,valid,pass,
0,0,independent_reference,,,torch.float64,,enumeration,mp-aaacpirm,1908,104,8.881784197001252e-16,8.881784197001252e-16,valid,pass,
0,0,translation,,1.0,torch.float64,4.082482918126481e-09,E3,mp-aaacpirm,1908,104,1.5126174091051325e-08,3.9968028886505635e-15,valid,pass,
0,0,rotation_1,,1.0,torch.float64,3.832201707725891e-09,E3,mp-aaacpirm,1908,104,1.5126175867408165e-08,1.3322676295501878e-15,valid,pass,
0,0,rotation_2,,0.9999999999999989,torch.float64,3.951778460020705e-09,E3,mp-aaacpirm,1908,104,1.5126173202872906e-08,1.3322676295501878e-15,valid,pass,
0,0,reflection,,-1.0,torch.float64,4.082482918126481e-09,E3,mp-aaacpirm,1908,104,1.5126174091051325e-08,1.7763568394002505e-15,valid,pass,
0,0,inversion,,-1.0,torch.float64,4.082482918126481e-09,E3,mp-aaacpirm,1908,104,1.5126174091051325e-08,1.7763568394002505e-15,valid,pass,
0,0,improper_with_translation,,-1.0,torch.float64,3.832201707725891e-09,E3,mp-aaacpirm,1908,104,1.5126175867408165e-08,1.3322676295501878e-15,valid,pass,
0,0,permutation,,,torch.float64,0.0,representation,mp-aaacpirm,1908,104,0.0,0.0,valid,pass,
0,0,integer_images,,,torch.float64,0.0,representation,mp-aaacpirm,1908,104,0.0,0.0,valid,pass,
0,0,basis_swap,,,torch.float64,3.535533944923709e-09,representation,mp-aaacpirm,1908,104,1.5126174979229745e-08,4.440892098500626e-16,valid,pass,
0,0,basis_shear,,,torch.float64,2.220446049250313e-16,representation,mp-aaacpirm,1908,104,8.881784197001252e-16,8.881784197001252e-16,valid,pass,
0,0,float32_vs_float64,,,torch.float32,,precision,mp-aaacpirm,1908,104,5.128408462340417e-07,3.477569574528161e-07,valid,pass,
0,0,independent_reference,,,torch.float32,,enumeration,mp-aaacpjtj,1945,168,2.7336620078699525e-07,4.76837158203125e-07,valid,pass,
0,0,translation,,1.0,torch.float32,1.5429556939062716e-07,E3,mp-aaacpjtj,1945,168,9.5367431640625e-07,7.152557381928659e-07,valid,pass,
0,0,rotation_1,,1.0,torch.float32,1.826131141857701e-07,E3,mp-aaacpjtj,1945,168,9.5367431640625e-07,6.393352545153164e-07,valid,pass,
0,0,rotation_2,,0.9999999999999989,torch.float32,3.156956867034211e-07,E3,mp-aaacpjtj,1945,168,9.5367431640625e-07,6.386630180266195e-07,valid,pass,
0,0,reflection,,-1.0,torch.float32,1.5429556939062716e-07,E3,mp-aaacpjtj,1945,168,9.5367431640625e-07,7.152557381928659e-07,valid,pass,
0,0,inversion,,-1.0,torch.float32,1.5429556939062716e-07,E3,mp-aaacpjtj,1945,168,9.5367431640625e-07,7.152557381928659e-07,valid,pass,
0,0,improper_with_translation,,-1.0,torch.float32,1.826131141857701e-07,E3,mp-aaacpjtj,1945,168,9.5367431640625e-07,6.393352545153164e-07,valid,pass,
0,0,permutation,,,torch.float32,0.0,representation,mp-aaacpjtj,1945,168,0.0,0.0,valid,pass,
0,0,integer_images,,,torch.float32,0.0,representation,mp-aaacpjtj,1945,168,0.0,0.0,valid,pass,
0,0,basis_swap,,,torch.float32,1.6339667439150437e-07,representation,mp-aaacpjtj,1945,168,9.5367431640625e-07,5.857418141630433e-07,valid,pass,
0,0,basis_shear,,,torch.float32,4.6288679711459224e-07,representation,mp-aaacpjtj,1945,168,1.430511474609375e-06,4.818826844221746e-07,valid,pass,
0,0,independent_reference,,,torch.float64,,enumeration,mp-aaacpjtj,1945,168,8.881784197001252e-16,8.881784197001252e-16,valid,pass,
0,0,translation,,1.0,torch.float64,1.6376022871078533e-08,E3,mp-aaacpjtj,1945,168,5.329261831832355e-08,1.7763568394002505e-15,valid,pass,
0,0,rotation_1,,1.0,torch.float64,1.8703357418381472e-08,E3,mp-aaacpjtj,1945,168,5.329261920650197e-08,1.7763568394002505e-15,valid,pass,
0,0,rotation_2,,0.9999999999999989,torch.float64,1.9033941645041352e-08,E3,mp-aaacpjtj,1945,168,5.3292624535572486e-08,3.552713678800501e-15,valid,pass,
0,0,reflection,,-1.0,torch.float64,1.6376022871078533e-08,E3,mp-aaacpjtj,1945,168,5.329261831832355e-08,2.6645352591003757e-15,valid,pass,
0,0,inversion,,-1.0,torch.float64,1.6376022871078533e-08,E3,mp-aaacpjtj,1945,168,5.329261831832355e-08,2.6645352591003757e-15,valid,pass,
0,0,improper_with_translation,,-1.0,torch.float64,1.8703357418381472e-08,E3,mp-aaacpjtj,1945,168,5.329261920650197e-08,2.6645352591003757e-15,valid,pass,
0,0,permutation,,,torch.float64,0.0,representation,mp-aaacpjtj,1945,168,0.0,0.0,valid,pass,
0,0,integer_images,,,torch.float64,0.0,representation,mp-aaacpjtj,1945,168,0.0,0.0,valid,pass,
0,0,basis_swap,,,torch.float64,1.6376023759256952e-08,representation,mp-aaacpjtj,1945,168,5.329262098285881e-08,8.881784197001252e-16,valid,pass,
0,0,basis_shear,,,torch.float64,9.051108338114484e-16,representation,mp-aaacpjtj,1945,168,3.552713678800501e-15,8.881784197001252e-16,valid,pass,
0,0,float32_vs_float64,,,torch.float32,,precision,mp-aaacpjtj,1945,168,1.169404164613752e-06,9.440706048025049e-07,valid,pass,
0,0,independent_reference,,,torch.float32,,enumeration,mp-aaacplrt,1981,232,4.2340053330036653e-07,1.7881393432617188e-07,valid,pass,
0,0,translation,,1.0,torch.float32,2.3353555556049344e-07,E3,mp-aaacplrt,1981,232,9.5367431640625e-07,3.576278793104848e-07,valid,pass,
0,0,rotation_1,,1.0,torch.float32,2.404931438437785e-07,E3,mp-aaacplrt,1981,232,9.5367431640625e-07,3.196676272576582e-07,valid,pass,
0,0,rotation_2,,0.9999999999999989,torch.float32,2.198540096642887e-07,E3,mp-aaacplrt,1981,232,9.5367431640625e-07,3.1933150923535436e-07,valid,pass,
0,0,reflection,,-1.0,torch.float32,2.3353555556049344e-07,E3,mp-aaacplrt,1981,232,9.5367431640625e-07,3.5762786509963007e-07,valid,pass,
0,0,inversion,,-1.0,torch.float32,2.3353555556049344e-07,E3,mp-aaacplrt,1981,232,9.5367431640625e-07,3.5762786509963007e-07,valid,pass,
0,0,improper_with_translation,,-1.0,torch.float32,2.404931438437785e-07,E3,mp-aaacplrt,1981,232,9.5367431640625e-07,3.196676272576582e-07,valid,pass,
0,0,permutation,,,torch.float32,0.0,representation,mp-aaacplrt,1981,232,0.0,0.0,valid,pass,
0,0,integer_images,,,torch.float32,0.0,representation,mp-aaacplrt,1981,232,0.0,0.0,valid,pass,
0,0,basis_swap,,,torch.float32,1.0391220683914071e-07,representation,mp-aaacplrt,1981,232,4.76837158203125e-07,2.940304715259856e-07,valid,pass,
0,0,basis_shear,,,torch.float32,2.734871742404721e-07,representation,mp-aaacplrt,1981,232,9.5367431640625e-07,3.3156444345650016e-07,valid,pass,
0,0,independent_reference,,,torch.float64,,enumeration,mp-aaacplrt,1981,232,8.881784197001252e-16,8.881784197001252e-16,valid,pass,
0,0,translation,,1.0,torch.float64,4.0824828863304225e-09,E3,mp-aaacplrt,1981,232,1.3612123872519533e-08,1.7763568394002505e-15,valid,pass,
0,0,rotation_1,,1.0,torch.float64,3.8322014488679054e-09,E3,mp-aaacplrt,1981,232,1.3612122984341113e-08,2.6645352591003757e-15,valid,pass,
0,0,rotation_2,,0.9999999999999989,torch.float64,3.951777904909193e-09,E3,mp-aaacplrt,1981,232,1.3612121207984273e-08,2.6645352591003757e-15,valid,pass,
0,0,reflection,,-1.0,torch.float64,4.0824828863304225e-09,E3,mp-aaacplrt,1981,232,1.3612123872519533e-08,8.881784197001252e-16,valid,pass,
0,0,inversion,,-1.0,torch.float64,4.0824828863304225e-09,E3,mp-aaacplrt,1981,232,1.3612123872519533e-08,8.881784197001252e-16,valid,pass,
0,0,improper_with_translation,,-1.0,torch.float64,3.8322014488679054e-09,E3,mp-aaacplrt,1981,232,1.3612122984341113e-08,2.6645352591003757e-15,valid,pass,
0,0,permutation,,,torch.float64,0.0,representation,mp-aaacplrt,1981,232,0.0,0.0,valid,pass,
0,0,integer_images,,,torch.float64,0.0,representation,mp-aaacplrt,1981,232,0.0,0.0,valid,pass,
0,0,basis_swap,,,torch.float64,3.535533852885666e-09,representation,mp-aaacplrt,1981,232,1.3612123872519533e-08,1.3322676295501878e-15,valid,pass,
0,0,basis_shear,,,torch.float64,6.661338147750939e-16,representation,mp-aaacplrt,1981,232,1.7763568394002505e-15,2.220446049250313e-15,valid,pass,
0,0,float32_vs_float64,,,torch.float32,,precision,mp-aaacplrt,1981,232,6.995564278966526e-07,6.190131180972003e-07,valid,pass,
0,0,independent_reference,,,torch.float32,,enumeration,mp-aaacpnvl,2018,200,6.514675403579417e-07,3.5762786865234375e-07,valid,pass,
0,0,translation,,1.0,torch.float32,2.2173449387707933e-07,E3,mp-aaacpnvl,2018,200,9.5367431640625e-07,3.576279024031237e-07,valid,pass,
0,0,rotation_1,,1.0,torch.float32,2.2834050006359519e-07,E3,mp-aaacpnvl,2018,200,9.5367431640625e-07,4.225812944014251e-07,valid,pass,
0,0,rotation_2,,0.9999999999999989,torch.float32,2.0874430517459075e-07,E3,mp-aaacpnvl,2018,200,9.5367431640625e-07,4.2389452570290587e-07,valid,pass,
0,0,reflection,,-1.0,torch.float32,2.2173449387707933e-07,E3,mp-aaacpnvl,2018,200,9.5367431640625e-07,3.576279024031237e-07,valid,pass,
0,0,inversion,,-1.0,torch.float32,2.2173449387707933e-07,E3,mp-aaacpnvl,2018,200,9.5367431640625e-07,3.576279024031237e-07,valid,pass,
0,0,improper_with_translation,,-1.0,torch.float32,2.2834050006359519e-07,E3,mp-aaacpnvl,2018,200,9.5367431640625e-07,4.225812944014251e-07,valid,pass,
0,0,permutation,,,torch.float32,0.0,representation,mp-aaacpnvl,2018,200,0.0,0.0,valid,pass,
0,0,integer_images,,,torch.float32,0.0,representation,mp-aaacpnvl,2018,200,0.0,0.0,valid,pass,
0,0,basis_swap,,,torch.float32,1.0465430588801894e-07,representation,mp-aaacpnvl,2018,200,9.5367431640625e-07,5.023600841980169e-07,valid,pass,
0,0,basis_shear,,,torch.float32,2.5367426115252556e-07,representation,mp-aaacpnvl,2018,200,9.5367431640625e-07,4.604894989768127e-07,valid,pass,
0,0,independent_reference,,,torch.float64,,enumeration,mp-aaacpnvl,2018,200,1.7763568394002505e-15,8.881784197001252e-16,valid,pass,
0,0,translation,,1.0,torch.float64,4.082482903647674e-09,E3,mp-aaacpnvl,2018,200,1.4336582587759494e-08,1.3322676295501878e-15,valid,pass,
0,0,rotation_1,,1.0,torch.float64,3.8322012013575825e-09,E3,mp-aaacpnvl,2018,200,1.4336581699581075e-08,2.6645352591003757e-15,valid,pass,
0,0,rotation_2,,0.9999999999999989,torch.float64,3.951778126953798e-09,E3,mp-aaacpnvl,2018,200,1.4336579035045816e-08,2.6645352591003757e-15,valid,pass,
0,0,reflection,,-1.0,torch.float64,4.082482903647674e-09,E3,mp-aaacpnvl,2018,200,1.4336582587759494e-08,1.3322676295501878e-15,valid,pass,
0,0,inversion,,-1.0,torch.float64,4.082482903647674e-09,E3,mp-aaacpnvl,2018,200,1.4336582587759494e-08,1.3322676295501878e-15,valid,pass,
0,0,improper_with_translation,,-1.0,torch.float64,3.8322012013575825e-09,E3,mp-aaacpnvl,2018,200,1.4336581699581075e-08,2.6645352591003757e-15,valid,pass,
0,0,permutation,,,torch.float64,0.0,representation,mp-aaacpnvl,2018,200,0.0,0.0,valid,pass,
0,0,integer_images,,,torch.float64,0.0,representation,mp-aaacpnvl,2018,200,0.0,0.0,valid,pass,
0,0,basis_swap,,,torch.float64,3.5355336877122957e-09,representation,mp-aaacpnvl,2018,200,1.4336581699581075e-08,1.7763568394002505e-15,valid,pass,
0,0,basis_shear,,,torch.float64,1.9973335271002513e-16,representation,mp-aaacpnvl,2018,200,8.881784197001252e-16,1.7763568394002505e-15,valid,pass,
0,0,float32_vs_float64,,,torch.float32,,precision,mp-aaacpnvl,2018,200,8.230316481672162e-07,4.960272237397589e-07,valid,pass,
0,0,independent_reference,,,torch.float32,,enumeration,mp-aaacprhg,2055,356,7.60864975468678e-07,6.711632032363468e-07,valid,pass,
0,0,translation,,1.0,torch.float32,3.377384920410666e-17,E3,mp-aaacprhg,2055,356,9.5367431640625e-07,9.5367431640625e-07,valid,pass,
0,0,rotation_1,,1.0,torch.float32,5.551115123125783e-16,E3,mp-aaacprhg,2055,356,0.0,8.881784197001252e-16,valid,pass,
0,0,rotation_2,,0.9999999999999989,torch.float32,1.4432899320127035e-15,E3,mp-aaacprhg,2055,356,0.0,8.881784197001252e-16,valid,pass,
0,0,reflection,,-1.0,torch.float32,3.377384920410666e-17,E3,mp-aaacprhg,2055,356,0.0,2.220446049250313e-16,valid,pass,
0,0,inversion,,-1.0,torch.float32,3.377384920410666e-17,E3,mp-aaacprhg,2055,356,0.0,2.220446049250313e-16,valid,pass,
0,0,improper_with_translation,,-1.0,torch.float32,5.551115123125783e-16,E3,mp-aaacprhg,2055,356,9.5367431640625e-07,5.303512402576871e-07,valid,pass,
0,0,permutation,,,torch.float32,0.0,representation,mp-aaacprhg,2055,356,0.0,0.0,valid,pass,
0,0,integer_images,,,torch.float32,0.0,representation,mp-aaacprhg,2055,356,2.384185791015625e-06,3.814697265625e-06,valid,pass,
0,0,basis_swap,,,torch.float32,3.9092593207706714e-15,representation,mp-aaacprhg,2055,356,4.76837158203125e-07,2.6827955057484587e-07,valid,pass,
0,0,basis_shear,,,torch.float32,7.873534224600576e-08,representation,mp-aaacprhg,2055,356,9.5367431640625e-07,1.1553794669882933e-06,valid,pass,
0,0,independent_reference,,,torch.float64,,enumeration,mp-aaacprhg,2055,356,1.7763568394002505e-15,8.881784197001252e-16,valid,pass,
0,0,translation,,1.0,torch.float64,1.6826463586877234e-17,E3,mp-aaacprhg,2055,356,1.7763568394002505e-15,1.7763568394002505e-15,valid,pass,
0,0,rotation_1,,1.0,torch.float64,2.220446049250313e-16,E3,mp-aaacprhg,2055,356,3.552713678800501e-15,3.9968028886505635e-15,valid,pass,
0,0,rotation_2,,0.9999999999999989,torch.float64,2.3299961577257276e-16,E3,mp-aaacprhg,2055,356,5.329070518200751e-15,2.3314683517128287e-15,valid,pass,
0,0,reflection,,-1.0,torch.float64,1.6826463586877234e-17,E3,mp-aaacprhg,2055,356,2.220446049250313e-15,1.7763568394002505e-15,valid,pass,
0,0,inversion,,-1.0,torch.float64,1.6826463586877234e-17,E3,mp-aaacprhg,2055,356,2.220446049250313e-15,1.7763568394002505e-15,valid,pass,
0,0,improper_with_translation,,-1.0,torch.float64,2.220446049250313e-16,E3,mp-aaacprhg,2055,356,3.552713678800501e-15,3.9968028886505635e-15,valid,pass,
0,0,permutation,,,torch.float64,0.0,representation,mp-aaacprhg,2055,356,0.0,0.0,valid,pass,
0,0,integer_images,,,torch.float64,0.0,representation,mp-aaacprhg,2055,356,0.0,0.0,valid,pass,
0,0,basis_swap,,,torch.float64,2.4782760873018762e-09,representation,mp-aaacprhg,2055,356,7.551952840856302e-09,8.881784197001252e-16,valid,pass,
0,0,basis_shear,,,torch.float64,4.273452179575907e-09,representation,mp-aaacprhg,2055,356,1.6617256015649673e-08,2.886579864025407e-15,valid,pass,
0,0,float32_vs_float64,,,torch.float32,,precision,mp-aaacprhg,2055,356,8.088879583922903e-07,7.627823492839525e-07,valid,pass,
0,0,independent_reference,,,torch.float32,,enumeration,mp-aaacqnea,2091,2568,6.657075237725962e-07,6.077019953920626e-07,valid,pass,
0,0,translation,,1.0,torch.float32,4.6386844575844464e-24,E3,mp-aaacqnea,2091,2568,9.5367431640625e-07,4.76837158203125e-07,valid,pass,
0,0,rotation_1,,1.0,torch.float32,5.551115123125783e-16,E3,mp-aaacqnea,2091,2568,4.76837158203125e-07,2.357959494325712e-07,valid,pass,
0,0,rotation_2,,0.9999999999999989,torch.float32,1.4432899320127035e-15,E3,mp-aaacqnea,2091,2568,4.76837158203125e-07,2.52333906658464e-07,valid,pass,
0,0,reflection,,-1.0,torch.float32,4.6386844575844464e-24,E3,mp-aaacqnea,2091,2568,4.76837158203125e-07,2.384185791015625e-07,valid,pass,
0,0,inversion,,-1.0,torch.float32,4.6386844575844464e-24,E3,mp-aaacqnea,2091,2568,4.76837158203125e-07,2.384185791015625e-07,valid,pass,
0,0,improper_with_translation,,-1.0,torch.float32,5.551115123125783e-16,E3,mp-aaacqnea,2091,2568,9.5367431640625e-07,6.344789764689551e-07,valid,pass,
0,0,permutation,,,torch.float32,0.0,representation,mp-aaacqnea,2091,2568,0.0,0.0,valid,pass,
0,0,integer_images,,,torch.float32,0.0,representation,mp-aaacqnea,2091,2568,2.86102294921875e-06,2.86102294921875e-06,valid,pass,
0,0,basis_swap,,,torch.float32,1.9984014443252818e-15,representation,mp-aaacqnea,2091,2568,4.76837158203125e-07,1.704339807062638e-07,valid,pass,
0,0,basis_shear,,,torch.float32,4.371138579042691e-08,representation,mp-aaacqnea,2091,2568,9.5367431640625e-07,8.356614751292568e-07,valid,pass,
0,0,independent_reference,,,torch.float64,,enumeration,mp-aaacqnea,2091,2568,1.7763568394002505e-15,1.7763568394002505e-15,valid,pass,
0,0,translation,,1.0,torch.float64,6.213162495615745e-33,E3,mp-aaacqnea,2091,2568,2.6645352591003757e-15,1.7763568394002505e-15,valid,pass,
0,0,rotation_1,,1.0,torch.float64,2.220446049250313e-16,E3,mp-aaacqnea,2091,2568,4.440892098500626e-15,2.6645352591003757e-15,valid,pass,
0,0,rotation_2,,0.9999999999999989,torch.float64,4.440892098500626e-16,E3,mp-aaacqnea,2091,2568,7.105427357601002e-15,3.552713678800501e-15,valid,pass,
0,0,reflection,,-1.0,torch.float64,6.213162495615745e-33,E3,mp-aaacqnea,2091,2568,1.7763568394002505e-15,8.881784197001252e-16,valid,pass,
0,0,inversion,,-1.0,torch.float64,6.213162495615745e-33,E3,mp-aaacqnea,2091,2568,1.7763568394002505e-15,8.881784197001252e-16,valid,pass,
0,0,improper_with_translation,,-1.0,torch.float64,2.220446049250313e-16,E3,mp-aaacqnea,2091,2568,4.440892098500626e-15,3.1086244689504383e-15,valid,pass,
0,0,permutation,,,torch.float64,0.0,representation,mp-aaacqnea,2091,2568,0.0,0.0,valid,pass,
0,0,integer_images,,,torch.float64,0.0,representation,mp-aaacqnea,2091,2568,0.0,0.0,valid,pass,
0,0,basis_swap,,,torch.float64,6.123233927144105e-25,representation,mp-aaacqnea,2091,2568,8.881784197001252e-16,1.9721522630525295e-31,valid,pass,
0,0,basis_shear,,,torch.float64,2.220446049250313e-16,representation,mp-aaacqnea,2091,2568,1.7763568394002505e-15,9.43689570931383e-16,valid,pass,
0,0,float32_vs_float64,,,torch.float32,,precision,mp-aaacqnea,2091,2568,6.634301872310289e-07,6.291259055934972e-07,valid,pass,
0,0,independent_reference,,,torch.float32,,enumeration,mp-aaacqwzi,2128,724,9.395720592664247e-07,8.252211500803242e-07,valid,pass,
0,0,translation,,1.0,torch.float32,2.0592994864898628e-07,E3,mp-aaacqwzi,2128,724,9.5367431640625e-07,7.816209697253385e-07,valid,pass,
0,0,rotation_1,,1.0,torch.float32,2.3229405288205385e-07,E3,mp-aaacqwzi,2128,724,9.5367431640625e-07,4.166158378282603e-07,valid,pass,
0,0,rotation_2,,0.9999999999999989,torch.float32,3.059947770722715e-07,E3,mp-aaacqwzi,2128,724,9.5367431640625e-07,4.126349937294549e-07,valid,pass,
0,0,reflection,,-1.0,torch.float32,2.0592994864898628e-07,E3,mp-aaacqwzi,2128,724,9.5367431640625e-07,4.3718722597674287e-07,valid,pass,
0,0,inversion,,-1.0,torch.float32,2.0592994864898628e-07,E3,mp-aaacqwzi,2128,724,9.5367431640625e-07,4.3718722597674287e-07,valid,pass,
0,0,improper_with_translation,,-1.0,torch.float32,2.3229405288205385e-07,E3,mp-aaacqwzi,2128,724,1.430511474609375e-06,9.46967077197769e-07,valid,pass,
0,0,permutation,,,torch.float32,0.0,representation,mp-aaacqwzi,2128,724,0.0,0.0,valid,pass,
0,0,integer_images,,,torch.float32,0.0,representation,mp-aaacqwzi,2128,724,2.384185791015625e-06,1.9073486328125e-06,valid,pass,
0,0,basis_swap,,,torch.float32,2.0592994864898628e-07,representation,mp-aaacqwzi,2128,724,9.5367431640625e-07,6.328206820782611e-07,valid,pass,
0,0,basis_shear,,,torch.float32,5.827488049062551e-08,representation,mp-aaacqwzi,2128,724,9.5367431640625e-07,1.004746797317324e-06,valid,pass,
0,0,independent_reference,,,torch.float64,,enumeration,mp-aaacqwzi,2128,724,1.7763568394002505e-15,1.3322676295501878e-15,valid,pass,
0,0,translation,,1.0,torch.float64,1.6226334533793735e-09,E3,mp-aaacqwzi,2128,724,5.192847041257664e-09,2.6645352591003757e-15,valid,pass,
0,0,rotation_1,,1.0,torch.float64,1.4390958667722163e-09,E3,mp-aaacqwzi,2128,724,5.192845264900825e-09,2.6645352591003757e-15,valid,pass,
0,0,rotation_2,,0.9999999999999989,torch.float64,1.3751875194145669e-09,E3,mp-aaacqwzi,2128,724,5.1928408240087265e-09,4.440892098500626e-15,valid,pass,
0,0,reflection,,-1.0,torch.float64,1.6226334533793735e-09,E3,mp-aaacqwzi,2128,724,5.192847929436084e-09,2.6645352591003757e-15,valid,pass,
0,0,inversion,,-1.0,torch.float64,1.6226334533793735e-09,E3,mp-aaacqwzi,2128,724,5.192847929436084e-09,2.6645352591003757e-15,valid,pass,
0,0,improper_with_translation,,-1.0,torch.float64,1.4390958667722163e-09,E3,mp-aaacqwzi,2128,724,5.192846153079245e-09,2.886579864025407e-15,valid,pass,
0,0,permutation,,,torch.float64,0.0,representation,mp-aaacqwzi,2128,724,0.0,0.0,valid,pass,
0,0,integer_images,,,torch.float64,0.0,representation,mp-aaacqwzi,2128,724,0.0,0.0,valid,pass,
0,0,basis_swap,,,torch.float64,1.1891714285971634e-09,representation,mp-aaacqwzi,2128,724,5.192847041257664e-09,1.3322676295501878e-15,valid,pass,
0,0,basis_shear,,,torch.float64,3.0207711490750095e-09,representation,mp-aaacqwzi,2128,724,1.2968611073915781e-08,1.7763568394002505e-15,valid,pass,
0,0,float32_vs_float64,,,torch.float32,,precision,mp-aaacqwzi,2128,724,9.05787898020094e-07,9.57993627981324e-07,valid,pass,
0,0,independent_reference,,,torch.float32,,enumeration,mp-aaacrfps,2165,104,4.493323997323273e-07,1.9736344825105334e-07,valid,pass,
0,0,translation,,1.0,torch.float32,5.786430046929352e-24,E3,mp-aaacrfps,2165,104,0.0,2.6469779601696886e-23,valid,pass,
0,0,rotation_1,,1.0,torch.float32,6.661338147750939e-16,E3,mp-aaacrfps,2165,104,0.0,8.881784197001252e-16,valid,pass,
0,0,rotation_2,,0.9999999999999989,torch.float32,1.4432899320127035e-15,E3,mp-aaacrfps,2165,104,0.0,4.440892098500626e-16,valid,pass,
0,0,reflection,,-1.0,torch.float32,5.786430046929352e-24,E3,mp-aaacrfps,2165,104,0.0,2.6469779601696886e-23,valid,pass,
0,0,inversion,,-1.0,torch.float32,5.786430046929352e-24,E3,mp-aaacrfps,2165,104,0.0,2.6469779601696886e-23,valid,pass,
0,0,improper_with_translation,,-1.0,torch.float32,6.661338147750939e-16,E3,mp-aaacrfps,2165,104,0.0,8.881784197001252e-16,valid,pass,
0,0,permutation,,,torch.float32,0.0,representation,mp-aaacrfps,2165,104,0.0,0.0,valid,pass,
0,0,integer_images,,,torch.float32,0.0,representation,mp-aaacrfps,2165,104,0.0,0.0,valid,pass,
0,0,basis_swap,,,torch.float32,2.4795252626931135e-15,representation,mp-aaacrfps,2165,104,0.0,1.0043609099952278e-07,valid,pass,
0,0,basis_shear,,,torch.float32,4.371138765233402e-08,representation,mp-aaacrfps,2165,104,4.76837158203125e-07,2.514710182310864e-07,valid,pass,
0,0,independent_reference,,,torch.float64,,enumeration,mp-aaacrfps,2165,104,8.881784197001252e-16,8.881784197001252e-16,valid,pass,
0,0,translation,,1.0,torch.float64,3.566936442937955e-33,E3,mp-aaacrfps,2165,104,4.440892098500626e-16,4.440892098500626e-16,valid,pass,
0,0,rotation_1,,1.0,torch.float64,3.3306690738754696e-16,E3,mp-aaacrfps,2165,104,8.881784197001252e-16,8.881784197001252e-16,valid,pass,
0,0,rotation_2,,0.9999999999999989,torch.float64,3.3306690738754696e-16,E3,mp-aaacrfps,2165,104,4.440892098500626e-15,1.3322676295501878e-15,valid,pass,
0,0,reflection,,-1.0,torch.float64,3.566936442937955e-33,E3,mp-aaacrfps,2165,104,8.881784197001252e-16,4.440892098500626e-16,valid,pass,
0,0,inversion,,-1.0,torch.float64,3.566936442937955e-33,E3,mp-aaacrfps,2165,104,8.881784197001252e-16,4.440892098500626e-16,valid,pass,
0,0,improper_with_translation,,-1.0,torch.float64,3.3306690738754696e-16,E3,mp-aaacrfps,2165,104,1.7763568394002505e-15,1.3322676295501878e-15,valid,pass,
0,0,permutation,,,torch.float64,0.0,representation,mp-aaacrfps,2165,104,0.0,0.0,valid,pass,
0,0,integer_images,,,torch.float64,0.0,representation,mp-aaacrfps,2165,104,0.0,0.0,valid,pass,
0,0,basis_swap,,,torch.float64,6.123233920169555e-25,representation,mp-aaacrfps,2165,104,0.0,7.395570986446986e-32,valid,pass,
0,0,basis_shear,,,torch.float64,2.220446049250313e-16,representation,mp-aaacrfps,2165,104,8.881784197001252e-16,8.881784197001252e-16,valid,pass,
0,0,float32_vs_float64,,,torch.float32,,precision,mp-aaacrfps,2165,104,5.20630190514737e-07,3.4236333638302214e-07,valid,pass,
0,0,independent_reference,,,torch.float32,,enumeration,mp-aaacrluo,2201,128,8.866189489253884e-07,8.064117906769752e-07,valid,pass,
0,0,translation,,1.0,torch.float32,2.3699261242349223e-07,E3,mp-aaacrluo,2201,128,1.430511474609375e-06,1.0708007325277435e-06,valid,pass,
0,0,rotation_1,,1.0,torch.float32,2.9821295222109967e-07,E3,mp-aaacrluo,2201,128,1.430511474609375e-06,5.854997251475424e-07,valid,pass,
0,0,rotation_2,,0.9999999999999989,torch.float32,2.830747846127579e-07,E3,mp-aaacrluo,2201,128,1.430511474609375e-06,5.838732941576552e-07,valid,pass,
0,0,reflection,,-1.0,torch.float32,2.3699261242349223e-07,E3,mp-aaacrluo,2201,128,1.430511474609375e-06,5.981292932055737e-07,valid,pass,
0,0,inversion,,-1.0,torch.float32,2.3699261242349223e-07,E3,mp-aaacrluo,2201,128,1.430511474609375e-06,5.981292932055737e-07,valid,pass,
0,0,improper_with_translation,,-1.0,torch.float32,2.9821295222109967e-07,E3,mp-aaacrluo,2201,128,1.430511474609375e-06,6.533247303153189e-07,valid,pass,
0,0,permutation,,,torch.float32,0.0,representation,mp-aaacrluo,2201,128,0.0,0.0,valid,pass,
0,0,integer_images,,,torch.float32,0.0,representation,mp-aaacrluo,2201,128,9.5367431640625e-07,9.5367431640625e-07,valid,pass,
0,0,basis_swap,,,torch.float32,8.226366920993655e-08,representation,mp-aaacrluo,2201,128,4.76837158203125e-07,7.610135397406737e-07,valid,pass,
0,0,basis_shear,,,torch.float32,3.894395198834208e-07,representation,mp-aaacrluo,2201,128,1.430511474609375e-06,9.427641023407318e-07,valid,pass,
0,0,independent_reference,,,torch.float64,,enumeration,mp-aaacrluo,2201,128,1.7763568394002505e-15,2.220446049250313e-15,valid,pass,
0,0,translation,,1.0,torch.float64,8.942634854847142e-09,E3,mp-aaacrluo,2201,128,3.033710882505147e-08,3.9968028886505635e-15,valid,pass,
0,0,rotation_1,,1.0,torch.float64,8.594539145133388e-09,E3,mp-aaacrluo,2201,128,3.0337107936873053e-08,3.1086244689504383e-15,valid,pass,
0,0,rotation_2,,0.9999999999999989,torch.float64,9.232803743763895e-09,E3,mp-aaacrluo,2201,128,3.0337104384159375e-08,3.1086244689504383e-15,valid,pass,
0,0,reflection,,-1.0,torch.float64,8.942634854847142e-09,E3,mp-aaacrluo,2201,128,3.033710882505147e-08,2.220446049250313e-15,valid,pass,
0,0,inversion,,-1.0,torch.float64,8.942634854847142e-09,E3,mp-aaacrluo,2201,128,3.033710882505147e-08,2.220446049250313e-15,valid,pass,
0,0,improper_with_translation,,-1.0,torch.float64,8.594539145133388e-09,E3,mp-aaacrluo,2201,128,3.0337107936873053e-08,4.440892098500626e-15,valid,pass,
0,0,permutation,,,torch.float64,0.0,representation,mp-aaacrluo,2201,128,0.0,0.0,valid,pass,
0,0,integer_images,,,torch.float64,0.0,representation,mp-aaacrluo,2201,128,0.0,0.0,valid,pass,
0,0,basis_swap,,,torch.float64,8.942635520980957e-09,representation,mp-aaacrluo,2201,128,3.033711148958673e-08,1.1102230246251565e-15,valid,pass,
0,0,basis_shear,,,torch.float64,2.2430208161970863e-15,representation,mp-aaacrluo,2201,128,9.769962616701378e-15,2.373101715136272e-15,valid,pass,
0,0,float32_vs_float64,,,torch.float32,,precision,mp-aaacrluo,2201,128,8.595241478559501e-07,1.133032189848393e-06,valid,pass,
0,0,independent_reference,,,torch.float32,,enumeration,mp-aaacrrgz,2238,210,2.026784554409744e-06,2.747585241991146e-06,valid,pass,
0,0,translation,,1.0,torch.float32,4.9052723461908114e-17,E3,mp-aaacrrgz,2238,210,1.9073486328125e-06,1.907348633145567e-06,valid,pass,
0,0,rotation_1,,1.0,torch.float32,2.696800056276702e-16,E3,mp-aaacrrgz,2238,210,0.0,1.7763568394002505e-15,valid,pass,
0,0,rotation_2,,0.9999999999999989,torch.float32,1.3322676295501878e-15,E3,mp-aaacrrgz,2238,210,0.0,2.4424906541753444e-15,valid,pass,
0,0,reflection,,-1.0,torch.float32,4.9052723461908114e-17,E3,mp-aaacrrgz,2238,210,0.0,3.3306690738754696e-16,valid,pass,
0,0,inversion,,-1.0,torch.float32,4.9052723461908114e-17,E3,mp-aaacrrgz,2238,210,0.0,3.3306690738754696e-16,valid,pass,
0,0,improper_with_translation,,-1.0,torch.float32,2.696800056276702e-16,E3,mp-aaacrrgz,2238,210,2.384185791015625e-06,2.45321328051773e-06,valid,pass,
0,0,permutation,,,torch.float32,0.0,representation,mp-aaacrrgz,2238,210,0.0,0.0,valid,pass,
0,0,integer_images,,,torch.float32,0.0,representation,mp-aaacrrgz,2238,210,7.62939453125e-06,1.33514404296875e-05,valid,pass,
0,0,basis_swap,,,torch.float32,8.076074863492001e-07,representation,mp-aaacrrgz,2238,210,1.9073486328125e-06,9.76619377812682e-07,valid,pass,
0,0,basis_shear,,,torch.float32,3.8038598284496546e-07,representation,mp-aaacrrgz,2238,210,1.6689300537109375e-06,3.1713500046048893e-06,valid,pass,
0,0,independent_reference,,,torch.float64,,enumeration,mp-aaacrrgz,2238,210,7.105427357601002e-15,8.881784197001252e-15,valid,pass,
0,0,translation,,1.0,torch.float64,2.8834406196054374e-08,E3,mp-aaacrrgz,2238,210,9.430527025955371e-08,8.659739592076221e-15,valid,pass,
0,0,rotation_1,,1.0,torch.float64,2.500305164657767e-08,E3,mp-aaacrrgz,2238,210,9.430527025955371e-08,2.1316282072803006e-14,valid,pass,
0,0,rotation_2,,0.9999999999999989,torch.float64,2.728247106009718e-08,E3,mp-aaacrrgz,2238,210,9.430527025955371e-08,1.3988810110276972e-14,valid,pass,
0,0,reflection,,-1.0,torch.float64,2.8834406196054374e-08,E3,mp-aaacrrgz,2238,210,9.430527025955371e-08,5.329070518200751e-15,valid,pass,
0,0,inversion,,-1.0,torch.float64,2.8834406196054374e-08,E3,mp-aaacrrgz,2238,210,9.430527025955371e-08,5.329070518200751e-15,valid,pass,
0,0,improper_with_translation,,-1.0,torch.float64,2.500305164657767e-08,E3,mp-aaacrrgz,2238,210,9.430527025955371e-08,1.9539925233402755e-14,valid,pass,
0,0,permutation,,,torch.float64,0.0,representation,mp-aaacrrgz,2238,210,0.0,0.0,valid,pass,
0,0,integer_images,,,torch.float64,0.0,representation,mp-aaacrrgz,2238,210,0.0,0.0,valid,pass,
0,0,basis_swap,,,torch.float64,2.8834411747169497e-08,representation,mp-aaacrrgz,2238,210,9.430528091769474e-08,4.440892098500626e-15,valid,pass,
0,0,basis_shear,,,torch.float64,2.220446049250313e-15,representation,mp-aaacrrgz,2238,210,7.993605777301127e-15,8.881784197001252e-15,valid,pass,
0,0,float32_vs_float64,,,torch.float32,,precision,mp-aaacrrgz,2238,210,2.682858954550227e-06,3.973717312533154e-06,valid,pass,
0,0,independent_reference,,,torch.float32,,enumeration,mp-aaacrwwj,2275,900,8.790209538034333e-07,5.719130906634007e-07,valid,pass,
0,0,translation,,1.0,torch.float32,1.2325998278411867e-17,E3,mp-aaacrwwj,2275,900,9.5367431640625e-07,4.76837158203125e-07,valid,pass,
0,0,rotation_1,,1.0,torch.float32,2.4207708716252275e-16,E3,mp-aaacrwwj,2275,900,4.76837158203125e-07,3.172394889006114e-07,valid,pass,
0,0,rotation_2,,0.9999999999999989,torch.float32,1.5543122344752192e-15,E3,mp-aaacrwwj,2275,900,4.76837158203125e-07,3.1807762956859165e-07,valid,pass,
0,0,reflection,,-1.0,torch.float32,1.2325998278411867e-17,E3,mp-aaacrwwj,2275,900,4.76837158203125e-07,2.3841858616447674e-07,valid,pass,
0,0,inversion,,-1.0,torch.float32,1.2325998278411867e-17,E3,mp-aaacrwwj,2275,900,4.76837158203125e-07,2.3841858616447674e-07,valid,pass,
0,0,improper_with_translation,,-1.0,torch.float32,2.4207708716252275e-16,E3,mp-aaacrwwj,2275,900,9.5367431640625e-07,6.344789764689551e-07,valid,pass,
0,0,permutation,,,torch.float32,0.0,representation,mp-aaacrwwj,2275,900,0.0,0.0,valid,pass,
0,0,integer_images,,,torch.float32,0.0,representation,mp-aaacrwwj,2275,900,2.86102294921875e-06,2.384185791015625e-06,valid,pass,
0,0,basis_swap,,,torch.float32,5.326163243779547e-08,representation,mp-aaacrwwj,2275,900,9.5367431640625e-07,6.771906186919807e-07,valid,pass,
0,0,basis_shear,,,torch.float32,1.3308101887155033e-07,representation,mp-aaacrwwj,2275,900,9.5367431640625e-07,7.006693905076133e-07,valid,pass,
0,0,independent_reference,,,torch.float64,,enumeration,mp-aaacrwwj,2275,900,1.7763568394002505e-15,8.881784197001252e-16,valid,pass,
0,0,translation,,1.0,torch.float64,4.440892098500626e-16,E3,mp-aaacrwwj,2275,900,1.7763568394002505e-15,8.881784197001252e-16,valid,pass,
0,0,rotation_1,,1.0,torch.float64,6.661338147750939e-16,E3,mp-aaacrwwj,2275,900,2.6645352591003757e-15,1.7763568394002505e-15,valid,pass,
0,0,rotation_2,,0.9999999999999989,torch.float64,5.551115123125783e-16,E3,mp-aaacrwwj,2275,900,5.329070518200751e-15,2.220446049250313e-15,valid,pass,
0,0,reflection,,-1.0,torch.float64,4.440892098500626e-16,E3,mp-aaacrwwj,2275,900,1.7763568394002505e-15,1.7763568394002505e-15,valid,pass,
0,0,inversion,,-1.0,torch.float64,4.440892098500626e-16,E3,mp-aaacrwwj,2275,900,1.7763568394002505e-15,1.7763568394002505e-15,valid,pass,
0,0,improper_with_translation,,-1.0,torch.float64,6.661338147750939e-16,E3,mp-aaacrwwj,2275,900,3.552713678800501e-15,2.6645352591003757e-15,valid,pass,
0,0,permutation,,,torch.float64,0.0,representation,mp-aaacrwwj,2275,900,0.0,0.0,valid,pass,
0,0,integer_images,,,torch.float64,0.0,representation,mp-aaacrwwj,2275,900,0.0,0.0,valid,pass,
0,0,basis_swap,,,torch.float64,2.220446049250313e-16,representation,mp-aaacrwwj,2275,900,1.7763568394002505e-15,8.881784197001252e-16,valid,pass,
0,0,basis_shear,,,torch.float64,1.608122640392137e-16,representation,mp-aaacrwwj,2275,900,1.7763568394002505e-15,8.881784197001252e-16,valid,pass,
0,0,float32_vs_float64,,,torch.float32,,precision,mp-aaacrwwj,2275,900,1.287411710571007e-06,8.780965443655475e-07,valid,pass,
0,0,independent_reference,,,torch.float32,,enumeration,mp-aaaddiml,2312,1060,6.359325661620119e-07,4.377721314341443e-07,valid,pass,
0,0,translation,,1.0,torch.float32,1.6010270265098825e-07,E3,mp-aaaddiml,2312,1060,1.430511474609375e-06,7.152557373046875e-07,valid,pass,
0,0,rotation_1,,1.0,torch.float32,9.461907712893236e-08,E3,mp-aaaddiml,2312,1060,9.5367431640625e-07,3.8202756691418926e-07,valid,pass,
0,0,rotation_2,,0.9999999999999989,torch.float32,7.964618875533347e-08,E3,mp-aaaddiml,2312,1060,9.5367431640625e-07,3.8152823744752595e-07,valid,pass,
0,0,reflection,,-1.0,torch.float32,1.6010270265098825e-07,E3,mp-aaaddiml,2312,1060,9.5367431640625e-07,4.3710072894498353e-07,valid,pass,
0,0,inversion,,-1.0,torch.float32,1.6010270265098825e-07,E3,mp-aaaddiml,2312,1060,9.5367431640625e-07,4.3710072894498353e-07,valid,pass,
0,0,improper_with_translation,,-1.0,torch.float32,9.461907712893236e-08,E3,mp-aaaddiml,2312,1060,9.5367431640625e-07,5.423642837065756e-07,valid,pass,
0,0,permutation,,,torch.float32,0.0,representation,mp-aaaddiml,2312,1060,0.0,0.0,valid,pass,
0,0,integer_images,,,torch.float32,0.0,representation,mp-aaaddiml,2312,1060,2.6226043701171875e-06,3.0994415283203125e-06,valid,pass,
0,0,basis_swap,,,torch.float32,7.25941657897522e-08,representation,mp-aaaddiml,2312,1060,9.5367431640625e-07,4.952789165457716e-07,valid,pass,
0,0,basis_shear,,,torch.float32,1.2334467991426123e-07,representation,mp-aaaddiml,2312,1060,9.5367431640625e-07,6.211034149217198e-07,valid,pass,
0,0,independent_reference,,,torch.float64,,enumeration,mp-aaaddiml,2312,1060,1.7763568394002505e-15,8.881784197001252e-16,valid,pass,
0,0,translation,,1.0,torch.float64,4.440892098500626e-16,E3,mp-aaaddiml,2312,1060,2.220446049250313e-15,2.220446049250313e-15,valid,pass,
0,0,rotation_1,,1.0,torch.float64,2.5947341812519246e-16,E3,mp-aaaddiml,2312,1060,4.440892098500626e-15,3.552713678800501e-15,valid,pass,
0,0,rotation_2,,0.9999999999999989,torch.float64,3.3306690738754696e-16,E3,mp-aaaddiml,2312,1060,4.440892098500626e-15,3.1086244689504383e-15,valid,pass,
0,0,reflection,,-1.0,torch.float64,4.440892098500626e-16,E3,mp-aaaddiml,2312,1060,2.220446049250313e-15,2.220446049250313e-15,valid,pass,
0,0,inversion,,-1.0,torch.float64,4.440892098500626e-16,E3,mp-aaaddiml,2312,1060,2.220446049250313e-15,2.220446049250313e-15,valid,pass,
0,0,improper_with_translation,,-1.0,torch.float64,2.5947341812519246e-16,E3,mp-aaaddiml,2312,1060,6.217248937900877e-15,5.329070518200751e-15,valid,pass,
0,0,permutation,,,torch.float64,0.0,representation,mp-aaaddiml,2312,1060,0.0,0.0,valid,pass,
0,0,integer_images,,,torch.float64,0.0,representation,mp-aaaddiml,2312,1060,0.0,0.0,valid,pass,
0,0,basis_swap,,,torch.float64,2.220446049250313e-16,representation,mp-aaaddiml,2312,1060,1.7763568394002505e-15,8.881784197001252e-16,valid,pass,
0,0,basis_shear,,,torch.float64,2.220446049250313e-16,representation,mp-aaaddiml,2312,1060,1.7763568394002505e-15,1.7763568394002505e-15,valid,pass,
0,0,float32_vs_float64,,,torch.float32,,precision,mp-aaaddiml,2312,1060,7.582123711102895e-07,7.832189237166887e-07,valid,pass,
