ablated_output_change,active_parameter_tensors,backward_seconds,baseline_l2_norm,both_blocks_active,boundary_extra,boundary_missing,case_id,category,center_degree,checked_tensors,cutoff_mode,degree_change_max,distance_A,dtype,edges_after,edges_before,expected_blindness,feature_atol,feature_rtol,finite_gradients,forward_plus_backward_seconds,forward_seconds,geometry_distance_error_A,geometry_seconds,geometry_status,geometry_vector_error_A,grad_forward_seconds,id,identity_control_error,inactive_parameter_tensors,index,max_abs_error,max_degree,max_normalized_error,max_scalar_output_change,n_atoms,n_edges,operation,original_B_output_change,parameters_unchanged,potential_angle_pairs,prior_process_peak_rss_MiB,process_peak_rss_MiB,radial_fields_bitwise_identical,reason,records_ratio,relative_l2_change,repetition,response_resolved,response_threshold,route,rss_sampled_peak_MiB,sample,seed,split,status
,,,13.534235000610352,,,,0,fixed_radial_angle,,,,,5.0,torch.float32,,,,,,,,,,,,,,,0.0,,,,,,1.1920928955078125e-06,,,,,,,,,True,,,6.553743059218827e-07,,True,1e-08,A,,,20261003,,pass
,,,13.068275451660156,,,,1,fixed_radial_angle,,,,,5.0,torch.float32,,,,,,,,,,,,,,,0.0,,,,,,1.2189149856567383e-05,,,,,,,,,True,,,6.309136155750717e-06,,True,1e-08,B,,,20261003,,pass
,,,13.068273544311523,,,,2,fixed_radial_angle,,,,,5.0,torch.float32,,,,,,,,,,,,,,,0.0,,,,,,1.1980533599853516e-05,,,,,,,,,True,,,6.481561079644501e-06,,True,1e-08,B+,,,20261003,,pass
,,,13.543197631835938,,,,3,fixed_radial_angle,,,,,5.9,torch.float32,,,,,,,,,,,,,,,0.0,,,,,,0.0,,,,,,,,,True,,,0.0,,False,1e-08,A,,,20261003,,pass
,,,13.066590309143066,,,,4,fixed_radial_angle,,,,,5.9,torch.float32,,,,,,,,,,,,,,,0.0,,,,,,0.0,,,,,,,,,True,,,0.0,,False,1e-08,B,,,20261003,,pass
,,,13.066590309143066,,,,5,fixed_radial_angle,,,,,5.9,torch.float32,,,,,,,,,,,,,,,0.0,,,,,,0.0,,,,,,,,,True,,,0.0,,False,1e-08,B+,,,20261003,,pass
,,,13.536856651306152,,,,6,equal_low_order_moments,12,,native,,5.85,torch.float32,,,False,,,,,,,,,,,,,,,,,,0.0,,,,,,,,,True,,,0.0,,False,1e-08,A,,,20261003,,pass
,,,13.065244674682617,,,,7,equal_low_order_moments,12,,native,,5.85,torch.float32,,,False,,,,,,,,,,,,,,,,,,0.0,,,,,,,,,True,,,0.0,,False,1e-08,B,,,20261003,,pass
,,,13.065244674682617,,,,8,equal_low_order_moments,12,,native,,5.85,torch.float32,,,False,,,,,,,,,,,,,,,,,,0.0,,,,,,,,,True,,,0.0,,False,1e-08,B+,,,20261003,,pass
0.0,,,,,,,9,high_order_ablation,,4,native,,,torch.float32,,,,2e-05,2e-05,,,,,,,,,,,,,0.0,,0.0,,,,,0.0,,,,,,,,,,,,B+,,,20261003,,pass
,,,13.18738842010498,,,,10,equal_low_order_moments,12,,one_ablation,,5.85,torch.float32,,,False,,,,,,,,,,,,,,,,,,2.5667250156402588e-05,,,,,,,,,True,,,1.5668016105655356e-05,,True,1e-08,A,,,20261003,,pass
,,,13.00545597076416,,,,11,equal_low_order_moments,12,,one_ablation,,5.85,torch.float32,,,True,,,,,,,,,,,,,,,,,,2.682209014892578e-07,,,,,,,,,True,,,1.5323145952064183e-07,,True,1e-08,B,,,20261003,,pass
,,,13.00677490234375,,,,12,equal_low_order_moments,12,,one_ablation,,5.85,torch.float32,,,False,,,,,,,,,,,,,,,,,,0.00016148388385772705,,,,,,,,,True,,,7.872294779517013e-05,,True,1e-08,B+,,,20261003,,pass
2.682209014892578e-07,,,,,,,13,high_order_ablation,,4,one_ablation,,,torch.float32,,,,2e-05,2e-05,,,,,,,,,,,,,0.0,,0.0,,,,,2.682209014892578e-07,,,,,,,,,,,,B+,,,20261003,,pass
,,,13.534235785599384,,,,14,fixed_radial_angle,,,,,5.0,torch.float64,,,,,,,,,,,,,,,0.0,,,,,,1.0056792014712101e-06,,,,,,,,,True,,,6.175533953012467e-07,,True,1e-10,A,,,20261003,,pass
,,,13.068275562394424,,,,15,fixed_radial_angle,,,,,5.0,torch.float64,,,,,,,,,,,,,,,0.0,,,,,,1.232194456524116e-05,,,,,,,,,True,,,6.284300195574234e-06,,True,1e-10,B,,,20261003,,pass
,,,13.068273861614596,,,,16,fixed_radial_angle,,,,,5.0,torch.float64,,,,,,,,,,,,,,,0.0,,,,,,1.195765765338308e-05,,,,,,,,,True,,,6.457795226072897e-06,,True,1e-10,B+,,,20261003,,pass
,,,13.54319880255247,,,,17,fixed_radial_angle,,,,,5.9,torch.float64,,,,,,,,,,,,,,,0.0,,,,,,1.659339332604759e-12,,,,,,,,,True,,,1.0086639582900581e-12,,False,1e-10,A,,,20261003,,pass
,,,13.066589034185263,,,,18,fixed_radial_angle,,,,,5.9,torch.float64,,,,,,,,,,,,,,,0.0,,,,,,1.9448442856173642e-11,,,,,,,,,True,,,9.868683076040513e-12,,False,1e-10,B,,,20261003,,pass
,,,13.066589034181128,,,,19,fixed_radial_angle,,,,,5.9,torch.float64,,,,,,,,,,,,,,,0.0,,,,,,1.921485193179251e-11,,,,,,,,,True,,,1.033277615288903e-11,,False,1e-10,B+,,,20261003,,pass
,,,13.536857146301957,,,,20,equal_low_order_moments,12,,native,,5.85,torch.float64,,,False,,,,,,,,,,,,,,,,,,8.054112932143198e-13,,,,,,,,,True,,,4.059669753740796e-13,,False,1e-10,A,,,20261003,,pass
,,,13.065243869829512,,,,21,equal_low_order_moments,12,,native,,5.85,torch.float64,,,False,,,,,,,,,,,,,,,,,,0.0,,,,,,,,,True,,,0.0,,False,1e-10,B,,,20261003,,pass
,,,13.06524386984487,,,,22,equal_low_order_moments,12,,native,,5.85,torch.float64,,,False,,,,,,,,,,,,,,,,,,1.924405079734015e-12,,,,,,,,,True,,,9.42603472438692e-13,,False,1e-10,B+,,,20261003,,pass
0.0,,,,,,,23,high_order_ablation,,4,native,,,torch.float64,,,,2e-10,2e-10,,,,,,,,,,,,,0.0,,0.0,,,,,0.0,,,,,,,,,,,,B+,,,20261003,,pass
,,,13.187388902383416,,,,24,equal_low_order_moments,12,,one_ablation,,5.85,torch.float64,,,False,,,,,,,,,,,,,,,,,,2.561908640218158e-05,,,,,,,,,True,,,1.5682589643902752e-05,,True,1e-10,A,,,20261003,,pass
,,,13.005456232186585,,,,25,equal_low_order_moments,12,,one_ablation,,5.85,torch.float64,,,True,,,,,,,,,,,,,,,,,,5.551115123125783e-16,,,,,,,,,True,,,2.7146582479137815e-16,,False,1e-10,B,,,20261003,,pass
,,,13.006774922007258,,,,26,equal_low_order_moments,12,,one_ablation,,5.85,torch.float64,,,False,,,,,,,,,,,,,,,,,,0.0001615037551727927,,,,,,,,,True,,,7.869873322199332e-05,,True,1e-10,B+,,,20261003,,pass
5.551115123125783e-16,,,,,,,27,high_order_ablation,,4,one_ablation,,,torch.float64,,,,2e-10,2e-10,,,,,,,,,,,,,0.0,,0.0,,,,,5.551115123125783e-16,,,,,,,,,,,,B+,,,20261003,,pass
,,,12.896403312683105,,,,28,fixed_radial_angle,,,,,5.0,torch.float32,,,,,,,,,,,,,,,0.0,,,,,,1.0132789611816406e-06,,,,,,,,,True,,,5.951649174690908e-07,,True,1e-08,A,,,42,,pass
,,,13.231074333190918,,,,29,fixed_radial_angle,,,,,5.0,torch.float32,,,,,,,,,,,,,,,0.0,,,,,,3.4570693969726562e-06,,,,,,,,,True,,,1.7136716865263158e-06,,True,1e-08,B,,,42,,pass
,,,13.231077194213867,,,,30,fixed_radial_angle,,,,,5.0,torch.float32,,,,,,,,,,,,,,,0.0,,,,,,4.827976226806641e-06,,,,,,,,,True,,,2.356932110565335e-06,,True,1e-08,B+,,,42,,pass
,,,12.89760971069336,,,,31,fixed_radial_angle,,,,,5.9,torch.float32,,,,,,,,,,,,,,,0.0,,,,,,0.0,,,,,,,,,True,,,0.0,,False,1e-08,A,,,42,,pass
,,,13.223434448242188,,,,32,fixed_radial_angle,,,,,5.9,torch.float32,,,,,,,,,,,,,,,0.0,,,,,,0.0,,,,,,,,,True,,,0.0,,False,1e-08,B,,,42,,pass
,,,13.223434448242188,,,,33,fixed_radial_angle,,,,,5.9,torch.float32,,,,,,,,,,,,,,,0.0,,,,,,0.0,,,,,,,,,True,,,0.0,,False,1e-08,B+,,,42,,pass
,,,12.91263198852539,,,,34,equal_low_order_moments,12,,native,,5.85,torch.float32,,,False,,,,,,,,,,,,,,,,,,0.0,,,,,,,,,True,,,0.0,,False,1e-08,A,,,42,,pass
,,,13.2096529006958,,,,35,equal_low_order_moments,12,,native,,5.85,torch.float32,,,False,,,,,,,,,,,,,,,,,,0.0,,,,,,,,,True,,,0.0,,False,1e-08,B,,,42,,pass
,,,13.2096529006958,,,,36,equal_low_order_moments,12,,native,,5.85,torch.float32,,,False,,,,,,,,,,,,,,,,,,0.0,,,,,,,,,True,,,0.0,,False,1e-08,B+,,,42,,pass
0.0,,,,,,,37,high_order_ablation,,4,native,,,torch.float32,,,,2e-05,2e-05,,,,,,,,,,,,,0.0,,0.0,,,,,0.0,,,,,,,,,,,,B+,,,42,,pass
,,,13.138151168823242,,,,38,equal_low_order_moments,12,,one_ablation,,5.85,torch.float32,,,False,,,,,,,,,,,,,,,,,,3.5643577575683594e-05,,,,,,,,,True,,,1.7623408204932615e-05,,True,1e-08,A,,,42,,pass
,,,13.075115203857422,,,,39,equal_low_order_moments,12,,one_ablation,,5.85,torch.float32,,,True,,,,,,,,,,,,,,,,,,3.5762786865234375e-07,,,,,,,,,True,,,1.7126491657657377e-07,,True,1e-08,B,,,42,,pass
,,,13.075047492980957,,,,40,equal_low_order_moments,12,,one_ablation,,5.85,torch.float32,,,False,,,,,,,,,,,,,,,,,,0.00011205673217773438,,,,,,,,,True,,,5.841070589058279e-05,,True,1e-08,B+,,,42,,pass
3.5762786865234375e-07,,,,,,,41,high_order_ablation,,4,one_ablation,,,torch.float32,,,,2e-05,2e-05,,,,,,,,,,,,,0.0,,0.0,,,,,3.5762786865234375e-07,,,,,,,,,,,,B+,,,42,,pass
,,,12.896403747718255,,,,42,fixed_radial_angle,,,,,5.0,torch.float64,,,,,,,,,,,,,,,0.0,,,,,,1.015051573682868e-06,,,,,,,,,True,,,5.654825835352462e-07,,True,1e-10,A,,,42,,pass
,,,13.231075184430109,,,,43,fixed_radial_angle,,,,,5.0,torch.float64,,,,,,,,,,,,,,,0.0,,,,,,3.3126979470665674e-06,,,,,,,,,True,,,1.687846584266559e-06,,True,1e-10,B,,,42,,pass
,,,13.231077633766269,,,,44,fixed_radial_angle,,,,,5.0,torch.float64,,,,,,,,,,,,,,,0.0,,,,,,4.982584438262272e-06,,,,,,,,,True,,,2.353009305421776e-06,,True,1e-10,B+,,,42,,pass
,,,12.897609309868551,,,,45,fixed_radial_angle,,,,,5.9,torch.float64,,,,,,,,,,,,,,,0.0,,,,,,1.5061285552064874e-12,,,,,,,,,True,,,8.975704842464561e-13,,False,1e-10,A,,,42,,pass
,,,13.223433901695927,,,,46,fixed_radial_angle,,,,,5.9,torch.float64,,,,,,,,,,,,,,,0.0,,,,,,5.432099214885966e-12,,,,,,,,,True,,,2.685065156657214e-12,,False,1e-10,B,,,42,,pass
,,,13.223433901701217,,,,47,fixed_radial_angle,,,,,5.9,torch.float64,,,,,,,,,,,,,,,0.0,,,,,,7.816525204873415e-12,,,,,,,,,True,,,3.791919038599447e-12,,False,1e-10,B+,,,42,,pass
,,,12.91263014162509,,,,48,equal_low_order_moments,12,,native,,5.85,torch.float64,,,False,,,,,,,,,,,,,,,,,,7.084333120133124e-13,,,,,,,,,True,,,3.9448028372551773e-13,,False,1e-10,A,,,42,,pass
,,,13.209653795159774,,,,49,equal_low_order_moments,12,,native,,5.85,torch.float64,,,False,,,,,,,,,,,,,,,,,,0.0,,,,,,,,,True,,,0.0,,False,1e-10,B,,,42,,pass
,,,13.20965379515772,,,,50,equal_low_order_moments,12,,native,,5.85,torch.float64,,,False,,,,,,,,,,,,,,,,,,2.6368907057872093e-12,,,,,,,,,True,,,1.5290589547337462e-12,,False,1e-10,B+,,,42,,pass
0.0,,,,,,,51,high_order_ablation,,4,native,,,torch.float64,,,,2e-10,2e-10,,,,,,,,,,,,,0.0,,0.0,,,,,0.0,,,,,,,,,,,,B+,,,42,,pass
,,,13.138151404682365,,,,52,equal_low_order_moments,12,,one_ablation,,5.85,torch.float64,,,False,,,,,,,,,,,,,,,,,,3.5766766860345633e-05,,,,,,,,,True,,,1.7600407825093646e-05,,True,1e-10,A,,,42,,pass
,,,13.075114711981664,,,,53,equal_low_order_moments,12,,one_ablation,,5.85,torch.float64,,,True,,,,,,,,,,,,,,,,,,6.661338147750939e-16,,,,,,,,,True,,,3.1739358059353255e-16,,False,1e-10,B,,,42,,pass
,,,13.075048968481795,,,,54,equal_low_order_moments,12,,one_ablation,,5.85,torch.float64,,,False,,,,,,,,,,,,,,,,,,0.0001119630035826269,,,,,,,,,True,,,5.845067100087393e-05,,True,1e-10,B+,,,42,,pass
6.661338147750939e-16,,,,,,,55,high_order_ablation,,4,one_ablation,,,torch.float64,,,,2e-10,2e-10,,,,,,,,,,,,,0.0,,0.0,,,,,6.661338147750939e-16,,,,,,,,,,,,B+,,,42,,pass
,,,13.053202629089355,,,,56,fixed_radial_angle,,,,,5.0,torch.float32,,,,,,,,,,,,,,,0.0,,,,,,1.0132789611816406e-06,,,,,,,,,True,,,6.017649035974093e-07,,True,1e-08,A,,,7,,pass
,,,13.287797927856445,,,,57,fixed_radial_angle,,,,,5.0,torch.float32,,,,,,,,,,,,,,,0.0,,,,,,9.5367431640625e-07,,,,,,,,,True,,,4.640408632193265e-07,,True,1e-08,B,,,7,,pass
,,,13.287785530090332,,,,58,fixed_radial_angle,,,,,5.0,torch.float32,,,,,,,,,,,,,,,0.0,,,,,,4.76837158203125e-06,,,,,,,,,True,,,2.1638658702351675e-06,,True,1e-08,B+,,,7,,pass
,,,13.053170204162598,,,,59,fixed_radial_angle,,,,,5.9,torch.float32,,,,,,,,,,,,,,,0.0,,,,,,0.0,,,,,,,,,True,,,0.0,,False,1e-08,A,,,7,,pass
,,,13.297968864440918,,,,60,fixed_radial_angle,,,,,5.9,torch.float32,,,,,,,,,,,,,,,0.0,,,,,,0.0,,,,,,,,,True,,,0.0,,False,1e-08,B,,,7,,pass
,,,13.297968864440918,,,,61,fixed_radial_angle,,,,,5.9,torch.float32,,,,,,,,,,,,,,,0.0,,,,,,0.0,,,,,,,,,True,,,0.0,,False,1e-08,B+,,,7,,pass
,,,13.060606002807617,,,,62,equal_low_order_moments,12,,native,,5.85,torch.float32,,,False,,,,,,,,,,,,,,,,,,0.0,,,,,,,,,True,,,0.0,,False,1e-08,A,,,7,,pass
,,,13.320221900939941,,,,63,equal_low_order_moments,12,,native,,5.85,torch.float32,,,False,,,,,,,,,,,,,,,,,,0.0,,,,,,,,,True,,,0.0,,False,1e-08,B,,,7,,pass
,,,13.320221900939941,,,,64,equal_low_order_moments,12,,native,,5.85,torch.float32,,,False,,,,,,,,,,,,,,,,,,0.0,,,,,,,,,True,,,0.0,,False,1e-08,B+,,,7,,pass
0.0,,,,,,,65,high_order_ablation,,4,native,,,torch.float32,,,,2e-05,2e-05,,,,,,,,,,,,,0.0,,0.0,,,,,0.0,,,,,,,,,,,,B+,,,7,,pass
,,,13.12520980834961,,,,66,equal_low_order_moments,12,,one_ablation,,5.85,torch.float32,,,False,,,,,,,,,,,,,,,,,,3.293156623840332e-05,,,,,,,,,True,,,1.5104338334760491e-05,,True,1e-08,A,,,7,,pass
,,,12.910079002380371,,,,67,equal_low_order_moments,12,,one_ablation,,5.85,torch.float32,,,True,,,,,,,,,,,,,,,,,,2.384185791015625e-07,,,,,,,,,True,,,1.1547786556133478e-07,,True,1e-08,B,,,7,,pass
,,,12.91256332397461,,,,68,equal_low_order_moments,12,,one_ablation,,5.85,torch.float32,,,False,,,,,,,,,,,,,,,,,,9.769201278686523e-05,,,,,,,,,True,,,5.803439193005951e-05,,True,1e-08,B+,,,7,,pass
2.384185791015625e-07,,,,,,,69,high_order_ablation,,4,one_ablation,,,torch.float32,,,,2e-05,2e-05,,,,,,,,,,,,,0.0,,0.0,,,,,2.384185791015625e-07,,,,,,,,,,,,B+,,,7,,pass
,,,13.053203559364613,,,,70,fixed_radial_angle,,,,,5.0,torch.float64,,,,,,,,,,,,,,,0.0,,,,,,1.0209637839597718e-06,,,,,,,,,True,,,5.746555403915762e-07,,True,1e-10,A,,,7,,pass
,,,13.287796499212815,,,,71,fixed_radial_angle,,,,,5.0,torch.float64,,,,,,,,,,,,,,,0.0,,,,,,7.333862384606427e-07,,,,,,,,,True,,,4.116290554962713e-07,,True,1e-10,B,,,7,,pass
,,,13.287786848180074,,,,72,fixed_radial_angle,,,,,5.0,torch.float64,,,,,,,,,,,,,,,0.0,,,,,,4.340767686628055e-06,,,,,,,,,True,,,2.1337343225004074e-06,,True,1e-10,B+,,,7,,pass
,,,13.05317136645836,,,,73,fixed_radial_angle,,,,,5.9,torch.float64,,,,,,,,,,,,,,,0.0,,,,,,1.6023848914414884e-12,,,,,,,,,True,,,9.336803523647962e-13,,False,1e-10,A,,,7,,pass
,,,13.29796932491064,,,,74,fixed_radial_angle,,,,,5.9,torch.float64,,,,,,,,,,,,,,,0.0,,,,,,1.2077561173384765e-12,,,,,,,,,True,,,6.806501177553616e-13,,False,1e-10,B,,,7,,pass
,,,13.297969324896547,,,,75,fixed_radial_angle,,,,,5.9,torch.float64,,,,,,,,,,,,,,,0.0,,,,,,6.013411990579698e-12,,,,,,,,,True,,,3.1702577615840156e-12,,False,1e-10,B+,,,7,,pass
,,,13.060607178398293,,,,76,equal_low_order_moments,12,,native,,5.85,torch.float64,,,False,,,,,,,,,,,,,,,,,,7.58948459633757e-13,,,,,,,,,True,,,4.059586005911187e-13,,False,1e-10,A,,,7,,pass
,,,13.32022199510471,,,,77,equal_low_order_moments,12,,native,,5.85,torch.float64,,,False,,,,,,,,,,,,,,,,,,0.0,,,,,,,,,True,,,0.0,,False,1e-10,B,,,7,,pass
,,,13.320221995131659,,,,78,equal_low_order_moments,12,,native,,5.85,torch.float64,,,False,,,,,,,,,,,,,,,,,,2.9174440641099864e-12,,,,,,,,,True,,,1.6427404643277422e-12,,False,1e-10,B+,,,7,,pass
0.0,,,,,,,79,high_order_ablation,,4,native,,,torch.float64,,,,2e-10,2e-10,,,,,,,,,,,,,0.0,,0.0,,,,,0.0,,,,,,,,,,,,B+,,,7,,pass
,,,13.125209936882829,,,,80,equal_low_order_moments,12,,one_ablation,,5.85,torch.float64,,,False,,,,,,,,,,,,,,,,,,3.274863227586966e-05,,,,,,,,,True,,,1.509645808860512e-05,,True,1e-10,A,,,7,,pass
,,,12.910078011538143,,,,81,equal_low_order_moments,12,,one_ablation,,5.85,torch.float64,,,True,,,,,,,,,,,,,,,,,,0.0,,,,,,,,,True,,,0.0,,False,1e-10,B,,,7,,pass
,,,12.912564465117317,,,,82,equal_low_order_moments,12,,one_ablation,,5.85,torch.float64,,,False,,,,,,,,,,,,,,,,,,9.771732117425103e-05,,,,,,,,,True,,,5.809361493903813e-05,,True,1e-10,B+,,,7,,pass
0.0,,,,,,,83,high_order_ablation,,4,one_ablation,,,torch.float64,,,,2e-10,2e-10,,,,,,,,,,,,,0.0,,0.0,,,,,0.0,,,,,,,,,,,,B+,,,7,,pass
,,,13.520500183105469,,,,84,fixed_radial_angle,,,,,5.0,torch.float32,,,,,,,,,,,,,,,0.0,,,,,,8.791685104370117e-07,,,,,,,,,True,,,5.403708832687246e-07,,True,1e-08,A,,,1234,,pass
,,,13.516451835632324,,,,85,fixed_radial_angle,,,,,5.0,torch.float32,,,,,,,,,,,,,,,0.0,,,,,,2.396106719970703e-05,,,,,,,,,True,,,1.2099040398717732e-05,,True,1e-08,B,,,1234,,pass
,,,13.51645278930664,,,,86,fixed_radial_angle,,,,,5.0,torch.float32,,,,,,,,,,,,,,,0.0,,,,,,2.3663043975830078e-05,,,,,,,,,True,,,1.2217638633624528e-05,,True,1e-08,B+,,,1234,,pass
,,,13.518178939819336,,,,87,fixed_radial_angle,,,,,5.9,torch.float32,,,,,,,,,,,,,,,0.0,,,,,,0.0,,,,,,,,,True,,,0.0,,False,1e-08,A,,,1234,,pass
,,,13.502917289733887,,,,88,fixed_radial_angle,,,,,5.9,torch.float32,,,,,,,,,,,,,,,0.0,,,,,,0.0,,,,,,,,,True,,,0.0,,False,1e-08,B,,,1234,,pass
,,,13.502917289733887,,,,89,fixed_radial_angle,,,,,5.9,torch.float32,,,,,,,,,,,,,,,0.0,,,,,,0.0,,,,,,,,,True,,,0.0,,False,1e-08,B+,,,1234,,pass
,,,13.523605346679688,,,,90,equal_low_order_moments,12,,native,,5.85,torch.float32,,,False,,,,,,,,,,,,,,,,,,0.0,,,,,,,,,True,,,0.0,,False,1e-08,A,,,1234,,pass
,,,13.496954917907715,,,,91,equal_low_order_moments,12,,native,,5.85,torch.float32,,,False,,,,,,,,,,,,,,,,,,0.0,,,,,,,,,True,,,0.0,,False,1e-08,B,,,1234,,pass
,,,13.496954917907715,,,,92,equal_low_order_moments,12,,native,,5.85,torch.float32,,,False,,,,,,,,,,,,,,,,,,0.0,,,,,,,,,True,,,0.0,,False,1e-08,B+,,,1234,,pass
0.0,,,,,,,93,high_order_ablation,,4,native,,,torch.float32,,,,2e-05,2e-05,,,,,,,,,,,,,0.0,,0.0,,,,,0.0,,,,,,,,,,,,B+,,,1234,,pass
,,,13.485825538635254,,,,94,equal_low_order_moments,12,,one_ablation,,5.85,torch.float32,,,False,,,,,,,,,,,,,,,,,,2.7894973754882812e-05,,,,,,,,,True,,,1.5530684422637816e-05,,True,1e-08,A,,,1234,,pass
,,,13.685591697692871,,,,95,equal_low_order_moments,12,,one_ablation,,5.85,torch.float32,,,True,,,,,,,,,,,,,,,,,,3.5762786865234375e-07,,,,,,,,,True,,,1.7631638360956415e-07,,True,1e-08,B,,,1234,,pass
,,,13.685187339782715,,,,96,equal_low_order_moments,12,,one_ablation,,5.85,torch.float32,,,False,,,,,,,,,,,,,,,,,,8.847564458847046e-05,,,,,,,,,True,,,4.415775168901397e-05,,True,1e-08,B+,,,1234,,pass
3.5762786865234375e-07,,,,,,,97,high_order_ablation,,4,one_ablation,,,torch.float32,,,,2e-05,2e-05,,,,,,,,,,,,,0.0,,0.0,,,,,3.5762786865234375e-07,,,,,,,,,,,,B+,,,1234,,pass
,,,13.520500385639497,,,,98,fixed_radial_angle,,,,,5.0,torch.float64,,,,,,,,,,,,,,,0.0,,,,,,8.434722715000564e-07,,,,,,,,,True,,,4.698288408906844e-07,,True,1e-10,A,,,1234,,pass
,,,13.51645154361663,,,,99,fixed_radial_angle,,,,,5.0,torch.float64,,,,,,,,,,,,,,,0.0,,,,,,2.400748825626131e-05,,,,,,,,,True,,,1.2105928275791277e-05,,True,1e-10,B,,,1234,,pass
,,,13.516453190733037,,,,100,fixed_radial_angle,,,,,5.0,torch.float64,,,,,,,,,,,,,,,0.0,,,,,,2.3794131635446192e-05,,,,,,,,,True,,,1.219457620361974e-05,,True,1e-10,B+,,,1234,,pass
,,,13.518178226659314,,,,101,fixed_radial_angle,,,,,5.9,torch.float64,,,,,,,,,,,,,,,0.0,,,,,,1.3338774529358943e-12,,,,,,,,,True,,,7.7417382875039e-13,,False,1e-10,A,,,1234,,pass
,,,13.502916914231315,,,,102,fixed_radial_angle,,,,,5.9,torch.float64,,,,,,,,,,,,,,,0.0,,,,,,4.909705975109091e-11,,,,,,,,,True,,,2.38581186187149e-11,,False,1e-10,B,,,1234,,pass
,,,13.502916914231962,,,,103,fixed_radial_angle,,,,,5.9,torch.float64,,,,,,,,,,,,,,,0.0,,,,,,4.855649216040092e-11,,,,,,,,,True,,,2.392134543037532e-11,,False,1e-10,B+,,,1234,,pass
,,,13.523605540680933,,,,104,equal_low_order_moments,12,,native,,5.85,torch.float64,,,False,,,,,,,,,,,,,,,,,,5.796196855811786e-13,,,,,,,,,True,,,3.222400294520858e-13,,False,1e-10,A,,,1234,,pass
,,,13.49695566062237,,,,105,equal_low_order_moments,12,,native,,5.85,torch.float64,,,False,,,,,,,,,,,,,,,,,,0.0,,,,,,,,,True,,,0.0,,False,1e-10,B,,,1234,,pass
,,,13.496955660601559,,,,106,equal_low_order_moments,12,,native,,5.85,torch.float64,,,False,,,,,,,,,,,,,,,,,,1.3292492107019882e-12,,,,,,,,,True,,,7.238132913564399e-13,,False,1e-10,B+,,,1234,,pass
0.0,,,,,,,107,high_order_ablation,,4,native,,,torch.float64,,,,2e-10,2e-10,,,,,,,,,,,,,0.0,,0.0,,,,,0.0,,,,,,,,,,,,B+,,,1234,,pass
,,,13.485825889062346,,,,108,equal_low_order_moments,12,,one_ablation,,5.85,torch.float64,,,False,,,,,,,,,,,,,,,,,,2.818496433032447e-05,,,,,,,,,True,,,1.554745517468173e-05,,True,1e-10,A,,,1234,,pass
,,,13.685592262256645,,,,109,equal_low_order_moments,12,,one_ablation,,5.85,torch.float64,,,True,,,,,,,,,,,,,,,,,,6.661338147750939e-16,,,,,,,,,True,,,3.0662605712851695e-16,,False,1e-10,B,,,1234,,pass
,,,13.68518759856108,,,,110,equal_low_order_moments,12,,one_ablation,,5.85,torch.float64,,,False,,,,,,,,,,,,,,,,,,8.844065289280445e-05,,,,,,,,,True,,,4.41507589803205e-05,,True,1e-10,B+,,,1234,,pass
6.661338147750939e-16,,,,,,,111,high_order_ablation,,4,one_ablation,,,torch.float64,,,,2e-10,2e-10,,,,,,,,,,,,,0.0,,0.0,,,,,6.661338147750939e-16,,,,,,,,,,,,B+,,,1234,,pass
,,,12.920210838317871,,,,112,fixed_radial_angle,,,,,5.0,torch.float32,,,,,,,,,,,,,,,0.0,,,,,,1.2069940567016602e-06,,,,,,,,,True,,,6.179935360105918e-07,,True,1e-08,A,,,314159,,pass
,,,13.429974555969238,,,,113,fixed_radial_angle,,,,,5.0,torch.float32,,,,,,,,,,,,,,,0.0,,,,,,1.7285346984863281e-06,,,,,,,,,True,,,7.494989379834295e-07,,True,1e-08,B,,,314159,,pass
,,,13.429970741271973,,,,114,fixed_radial_angle,,,,,5.0,torch.float32,,,,,,,,,,,,,,,0.0,,,,,,5.245208740234375e-06,,,,,,,,,True,,,2.4655004492209204e-06,,True,1e-08,B+,,,314159,,pass
,,,12.911079406738281,,,,115,fixed_radial_angle,,,,,5.9,torch.float32,,,,,,,,,,,,,,,0.0,,,,,,0.0,,,,,,,,,True,,,0.0,,False,1e-08,A,,,314159,,pass
,,,13.442878723144531,,,,116,fixed_radial_angle,,,,,5.9,torch.float32,,,,,,,,,,,,,,,0.0,,,,,,0.0,,,,,,,,,True,,,0.0,,False,1e-08,B,,,314159,,pass
,,,13.442878723144531,,,,117,fixed_radial_angle,,,,,5.9,torch.float32,,,,,,,,,,,,,,,0.0,,,,,,0.0,,,,,,,,,True,,,0.0,,False,1e-08,B+,,,314159,,pass
,,,12.880552291870117,,,,118,equal_low_order_moments,12,,native,,5.85,torch.float32,,,False,,,,,,,,,,,,,,,,,,0.0,,,,,,,,,True,,,0.0,,False,1e-08,A,,,314159,,pass
,,,13.462798118591309,,,,119,equal_low_order_moments,12,,native,,5.85,torch.float32,,,False,,,,,,,,,,,,,,,,,,0.0,,,,,,,,,True,,,0.0,,False,1e-08,B,,,314159,,pass
,,,13.462798118591309,,,,120,equal_low_order_moments,12,,native,,5.85,torch.float32,,,False,,,,,,,,,,,,,,,,,,0.0,,,,,,,,,True,,,0.0,,False,1e-08,B+,,,314159,,pass
0.0,,,,,,,121,high_order_ablation,,4,native,,,torch.float32,,,,2e-05,2e-05,,,,,,,,,,,,,0.0,,0.0,,,,,0.0,,,,,,,,,,,,B+,,,314159,,pass
,,,13.112442016601562,,,,122,equal_low_order_moments,12,,one_ablation,,5.85,torch.float32,,,False,,,,,,,,,,,,,,,,,,2.4531036615371704e-05,,,,,,,,,True,,,1.3785284187333293e-05,,True,1e-08,A,,,314159,,pass
,,,12.881452560424805,,,,123,equal_low_order_moments,12,,one_ablation,,5.85,torch.float32,,,True,,,,,,,,,,,,,,,,,,2.8312206268310547e-07,,,,,,,,,True,,,1.5354187899235777e-07,,True,1e-08,B,,,314159,,pass
,,,12.882390022277832,,,,124,equal_low_order_moments,12,,one_ablation,,5.85,torch.float32,,,False,,,,,,,,,,,,,,,,,,0.00016765296459197998,,,,,,,,,True,,,9.046628978369286e-05,,True,1e-08,B+,,,314159,,pass
2.8312206268310547e-07,,,,,,,125,high_order_ablation,,4,one_ablation,,,torch.float32,,,,2e-05,2e-05,,,,,,,,,,,,,0.0,,0.0,,,,,2.8312206268310547e-07,,,,,,,,,,,,B+,,,314159,,pass
,,,12.920211324141889,,,,126,fixed_radial_angle,,,,,5.0,torch.float64,,,,,,,,,,,,,,,0.0,,,,,,1.2182250992143207e-06,,,,,,,,,True,,,5.694013666657601e-07,,True,1e-10,A,,,314159,,pass
,,,13.429973804232564,,,,127,fixed_radial_angle,,,,,5.0,torch.float64,,,,,,,,,,,,,,,0.0,,,,,,1.46168443626582e-06,,,,,,,,,True,,,6.970190139980098e-07,,True,1e-10,B,,,314159,,pass
,,,13.429970354518257,,,,128,fixed_radial_angle,,,,,5.0,torch.float64,,,,,,,,,,,,,,,0.0,,,,,,5.389695290625163e-06,,,,,,,,,True,,,2.45108395138529e-06,,True,1e-10,B+,,,314159,,pass
,,,12.911080378859563,,,,129,fixed_radial_angle,,,,,5.9,torch.float64,,,,,,,,,,,,,,,0.0,,,,,,1.9435147935453756e-12,,,,,,,,,True,,,9.368236287584103e-13,,False,1e-10,A,,,314159,,pass
,,,13.442878419035708,,,,130,fixed_radial_angle,,,,,5.9,torch.float64,,,,,,,,,,,,,,,0.0,,,,,,2.862710068995966e-12,,,,,,,,,True,,,1.3292455377049684e-12,,False,1e-10,B,,,314159,,pass
,,,13.442878419028318,,,,131,fixed_radial_angle,,,,,5.9,torch.float64,,,,,,,,,,,,,,,0.0,,,,,,8.890221891988404e-12,,,,,,,,,True,,,4.200909591638153e-12,,False,1e-10,B+,,,314159,,pass
,,,12.880552397659091,,,,132,equal_low_order_moments,12,,native,,5.85,torch.float64,,,False,,,,,,,,,,,,,,,,,,6.883382752675971e-13,,,,,,,,,True,,,3.805573104067176e-13,,False,1e-10,A,,,314159,,pass
,,,13.462797303457597,,,,133,equal_low_order_moments,12,,native,,5.85,torch.float64,,,False,,,,,,,,,,,,,,,,,,0.0,,,,,,,,,True,,,0.0,,False,1e-10,B,,,314159,,pass
,,,13.462797303391294,,,,134,equal_low_order_moments,12,,native,,5.85,torch.float64,,,False,,,,,,,,,,,,,,,,,,4.204192549650543e-12,,,,,,,,,True,,,2.2226968709532317e-12,,False,1e-10,B+,,,314159,,pass
0.0,,,,,,,135,high_order_ablation,,4,native,,,torch.float64,,,,2e-10,2e-10,,,,,,,,,,,,,0.0,,0.0,,,,,0.0,,,,,,,,,,,,B+,,,314159,,pass
,,,13.112441775317004,,,,136,equal_low_order_moments,12,,one_ablation,,5.85,torch.float64,,,False,,,,,,,,,,,,,,,,,,2.474718167812945e-05,,,,,,,,,True,,,1.3810122321623194e-05,,True,1e-10,A,,,314159,,pass
,,,12.88145225014106,,,,137,equal_low_order_moments,12,,one_ablation,,5.85,torch.float64,,,True,,,,,,,,,,,,,,,,,,4.440892098500626e-16,,,,,,,,,True,,,2.2473216728985866e-16,,False,1e-10,B,,,314159,,pass
,,,12.882389337338857,,,,138,equal_low_order_moments,12,,one_ablation,,5.85,torch.float64,,,False,,,,,,,,,,,,,,,,,,0.0001679018585576536,,,,,,,,,True,,,9.043438460019434e-05,,True,1e-10,B+,,,314159,,pass
4.440892098500626e-16,,,,,,,139,high_order_ablation,,4,one_ablation,,,torch.float64,,,,2e-10,2e-10,,,,,,,,,,,,,0.0,,0.0,,,,,4.440892098500626e-16,,,,,,,,,,,,B+,,,314159,,pass
,,,,,,,140,synthetic_boundary,,,,,,torch.float32,,,,,,,,,,,,,,,,,,,,,,,,,,,,,,,,,,,,,A,,cubic_self_images,,,pass
,,,,,,,141,synthetic_boundary,,,,,,torch.float32,,,,,,,,,,,,,,,,,,,,,,,,,,,,,,,,,,,,,B,,cubic_self_images,,,pass
,,,,,,,142,synthetic_boundary,,,,,,torch.float32,,,,,,,,,,,,,,,,,,,,,,,,,,,,,,,,,,,,,B+,,cubic_self_images,,,pass
,,,,,,,143,e3_direct,,4,,,,torch.float32,,,,2e-05,2e-05,,,,,,,,,,,,,2.384185791015625e-07,,0.005831375252455473,,,,rotation_1,,,,,,,,,,,,,A,,cubic_self_images,,,pass
,,,,,,,144,e3_direct,,4,,,,torch.float32,,,,2e-05,2e-05,,,,,,,,,,,,,6.131087637584187e-09,,0.000306554400594905,,,,rotation_1,,,,,,,,,,,,,B,,cubic_self_images,,,pass
,,,,,,,145,e3_direct,,4,,,,torch.float32,,,,2e-05,2e-05,,,,,,,,,,,,,9.086723373741279e-09,,0.0004543361719697714,,,,rotation_1,,,,,,,,,,,,,B+,,cubic_self_images,,,pass
,,,,,,,146,e3_direct,,4,,,,torch.float32,,,,2e-05,2e-05,,,,,,,,,,,,,4.76837158203125e-07,,0.009037607349455357,,,,rotation_2,,,,,,,,,,,,,A,,cubic_self_images,,,pass
,,,,,,,147,e3_direct,,4,,,,torch.float32,,,,2e-05,2e-05,,,,,,,,,,,,,6.444692335350055e-09,,0.0003222346131224185,,,,rotation_2,,,,,,,,,,,,,B,,cubic_self_images,,,pass
,,,,,,,148,e3_direct,,4,,,,torch.float32,,,,2e-05,2e-05,,,,,,,,,,,,,7.2470545120495444e-09,,0.0003623527300078422,,,,rotation_2,,,,,,,,,,,,,B+,,cubic_self_images,,,pass
,,,,,,,149,e3_direct,,4,,,,torch.float32,,,,2e-05,2e-05,,,,,,,,,,,,,0.0,,0.0,,,,reflection,,,,,,,,,,,,,A,,cubic_self_images,,,pass
,,,,,,,150,e3_direct,,4,,,,torch.float32,,,,2e-05,2e-05,,,,,,,,,,,,,0.0,,0.0,,,,reflection,,,,,,,,,,,,,B,,cubic_self_images,,,pass
,,,,,,,151,e3_direct,,4,,,,torch.float32,,,,2e-05,2e-05,,,,,,,,,,,,,0.0,,0.0,,,,reflection,,,,,,,,,,,,,B+,,cubic_self_images,,,pass
,,,,,,,152,e3_direct,,4,,,,torch.float32,,,,2e-05,2e-05,,,,,,,,,,,,,0.0,,0.0,,,,inversion,,,,,,,,,,,,,A,,cubic_self_images,,,pass
,,,,,,,153,e3_direct,,4,,,,torch.float32,,,,2e-05,2e-05,,,,,,,,,,,,,0.0,,0.0,,,,inversion,,,,,,,,,,,,,B,,cubic_self_images,,,pass
,,,,,,,154,e3_direct,,4,,,,torch.float32,,,,2e-05,2e-05,,,,,,,,,,,,,0.0,,0.0,,,,inversion,,,,,,,,,,,,,B+,,cubic_self_images,,,pass
,,,,,,,155,e3_direct,,4,,,,torch.float32,,,,2e-05,2e-05,,,,,,,,,,,,,2.384185791015625e-07,,0.005831375252455473,,,,improper_with_translation,,,,,,,,,,,,,A,,cubic_self_images,,,pass
,,,,,,,156,e3_direct,,4,,,,torch.float32,,,,2e-05,2e-05,,,,,,,,,,,,,6.131087637584187e-09,,0.000306554400594905,,,,improper_with_translation,,,,,,,,,,,,,B,,cubic_self_images,,,pass
,,,,,,,157,e3_direct,,4,,,,torch.float32,,,,2e-05,2e-05,,,,,,,,,,,,,9.086723373741279e-09,,0.0004543361719697714,,,,improper_with_translation,,,,,,,,,,,,,B+,,cubic_self_images,,,pass
,,,,,0,0,158,e3_rebuilt,,4,,,,torch.float32,,,,0.0001,0.0001,,,,0.0,,pass,1.1832913578315177e-30,,,,,,0.0,,0.0,,,,translation,,,,,,,,,,,,,A,,cubic_self_images,,,pass
,,,,,0,0,159,e3_rebuilt,,4,,,,torch.float32,,,,0.0001,0.0001,,,,0.0,,pass,1.1832913578315177e-30,,,,,,0.0,,0.0,,,,translation,,,,,,,,,,,,,B,,cubic_self_images,,,pass
,,,,,0,0,160,e3_rebuilt,,4,,,,torch.float32,,,,0.0001,0.0001,,,,0.0,,pass,1.1832913578315177e-30,,,,,,0.0,,0.0,,,,translation,,,,,,,,,,,,,B+,,cubic_self_images,,,pass
,,,,,,,161,synthetic_boundary,,,,,,torch.float32,,,,,,,,,,,,,,,,,,,,,,,,,,,,,,,,,,,,,A,,skew,,,pass
,,,,,,,162,synthetic_boundary,,,,,,torch.float32,,,,,,,,,,,,,,,,,,,,,,,,,,,,,,,,,,,,,B,,skew,,,pass
,,,,,,,163,synthetic_boundary,,,,,,torch.float32,,,,,,,,,,,,,,,,,,,,,,,,,,,,,,,,,,,,,B+,,skew,,,pass
,,,,,,,164,e3_direct,,4,,,,torch.float32,,,,2e-05,2e-05,,,,,,,,,,,,,2.384185791015625e-07,,0.00903353188186884,,,,rotation_1,,,,,,,,,,,,,A,,skew,,,pass
,,,,,,,165,e3_direct,,4,,,,torch.float32,,,,2e-05,2e-05,,,,,,,,,,,,,1.1920928955078125e-07,,0.002960831392556429,,,,rotation_1,,,,,,,,,,,,,B,,skew,,,pass
,,,,,,,166,e3_direct,,4,,,,torch.float32,,,,2e-05,2e-05,,,,,,,,,,,,,1.7881393432617188e-07,,0.005960103590041399,,,,rotation_1,,,,,,,,,,,,,B+,,skew,,,pass
,,,,,,,167,e3_direct,,4,,,,torch.float32,,,,2e-05,2e-05,,,,,,,,,,,,,2.980232238769531e-07,,0.008383454754948616,,,,rotation_2,,,,,,,,,,,,,A,,skew,,,pass
,,,,,,,168,e3_direct,,4,,,,torch.float32,,,,2e-05,2e-05,,,,,,,,,,,,,3.5762786865234375e-07,,0.008852987550199032,,,,rotation_2,,,,,,,,,,,,,B,,skew,,,pass
,,,,,,,169,e3_direct,,4,,,,torch.float32,,,,2e-05,2e-05,,,,,,,,,,,,,4.76837158203125e-07,,0.009955399669706821,,,,rotation_2,,,,,,,,,,,,,B+,,skew,,,pass
,,,,,,,170,e3_direct,,4,,,,torch.float32,,,,2e-05,2e-05,,,,,,,,,,,,,0.0,,0.0,,,,reflection,,,,,,,,,,,,,A,,skew,,,pass
,,,,,,,171,e3_direct,,4,,,,torch.float32,,,,2e-05,2e-05,,,,,,,,,,,,,0.0,,0.0,,,,reflection,,,,,,,,,,,,,B,,skew,,,pass
,,,,,,,172,e3_direct,,4,,,,torch.float32,,,,2e-05,2e-05,,,,,,,,,,,,,0.0,,0.0,,,,reflection,,,,,,,,,,,,,B+,,skew,,,pass
,,,,,,,173,e3_direct,,4,,,,torch.float32,,,,2e-05,2e-05,,,,,,,,,,,,,0.0,,0.0,,,,inversion,,,,,,,,,,,,,A,,skew,,,pass
,,,,,,,174,e3_direct,,4,,,,torch.float32,,,,2e-05,2e-05,,,,,,,,,,,,,0.0,,0.0,,,,inversion,,,,,,,,,,,,,B,,skew,,,pass
,,,,,,,175,e3_direct,,4,,,,torch.float32,,,,2e-05,2e-05,,,,,,,,,,,,,0.0,,0.0,,,,inversion,,,,,,,,,,,,,B+,,skew,,,pass
,,,,,,,176,e3_direct,,4,,,,torch.float32,,,,2e-05,2e-05,,,,,,,,,,,,,2.384185791015625e-07,,0.00903353188186884,,,,improper_with_translation,,,,,,,,,,,,,A,,skew,,,pass
,,,,,,,177,e3_direct,,4,,,,torch.float32,,,,2e-05,2e-05,,,,,,,,,,,,,1.1920928955078125e-07,,0.002960831392556429,,,,improper_with_translation,,,,,,,,,,,,,B,,skew,,,pass
,,,,,,,178,e3_direct,,4,,,,torch.float32,,,,2e-05,2e-05,,,,,,,,,,,,,1.7881393432617188e-07,,0.005960103590041399,,,,improper_with_translation,,,,,,,,,,,,,B+,,skew,,,pass
,,,,,0,0,179,e3_rebuilt,,4,,,,torch.float32,,,,0.0001,0.0001,,,,4.76837158203125e-07,,pass,4.76837158203125e-07,,,,,,4.76837158203125e-07,,0.002444613492116332,,,,translation,,,,,,,,,,,,,A,,skew,,,pass
,,,,,0,0,180,e3_rebuilt,,4,,,,torch.float32,,,,0.0001,0.0001,,,,4.76837158203125e-07,,pass,4.76837158203125e-07,,,,,,4.76837158203125e-07,,0.0027647551614791155,,,,translation,,,,,,,,,,,,,B,,skew,,,pass
,,,,,0,0,181,e3_rebuilt,,4,,,,torch.float32,,,,0.0001,0.0001,,,,4.76837158203125e-07,,pass,4.76837158203125e-07,,,,,,7.152557373046875e-07,,0.002493990818038583,,,,translation,,,,,,,,,,,,,B+,,skew,,,pass
,,,,,0,0,182,e3_rebuilt,,4,,,,torch.float32,,,,0.0001,0.0001,,,,4.76837158203125e-07,,pass,4.3674466621013153e-07,,,,,,3.5762786865234375e-07,,0.0019233227940276265,,,,rotation_1,,,,,,,,,,,,,A,,skew,,,pass
,,,,,0,0,183,e3_rebuilt,,4,,,,torch.float32,,,,0.0001,0.0001,,,,4.76837158203125e-07,,pass,4.3674466621013153e-07,,,,,,4.76837158203125e-07,,0.0025017934385687113,,,,rotation_1,,,,,,,,,,,,,B,,skew,,,pass
,,,,,0,0,184,e3_rebuilt,,4,,,,torch.float32,,,,0.0001,0.0001,,,,4.76837158203125e-07,,pass,4.3674466621013153e-07,,,,,,7.152557373046875e-07,,0.00276869791559875,,,,rotation_1,,,,,,,,,,,,,B+,,skew,,,pass
,,,,,0,0,185,e3_rebuilt,,4,,,,torch.float32,,,,0.0001,0.0001,,,,4.76837158203125e-07,,pass,2.384185791015625e-07,,,,,,2.384185791015625e-07,,0.0018604480428621173,,,,reflection,,,,,,,,,,,,,A,,skew,,,pass
,,,,,0,0,186,e3_rebuilt,,4,,,,torch.float32,,,,0.0001,0.0001,,,,4.76837158203125e-07,,pass,2.384185791015625e-07,,,,,,4.76837158203125e-07,,0.0025017934385687113,,,,reflection,,,,,,,,,,,,,B,,skew,,,pass
,,,,,0,0,187,e3_rebuilt,,4,,,,torch.float32,,,,0.0001,0.0001,,,,4.76837158203125e-07,,pass,2.384185791015625e-07,,,,,,7.152557373046875e-07,,0.003016603644937277,,,,reflection,,,,,,,,,,,,,B+,,skew,,,pass
,,,,,0,0,188,representation,,4,,,,torch.float32,,,,0.0001,0.0001,,,,0.0,,pass,0.0,,,,,,2.980232238769531e-07,,0.0019370528170838952,,,,permutation,,,,,,,,,,,,,A,,skew,,,pass
,,,,,0,0,189,representation,,4,,,,torch.float32,,,,0.0001,0.0001,,,,0.0,,pass,0.0,,,,,,3.5762786865234375e-07,,0.0023196383845061064,,,,permutation,,,,,,,,,,,,,B,,skew,,,pass
,,,,,0,0,190,representation,,4,,,,torch.float32,,,,0.0001,0.0001,,,,0.0,,pass,0.0,,,,,,4.172325134277344e-07,,0.002609680173918605,,,,permutation,,,,,,,,,,,,,B+,,skew,,,pass
,,,,,0,0,191,representation,,4,,,,torch.float32,,,,0.0001,0.0001,,,,1.430511474609375e-06,,pass,1.1026859283447266e-06,,,,,,3.5762786865234375e-07,,0.0022411090321838856,,,,integer_images,,,,,,,,,,,,,A,,skew,,,pass
,,,,,0,0,192,representation,,4,,,,torch.float32,,,,0.0001,0.0001,,,,1.430511474609375e-06,,pass,1.1026859283447266e-06,,,,,,6.48200511932373e-07,,0.006020475644618273,,,,integer_images,,,,,,,,,,,,,B,,skew,,,pass
,,,,,0,0,193,representation,,4,,,,torch.float32,,,,0.0001,0.0001,,,,1.430511474609375e-06,,pass,1.1026859283447266e-06,,,,,,7.152557373046875e-07,,0.005812847055494785,,,,integer_images,,,,,,,,,,,,,B+,,skew,,,pass
,,,,,0,0,194,representation,,4,,,,torch.float32,,,,0.0001,0.0001,,,,4.76837158203125e-07,,pass,4.76837158203125e-07,,,,,,4.76837158203125e-07,,0.002524550072848797,,,,basis_swap,,,,,,,,,,,,,A,,skew,,,pass
,,,,,0,0,195,representation,,4,,,,torch.float32,,,,0.0001,0.0001,,,,4.76837158203125e-07,,pass,4.76837158203125e-07,,,,,,4.76837158203125e-07,,0.0030252363067120314,,,,basis_swap,,,,,,,,,,,,,B,,skew,,,pass
,,,,,0,0,196,representation,,4,,,,torch.float32,,,,0.0001,0.0001,,,,4.76837158203125e-07,,pass,4.76837158203125e-07,,,,,,4.76837158203125e-07,,0.0031770397908985615,,,,basis_swap,,,,,,,,,,,,,B+,,skew,,,pass
,,,,,0,0,197,representation,,4,,,,torch.float32,,,,0.0001,0.0001,,,,4.76837158203125e-07,,pass,7.152557373046875e-07,,,,,,4.76837158203125e-07,,0.0024500528816133738,,,,basis_shear,,,,,,,,,,,,,A,,skew,,,pass
,,,,,0,0,198,representation,,4,,,,torch.float32,,,,0.0001,0.0001,,,,4.76837158203125e-07,,pass,7.152557373046875e-07,,,,,,5.960464477539062e-07,,0.0029984964057803154,,,,basis_shear,,,,,,,,,,,,,B,,skew,,,pass
,,,,,0,0,199,representation,,4,,,,torch.float32,,,,0.0001,0.0001,,,,4.76837158203125e-07,,pass,7.152557373046875e-07,,,,,,5.960464477539062e-07,,0.0029922635294497013,,,,basis_shear,,,,,,,,,,,,,B+,,skew,,,pass
,,,,,,,200,synthetic_boundary,,,,,,torch.float32,,,,,,,,,,,,,,,,,,,,,,,,,,,,,,,,,,,,,A,,mixed_padding,,,pass
,,,,,,,201,synthetic_boundary,,,,,,torch.float32,,,,,,,,,,,,,,,,,,,,,,,,,,,,,,,,,,,,,B,,mixed_padding,,,pass
,,,,,,,202,synthetic_boundary,,,,,,torch.float32,,,,,,,,,,,,,,,,,,,,,,,,,,,,,,,,,,,,,B+,,mixed_padding,,,pass
,,,,,,,203,e3_direct,,4,,,,torch.float32,,,,2e-05,2e-05,,,,,,,,,,,,,5.960464477539062e-07,,0.012238025665283203,,,,rotation_1,,,,,,,,,,,,,A,,mixed_padding,,,pass
,,,,,,,204,e3_direct,,4,,,,torch.float32,,,,2e-05,2e-05,,,,,,,,,,,,,3.5762786865234375e-07,,0.010902542620897293,,,,rotation_1,,,,,,,,,,,,,B,,mixed_padding,,,pass
,,,,,,,205,e3_direct,,4,,,,torch.float32,,,,2e-05,2e-05,,,,,,,,,,,,,2.384185791015625e-07,,0.00869686994701624,,,,rotation_1,,,,,,,,,,,,,B+,,mixed_padding,,,pass
,,,,,,,206,e3_direct,,4,,,,torch.float32,,,,2e-05,2e-05,,,,,,,,,,,,,4.76837158203125e-07,,0.00872189924120903,,,,rotation_2,,,,,,,,,,,,,A,,mixed_padding,,,pass
,,,,,,,207,e3_direct,,4,,,,torch.float32,,,,2e-05,2e-05,,,,,,,,,,,,,2.384185791015625e-07,,0.010261217132210732,,,,rotation_2,,,,,,,,,,,,,B,,mixed_padding,,,pass
,,,,,,,208,e3_direct,,4,,,,torch.float32,,,,2e-05,2e-05,,,,,,,,,,,,,2.384185791015625e-07,,0.0078104096464812756,,,,rotation_2,,,,,,,,,,,,,B+,,mixed_padding,,,pass
,,,,,,,209,e3_direct,,4,,,,torch.float32,,,,2e-05,2e-05,,,,,,,,,,,,,0.0,,0.0,,,,reflection,,,,,,,,,,,,,A,,mixed_padding,,,pass
,,,,,,,210,e3_direct,,4,,,,torch.float32,,,,2e-05,2e-05,,,,,,,,,,,,,0.0,,0.0,,,,reflection,,,,,,,,,,,,,B,,mixed_padding,,,pass
,,,,,,,211,e3_direct,,4,,,,torch.float32,,,,2e-05,2e-05,,,,,,,,,,,,,0.0,,0.0,,,,reflection,,,,,,,,,,,,,B+,,mixed_padding,,,pass
,,,,,,,212,e3_direct,,4,,,,torch.float32,,,,2e-05,2e-05,,,,,,,,,,,,,0.0,,0.0,,,,inversion,,,,,,,,,,,,,A,,mixed_padding,,,pass
,,,,,,,213,e3_direct,,4,,,,torch.float32,,,,2e-05,2e-05,,,,,,,,,,,,,0.0,,0.0,,,,inversion,,,,,,,,,,,,,B,,mixed_padding,,,pass
,,,,,,,214,e3_direct,,4,,,,torch.float32,,,,2e-05,2e-05,,,,,,,,,,,,,0.0,,0.0,,,,inversion,,,,,,,,,,,,,B+,,mixed_padding,,,pass
,,,,,,,215,e3_direct,,4,,,,torch.float32,,,,2e-05,2e-05,,,,,,,,,,,,,5.960464477539062e-07,,0.012238025665283203,,,,improper_with_translation,,,,,,,,,,,,,A,,mixed_padding,,,pass
,,,,,,,216,e3_direct,,4,,,,torch.float32,,,,2e-05,2e-05,,,,,,,,,,,,,3.5762786865234375e-07,,0.010902542620897293,,,,improper_with_translation,,,,,,,,,,,,,B,,mixed_padding,,,pass
,,,,,,,217,e3_direct,,4,,,,torch.float32,,,,2e-05,2e-05,,,,,,,,,,,,,2.384185791015625e-07,,0.00869686994701624,,,,improper_with_translation,,,,,,,,,,,,,B+,,mixed_padding,,,pass
,,,,,,,218,synthetic_boundary,,,,,,torch.float32,,,,,,,,,,,,,,,,,,,,,,,,,,,,,,,,,,,,,A,,empty_neighborhood,,,pass
,,,,,,,219,synthetic_boundary,,,,,,torch.float32,,,,,,,,,,,,,,,,,,,,,,,,,,,,,,,,,,,,,B,,empty_neighborhood,,,pass
,,,,,,,220,synthetic_boundary,,,,,,torch.float32,,,,,,,,,,,,,,,,,,,,,,,,,,,,,,,,,,,,,B+,,empty_neighborhood,,,pass
,,,,,,,221,e3_direct,,4,,,,torch.float32,,,,2e-05,2e-05,,,,,,,,,,,,,0.0,,0.0,,,,rotation_1,,,,,,,,,,,,,A,,empty_neighborhood,,,pass
,,,,,,,222,e3_direct,,4,,,,torch.float32,,,,2e-05,2e-05,,,,,,,,,,,,,0.0,,0.0,,,,rotation_1,,,,,,,,,,,,,B,,empty_neighborhood,,,pass
,,,,,,,223,e3_direct,,4,,,,torch.float32,,,,2e-05,2e-05,,,,,,,,,,,,,0.0,,0.0,,,,rotation_1,,,,,,,,,,,,,B+,,empty_neighborhood,,,pass
,,,,,,,224,e3_direct,,4,,,,torch.float32,,,,2e-05,2e-05,,,,,,,,,,,,,0.0,,0.0,,,,rotation_2,,,,,,,,,,,,,A,,empty_neighborhood,,,pass
,,,,,,,225,e3_direct,,4,,,,torch.float32,,,,2e-05,2e-05,,,,,,,,,,,,,0.0,,0.0,,,,rotation_2,,,,,,,,,,,,,B,,empty_neighborhood,,,pass
,,,,,,,226,e3_direct,,4,,,,torch.float32,,,,2e-05,2e-05,,,,,,,,,,,,,0.0,,0.0,,,,rotation_2,,,,,,,,,,,,,B+,,empty_neighborhood,,,pass
,,,,,,,227,e3_direct,,4,,,,torch.float32,,,,2e-05,2e-05,,,,,,,,,,,,,0.0,,0.0,,,,reflection,,,,,,,,,,,,,A,,empty_neighborhood,,,pass
,,,,,,,228,e3_direct,,4,,,,torch.float32,,,,2e-05,2e-05,,,,,,,,,,,,,0.0,,0.0,,,,reflection,,,,,,,,,,,,,B,,empty_neighborhood,,,pass
,,,,,,,229,e3_direct,,4,,,,torch.float32,,,,2e-05,2e-05,,,,,,,,,,,,,0.0,,0.0,,,,reflection,,,,,,,,,,,,,B+,,empty_neighborhood,,,pass
,,,,,,,230,e3_direct,,4,,,,torch.float32,,,,2e-05,2e-05,,,,,,,,,,,,,0.0,,0.0,,,,inversion,,,,,,,,,,,,,A,,empty_neighborhood,,,pass
,,,,,,,231,e3_direct,,4,,,,torch.float32,,,,2e-05,2e-05,,,,,,,,,,,,,0.0,,0.0,,,,inversion,,,,,,,,,,,,,B,,empty_neighborhood,,,pass
,,,,,,,232,e3_direct,,4,,,,torch.float32,,,,2e-05,2e-05,,,,,,,,,,,,,0.0,,0.0,,,,inversion,,,,,,,,,,,,,B+,,empty_neighborhood,,,pass
,,,,,,,233,e3_direct,,4,,,,torch.float32,,,,2e-05,2e-05,,,,,,,,,,,,,0.0,,0.0,,,,improper_with_translation,,,,,,,,,,,,,A,,empty_neighborhood,,,pass
,,,,,,,234,e3_direct,,4,,,,torch.float32,,,,2e-05,2e-05,,,,,,,,,,,,,0.0,,0.0,,,,improper_with_translation,,,,,,,,,,,,,B,,empty_neighborhood,,,pass
,,,,,,,235,e3_direct,,4,,,,torch.float32,,,,2e-05,2e-05,,,,,,,,,,,,,0.0,,0.0,,,,improper_with_translation,,,,,,,,,,,,,B+,,empty_neighborhood,,,pass
,,,,,0,0,236,e3_rebuilt,,4,,,,torch.float32,,,,0.0001,0.0001,,,,0.0,,pass,0.0,,,,,,0.0,,0.0,,,,translation,,,,,,,,,,,,,A,,empty_neighborhood,,,pass
,,,,,0,0,237,e3_rebuilt,,4,,,,torch.float32,,,,0.0001,0.0001,,,,0.0,,pass,0.0,,,,,,0.0,,0.0,,,,translation,,,,,,,,,,,,,B,,empty_neighborhood,,,pass
,,,,,0,0,238,e3_rebuilt,,4,,,,torch.float32,,,,0.0001,0.0001,,,,0.0,,pass,0.0,,,,,,0.0,,0.0,,,,translation,,,,,,,,,,,,,B+,,empty_neighborhood,,,pass
,,,,,,,239,synthetic_boundary,,,,,,torch.float32,,,,,,,,,,,,,,,,,,,,,,,,,,,,,,,,,,,,,A,,all_padding,,,pass
,,,,,,,240,synthetic_boundary,,,,,,torch.float32,,,,,,,,,,,,,,,,,,,,,,,,,,,,,,,,,,,,,B,,all_padding,,,pass
,,,,,,,241,synthetic_boundary,,,,,,torch.float32,,,,,,,,,,,,,,,,,,,,,,,,,,,,,,,,,,,,,B+,,all_padding,,,pass
,,,,,,,242,synthetic_boundary,,,,,,torch.float32,,,,,,,,,,,,,,,,,,,,,,,,,,,,,,,,,,,,,A,,zero_slots,,,pass
,,,,,,,243,synthetic_boundary,,,,,,torch.float32,,,,,,,,,,,,,,,,,,,,,,,,,,,,,,,,,,,,,B,,zero_slots,,,pass
,,,,,,,244,synthetic_boundary,,,,,,torch.float32,,,,,,,,,,,,,,,,,,,,,,,,,,,,,,,,,,,,,B+,,zero_slots,,,pass
,,,,,,,245,synthetic_boundary,,,,,,torch.float64,,,,,,,,,,,,,,,,,,,,,,,,,,,,,,,,,,,,,A,,cubic_self_images,,,pass
,,,,,,,246,synthetic_boundary,,,,,,torch.float64,,,,,,,,,,,,,,,,,,,,,,,,,,,,,,,,,,,,,B,,cubic_self_images,,,pass
,,,,,,,247,synthetic_boundary,,,,,,torch.float64,,,,,,,,,,,,,,,,,,,,,,,,,,,,,,,,,,,,,B+,,cubic_self_images,,,pass
,,,,,,,248,e3_direct,,4,,,,torch.float64,,,,2e-10,2e-10,,,,,,,,,,,,,4.440892098500626e-16,,1.4932663948907892e-06,,,,rotation_1,,,,,,,,,,,,,A,,cubic_self_images,,,pass
,,,,,,,249,e3_direct,,4,,,,torch.float64,,,,2e-10,2e-10,,,,,,,,,,,,,2.1574134205633104e-17,,1.0787067102816551e-07,,,,rotation_1,,,,,,,,,,,,,B,,cubic_self_images,,,pass
,,,,,,,250,e3_direct,,4,,,,torch.float64,,,,2e-10,2e-10,,,,,,,,,,,,,2.220446049250313e-16,,6.757902344682744e-07,,,,rotation_1,,,,,,,,,,,,,B+,,cubic_self_images,,,pass
,,,,,,,251,e3_direct,,4,,,,torch.float64,,,,2e-10,2e-10,,,,,,,,,,,,,4.440892098500626e-16,,1.4077482359276407e-06,,,,rotation_2,,,,,,,,,,,,,A,,cubic_self_images,,,pass
,,,,,,,252,e3_direct,,4,,,,torch.float64,,,,2e-10,2e-10,,,,,,,,,,,,,4.0390494260258633e-17,,2.0195247130129316e-07,,,,rotation_2,,,,,,,,,,,,,B,,cubic_self_images,,,pass
,,,,,,,253,e3_direct,,4,,,,torch.float64,,,,2e-10,2e-10,,,,,,,,,,,,,3.697054098528627e-17,,1.8485270492643133e-07,,,,rotation_2,,,,,,,,,,,,,B+,,cubic_self_images,,,pass
,,,,,,,254,e3_direct,,4,,,,torch.float64,,,,2e-10,2e-10,,,,,,,,,,,,,0.0,,0.0,,,,reflection,,,,,,,,,,,,,A,,cubic_self_images,,,pass
,,,,,,,255,e3_direct,,4,,,,torch.float64,,,,2e-10,2e-10,,,,,,,,,,,,,6.162975822039155e-33,,3.0814879110195774e-23,,,,reflection,,,,,,,,,,,,,B,,cubic_self_images,,,pass
,,,,,,,256,e3_direct,,4,,,,torch.float64,,,,2e-10,2e-10,,,,,,,,,,,,,6.162975822039155e-33,,3.0814879110195774e-23,,,,reflection,,,,,,,,,,,,,B+,,cubic_self_images,,,pass
,,,,,,,257,e3_direct,,4,,,,torch.float64,,,,2e-10,2e-10,,,,,,,,,,,,,0.0,,0.0,,,,inversion,,,,,,,,,,,,,A,,cubic_self_images,,,pass
,,,,,,,258,e3_direct,,4,,,,torch.float64,,,,2e-10,2e-10,,,,,,,,,,,,,0.0,,0.0,,,,inversion,,,,,,,,,,,,,B,,cubic_self_images,,,pass
,,,,,,,259,e3_direct,,4,,,,torch.float64,,,,2e-10,2e-10,,,,,,,,,,,,,0.0,,0.0,,,,inversion,,,,,,,,,,,,,B+,,cubic_self_images,,,pass
,,,,,,,260,e3_direct,,4,,,,torch.float64,,,,2e-10,2e-10,,,,,,,,,,,,,4.440892098500626e-16,,1.4932663948907892e-06,,,,improper_with_translation,,,,,,,,,,,,,A,,cubic_self_images,,,pass
,,,,,,,261,e3_direct,,4,,,,torch.float64,,,,2e-10,2e-10,,,,,,,,,,,,,2.1574134205633104e-17,,1.0787067102816551e-07,,,,improper_with_translation,,,,,,,,,,,,,B,,cubic_self_images,,,pass
,,,,,,,262,e3_direct,,4,,,,torch.float64,,,,2e-10,2e-10,,,,,,,,,,,,,2.220446049250313e-16,,6.757902344682744e-07,,,,improper_with_translation,,,,,,,,,,,,,B+,,cubic_self_images,,,pass
,,,,,0,0,263,e3_rebuilt,,4,,,,torch.float64,,,,2e-06,2e-06,,,,0.0,,pass,2.465190328815662e-32,,,,,,0.0,,0.0,,,,translation,,,,,,,,,,,,,A,,cubic_self_images,,,pass
,,,,,0,0,264,e3_rebuilt,,4,,,,torch.float64,,,,2e-06,2e-06,,,,0.0,,pass,2.465190328815662e-32,,,,,,0.0,,0.0,,,,translation,,,,,,,,,,,,,B,,cubic_self_images,,,pass
,,,,,0,0,265,e3_rebuilt,,4,,,,torch.float64,,,,2e-06,2e-06,,,,0.0,,pass,2.465190328815662e-32,,,,,,0.0,,0.0,,,,translation,,,,,,,,,,,,,B+,,cubic_self_images,,,pass
,,,,,,,266,synthetic_boundary,,,,,,torch.float64,,,,,,,,,,,,,,,,,,,,,,,,,,,,,,,,,,,,,A,,skew,,,pass
,,,,,,,267,synthetic_boundary,,,,,,torch.float64,,,,,,,,,,,,,,,,,,,,,,,,,,,,,,,,,,,,,B,,skew,,,pass
,,,,,,,268,synthetic_boundary,,,,,,torch.float64,,,,,,,,,,,,,,,,,,,,,,,,,,,,,,,,,,,,,B+,,skew,,,pass
,,,,,,,269,e3_direct,,4,,,,torch.float64,,,,2e-10,2e-10,,,,,,,,,,,,,4.440892098500626e-16,,1.8449611970370019e-06,,,,rotation_1,,,,,,,,,,,,,A,,skew,,,pass
,,,,,,,270,e3_direct,,4,,,,torch.float64,,,,2e-10,2e-10,,,,,,,,,,,,,6.158268339717665e-16,,3.0333043429272746e-06,,,,rotation_1,,,,,,,,,,,,,B,,skew,,,pass
,,,,,,,271,e3_direct,,4,,,,torch.float64,,,,2e-10,2e-10,,,,,,,,,,,,,1.3322676295501878e-15,,3.076028238074289e-06,,,,rotation_1,,,,,,,,,,,,,B+,,skew,,,pass
,,,,,,,272,e3_direct,,4,,,,torch.float64,,,,2e-10,2e-10,,,,,,,,,,,,,4.440892098500626e-16,,1.6709541894006463e-06,,,,rotation_2,,,,,,,,,,,,,A,,skew,,,pass
,,,,,,,273,e3_direct,,4,,,,torch.float64,,,,2e-10,2e-10,,,,,,,,,,,,,6.38378239159465e-16,,2.7708811523145324e-06,,,,rotation_2,,,,,,,,,,,,,B,,skew,,,pass
,,,,,,,274,e3_direct,,4,,,,torch.float64,,,,2e-10,2e-10,,,,,,,,,,,,,7.216449660063518e-16,,3.1322964562289817e-06,,,,rotation_2,,,,,,,,,,,,,B+,,skew,,,pass
,,,,,,,275,e3_direct,,4,,,,torch.float64,,,,2e-10,2e-10,,,,,,,,,,,,,0.0,,0.0,,,,reflection,,,,,,,,,,,,,A,,skew,,,pass
,,,,,,,276,e3_direct,,4,,,,torch.float64,,,,2e-10,2e-10,,,,,,,,,,,,,2.1510571102112408e-16,,1.0386856760815543e-06,,,,reflection,,,,,,,,,,,,,B,,skew,,,pass
,,,,,,,277,e3_direct,,4,,,,torch.float64,,,,2e-10,2e-10,,,,,,,,,,,,,2.1510571102112408e-16,,1.0386860052152032e-06,,,,reflection,,,,,,,,,,,,,B+,,skew,,,pass
,,,,,,,278,e3_direct,,4,,,,torch.float64,,,,2e-10,2e-10,,,,,,,,,,,,,0.0,,0.0,,,,inversion,,,,,,,,,,,,,A,,skew,,,pass
,,,,,,,279,e3_direct,,4,,,,torch.float64,,,,2e-10,2e-10,,,,,,,,,,,,,0.0,,0.0,,,,inversion,,,,,,,,,,,,,B,,skew,,,pass
,,,,,,,280,e3_direct,,4,,,,torch.float64,,,,2e-10,2e-10,,,,,,,,,,,,,0.0,,0.0,,,,inversion,,,,,,,,,,,,,B+,,skew,,,pass
,,,,,,,281,e3_direct,,4,,,,torch.float64,,,,2e-10,2e-10,,,,,,,,,,,,,4.440892098500626e-16,,1.8449611970370019e-06,,,,improper_with_translation,,,,,,,,,,,,,A,,skew,,,pass
,,,,,,,282,e3_direct,,4,,,,torch.float64,,,,2e-10,2e-10,,,,,,,,,,,,,6.158268339717665e-16,,3.0333043429272746e-06,,,,improper_with_translation,,,,,,,,,,,,,B,,skew,,,pass
,,,,,,,283,e3_direct,,4,,,,torch.float64,,,,2e-10,2e-10,,,,,,,,,,,,,1.3322676295501878e-15,,3.076028238074289e-06,,,,improper_with_translation,,,,,,,,,,,,,B+,,skew,,,pass
,,,,,0,0,284,e3_rebuilt,,4,,,,torch.float64,,,,2e-06,2e-06,,,,3.3617038042166314e-09,,pass,8.881784197001252e-16,,,,,,1.644777092302263e-10,,6.184292242140988e-05,,,,translation,,,,,,,,,,,,,A,,skew,,,pass
,,,,,0,0,285,e3_rebuilt,,4,,,,torch.float64,,,,2e-06,2e-06,,,,3.3617038042166314e-09,,pass,8.881784197001252e-16,,,,,,2.050693503896639e-10,,8.007996635618552e-05,,,,translation,,,,,,,,,,,,,B,,skew,,,pass
,,,,,0,0,286,e3_rebuilt,,4,,,,torch.float64,,,,2e-06,2e-06,,,,3.3617038042166314e-09,,pass,8.881784197001252e-16,,,,,,2.0499557606967755e-10,,8.011423602882768e-05,,,,translation,,,,,,,,,,,,,B+,,skew,,,pass
,,,,,0,0,287,e3_rebuilt,,4,,,,torch.float64,,,,2e-06,2e-06,,,,3.3617029160382117e-09,,pass,1.7763568394002505e-15,,,,,,1.6447793127483123e-10,,6.18430059092414e-05,,,,rotation_1,,,,,,,,,,,,,A,,skew,,,pass
,,,,,0,0,288,e3_rebuilt,,4,,,,torch.float64,,,,2e-06,2e-06,,,,3.3617029160382117e-09,,pass,1.7763568394002505e-15,,,,,,2.0506968345657128e-10,,8.008011723366622e-05,,,,rotation_1,,,,,,,,,,,,,B,,skew,,,pass
,,,,,0,0,289,e3_rebuilt,,4,,,,torch.float64,,,,2e-06,2e-06,,,,3.3617029160382117e-09,,pass,1.7763568394002505e-15,,,,,,2.0499590913658494e-10,,8.011435673270713e-05,,,,rotation_1,,,,,,,,,,,,,B+,,skew,,,pass
,,,,,0,0,290,e3_rebuilt,,4,,,,torch.float64,,,,2e-06,2e-06,,,,3.361704692395051e-09,,pass,8.881784197001252e-16,,,,,,1.6447798678598247e-10,,6.184302678119927e-05,,,,reflection,,,,,,,,,,,,,A,,skew,,,pass
,,,,,0,0,291,e3_rebuilt,,4,,,,torch.float64,,,,2e-06,2e-06,,,,3.361704692395051e-09,,pass,8.881784197001252e-16,,,,,,2.0506957243426882e-10,,8.0080020001512e-05,,,,reflection,,,,,,,,,,,,,B,,skew,,,pass
,,,,,0,0,292,e3_rebuilt,,4,,,,torch.float64,,,,2e-06,2e-06,,,,3.361704692395051e-09,,pass,8.881784197001252e-16,,,,,,2.0499579811428248e-10,,8.011431649808065e-05,,,,reflection,,,,,,,,,,,,,B+,,skew,,,pass
,,,,,0,0,293,representation,,4,,,,torch.float64,,,,2e-06,2e-06,,,,0.0,,pass,0.0,,,,,,4.440892098500626e-16,,1.844961197037002e-10,,,,permutation,,,,,,,,,,,,,A,,skew,,,pass
,,,,,0,0,294,representation,,4,,,,torch.float64,,,,2e-06,2e-06,,,,0.0,,pass,0.0,,,,,,5.551115123125783e-16,,2.2912047259114912e-10,,,,permutation,,,,,,,,,,,,,B,,skew,,,pass
,,,,,0,0,295,representation,,4,,,,torch.float64,,,,2e-06,2e-06,,,,0.0,,pass,0.0,,,,,,4.440892098500626e-16,,1.735375420064352e-10,,,,permutation,,,,,,,,,,,,,B+,,skew,,,pass
,,,,,0,0,296,representation,,4,,,,torch.float64,,,,2e-06,2e-06,,,,1.7763568394002505e-15,,pass,1.3322676295501878e-15,,,,,,8.881784197001252e-16,,2.922074103085651e-10,,,,integer_images,,,,,,,,,,,,,A,,skew,,,pass
,,,,,0,0,297,representation,,4,,,,torch.float64,,,,2e-06,2e-06,,,,1.7763568394002505e-15,,pass,1.3322676295501878e-15,,,,,,1.3322676295501878e-15,,4.0833429532976277e-10,,,,integer_images,,,,,,,,,,,,,B,,skew,,,pass
,,,,,0,0,298,representation,,4,,,,torch.float64,,,,2e-06,2e-06,,,,1.7763568394002505e-15,,pass,1.3322676295501878e-15,,,,,,1.3322676295501878e-15,,4.976510755497741e-10,,,,integer_images,,,,,,,,,,,,,B+,,skew,,,pass
,,,,,0,0,299,representation,,4,,,,torch.float64,,,,2e-06,2e-06,,,,3.2484672729538033e-09,,pass,8.881784197001252e-16,,,,,,9.798090117030256e-11,,3.684040407793629e-05,,,,basis_swap,,,,,,,,,,,,,A,,skew,,,pass
,,,,,0,0,300,representation,,4,,,,torch.float64,,,,2e-06,2e-06,,,,3.2484672729538033e-09,,pass,8.881784197001252e-16,,,,,,1.2971246299287031e-10,,4.8080599209039e-05,,,,basis_swap,,,,,,,,,,,,,B,,skew,,,pass
,,,,,0,0,301,representation,,4,,,,torch.float64,,,,2e-06,2e-06,,,,3.2484672729538033e-09,,pass,8.881784197001252e-16,,,,,,1.2964451734376325e-10,,4.807465981663223e-05,,,,basis_swap,,,,,,,,,,,,,B+,,skew,,,pass
,,,,,0,0,302,representation,,4,,,,torch.float64,,,,2e-06,2e-06,,,,1.2600525067796298e-09,,pass,1.7763568394002505e-15,,,,,,6.450062706164772e-12,,2.4251962738138153e-06,,,,basis_shear,,,,,,,,,,,,,A,,skew,,,pass
,,,,,0,0,303,representation,,4,,,,torch.float64,,,,2e-06,2e-06,,,,1.2600525067796298e-09,,pass,1.7763568394002505e-15,,,,,,2.172950708256849e-11,,1.03650481562968e-05,,,,basis_shear,,,,,,,,,,,,,B,,skew,,,pass
,,,,,0,0,304,representation,,4,,,,torch.float64,,,,2e-06,2e-06,,,,1.2600525067796298e-09,,pass,1.7763568394002505e-15,,,,,,2.1729909538414915e-11,,1.0365233704628134e-05,,,,basis_shear,,,,,,,,,,,,,B+,,skew,,,pass
,,,,,,,305,synthetic_boundary,,,,,,torch.float64,,,,,,,,,,,,,,,,,,,,,,,,,,,,,,,,,,,,,A,,mixed_padding,,,pass
,,,,,,,306,synthetic_boundary,,,,,,torch.float64,,,,,,,,,,,,,,,,,,,,,,,,,,,,,,,,,,,,,B,,mixed_padding,,,pass
,,,,,,,307,synthetic_boundary,,,,,,torch.float64,,,,,,,,,,,,,,,,,,,,,,,,,,,,,,,,,,,,,B+,,mixed_padding,,,pass
,,,,,,,308,e3_direct,,4,,,,torch.float64,,,,2e-10,2e-10,,,,,,,,,,,,,6.661338147750939e-16,,1.552812952674752e-06,,,,rotation_1,,,,,,,,,,,,,A,,mixed_padding,,,pass
,,,,,,,309,e3_direct,,4,,,,torch.float64,,,,2e-10,2e-10,,,,,,,,,,,,,7.91033905045424e-16,,3.8778676330239375e-06,,,,rotation_1,,,,,,,,,,,,,B,,mixed_padding,,,pass
,,,,,,,310,e3_direct,,4,,,,torch.float64,,,,2e-10,2e-10,,,,,,,,,,,,,8.083811398051921e-16,,3.962911601289222e-06,,,,rotation_1,,,,,,,,,,,,,B+,,mixed_padding,,,pass
,,,,,,,311,e3_direct,,4,,,,torch.float64,,,,2e-10,2e-10,,,,,,,,,,,,,8.881784197001252e-16,,2.5332770304726574e-06,,,,rotation_2,,,,,,,,,,,,,A,,mixed_padding,,,pass
,,,,,,,312,e3_direct,,4,,,,torch.float64,,,,2e-10,2e-10,,,,,,,,,,,,,9.159339953157541e-16,,3.7695390923587985e-06,,,,rotation_2,,,,,,,,,,,,,B,,mixed_padding,,,pass
,,,,,,,313,e3_direct,,4,,,,torch.float64,,,,2e-10,2e-10,,,,,,,,,,,,,8.881784197001252e-16,,3.6553110704168623e-06,,,,rotation_2,,,,,,,,,,,,,B+,,mixed_padding,,,pass
,,,,,,,314,e3_direct,,4,,,,torch.float64,,,,2e-10,2e-10,,,,,,,,,,,,,0.0,,0.0,,,,reflection,,,,,,,,,,,,,A,,mixed_padding,,,pass
,,,,,,,315,e3_direct,,4,,,,torch.float64,,,,2e-10,2e-10,,,,,,,,,,,,,2.914335439641036e-16,,1.3933964945687444e-06,,,,reflection,,,,,,,,,,,,,B,,mixed_padding,,,pass
,,,,,,,316,e3_direct,,4,,,,torch.float64,,,,2e-10,2e-10,,,,,,,,,,,,,2.914335439641036e-16,,1.3933975128638088e-06,,,,reflection,,,,,,,,,,,,,B+,,mixed_padding,,,pass
,,,,,,,317,e3_direct,,4,,,,torch.float64,,,,2e-10,2e-10,,,,,,,,,,,,,0.0,,0.0,,,,inversion,,,,,,,,,,,,,A,,mixed_padding,,,pass
,,,,,,,318,e3_direct,,4,,,,torch.float64,,,,2e-10,2e-10,,,,,,,,,,,,,0.0,,0.0,,,,inversion,,,,,,,,,,,,,B,,mixed_padding,,,pass
,,,,,,,319,e3_direct,,4,,,,torch.float64,,,,2e-10,2e-10,,,,,,,,,,,,,0.0,,0.0,,,,inversion,,,,,,,,,,,,,B+,,mixed_padding,,,pass
,,,,,,,320,e3_direct,,4,,,,torch.float64,,,,2e-10,2e-10,,,,,,,,,,,,,6.661338147750939e-16,,1.552812952674752e-06,,,,improper_with_translation,,,,,,,,,,,,,A,,mixed_padding,,,pass
,,,,,,,321,e3_direct,,4,,,,torch.float64,,,,2e-10,2e-10,,,,,,,,,,,,,7.91033905045424e-16,,3.8778676330239375e-06,,,,improper_with_translation,,,,,,,,,,,,,B,,mixed_padding,,,pass
,,,,,,,322,e3_direct,,4,,,,torch.float64,,,,2e-10,2e-10,,,,,,,,,,,,,8.083811398051921e-16,,3.962911601289222e-06,,,,improper_with_translation,,,,,,,,,,,,,B+,,mixed_padding,,,pass
,,,,,,,323,synthetic_boundary,,,,,,torch.float64,,,,,,,,,,,,,,,,,,,,,,,,,,,,,,,,,,,,,A,,empty_neighborhood,,,pass
,,,,,,,324,synthetic_boundary,,,,,,torch.float64,,,,,,,,,,,,,,,,,,,,,,,,,,,,,,,,,,,,,B,,empty_neighborhood,,,pass
,,,,,,,325,synthetic_boundary,,,,,,torch.float64,,,,,,,,,,,,,,,,,,,,,,,,,,,,,,,,,,,,,B+,,empty_neighborhood,,,pass
,,,,,,,326,e3_direct,,4,,,,torch.float64,,,,2e-10,2e-10,,,,,,,,,,,,,0.0,,0.0,,,,rotation_1,,,,,,,,,,,,,A,,empty_neighborhood,,,pass
,,,,,,,327,e3_direct,,4,,,,torch.float64,,,,2e-10,2e-10,,,,,,,,,,,,,0.0,,0.0,,,,rotation_1,,,,,,,,,,,,,B,,empty_neighborhood,,,pass
,,,,,,,328,e3_direct,,4,,,,torch.float64,,,,2e-10,2e-10,,,,,,,,,,,,,0.0,,0.0,,,,rotation_1,,,,,,,,,,,,,B+,,empty_neighborhood,,,pass
,,,,,,,329,e3_direct,,4,,,,torch.float64,,,,2e-10,2e-10,,,,,,,,,,,,,0.0,,0.0,,,,rotation_2,,,,,,,,,,,,,A,,empty_neighborhood,,,pass
,,,,,,,330,e3_direct,,4,,,,torch.float64,,,,2e-10,2e-10,,,,,,,,,,,,,0.0,,0.0,,,,rotation_2,,,,,,,,,,,,,B,,empty_neighborhood,,,pass
,,,,,,,331,e3_direct,,4,,,,torch.float64,,,,2e-10,2e-10,,,,,,,,,,,,,0.0,,0.0,,,,rotation_2,,,,,,,,,,,,,B+,,empty_neighborhood,,,pass
,,,,,,,332,e3_direct,,4,,,,torch.float64,,,,2e-10,2e-10,,,,,,,,,,,,,0.0,,0.0,,,,reflection,,,,,,,,,,,,,A,,empty_neighborhood,,,pass
,,,,,,,333,e3_direct,,4,,,,torch.float64,,,,2e-10,2e-10,,,,,,,,,,,,,0.0,,0.0,,,,reflection,,,,,,,,,,,,,B,,empty_neighborhood,,,pass
,,,,,,,334,e3_direct,,4,,,,torch.float64,,,,2e-10,2e-10,,,,,,,,,,,,,0.0,,0.0,,,,reflection,,,,,,,,,,,,,B+,,empty_neighborhood,,,pass
,,,,,,,335,e3_direct,,4,,,,torch.float64,,,,2e-10,2e-10,,,,,,,,,,,,,0.0,,0.0,,,,inversion,,,,,,,,,,,,,A,,empty_neighborhood,,,pass
,,,,,,,336,e3_direct,,4,,,,torch.float64,,,,2e-10,2e-10,,,,,,,,,,,,,0.0,,0.0,,,,inversion,,,,,,,,,,,,,B,,empty_neighborhood,,,pass
,,,,,,,337,e3_direct,,4,,,,torch.float64,,,,2e-10,2e-10,,,,,,,,,,,,,0.0,,0.0,,,,inversion,,,,,,,,,,,,,B+,,empty_neighborhood,,,pass
,,,,,,,338,e3_direct,,4,,,,torch.float64,,,,2e-10,2e-10,,,,,,,,,,,,,0.0,,0.0,,,,improper_with_translation,,,,,,,,,,,,,A,,empty_neighborhood,,,pass
,,,,,,,339,e3_direct,,4,,,,torch.float64,,,,2e-10,2e-10,,,,,,,,,,,,,0.0,,0.0,,,,improper_with_translation,,,,,,,,,,,,,B,,empty_neighborhood,,,pass
,,,,,,,340,e3_direct,,4,,,,torch.float64,,,,2e-10,2e-10,,,,,,,,,,,,,0.0,,0.0,,,,improper_with_translation,,,,,,,,,,,,,B+,,empty_neighborhood,,,pass
,,,,,0,0,341,e3_rebuilt,,4,,,,torch.float64,,,,2e-06,2e-06,,,,0.0,,pass,0.0,,,,,,0.0,,0.0,,,,translation,,,,,,,,,,,,,A,,empty_neighborhood,,,pass
,,,,,0,0,342,e3_rebuilt,,4,,,,torch.float64,,,,2e-06,2e-06,,,,0.0,,pass,0.0,,,,,,0.0,,0.0,,,,translation,,,,,,,,,,,,,B,,empty_neighborhood,,,pass
,,,,,0,0,343,e3_rebuilt,,4,,,,torch.float64,,,,2e-06,2e-06,,,,0.0,,pass,0.0,,,,,,0.0,,0.0,,,,translation,,,,,,,,,,,,,B+,,empty_neighborhood,,,pass
,,,,,,,344,synthetic_boundary,,,,,,torch.float64,,,,,,,,,,,,,,,,,,,,,,,,,,,,,,,,,,,,,A,,all_padding,,,pass
,,,,,,,345,synthetic_boundary,,,,,,torch.float64,,,,,,,,,,,,,,,,,,,,,,,,,,,,,,,,,,,,,B,,all_padding,,,pass
,,,,,,,346,synthetic_boundary,,,,,,torch.float64,,,,,,,,,,,,,,,,,,,,,,,,,,,,,,,,,,,,,B+,,all_padding,,,pass
,,,,,,,347,synthetic_boundary,,,,,,torch.float64,,,,,,,,,,,,,,,,,,,,,,,,,,,,,,,,,,,,,A,,zero_slots,,,pass
,,,,,,,348,synthetic_boundary,,,,,,torch.float64,,,,,,,,,,,,,,,,,,,,,,,,,,,,,,,,,,,,,B,,zero_slots,,,pass
,,,,,,,349,synthetic_boundary,,,,,,torch.float64,,,,,,,,,,,,,,,,,,,,,,,,,,,,,,,,,,,,,B+,,zero_slots,,,pass
,,,,,,,350,e3_direct,,4,,,,torch.float32,,,,2e-05,2e-05,,,,,,,,,mp-aaabofsw,,,10086,5.960464477539062e-07,124,0.015287240967154503,,64,7704,rotation_1,,,460180,,,,max_pairs,,,,,,B+,,,,train,pass
,,,,,,,351,e3_direct,,4,,,,torch.float32,,,,2e-05,2e-05,,,,,,,,,mp-aaabofsw,,,10086,7.152557373046875e-07,124,0.015287240967154503,,64,7704,rotation_2,,,460180,,,,max_pairs,,,,,,B+,,,,train,pass
,,,,,,,352,e3_direct,,4,,,,torch.float32,,,,2e-05,2e-05,,,,,,,,,mp-aaabofsw,,,10086,1.734723475976807e-18,124,8.673617379884035e-14,,64,7704,reflection,,,460180,,,,max_pairs,,,,,,B+,,,,train,pass
,,,,,,,353,e3_direct,,4,,,,torch.float32,,,,2e-05,2e-05,,,,,,,,,mp-aaabofsw,,,10086,0.0,124,0.0,,64,7704,inversion,,,460180,,,,max_pairs,,,,,,B+,,,,train,pass
,,,,,,,354,e3_direct,,4,,,,torch.float32,,,,2e-05,2e-05,,,,,,,,,mp-aaabofsw,,,10086,5.960464477539062e-07,124,0.015287240967154503,,64,7704,improper_with_translation,,,460180,,,,max_pairs,,,,,,B+,,,,train,pass
,,,,,0,0,355,e3_rebuilt,,4,,,,torch.float32,,,,0.0001,0.0001,,,,9.5367431640625e-07,,pass,7.152557373046875e-07,,mp-aaabofsw,,,10086,1.8477439880371094e-06,124,0.014797006733715534,,64,7704,translation,,,460180,,,,max_pairs,,,,,,B+,,,,train,pass
,,,,,0,0,356,representation,,4,,,,torch.float32,,,,0.0001,0.0001,,,,0.0,,pass,0.0,,mp-aaabofsw,,,10086,2.0265579223632812e-06,124,0.016280684620141983,,64,7704,permutation,,,460180,,,,max_pairs,,,,,,B+,,,,train,pass
,,,,,0,0,357,representation,,4,,,,torch.float32,,,,0.0001,0.0001,,,,2.86102294921875e-06,,pass,3.2186508178710938e-06,,mp-aaabofsw,,,10086,3.129243850708008e-06,124,0.02595789171755314,,64,7704,integer_images,,,460180,,,,max_pairs,,,,,,B+,,,,train,pass
,,,,,0,0,358,representation,,4,,,,torch.float32,,,,0.0001,0.0001,,,,4.76837158203125e-07,,pass,2.842170943040401e-14,,mp-aaabofsw,,,10086,1.430511474609375e-06,124,0.012664809823036194,,64,7704,basis_swap,,,460180,,,,max_pairs,,,,,,B+,,,,train,pass
,,,,,0,0,359,representation,,4,,,,torch.float32,,,,0.0001,0.0001,,,,9.5367431640625e-07,,pass,1.430511474609375e-06,,mp-aaabofsw,,,10086,2.1457672119140625e-06,124,0.01732661761343479,,64,7704,basis_shear,,,460180,,,,max_pairs,,,,,,B+,,,,train,pass
,,,,,,,360,supercell,,4,,,,torch.float32,,,,0.0001,0.0001,,,,,,,,,mp-aaabofsw,,,10086,1.7583370208740234e-06,124,0.015810931101441383,,64,7704,2x1x1,,,460180,,,,max_pairs,2.0,,,,,B+,,,,train,pass
,,,,,,,361,real_shared_e3,,4,,,,torch.float32,,,,2e-05,2e-05,,,,,,,,,mp-aaabofsw,,,10086,7.152557373046875e-07,124,0.019934827461838722,,64,7704,rotation_1,,,460180,,,,max_pairs,,,,,,A,,,,train,pass
,,,,,,,362,real_shared_e3,,4,,,,torch.float32,,,,2e-05,2e-05,,,,,,,,,mp-aaabofsw,,,10086,5.960464477539062e-07,124,0.015637626871466637,,64,7704,rotation_1,,,460180,,,,max_pairs,,,,,,B,,,,train,pass
,,,,,,,363,real_shared_e3,,4,,,,torch.float32,,,,2e-05,2e-05,,,,,,,,,mp-aaabofsw,,,10086,5.960464477539062e-07,124,0.015287240967154503,,64,7704,rotation_1,,,460180,,,,max_pairs,,,,,,B+,,,,train,pass
,,,,,,,364,high_order_invariant_e3,,,,,,torch.float32,,,,,,,,,,,,,,mp-aaabofsw,,,10086,1.6763806343078613e-08,124,,,64,7704,rotation_1,,,460180,,,,max_pairs,,,,,,B+,,,,train,pass
,,,,,,,365,real_shared_e3,,4,,,,torch.float32,,,,2e-05,2e-05,,,,,,,,,mp-aaabofsw,,,10086,0.0,124,0.0,,64,7704,reflection,,,460180,,,,max_pairs,,,,,,A,,,,train,pass
,,,,,,,366,real_shared_e3,,4,,,,torch.float32,,,,2e-05,2e-05,,,,,,,,,mp-aaabofsw,,,10086,1.734723475976807e-18,124,8.673617379884035e-14,,64,7704,reflection,,,460180,,,,max_pairs,,,,,,B,,,,train,pass
,,,,,,,367,real_shared_e3,,4,,,,torch.float32,,,,2e-05,2e-05,,,,,,,,,mp-aaabofsw,,,10086,1.734723475976807e-18,124,8.673617379884035e-14,,64,7704,reflection,,,460180,,,,max_pairs,,,,,,B+,,,,train,pass
,,,,,,,368,high_order_invariant_e3,,,,,,torch.float32,,,,,,,,,,,,,,mp-aaabofsw,,,10086,0.0,124,,,64,7704,reflection,,,460180,,,,max_pairs,,,,,,B+,,,,train,pass
,,,107.86664581298828,,,,369,real_shear_response,,,,2,,torch.float32,7680,7704,,,,,,,,,,,,mp-aaabofsw,,,10086,,124,,0.003391861915588379,64,7704,,,,460180,,,,max_pairs,,0.0010799294484512526,,,,A,,,,train,pass
,,,97.15403747558594,,,,370,real_shear_response,,,,2,,torch.float32,7680,7704,,,,,,,,,,,,mp-aaabofsw,,,10086,,124,,0.005296841263771057,64,7704,,,,460180,,,,max_pairs,,0.0020240417635254554,,,,B,,,,train,pass
,,,97.15415954589844,,,,371,real_shear_response,,,,2,,torch.float32,7680,7704,,,,,,,,,,,,mp-aaabofsw,,,10086,,124,,0.005299948155879974,64,7704,,,,460180,,,,max_pairs,,0.0020235192741941185,,,,B+,,,,train,pass
,"[""local_input.weight"", ""local_input.bias"", ""local_output.weight"", ""local_output.bias"", ""blocks.0.edge_mlp.0.weight"", ""blocks.0.edge_mlp.0.bias"", ""blocks.0.edge_mlp.2.weight"", ""blocks.0.edge_mlp.2.bias"", ""blocks.0.angle_mlp.0.weight"", ""blocks.0.angle_mlp.0.bias"", ""blocks.0.angle_mlp.2.weight"", ""blocks.0.angle_mlp.2.bias"", ""blocks.0.update.0.weight"", ""blocks.0.update.0.bias"", ""blocks.0.update.2.weight"", ""blocks.0.update.2.bias"", ""blocks.0.norm.weight"", ""blocks.0.norm.bias"", ""blocks.1.edge_mlp.0.weight"", ""blocks.1.edge_mlp.0.bias"", ""blocks.1.edge_mlp.2.weight"", ""blocks.1.edge_mlp.2.bias"", ""blocks.1.angle_mlp.0.weight"", ""blocks.1.angle_mlp.0.bias"", ""blocks.1.angle_mlp.2.weight"", ""blocks.1.angle_mlp.2.bias"", ""blocks.1.update.0.weight"", ""blocks.1.update.0.bias"", ""blocks.1.update.2.weight"", ""blocks.1.update.2.bias"", ""blocks.1.norm.weight"", ""blocks.1.norm.bias""]",18.105129045201465,,True,,,372,resources,,,,,,torch.float32,,,,,,True,21.91047431738116,3.0460126909893006,,0.02599150687456131,,,3.805345272179693,mp-aaabofsw,,[],10086,,124,,,64,7704,,,True,460180,597.83984375,1052.62109375,,max_pairs,,,0,,,A,1052.62109375,,,train,pass
,"[""local_input.weight"", ""local_input.bias"", ""local_output.weight"", ""local_output.bias"", ""blocks.0.tp.weight"", ""blocks.0.mix.weight"", ""blocks.0.radial_gate.0.weight"", ""blocks.0.radial_gate.0.bias"", ""blocks.0.radial_gate.2.weight"", ""blocks.0.radial_gate.2.bias"", ""blocks.0.update.0.weight"", ""blocks.0.update.0.bias"", ""blocks.0.update.2.weight"", ""blocks.0.update.2.bias"", ""blocks.0.norm.weight"", ""blocks.0.norm.bias"", ""blocks.0.direction_gate.weight"", ""blocks.0.direction_gate.bias"", ""blocks.1.tp.weight"", ""blocks.1.mix.weight"", ""blocks.1.radial_gate.0.weight"", ""blocks.1.radial_gate.0.bias"", ""blocks.1.radial_gate.2.weight"", ""blocks.1.radial_gate.2.bias"", ""blocks.1.update.0.weight"", ""blocks.1.update.0.bias"", ""blocks.1.update.2.weight"", ""blocks.1.update.2.bias"", ""blocks.1.norm.weight"", ""blocks.1.norm.bias""]",0.13743393286131322,,True,,,373,resources,,,,,,torch.float32,,,,,,True,0.21392305986955762,0.07302015204913914,,0.02599150687456131,,,0.0764891270082444,mp-aaabofsw,,[],10086,,124,,,64,7704,,,True,460180,1052.62109375,1052.62109375,,max_pairs,,,0,,,B,1052.62109375,,,train,pass
,"[""local_input.weight"", ""local_input.bias"", ""local_output.weight"", ""local_output.bias"", ""blocks.0.tp.weight"", ""blocks.0.mix.weight"", ""blocks.0.radial_gate.0.weight"", ""blocks.0.radial_gate.0.bias"", ""blocks.0.radial_gate.2.weight"", ""blocks.0.radial_gate.2.bias"", ""blocks.0.update.0.weight"", ""blocks.0.update.0.bias"", ""blocks.0.update.2.weight"", ""blocks.0.update.2.bias"", ""blocks.0.norm.weight"", ""blocks.0.norm.bias"", ""blocks.0.direction_gate.weight"", ""blocks.0.direction_gate.bias"", ""blocks.1.tp.weight"", ""blocks.1.mix.weight"", ""blocks.1.radial_gate.0.weight"", ""blocks.1.radial_gate.0.bias"", ""blocks.1.radial_gate.2.weight"", ""blocks.1.radial_gate.2.bias"", ""blocks.1.update.0.weight"", ""blocks.1.update.0.bias"", ""blocks.1.update.2.weight"", ""blocks.1.update.2.bias"", ""blocks.1.norm.weight"", ""blocks.1.norm.bias""]",0.14444157015532255,,True,,,374,resources,,,,,,torch.float32,,,,,,True,0.22559979115612805,0.07923399680294096,,0.02599150687456131,,,0.0811582210008055,mp-aaabofsw,,[],10086,,124,,,64,7704,,,True,460180,1052.62109375,1052.62109375,,max_pairs,,,0,,,B+,1052.62109375,,,train,pass
,"[""local_input.weight"", ""local_input.bias"", ""local_output.weight"", ""local_output.bias"", ""blocks.0.tp.weight"", ""blocks.0.mix.weight"", ""blocks.0.radial_gate.0.weight"", ""blocks.0.radial_gate.0.bias"", ""blocks.0.radial_gate.2.weight"", ""blocks.0.radial_gate.2.bias"", ""blocks.0.update.0.weight"", ""blocks.0.update.0.bias"", ""blocks.0.update.2.weight"", ""blocks.0.update.2.bias"", ""blocks.0.norm.weight"", ""blocks.0.norm.bias"", ""blocks.0.direction_gate.weight"", ""blocks.0.direction_gate.bias"", ""blocks.1.tp.weight"", ""blocks.1.mix.weight"", ""blocks.1.radial_gate.0.weight"", ""blocks.1.radial_gate.0.bias"", ""blocks.1.radial_gate.2.weight"", ""blocks.1.radial_gate.2.bias"", ""blocks.1.update.0.weight"", ""blocks.1.update.0.bias"", ""blocks.1.update.2.weight"", ""blocks.1.update.2.bias"", ""blocks.1.norm.weight"", ""blocks.1.norm.bias""]",0.13744338788092136,,True,,,375,resources,,,,,,torch.float32,,,,,,True,0.21322038490325212,0.07076408201828599,,0.02599150687456131,,,0.07577699702233076,mp-aaabofsw,,[],10086,,124,,,64,7704,,,True,460180,1052.62109375,1052.62109375,,max_pairs,,,1,,,B,1052.62109375,,,train,pass
,"[""local_input.weight"", ""local_input.bias"", ""local_output.weight"", ""local_output.bias"", ""blocks.0.tp.weight"", ""blocks.0.mix.weight"", ""blocks.0.radial_gate.0.weight"", ""blocks.0.radial_gate.0.bias"", ""blocks.0.radial_gate.2.weight"", ""blocks.0.radial_gate.2.bias"", ""blocks.0.update.0.weight"", ""blocks.0.update.0.bias"", ""blocks.0.update.2.weight"", ""blocks.0.update.2.bias"", ""blocks.0.norm.weight"", ""blocks.0.norm.bias"", ""blocks.0.direction_gate.weight"", ""blocks.0.direction_gate.bias"", ""blocks.1.tp.weight"", ""blocks.1.mix.weight"", ""blocks.1.radial_gate.0.weight"", ""blocks.1.radial_gate.0.bias"", ""blocks.1.radial_gate.2.weight"", ""blocks.1.radial_gate.2.bias"", ""blocks.1.update.0.weight"", ""blocks.1.update.0.bias"", ""blocks.1.update.2.weight"", ""blocks.1.update.2.bias"", ""blocks.1.norm.weight"", ""blocks.1.norm.bias""]",0.14657823811285198,,True,,,376,resources,,,,,,torch.float32,,,,,,True,0.22949564224109054,0.07827943610027432,,0.02599150687456131,,,0.08291740412823856,mp-aaabofsw,,[],10086,,124,,,64,7704,,,True,460180,1052.62109375,1052.62109375,,max_pairs,,,1,,,B+,1052.62109375,,,train,pass
,"[""local_input.weight"", ""local_input.bias"", ""local_output.weight"", ""local_output.bias"", ""blocks.0.edge_mlp.0.weight"", ""blocks.0.edge_mlp.0.bias"", ""blocks.0.edge_mlp.2.weight"", ""blocks.0.edge_mlp.2.bias"", ""blocks.0.angle_mlp.0.weight"", ""blocks.0.angle_mlp.0.bias"", ""blocks.0.angle_mlp.2.weight"", ""blocks.0.angle_mlp.2.bias"", ""blocks.0.update.0.weight"", ""blocks.0.update.0.bias"", ""blocks.0.update.2.weight"", ""blocks.0.update.2.bias"", ""blocks.0.norm.weight"", ""blocks.0.norm.bias"", ""blocks.1.edge_mlp.0.weight"", ""blocks.1.edge_mlp.0.bias"", ""blocks.1.edge_mlp.2.weight"", ""blocks.1.edge_mlp.2.bias"", ""blocks.1.angle_mlp.0.weight"", ""blocks.1.angle_mlp.0.bias"", ""blocks.1.angle_mlp.2.weight"", ""blocks.1.angle_mlp.2.bias"", ""blocks.1.update.0.weight"", ""blocks.1.update.0.bias"", ""blocks.1.update.2.weight"", ""blocks.1.update.2.bias"", ""blocks.1.norm.weight"", ""blocks.1.norm.bias""]",18.079666120931506,,True,,,377,resources,,,,,,torch.float32,,,,,,True,21.583834204124287,3.2415787579957396,,0.02599150687456131,,,3.5041680831927806,mp-aaabofsw,,[],10086,,124,,,64,7704,,,True,460180,1052.62109375,1052.62109375,,max_pairs,,,1,,,A,1052.62109375,,,train,pass
,"[""local_input.weight"", ""local_input.bias"", ""local_output.weight"", ""local_output.bias"", ""blocks.0.tp.weight"", ""blocks.0.mix.weight"", ""blocks.0.radial_gate.0.weight"", ""blocks.0.radial_gate.0.bias"", ""blocks.0.radial_gate.2.weight"", ""blocks.0.radial_gate.2.bias"", ""blocks.0.update.0.weight"", ""blocks.0.update.0.bias"", ""blocks.0.update.2.weight"", ""blocks.0.update.2.bias"", ""blocks.0.norm.weight"", ""blocks.0.norm.bias"", ""blocks.0.direction_gate.weight"", ""blocks.0.direction_gate.bias"", ""blocks.1.tp.weight"", ""blocks.1.mix.weight"", ""blocks.1.radial_gate.0.weight"", ""blocks.1.radial_gate.0.bias"", ""blocks.1.radial_gate.2.weight"", ""blocks.1.radial_gate.2.bias"", ""blocks.1.update.0.weight"", ""blocks.1.update.0.bias"", ""blocks.1.update.2.weight"", ""blocks.1.update.2.bias"", ""blocks.1.norm.weight"", ""blocks.1.norm.bias""]",0.1451400408986956,,True,,,378,resources,,,,,,torch.float32,,,,,,True,0.22841153386980295,0.078910524956882,,0.02599150687456131,,,0.08327149297110736,mp-aaabofsw,,[],10086,,124,,,64,7704,,,True,460180,1052.62109375,1052.62109375,,max_pairs,,,2,,,B+,1052.62109375,,,train,pass
,"[""local_input.weight"", ""local_input.bias"", ""local_output.weight"", ""local_output.bias"", ""blocks.0.edge_mlp.0.weight"", ""blocks.0.edge_mlp.0.bias"", ""blocks.0.edge_mlp.2.weight"", ""blocks.0.edge_mlp.2.bias"", ""blocks.0.angle_mlp.0.weight"", ""blocks.0.angle_mlp.0.bias"", ""blocks.0.angle_mlp.2.weight"", ""blocks.0.angle_mlp.2.bias"", ""blocks.0.update.0.weight"", ""blocks.0.update.0.bias"", ""blocks.0.update.2.weight"", ""blocks.0.update.2.bias"", ""blocks.0.norm.weight"", ""blocks.0.norm.bias"", ""blocks.1.edge_mlp.0.weight"", ""blocks.1.edge_mlp.0.bias"", ""blocks.1.edge_mlp.2.weight"", ""blocks.1.edge_mlp.2.bias"", ""blocks.1.angle_mlp.0.weight"", ""blocks.1.angle_mlp.0.bias"", ""blocks.1.angle_mlp.2.weight"", ""blocks.1.angle_mlp.2.bias"", ""blocks.1.update.0.weight"", ""blocks.1.update.0.bias"", ""blocks.1.update.2.weight"", ""blocks.1.update.2.bias"", ""blocks.1.norm.weight"", ""blocks.1.norm.bias""]",17.920917470008135,,True,,,379,resources,,,,,,torch.float32,,,,,,True,21.443058690987527,3.2036770968697965,,0.02599150687456131,,,3.5221412209793925,mp-aaabofsw,,[],10086,,124,,,64,7704,,,True,460180,1052.62109375,1052.62109375,,max_pairs,,,2,,,A,1052.62109375,,,train,pass
,"[""local_input.weight"", ""local_input.bias"", ""local_output.weight"", ""local_output.bias"", ""blocks.0.tp.weight"", ""blocks.0.mix.weight"", ""blocks.0.radial_gate.0.weight"", ""blocks.0.radial_gate.0.bias"", ""blocks.0.radial_gate.2.weight"", ""blocks.0.radial_gate.2.bias"", ""blocks.0.update.0.weight"", ""blocks.0.update.0.bias"", ""blocks.0.update.2.weight"", ""blocks.0.update.2.bias"", ""blocks.0.norm.weight"", ""blocks.0.norm.bias"", ""blocks.0.direction_gate.weight"", ""blocks.0.direction_gate.bias"", ""blocks.1.tp.weight"", ""blocks.1.mix.weight"", ""blocks.1.radial_gate.0.weight"", ""blocks.1.radial_gate.0.bias"", ""blocks.1.radial_gate.2.weight"", ""blocks.1.radial_gate.2.bias"", ""blocks.1.update.0.weight"", ""blocks.1.update.0.bias"", ""blocks.1.update.2.weight"", ""blocks.1.update.2.bias"", ""blocks.1.norm.weight"", ""blocks.1.norm.bias""]",0.1384698930196464,,True,,,380,resources,,,,,,torch.float32,,,,,,True,0.21407377300783992,0.07248251582495868,,0.02599150687456131,,,0.07560387998819351,mp-aaabofsw,,[],10086,,124,,,64,7704,,,True,460180,1052.62109375,1052.62109375,,max_pairs,,,2,,,B,1052.62109375,,,train,pass
,,,,,,,381,e3_direct,,4,,,,torch.float64,,,,2e-10,2e-10,,,,,,,,,mp-aaabofsw,,,10086,1.2628786905111156e-15,124,5.732802230164468e-06,,64,7704,rotation_1,,,460180,,,,max_pairs,,,,,,B+,,,,train,pass
,,,,,,,382,e3_direct,,4,,,,torch.float64,,,,2e-10,2e-10,,,,,,,,,mp-aaabofsw,,,10086,1.3322676295501878e-15,124,3.871311284174471e-06,,64,7704,rotation_2,,,460180,,,,max_pairs,,,,,,B+,,,,train,pass
,,,,,,,383,e3_direct,,4,,,,torch.float64,,,,2e-10,2e-10,,,,,,,,,mp-aaabofsw,,,10086,2.220446049250313e-16,124,1.025259612959598e-06,,64,7704,reflection,,,460180,,,,max_pairs,,,,,,B+,,,,train,pass
,,,,,,,384,e3_direct,,4,,,,torch.float64,,,,2e-10,2e-10,,,,,,,,,mp-aaabofsw,,,10086,0.0,124,0.0,,64,7704,inversion,,,460180,,,,max_pairs,,,,,,B+,,,,train,pass
,,,,,,,385,e3_direct,,4,,,,torch.float64,,,,2e-10,2e-10,,,,,,,,,mp-aaabofsw,,,10086,1.2628786905111156e-15,124,5.732802230164468e-06,,64,7704,improper_with_translation,,,460180,,,,max_pairs,,,,,,B+,,,,train,pass
,,,,,0,0,386,e3_rebuilt,,4,,,,torch.float64,,,,2e-06,2e-06,,,,2.6645352591003757e-15,,pass,2.6645352591003757e-15,,mp-aaabofsw,,,10086,3.552713678800501e-15,124,1.5143368160827835e-09,,64,7704,translation,,,460180,,,,max_pairs,,,,,,B+,,,,train,pass
,,,,,0,0,387,representation,,4,,,,torch.float64,,,,2e-06,2e-06,,,,0.0,,pass,0.0,,mp-aaabofsw,,,10086,2.706168622523819e-15,124,1.2407010700166045e-09,,64,7704,permutation,,,460180,,,,max_pairs,,,,,,B+,,,,train,pass
,,,,,0,0,388,representation,,4,,,,torch.float64,,,,2e-06,2e-06,,,,0.0,,pass,0.0,,mp-aaabofsw,,,10086,1.5543122344752192e-15,124,5.56853585962914e-10,,64,7704,integer_images,,,460180,,,,max_pairs,,,,,,B+,,,,train,pass
,,,,,0,0,389,representation,,4,,,,torch.float64,,,,2e-06,2e-06,,,,8.881784197001252e-16,,pass,9.860761315262648e-32,,mp-aaabofsw,,,10086,2.6645352591003757e-15,124,7.635083229648649e-10,,64,7704,basis_swap,,,460180,,,,max_pairs,,,,,,B+,,,,train,pass
,,,,,0,0,390,representation,,4,,,,torch.float64,,,,2e-06,2e-06,,,,3.552713678800501e-15,,pass,1.1102230246251565e-15,,mp-aaabofsw,,,10086,3.9968028886505635e-15,124,1.616014287124676e-09,,64,7704,basis_shear,,,460180,,,,max_pairs,,,,,,B+,,,,train,pass
,,,,,,,391,supercell,,4,,,,torch.float64,,,,2e-06,2e-06,,,,,,,,,mp-aaabofsw,,,10086,3.219646771412954e-15,124,1.2832526240509197e-09,,64,7704,2x1x1,,,460180,,,,max_pairs,2.0,,,,,B+,,,,train,pass
,,,,,,,392,e3_direct,,4,,,,torch.float32,,,,2e-05,2e-05,,,,,,,,,mp-aaacpjac,,,15488,2.539537717893836e-07,200,0.01269768550992012,,4,800,rotation_1,,,79600,,,,max_degree,,,,,,B+,,,,train,pass
,,,,,,,393,e3_direct,,4,,,,torch.float32,,,,2e-05,2e-05,,,,,,,,,mp-aaacpjac,,,15488,2.1501716673810733e-07,200,0.010750855319201946,,4,800,rotation_2,,,79600,,,,max_degree,,,,,,B+,,,,train,pass
,,,,,,,394,e3_direct,,4,,,,torch.float32,,,,2e-05,2e-05,,,,,,,,,mp-aaacpjac,,,15488,0.0,200,0.0,,4,800,reflection,,,79600,,,,max_degree,,,,,,B+,,,,train,pass
,,,,,,,395,e3_direct,,4,,,,torch.float32,,,,2e-05,2e-05,,,,,,,,,mp-aaacpjac,,,15488,0.0,200,0.0,,4,800,inversion,,,79600,,,,max_degree,,,,,,B+,,,,train,pass
,,,,,,,396,e3_direct,,4,,,,torch.float32,,,,2e-05,2e-05,,,,,,,,,mp-aaacpjac,,,15488,2.539537717893836e-07,200,0.01269768550992012,,4,800,improper_with_translation,,,79600,,,,max_degree,,,,,,B+,,,,train,pass
,,,,,0,0,397,e3_rebuilt,,4,,,,torch.float32,,,,0.0001,0.0001,,,,1.1920928955078125e-07,,pass,1.1920928955078125e-07,,mp-aaacpjac,,,15488,4.76837158203125e-07,200,0.003741332096979022,,4,800,translation,,,79600,,,,max_degree,,,,,,B+,,,,train,pass
,,,,,0,0,398,representation,,4,,,,torch.float32,,,,0.0001,0.0001,,,,0.0,,pass,0.0,,mp-aaacpjac,,,15488,1.2367963790893555e-06,200,0.010312467813491821,,4,800,permutation,,,79600,,,,max_degree,,,,,,B+,,,,train,pass
,,,,,0,0,399,representation,,4,,,,torch.float32,,,,0.0001,0.0001,,,,0.0,,pass,0.0,,mp-aaacpjac,,,15488,1.1622905731201172e-06,200,0.009159573353827,,4,800,integer_images,,,79600,,,,max_degree,,,,,,B+,,,,train,pass
,,,,,0,0,400,representation,,4,,,,torch.float32,,,,0.0001,0.0001,,,,4.76837158203125e-07,,pass,2.842170943040401e-14,,mp-aaacpjac,,,15488,1.2367963790893555e-06,200,0.010312467813491821,,4,800,basis_swap,,,79600,,,,max_degree,,,,,,B+,,,,train,pass
,,,,,0,0,401,representation,,4,,,,torch.float32,,,,0.0001,0.0001,,,,4.76837158203125e-07,,pass,4.76837158203125e-07,,mp-aaacpjac,,,15488,2.086162567138672e-06,200,0.01644025929272175,,4,800,basis_shear,,,79600,,,,max_degree,,,,,,B+,,,,train,pass
,,,,,,,402,real_shared_e3,,4,,,,torch.float32,,,,2e-05,2e-05,,,,,,,,,mp-aaacpjac,,,15488,5.960464477539062e-07,200,0.02687847428023815,,4,800,rotation_1,,,79600,,,,max_degree,,,,,,A,,,,train,pass
,,,,,,,403,real_shared_e3,,4,,,,torch.float32,,,,2e-05,2e-05,,,,,,,,,mp-aaacpjac,,,15488,3.5071846582468424e-07,200,0.017535917460918427,,4,800,rotation_1,,,79600,,,,max_degree,,,,,,B,,,,train,pass
,,,,,,,404,real_shared_e3,,4,,,,torch.float32,,,,2e-05,2e-05,,,,,,,,,mp-aaacpjac,,,15488,2.539537717893836e-07,200,0.01269768550992012,,4,800,rotation_1,,,79600,,,,max_degree,,,,,,B+,,,,train,pass
,,,,,,,405,high_order_invariant_e3,,,,,,torch.float32,,,,,,,,,,,,,,mp-aaacpjac,,,15488,1.862645149230957e-09,200,,,4,800,rotation_1,,,79600,,,,max_degree,,,,,,B+,,,,train,pass
,,,,,,,406,real_shared_e3,,4,,,,torch.float32,,,,2e-05,2e-05,,,,,,,,,mp-aaacpjac,,,15488,0.0,200,0.0,,4,800,reflection,,,79600,,,,max_degree,,,,,,A,,,,train,pass
,,,,,,,407,real_shared_e3,,4,,,,torch.float32,,,,2e-05,2e-05,,,,,,,,,mp-aaacpjac,,,15488,0.0,200,0.0,,4,800,reflection,,,79600,,,,max_degree,,,,,,B,,,,train,pass
,,,,,,,408,real_shared_e3,,4,,,,torch.float32,,,,2e-05,2e-05,,,,,,,,,mp-aaacpjac,,,15488,0.0,200,0.0,,4,800,reflection,,,79600,,,,max_degree,,,,,,B+,,,,train,pass
,,,,,,,409,high_order_invariant_e3,,,,,,torch.float32,,,,,,,,,,,,,,mp-aaacpjac,,,15488,0.0,200,,,4,800,reflection,,,79600,,,,max_degree,,,,,,B+,,,,train,pass
,,,27.311935424804688,,,,410,real_shear_response,,,,0,,torch.float32,800,800,,,,,,,,,,,,mp-aaacpjac,,,15488,,200,,1.6570091247558594e-05,4,800,,,,79600,,,,max_degree,,8.94450140484641e-06,,,,A,,,,train,pass
,,,24.402206420898438,,,,411,real_shear_response,,,,0,,torch.float32,800,800,,,,,,,,,,,,mp-aaacpjac,,,15488,,200,,3.063678741455078e-05,4,800,,,,79600,,,,max_degree,,1.5523341621453508e-05,,,,B,,,,train,pass
,,,24.401948928833008,,,,412,real_shear_response,,,,0,,torch.float32,800,800,,,,,,,,,,,,mp-aaacpjac,,,15488,,200,,3.0279159545898438e-05,4,800,,,,79600,,,,max_degree,,1.5447917841693246e-05,,,,B+,,,,train,pass
,"[""local_input.weight"", ""local_input.bias"", ""local_output.weight"", ""local_output.bias"", ""blocks.0.edge_mlp.0.weight"", ""blocks.0.edge_mlp.0.bias"", ""blocks.0.edge_mlp.2.weight"", ""blocks.0.edge_mlp.2.bias"", ""blocks.0.angle_mlp.0.weight"", ""blocks.0.angle_mlp.0.bias"", ""blocks.0.angle_mlp.2.weight"", ""blocks.0.angle_mlp.2.bias"", ""blocks.0.update.0.weight"", ""blocks.0.update.0.bias"", ""blocks.0.update.2.weight"", ""blocks.0.update.2.bias"", ""blocks.0.norm.weight"", ""blocks.0.norm.bias"", ""blocks.1.edge_mlp.0.weight"", ""blocks.1.edge_mlp.0.bias"", ""blocks.1.edge_mlp.2.weight"", ""blocks.1.edge_mlp.2.bias"", ""blocks.1.angle_mlp.0.weight"", ""blocks.1.angle_mlp.0.bias"", ""blocks.1.angle_mlp.2.weight"", ""blocks.1.angle_mlp.2.bias"", ""blocks.1.update.0.weight"", ""blocks.1.update.0.bias"", ""blocks.1.update.2.weight"", ""blocks.1.update.2.bias"", ""blocks.1.norm.weight"", ""blocks.1.norm.bias""]",3.080253749853,,True,,,413,resources,,,,,,torch.float32,,,,,,True,3.6520438080187887,0.525970176095143,,0.006016219966113567,,,0.5717900581657887,mp-aaacpjac,,[],15488,,200,,,4,800,,,True,79600,1052.62109375,1052.62109375,,max_degree,,,0,,,A,1052.62109375,,,train,pass
,"[""local_input.weight"", ""local_input.bias"", ""local_output.weight"", ""local_output.bias"", ""blocks.0.tp.weight"", ""blocks.0.mix.weight"", ""blocks.0.radial_gate.0.weight"", ""blocks.0.radial_gate.0.bias"", ""blocks.0.radial_gate.2.weight"", ""blocks.0.radial_gate.2.bias"", ""blocks.0.update.0.weight"", ""blocks.0.update.0.bias"", ""blocks.0.update.2.weight"", ""blocks.0.update.2.bias"", ""blocks.0.norm.weight"", ""blocks.0.norm.bias"", ""blocks.0.direction_gate.weight"", ""blocks.0.direction_gate.bias"", ""blocks.1.tp.weight"", ""blocks.1.mix.weight"", ""blocks.1.radial_gate.0.weight"", ""blocks.1.radial_gate.0.bias"", ""blocks.1.radial_gate.2.weight"", ""blocks.1.radial_gate.2.bias"", ""blocks.1.update.0.weight"", ""blocks.1.update.0.bias"", ""blocks.1.update.2.weight"", ""blocks.1.update.2.bias"", ""blocks.1.norm.weight"", ""blocks.1.norm.bias""]",0.022449204931035638,,True,,,414,resources,,,,,,torch.float32,,,,,,True,0.0367666978854686,0.013459675945341587,,0.006016219966113567,,,0.014317492954432964,mp-aaacpjac,,[],15488,,200,,,4,800,,,True,79600,1052.62109375,1052.62109375,,max_degree,,,0,,,B,1052.62109375,,,train,pass
,"[""local_input.weight"", ""local_input.bias"", ""local_output.weight"", ""local_output.bias"", ""blocks.0.tp.weight"", ""blocks.0.mix.weight"", ""blocks.0.radial_gate.0.weight"", ""blocks.0.radial_gate.0.bias"", ""blocks.0.radial_gate.2.weight"", ""blocks.0.radial_gate.2.bias"", ""blocks.0.update.0.weight"", ""blocks.0.update.0.bias"", ""blocks.0.update.2.weight"", ""blocks.0.update.2.bias"", ""blocks.0.norm.weight"", ""blocks.0.norm.bias"", ""blocks.0.direction_gate.weight"", ""blocks.0.direction_gate.bias"", ""blocks.1.tp.weight"", ""blocks.1.mix.weight"", ""blocks.1.radial_gate.0.weight"", ""blocks.1.radial_gate.0.bias"", ""blocks.1.radial_gate.2.weight"", ""blocks.1.radial_gate.2.bias"", ""blocks.1.update.0.weight"", ""blocks.1.update.0.bias"", ""blocks.1.update.2.weight"", ""blocks.1.update.2.bias"", ""blocks.1.norm.weight"", ""blocks.1.norm.bias""]",0.024161127861589193,,True,,,415,resources,,,,,,torch.float32,,,,,,True,0.04057847103103995,0.014760796912014484,,0.006016219966113567,,,0.01641734316945076,mp-aaacpjac,,[],15488,,200,,,4,800,,,True,79600,1052.62109375,1052.62109375,,max_degree,,,0,,,B+,1052.62109375,,,train,pass
,"[""local_input.weight"", ""local_input.bias"", ""local_output.weight"", ""local_output.bias"", ""blocks.0.tp.weight"", ""blocks.0.mix.weight"", ""blocks.0.radial_gate.0.weight"", ""blocks.0.radial_gate.0.bias"", ""blocks.0.radial_gate.2.weight"", ""blocks.0.radial_gate.2.bias"", ""blocks.0.update.0.weight"", ""blocks.0.update.0.bias"", ""blocks.0.update.2.weight"", ""blocks.0.update.2.bias"", ""blocks.0.norm.weight"", ""blocks.0.norm.bias"", ""blocks.0.direction_gate.weight"", ""blocks.0.direction_gate.bias"", ""blocks.1.tp.weight"", ""blocks.1.mix.weight"", ""blocks.1.radial_gate.0.weight"", ""blocks.1.radial_gate.0.bias"", ""blocks.1.radial_gate.2.weight"", ""blocks.1.radial_gate.2.bias"", ""blocks.1.update.0.weight"", ""blocks.1.update.0.bias"", ""blocks.1.update.2.weight"", ""blocks.1.update.2.bias"", ""blocks.1.norm.weight"", ""blocks.1.norm.bias""]",0.022331341868266463,,True,,,416,resources,,,,,,torch.float32,,,,,,True,0.03720425395295024,0.013101249933242798,,0.006016219966113567,,,0.014872912084683776,mp-aaacpjac,,[],15488,,200,,,4,800,,,True,79600,1052.62109375,1052.62109375,,max_degree,,,1,,,B,1052.62109375,,,train,pass
,"[""local_input.weight"", ""local_input.bias"", ""local_output.weight"", ""local_output.bias"", ""blocks.0.tp.weight"", ""blocks.0.mix.weight"", ""blocks.0.radial_gate.0.weight"", ""blocks.0.radial_gate.0.bias"", ""blocks.0.radial_gate.2.weight"", ""blocks.0.radial_gate.2.bias"", ""blocks.0.update.0.weight"", ""blocks.0.update.0.bias"", ""blocks.0.update.2.weight"", ""blocks.0.update.2.bias"", ""blocks.0.norm.weight"", ""blocks.0.norm.bias"", ""blocks.0.direction_gate.weight"", ""blocks.0.direction_gate.bias"", ""blocks.1.tp.weight"", ""blocks.1.mix.weight"", ""blocks.1.radial_gate.0.weight"", ""blocks.1.radial_gate.0.bias"", ""blocks.1.radial_gate.2.weight"", ""blocks.1.radial_gate.2.bias"", ""blocks.1.update.0.weight"", ""blocks.1.update.0.bias"", ""blocks.1.update.2.weight"", ""blocks.1.update.2.bias"", ""blocks.1.norm.weight"", ""blocks.1.norm.bias""]",0.024082041112706065,,True,,,417,resources,,,,,,torch.float32,,,,,,True,0.04057485400699079,0.01481155795045197,,0.006016219966113567,,,0.016492812894284725,mp-aaacpjac,,[],15488,,200,,,4,800,,,True,79600,1052.62109375,1052.62109375,,max_degree,,,1,,,B+,1052.62109375,,,train,pass
,"[""local_input.weight"", ""local_input.bias"", ""local_output.weight"", ""local_output.bias"", ""blocks.0.edge_mlp.0.weight"", ""blocks.0.edge_mlp.0.bias"", ""blocks.0.edge_mlp.2.weight"", ""blocks.0.edge_mlp.2.bias"", ""blocks.0.angle_mlp.0.weight"", ""blocks.0.angle_mlp.0.bias"", ""blocks.0.angle_mlp.2.weight"", ""blocks.0.angle_mlp.2.bias"", ""blocks.0.update.0.weight"", ""blocks.0.update.0.bias"", ""blocks.0.update.2.weight"", ""blocks.0.update.2.bias"", ""blocks.0.norm.weight"", ""blocks.0.norm.bias"", ""blocks.1.edge_mlp.0.weight"", ""blocks.1.edge_mlp.0.bias"", ""blocks.1.edge_mlp.2.weight"", ""blocks.1.edge_mlp.2.bias"", ""blocks.1.angle_mlp.0.weight"", ""blocks.1.angle_mlp.0.bias"", ""blocks.1.angle_mlp.2.weight"", ""blocks.1.angle_mlp.2.bias"", ""blocks.1.update.0.weight"", ""blocks.1.update.0.bias"", ""blocks.1.update.2.weight"", ""blocks.1.update.2.bias"", ""blocks.1.norm.weight"", ""blocks.1.norm.bias""]",3.0761158789973706,,True,,,418,resources,,,,,,torch.float32,,,,,,True,3.6382618220523,0.5246571220923215,,0.006016219966113567,,,0.5621459430549294,mp-aaacpjac,,[],15488,,200,,,4,800,,,True,79600,1052.62109375,1052.62109375,,max_degree,,,1,,,A,1052.62109375,,,train,pass
,"[""local_input.weight"", ""local_input.bias"", ""local_output.weight"", ""local_output.bias"", ""blocks.0.tp.weight"", ""blocks.0.mix.weight"", ""blocks.0.radial_gate.0.weight"", ""blocks.0.radial_gate.0.bias"", ""blocks.0.radial_gate.2.weight"", ""blocks.0.radial_gate.2.bias"", ""blocks.0.update.0.weight"", ""blocks.0.update.0.bias"", ""blocks.0.update.2.weight"", ""blocks.0.update.2.bias"", ""blocks.0.norm.weight"", ""blocks.0.norm.bias"", ""blocks.0.direction_gate.weight"", ""blocks.0.direction_gate.bias"", ""blocks.1.tp.weight"", ""blocks.1.mix.weight"", ""blocks.1.radial_gate.0.weight"", ""blocks.1.radial_gate.0.bias"", ""blocks.1.radial_gate.2.weight"", ""blocks.1.radial_gate.2.bias"", ""blocks.1.update.0.weight"", ""blocks.1.update.0.bias"", ""blocks.1.update.2.weight"", ""blocks.1.update.2.bias"", ""blocks.1.norm.weight"", ""blocks.1.norm.bias""]",0.024722862988710403,,True,,,419,resources,,,,,,torch.float32,,,,,,True,0.04141716496087611,0.015776590909808874,,0.006016219966113567,,,0.016694301972165704,mp-aaacpjac,,[],15488,,200,,,4,800,,,True,79600,1052.62109375,1052.62109375,,max_degree,,,2,,,B+,1052.62109375,,,train,pass
,"[""local_input.weight"", ""local_input.bias"", ""local_output.weight"", ""local_output.bias"", ""blocks.0.edge_mlp.0.weight"", ""blocks.0.edge_mlp.0.bias"", ""blocks.0.edge_mlp.2.weight"", ""blocks.0.edge_mlp.2.bias"", ""blocks.0.angle_mlp.0.weight"", ""blocks.0.angle_mlp.0.bias"", ""blocks.0.angle_mlp.2.weight"", ""blocks.0.angle_mlp.2.bias"", ""blocks.0.update.0.weight"", ""blocks.0.update.0.bias"", ""blocks.0.update.2.weight"", ""blocks.0.update.2.bias"", ""blocks.0.norm.weight"", ""blocks.0.norm.bias"", ""blocks.1.edge_mlp.0.weight"", ""blocks.1.edge_mlp.0.bias"", ""blocks.1.edge_mlp.2.weight"", ""blocks.1.edge_mlp.2.bias"", ""blocks.1.angle_mlp.0.weight"", ""blocks.1.angle_mlp.0.bias"", ""blocks.1.angle_mlp.2.weight"", ""blocks.1.angle_mlp.2.bias"", ""blocks.1.update.0.weight"", ""blocks.1.update.0.bias"", ""blocks.1.update.2.weight"", ""blocks.1.update.2.bias"", ""blocks.1.norm.weight"", ""blocks.1.norm.bias""]",3.069617564091459,,True,,,420,resources,,,,,,torch.float32,,,,,,True,3.6480687600560486,0.5349023081362247,,0.006016219966113567,,,0.5784511959645897,mp-aaacpjac,,[],15488,,200,,,4,800,,,True,79600,1052.62109375,1052.62109375,,max_degree,,,2,,,A,1052.62109375,,,train,pass
,"[""local_input.weight"", ""local_input.bias"", ""local_output.weight"", ""local_output.bias"", ""blocks.0.tp.weight"", ""blocks.0.mix.weight"", ""blocks.0.radial_gate.0.weight"", ""blocks.0.radial_gate.0.bias"", ""blocks.0.radial_gate.2.weight"", ""blocks.0.radial_gate.2.bias"", ""blocks.0.update.0.weight"", ""blocks.0.update.0.bias"", ""blocks.0.update.2.weight"", ""blocks.0.update.2.bias"", ""blocks.0.norm.weight"", ""blocks.0.norm.bias"", ""blocks.0.direction_gate.weight"", ""blocks.0.direction_gate.bias"", ""blocks.1.tp.weight"", ""blocks.1.mix.weight"", ""blocks.1.radial_gate.0.weight"", ""blocks.1.radial_gate.0.bias"", ""blocks.1.radial_gate.2.weight"", ""blocks.1.radial_gate.2.bias"", ""blocks.1.update.0.weight"", ""blocks.1.update.0.bias"", ""blocks.1.update.2.weight"", ""blocks.1.update.2.bias"", ""blocks.1.norm.weight"", ""blocks.1.norm.bias""]",0.022792367031797767,,True,,,421,resources,,,,,,torch.float32,,,,,,True,0.03768120892345905,0.013443424133583903,,0.006016219966113567,,,0.014888841891661286,mp-aaacpjac,,[],15488,,200,,,4,800,,,True,79600,1052.62109375,1052.62109375,,max_degree,,,2,,,B,1052.62109375,,,train,pass
,,,,,,,422,e3_direct,,4,,,,torch.float64,,,,2e-10,2e-10,,,,,,,,,mp-aaacpjac,,,15488,5.551115123125783e-16,200,1.7466859394350364e-06,,4,800,rotation_1,,,79600,,,,max_degree,,,,,,B+,,,,train,pass
,,,,,,,423,e3_direct,,4,,,,torch.float64,,,,2e-10,2e-10,,,,,,,,,mp-aaacpjac,,,15488,5.745769117756333e-16,200,2.872884555997425e-06,,4,800,rotation_2,,,79600,,,,max_degree,,,,,,B+,,,,train,pass
,,,,,,,424,e3_direct,,4,,,,torch.float64,,,,2e-10,2e-10,,,,,,,,,mp-aaacpjac,,,15488,4.85722573273506e-17,200,2.3470327535790382e-07,,4,800,reflection,,,79600,,,,max_degree,,,,,,B+,,,,train,pass
,,,,,,,425,e3_direct,,4,,,,torch.float64,,,,2e-10,2e-10,,,,,,,,,mp-aaacpjac,,,15488,0.0,200,0.0,,4,800,inversion,,,79600,,,,max_degree,,,,,,B+,,,,train,pass
,,,,,,,426,e3_direct,,4,,,,torch.float64,,,,2e-10,2e-10,,,,,,,,,mp-aaacpjac,,,15488,5.551115123125783e-16,200,1.7466859394350364e-06,,4,800,improper_with_translation,,,79600,,,,max_degree,,,,,,B+,,,,train,pass
,,,,,0,0,427,e3_rebuilt,,4,,,,torch.float64,,,,2e-06,2e-06,,,,8.881784197001252e-16,,pass,2.220446049250313e-16,,mp-aaacpjac,,,15488,8.881784197001252e-16,200,3.591859856418955e-10,,4,800,translation,,,79600,,,,max_degree,,,,,,B+,,,,train,pass
,,,,,0,0,428,representation,,4,,,,torch.float64,,,,2e-06,2e-06,,,,0.0,,pass,0.0,,mp-aaacpjac,,,15488,1.9984014443252818e-15,200,7.433731390223822e-10,,4,800,permutation,,,79600,,,,max_degree,,,,,,B+,,,,train,pass
,,,,,0,0,429,representation,,4,,,,torch.float64,,,,2e-06,2e-06,,,,0.0,,pass,0.0,,mp-aaacpjac,,,15488,1.7763568394002505e-15,200,5.483008076051739e-10,,4,800,integer_images,,,79600,,,,max_degree,,,,,,B+,,,,train,pass
,,,,,0,0,430,representation,,4,,,,torch.float64,,,,2e-06,2e-06,,,,8.881784197001252e-16,,pass,4.930380657631324e-32,,mp-aaacpjac,,,15488,2.886579864025407e-15,200,8.562820741973424e-10,,4,800,basis_swap,,,79600,,,,max_degree,,,,,,B+,,,,train,pass
,,,,,0,0,431,representation,,4,,,,torch.float64,,,,2e-06,2e-06,,,,8.881784197001252e-16,,pass,8.881784197001252e-16,,mp-aaacpjac,,,15488,1.9984014443252818e-15,200,4.798808690754328e-10,,4,800,basis_shear,,,79600,,,,max_degree,,,,,,B+,,,,train,pass
,,,,,,,432,e3_direct,,4,,,,torch.float32,,,,2e-05,2e-05,,,,,,,,,mp-aaacpgnk,,,15136,2.384185791015625e-07,108,0.005742283537983894,,1,108,rotation_1,,,5778,,,,min_cell_singular_value,,,,,,B+,,,,train,pass
,,,,,,,433,e3_direct,,4,,,,torch.float32,,,,2e-05,2e-05,,,,,,,,,mp-aaacpgnk,,,15136,1.1920928955078125e-07,108,0.004307159222662449,,1,108,rotation_2,,,5778,,,,min_cell_singular_value,,,,,,B+,,,,train,pass
,,,,,,,434,e3_direct,,4,,,,torch.float32,,,,2e-05,2e-05,,,,,,,,,mp-aaacpgnk,,,15136,0.0,108,0.0,,1,108,reflection,,,5778,,,,min_cell_singular_value,,,,,,B+,,,,train,pass
,,,,,,,435,e3_direct,,4,,,,torch.float32,,,,2e-05,2e-05,,,,,,,,,mp-aaacpgnk,,,15136,0.0,108,0.0,,1,108,inversion,,,5778,,,,min_cell_singular_value,,,,,,B+,,,,train,pass
,,,,,,,436,e3_direct,,4,,,,torch.float32,,,,2e-05,2e-05,,,,,,,,,mp-aaacpgnk,,,15136,2.384185791015625e-07,108,0.005742283537983894,,1,108,improper_with_translation,,,5778,,,,min_cell_singular_value,,,,,,B+,,,,train,pass
,,,,,0,0,437,e3_rebuilt,,4,,,,torch.float32,,,,0.0001,0.0001,,,,9.5367431640625e-07,,pass,4.76837158203125e-07,,mp-aaacpgnk,,,15136,2.0265579223632812e-06,108,0.017541145905852318,,1,108,translation,,,5778,,,,min_cell_singular_value,,,,,,B+,,,,train,pass
,,,,,0,0,438,representation,,4,,,,torch.float32,,,,0.0001,0.0001,,,,0.0,,pass,0.0,,mp-aaacpgnk,,,15136,0.0,108,0.0,,1,108,permutation,,,5778,,,,min_cell_singular_value,,,,,,B+,,,,train,pass
,,,,,0,0,439,representation,,4,,,,torch.float32,,,,0.0001,0.0001,,,,0.0,,pass,0.0,,mp-aaacpgnk,,,15136,0.0,108,0.0,,1,108,integer_images,,,5778,,,,min_cell_singular_value,,,,,,B+,,,,train,pass
,,,,,0,0,440,representation,,4,,,,torch.float32,,,,0.0001,0.0001,,,,9.5367431640625e-07,,pass,1.0728836059570312e-06,,mp-aaacpgnk,,,15136,2.1457672119140625e-06,108,0.016005776822566986,,1,108,basis_swap,,,5778,,,,min_cell_singular_value,,,,,,B+,,,,train,pass
,,,,,0,0,441,representation,,4,,,,torch.float32,,,,0.0001,0.0001,,,,2.384185791015625e-06,,pass,9.5367431640625e-07,,mp-aaacpgnk,,,15136,1.6093254089355469e-06,108,0.013800590299069881,,1,108,basis_shear,,,5778,,,,min_cell_singular_value,,,,,,B+,,,,train,pass
,,,,,,,442,real_shared_e3,,4,,,,torch.float32,,,,2e-05,2e-05,,,,,,,,,mp-aaacpgnk,,,15136,5.960464477539062e-07,108,0.013160882517695427,,1,108,rotation_1,,,5778,,,,min_cell_singular_value,,,,,,A,,,,train,pass
,,,,,,,443,real_shared_e3,,4,,,,torch.float32,,,,2e-05,2e-05,,,,,,,,,mp-aaacpgnk,,,15136,1.5037350920010795e-08,108,0.0007518675411120057,,1,108,rotation_1,,,5778,,,,min_cell_singular_value,,,,,,B,,,,train,pass
,,,,,,,444,real_shared_e3,,4,,,,torch.float32,,,,2e-05,2e-05,,,,,,,,,mp-aaacpgnk,,,15136,2.384185791015625e-07,108,0.005742283537983894,,1,108,rotation_1,,,5778,,,,min_cell_singular_value,,,,,,B+,,,,train,pass
,,,,,,,445,high_order_invariant_e3,,,,,,torch.float32,,,,,,,,,,,,,,mp-aaacpgnk,,,15136,1.4901161193847656e-08,108,,,1,108,rotation_1,,,5778,,,,min_cell_singular_value,,,,,,B+,,,,train,pass
,,,,,,,446,real_shared_e3,,4,,,,torch.float32,,,,2e-05,2e-05,,,,,,,,,mp-aaacpgnk,,,15136,0.0,108,0.0,,1,108,reflection,,,5778,,,,min_cell_singular_value,,,,,,A,,,,train,pass
,,,,,,,447,real_shared_e3,,4,,,,torch.float32,,,,2e-05,2e-05,,,,,,,,,mp-aaacpgnk,,,15136,0.0,108,0.0,,1,108,reflection,,,5778,,,,min_cell_singular_value,,,,,,B,,,,train,pass
,,,,,,,448,real_shared_e3,,4,,,,torch.float32,,,,2e-05,2e-05,,,,,,,,,mp-aaacpgnk,,,15136,0.0,108,0.0,,1,108,reflection,,,5778,,,,min_cell_singular_value,,,,,,B+,,,,train,pass
,,,,,,,449,high_order_invariant_e3,,,,,,torch.float32,,,,,,,,,,,,,,mp-aaacpgnk,,,15136,0.0,108,,,1,108,reflection,,,5778,,,,min_cell_singular_value,,,,,,B+,,,,train,pass
,,,13.267412185668945,,,,450,real_shear_response,,,,0,,torch.float32,108,108,,,,,,,,,,,,mp-aaacpgnk,,,15136,,108,,0.000933334231376648,1,108,,,,5778,,,,min_cell_singular_value,,0.0005038445306496817,,,,A,,,,train,pass
,,,12.971649169921875,,,,451,real_shear_response,,,,0,,torch.float32,108,108,,,,,,,,,,,,mp-aaacpgnk,,,15136,,108,,0.0015598759055137634,1,108,,,,5778,,,,min_cell_singular_value,,0.0008066773303831636,,,,B,,,,train,pass
,,,12.971700668334961,,,,452,real_shear_response,,,,0,,torch.float32,108,108,,,,,,,,,,,,mp-aaacpgnk,,,15136,,108,,0.0015665851533412933,1,108,,,,5778,,,,min_cell_singular_value,,0.0008124474989604328,,,,B+,,,,train,pass
,"[""local_input.weight"", ""local_input.bias"", ""local_output.weight"", ""local_output.bias"", ""blocks.0.edge_mlp.0.weight"", ""blocks.0.edge_mlp.0.bias"", ""blocks.0.edge_mlp.2.weight"", ""blocks.0.edge_mlp.2.bias"", ""blocks.0.angle_mlp.0.weight"", ""blocks.0.angle_mlp.0.bias"", ""blocks.0.angle_mlp.2.weight"", ""blocks.0.angle_mlp.2.bias"", ""blocks.0.update.0.weight"", ""blocks.0.update.0.bias"", ""blocks.0.update.2.weight"", ""blocks.0.update.2.bias"", ""blocks.0.norm.weight"", ""blocks.0.norm.bias"", ""blocks.1.edge_mlp.0.weight"", ""blocks.1.edge_mlp.0.bias"", ""blocks.1.edge_mlp.2.weight"", ""blocks.1.edge_mlp.2.bias"", ""blocks.1.angle_mlp.0.weight"", ""blocks.1.angle_mlp.0.bias"", ""blocks.1.angle_mlp.2.weight"", ""blocks.1.angle_mlp.2.bias"", ""blocks.1.update.0.weight"", ""blocks.1.update.0.bias"", ""blocks.1.update.2.weight"", ""blocks.1.update.2.bias"", ""blocks.1.norm.weight"", ""blocks.1.norm.bias""]",0.24393021594733,,True,,,453,resources,,,,,,torch.float32,,,,,,True,0.289499529870227,0.04273904114961624,,0.013396170921623707,,,0.04556931392289698,mp-aaacpgnk,,[],15136,,108,,,1,108,,,True,5778,1052.62109375,1052.62109375,,min_cell_singular_value,,,0,,,A,1052.62109375,,,train,pass
,"[""local_input.weight"", ""local_input.bias"", ""local_output.weight"", ""local_output.bias"", ""blocks.0.tp.weight"", ""blocks.0.mix.weight"", ""blocks.0.radial_gate.0.weight"", ""blocks.0.radial_gate.0.bias"", ""blocks.0.radial_gate.2.weight"", ""blocks.0.radial_gate.2.bias"", ""blocks.0.update.0.weight"", ""blocks.0.update.0.bias"", ""blocks.0.update.2.weight"", ""blocks.0.update.2.bias"", ""blocks.0.norm.weight"", ""blocks.0.norm.bias"", ""blocks.0.direction_gate.weight"", ""blocks.0.direction_gate.bias"", ""blocks.1.tp.weight"", ""blocks.1.mix.weight"", ""blocks.1.radial_gate.0.weight"", ""blocks.1.radial_gate.0.bias"", ""blocks.1.radial_gate.2.weight"", ""blocks.1.radial_gate.2.bias"", ""blocks.1.update.0.weight"", ""blocks.1.update.0.bias"", ""blocks.1.update.2.weight"", ""blocks.1.update.2.bias"", ""blocks.1.norm.weight"", ""blocks.1.norm.bias""]",0.012167568085715175,,True,,,454,resources,,,,,,torch.float32,,,,,,True,0.02050311816856265,0.007112740073353052,,0.013396170921623707,,,0.008335550082847476,mp-aaacpgnk,,[],15136,,108,,,1,108,,,True,5778,1052.62109375,1052.62109375,,min_cell_singular_value,,,0,,,B,1052.62109375,,,train,pass
,"[""local_input.weight"", ""local_input.bias"", ""local_output.weight"", ""local_output.bias"", ""blocks.0.tp.weight"", ""blocks.0.mix.weight"", ""blocks.0.radial_gate.0.weight"", ""blocks.0.radial_gate.0.bias"", ""blocks.0.radial_gate.2.weight"", ""blocks.0.radial_gate.2.bias"", ""blocks.0.update.0.weight"", ""blocks.0.update.0.bias"", ""blocks.0.update.2.weight"", ""blocks.0.update.2.bias"", ""blocks.0.norm.weight"", ""blocks.0.norm.bias"", ""blocks.0.direction_gate.weight"", ""blocks.0.direction_gate.bias"", ""blocks.1.tp.weight"", ""blocks.1.mix.weight"", ""blocks.1.radial_gate.0.weight"", ""blocks.1.radial_gate.0.bias"", ""blocks.1.radial_gate.2.weight"", ""blocks.1.radial_gate.2.bias"", ""blocks.1.update.0.weight"", ""blocks.1.update.0.bias"", ""blocks.1.update.2.weight"", ""blocks.1.update.2.bias"", ""blocks.1.norm.weight"", ""blocks.1.norm.bias""]",0.012894611107185483,,True,,,455,resources,,,,,,torch.float32,,,,,,True,0.022512349300086498,0.008459268836304545,,0.013396170921623707,,,0.009617738192901015,mp-aaacpgnk,,[],15136,,108,,,1,108,,,True,5778,1052.62109375,1052.62109375,,min_cell_singular_value,,,0,,,B+,1052.62109375,,,train,pass
,"[""local_input.weight"", ""local_input.bias"", ""local_output.weight"", ""local_output.bias"", ""blocks.0.tp.weight"", ""blocks.0.mix.weight"", ""blocks.0.radial_gate.0.weight"", ""blocks.0.radial_gate.0.bias"", ""blocks.0.radial_gate.2.weight"", ""blocks.0.radial_gate.2.bias"", ""blocks.0.update.0.weight"", ""blocks.0.update.0.bias"", ""blocks.0.update.2.weight"", ""blocks.0.update.2.bias"", ""blocks.0.norm.weight"", ""blocks.0.norm.bias"", ""blocks.0.direction_gate.weight"", ""blocks.0.direction_gate.bias"", ""blocks.1.tp.weight"", ""blocks.1.mix.weight"", ""blocks.1.radial_gate.0.weight"", ""blocks.1.radial_gate.0.bias"", ""blocks.1.radial_gate.2.weight"", ""blocks.1.radial_gate.2.bias"", ""blocks.1.update.0.weight"", ""blocks.1.update.0.bias"", ""blocks.1.update.2.weight"", ""blocks.1.update.2.bias"", ""blocks.1.norm.weight"", ""blocks.1.norm.bias""]",0.011550026014447212,,True,,,456,resources,,,,,,torch.float32,,,,,,True,0.01918679801747203,0.006629155017435551,,0.013396170921623707,,,0.0076367720030248165,mp-aaacpgnk,,[],15136,,108,,,1,108,,,True,5778,1052.62109375,1052.62109375,,min_cell_singular_value,,,1,,,B,1052.62109375,,,train,pass
,"[""local_input.weight"", ""local_input.bias"", ""local_output.weight"", ""local_output.bias"", ""blocks.0.tp.weight"", ""blocks.0.mix.weight"", ""blocks.0.radial_gate.0.weight"", ""blocks.0.radial_gate.0.bias"", ""blocks.0.radial_gate.2.weight"", ""blocks.0.radial_gate.2.bias"", ""blocks.0.update.0.weight"", ""blocks.0.update.0.bias"", ""blocks.0.update.2.weight"", ""blocks.0.update.2.bias"", ""blocks.0.norm.weight"", ""blocks.0.norm.bias"", ""blocks.0.direction_gate.weight"", ""blocks.0.direction_gate.bias"", ""blocks.1.tp.weight"", ""blocks.1.mix.weight"", ""blocks.1.radial_gate.0.weight"", ""blocks.1.radial_gate.0.bias"", ""blocks.1.radial_gate.2.weight"", ""blocks.1.radial_gate.2.bias"", ""blocks.1.update.0.weight"", ""blocks.1.update.0.bias"", ""blocks.1.update.2.weight"", ""blocks.1.update.2.bias"", ""blocks.1.norm.weight"", ""blocks.1.norm.bias""]",0.012769985012710094,,True,,,457,resources,,,,,,torch.float32,,,,,,True,0.02205581497400999,0.008312491001561284,,0.013396170921623707,,,0.009285829961299896,mp-aaacpgnk,,[],15136,,108,,,1,108,,,True,5778,1052.62109375,1052.62109375,,min_cell_singular_value,,,1,,,B+,1052.62109375,,,train,pass
,"[""local_input.weight"", ""local_input.bias"", ""local_output.weight"", ""local_output.bias"", ""blocks.0.edge_mlp.0.weight"", ""blocks.0.edge_mlp.0.bias"", ""blocks.0.edge_mlp.2.weight"", ""blocks.0.edge_mlp.2.bias"", ""blocks.0.angle_mlp.0.weight"", ""blocks.0.angle_mlp.0.bias"", ""blocks.0.angle_mlp.2.weight"", ""blocks.0.angle_mlp.2.bias"", ""blocks.0.update.0.weight"", ""blocks.0.update.0.bias"", ""blocks.0.update.2.weight"", ""blocks.0.update.2.bias"", ""blocks.0.norm.weight"", ""blocks.0.norm.bias"", ""blocks.1.edge_mlp.0.weight"", ""blocks.1.edge_mlp.0.bias"", ""blocks.1.edge_mlp.2.weight"", ""blocks.1.edge_mlp.2.bias"", ""blocks.1.angle_mlp.0.weight"", ""blocks.1.angle_mlp.0.bias"", ""blocks.1.angle_mlp.2.weight"", ""blocks.1.angle_mlp.2.bias"", ""blocks.1.update.0.weight"", ""blocks.1.update.0.bias"", ""blocks.1.update.2.weight"", ""blocks.1.update.2.bias"", ""blocks.1.norm.weight"", ""blocks.1.norm.bias""]",0.24217785708606243,,True,,,458,resources,,,,,,torch.float32,,,,,,True,0.2882459571119398,0.04432742390781641,,0.013396170921623707,,,0.046068100025877357,mp-aaacpgnk,,[],15136,,108,,,1,108,,,True,5778,1052.62109375,1052.62109375,,min_cell_singular_value,,,1,,,A,1052.62109375,,,train,pass
,"[""local_input.weight"", ""local_input.bias"", ""local_output.weight"", ""local_output.bias"", ""blocks.0.tp.weight"", ""blocks.0.mix.weight"", ""blocks.0.radial_gate.0.weight"", ""blocks.0.radial_gate.0.bias"", ""blocks.0.radial_gate.2.weight"", ""blocks.0.radial_gate.2.bias"", ""blocks.0.update.0.weight"", ""blocks.0.update.0.bias"", ""blocks.0.update.2.weight"", ""blocks.0.update.2.bias"", ""blocks.0.norm.weight"", ""blocks.0.norm.bias"", ""blocks.0.direction_gate.weight"", ""blocks.0.direction_gate.bias"", ""blocks.1.tp.weight"", ""blocks.1.mix.weight"", ""blocks.1.radial_gate.0.weight"", ""blocks.1.radial_gate.0.bias"", ""blocks.1.radial_gate.2.weight"", ""blocks.1.radial_gate.2.bias"", ""blocks.1.update.0.weight"", ""blocks.1.update.0.bias"", ""blocks.1.update.2.weight"", ""blocks.1.update.2.bias"", ""blocks.1.norm.weight"", ""blocks.1.norm.bias""]",0.012799595016986132,,True,,,459,resources,,,,,,torch.float32,,,,,,True,0.02215341990813613,0.008818796137347817,,0.013396170921623707,,,0.009353824891149998,mp-aaacpgnk,,[],15136,,108,,,1,108,,,True,5778,1052.62109375,1052.62109375,,min_cell_singular_value,,,2,,,B+,1052.62109375,,,train,pass
,"[""local_input.weight"", ""local_input.bias"", ""local_output.weight"", ""local_output.bias"", ""blocks.0.edge_mlp.0.weight"", ""blocks.0.edge_mlp.0.bias"", ""blocks.0.edge_mlp.2.weight"", ""blocks.0.edge_mlp.2.bias"", ""blocks.0.angle_mlp.0.weight"", ""blocks.0.angle_mlp.0.bias"", ""blocks.0.angle_mlp.2.weight"", ""blocks.0.angle_mlp.2.bias"", ""blocks.0.update.0.weight"", ""blocks.0.update.0.bias"", ""blocks.0.update.2.weight"", ""blocks.0.update.2.bias"", ""blocks.0.norm.weight"", ""blocks.0.norm.bias"", ""blocks.1.edge_mlp.0.weight"", ""blocks.1.edge_mlp.0.bias"", ""blocks.1.edge_mlp.2.weight"", ""blocks.1.edge_mlp.2.bias"", ""blocks.1.angle_mlp.0.weight"", ""blocks.1.angle_mlp.0.bias"", ""blocks.1.angle_mlp.2.weight"", ""blocks.1.angle_mlp.2.bias"", ""blocks.1.update.0.weight"", ""blocks.1.update.0.bias"", ""blocks.1.update.2.weight"", ""blocks.1.update.2.bias"", ""blocks.1.norm.weight"", ""blocks.1.norm.bias""]",0.24223132384940982,,True,,,460,resources,,,,,,torch.float32,,,,,,True,0.28972608782351017,0.04404312698170543,,0.013396170921623707,,,0.04749476397410035,mp-aaacpgnk,,[],15136,,108,,,1,108,,,True,5778,1052.62109375,1052.62109375,,min_cell_singular_value,,,2,,,A,1052.62109375,,,train,pass
,"[""local_input.weight"", ""local_input.bias"", ""local_output.weight"", ""local_output.bias"", ""blocks.0.tp.weight"", ""blocks.0.mix.weight"", ""blocks.0.radial_gate.0.weight"", ""blocks.0.radial_gate.0.bias"", ""blocks.0.radial_gate.2.weight"", ""blocks.0.radial_gate.2.bias"", ""blocks.0.update.0.weight"", ""blocks.0.update.0.bias"", ""blocks.0.update.2.weight"", ""blocks.0.update.2.bias"", ""blocks.0.norm.weight"", ""blocks.0.norm.bias"", ""blocks.0.direction_gate.weight"", ""blocks.0.direction_gate.bias"", ""blocks.1.tp.weight"", ""blocks.1.mix.weight"", ""blocks.1.radial_gate.0.weight"", ""blocks.1.radial_gate.0.bias"", ""blocks.1.radial_gate.2.weight"", ""blocks.1.radial_gate.2.bias"", ""blocks.1.update.0.weight"", ""blocks.1.update.0.bias"", ""blocks.1.update.2.weight"", ""blocks.1.update.2.bias"", ""blocks.1.norm.weight"", ""blocks.1.norm.bias""]",0.01181431906297803,,True,,,461,resources,,,,,,torch.float32,,,,,,True,0.019513113889843225,0.0070929150097072124,,0.013396170921623707,,,0.007698794826865196,mp-aaacpgnk,,[],15136,,108,,,1,108,,,True,5778,1052.62109375,1052.62109375,,min_cell_singular_value,,,2,,,B,1052.62109375,,,train,pass
,,,,,,,462,e3_direct,,4,,,,torch.float64,,,,2e-10,2e-10,,,,,,,,,mp-aaacpgnk,,,15136,5.412337245047638e-16,108,2.5701535373589576e-06,,1,108,rotation_1,,,5778,,,,min_cell_singular_value,,,,,,B+,,,,train,pass
,,,,,,,463,e3_direct,,4,,,,torch.float64,,,,2e-10,2e-10,,,,,,,,,mp-aaacpgnk,,,15136,5.134781488891349e-16,108,2.3587451048414663e-06,,1,108,rotation_2,,,5778,,,,min_cell_singular_value,,,,,,B+,,,,train,pass
,,,,,,,464,e3_direct,,4,,,,torch.float64,,,,2e-10,2e-10,,,,,,,,,mp-aaacpgnk,,,15136,1.1102230246251565e-16,108,5.063505298055303e-07,,1,108,reflection,,,5778,,,,min_cell_singular_value,,,,,,B+,,,,train,pass
,,,,,,,465,e3_direct,,4,,,,torch.float64,,,,2e-10,2e-10,,,,,,,,,mp-aaacpgnk,,,15136,0.0,108,0.0,,1,108,inversion,,,5778,,,,min_cell_singular_value,,,,,,B+,,,,train,pass
,,,,,,,466,e3_direct,,4,,,,torch.float64,,,,2e-10,2e-10,,,,,,,,,mp-aaacpgnk,,,15136,5.412337245047638e-16,108,2.5701535373589576e-06,,1,108,improper_with_translation,,,5778,,,,min_cell_singular_value,,,,,,B+,,,,train,pass
,,,,,0,0,467,e3_rebuilt,,4,,,,torch.float64,,,,2e-06,2e-06,,,,9.637910647342096e-08,,pass,8.881784197001252e-16,,mp-aaacpgnk,,,15136,3.2218336776246304e-08,108,0.013095344775793745,,1,108,translation,,,5778,,,,min_cell_singular_value,,,,,,B+,,,,train,pass
,,,,,0,0,468,representation,,4,,,,torch.float64,,,,2e-06,2e-06,,,,0.0,,pass,0.0,,mp-aaacpgnk,,,15136,0.0,108,0.0,,1,108,permutation,,,5778,,,,min_cell_singular_value,,,,,,B+,,,,train,pass
,,,,,0,0,469,representation,,4,,,,torch.float64,,,,2e-06,2e-06,,,,0.0,,pass,0.0,,mp-aaacpgnk,,,15136,0.0,108,0.0,,1,108,integer_images,,,5778,,,,min_cell_singular_value,,,,,,B+,,,,train,pass
,,,,,0,0,470,representation,,4,,,,torch.float64,,,,2e-06,2e-06,,,,9.637911535520516e-08,,pass,1.7763568394002505e-15,,mp-aaacpgnk,,,15136,3.2218339107714655e-08,108,0.013095345486606978,,1,108,basis_swap,,,5778,,,,min_cell_singular_value,,,,,,B+,,,,train,pass
,,,,,0,0,471,representation,,4,,,,torch.float64,,,,2e-06,2e-06,,,,2.1316282072803006e-14,,pass,2.4424906541753444e-15,,mp-aaacpgnk,,,15136,3.3306690738754696e-15,108,1.259326151425019e-09,,1,108,basis_shear,,,5778,,,,min_cell_singular_value,,,,,,B+,,,,train,pass
,,,,,,,472,e3_direct,,4,,,,torch.float32,,,,2e-05,2e-05,,,,,,,,,mp-aaaaaaab,,,0,3.313118668302195e-10,8,1.6565592886763625e-05,,1,8,rotation_1,,,28,,,,min_atoms,,,,,,B+,,,,train,pass
,,,,,,,473,e3_direct,,4,,,,torch.float32,,,,2e-05,2e-05,,,,,,,,,mp-aaaaaaab,,,0,2.490807560207031e-10,8,1.2454036550479941e-05,,1,8,rotation_2,,,28,,,,min_atoms,,,,,,B+,,,,train,pass
,,,,,,,474,e3_direct,,4,,,,torch.float32,,,,2e-05,2e-05,,,,,,,,,mp-aaaaaaab,,,0,0.0,8,0.0,,1,8,reflection,,,28,,,,min_atoms,,,,,,B+,,,,train,pass
,,,,,,,475,e3_direct,,4,,,,torch.float32,,,,2e-05,2e-05,,,,,,,,,mp-aaaaaaab,,,0,0.0,8,0.0,,1,8,inversion,,,28,,,,min_atoms,,,,,,B+,,,,train,pass
,,,,,,,476,e3_direct,,4,,,,torch.float32,,,,2e-05,2e-05,,,,,,,,,mp-aaaaaaab,,,0,3.313118668302195e-10,8,1.6565592886763625e-05,,1,8,improper_with_translation,,,28,,,,min_atoms,,,,,,B+,,,,train,pass
,,,,,0,0,477,e3_rebuilt,,4,,,,torch.float32,,,,0.0001,0.0001,,,,2.384185791015625e-06,,pass,1.1920928955078125e-07,,mp-aaaaaaab,,,0,5.960464477539062e-07,8,0.0031488973181694746,,1,8,translation,,,28,,,,min_atoms,,,,,,B+,,,,train,pass
,,,,,0,0,478,representation,,4,,,,torch.float32,,,,0.0001,0.0001,,,,0.0,,pass,0.0,,mp-aaaaaaab,,,0,0.0,8,0.0,,1,8,permutation,,,28,,,,min_atoms,,,,,,B+,,,,train,pass
,,,,,0,0,479,representation,,4,,,,torch.float32,,,,0.0001,0.0001,,,,0.0,,pass,0.0,,mp-aaaaaaab,,,0,0.0,8,0.0,,1,8,integer_images,,,28,,,,min_atoms,,,,,,B+,,,,train,pass
,,,,,0,0,480,representation,,4,,,,torch.float32,,,,0.0001,0.0001,,,,2.384185791015625e-06,,pass,1.1920928955078125e-07,,mp-aaaaaaab,,,0,5.960464477539062e-07,8,0.0031463976483792067,,1,8,basis_swap,,,28,,,,min_atoms,,,,,,B+,,,,train,pass
,,,,,0,0,481,representation,,4,,,,torch.float32,,,,0.0001,0.0001,,,,9.5367431640625e-07,,pass,1.544808014841692e-07,,mp-aaaaaaab,,,0,5.960464477539062e-07,8,0.0031482751946896315,,1,8,basis_shear,,,28,,,,min_atoms,,,,,,B+,,,,train,pass
,,,,,,,482,real_shared_e3,,4,,,,torch.float32,,,,2e-05,2e-05,,,,,,,,,mp-aaaaaaab,,,0,0.0,8,0.0,,1,8,rotation_1,,,28,,,,min_atoms,,,,,,A,,,,train,pass
,,,,,,,483,real_shared_e3,,4,,,,torch.float32,,,,2e-05,2e-05,,,,,,,,,mp-aaaaaaab,,,0,4.398685859996476e-10,8,2.1993428163114004e-05,,1,8,rotation_1,,,28,,,,min_atoms,,,,,,B,,,,train,pass
,,,,,,,484,real_shared_e3,,4,,,,torch.float32,,,,2e-05,2e-05,,,,,,,,,mp-aaaaaaab,,,0,3.313118668302195e-10,8,1.6565592886763625e-05,,1,8,rotation_1,,,28,,,,min_atoms,,,,,,B+,,,,train,pass
,,,,,,,485,high_order_invariant_e3,,,,,,torch.float32,,,,,,,,,,,,,,mp-aaaaaaab,,,0,1.8189894035458565e-12,8,,,1,8,rotation_1,,,28,,,,min_atoms,,,,,,B+,,,,train,pass
,,,,,,,486,real_shared_e3,,4,,,,torch.float32,,,,2e-05,2e-05,,,,,,,,,mp-aaaaaaab,,,0,0.0,8,0.0,,1,8,reflection,,,28,,,,min_atoms,,,,,,A,,,,train,pass
,,,,,,,487,real_shared_e3,,4,,,,torch.float32,,,,2e-05,2e-05,,,,,,,,,mp-aaaaaaab,,,0,0.0,8,0.0,,1,8,reflection,,,28,,,,min_atoms,,,,,,B,,,,train,pass
,,,,,,,488,real_shared_e3,,4,,,,torch.float32,,,,2e-05,2e-05,,,,,,,,,mp-aaaaaaab,,,0,0.0,8,0.0,,1,8,reflection,,,28,,,,min_atoms,,,,,,B+,,,,train,pass
,,,,,,,489,high_order_invariant_e3,,,,,,torch.float32,,,,,,,,,,,,,,mp-aaaaaaab,,,0,0.0,8,,,1,8,reflection,,,28,,,,min_atoms,,,,,,B+,,,,train,pass
,,,13.199442863464355,,,,490,real_shear_response,,,,0,,torch.float32,8,8,,,,,,,,,,,,mp-aaaaaaab,,,0,,8,,6.288290023803711e-06,1,8,,,,28,,,,min_atoms,,3.772986353700621e-06,,,,A,,,,train,pass
,,,12.837332725524902,,,,491,real_shear_response,,,,0,,torch.float32,8,8,,,,,,,,,,,,mp-aaaaaaab,,,0,,8,,1.6808509826660156e-05,1,8,,,,28,,,,min_atoms,,9.679277984564868e-06,,,,B,,,,train,pass
,,,12.837334632873535,,,,492,real_shear_response,,,,0,,torch.float32,8,8,,,,,,,,,,,,mp-aaaaaaab,,,0,,8,,1.6927719116210938e-05,1,8,,,,28,,,,min_atoms,,9.685928288482615e-06,,,,B+,,,,train,pass
,"[""local_input.weight"", ""local_input.bias"", ""local_output.weight"", ""local_output.bias"", ""blocks.0.edge_mlp.0.weight"", ""blocks.0.edge_mlp.0.bias"", ""blocks.0.edge_mlp.2.weight"", ""blocks.0.edge_mlp.2.bias"", ""blocks.0.angle_mlp.0.weight"", ""blocks.0.angle_mlp.0.bias"", ""blocks.0.angle_mlp.2.weight"", ""blocks.0.angle_mlp.2.bias"", ""blocks.0.update.0.weight"", ""blocks.0.update.0.bias"", ""blocks.0.update.2.weight"", ""blocks.0.update.2.bias"", ""blocks.0.norm.weight"", ""blocks.0.norm.bias"", ""blocks.1.edge_mlp.0.weight"", ""blocks.1.edge_mlp.0.bias"", ""blocks.1.edge_mlp.2.weight"", ""blocks.1.edge_mlp.2.bias"", ""blocks.1.angle_mlp.0.weight"", ""blocks.1.angle_mlp.0.bias"", ""blocks.1.angle_mlp.2.weight"", ""blocks.1.angle_mlp.2.bias"", ""blocks.1.update.0.weight"", ""blocks.1.update.0.bias"", ""blocks.1.update.2.weight"", ""blocks.1.update.2.bias"", ""blocks.1.norm.weight"", ""blocks.1.norm.bias""]",0.008330223150551319,,True,,,493,resources,,,,,,torch.float32,,,,,,True,0.013179491041228175,0.0033604130148887634,,0.00440886290743947,,,0.004849267890676856,mp-aaaaaaab,,[],0,,8,,,1,8,,,True,28,1052.62109375,1052.62109375,,min_atoms,,,0,,,A,1052.62109375,,,train,pass
,"[""local_input.weight"", ""local_input.bias"", ""local_output.weight"", ""local_output.bias"", ""blocks.0.tp.weight"", ""blocks.0.mix.weight"", ""blocks.0.radial_gate.0.weight"", ""blocks.0.radial_gate.0.bias"", ""blocks.0.radial_gate.2.weight"", ""blocks.0.radial_gate.2.bias"", ""blocks.0.update.0.weight"", ""blocks.0.update.0.bias"", ""blocks.0.update.2.weight"", ""blocks.0.update.2.bias"", ""blocks.0.norm.weight"", ""blocks.0.norm.bias"", ""blocks.0.direction_gate.weight"", ""blocks.0.direction_gate.bias"", ""blocks.1.tp.weight"", ""blocks.1.mix.weight"", ""blocks.1.radial_gate.0.weight"", ""blocks.1.radial_gate.0.bias"", ""blocks.1.radial_gate.2.weight"", ""blocks.1.radial_gate.2.bias"", ""blocks.1.update.0.weight"", ""blocks.1.update.0.bias"", ""blocks.1.update.2.weight"", ""blocks.1.update.2.bias"", ""blocks.1.norm.weight"", ""blocks.1.norm.bias""]",0.010562795912846923,,True,,,494,resources,,,,,,torch.float32,,,,,,True,0.01795270503498614,0.0058258650824427605,,0.00440886290743947,,,0.0073899091221392155,mp-aaaaaaab,,[],0,,8,,,1,8,,,True,28,1052.62109375,1052.62109375,,min_atoms,,,0,,,B,1052.62109375,,,train,pass
,"[""local_input.weight"", ""local_input.bias"", ""local_output.weight"", ""local_output.bias"", ""blocks.0.tp.weight"", ""blocks.0.mix.weight"", ""blocks.0.radial_gate.0.weight"", ""blocks.0.radial_gate.0.bias"", ""blocks.0.radial_gate.2.weight"", ""blocks.0.radial_gate.2.bias"", ""blocks.0.update.0.weight"", ""blocks.0.update.0.bias"", ""blocks.0.update.2.weight"", ""blocks.0.update.2.bias"", ""blocks.0.norm.weight"", ""blocks.0.norm.bias"", ""blocks.0.direction_gate.weight"", ""blocks.0.direction_gate.bias"", ""blocks.1.tp.weight"", ""blocks.1.mix.weight"", ""blocks.1.radial_gate.0.weight"", ""blocks.1.radial_gate.0.bias"", ""blocks.1.radial_gate.2.weight"", ""blocks.1.radial_gate.2.bias"", ""blocks.1.update.0.weight"", ""blocks.1.update.0.bias"", ""blocks.1.update.2.weight"", ""blocks.1.update.2.bias"", ""blocks.1.norm.weight"", ""blocks.1.norm.bias""]",0.011598608922213316,,True,,,495,resources,,,,,,torch.float32,,,,,,True,0.020093848928809166,0.007626543985679746,,0.00440886290743947,,,0.00849524000659585,mp-aaaaaaab,,[],0,,8,,,1,8,,,True,28,1052.62109375,1052.62109375,,min_atoms,,,0,,,B+,1052.62109375,,,train,pass
,"[""local_input.weight"", ""local_input.bias"", ""local_output.weight"", ""local_output.bias"", ""blocks.0.tp.weight"", ""blocks.0.mix.weight"", ""blocks.0.radial_gate.0.weight"", ""blocks.0.radial_gate.0.bias"", ""blocks.0.radial_gate.2.weight"", ""blocks.0.radial_gate.2.bias"", ""blocks.0.update.0.weight"", ""blocks.0.update.0.bias"", ""blocks.0.update.2.weight"", ""blocks.0.update.2.bias"", ""blocks.0.norm.weight"", ""blocks.0.norm.bias"", ""blocks.0.direction_gate.weight"", ""blocks.0.direction_gate.bias"", ""blocks.1.tp.weight"", ""blocks.1.mix.weight"", ""blocks.1.radial_gate.0.weight"", ""blocks.1.radial_gate.0.bias"", ""blocks.1.radial_gate.2.weight"", ""blocks.1.radial_gate.2.bias"", ""blocks.1.update.0.weight"", ""blocks.1.update.0.bias"", ""blocks.1.update.2.weight"", ""blocks.1.update.2.bias"", ""blocks.1.norm.weight"", ""blocks.1.norm.bias""]",0.010093169985339046,,True,,,496,resources,,,,,,torch.float32,,,,,,True,0.01684564701281488,0.006023281021043658,,0.00440886290743947,,,0.006752477027475834,mp-aaaaaaab,,[],0,,8,,,1,8,,,True,28,1052.62109375,1052.62109375,,min_atoms,,,1,,,B,1052.62109375,,,train,pass
,"[""local_input.weight"", ""local_input.bias"", ""local_output.weight"", ""local_output.bias"", ""blocks.0.tp.weight"", ""blocks.0.mix.weight"", ""blocks.0.radial_gate.0.weight"", ""blocks.0.radial_gate.0.bias"", ""blocks.0.radial_gate.2.weight"", ""blocks.0.radial_gate.2.bias"", ""blocks.0.update.0.weight"", ""blocks.0.update.0.bias"", ""blocks.0.update.2.weight"", ""blocks.0.update.2.bias"", ""blocks.0.norm.weight"", ""blocks.0.norm.bias"", ""blocks.0.direction_gate.weight"", ""blocks.0.direction_gate.bias"", ""blocks.1.tp.weight"", ""blocks.1.mix.weight"", ""blocks.1.radial_gate.0.weight"", ""blocks.1.radial_gate.0.bias"", ""blocks.1.radial_gate.2.weight"", ""blocks.1.radial_gate.2.bias"", ""blocks.1.update.0.weight"", ""blocks.1.update.0.bias"", ""blocks.1.update.2.weight"", ""blocks.1.update.2.bias"", ""blocks.1.norm.weight"", ""blocks.1.norm.bias""]",0.01150970789603889,,True,,,497,resources,,,,,,torch.float32,,,,,,True,0.020210155053064227,0.00729951192624867,,0.00440886290743947,,,0.008700447157025337,mp-aaaaaaab,,[],0,,8,,,1,8,,,True,28,1052.62109375,1052.62109375,,min_atoms,,,1,,,B+,1052.62109375,,,train,pass
,"[""local_input.weight"", ""local_input.bias"", ""local_output.weight"", ""local_output.bias"", ""blocks.0.edge_mlp.0.weight"", ""blocks.0.edge_mlp.0.bias"", ""blocks.0.edge_mlp.2.weight"", ""blocks.0.edge_mlp.2.bias"", ""blocks.0.angle_mlp.0.weight"", ""blocks.0.angle_mlp.0.bias"", ""blocks.0.angle_mlp.2.weight"", ""blocks.0.angle_mlp.2.bias"", ""blocks.0.update.0.weight"", ""blocks.0.update.0.bias"", ""blocks.0.update.2.weight"", ""blocks.0.update.2.bias"", ""blocks.0.norm.weight"", ""blocks.0.norm.bias"", ""blocks.1.edge_mlp.0.weight"", ""blocks.1.edge_mlp.0.bias"", ""blocks.1.edge_mlp.2.weight"", ""blocks.1.edge_mlp.2.bias"", ""blocks.1.angle_mlp.0.weight"", ""blocks.1.angle_mlp.0.bias"", ""blocks.1.angle_mlp.2.weight"", ""blocks.1.angle_mlp.2.bias"", ""blocks.1.update.0.weight"", ""blocks.1.update.0.bias"", ""blocks.1.update.2.weight"", ""blocks.1.update.2.bias"", ""blocks.1.norm.weight"", ""blocks.1.norm.bias""]",0.008294722996652126,,True,,,498,resources,,,,,,torch.float32,,,,,,True,0.013245242880657315,0.003530226182192564,,0.00440886290743947,,,0.004950519884005189,mp-aaaaaaab,,[],0,,8,,,1,8,,,True,28,1052.62109375,1052.62109375,,min_atoms,,,1,,,A,1052.62109375,,,train,pass
,"[""local_input.weight"", ""local_input.bias"", ""local_output.weight"", ""local_output.bias"", ""blocks.0.tp.weight"", ""blocks.0.mix.weight"", ""blocks.0.radial_gate.0.weight"", ""blocks.0.radial_gate.0.bias"", ""blocks.0.radial_gate.2.weight"", ""blocks.0.radial_gate.2.bias"", ""blocks.0.update.0.weight"", ""blocks.0.update.0.bias"", ""blocks.0.update.2.weight"", ""blocks.0.update.2.bias"", ""blocks.0.norm.weight"", ""blocks.0.norm.bias"", ""blocks.0.direction_gate.weight"", ""blocks.0.direction_gate.bias"", ""blocks.1.tp.weight"", ""blocks.1.mix.weight"", ""blocks.1.radial_gate.0.weight"", ""blocks.1.radial_gate.0.bias"", ""blocks.1.radial_gate.2.weight"", ""blocks.1.radial_gate.2.bias"", ""blocks.1.update.0.weight"", ""blocks.1.update.0.bias"", ""blocks.1.update.2.weight"", ""blocks.1.update.2.bias"", ""blocks.1.norm.weight"", ""blocks.1.norm.bias""]",0.011514527956023812,,True,,,499,resources,,,,,,torch.float32,,,,,,True,0.01993656693957746,0.007348265964537859,,0.00440886290743947,,,0.008422038983553648,mp-aaaaaaab,,[],0,,8,,,1,8,,,True,28,1052.62109375,1052.62109375,,min_atoms,,,2,,,B+,1052.62109375,,,train,pass
,"[""local_input.weight"", ""local_input.bias"", ""local_output.weight"", ""local_output.bias"", ""blocks.0.edge_mlp.0.weight"", ""blocks.0.edge_mlp.0.bias"", ""blocks.0.edge_mlp.2.weight"", ""blocks.0.edge_mlp.2.bias"", ""blocks.0.angle_mlp.0.weight"", ""blocks.0.angle_mlp.0.bias"", ""blocks.0.angle_mlp.2.weight"", ""blocks.0.angle_mlp.2.bias"", ""blocks.0.update.0.weight"", ""blocks.0.update.0.bias"", ""blocks.0.update.2.weight"", ""blocks.0.update.2.bias"", ""blocks.0.norm.weight"", ""blocks.0.norm.bias"", ""blocks.1.edge_mlp.0.weight"", ""blocks.1.edge_mlp.0.bias"", ""blocks.1.edge_mlp.2.weight"", ""blocks.1.edge_mlp.2.bias"", ""blocks.1.angle_mlp.0.weight"", ""blocks.1.angle_mlp.0.bias"", ""blocks.1.angle_mlp.2.weight"", ""blocks.1.angle_mlp.2.bias"", ""blocks.1.update.0.weight"", ""blocks.1.update.0.bias"", ""blocks.1.update.2.weight"", ""blocks.1.update.2.bias"", ""blocks.1.norm.weight"", ""blocks.1.norm.bias""]",0.008222335018217564,,True,,,500,resources,,,,,,torch.float32,,,,,,True,0.013072118163108826,0.003429040079936385,,0.00440886290743947,,,0.004849783144891262,mp-aaaaaaab,,[],0,,8,,,1,8,,,True,28,1052.62109375,1052.62109375,,min_atoms,,,2,,,A,1052.62109375,,,train,pass
,"[""local_input.weight"", ""local_input.bias"", ""local_output.weight"", ""local_output.bias"", ""blocks.0.tp.weight"", ""blocks.0.mix.weight"", ""blocks.0.radial_gate.0.weight"", ""blocks.0.radial_gate.0.bias"", ""blocks.0.radial_gate.2.weight"", ""blocks.0.radial_gate.2.bias"", ""blocks.0.update.0.weight"", ""blocks.0.update.0.bias"", ""blocks.0.update.2.weight"", ""blocks.0.update.2.bias"", ""blocks.0.norm.weight"", ""blocks.0.norm.bias"", ""blocks.0.direction_gate.weight"", ""blocks.0.direction_gate.bias"", ""blocks.1.tp.weight"", ""blocks.1.mix.weight"", ""blocks.1.radial_gate.0.weight"", ""blocks.1.radial_gate.0.bias"", ""blocks.1.radial_gate.2.weight"", ""blocks.1.radial_gate.2.bias"", ""blocks.1.update.0.weight"", ""blocks.1.update.0.bias"", ""blocks.1.update.2.weight"", ""blocks.1.update.2.bias"", ""blocks.1.norm.weight"", ""blocks.1.norm.bias""]",0.010382100008428097,,True,,,501,resources,,,,,,torch.float32,,,,,,True,0.017339522019028664,0.005831666989251971,,0.00440886290743947,,,0.006957422010600567,mp-aaaaaaab,,[],0,,8,,,1,8,,,True,28,1052.62109375,1052.62109375,,min_atoms,,,2,,,B,1052.62109375,,,train,pass
,,,,,,,502,e3_direct,,4,,,,torch.float64,,,,2e-10,2e-10,,,,,,,,,mp-aaaaaaab,,,0,2.2221752723888067e-18,8,1.1110876357645872e-08,,1,8,rotation_1,,,28,,,,min_atoms,,,,,,B+,,,,train,pass
,,,,,,,503,e3_direct,,4,,,,torch.float64,,,,2e-10,2e-10,,,,,,,,,mp-aaaaaaab,,,0,3.0512608301937557e-18,8,1.5256304106044203e-08,,1,8,rotation_2,,,28,,,,min_atoms,,,,,,B+,,,,train,pass
,,,,,,,504,e3_direct,,4,,,,torch.float64,,,,2e-10,2e-10,,,,,,,,,mp-aaaaaaab,,,0,4.1359030627651384e-24,8,2.067951527430918e-14,,1,8,reflection,,,28,,,,min_atoms,,,,,,B+,,,,train,pass
,,,,,,,505,e3_direct,,4,,,,torch.float64,,,,2e-10,2e-10,,,,,,,,,mp-aaaaaaab,,,0,0.0,8,0.0,,1,8,inversion,,,28,,,,min_atoms,,,,,,B+,,,,train,pass
,,,,,,,506,e3_direct,,4,,,,torch.float64,,,,2e-10,2e-10,,,,,,,,,mp-aaaaaaab,,,0,2.2221752723888067e-18,8,1.1110876357645872e-08,,1,8,improper_with_translation,,,28,,,,min_atoms,,,,,,B+,,,,train,pass
,,,,,0,0,507,e3_rebuilt,,4,,,,torch.float64,,,,2e-06,2e-06,,,,2.5543815063144848e-08,,pass,0.0,,mp-aaaaaaab,,,0,6.044488243261981e-10,8,0.00019112751014646254,,1,8,translation,,,28,,,,min_atoms,,,,,,B+,,,,train,pass
,,,,,0,0,508,representation,,4,,,,torch.float64,,,,2e-06,2e-06,,,,0.0,,pass,0.0,,mp-aaaaaaab,,,0,0.0,8,0.0,,1,8,permutation,,,28,,,,min_atoms,,,,,,B+,,,,train,pass
,,,,,0,0,509,representation,,4,,,,torch.float64,,,,2e-06,2e-06,,,,0.0,,pass,0.0,,mp-aaaaaaab,,,0,0.0,8,0.0,,1,8,integer_images,,,28,,,,min_atoms,,,,,,B+,,,,train,pass
,,,,,0,0,510,representation,,4,,,,torch.float64,,,,2e-06,2e-06,,,,2.5543815951323268e-08,,pass,2.220446049250313e-16,,mp-aaaaaaab,,,0,6.044489353485005e-10,8,0.00019112754525186005,,1,8,basis_swap,,,28,,,,min_atoms,,,,,,B+,,,,train,pass
,,,,,0,0,511,representation,,4,,,,torch.float64,,,,2e-06,2e-06,,,,8.881784197001252e-16,,pass,8.881784197001252e-16,,mp-aaaaaaab,,,0,1.1102230246251565e-15,8,2.271806459830755e-10,,1,8,basis_shear,,,28,,,,min_atoms,,,,,,B+,,,,train,pass
,,,,,,,512,e3_direct,,4,,,,torch.float32,,,,2e-05,2e-05,,,,,,,,,mp-aaaaagxd,,,1767,4.76837158203125e-07,103,0.013793300837278366,,80,7968,rotation_1,,,393088,,,,max_atoms,,,,,,B+,,,,train,pass
,,,,,,,513,e3_direct,,4,,,,torch.float32,,,,2e-05,2e-05,,,,,,,,,mp-aaaaagxd,,,1767,4.76837158203125e-07,103,0.013793300837278366,,80,7968,rotation_2,,,393088,,,,max_atoms,,,,,,B+,,,,train,pass
,,,,,,,514,e3_direct,,4,,,,torch.float32,,,,2e-05,2e-05,,,,,,,,,mp-aaaaagxd,,,1767,0.0,103,0.0,,80,7968,reflection,,,393088,,,,max_atoms,,,,,,B+,,,,train,pass
,,,,,,,515,e3_direct,,4,,,,torch.float32,,,,2e-05,2e-05,,,,,,,,,mp-aaaaagxd,,,1767,0.0,103,0.0,,80,7968,inversion,,,393088,,,,max_atoms,,,,,,B+,,,,train,pass
,,,,,,,516,e3_direct,,4,,,,torch.float32,,,,2e-05,2e-05,,,,,,,,,mp-aaaaagxd,,,1767,4.76837158203125e-07,103,0.013793300837278366,,80,7968,improper_with_translation,,,393088,,,,max_atoms,,,,,,B+,,,,train,pass
,,,,,0,0,517,e3_rebuilt,,4,,,,torch.float32,,,,0.0001,0.0001,,,,1.430511474609375e-06,,pass,9.5367431640625e-07,,mp-aaaaagxd,,,1767,1.430511474609375e-06,103,0.012955872341990471,,80,7968,translation,,,393088,,,,max_atoms,,,,,,B+,,,,train,pass
,,,,,0,0,518,representation,,4,,,,torch.float32,,,,0.0001,0.0001,,,,0.0,,pass,0.0,,mp-aaaaagxd,,,1767,1.1622905731201172e-06,103,0.009834890253841877,,80,7968,permutation,,,393088,,,,max_atoms,,,,,,B+,,,,train,pass
,,,,,0,0,519,representation,,4,,,,torch.float32,,,,0.0001,0.0001,,,,3.814697265625e-06,,pass,3.814697265625e-06,,mp-aaaaagxd,,,1767,2.086162567138672e-06,103,0.013876304030418396,,80,7968,integer_images,,,393088,,,,max_atoms,,,,,,B+,,,,train,pass
,,,,,0,0,520,representation,,4,,,,torch.float32,,,,0.0001,0.0001,,,,4.76837158203125e-07,,pass,2.842170943040401e-14,,mp-aaaaagxd,,,1767,1.430511474609375e-06,103,0.011778092943131924,,80,7968,basis_swap,,,393088,,,,max_atoms,,,,,,B+,,,,train,pass
,,,,,0,0,521,representation,,4,,,,torch.float32,,,,0.0001,0.0001,,,,9.5367431640625e-07,,pass,1.430511474609375e-06,,mp-aaaaagxd,,,1767,1.7285346984863281e-06,103,0.01279478706419468,,80,7968,basis_shear,,,393088,,,,max_atoms,,,,,,B+,,,,train,pass
,,,,,,,522,real_shared_e3,,4,,,,torch.float32,,,,2e-05,2e-05,,,,,,,,,mp-aaaaagxd,,,1767,9.5367431640625e-07,103,0.018390389159321785,,80,7968,rotation_1,,,393088,,,,max_atoms,,,,,,A,,,,train,pass
,,,,,,,523,real_shared_e3,,4,,,,torch.float32,,,,2e-05,2e-05,,,,,,,,,mp-aaaaagxd,,,1767,5.960464477539062e-07,103,0.015741858631372452,,80,7968,rotation_1,,,393088,,,,max_atoms,,,,,,B,,,,train,pass
,,,,,,,524,real_shared_e3,,4,,,,torch.float32,,,,2e-05,2e-05,,,,,,,,,mp-aaaaagxd,,,1767,4.76837158203125e-07,103,0.013793300837278366,,80,7968,rotation_1,,,393088,,,,max_atoms,,,,,,B+,,,,train,pass
,,,,,,,525,high_order_invariant_e3,,,,,,torch.float32,,,,,,,,,,,,,,mp-aaaaagxd,,,1767,9.080395102500916e-09,103,,,80,7968,rotation_1,,,393088,,,,max_atoms,,,,,,B+,,,,train,pass
,,,,,,,526,real_shared_e3,,4,,,,torch.float32,,,,2e-05,2e-05,,,,,,,,,mp-aaaaagxd,,,1767,0.0,103,0.0,,80,7968,reflection,,,393088,,,,max_atoms,,,,,,A,,,,train,pass
,,,,,,,527,real_shared_e3,,4,,,,torch.float32,,,,2e-05,2e-05,,,,,,,,,mp-aaaaagxd,,,1767,0.0,103,0.0,,80,7968,reflection,,,393088,,,,max_atoms,,,,,,B,,,,train,pass
,,,,,,,528,real_shared_e3,,4,,,,torch.float32,,,,2e-05,2e-05,,,,,,,,,mp-aaaaagxd,,,1767,0.0,103,0.0,,80,7968,reflection,,,393088,,,,max_atoms,,,,,,B+,,,,train,pass
,,,,,,,529,high_order_invariant_e3,,,,,,torch.float32,,,,,,,,,,,,,,mp-aaaaagxd,,,1767,0.0,103,,,80,7968,reflection,,,393088,,,,max_atoms,,,,,,B+,,,,train,pass
,,,123.32485961914062,,,,530,real_shear_response,,,,3,,torch.float32,7952,7968,,,,,,,,,,,,mp-aaaaagxd,,,1767,,103,,0.0026279091835021973,80,7968,,,,393088,,,,max_atoms,,0.0005798982122891575,,,,A,,,,train,pass
,,,114.71202850341797,,,,531,real_shear_response,,,,3,,torch.float32,7952,7968,,,,,,,,,,,,mp-aaaaagxd,,,1767,,103,,0.0074576735496521,80,7968,,,,393088,,,,max_atoms,,0.0015524953156804862,,,,B,,,,train,pass
,,,114.71295166015625,,,,532,real_shear_response,,,,3,,torch.float32,7952,7968,,,,,,,,,,,,mp-aaaaagxd,,,1767,,103,,0.007455766201019287,80,7968,,,,393088,,,,max_atoms,,0.00155213858810018,,,,B+,,,,train,pass
,"[""local_input.weight"", ""local_input.bias"", ""local_output.weight"", ""local_output.bias"", ""blocks.0.edge_mlp.0.weight"", ""blocks.0.edge_mlp.0.bias"", ""blocks.0.edge_mlp.2.weight"", ""blocks.0.edge_mlp.2.bias"", ""blocks.0.angle_mlp.0.weight"", ""blocks.0.angle_mlp.0.bias"", ""blocks.0.angle_mlp.2.weight"", ""blocks.0.angle_mlp.2.bias"", ""blocks.0.update.0.weight"", ""blocks.0.update.0.bias"", ""blocks.0.update.2.weight"", ""blocks.0.update.2.bias"", ""blocks.0.norm.weight"", ""blocks.0.norm.bias"", ""blocks.1.edge_mlp.0.weight"", ""blocks.1.edge_mlp.0.bias"", ""blocks.1.edge_mlp.2.weight"", ""blocks.1.edge_mlp.2.bias"", ""blocks.1.angle_mlp.0.weight"", ""blocks.1.angle_mlp.0.bias"", ""blocks.1.angle_mlp.2.weight"", ""blocks.1.angle_mlp.2.bias"", ""blocks.1.update.0.weight"", ""blocks.1.update.0.bias"", ""blocks.1.update.2.weight"", ""blocks.1.update.2.bias"", ""blocks.1.norm.weight"", ""blocks.1.norm.bias""]",16.40406969585456,,True,,,533,resources,,,,,,torch.float32,,,,,,True,19.551180701935664,2.8154079590458423,,0.025735612027347088,,,3.1471110060811043,mp-aaaaagxd,,[],1767,,103,,,80,7968,,,True,393088,1052.62109375,1052.62109375,,max_atoms,,,0,,,A,1052.62109375,,,train,pass
,"[""local_input.weight"", ""local_input.bias"", ""local_output.weight"", ""local_output.bias"", ""blocks.0.tp.weight"", ""blocks.0.mix.weight"", ""blocks.0.radial_gate.0.weight"", ""blocks.0.radial_gate.0.bias"", ""blocks.0.radial_gate.2.weight"", ""blocks.0.radial_gate.2.bias"", ""blocks.0.update.0.weight"", ""blocks.0.update.0.bias"", ""blocks.0.update.2.weight"", ""blocks.0.update.2.bias"", ""blocks.0.norm.weight"", ""blocks.0.norm.bias"", ""blocks.0.direction_gate.weight"", ""blocks.0.direction_gate.bias"", ""blocks.1.tp.weight"", ""blocks.1.mix.weight"", ""blocks.1.radial_gate.0.weight"", ""blocks.1.radial_gate.0.bias"", ""blocks.1.radial_gate.2.weight"", ""blocks.1.radial_gate.2.bias"", ""blocks.1.update.0.weight"", ""blocks.1.update.0.bias"", ""blocks.1.update.2.weight"", ""blocks.1.update.2.bias"", ""blocks.1.norm.weight"", ""blocks.1.norm.bias""]",0.14436306688003242,,True,,,534,resources,,,,,,torch.float32,,,,,,True,0.22340544499456882,0.07467269711196423,,0.025735612027347088,,,0.0790423781145364,mp-aaaaagxd,,[],1767,,103,,,80,7968,,,True,393088,1052.62109375,1052.62109375,,max_atoms,,,0,,,B,1052.62109375,,,train,pass
,"[""local_input.weight"", ""local_input.bias"", ""local_output.weight"", ""local_output.bias"", ""blocks.0.tp.weight"", ""blocks.0.mix.weight"", ""blocks.0.radial_gate.0.weight"", ""blocks.0.radial_gate.0.bias"", ""blocks.0.radial_gate.2.weight"", ""blocks.0.radial_gate.2.bias"", ""blocks.0.update.0.weight"", ""blocks.0.update.0.bias"", ""blocks.0.update.2.weight"", ""blocks.0.update.2.bias"", ""blocks.0.norm.weight"", ""blocks.0.norm.bias"", ""blocks.0.direction_gate.weight"", ""blocks.0.direction_gate.bias"", ""blocks.1.tp.weight"", ""blocks.1.mix.weight"", ""blocks.1.radial_gate.0.weight"", ""blocks.1.radial_gate.0.bias"", ""blocks.1.radial_gate.2.weight"", ""blocks.1.radial_gate.2.bias"", ""blocks.1.update.0.weight"", ""blocks.1.update.0.bias"", ""blocks.1.update.2.weight"", ""blocks.1.update.2.bias"", ""blocks.1.norm.weight"", ""blocks.1.norm.bias""]",0.15607347013428807,,True,,,535,resources,,,,,,torch.float32,,,,,,True,0.24294203822501004,0.08101226110011339,,0.025735612027347088,,,0.08686856809072196,mp-aaaaagxd,,[],1767,,103,,,80,7968,,,True,393088,1052.62109375,1052.62109375,,max_atoms,,,0,,,B+,1052.62109375,,,train,pass
,"[""local_input.weight"", ""local_input.bias"", ""local_output.weight"", ""local_output.bias"", ""blocks.0.tp.weight"", ""blocks.0.mix.weight"", ""blocks.0.radial_gate.0.weight"", ""blocks.0.radial_gate.0.bias"", ""blocks.0.radial_gate.2.weight"", ""blocks.0.radial_gate.2.bias"", ""blocks.0.update.0.weight"", ""blocks.0.update.0.bias"", ""blocks.0.update.2.weight"", ""blocks.0.update.2.bias"", ""blocks.0.norm.weight"", ""blocks.0.norm.bias"", ""blocks.0.direction_gate.weight"", ""blocks.0.direction_gate.bias"", ""blocks.1.tp.weight"", ""blocks.1.mix.weight"", ""blocks.1.radial_gate.0.weight"", ""blocks.1.radial_gate.0.bias"", ""blocks.1.radial_gate.2.weight"", ""blocks.1.radial_gate.2.bias"", ""blocks.1.update.0.weight"", ""blocks.1.update.0.bias"", ""blocks.1.update.2.weight"", ""blocks.1.update.2.bias"", ""blocks.1.norm.weight"", ""blocks.1.norm.bias""]",0.1476939560379833,,True,,,536,resources,,,,,,torch.float32,,,,,,True,0.2276138230226934,0.07536229607649148,,0.025735612027347088,,,0.0799198669847101,mp-aaaaagxd,,[],1767,,103,,,80,7968,,,True,393088,1052.62109375,1052.62109375,,max_atoms,,,1,,,B,1052.62109375,,,train,pass
,"[""local_input.weight"", ""local_input.bias"", ""local_output.weight"", ""local_output.bias"", ""blocks.0.tp.weight"", ""blocks.0.mix.weight"", ""blocks.0.radial_gate.0.weight"", ""blocks.0.radial_gate.0.bias"", ""blocks.0.radial_gate.2.weight"", ""blocks.0.radial_gate.2.bias"", ""blocks.0.update.0.weight"", ""blocks.0.update.0.bias"", ""blocks.0.update.2.weight"", ""blocks.0.update.2.bias"", ""blocks.0.norm.weight"", ""blocks.0.norm.bias"", ""blocks.0.direction_gate.weight"", ""blocks.0.direction_gate.bias"", ""blocks.1.tp.weight"", ""blocks.1.mix.weight"", ""blocks.1.radial_gate.0.weight"", ""blocks.1.radial_gate.0.bias"", ""blocks.1.radial_gate.2.weight"", ""blocks.1.radial_gate.2.bias"", ""blocks.1.update.0.weight"", ""blocks.1.update.0.bias"", ""blocks.1.update.2.weight"", ""blocks.1.update.2.bias"", ""blocks.1.norm.weight"", ""blocks.1.norm.bias""]",0.15342290210537612,,True,,,537,resources,,,,,,torch.float32,,,,,,True,0.23907506209798157,0.08083044993691146,,0.025735612027347088,,,0.08565215999260545,mp-aaaaagxd,,[],1767,,103,,,80,7968,,,True,393088,1052.62109375,1052.62109375,,max_atoms,,,1,,,B+,1052.62109375,,,train,pass
,"[""local_input.weight"", ""local_input.bias"", ""local_output.weight"", ""local_output.bias"", ""blocks.0.edge_mlp.0.weight"", ""blocks.0.edge_mlp.0.bias"", ""blocks.0.edge_mlp.2.weight"", ""blocks.0.edge_mlp.2.bias"", ""blocks.0.angle_mlp.0.weight"", ""blocks.0.angle_mlp.0.bias"", ""blocks.0.angle_mlp.2.weight"", ""blocks.0.angle_mlp.2.bias"", ""blocks.0.update.0.weight"", ""blocks.0.update.0.bias"", ""blocks.0.update.2.weight"", ""blocks.0.update.2.bias"", ""blocks.0.norm.weight"", ""blocks.0.norm.bias"", ""blocks.1.edge_mlp.0.weight"", ""blocks.1.edge_mlp.0.bias"", ""blocks.1.edge_mlp.2.weight"", ""blocks.1.edge_mlp.2.bias"", ""blocks.1.angle_mlp.0.weight"", ""blocks.1.angle_mlp.0.bias"", ""blocks.1.angle_mlp.2.weight"", ""blocks.1.angle_mlp.2.bias"", ""blocks.1.update.0.weight"", ""blocks.1.update.0.bias"", ""blocks.1.update.2.weight"", ""blocks.1.update.2.bias"", ""blocks.1.norm.weight"", ""blocks.1.norm.bias""]",16.388816805090755,,True,,,538,resources,,,,,,torch.float32,,,,,,True,19.614290638128296,2.872729797149077,,0.025735612027347088,,,3.2254738330375403,mp-aaaaagxd,,[],1767,,103,,,80,7968,,,True,393088,1052.62109375,1052.62109375,,max_atoms,,,1,,,A,1052.62109375,,,train,pass
,"[""local_input.weight"", ""local_input.bias"", ""local_output.weight"", ""local_output.bias"", ""blocks.0.tp.weight"", ""blocks.0.mix.weight"", ""blocks.0.radial_gate.0.weight"", ""blocks.0.radial_gate.0.bias"", ""blocks.0.radial_gate.2.weight"", ""blocks.0.radial_gate.2.bias"", ""blocks.0.update.0.weight"", ""blocks.0.update.0.bias"", ""blocks.0.update.2.weight"", ""blocks.0.update.2.bias"", ""blocks.0.norm.weight"", ""blocks.0.norm.bias"", ""blocks.0.direction_gate.weight"", ""blocks.0.direction_gate.bias"", ""blocks.1.tp.weight"", ""blocks.1.mix.weight"", ""blocks.1.radial_gate.0.weight"", ""blocks.1.radial_gate.0.bias"", ""blocks.1.radial_gate.2.weight"", ""blocks.1.radial_gate.2.bias"", ""blocks.1.update.0.weight"", ""blocks.1.update.0.bias"", ""blocks.1.update.2.weight"", ""blocks.1.update.2.bias"", ""blocks.1.norm.weight"", ""blocks.1.norm.bias""]",0.15579646197147667,,True,,,539,resources,,,,,,torch.float32,,,,,,True,0.24290030100382864,0.0837360480800271,,0.025735612027347088,,,0.08710383903235197,mp-aaaaagxd,,[],1767,,103,,,80,7968,,,True,393088,1052.62109375,1052.62109375,,max_atoms,,,2,,,B+,1052.62109375,,,train,pass
,"[""local_input.weight"", ""local_input.bias"", ""local_output.weight"", ""local_output.bias"", ""blocks.0.edge_mlp.0.weight"", ""blocks.0.edge_mlp.0.bias"", ""blocks.0.edge_mlp.2.weight"", ""blocks.0.edge_mlp.2.bias"", ""blocks.0.angle_mlp.0.weight"", ""blocks.0.angle_mlp.0.bias"", ""blocks.0.angle_mlp.2.weight"", ""blocks.0.angle_mlp.2.bias"", ""blocks.0.update.0.weight"", ""blocks.0.update.0.bias"", ""blocks.0.update.2.weight"", ""blocks.0.update.2.bias"", ""blocks.0.norm.weight"", ""blocks.0.norm.bias"", ""blocks.1.edge_mlp.0.weight"", ""blocks.1.edge_mlp.0.bias"", ""blocks.1.edge_mlp.2.weight"", ""blocks.1.edge_mlp.2.bias"", ""blocks.1.angle_mlp.0.weight"", ""blocks.1.angle_mlp.0.bias"", ""blocks.1.angle_mlp.2.weight"", ""blocks.1.angle_mlp.2.bias"", ""blocks.1.update.0.weight"", ""blocks.1.update.0.bias"", ""blocks.1.update.2.weight"", ""blocks.1.update.2.bias"", ""blocks.1.norm.weight"", ""blocks.1.norm.bias""]",16.405259029008448,,True,,,540,resources,,,,,,torch.float32,,,,,,True,19.529781117802486,2.879003651207313,,0.025735612027347088,,,3.1245220887940377,mp-aaaaagxd,,[],1767,,103,,,80,7968,,,True,393088,1052.62109375,1052.62109375,,max_atoms,,,2,,,A,1052.62109375,,,train,pass
,"[""local_input.weight"", ""local_input.bias"", ""local_output.weight"", ""local_output.bias"", ""blocks.0.tp.weight"", ""blocks.0.mix.weight"", ""blocks.0.radial_gate.0.weight"", ""blocks.0.radial_gate.0.bias"", ""blocks.0.radial_gate.2.weight"", ""blocks.0.radial_gate.2.bias"", ""blocks.0.update.0.weight"", ""blocks.0.update.0.bias"", ""blocks.0.update.2.weight"", ""blocks.0.update.2.bias"", ""blocks.0.norm.weight"", ""blocks.0.norm.bias"", ""blocks.0.direction_gate.weight"", ""blocks.0.direction_gate.bias"", ""blocks.1.tp.weight"", ""blocks.1.mix.weight"", ""blocks.1.radial_gate.0.weight"", ""blocks.1.radial_gate.0.bias"", ""blocks.1.radial_gate.2.weight"", ""blocks.1.radial_gate.2.bias"", ""blocks.1.update.0.weight"", ""blocks.1.update.0.bias"", ""blocks.1.update.2.weight"", ""blocks.1.update.2.bias"", ""blocks.1.norm.weight"", ""blocks.1.norm.bias""]",0.14259074302390218,,True,,,541,resources,,,,,,torch.float32,,,,,,True,0.22033722791820765,0.07532305992208421,,0.025735612027347088,,,0.07774648489430547,mp-aaaaagxd,,[],1767,,103,,,80,7968,,,True,393088,1052.62109375,1052.62109375,,max_atoms,,,2,,,B,1052.62109375,,,train,pass
,,,,,,,542,e3_direct,,4,,,,torch.float64,,,,2e-10,2e-10,,,,,,,,,mp-aaaaagxd,,,1767,1.1102230246251565e-15,103,4.092321942909737e-06,,80,7968,rotation_1,,,393088,,,,max_atoms,,,,,,B+,,,,train,pass
,,,,,,,543,e3_direct,,4,,,,torch.float64,,,,2e-10,2e-10,,,,,,,,,mp-aaaaagxd,,,1767,1.5543122344752192e-15,103,3.2578073714440813e-06,,80,7968,rotation_2,,,393088,,,,max_atoms,,,,,,B+,,,,train,pass
,,,,,,,544,e3_direct,,4,,,,torch.float64,,,,2e-10,2e-10,,,,,,,,,mp-aaaaagxd,,,1767,9.71445146547012e-17,103,4.821544816178038e-07,,80,7968,reflection,,,393088,,,,max_atoms,,,,,,B+,,,,train,pass
,,,,,,,545,e3_direct,,4,,,,torch.float64,,,,2e-10,2e-10,,,,,,,,,mp-aaaaagxd,,,1767,0.0,103,0.0,,80,7968,inversion,,,393088,,,,max_atoms,,,,,,B+,,,,train,pass
,,,,,,,546,e3_direct,,4,,,,torch.float64,,,,2e-10,2e-10,,,,,,,,,mp-aaaaagxd,,,1767,1.1102230246251565e-15,103,4.092321942909737e-06,,80,7968,improper_with_translation,,,393088,,,,max_atoms,,,,,,B+,,,,train,pass
,,,,,0,0,547,e3_rebuilt,,4,,,,torch.float64,,,,2e-06,2e-06,,,,3.1086244689504383e-15,,pass,3.1086244689504383e-15,,mp-aaaaagxd,,,1767,3.247402347028583e-15,103,1.5708036002426966e-09,,80,7968,translation,,,393088,,,,max_atoms,,,,,,B+,,,,train,pass
,,,,,0,0,548,representation,,4,,,,torch.float64,,,,2e-06,2e-06,,,,0.0,,pass,0.0,,mp-aaaaagxd,,,1767,2.7755575615628914e-15,103,1.065434684304149e-09,,80,7968,permutation,,,393088,,,,max_atoms,,,,,,B+,,,,train,pass
,,,,,0,0,549,representation,,4,,,,torch.float64,,,,2e-06,2e-06,,,,0.0,,pass,0.0,,mp-aaaaagxd,,,1767,1.7763568394002505e-15,103,6.842888268176845e-10,,80,7968,integer_images,,,393088,,,,max_atoms,,,,,,B+,,,,train,pass
,,,,,0,0,550,representation,,4,,,,torch.float64,,,,2e-06,2e-06,,,,8.881784197001252e-16,,pass,9.860761315262648e-32,,mp-aaaaagxd,,,1767,2.6645352591003757e-15,103,9.437707761252055e-10,,80,7968,basis_swap,,,393088,,,,max_atoms,,,,,,B+,,,,train,pass
,,,,,0,0,551,representation,,4,,,,torch.float64,,,,2e-06,2e-06,,,,1.7763568394002505e-15,,pass,1.6653345369377348e-15,,mp-aaaaagxd,,,1767,3.164135620181696e-15,103,1.201965497771651e-09,,80,7968,basis_shear,,,393088,,,,max_atoms,,,,,,B+,,,,train,pass
,,,,,,,552,e3_direct,,4,,,,torch.float32,,,,2e-05,2e-05,,,,,,,,,mp-aaacrkql,,,17703,2.384185791015625e-07,26,0.00586146954447031,,4,104,rotation_1,,,1300,,,,pairs_quantile_0.1,,,,,,B+,,,,train,pass
,,,,,,,553,e3_direct,,4,,,,torch.float32,,,,2e-05,2e-05,,,,,,,,,mp-aaacrkql,,,17703,2.384185791015625e-07,26,0.00586146954447031,,4,104,rotation_2,,,1300,,,,pairs_quantile_0.1,,,,,,B+,,,,train,pass
,,,,,,,554,e3_direct,,4,,,,torch.float32,,,,2e-05,2e-05,,,,,,,,,mp-aaacrkql,,,17703,2.220446049250313e-16,26,1.1102230246251565e-11,,4,104,reflection,,,1300,,,,pairs_quantile_0.1,,,,,,B+,,,,train,pass
,,,,,,,555,e3_direct,,4,,,,torch.float32,,,,2e-05,2e-05,,,,,,,,,mp-aaacrkql,,,17703,0.0,26,0.0,,4,104,inversion,,,1300,,,,pairs_quantile_0.1,,,,,,B+,,,,train,pass
,,,,,,,556,e3_direct,,4,,,,torch.float32,,,,2e-05,2e-05,,,,,,,,,mp-aaacrkql,,,17703,2.384185791015625e-07,26,0.00586146954447031,,4,104,improper_with_translation,,,1300,,,,pairs_quantile_0.1,,,,,,B+,,,,train,pass
,,,,,0,0,557,e3_rebuilt,,4,,,,torch.float32,,,,0.0001,0.0001,,,,0.0,,pass,0.0,,mp-aaacrkql,,,17703,0.0,26,0.0,,4,104,translation,,,1300,,,,pairs_quantile_0.1,,,,,,B+,,,,train,pass
,,,,,0,0,558,representation,,4,,,,torch.float32,,,,0.0001,0.0001,,,,0.0,,pass,0.0,,mp-aaacrkql,,,17703,7.152557373046875e-07,26,0.0039749457500875,,4,104,permutation,,,1300,,,,pairs_quantile_0.1,,,,,,B+,,,,train,pass
,,,,,0,0,559,representation,,4,,,,torch.float32,,,,0.0001,0.0001,,,,1.1920928955078125e-06,,pass,2.0265579223632812e-06,,mp-aaacrkql,,,17703,4.76837158203125e-07,26,0.004239941947162151,,4,104,integer_images,,,1300,,,,pairs_quantile_0.1,,,,,,B+,,,,train,pass
,,,,,0,0,560,representation,,4,,,,torch.float32,,,,0.0001,0.0001,,,,0.0,,pass,2.842170943040401e-14,,mp-aaacrkql,,,17703,2.384185791015625e-07,26,0.0010366764618083835,,4,104,basis_swap,,,1300,,,,pairs_quantile_0.1,,,,,,B+,,,,train,pass
,,,,,0,0,561,representation,,4,,,,torch.float32,,,,0.0001,0.0001,,,,4.76837158203125e-07,,pass,2.384185791015625e-07,,mp-aaacrkql,,,17703,9.5367431640625e-07,26,0.007022404111921787,,4,104,basis_shear,,,1300,,,,pairs_quantile_0.1,,,,,,B+,,,,train,pass
,,,,,,,562,real_shared_e3,,4,,,,torch.float32,,,,2e-05,2e-05,,,,,,,,,mp-aaacrkql,,,17703,3.5762786865234375e-07,26,0.010374093428254128,,4,104,rotation_1,,,1300,,,,pairs_quantile_0.1,,,,,,A,,,,train,pass
,,,,,,,563,real_shared_e3,,4,,,,torch.float32,,,,2e-05,2e-05,,,,,,,,,mp-aaacrkql,,,17703,1.1920928955078125e-07,26,0.0046026213094592094,,4,104,rotation_1,,,1300,,,,pairs_quantile_0.1,,,,,,B,,,,train,pass
,,,,,,,564,real_shared_e3,,4,,,,torch.float32,,,,2e-05,2e-05,,,,,,,,,mp-aaacrkql,,,17703,2.384185791015625e-07,26,0.00586146954447031,,4,104,rotation_1,,,1300,,,,pairs_quantile_0.1,,,,,,B+,,,,train,pass
,,,,,,,565,high_order_invariant_e3,,,,,,torch.float32,,,,,,,,,,,,,,mp-aaacrkql,,,17703,2.7939677238464355e-09,26,,,4,104,rotation_1,,,1300,,,,pairs_quantile_0.1,,,,,,B+,,,,train,pass
,,,,,,,566,real_shared_e3,,4,,,,torch.float32,,,,2e-05,2e-05,,,,,,,,,mp-aaacrkql,,,17703,0.0,26,0.0,,4,104,reflection,,,1300,,,,pairs_quantile_0.1,,,,,,A,,,,train,pass
,,,,,,,567,real_shared_e3,,4,,,,torch.float32,,,,2e-05,2e-05,,,,,,,,,mp-aaacrkql,,,17703,2.220446049250313e-16,26,1.1102230246251565e-11,,4,104,reflection,,,1300,,,,pairs_quantile_0.1,,,,,,B,,,,train,pass
,,,,,,,568,real_shared_e3,,4,,,,torch.float32,,,,2e-05,2e-05,,,,,,,,,mp-aaacrkql,,,17703,2.220446049250313e-16,26,1.1102230246251565e-11,,4,104,reflection,,,1300,,,,pairs_quantile_0.1,,,,,,B+,,,,train,pass
,,,,,,,569,high_order_invariant_e3,,,,,,torch.float32,,,,,,,,,,,,,,mp-aaacrkql,,,17703,0.0,26,,,4,104,reflection,,,1300,,,,pairs_quantile_0.1,,,,,,B+,,,,train,pass
,,,26.629352569580078,,,,570,real_shear_response,,,,0,,torch.float32,104,104,,,,,,,,,,,,mp-aaacrkql,,,17703,,26,,2.810359001159668e-05,4,104,,,,1300,,,,pairs_quantile_0.1,,1.0627560867099675e-05,,,,A,,,,train,pass
,,,26.096172332763672,,,,571,real_shear_response,,,,0,,torch.float32,104,104,,,,,,,,,,,,mp-aaacrkql,,,17703,,26,,5.072355270385742e-05,4,104,,,,1300,,,,pairs_quantile_0.1,,2.4240136588202962e-05,,,,B,,,,train,pass
,,,26.096141815185547,,,,572,real_shear_response,,,,0,,torch.float32,104,104,,,,,,,,,,,,mp-aaacrkql,,,17703,,26,,5.077570676803589e-05,4,104,,,,1300,,,,pairs_quantile_0.1,,2.4301104652576108e-05,,,,B+,,,,train,pass
,"[""local_input.weight"", ""local_input.bias"", ""local_output.weight"", ""local_output.bias"", ""blocks.0.edge_mlp.0.weight"", ""blocks.0.edge_mlp.0.bias"", ""blocks.0.edge_mlp.2.weight"", ""blocks.0.edge_mlp.2.bias"", ""blocks.0.angle_mlp.0.weight"", ""blocks.0.angle_mlp.0.bias"", ""blocks.0.angle_mlp.2.weight"", ""blocks.0.angle_mlp.2.bias"", ""blocks.0.update.0.weight"", ""blocks.0.update.0.bias"", ""blocks.0.update.2.weight"", ""blocks.0.update.2.bias"", ""blocks.0.norm.weight"", ""blocks.0.norm.bias"", ""blocks.1.edge_mlp.0.weight"", ""blocks.1.edge_mlp.0.bias"", ""blocks.1.edge_mlp.2.weight"", ""blocks.1.edge_mlp.2.bias"", ""blocks.1.angle_mlp.0.weight"", ""blocks.1.angle_mlp.0.bias"", ""blocks.1.angle_mlp.2.weight"", ""blocks.1.angle_mlp.2.bias"", ""blocks.1.update.0.weight"", ""blocks.1.update.0.bias"", ""blocks.1.update.2.weight"", ""blocks.1.update.2.bias"", ""blocks.1.norm.weight"", ""blocks.1.norm.bias""]",0.057340221013873816,,True,,,573,resources,,,,,,torch.float32,,,,,,True,0.07671147887594998,0.013933332869783044,,0.00577882188372314,,,0.019371257862076163,mp-aaacrkql,,[],17703,,26,,,4,104,,,True,1300,1052.62109375,1052.62109375,,pairs_quantile_0.1,,,0,,,A,1052.62109375,,,train,pass
,"[""local_input.weight"", ""local_input.bias"", ""local_output.weight"", ""local_output.bias"", ""blocks.0.tp.weight"", ""blocks.0.mix.weight"", ""blocks.0.radial_gate.0.weight"", ""blocks.0.radial_gate.0.bias"", ""blocks.0.radial_gate.2.weight"", ""blocks.0.radial_gate.2.bias"", ""blocks.0.update.0.weight"", ""blocks.0.update.0.bias"", ""blocks.0.update.2.weight"", ""blocks.0.update.2.bias"", ""blocks.0.norm.weight"", ""blocks.0.norm.bias"", ""blocks.0.direction_gate.weight"", ""blocks.0.direction_gate.bias"", ""blocks.1.tp.weight"", ""blocks.1.mix.weight"", ""blocks.1.radial_gate.0.weight"", ""blocks.1.radial_gate.0.bias"", ""blocks.1.radial_gate.2.weight"", ""blocks.1.radial_gate.2.bias"", ""blocks.1.update.0.weight"", ""blocks.1.update.0.bias"", ""blocks.1.update.2.weight"", ""blocks.1.update.2.bias"", ""blocks.1.norm.weight"", ""blocks.1.norm.bias""]",0.011802844936028123,,True,,,574,resources,,,,,,torch.float32,,,,,,True,0.021102505968883634,0.007218983955681324,,0.00577882188372314,,,0.00929966103285551,mp-aaacrkql,,[],17703,,26,,,4,104,,,True,1300,1052.62109375,1052.62109375,,pairs_quantile_0.1,,,0,,,B,1052.62109375,,,train,pass
,"[""local_input.weight"", ""local_input.bias"", ""local_output.weight"", ""local_output.bias"", ""blocks.0.tp.weight"", ""blocks.0.mix.weight"", ""blocks.0.radial_gate.0.weight"", ""blocks.0.radial_gate.0.bias"", ""blocks.0.radial_gate.2.weight"", ""blocks.0.radial_gate.2.bias"", ""blocks.0.update.0.weight"", ""blocks.0.update.0.bias"", ""blocks.0.update.2.weight"", ""blocks.0.update.2.bias"", ""blocks.0.norm.weight"", ""blocks.0.norm.bias"", ""blocks.0.direction_gate.weight"", ""blocks.0.direction_gate.bias"", ""blocks.1.tp.weight"", ""blocks.1.mix.weight"", ""blocks.1.radial_gate.0.weight"", ""blocks.1.radial_gate.0.bias"", ""blocks.1.radial_gate.2.weight"", ""blocks.1.radial_gate.2.bias"", ""blocks.1.update.0.weight"", ""blocks.1.update.0.bias"", ""blocks.1.update.2.weight"", ""blocks.1.update.2.bias"", ""blocks.1.norm.weight"", ""blocks.1.norm.bias""]",0.013807404087856412,,True,,,575,resources,,,,,,torch.float32,,,,,,True,0.02366331499069929,0.008787746075540781,,0.00577882188372314,,,0.00985591090284288,mp-aaacrkql,,[],17703,,26,,,4,104,,,True,1300,1052.62109375,1052.62109375,,pairs_quantile_0.1,,,0,,,B+,1052.62109375,,,train,pass
,"[""local_input.weight"", ""local_input.bias"", ""local_output.weight"", ""local_output.bias"", ""blocks.0.tp.weight"", ""blocks.0.mix.weight"", ""blocks.0.radial_gate.0.weight"", ""blocks.0.radial_gate.0.bias"", ""blocks.0.radial_gate.2.weight"", ""blocks.0.radial_gate.2.bias"", ""blocks.0.update.0.weight"", ""blocks.0.update.0.bias"", ""blocks.0.update.2.weight"", ""blocks.0.update.2.bias"", ""blocks.0.norm.weight"", ""blocks.0.norm.bias"", ""blocks.0.direction_gate.weight"", ""blocks.0.direction_gate.bias"", ""blocks.1.tp.weight"", ""blocks.1.mix.weight"", ""blocks.1.radial_gate.0.weight"", ""blocks.1.radial_gate.0.bias"", ""blocks.1.radial_gate.2.weight"", ""blocks.1.radial_gate.2.bias"", ""blocks.1.update.0.weight"", ""blocks.1.update.0.bias"", ""blocks.1.update.2.weight"", ""blocks.1.update.2.bias"", ""blocks.1.norm.weight"", ""blocks.1.norm.bias""]",0.011759299086406827,,True,,,576,resources,,,,,,torch.float32,,,,,,True,0.019867085153236985,0.007066769991070032,,0.00577882188372314,,,0.008107786066830158,mp-aaacrkql,,[],17703,,26,,,4,104,,,True,1300,1052.62109375,1052.62109375,,pairs_quantile_0.1,,,1,,,B,1052.62109375,,,train,pass
,"[""local_input.weight"", ""local_input.bias"", ""local_output.weight"", ""local_output.bias"", ""blocks.0.tp.weight"", ""blocks.0.mix.weight"", ""blocks.0.radial_gate.0.weight"", ""blocks.0.radial_gate.0.bias"", ""blocks.0.radial_gate.2.weight"", ""blocks.0.radial_gate.2.bias"", ""blocks.0.update.0.weight"", ""blocks.0.update.0.bias"", ""blocks.0.update.2.weight"", ""blocks.0.update.2.bias"", ""blocks.0.norm.weight"", ""blocks.0.norm.bias"", ""blocks.0.direction_gate.weight"", ""blocks.0.direction_gate.bias"", ""blocks.1.tp.weight"", ""blocks.1.mix.weight"", ""blocks.1.radial_gate.0.weight"", ""blocks.1.radial_gate.0.bias"", ""blocks.1.radial_gate.2.weight"", ""blocks.1.radial_gate.2.bias"", ""blocks.1.update.0.weight"", ""blocks.1.update.0.bias"", ""blocks.1.update.2.weight"", ""blocks.1.update.2.bias"", ""blocks.1.norm.weight"", ""blocks.1.norm.bias""]",0.012676062993705273,,True,,,577,resources,,,,,,torch.float32,,,,,,True,0.022281860001385212,0.008710457943379879,,0.00577882188372314,,,0.00960579700767994,mp-aaacrkql,,[],17703,,26,,,4,104,,,True,1300,1052.62109375,1052.62109375,,pairs_quantile_0.1,,,1,,,B+,1052.62109375,,,train,pass
,"[""local_input.weight"", ""local_input.bias"", ""local_output.weight"", ""local_output.bias"", ""blocks.0.edge_mlp.0.weight"", ""blocks.0.edge_mlp.0.bias"", ""blocks.0.edge_mlp.2.weight"", ""blocks.0.edge_mlp.2.bias"", ""blocks.0.angle_mlp.0.weight"", ""blocks.0.angle_mlp.0.bias"", ""blocks.0.angle_mlp.2.weight"", ""blocks.0.angle_mlp.2.bias"", ""blocks.0.update.0.weight"", ""blocks.0.update.0.bias"", ""blocks.0.update.2.weight"", ""blocks.0.update.2.bias"", ""blocks.0.norm.weight"", ""blocks.0.norm.bias"", ""blocks.1.edge_mlp.0.weight"", ""blocks.1.edge_mlp.0.bias"", ""blocks.1.edge_mlp.2.weight"", ""blocks.1.edge_mlp.2.bias"", ""blocks.1.angle_mlp.0.weight"", ""blocks.1.angle_mlp.0.bias"", ""blocks.1.angle_mlp.2.weight"", ""blocks.1.angle_mlp.2.bias"", ""blocks.1.update.0.weight"", ""blocks.1.update.0.bias"", ""blocks.1.update.2.weight"", ""blocks.1.update.2.bias"", ""blocks.1.norm.weight"", ""blocks.1.norm.bias""]",0.057591978926211596,,True,,,578,resources,,,,,,torch.float32,,,,,,True,0.07689975388348103,0.013930403161793947,,0.00577882188372314,,,0.01930777495726943,mp-aaacrkql,,[],17703,,26,,,4,104,,,True,1300,1052.62109375,1052.62109375,,pairs_quantile_0.1,,,1,,,A,1052.62109375,,,train,pass
,"[""local_input.weight"", ""local_input.bias"", ""local_output.weight"", ""local_output.bias"", ""blocks.0.tp.weight"", ""blocks.0.mix.weight"", ""blocks.0.radial_gate.0.weight"", ""blocks.0.radial_gate.0.bias"", ""blocks.0.radial_gate.2.weight"", ""blocks.0.radial_gate.2.bias"", ""blocks.0.update.0.weight"", ""blocks.0.update.0.bias"", ""blocks.0.update.2.weight"", ""blocks.0.update.2.bias"", ""blocks.0.norm.weight"", ""blocks.0.norm.bias"", ""blocks.0.direction_gate.weight"", ""blocks.0.direction_gate.bias"", ""blocks.1.tp.weight"", ""blocks.1.mix.weight"", ""blocks.1.radial_gate.0.weight"", ""blocks.1.radial_gate.0.bias"", ""blocks.1.radial_gate.2.weight"", ""blocks.1.radial_gate.2.bias"", ""blocks.1.update.0.weight"", ""blocks.1.update.0.bias"", ""blocks.1.update.2.weight"", ""blocks.1.update.2.bias"", ""blocks.1.norm.weight"", ""blocks.1.norm.bias""]",0.01241621794179082,,True,,,579,resources,,,,,,torch.float32,,,,,,True,0.021864625858142972,0.00851425901055336,,0.00577882188372314,,,0.009448407916352153,mp-aaacrkql,,[],17703,,26,,,4,104,,,True,1300,1052.62109375,1052.62109375,,pairs_quantile_0.1,,,2,,,B+,1052.62109375,,,train,pass
,"[""local_input.weight"", ""local_input.bias"", ""local_output.weight"", ""local_output.bias"", ""blocks.0.edge_mlp.0.weight"", ""blocks.0.edge_mlp.0.bias"", ""blocks.0.edge_mlp.2.weight"", ""blocks.0.edge_mlp.2.bias"", ""blocks.0.angle_mlp.0.weight"", ""blocks.0.angle_mlp.0.bias"", ""blocks.0.angle_mlp.2.weight"", ""blocks.0.angle_mlp.2.bias"", ""blocks.0.update.0.weight"", ""blocks.0.update.0.bias"", ""blocks.0.update.2.weight"", ""blocks.0.update.2.bias"", ""blocks.0.norm.weight"", ""blocks.0.norm.bias"", ""blocks.1.edge_mlp.0.weight"", ""blocks.1.edge_mlp.0.bias"", ""blocks.1.edge_mlp.2.weight"", ""blocks.1.edge_mlp.2.bias"", ""blocks.1.angle_mlp.0.weight"", ""blocks.1.angle_mlp.0.bias"", ""blocks.1.angle_mlp.2.weight"", ""blocks.1.angle_mlp.2.bias"", ""blocks.1.update.0.weight"", ""blocks.1.update.0.bias"", ""blocks.1.update.2.weight"", ""blocks.1.update.2.bias"", ""blocks.1.norm.weight"", ""blocks.1.norm.bias""]",0.05471544596366584,,True,,,580,resources,,,,,,torch.float32,,,,,,True,0.07343427697196603,0.013513776939362288,,0.00577882188372314,,,0.018718831008300185,mp-aaacrkql,,[],17703,,26,,,4,104,,,True,1300,1052.62109375,1052.62109375,,pairs_quantile_0.1,,,2,,,A,1052.62109375,,,train,pass
,"[""local_input.weight"", ""local_input.bias"", ""local_output.weight"", ""local_output.bias"", ""blocks.0.tp.weight"", ""blocks.0.mix.weight"", ""blocks.0.radial_gate.0.weight"", ""blocks.0.radial_gate.0.bias"", ""blocks.0.radial_gate.2.weight"", ""blocks.0.radial_gate.2.bias"", ""blocks.0.update.0.weight"", ""blocks.0.update.0.bias"", ""blocks.0.update.2.weight"", ""blocks.0.update.2.bias"", ""blocks.0.norm.weight"", ""blocks.0.norm.bias"", ""blocks.0.direction_gate.weight"", ""blocks.0.direction_gate.bias"", ""blocks.1.tp.weight"", ""blocks.1.mix.weight"", ""blocks.1.radial_gate.0.weight"", ""blocks.1.radial_gate.0.bias"", ""blocks.1.radial_gate.2.weight"", ""blocks.1.radial_gate.2.bias"", ""blocks.1.update.0.weight"", ""blocks.1.update.0.bias"", ""blocks.1.update.2.weight"", ""blocks.1.update.2.bias"", ""blocks.1.norm.weight"", ""blocks.1.norm.bias""]",0.011775117134675384,,True,,,581,resources,,,,,,torch.float32,,,,,,True,0.0199046372435987,0.0072007200215011835,,0.00577882188372314,,,0.008129520108923316,mp-aaacrkql,,[],17703,,26,,,4,104,,,True,1300,1052.62109375,1052.62109375,,pairs_quantile_0.1,,,2,,,B,1052.62109375,,,train,pass
,,,,,,,582,e3_direct,,4,,,,torch.float64,,,,2e-10,2e-10,,,,,,,,,mp-aaacrkql,,,17703,5.828670879282072e-16,26,2.5346227937219646e-06,,4,104,rotation_1,,,1300,,,,pairs_quantile_0.1,,,,,,B+,,,,train,pass
,,,,,,,583,e3_direct,,4,,,,torch.float64,,,,2e-10,2e-10,,,,,,,,,mp-aaacrkql,,,17703,4.440892098500626e-16,26,1.234734366246794e-06,,4,104,rotation_2,,,1300,,,,pairs_quantile_0.1,,,,,,B+,,,,train,pass
,,,,,,,584,e3_direct,,4,,,,torch.float64,,,,2e-10,2e-10,,,,,,,,,mp-aaacrkql,,,17703,2.7755575615628914e-16,26,1.2052166845331635e-06,,4,104,reflection,,,1300,,,,pairs_quantile_0.1,,,,,,B+,,,,train,pass
,,,,,,,585,e3_direct,,4,,,,torch.float64,,,,2e-10,2e-10,,,,,,,,,mp-aaacrkql,,,17703,0.0,26,0.0,,4,104,inversion,,,1300,,,,pairs_quantile_0.1,,,,,,B+,,,,train,pass
,,,,,,,586,e3_direct,,4,,,,torch.float64,,,,2e-10,2e-10,,,,,,,,,mp-aaacrkql,,,17703,5.828670879282072e-16,26,2.5346227937219646e-06,,4,104,improper_with_translation,,,1300,,,,pairs_quantile_0.1,,,,,,B+,,,,train,pass
,,,,,0,0,587,e3_rebuilt,,4,,,,torch.float64,,,,2e-06,2e-06,,,,8.881784197001252e-16,,pass,8.881784197001252e-16,,mp-aaacrkql,,,17703,1.3322676295501878e-15,26,3.9487585754580227e-10,,4,104,translation,,,1300,,,,pairs_quantile_0.1,,,,,,B+,,,,train,pass
,,,,,0,0,588,representation,,4,,,,torch.float64,,,,2e-06,2e-06,,,,0.0,,pass,0.0,,mp-aaacrkql,,,17703,8.881784197001252e-16,26,2.870746625954535e-10,,4,104,permutation,,,1300,,,,pairs_quantile_0.1,,,,,,B+,,,,train,pass
,,,,,0,0,589,representation,,4,,,,torch.float64,,,,2e-06,2e-06,,,,0.0,,pass,0.0,,mp-aaacrkql,,,17703,8.881784197001252e-16,26,2.778791201728195e-10,,4,104,integer_images,,,1300,,,,pairs_quantile_0.1,,,,,,B+,,,,train,pass
,,,,,0,0,590,representation,,4,,,,torch.float64,,,,2e-06,2e-06,,,,0.0,,pass,9.860761315262648e-32,,mp-aaacrkql,,,17703,1.3877787807814457e-17,26,6.7382611188174205e-12,,4,104,basis_swap,,,1300,,,,pairs_quantile_0.1,,,,,,B+,,,,train,pass
,,,,,0,0,591,representation,,4,,,,torch.float64,,,,2e-06,2e-06,,,,4.440892098500626e-16,,pass,4.440892098500626e-16,,mp-aaacrkql,,,17703,1.1102230246251565e-15,26,3.3043030482601164e-10,,4,104,basis_shear,,,1300,,,,pairs_quantile_0.1,,,,,,B+,,,,train,pass
,,,,,,,592,e3_direct,,4,,,,torch.float32,,,,2e-05,2e-05,,,,,,,,,mp-aaaciuwb,,,13453,3.5762786865234375e-07,59,0.010694175958633423,,5,276,rotation_1,,,7509,,,,pairs_quantile_0.5,,,,,,B+,,,,train,pass
,,,,,,,593,e3_direct,,4,,,,torch.float32,,,,2e-05,2e-05,,,,,,,,,mp-aaaciuwb,,,13453,4.76837158203125e-07,59,0.01456026267260313,,5,276,rotation_2,,,7509,,,,pairs_quantile_0.5,,,,,,B+,,,,train,pass
,,,,,,,594,e3_direct,,4,,,,torch.float32,,,,2e-05,2e-05,,,,,,,,,mp-aaaciuwb,,,13453,0.0,59,0.0,,5,276,reflection,,,7509,,,,pairs_quantile_0.5,,,,,,B+,,,,train,pass
,,,,,,,595,e3_direct,,4,,,,torch.float32,,,,2e-05,2e-05,,,,,,,,,mp-aaaciuwb,,,13453,0.0,59,0.0,,5,276,inversion,,,7509,,,,pairs_quantile_0.5,,,,,,B+,,,,train,pass
,,,,,,,596,e3_direct,,4,,,,torch.float32,,,,2e-05,2e-05,,,,,,,,,mp-aaaciuwb,,,13453,3.5762786865234375e-07,59,0.010694175958633423,,5,276,improper_with_translation,,,7509,,,,pairs_quantile_0.5,,,,,,B+,,,,train,pass
,,,,,0,0,597,e3_rebuilt,,4,,,,torch.float32,,,,0.0001,0.0001,,,,9.5367431640625e-07,,pass,9.5367431640625e-07,,mp-aaaciuwb,,,13453,1.3113021850585938e-06,59,0.007882452569901943,,5,276,translation,,,7509,,,,pairs_quantile_0.5,,,,,,B+,,,,train,pass
,,,,,0,0,598,representation,,4,,,,torch.float32,,,,0.0001,0.0001,,,,0.0,,pass,0.0,,mp-aaaciuwb,,,13453,5.960464477539062e-07,59,0.0032631971407681704,,5,276,permutation,,,7509,,,,pairs_quantile_0.5,,,,,,B+,,,,train,pass
,,,,,0,0,599,representation,,4,,,,torch.float32,,,,0.0001,0.0001,,,,1.9073486328125e-06,,pass,1.9073486328125e-06,,mp-aaaciuwb,,,13453,1.3113021850585938e-06,59,0.009260181337594986,,5,276,integer_images,,,7509,,,,pairs_quantile_0.5,,,,,,B+,,,,train,pass
,,,,,0,0,600,representation,,4,,,,torch.float32,,,,0.0001,0.0001,,,,9.5367431640625e-07,,pass,9.5367431640625e-07,,mp-aaaciuwb,,,13453,1.1920928955078125e-06,59,0.009388789534568787,,5,276,basis_swap,,,7509,,,,pairs_quantile_0.5,,,,,,B+,,,,train,pass
,,,,,0,0,601,representation,,4,,,,torch.float32,,,,0.0001,0.0001,,,,2.384185791015625e-06,,pass,9.5367431640625e-07,,mp-aaaciuwb,,,13453,1.2516975402832031e-06,59,0.011024389415979385,,5,276,basis_shear,,,7509,,,,pairs_quantile_0.5,,,,,,B+,,,,train,pass
,,,,,,,602,real_shared_e3,,4,,,,torch.float32,,,,2e-05,2e-05,,,,,,,,,mp-aaaciuwb,,,13453,3.5762786865234375e-07,59,0.013509482145309448,,5,276,rotation_1,,,7509,,,,pairs_quantile_0.5,,,,,,A,,,,train,pass
,,,,,,,603,real_shared_e3,,4,,,,torch.float32,,,,2e-05,2e-05,,,,,,,,,mp-aaaciuwb,,,13453,3.5762786865234375e-07,59,0.014859172515571117,,5,276,rotation_1,,,7509,,,,pairs_quantile_0.5,,,,,,B,,,,train,pass
,,,,,,,604,real_shared_e3,,4,,,,torch.float32,,,,2e-05,2e-05,,,,,,,,,mp-aaaciuwb,,,13453,3.5762786865234375e-07,59,0.010694175958633423,,5,276,rotation_1,,,7509,,,,pairs_quantile_0.5,,,,,,B+,,,,train,pass
,,,,,,,605,high_order_invariant_e3,,,,,,torch.float32,,,,,,,,,,,,,,mp-aaaciuwb,,,13453,3.259629011154175e-09,59,,,5,276,rotation_1,,,7509,,,,pairs_quantile_0.5,,,,,,B+,,,,train,pass
,,,,,,,606,real_shared_e3,,4,,,,torch.float32,,,,2e-05,2e-05,,,,,,,,,mp-aaaciuwb,,,13453,0.0,59,0.0,,5,276,reflection,,,7509,,,,pairs_quantile_0.5,,,,,,A,,,,train,pass
,,,,,,,607,real_shared_e3,,4,,,,torch.float32,,,,2e-05,2e-05,,,,,,,,,mp-aaaciuwb,,,13453,0.0,59,0.0,,5,276,reflection,,,7509,,,,pairs_quantile_0.5,,,,,,B,,,,train,pass
,,,,,,,608,real_shared_e3,,4,,,,torch.float32,,,,2e-05,2e-05,,,,,,,,,mp-aaaciuwb,,,13453,0.0,59,0.0,,5,276,reflection,,,7509,,,,pairs_quantile_0.5,,,,,,B+,,,,train,pass
,,,,,,,609,high_order_invariant_e3,,,,,,torch.float32,,,,,,,,,,,,,,mp-aaaciuwb,,,13453,0.0,59,,,5,276,reflection,,,7509,,,,pairs_quantile_0.5,,,,,,B+,,,,train,pass
,,,29.739538192749023,,,,610,real_shear_response,,,,0,,torch.float32,276,276,,,,,,,,,,,,mp-aaaciuwb,,,13453,,59,,0.0008804798126220703,5,276,,,,7509,,,,pairs_quantile_0.5,,0.0002591575422092818,,,,A,,,,train,pass
,,,28.69611930847168,,,,611,real_shear_response,,,,0,,torch.float32,276,276,,,,,,,,,,,,mp-aaaciuwb,,,13453,,59,,0.0014526844024658203,5,276,,,,7509,,,,pairs_quantile_0.5,,0.0007074673467979229,,,,B,,,,train,pass
,,,28.696176528930664,,,,612,real_shear_response,,,,0,,torch.float32,276,276,,,,,,,,,,,,mp-aaaciuwb,,,13453,,59,,0.0014498233795166016,5,276,,,,7509,,,,pairs_quantile_0.5,,0.0007077433579157638,,,,B+,,,,train,pass
,"[""local_input.weight"", ""local_input.bias"", ""local_output.weight"", ""local_output.bias"", ""blocks.0.edge_mlp.0.weight"", ""blocks.0.edge_mlp.0.bias"", ""blocks.0.edge_mlp.2.weight"", ""blocks.0.edge_mlp.2.bias"", ""blocks.0.angle_mlp.0.weight"", ""blocks.0.angle_mlp.0.bias"", ""blocks.0.angle_mlp.2.weight"", ""blocks.0.angle_mlp.2.bias"", ""blocks.0.update.0.weight"", ""blocks.0.update.0.bias"", ""blocks.0.update.2.weight"", ""blocks.0.update.2.bias"", ""blocks.0.norm.weight"", ""blocks.0.norm.bias"", ""blocks.1.edge_mlp.0.weight"", ""blocks.1.edge_mlp.0.bias"", ""blocks.1.edge_mlp.2.weight"", ""blocks.1.edge_mlp.2.bias"", ""blocks.1.angle_mlp.0.weight"", ""blocks.1.angle_mlp.0.bias"", ""blocks.1.angle_mlp.2.weight"", ""blocks.1.angle_mlp.2.bias"", ""blocks.1.update.0.weight"", ""blocks.1.update.0.bias"", ""blocks.1.update.2.weight"", ""blocks.1.update.2.bias"", ""blocks.1.norm.weight"", ""blocks.1.norm.bias""]",0.36477809282951057,,True,,,613,resources,,,,,,torch.float32,,,,,,True,0.43181338300928473,0.06123593798838556,,0.006757589988410473,,,0.06703529017977417,mp-aaaciuwb,,[],13453,,59,,,5,276,,,True,7509,1052.62109375,1052.62109375,,pairs_quantile_0.5,,,0,,,A,1052.62109375,,,train,pass
,"[""local_input.weight"", ""local_input.bias"", ""local_output.weight"", ""local_output.bias"", ""blocks.0.tp.weight"", ""blocks.0.mix.weight"", ""blocks.0.radial_gate.0.weight"", ""blocks.0.radial_gate.0.bias"", ""blocks.0.radial_gate.2.weight"", ""blocks.0.radial_gate.2.bias"", ""blocks.0.update.0.weight"", ""blocks.0.update.0.bias"", ""blocks.0.update.2.weight"", ""blocks.0.update.2.bias"", ""blocks.0.norm.weight"", ""blocks.0.norm.bias"", ""blocks.0.direction_gate.weight"", ""blocks.0.direction_gate.bias"", ""blocks.1.tp.weight"", ""blocks.1.mix.weight"", ""blocks.1.radial_gate.0.weight"", ""blocks.1.radial_gate.0.bias"", ""blocks.1.radial_gate.2.weight"", ""blocks.1.radial_gate.2.bias"", ""blocks.1.update.0.weight"", ""blocks.1.update.0.bias"", ""blocks.1.update.2.weight"", ""blocks.1.update.2.bias"", ""blocks.1.norm.weight"", ""blocks.1.norm.bias""]",0.01544318487867713,,True,,,614,resources,,,,,,torch.float32,,,,,,True,0.025222158757969737,0.008997427998110652,,0.006757589988410473,,,0.009778973879292607,mp-aaaciuwb,,[],13453,,59,,,5,276,,,True,7509,1052.62109375,1052.62109375,,pairs_quantile_0.5,,,0,,,B,1052.62109375,,,train,pass
,"[""local_input.weight"", ""local_input.bias"", ""local_output.weight"", ""local_output.bias"", ""blocks.0.tp.weight"", ""blocks.0.mix.weight"", ""blocks.0.radial_gate.0.weight"", ""blocks.0.radial_gate.0.bias"", ""blocks.0.radial_gate.2.weight"", ""blocks.0.radial_gate.2.bias"", ""blocks.0.update.0.weight"", ""blocks.0.update.0.bias"", ""blocks.0.update.2.weight"", ""blocks.0.update.2.bias"", ""blocks.0.norm.weight"", ""blocks.0.norm.bias"", ""blocks.0.direction_gate.weight"", ""blocks.0.direction_gate.bias"", ""blocks.1.tp.weight"", ""blocks.1.mix.weight"", ""blocks.1.radial_gate.0.weight"", ""blocks.1.radial_gate.0.bias"", ""blocks.1.radial_gate.2.weight"", ""blocks.1.radial_gate.2.bias"", ""blocks.1.update.0.weight"", ""blocks.1.update.0.bias"", ""blocks.1.update.2.weight"", ""blocks.1.update.2.bias"", ""blocks.1.norm.weight"", ""blocks.1.norm.bias""]",0.017364260973408818,,True,,,615,resources,,,,,,torch.float32,,,,,,True,0.028705731965601444,0.010111060924828053,,0.006757589988410473,,,0.011341470992192626,mp-aaaciuwb,,[],13453,,59,,,5,276,,,True,7509,1052.62109375,1052.62109375,,pairs_quantile_0.5,,,0,,,B+,1052.62109375,,,train,pass
,"[""local_input.weight"", ""local_input.bias"", ""local_output.weight"", ""local_output.bias"", ""blocks.0.tp.weight"", ""blocks.0.mix.weight"", ""blocks.0.radial_gate.0.weight"", ""blocks.0.radial_gate.0.bias"", ""blocks.0.radial_gate.2.weight"", ""blocks.0.radial_gate.2.bias"", ""blocks.0.update.0.weight"", ""blocks.0.update.0.bias"", ""blocks.0.update.2.weight"", ""blocks.0.update.2.bias"", ""blocks.0.norm.weight"", ""blocks.0.norm.bias"", ""blocks.0.direction_gate.weight"", ""blocks.0.direction_gate.bias"", ""blocks.1.tp.weight"", ""blocks.1.mix.weight"", ""blocks.1.radial_gate.0.weight"", ""blocks.1.radial_gate.0.bias"", ""blocks.1.radial_gate.2.weight"", ""blocks.1.radial_gate.2.bias"", ""blocks.1.update.0.weight"", ""blocks.1.update.0.bias"", ""blocks.1.update.2.weight"", ""blocks.1.update.2.bias"", ""blocks.1.norm.weight"", ""blocks.1.norm.bias""]",0.015267902985215187,,True,,,616,resources,,,,,,torch.float32,,,,,,True,0.02466158103197813,0.008615087950602174,,0.006757589988410473,,,0.009393678046762943,mp-aaaciuwb,,[],13453,,59,,,5,276,,,True,7509,1052.62109375,1052.62109375,,pairs_quantile_0.5,,,1,,,B,1052.62109375,,,train,pass
,"[""local_input.weight"", ""local_input.bias"", ""local_output.weight"", ""local_output.bias"", ""blocks.0.tp.weight"", ""blocks.0.mix.weight"", ""blocks.0.radial_gate.0.weight"", ""blocks.0.radial_gate.0.bias"", ""blocks.0.radial_gate.2.weight"", ""blocks.0.radial_gate.2.bias"", ""blocks.0.update.0.weight"", ""blocks.0.update.0.bias"", ""blocks.0.update.2.weight"", ""blocks.0.update.2.bias"", ""blocks.0.norm.weight"", ""blocks.0.norm.bias"", ""blocks.0.direction_gate.weight"", ""blocks.0.direction_gate.bias"", ""blocks.1.tp.weight"", ""blocks.1.mix.weight"", ""blocks.1.radial_gate.0.weight"", ""blocks.1.radial_gate.0.bias"", ""blocks.1.radial_gate.2.weight"", ""blocks.1.radial_gate.2.bias"", ""blocks.1.update.0.weight"", ""blocks.1.update.0.bias"", ""blocks.1.update.2.weight"", ""blocks.1.update.2.bias"", ""blocks.1.norm.weight"", ""blocks.1.norm.bias""]",0.017158716917037964,,True,,,617,resources,,,,,,torch.float32,,,,,,True,0.02863033302128315,0.010114845121279359,,0.006757589988410473,,,0.011471616104245186,mp-aaaciuwb,,[],13453,,59,,,5,276,,,True,7509,1052.62109375,1052.62109375,,pairs_quantile_0.5,,,1,,,B+,1052.62109375,,,train,pass
,"[""local_input.weight"", ""local_input.bias"", ""local_output.weight"", ""local_output.bias"", ""blocks.0.edge_mlp.0.weight"", ""blocks.0.edge_mlp.0.bias"", ""blocks.0.edge_mlp.2.weight"", ""blocks.0.edge_mlp.2.bias"", ""blocks.0.angle_mlp.0.weight"", ""blocks.0.angle_mlp.0.bias"", ""blocks.0.angle_mlp.2.weight"", ""blocks.0.angle_mlp.2.bias"", ""blocks.0.update.0.weight"", ""blocks.0.update.0.bias"", ""blocks.0.update.2.weight"", ""blocks.0.update.2.bias"", ""blocks.0.norm.weight"", ""blocks.0.norm.bias"", ""blocks.1.edge_mlp.0.weight"", ""blocks.1.edge_mlp.0.bias"", ""blocks.1.edge_mlp.2.weight"", ""blocks.1.edge_mlp.2.bias"", ""blocks.1.angle_mlp.0.weight"", ""blocks.1.angle_mlp.0.bias"", ""blocks.1.angle_mlp.2.weight"", ""blocks.1.angle_mlp.2.bias"", ""blocks.1.update.0.weight"", ""blocks.1.update.0.bias"", ""blocks.1.update.2.weight"", ""blocks.1.update.2.bias"", ""blocks.1.norm.weight"", ""blocks.1.norm.bias""]",0.3555012699216604,,True,,,618,resources,,,,,,torch.float32,,,,,,True,0.42440840299241245,0.06331399991177022,,0.006757589988410473,,,0.06890713307075202,mp-aaaciuwb,,[],13453,,59,,,5,276,,,True,7509,1052.62109375,1052.62109375,,pairs_quantile_0.5,,,1,,,A,1052.62109375,,,train,pass
,"[""local_input.weight"", ""local_input.bias"", ""local_output.weight"", ""local_output.bias"", ""blocks.0.tp.weight"", ""blocks.0.mix.weight"", ""blocks.0.radial_gate.0.weight"", ""blocks.0.radial_gate.0.bias"", ""blocks.0.radial_gate.2.weight"", ""blocks.0.radial_gate.2.bias"", ""blocks.0.update.0.weight"", ""blocks.0.update.0.bias"", ""blocks.0.update.2.weight"", ""blocks.0.update.2.bias"", ""blocks.0.norm.weight"", ""blocks.0.norm.bias"", ""blocks.0.direction_gate.weight"", ""blocks.0.direction_gate.bias"", ""blocks.1.tp.weight"", ""blocks.1.mix.weight"", ""blocks.1.radial_gate.0.weight"", ""blocks.1.radial_gate.0.bias"", ""blocks.1.radial_gate.2.weight"", ""blocks.1.radial_gate.2.bias"", ""blocks.1.update.0.weight"", ""blocks.1.update.0.bias"", ""blocks.1.update.2.weight"", ""blocks.1.update.2.bias"", ""blocks.1.norm.weight"", ""blocks.1.norm.bias""]",0.016533882822841406,,True,,,619,resources,,,,,,torch.float32,,,,,,True,0.028194208862259984,0.01010270300321281,,0.006757589988410473,,,0.011660326039418578,mp-aaaciuwb,,[],13453,,59,,,5,276,,,True,7509,1052.62109375,1052.62109375,,pairs_quantile_0.5,,,2,,,B+,1052.62109375,,,train,pass
,"[""local_input.weight"", ""local_input.bias"", ""local_output.weight"", ""local_output.bias"", ""blocks.0.edge_mlp.0.weight"", ""blocks.0.edge_mlp.0.bias"", ""blocks.0.edge_mlp.2.weight"", ""blocks.0.edge_mlp.2.bias"", ""blocks.0.angle_mlp.0.weight"", ""blocks.0.angle_mlp.0.bias"", ""blocks.0.angle_mlp.2.weight"", ""blocks.0.angle_mlp.2.bias"", ""blocks.0.update.0.weight"", ""blocks.0.update.0.bias"", ""blocks.0.update.2.weight"", ""blocks.0.update.2.bias"", ""blocks.0.norm.weight"", ""blocks.0.norm.bias"", ""blocks.1.edge_mlp.0.weight"", ""blocks.1.edge_mlp.0.bias"", ""blocks.1.edge_mlp.2.weight"", ""blocks.1.edge_mlp.2.bias"", ""blocks.1.angle_mlp.0.weight"", ""blocks.1.angle_mlp.0.bias"", ""blocks.1.angle_mlp.2.weight"", ""blocks.1.angle_mlp.2.bias"", ""blocks.1.update.0.weight"", ""blocks.1.update.0.bias"", ""blocks.1.update.2.weight"", ""blocks.1.update.2.bias"", ""blocks.1.norm.weight"", ""blocks.1.norm.bias""]",0.3633521010633558,,True,,,620,resources,,,,,,torch.float32,,,,,,True,0.432074171025306,0.060861523961648345,,0.006757589988410473,,,0.06872206996195018,mp-aaaciuwb,,[],13453,,59,,,5,276,,,True,7509,1052.62109375,1052.62109375,,pairs_quantile_0.5,,,2,,,A,1052.62109375,,,train,pass
,"[""local_input.weight"", ""local_input.bias"", ""local_output.weight"", ""local_output.bias"", ""blocks.0.tp.weight"", ""blocks.0.mix.weight"", ""blocks.0.radial_gate.0.weight"", ""blocks.0.radial_gate.0.bias"", ""blocks.0.radial_gate.2.weight"", ""blocks.0.radial_gate.2.bias"", ""blocks.0.update.0.weight"", ""blocks.0.update.0.bias"", ""blocks.0.update.2.weight"", ""blocks.0.update.2.bias"", ""blocks.0.norm.weight"", ""blocks.0.norm.bias"", ""blocks.0.direction_gate.weight"", ""blocks.0.direction_gate.bias"", ""blocks.1.tp.weight"", ""blocks.1.mix.weight"", ""blocks.1.radial_gate.0.weight"", ""blocks.1.radial_gate.0.bias"", ""blocks.1.radial_gate.2.weight"", ""blocks.1.radial_gate.2.bias"", ""blocks.1.update.0.weight"", ""blocks.1.update.0.bias"", ""blocks.1.update.2.weight"", ""blocks.1.update.2.bias"", ""blocks.1.norm.weight"", ""blocks.1.norm.bias""]",0.015754779102280736,,True,,,621,resources,,,,,,torch.float32,,,,,,True,0.02560429717414081,0.009044267935678363,,0.006757589988410473,,,0.009849518071860075,mp-aaaciuwb,,[],13453,,59,,,5,276,,,True,7509,1052.62109375,1052.62109375,,pairs_quantile_0.5,,,2,,,B,1052.62109375,,,train,pass
,,,,,,,622,e3_direct,,4,,,,torch.float64,,,,2e-10,2e-10,,,,,,,,,mp-aaaciuwb,,,13453,8.881784197001252e-16,59,2.130077357926539e-06,,5,276,rotation_1,,,7509,,,,pairs_quantile_0.5,,,,,,B+,,,,train,pass
,,,,,,,623,e3_direct,,4,,,,torch.float64,,,,2e-10,2e-10,,,,,,,,,mp-aaaciuwb,,,13453,8.881784197001252e-16,59,2.130077357926539e-06,,5,276,rotation_2,,,7509,,,,pairs_quantile_0.5,,,,,,B+,,,,train,pass
,,,,,,,624,e3_direct,,4,,,,torch.float64,,,,2e-10,2e-10,,,,,,,,,mp-aaaciuwb,,,13453,1.0061396160665481e-16,59,4.997816747708359e-07,,5,276,reflection,,,7509,,,,pairs_quantile_0.5,,,,,,B+,,,,train,pass
,,,,,,,625,e3_direct,,4,,,,torch.float64,,,,2e-10,2e-10,,,,,,,,,mp-aaaciuwb,,,13453,0.0,59,0.0,,5,276,inversion,,,7509,,,,pairs_quantile_0.5,,,,,,B+,,,,train,pass
,,,,,,,626,e3_direct,,4,,,,torch.float64,,,,2e-10,2e-10,,,,,,,,,mp-aaaciuwb,,,13453,8.881784197001252e-16,59,2.130077357926539e-06,,5,276,improper_with_translation,,,7509,,,,pairs_quantile_0.5,,,,,,B+,,,,train,pass
,,,,,0,0,627,e3_rebuilt,,4,,,,torch.float64,,,,2e-06,2e-06,,,,5.187146800977871e-08,,pass,3.552713678800501e-15,,mp-aaaciuwb,,,13453,1.4113456348052722e-08,59,0.006090740005863806,,5,276,translation,,,7509,,,,pairs_quantile_0.5,,,,,,B+,,,,train,pass
,,,,,0,0,628,representation,,4,,,,torch.float64,,,,2e-06,2e-06,,,,0.0,,pass,0.0,,mp-aaaciuwb,,,13453,1.3322676295501878e-15,59,3.705271237288574e-10,,5,276,permutation,,,7509,,,,pairs_quantile_0.5,,,,,,B+,,,,train,pass
,,,,,0,0,629,representation,,4,,,,torch.float64,,,,2e-06,2e-06,,,,0.0,,pass,0.0,,mp-aaaciuwb,,,13453,0.0,59,0.0,,5,276,integer_images,,,7509,,,,pairs_quantile_0.5,,,,,,B+,,,,train,pass
,,,,,0,0,630,representation,,4,,,,torch.float64,,,,2e-06,2e-06,,,,5.187146978613555e-08,,pass,2.220446049250313e-15,,mp-aaaciuwb,,,13453,1.4113455765185634e-08,59,0.0060907397552732905,,5,276,basis_swap,,,7509,,,,pairs_quantile_0.5,,,,,,B+,,,,train,pass
,,,,,0,0,631,representation,,4,,,,torch.float64,,,,2e-06,2e-06,,,,6.217248937900877e-15,,pass,4.884981308350689e-15,,mp-aaaciuwb,,,13453,1.7763568394002505e-15,59,6.431490500963265e-10,,5,276,basis_shear,,,7509,,,,pairs_quantile_0.5,,,,,,B+,,,,train,pass
,,,,,,,632,e3_direct,,4,,,,torch.float32,,,,2e-05,2e-05,,,,,,,,,mp-aaaabqpu,,,6712,2.384185791015625e-07,74,0.008998182602226734,,21,1446,rotation_1,,,49470,,,,pairs_quantile_0.9,,,,,,B+,,,,train,pass
,,,,,,,633,e3_direct,,4,,,,torch.float32,,,,2e-05,2e-05,,,,,,,,,mp-aaaabqpu,,,6712,3.5762786865234375e-07,74,0.00918332114815712,,21,1446,rotation_2,,,49470,,,,pairs_quantile_0.9,,,,,,B+,,,,train,pass
,,,,,,,634,e3_direct,,4,,,,torch.float32,,,,2e-05,2e-05,,,,,,,,,mp-aaaabqpu,,,6712,1.1102230246251565e-16,74,5.551115123125783e-12,,21,1446,reflection,,,49470,,,,pairs_quantile_0.9,,,,,,B+,,,,train,pass
,,,,,,,635,e3_direct,,4,,,,torch.float32,,,,2e-05,2e-05,,,,,,,,,mp-aaaabqpu,,,6712,0.0,74,0.0,,21,1446,inversion,,,49470,,,,pairs_quantile_0.9,,,,,,B+,,,,train,pass
,,,,,,,636,e3_direct,,4,,,,torch.float32,,,,2e-05,2e-05,,,,,,,,,mp-aaaabqpu,,,6712,2.384185791015625e-07,74,0.008998182602226734,,21,1446,improper_with_translation,,,49470,,,,pairs_quantile_0.9,,,,,,B+,,,,train,pass
,,,,,0,0,637,e3_rebuilt,,4,,,,torch.float32,,,,0.0001,0.0001,,,,9.5367431640625e-07,,pass,4.768371866248344e-07,,mp-aaaabqpu,,,6712,9.5367431640625e-07,74,0.008198622614145279,,21,1446,translation,,,49470,,,,pairs_quantile_0.9,,,,,,B+,,,,train,pass
,,,,,0,0,638,representation,,4,,,,torch.float32,,,,0.0001,0.0001,,,,0.0,,pass,0.0,,mp-aaaabqpu,,,6712,9.5367431640625e-07,74,0.006344837136566639,,21,1446,permutation,,,49470,,,,pairs_quantile_0.9,,,,,,B+,,,,train,pass
,,,,,0,0,639,representation,,4,,,,torch.float32,,,,0.0001,0.0001,,,,1.430511474609375e-06,,pass,1.6689300537109375e-06,,mp-aaaabqpu,,,6712,1.3113021850585938e-06,74,0.010493883863091469,,21,1446,integer_images,,,49470,,,,pairs_quantile_0.9,,,,,,B+,,,,train,pass
,,,,,0,0,640,representation,,4,,,,torch.float32,,,,0.0001,0.0001,,,,9.5367431640625e-07,,pass,9.5367431640625e-07,,mp-aaaabqpu,,,6712,1.0598450899124146e-06,74,0.010381186380982399,,21,1446,basis_swap,,,49470,,,,pairs_quantile_0.9,,,,,,B+,,,,train,pass
,,,,,0,0,641,representation,,4,,,,torch.float32,,,,0.0001,0.0001,,,,1.430511474609375e-06,,pass,9.5367431640625e-07,,mp-aaaabqpu,,,6712,1.2814998626708984e-06,74,0.012205607257783413,,21,1446,basis_shear,,,49470,,,,pairs_quantile_0.9,,,,,,B+,,,,train,pass
,,,,,,,642,real_shared_e3,,4,,,,torch.float32,,,,2e-05,2e-05,,,,,,,,,mp-aaaabqpu,,,6712,5.960464477539062e-07,74,0.014913024380803108,,21,1446,rotation_1,,,49470,,,,pairs_quantile_0.9,,,,,,A,,,,train,pass
,,,,,,,643,real_shared_e3,,4,,,,torch.float32,,,,2e-05,2e-05,,,,,,,,,mp-aaaabqpu,,,6712,4.76837158203125e-07,74,0.011653752997517586,,21,1446,rotation_1,,,49470,,,,pairs_quantile_0.9,,,,,,B,,,,train,pass
,,,,,,,644,real_shared_e3,,4,,,,torch.float32,,,,2e-05,2e-05,,,,,,,,,mp-aaaabqpu,,,6712,2.384185791015625e-07,74,0.008998182602226734,,21,1446,rotation_1,,,49470,,,,pairs_quantile_0.9,,,,,,B+,,,,train,pass
,,,,,,,645,high_order_invariant_e3,,,,,,torch.float32,,,,,,,,,,,,,,mp-aaaabqpu,,,6712,1.0244548320770264e-08,74,,,21,1446,rotation_1,,,49470,,,,pairs_quantile_0.9,,,,,,B+,,,,train,pass
,,,,,,,646,real_shared_e3,,4,,,,torch.float32,,,,2e-05,2e-05,,,,,,,,,mp-aaaabqpu,,,6712,0.0,74,0.0,,21,1446,reflection,,,49470,,,,pairs_quantile_0.9,,,,,,A,,,,train,pass
,,,,,,,647,real_shared_e3,,4,,,,torch.float32,,,,2e-05,2e-05,,,,,,,,,mp-aaaabqpu,,,6712,1.1102230246251565e-16,74,5.551115123125783e-12,,21,1446,reflection,,,49470,,,,pairs_quantile_0.9,,,,,,B,,,,train,pass
,,,,,,,648,real_shared_e3,,4,,,,torch.float32,,,,2e-05,2e-05,,,,,,,,,mp-aaaabqpu,,,6712,1.1102230246251565e-16,74,5.551115123125783e-12,,21,1446,reflection,,,49470,,,,pairs_quantile_0.9,,,,,,B+,,,,train,pass
,,,,,,,649,high_order_invariant_e3,,,,,,torch.float32,,,,,,,,,,,,,,mp-aaaabqpu,,,6712,0.0,74,,,21,1446,reflection,,,49470,,,,pairs_quantile_0.9,,,,,,B+,,,,train,pass
,,,63.51537322998047,,,,650,real_shear_response,,,,4,,torch.float32,1440,1446,,,,,,,,,,,,mp-aaaabqpu,,,6712,,74,,0.004788905382156372,21,1446,,,,49470,,,,pairs_quantile_0.9,,0.0010114406077302855,,,,A,,,,train,pass
,,,60.38422393798828,,,,651,real_shear_response,,,,4,,torch.float32,1440,1446,,,,,,,,,,,,mp-aaaabqpu,,,6712,,74,,0.01223599910736084,21,1446,,,,49470,,,,pairs_quantile_0.9,,0.0023365636909434507,,,,B,,,,train,pass
,,,60.383907318115234,,,,652,real_shear_response,,,,4,,torch.float32,1440,1446,,,,,,,,,,,,mp-aaaabqpu,,,6712,,74,,0.012218296527862549,21,1446,,,,49470,,,,pairs_quantile_0.9,,0.002337272338019944,,,,B+,,,,train,pass
,"[""local_input.weight"", ""local_input.bias"", ""local_output.weight"", ""local_output.bias"", ""blocks.0.edge_mlp.0.weight"", ""blocks.0.edge_mlp.0.bias"", ""blocks.0.edge_mlp.2.weight"", ""blocks.0.edge_mlp.2.bias"", ""blocks.0.angle_mlp.0.weight"", ""blocks.0.angle_mlp.0.bias"", ""blocks.0.angle_mlp.2.weight"", ""blocks.0.angle_mlp.2.bias"", ""blocks.0.update.0.weight"", ""blocks.0.update.0.bias"", ""blocks.0.update.2.weight"", ""blocks.0.update.2.bias"", ""blocks.0.norm.weight"", ""blocks.0.norm.bias"", ""blocks.1.edge_mlp.0.weight"", ""blocks.1.edge_mlp.0.bias"", ""blocks.1.edge_mlp.2.weight"", ""blocks.1.edge_mlp.2.bias"", ""blocks.1.angle_mlp.0.weight"", ""blocks.1.angle_mlp.0.bias"", ""blocks.1.angle_mlp.2.weight"", ""blocks.1.angle_mlp.2.bias"", ""blocks.1.update.0.weight"", ""blocks.1.update.0.bias"", ""blocks.1.update.2.weight"", ""blocks.1.update.2.bias"", ""blocks.1.norm.weight"", ""blocks.1.norm.bias""]",2.0212634899653494,,True,,,653,resources,,,,,,torch.float32,,,,,,True,2.421603717841208,0.3653023538645357,,0.00668681412935257,,,0.40034022787585855,mp-aaaabqpu,,[],6712,,74,,,21,1446,,,True,49470,1052.62109375,1052.62109375,,pairs_quantile_0.9,,,0,,,A,1052.62109375,,,train,pass
,"[""local_input.weight"", ""local_input.bias"", ""local_output.weight"", ""local_output.bias"", ""blocks.0.tp.weight"", ""blocks.0.mix.weight"", ""blocks.0.radial_gate.0.weight"", ""blocks.0.radial_gate.0.bias"", ""blocks.0.radial_gate.2.weight"", ""blocks.0.radial_gate.2.bias"", ""blocks.0.update.0.weight"", ""blocks.0.update.0.bias"", ""blocks.0.update.2.weight"", ""blocks.0.update.2.bias"", ""blocks.0.norm.weight"", ""blocks.0.norm.bias"", ""blocks.0.direction_gate.weight"", ""blocks.0.direction_gate.bias"", ""blocks.1.tp.weight"", ""blocks.1.mix.weight"", ""blocks.1.radial_gate.0.weight"", ""blocks.1.radial_gate.0.bias"", ""blocks.1.radial_gate.2.weight"", ""blocks.1.radial_gate.2.bias"", ""blocks.1.update.0.weight"", ""blocks.1.update.0.bias"", ""blocks.1.update.2.weight"", ""blocks.1.update.2.bias"", ""blocks.1.norm.weight"", ""blocks.1.norm.bias""]",0.03543067001737654,,True,,,654,resources,,,,,,torch.float32,,,,,,True,0.05623660306446254,0.019073144998401403,,0.00668681412935257,,,0.020805933047086,mp-aaaabqpu,,[],6712,,74,,,21,1446,,,True,49470,1052.62109375,1052.62109375,,pairs_quantile_0.9,,,0,,,B,1052.62109375,,,train,pass
,"[""local_input.weight"", ""local_input.bias"", ""local_output.weight"", ""local_output.bias"", ""blocks.0.tp.weight"", ""blocks.0.mix.weight"", ""blocks.0.radial_gate.0.weight"", ""blocks.0.radial_gate.0.bias"", ""blocks.0.radial_gate.2.weight"", ""blocks.0.radial_gate.2.bias"", ""blocks.0.update.0.weight"", ""blocks.0.update.0.bias"", ""blocks.0.update.2.weight"", ""blocks.0.update.2.bias"", ""blocks.0.norm.weight"", ""blocks.0.norm.bias"", ""blocks.0.direction_gate.weight"", ""blocks.0.direction_gate.bias"", ""blocks.1.tp.weight"", ""blocks.1.mix.weight"", ""blocks.1.radial_gate.0.weight"", ""blocks.1.radial_gate.0.bias"", ""blocks.1.radial_gate.2.weight"", ""blocks.1.radial_gate.2.bias"", ""blocks.1.update.0.weight"", ""blocks.1.update.0.bias"", ""blocks.1.update.2.weight"", ""blocks.1.update.2.bias"", ""blocks.1.norm.weight"", ""blocks.1.norm.bias""]",0.037016634130850434,,True,,,655,resources,,,,,,torch.float32,,,,,,True,0.060111989034339786,0.020808025961741805,,0.00668681412935257,,,0.02309535490348935,mp-aaaabqpu,,[],6712,,74,,,21,1446,,,True,49470,1052.62109375,1052.62109375,,pairs_quantile_0.9,,,0,,,B+,1052.62109375,,,train,pass
,"[""local_input.weight"", ""local_input.bias"", ""local_output.weight"", ""local_output.bias"", ""blocks.0.tp.weight"", ""blocks.0.mix.weight"", ""blocks.0.radial_gate.0.weight"", ""blocks.0.radial_gate.0.bias"", ""blocks.0.radial_gate.2.weight"", ""blocks.0.radial_gate.2.bias"", ""blocks.0.update.0.weight"", ""blocks.0.update.0.bias"", ""blocks.0.update.2.weight"", ""blocks.0.update.2.bias"", ""blocks.0.norm.weight"", ""blocks.0.norm.bias"", ""blocks.0.direction_gate.weight"", ""blocks.0.direction_gate.bias"", ""blocks.1.tp.weight"", ""blocks.1.mix.weight"", ""blocks.1.radial_gate.0.weight"", ""blocks.1.radial_gate.0.bias"", ""blocks.1.radial_gate.2.weight"", ""blocks.1.radial_gate.2.bias"", ""blocks.1.update.0.weight"", ""blocks.1.update.0.bias"", ""blocks.1.update.2.weight"", ""blocks.1.update.2.bias"", ""blocks.1.norm.weight"", ""blocks.1.norm.bias""]",0.03562983707524836,,True,,,656,resources,,,,,,torch.float32,,,,,,True,0.056925825076177716,0.019699078053236008,,0.00668681412935257,,,0.021295988000929356,mp-aaaabqpu,,[],6712,,74,,,21,1446,,,True,49470,1052.62109375,1052.62109375,,pairs_quantile_0.9,,,1,,,B,1052.62109375,,,train,pass
,"[""local_input.weight"", ""local_input.bias"", ""local_output.weight"", ""local_output.bias"", ""blocks.0.tp.weight"", ""blocks.0.mix.weight"", ""blocks.0.radial_gate.0.weight"", ""blocks.0.radial_gate.0.bias"", ""blocks.0.radial_gate.2.weight"", ""blocks.0.radial_gate.2.bias"", ""blocks.0.update.0.weight"", ""blocks.0.update.0.bias"", ""blocks.0.update.2.weight"", ""blocks.0.update.2.bias"", ""blocks.0.norm.weight"", ""blocks.0.norm.bias"", ""blocks.0.direction_gate.weight"", ""blocks.0.direction_gate.bias"", ""blocks.1.tp.weight"", ""blocks.1.mix.weight"", ""blocks.1.radial_gate.0.weight"", ""blocks.1.radial_gate.0.bias"", ""blocks.1.radial_gate.2.weight"", ""blocks.1.radial_gate.2.bias"", ""blocks.1.update.0.weight"", ""blocks.1.update.0.bias"", ""blocks.1.update.2.weight"", ""blocks.1.update.2.bias"", ""blocks.1.norm.weight"", ""blocks.1.norm.bias""]",0.03654537186957896,,True,,,657,resources,,,,,,torch.float32,,,,,,True,0.060240945778787136,0.021599821047857404,,0.00668681412935257,,,0.02369557390920818,mp-aaaabqpu,,[],6712,,74,,,21,1446,,,True,49470,1052.62109375,1052.62109375,,pairs_quantile_0.9,,,1,,,B+,1052.62109375,,,train,pass
,"[""local_input.weight"", ""local_input.bias"", ""local_output.weight"", ""local_output.bias"", ""blocks.0.edge_mlp.0.weight"", ""blocks.0.edge_mlp.0.bias"", ""blocks.0.edge_mlp.2.weight"", ""blocks.0.edge_mlp.2.bias"", ""blocks.0.angle_mlp.0.weight"", ""blocks.0.angle_mlp.0.bias"", ""blocks.0.angle_mlp.2.weight"", ""blocks.0.angle_mlp.2.bias"", ""blocks.0.update.0.weight"", ""blocks.0.update.0.bias"", ""blocks.0.update.2.weight"", ""blocks.0.update.2.bias"", ""blocks.0.norm.weight"", ""blocks.0.norm.bias"", ""blocks.1.edge_mlp.0.weight"", ""blocks.1.edge_mlp.0.bias"", ""blocks.1.edge_mlp.2.weight"", ""blocks.1.edge_mlp.2.bias"", ""blocks.1.angle_mlp.0.weight"", ""blocks.1.angle_mlp.0.bias"", ""blocks.1.angle_mlp.2.weight"", ""blocks.1.angle_mlp.2.bias"", ""blocks.1.update.0.weight"", ""blocks.1.update.0.bias"", ""blocks.1.update.2.weight"", ""blocks.1.update.2.bias"", ""blocks.1.norm.weight"", ""blocks.1.norm.bias""]",2.029087458970025,,True,,,658,resources,,,,,,torch.float32,,,,,,True,2.4289239950012416,0.36780176404863596,,0.00668681412935257,,,0.3998365360312164,mp-aaaabqpu,,[],6712,,74,,,21,1446,,,True,49470,1052.62109375,1052.62109375,,pairs_quantile_0.9,,,1,,,A,1052.62109375,,,train,pass
,"[""local_input.weight"", ""local_input.bias"", ""local_output.weight"", ""local_output.bias"", ""blocks.0.tp.weight"", ""blocks.0.mix.weight"", ""blocks.0.radial_gate.0.weight"", ""blocks.0.radial_gate.0.bias"", ""blocks.0.radial_gate.2.weight"", ""blocks.0.radial_gate.2.bias"", ""blocks.0.update.0.weight"", ""blocks.0.update.0.bias"", ""blocks.0.update.2.weight"", ""blocks.0.update.2.bias"", ""blocks.0.norm.weight"", ""blocks.0.norm.bias"", ""blocks.0.direction_gate.weight"", ""blocks.0.direction_gate.bias"", ""blocks.1.tp.weight"", ""blocks.1.mix.weight"", ""blocks.1.radial_gate.0.weight"", ""blocks.1.radial_gate.0.bias"", ""blocks.1.radial_gate.2.weight"", ""blocks.1.radial_gate.2.bias"", ""blocks.1.update.0.weight"", ""blocks.1.update.0.bias"", ""blocks.1.update.2.weight"", ""blocks.1.update.2.bias"", ""blocks.1.norm.weight"", ""blocks.1.norm.bias""]",0.037780829006806016,,True,,,659,resources,,,,,,torch.float32,,,,,,True,0.060986211989074945,0.02138542989268899,,0.00668681412935257,,,0.02320538298226893,mp-aaaabqpu,,[],6712,,74,,,21,1446,,,True,49470,1052.62109375,1052.62109375,,pairs_quantile_0.9,,,2,,,B+,1052.62109375,,,train,pass
,"[""local_input.weight"", ""local_input.bias"", ""local_output.weight"", ""local_output.bias"", ""blocks.0.edge_mlp.0.weight"", ""blocks.0.edge_mlp.0.bias"", ""blocks.0.edge_mlp.2.weight"", ""blocks.0.edge_mlp.2.bias"", ""blocks.0.angle_mlp.0.weight"", ""blocks.0.angle_mlp.0.bias"", ""blocks.0.angle_mlp.2.weight"", ""blocks.0.angle_mlp.2.bias"", ""blocks.0.update.0.weight"", ""blocks.0.update.0.bias"", ""blocks.0.update.2.weight"", ""blocks.0.update.2.bias"", ""blocks.0.norm.weight"", ""blocks.0.norm.bias"", ""blocks.1.edge_mlp.0.weight"", ""blocks.1.edge_mlp.0.bias"", ""blocks.1.edge_mlp.2.weight"", ""blocks.1.edge_mlp.2.bias"", ""blocks.1.angle_mlp.0.weight"", ""blocks.1.angle_mlp.0.bias"", ""blocks.1.angle_mlp.2.weight"", ""blocks.1.angle_mlp.2.bias"", ""blocks.1.update.0.weight"", ""blocks.1.update.0.bias"", ""blocks.1.update.2.weight"", ""blocks.1.update.2.bias"", ""blocks.1.norm.weight"", ""blocks.1.norm.bias""]",2.0277175430674106,,True,,,660,resources,,,,,,torch.float32,,,,,,True,2.430300793144852,0.35969816194847226,,0.00668681412935257,,,0.40258325007744133,mp-aaaabqpu,,[],6712,,74,,,21,1446,,,True,49470,1052.62109375,1052.62109375,,pairs_quantile_0.9,,,2,,,A,1052.62109375,,,train,pass
,"[""local_input.weight"", ""local_input.bias"", ""local_output.weight"", ""local_output.bias"", ""blocks.0.tp.weight"", ""blocks.0.mix.weight"", ""blocks.0.radial_gate.0.weight"", ""blocks.0.radial_gate.0.bias"", ""blocks.0.radial_gate.2.weight"", ""blocks.0.radial_gate.2.bias"", ""blocks.0.update.0.weight"", ""blocks.0.update.0.bias"", ""blocks.0.update.2.weight"", ""blocks.0.update.2.bias"", ""blocks.0.norm.weight"", ""blocks.0.norm.bias"", ""blocks.0.direction_gate.weight"", ""blocks.0.direction_gate.bias"", ""blocks.1.tp.weight"", ""blocks.1.mix.weight"", ""blocks.1.radial_gate.0.weight"", ""blocks.1.radial_gate.0.bias"", ""blocks.1.radial_gate.2.weight"", ""blocks.1.radial_gate.2.bias"", ""blocks.1.update.0.weight"", ""blocks.1.update.0.bias"", ""blocks.1.update.2.weight"", ""blocks.1.update.2.bias"", ""blocks.1.norm.weight"", ""blocks.1.norm.bias""]",0.0342099538538605,,True,,,661,resources,,,,,,torch.float32,,,,,,True,0.054941989947110415,0.018804290099069476,,0.00668681412935257,,,0.020732036093249917,mp-aaaabqpu,,[],6712,,74,,,21,1446,,,True,49470,1052.62109375,1052.62109375,,pairs_quantile_0.9,,,2,,,B,1052.62109375,,,train,pass
,,,,,,,662,e3_direct,,4,,,,torch.float64,,,,2e-10,2e-10,,,,,,,,,mp-aaaabqpu,,,6712,6.661338147750939e-16,74,2.3268561964142042e-06,,21,1446,rotation_1,,,49470,,,,pairs_quantile_0.9,,,,,,B+,,,,train,pass
,,,,,,,663,e3_direct,,4,,,,torch.float64,,,,2e-10,2e-10,,,,,,,,,mp-aaaabqpu,,,6712,6.661338147750939e-16,74,2.0340339804979833e-06,,21,1446,rotation_2,,,49470,,,,pairs_quantile_0.9,,,,,,B+,,,,train,pass
,,,,,,,664,e3_direct,,4,,,,torch.float64,,,,2e-10,2e-10,,,,,,,,,mp-aaaabqpu,,,6712,2.498001805406602e-16,74,1.1240761669778016e-06,,21,1446,reflection,,,49470,,,,pairs_quantile_0.9,,,,,,B+,,,,train,pass
,,,,,,,665,e3_direct,,4,,,,torch.float64,,,,2e-10,2e-10,,,,,,,,,mp-aaaabqpu,,,6712,0.0,74,0.0,,21,1446,inversion,,,49470,,,,pairs_quantile_0.9,,,,,,B+,,,,train,pass
,,,,,,,666,e3_direct,,4,,,,torch.float64,,,,2e-10,2e-10,,,,,,,,,mp-aaaabqpu,,,6712,6.661338147750939e-16,74,2.3268561964142042e-06,,21,1446,improper_with_translation,,,49470,,,,pairs_quantile_0.9,,,,,,B+,,,,train,pass
,,,,,0,0,667,e3_rebuilt,,4,,,,torch.float64,,,,2e-06,2e-06,,,,1.7763568394002505e-15,,pass,1.7763568394002505e-15,,mp-aaaabqpu,,,6712,2.55351295663786e-15,74,1.2313210257167468e-09,,21,1446,translation,,,49470,,,,pairs_quantile_0.9,,,,,,B+,,,,train,pass
,,,,,0,0,668,representation,,4,,,,torch.float64,,,,2e-06,2e-06,,,,0.0,,pass,0.0,,mp-aaaabqpu,,,6712,1.5543122344752192e-15,74,4.735585624254611e-10,,21,1446,permutation,,,49470,,,,pairs_quantile_0.9,,,,,,B+,,,,train,pass
,,,,,0,0,669,representation,,4,,,,torch.float64,,,,2e-06,2e-06,,,,0.0,,pass,0.0,,mp-aaaabqpu,,,6712,0.0,74,0.0,,21,1446,integer_images,,,49470,,,,pairs_quantile_0.9,,,,,,B+,,,,train,pass
,,,,,0,0,670,representation,,4,,,,torch.float64,,,,2e-06,2e-06,,,,8.881784197001252e-16,,pass,1.3322676295501878e-15,,mp-aaaabqpu,,,6712,1.987993103469421e-15,74,9.854007923826815e-10,,21,1446,basis_swap,,,49470,,,,pairs_quantile_0.9,,,,,,B+,,,,train,pass
,,,,,0,0,671,representation,,4,,,,torch.float64,,,,2e-06,2e-06,,,,1.7763568394002505e-15,,pass,1.7763568394002505e-15,,mp-aaaabqpu,,,6712,2.609024107869118e-15,74,1.2046653666039566e-09,,21,1446,basis_shear,,,49470,,,,pairs_quantile_0.9,,,,,,B+,,,,train,pass
,,,,,,,672,e3_direct,,4,,,,torch.float32,,,,2e-05,2e-05,,,,,,,,,mp-aaabfwpd,,,1056,7.152557373046875e-07,117,0.01737714558839798,,80,8584,rotation_1,,,456840,,,,max_pairs,,,,,,B+,,,,valid,pass
,,,,,,,673,e3_direct,,4,,,,torch.float32,,,,2e-05,2e-05,,,,,,,,,mp-aaabfwpd,,,1056,7.152557373046875e-07,117,0.016171419993042946,,80,8584,rotation_2,,,456840,,,,max_pairs,,,,,,B+,,,,valid,pass
,,,,,,,674,e3_direct,,4,,,,torch.float32,,,,2e-05,2e-05,,,,,,,,,mp-aaabfwpd,,,1056,0.0,117,0.0,,80,8584,reflection,,,456840,,,,max_pairs,,,,,,B+,,,,valid,pass
,,,,,,,675,e3_direct,,4,,,,torch.float32,,,,2e-05,2e-05,,,,,,,,,mp-aaabfwpd,,,1056,0.0,117,0.0,,80,8584,inversion,,,456840,,,,max_pairs,,,,,,B+,,,,valid,pass
,,,,,,,676,e3_direct,,4,,,,torch.float32,,,,2e-05,2e-05,,,,,,,,,mp-aaabfwpd,,,1056,7.152557373046875e-07,117,0.01737714558839798,,80,8584,improper_with_translation,,,456840,,,,max_pairs,,,,,,B+,,,,valid,pass
,,,,,0,0,677,e3_rebuilt,,4,,,,torch.float32,,,,0.0001,0.0001,,,,1.9073486328125e-06,,pass,1.430511474609375e-06,,mp-aaabfwpd,,,1056,1.4901161193847656e-06,117,0.0113889891654253,,80,8584,translation,,,456840,,,,max_pairs,,,,,,B+,,,,valid,pass
,,,,,0,0,678,representation,,4,,,,torch.float32,,,,0.0001,0.0001,,,,0.0,,pass,0.0,,mp-aaabfwpd,,,1056,1.8477439880371094e-06,117,0.013262582942843437,,80,8584,permutation,,,456840,,,,max_pairs,,,,,,B+,,,,valid,pass
,,,,,0,0,679,representation,,4,,,,torch.float32,,,,0.0001,0.0001,,,,3.337860107421875e-06,,pass,3.337860107421875e-06,,mp-aaabfwpd,,,1056,1.6391277313232422e-06,117,0.013228563591837883,,80,8584,integer_images,,,456840,,,,max_pairs,,,,,,B+,,,,valid,pass
,,,,,0,0,680,representation,,4,,,,torch.float32,,,,0.0001,0.0001,,,,4.76837158203125e-07,,pass,2.842170943040401e-14,,mp-aaabfwpd,,,1056,1.5795230865478516e-06,117,0.012456751428544521,,80,8584,basis_swap,,,456840,,,,max_pairs,,,,,,B+,,,,valid,pass
,,,,,0,0,681,representation,,4,,,,torch.float32,,,,0.0001,0.0001,,,,9.5367431640625e-07,,pass,1.430511474609375e-06,,mp-aaabfwpd,,,1056,1.5497207641601562e-06,117,0.013803081586956978,,80,8584,basis_shear,,,456840,,,,max_pairs,,,,,,B+,,,,valid,pass
,,,,,,,682,supercell,,4,,,,torch.float32,,,,0.0001,0.0001,,,,,,,,,mp-aaabfwpd,,,1056,1.6987323760986328e-06,117,0.013282503001391888,,80,8584,2x1x1,,,456840,,,,max_pairs,2.0,,,,,B+,,,,valid,pass
,,,,,,,683,real_shared_e3,,4,,,,torch.float32,,,,2e-05,2e-05,,,,,,,,,mp-aaabfwpd,,,1056,7.152557373046875e-07,117,0.018280252814292908,,80,8584,rotation_1,,,456840,,,,max_pairs,,,,,,A,,,,valid,pass
,,,,,,,684,real_shared_e3,,4,,,,torch.float32,,,,2e-05,2e-05,,,,,,,,,mp-aaabfwpd,,,1056,4.76837158203125e-07,117,0.014933593571186066,,80,8584,rotation_1,,,456840,,,,max_pairs,,,,,,B,,,,valid,pass
,,,,,,,685,real_shared_e3,,4,,,,torch.float32,,,,2e-05,2e-05,,,,,,,,,mp-aaabfwpd,,,1056,7.152557373046875e-07,117,0.01737714558839798,,80,8584,rotation_1,,,456840,,,,max_pairs,,,,,,B+,,,,valid,pass
,,,,,,,686,high_order_invariant_e3,,,,,,torch.float32,,,,,,,,,,,,,,mp-aaabfwpd,,,1056,2.7939677238464355e-08,117,,,80,8584,rotation_1,,,456840,,,,max_pairs,,,,,,B+,,,,valid,pass
,,,,,,,687,real_shared_e3,,4,,,,torch.float32,,,,2e-05,2e-05,,,,,,,,,mp-aaabfwpd,,,1056,0.0,117,0.0,,80,8584,reflection,,,456840,,,,max_pairs,,,,,,A,,,,valid,pass
,,,,,,,688,real_shared_e3,,4,,,,torch.float32,,,,2e-05,2e-05,,,,,,,,,mp-aaabfwpd,,,1056,0.0,117,0.0,,80,8584,reflection,,,456840,,,,max_pairs,,,,,,B,,,,valid,pass
,,,,,,,689,real_shared_e3,,4,,,,torch.float32,,,,2e-05,2e-05,,,,,,,,,mp-aaabfwpd,,,1056,0.0,117,0.0,,80,8584,reflection,,,456840,,,,max_pairs,,,,,,B+,,,,valid,pass
,,,,,,,690,high_order_invariant_e3,,,,,,torch.float32,,,,,,,,,,,,,,mp-aaabfwpd,,,1056,0.0,117,,,80,8584,reflection,,,456840,,,,max_pairs,,,,,,B+,,,,valid,pass
,,,118.83235168457031,,,,691,real_shear_response,,,,2,,torch.float32,8560,8584,,,,,,,,,,,,mp-aaabfwpd,,,1056,,117,,0.002305060625076294,80,8584,,,,456840,,,,max_pairs,,0.0007510321265676931,,,,A,,,,valid,pass
,,,107.0426025390625,,,,692,real_shear_response,,,,2,,torch.float32,8560,8584,,,,,,,,,,,,mp-aaabfwpd,,,1056,,117,,0.007225006818771362,80,8584,,,,456840,,,,max_pairs,,0.001771876214782619,,,,B,,,,valid,pass
,,,107.04349517822266,,,,693,real_shear_response,,,,2,,torch.float32,8560,8584,,,,,,,,,,,,mp-aaabfwpd,,,1056,,117,,0.007227450609207153,80,8584,,,,456840,,,,max_pairs,,0.0017717589829908688,,,,B+,,,,valid,pass
,"[""local_input.weight"", ""local_input.bias"", ""local_output.weight"", ""local_output.bias"", ""blocks.0.edge_mlp.0.weight"", ""blocks.0.edge_mlp.0.bias"", ""blocks.0.edge_mlp.2.weight"", ""blocks.0.edge_mlp.2.bias"", ""blocks.0.angle_mlp.0.weight"", ""blocks.0.angle_mlp.0.bias"", ""blocks.0.angle_mlp.2.weight"", ""blocks.0.angle_mlp.2.bias"", ""blocks.0.update.0.weight"", ""blocks.0.update.0.bias"", ""blocks.0.update.2.weight"", ""blocks.0.update.2.bias"", ""blocks.0.norm.weight"", ""blocks.0.norm.bias"", ""blocks.1.edge_mlp.0.weight"", ""blocks.1.edge_mlp.0.bias"", ""blocks.1.edge_mlp.2.weight"", ""blocks.1.edge_mlp.2.bias"", ""blocks.1.angle_mlp.0.weight"", ""blocks.1.angle_mlp.0.bias"", ""blocks.1.angle_mlp.2.weight"", ""blocks.1.angle_mlp.2.bias"", ""blocks.1.update.0.weight"", ""blocks.1.update.0.bias"", ""blocks.1.update.2.weight"", ""blocks.1.update.2.bias"", ""blocks.1.norm.weight"", ""blocks.1.norm.bias""]",17.109959905967116,,True,,,694,resources,,,,,,torch.float32,,,,,,True,20.762645891867578,3.2017204319126904,,0.027114209020510316,,,3.6526859859004617,mp-aaabfwpd,,[],1056,,117,,,80,8584,,,True,456840,1052.62109375,1066.6953125,,max_pairs,,,0,,,A,1066.6953125,,,valid,pass
,"[""local_input.weight"", ""local_input.bias"", ""local_output.weight"", ""local_output.bias"", ""blocks.0.tp.weight"", ""blocks.0.mix.weight"", ""blocks.0.radial_gate.0.weight"", ""blocks.0.radial_gate.0.bias"", ""blocks.0.radial_gate.2.weight"", ""blocks.0.radial_gate.2.bias"", ""blocks.0.update.0.weight"", ""blocks.0.update.0.bias"", ""blocks.0.update.2.weight"", ""blocks.0.update.2.bias"", ""blocks.0.norm.weight"", ""blocks.0.norm.bias"", ""blocks.0.direction_gate.weight"", ""blocks.0.direction_gate.bias"", ""blocks.1.tp.weight"", ""blocks.1.mix.weight"", ""blocks.1.radial_gate.0.weight"", ""blocks.1.radial_gate.0.bias"", ""blocks.1.radial_gate.2.weight"", ""blocks.1.radial_gate.2.bias"", ""blocks.1.update.0.weight"", ""blocks.1.update.0.bias"", ""blocks.1.update.2.weight"", ""blocks.1.update.2.bias"", ""blocks.1.norm.weight"", ""blocks.1.norm.bias""]",0.1494460019748658,,True,,,695,resources,,,,,,torch.float32,,,,,,True,0.2343453811481595,0.08204092085361481,,0.027114209020510316,,,0.08489937917329371,mp-aaabfwpd,,[],1056,,117,,,80,8584,,,True,456840,1066.6953125,1066.6953125,,max_pairs,,,0,,,B,1066.6953125,,,valid,pass
,"[""local_input.weight"", ""local_input.bias"", ""local_output.weight"", ""local_output.bias"", ""blocks.0.tp.weight"", ""blocks.0.mix.weight"", ""blocks.0.radial_gate.0.weight"", ""blocks.0.radial_gate.0.bias"", ""blocks.0.radial_gate.2.weight"", ""blocks.0.radial_gate.2.bias"", ""blocks.0.update.0.weight"", ""blocks.0.update.0.bias"", ""blocks.0.update.2.weight"", ""blocks.0.update.2.bias"", ""blocks.0.norm.weight"", ""blocks.0.norm.bias"", ""blocks.0.direction_gate.weight"", ""blocks.0.direction_gate.bias"", ""blocks.1.tp.weight"", ""blocks.1.mix.weight"", ""blocks.1.radial_gate.0.weight"", ""blocks.1.radial_gate.0.bias"", ""blocks.1.radial_gate.2.weight"", ""blocks.1.radial_gate.2.bias"", ""blocks.1.update.0.weight"", ""blocks.1.update.0.bias"", ""blocks.1.update.2.weight"", ""blocks.1.update.2.bias"", ""blocks.1.norm.weight"", ""blocks.1.norm.bias""]",0.17174725094810128,,True,,,696,resources,,,,,,torch.float32,,,,,,True,0.2651282330043614,0.08599616400897503,,0.027114209020510316,,,0.09338098205626011,mp-aaabfwpd,,[],1056,,117,,,80,8584,,,True,456840,1066.6953125,1066.6953125,,max_pairs,,,0,,,B+,1066.6953125,,,valid,pass
,"[""local_input.weight"", ""local_input.bias"", ""local_output.weight"", ""local_output.bias"", ""blocks.0.tp.weight"", ""blocks.0.mix.weight"", ""blocks.0.radial_gate.0.weight"", ""blocks.0.radial_gate.0.bias"", ""blocks.0.radial_gate.2.weight"", ""blocks.0.radial_gate.2.bias"", ""blocks.0.update.0.weight"", ""blocks.0.update.0.bias"", ""blocks.0.update.2.weight"", ""blocks.0.update.2.bias"", ""blocks.0.norm.weight"", ""blocks.0.norm.bias"", ""blocks.0.direction_gate.weight"", ""blocks.0.direction_gate.bias"", ""blocks.1.tp.weight"", ""blocks.1.mix.weight"", ""blocks.1.radial_gate.0.weight"", ""blocks.1.radial_gate.0.bias"", ""blocks.1.radial_gate.2.weight"", ""blocks.1.radial_gate.2.bias"", ""blocks.1.update.0.weight"", ""blocks.1.update.0.bias"", ""blocks.1.update.2.weight"", ""blocks.1.update.2.bias"", ""blocks.1.norm.weight"", ""blocks.1.norm.bias""]",0.14799385098740458,,True,,,697,resources,,,,,,torch.float32,,,,,,True,0.23266824893653393,0.08103969809599221,,0.027114209020510316,,,0.08467439794912934,mp-aaabfwpd,,[],1056,,117,,,80,8584,,,True,456840,1066.6953125,1066.6953125,,max_pairs,,,1,,,B,1066.6953125,,,valid,pass
,"[""local_input.weight"", ""local_input.bias"", ""local_output.weight"", ""local_output.bias"", ""blocks.0.tp.weight"", ""blocks.0.mix.weight"", ""blocks.0.radial_gate.0.weight"", ""blocks.0.radial_gate.0.bias"", ""blocks.0.radial_gate.2.weight"", ""blocks.0.radial_gate.2.bias"", ""blocks.0.update.0.weight"", ""blocks.0.update.0.bias"", ""blocks.0.update.2.weight"", ""blocks.0.update.2.bias"", ""blocks.0.norm.weight"", ""blocks.0.norm.bias"", ""blocks.0.direction_gate.weight"", ""blocks.0.direction_gate.bias"", ""blocks.1.tp.weight"", ""blocks.1.mix.weight"", ""blocks.1.radial_gate.0.weight"", ""blocks.1.radial_gate.0.bias"", ""blocks.1.radial_gate.2.weight"", ""blocks.1.radial_gate.2.bias"", ""blocks.1.update.0.weight"", ""blocks.1.update.0.bias"", ""blocks.1.update.2.weight"", ""blocks.1.update.2.bias"", ""blocks.1.norm.weight"", ""blocks.1.norm.bias""]",0.15643186401575804,,True,,,698,resources,,,,,,torch.float32,,,,,,True,0.2456573462113738,0.08674123790115118,,0.027114209020510316,,,0.08922548219561577,mp-aaabfwpd,,[],1056,,117,,,80,8584,,,True,456840,1066.6953125,1066.6953125,,max_pairs,,,1,,,B+,1066.6953125,,,valid,pass
,"[""local_input.weight"", ""local_input.bias"", ""local_output.weight"", ""local_output.bias"", ""blocks.0.edge_mlp.0.weight"", ""blocks.0.edge_mlp.0.bias"", ""blocks.0.edge_mlp.2.weight"", ""blocks.0.edge_mlp.2.bias"", ""blocks.0.angle_mlp.0.weight"", ""blocks.0.angle_mlp.0.bias"", ""blocks.0.angle_mlp.2.weight"", ""blocks.0.angle_mlp.2.bias"", ""blocks.0.update.0.weight"", ""blocks.0.update.0.bias"", ""blocks.0.update.2.weight"", ""blocks.0.update.2.bias"", ""blocks.0.norm.weight"", ""blocks.0.norm.bias"", ""blocks.1.edge_mlp.0.weight"", ""blocks.1.edge_mlp.0.bias"", ""blocks.1.edge_mlp.2.weight"", ""blocks.1.edge_mlp.2.bias"", ""blocks.1.angle_mlp.0.weight"", ""blocks.1.angle_mlp.0.bias"", ""blocks.1.angle_mlp.2.weight"", ""blocks.1.angle_mlp.2.bias"", ""blocks.1.update.0.weight"", ""blocks.1.update.0.bias"", ""blocks.1.update.2.weight"", ""blocks.1.update.2.bias"", ""blocks.1.norm.weight"", ""blocks.1.norm.bias""]",17.1060352048371,,True,,,699,resources,,,,,,torch.float32,,,,,,True,20.63349041994661,3.2224247900303453,,0.027114209020510316,,,3.527455215109512,mp-aaabfwpd,,[],1056,,117,,,80,8584,,,True,456840,1066.6953125,1066.6953125,,max_pairs,,,1,,,A,1066.6953125,,,valid,pass
,"[""local_input.weight"", ""local_input.bias"", ""local_output.weight"", ""local_output.bias"", ""blocks.0.tp.weight"", ""blocks.0.mix.weight"", ""blocks.0.radial_gate.0.weight"", ""blocks.0.radial_gate.0.bias"", ""blocks.0.radial_gate.2.weight"", ""blocks.0.radial_gate.2.bias"", ""blocks.0.update.0.weight"", ""blocks.0.update.0.bias"", ""blocks.0.update.2.weight"", ""blocks.0.update.2.bias"", ""blocks.0.norm.weight"", ""blocks.0.norm.bias"", ""blocks.0.direction_gate.weight"", ""blocks.0.direction_gate.bias"", ""blocks.1.tp.weight"", ""blocks.1.mix.weight"", ""blocks.1.radial_gate.0.weight"", ""blocks.1.radial_gate.0.bias"", ""blocks.1.radial_gate.2.weight"", ""blocks.1.radial_gate.2.bias"", ""blocks.1.update.0.weight"", ""blocks.1.update.0.bias"", ""blocks.1.update.2.weight"", ""blocks.1.update.2.bias"", ""blocks.1.norm.weight"", ""blocks.1.norm.bias""]",0.15628896793350577,,True,,,700,resources,,,,,,torch.float32,,,,,,True,0.2481564178597182,0.08679612493142486,,0.027114209020510316,,,0.09186744992621243,mp-aaabfwpd,,[],1056,,117,,,80,8584,,,True,456840,1066.6953125,1066.6953125,,max_pairs,,,2,,,B+,1066.6953125,,,valid,pass
,"[""local_input.weight"", ""local_input.bias"", ""local_output.weight"", ""local_output.bias"", ""blocks.0.edge_mlp.0.weight"", ""blocks.0.edge_mlp.0.bias"", ""blocks.0.edge_mlp.2.weight"", ""blocks.0.edge_mlp.2.bias"", ""blocks.0.angle_mlp.0.weight"", ""blocks.0.angle_mlp.0.bias"", ""blocks.0.angle_mlp.2.weight"", ""blocks.0.angle_mlp.2.bias"", ""blocks.0.update.0.weight"", ""blocks.0.update.0.bias"", ""blocks.0.update.2.weight"", ""blocks.0.update.2.bias"", ""blocks.0.norm.weight"", ""blocks.0.norm.bias"", ""blocks.1.edge_mlp.0.weight"", ""blocks.1.edge_mlp.0.bias"", ""blocks.1.edge_mlp.2.weight"", ""blocks.1.edge_mlp.2.bias"", ""blocks.1.angle_mlp.0.weight"", ""blocks.1.angle_mlp.0.bias"", ""blocks.1.angle_mlp.2.weight"", ""blocks.1.angle_mlp.2.bias"", ""blocks.1.update.0.weight"", ""blocks.1.update.0.bias"", ""blocks.1.update.2.weight"", ""blocks.1.update.2.bias"", ""blocks.1.norm.weight"", ""blocks.1.norm.bias""]",17.117100847885013,,True,,,701,resources,,,,,,torch.float32,,,,,,True,20.655170656973496,3.214380133897066,,0.027114209020510316,,,3.5380698090884835,mp-aaabfwpd,,[],1056,,117,,,80,8584,,,True,456840,1066.6953125,1066.6953125,,max_pairs,,,2,,,A,1066.6953125,,,valid,pass
,"[""local_input.weight"", ""local_input.bias"", ""local_output.weight"", ""local_output.bias"", ""blocks.0.tp.weight"", ""blocks.0.mix.weight"", ""blocks.0.radial_gate.0.weight"", ""blocks.0.radial_gate.0.bias"", ""blocks.0.radial_gate.2.weight"", ""blocks.0.radial_gate.2.bias"", ""blocks.0.update.0.weight"", ""blocks.0.update.0.bias"", ""blocks.0.update.2.weight"", ""blocks.0.update.2.bias"", ""blocks.0.norm.weight"", ""blocks.0.norm.bias"", ""blocks.0.direction_gate.weight"", ""blocks.0.direction_gate.bias"", ""blocks.1.tp.weight"", ""blocks.1.mix.weight"", ""blocks.1.radial_gate.0.weight"", ""blocks.1.radial_gate.0.bias"", ""blocks.1.radial_gate.2.weight"", ""blocks.1.radial_gate.2.bias"", ""blocks.1.update.0.weight"", ""blocks.1.update.0.bias"", ""blocks.1.update.2.weight"", ""blocks.1.update.2.bias"", ""blocks.1.norm.weight"", ""blocks.1.norm.bias""]",0.147738222964108,,True,,,702,resources,,,,,,torch.float32,,,,,,True,0.2314513400197029,0.0801662269514054,,0.027114209020510316,,,0.08371311705559492,mp-aaabfwpd,,[],1056,,117,,,80,8584,,,True,456840,1066.6953125,1066.6953125,,max_pairs,,,2,,,B,1066.6953125,,,valid,pass
,,,,,,,703,e3_direct,,4,,,,torch.float64,,,,2e-10,2e-10,,,,,,,,,mp-aaabfwpd,,,1056,1.3600232051658168e-15,117,5.726470129309098e-06,,80,8584,rotation_1,,,456840,,,,max_pairs,,,,,,B+,,,,valid,pass
,,,,,,,704,e3_direct,,4,,,,torch.float64,,,,2e-10,2e-10,,,,,,,,,mp-aaabfwpd,,,1056,1.3322676295501878e-15,117,4.7169306332554975e-06,,80,8584,rotation_2,,,456840,,,,max_pairs,,,,,,B+,,,,valid,pass
,,,,,,,705,e3_direct,,4,,,,torch.float64,,,,2e-10,2e-10,,,,,,,,,mp-aaabfwpd,,,1056,2.498001805406602e-16,117,1.149078947260932e-06,,80,8584,reflection,,,456840,,,,max_pairs,,,,,,B+,,,,valid,pass
,,,,,,,706,e3_direct,,4,,,,torch.float64,,,,2e-10,2e-10,,,,,,,,,mp-aaabfwpd,,,1056,0.0,117,0.0,,80,8584,inversion,,,456840,,,,max_pairs,,,,,,B+,,,,valid,pass
,,,,,,,707,e3_direct,,4,,,,torch.float64,,,,2e-10,2e-10,,,,,,,,,mp-aaabfwpd,,,1056,1.3600232051658168e-15,117,5.726470129309098e-06,,80,8584,improper_with_translation,,,456840,,,,max_pairs,,,,,,B+,,,,valid,pass
,,,,,0,0,708,e3_rebuilt,,4,,,,torch.float64,,,,2e-06,2e-06,,,,3.552713678800501e-15,,pass,2.6645352591003757e-15,,mp-aaabfwpd,,,1056,3.3306690738754696e-15,117,1.1940841679054793e-09,,80,8584,translation,,,456840,,,,max_pairs,,,,,,B+,,,,valid,pass
,,,,,0,0,709,representation,,4,,,,torch.float64,,,,2e-06,2e-06,,,,0.0,,pass,0.0,,mp-aaabfwpd,,,1056,3.3306690738754696e-15,117,1.1737299377722802e-09,,80,8584,permutation,,,456840,,,,max_pairs,,,,,,B+,,,,valid,pass
,,,,,0,0,710,representation,,4,,,,torch.float64,,,,2e-06,2e-06,,,,0.0,,pass,0.0,,mp-aaabfwpd,,,1056,1.7763568394002505e-15,117,5.128512676337063e-10,,80,8584,integer_images,,,456840,,,,max_pairs,,,,,,B+,,,,valid,pass
,,,,,0,0,711,representation,,4,,,,torch.float64,,,,2e-06,2e-06,,,,8.881784197001252e-16,,pass,9.860761315262648e-32,,mp-aaabfwpd,,,1056,2.275957200481571e-15,117,9.888552515246942e-10,,80,8584,basis_swap,,,456840,,,,max_pairs,,,,,,B+,,,,valid,pass
,,,,,0,0,712,representation,,4,,,,torch.float64,,,,2e-06,2e-06,,,,2.6645352591003757e-15,,pass,1.7763568394002505e-15,,mp-aaabfwpd,,,1056,4.6629367034256575e-15,117,1.82299015332813e-09,,80,8584,basis_shear,,,456840,,,,max_pairs,,,,,,B+,,,,valid,pass
,,,,,,,713,supercell,,4,,,,torch.float64,,,,2e-06,2e-06,,,,,,,,,mp-aaabfwpd,,,1056,3.9968028886505635e-15,117,1.1482738190502412e-09,,80,8584,2x1x1,,,456840,,,,max_pairs,2.0,,,,,B+,,,,valid,pass
,,,,,,,714,e3_direct,,4,,,,torch.float32,,,,2e-05,2e-05,,,,,,,,,mp-aaaaaclb,,,85,1.1920928955078125e-07,158,0.003996975254267454,,2,316,rotation_1,,,24806,,,,max_degree,,,,,,B+,,,,valid,pass
,,,,,,,715,e3_direct,,4,,,,torch.float32,,,,2e-05,2e-05,,,,,,,,,mp-aaaaaclb,,,85,4.109798723561653e-08,158,0.002054899465292692,,2,316,rotation_2,,,24806,,,,max_degree,,,,,,B+,,,,valid,pass
,,,,,,,716,e3_direct,,4,,,,torch.float32,,,,2e-05,2e-05,,,,,,,,,mp-aaaaaclb,,,85,0.0,158,0.0,,2,316,reflection,,,24806,,,,max_degree,,,,,,B+,,,,valid,pass
,,,,,,,717,e3_direct,,4,,,,torch.float32,,,,2e-05,2e-05,,,,,,,,,mp-aaaaaclb,,,85,0.0,158,0.0,,2,316,inversion,,,24806,,,,max_degree,,,,,,B+,,,,valid,pass
,,,,,,,718,e3_direct,,4,,,,torch.float32,,,,2e-05,2e-05,,,,,,,,,mp-aaaaaclb,,,85,1.1920928955078125e-07,158,0.003996975254267454,,2,316,improper_with_translation,,,24806,,,,max_degree,,,,,,B+,,,,valid,pass
,,,,,0,0,719,e3_rebuilt,,4,,,,torch.float32,,,,0.0001,0.0001,,,,4.76837158203125e-07,,pass,7.152557373046875e-07,,mp-aaaaaclb,,,85,8.344650268554688e-07,158,0.005892966408282518,,2,316,translation,,,24806,,,,max_degree,,,,,,B+,,,,valid,pass
,,,,,0,0,720,representation,,4,,,,torch.float32,,,,0.0001,0.0001,,,,0.0,,pass,0.0,,mp-aaaaaclb,,,85,0.0,158,0.0,,2,316,permutation,,,24806,,,,max_degree,,,,,,B+,,,,valid,pass
,,,,,0,0,721,representation,,4,,,,torch.float32,,,,0.0001,0.0001,,,,0.0,,pass,0.0,,mp-aaaaaclb,,,85,0.0,158,0.0,,2,316,integer_images,,,24806,,,,max_degree,,,,,,B+,,,,valid,pass
,,,,,0,0,722,representation,,4,,,,torch.float32,,,,0.0001,0.0001,,,,9.5367431640625e-07,,pass,9.5367431640625e-07,,mp-aaaaaclb,,,85,1.0728836059570312e-06,158,0.008945843204855919,,2,316,basis_swap,,,24806,,,,max_degree,,,,,,B+,,,,valid,pass
,,,,,0,0,723,representation,,4,,,,torch.float32,,,,0.0001,0.0001,,,,9.5367431640625e-07,,pass,4.76837158203125e-07,,mp-aaaaaclb,,,85,1.4901161193847656e-06,158,0.00976383127272129,,2,316,basis_shear,,,24806,,,,max_degree,,,,,,B+,,,,valid,pass
,,,,,,,724,real_shared_e3,,4,,,,torch.float32,,,,2e-05,2e-05,,,,,,,,,mp-aaaaaclb,,,85,4.76837158203125e-07,158,0.01189927477389574,,2,316,rotation_1,,,24806,,,,max_degree,,,,,,A,,,,valid,pass
,,,,,,,725,real_shared_e3,,4,,,,torch.float32,,,,2e-05,2e-05,,,,,,,,,mp-aaaaaclb,,,85,6.716353340152637e-08,158,0.003358176676556468,,2,316,rotation_1,,,24806,,,,max_degree,,,,,,B,,,,valid,pass
,,,,,,,726,real_shared_e3,,4,,,,torch.float32,,,,2e-05,2e-05,,,,,,,,,mp-aaaaaclb,,,85,1.1920928955078125e-07,158,0.003996975254267454,,2,316,rotation_1,,,24806,,,,max_degree,,,,,,B+,,,,valid,pass
,,,,,,,727,high_order_invariant_e3,,,,,,torch.float32,,,,,,,,,,,,,,mp-aaaaaclb,,,85,1.862645149230957e-09,158,,,2,316,rotation_1,,,24806,,,,max_degree,,,,,,B+,,,,valid,pass
,,,,,,,728,real_shared_e3,,4,,,,torch.float32,,,,2e-05,2e-05,,,,,,,,,mp-aaaaaclb,,,85,0.0,158,0.0,,2,316,reflection,,,24806,,,,max_degree,,,,,,A,,,,valid,pass
,,,,,,,729,real_shared_e3,,4,,,,torch.float32,,,,2e-05,2e-05,,,,,,,,,mp-aaaaaclb,,,85,0.0,158,0.0,,2,316,reflection,,,24806,,,,max_degree,,,,,,B,,,,valid,pass
,,,,,,,730,real_shared_e3,,4,,,,torch.float32,,,,2e-05,2e-05,,,,,,,,,mp-aaaaaclb,,,85,0.0,158,0.0,,2,316,reflection,,,24806,,,,max_degree,,,,,,B+,,,,valid,pass
,,,,,,,731,high_order_invariant_e3,,,,,,torch.float32,,,,,,,,,,,,,,mp-aaaaaclb,,,85,0.0,158,,,2,316,reflection,,,24806,,,,max_degree,,,,,,B+,,,,valid,pass
,,,18.999345779418945,,,,732,real_shear_response,,,,0,,torch.float32,316,316,,,,,,,,,,,,mp-aaaaaclb,,,85,,158,,1.2516975402832031e-05,2,316,,,,24806,,,,max_degree,,7.177450094926097e-06,,,,A,,,,valid,pass
,,,17.534929275512695,,,,733,real_shear_response,,,,0,,torch.float32,316,316,,,,,,,,,,,,mp-aaaaaclb,,,85,,158,,2.467632293701172e-05,2,316,,,,24806,,,,max_degree,,1.18665409525472e-05,,,,B,,,,valid,pass
,,,17.535009384155273,,,,734,real_shear_response,,,,0,,torch.float32,316,316,,,,,,,,,,,,mp-aaaaaclb,,,85,,158,,2.4616718292236328e-05,2,316,,,,24806,,,,max_degree,,1.1935993986343677e-05,,,,B+,,,,valid,pass
,"[""local_input.weight"", ""local_input.bias"", ""local_output.weight"", ""local_output.bias"", ""blocks.0.edge_mlp.0.weight"", ""blocks.0.edge_mlp.0.bias"", ""blocks.0.edge_mlp.2.weight"", ""blocks.0.edge_mlp.2.bias"", ""blocks.0.angle_mlp.0.weight"", ""blocks.0.angle_mlp.0.bias"", ""blocks.0.angle_mlp.2.weight"", ""blocks.0.angle_mlp.2.bias"", ""blocks.0.update.0.weight"", ""blocks.0.update.0.bias"", ""blocks.0.update.2.weight"", ""blocks.0.update.2.bias"", ""blocks.0.norm.weight"", ""blocks.0.norm.bias"", ""blocks.1.edge_mlp.0.weight"", ""blocks.1.edge_mlp.0.bias"", ""blocks.1.edge_mlp.2.weight"", ""blocks.1.edge_mlp.2.bias"", ""blocks.1.angle_mlp.0.weight"", ""blocks.1.angle_mlp.0.bias"", ""blocks.1.angle_mlp.2.weight"", ""blocks.1.angle_mlp.2.bias"", ""blocks.1.update.0.weight"", ""blocks.1.update.0.bias"", ""blocks.1.update.2.weight"", ""blocks.1.update.2.bias"", ""blocks.1.norm.weight"", ""blocks.1.norm.bias""]",1.0315646580420434,,True,,,735,resources,,,,,,torch.float32,,,,,,True,1.2237648740410805,0.1764229389373213,,0.007280095014721155,,,0.19220021599903703,mp-aaaaaclb,,[],85,,158,,,2,316,,,True,24806,1066.6953125,1066.6953125,,max_degree,,,0,,,A,1066.6953125,,,valid,pass
,"[""local_input.weight"", ""local_input.bias"", ""local_output.weight"", ""local_output.bias"", ""blocks.0.tp.weight"", ""blocks.0.mix.weight"", ""blocks.0.radial_gate.0.weight"", ""blocks.0.radial_gate.0.bias"", ""blocks.0.radial_gate.2.weight"", ""blocks.0.radial_gate.2.bias"", ""blocks.0.update.0.weight"", ""blocks.0.update.0.bias"", ""blocks.0.update.2.weight"", ""blocks.0.update.2.bias"", ""blocks.0.norm.weight"", ""blocks.0.norm.bias"", ""blocks.0.direction_gate.weight"", ""blocks.0.direction_gate.bias"", ""blocks.1.tp.weight"", ""blocks.1.mix.weight"", ""blocks.1.radial_gate.0.weight"", ""blocks.1.radial_gate.0.bias"", ""blocks.1.radial_gate.2.weight"", ""blocks.1.radial_gate.2.bias"", ""blocks.1.update.0.weight"", ""blocks.1.update.0.bias"", ""blocks.1.update.2.weight"", ""blocks.1.update.2.bias"", ""blocks.1.norm.weight"", ""blocks.1.norm.bias""]",0.01514562708325684,,True,,,736,resources,,,,,,torch.float32,,,,,,True,0.024700948037207127,0.008763485820963979,,0.007280095014721155,,,0.009555320953950286,mp-aaaaaclb,,[],85,,158,,,2,316,,,True,24806,1066.6953125,1066.6953125,,max_degree,,,0,,,B,1066.6953125,,,valid,pass
,"[""local_input.weight"", ""local_input.bias"", ""local_output.weight"", ""local_output.bias"", ""blocks.0.tp.weight"", ""blocks.0.mix.weight"", ""blocks.0.radial_gate.0.weight"", ""blocks.0.radial_gate.0.bias"", ""blocks.0.radial_gate.2.weight"", ""blocks.0.radial_gate.2.bias"", ""blocks.0.update.0.weight"", ""blocks.0.update.0.bias"", ""blocks.0.update.2.weight"", ""blocks.0.update.2.bias"", ""blocks.0.norm.weight"", ""blocks.0.norm.bias"", ""blocks.0.direction_gate.weight"", ""blocks.0.direction_gate.bias"", ""blocks.1.tp.weight"", ""blocks.1.mix.weight"", ""blocks.1.radial_gate.0.weight"", ""blocks.1.radial_gate.0.bias"", ""blocks.1.radial_gate.2.weight"", ""blocks.1.radial_gate.2.bias"", ""blocks.1.update.0.weight"", ""blocks.1.update.0.bias"", ""blocks.1.update.2.weight"", ""blocks.1.update.2.bias"", ""blocks.1.norm.weight"", ""blocks.1.norm.bias""]",0.016349198995158076,,True,,,737,resources,,,,,,torch.float32,,,,,,True,0.027910513104870915,0.010121875908225775,,0.007280095014721155,,,0.011561314109712839,mp-aaaaaclb,,[],85,,158,,,2,316,,,True,24806,1066.6953125,1066.6953125,,max_degree,,,0,,,B+,1066.6953125,,,valid,pass
,"[""local_input.weight"", ""local_input.bias"", ""local_output.weight"", ""local_output.bias"", ""blocks.0.tp.weight"", ""blocks.0.mix.weight"", ""blocks.0.radial_gate.0.weight"", ""blocks.0.radial_gate.0.bias"", ""blocks.0.radial_gate.2.weight"", ""blocks.0.radial_gate.2.bias"", ""blocks.0.update.0.weight"", ""blocks.0.update.0.bias"", ""blocks.0.update.2.weight"", ""blocks.0.update.2.bias"", ""blocks.0.norm.weight"", ""blocks.0.norm.bias"", ""blocks.0.direction_gate.weight"", ""blocks.0.direction_gate.bias"", ""blocks.1.tp.weight"", ""blocks.1.mix.weight"", ""blocks.1.radial_gate.0.weight"", ""blocks.1.radial_gate.0.bias"", ""blocks.1.radial_gate.2.weight"", ""blocks.1.radial_gate.2.bias"", ""blocks.1.update.0.weight"", ""blocks.1.update.0.bias"", ""blocks.1.update.2.weight"", ""blocks.1.update.2.bias"", ""blocks.1.norm.weight"", ""blocks.1.norm.bias""]",0.015281990868970752,,True,,,738,resources,,,,,,torch.float32,,,,,,True,0.025176765862852335,0.009141843998804688,,0.007280095014721155,,,0.009894774993881583,mp-aaaaaclb,,[],85,,158,,,2,316,,,True,24806,1066.6953125,1066.6953125,,max_degree,,,1,,,B,1066.6953125,,,valid,pass
,"[""local_input.weight"", ""local_input.bias"", ""local_output.weight"", ""local_output.bias"", ""blocks.0.tp.weight"", ""blocks.0.mix.weight"", ""blocks.0.radial_gate.0.weight"", ""blocks.0.radial_gate.0.bias"", ""blocks.0.radial_gate.2.weight"", ""blocks.0.radial_gate.2.bias"", ""blocks.0.update.0.weight"", ""blocks.0.update.0.bias"", ""blocks.0.update.2.weight"", ""blocks.0.update.2.bias"", ""blocks.0.norm.weight"", ""blocks.0.norm.bias"", ""blocks.0.direction_gate.weight"", ""blocks.0.direction_gate.bias"", ""blocks.1.tp.weight"", ""blocks.1.mix.weight"", ""blocks.1.radial_gate.0.weight"", ""blocks.1.radial_gate.0.bias"", ""blocks.1.radial_gate.2.weight"", ""blocks.1.radial_gate.2.bias"", ""blocks.1.update.0.weight"", ""blocks.1.update.0.bias"", ""blocks.1.update.2.weight"", ""blocks.1.update.2.bias"", ""blocks.1.norm.weight"", ""blocks.1.norm.bias""]",0.01623003394342959,,True,,,739,resources,,,,,,torch.float32,,,,,,True,0.0275646538939327,0.009959795977920294,,0.007280095014721155,,,0.011334619950503111,mp-aaaaaclb,,[],85,,158,,,2,316,,,True,24806,1066.6953125,1066.6953125,,max_degree,,,1,,,B+,1066.6953125,,,valid,pass
,"[""local_input.weight"", ""local_input.bias"", ""local_output.weight"", ""local_output.bias"", ""blocks.0.edge_mlp.0.weight"", ""blocks.0.edge_mlp.0.bias"", ""blocks.0.edge_mlp.2.weight"", ""blocks.0.edge_mlp.2.bias"", ""blocks.0.angle_mlp.0.weight"", ""blocks.0.angle_mlp.0.bias"", ""blocks.0.angle_mlp.2.weight"", ""blocks.0.angle_mlp.2.bias"", ""blocks.0.update.0.weight"", ""blocks.0.update.0.bias"", ""blocks.0.update.2.weight"", ""blocks.0.update.2.bias"", ""blocks.0.norm.weight"", ""blocks.0.norm.bias"", ""blocks.1.edge_mlp.0.weight"", ""blocks.1.edge_mlp.0.bias"", ""blocks.1.edge_mlp.2.weight"", ""blocks.1.edge_mlp.2.bias"", ""blocks.1.angle_mlp.0.weight"", ""blocks.1.angle_mlp.0.bias"", ""blocks.1.angle_mlp.2.weight"", ""blocks.1.angle_mlp.2.bias"", ""blocks.1.update.0.weight"", ""blocks.1.update.0.bias"", ""blocks.1.update.2.weight"", ""blocks.1.update.2.bias"", ""blocks.1.norm.weight"", ""blocks.1.norm.bias""]",1.0367211729753762,,True,,,740,resources,,,,,,torch.float32,,,,,,True,1.2230634419247508,0.1728510009124875,,0.007280095014721155,,,0.18634226894937456,mp-aaaaaclb,,[],85,,158,,,2,316,,,True,24806,1066.6953125,1066.6953125,,max_degree,,,1,,,A,1066.6953125,,,valid,pass
,"[""local_input.weight"", ""local_input.bias"", ""local_output.weight"", ""local_output.bias"", ""blocks.0.tp.weight"", ""blocks.0.mix.weight"", ""blocks.0.radial_gate.0.weight"", ""blocks.0.radial_gate.0.bias"", ""blocks.0.radial_gate.2.weight"", ""blocks.0.radial_gate.2.bias"", ""blocks.0.update.0.weight"", ""blocks.0.update.0.bias"", ""blocks.0.update.2.weight"", ""blocks.0.update.2.bias"", ""blocks.0.norm.weight"", ""blocks.0.norm.bias"", ""blocks.0.direction_gate.weight"", ""blocks.0.direction_gate.bias"", ""blocks.1.tp.weight"", ""blocks.1.mix.weight"", ""blocks.1.radial_gate.0.weight"", ""blocks.1.radial_gate.0.bias"", ""blocks.1.radial_gate.2.weight"", ""blocks.1.radial_gate.2.bias"", ""blocks.1.update.0.weight"", ""blocks.1.update.0.bias"", ""blocks.1.update.2.weight"", ""blocks.1.update.2.bias"", ""blocks.1.norm.weight"", ""blocks.1.norm.bias""]",0.016874640015885234,,True,,,741,resources,,,,,,torch.float32,,,,,,True,0.028985525015741587,0.010397651931270957,,0.007280095014721155,,,0.012110884999856353,mp-aaaaaclb,,[],85,,158,,,2,316,,,True,24806,1066.6953125,1066.6953125,,max_degree,,,2,,,B+,1066.6953125,,,valid,pass
,"[""local_input.weight"", ""local_input.bias"", ""local_output.weight"", ""local_output.bias"", ""blocks.0.edge_mlp.0.weight"", ""blocks.0.edge_mlp.0.bias"", ""blocks.0.edge_mlp.2.weight"", ""blocks.0.edge_mlp.2.bias"", ""blocks.0.angle_mlp.0.weight"", ""blocks.0.angle_mlp.0.bias"", ""blocks.0.angle_mlp.2.weight"", ""blocks.0.angle_mlp.2.bias"", ""blocks.0.update.0.weight"", ""blocks.0.update.0.bias"", ""blocks.0.update.2.weight"", ""blocks.0.update.2.bias"", ""blocks.0.norm.weight"", ""blocks.0.norm.bias"", ""blocks.1.edge_mlp.0.weight"", ""blocks.1.edge_mlp.0.bias"", ""blocks.1.edge_mlp.2.weight"", ""blocks.1.edge_mlp.2.bias"", ""blocks.1.angle_mlp.0.weight"", ""blocks.1.angle_mlp.0.bias"", ""blocks.1.angle_mlp.2.weight"", ""blocks.1.angle_mlp.2.bias"", ""blocks.1.update.0.weight"", ""blocks.1.update.0.bias"", ""blocks.1.update.2.weight"", ""blocks.1.update.2.bias"", ""blocks.1.norm.weight"", ""blocks.1.norm.bias""]",1.0378805508371443,,True,,,742,resources,,,,,,torch.float32,,,,,,True,1.2429481549188495,0.17493238695897162,,0.007280095014721155,,,0.2050676040817052,mp-aaaaaclb,,[],85,,158,,,2,316,,,True,24806,1066.6953125,1066.6953125,,max_degree,,,2,,,A,1066.6953125,,,valid,pass
,"[""local_input.weight"", ""local_input.bias"", ""local_output.weight"", ""local_output.bias"", ""blocks.0.tp.weight"", ""blocks.0.mix.weight"", ""blocks.0.radial_gate.0.weight"", ""blocks.0.radial_gate.0.bias"", ""blocks.0.radial_gate.2.weight"", ""blocks.0.radial_gate.2.bias"", ""blocks.0.update.0.weight"", ""blocks.0.update.0.bias"", ""blocks.0.update.2.weight"", ""blocks.0.update.2.bias"", ""blocks.0.norm.weight"", ""blocks.0.norm.bias"", ""blocks.0.direction_gate.weight"", ""blocks.0.direction_gate.bias"", ""blocks.1.tp.weight"", ""blocks.1.mix.weight"", ""blocks.1.radial_gate.0.weight"", ""blocks.1.radial_gate.0.bias"", ""blocks.1.radial_gate.2.weight"", ""blocks.1.radial_gate.2.bias"", ""blocks.1.update.0.weight"", ""blocks.1.update.0.bias"", ""blocks.1.update.2.weight"", ""blocks.1.update.2.bias"", ""blocks.1.norm.weight"", ""blocks.1.norm.bias""]",0.015458137961104512,,True,,,743,resources,,,,,,torch.float32,,,,,,True,0.025371107971295714,0.009049467043951154,,0.007280095014721155,,,0.009912970010191202,mp-aaaaaclb,,[],85,,158,,,2,316,,,True,24806,1066.6953125,1066.6953125,,max_degree,,,2,,,B,1066.6953125,,,valid,pass
,,,,,,,744,e3_direct,,4,,,,torch.float64,,,,2e-10,2e-10,,,,,,,,,mp-aaaaaclb,,,85,8.881784197001252e-16,158,2.2026345392795737e-06,,2,316,rotation_1,,,24806,,,,max_degree,,,,,,B+,,,,valid,pass
,,,,,,,745,e3_direct,,4,,,,torch.float64,,,,2e-10,2e-10,,,,,,,,,mp-aaaaaclb,,,85,8.881784197001252e-16,158,2.2026345392795737e-06,,2,316,rotation_2,,,24806,,,,max_degree,,,,,,B+,,,,valid,pass
,,,,,,,746,e3_direct,,4,,,,torch.float64,,,,2e-10,2e-10,,,,,,,,,mp-aaaaaclb,,,85,6.72084247699335e-25,158,3.360421237281677e-15,,2,316,reflection,,,24806,,,,max_degree,,,,,,B+,,,,valid,pass
,,,,,,,747,e3_direct,,4,,,,torch.float64,,,,2e-10,2e-10,,,,,,,,,mp-aaaaaclb,,,85,0.0,158,0.0,,2,316,inversion,,,24806,,,,max_degree,,,,,,B+,,,,valid,pass
,,,,,,,748,e3_direct,,4,,,,torch.float64,,,,2e-10,2e-10,,,,,,,,,mp-aaaaaclb,,,85,8.881784197001252e-16,158,2.2026345392795737e-06,,2,316,improper_with_translation,,,24806,,,,max_degree,,,,,,B+,,,,valid,pass
,,,,,0,0,749,e3_rebuilt,,4,,,,torch.float64,,,,2e-06,2e-06,,,,1.4803091197279628e-08,,pass,1.3322676295501878e-15,,mp-aaaaaclb,,,85,3.2955710382864822e-09,158,0.0012319392940582446,,2,316,translation,,,24806,,,,max_degree,,,,,,B+,,,,valid,pass
,,,,,0,0,750,representation,,4,,,,torch.float64,,,,2e-06,2e-06,,,,0.0,,pass,0.0,,mp-aaaaaclb,,,85,0.0,158,0.0,,2,316,permutation,,,24806,,,,max_degree,,,,,,B+,,,,valid,pass
,,,,,0,0,751,representation,,4,,,,torch.float64,,,,2e-06,2e-06,,,,0.0,,pass,0.0,,mp-aaaaaclb,,,85,0.0,158,0.0,,2,316,integer_images,,,24806,,,,max_degree,,,,,,B+,,,,valid,pass
,,,,,0,0,752,representation,,4,,,,torch.float64,,,,2e-06,2e-06,,,,1.4803091197279628e-08,,pass,8.881784197001252e-16,,mp-aaaaaclb,,,85,3.2955705941972724e-09,158,0.0012319387655696822,,2,316,basis_swap,,,24806,,,,max_degree,,,,,,B+,,,,valid,pass
,,,,,0,0,753,representation,,4,,,,torch.float64,,,,2e-06,2e-06,,,,2.6645352591003757e-15,,pass,1.1102230246251565e-15,,mp-aaaaaclb,,,85,2.6645352591003757e-15,158,1.0321070745438185e-09,,2,316,basis_shear,,,24806,,,,max_degree,,,,,,B+,,,,valid,pass
,,,,,,,754,e3_direct,,4,,,,torch.float32,,,,2e-05,2e-05,,,,,,,,,mp-aaaciccv,,,1655,1.1920928955078125e-07,104,0.003755162935703993,,1,104,rotation_1,,,5356,,,,min_cell_singular_value,,,,,,B+,,,,valid,pass
,,,,,,,755,e3_direct,,4,,,,torch.float32,,,,2e-05,2e-05,,,,,,,,,mp-aaaciccv,,,1655,3.5762786865234375e-07,104,0.00953059270977974,,1,104,rotation_2,,,5356,,,,min_cell_singular_value,,,,,,B+,,,,valid,pass
,,,,,,,756,e3_direct,,4,,,,torch.float32,,,,2e-05,2e-05,,,,,,,,,mp-aaaciccv,,,1655,0.0,104,0.0,,1,104,reflection,,,5356,,,,min_cell_singular_value,,,,,,B+,,,,valid,pass
,,,,,,,757,e3_direct,,4,,,,torch.float32,,,,2e-05,2e-05,,,,,,,,,mp-aaaciccv,,,1655,0.0,104,0.0,,1,104,inversion,,,5356,,,,min_cell_singular_value,,,,,,B+,,,,valid,pass
,,,,,,,758,e3_direct,,4,,,,torch.float32,,,,2e-05,2e-05,,,,,,,,,mp-aaaciccv,,,1655,1.1920928955078125e-07,104,0.003755162935703993,,1,104,improper_with_translation,,,5356,,,,min_cell_singular_value,,,,,,B+,,,,valid,pass
,,,,,0,0,759,e3_rebuilt,,4,,,,torch.float32,,,,0.0001,0.0001,,,,0.0,,pass,0.0,,mp-aaaciccv,,,1655,0.0,104,0.0,,1,104,translation,,,5356,,,,min_cell_singular_value,,,,,,B+,,,,valid,pass
,,,,,0,0,760,representation,,4,,,,torch.float32,,,,0.0001,0.0001,,,,0.0,,pass,0.0,,mp-aaaciccv,,,1655,0.0,104,0.0,,1,104,permutation,,,5356,,,,min_cell_singular_value,,,,,,B+,,,,valid,pass
,,,,,0,0,761,representation,,4,,,,torch.float32,,,,0.0001,0.0001,,,,0.0,,pass,0.0,,mp-aaaciccv,,,1655,0.0,104,0.0,,1,104,integer_images,,,5356,,,,min_cell_singular_value,,,,,,B+,,,,valid,pass
,,,,,0,0,762,representation,,4,,,,torch.float32,,,,0.0001,0.0001,,,,4.76837158203125e-07,,pass,9.5367431640625e-07,,mp-aaaciccv,,,1655,3.5762786865234375e-07,104,0.0019061185885220766,,1,104,basis_swap,,,5356,,,,min_cell_singular_value,,,,,,B+,,,,valid,pass
,,,,,0,0,763,representation,,4,,,,torch.float32,,,,0.0001,0.0001,,,,9.5367431640625e-07,,pass,4.76837158203125e-07,,mp-aaaciccv,,,1655,7.748603820800781e-07,104,0.005040213465690613,,1,104,basis_shear,,,5356,,,,min_cell_singular_value,,,,,,B+,,,,valid,pass
,,,,,,,764,real_shared_e3,,4,,,,torch.float32,,,,2e-05,2e-05,,,,,,,,,mp-aaaciccv,,,1655,4.76837158203125e-07,104,0.012615194544196129,,1,104,rotation_1,,,5356,,,,min_cell_singular_value,,,,,,A,,,,valid,pass
,,,,,,,765,real_shared_e3,,4,,,,torch.float32,,,,2e-05,2e-05,,,,,,,,,mp-aaaciccv,,,1655,1.7881393432617188e-07,104,0.0062070973217487335,,1,104,rotation_1,,,5356,,,,min_cell_singular_value,,,,,,B,,,,valid,pass
,,,,,,,766,real_shared_e3,,4,,,,torch.float32,,,,2e-05,2e-05,,,,,,,,,mp-aaaciccv,,,1655,1.1920928955078125e-07,104,0.003755162935703993,,1,104,rotation_1,,,5356,,,,min_cell_singular_value,,,,,,B+,,,,valid,pass
,,,,,,,767,high_order_invariant_e3,,,,,,torch.float32,,,,,,,,,,,,,,mp-aaaciccv,,,1655,6.51925802230835e-09,104,,,1,104,rotation_1,,,5356,,,,min_cell_singular_value,,,,,,B+,,,,valid,pass
,,,,,,,768,real_shared_e3,,4,,,,torch.float32,,,,2e-05,2e-05,,,,,,,,,mp-aaaciccv,,,1655,0.0,104,0.0,,1,104,reflection,,,5356,,,,min_cell_singular_value,,,,,,A,,,,valid,pass
,,,,,,,769,real_shared_e3,,4,,,,torch.float32,,,,2e-05,2e-05,,,,,,,,,mp-aaaciccv,,,1655,0.0,104,0.0,,1,104,reflection,,,5356,,,,min_cell_singular_value,,,,,,B,,,,valid,pass
,,,,,,,770,real_shared_e3,,4,,,,torch.float32,,,,2e-05,2e-05,,,,,,,,,mp-aaaciccv,,,1655,0.0,104,0.0,,1,104,reflection,,,5356,,,,min_cell_singular_value,,,,,,B+,,,,valid,pass
,,,,,,,771,high_order_invariant_e3,,,,,,torch.float32,,,,,,,,,,,,,,mp-aaaciccv,,,1655,0.0,104,,,1,104,reflection,,,5356,,,,min_cell_singular_value,,,,,,B+,,,,valid,pass
,,,13.269124031066895,,,,772,real_shear_response,,,,0,,torch.float32,104,104,,,,,,,,,,,,mp-aaaciccv,,,1655,,104,,1.4185905456542969e-05,1,104,,,,5356,,,,min_cell_singular_value,,8.442732501766977e-06,,,,A,,,,valid,pass
,,,12.72713565826416,,,,773,real_shear_response,,,,0,,torch.float32,104,104,,,,,,,,,,,,mp-aaaciccv,,,1655,,104,,2.0444393157958984e-05,1,104,,,,5356,,,,min_cell_singular_value,,1.2366734501976398e-05,,,,B,,,,valid,pass
,,,12.727071762084961,,,,774,real_shear_response,,,,0,,torch.float32,104,104,,,,,,,,,,,,mp-aaaciccv,,,1655,,104,,2.0444393157958984e-05,1,104,,,,5356,,,,min_cell_singular_value,,1.240478662673178e-05,,,,B+,,,,valid,pass
,"[""local_input.weight"", ""local_input.bias"", ""local_output.weight"", ""local_output.bias"", ""blocks.0.edge_mlp.0.weight"", ""blocks.0.edge_mlp.0.bias"", ""blocks.0.edge_mlp.2.weight"", ""blocks.0.edge_mlp.2.bias"", ""blocks.0.angle_mlp.0.weight"", ""blocks.0.angle_mlp.0.bias"", ""blocks.0.angle_mlp.2.weight"", ""blocks.0.angle_mlp.2.bias"", ""blocks.0.update.0.weight"", ""blocks.0.update.0.bias"", ""blocks.0.update.2.weight"", ""blocks.0.update.2.bias"", ""blocks.0.norm.weight"", ""blocks.0.norm.bias"", ""blocks.1.edge_mlp.0.weight"", ""blocks.1.edge_mlp.0.bias"", ""blocks.1.edge_mlp.2.weight"", ""blocks.1.edge_mlp.2.bias"", ""blocks.1.angle_mlp.0.weight"", ""blocks.1.angle_mlp.0.bias"", ""blocks.1.angle_mlp.2.weight"", ""blocks.1.angle_mlp.2.bias"", ""blocks.1.update.0.weight"", ""blocks.1.update.0.bias"", ""blocks.1.update.2.weight"", ""blocks.1.update.2.bias"", ""blocks.1.norm.weight"", ""blocks.1.norm.bias""]",0.19673638604581356,,True,,,775,resources,,,,,,torch.float32,,,,,,True,0.24111396702937782,0.03924251603893936,,0.011417550966143608,,,0.04437758098356426,mp-aaaciccv,,[],1655,,104,,,1,104,,,True,5356,1066.6953125,1066.6953125,,min_cell_singular_value,,,0,,,A,1066.6953125,,,valid,pass
,"[""local_input.weight"", ""local_input.bias"", ""local_output.weight"", ""local_output.bias"", ""blocks.0.tp.weight"", ""blocks.0.mix.weight"", ""blocks.0.radial_gate.0.weight"", ""blocks.0.radial_gate.0.bias"", ""blocks.0.radial_gate.2.weight"", ""blocks.0.radial_gate.2.bias"", ""blocks.0.update.0.weight"", ""blocks.0.update.0.bias"", ""blocks.0.update.2.weight"", ""blocks.0.update.2.bias"", ""blocks.0.norm.weight"", ""blocks.0.norm.bias"", ""blocks.0.direction_gate.weight"", ""blocks.0.direction_gate.bias"", ""blocks.1.tp.weight"", ""blocks.1.mix.weight"", ""blocks.1.radial_gate.0.weight"", ""blocks.1.radial_gate.0.bias"", ""blocks.1.radial_gate.2.weight"", ""blocks.1.radial_gate.2.bias"", ""blocks.1.update.0.weight"", ""blocks.1.update.0.bias"", ""blocks.1.update.2.weight"", ""blocks.1.update.2.bias"", ""blocks.1.norm.weight"", ""blocks.1.norm.bias""]",0.011779563035815954,,True,,,776,resources,,,,,,torch.float32,,,,,,True,0.01987831899896264,0.00733200297690928,,0.011417550966143608,,,0.008098755963146687,mp-aaaciccv,,[],1655,,104,,,1,104,,,True,5356,1066.6953125,1066.6953125,,min_cell_singular_value,,,0,,,B,1066.6953125,,,valid,pass
,"[""local_input.weight"", ""local_input.bias"", ""local_output.weight"", ""local_output.bias"", ""blocks.0.tp.weight"", ""blocks.0.mix.weight"", ""blocks.0.radial_gate.0.weight"", ""blocks.0.radial_gate.0.bias"", ""blocks.0.radial_gate.2.weight"", ""blocks.0.radial_gate.2.bias"", ""blocks.0.update.0.weight"", ""blocks.0.update.0.bias"", ""blocks.0.update.2.weight"", ""blocks.0.update.2.bias"", ""blocks.0.norm.weight"", ""blocks.0.norm.bias"", ""blocks.0.direction_gate.weight"", ""blocks.0.direction_gate.bias"", ""blocks.1.tp.weight"", ""blocks.1.mix.weight"", ""blocks.1.radial_gate.0.weight"", ""blocks.1.radial_gate.0.bias"", ""blocks.1.radial_gate.2.weight"", ""blocks.1.radial_gate.2.bias"", ""blocks.1.update.0.weight"", ""blocks.1.update.0.bias"", ""blocks.1.update.2.weight"", ""blocks.1.update.2.bias"", ""blocks.1.norm.weight"", ""blocks.1.norm.bias""]",0.012594696832820773,,True,,,777,resources,,,,,,torch.float32,,,,,,True,0.0218894409481436,0.00832921708934009,,0.011417550966143608,,,0.009294744115322828,mp-aaaciccv,,[],1655,,104,,,1,104,,,True,5356,1066.6953125,1066.6953125,,min_cell_singular_value,,,0,,,B+,1066.6953125,,,valid,pass
,"[""local_input.weight"", ""local_input.bias"", ""local_output.weight"", ""local_output.bias"", ""blocks.0.tp.weight"", ""blocks.0.mix.weight"", ""blocks.0.radial_gate.0.weight"", ""blocks.0.radial_gate.0.bias"", ""blocks.0.radial_gate.2.weight"", ""blocks.0.radial_gate.2.bias"", ""blocks.0.update.0.weight"", ""blocks.0.update.0.bias"", ""blocks.0.update.2.weight"", ""blocks.0.update.2.bias"", ""blocks.0.norm.weight"", ""blocks.0.norm.bias"", ""blocks.0.direction_gate.weight"", ""blocks.0.direction_gate.bias"", ""blocks.1.tp.weight"", ""blocks.1.mix.weight"", ""blocks.1.radial_gate.0.weight"", ""blocks.1.radial_gate.0.bias"", ""blocks.1.radial_gate.2.weight"", ""blocks.1.radial_gate.2.bias"", ""blocks.1.update.0.weight"", ""blocks.1.update.0.bias"", ""blocks.1.update.2.weight"", ""blocks.1.update.2.bias"", ""blocks.1.norm.weight"", ""blocks.1.norm.bias""]",0.011437765089794993,,True,,,778,resources,,,,,,torch.float32,,,,,,True,0.019186445279046893,0.00675889290869236,,0.011417550966143608,,,0.0077486801892519,mp-aaaciccv,,[],1655,,104,,,1,104,,,True,5356,1066.6953125,1066.6953125,,min_cell_singular_value,,,1,,,B,1066.6953125,,,valid,pass
,"[""local_input.weight"", ""local_input.bias"", ""local_output.weight"", ""local_output.bias"", ""blocks.0.tp.weight"", ""blocks.0.mix.weight"", ""blocks.0.radial_gate.0.weight"", ""blocks.0.radial_gate.0.bias"", ""blocks.0.radial_gate.2.weight"", ""blocks.0.radial_gate.2.bias"", ""blocks.0.update.0.weight"", ""blocks.0.update.0.bias"", ""blocks.0.update.2.weight"", ""blocks.0.update.2.bias"", ""blocks.0.norm.weight"", ""blocks.0.norm.bias"", ""blocks.0.direction_gate.weight"", ""blocks.0.direction_gate.bias"", ""blocks.1.tp.weight"", ""blocks.1.mix.weight"", ""blocks.1.radial_gate.0.weight"", ""blocks.1.radial_gate.0.bias"", ""blocks.1.radial_gate.2.weight"", ""blocks.1.radial_gate.2.bias"", ""blocks.1.update.0.weight"", ""blocks.1.update.0.bias"", ""blocks.1.update.2.weight"", ""blocks.1.update.2.bias"", ""blocks.1.norm.weight"", ""blocks.1.norm.bias""]",0.012450193986296654,,True,,,779,resources,,,,,,torch.float32,,,,,,True,0.021791693987324834,0.00807254295796156,,0.011417550966143608,,,0.00934150000102818,mp-aaaciccv,,[],1655,,104,,,1,104,,,True,5356,1066.6953125,1066.6953125,,min_cell_singular_value,,,1,,,B+,1066.6953125,,,valid,pass
,"[""local_input.weight"", ""local_input.bias"", ""local_output.weight"", ""local_output.bias"", ""blocks.0.edge_mlp.0.weight"", ""blocks.0.edge_mlp.0.bias"", ""blocks.0.edge_mlp.2.weight"", ""blocks.0.edge_mlp.2.bias"", ""blocks.0.angle_mlp.0.weight"", ""blocks.0.angle_mlp.0.bias"", ""blocks.0.angle_mlp.2.weight"", ""blocks.0.angle_mlp.2.bias"", ""blocks.0.update.0.weight"", ""blocks.0.update.0.bias"", ""blocks.0.update.2.weight"", ""blocks.0.update.2.bias"", ""blocks.0.norm.weight"", ""blocks.0.norm.bias"", ""blocks.1.edge_mlp.0.weight"", ""blocks.1.edge_mlp.0.bias"", ""blocks.1.edge_mlp.2.weight"", ""blocks.1.edge_mlp.2.bias"", ""blocks.1.angle_mlp.0.weight"", ""blocks.1.angle_mlp.0.bias"", ""blocks.1.angle_mlp.2.weight"", ""blocks.1.angle_mlp.2.bias"", ""blocks.1.update.0.weight"", ""blocks.1.update.0.bias"", ""blocks.1.update.2.weight"", ""blocks.1.update.2.bias"", ""blocks.1.norm.weight"", ""blocks.1.norm.bias""]",0.1962957528885454,,True,,,780,resources,,,,,,torch.float32,,,,,,True,0.2377417110837996,0.0387870529666543,,0.011417550966143608,,,0.04144595819525421,mp-aaaciccv,,[],1655,,104,,,1,104,,,True,5356,1066.6953125,1066.6953125,,min_cell_singular_value,,,1,,,A,1066.6953125,,,valid,pass
,"[""local_input.weight"", ""local_input.bias"", ""local_output.weight"", ""local_output.bias"", ""blocks.0.tp.weight"", ""blocks.0.mix.weight"", ""blocks.0.radial_gate.0.weight"", ""blocks.0.radial_gate.0.bias"", ""blocks.0.radial_gate.2.weight"", ""blocks.0.radial_gate.2.bias"", ""blocks.0.update.0.weight"", ""blocks.0.update.0.bias"", ""blocks.0.update.2.weight"", ""blocks.0.update.2.bias"", ""blocks.0.norm.weight"", ""blocks.0.norm.bias"", ""blocks.0.direction_gate.weight"", ""blocks.0.direction_gate.bias"", ""blocks.1.tp.weight"", ""blocks.1.mix.weight"", ""blocks.1.radial_gate.0.weight"", ""blocks.1.radial_gate.0.bias"", ""blocks.1.radial_gate.2.weight"", ""blocks.1.radial_gate.2.bias"", ""blocks.1.update.0.weight"", ""blocks.1.update.0.bias"", ""blocks.1.update.2.weight"", ""blocks.1.update.2.bias"", ""blocks.1.norm.weight"", ""blocks.1.norm.bias""]",0.012671445962041616,,True,,,781,resources,,,,,,torch.float32,,,,,,True,0.022289728978648782,0.008794802939519286,,0.011417550966143608,,,0.009618283016607165,mp-aaaciccv,,[],1655,,104,,,1,104,,,True,5356,1066.6953125,1066.6953125,,min_cell_singular_value,,,2,,,B+,1066.6953125,,,valid,pass
,"[""local_input.weight"", ""local_input.bias"", ""local_output.weight"", ""local_output.bias"", ""blocks.0.edge_mlp.0.weight"", ""blocks.0.edge_mlp.0.bias"", ""blocks.0.edge_mlp.2.weight"", ""blocks.0.edge_mlp.2.bias"", ""blocks.0.angle_mlp.0.weight"", ""blocks.0.angle_mlp.0.bias"", ""blocks.0.angle_mlp.2.weight"", ""blocks.0.angle_mlp.2.bias"", ""blocks.0.update.0.weight"", ""blocks.0.update.0.bias"", ""blocks.0.update.2.weight"", ""blocks.0.update.2.bias"", ""blocks.0.norm.weight"", ""blocks.0.norm.bias"", ""blocks.1.edge_mlp.0.weight"", ""blocks.1.edge_mlp.0.bias"", ""blocks.1.edge_mlp.2.weight"", ""blocks.1.edge_mlp.2.bias"", ""blocks.1.angle_mlp.0.weight"", ""blocks.1.angle_mlp.0.bias"", ""blocks.1.angle_mlp.2.weight"", ""blocks.1.angle_mlp.2.bias"", ""blocks.1.update.0.weight"", ""blocks.1.update.0.bias"", ""blocks.1.update.2.weight"", ""blocks.1.update.2.bias"", ""blocks.1.norm.weight"", ""blocks.1.norm.bias""]",0.19618939817883074,,True,,,782,resources,,,,,,torch.float32,,,,,,True,0.2386449803598225,0.039689046097919345,,0.011417550966143608,,,0.04245558218099177,mp-aaaciccv,,[],1655,,104,,,1,104,,,True,5356,1066.6953125,1066.6953125,,min_cell_singular_value,,,2,,,A,1066.6953125,,,valid,pass
,"[""local_input.weight"", ""local_input.bias"", ""local_output.weight"", ""local_output.bias"", ""blocks.0.tp.weight"", ""blocks.0.mix.weight"", ""blocks.0.radial_gate.0.weight"", ""blocks.0.radial_gate.0.bias"", ""blocks.0.radial_gate.2.weight"", ""blocks.0.radial_gate.2.bias"", ""blocks.0.update.0.weight"", ""blocks.0.update.0.bias"", ""blocks.0.update.2.weight"", ""blocks.0.update.2.bias"", ""blocks.0.norm.weight"", ""blocks.0.norm.bias"", ""blocks.0.direction_gate.weight"", ""blocks.0.direction_gate.bias"", ""blocks.1.tp.weight"", ""blocks.1.mix.weight"", ""blocks.1.radial_gate.0.weight"", ""blocks.1.radial_gate.0.bias"", ""blocks.1.radial_gate.2.weight"", ""blocks.1.radial_gate.2.bias"", ""blocks.1.update.0.weight"", ""blocks.1.update.0.bias"", ""blocks.1.update.2.weight"", ""blocks.1.update.2.bias"", ""blocks.1.norm.weight"", ""blocks.1.norm.bias""]",0.01169665902853012,,True,,,783,resources,,,,,,torch.float32,,,,,,True,0.019811368081718683,0.007690834114328027,,0.011417550966143608,,,0.008114709053188562,mp-aaaciccv,,[],1655,,104,,,1,104,,,True,5356,1066.6953125,1066.6953125,,min_cell_singular_value,,,2,,,B,1066.6953125,,,valid,pass
,,,,,,,784,e3_direct,,4,,,,torch.float64,,,,2e-10,2e-10,,,,,,,,,mp-aaaciccv,,,1655,4.440892098500626e-16,104,9.470970724043015e-07,,1,104,rotation_1,,,5356,,,,min_cell_singular_value,,,,,,B+,,,,valid,pass
,,,,,,,785,e3_direct,,4,,,,torch.float64,,,,2e-10,2e-10,,,,,,,,,mp-aaaciccv,,,1655,4.440892098500626e-16,104,9.470970724043015e-07,,1,104,rotation_2,,,5356,,,,min_cell_singular_value,,,,,,B+,,,,valid,pass
,,,,,,,786,e3_direct,,4,,,,torch.float64,,,,2e-10,2e-10,,,,,,,,,mp-aaaciccv,,,1655,9.540979117872439e-18,104,4.7484615536280776e-08,,1,104,reflection,,,5356,,,,min_cell_singular_value,,,,,,B+,,,,valid,pass
,,,,,,,787,e3_direct,,4,,,,torch.float64,,,,2e-10,2e-10,,,,,,,,,mp-aaaciccv,,,1655,0.0,104,0.0,,1,104,inversion,,,5356,,,,min_cell_singular_value,,,,,,B+,,,,valid,pass
,,,,,,,788,e3_direct,,4,,,,torch.float64,,,,2e-10,2e-10,,,,,,,,,mp-aaaciccv,,,1655,4.440892098500626e-16,104,9.470970724043015e-07,,1,104,improper_with_translation,,,5356,,,,min_cell_singular_value,,,,,,B+,,,,valid,pass
,,,,,0,0,789,e3_rebuilt,,4,,,,torch.float64,,,,2e-06,2e-06,,,,0.0,,pass,1.9821905042642553e-16,,mp-aaaciccv,,,1655,6.8141061709117194e-18,104,3.4070530854558597e-12,,1,104,translation,,,5356,,,,min_cell_singular_value,,,,,,B+,,,,valid,pass
,,,,,0,0,790,representation,,4,,,,torch.float64,,,,2e-06,2e-06,,,,0.0,,pass,0.0,,mp-aaaciccv,,,1655,0.0,104,0.0,,1,104,permutation,,,5356,,,,min_cell_singular_value,,,,,,B+,,,,valid,pass
,,,,,0,0,791,representation,,4,,,,torch.float64,,,,2e-06,2e-06,,,,0.0,,pass,0.0,,mp-aaaciccv,,,1655,0.0,104,0.0,,1,104,integer_images,,,5356,,,,min_cell_singular_value,,,,,,B+,,,,valid,pass
,,,,,0,0,792,representation,,4,,,,torch.float64,,,,2e-06,2e-06,,,,8.881784197001252e-16,,pass,8.881784197001252e-16,,mp-aaaciccv,,,1655,2.220446049250313e-16,104,5.069633596698338e-11,,1,104,basis_swap,,,5356,,,,min_cell_singular_value,,,,,,B+,,,,valid,pass
,,,,,0,0,793,representation,,4,,,,torch.float64,,,,2e-06,2e-06,,,,8.881784197001252e-16,,pass,8.881784197001252e-16,,mp-aaaciccv,,,1655,1.5543122344752192e-15,104,6.848981320381939e-10,,1,104,basis_shear,,,5356,,,,min_cell_singular_value,,,,,,B+,,,,valid,pass
,,,,,,,794,e3_direct,,4,,,,torch.float32,,,,2e-05,2e-05,,,,,,,,,mp-aaaaaaau,,,0,4.712708800980181e-08,112,0.0023563543800264597,,1,112,rotation_1,,,6216,,,,min_atoms,,,,,,B+,,,,valid,pass
,,,,,,,795,e3_direct,,4,,,,torch.float32,,,,2e-05,2e-05,,,,,,,,,mp-aaaaaaau,,,0,2.384185791015625e-07,112,0.005753243342041969,,1,112,rotation_2,,,6216,,,,min_atoms,,,,,,B+,,,,valid,pass
,,,,,,,796,e3_direct,,4,,,,torch.float32,,,,2e-05,2e-05,,,,,,,,,mp-aaaaaaau,,,0,0.0,112,0.0,,1,112,reflection,,,6216,,,,min_atoms,,,,,,B+,,,,valid,pass
,,,,,,,797,e3_direct,,4,,,,torch.float32,,,,2e-05,2e-05,,,,,,,,,mp-aaaaaaau,,,0,0.0,112,0.0,,1,112,inversion,,,6216,,,,min_atoms,,,,,,B+,,,,valid,pass
,,,,,,,798,e3_direct,,4,,,,torch.float32,,,,2e-05,2e-05,,,,,,,,,mp-aaaaaaau,,,0,4.712708800980181e-08,112,0.0023563543800264597,,1,112,improper_with_translation,,,6216,,,,min_atoms,,,,,,B+,,,,valid,pass
,,,,,0,0,799,e3_rebuilt,,4,,,,torch.float32,,,,0.0001,0.0001,,,,1.430511474609375e-06,,pass,4.76837158203125e-07,,mp-aaaaaaau,,,0,9.5367431640625e-07,112,0.005346626974642277,,1,112,translation,,,6216,,,,min_atoms,,,,,,B+,,,,valid,pass
,,,,,0,0,800,representation,,4,,,,torch.float32,,,,0.0001,0.0001,,,,0.0,,pass,0.0,,mp-aaaaaaau,,,0,0.0,112,0.0,,1,112,permutation,,,6216,,,,min_atoms,,,,,,B+,,,,valid,pass
,,,,,0,0,801,representation,,4,,,,torch.float32,,,,0.0001,0.0001,,,,0.0,,pass,0.0,,mp-aaaaaaau,,,0,0.0,112,0.0,,1,112,integer_images,,,6216,,,,min_atoms,,,,,,B+,,,,valid,pass
,,,,,0,0,802,representation,,4,,,,torch.float32,,,,0.0001,0.0001,,,,1.430511474609375e-06,,pass,4.76837158203125e-07,,mp-aaaaaaau,,,0,1.996755599975586e-06,112,0.014640149660408497,,1,112,basis_swap,,,6216,,,,min_atoms,,,,,,B+,,,,valid,pass
,,,,,0,0,803,representation,,4,,,,torch.float32,,,,0.0001,0.0001,,,,1.430511474609375e-06,,pass,9.5367431640625e-07,,mp-aaaaaaau,,,0,5.383044481277466e-07,112,0.005233033560216427,,1,112,basis_shear,,,6216,,,,min_atoms,,,,,,B+,,,,valid,pass
,,,,,,,804,real_shared_e3,,4,,,,torch.float32,,,,2e-05,2e-05,,,,,,,,,mp-aaaaaaau,,,0,4.76837158203125e-07,112,0.013106334954500198,,1,112,rotation_1,,,6216,,,,min_atoms,,,,,,A,,,,valid,pass
,,,,,,,805,real_shared_e3,,4,,,,torch.float32,,,,2e-05,2e-05,,,,,,,,,mp-aaaaaaau,,,0,3.631858902508611e-08,112,0.0018159295432269573,,1,112,rotation_1,,,6216,,,,min_atoms,,,,,,B,,,,valid,pass
,,,,,,,806,real_shared_e3,,4,,,,torch.float32,,,,2e-05,2e-05,,,,,,,,,mp-aaaaaaau,,,0,4.712708800980181e-08,112,0.0023563543800264597,,1,112,rotation_1,,,6216,,,,min_atoms,,,,,,B+,,,,valid,pass
,,,,,,,807,high_order_invariant_e3,,,,,,torch.float32,,,,,,,,,,,,,,mp-aaaaaaau,,,0,9.313225746154785e-10,112,,,1,112,rotation_1,,,6216,,,,min_atoms,,,,,,B+,,,,valid,pass
,,,,,,,808,real_shared_e3,,4,,,,torch.float32,,,,2e-05,2e-05,,,,,,,,,mp-aaaaaaau,,,0,0.0,112,0.0,,1,112,reflection,,,6216,,,,min_atoms,,,,,,A,,,,valid,pass
,,,,,,,809,real_shared_e3,,4,,,,torch.float32,,,,2e-05,2e-05,,,,,,,,,mp-aaaaaaau,,,0,0.0,112,0.0,,1,112,reflection,,,6216,,,,min_atoms,,,,,,B,,,,valid,pass
,,,,,,,810,real_shared_e3,,4,,,,torch.float32,,,,2e-05,2e-05,,,,,,,,,mp-aaaaaaau,,,0,0.0,112,0.0,,1,112,reflection,,,6216,,,,min_atoms,,,,,,B+,,,,valid,pass
,,,,,,,811,high_order_invariant_e3,,,,,,torch.float32,,,,,,,,,,,,,,mp-aaaaaaau,,,0,0.0,112,,,1,112,reflection,,,6216,,,,min_atoms,,,,,,B+,,,,valid,pass
,,,13.679678916931152,,,,812,real_shear_response,,,,0,,torch.float32,112,112,,,,,,,,,,,,mp-aaaaaaau,,,0,,112,,2.1517276763916016e-05,1,112,,,,6216,,,,min_atoms,,8.761649465020453e-06,,,,A,,,,valid,pass
,,,12.782055854797363,,,,813,real_shear_response,,,,0,,torch.float32,112,112,,,,,,,,,,,,mp-aaaaaaau,,,0,,112,,2.378225326538086e-05,1,112,,,,6216,,,,min_atoms,,1.3486967355806143e-05,,,,B,,,,valid,pass
,,,12.782382011413574,,,,814,real_shear_response,,,,0,,torch.float32,112,112,,,,,,,,,,,,mp-aaaaaaau,,,0,,112,,2.384185791015625e-05,1,112,,,,6216,,,,min_atoms,,1.3355280798954328e-05,,,,B+,,,,valid,pass
,"[""local_input.weight"", ""local_input.bias"", ""local_output.weight"", ""local_output.bias"", ""blocks.0.edge_mlp.0.weight"", ""blocks.0.edge_mlp.0.bias"", ""blocks.0.edge_mlp.2.weight"", ""blocks.0.edge_mlp.2.bias"", ""blocks.0.angle_mlp.0.weight"", ""blocks.0.angle_mlp.0.bias"", ""blocks.0.angle_mlp.2.weight"", ""blocks.0.angle_mlp.2.bias"", ""blocks.0.update.0.weight"", ""blocks.0.update.0.bias"", ""blocks.0.update.2.weight"", ""blocks.0.update.2.bias"", ""blocks.0.norm.weight"", ""blocks.0.norm.bias"", ""blocks.1.edge_mlp.0.weight"", ""blocks.1.edge_mlp.0.bias"", ""blocks.1.edge_mlp.2.weight"", ""blocks.1.edge_mlp.2.bias"", ""blocks.1.angle_mlp.0.weight"", ""blocks.1.angle_mlp.0.bias"", ""blocks.1.angle_mlp.2.weight"", ""blocks.1.angle_mlp.2.bias"", ""blocks.1.update.0.weight"", ""blocks.1.update.0.bias"", ""blocks.1.update.2.weight"", ""blocks.1.update.2.bias"", ""blocks.1.norm.weight"", ""blocks.1.norm.bias""]",0.2673742182087153,,True,,,815,resources,,,,,,torch.float32,,,,,,True,0.31875938829034567,0.048268821090459824,,0.010091061005368829,,,0.05138517008163035,mp-aaaaaaau,,[],0,,112,,,1,112,,,True,6216,1066.6953125,1066.6953125,,min_atoms,,,0,,,A,1066.6953125,,,valid,pass
,"[""local_input.weight"", ""local_input.bias"", ""local_output.weight"", ""local_output.bias"", ""blocks.0.tp.weight"", ""blocks.0.mix.weight"", ""blocks.0.radial_gate.0.weight"", ""blocks.0.radial_gate.0.bias"", ""blocks.0.radial_gate.2.weight"", ""blocks.0.radial_gate.2.bias"", ""blocks.0.update.0.weight"", ""blocks.0.update.0.bias"", ""blocks.0.update.2.weight"", ""blocks.0.update.2.bias"", ""blocks.0.norm.weight"", ""blocks.0.norm.bias"", ""blocks.0.direction_gate.weight"", ""blocks.0.direction_gate.bias"", ""blocks.1.tp.weight"", ""blocks.1.mix.weight"", ""blocks.1.radial_gate.0.weight"", ""blocks.1.radial_gate.0.bias"", ""blocks.1.radial_gate.2.weight"", ""blocks.1.radial_gate.2.bias"", ""blocks.1.update.0.weight"", ""blocks.1.update.0.bias"", ""blocks.1.update.2.weight"", ""blocks.1.update.2.bias"", ""blocks.1.norm.weight"", ""blocks.1.norm.bias""]",0.011829199036583304,,True,,,816,resources,,,,,,torch.float32,,,,,,True,0.019725959980860353,0.007145736133679748,,0.010091061005368829,,,0.007896760944277048,mp-aaaaaaau,,[],0,,112,,,1,112,,,True,6216,1066.6953125,1066.6953125,,min_atoms,,,0,,,B,1066.6953125,,,valid,pass
,"[""local_input.weight"", ""local_input.bias"", ""local_output.weight"", ""local_output.bias"", ""blocks.0.tp.weight"", ""blocks.0.mix.weight"", ""blocks.0.radial_gate.0.weight"", ""blocks.0.radial_gate.0.bias"", ""blocks.0.radial_gate.2.weight"", ""blocks.0.radial_gate.2.bias"", ""blocks.0.update.0.weight"", ""blocks.0.update.0.bias"", ""blocks.0.update.2.weight"", ""blocks.0.update.2.bias"", ""blocks.0.norm.weight"", ""blocks.0.norm.bias"", ""blocks.0.direction_gate.weight"", ""blocks.0.direction_gate.bias"", ""blocks.1.tp.weight"", ""blocks.1.mix.weight"", ""blocks.1.radial_gate.0.weight"", ""blocks.1.radial_gate.0.bias"", ""blocks.1.radial_gate.2.weight"", ""blocks.1.radial_gate.2.bias"", ""blocks.1.update.0.weight"", ""blocks.1.update.0.bias"", ""blocks.1.update.2.weight"", ""blocks.1.update.2.bias"", ""blocks.1.norm.weight"", ""blocks.1.norm.bias""]",0.012961934087798,,True,,,817,resources,,,,,,torch.float32,,,,,,True,0.022345754085108638,0.008167254971340299,,0.010091061005368829,,,0.009383819997310638,mp-aaaaaaau,,[],0,,112,,,1,112,,,True,6216,1066.6953125,1066.6953125,,min_atoms,,,0,,,B+,1066.6953125,,,valid,pass
,"[""local_input.weight"", ""local_input.bias"", ""local_output.weight"", ""local_output.bias"", ""blocks.0.tp.weight"", ""blocks.0.mix.weight"", ""blocks.0.radial_gate.0.weight"", ""blocks.0.radial_gate.0.bias"", ""blocks.0.radial_gate.2.weight"", ""blocks.0.radial_gate.2.bias"", ""blocks.0.update.0.weight"", ""blocks.0.update.0.bias"", ""blocks.0.update.2.weight"", ""blocks.0.update.2.bias"", ""blocks.0.norm.weight"", ""blocks.0.norm.bias"", ""blocks.0.direction_gate.weight"", ""blocks.0.direction_gate.bias"", ""blocks.1.tp.weight"", ""blocks.1.mix.weight"", ""blocks.1.radial_gate.0.weight"", ""blocks.1.radial_gate.0.bias"", ""blocks.1.radial_gate.2.weight"", ""blocks.1.radial_gate.2.bias"", ""blocks.1.update.0.weight"", ""blocks.1.update.0.bias"", ""blocks.1.update.2.weight"", ""blocks.1.update.2.bias"", ""blocks.1.norm.weight"", ""blocks.1.norm.bias""]",0.012102094944566488,,True,,,818,resources,,,,,,torch.float32,,,,,,True,0.021011027973145247,0.007201216882094741,,0.010091061005368829,,,0.008908933028578758,mp-aaaaaaau,,[],0,,112,,,1,112,,,True,6216,1066.6953125,1066.6953125,,min_atoms,,,1,,,B,1066.6953125,,,valid,pass
,"[""local_input.weight"", ""local_input.bias"", ""local_output.weight"", ""local_output.bias"", ""blocks.0.tp.weight"", ""blocks.0.mix.weight"", ""blocks.0.radial_gate.0.weight"", ""blocks.0.radial_gate.0.bias"", ""blocks.0.radial_gate.2.weight"", ""blocks.0.radial_gate.2.bias"", ""blocks.0.update.0.weight"", ""blocks.0.update.0.bias"", ""blocks.0.update.2.weight"", ""blocks.0.update.2.bias"", ""blocks.0.norm.weight"", ""blocks.0.norm.bias"", ""blocks.0.direction_gate.weight"", ""blocks.0.direction_gate.bias"", ""blocks.1.tp.weight"", ""blocks.1.mix.weight"", ""blocks.1.radial_gate.0.weight"", ""blocks.1.radial_gate.0.bias"", ""blocks.1.radial_gate.2.weight"", ""blocks.1.radial_gate.2.bias"", ""blocks.1.update.0.weight"", ""blocks.1.update.0.bias"", ""blocks.1.update.2.weight"", ""blocks.1.update.2.bias"", ""blocks.1.norm.weight"", ""blocks.1.norm.bias""]",0.013041046913713217,,True,,,819,resources,,,,,,torch.float32,,,,,,True,0.022384996060281992,0.008459802018478513,,0.010091061005368829,,,0.009343949146568775,mp-aaaaaaau,,[],0,,112,,,1,112,,,True,6216,1066.6953125,1066.6953125,,min_atoms,,,1,,,B+,1066.6953125,,,valid,pass
,"[""local_input.weight"", ""local_input.bias"", ""local_output.weight"", ""local_output.bias"", ""blocks.0.edge_mlp.0.weight"", ""blocks.0.edge_mlp.0.bias"", ""blocks.0.edge_mlp.2.weight"", ""blocks.0.edge_mlp.2.bias"", ""blocks.0.angle_mlp.0.weight"", ""blocks.0.angle_mlp.0.bias"", ""blocks.0.angle_mlp.2.weight"", ""blocks.0.angle_mlp.2.bias"", ""blocks.0.update.0.weight"", ""blocks.0.update.0.bias"", ""blocks.0.update.2.weight"", ""blocks.0.update.2.bias"", ""blocks.0.norm.weight"", ""blocks.0.norm.bias"", ""blocks.1.edge_mlp.0.weight"", ""blocks.1.edge_mlp.0.bias"", ""blocks.1.edge_mlp.2.weight"", ""blocks.1.edge_mlp.2.bias"", ""blocks.1.angle_mlp.0.weight"", ""blocks.1.angle_mlp.0.bias"", ""blocks.1.angle_mlp.2.weight"", ""blocks.1.angle_mlp.2.bias"", ""blocks.1.update.0.weight"", ""blocks.1.update.0.bias"", ""blocks.1.update.2.weight"", ""blocks.1.update.2.bias"", ""blocks.1.norm.weight"", ""blocks.1.norm.bias""]",0.2691783788613975,,True,,,820,resources,,,,,,torch.float32,,,,,,True,0.3210076030809432,0.04844761407002807,,0.010091061005368829,,,0.05182922421954572,mp-aaaaaaau,,[],0,,112,,,1,112,,,True,6216,1066.6953125,1066.6953125,,min_atoms,,,1,,,A,1066.6953125,,,valid,pass
,"[""local_input.weight"", ""local_input.bias"", ""local_output.weight"", ""local_output.bias"", ""blocks.0.tp.weight"", ""blocks.0.mix.weight"", ""blocks.0.radial_gate.0.weight"", ""blocks.0.radial_gate.0.bias"", ""blocks.0.radial_gate.2.weight"", ""blocks.0.radial_gate.2.bias"", ""blocks.0.update.0.weight"", ""blocks.0.update.0.bias"", ""blocks.0.update.2.weight"", ""blocks.0.update.2.bias"", ""blocks.0.norm.weight"", ""blocks.0.norm.bias"", ""blocks.0.direction_gate.weight"", ""blocks.0.direction_gate.bias"", ""blocks.1.tp.weight"", ""blocks.1.mix.weight"", ""blocks.1.radial_gate.0.weight"", ""blocks.1.radial_gate.0.bias"", ""blocks.1.radial_gate.2.weight"", ""blocks.1.radial_gate.2.bias"", ""blocks.1.update.0.weight"", ""blocks.1.update.0.bias"", ""blocks.1.update.2.weight"", ""blocks.1.update.2.bias"", ""blocks.1.norm.weight"", ""blocks.1.norm.bias""]",0.01424905494786799,,True,,,821,resources,,,,,,torch.float32,,,,,,True,0.02367709088139236,0.00865949597209692,,0.010091061005368829,,,0.00942803593352437,mp-aaaaaaau,,[],0,,112,,,1,112,,,True,6216,1066.6953125,1066.6953125,,min_atoms,,,2,,,B+,1066.6953125,,,valid,pass
,"[""local_input.weight"", ""local_input.bias"", ""local_output.weight"", ""local_output.bias"", ""blocks.0.edge_mlp.0.weight"", ""blocks.0.edge_mlp.0.bias"", ""blocks.0.edge_mlp.2.weight"", ""blocks.0.edge_mlp.2.bias"", ""blocks.0.angle_mlp.0.weight"", ""blocks.0.angle_mlp.0.bias"", ""blocks.0.angle_mlp.2.weight"", ""blocks.0.angle_mlp.2.bias"", ""blocks.0.update.0.weight"", ""blocks.0.update.0.bias"", ""blocks.0.update.2.weight"", ""blocks.0.update.2.bias"", ""blocks.0.norm.weight"", ""blocks.0.norm.bias"", ""blocks.1.edge_mlp.0.weight"", ""blocks.1.edge_mlp.0.bias"", ""blocks.1.edge_mlp.2.weight"", ""blocks.1.edge_mlp.2.bias"", ""blocks.1.angle_mlp.0.weight"", ""blocks.1.angle_mlp.0.bias"", ""blocks.1.angle_mlp.2.weight"", ""blocks.1.angle_mlp.2.bias"", ""blocks.1.update.0.weight"", ""blocks.1.update.0.bias"", ""blocks.1.update.2.weight"", ""blocks.1.update.2.bias"", ""blocks.1.norm.weight"", ""blocks.1.norm.bias""]",0.26856337091885507,,True,,,822,resources,,,,,,torch.float32,,,,,,True,0.31962299393489957,0.04850737703964114,,0.010091061005368829,,,0.0510596230160445,mp-aaaaaaau,,[],0,,112,,,1,112,,,True,6216,1066.6953125,1066.6953125,,min_atoms,,,2,,,A,1066.6953125,,,valid,pass
,"[""local_input.weight"", ""local_input.bias"", ""local_output.weight"", ""local_output.bias"", ""blocks.0.tp.weight"", ""blocks.0.mix.weight"", ""blocks.0.radial_gate.0.weight"", ""blocks.0.radial_gate.0.bias"", ""blocks.0.radial_gate.2.weight"", ""blocks.0.radial_gate.2.bias"", ""blocks.0.update.0.weight"", ""blocks.0.update.0.bias"", ""blocks.0.update.2.weight"", ""blocks.0.update.2.bias"", ""blocks.0.norm.weight"", ""blocks.0.norm.bias"", ""blocks.0.direction_gate.weight"", ""blocks.0.direction_gate.bias"", ""blocks.1.tp.weight"", ""blocks.1.mix.weight"", ""blocks.1.radial_gate.0.weight"", ""blocks.1.radial_gate.0.bias"", ""blocks.1.radial_gate.2.weight"", ""blocks.1.radial_gate.2.bias"", ""blocks.1.update.0.weight"", ""blocks.1.update.0.bias"", ""blocks.1.update.2.weight"", ""blocks.1.update.2.bias"", ""blocks.1.norm.weight"", ""blocks.1.norm.bias""]",0.011811770964413881,,True,,,823,resources,,,,,,torch.float32,,,,,,True,0.019900189014151692,0.007310312939807773,,0.010091061005368829,,,0.008088418049737811,mp-aaaaaaau,,[],0,,112,,,1,112,,,True,6216,1066.6953125,1066.6953125,,min_atoms,,,2,,,B,1066.6953125,,,valid,pass
,,,,,,,824,e3_direct,,4,,,,torch.float64,,,,2e-10,2e-10,,,,,,,,,mp-aaaaaaau,,,0,6.661338147750939e-16,112,2.4501360782781384e-06,,1,112,rotation_1,,,6216,,,,min_atoms,,,,,,B+,,,,valid,pass
,,,,,,,825,e3_direct,,4,,,,torch.float64,,,,2e-10,2e-10,,,,,,,,,mp-aaaaaaau,,,0,6.661338147750939e-16,112,1.6618247173313768e-06,,1,112,rotation_2,,,6216,,,,min_atoms,,,,,,B+,,,,valid,pass
,,,,,,,826,e3_direct,,4,,,,torch.float64,,,,2e-10,2e-10,,,,,,,,,mp-aaaaaaau,,,0,1.6543612251060553e-24,112,8.27180611095757e-15,,1,112,reflection,,,6216,,,,min_atoms,,,,,,B+,,,,valid,pass
,,,,,,,827,e3_direct,,4,,,,torch.float64,,,,2e-10,2e-10,,,,,,,,,mp-aaaaaaau,,,0,0.0,112,0.0,,1,112,inversion,,,6216,,,,min_atoms,,,,,,B+,,,,valid,pass
,,,,,,,828,e3_direct,,4,,,,torch.float64,,,,2e-10,2e-10,,,,,,,,,mp-aaaaaaau,,,0,6.661338147750939e-16,112,2.4501360782781384e-06,,1,112,improper_with_translation,,,6216,,,,min_atoms,,,,,,B+,,,,valid,pass
,,,,,0,0,829,e3_rebuilt,,4,,,,torch.float64,,,,2e-06,2e-06,,,,2.439396951103845e-08,,pass,2.220446049250313e-16,,mp-aaaaaaau,,,0,6.5504973112417986e-09,112,0.0024014013562216065,,1,112,translation,,,6216,,,,min_atoms,,,,,,B+,,,,valid,pass
,,,,,0,0,830,representation,,4,,,,torch.float64,,,,2e-06,2e-06,,,,0.0,,pass,0.0,,mp-aaaaaaau,,,0,0.0,112,0.0,,1,112,permutation,,,6216,,,,min_atoms,,,,,,B+,,,,valid,pass
,,,,,0,0,831,representation,,4,,,,torch.float64,,,,2e-06,2e-06,,,,0.0,,pass,0.0,,mp-aaaaaaau,,,0,0.0,112,0.0,,1,112,integer_images,,,6216,,,,min_atoms,,,,,,B+,,,,valid,pass
,,,,,0,0,832,representation,,4,,,,torch.float64,,,,2e-06,2e-06,,,,2.439397039921687e-08,,pass,8.881784197001252e-16,,mp-aaaaaaau,,,0,6.5504953683515055e-09,112,0.002401400643961275,,1,112,basis_swap,,,6216,,,,min_atoms,,,,,,B+,,,,valid,pass
,,,,,0,0,833,representation,,4,,,,torch.float64,,,,2e-06,2e-06,,,,8.881784197001252e-16,,pass,1.7763568394002505e-15,,mp-aaaaaaau,,,0,1.3322676295501878e-15,112,4.299949144016828e-10,,1,112,basis_shear,,,6216,,,,min_atoms,,,,,,B+,,,,valid,pass
,,,,,,,834,e3_direct,,4,,,,torch.float32,,,,2e-05,2e-05,,,,,,,,,mp-aaaaafae,,,171,4.76837158203125e-07,92,0.013411599211394787,,80,6976,rotation_1,,,301016,,,,max_atoms,,,,,,B+,,,,valid,pass
,,,,,,,835,e3_direct,,4,,,,torch.float32,,,,2e-05,2e-05,,,,,,,,,mp-aaaaafae,,,171,5.960464477539062e-07,92,0.014935552142560482,,80,6976,rotation_2,,,301016,,,,max_atoms,,,,,,B+,,,,valid,pass
,,,,,,,836,e3_direct,,4,,,,torch.float32,,,,2e-05,2e-05,,,,,,,,,mp-aaaaafae,,,171,0.0,92,0.0,,80,6976,reflection,,,301016,,,,max_atoms,,,,,,B+,,,,valid,pass
,,,,,,,837,e3_direct,,4,,,,torch.float32,,,,2e-05,2e-05,,,,,,,,,mp-aaaaafae,,,171,0.0,92,0.0,,80,6976,inversion,,,301016,,,,max_atoms,,,,,,B+,,,,valid,pass
,,,,,,,838,e3_direct,,4,,,,torch.float32,,,,2e-05,2e-05,,,,,,,,,mp-aaaaafae,,,171,4.76837158203125e-07,92,0.013411599211394787,,80,6976,improper_with_translation,,,301016,,,,max_atoms,,,,,,B+,,,,valid,pass
,,,,,0,0,839,e3_rebuilt,,4,,,,torch.float32,,,,0.0001,0.0001,,,,3.814697265625e-06,,pass,1.9073486328125e-06,,mp-aaaaafae,,,171,2.8014183044433594e-06,92,0.02507459931075573,,80,6976,translation,,,301016,,,,max_atoms,,,,,,B+,,,,valid,pass
,,,,,0,0,840,representation,,4,,,,torch.float32,,,,0.0001,0.0001,,,,0.0,,pass,0.0,,mp-aaaaafae,,,171,1.3113021850585938e-06,92,0.012372330762445927,,80,6976,permutation,,,301016,,,,max_atoms,,,,,,B+,,,,valid,pass
,,,,,0,0,841,representation,,4,,,,torch.float32,,,,0.0001,0.0001,,,,3.814697265625e-06,,pass,5.0067901611328125e-06,,mp-aaaaafae,,,171,1.8477439880371094e-06,92,0.017742816358804703,,80,6976,integer_images,,,301016,,,,max_atoms,,,,,,B+,,,,valid,pass
,,,,,0,0,842,representation,,4,,,,torch.float32,,,,0.0001,0.0001,,,,2.86102294921875e-06,,pass,1.430511474609375e-06,,mp-aaaaafae,,,171,2.8014183044433594e-06,92,0.024158161133527756,,80,6976,basis_swap,,,301016,,,,max_atoms,,,,,,B+,,,,valid,pass
,,,,,0,0,843,representation,,4,,,,torch.float32,,,,0.0001,0.0001,,,,1.9073486328125e-06,,pass,1.6689300537109375e-06,,mp-aaaaafae,,,171,2.6766210794448853e-06,92,0.02633928321301937,,80,6976,basis_shear,,,301016,,,,max_atoms,,,,,,B+,,,,valid,pass
,,,,,,,844,real_shared_e3,,4,,,,torch.float32,,,,2e-05,2e-05,,,,,,,,,mp-aaaaafae,,,171,5.960464477539062e-07,92,0.01921708509325981,,80,6976,rotation_1,,,301016,,,,max_atoms,,,,,,A,,,,valid,pass
,,,,,,,845,real_shared_e3,,4,,,,torch.float32,,,,2e-05,2e-05,,,,,,,,,mp-aaaaafae,,,171,7.152557373046875e-07,92,0.014151323586702347,,80,6976,rotation_1,,,301016,,,,max_atoms,,,,,,B,,,,valid,pass
,,,,,,,846,real_shared_e3,,4,,,,torch.float32,,,,2e-05,2e-05,,,,,,,,,mp-aaaaafae,,,171,4.76837158203125e-07,92,0.013411599211394787,,80,6976,rotation_1,,,301016,,,,max_atoms,,,,,,B+,,,,valid,pass
,,,,,,,847,high_order_invariant_e3,,,,,,torch.float32,,,,,,,,,,,,,,mp-aaaaafae,,,171,5.587935447692871e-09,92,,,80,6976,rotation_1,,,301016,,,,max_atoms,,,,,,B+,,,,valid,pass
,,,,,,,848,real_shared_e3,,4,,,,torch.float32,,,,2e-05,2e-05,,,,,,,,,mp-aaaaafae,,,171,0.0,92,0.0,,80,6976,reflection,,,301016,,,,max_atoms,,,,,,A,,,,valid,pass
,,,,,,,849,real_shared_e3,,4,,,,torch.float32,,,,2e-05,2e-05,,,,,,,,,mp-aaaaafae,,,171,0.0,92,0.0,,80,6976,reflection,,,301016,,,,max_atoms,,,,,,B,,,,valid,pass
,,,,,,,850,real_shared_e3,,4,,,,torch.float32,,,,2e-05,2e-05,,,,,,,,,mp-aaaaafae,,,171,0.0,92,0.0,,80,6976,reflection,,,301016,,,,max_atoms,,,,,,B+,,,,valid,pass
,,,,,,,851,high_order_invariant_e3,,,,,,torch.float32,,,,,,,,,,,,,,mp-aaaaafae,,,171,0.0,92,,,80,6976,reflection,,,301016,,,,max_atoms,,,,,,B+,,,,valid,pass
,,,122.34845733642578,,,,852,real_shear_response,,,,6,,torch.float32,6880,6976,,,,,,,,,,,,mp-aaaaafae,,,171,,92,,0.005774542689323425,80,6976,,,,301016,,,,max_atoms,,0.0010092202649757674,,,,A,,,,valid,pass
,,,111.54622650146484,,,,853,real_shear_response,,,,6,,torch.float32,6880,6976,,,,,,,,,,,,mp-aaaaafae,,,171,,92,,0.013741634786128998,80,6976,,,,301016,,,,max_atoms,,0.002800989411369051,,,,B,,,,valid,pass
,,,111.54519653320312,,,,854,real_shear_response,,,,6,,torch.float32,6880,6976,,,,,,,,,,,,mp-aaaaafae,,,171,,92,,0.01373443752527237,80,6976,,,,301016,,,,max_atoms,,0.0028010069922085857,,,,B+,,,,valid,pass
,"[""local_input.weight"", ""local_input.bias"", ""local_output.weight"", ""local_output.bias"", ""blocks.0.edge_mlp.0.weight"", ""blocks.0.edge_mlp.0.bias"", ""blocks.0.edge_mlp.2.weight"", ""blocks.0.edge_mlp.2.bias"", ""blocks.0.angle_mlp.0.weight"", ""blocks.0.angle_mlp.0.bias"", ""blocks.0.angle_mlp.2.weight"", ""blocks.0.angle_mlp.2.bias"", ""blocks.0.update.0.weight"", ""blocks.0.update.0.bias"", ""blocks.0.update.2.weight"", ""blocks.0.update.2.bias"", ""blocks.0.norm.weight"", ""blocks.0.norm.bias"", ""blocks.1.edge_mlp.0.weight"", ""blocks.1.edge_mlp.0.bias"", ""blocks.1.edge_mlp.2.weight"", ""blocks.1.edge_mlp.2.bias"", ""blocks.1.angle_mlp.0.weight"", ""blocks.1.angle_mlp.0.bias"", ""blocks.1.angle_mlp.2.weight"", ""blocks.1.angle_mlp.2.bias"", ""blocks.1.update.0.weight"", ""blocks.1.update.0.bias"", ""blocks.1.update.2.weight"", ""blocks.1.update.2.bias"", ""blocks.1.norm.weight"", ""blocks.1.norm.bias""]",11.315844574011862,,True,,,855,resources,,,,,,torch.float32,,,,,,True,13.642418432980776,1.8659518060740083,,0.02597814192995429,,,2.3265738589689136,mp-aaaaafae,,[],171,,92,,,80,6976,,,True,301016,1066.6953125,1066.6953125,,max_atoms,,,0,,,A,1066.6953125,,,valid,pass
,"[""local_input.weight"", ""local_input.bias"", ""local_output.weight"", ""local_output.bias"", ""blocks.0.tp.weight"", ""blocks.0.mix.weight"", ""blocks.0.radial_gate.0.weight"", ""blocks.0.radial_gate.0.bias"", ""blocks.0.radial_gate.2.weight"", ""blocks.0.radial_gate.2.bias"", ""blocks.0.update.0.weight"", ""blocks.0.update.0.bias"", ""blocks.0.update.2.weight"", ""blocks.0.update.2.bias"", ""blocks.0.norm.weight"", ""blocks.0.norm.bias"", ""blocks.0.direction_gate.weight"", ""blocks.0.direction_gate.bias"", ""blocks.1.tp.weight"", ""blocks.1.mix.weight"", ""blocks.1.radial_gate.0.weight"", ""blocks.1.radial_gate.0.bias"", ""blocks.1.radial_gate.2.weight"", ""blocks.1.radial_gate.2.bias"", ""blocks.1.update.0.weight"", ""blocks.1.update.0.bias"", ""blocks.1.update.2.weight"", ""blocks.1.update.2.bias"", ""blocks.1.norm.weight"", ""blocks.1.norm.bias""]",0.12378966086544096,,True,,,856,resources,,,,,,torch.float32,,,,,,True,0.19344727485440671,0.06531091220676899,,0.02597814192995429,,,0.06965761398896575,mp-aaaaafae,,[],171,,92,,,80,6976,,,True,301016,1066.6953125,1066.6953125,,max_atoms,,,0,,,B,1066.6953125,,,valid,pass
,"[""local_input.weight"", ""local_input.bias"", ""local_output.weight"", ""local_output.bias"", ""blocks.0.tp.weight"", ""blocks.0.mix.weight"", ""blocks.0.radial_gate.0.weight"", ""blocks.0.radial_gate.0.bias"", ""blocks.0.radial_gate.2.weight"", ""blocks.0.radial_gate.2.bias"", ""blocks.0.update.0.weight"", ""blocks.0.update.0.bias"", ""blocks.0.update.2.weight"", ""blocks.0.update.2.bias"", ""blocks.0.norm.weight"", ""blocks.0.norm.bias"", ""blocks.0.direction_gate.weight"", ""blocks.0.direction_gate.bias"", ""blocks.1.tp.weight"", ""blocks.1.mix.weight"", ""blocks.1.radial_gate.0.weight"", ""blocks.1.radial_gate.0.bias"", ""blocks.1.radial_gate.2.weight"", ""blocks.1.radial_gate.2.bias"", ""blocks.1.update.0.weight"", ""blocks.1.update.0.bias"", ""blocks.1.update.2.weight"", ""blocks.1.update.2.bias"", ""blocks.1.norm.weight"", ""blocks.1.norm.bias""]",0.1299242600798607,,True,,,857,resources,,,,,,torch.float32,,,,,,True,0.20718308514915407,0.07180474395863712,,0.02597814192995429,,,0.07725882506929338,mp-aaaaafae,,[],171,,92,,,80,6976,,,True,301016,1066.6953125,1066.6953125,,max_atoms,,,0,,,B+,1066.6953125,,,valid,pass
,"[""local_input.weight"", ""local_input.bias"", ""local_output.weight"", ""local_output.bias"", ""blocks.0.tp.weight"", ""blocks.0.mix.weight"", ""blocks.0.radial_gate.0.weight"", ""blocks.0.radial_gate.0.bias"", ""blocks.0.radial_gate.2.weight"", ""blocks.0.radial_gate.2.bias"", ""blocks.0.update.0.weight"", ""blocks.0.update.0.bias"", ""blocks.0.update.2.weight"", ""blocks.0.update.2.bias"", ""blocks.0.norm.weight"", ""blocks.0.norm.bias"", ""blocks.0.direction_gate.weight"", ""blocks.0.direction_gate.bias"", ""blocks.1.tp.weight"", ""blocks.1.mix.weight"", ""blocks.1.radial_gate.0.weight"", ""blocks.1.radial_gate.0.bias"", ""blocks.1.radial_gate.2.weight"", ""blocks.1.radial_gate.2.bias"", ""blocks.1.update.0.weight"", ""blocks.1.update.0.bias"", ""blocks.1.update.2.weight"", ""blocks.1.update.2.bias"", ""blocks.1.norm.weight"", ""blocks.1.norm.bias""]",0.12546995794400573,,True,,,858,resources,,,,,,torch.float32,,,,,,True,0.19595961994491518,0.06628493801690638,,0.02597814192995429,,,0.07048966200090945,mp-aaaaafae,,[],171,,92,,,80,6976,,,True,301016,1066.6953125,1066.6953125,,max_atoms,,,1,,,B,1066.6953125,,,valid,pass
,"[""local_input.weight"", ""local_input.bias"", ""local_output.weight"", ""local_output.bias"", ""blocks.0.tp.weight"", ""blocks.0.mix.weight"", ""blocks.0.radial_gate.0.weight"", ""blocks.0.radial_gate.0.bias"", ""blocks.0.radial_gate.2.weight"", ""blocks.0.radial_gate.2.bias"", ""blocks.0.update.0.weight"", ""blocks.0.update.0.bias"", ""blocks.0.update.2.weight"", ""blocks.0.update.2.bias"", ""blocks.0.norm.weight"", ""blocks.0.norm.bias"", ""blocks.0.direction_gate.weight"", ""blocks.0.direction_gate.bias"", ""blocks.1.tp.weight"", ""blocks.1.mix.weight"", ""blocks.1.radial_gate.0.weight"", ""blocks.1.radial_gate.0.bias"", ""blocks.1.radial_gate.2.weight"", ""blocks.1.radial_gate.2.bias"", ""blocks.1.update.0.weight"", ""blocks.1.update.0.bias"", ""blocks.1.update.2.weight"", ""blocks.1.update.2.bias"", ""blocks.1.norm.weight"", ""blocks.1.norm.bias""]",0.12921187607571483,,True,,,859,resources,,,,,,torch.float32,,,,,,True,0.20544275897555053,0.07296231621876359,,0.02597814192995429,,,0.0762308828998357,mp-aaaaafae,,[],171,,92,,,80,6976,,,True,301016,1066.6953125,1066.6953125,,max_atoms,,,1,,,B+,1066.6953125,,,valid,pass
,"[""local_input.weight"", ""local_input.bias"", ""local_output.weight"", ""local_output.bias"", ""blocks.0.edge_mlp.0.weight"", ""blocks.0.edge_mlp.0.bias"", ""blocks.0.edge_mlp.2.weight"", ""blocks.0.edge_mlp.2.bias"", ""blocks.0.angle_mlp.0.weight"", ""blocks.0.angle_mlp.0.bias"", ""blocks.0.angle_mlp.2.weight"", ""blocks.0.angle_mlp.2.bias"", ""blocks.0.update.0.weight"", ""blocks.0.update.0.bias"", ""blocks.0.update.2.weight"", ""blocks.0.update.2.bias"", ""blocks.0.norm.weight"", ""blocks.0.norm.bias"", ""blocks.1.edge_mlp.0.weight"", ""blocks.1.edge_mlp.0.bias"", ""blocks.1.edge_mlp.2.weight"", ""blocks.1.edge_mlp.2.bias"", ""blocks.1.angle_mlp.0.weight"", ""blocks.1.angle_mlp.0.bias"", ""blocks.1.angle_mlp.2.weight"", ""blocks.1.angle_mlp.2.bias"", ""blocks.1.update.0.weight"", ""blocks.1.update.0.bias"", ""blocks.1.update.2.weight"", ""blocks.1.update.2.bias"", ""blocks.1.norm.weight"", ""blocks.1.norm.bias""]",11.492488594027236,,True,,,860,resources,,,,,,torch.float32,,,,,,True,13.796431094873697,2.099522361997515,,0.02597814192995429,,,2.3039425008464605,mp-aaaaafae,,[],171,,92,,,80,6976,,,True,301016,1066.6953125,1066.6953125,,max_atoms,,,1,,,A,1066.6953125,,,valid,pass
,"[""local_input.weight"", ""local_input.bias"", ""local_output.weight"", ""local_output.bias"", ""blocks.0.tp.weight"", ""blocks.0.mix.weight"", ""blocks.0.radial_gate.0.weight"", ""blocks.0.radial_gate.0.bias"", ""blocks.0.radial_gate.2.weight"", ""blocks.0.radial_gate.2.bias"", ""blocks.0.update.0.weight"", ""blocks.0.update.0.bias"", ""blocks.0.update.2.weight"", ""blocks.0.update.2.bias"", ""blocks.0.norm.weight"", ""blocks.0.norm.bias"", ""blocks.0.direction_gate.weight"", ""blocks.0.direction_gate.bias"", ""blocks.1.tp.weight"", ""blocks.1.mix.weight"", ""blocks.1.radial_gate.0.weight"", ""blocks.1.radial_gate.0.bias"", ""blocks.1.radial_gate.2.weight"", ""blocks.1.radial_gate.2.bias"", ""blocks.1.update.0.weight"", ""blocks.1.update.0.bias"", ""blocks.1.update.2.weight"", ""blocks.1.update.2.bias"", ""blocks.1.norm.weight"", ""blocks.1.norm.bias""]",0.1358378150034696,,True,,,861,resources,,,,,,torch.float32,,,,,,True,0.21467452589422464,0.07378145097754896,,0.02597814192995429,,,0.07883671089075506,mp-aaaaafae,,[],171,,92,,,80,6976,,,True,301016,1066.6953125,1066.6953125,,max_atoms,,,2,,,B+,1066.6953125,,,valid,pass
,"[""local_input.weight"", ""local_input.bias"", ""local_output.weight"", ""local_output.bias"", ""blocks.0.edge_mlp.0.weight"", ""blocks.0.edge_mlp.0.bias"", ""blocks.0.edge_mlp.2.weight"", ""blocks.0.edge_mlp.2.bias"", ""blocks.0.angle_mlp.0.weight"", ""blocks.0.angle_mlp.0.bias"", ""blocks.0.angle_mlp.2.weight"", ""blocks.0.angle_mlp.2.bias"", ""blocks.0.update.0.weight"", ""blocks.0.update.0.bias"", ""blocks.0.update.2.weight"", ""blocks.0.update.2.bias"", ""blocks.0.norm.weight"", ""blocks.0.norm.bias"", ""blocks.1.edge_mlp.0.weight"", ""blocks.1.edge_mlp.0.bias"", ""blocks.1.edge_mlp.2.weight"", ""blocks.1.edge_mlp.2.bias"", ""blocks.1.angle_mlp.0.weight"", ""blocks.1.angle_mlp.0.bias"", ""blocks.1.angle_mlp.2.weight"", ""blocks.1.angle_mlp.2.bias"", ""blocks.1.update.0.weight"", ""blocks.1.update.0.bias"", ""blocks.1.update.2.weight"", ""blocks.1.update.2.bias"", ""blocks.1.norm.weight"", ""blocks.1.norm.bias""]",11.471383191877976,,True,,,862,resources,,,,,,torch.float32,,,,,,True,13.791874681832269,2.12342138402164,,0.02597814192995429,,,2.3204914899542928,mp-aaaaafae,,[],171,,92,,,80,6976,,,True,301016,1066.6953125,1066.6953125,,max_atoms,,,2,,,A,1066.6953125,,,valid,pass
,"[""local_input.weight"", ""local_input.bias"", ""local_output.weight"", ""local_output.bias"", ""blocks.0.tp.weight"", ""blocks.0.mix.weight"", ""blocks.0.radial_gate.0.weight"", ""blocks.0.radial_gate.0.bias"", ""blocks.0.radial_gate.2.weight"", ""blocks.0.radial_gate.2.bias"", ""blocks.0.update.0.weight"", ""blocks.0.update.0.bias"", ""blocks.0.update.2.weight"", ""blocks.0.update.2.bias"", ""blocks.0.norm.weight"", ""blocks.0.norm.bias"", ""blocks.0.direction_gate.weight"", ""blocks.0.direction_gate.bias"", ""blocks.1.tp.weight"", ""blocks.1.mix.weight"", ""blocks.1.radial_gate.0.weight"", ""blocks.1.radial_gate.0.bias"", ""blocks.1.radial_gate.2.weight"", ""blocks.1.radial_gate.2.bias"", ""blocks.1.update.0.weight"", ""blocks.1.update.0.bias"", ""blocks.1.update.2.weight"", ""blocks.1.update.2.bias"", ""blocks.1.norm.weight"", ""blocks.1.norm.bias""]",0.12622444611042738,,True,,,863,resources,,,,,,torch.float32,,,,,,True,0.19760398706421256,0.06768902693875134,,0.02597814192995429,,,0.07137954095378518,mp-aaaaafae,,[],171,,92,,,80,6976,,,True,301016,1066.6953125,1066.6953125,,max_atoms,,,2,,,B,1066.6953125,,,valid,pass
,,,,,,,864,e3_direct,,4,,,,torch.float64,,,,2e-10,2e-10,,,,,,,,,mp-aaaaafae,,,171,1.1102230246251565e-15,92,3.520834517177397e-06,,80,6976,rotation_1,,,301016,,,,max_atoms,,,,,,B+,,,,valid,pass
,,,,,,,865,e3_direct,,4,,,,torch.float64,,,,2e-10,2e-10,,,,,,,,,mp-aaaaafae,,,171,1.1102230246251565e-15,92,2.697575601452041e-06,,80,6976,rotation_2,,,301016,,,,max_atoms,,,,,,B+,,,,valid,pass
,,,,,,,866,e3_direct,,4,,,,torch.float64,,,,2e-10,2e-10,,,,,,,,,mp-aaaaafae,,,171,1.3183898417423734e-16,92,6.350073387817765e-07,,80,6976,reflection,,,301016,,,,max_atoms,,,,,,B+,,,,valid,pass
,,,,,,,867,e3_direct,,4,,,,torch.float64,,,,2e-10,2e-10,,,,,,,,,mp-aaaaafae,,,171,0.0,92,0.0,,80,6976,inversion,,,301016,,,,max_atoms,,,,,,B+,,,,valid,pass
,,,,,,,868,e3_direct,,4,,,,torch.float64,,,,2e-10,2e-10,,,,,,,,,mp-aaaaafae,,,171,1.1102230246251565e-15,92,3.520834517177397e-06,,80,6976,improper_with_translation,,,301016,,,,max_atoms,,,,,,B+,,,,valid,pass
,,,,,0,0,869,e3_rebuilt,,4,,,,torch.float64,,,,2e-06,2e-06,,,,3.138096271726454e-08,,pass,4.440892098500626e-15,,mp-aaaaafae,,,171,8.532985762421674e-09,92,0.0034793285100724407,,80,6976,translation,,,301016,,,,max_atoms,,,,,,B+,,,,valid,pass
,,,,,0,0,870,representation,,4,,,,torch.float64,,,,2e-06,2e-06,,,,0.0,,pass,0.0,,mp-aaaaafae,,,171,2.463307335887066e-15,92,1.2120102756434327e-09,,80,6976,permutation,,,301016,,,,max_atoms,,,,,,B+,,,,valid,pass
,,,,,0,0,871,representation,,4,,,,torch.float64,,,,2e-06,2e-06,,,,1.7763568394002505e-15,,pass,1.7763568394002505e-15,,mp-aaaaafae,,,171,1.4432899320127035e-15,92,5.796432857991235e-10,,80,6976,integer_images,,,301016,,,,max_atoms,,,,,,B+,,,,valid,pass
,,,,,0,0,872,representation,,4,,,,torch.float64,,,,2e-06,2e-06,,,,3.138096182908612e-08,,pass,1.7763568394002505e-15,,mp-aaaaafae,,,171,8.532985318332464e-09,92,0.0034793277850641135,,80,6976,basis_swap,,,301016,,,,max_atoms,,,,,,B+,,,,valid,pass
,,,,,0,0,873,representation,,4,,,,torch.float64,,,,2e-06,2e-06,,,,3.552713678800501e-15,,pass,2.6645352591003757e-15,,mp-aaaaafae,,,171,4.3298697960381105e-15,92,2.1304068541566406e-09,,80,6976,basis_shear,,,301016,,,,max_atoms,,,,,,B+,,,,valid,pass
,,,,,,,874,e3_direct,,4,,,,torch.float32,,,,2e-05,2e-05,,,,,,,,,mp-aaacpndw,,,1999,3.541786952609982e-08,26,0.001770893344655633,,4,104,rotation_1,,,1300,,,,pairs_quantile_0.1,,,,,,B+,,,,valid,pass
,,,,,,,875,e3_direct,,4,,,,torch.float32,,,,2e-05,2e-05,,,,,,,,,mp-aaacpndw,,,1999,1.1920928955078125e-07,26,0.00448290491476655,,4,104,rotation_2,,,1300,,,,pairs_quantile_0.1,,,,,,B+,,,,valid,pass
,,,,,,,876,e3_direct,,4,,,,torch.float32,,,,2e-05,2e-05,,,,,,,,,mp-aaacpndw,,,1999,0.0,26,0.0,,4,104,reflection,,,1300,,,,pairs_quantile_0.1,,,,,,B+,,,,valid,pass
,,,,,,,877,e3_direct,,4,,,,torch.float32,,,,2e-05,2e-05,,,,,,,,,mp-aaacpndw,,,1999,0.0,26,0.0,,4,104,inversion,,,1300,,,,pairs_quantile_0.1,,,,,,B+,,,,valid,pass
,,,,,,,878,e3_direct,,4,,,,torch.float32,,,,2e-05,2e-05,,,,,,,,,mp-aaacpndw,,,1999,3.541786952609982e-08,26,0.001770893344655633,,4,104,improper_with_translation,,,1300,,,,pairs_quantile_0.1,,,,,,B+,,,,valid,pass
,,,,,0,0,879,e3_rebuilt,,4,,,,torch.float32,,,,0.0001,0.0001,,,,2.384185791015625e-07,,pass,2.384185791015625e-07,,mp-aaacpndw,,,1999,5.960464477539062e-07,26,0.0032752221450209618,,4,104,translation,,,1300,,,,pairs_quantile_0.1,,,,,,B+,,,,valid,pass
,,,,,0,0,880,representation,,4,,,,torch.float32,,,,0.0001,0.0001,,,,0.0,,pass,0.0,,mp-aaacpndw,,,1999,7.152557373046875e-07,26,0.0032752221450209618,,4,104,permutation,,,1300,,,,pairs_quantile_0.1,,,,,,B+,,,,valid,pass
,,,,,0,0,881,representation,,4,,,,torch.float32,,,,0.0001,0.0001,,,,0.0,,pass,0.0,,mp-aaacpndw,,,1999,4.76837158203125e-07,26,0.0026269040536135435,,4,104,integer_images,,,1300,,,,pairs_quantile_0.1,,,,,,B+,,,,valid,pass
,,,,,0,0,882,representation,,4,,,,torch.float32,,,,0.0001,0.0001,,,,4.76837158203125e-07,,pass,2.384185791015625e-07,,mp-aaacpndw,,,1999,5.27758629687014e-07,26,0.0052775852382183075,,4,104,basis_swap,,,1300,,,,pairs_quantile_0.1,,,,,,B+,,,,valid,pass
,,,,,0,0,883,representation,,4,,,,torch.float32,,,,0.0001,0.0001,,,,4.76837158203125e-07,,pass,4.76837158203125e-07,,mp-aaacpndw,,,1999,7.152557373046875e-07,26,0.0038792204577475786,,4,104,basis_shear,,,1300,,,,pairs_quantile_0.1,,,,,,B+,,,,valid,pass
,,,,,,,884,real_shared_e3,,4,,,,torch.float32,,,,2e-05,2e-05,,,,,,,,,mp-aaacpndw,,,1999,4.76837158203125e-07,26,0.013250444084405899,,4,104,rotation_1,,,1300,,,,pairs_quantile_0.1,,,,,,A,,,,valid,pass
,,,,,,,885,real_shared_e3,,4,,,,torch.float32,,,,2e-05,2e-05,,,,,,,,,mp-aaacpndw,,,1999,2.884562988469952e-08,26,0.0014422815293073654,,4,104,rotation_1,,,1300,,,,pairs_quantile_0.1,,,,,,B,,,,valid,pass
,,,,,,,886,real_shared_e3,,4,,,,torch.float32,,,,2e-05,2e-05,,,,,,,,,mp-aaacpndw,,,1999,3.541786952609982e-08,26,0.001770893344655633,,4,104,rotation_1,,,1300,,,,pairs_quantile_0.1,,,,,,B+,,,,valid,pass
,,,,,,,887,high_order_invariant_e3,,,,,,torch.float32,,,,,,,,,,,,,,mp-aaacpndw,,,1999,2.3283064365386963e-09,26,,,4,104,rotation_1,,,1300,,,,pairs_quantile_0.1,,,,,,B+,,,,valid,pass
,,,,,,,888,real_shared_e3,,4,,,,torch.float32,,,,2e-05,2e-05,,,,,,,,,mp-aaacpndw,,,1999,0.0,26,0.0,,4,104,reflection,,,1300,,,,pairs_quantile_0.1,,,,,,A,,,,valid,pass
,,,,,,,889,real_shared_e3,,4,,,,torch.float32,,,,2e-05,2e-05,,,,,,,,,mp-aaacpndw,,,1999,0.0,26,0.0,,4,104,reflection,,,1300,,,,pairs_quantile_0.1,,,,,,B,,,,valid,pass
,,,,,,,890,real_shared_e3,,4,,,,torch.float32,,,,2e-05,2e-05,,,,,,,,,mp-aaacpndw,,,1999,0.0,26,0.0,,4,104,reflection,,,1300,,,,pairs_quantile_0.1,,,,,,B+,,,,valid,pass
,,,,,,,891,high_order_invariant_e3,,,,,,torch.float32,,,,,,,,,,,,,,mp-aaacpndw,,,1999,0.0,26,,,4,104,reflection,,,1300,,,,pairs_quantile_0.1,,,,,,B+,,,,valid,pass
,,,26.36930274963379,,,,892,real_shear_response,,,,0,,torch.float32,104,104,,,,,,,,,,,,mp-aaacpndw,,,1999,,26,,1.33514404296875e-05,4,104,,,,1300,,,,pairs_quantile_0.1,,6.825110928735207e-06,,,,A,,,,valid,pass
,,,26.60601043701172,,,,893,real_shear_response,,,,0,,torch.float32,104,104,,,,,,,,,,,,mp-aaacpndw,,,1999,,26,,5.7220458984375e-05,4,104,,,,1300,,,,pairs_quantile_0.1,,2.2266130208869504e-05,,,,B,,,,valid,pass
,,,26.60604476928711,,,,894,real_shear_response,,,,0,,torch.float32,104,104,,,,,,,,,,,,mp-aaacpndw,,,1999,,26,,5.7131052017211914e-05,4,104,,,,1300,,,,pairs_quantile_0.1,,2.2274760633909093e-05,,,,B+,,,,valid,pass
,"[""local_input.weight"", ""local_input.bias"", ""local_output.weight"", ""local_output.bias"", ""blocks.0.edge_mlp.0.weight"", ""blocks.0.edge_mlp.0.bias"", ""blocks.0.edge_mlp.2.weight"", ""blocks.0.edge_mlp.2.bias"", ""blocks.0.angle_mlp.0.weight"", ""blocks.0.angle_mlp.0.bias"", ""blocks.0.angle_mlp.2.weight"", ""blocks.0.angle_mlp.2.bias"", ""blocks.0.update.0.weight"", ""blocks.0.update.0.bias"", ""blocks.0.update.2.weight"", ""blocks.0.update.2.bias"", ""blocks.0.norm.weight"", ""blocks.0.norm.bias"", ""blocks.1.edge_mlp.0.weight"", ""blocks.1.edge_mlp.0.bias"", ""blocks.1.edge_mlp.2.weight"", ""blocks.1.edge_mlp.2.bias"", ""blocks.1.angle_mlp.0.weight"", ""blocks.1.angle_mlp.0.bias"", ""blocks.1.angle_mlp.2.weight"", ""blocks.1.angle_mlp.2.bias"", ""blocks.1.update.0.weight"", ""blocks.1.update.0.bias"", ""blocks.1.update.2.weight"", ""blocks.1.update.2.bias"", ""blocks.1.norm.weight"", ""blocks.1.norm.bias""]",0.07191014289855957,,True,,,895,resources,,,,,,torch.float32,,,,,,True,0.09249723888933659,0.014861423056572676,,0.005780674982815981,,,0.020587095990777016,mp-aaacpndw,,[],1999,,26,,,4,104,,,True,1300,1066.6953125,1066.6953125,,pairs_quantile_0.1,,,0,,,A,1066.6953125,,,valid,pass
,"[""local_input.weight"", ""local_input.bias"", ""local_output.weight"", ""local_output.bias"", ""blocks.0.tp.weight"", ""blocks.0.mix.weight"", ""blocks.0.radial_gate.0.weight"", ""blocks.0.radial_gate.0.bias"", ""blocks.0.radial_gate.2.weight"", ""blocks.0.radial_gate.2.bias"", ""blocks.0.update.0.weight"", ""blocks.0.update.0.bias"", ""blocks.0.update.2.weight"", ""blocks.0.update.2.bias"", ""blocks.0.norm.weight"", ""blocks.0.norm.bias"", ""blocks.0.direction_gate.weight"", ""blocks.0.direction_gate.bias"", ""blocks.1.tp.weight"", ""blocks.1.mix.weight"", ""blocks.1.radial_gate.0.weight"", ""blocks.1.radial_gate.0.bias"", ""blocks.1.radial_gate.2.weight"", ""blocks.1.radial_gate.2.bias"", ""blocks.1.update.0.weight"", ""blocks.1.update.0.bias"", ""blocks.1.update.2.weight"", ""blocks.1.update.2.bias"", ""blocks.1.norm.weight"", ""blocks.1.norm.bias""]",0.011777325067669153,,True,,,896,resources,,,,,,torch.float32,,,,,,True,0.019619195023551583,0.006710623158141971,,0.005780674982815981,,,0.00784186995588243,mp-aaacpndw,,[],1999,,26,,,4,104,,,True,1300,1066.6953125,1066.6953125,,pairs_quantile_0.1,,,0,,,B,1066.6953125,,,valid,pass
,"[""local_input.weight"", ""local_input.bias"", ""local_output.weight"", ""local_output.bias"", ""blocks.0.tp.weight"", ""blocks.0.mix.weight"", ""blocks.0.radial_gate.0.weight"", ""blocks.0.radial_gate.0.bias"", ""blocks.0.radial_gate.2.weight"", ""blocks.0.radial_gate.2.bias"", ""blocks.0.update.0.weight"", ""blocks.0.update.0.bias"", ""blocks.0.update.2.weight"", ""blocks.0.update.2.bias"", ""blocks.0.norm.weight"", ""blocks.0.norm.bias"", ""blocks.0.direction_gate.weight"", ""blocks.0.direction_gate.bias"", ""blocks.1.tp.weight"", ""blocks.1.mix.weight"", ""blocks.1.radial_gate.0.weight"", ""blocks.1.radial_gate.0.bias"", ""blocks.1.radial_gate.2.weight"", ""blocks.1.radial_gate.2.bias"", ""blocks.1.update.0.weight"", ""blocks.1.update.0.bias"", ""blocks.1.update.2.weight"", ""blocks.1.update.2.bias"", ""blocks.1.norm.weight"", ""blocks.1.norm.bias""]",0.012679786188527942,,True,,,897,resources,,,,,,torch.float32,,,,,,True,0.021815353073179722,0.0080764249432832,,0.005780674982815981,,,0.00913556688465178,mp-aaacpndw,,[],1999,,26,,,4,104,,,True,1300,1066.6953125,1066.6953125,,pairs_quantile_0.1,,,0,,,B+,1066.6953125,,,valid,pass
,"[""local_input.weight"", ""local_input.bias"", ""local_output.weight"", ""local_output.bias"", ""blocks.0.tp.weight"", ""blocks.0.mix.weight"", ""blocks.0.radial_gate.0.weight"", ""blocks.0.radial_gate.0.bias"", ""blocks.0.radial_gate.2.weight"", ""blocks.0.radial_gate.2.bias"", ""blocks.0.update.0.weight"", ""blocks.0.update.0.bias"", ""blocks.0.update.2.weight"", ""blocks.0.update.2.bias"", ""blocks.0.norm.weight"", ""blocks.0.norm.bias"", ""blocks.0.direction_gate.weight"", ""blocks.0.direction_gate.bias"", ""blocks.1.tp.weight"", ""blocks.1.mix.weight"", ""blocks.1.radial_gate.0.weight"", ""blocks.1.radial_gate.0.bias"", ""blocks.1.radial_gate.2.weight"", ""blocks.1.radial_gate.2.bias"", ""blocks.1.update.0.weight"", ""blocks.1.update.0.bias"", ""blocks.1.update.2.weight"", ""blocks.1.update.2.bias"", ""blocks.1.norm.weight"", ""blocks.1.norm.bias""]",0.011693835956975818,,True,,,898,resources,,,,,,torch.float32,,,,,,True,0.01927930605597794,0.006671797949820757,,0.005780674982815981,,,0.007585470099002123,mp-aaacpndw,,[],1999,,26,,,4,104,,,True,1300,1066.6953125,1066.6953125,,pairs_quantile_0.1,,,1,,,B,1066.6953125,,,valid,pass
,"[""local_input.weight"", ""local_input.bias"", ""local_output.weight"", ""local_output.bias"", ""blocks.0.tp.weight"", ""blocks.0.mix.weight"", ""blocks.0.radial_gate.0.weight"", ""blocks.0.radial_gate.0.bias"", ""blocks.0.radial_gate.2.weight"", ""blocks.0.radial_gate.2.bias"", ""blocks.0.update.0.weight"", ""blocks.0.update.0.bias"", ""blocks.0.update.2.weight"", ""blocks.0.update.2.bias"", ""blocks.0.norm.weight"", ""blocks.0.norm.bias"", ""blocks.0.direction_gate.weight"", ""blocks.0.direction_gate.bias"", ""blocks.1.tp.weight"", ""blocks.1.mix.weight"", ""blocks.1.radial_gate.0.weight"", ""blocks.1.radial_gate.0.bias"", ""blocks.1.radial_gate.2.weight"", ""blocks.1.radial_gate.2.bias"", ""blocks.1.update.0.weight"", ""blocks.1.update.0.bias"", ""blocks.1.update.2.weight"", ""blocks.1.update.2.bias"", ""blocks.1.norm.weight"", ""blocks.1.norm.bias""]",0.01270639500580728,,True,,,899,resources,,,,,,torch.float32,,,,,,True,0.02187763899564743,0.008023387053981423,,0.005780674982815981,,,0.00917124398984015,mp-aaacpndw,,[],1999,,26,,,4,104,,,True,1300,1066.6953125,1066.6953125,,pairs_quantile_0.1,,,1,,,B+,1066.6953125,,,valid,pass
,"[""local_input.weight"", ""local_input.bias"", ""local_output.weight"", ""local_output.bias"", ""blocks.0.edge_mlp.0.weight"", ""blocks.0.edge_mlp.0.bias"", ""blocks.0.edge_mlp.2.weight"", ""blocks.0.edge_mlp.2.bias"", ""blocks.0.angle_mlp.0.weight"", ""blocks.0.angle_mlp.0.bias"", ""blocks.0.angle_mlp.2.weight"", ""blocks.0.angle_mlp.2.bias"", ""blocks.0.update.0.weight"", ""blocks.0.update.0.bias"", ""blocks.0.update.2.weight"", ""blocks.0.update.2.bias"", ""blocks.0.norm.weight"", ""blocks.0.norm.bias"", ""blocks.1.edge_mlp.0.weight"", ""blocks.1.edge_mlp.0.bias"", ""blocks.1.edge_mlp.2.weight"", ""blocks.1.edge_mlp.2.bias"", ""blocks.1.angle_mlp.0.weight"", ""blocks.1.angle_mlp.0.bias"", ""blocks.1.angle_mlp.2.weight"", ""blocks.1.angle_mlp.2.bias"", ""blocks.1.update.0.weight"", ""blocks.1.update.0.bias"", ""blocks.1.update.2.weight"", ""blocks.1.update.2.bias"", ""blocks.1.norm.weight"", ""blocks.1.norm.bias""]",0.07221880904398859,,True,,,900,resources,,,,,,torch.float32,,,,,,True,0.09235921921208501,0.014680448919534683,,0.005780674982815981,,,0.020140410168096423,mp-aaacpndw,,[],1999,,26,,,4,104,,,True,1300,1066.6953125,1066.6953125,,pairs_quantile_0.1,,,1,,,A,1066.6953125,,,valid,pass
,"[""local_input.weight"", ""local_input.bias"", ""local_output.weight"", ""local_output.bias"", ""blocks.0.tp.weight"", ""blocks.0.mix.weight"", ""blocks.0.radial_gate.0.weight"", ""blocks.0.radial_gate.0.bias"", ""blocks.0.radial_gate.2.weight"", ""blocks.0.radial_gate.2.bias"", ""blocks.0.update.0.weight"", ""blocks.0.update.0.bias"", ""blocks.0.update.2.weight"", ""blocks.0.update.2.bias"", ""blocks.0.norm.weight"", ""blocks.0.norm.bias"", ""blocks.0.direction_gate.weight"", ""blocks.0.direction_gate.bias"", ""blocks.1.tp.weight"", ""blocks.1.mix.weight"", ""blocks.1.radial_gate.0.weight"", ""blocks.1.radial_gate.0.bias"", ""blocks.1.radial_gate.2.weight"", ""blocks.1.radial_gate.2.bias"", ""blocks.1.update.0.weight"", ""blocks.1.update.0.bias"", ""blocks.1.update.2.weight"", ""blocks.1.update.2.bias"", ""blocks.1.norm.weight"", ""blocks.1.norm.bias""]",0.012955804821103811,,True,,,901,resources,,,,,,torch.float32,,,,,,True,0.02257017372176051,0.008433314971625805,,0.005780674982815981,,,0.0096143689006567,mp-aaacpndw,,[],1999,,26,,,4,104,,,True,1300,1066.6953125,1066.6953125,,pairs_quantile_0.1,,,2,,,B+,1066.6953125,,,valid,pass
,"[""local_input.weight"", ""local_input.bias"", ""local_output.weight"", ""local_output.bias"", ""blocks.0.edge_mlp.0.weight"", ""blocks.0.edge_mlp.0.bias"", ""blocks.0.edge_mlp.2.weight"", ""blocks.0.edge_mlp.2.bias"", ""blocks.0.angle_mlp.0.weight"", ""blocks.0.angle_mlp.0.bias"", ""blocks.0.angle_mlp.2.weight"", ""blocks.0.angle_mlp.2.bias"", ""blocks.0.update.0.weight"", ""blocks.0.update.0.bias"", ""blocks.0.update.2.weight"", ""blocks.0.update.2.bias"", ""blocks.0.norm.weight"", ""blocks.0.norm.bias"", ""blocks.1.edge_mlp.0.weight"", ""blocks.1.edge_mlp.0.bias"", ""blocks.1.edge_mlp.2.weight"", ""blocks.1.edge_mlp.2.bias"", ""blocks.1.angle_mlp.0.weight"", ""blocks.1.angle_mlp.0.bias"", ""blocks.1.angle_mlp.2.weight"", ""blocks.1.angle_mlp.2.bias"", ""blocks.1.update.0.weight"", ""blocks.1.update.0.bias"", ""blocks.1.update.2.weight"", ""blocks.1.update.2.bias"", ""blocks.1.norm.weight"", ""blocks.1.norm.bias""]",0.07322665792889893,,True,,,902,resources,,,,,,torch.float32,,,,,,True,0.09320584288798273,0.014637921005487442,,0.005780674982815981,,,0.019979184959083796,mp-aaacpndw,,[],1999,,26,,,4,104,,,True,1300,1066.6953125,1066.6953125,,pairs_quantile_0.1,,,2,,,A,1066.6953125,,,valid,pass
,"[""local_input.weight"", ""local_input.bias"", ""local_output.weight"", ""local_output.bias"", ""blocks.0.tp.weight"", ""blocks.0.mix.weight"", ""blocks.0.radial_gate.0.weight"", ""blocks.0.radial_gate.0.bias"", ""blocks.0.radial_gate.2.weight"", ""blocks.0.radial_gate.2.bias"", ""blocks.0.update.0.weight"", ""blocks.0.update.0.bias"", ""blocks.0.update.2.weight"", ""blocks.0.update.2.bias"", ""blocks.0.norm.weight"", ""blocks.0.norm.bias"", ""blocks.0.direction_gate.weight"", ""blocks.0.direction_gate.bias"", ""blocks.1.tp.weight"", ""blocks.1.mix.weight"", ""blocks.1.radial_gate.0.weight"", ""blocks.1.radial_gate.0.bias"", ""blocks.1.radial_gate.2.weight"", ""blocks.1.radial_gate.2.bias"", ""blocks.1.update.0.weight"", ""blocks.1.update.0.bias"", ""blocks.1.update.2.weight"", ""blocks.1.update.2.bias"", ""blocks.1.norm.weight"", ""blocks.1.norm.bias""]",0.011898540193215013,,True,,,903,resources,,,,,,torch.float32,,,,,,True,0.01993542304262519,0.007235517026856542,,0.005780674982815981,,,0.008036882849410176,mp-aaacpndw,,[],1999,,26,,,4,104,,,True,1300,1066.6953125,1066.6953125,,pairs_quantile_0.1,,,2,,,B,1066.6953125,,,valid,pass
,,,,,,,904,e3_direct,,4,,,,torch.float64,,,,2e-10,2e-10,,,,,,,,,mp-aaacpndw,,,1999,6.661338147750939e-16,26,2.1488604860135664e-06,,4,104,rotation_1,,,1300,,,,pairs_quantile_0.1,,,,,,B+,,,,valid,pass
,,,,,,,905,e3_direct,,4,,,,torch.float64,,,,2e-10,2e-10,,,,,,,,,mp-aaacpndw,,,1999,4.440892098500626e-16,26,1.5227945800001329e-06,,4,104,rotation_2,,,1300,,,,pairs_quantile_0.1,,,,,,B+,,,,valid,pass
,,,,,,,906,e3_direct,,4,,,,torch.float64,,,,2e-10,2e-10,,,,,,,,,mp-aaacpndw,,,1999,9.926167350636332e-24,26,4.9630836364653276e-14,,4,104,reflection,,,1300,,,,pairs_quantile_0.1,,,,,,B+,,,,valid,pass
,,,,,,,907,e3_direct,,4,,,,torch.float64,,,,2e-10,2e-10,,,,,,,,,mp-aaacpndw,,,1999,0.0,26,0.0,,4,104,inversion,,,1300,,,,pairs_quantile_0.1,,,,,,B+,,,,valid,pass
,,,,,,,908,e3_direct,,4,,,,torch.float64,,,,2e-10,2e-10,,,,,,,,,mp-aaacpndw,,,1999,6.661338147750939e-16,26,2.1488604860135664e-06,,4,104,improper_with_translation,,,1300,,,,pairs_quantile_0.1,,,,,,B+,,,,valid,pass
,,,,,0,0,909,e3_rebuilt,,4,,,,torch.float64,,,,2e-06,2e-06,,,,1.5709925804685554e-08,,pass,1.7763568394002505e-15,,mp-aaacpndw,,,1999,2.036024741248953e-09,26,0.0010180123694351,,4,104,translation,,,1300,,,,pairs_quantile_0.1,,,,,,B+,,,,valid,pass
,,,,,0,0,910,representation,,4,,,,torch.float64,,,,2e-06,2e-06,,,,0.0,,pass,0.0,,mp-aaacpndw,,,1999,1.3322676295501878e-15,26,3.1569897598416723e-10,,4,104,permutation,,,1300,,,,pairs_quantile_0.1,,,,,,B+,,,,valid,pass
,,,,,0,0,911,representation,,4,,,,torch.float64,,,,2e-06,2e-06,,,,0.0,,pass,0.0,,mp-aaacpndw,,,1999,8.881784197001252e-16,26,2.2323100821382311e-10,,4,104,integer_images,,,1300,,,,pairs_quantile_0.1,,,,,,B+,,,,valid,pass
,,,,,0,0,912,representation,,4,,,,torch.float64,,,,2e-06,2e-06,,,,1.5709925804685554e-08,,pass,8.881784197001252e-16,,mp-aaacpndw,,,1999,1.7632487295472491e-09,26,0.0008816243634076706,,4,104,basis_swap,,,1300,,,,pairs_quantile_0.1,,,,,,B+,,,,valid,pass
,,,,,0,0,913,representation,,4,,,,torch.float64,,,,2e-06,2e-06,,,,2.6645352591003757e-15,,pass,8.881784197001252e-16,,mp-aaacpndw,,,1999,1.3322676295501878e-15,26,4.698478625088425e-10,,4,104,basis_shear,,,1300,,,,pairs_quantile_0.1,,,,,,B+,,,,valid,pass
,,,,,,,914,e3_direct,,4,,,,torch.float32,,,,2e-05,2e-05,,,,,,,,,mp-aaaaawnl,,,532,4.76837158203125e-07,34,0.011196688748896122,,16,496,rotation_1,,,7454,,,,pairs_quantile_0.5,,,,,,B+,,,,valid,pass
,,,,,,,915,e3_direct,,4,,,,torch.float32,,,,2e-05,2e-05,,,,,,,,,mp-aaaaawnl,,,532,3.5762786865234375e-07,34,0.011421799659729004,,16,496,rotation_2,,,7454,,,,pairs_quantile_0.5,,,,,,B+,,,,valid,pass
,,,,,,,916,e3_direct,,4,,,,torch.float32,,,,2e-05,2e-05,,,,,,,,,mp-aaaaawnl,,,532,0.0,34,0.0,,16,496,reflection,,,7454,,,,pairs_quantile_0.5,,,,,,B+,,,,valid,pass
,,,,,,,917,e3_direct,,4,,,,torch.float32,,,,2e-05,2e-05,,,,,,,,,mp-aaaaawnl,,,532,0.0,34,0.0,,16,496,inversion,,,7454,,,,pairs_quantile_0.5,,,,,,B+,,,,valid,pass
,,,,,,,918,e3_direct,,4,,,,torch.float32,,,,2e-05,2e-05,,,,,,,,,mp-aaaaawnl,,,532,4.76837158203125e-07,34,0.011196688748896122,,16,496,improper_with_translation,,,7454,,,,pairs_quantile_0.5,,,,,,B+,,,,valid,pass
,,,,,0,0,919,e3_rebuilt,,4,,,,torch.float32,,,,0.0001,0.0001,,,,2.384185791015625e-06,,pass,9.5367431640625e-07,,mp-aaaaawnl,,,532,9.5367431640625e-07,34,0.006574166473001242,,16,496,translation,,,7454,,,,pairs_quantile_0.5,,,,,,B+,,,,valid,pass
,,,,,0,0,920,representation,,4,,,,torch.float32,,,,0.0001,0.0001,,,,0.0,,pass,0.0,,mp-aaaaawnl,,,532,7.152557373046875e-07,34,0.004321175627410412,,16,496,permutation,,,7454,,,,pairs_quantile_0.5,,,,,,B+,,,,valid,pass
,,,,,0,0,921,representation,,4,,,,torch.float32,,,,0.0001,0.0001,,,,3.337860107421875e-06,,pass,5.0514936447143555e-06,,mp-aaaaawnl,,,532,9.5367431640625e-07,34,0.006942696403712034,,16,496,integer_images,,,7454,,,,pairs_quantile_0.5,,,,,,B+,,,,valid,pass
,,,,,0,0,922,representation,,4,,,,torch.float32,,,,0.0001,0.0001,,,,2.86102294921875e-06,,pass,1.0132789611816406e-06,,mp-aaaaawnl,,,532,9.5367431640625e-07,34,0.005905644036829472,,16,496,basis_swap,,,7454,,,,pairs_quantile_0.5,,,,,,B+,,,,valid,pass
,,,,,0,0,923,representation,,4,,,,torch.float32,,,,0.0001,0.0001,,,,1.430511474609375e-06,,pass,1.9073486328125e-06,,mp-aaaaawnl,,,532,1.1920928955078125e-06,34,0.008000554516911507,,16,496,basis_shear,,,7454,,,,pairs_quantile_0.5,,,,,,B+,,,,valid,pass
,,,,,,,924,real_shared_e3,,4,,,,torch.float32,,,,2e-05,2e-05,,,,,,,,,mp-aaaaawnl,,,532,4.76837158203125e-07,34,0.013861673884093761,,16,496,rotation_1,,,7454,,,,pairs_quantile_0.5,,,,,,A,,,,valid,pass
,,,,,,,925,real_shared_e3,,4,,,,torch.float32,,,,2e-05,2e-05,,,,,,,,,mp-aaaaawnl,,,532,2.384185791015625e-07,34,0.009982972405850887,,16,496,rotation_1,,,7454,,,,pairs_quantile_0.5,,,,,,B,,,,valid,pass
,,,,,,,926,real_shared_e3,,4,,,,torch.float32,,,,2e-05,2e-05,,,,,,,,,mp-aaaaawnl,,,532,4.76837158203125e-07,34,0.011196688748896122,,16,496,rotation_1,,,7454,,,,pairs_quantile_0.5,,,,,,B+,,,,valid,pass
,,,,,,,927,high_order_invariant_e3,,,,,,torch.float32,,,,,,,,,,,,,,mp-aaaaawnl,,,532,1.9208528101444244e-09,34,,,16,496,rotation_1,,,7454,,,,pairs_quantile_0.5,,,,,,B+,,,,valid,pass
,,,,,,,928,real_shared_e3,,4,,,,torch.float32,,,,2e-05,2e-05,,,,,,,,,mp-aaaaawnl,,,532,0.0,34,0.0,,16,496,reflection,,,7454,,,,pairs_quantile_0.5,,,,,,A,,,,valid,pass
,,,,,,,929,real_shared_e3,,4,,,,torch.float32,,,,2e-05,2e-05,,,,,,,,,mp-aaaaawnl,,,532,0.0,34,0.0,,16,496,reflection,,,7454,,,,pairs_quantile_0.5,,,,,,B,,,,valid,pass
,,,,,,,930,real_shared_e3,,4,,,,torch.float32,,,,2e-05,2e-05,,,,,,,,,mp-aaaaawnl,,,532,0.0,34,0.0,,16,496,reflection,,,7454,,,,pairs_quantile_0.5,,,,,,B+,,,,valid,pass
,,,,,,,931,high_order_invariant_e3,,,,,,torch.float32,,,,,,,,,,,,,,mp-aaaaawnl,,,532,0.0,34,,,16,496,reflection,,,7454,,,,pairs_quantile_0.5,,,,,,B+,,,,valid,pass
,,,53.457130432128906,,,,932,real_shear_response,,,,1,,torch.float32,494,496,,,,,,,,,,,,mp-aaaaawnl,,,532,,34,,0.002460479736328125,16,496,,,,7454,,,,pairs_quantile_0.5,,0.0007670576103147858,,,,A,,,,valid,pass
,,,53.29945755004883,,,,933,real_shear_response,,,,1,,torch.float32,494,496,,,,,,,,,,,,mp-aaaaawnl,,,532,,34,,0.004265904426574707,16,496,,,,7454,,,,pairs_quantile_0.5,,0.0013506364049336633,,,,B,,,,valid,pass
,,,53.2994499206543,,,,934,real_shear_response,,,,1,,torch.float32,494,496,,,,,,,,,,,,mp-aaaaawnl,,,532,,34,,0.004265248775482178,16,496,,,,7454,,,,pairs_quantile_0.5,,0.0013507707939737325,,,,B+,,,,valid,pass
,"[""local_input.weight"", ""local_input.bias"", ""local_output.weight"", ""local_output.bias"", ""blocks.0.edge_mlp.0.weight"", ""blocks.0.edge_mlp.0.bias"", ""blocks.0.edge_mlp.2.weight"", ""blocks.0.edge_mlp.2.bias"", ""blocks.0.angle_mlp.0.weight"", ""blocks.0.angle_mlp.0.bias"", ""blocks.0.angle_mlp.2.weight"", ""blocks.0.angle_mlp.2.bias"", ""blocks.0.update.0.weight"", ""blocks.0.update.0.bias"", ""blocks.0.update.2.weight"", ""blocks.0.update.2.bias"", ""blocks.0.norm.weight"", ""blocks.0.norm.bias"", ""blocks.1.edge_mlp.0.weight"", ""blocks.1.edge_mlp.0.bias"", ""blocks.1.edge_mlp.2.weight"", ""blocks.1.edge_mlp.2.bias"", ""blocks.1.angle_mlp.0.weight"", ""blocks.1.angle_mlp.0.bias"", ""blocks.1.angle_mlp.2.weight"", ""blocks.1.angle_mlp.2.bias"", ""blocks.1.update.0.weight"", ""blocks.1.update.0.bias"", ""blocks.1.update.2.weight"", ""blocks.1.update.2.bias"", ""blocks.1.norm.weight"", ""blocks.1.norm.bias""]",0.3460018499754369,,True,,,935,resources,,,,,,torch.float32,,,,,,True,0.43264308595098555,0.06730967294424772,,0.007704538060352206,,,0.08664123597554862,mp-aaaaawnl,,[],532,,34,,,16,496,,,True,7454,1066.6953125,1066.6953125,,pairs_quantile_0.5,,,0,,,A,1066.6953125,,,valid,pass
,"[""local_input.weight"", ""local_input.bias"", ""local_output.weight"", ""local_output.bias"", ""blocks.0.tp.weight"", ""blocks.0.mix.weight"", ""blocks.0.radial_gate.0.weight"", ""blocks.0.radial_gate.0.bias"", ""blocks.0.radial_gate.2.weight"", ""blocks.0.radial_gate.2.bias"", ""blocks.0.update.0.weight"", ""blocks.0.update.0.bias"", ""blocks.0.update.2.weight"", ""blocks.0.update.2.bias"", ""blocks.0.norm.weight"", ""blocks.0.norm.bias"", ""blocks.0.direction_gate.weight"", ""blocks.0.direction_gate.bias"", ""blocks.1.tp.weight"", ""blocks.1.mix.weight"", ""blocks.1.radial_gate.0.weight"", ""blocks.1.radial_gate.0.bias"", ""blocks.1.radial_gate.2.weight"", ""blocks.1.radial_gate.2.bias"", ""blocks.1.update.0.weight"", ""blocks.1.update.0.bias"", ""blocks.1.update.2.weight"", ""blocks.1.update.2.bias"", ""blocks.1.norm.weight"", ""blocks.1.norm.bias""]",0.018130123848095536,,True,,,936,resources,,,,,,torch.float32,,,,,,True,0.029862861847504973,0.010772304842248559,,0.007704538060352206,,,0.011732737999409437,mp-aaaaawnl,,[],532,,34,,,16,496,,,True,7454,1066.6953125,1066.6953125,,pairs_quantile_0.5,,,0,,,B,1066.6953125,,,valid,pass
,"[""local_input.weight"", ""local_input.bias"", ""local_output.weight"", ""local_output.bias"", ""blocks.0.tp.weight"", ""blocks.0.mix.weight"", ""blocks.0.radial_gate.0.weight"", ""blocks.0.radial_gate.0.bias"", ""blocks.0.radial_gate.2.weight"", ""blocks.0.radial_gate.2.bias"", ""blocks.0.update.0.weight"", ""blocks.0.update.0.bias"", ""blocks.0.update.2.weight"", ""blocks.0.update.2.bias"", ""blocks.0.norm.weight"", ""blocks.0.norm.bias"", ""blocks.0.direction_gate.weight"", ""blocks.0.direction_gate.bias"", ""blocks.1.tp.weight"", ""blocks.1.mix.weight"", ""blocks.1.radial_gate.0.weight"", ""blocks.1.radial_gate.0.bias"", ""blocks.1.radial_gate.2.weight"", ""blocks.1.radial_gate.2.bias"", ""blocks.1.update.0.weight"", ""blocks.1.update.0.bias"", ""blocks.1.update.2.weight"", ""blocks.1.update.2.bias"", ""blocks.1.norm.weight"", ""blocks.1.norm.bias""]",0.01961303106509149,,True,,,937,resources,,,,,,torch.float32,,,,,,True,0.03270116611383855,0.011676126159727573,,0.007704538060352206,,,0.013088135048747063,mp-aaaaawnl,,[],532,,34,,,16,496,,,True,7454,1066.6953125,1066.6953125,,pairs_quantile_0.5,,,0,,,B+,1066.6953125,,,valid,pass
,"[""local_input.weight"", ""local_input.bias"", ""local_output.weight"", ""local_output.bias"", ""blocks.0.tp.weight"", ""blocks.0.mix.weight"", ""blocks.0.radial_gate.0.weight"", ""blocks.0.radial_gate.0.bias"", ""blocks.0.radial_gate.2.weight"", ""blocks.0.radial_gate.2.bias"", ""blocks.0.update.0.weight"", ""blocks.0.update.0.bias"", ""blocks.0.update.2.weight"", ""blocks.0.update.2.bias"", ""blocks.0.norm.weight"", ""blocks.0.norm.bias"", ""blocks.0.direction_gate.weight"", ""blocks.0.direction_gate.bias"", ""blocks.1.tp.weight"", ""blocks.1.mix.weight"", ""blocks.1.radial_gate.0.weight"", ""blocks.1.radial_gate.0.bias"", ""blocks.1.radial_gate.2.weight"", ""blocks.1.radial_gate.2.bias"", ""blocks.1.update.0.weight"", ""blocks.1.update.0.bias"", ""blocks.1.update.2.weight"", ""blocks.1.update.2.bias"", ""blocks.1.norm.weight"", ""blocks.1.norm.bias""]",0.018182198982685804,,True,,,938,resources,,,,,,torch.float32,,,,,,True,0.029611916048452258,0.010305549949407578,,0.007704538060352206,,,0.011429717065766454,mp-aaaaawnl,,[],532,,34,,,16,496,,,True,7454,1066.6953125,1066.6953125,,pairs_quantile_0.5,,,1,,,B,1066.6953125,,,valid,pass
,"[""local_input.weight"", ""local_input.bias"", ""local_output.weight"", ""local_output.bias"", ""blocks.0.tp.weight"", ""blocks.0.mix.weight"", ""blocks.0.radial_gate.0.weight"", ""blocks.0.radial_gate.0.bias"", ""blocks.0.radial_gate.2.weight"", ""blocks.0.radial_gate.2.bias"", ""blocks.0.update.0.weight"", ""blocks.0.update.0.bias"", ""blocks.0.update.2.weight"", ""blocks.0.update.2.bias"", ""blocks.0.norm.weight"", ""blocks.0.norm.bias"", ""blocks.0.direction_gate.weight"", ""blocks.0.direction_gate.bias"", ""blocks.1.tp.weight"", ""blocks.1.mix.weight"", ""blocks.1.radial_gate.0.weight"", ""blocks.1.radial_gate.0.bias"", ""blocks.1.radial_gate.2.weight"", ""blocks.1.radial_gate.2.bias"", ""blocks.1.update.0.weight"", ""blocks.1.update.0.bias"", ""blocks.1.update.2.weight"", ""blocks.1.update.2.bias"", ""blocks.1.norm.weight"", ""blocks.1.norm.bias""]",0.019462045980617404,,True,,,939,resources,,,,,,torch.float32,,,,,,True,0.032712400890886784,0.011948683997616172,,0.007704538060352206,,,0.01325035491026938,mp-aaaaawnl,,[],532,,34,,,16,496,,,True,7454,1066.6953125,1066.6953125,,pairs_quantile_0.5,,,1,,,B+,1066.6953125,,,valid,pass
,"[""local_input.weight"", ""local_input.bias"", ""local_output.weight"", ""local_output.bias"", ""blocks.0.edge_mlp.0.weight"", ""blocks.0.edge_mlp.0.bias"", ""blocks.0.edge_mlp.2.weight"", ""blocks.0.edge_mlp.2.bias"", ""blocks.0.angle_mlp.0.weight"", ""blocks.0.angle_mlp.0.bias"", ""blocks.0.angle_mlp.2.weight"", ""blocks.0.angle_mlp.2.bias"", ""blocks.0.update.0.weight"", ""blocks.0.update.0.bias"", ""blocks.0.update.2.weight"", ""blocks.0.update.2.bias"", ""blocks.0.norm.weight"", ""blocks.0.norm.bias"", ""blocks.1.edge_mlp.0.weight"", ""blocks.1.edge_mlp.0.bias"", ""blocks.1.edge_mlp.2.weight"", ""blocks.1.edge_mlp.2.bias"", ""blocks.1.angle_mlp.0.weight"", ""blocks.1.angle_mlp.0.bias"", ""blocks.1.angle_mlp.2.weight"", ""blocks.1.angle_mlp.2.bias"", ""blocks.1.update.0.weight"", ""blocks.1.update.0.bias"", ""blocks.1.update.2.weight"", ""blocks.1.update.2.bias"", ""blocks.1.norm.weight"", ""blocks.1.norm.bias""]",0.3413071201648563,,True,,,940,resources,,,,,,torch.float32,,,,,,True,0.4266525600105524,0.06745116296224296,,0.007704538060352206,,,0.08534543984569609,mp-aaaaawnl,,[],532,,34,,,16,496,,,True,7454,1066.6953125,1066.6953125,,pairs_quantile_0.5,,,1,,,A,1066.6953125,,,valid,pass
,"[""local_input.weight"", ""local_input.bias"", ""local_output.weight"", ""local_output.bias"", ""blocks.0.tp.weight"", ""blocks.0.mix.weight"", ""blocks.0.radial_gate.0.weight"", ""blocks.0.radial_gate.0.bias"", ""blocks.0.radial_gate.2.weight"", ""blocks.0.radial_gate.2.bias"", ""blocks.0.update.0.weight"", ""blocks.0.update.0.bias"", ""blocks.0.update.2.weight"", ""blocks.0.update.2.bias"", ""blocks.0.norm.weight"", ""blocks.0.norm.bias"", ""blocks.0.direction_gate.weight"", ""blocks.0.direction_gate.bias"", ""blocks.1.tp.weight"", ""blocks.1.mix.weight"", ""blocks.1.radial_gate.0.weight"", ""blocks.1.radial_gate.0.bias"", ""blocks.1.radial_gate.2.weight"", ""blocks.1.radial_gate.2.bias"", ""blocks.1.update.0.weight"", ""blocks.1.update.0.bias"", ""blocks.1.update.2.weight"", ""blocks.1.update.2.bias"", ""blocks.1.norm.weight"", ""blocks.1.norm.bias""]",0.019799965899437666,,True,,,941,resources,,,,,,torch.float32,,,,,,True,0.03326370497234166,0.012283242074772716,,0.007704538060352206,,,0.01346373907290399,mp-aaaaawnl,,[],532,,34,,,16,496,,,True,7454,1066.6953125,1066.6953125,,pairs_quantile_0.5,,,2,,,B+,1066.6953125,,,valid,pass
,"[""local_input.weight"", ""local_input.bias"", ""local_output.weight"", ""local_output.bias"", ""blocks.0.edge_mlp.0.weight"", ""blocks.0.edge_mlp.0.bias"", ""blocks.0.edge_mlp.2.weight"", ""blocks.0.edge_mlp.2.bias"", ""blocks.0.angle_mlp.0.weight"", ""blocks.0.angle_mlp.0.bias"", ""blocks.0.angle_mlp.2.weight"", ""blocks.0.angle_mlp.2.bias"", ""blocks.0.update.0.weight"", ""blocks.0.update.0.bias"", ""blocks.0.update.2.weight"", ""blocks.0.update.2.bias"", ""blocks.0.norm.weight"", ""blocks.0.norm.bias"", ""blocks.1.edge_mlp.0.weight"", ""blocks.1.edge_mlp.0.bias"", ""blocks.1.edge_mlp.2.weight"", ""blocks.1.edge_mlp.2.bias"", ""blocks.1.angle_mlp.0.weight"", ""blocks.1.angle_mlp.0.bias"", ""blocks.1.angle_mlp.2.weight"", ""blocks.1.angle_mlp.2.bias"", ""blocks.1.update.0.weight"", ""blocks.1.update.0.bias"", ""blocks.1.update.2.weight"", ""blocks.1.update.2.bias"", ""blocks.1.norm.weight"", ""blocks.1.norm.bias""]",0.33938169782049954,,True,,,942,resources,,,,,,torch.float32,,,,,,True,0.42644936172291636,0.06597155798226595,,0.007704538060352206,,,0.08706766390241683,mp-aaaaawnl,,[],532,,34,,,16,496,,,True,7454,1066.6953125,1066.6953125,,pairs_quantile_0.5,,,2,,,A,1066.6953125,,,valid,pass
,"[""local_input.weight"", ""local_input.bias"", ""local_output.weight"", ""local_output.bias"", ""blocks.0.tp.weight"", ""blocks.0.mix.weight"", ""blocks.0.radial_gate.0.weight"", ""blocks.0.radial_gate.0.bias"", ""blocks.0.radial_gate.2.weight"", ""blocks.0.radial_gate.2.bias"", ""blocks.0.update.0.weight"", ""blocks.0.update.0.bias"", ""blocks.0.update.2.weight"", ""blocks.0.update.2.bias"", ""blocks.0.norm.weight"", ""blocks.0.norm.bias"", ""blocks.0.direction_gate.weight"", ""blocks.0.direction_gate.bias"", ""blocks.1.tp.weight"", ""blocks.1.mix.weight"", ""blocks.1.radial_gate.0.weight"", ""blocks.1.radial_gate.0.bias"", ""blocks.1.radial_gate.2.weight"", ""blocks.1.radial_gate.2.bias"", ""blocks.1.update.0.weight"", ""blocks.1.update.0.bias"", ""blocks.1.update.2.weight"", ""blocks.1.update.2.bias"", ""blocks.1.norm.weight"", ""blocks.1.norm.bias""]",0.018168194917961955,,True,,,943,resources,,,,,,torch.float32,,,,,,True,0.02991802291944623,0.010543643031269312,,0.007704538060352206,,,0.011749828001484275,mp-aaaaawnl,,[],532,,34,,,16,496,,,True,7454,1066.6953125,1066.6953125,,pairs_quantile_0.5,,,2,,,B,1066.6953125,,,valid,pass
,,,,,,,944,e3_direct,,4,,,,torch.float64,,,,2e-10,2e-10,,,,,,,,,mp-aaaaawnl,,,532,5.689893001203927e-16,34,2.653634336145238e-06,,16,496,rotation_1,,,7454,,,,pairs_quantile_0.5,,,,,,B+,,,,valid,pass
,,,,,,,945,e3_direct,,4,,,,torch.float64,,,,2e-10,2e-10,,,,,,,,,mp-aaaaawnl,,,532,6.661338147750939e-16,34,1.9470480204523993e-06,,16,496,rotation_2,,,7454,,,,pairs_quantile_0.5,,,,,,B+,,,,valid,pass
,,,,,,,946,e3_direct,,4,,,,torch.float64,,,,2e-10,2e-10,,,,,,,,,mp-aaaaawnl,,,532,2.498001805406602e-16,34,1.1572742600260724e-06,,16,496,reflection,,,7454,,,,pairs_quantile_0.5,,,,,,B+,,,,valid,pass
,,,,,,,947,e3_direct,,4,,,,torch.float64,,,,2e-10,2e-10,,,,,,,,,mp-aaaaawnl,,,532,0.0,34,0.0,,16,496,inversion,,,7454,,,,pairs_quantile_0.5,,,,,,B+,,,,valid,pass
,,,,,,,948,e3_direct,,4,,,,torch.float64,,,,2e-10,2e-10,,,,,,,,,mp-aaaaawnl,,,532,5.689893001203927e-16,34,2.653634336145238e-06,,16,496,improper_with_translation,,,7454,,,,pairs_quantile_0.5,,,,,,B+,,,,valid,pass
,,,,,0,0,949,e3_rebuilt,,4,,,,torch.float64,,,,2e-06,2e-06,,,,9.49506198111294e-08,,pass,6.827871601444713e-15,,mp-aaaaawnl,,,532,1.8035569648855443e-08,34,0.006926638350874249,,16,496,translation,,,7454,,,,pairs_quantile_0.5,,,,,,B+,,,,valid,pass
,,,,,0,0,950,representation,,4,,,,torch.float64,,,,2e-06,2e-06,,,,0.0,,pass,0.0,,mp-aaaaawnl,,,532,1.1102230246251565e-15,34,2.9548243546094127e-10,,16,496,permutation,,,7454,,,,pairs_quantile_0.5,,,,,,B+,,,,valid,pass
,,,,,0,0,951,representation,,4,,,,torch.float64,,,,2e-06,2e-06,,,,0.0,,pass,0.0,,mp-aaaaawnl,,,532,1.3322676295501878e-15,34,3.2505466976741666e-10,,16,496,integer_images,,,7454,,,,pairs_quantile_0.5,,,,,,B+,,,,valid,pass
,,,,,0,0,952,representation,,4,,,,torch.float64,,,,2e-06,2e-06,,,,1.355845871131578e-07,,pass,1.7763568394002505e-15,,mp-aaaaawnl,,,532,2.7580980443975278e-08,34,0.010479632510432414,,16,496,basis_swap,,,7454,,,,pairs_quantile_0.5,,,,,,B+,,,,valid,pass
,,,,,0,0,953,representation,,4,,,,torch.float64,,,,2e-06,2e-06,,,,2.2307304270441364e-07,,pass,4.440892098500626e-15,,mp-aaaaawnl,,,532,4.3875066191301215e-08,34,0.0167574808822894,,16,496,basis_shear,,,7454,,,,pairs_quantile_0.5,,,,,,B+,,,,valid,pass
,,,,,,,954,e3_direct,,4,,,,torch.float32,,,,2e-05,2e-05,,,,,,,,,mp-aaacixnk,,,1674,2.5331974029541016e-07,147,0.011650239117443562,,5,694,rotation_1,,,47871,,,,pairs_quantile_0.9,,,,,,B+,,,,valid,pass
,,,,,,,955,e3_direct,,4,,,,torch.float32,,,,2e-05,2e-05,,,,,,,,,mp-aaacixnk,,,1674,2.384185791015625e-07,147,0.010279622860252857,,5,694,rotation_2,,,47871,,,,pairs_quantile_0.9,,,,,,B+,,,,valid,pass
,,,,,,,956,e3_direct,,4,,,,torch.float32,,,,2e-05,2e-05,,,,,,,,,mp-aaacixnk,,,1674,0.0,147,0.0,,5,694,reflection,,,47871,,,,pairs_quantile_0.9,,,,,,B+,,,,valid,pass
,,,,,,,957,e3_direct,,4,,,,torch.float32,,,,2e-05,2e-05,,,,,,,,,mp-aaacixnk,,,1674,0.0,147,0.0,,5,694,inversion,,,47871,,,,pairs_quantile_0.9,,,,,,B+,,,,valid,pass
,,,,,,,958,e3_direct,,4,,,,torch.float32,,,,2e-05,2e-05,,,,,,,,,mp-aaacixnk,,,1674,2.5331974029541016e-07,147,0.011650239117443562,,5,694,improper_with_translation,,,47871,,,,pairs_quantile_0.9,,,,,,B+,,,,valid,pass
,,,,,0,0,959,e3_rebuilt,,4,,,,torch.float32,,,,0.0001,0.0001,,,,1.430511474609375e-06,,pass,9.5367431640625e-07,,mp-aaacixnk,,,1674,1.3113021850585938e-06,147,0.010154887102544308,,5,694,translation,,,47871,,,,pairs_quantile_0.9,,,,,,B+,,,,valid,pass
,,,,,0,0,960,representation,,4,,,,torch.float32,,,,0.0001,0.0001,,,,0.0,,pass,0.0,,mp-aaacixnk,,,1674,7.152557373046875e-07,147,0.004860377870500088,,5,694,permutation,,,47871,,,,pairs_quantile_0.9,,,,,,B+,,,,valid,pass
,,,,,0,0,961,representation,,4,,,,torch.float32,,,,0.0001,0.0001,,,,2.384185791015625e-06,,pass,2.86102294921875e-06,,mp-aaacixnk,,,1674,1.0728836059570312e-06,147,0.006575388368219137,,5,694,integer_images,,,47871,,,,pairs_quantile_0.9,,,,,,B+,,,,valid,pass
,,,,,0,0,962,representation,,4,,,,torch.float32,,,,0.0001,0.0001,,,,1.430511474609375e-06,,pass,1.1920928955078125e-06,,mp-aaacixnk,,,1674,1.2814998626708984e-06,147,0.010154887102544308,,5,694,basis_swap,,,47871,,,,pairs_quantile_0.9,,,,,,B+,,,,valid,pass
,,,,,0,0,963,representation,,4,,,,torch.float32,,,,0.0001,0.0001,,,,1.9073486328125e-06,,pass,1.430511474609375e-06,,mp-aaacixnk,,,1674,9.5367431640625e-07,147,0.007457452826201916,,5,694,basis_shear,,,47871,,,,pairs_quantile_0.9,,,,,,B+,,,,valid,pass
,,,,,,,964,real_shared_e3,,4,,,,torch.float32,,,,2e-05,2e-05,,,,,,,,,mp-aaacixnk,,,1674,4.172325134277344e-07,147,0.013926271349191666,,5,694,rotation_1,,,47871,,,,pairs_quantile_0.9,,,,,,A,,,,valid,pass
,,,,,,,965,real_shared_e3,,4,,,,torch.float32,,,,2e-05,2e-05,,,,,,,,,mp-aaacixnk,,,1674,4.76837158203125e-07,147,0.014215932227671146,,5,694,rotation_1,,,47871,,,,pairs_quantile_0.9,,,,,,B,,,,valid,pass
,,,,,,,966,real_shared_e3,,4,,,,torch.float32,,,,2e-05,2e-05,,,,,,,,,mp-aaacixnk,,,1674,2.5331974029541016e-07,147,0.011650239117443562,,5,694,rotation_1,,,47871,,,,pairs_quantile_0.9,,,,,,B+,,,,valid,pass
,,,,,,,967,high_order_invariant_e3,,,,,,torch.float32,,,,,,,,,,,,,,mp-aaacixnk,,,1674,6.51925802230835e-09,147,,,5,694,rotation_1,,,47871,,,,pairs_quantile_0.9,,,,,,B+,,,,valid,pass
,,,,,,,968,real_shared_e3,,4,,,,torch.float32,,,,2e-05,2e-05,,,,,,,,,mp-aaacixnk,,,1674,0.0,147,0.0,,5,694,reflection,,,47871,,,,pairs_quantile_0.9,,,,,,A,,,,valid,pass
,,,,,,,969,real_shared_e3,,4,,,,torch.float32,,,,2e-05,2e-05,,,,,,,,,mp-aaacixnk,,,1674,0.0,147,0.0,,5,694,reflection,,,47871,,,,pairs_quantile_0.9,,,,,,B,,,,valid,pass
,,,,,,,970,real_shared_e3,,4,,,,torch.float32,,,,2e-05,2e-05,,,,,,,,,mp-aaacixnk,,,1674,0.0,147,0.0,,5,694,reflection,,,47871,,,,pairs_quantile_0.9,,,,,,B+,,,,valid,pass
,,,,,,,971,high_order_invariant_e3,,,,,,torch.float32,,,,,,,,,,,,,,mp-aaacixnk,,,1674,0.0,147,,,5,694,reflection,,,47871,,,,pairs_quantile_0.9,,,,,,B+,,,,valid,pass
,,,30.281696319580078,,,,972,real_shear_response,,,,2,,torch.float32,698,694,,,,,,,,,,,,mp-aaacixnk,,,1674,,147,,0.0019870400428771973,5,694,,,,47871,,,,pairs_quantile_0.9,,0.000726371908192101,,,,A,,,,valid,pass
,,,27.941125869750977,,,,973,real_shear_response,,,,2,,torch.float32,698,694,,,,,,,,,,,,mp-aaacixnk,,,1674,,147,,0.0037614107131958008,5,694,,,,47871,,,,pairs_quantile_0.9,,0.0013907701572738083,,,,B,,,,valid,pass
,,,27.941505432128906,,,,974,real_shear_response,,,,2,,torch.float32,698,694,,,,,,,,,,,,mp-aaacixnk,,,1674,,147,,0.003757953643798828,5,694,,,,47871,,,,pairs_quantile_0.9,,0.0013906242064519248,,,,B+,,,,valid,pass
,"[""local_input.weight"", ""local_input.bias"", ""local_output.weight"", ""local_output.bias"", ""blocks.0.edge_mlp.0.weight"", ""blocks.0.edge_mlp.0.bias"", ""blocks.0.edge_mlp.2.weight"", ""blocks.0.edge_mlp.2.bias"", ""blocks.0.angle_mlp.0.weight"", ""blocks.0.angle_mlp.0.bias"", ""blocks.0.angle_mlp.2.weight"", ""blocks.0.angle_mlp.2.bias"", ""blocks.0.update.0.weight"", ""blocks.0.update.0.bias"", ""blocks.0.update.2.weight"", ""blocks.0.update.2.bias"", ""blocks.0.norm.weight"", ""blocks.0.norm.bias"", ""blocks.1.edge_mlp.0.weight"", ""blocks.1.edge_mlp.0.bias"", ""blocks.1.edge_mlp.2.weight"", ""blocks.1.edge_mlp.2.bias"", ""blocks.1.angle_mlp.0.weight"", ""blocks.1.angle_mlp.0.bias"", ""blocks.1.angle_mlp.2.weight"", ""blocks.1.angle_mlp.2.bias"", ""blocks.1.update.0.weight"", ""blocks.1.update.0.bias"", ""blocks.1.update.2.weight"", ""blocks.1.update.2.bias"", ""blocks.1.norm.weight"", ""blocks.1.norm.bias""]",1.8715067149605602,,True,,,975,resources,,,,,,torch.float32,,,,,,True,2.240825568791479,0.3374220470432192,,0.00723361992277205,,,0.36931885383091867,mp-aaacixnk,,[],1674,,147,,,5,694,,,True,47871,1066.6953125,1066.6953125,,pairs_quantile_0.9,,,0,,,A,1066.6953125,,,valid,pass
,"[""local_input.weight"", ""local_input.bias"", ""local_output.weight"", ""local_output.bias"", ""blocks.0.tp.weight"", ""blocks.0.mix.weight"", ""blocks.0.radial_gate.0.weight"", ""blocks.0.radial_gate.0.bias"", ""blocks.0.radial_gate.2.weight"", ""blocks.0.radial_gate.2.bias"", ""blocks.0.update.0.weight"", ""blocks.0.update.0.bias"", ""blocks.0.update.2.weight"", ""blocks.0.update.2.bias"", ""blocks.0.norm.weight"", ""blocks.0.norm.bias"", ""blocks.0.direction_gate.weight"", ""blocks.0.direction_gate.bias"", ""blocks.1.tp.weight"", ""blocks.1.mix.weight"", ""blocks.1.radial_gate.0.weight"", ""blocks.1.radial_gate.0.bias"", ""blocks.1.radial_gate.2.weight"", ""blocks.1.radial_gate.2.bias"", ""blocks.1.update.0.weight"", ""blocks.1.update.0.bias"", ""blocks.1.update.2.weight"", ""blocks.1.update.2.bias"", ""blocks.1.norm.weight"", ""blocks.1.norm.bias""]",0.02138453396037221,,True,,,976,resources,,,,,,torch.float32,,,,,,True,0.03492693603038788,0.012365440838038921,,0.00723361992277205,,,0.013542402070015669,mp-aaacixnk,,[],1674,,147,,,5,694,,,True,47871,1066.6953125,1066.6953125,,pairs_quantile_0.9,,,0,,,B,1066.6953125,,,valid,pass
,"[""local_input.weight"", ""local_input.bias"", ""local_output.weight"", ""local_output.bias"", ""blocks.0.tp.weight"", ""blocks.0.mix.weight"", ""blocks.0.radial_gate.0.weight"", ""blocks.0.radial_gate.0.bias"", ""blocks.0.radial_gate.2.weight"", ""blocks.0.radial_gate.2.bias"", ""blocks.0.update.0.weight"", ""blocks.0.update.0.bias"", ""blocks.0.update.2.weight"", ""blocks.0.update.2.bias"", ""blocks.0.norm.weight"", ""blocks.0.norm.bias"", ""blocks.0.direction_gate.weight"", ""blocks.0.direction_gate.bias"", ""blocks.1.tp.weight"", ""blocks.1.mix.weight"", ""blocks.1.radial_gate.0.weight"", ""blocks.1.radial_gate.0.bias"", ""blocks.1.radial_gate.2.weight"", ""blocks.1.radial_gate.2.bias"", ""blocks.1.update.0.weight"", ""blocks.1.update.0.bias"", ""blocks.1.update.2.weight"", ""blocks.1.update.2.bias"", ""blocks.1.norm.weight"", ""blocks.1.norm.bias""]",0.022309913067147136,,True,,,977,resources,,,,,,torch.float32,,,,,,True,0.03740507923066616,0.013636460062116385,,0.00723361992277205,,,0.015095166163519025,mp-aaacixnk,,[],1674,,147,,,5,694,,,True,47871,1066.6953125,1066.6953125,,pairs_quantile_0.9,,,0,,,B+,1066.6953125,,,valid,pass
,"[""local_input.weight"", ""local_input.bias"", ""local_output.weight"", ""local_output.bias"", ""blocks.0.tp.weight"", ""blocks.0.mix.weight"", ""blocks.0.radial_gate.0.weight"", ""blocks.0.radial_gate.0.bias"", ""blocks.0.radial_gate.2.weight"", ""blocks.0.radial_gate.2.bias"", ""blocks.0.update.0.weight"", ""blocks.0.update.0.bias"", ""blocks.0.update.2.weight"", ""blocks.0.update.2.bias"", ""blocks.0.norm.weight"", ""blocks.0.norm.bias"", ""blocks.0.direction_gate.weight"", ""blocks.0.direction_gate.bias"", ""blocks.1.tp.weight"", ""blocks.1.mix.weight"", ""blocks.1.radial_gate.0.weight"", ""blocks.1.radial_gate.0.bias"", ""blocks.1.radial_gate.2.weight"", ""blocks.1.radial_gate.2.bias"", ""blocks.1.update.0.weight"", ""blocks.1.update.0.bias"", ""blocks.1.update.2.weight"", ""blocks.1.update.2.bias"", ""blocks.1.norm.weight"", ""blocks.1.norm.bias""]",0.021130654960870743,,True,,,978,resources,,,,,,torch.float32,,,,,,True,0.034513965947553515,0.011762223904952407,,0.00723361992277205,,,0.013383310986682773,mp-aaacixnk,,[],1674,,147,,,5,694,,,True,47871,1066.6953125,1066.6953125,,pairs_quantile_0.9,,,1,,,B,1066.6953125,,,valid,pass
,"[""local_input.weight"", ""local_input.bias"", ""local_output.weight"", ""local_output.bias"", ""blocks.0.tp.weight"", ""blocks.0.mix.weight"", ""blocks.0.radial_gate.0.weight"", ""blocks.0.radial_gate.0.bias"", ""blocks.0.radial_gate.2.weight"", ""blocks.0.radial_gate.2.bias"", ""blocks.0.update.0.weight"", ""blocks.0.update.0.bias"", ""blocks.0.update.2.weight"", ""blocks.0.update.2.bias"", ""blocks.0.norm.weight"", ""blocks.0.norm.bias"", ""blocks.0.direction_gate.weight"", ""blocks.0.direction_gate.bias"", ""blocks.1.tp.weight"", ""blocks.1.mix.weight"", ""blocks.1.radial_gate.0.weight"", ""blocks.1.radial_gate.0.bias"", ""blocks.1.radial_gate.2.weight"", ""blocks.1.radial_gate.2.bias"", ""blocks.1.update.0.weight"", ""blocks.1.update.0.bias"", ""blocks.1.update.2.weight"", ""blocks.1.update.2.bias"", ""blocks.1.norm.weight"", ""blocks.1.norm.bias""]",0.022534161107614636,,True,,,979,resources,,,,,,torch.float32,,,,,,True,0.03758313111029565,0.01391192409209907,,0.00723361992277205,,,0.015048970002681017,mp-aaacixnk,,[],1674,,147,,,5,694,,,True,47871,1066.6953125,1066.6953125,,pairs_quantile_0.9,,,1,,,B+,1066.6953125,,,valid,pass
,"[""local_input.weight"", ""local_input.bias"", ""local_output.weight"", ""local_output.bias"", ""blocks.0.edge_mlp.0.weight"", ""blocks.0.edge_mlp.0.bias"", ""blocks.0.edge_mlp.2.weight"", ""blocks.0.edge_mlp.2.bias"", ""blocks.0.angle_mlp.0.weight"", ""blocks.0.angle_mlp.0.bias"", ""blocks.0.angle_mlp.2.weight"", ""blocks.0.angle_mlp.2.bias"", ""blocks.0.update.0.weight"", ""blocks.0.update.0.bias"", ""blocks.0.update.2.weight"", ""blocks.0.update.2.bias"", ""blocks.0.norm.weight"", ""blocks.0.norm.bias"", ""blocks.1.edge_mlp.0.weight"", ""blocks.1.edge_mlp.0.bias"", ""blocks.1.edge_mlp.2.weight"", ""blocks.1.edge_mlp.2.bias"", ""blocks.1.angle_mlp.0.weight"", ""blocks.1.angle_mlp.0.bias"", ""blocks.1.angle_mlp.2.weight"", ""blocks.1.angle_mlp.2.bias"", ""blocks.1.update.0.weight"", ""blocks.1.update.0.bias"", ""blocks.1.update.2.weight"", ""blocks.1.update.2.bias"", ""blocks.1.norm.weight"", ""blocks.1.norm.bias""]",1.8752045270521194,,True,,,980,resources,,,,,,torch.float32,,,,,,True,2.2393637150526047,0.34497780189849436,,0.00723361992277205,,,0.3641591880004853,mp-aaacixnk,,[],1674,,147,,,5,694,,,True,47871,1066.6953125,1066.6953125,,pairs_quantile_0.9,,,1,,,A,1066.6953125,,,valid,pass
,"[""local_input.weight"", ""local_input.bias"", ""local_output.weight"", ""local_output.bias"", ""blocks.0.tp.weight"", ""blocks.0.mix.weight"", ""blocks.0.radial_gate.0.weight"", ""blocks.0.radial_gate.0.bias"", ""blocks.0.radial_gate.2.weight"", ""blocks.0.radial_gate.2.bias"", ""blocks.0.update.0.weight"", ""blocks.0.update.0.bias"", ""blocks.0.update.2.weight"", ""blocks.0.update.2.bias"", ""blocks.0.norm.weight"", ""blocks.0.norm.bias"", ""blocks.0.direction_gate.weight"", ""blocks.0.direction_gate.bias"", ""blocks.1.tp.weight"", ""blocks.1.mix.weight"", ""blocks.1.radial_gate.0.weight"", ""blocks.1.radial_gate.0.bias"", ""blocks.1.radial_gate.2.weight"", ""blocks.1.radial_gate.2.bias"", ""blocks.1.update.0.weight"", ""blocks.1.update.0.bias"", ""blocks.1.update.2.weight"", ""blocks.1.update.2.bias"", ""blocks.1.norm.weight"", ""blocks.1.norm.bias""]",0.022553466027602553,,True,,,981,resources,,,,,,torch.float32,,,,,,True,0.037761261919513345,0.01394681609235704,,0.00723361992277205,,,0.015207795891910791,mp-aaacixnk,,[],1674,,147,,,5,694,,,True,47871,1066.6953125,1066.6953125,,pairs_quantile_0.9,,,2,,,B+,1066.6953125,,,valid,pass
,"[""local_input.weight"", ""local_input.bias"", ""local_output.weight"", ""local_output.bias"", ""blocks.0.edge_mlp.0.weight"", ""blocks.0.edge_mlp.0.bias"", ""blocks.0.edge_mlp.2.weight"", ""blocks.0.edge_mlp.2.bias"", ""blocks.0.angle_mlp.0.weight"", ""blocks.0.angle_mlp.0.bias"", ""blocks.0.angle_mlp.2.weight"", ""blocks.0.angle_mlp.2.bias"", ""blocks.0.update.0.weight"", ""blocks.0.update.0.bias"", ""blocks.0.update.2.weight"", ""blocks.0.update.2.bias"", ""blocks.0.norm.weight"", ""blocks.0.norm.bias"", ""blocks.1.edge_mlp.0.weight"", ""blocks.1.edge_mlp.0.bias"", ""blocks.1.edge_mlp.2.weight"", ""blocks.1.edge_mlp.2.bias"", ""blocks.1.angle_mlp.0.weight"", ""blocks.1.angle_mlp.0.bias"", ""blocks.1.angle_mlp.2.weight"", ""blocks.1.angle_mlp.2.bias"", ""blocks.1.update.0.weight"", ""blocks.1.update.0.bias"", ""blocks.1.update.2.weight"", ""blocks.1.update.2.bias"", ""blocks.1.norm.weight"", ""blocks.1.norm.bias""]",1.8717065888922662,,True,,,982,resources,,,,,,torch.float32,,,,,,True,2.235935759032145,0.3382754400372505,,0.00723361992277205,,,0.364229170139879,mp-aaacixnk,,[],1674,,147,,,5,694,,,True,47871,1066.6953125,1066.6953125,,pairs_quantile_0.9,,,2,,,A,1066.6953125,,,valid,pass
,"[""local_input.weight"", ""local_input.bias"", ""local_output.weight"", ""local_output.bias"", ""blocks.0.tp.weight"", ""blocks.0.mix.weight"", ""blocks.0.radial_gate.0.weight"", ""blocks.0.radial_gate.0.bias"", ""blocks.0.radial_gate.2.weight"", ""blocks.0.radial_gate.2.bias"", ""blocks.0.update.0.weight"", ""blocks.0.update.0.bias"", ""blocks.0.update.2.weight"", ""blocks.0.update.2.bias"", ""blocks.0.norm.weight"", ""blocks.0.norm.bias"", ""blocks.0.direction_gate.weight"", ""blocks.0.direction_gate.bias"", ""blocks.1.tp.weight"", ""blocks.1.mix.weight"", ""blocks.1.radial_gate.0.weight"", ""blocks.1.radial_gate.0.bias"", ""blocks.1.radial_gate.2.weight"", ""blocks.1.radial_gate.2.bias"", ""blocks.1.update.0.weight"", ""blocks.1.update.0.bias"", ""blocks.1.update.2.weight"", ""blocks.1.update.2.bias"", ""blocks.1.norm.weight"", ""blocks.1.norm.bias""]",0.02380170300602913,,True,,,983,resources,,,,,,torch.float32,,,,,,True,0.03811300592496991,0.012693650089204311,,0.00723361992277205,,,0.014311302918940783,mp-aaacixnk,,[],1674,,147,,,5,694,,,True,47871,1066.6953125,1066.6953125,,pairs_quantile_0.9,,,2,,,B,1066.6953125,,,valid,pass
,,,,,,,984,e3_direct,,4,,,,torch.float64,,,,2e-10,2e-10,,,,,,,,,mp-aaacixnk,,,1674,4.440892098500626e-16,147,1.1323664535284741e-06,,5,694,rotation_1,,,47871,,,,pairs_quantile_0.9,,,,,,B+,,,,valid,pass
,,,,,,,985,e3_direct,,4,,,,torch.float64,,,,2e-10,2e-10,,,,,,,,,mp-aaacixnk,,,1674,4.440892098500626e-16,147,1.9837475891605474e-06,,5,694,rotation_2,,,47871,,,,pairs_quantile_0.9,,,,,,B+,,,,valid,pass
,,,,,,,986,e3_direct,,4,,,,torch.float64,,,,2e-10,2e-10,,,,,,,,,mp-aaacixnk,,,1674,2.7755575615628914e-17,147,1.3583036389140825e-07,,5,694,reflection,,,47871,,,,pairs_quantile_0.9,,,,,,B+,,,,valid,pass
,,,,,,,987,e3_direct,,4,,,,torch.float64,,,,2e-10,2e-10,,,,,,,,,mp-aaacixnk,,,1674,0.0,147,0.0,,5,694,inversion,,,47871,,,,pairs_quantile_0.9,,,,,,B+,,,,valid,pass
,,,,,,,988,e3_direct,,4,,,,torch.float64,,,,2e-10,2e-10,,,,,,,,,mp-aaacixnk,,,1674,4.440892098500626e-16,147,1.1323664535284741e-06,,5,694,improper_with_translation,,,47871,,,,pairs_quantile_0.9,,,,,,B+,,,,valid,pass
,,,,,0,0,989,e3_rebuilt,,4,,,,torch.float64,,,,2e-06,2e-06,,,,4.526276597971446e-08,,pass,3.9968028886505635e-15,,mp-aaacixnk,,,1674,1.0521410187536162e-08,147,0.004181792644527718,,5,694,translation,,,47871,,,,pairs_quantile_0.9,,,,,,B+,,,,valid,pass
,,,,,0,0,990,representation,,4,,,,torch.float64,,,,2e-06,2e-06,,,,0.0,,pass,0.0,,mp-aaacixnk,,,1674,2.220446049250313e-15,147,8.103309732963592e-10,,5,694,permutation,,,47871,,,,pairs_quantile_0.9,,,,,,B+,,,,valid,pass
,,,,,0,0,991,representation,,4,,,,torch.float64,,,,2e-06,2e-06,,,,0.0,,pass,0.0,,mp-aaacixnk,,,1674,0.0,147,0.0,,5,694,integer_images,,,47871,,,,pairs_quantile_0.9,,,,,,B+,,,,valid,pass
,,,,,0,0,992,representation,,4,,,,torch.float64,,,,2e-06,2e-06,,,,4.526277130878498e-08,,pass,2.6645352591003757e-15,,mp-aaacixnk,,,1674,1.0521412185937606e-08,147,0.004181792999713983,,5,694,basis_swap,,,47871,,,,pairs_quantile_0.9,,,,,,B+,,,,valid,pass
,,,,,0,0,993,representation,,4,,,,torch.float64,,,,2e-06,2e-06,,,,1.1546319456101628e-14,,pass,4.440892098500626e-15,,mp-aaacixnk,,,1674,6.439293542825908e-15,147,2.5126479097436112e-09,,5,694,basis_shear,,,47871,,,,pairs_quantile_0.9,,,,,,B+,,,,valid,pass
