split,index,id,radius_A,n_atoms,n_edges,repeats,median_seconds,min_seconds,max_seconds
train,0,mp-aaaaaaab,3.0,1,0,3,0.0014490601606667042,0.001391551923006773,0.001511779148131609
train,0,mp-aaaaaaab,3.5,1,0,3,0.0013500519562512636,0.001338333822786808,0.0014219360891729593
train,0,mp-aaaaaaab,4.0,1,0,3,0.0013758360873907804,0.0013643910642713308,0.001378095941618085
train,0,mp-aaaaaaab,4.5,1,0,3,0.0013580741360783577,0.0013266759924590588,0.001379414927214384
train,0,mp-aaaaaaab,5.0,1,0,3,0.0019514639861881733,0.0019404829945415258,0.0019561629742383957
train,0,mp-aaaaaaab,5.5,1,8,3,0.002322085201740265,0.0022952649742364883,0.0023451829329133034
train,0,mp-aaaaaaab,6.0,1,8,3,0.0022957210894674063,0.002283836016431451,0.0023210470099002123
train,0,mp-aaaaaaab,6.5,1,14,3,0.0023023318499326706,0.002276873914524913,0.00231124903075397
train,0,mp-aaaaaaab,7.0,1,14,3,0.002290866104885936,0.002269875956699252,0.0022958540357649326
train,0,mp-aaaaaaab,7.5,1,14,3,0.002300509950146079,0.002278662985190749,0.002314459066838026
train,0,mp-aaaaaaab,8.0,1,14,3,0.0033517370466142893,0.003294403897598386,0.0033773910254240036
train,296,mp-aaaaaaxm,3.0,4,28,3,0.0016466609667986631,0.001646141055971384,0.0016496391035616398
train,296,mp-aaaaaaxm,3.5,4,28,3,0.0016225231811404228,0.0016008350066840649,0.0016332401428371668
train,296,mp-aaaaaaxm,4.0,4,64,3,0.0025296041276305914,0.0025179688818752766,0.0025624940171837807
train,296,mp-aaaaaaxm,4.5,4,64,3,0.0025169418659061193,0.002488492988049984,0.0025516848545521498
train,296,mp-aaaaaaxm,5.0,4,136,3,0.002501309849321842,0.0024957831483334303,0.002535519888624549
train,296,mp-aaaaaaxm,5.5,4,148,3,0.0025624819099903107,0.0025004930794239044,0.002564326860010624
train,296,mp-aaaaaaxm,6.0,4,204,3,0.0026764990761876106,0.002674693940207362,0.0034811878576874733
train,296,mp-aaaaaaxm,6.5,4,276,3,0.00265872897580266,0.0026462010573595762,0.0026917760260403156
train,296,mp-aaaaaaxm,7.0,4,324,3,0.004060409963130951,0.004001026973128319,0.004079635953530669
train,296,mp-aaaaaaxm,7.5,4,444,3,0.004147759871557355,0.004132434958592057,0.004195817047730088
train,296,mp-aaaaaaxm,8.0,4,492,3,0.004209251143038273,0.004181329859420657,0.004229862010106444
train,593,mp-aaaaabzl,3.0,6,44,3,0.0016933749429881573,0.0016871439293026924,0.001724274130538106
train,593,mp-aaaaabzl,3.5,6,74,3,0.0016882801428437233,0.0016775778494775295,0.0017537130042910576
train,593,mp-aaaaabzl,4.0,6,82,3,0.0026515640784054995,0.0026402410585433245,0.0026582139544188976
train,593,mp-aaaaabzl,4.5,6,130,3,0.0027439401019364595,0.0027379789389669895,0.0028226529248058796
train,593,mp-aaaaabzl,5.0,6,178,3,0.0027325700502842665,0.002721344819292426,0.002783062169328332
train,593,mp-aaaaabzl,5.5,6,248,3,0.0029436429031193256,0.0028791020158678293,0.0030452338978648186
train,593,mp-aaaaabzl,6.0,6,322,3,0.004496417939662933,0.004393407143652439,0.005336826900020242
train,593,mp-aaaaabzl,6.5,6,392,3,0.004409278044477105,0.0044052619487047195,0.00448387092910707
train,593,mp-aaaaabzl,7.0,6,526,3,0.004497001878917217,0.004493411863222718,0.004550832090899348
train,593,mp-aaaaabzl,7.5,6,616,3,0.004478302085772157,0.004461440956220031,0.004504052922129631
train,593,mp-aaaaabzl,8.0,6,728,3,0.004800199996680021,0.004771184176206589,0.004856787854805589
train,890,mp-aaaaadbx,3.0,2,0,3,0.0013236231170594692,0.001322807976976037,0.0013630581088364124
train,890,mp-aaaaadbx,3.5,2,16,3,0.001563733909279108,0.0015591159462928772,0.0015742960385978222
train,890,mp-aaaaadbx,4.0,2,28,3,0.0015917620621621609,0.0015465859323740005,0.0016063449438661337
train,890,mp-aaaaadbx,4.5,2,28,3,0.0015534218400716782,0.0015500378794968128,0.001596556045114994
train,890,mp-aaaaadbx,5.0,2,28,3,0.001543070888146758,0.0015379139222204685,0.001559590920805931
train,890,mp-aaaaadbx,5.5,2,52,3,0.0015397639945149422,0.001520936843007803,0.0015858339611440897
train,890,mp-aaaaadbx,6.0,2,52,3,0.0023941760882735252,0.00237317499704659,0.0024107128847390413
train,890,mp-aaaaadbx,6.5,2,100,3,0.0025567628908902407,0.00251280190423131,0.002563358983024955
train,890,mp-aaaaadbx,7.0,2,116,3,0.002542146947234869,0.0025097199250012636,0.002588696079328656
train,890,mp-aaaaadbx,7.5,2,116,3,0.002533932914957404,0.0025295389350503683,0.00257258303463459
train,890,mp-aaaaadbx,8.0,2,128,3,0.0025266059674322605,0.0025063760112971067,0.00252803904004395
train,1187,mp-aaaaaecr,3.0,2,28,3,0.0016016820445656776,0.0015990540850907564,0.001606315141543746
train,1187,mp-aaaaaecr,3.5,2,28,3,0.0015606649685651064,0.0015519321896135807,0.0016135508194565773
train,1187,mp-aaaaaecr,4.0,2,52,3,0.002394955139607191,0.002386024920269847,0.00240305601619184
train,1187,mp-aaaaaecr,4.5,2,116,3,0.002568318974226713,0.0025027310475707054,0.0026002279482781887
train,1187,mp-aaaaaecr,5.0,2,116,3,0.0025445730425417423,0.002517373999580741,0.0025745609309524298
train,1187,mp-aaaaaecr,5.5,2,128,3,0.0025050980038940907,0.0025012060068547726,0.0025230301544070244
train,1187,mp-aaaaaecr,6.0,2,224,3,0.002675292082130909,0.0026351050473749638,0.0026863841339945793
train,1187,mp-aaaaaecr,6.5,2,272,3,0.0038980019744485617,0.0038959369994699955,0.003928468097001314
train,1187,mp-aaaaaecr,7.0,2,336,3,0.004185796016827226,0.004163813078776002,0.0042372699826955795
train,1187,mp-aaaaaecr,7.5,2,360,3,0.004257300868630409,0.004172750050202012,0.004323132103309035
train,1187,mp-aaaaaecr,8.0,2,516,3,0.004200618015602231,0.0041747610084712505,0.004232988925650716
train,1484,mp-aaaaafnw,3.0,4,32,3,0.0016580498777329922,0.0016415331047028303,0.0016986429691314697
train,1484,mp-aaaaafnw,3.5,4,56,3,0.0016632778570055962,0.0016469571273773909,0.001663770992308855
train,1484,mp-aaaaafnw,4.0,4,56,3,0.0016663270071148872,0.0016495359595865011,0.0016675360966473818
train,1484,mp-aaaaafnw,4.5,4,104,3,0.001674512168392539,0.0016530218999832869,0.001680893125012517
train,1484,mp-aaaaafnw,5.0,4,104,3,0.0026073909830302,0.002559965942054987,0.0026306461077183485
train,1484,mp-aaaaafnw,5.5,4,232,3,0.002749082865193486,0.002683699131011963,0.0029330009128898382
train,1484,mp-aaaaafnw,6.0,4,232,3,0.002708046929910779,0.0026484779082238674,0.0027231171261519194
train,1484,mp-aaaaafnw,6.5,4,256,3,0.002718389965593815,0.002697650110349059,0.002757665002718568
train,1484,mp-aaaaafnw,7.0,4,448,3,0.002721186028793454,0.002686510095372796,0.0027287269476801157
train,1484,mp-aaaaafnw,7.5,4,544,3,0.0027695989701896906,0.0027340990491211414,0.002780237002298236
train,1484,mp-aaaaafnw,8.0,4,672,3,0.004173306981101632,0.004135255003347993,0.004196212161332369
train,1767,mp-aaaaagxd,3.0,80,816,3,0.005458444822579622,0.0053369279485195875,0.006499365903437138
train,1767,mp-aaaaagxd,3.5,80,1392,3,0.005429053911939263,0.005420297849923372,0.005769284907728434
train,1767,mp-aaaaagxd,4.0,80,2512,3,0.005520740989595652,0.005496636964380741,0.005551427835598588
train,1767,mp-aaaaagxd,4.5,80,2960,3,0.0054922138806432486,0.005466419039294124,0.005501745035871863
train,1767,mp-aaaaagxd,5.0,80,4208,3,0.021767264930531383,0.01981616299599409,0.026335908100008965
train,1767,mp-aaaaagxd,5.5,80,5968,3,0.0208286561537534,0.020757836056873202,0.020874427864328027
train,1767,mp-aaaaagxd,6.0,80,7968,3,0.020420982968062162,0.02017060900107026,0.021556434920057654
train,1767,mp-aaaaagxd,6.5,80,9424,3,0.020127110183238983,0.019956552889198065,0.02023816597647965
train,1767,mp-aaaaagxd,7.0,80,12480,3,0.02043036511167884,0.020339209120720625,0.020603989949449897
train,1767,mp-aaaaagxd,7.5,80,15120,3,0.021081316052004695,0.020419100066646934,0.02114451490342617
train,1767,mp-aaaaagxd,8.0,80,17664,3,0.020894917892292142,0.020450853975489736,0.021260584937408566
train,1781,mp-aaaaagym,3.0,5,26,3,0.0017916369251906872,0.0017181320581585169,0.0018677141051739454
train,1781,mp-aaaaagym,3.5,5,58,3,0.002730627777054906,0.002703289967030287,0.0027719379868358374
train,1781,mp-aaaaagym,4.0,5,90,3,0.0026763419155031443,0.0026659308932721615,0.002782142022624612
train,1781,mp-aaaaagym,4.5,5,106,3,0.0026784450747072697,0.00263608293607831,0.0027279749047011137
train,1781,mp-aaaaagym,5.0,5,150,3,0.0026922188699245453,0.002669708104804158,0.0027074299287050962
train,1781,mp-aaaaagym,5.5,5,238,3,0.0026887620333582163,0.0026843049563467503,0.0027077081613242626
train,1781,mp-aaaaagym,6.0,5,294,3,0.004027161048725247,0.0040009887889027596,0.004029235104098916
train,1781,mp-aaaaagym,6.5,5,414,3,0.004424251848831773,0.004409136949107051,0.004497455898672342
train,1781,mp-aaaaagym,7.0,5,462,3,0.004560716915875673,0.004403311992064118,0.00465358211658895
train,1781,mp-aaaaagym,7.5,5,608,3,0.004546233918517828,0.004508432000875473,0.004602362867444754
train,1781,mp-aaaaagym,8.0,5,748,3,0.006261791801080108,0.006253208965063095,0.006276232888922095
train,2078,mp-aaaaaiqq,3.0,8,88,3,0.0018505740445107222,0.0018374929204583168,0.001905290875583887
train,2078,mp-aaaaaiqq,3.5,8,144,3,0.0018743330147117376,0.0018424161244183779,0.0018775379285216331
train,2078,mp-aaaaaiqq,4.0,8,208,3,0.0031069868709892035,0.003046100027859211,0.0031085300724953413
train,2078,mp-aaaaaiqq,4.5,8,244,3,0.0030899220146238804,0.003056958084926009,0.0031177301425486803
train,2078,mp-aaaaaiqq,5.0,8,416,3,0.0030626249499619007,0.003060037037357688,0.0031157720368355513
train,2078,mp-aaaaaiqq,5.5,8,640,3,0.0031124658416956663,0.003097804030403495,0.0031267048325389624
train,2078,mp-aaaaaiqq,6.0,8,688,3,0.0050390290562063456,0.004960459191352129,0.005650173174217343
train,2078,mp-aaaaaiqq,6.5,8,880,3,0.005145462928339839,0.005137491039931774,0.005146818934008479
train,2078,mp-aaaaaiqq,7.0,8,1168,3,0.005417671985924244,0.005316290073096752,0.005454844096675515
train,2078,mp-aaaaaiqq,7.5,8,1336,3,0.005491115152835846,0.005434893071651459,0.0055976309813559055
train,2078,mp-aaaaaiqq,8.0,8,1696,3,0.005483365152031183,0.005470877978950739,0.005538074066862464
train,2375,mp-aaaaakoh,3.0,2,0,3,0.0013827020302414894,0.0013746758922934532,0.001409023068845272
train,2375,mp-aaaaakoh,3.5,2,16,3,0.0016011458355933428,0.0015732171013951302,0.0016033700667321682
train,2375,mp-aaaaakoh,4.0,2,28,3,0.001625698059797287,0.0016140348743647337,0.0016490078996866941
train,2375,mp-aaaaakoh,4.5,2,28,3,0.0016040850896388292,0.0015900509897619486,0.001618614885956049
train,2375,mp-aaaaakoh,5.0,2,28,3,0.0016175631899386644,0.0015937539283186197,0.00162693508900702
train,2375,mp-aaaaakoh,5.5,2,28,3,0.00160497915931046,0.0015729810111224651,0.0016183098778128624
train,2375,mp-aaaaakoh,6.0,2,52,3,0.002432262059301138,0.0024154868442565203,0.002489060163497925
train,2375,mp-aaaaakoh,6.5,2,100,3,0.002542495960369706,0.0025396840646862984,0.00255224690772593
train,2375,mp-aaaaakoh,7.0,2,116,3,0.0025597538333386183,0.0025127690751105547,0.0025663289707154036
train,2375,mp-aaaaakoh,7.5,2,116,3,0.002534391125664115,0.002524019917473197,0.0025642269756644964
train,2375,mp-aaaaakoh,8.0,2,128,3,0.0025817861314862967,0.002547383075580001,0.00258434796705842
train,2672,mp-aaaaalve,3.0,5,60,3,0.001727171940729022,0.0017015649937093258,0.0017490200698375702
train,2672,mp-aaaaalve,3.5,5,60,3,0.0016793941613286734,0.0016515948809683323,0.0016831071116030216
train,2672,mp-aaaaalve,4.0,5,76,3,0.001690983073785901,0.0016878971364349127,0.0016910969279706478
train,2672,mp-aaaaalve,4.5,5,106,3,0.001674966188147664,0.0016488188412040472,0.0016862940974533558
train,2672,mp-aaaaalve,5.0,5,250,3,0.001709858886897564,0.0016940461937338114,0.001736138015985489
train,2672,mp-aaaaalve,5.5,5,250,3,0.0017054330091923475,0.0016771440859884024,0.0017135199159383774
train,2672,mp-aaaaalve,6.0,5,310,3,0.0017308751121163368,0.0016962538938969374,0.0017453718464821577
train,2672,mp-aaaaalve,6.5,5,466,3,0.002853752113878727,0.0028488358948379755,0.002873776014894247
train,2672,mp-aaaaalve,7.0,5,514,3,0.0028237351216375828,0.0027993768453598022,0.0028518959879875183
train,2672,mp-aaaaalve,7.5,5,602,3,0.0028258790262043476,0.0028181581292301416,0.002829045057296753
train,2672,mp-aaaaalve,8.0,5,794,3,0.00284224608913064,0.0028403319884091616,0.0028984600212424994
train,2969,mp-aaaaanih,3.0,16,40,3,0.0025043620262295008,0.002442245837301016,0.0026137218810617924
train,2969,mp-aaaaanih,3.5,16,40,3,0.0024687519762665033,0.0024563090410083532,0.002469862112775445
train,2969,mp-aaaaanih,4.0,16,136,3,0.002481649862602353,0.0024655249435454607,0.0025248921010643244
train,2969,mp-aaaaanih,4.5,16,208,3,0.0024851758498698473,0.002477986039593816,0.002515955828130245
train,2969,mp-aaaaanih,5.0,16,280,3,0.005044981138780713,0.005019378149881959,0.0050605840515345335
train,2969,mp-aaaaanih,5.5,16,336,3,0.005107030039653182,0.0049970620311796665,0.0052338591776788235
train,2969,mp-aaaaanih,6.0,16,480,3,0.005039614858105779,0.005024399142712355,0.0050588559824973345
train,2969,mp-aaaaanih,6.5,16,584,3,0.004967159125953913,0.004963143961504102,0.0050157487858086824
train,2969,mp-aaaaanih,7.0,16,656,3,0.005069398088380694,0.004997974960133433,0.0051036488730460405
train,2969,mp-aaaaanih,7.5,16,968,3,0.005034477217122912,0.005015133181586862,0.0050753578543663025
train,2969,mp-aaaaanih,8.0,16,1144,3,0.005084287142381072,0.005043548997491598,0.005091354018077254
train,3265,mp-aaaaaovr,3.0,4,24,3,0.0016999489162117243,0.0016882249619811773,0.0017338590696454048
train,3265,mp-aaaaaovr,3.5,4,52,3,0.001696798950433731,0.0016874109860509634,0.0017031470779329538
train,3265,mp-aaaaaovr,4.0,4,64,3,0.002629313850775361,0.0025858809240162373,0.0026978570967912674
train,3265,mp-aaaaaovr,4.5,4,88,3,0.0026040361262857914,0.002597175072878599,0.0026568470057100058
train,3265,mp-aaaaaovr,5.0,4,112,3,0.0026111528277397156,0.002597623039036989,0.0026197379920631647
train,3265,mp-aaaaaovr,5.5,4,124,3,0.002631446113809943,0.0026110380422323942,0.0026810811832547188
train,3265,mp-aaaaaovr,6.0,4,220,3,0.0027646240778267384,0.0027247059624642134,0.0028199460357427597
train,3265,mp-aaaaaovr,6.5,4,244,3,0.004120372934266925,0.004115666961297393,0.004180418094620109
train,3265,mp-aaaaaovr,7.0,4,324,3,0.0042626820504665375,0.004219409078359604,0.0042705119121819735
train,3265,mp-aaaaaovr,7.5,4,420,3,0.004319282015785575,0.0043180270586162806,0.004322731867432594
train,3265,mp-aaaaaovr,8.0,4,516,3,0.004221383947879076,0.004214137094095349,0.004366532899439335
train,3562,mp-aaaaaqcd,3.0,2,16,3,0.0015857908874750137,0.0015600870829075575,0.001628316007554531
train,3562,mp-aaaaaqcd,3.5,2,28,3,0.0015748559962958097,0.0015631811693310738,0.0016112960875034332
train,3562,mp-aaaaaqcd,4.0,2,28,3,0.0015475910622626543,0.0015420711133629084,0.0015811140183359385
train,3562,mp-aaaaaqcd,4.5,2,28,3,0.0015512451063841581,0.0015322871040552855,0.0015877021942287683
train,3562,mp-aaaaaqcd,5.0,2,52,3,0.0023320908658206463,0.002325001871213317,0.002390913898125291
train,3562,mp-aaaaaqcd,5.5,2,100,3,0.002437292831018567,0.0024329409934580326,0.002465080004185438
train,3562,mp-aaaaaqcd,6.0,2,116,3,0.0024993419647216797,0.002481725998222828,0.002534726867452264
train,3562,mp-aaaaaqcd,6.5,2,128,3,0.0024825609289109707,0.0024602641351521015,0.002525672083720565
train,3562,mp-aaaaaqcd,7.0,2,128,3,0.002487640827894211,0.0024773268960416317,0.0025742449797689915
train,3562,mp-aaaaaqcd,7.5,2,224,3,0.0026543261483311653,0.0026239720173180103,0.0026563999708741903
train,3562,mp-aaaaaqcd,8.0,2,272,3,0.0026493871118873358,0.0026363038923591375,0.0026570050977170467
train,3859,mp-aaaaarku,3.0,20,174,3,0.002795153995975852,0.0027650969568639994,0.0029539400711655617
train,3859,mp-aaaaarku,3.5,20,246,3,0.002762142103165388,0.0027271141298115253,0.0027975719422101974
train,3859,mp-aaaaarku,4.0,20,382,3,0.0027961600571870804,0.002762557938694954,0.002802800852805376
train,3859,mp-aaaaarku,4.5,20,556,3,0.0029627589974552393,0.0029621869325637817,0.0029715229757130146
train,3859,mp-aaaaarku,5.0,20,766,3,0.0029583938885480165,0.002943555824458599,0.002986948937177658
train,3859,mp-aaaaarku,5.5,20,1042,3,0.002986727049574256,0.002981554949656129,0.0030122860334813595
train,3859,mp-aaaaarku,6.0,20,1300,3,0.006272883852943778,0.006196300033479929,0.006338430801406503
train,3859,mp-aaaaarku,6.5,20,1726,3,0.006308458046987653,0.006255738902837038,0.006452420959249139
train,3859,mp-aaaaarku,7.0,20,2158,3,0.006324942922219634,0.006315022008493543,0.006411158014088869
train,3859,mp-aaaaarku,7.5,20,2650,3,0.006433109985664487,0.006394776050001383,0.006442976882681251
train,3859,mp-aaaaarku,8.0,20,3218,3,0.006452228175476193,0.00637927302159369,0.006580127170309424
train,4156,mp-aaaaatkf,3.0,10,100,3,0.001993263838812709,0.001985483104363084,0.002005718182772398
train,4156,mp-aaaaatkf,3.5,10,132,3,0.001959359971806407,0.0019416969735175371,0.001961815170943737
train,4156,mp-aaaaatkf,4.0,10,160,3,0.001957294996827841,0.0019502800423651934,0.0020164549350738525
train,4156,mp-aaaaatkf,4.5,10,244,3,0.0019730778876692057,0.001968259923160076,0.0019753838423639536
train,4156,mp-aaaaatkf,5.0,10,404,3,0.003427990945056081,0.003423274029046297,0.0038372178096324205
train,4156,mp-aaaaatkf,5.5,10,476,3,0.0033958321437239647,0.0033843968994915485,0.003447780152782798
train,4156,mp-aaaaatkf,6.0,10,660,3,0.0034290850162506104,0.0034002019092440605,0.003451240947470069
train,4156,mp-aaaaatkf,6.5,10,848,3,0.0034298619721084833,0.003415429964661598,0.0034670389723032713
train,4156,mp-aaaaatkf,7.0,10,1052,3,0.003445415059104562,0.003418700071051717,0.003465272020548582
train,4156,mp-aaaaatkf,7.5,10,1280,3,0.0036003359127789736,0.003578562056645751,0.0036928518675267696
train,4156,mp-aaaaatkf,8.0,10,1588,3,0.006043463014066219,0.0059575599152594805,0.006151375826448202
train,4453,mp-aaaaawhu,3.0,15,54,3,0.0022371450904756784,0.0021966989152133465,0.0022434149868786335
train,4453,mp-aaaaawhu,3.5,15,144,3,0.002430920023471117,0.002393327886238694,0.0024536768905818462
train,4453,mp-aaaaawhu,4.0,15,210,3,0.0024100630544126034,0.002408432075753808,0.0024198689498007298
train,4453,mp-aaaaawhu,4.5,15,306,3,0.002402699086815119,0.002393356990069151,0.0024187718518078327
train,4453,mp-aaaaawhu,5.0,15,360,3,0.002342578023672104,0.002322338055819273,0.0023798788897693157
train,4453,mp-aaaaawhu,5.5,15,570,3,0.002406537998467684,0.0023463040124624968,0.0024678180925548077
train,4453,mp-aaaaawhu,6.0,15,768,3,0.0024172919802367687,0.002370381960645318,0.0024570729583501816
train,4453,mp-aaaaawhu,6.5,15,852,3,0.0024539330042898655,0.002448607934638858,0.0024571181274950504
train,4453,mp-aaaaawhu,7.0,15,1152,3,0.0024652699939906597,0.002423373982310295,0.0024934089742600918
train,4453,mp-aaaaawhu,7.5,15,1434,3,0.004696025047451258,0.004539886023849249,0.0047679771669209
train,4453,mp-aaaaawhu,8.0,15,1740,3,0.0046583679504692554,0.004598370986059308,0.00467099598608911
train,4750,mp-aaaaazno,3.0,24,72,3,0.003184923902153969,0.003151352982968092,0.0032240189611911774
train,4750,mp-aaaaazno,3.5,24,120,3,0.0033503209706395864,0.0033154860138893127,0.003404037095606327
train,4750,mp-aaaaazno,4.0,24,228,3,0.003568510990589857,0.0033282290678471327,0.0038479689974337816
train,4750,mp-aaaaazno,4.5,24,408,3,0.003358564106747508,0.003351635066792369,0.0034097039606422186
train,4750,mp-aaaaazno,5.0,24,486,3,0.0033649608958512545,0.0033534730318933725,0.003366580931469798
train,4750,mp-aaaaazno,5.5,24,582,3,0.0034062450286000967,0.003376368898898363,0.0034412569366395473
train,4750,mp-aaaaazno,6.0,24,750,3,0.0034085249062627554,0.003396600019186735,0.003429778851568699
train,4750,mp-aaaaazno,6.5,24,1062,3,0.003532585222274065,0.0035275849513709545,0.003578033996745944
train,4750,mp-aaaaazno,7.0,24,1314,3,0.00762352510355413,0.007608615094795823,0.0076249269768595695
train,4750,mp-aaaaazno,7.5,24,1566,3,0.007891234010457993,0.0077146608382463455,0.008556238142773509
train,4750,mp-aaaaazno,8.0,24,2058,3,0.007717028027400374,0.0076085240580141544,0.007718315115198493
train,5047,mp-aaaabchq,3.0,12,80,3,0.002053560921922326,0.0020184291061013937,0.0020781641360372305
train,5047,mp-aaaabchq,3.5,12,136,3,0.002077579963952303,0.0020174419041723013,0.002082335064187646
train,5047,mp-aaaabchq,4.0,12,208,3,0.002040205057710409,0.0020317358430474997,0.0020480190869420767
train,5047,mp-aaaabchq,4.5,12,304,3,0.002062771003693342,0.00204137503169477,0.0020769909024238586
train,5047,mp-aaaabchq,5.0,12,456,3,0.0020611330401152372,0.002053096890449524,0.0020753550343215466
train,5047,mp-aaaabchq,5.5,12,584,3,0.0036862511187791824,0.003619668073952198,0.0036915410310029984
train,5047,mp-aaaabchq,6.0,12,664,3,0.003713819896802306,0.0036559831351041794,0.003761081025004387
train,5047,mp-aaaabchq,6.5,12,976,3,0.0037890418898314238,0.003783373860642314,0.0037977180909365416
train,5047,mp-aaaabchq,7.0,12,1144,3,0.003790411865338683,0.0037708820309489965,0.0037969769909977913
train,5047,mp-aaaabchq,7.5,12,1392,3,0.0037945290096104145,0.003774631069973111,0.0038122821133583784
train,5047,mp-aaaabchq,8.0,12,1808,3,0.0039486452005803585,0.0038977758958935738,0.003991152858361602
train,5344,mp-aaaabeni,3.0,6,40,3,0.0016670869663357735,0.0016470479313284159,0.0017015219200402498
train,5344,mp-aaaabeni,3.5,6,60,3,0.0016779492143541574,0.001632035942748189,0.001705395057797432
train,5344,mp-aaaabeni,4.0,6,68,3,0.0016849718522280455,0.0016394620761275291,0.0017422949895262718
train,5344,mp-aaaabeni,4.5,6,92,3,0.0016883618663996458,0.0016804160550236702,0.0016917241737246513
train,5344,mp-aaaabeni,5.0,6,144,3,0.0016789690125733614,0.0016478649340569973,0.0017314848955720663
train,5344,mp-aaaabeni,5.5,6,208,3,0.0016836379654705524,0.001664377050474286,0.001693568890914321
train,5344,mp-aaaabeni,6.0,6,232,3,0.001680321991443634,0.0016634969506412745,0.0017164628952741623
train,5344,mp-aaaabeni,6.5,6,336,3,0.002793160965666175,0.0027666580863296986,0.0028000399470329285
train,5344,mp-aaaabeni,7.0,6,416,3,0.002803844166919589,0.002800620160996914,0.0028168391436338425
train,5344,mp-aaaabeni,7.5,6,496,3,0.0028335300739854574,0.0028156531043350697,0.0028397999703884125
train,5344,mp-aaaabeni,8.0,6,604,3,0.002810535952448845,0.002792838029563427,0.0028566760011017323
train,5641,mp-aaaabgsi,3.0,6,40,3,0.0016510628629475832,0.0016159219667315483,0.0016654978971928358
train,5641,mp-aaaabgsi,3.5,6,60,3,0.001638706075027585,0.0016159869264811277,0.0016410178504884243
train,5641,mp-aaaabgsi,4.0,6,68,3,0.0016348620411008596,0.001619148999452591,0.0016392120160162449
train,5641,mp-aaaabgsi,4.5,6,92,3,0.001640008995309472,0.0016257970128208399,0.0016425419598817825
train,5641,mp-aaaabgsi,5.0,6,144,3,0.0016573460306972265,0.001626593992114067,0.001762297935783863
train,5641,mp-aaaabgsi,5.5,6,208,3,0.0016610538586974144,0.0016500409692525864,0.0017492410261183977
train,5641,mp-aaaabgsi,6.0,6,232,3,0.00167407700791955,0.0016365621704608202,0.0017020930536091328
train,5641,mp-aaaabgsi,6.5,6,352,3,0.002819980960339308,0.0027680399361997843,0.002888210816308856
train,5641,mp-aaaabgsi,7.0,6,416,3,0.0028074439615011215,0.002798225963488221,0.002857718151062727
train,5641,mp-aaaabgsi,7.5,6,544,3,0.0028419848531484604,0.002841765061020851,0.0028745478484779596
train,5641,mp-aaaabgsi,8.0,6,604,3,0.003144762944430113,0.0030648361425846815,0.0038799119647592306
train,5938,mp-aaaabihi,3.0,24,72,3,0.0017347799148410559,0.0017278459854424,0.0017966979648917913
train,5938,mp-aaaabihi,3.5,24,162,3,0.0017327731475234032,0.0017075869254767895,0.0017360697966068983
train,5938,mp-aaaabihi,4.0,24,276,3,0.0033319820649921894,0.0032782747875899076,0.0034254740457981825
train,5938,mp-aaaabihi,4.5,24,324,3,0.0032853810116648674,0.0032660041470080614,0.003353053005412221
train,5938,mp-aaaabihi,5.0,24,402,3,0.0035648830235004425,0.0035231090150773525,0.003651660867035389
train,5938,mp-aaaabihi,5.5,24,510,3,0.003622113959863782,0.003619210096076131,0.0036244308575987816
train,5938,mp-aaaabihi,6.0,24,786,3,0.0035868738777935505,0.0035782670602202415,0.003650133963674307
train,5938,mp-aaaabihi,6.5,24,900,3,0.0036110798828303814,0.0035794961731880903,0.003627016907557845
train,5938,mp-aaaabihi,7.0,24,1122,3,0.0036068579647690058,0.003606541082262993,0.0036682880017906427
train,5938,mp-aaaabihi,7.5,24,1440,3,0.0036562858149409294,0.0036009461618959904,0.003697548061609268
train,5938,mp-aaaabihi,8.0,24,1776,3,0.0036561281885951757,0.003619723953306675,0.003669233061373234
train,6235,mp-aaaabkdg,3.0,3,28,3,0.0016027709934860468,0.0015627839602530003,0.0016171608585864305
train,6235,mp-aaaabkdg,3.5,3,64,3,0.0016442378982901573,0.0016204880084842443,0.0016486791428178549
train,6235,mp-aaaabkdg,4.0,3,64,3,0.0024726991541683674,0.002444921061396599,0.0025376519188284874
train,6235,mp-aaaabkdg,4.5,3,128,3,0.0025740708224475384,0.0025654928758740425,0.0026176031678915024
train,6235,mp-aaaabkdg,5.0,3,146,3,0.00260258000344038,0.0025757139082998037,0.002685348968952894
train,6235,mp-aaaabkdg,5.5,3,242,3,0.0026014239992946386,0.0025834268890321255,0.0027003581635653973
train,6235,mp-aaaabkdg,6.0,3,242,3,0.0026217331178486347,0.0025795558467507362,0.002799806883558631
train,6235,mp-aaaabkdg,6.5,3,378,3,0.003916437039151788,0.0038657807745039463,0.003941380884498358
train,6235,mp-aaaabkdg,7.0,3,414,3,0.003936211112886667,0.003918013069778681,0.00403429102152586
train,6235,mp-aaaabkdg,7.5,3,570,3,0.004376997007057071,0.00430042902007699,0.0043988998513668776
train,6235,mp-aaaabkdg,8.0,3,642,3,0.004386872984468937,0.004225468961521983,0.004450876964256167
train,6531,mp-aaaabpnd,3.0,80,190,3,0.018954157130792737,0.01836321596056223,0.018990545067936182
train,6531,mp-aaaabpnd,3.5,80,414,3,0.018190423026680946,0.01805562200024724,0.018406467977911234
train,6531,mp-aaaabpnd,4.0,80,626,3,0.018560968106612563,0.018438430968672037,0.018619247945025563
train,6531,mp-aaaabpnd,4.5,80,1032,3,0.01901458203792572,0.018954202998429537,0.019439677940681577
train,6531,mp-aaaabpnd,5.0,80,1410,3,0.018561227014288306,0.018499396974220872,0.018598156981170177
train,6531,mp-aaaabpnd,5.5,80,1788,3,0.01837363583035767,0.01835436001420021,0.018518319120630622
train,6531,mp-aaaabpnd,6.0,80,2162,3,0.01864296803250909,0.018562485929578543,0.018707134993746877
train,6531,mp-aaaabpnd,6.5,80,2912,3,0.049856490921229124,0.04809243208728731,0.05089692282490432
train,6531,mp-aaaabpnd,7.0,80,3704,3,0.048603779869154096,0.04832516401074827,0.05003762897104025
train,6531,mp-aaaabpnd,7.5,80,4942,3,0.04817369417287409,0.04797068890184164,0.05200714012607932
train,6531,mp-aaaabpnd,8.0,80,5702,3,0.04973806906491518,0.048740616999566555,0.05946830497123301
train,6828,mp-aaaabrkd,3.0,16,140,3,0.0028212310280650854,0.0025486929807811975,0.004935497883707285
train,6828,mp-aaaabrkd,3.5,16,272,3,0.002523487899452448,0.002502154093235731,0.0025701490230858326
train,6828,mp-aaaabrkd,4.0,16,404,3,0.002532141050323844,0.002516167936846614,0.0025376100093126297
train,6828,mp-aaaabrkd,4.5,16,524,3,0.0025385390035808086,0.002514770021662116,0.002563547110185027
train,6828,mp-aaaabrkd,5.0,16,692,3,0.0025211141910403967,0.0025189369916915894,0.0025512361899018288
train,6828,mp-aaaabrkd,5.5,16,920,3,0.0025592290330678225,0.002528238110244274,0.002576719969511032
train,6828,mp-aaaabrkd,6.0,16,1360,3,0.002572217956185341,0.0025572828017175198,0.0026379309128969908
train,6828,mp-aaaabrkd,6.5,16,1612,3,0.0025668630842119455,0.0025405820924788713,0.0026191649958491325
train,6828,mp-aaaabrkd,7.0,16,2080,3,0.0026552509516477585,0.0026075318455696106,0.0028756989631801844
train,6828,mp-aaaabrkd,7.5,16,2464,3,0.0027014720253646374,0.0026768220122903585,0.002719569019973278
train,6828,mp-aaaabrkd,8.0,16,2956,3,0.005311575951054692,0.005171098979189992,0.005495340097695589
train,7125,mp-aaaabtfy,3.0,16,86,3,0.0024052311200648546,0.0023790940176695585,0.0024418008979409933
train,7125,mp-aaaabtfy,3.5,16,86,3,0.002395732793956995,0.002376832067966461,0.0024054148234426975
train,7125,mp-aaaabtfy,4.0,16,182,3,0.002561299130320549,0.0025215649511665106,0.0025709988549351692
train,7125,mp-aaaabtfy,4.5,16,320,3,0.002561946865171194,0.0025268772151321173,0.0025912050623446703
train,7125,mp-aaaabtfy,5.0,16,398,3,0.002568814903497696,0.002556835999712348,0.0025792091619223356
train,7125,mp-aaaabtfy,5.5,16,428,3,0.0025437569711357355,0.0025195409543812275,0.002547126030549407
train,7125,mp-aaaabtfy,6.0,16,560,3,0.00256515690125525,0.0025157087948173285,0.002583984052762389
train,7125,mp-aaaabtfy,6.5,16,704,3,0.002562949201092124,0.0025289379991590977,0.0025743229780346155
train,7125,mp-aaaabtfy,7.0,16,1052,3,0.002566424896940589,0.0025513730943202972,0.0026400669012218714
train,7125,mp-aaaabtfy,7.5,16,1196,3,0.004976468859240413,0.004952613962814212,0.005072433035820723
train,7125,mp-aaaabtfy,8.0,16,1494,3,0.005055519985035062,0.005012622103095055,0.0050750060472637415
train,7422,mp-aaaacbmz,3.0,46,412,3,0.0027886091265827417,0.002753941109403968,0.003399409120902419
train,7422,mp-aaaacbmz,3.5,46,628,3,0.002768827835097909,0.0027514840476214886,0.00277470494620502
train,7422,mp-aaaacbmz,4.0,46,884,3,0.0074308339972049,0.007254756987094879,0.009454823099076748
train,7422,mp-aaaacbmz,4.5,46,1320,3,0.0077091490384191275,0.0076038280967622995,0.008182188961654902
train,7422,mp-aaaacbmz,5.0,46,1794,3,0.007719703018665314,0.007695575011894107,0.007830248912796378
train,7422,mp-aaaacbmz,5.5,46,2444,3,0.0077845321502536535,0.007743464782834053,0.007847574772313237
train,7422,mp-aaaacbmz,6.0,46,3220,3,0.007848278153687716,0.007809689035639167,0.007867905078455806
train,7422,mp-aaaacbmz,6.5,46,4098,3,0.007903512101620436,0.00782042695209384,0.008356384001672268
train,7422,mp-aaaacbmz,7.0,46,4988,3,0.007959085050970316,0.007946323836222291,0.008010938065126538
train,7422,mp-aaaacbmz,7.5,46,6376,3,0.008026761002838612,0.008023608941584826,0.00805109809152782
train,7422,mp-aaaacbmz,8.0,46,7668,3,0.008147889049723744,0.008125599939376116,0.008863248862326145
train,7719,mp-aaabevyd,3.0,5,60,3,0.0017206999473273754,0.001679867971688509,0.0017708898521959782
train,7719,mp-aaabevyd,3.5,5,60,3,0.0016999260988086462,0.0016757647972553968,0.0017129729967564344
train,7719,mp-aaabevyd,4.0,5,76,3,0.0017084821593016386,0.0016704911831766367,0.0017129241023212671
train,7719,mp-aaabevyd,4.5,5,106,3,0.0017376190517097712,0.0017010080628097057,0.0019086641259491444
train,7719,mp-aaabevyd,5.0,5,154,3,0.0017034050542861223,0.001668855082243681,0.0017381031066179276
train,7719,mp-aaabevyd,5.5,5,250,3,0.0017091860063374043,0.0016744090244174004,0.0017134551890194416
train,7719,mp-aaabevyd,6.0,5,310,3,0.0017247761134058237,0.00172280496917665,0.0017315761651843786
train,7719,mp-aaabevyd,6.5,5,370,3,0.002803110983222723,0.002793272025883198,0.002842918038368225
train,7719,mp-aaabevyd,7.0,5,514,3,0.00283913710154593,0.0028148998972028494,0.0028516589663922787
train,7719,mp-aaabevyd,7.5,5,602,3,0.0028502829372882843,0.0028467390220612288,0.0028845989145338535
train,7719,mp-aaabevyd,8.0,5,794,3,0.0028676199726760387,0.0028563400264829397,0.0028736020904034376
train,8016,mp-aaabfowh,3.0,18,108,3,0.0026019930373877287,0.0025473758578300476,0.002649720059707761
train,8016,mp-aaabfowh,3.5,18,180,3,0.0025671650655567646,0.0025433991104364395,0.0025786617770791054
train,8016,mp-aaabfowh,4.0,18,336,3,0.0025693888310343027,0.002564801136031747,0.002619182923808694
train,8016,mp-aaabfowh,4.5,18,438,3,0.0027872389182448387,0.002711209002882242,0.0027960098814219236
train,8016,mp-aaabfowh,5.0,18,522,3,0.002719053067266941,0.002701211953535676,0.0027394420467317104
train,8016,mp-aaabfowh,5.5,18,774,3,0.0027669090777635574,0.002766519086435437,0.0027677000034600496
train,8016,mp-aaabfowh,6.0,18,948,3,0.005892125191166997,0.005564542021602392,0.006012222031131387
train,8016,mp-aaabfowh,6.5,18,1290,3,0.005680736154317856,0.005635882960632443,0.006022874033078551
train,8016,mp-aaabfowh,7.0,18,1536,3,0.0057392900343984365,0.005716064944863319,0.005752898054197431
train,8016,mp-aaabfowh,7.5,18,1938,3,0.005794079974293709,0.005702669965103269,0.005828717024996877
train,8016,mp-aaabfowh,8.0,18,2430,3,0.005650795064866543,0.005625068908557296,0.005660122958943248
train,8313,mp-aaabfsji,3.0,12,72,3,0.0020993000362068415,0.002093460876494646,0.0021061250008642673
train,8313,mp-aaabfsji,3.5,12,104,3,0.0021142640616744757,0.002099857898429036,0.002121815923601389
train,8313,mp-aaabfsji,4.0,12,232,3,0.0021236811298877,0.0021222808863967657,0.002129421103745699
train,8313,mp-aaabfsji,4.5,12,272,3,0.002139247953891754,0.002118593081831932,0.002148680854588747
train,8313,mp-aaabfsji,5.0,12,408,3,0.0021445739548653364,0.0021397920791059732,0.0021484391763806343
train,8313,mp-aaabfsji,5.5,12,520,3,0.0021526890341192484,0.0021523870527744293,0.002179458038881421
train,8313,mp-aaabfsji,6.0,12,640,3,0.002177691087126732,0.002157846000045538,0.0026212409138679504
train,8313,mp-aaabfsji,6.5,12,880,3,0.002252936130389571,0.0022288861218839884,0.0024540990125387907
train,8313,mp-aaabfsji,7.0,12,1024,3,0.0022071897983551025,0.002187604084610939,0.002244075993075967
train,8313,mp-aaabfsji,7.5,12,1344,3,0.003971033031120896,0.003937273984774947,0.004002303117886186
train,8313,mp-aaabfsji,8.0,12,1720,3,0.004078934900462627,0.0040527579840272665,0.0040855989791452885
train,8610,mp-aaabfwfd,3.0,80,438,3,0.019278458086773753,0.019168043974786997,0.024717174004763365
train,8610,mp-aaabfwfd,3.5,80,624,3,0.01950158504769206,0.019036893034353852,0.02026253705844283
train,8610,mp-aaabfwfd,4.0,80,926,3,0.019451517844572663,0.019424724858254194,0.019492239924147725
train,8610,mp-aaabfwfd,4.5,80,1604,3,0.019695627968758345,0.019458675058558583,0.019741153111681342
train,8610,mp-aaabfwfd,5.0,80,2300,3,0.019937721081078053,0.019818227039650083,0.02030547196045518
train,8610,mp-aaabfwfd,5.5,80,2870,3,0.01987187215127051,0.019769883947446942,0.020213866839185357
train,8610,mp-aaabfwfd,6.0,80,3870,3,0.020336883142590523,0.020138591062277555,0.021640504943206906
train,8610,mp-aaabfwfd,6.5,80,4888,3,0.019710113061591983,0.019528815988451242,0.019955407129600644
train,8610,mp-aaabfwfd,7.0,80,5876,3,0.020435858983546495,0.020245415857061744,0.0205703170504421
train,8610,mp-aaabfwfd,7.5,80,7552,3,0.020411994075402617,0.020167251117527485,0.020498714176937938
train,8610,mp-aaabfwfd,8.0,80,9212,3,0.01993706007488072,0.019851185847073793,0.02005617693066597
train,8907,mp-aaabghta,3.0,20,124,3,0.003133496968075633,0.0030344841070473194,0.0032852429430931807
train,8907,mp-aaabghta,3.5,20,232,3,0.0030035630334168673,0.002997622825205326,0.003043622011318803
train,8907,mp-aaabghta,4.0,20,320,3,0.0030089691281318665,0.002982422010973096,0.003016715869307518
train,8907,mp-aaabghta,4.5,20,452,3,0.0030019700061529875,0.0029977988451719284,0.0030046668834984303
train,8907,mp-aaabghta,5.0,20,640,3,0.0034060601610690355,0.0030320310033857822,0.004037349950522184
train,8907,mp-aaabghta,5.5,20,828,3,0.0030466800089925528,0.0030128390062600374,0.003053198102861643
train,8907,mp-aaabghta,6.0,20,1120,3,0.0030696610920131207,0.00305925402790308,0.0030841699335724115
train,8907,mp-aaabghta,6.5,20,1448,3,0.006470893044024706,0.006425008876249194,0.0065655100625008345
train,8907,mp-aaabghta,7.0,20,1836,3,0.006520360941067338,0.006441544042900205,0.006570380879566073
train,8907,mp-aaabghta,7.5,20,2232,3,0.0064714590553194284,0.00644293799996376,0.006474907044321299
train,8907,mp-aaabghta,8.0,20,2636,3,0.006732003064826131,0.006718239048495889,0.006802861811593175
train,9204,mp-aaabglxa,3.0,12,0,3,0.0018930782098323107,0.0018633350264281034,0.0019002710469067097
train,9204,mp-aaabglxa,3.5,12,48,3,0.0021431369241327047,0.002134827896952629,0.0021495739929378033
train,9204,mp-aaabglxa,4.0,12,160,3,0.0021304679103195667,0.0021243749652057886,0.0021342020481824875
train,9204,mp-aaabglxa,4.5,12,160,3,0.002117736032232642,0.002107621869072318,0.0021394891664385796
train,9204,mp-aaabglxa,5.0,12,160,3,0.002105441875755787,0.0020884410478174686,0.0021324078552424908
train,9204,mp-aaabglxa,5.5,12,260,3,0.00211692089214921,0.0021114961709827185,0.002133670961484313
train,9204,mp-aaabglxa,6.0,12,380,3,0.0021241179201751947,0.0021191968116909266,0.0021326090209186077
train,9204,mp-aaabglxa,6.5,12,516,3,0.002131880959495902,0.0021280490327626467,0.0021725741680711508
train,9204,mp-aaabglxa,7.0,12,636,3,0.0038113200571388006,0.0038094609044492245,0.0038242170121520758
train,9204,mp-aaabglxa,7.5,12,768,3,0.003882787888869643,0.0038289870135486126,0.003906535916030407
train,9204,mp-aaabglxa,8.0,12,792,3,0.0038411319255828857,0.003833319991827011,0.0038638811092823744
train,9500,mp-aaabjbxg,3.0,16,440,3,0.004991800058633089,0.004982370883226395,0.005093503976240754
train,9500,mp-aaabjbxg,3.5,16,440,3,0.00497575500048697,0.00496881315484643,0.005003248807042837
train,9500,mp-aaabjbxg,4.0,16,740,3,0.005267750006169081,0.005249961977824569,0.005387115059420466
train,9500,mp-aaabjbxg,4.5,16,1108,3,0.009297921089455485,0.009284137981012464,0.009319267934188247
train,9500,mp-aaabjbxg,5.0,16,1404,3,0.009319830918684602,0.009312089998275042,0.009342607110738754
train,9500,mp-aaabjbxg,5.5,16,1956,3,0.009620513068512082,0.009614282986149192,0.009627414168789983
train,9500,mp-aaabjbxg,6.0,16,2476,3,0.010113541968166828,0.010054623009636998,0.010179609060287476
train,9500,mp-aaabjbxg,6.5,16,3068,3,0.01618386385962367,0.016087652882561088,0.016979639884084463
train,9500,mp-aaabjbxg,7.0,16,4260,3,0.016166020184755325,0.016068442026153207,0.016351940808817744
train,9500,mp-aaabjbxg,7.5,16,4776,3,0.016236137133091688,0.016162439016625285,0.01623902004212141
train,9500,mp-aaabjbxg,8.0,16,6116,3,0.025458430172875524,0.025367874884977937,0.025993986055254936
train,9797,mp-aaabkpkf,3.0,7,4,3,0.0017955999355763197,0.0017205080948770046,0.001855046022683382
train,9797,mp-aaabkpkf,3.5,7,38,3,0.0018051550723612309,0.0017616620752960443,0.0018268609419465065
train,9797,mp-aaabkpkf,4.0,7,88,3,0.0017932269256561995,0.001773629104718566,0.0018017569091171026
train,9797,mp-aaabkpkf,4.5,7,88,3,0.0017889870796352625,0.001787930028513074,0.0018374358769506216
train,9797,mp-aaabkpkf,5.0,7,140,3,0.001807966036722064,0.0017752191051840782,0.0018098971340805292
train,9797,mp-aaabkpkf,5.5,7,140,3,0.0018056021071970463,0.0017962681595236063,0.0018093148246407509
train,9797,mp-aaabkpkf,6.0,7,230,3,0.002990187145769596,0.002975180046632886,0.0030250470153987408
train,9797,mp-aaabkpkf,6.5,7,338,3,0.0029778459575027227,0.0029696731362491846,0.0029799100011587143
train,9797,mp-aaabkpkf,7.0,7,412,3,0.002989113098010421,0.002969666849821806,0.0029982479754835367
train,9797,mp-aaabkpkf,7.5,7,532,3,0.0029920998495072126,0.002989990869536996,0.0030080629512667656
train,9797,mp-aaabkpkf,8.0,7,532,3,0.0030037309043109417,0.002981605939567089,0.003169687930494547
train,10088,mp-aaabogaj,3.0,80,944,3,0.0057002760004252195,0.005432760808616877,0.005768339149653912
train,10088,mp-aaabogaj,3.5,80,1464,3,0.01867630798369646,0.018534319940954447,0.01898368215188384
train,10088,mp-aaabogaj,4.0,80,2336,3,0.019968074979260564,0.019684651168063283,0.02005073893815279
train,10088,mp-aaabogaj,4.5,80,3464,3,0.02057783305644989,0.02030900283716619,0.02062364900484681
train,10088,mp-aaabogaj,5.0,80,4552,3,0.02038746210746467,0.020002020988613367,0.020423618843778968
train,10088,mp-aaabogaj,5.5,80,6344,3,0.0205304860137403,0.020335923181846738,0.021474557928740978
train,10088,mp-aaabogaj,6.0,80,8112,3,0.02058737794868648,0.020208733156323433,0.021740193013101816
train,10088,mp-aaabogaj,6.5,80,10320,3,0.02085000299848616,0.020140640903264284,0.022376518929377198
train,10088,mp-aaabogaj,7.0,80,12936,3,0.020831295987591147,0.020827039843425155,0.02083897008560598
train,10088,mp-aaabogaj,7.5,80,16176,3,0.02105830516666174,0.020859267096966505,0.022071638144552708
train,10088,mp-aaabogaj,8.0,80,19456,3,0.02127272984944284,0.020868343068286777,0.021281554829329252
train,10094,mp-aaabogrc,3.0,52,400,3,0.009139252826571465,0.008856680011376739,0.009424194926396012
train,10094,mp-aaabogrc,3.5,52,512,3,0.008979765931144357,0.00885617989115417,0.009039836004376411
train,10094,mp-aaabogrc,4.0,52,928,3,0.009421719936653972,0.009255771059542894,0.009752534097060561
train,10094,mp-aaabogrc,4.5,52,1384,3,0.009425550932064652,0.009346934035420418,0.009487716015428305
train,10094,mp-aaabogrc,5.0,52,1904,3,0.009484085021540523,0.009358101058751345,0.00950653082691133
train,10094,mp-aaabogrc,5.5,52,2504,3,0.009532544994726777,0.009523921180516481,0.0095418740529567
train,10094,mp-aaabogrc,6.0,52,3608,3,0.009516136953607202,0.00949380500242114,0.009552705101668835
train,10094,mp-aaabogrc,6.5,52,4384,3,0.009868632769212127,0.009581098100170493,0.009989346144720912
train,10094,mp-aaabogrc,7.0,52,5376,3,0.009874419076368213,0.00984893087297678,0.009927595034241676
train,10094,mp-aaabogrc,7.5,52,6584,3,0.010169283021241426,0.0100904640275985,0.010196903953328729
train,10094,mp-aaabogrc,8.0,52,7912,3,0.009782830951735377,0.009711509104818106,0.010003170929849148
train,10391,mp-aaabqzzo,3.0,5,24,3,0.0017525588627904654,0.0017191539518535137,0.0017596809193491936
train,10391,mp-aaabqzzo,3.5,5,40,3,0.0027227310929447412,0.00269536511041224,0.0027264910750091076
train,10391,mp-aaabqzzo,4.0,5,84,3,0.0026677658315747976,0.002657179953530431,0.002691144123673439
train,10391,mp-aaabqzzo,4.5,5,90,3,0.002649354049935937,0.002642473904415965,0.0026703590992838144
train,10391,mp-aaabqzzo,5.0,5,122,3,0.0026538788806647062,0.0026476529892534018,0.002713576192036271
train,10391,mp-aaabqzzo,5.5,5,154,3,0.002722807927057147,0.0026639269199222326,0.002748742001131177
train,10391,mp-aaabqzzo,6.0,5,230,3,0.0043349110055714846,0.004299364984035492,0.004461987875401974
train,10391,mp-aaabqzzo,6.5,5,250,3,0.0042406790889799595,0.004235125845298171,0.00425335206091404
train,10391,mp-aaabqzzo,7.0,5,410,3,0.004386092070490122,0.004369581816717982,0.004400566918775439
train,10391,mp-aaabqzzo,7.5,5,458,3,0.004396808799356222,0.004366979002952576,0.004488819045946002
train,10391,mp-aaabqzzo,8.0,5,542,3,0.0061670460272580385,0.006077944999560714,0.006193146109580994
train,10688,mp-aaabxakt,3.0,20,48,3,0.002819828921929002,0.0027550009544938803,0.0029129348695278168
train,10688,mp-aaabxakt,3.5,20,144,3,0.0028088281396776438,0.0027514719404280186,0.0028233870398253202
train,10688,mp-aaabxakt,4.0,20,216,3,0.002805895172059536,0.0027865469455718994,0.0028316949028521776
train,10688,mp-aaabxakt,4.5,20,232,3,0.0029384831432253122,0.0029321699403226376,0.002963100094348192
train,10688,mp-aaabxakt,5.0,20,376,3,0.0029712438117712736,0.002969438908621669,0.0030167170334607363
train,10688,mp-aaabxakt,5.5,20,448,3,0.0029988831374794245,0.0029878069180995226,0.0030255881138145924
train,10688,mp-aaabxakt,6.0,20,688,3,0.0030282929074019194,0.0030189070384949446,0.0030591022223234177
train,10688,mp-aaabxakt,6.5,20,976,3,0.0030729451682418585,0.00306625384837389,0.003363508963957429
train,10688,mp-aaabxakt,7.0,20,1144,3,0.0031090748962014914,0.0031064399518072605,0.0031301940325647593
train,10688,mp-aaabxakt,7.5,20,1384,3,0.0031068259850144386,0.003094986081123352,0.0031204528640955687
train,10688,mp-aaabxakt,8.0,20,1576,3,0.006412477931007743,0.006407955894246697,0.006462614051997662
train,10985,mp-aaabxezv,3.0,4,0,3,0.0014694880228489637,0.0014597109984606504,0.001479873899370432
train,10985,mp-aaabxezv,3.5,4,56,3,0.0016924478113651276,0.0016747519839555025,0.0017111131455749273
train,10985,mp-aaabxezv,4.0,4,56,3,0.0016900119371712208,0.001650308957323432,0.0017027920112013817
train,10985,mp-aaabxezv,4.5,4,56,3,0.0016793259419500828,0.001651620026677847,0.001683626091107726
train,10985,mp-aaabxezv,5.0,4,104,3,0.0016866640653461218,0.001651216996833682,0.0016963598318397999
train,10985,mp-aaabxezv,5.5,4,104,3,0.0025931070558726788,0.0025867680087685585,0.002626477973535657
train,10985,mp-aaabxezv,6.0,4,200,3,0.002563670976087451,0.0025611459277570248,0.002609334886074066
train,10985,mp-aaabxezv,6.5,4,232,3,0.0026899061631411314,0.002656779019162059,0.002725146012380719
train,10985,mp-aaabxezv,7.0,4,256,3,0.002682683989405632,0.0026637508999556303,0.0027062019798904657
train,10985,mp-aaabxezv,7.5,4,256,3,0.002669260138645768,0.002640079939737916,0.002723173936828971
train,10985,mp-aaabxezv,8.0,4,448,3,0.002741666976362467,0.002681826939806342,0.002763065043836832
train,11282,mp-aaabxgxa,3.0,4,32,3,0.0016338990535587072,0.001625523902475834,0.0016743030864745378
train,11282,mp-aaabxgxa,3.5,4,56,3,0.0016619551461189985,0.0016110569704324007,0.0016774279065430164
train,11282,mp-aaabxgxa,4.0,4,56,3,0.0016674438957124949,0.0016297989059239626,0.0016703610308468342
train,11282,mp-aaabxgxa,4.5,4,104,3,0.0016869448591023684,0.0016478861216455698,0.0016900121700018644
train,11282,mp-aaabxgxa,5.0,4,104,3,0.0025940840132534504,0.002584103960543871,0.002638109028339386
train,11282,mp-aaabxgxa,5.5,4,232,3,0.0027228500694036484,0.0027091619558632374,0.002770288148894906
train,11282,mp-aaabxgxa,6.0,4,232,3,0.002742030192166567,0.002741836942732334,0.002795957960188389
train,11282,mp-aaabxgxa,6.5,4,256,3,0.002748273080214858,0.002733835019171238,0.002750867046415806
train,11282,mp-aaabxgxa,7.0,4,448,3,0.002773841843008995,0.002746302867308259,0.0027955349069088697
train,11282,mp-aaabxgxa,7.5,4,544,3,0.0027751189190894365,0.002741412026807666,0.0027797240763902664
train,11282,mp-aaabxgxa,8.0,4,672,3,0.0041941930539906025,0.004192861029878259,0.004224376054480672
train,11579,mp-aaaccsox,3.0,3,28,3,0.001625346951186657,0.0016051949933171272,0.0021360148675739765
train,11579,mp-aaaccsox,3.5,3,28,3,0.0021513360552489758,0.0016357379499822855,0.002313641831278801
train,11579,mp-aaaccsox,4.0,3,28,3,0.0016357090789824724,0.0015922600869089365,0.0016619518864899874
train,11579,mp-aaaccsox,4.5,3,64,3,0.0024745818227529526,0.0024628809187561274,0.0025204040575772524
train,11579,mp-aaaccsox,5.0,3,112,3,0.002479802817106247,0.0024713980965316296,0.0025080041959881783
train,11579,mp-aaaccsox,5.5,3,128,3,0.002631786046549678,0.0025781430304050446,0.002643449930474162
train,11579,mp-aaaccsox,6.0,3,146,3,0.0026057299692183733,0.002560470951721072,0.002619493054226041
train,11579,mp-aaaccsox,6.5,3,194,3,0.0026709430385380983,0.0025852760300040245,0.0026769600808620453
train,11579,mp-aaaccsox,7.0,3,242,3,0.0026333380956202745,0.0025949489790946245,0.0027180241886526346
train,11579,mp-aaaccsox,7.5,3,314,3,0.003947938093915582,0.003917241934686899,0.003974385093897581
train,11579,mp-aaaccsox,8.0,3,378,3,0.003906778059899807,0.003906365018337965,0.003926606150344014
train,11876,mp-aaacdloc,3.0,21,186,3,0.0031003281474113464,0.003100023837760091,0.003355711931362748
train,11876,mp-aaacdloc,3.5,21,264,3,0.0030609900131821632,0.0030551019590348005,0.003069753060117364
train,11876,mp-aaacdloc,4.0,21,354,3,0.003076390130445361,0.0030700890347361565,0.0030786029528826475
train,11876,mp-aaacdloc,4.5,21,498,3,0.0030976450070738792,0.0030932012014091015,0.003160519991070032
train,11876,mp-aaacdloc,5.0,21,786,3,0.003124675014987588,0.0031162798404693604,0.0031371749937534332
train,11876,mp-aaacdloc,5.5,21,1014,3,0.003155863145366311,0.0031344799790531397,0.0031587290577590466
train,11876,mp-aaacdloc,6.0,21,1242,3,0.0031664688140153885,0.003140825079753995,0.003176136175170541
train,11876,mp-aaacdloc,6.5,21,1758,3,0.00662041106261313,0.006614462938159704,0.006639451952651143
train,11876,mp-aaacdloc,7.0,21,2168,3,0.006681662984192371,0.006660819984972477,0.0067285639233887196
train,11876,mp-aaacdloc,7.5,21,2532,3,0.006713581969961524,0.006690009031444788,0.006719602970406413
train,11876,mp-aaacdloc,8.0,21,3198,3,0.006976125994697213,0.006937003927305341,0.006989520043134689
train,12173,mp-aaacdsqd,3.0,4,32,3,0.0016759878490120173,0.0016571378801018,0.0016969239804893732
train,12173,mp-aaacdsqd,3.5,4,56,3,0.001679274020716548,0.0016493159346282482,0.00168782495893538
train,12173,mp-aaacdsqd,4.0,4,56,3,0.0016735929530113935,0.0016440190374851227,0.0016809639055281878
train,12173,mp-aaacdsqd,4.5,4,104,3,0.0016867180820554495,0.001646942924708128,0.0017132190987467766
train,12173,mp-aaacdsqd,5.0,4,104,3,0.0025815411936491728,0.0025523819494992495,0.0025927319657057524
train,12173,mp-aaacdsqd,5.5,4,232,3,0.00271403300575912,0.0026814891025424004,0.0027240070048719645
train,12173,mp-aaacdsqd,6.0,4,232,3,0.0026968729216605425,0.002695414936169982,0.0026981341652572155
train,12173,mp-aaacdsqd,6.5,4,256,3,0.0027087219059467316,0.002688612090423703,0.0027264959644526243
train,12173,mp-aaacdsqd,7.0,4,352,3,0.002716534771025181,0.002680758945643902,0.002754578832536936
train,12173,mp-aaacdsqd,7.5,4,448,3,0.00280035100877285,0.002791339997202158,0.0028392979875206947
train,12173,mp-aaacdsqd,8.0,4,544,3,0.004336607875302434,0.004312749952077866,0.0043869540095329285
train,12470,mp-aaaceqer,3.0,8,32,3,0.0018666349351406097,0.0018203298095613718,0.0019059518817812204
train,12470,mp-aaaceqer,3.5,8,44,3,0.0018925140611827374,0.0018535680137574673,0.0018949860241264105
train,12470,mp-aaaceqer,4.0,8,136,3,0.0019144921097904444,0.001905915793031454,0.00191682786680758
train,12470,mp-aaaceqer,4.5,8,160,3,0.003185864072293043,0.0030820469837635756,0.0031919239554554224
train,12470,mp-aaaceqer,5.0,8,220,3,0.0030577031429857016,0.003050635103136301,0.003093256149441004
train,12470,mp-aaaceqer,5.5,8,330,3,0.0031880440656095743,0.0030860600527375937,0.0031954918522387743
train,12470,mp-aaaceqer,6.0,8,372,3,0.0032822040375322104,0.003232416929677129,0.0034935269504785538
train,12470,mp-aaaceqer,6.5,8,440,3,0.0032810508273541927,0.0032460279762744904,0.0032929019071161747
train,12470,mp-aaaceqer,7.0,8,632,3,0.005179333966225386,0.0051615789998322725,0.00519383791834116
train,12470,mp-aaaceqer,7.5,8,764,3,0.0051595408003777266,0.005138664972037077,0.005194927798584104
train,12470,mp-aaaceqer,8.0,8,898,3,0.005288013024255633,0.00526617793366313,0.005327722989022732
train,12766,mp-aaacfkaj,3.0,3,28,3,0.0016308340709656477,0.0016106050461530685,0.0016415289137512445
train,12766,mp-aaacfkaj,3.5,3,30,3,0.0024378050584346056,0.002433361951261759,0.002474782057106495
train,12766,mp-aaacfkaj,4.0,3,42,3,0.0024532778188586235,0.0024361610412597656,0.0025055240839719772
train,12766,mp-aaacfkaj,4.5,3,42,3,0.0024330709129571915,0.0024255330208688974,0.002500833012163639
train,12766,mp-aaacfkaj,5.0,3,66,3,0.002473205793648958,0.0024486989714205265,0.0025463909842073917
train,12766,mp-aaacfkaj,5.5,3,102,3,0.0036436859518289566,0.0036165688652545214,0.003671774873510003
train,12766,mp-aaacfkaj,6.0,3,176,3,0.003980526002123952,0.003969884943217039,0.0039843120612204075
train,12766,mp-aaacfkaj,6.5,3,180,3,0.004048974020406604,0.003970780875533819,0.004055688856169581
train,12766,mp-aaacfkaj,7.0,3,188,3,0.00399727514013648,0.003992467885836959,0.004000191809609532
train,12766,mp-aaacfkaj,7.5,3,264,3,0.005307061830535531,0.005298960953950882,0.0053810670506209135
train,12766,mp-aaacfkaj,8.0,3,376,3,0.005477637052536011,0.005469661904498935,0.0056494129821658134
train,13063,mp-aaacfyxj,3.0,6,28,3,0.0017812890000641346,0.0017775669693946838,0.0018289410509169102
train,13063,mp-aaacfyxj,3.5,6,60,3,0.0017456470523029566,0.0017451110761612654,0.0017773080617189407
train,13063,mp-aaacfyxj,4.0,6,68,3,0.0017452319152653217,0.001739843050017953,0.0017495229840278625
train,13063,mp-aaacfyxj,4.5,6,92,3,0.0017434048932045698,0.0017096600495278835,0.001751055009663105
train,13063,mp-aaacfyxj,5.0,6,144,3,0.0017522440757602453,0.00172236911021173,0.0017616820987313986
train,13063,mp-aaacfyxj,5.5,6,208,3,0.0017641230951994658,0.001760442042723298,0.0017862149979919195
train,13063,mp-aaacfyxj,6.0,6,248,3,0.0017529120668768883,0.0017357429023832083,0.0017601419240236282
train,13063,mp-aaacfyxj,6.5,6,304,3,0.0029279061127454042,0.0029195549432188272,0.0029338558670133352
train,13063,mp-aaacfyxj,7.0,6,416,3,0.002940424019470811,0.0029256129637360573,0.0031897109001874924
train,13063,mp-aaacfyxj,7.5,6,508,3,0.0029371860437095165,0.0029298390727490187,0.0029531200416386127
train,13063,mp-aaacfyxj,8.0,6,604,3,0.002939513185992837,0.002938335994258523,0.003000614931806922
train,13360,mp-aaacikmd,3.0,3,18,3,0.0016127941198647022,0.0015743640251457691,0.0016261469572782516
train,13360,mp-aaacikmd,3.5,3,36,3,0.0024452628567814827,0.0024244911037385464,0.0024613081477582455
train,13360,mp-aaacikmd,4.0,3,36,3,0.0024107559584081173,0.002397409873083234,0.0024742770474404097
train,13360,mp-aaacikmd,4.5,3,54,3,0.002435422968119383,0.0024104698095470667,0.002442338038235903
train,13360,mp-aaacikmd,5.0,3,54,3,0.0024316078051924706,0.0024121259339153767,0.0024770160671323538
train,13360,mp-aaacikmd,5.5,3,118,3,0.003977973945438862,0.003948878031224012,0.004020971013233066
train,13360,mp-aaacikmd,6.0,3,160,3,0.003919297829270363,0.003907298902049661,0.003925804980099201
train,13360,mp-aaacikmd,6.5,3,166,3,0.0038754711858928204,0.0038702620659023523,0.0038855760358273983
train,13360,mp-aaacikmd,7.0,3,214,3,0.003922548843547702,0.003910874016582966,0.003959099063649774
train,13360,mp-aaacikmd,7.5,3,256,3,0.005922656040638685,0.0059020849876105785,0.005963973933830857
train,13360,mp-aaacikmd,8.0,3,382,3,0.006337272003293037,0.006260609952732921,0.006393342046067119
train,13657,mp-aaacjkpl,3.0,8,32,3,0.0018522099126130342,0.0018150638788938522,0.0018664139788597822
train,13657,mp-aaacjkpl,3.5,8,36,3,0.0017951070331037045,0.001778158126398921,0.001814377959817648
train,13657,mp-aaacjkpl,4.0,8,104,3,0.0018239219207316637,0.00182230188511312,0.001836487092077732
train,13657,mp-aaacjkpl,4.5,8,144,3,0.0030078799463808537,0.003003836842253804,0.0030306167900562286
train,13657,mp-aaacjkpl,5.0,8,208,3,0.0030247350223362446,0.0030152529943734407,0.0030281911604106426
train,13657,mp-aaacjkpl,5.5,8,248,3,0.003032055916264653,0.0030291101429611444,0.0030607320368289948
train,13657,mp-aaacjkpl,6.0,8,354,3,0.003216603072360158,0.0032089550513774157,0.0032250790391117334
train,13657,mp-aaacjkpl,6.5,8,396,3,0.003255730029195547,0.00325240520760417,0.003625738900154829
train,13657,mp-aaacjkpl,7.0,8,536,3,0.005202903179451823,0.005188449984416366,0.0052036561537534
train,13657,mp-aaacjkpl,7.5,8,692,3,0.0052107819356024265,0.005186446942389011,0.005213303025811911
train,13657,mp-aaacjkpl,8.0,8,842,3,0.005348470993340015,0.005336045986041427,0.005365794990211725
train,13954,mp-aaackpwt,3.0,3,0,3,0.00142752006649971,0.0014051049947738647,0.0014360419008880854
train,13954,mp-aaackpwt,3.5,3,16,3,0.001648241886869073,0.0016131640877574682,0.001674288883805275
train,13954,mp-aaackpwt,4.0,3,28,3,0.0016242018900811672,0.0016146309208124876,0.0016668690368533134
train,13954,mp-aaackpwt,4.5,3,28,3,0.0016243800055235624,0.0015977700240910053,0.0016350699588656425
train,13954,mp-aaackpwt,5.0,3,64,3,0.001637892099097371,0.0016080790665000677,0.0016549350693821907
train,13954,mp-aaackpwt,5.5,3,64,3,0.002519202884286642,0.002512415172532201,0.002588515169918537
train,13954,mp-aaackpwt,6.0,3,112,3,0.0025250189937651157,0.0025085669476538897,0.0025578239001333714
train,13954,mp-aaackpwt,6.5,3,128,3,0.00265857414342463,0.0026241291780024767,0.0026699311565607786
train,13954,mp-aaackpwt,7.0,3,128,3,0.0026296419091522694,0.002595778089016676,0.0026644570752978325
train,13954,mp-aaackpwt,7.5,3,146,3,0.002648412948474288,0.0025909319519996643,0.0027039682026952505
train,13954,mp-aaackpwt,8.0,3,242,3,0.0026497039943933487,0.0026356258895248175,0.0029318949673324823
train,14251,mp-aaaclexm,3.0,10,48,3,0.001868448918685317,0.0018572271801531315,0.001892120111733675
train,14251,mp-aaaclexm,3.5,10,120,3,0.0019562169909477234,0.001946405041962862,0.001982607878744602
train,14251,mp-aaaclexm,4.0,10,152,3,0.0019511280115693808,0.0019506469834595919,0.001954989042133093
train,14251,mp-aaaclexm,4.5,10,206,3,0.0019622400868684053,0.001956369960680604,0.0019657560624182224
train,14251,mp-aaaclexm,5.0,10,260,3,0.001963802147656679,0.001960712019354105,0.0019872088450938463
train,14251,mp-aaaclexm,5.5,10,452,3,0.0019840209279209375,0.001962200039997697,0.0020182360894978046
train,14251,mp-aaaclexm,6.0,10,500,3,0.0019846800714731216,0.001971989870071411,0.00198662793263793
train,14251,mp-aaaclexm,6.5,10,632,3,0.0020011321175843477,0.0019842940382659435,0.0020021689124405384
train,14251,mp-aaaclexm,7.0,10,884,3,0.0034151950385421515,0.003412715857848525,0.0034527829848229885
train,14251,mp-aaaclexm,7.5,10,1052,3,0.0034579411149024963,0.003443892113864422,0.003487071953713894
train,14251,mp-aaaclexm,8.0,10,1156,3,0.0036405979190021753,0.003609828883782029,0.005034525180235505
train,14548,mp-aaaclgpb,3.0,10,24,3,0.001825148006901145,0.0018158089369535446,0.002025771886110306
train,14548,mp-aaaclgpb,3.5,10,24,3,0.0018202080391347408,0.001790492096915841,0.0018221880309283733
train,14548,mp-aaaclgpb,4.0,10,96,3,0.0019715779926627874,0.0019438411109149456,0.001977639039978385
train,14548,mp-aaaclgpb,4.5,10,120,3,0.0019275890663266182,0.0019263201393187046,0.0019308950286358595
train,14548,mp-aaaclgpb,5.0,10,152,3,0.0019339590799063444,0.0019275960512459278,0.0019369139336049557
train,14548,mp-aaaclgpb,5.5,10,158,3,0.001954165054485202,0.0019361451268196106,0.001956846797838807
train,14548,mp-aaaclgpb,6.0,10,212,3,0.0020146879833191633,0.0019720098935067654,0.0020405708346515894
train,14548,mp-aaaclgpb,6.5,10,308,3,0.0019935728050768375,0.001986896153539419,0.0019950149580836296
train,14548,mp-aaaclgpb,7.0,10,500,3,0.0020088879391551018,0.001988064032047987,0.002041058149188757
train,14548,mp-aaaclgpb,7.5,10,500,3,0.0019807720091193914,0.001968970987945795,0.0019855930004268885
train,14548,mp-aaaclgpb,8.0,10,620,3,0.0020028729923069477,0.0019878922030329704,0.0020049908198416233
train,14845,mp-aaaclisp,3.0,10,24,3,0.0017822838854044676,0.0017583549488335848,0.001798694021999836
train,14845,mp-aaaclisp,3.5,10,96,3,0.0019334778189659119,0.0019115200266242027,0.0019407649524509907
train,14845,mp-aaaclisp,4.0,10,120,3,0.0019305869936943054,0.0019240190740674734,0.0019317870028316975
train,14845,mp-aaaclisp,4.5,10,152,3,0.0019679649267345667,0.0019396417774260044,0.0024428439792245626
train,14845,mp-aaaclisp,5.0,10,206,3,0.00202778703533113,0.0020208009518682957,0.002251853933557868
train,14845,mp-aaaclisp,5.5,10,260,3,0.001974669983610511,0.001949724042788148,0.0020064080599695444
train,14845,mp-aaaclisp,6.0,10,356,3,0.0019879608880728483,0.0019490770064294338,0.0019995919428765774
train,14845,mp-aaaclisp,6.5,10,500,3,0.001980610890313983,0.001966618001461029,0.001984097994863987
train,14845,mp-aaaclisp,7.0,10,620,3,0.002021048916503787,0.0019893080461770296,0.0020291099790483713
train,14845,mp-aaaclisp,7.5,10,728,3,0.0034804469905793667,0.00347306695766747,0.0035043510142713785
train,14845,mp-aaaclisp,8.0,10,932,3,0.003459314117208123,0.0034497911110520363,0.003569266991689801
train,15136,mp-aaacpgnk,3.0,1,8,3,0.003332383930683136,0.003330833977088332,0.003343846881762147
train,15136,mp-aaacpgnk,3.5,1,20,3,0.004870895994827151,0.004824457922950387,0.004981465870514512
train,15136,mp-aaacpgnk,4.0,1,28,3,0.004886553855612874,0.004881520988419652,0.004992211004719138
train,15136,mp-aaacpgnk,4.5,1,44,3,0.007129276171326637,0.0071162700187414885,0.007149818120524287
train,15136,mp-aaacpgnk,5.0,1,60,3,0.00741491699591279,0.007356073008850217,0.0074336419347673655
train,15136,mp-aaacpgnk,5.5,1,84,3,0.010656123980879784,0.010649685049429536,0.010836794972419739
train,15136,mp-aaacpgnk,6.0,1,108,3,0.010978799080476165,0.010948894079774618,0.011069324100390077
train,15136,mp-aaacpgnk,6.5,1,112,3,0.014747737906873226,0.014687994960695505,0.014873933978378773
train,15136,mp-aaacpgnk,7.0,1,182,3,0.020431256853044033,0.020306783029809594,0.021417691837996244
train,15136,mp-aaacpgnk,7.5,1,214,3,0.020336908055469394,0.02026760089211166,0.02038519410416484
train,15136,mp-aaacpgnk,8.0,1,238,3,0.025777747854590416,0.02560715493746102,0.025828035082668066
train,15142,mp-aaacpgrm,3.0,6,60,3,0.0017079890239983797,0.0016866351943463087,0.0017216969281435013
train,15142,mp-aaacpgrm,3.5,6,72,3,0.0016905239317566156,0.0016556340269744396,0.0016929889097809792
train,15142,mp-aaacpgrm,4.0,6,96,3,0.0016874740831553936,0.0016669679898768663,0.001692670863121748
train,15142,mp-aaacpgrm,4.5,6,132,3,0.001710608834400773,0.0017090151086449623,0.001738280989229679
train,15142,mp-aaacpgrm,5.0,6,132,3,0.0026962230913341045,0.00269604311324656,0.0027525401674211025
train,15142,mp-aaacpgrm,5.5,6,312,3,0.0027396921068429947,0.0027228500694036484,0.0027454178780317307
train,15142,mp-aaacpgrm,6.0,6,336,3,0.002735622925683856,0.0027141289319843054,0.002766126999631524
train,15142,mp-aaacpgrm,6.5,6,348,3,0.0027521660085767508,0.0027342468965798616,0.0028524650260806084
train,15142,mp-aaacpgrm,7.0,6,540,3,0.002907735062763095,0.0029062379617244005,0.0029324081260710955
train,15142,mp-aaacpgrm,7.5,6,588,3,0.0029253060929477215,0.0029022141825407743,0.0029609270859509706
train,15142,mp-aaacpgrm,8.0,6,768,3,0.0045457519590854645,0.004525205120444298,0.004603316076099873
train,15439,mp-aaacpiwg,3.0,4,56,3,0.0016591229941695929,0.0016533979214727879,0.0016715729143470526
train,15439,mp-aaacpiwg,3.5,4,56,3,0.0016607819125056267,0.0016360010486096144,0.0016860119067132473
train,15439,mp-aaacpiwg,4.0,4,104,3,0.0025763839948922396,0.0025365781038999557,0.0026340389158576727
train,15439,mp-aaacpiwg,4.5,4,200,3,0.002687884960323572,0.0025600921362638474,0.0026888849679380655
train,15439,mp-aaacpiwg,5.0,4,232,3,0.002704721176996827,0.0026773030404001474,0.0027646219823509455
train,15439,mp-aaacpiwg,5.5,4,256,3,0.0027548500802367926,0.002733255038037896,0.0028978059999644756
train,15439,mp-aaacpiwg,6.0,4,448,3,0.002768394071608782,0.0027370520401746035,0.002776368986815214
train,15439,mp-aaacpiwg,6.5,4,544,3,0.002770934021100402,0.0027279150672256947,0.0028037820011377335
train,15439,mp-aaacpiwg,7.0,4,672,3,0.004157759016379714,0.004126586019992828,0.004172381944954395
train,15439,mp-aaacpiwg,7.5,4,720,3,0.004175142152234912,0.004111685091629624,0.004190560895949602
train,15439,mp-aaacpiwg,8.0,4,1032,3,0.004563709022477269,0.004538974957540631,0.0045643148478120565
train,15735,mp-aaacpkhv,3.0,4,32,3,0.0016384068876504898,0.0016346380580216646,0.0016384660266339779
train,15735,mp-aaacpkhv,3.5,4,56,3,0.0016310829669237137,0.00161978998221457,0.0016492949798703194
train,15735,mp-aaacpkhv,4.0,4,56,3,0.0016337379347532988,0.0015970990061759949,0.0016454770229756832
train,15735,mp-aaacpkhv,4.5,4,56,3,0.0016331570222973824,0.0016331239603459835,0.0016412828117609024
train,15735,mp-aaacpkhv,5.0,4,104,3,0.00252173887565732,0.002501817187294364,0.0025581480003893375
train,15735,mp-aaacpkhv,5.5,4,200,3,0.0025595598854124546,0.0025422649923712015,0.002570017008110881
train,15735,mp-aaacpkhv,6.0,4,232,3,0.002679628785699606,0.0026698638685047626,0.002711326116696
train,15735,mp-aaacpkhv,6.5,4,256,3,0.0026727989315986633,0.0026588018517941236,0.0026870379224419594
train,15735,mp-aaacpkhv,7.0,4,352,3,0.0026781121268868446,0.002649581991136074,0.002731835003942251
train,15735,mp-aaacpkhv,7.5,4,448,3,0.0026909830048680305,0.0026809729170054197,0.003169754985719919
train,15735,mp-aaacpkhv,8.0,4,544,3,0.0027454278897494078,0.0027285900432616472,0.002789311110973358
train,16032,mp-aaacpmsc,3.0,4,0,3,0.0014322351198643446,0.0013934809248894453,0.0014370849821716547
train,16032,mp-aaacpmsc,3.5,4,32,3,0.0017349391710013151,0.0017016709316521883,0.0018673590384423733
train,16032,mp-aaacpmsc,4.0,4,56,3,0.0016531790606677532,0.001619372982531786,0.0016600149683654308
train,16032,mp-aaacpmsc,4.5,4,56,3,0.0016443468630313873,0.0016209371387958527,0.0016788688953965902
train,16032,mp-aaacpmsc,5.0,4,56,3,0.0016393228434026241,0.0016210880130529404,0.0016494391020387411
train,16032,mp-aaacpmsc,5.5,4,104,3,0.0016513611190021038,0.0016274270601570606,0.0016866580117493868
train,16032,mp-aaacpmsc,6.0,4,104,3,0.002548984019085765,0.002528856974095106,0.002552462974563241
train,16032,mp-aaacpmsc,6.5,4,200,3,0.0025878380984067917,0.0025829309597611427,0.002712814137339592
train,16032,mp-aaacpmsc,7.0,4,232,3,0.0027294198516756296,0.0026834369637072086,0.0027580989990383387
train,16032,mp-aaacpmsc,7.5,4,232,3,0.002710598986595869,0.0026869759894907475,0.002733101136982441
train,16032,mp-aaacpmsc,8.0,4,256,3,0.0027400110848248005,0.0027217587921768427,0.0027901099529117346
train,16329,mp-aaacpogb,3.0,4,32,3,0.0016743161249905825,0.001644213916733861,0.0016775669064372778
train,16329,mp-aaacpogb,3.5,4,56,3,0.0016637269873172045,0.0016483110375702381,0.0017386360559612513
train,16329,mp-aaacpogb,4.0,4,56,3,0.0016755550168454647,0.0016467159148305655,0.0017061010003089905
train,16329,mp-aaacpogb,4.5,4,104,3,0.0016770469956099987,0.0016640510875731707,0.0016818309668451548
train,16329,mp-aaacpogb,5.0,4,104,3,0.0025515879970043898,0.0025506741367280483,0.002568471012637019
train,16329,mp-aaacpogb,5.5,4,200,3,0.002579109976068139,0.0025410230737179518,0.0026284349150955677
train,16329,mp-aaacpogb,6.0,4,232,3,0.0027173259295523167,0.002664127852767706,0.002790978876873851
train,16329,mp-aaacpogb,6.5,4,256,3,0.0027060569263994694,0.0026650449726730585,0.002744722180068493
train,16329,mp-aaacpogb,7.0,4,352,3,0.0026900821831077337,0.00268266792409122,0.002748232102021575
train,16329,mp-aaacpogb,7.5,4,448,3,0.0027156840078532696,0.0027038748376071453,0.0027195140719413757
train,16329,mp-aaacpogb,8.0,4,544,3,0.0042034478392452,0.004164536949247122,0.004240479087457061
train,16626,mp-aaacpsqk,3.0,24,240,3,0.00356188602745533,0.0035319530870765448,0.003693582024425268
train,16626,mp-aaacpsqk,3.5,24,368,3,0.003552478039637208,0.003544231178238988,0.003573455149307847
train,16626,mp-aaacpsqk,4.0,24,512,3,0.0035875309258699417,0.0035140770487487316,0.003595368005335331
train,16626,mp-aaacpsqk,4.5,24,784,3,0.003615823108702898,0.0035877791233360767,0.0036781621165573597
train,16626,mp-aaacpsqk,5.0,24,1032,3,0.0036223160568624735,0.003601808799430728,0.0038638589903712273
train,16626,mp-aaacpsqk,5.5,24,1448,3,0.0036174440756440163,0.003612196072936058,0.0036935179959982634
train,16626,mp-aaacpsqk,6.0,24,1920,3,0.003642474068328738,0.0036334111355245113,0.0036754740867763758
train,16626,mp-aaacpsqk,6.5,24,2416,3,0.003718442050740123,0.0037107800599187613,0.0038067521527409554
train,16626,mp-aaacpsqk,7.0,24,2984,3,0.0037931581027805805,0.0036789700388908386,0.003826736006885767
train,16626,mp-aaacpsqk,7.5,24,3752,3,0.0037735358346253633,0.0037234982009977102,0.003785755019634962
train,16626,mp-aaacpsqk,8.0,24,4664,3,0.009087430080398917,0.008292854996398091,0.009914324851706624
train,16923,mp-aaacqpbw,3.0,12,128,3,0.002189741935580969,0.0021518049761652946,0.0022348009515553713
train,16923,mp-aaacqpbw,3.5,12,160,3,0.0021238771732896566,0.00212254305370152,0.002167066792026162
train,16923,mp-aaacqpbw,4.0,12,224,3,0.002129052998498082,0.0021121178288012743,0.002202052855864167
train,16923,mp-aaacqpbw,4.5,12,416,3,0.0038273450918495655,0.0038186609745025635,0.0038593600038439035
train,16923,mp-aaacqpbw,5.0,12,512,3,0.0038241830188781023,0.0037882179021835327,0.0038248240016400814
train,16923,mp-aaacqpbw,5.5,12,720,3,0.003875509835779667,0.003834929084405303,0.0038987540174275637
train,16923,mp-aaacqpbw,6.0,12,888,3,0.0038616638630628586,0.0038390650879591703,0.003919728100299835
train,16923,mp-aaacqpbw,6.5,12,1248,3,0.003898650873452425,0.003860441967844963,0.003957154927775264
train,16923,mp-aaacqpbw,7.0,12,1480,3,0.00389300100505352,0.003886811900883913,0.003995649050921202
train,16923,mp-aaacqpbw,7.5,12,1880,3,0.007138894870877266,0.007125022122636437,0.007193790981546044
train,16923,mp-aaacqpbw,8.0,12,2232,3,0.00715551502071321,0.00706681190058589,0.007247661938890815
train,17220,mp-aaacqyww,3.0,36,64,3,0.0022274861112236977,0.0022079921327531338,0.0022834341507405043
train,17220,mp-aaacqyww,3.5,36,200,3,0.005246325861662626,0.005239658989012241,0.005390588892623782
train,17220,mp-aaacqyww,4.0,36,360,3,0.005500960862264037,0.005492344032973051,0.005503003019839525
train,17220,mp-aaacqyww,4.5,36,552,3,0.005547394976019859,0.005525904009118676,0.005548946093767881
train,17220,mp-aaacqyww,5.0,36,688,3,0.005571485962718725,0.0055467679630964994,0.005580046912655234
train,17220,mp-aaacqyww,5.5,36,872,3,0.005635723005980253,0.005631170002743602,0.00565180997364223
train,17220,mp-aaacqyww,6.0,36,1064,3,0.005630580009892583,0.005584675120189786,0.005664013093337417
train,17220,mp-aaacqyww,6.5,36,1456,3,0.00578699610196054,0.005752868019044399,0.00579649000428617
train,17220,mp-aaacqyww,7.0,36,1976,3,0.005863178987056017,0.005839739926159382,0.005876939976587892
train,17220,mp-aaacqyww,7.5,36,2432,3,0.005828713998198509,0.005813623080030084,0.005905523896217346
train,17220,mp-aaacqyww,8.0,36,2864,3,0.0059343830216676,0.005847350927069783,0.005983902141451836
train,17517,mp-aaacrgts,3.0,5,4,3,0.001625281060114503,0.001599803101271391,0.0017102661076933146
train,17517,mp-aaacrgts,3.5,5,12,3,0.0017221670132130384,0.0016981929074972868,0.0017606040928512812
train,17517,mp-aaacrgts,4.0,5,12,3,0.0016902359202504158,0.001664364943280816,0.001696484861895442
train,17517,mp-aaacrgts,4.5,5,56,3,0.0016830740496516228,0.001672666985541582,0.0017194608226418495
train,17517,mp-aaacrgts,5.0,5,62,3,0.002667926950380206,0.002629874972626567,0.0027123061008751392
train,17517,mp-aaacrgts,5.5,5,74,3,0.002673747017979622,0.002620059996843338,0.002746323123574257
train,17517,mp-aaacrgts,6.0,5,86,3,0.002654497977346182,0.00264181406237185,0.0027002179995179176
train,17517,mp-aaacrgts,6.5,5,110,3,0.0026757449377328157,0.0026141370180994272,0.002679768018424511
train,17517,mp-aaacrgts,7.0,5,134,3,0.002777047222480178,0.0027504728641361,0.0028119829948991537
train,17517,mp-aaacrgts,7.5,5,184,3,0.002762565156444907,0.002719077980145812,0.0027663500513881445
train,17517,mp-aaacrgts,8.0,5,228,3,0.004233183106407523,0.004232048988342285,0.004241896094754338
train,17814,mp-aaacrmva,3.0,6,24,3,0.0017141811549663544,0.0017053540796041489,0.0017311910632997751
train,17814,mp-aaacrmva,3.5,6,64,3,0.0017389110289514065,0.0016716290265321732,0.0017547870520502329
train,17814,mp-aaacrmva,4.0,6,64,3,0.0027205750811845064,0.00271317595615983,0.0027828568127006292
train,17814,mp-aaacrmva,4.5,6,100,3,0.0027887809555977583,0.002766367979347706,0.0028251269832253456
train,17814,mp-aaacrmva,5.0,6,124,3,0.0027913630474358797,0.0027530500665307045,0.0028220529202371836
train,17814,mp-aaacrmva,5.5,6,192,3,0.002910063834860921,0.002908885944634676,0.00293105305172503
train,17814,mp-aaacrmva,6.0,6,228,3,0.004496712004765868,0.0044437008909881115,0.004551633959636092
train,17814,mp-aaacrmva,6.5,6,300,3,0.004493016982451081,0.004465216770768166,0.004599605221301317
train,17814,mp-aaacrmva,7.0,6,360,3,0.004657039884477854,0.004598196828737855,0.004734040005132556
train,17814,mp-aaacrmva,7.5,6,468,3,0.0046678949147462845,0.004621346015483141,0.004682476865127683
train,17814,mp-aaacrmva,8.0,6,564,3,0.004966211970895529,0.004887317074462771,0.005128260003402829
train,18111,mp-aaacrsoy,3.0,6,24,3,0.0017131029162555933,0.0016874580178409815,0.0017137278337031603
train,18111,mp-aaacrsoy,3.5,6,80,3,0.0017229779623448849,0.0017020499799400568,0.0017390090506523848
train,18111,mp-aaacrsoy,4.0,6,80,3,0.0017064809799194336,0.0016790449153631926,0.0017430030275136232
train,18111,mp-aaacrsoy,4.5,6,80,3,0.0016992089804261923,0.0016786388587206602,0.0017010360024869442
train,18111,mp-aaacrsoy,5.0,6,168,3,0.001723010092973709,0.0016964590176939964,0.0017589640337973833
train,18111,mp-aaacrsoy,5.5,6,264,3,0.0017728360835462809,0.001744851004332304,0.001855107955634594
train,18111,mp-aaacrsoy,6.0,6,264,3,0.00276151392608881,0.0027414741925895214,0.0028144209645688534
train,18111,mp-aaacrsoy,6.5,6,384,3,0.0027995628770440817,0.002767896978184581,0.0028571030125021935
train,18111,mp-aaacrsoy,7.0,6,384,3,0.0027814828790724277,0.002771344967186451,0.002806994831189513
train,18111,mp-aaacrsoy,7.5,6,624,3,0.002923221793025732,0.002917457139119506,0.002945337910205126
train,18111,mp-aaacrsoy,8.0,6,660,3,0.0029350819531828165,0.0029229552019387484,0.0029473670292645693
train,18408,mp-aaacrwie,3.0,5,60,3,0.0016675929073244333,0.0016333840321749449,0.0016876719892024994
train,18408,mp-aaacrwie,3.5,5,60,3,0.0016549720894545317,0.0016494779847562313,0.001659568166360259
train,18408,mp-aaacrwie,4.0,5,76,3,0.0016595609486103058,0.0016290841158479452,0.0016741161234676838
train,18408,mp-aaacrwie,4.5,5,106,3,0.00168884196318686,0.0016329109203070402,0.0016968899872153997
train,18408,mp-aaacrwie,5.0,5,154,3,0.0016681670676916838,0.0016483720391988754,0.001669925870373845
train,18408,mp-aaacrwie,5.5,5,250,3,0.0016848850063979626,0.0016662811394780874,0.001710692886263132
train,18408,mp-aaacrwie,6.0,5,310,3,0.0016889909747987986,0.001672075828537345,0.001739651896059513
train,18408,mp-aaacrwie,6.5,5,370,3,0.0027518048882484436,0.002746962010860443,0.0027971321251243353
train,18408,mp-aaacrwie,7.0,5,514,3,0.002779236063361168,0.002769255079329014,0.002808287972584367
train,18408,mp-aaacrwie,7.5,5,570,3,0.0028109089471399784,0.002783397911116481,0.002815837040543556
train,18408,mp-aaacrwie,8.0,5,794,3,0.0028039251919835806,0.0028015049174427986,0.0028598890639841557
train,18705,mp-aaaezrfg,3.0,5,24,3,0.0016380641609430313,0.0016072718426585197,0.0016386180650442839
train,18705,mp-aaaezrfg,3.5,5,36,3,0.001643473980948329,0.0016380620654672384,0.0016486130189150572
train,18705,mp-aaaezrfg,4.0,5,58,3,0.001629888080060482,0.0016195850912481546,0.0016874270513653755
train,18705,mp-aaaezrfg,4.5,5,78,3,0.001660388894379139,0.001625210978090763,0.001681298017501831
train,18705,mp-aaaezrfg,5.0,5,124,3,0.001665567047894001,0.0016327500343322754,0.0016717459075152874
train,18705,mp-aaaezrfg,5.5,5,152,3,0.0016707018949091434,0.0016372129321098328,0.00176414311863482
train,18705,mp-aaaezrfg,6.0,5,168,3,0.0027332338504493237,0.002709043910726905,0.0027352089527994394
train,18705,mp-aaaezrfg,6.5,5,236,3,0.0028268799651414156,0.0027494567912071943,0.003053064923733473
train,18705,mp-aaaezrfg,7.0,5,252,3,0.002748375991359353,0.002744253957644105,0.0027615909930318594
train,18705,mp-aaaezrfg,7.5,5,348,3,0.002770130056887865,0.0027571269311010838,0.0027710150461643934
train,18705,mp-aaaezrfg,8.0,5,380,3,0.002782331081107259,0.0027600310277193785,0.0028044958598911762
valid,0,mp-aaaaaaau,3.0,1,14,3,0.002361962106078863,0.0023100359831005335,0.002443447010591626
valid,0,mp-aaaaaaau,3.5,1,14,3,0.0033414210192859173,0.003310107160359621,0.0033829801250249147
valid,0,mp-aaaaaaau,4.0,1,26,3,0.003527845023199916,0.0034792758524417877,0.0037567850667983294
valid,0,mp-aaaaaaau,4.5,1,58,3,0.005234020063653588,0.004968633875250816,0.006704067112877965
valid,0,mp-aaaaaaau,5.0,1,58,3,0.005058805923908949,0.004904287867248058,0.005104032112285495
valid,0,mp-aaaaaaau,5.5,1,88,3,0.005342226941138506,0.005295535083860159,0.005546541186049581
valid,0,mp-aaaaaaau,6.0,1,112,3,0.0079605330247432,0.00780358980409801,0.008003609022125602
valid,0,mp-aaaaaaau,6.5,1,136,3,0.007858119904994965,0.007856159005314112,0.00787665112875402
valid,0,mp-aaaaaaau,7.0,1,168,3,0.01072317617945373,0.010654806857928634,0.01074619498103857
valid,0,mp-aaaaaaau,7.5,1,228,3,0.011683593969792128,0.011669212020933628,0.012645880924537778
valid,0,mp-aaaaaaau,8.0,1,282,3,0.01166185806505382,0.01156879705376923,0.011694015003740788
valid,36,mp-aaaaabaa,3.0,14,68,3,0.002378160133957863,0.0022456939332187176,0.002404537983238697
valid,36,mp-aaaaabaa,3.5,14,212,3,0.0022999271750450134,0.0022681530099362135,0.0023755859583616257
valid,36,mp-aaaaabaa,4.0,14,268,3,0.0023703519254922867,0.0022720720153301954,0.002378378063440323
valid,36,mp-aaaaabaa,4.5,14,428,3,0.0023669099900871515,0.0022941320203244686,0.002370895119383931
valid,36,mp-aaaaabaa,5.0,14,508,3,0.0043556238524615765,0.004323200089856982,0.004380002152174711
valid,36,mp-aaaaabaa,5.5,14,708,3,0.0043699489906430244,0.004364420892670751,0.0044194122310727835
valid,36,mp-aaaaabaa,6.0,14,944,3,0.004552862141281366,0.004441950935870409,0.004581490997225046
valid,36,mp-aaaaabaa,6.5,14,1264,3,0.004490508930757642,0.004487455822527409,0.004502819152548909
valid,36,mp-aaaaabaa,7.0,14,1520,3,0.00447866297326982,0.004453961970284581,0.004705465864390135
valid,36,mp-aaaaabaa,7.5,14,1832,3,0.00504968105815351,0.004747532773762941,0.006524639902636409
valid,36,mp-aaaaabaa,8.0,14,2280,3,0.0047584110870957375,0.004716459894552827,0.0048235999420285225
valid,73,mp-aaaaacbt,3.0,12,0,3,0.001780470134690404,0.001765682129189372,0.0018177391029894352
valid,73,mp-aaaaacbt,3.5,12,0,3,0.00176898087374866,0.0017353908624500036,0.0017704730853438377
valid,73,mp-aaaaacbt,4.0,12,56,3,0.002031467854976654,0.002029675990343094,0.0020877060014754534
valid,73,mp-aaaaacbt,4.5,12,120,3,0.0020437210332602262,0.00203515007160604,0.0021008409094065428
valid,73,mp-aaaaacbt,5.0,12,144,3,0.0020473571494221687,0.0020340601913630962,0.0020531851332634687
valid,73,mp-aaaaacbt,5.5,12,160,3,0.0020533730275928974,0.0020454099867492914,0.002085733925923705
valid,73,mp-aaaaacbt,6.0,12,208,3,0.002076525939628482,0.0020606759935617447,0.0021258059423416853
valid,73,mp-aaaaacbt,6.5,12,256,3,0.0020788300316780806,0.002076616045087576,0.002087133936583996
valid,73,mp-aaaaacbt,7.0,12,352,3,0.002091031987220049,0.0020874710753560066,0.002141091972589493
valid,73,mp-aaaaacbt,7.5,12,440,3,0.002229410922154784,0.00210137409158051,0.002333638956770301
valid,73,mp-aaaaacbt,8.0,12,560,3,0.0021294199395924807,0.0021198049653321505,0.002166477032005787
valid,110,mp-aaaaadfj,3.0,2,0,3,0.001377608859911561,0.0012916431296616793,0.0013842950575053692
valid,110,mp-aaaaadfj,3.5,2,16,3,0.0015550910029560328,0.0015274400357156992,0.0015686661936342716
valid,110,mp-aaaaadfj,4.0,2,28,3,0.0015476229600608349,0.0015195151790976524,0.0015606419183313847
valid,110,mp-aaaaadfj,4.5,2,28,3,0.0015627320390194654,0.0015250779688358307,0.0015758068766444921
valid,110,mp-aaaaadfj,5.0,2,28,3,0.00153114995919168,0.0015248919371515512,0.001554151065647602
valid,110,mp-aaaaadfj,5.5,2,52,3,0.002347141969949007,0.0023394920863211155,0.0024124099873006344
valid,110,mp-aaaaadfj,6.0,2,100,3,0.0025170461740344763,0.0024389689788222313,0.002884591929614544
valid,110,mp-aaaaadfj,6.5,2,116,3,0.0024512619711458683,0.002449185121804476,0.002484802855178714
valid,110,mp-aaaaadfj,7.0,2,116,3,0.002445241902023554,0.00244280812330544,0.0024773988407105207
valid,110,mp-aaaaadfj,7.5,2,128,3,0.0024586848448961973,0.002454579109326005,0.002482952084392309
valid,110,mp-aaaaadfj,8.0,2,176,3,0.0025892918929457664,0.002578746061772108,0.002606817986816168
valid,146,mp-aaaaaebl,3.0,3,28,3,0.0015947329811751842,0.0015811240300536156,0.001596724847331643
valid,146,mp-aaaaaebl,3.5,3,28,3,0.0015737891662865877,0.001541102072224021,0.0015807030722498894
valid,146,mp-aaaaaebl,4.0,3,64,3,0.0015825268346816301,0.0015555541031062603,0.0016184160485863686
valid,146,mp-aaaaaebl,4.5,3,64,3,0.002394832903519273,0.0023734928108751774,0.0024175529833883047
valid,146,mp-aaaaaebl,5.0,3,128,3,0.0025316469836980104,0.002501558978110552,0.002535579027608037
valid,146,mp-aaaaaebl,5.5,3,128,3,0.0025275759398937225,0.0025024740025401115,0.0025553579907864332
valid,146,mp-aaaaaebl,6.0,3,146,3,0.00253663188777864,0.002522978000342846,0.00254599517211318
valid,146,mp-aaaaaebl,6.5,3,242,3,0.002577548148110509,0.002575074788182974,0.0026019469369202852
valid,146,mp-aaaaaebl,7.0,3,314,3,0.003813004121184349,0.003775854827836156,0.0038221811410039663
valid,146,mp-aaaaaebl,7.5,3,378,3,0.003798417979851365,0.0037954289000481367,0.0038044839166104794
valid,146,mp-aaaaaebl,8.0,3,414,3,0.003807316068559885,0.0037979730404913425,0.003820794867351651
valid,171,mp-aaaaafae,3.0,80,864,3,0.018889477010816336,0.018519700039178133,0.019193717977032065
valid,171,mp-aaaaafae,3.5,80,1248,3,0.01829592208378017,0.018183985957875848,0.023748140083625913
valid,171,mp-aaaaafae,4.0,80,2064,3,0.01848904206417501,0.01848165807314217,0.020039641996845603
valid,171,mp-aaaaafae,4.5,80,2784,3,0.018659482011571527,0.0186108211055398,0.018792708171531558
valid,171,mp-aaaaafae,5.0,80,3552,3,0.019474543165415525,0.01928136497735977,0.019547350937500596
valid,171,mp-aaaaafae,5.5,80,5248,3,0.01990780420601368,0.01963314600288868,0.019966483116149902
valid,171,mp-aaaaafae,6.0,80,6976,3,0.01998923998326063,0.019800912821665406,0.020127562107518315
valid,171,mp-aaaaafae,6.5,80,8512,3,0.020231323782354593,0.020226177060976624,0.02045926987193525
valid,171,mp-aaaaafae,7.0,80,11200,3,0.02079324098303914,0.020520578138530254,0.021026997128501534
valid,171,mp-aaaaafae,7.5,80,13504,3,0.02088271197862923,0.020441999891772866,0.02120399405248463
valid,171,mp-aaaaafae,8.0,80,15808,3,0.02108214283362031,0.020925018936395645,0.021177790127694607
valid,183,mp-aaaaafoz,3.0,5,60,3,0.001811496913433075,0.001718655927106738,0.001956172054633498
valid,183,mp-aaaaafoz,3.5,5,60,3,0.001689637079834938,0.0016502998769283295,0.0017172778025269508
valid,183,mp-aaaaafoz,4.0,5,76,3,0.001670947065576911,0.0016517508774995804,0.0016853620763868093
valid,183,mp-aaaaafoz,4.5,5,106,3,0.0016765191685408354,0.0016508582048118114,0.0016797631978988647
valid,183,mp-aaaaafoz,5.0,5,154,3,0.0016835159622132778,0.001658458961173892,0.0016974899917840958
valid,183,mp-aaaaafoz,5.5,5,250,3,0.0017057349905371666,0.001675616018474102,0.0017121629789471626
valid,183,mp-aaaaafoz,6.0,5,310,3,0.0017270250245928764,0.0017163779120892286,0.001728405011817813
valid,183,mp-aaaaafoz,6.5,5,370,3,0.002839090069755912,0.0028224668931216,0.00284450501203537
valid,183,mp-aaaaafoz,7.0,5,514,3,0.002842698944732547,0.0028269251342862844,0.0028734728693962097
valid,183,mp-aaaaafoz,7.5,5,602,3,0.002900297986343503,0.0028767890762537718,0.0029235088732093573
valid,183,mp-aaaaafoz,8.0,5,794,3,0.0029273489490151405,0.0028750330675393343,0.0029319580644369125
valid,220,mp-aaaaahjj,3.0,30,328,3,0.004495521076023579,0.004446991020813584,0.004676189040765166
valid,220,mp-aaaaahjj,3.5,30,388,3,0.004440608201548457,0.004403400933369994,0.004704084014520049
valid,220,mp-aaaaahjj,4.0,30,452,3,0.004444680875167251,0.004430501023307443,0.004463134100660682
valid,220,mp-aaaaahjj,4.5,30,696,3,0.004565020091831684,0.004516012966632843,0.00464427494443953
valid,220,mp-aaaaahjj,5.0,30,984,3,0.004566347924992442,0.004524758085608482,0.00459096604026854
valid,220,mp-aaaaahjj,5.5,30,1452,3,0.00453424802981317,0.004503448959439993,0.004604478133842349
valid,220,mp-aaaaahjj,6.0,30,1860,3,0.004645020002499223,0.004600052023306489,0.0046560210175812244
valid,220,mp-aaaaahjj,6.5,30,2300,3,0.010383299086242914,0.010297541040927172,0.010402241023257375
valid,220,mp-aaaaahjj,7.0,30,3020,3,0.011283623985946178,0.010351798962801695,0.011510987067595124
valid,220,mp-aaaaahjj,7.5,30,3592,3,0.010399928083643317,0.010275056818500161,0.010445163818076253
valid,220,mp-aaaaahjj,8.0,30,4768,3,0.010691568022593856,0.010664216009899974,0.010728755034506321
valid,256,mp-aaaaajdu,3.0,22,100,3,0.0032219612039625645,0.003166086971759796,0.003275969997048378
valid,256,mp-aaaaajdu,3.5,22,140,3,0.0031870051752775908,0.003182118060067296,0.0032138570677489042
valid,256,mp-aaaaajdu,4.0,22,196,3,0.003219922073185444,0.0031888640951365232,0.0033464180305600166
valid,256,mp-aaaaajdu,4.5,22,356,3,0.006833282066509128,0.006793641950935125,0.0068430351093411446
valid,256,mp-aaaaajdu,5.0,22,480,3,0.006931433221325278,0.006902955938130617,0.006978244055062532
valid,256,mp-aaaaajdu,5.5,22,604,3,0.00691202306188643,0.006878876127302647,0.00693585816770792
valid,256,mp-aaaaajdu,6.0,22,800,3,0.006948299007490277,0.006940595805644989,0.007002067985013127
valid,256,mp-aaaaajdu,6.5,22,988,3,0.007093796040862799,0.00709183095023036,0.007099861977621913
valid,256,mp-aaaaajdu,7.0,22,1300,3,0.007106957025825977,0.007081886054947972,0.0071296358946710825
valid,256,mp-aaaaajdu,7.5,22,1596,3,0.013404297875240445,0.01327627501450479,0.013423559023067355
valid,256,mp-aaaaajdu,8.0,22,1936,3,0.013447738019749522,0.013363817008212209,0.014820453012362123
valid,293,mp-aaaaakuw,3.0,10,44,3,0.0018116880673915148,0.0017902969848364592,0.0018398489337414503
valid,293,mp-aaaaakuw,3.5,10,124,3,0.0019282451830804348,0.00192221999168396,0.0019526071846485138
valid,293,mp-aaaaakuw,4.0,10,204,3,0.001941879978403449,0.001934258034452796,0.0019433109555393457
valid,293,mp-aaaaakuw,4.5,10,244,3,0.0019521741196513176,0.0019430271349847317,0.0019539000932127237
valid,293,mp-aaaaakuw,5.0,10,312,3,0.003368336008861661,0.003311465959995985,0.0033733260352164507
valid,293,mp-aaaaakuw,5.5,10,444,3,0.0033503619488328695,0.0033435230143368244,0.003361630951985717
valid,293,mp-aaaaakuw,6.0,10,612,3,0.003378774970769882,0.0033655900042504072,0.0034168569836765528
valid,293,mp-aaaaakuw,6.5,10,788,3,0.0033883170690387487,0.003386714030057192,0.00342098088003695
valid,293,mp-aaaaakuw,7.0,10,988,3,0.0035651600919663906,0.0035380010958760977,0.0035974958445876837
valid,293,mp-aaaaakuw,7.5,10,1192,3,0.003595076035708189,0.0035803820937871933,0.0036342882085591555
valid,293,mp-aaaaakuw,8.0,10,1396,3,0.003632746869698167,0.003622898831963539,0.0036358849611133337
valid,330,mp-aaaaamnc,3.0,6,44,3,0.001695492072030902,0.0016580058727413416,0.0017070220783352852
valid,330,mp-aaaaamnc,3.5,6,68,3,0.001690876903012395,0.001658586086705327,0.001695167040452361
valid,330,mp-aaaaamnc,4.0,6,80,3,0.0016806719359010458,0.0016581511590629816,0.0016900768969208002
valid,330,mp-aaaaamnc,4.5,6,104,3,0.0016918838955461979,0.001662045018747449,0.001696714200079441
valid,330,mp-aaaaamnc,5.0,6,176,3,0.0016987482085824013,0.001673107035458088,0.0017072311602532864
valid,330,mp-aaaaamnc,5.5,6,248,3,0.0017149799969047308,0.0016925858799368143,0.0017238571308553219
valid,330,mp-aaaaamnc,6.0,6,272,3,0.0017226100899279118,0.0017201609443873167,0.0017232238315045834
valid,330,mp-aaaaamnc,6.5,6,428,3,0.0028650062158703804,0.002862658118829131,0.002870130119845271
valid,330,mp-aaaaamnc,7.0,6,508,3,0.00287975394167006,0.002872606972232461,0.002881293185055256
valid,330,mp-aaaaamnc,7.5,6,588,3,0.0029087699949741364,0.0028920480981469154,0.0029100559186190367
valid,330,mp-aaaaamnc,8.0,6,716,3,0.0029209009371697903,0.0029128750320523977,0.0029281070455908775
valid,366,mp-aaaaanyb,3.0,10,120,3,0.0019420101307332516,0.001910520950332284,0.0019768381025642157
valid,366,mp-aaaaanyb,3.5,10,152,3,0.0019157370552420616,0.0019126820843666792,0.0019255110528320074
valid,366,mp-aaaaanyb,4.0,10,212,3,0.0019229189492762089,0.001914521912112832,0.0019410469103604555
valid,366,mp-aaaaanyb,4.5,10,308,3,0.0019918889738619328,0.0019506679382175207,0.0026970598846673965
valid,366,mp-aaaaanyb,5.0,10,500,3,0.0019688811153173447,0.001957561122253537,0.0019852060358971357
valid,366,mp-aaaaanyb,5.5,10,620,3,0.0019925199449062347,0.001985731068998575,0.001992695964872837
valid,366,mp-aaaaanyb,6.0,10,932,3,0.0034503520000725985,0.0033793491311371326,0.0034690320026129484
valid,366,mp-aaaaanyb,6.5,10,1084,3,0.0035683519672602415,0.0035638888366520405,0.0036565870977938175
valid,366,mp-aaaaanyb,7.0,10,1396,3,0.0035767010413110256,0.003565757069736719,0.0035959279630333185
valid,366,mp-aaaaanyb,7.5,10,1648,3,0.0036397359799593687,0.0036309589631855488,0.003668040968477726
valid,366,mp-aaaaanyb,8.0,10,2056,3,0.003694799030199647,0.003687824122607708,0.003720702836290002
valid,403,mp-aaaaapid,3.0,5,12,3,0.0016688639298081398,0.0016254871152341366,0.0016734050586819649
valid,403,mp-aaaaapid,3.5,5,12,3,0.0016519331838935614,0.0016259979456663132,0.0016609879676252604
valid,403,mp-aaaaapid,4.0,5,60,3,0.0016625430434942245,0.0016431871335953474,0.001668777083978057
valid,403,mp-aaaaapid,4.5,5,60,3,0.0016600631643086672,0.0016283730510622263,0.001664529787376523
valid,403,mp-aaaaapid,5.0,5,76,3,0.0016534659080207348,0.0016409649979323149,0.0016685959417372942
valid,403,mp-aaaaapid,5.5,5,106,3,0.0016641761176288128,0.001645516837015748,0.0016714050434529781
valid,403,mp-aaaaapid,6.0,5,154,3,0.0016827648505568504,0.0016512249130755663,0.0016883481293916702
valid,403,mp-aaaaapid,6.5,5,250,3,0.0017007950227707624,0.0016725838650017977,0.0017021740786731243
valid,403,mp-aaaaapid,7.0,5,250,3,0.0016889998223632574,0.0016856850124895573,0.0016963649541139603
valid,403,mp-aaaaapid,7.5,5,310,3,0.001710978103801608,0.0016826330684125423,0.0017353871371597052
valid,403,mp-aaaaapid,8.0,5,370,3,0.002783652860671282,0.0027629060205072165,0.0027974140830338
valid,440,mp-aaaaaqrn,3.0,8,108,3,0.0018464010208845139,0.0017997841350734234,0.0018608809914439917
valid,440,mp-aaaaaqrn,3.5,8,108,3,0.001802588114514947,0.0017742752097547054,0.0018073630053550005
valid,440,mp-aaaaaqrn,4.0,8,108,3,0.001795467920601368,0.0017586641479283571,0.0018122789915651083
valid,440,mp-aaaaaqrn,4.5,8,172,3,0.0018221321515738964,0.001812883885577321,0.0018302008975297213
valid,440,mp-aaaaaqrn,5.0,8,316,3,0.0018372039776295424,0.0018241850193589926,0.0018585328944027424
valid,440,mp-aaaaaqrn,5.5,8,364,3,0.0018435718957334757,0.0018418270628899336,0.0018528220243752003
valid,440,mp-aaaaaqrn,6.0,8,508,3,0.0018569808453321457,0.001846871105954051,0.0018827759195119143
valid,440,mp-aaaaaqrn,6.5,8,508,3,0.0018382109701633453,0.0018215400632470846,0.0018562430050224066
valid,440,mp-aaaaaqrn,7.0,8,844,3,0.0019240600522607565,0.0018989969976246357,0.00195793597958982
valid,440,mp-aaaaaqrn,7.5,8,1096,3,0.0032936278730630875,0.0032833730801939964,0.0033052340149879456
valid,440,mp-aaaaaqrn,8.0,8,1096,3,0.003281970974057913,0.003275805152952671,0.0032837518956512213
valid,477,mp-aaaaasij,3.0,10,64,3,0.0018257030751556158,0.0018016051035374403,0.0018299389630556107
valid,477,mp-aaaaasij,3.5,10,120,3,0.0019354079850018024,0.0019039849285036325,0.0019725030288100243
valid,477,mp-aaaaasij,4.0,10,156,3,0.0019075451418757439,0.0019014182034879923,0.0019334759563207626
valid,477,mp-aaaaasij,4.5,10,202,3,0.0019195789936929941,0.0019150730222463608,0.0019253320060670376
valid,477,mp-aaaaasij,5.0,10,300,3,0.0033243000507354736,0.0032919589430093765,0.003328243037685752
valid,477,mp-aaaaasij,5.5,10,500,3,0.003340749070048332,0.003325355937704444,0.003341892035678029
valid,477,mp-aaaaasij,6.0,10,500,3,0.0033421400003135204,0.00331072392873466,0.003403439186513424
valid,477,mp-aaaaasij,6.5,10,704,3,0.003436635946854949,0.0033763849642127752,0.00345835299231112
valid,477,mp-aaaaasij,7.0,10,932,3,0.0034242779947817326,0.0033946188632398844,0.0034402061719447374
valid,477,mp-aaaaasij,7.5,10,1092,3,0.0035886589903384447,0.003578620031476021,0.0036057359538972378
valid,477,mp-aaaaasij,8.0,10,1412,3,0.003633067011833191,0.0035942839458584785,0.003650682047009468
valid,513,mp-aaaaauqi,3.0,48,472,3,0.007766298018395901,0.0077646521385759115,0.008127196924760938
valid,513,mp-aaaaauqi,3.5,48,784,3,0.008273763116449118,0.008253223029896617,0.00830009300261736
valid,513,mp-aaaaauqi,4.0,48,1632,3,0.008352449862286448,0.00827912800014019,0.008818444097414613
valid,513,mp-aaaaauqi,4.5,48,2096,3,0.008422665996477008,0.008390282047912478,0.008445269893854856
valid,513,mp-aaaaauqi,5.0,48,2720,3,0.008457420859485865,0.008456665091216564,0.008558002999052405
valid,513,mp-aaaaauqi,5.5,48,3776,3,0.00842941296286881,0.008411998162046075,0.008436422096565366
valid,513,mp-aaaaauqi,6.0,48,5024,3,0.008638597093522549,0.008532027015462518,0.008660030085593462
valid,513,mp-aaaaauqi,6.5,48,6336,3,0.00869941501878202,0.008660239167511463,0.008751447079703212
valid,513,mp-aaaaauqi,7.0,48,7848,3,0.00887471903115511,0.008769582957029343,0.008917405968531966
valid,513,mp-aaaaauqi,7.5,48,9864,3,0.021717129973694682,0.021448657847940922,0.021796740824356675
valid,513,mp-aaaaauqi,8.0,48,11616,3,0.02161709894426167,0.021562999114394188,0.02166475006379187
valid,550,mp-aaaaayfl,3.0,2,8,3,0.0017198831774294376,0.0015761922113597393,0.0017772829160094261
valid,550,mp-aaaaayfl,3.5,2,8,3,0.0015530919190496206,0.0015423670411109924,0.0015807971358299255
valid,550,mp-aaaaayfl,4.0,2,8,3,0.001541447127237916,0.001540082972496748,0.0015697660855948925
valid,550,mp-aaaaayfl,4.5,2,8,3,0.001565275015309453,0.0015379779506474733,0.00157019286416471
valid,550,mp-aaaaayfl,5.0,2,32,3,0.001567821018397808,0.0015373900532722473,0.0015877699479460716
valid,550,mp-aaaaayfl,5.5,2,32,3,0.0023528439924120903,0.002343519125133753,0.0023947288282215595
valid,550,mp-aaaaayfl,6.0,2,56,3,0.0023590191267430782,0.002349086804315448,0.0023616740945726633
valid,550,mp-aaaaayfl,6.5,2,56,3,0.0023651469964534044,0.0023545981384813786,0.0023655439727008343
valid,550,mp-aaaaayfl,7.0,2,68,3,0.00234283902682364,0.0023331749252974987,0.00237003481015563
valid,550,mp-aaaaayfl,7.5,2,68,3,0.002359401900321245,0.002341381972655654,0.002361118793487549
valid,550,mp-aaaaayfl,8.0,2,92,3,0.002452448010444641,0.002447393024340272,0.0024745981208980083
valid,587,mp-aaaabayd,3.0,36,288,3,0.005177641054615378,0.005152020137757063,0.00547518115490675
valid,587,mp-aaaabayd,3.5,36,488,3,0.005243242019787431,0.005187375005334616,0.005320705007761717
valid,587,mp-aaaabayd,4.0,36,752,3,0.005673813866451383,0.005522620864212513,0.00588556588627398
valid,587,mp-aaaabayd,4.5,36,1058,3,0.0055941150058060884,0.005542562808841467,0.005637988913804293
valid,587,mp-aaaabayd,5.0,36,1626,3,0.005628223996609449,0.005627357168123126,0.0056763989850878716
valid,587,mp-aaaabayd,5.5,36,2046,3,0.0056431780103594065,0.00563499890267849,0.005671554943546653
valid,587,mp-aaaabayd,6.0,36,2568,3,0.0057172528468072414,0.005714742932468653,0.005722668021917343
valid,587,mp-aaaabayd,6.5,36,3414,3,0.005789577029645443,0.0057733620051294565,0.005866124993190169
valid,587,mp-aaaabayd,7.0,36,4180,3,0.005894236033782363,0.005841751815751195,0.005946265999227762
valid,587,mp-aaaabayd,7.5,36,5152,3,0.005864928010851145,0.005841460078954697,0.005964213982224464
valid,587,mp-aaaabayd,8.0,36,6314,3,0.005935209104791284,0.005893385037779808,0.005964295007288456
valid,623,mp-aaaabdkd,3.0,6,28,3,0.0017022679094225168,0.0016416620928794146,0.0017111930064857006
valid,623,mp-aaaabdkd,3.5,6,44,3,0.001669418066740036,0.0016599588561803102,0.0016832011751830578
valid,623,mp-aaaabdkd,4.0,6,92,3,0.0016939789056777954,0.0016692120116204023,0.0016982948873192072
valid,623,mp-aaaabdkd,4.5,6,92,3,0.001689037075266242,0.001669962890446186,0.001692586112767458
valid,623,mp-aaaabdkd,5.0,6,116,3,0.0017089270986616611,0.0016760120633989573,0.0017093401402235031
valid,623,mp-aaaabdkd,5.5,6,192,3,0.0017117750830948353,0.0016930541023612022,0.0017178189009428024
valid,623,mp-aaaabdkd,6.0,6,232,3,0.0027390590403229,0.0027184011414647102,0.002739461837336421
valid,623,mp-aaaabdkd,6.5,6,328,3,0.002864520065486431,0.0028618681244552135,0.002925663022324443
valid,623,mp-aaaabdkd,7.0,6,416,3,0.0028736419044435024,0.0028710239566862583,0.002882832894101739
valid,623,mp-aaaabdkd,7.5,6,464,3,0.002891039941459894,0.0028840270824730396,0.0029051480814814568
valid,623,mp-aaaabdkd,8.0,6,600,3,0.0029384740628302097,0.0029111469630151987,0.0029402030631899834
valid,660,mp-aaaabeye,3.0,10,128,3,0.0019551420118659735,0.001894212095066905,0.0020192780066281557
valid,660,mp-aaaabeye,3.5,10,128,3,0.002072528935968876,0.0019064110238105059,0.0020850368309766054
valid,660,mp-aaaabeye,4.0,10,236,3,0.0019501300994306803,0.001948030898347497,0.0020937889348715544
valid,660,mp-aaaabeye,4.5,10,356,3,0.0019694759976118803,0.001968330005183816,0.001982749905437231
valid,660,mp-aaaabeye,5.0,10,444,3,0.001977333100512624,0.001966768177226186,0.001982426969334483
valid,660,mp-aaaabeye,5.5,10,680,3,0.002033869968727231,0.002008338924497366,0.0020384991075843573
valid,660,mp-aaaabeye,6.0,10,780,3,0.00342710898257792,0.0034118739422410727,0.0034734599757939577
valid,660,mp-aaaabeye,6.5,10,1004,3,0.0034378229174762964,0.003422760171815753,0.003470867872238159
valid,660,mp-aaaabeye,7.0,10,1348,3,0.0034678049851208925,0.0034529739059507847,0.003486189991235733
valid,660,mp-aaaabeye,7.5,10,1556,3,0.0034845718182623386,0.00344991497695446,0.0034995160531252623
valid,660,mp-aaaabeye,8.0,10,1920,3,0.0035111710894852877,0.0035042460076510906,0.003570450935512781
valid,697,mp-aaaabhlq,3.0,4,32,3,0.001658119959756732,0.0016140190418809652,0.001668933080509305
valid,697,mp-aaaabhlq,3.5,4,56,3,0.0016437710728496313,0.0016224570572376251,0.0016485201194882393
valid,697,mp-aaaabhlq,4.0,4,56,3,0.001652612118050456,0.001622264040634036,0.0016578270588070154
valid,697,mp-aaaabhlq,4.5,4,104,3,0.0016556880436837673,0.0016346839256584644,0.0016702590510249138
valid,697,mp-aaaabhlq,5.0,4,104,3,0.002549894852563739,0.002543908078223467,0.002584122121334076
valid,697,mp-aaaabhlq,5.5,4,232,3,0.0027064168825745583,0.00270346412435174,0.0027233280707150698
valid,697,mp-aaaabhlq,6.0,4,232,3,0.0026994410436600447,0.002653104020282626,0.0026997129898518324
valid,697,mp-aaaabhlq,6.5,4,256,3,0.002697165124118328,0.0026935150381177664,0.0027221848722547293
valid,697,mp-aaaabhlq,7.0,4,448,3,0.0027566668577492237,0.002742373151704669,0.0027680990751832724
valid,697,mp-aaaabhlq,7.5,4,544,3,0.0027864279691129923,0.0027441498823463917,0.00279445992782712
valid,697,mp-aaaabhlq,8.0,4,672,3,0.004241746850311756,0.0042147450149059296,0.004259500885382295
valid,733,mp-aaaabiql,3.0,18,24,3,0.0014869270380586386,0.0014854150358587503,0.0015396159142255783
valid,733,mp-aaaabiql,3.5,18,56,3,0.0014671350363641977,0.0014620381407439709,0.0014889778103679419
valid,733,mp-aaaabiql,4.0,18,184,3,0.0027279830537736416,0.0026609168853610754,0.0028718500398099422
valid,733,mp-aaaabiql,4.5,18,224,3,0.0026768988464027643,0.0026612828951328993,0.0026865778490900993
valid,733,mp-aaaabiql,5.0,18,256,3,0.0026843680534511805,0.0026620400603860617,0.0026920309755951166
valid,733,mp-aaaabiql,5.5,18,324,3,0.0027072441298514605,0.002674438990652561,0.002713727066293359
valid,733,mp-aaaabiql,6.0,18,384,3,0.0026946570724248886,0.0026749351527541876,0.002700723009184003
valid,733,mp-aaaabiql,6.5,18,568,3,0.0027490020729601383,0.0027332790195941925,0.002751776948571205
valid,733,mp-aaaabiql,7.0,18,808,3,0.002790002850815654,0.002777390880510211,0.0027979309670627117
valid,733,mp-aaaabiql,7.5,18,912,3,0.002800311893224716,0.002794161904603243,0.002803795039653778
valid,733,mp-aaaabiql,8.0,18,1168,3,0.002800330054014921,0.0027723340317606926,0.0028024318162351847
valid,770,mp-aaaablhc,3.0,12,112,3,0.002074592048302293,0.0020625449251383543,0.002090298105031252
valid,770,mp-aaaablhc,3.5,12,200,3,0.0020797080360352993,0.0020759007893502712,0.002084381179884076
valid,770,mp-aaaablhc,4.0,12,240,3,0.0020777559839189053,0.002071581082418561,0.002081167884171009
valid,770,mp-aaaablhc,4.5,12,364,3,0.0020878880750387907,0.002081911079585552,0.002091414062306285
valid,770,mp-aaaablhc,5.0,12,544,3,0.003756785998120904,0.003751038108021021,0.003794369986280799
valid,770,mp-aaaablhc,5.5,12,700,3,0.0038118758238852024,0.0037881399039179087,0.0038219450507313013
valid,770,mp-aaaablhc,6.0,12,920,3,0.0038646580651402473,0.0038619779516011477,0.00389312906190753
valid,770,mp-aaaablhc,6.5,12,1160,3,0.00386437913402915,0.0038633730728179216,0.003884044010192156
valid,770,mp-aaaablhc,7.0,12,1420,3,0.003954187035560608,0.0039173809345811605,0.004098483128473163
valid,770,mp-aaaablhc,7.5,12,1808,3,0.003977376967668533,0.003949188161641359,0.003997019957751036
valid,770,mp-aaaablhc,8.0,12,2148,3,0.006928351009264588,0.0069235030096024275,0.006961724953725934
valid,807,mp-aaaabpqi,3.0,52,136,3,0.003157649887725711,0.0031078550964593887,0.004122034879401326
valid,807,mp-aaaabpqi,3.5,52,352,3,0.0031126949470490217,0.0030992121901363134,0.0031180838122963905
valid,807,mp-aaaabpqi,4.0,52,616,3,0.003126111114397645,0.003124847076833248,0.0032023440580815077
valid,807,mp-aaaabpqi,4.5,52,688,3,0.00315168802626431,0.0031212337780743837,0.003162406152114272
valid,807,mp-aaaabpqi,5.0,52,928,3,0.0031892070546746254,0.003121132031083107,0.003196036908775568
valid,807,mp-aaaabpqi,5.5,52,1296,3,0.0031858650036156178,0.0031854058615863323,0.0031922052148729563
valid,807,mp-aaaabpqi,6.0,52,1728,3,0.009449488017708063,0.00939963199198246,0.009507180890068412
valid,807,mp-aaaabpqi,6.5,52,2184,3,0.009315536823123693,0.009286614134907722,0.009350325912237167
valid,807,mp-aaaabpqi,7.0,52,2856,3,0.009357445873320103,0.009312595939263701,0.009388312930241227
valid,807,mp-aaaabpqi,7.5,52,3424,3,0.009583045961335301,0.009513973025605083,0.009641001932322979
valid,807,mp-aaaabpqi,8.0,52,4264,3,0.009678815957158804,0.009651044849306345,0.009727813070639968
valid,844,mp-aaaabrgs,3.0,5,12,3,0.0017325659282505512,0.0016946678515523672,0.0017420270014554262
valid,844,mp-aaaabrgs,3.5,5,12,3,0.001679789973422885,0.001662020105868578,0.0016897630412131548
valid,844,mp-aaaabrgs,4.0,5,60,3,0.001709007192403078,0.0016572540625929832,0.0017205921467393637
valid,844,mp-aaaabrgs,4.5,5,60,3,0.001706243958324194,0.0016850531101226807,0.0017066781874746084
valid,844,mp-aaaabrgs,5.0,5,76,3,0.0016902820207178593,0.0016661409754306078,0.0016994299367070198
valid,844,mp-aaaabrgs,5.5,5,76,3,0.0016726229805499315,0.001657262910157442,0.00168907199986279
valid,844,mp-aaaabrgs,6.0,5,106,3,0.0016800679732114077,0.001655847067013383,0.0016901951748877764
valid,844,mp-aaaabrgs,6.5,5,154,3,0.0016973630990833044,0.0016704718582332134,0.0016979691572487354
valid,844,mp-aaaabrgs,7.0,5,250,3,0.0016955849714577198,0.0016876989975571632,0.0017019519582390785
valid,844,mp-aaaabrgs,7.5,5,250,3,0.0016889490652829409,0.0016549869906157255,0.0016923570074141026
valid,844,mp-aaaabrgs,8.0,5,310,3,0.0017083201091736555,0.0016843429766595364,0.0017102528363466263
valid,880,mp-aaaabthx,3.0,6,0,3,0.0014716880396008492,0.001464290078729391,0.0014804338570684195
valid,880,mp-aaaabthx,3.5,6,24,3,0.0016685279551893473,0.001661962829530239,0.0016798991709947586
valid,880,mp-aaaabthx,4.0,6,72,3,0.001679896842688322,0.001654505031183362,0.0016828689258545637
valid,880,mp-aaaabthx,4.5,6,72,3,0.0016724609304219484,0.0016438460443168879,0.0016771128866821527
valid,880,mp-aaaabthx,5.0,6,96,3,0.0016847839578986168,0.0016526519320905209,0.0016952760051935911
valid,880,mp-aaaabthx,5.5,6,132,3,0.0016940911300480366,0.001667848089709878,0.0016987500712275505
valid,880,mp-aaaabthx,6.0,6,180,3,0.0026805070228874683,0.0026748660020530224,0.002734593814238906
valid,880,mp-aaaabthx,6.5,6,312,3,0.0026979250833392143,0.0026844670064747334,0.0027016298845410347
valid,880,mp-aaaabthx,7.0,6,324,3,0.0026975660584867,0.0026584200095385313,0.0027203639037907124
valid,880,mp-aaaabthx,7.5,6,372,3,0.0026902940589934587,0.0026632549706846476,0.002699390985071659
valid,880,mp-aaaabthx,8.0,6,420,3,0.0026929990854114294,0.002687582978978753,0.002699360018596053
valid,917,mp-aaaacduk,3.0,4,8,3,0.0016134260222315788,0.0016063968650996685,0.001627886900678277
valid,917,mp-aaaacduk,3.5,4,24,3,0.001576499082148075,0.0015745609998703003,0.0016057079192250967
valid,917,mp-aaaacduk,4.0,4,24,3,0.001580327982082963,0.001572960987687111,0.0016286731697618961
valid,917,mp-aaaacduk,4.5,4,64,3,0.0016013849526643753,0.0015908230561763048,0.001626008888706565
valid,917,mp-aaaacduk,5.0,4,80,3,0.0016234989743679762,0.0016102890949696302,0.001671267906203866
valid,917,mp-aaaacduk,5.5,4,104,3,0.0016193839255720377,0.0016075980383902788,0.001652550883591175
valid,917,mp-aaaacduk,6.0,4,112,3,0.0016277320683002472,0.0016141431406140327,0.0016668338794261217
valid,917,mp-aaaacduk,6.5,4,136,3,0.002550502074882388,0.002539501991122961,0.002585195004940033
valid,917,mp-aaaacduk,7.0,4,204,3,0.0026962452102452517,0.0026740089524537325,0.002702894154936075
valid,917,mp-aaaacduk,7.5,4,272,3,0.0027123489417135715,0.002669157227501273,0.002712543122470379
valid,917,mp-aaaacduk,8.0,4,320,3,0.0027142211329191923,0.0027057069819420576,0.0027311239391565323
valid,954,mp-aaabfcqb,3.0,8,52,3,0.0018304688856005669,0.0017963589634746313,0.001966387964785099
valid,954,mp-aaabfcqb,3.5,8,52,3,0.0018027808982878923,0.0017912709154188633,0.002130664885044098
valid,954,mp-aaabfcqb,4.0,8,148,3,0.0018218611367046833,0.0017991899512708187,0.0018337289802730083
valid,954,mp-aaabfcqb,4.5,8,166,3,0.0018179579637944698,0.0018057909328490496,0.0018218520563095808
valid,954,mp-aaabfcqb,5.0,8,252,3,0.0018230301793664694,0.001799480989575386,0.0018234560266137123
valid,954,mp-aaabfcqb,5.5,8,284,3,0.0018300570081919432,0.0018285280093550682,0.0018319208174943924
valid,954,mp-aaabfcqb,6.0,8,388,3,0.0031733389478176832,0.0031663819681853056,0.0031789159402251244
valid,954,mp-aaabfcqb,6.5,8,492,3,0.0031887548975646496,0.003156350925564766,0.0032465599942952394
valid,954,mp-aaabfcqb,7.0,8,640,3,0.0032238478306680918,0.0032041161321103573,0.003261348931118846
valid,954,mp-aaabfcqb,7.5,8,816,3,0.0032274089753627777,0.0032164810691028833,0.0032310921233147383
valid,954,mp-aaabfcqb,8.0,8,912,3,0.003287023864686489,0.0032420309726148844,0.0032995548099279404
valid,990,mp-aaabfpul,3.0,28,100,3,0.003916244022548199,0.003835303010419011,0.004056690027937293
valid,990,mp-aaabfpul,3.5,28,228,3,0.0038646310567855835,0.0038278899155557156,0.0038649661000818014
valid,990,mp-aaabfpul,4.0,28,372,3,0.004056710982695222,0.0040532520506531,0.004070430062711239
valid,990,mp-aaabfpul,4.5,28,432,3,0.004088599001988769,0.004076338140293956,0.004199316957965493
valid,990,mp-aaabfpul,5.0,28,540,3,0.004092671908438206,0.004090128932148218,0.004168545128777623
valid,990,mp-aaabfpul,5.5,28,844,3,0.0042042541317641735,0.004159072879701853,0.004267666954547167
valid,990,mp-aaabfpul,6.0,28,1084,3,0.004230735125020146,0.004226465942338109,0.004260831978172064
valid,990,mp-aaabfpul,6.5,28,1416,3,0.004274402977898717,0.004266702802851796,0.004316970938816667
valid,990,mp-aaabfpul,7.0,28,1760,3,0.004310782067477703,0.004302900051698089,0.0043863600585609674
valid,990,mp-aaabfpul,7.5,28,2068,3,0.004347766982391477,0.004337008111178875,0.004418392898514867
valid,990,mp-aaabfpul,8.0,28,2564,3,0.004395735915750265,0.004376935074105859,0.004409831017255783
valid,1027,mp-aaabftvv,3.0,60,600,3,0.012356634950265288,0.012062676949426532,0.012515588197857141
valid,1027,mp-aaabftvv,3.5,60,948,3,0.012093598023056984,0.012056591920554638,0.012286233017221093
valid,1027,mp-aaabftvv,4.0,60,1476,3,0.011999162845313549,0.011784965172410011,0.012058035004884005
valid,1027,mp-aaabftvv,4.5,60,2176,3,0.01204165699891746,0.011926457053050399,0.01232102606445551
valid,1027,mp-aaabftvv,5.0,60,3080,3,0.012282890034839511,0.012172609101980925,0.01240454101935029
valid,1027,mp-aaabftvv,5.5,60,4144,3,0.012334533967077732,0.012228959938511252,0.012414142955094576
valid,1027,mp-aaabftvv,6.0,60,5180,3,0.012452279916033149,0.012299839174374938,0.012521191965788603
valid,1027,mp-aaabftvv,6.5,60,6524,3,0.012249633902683854,0.012073423014953732,0.012341986177489161
valid,1027,mp-aaabftvv,7.0,60,8304,3,0.012329186080023646,0.012170156929641962,0.012482390040531754
valid,1027,mp-aaabftvv,7.5,60,10424,3,0.03044119104743004,0.03031295514665544,0.031143838074058294
valid,1027,mp-aaabftvv,8.0,60,12800,3,0.030362473102286458,0.03020116686820984,0.030440522823482752
valid,1056,mp-aaabfwpd,3.0,80,808,3,0.005550517002120614,0.005512824980542064,0.005751502932980657
valid,1056,mp-aaabfwpd,3.5,80,1656,3,0.005541812861338258,0.00553119508549571,0.005590186920017004
valid,1056,mp-aaabfwpd,4.0,80,2616,3,0.019837889121845365,0.019777121022343636,0.019840006018057466
valid,1056,mp-aaabfwpd,4.5,80,3896,3,0.020243936916813254,0.019996912917122245,0.020280326949432492
valid,1056,mp-aaabfwpd,5.0,80,5136,3,0.019781559938564897,0.019724406069144607,0.019962155958637595
valid,1056,mp-aaabfwpd,5.5,80,6704,3,0.019608347909525037,0.01944396598264575,0.020084575982764363
valid,1056,mp-aaabfwpd,6.0,80,8584,3,0.01985919987782836,0.019641412189230323,0.0200863650534302
valid,1056,mp-aaabfwpd,6.5,80,10952,3,0.019962322898209095,0.019933500792831182,0.020534893963485956
valid,1056,mp-aaabfwpd,7.0,80,14016,3,0.021202055970206857,0.020686999894678593,0.02168906177394092
valid,1056,mp-aaabfwpd,7.5,80,17496,3,0.021460389951243997,0.021417805925011635,0.021607469068840146
valid,1056,mp-aaabfwpd,8.0,80,20984,3,0.021051742136478424,0.020746781025081873,0.021448993124067783
valid,1064,mp-aaabfxla,3.0,34,300,3,0.004960525082424283,0.004938113037496805,0.0050386288203299046
valid,1064,mp-aaabfxla,3.5,34,404,3,0.005110613070428371,0.005057835951447487,0.005120649002492428
valid,1064,mp-aaabfxla,4.0,34,580,3,0.005165155977010727,0.0051579109858721495,0.005205451976507902
valid,1064,mp-aaabfxla,4.5,34,920,3,0.005192456999793649,0.005174932070076466,0.005203049862757325
valid,1064,mp-aaabfxla,5.0,34,1244,3,0.005196189042180777,0.005155307939276099,0.005209592171013355
valid,1064,mp-aaabfxla,5.5,34,1672,3,0.00520528806373477,0.005166864022612572,0.005218664882704616
valid,1064,mp-aaabfxla,6.0,34,2172,3,0.005301282042637467,0.00524171395227313,0.005306784994900227
valid,1064,mp-aaabfxla,6.5,34,2676,3,0.00527529395185411,0.00526584405452013,0.005300120217725635
valid,1064,mp-aaabfxla,7.0,34,3512,3,0.005361026152968407,0.005344643956050277,0.005655757850036025
valid,1064,mp-aaabfxla,7.5,34,4272,3,0.011996187968179584,0.01198588777333498,0.012105248169973493
valid,1064,mp-aaabfxla,8.0,34,5376,3,0.01213203719817102,0.011998357018455863,0.012221688870340586
valid,1100,mp-aaabgjfs,3.0,6,12,3,0.0017112321220338345,0.0016539688222110271,0.0017151471693068743
valid,1100,mp-aaabgjfs,3.5,6,40,3,0.001689746044576168,0.0016504090745002031,0.0017343070358037949
valid,1100,mp-aaabgjfs,4.0,6,68,3,0.0016849739477038383,0.0016617311630398035,0.0016907278914004564
valid,1100,mp-aaabgjfs,4.5,6,68,3,0.001714868936687708,0.0016584908589720726,0.0017172421794384718
valid,1100,mp-aaabgjfs,5.0,6,132,3,0.0017048220615833998,0.0016712888609617949,0.0017062921542674303
valid,1100,mp-aaabgjfs,5.5,6,132,3,0.002688423963263631,0.002682365942746401,0.0027129759546369314
valid,1100,mp-aaabgjfs,6.0,6,192,3,0.0027488230261951685,0.0027291998267173767,0.0027517941780388355
valid,1100,mp-aaabgjfs,6.5,6,264,3,0.002750321989879012,0.0027160991448909044,0.0027851180639117956
valid,1100,mp-aaabgjfs,7.0,6,336,3,0.0027721039950847626,0.0027346648275852203,0.0027826980222016573
valid,1100,mp-aaabgjfs,7.5,6,360,3,0.003072097897529602,0.0028238119557499886,0.0031770020723342896
valid,1100,mp-aaabgjfs,8.0,6,504,3,0.0028926199302077293,0.002888056915253401,0.002926579909399152
valid,1137,mp-aaabgmfn,3.0,4,24,3,0.0016572449821978807,0.0016400690656155348,0.0017571530770510435
valid,1137,mp-aaabgmfn,3.5,4,28,3,0.0016233730129897594,0.001611670944839716,0.0017526608426123857
valid,1137,mp-aaabgmfn,4.0,4,48,3,0.0016258289106190205,0.0016016608569771051,0.001632853876799345
valid,1137,mp-aaabgmfn,4.5,4,76,3,0.0016361211892217398,0.0015970331151038408,0.001684800023213029
valid,1137,mp-aaabgmfn,5.0,4,100,3,0.0016392921097576618,0.0016377030406147242,0.0016518039628863335
valid,1137,mp-aaabgmfn,5.5,4,104,3,0.0016634420026093721,0.0016335349064320326,0.0017228040378540754
valid,1137,mp-aaabgmfn,6.0,4,144,3,0.002570859156548977,0.002558381063863635,0.002574819140136242
valid,1137,mp-aaabgmfn,6.5,4,216,3,0.002746755024418235,0.0026787929236888885,0.002814740873873234
valid,1137,mp-aaabgmfn,7.0,4,284,3,0.002761041047051549,0.0027212409768253565,0.002782197901979089
valid,1137,mp-aaabgmfn,7.5,4,320,3,0.0027685859240591526,0.0027319889049977064,0.002822323003783822
valid,1137,mp-aaabgmfn,8.0,4,356,3,0.0027428700122982264,0.002713535912334919,0.002808735938742757
valid,1174,mp-aaabjpef,3.0,14,192,3,0.002369685098528862,0.0022696279920637608,0.002466687001287937
valid,1174,mp-aaabjpef,3.5,14,252,3,0.002300532069057226,0.002265129005536437,0.002350218826904893
valid,1174,mp-aaabjpef,4.0,14,388,3,0.002333085983991623,0.002329874085262418,0.002369079040363431
valid,1174,mp-aaabjpef,4.5,14,496,3,0.002370906062424183,0.0023039579391479492,0.002385919913649559
valid,1174,mp-aaabjpef,5.0,14,756,3,0.002408986911177635,0.0023704878985881805,0.002428240142762661
valid,1174,mp-aaabjpef,5.5,14,1052,3,0.004468428902328014,0.0044548779260367155,0.004481384996324778
valid,1174,mp-aaabjpef,6.0,14,1376,3,0.004487976897507906,0.004455964080989361,0.004536457825452089
valid,1174,mp-aaabjpef,6.5,14,1660,3,0.0044923590030521154,0.004488359903916717,0.004567861091345549
valid,1174,mp-aaabjpef,7.0,14,2068,3,0.004614019999280572,0.004557798849418759,0.004685835912823677
valid,1174,mp-aaabjpef,7.5,14,2716,3,0.004674155963584781,0.004565971903502941,0.00482563697732985
valid,1174,mp-aaabjpef,8.0,14,3224,3,0.004758064867928624,0.0047339159063994884,0.004793824162334204
valid,1211,mp-aaabkyod,3.0,80,324,3,0.005362670868635178,0.0052781382109969854,0.005614032037556171
valid,1211,mp-aaabkyod,3.5,80,366,3,0.005504203960299492,0.005387722048908472,0.005539458943530917
valid,1211,mp-aaabkyod,4.0,80,686,3,0.005488435970619321,0.005480898078531027,0.0055440610740333796
valid,1211,mp-aaabkyod,4.5,80,784,3,0.005480153951793909,0.0054092309437692165,0.0054886972066015005
valid,1211,mp-aaabkyod,5.0,80,1344,3,0.005456787999719381,0.005435521015897393,0.0055252909660339355
valid,1211,mp-aaabkyod,5.5,80,1694,3,0.005550322821363807,0.005545475985854864,0.005592233967036009
valid,1211,mp-aaabkyod,6.0,80,1920,3,0.005627708975225687,0.005492448108270764,0.00570989097468555
valid,1211,mp-aaabkyod,6.5,80,2460,3,0.005633376073092222,0.005553591065108776,0.005678521003574133
valid,1211,mp-aaabkyod,7.0,80,3312,3,0.018778787925839424,0.018633167957887053,0.019185481127351522
valid,1211,mp-aaabkyod,7.5,80,4020,3,0.02062861598096788,0.02012181398458779,0.021030930103734136
valid,1211,mp-aaabkyod,8.0,80,4850,3,0.019904406974092126,0.019540234003216028,0.01991748809814453
valid,1247,mp-aaabptou,3.0,34,278,3,0.0050926669500768185,0.005048467079177499,0.005105897085741162
valid,1247,mp-aaabptou,3.5,34,498,3,0.005047863116487861,0.005029667867347598,0.005101507995277643
valid,1247,mp-aaabptou,4.0,34,782,3,0.005243459017947316,0.00517188711091876,0.005283663980662823
valid,1247,mp-aaabptou,4.5,34,1068,3,0.005234495038166642,0.0052317550871521235,0.005238754907622933
valid,1247,mp-aaabptou,5.0,34,1478,3,0.005293664988130331,0.005235322983935475,0.005297856172546744
valid,1247,mp-aaabptou,5.5,34,2004,3,0.005321705946698785,0.00530511187389493,0.005330496933311224
valid,1247,mp-aaabptou,6.0,34,2516,3,0.005368336103856564,0.005327610997483134,0.005493557080626488
valid,1247,mp-aaabptou,6.5,34,3254,3,0.0053851481061428785,0.005360308801755309,0.006256437860429287
valid,1247,mp-aaabptou,7.0,34,4038,3,0.0054278799798339605,0.005412224913015962,0.005468609044328332
valid,1247,mp-aaabptou,7.5,34,5016,3,0.005503949010744691,0.005437864921987057,0.005509173963218927
valid,1247,mp-aaabptou,8.0,34,6162,3,0.012411619070917368,0.012408178066834807,0.01323558110743761
valid,1284,mp-aaabqzyw,3.0,12,56,3,0.0021011049393564463,0.002059023827314377,0.0021425660233944654
valid,1284,mp-aaabqzyw,3.5,12,104,3,0.0020560610573738813,0.002052861964330077,0.002062759129330516
valid,1284,mp-aaabqzyw,4.0,12,144,3,0.0020592620130628347,0.0020543199498206377,0.002061601961031556
valid,1284,mp-aaabqzyw,4.5,12,176,3,0.00206730212084949,0.0020635980181396008,0.002074556890875101
valid,1284,mp-aaabqzyw,5.0,12,240,3,0.002101161051541567,0.0020738861057907343,0.002111253794282675
valid,1284,mp-aaabqzyw,5.5,12,336,3,0.002089866902679205,0.002075942000374198,0.0021081629674881697
valid,1284,mp-aaabqzyw,6.0,12,424,3,0.002140908967703581,0.0021105248015373945,0.002177623100578785
valid,1284,mp-aaabqzyw,6.5,12,584,3,0.002157761948183179,0.0021412321366369724,0.0021601549815386534
valid,1284,mp-aaabqzyw,7.0,12,744,3,0.0038520079106092453,0.0038500770460814238,0.003866617102175951
valid,1284,mp-aaabqzyw,7.5,12,936,3,0.004005571827292442,0.003991532139480114,0.004038626095280051
valid,1284,mp-aaabqzyw,8.0,12,1032,3,0.004017961909994483,0.0039967268239706755,0.00406071194447577
valid,1321,mp-aaabxazg,3.0,4,32,3,0.0016606510616838932,0.0016177678480744362,0.0016677340026944876
valid,1321,mp-aaabxazg,3.5,4,56,3,0.0016512430738657713,0.0016175571363419294,0.0016863718628883362
valid,1321,mp-aaabxazg,4.0,4,56,3,0.0016471459530293941,0.0016189480666071177,0.0016962208319455385
valid,1321,mp-aaabxazg,4.5,4,56,3,0.0016425109934061766,0.001635855995118618,0.0016885960940271616
valid,1321,mp-aaabxazg,5.0,4,104,3,0.0016587909776717424,0.0016350760124623775,0.001667311880737543
valid,1321,mp-aaabxazg,5.5,4,104,3,0.002589867915958166,0.0025740370620042086,0.0026819370687007904
valid,1321,mp-aaabxazg,6.0,4,232,3,0.0027218679897487164,0.002709168940782547,0.002734577050432563
valid,1321,mp-aaabxazg,6.5,4,232,3,0.0027572570834308863,0.002718058880418539,0.002775039989501238
valid,1321,mp-aaabxazg,7.0,4,256,3,0.0027125391643494368,0.0026983569841831923,0.0027313879691064358
valid,1321,mp-aaabxazg,7.5,4,256,3,0.0027017900720238686,0.002691485919058323,0.0027101559098809958
valid,1321,mp-aaabxazg,8.0,4,448,3,0.00275258906185627,0.002750461921095848,0.002754033077508211
valid,1357,mp-aaabxdss,3.0,4,32,3,0.0016454968135803938,0.0016100720968097448,0.001657396089285612
valid,1357,mp-aaabxdss,3.5,4,56,3,0.001637935172766447,0.0016118669882416725,0.00163956917822361
valid,1357,mp-aaabxdss,4.0,4,56,3,0.001648574136197567,0.001632592175155878,0.0016712709330022335
valid,1357,mp-aaabxdss,4.5,4,56,3,0.0016229699831455946,0.00161318713799119,0.0016444071661680937
valid,1357,mp-aaabxdss,5.0,4,104,3,0.0016427321825176477,0.0016299609560519457,0.001650315010920167
valid,1357,mp-aaabxdss,5.5,4,104,3,0.0025574329774826765,0.002508732955902815,0.0025895400904119015
valid,1357,mp-aaabxdss,6.0,4,232,3,0.002697888994589448,0.002687293803319335,0.0028066521044820547
valid,1357,mp-aaabxdss,6.5,4,232,3,0.0026917620562016964,0.002675641095265746,0.002694791881367564
valid,1357,mp-aaabxdss,7.0,4,256,3,0.0026898349169641733,0.0026895329356193542,0.0027022529393434525
valid,1357,mp-aaabxdss,7.5,4,448,3,0.0027470130007714033,0.0027137119323015213,0.0027522100135684013
valid,1357,mp-aaabxdss,8.0,4,448,3,0.002733346074819565,0.0027110169176012278,0.002763453871011734
valid,1394,mp-aaabxgvq,3.0,4,32,3,0.001628536032512784,0.0016092080622911453,0.0016597709618508816
valid,1394,mp-aaabxgvq,3.5,4,56,3,0.0016341740265488625,0.0016067840624600649,0.0016388799995183945
valid,1394,mp-aaabxgvq,4.0,4,56,3,0.0016273441724479198,0.0016049458645284176,0.0016725959721952677
valid,1394,mp-aaabxgvq,4.5,4,104,3,0.0016466700471937656,0.001643334049731493,0.0016568510327488184
valid,1394,mp-aaabxgvq,5.0,4,104,3,0.002547972137108445,0.002545102033764124,0.0025716598611325026
valid,1394,mp-aaabxgvq,5.5,4,232,3,0.002724488964304328,0.0027017469983547926,0.0027511930093169212
valid,1394,mp-aaabxgvq,6.0,4,232,3,0.0027241918724030256,0.0027050129137933254,0.002736839931458235
valid,1394,mp-aaabxgvq,6.5,4,256,3,0.002965977881103754,0.0027395219076424837,0.0030369069427251816
valid,1394,mp-aaabxgvq,7.0,4,448,3,0.002846210030838847,0.0027093770913779736,0.0028749520424753428
valid,1394,mp-aaabxgvq,7.5,4,448,3,0.002797061111778021,0.0027349640149623156,0.0028255439829081297
valid,1394,mp-aaabxgvq,8.0,4,672,3,0.004250463098287582,0.0041987779550254345,0.004255628911778331
valid,1431,mp-aaabxjsy,3.0,8,12,3,0.001719342079013586,0.0017036311328411102,0.001719981199130416
valid,1431,mp-aaabxjsy,3.5,8,48,3,0.0017960029654204845,0.0017754081636667252,0.001825971994549036
valid,1431,mp-aaabxjsy,4.0,8,96,3,0.0018306090496480465,0.0018145698122680187,0.0018419069238007069
valid,1431,mp-aaabxjsy,4.5,8,96,3,0.0018072240054607391,0.0017956539522856474,0.001829934073612094
valid,1431,mp-aaabxjsy,5.0,8,144,3,0.001855360111221671,0.0017866890411823988,0.0018826480954885483
valid,1431,mp-aaabxjsy,5.5,8,192,3,0.0018345220014452934,0.0018330770544707775,0.0018386319279670715
valid,1431,mp-aaabxjsy,6.0,8,288,3,0.0018518499564379454,0.0018448231276124716,0.0018830858170986176
valid,1431,mp-aaabxjsy,6.5,8,352,3,0.001856630202382803,0.0018459779676049948,0.0019227340817451477
valid,1431,mp-aaabxjsy,7.0,8,448,3,0.003083367832005024,0.0030681041534990072,0.0030847161542624235
valid,1431,mp-aaabxjsy,7.5,8,544,3,0.0031007721554487944,0.0030823489651083946,0.0031048660166561604
valid,1431,mp-aaabxjsy,8.0,8,592,3,0.0031141219660639763,0.0031026890501379967,0.003116175066679716
valid,1467,mp-aaacdkem,3.0,4,0,3,0.0014031401369720697,0.0014003030955791473,0.001488344045355916
valid,1467,mp-aaacdkem,3.5,4,0,3,0.0014058928936719894,0.0014018169604241848,0.001425925875082612
valid,1467,mp-aaacdkem,4.0,4,48,3,0.0016372317913919687,0.0016189811285585165,0.0016479578334838152
valid,1467,mp-aaacdkem,4.5,4,48,3,0.0016512549482285976,0.0016158581711351871,0.0016863299533724785
valid,1467,mp-aaacdkem,5.0,4,48,3,0.0016496020834892988,0.0016278489492833614,0.0016508621629327536
valid,1467,mp-aaacdkem,5.5,4,72,3,0.0016621439717710018,0.0016285229939967394,0.001664588926360011
valid,1467,mp-aaacdkem,6.0,4,72,3,0.001640555914491415,0.0016384969931095839,0.0016617269720882177
valid,1467,mp-aaacdkem,6.5,4,168,3,0.0016783680766820908,0.0016390490345656872,0.0016802579630166292
valid,1467,mp-aaacdkem,7.0,4,168,3,0.0016716830432415009,0.0016443990170955658,0.0016841930337250233
valid,1467,mp-aaacdkem,7.5,4,216,3,0.0016832819674164057,0.0016536060720682144,0.0016917011234909296
valid,1467,mp-aaacdkem,8.0,4,312,3,0.0027881090063601732,0.00275017018429935,0.0028180209919810295
valid,1504,mp-aaacdrnt,3.0,4,0,3,0.0014065830036997795,0.0014027310535311699,0.0014375930186361074
valid,1504,mp-aaacdrnt,3.5,4,32,3,0.001657230081036687,0.0016399251762777567,0.0016811720561236143
valid,1504,mp-aaacdrnt,4.0,4,56,3,0.00164912105537951,0.0016222249250859022,0.0016525329556316137
valid,1504,mp-aaacdrnt,4.5,4,56,3,0.0016506239771842957,0.001617868896573782,0.0016528540290892124
valid,1504,mp-aaacdrnt,5.0,4,56,3,0.0016203699633479118,0.0016133638564497232,0.0016512081492692232
valid,1504,mp-aaacdrnt,5.5,4,104,3,0.0016549970023334026,0.001643642783164978,0.0016674268990755081
valid,1504,mp-aaacdrnt,6.0,4,104,3,0.0025736531242728233,0.0025544259697198868,0.0026002570521086454
valid,1504,mp-aaacdrnt,6.5,4,232,3,0.0027403340209275484,0.002711727051064372,0.0028024171479046345
valid,1504,mp-aaacdrnt,7.0,4,232,3,0.002720736898481846,0.002706184983253479,0.0027238859329372644
valid,1504,mp-aaacdrnt,7.5,4,256,3,0.002739334013313055,0.0027263318188488483,0.002788006095215678
valid,1504,mp-aaacdrnt,8.0,4,256,3,0.002750011859461665,0.0026990980841219425,0.002821172121912241
valid,1541,mp-aaacehxf,3.0,10,24,3,0.0018518909346312284,0.0018139469902962446,0.001875522080808878
valid,1541,mp-aaacehxf,3.5,10,48,3,0.001815506024286151,0.001796723110601306,0.0018192799761891365
valid,1541,mp-aaacehxf,4.0,10,120,3,0.0019292919896543026,0.0019255520310252905,0.001964122988283634
valid,1541,mp-aaacehxf,4.5,10,152,3,0.001939194044098258,0.0019339278806000948,0.001973011065274477
valid,1541,mp-aaacehxf,5.0,10,158,3,0.0019451940897852182,0.0019401099998503923,0.0019966058898717165
valid,1541,mp-aaacehxf,5.5,10,212,3,0.001951207872480154,0.0019497331231832504,0.0019600510131567717
valid,1541,mp-aaacehxf,6.0,10,308,3,0.001971293007954955,0.0019675688818097115,0.002023557899519801
valid,1541,mp-aaacehxf,6.5,10,500,3,0.0019958040211349726,0.0019950498826801777,0.0020114369690418243
valid,1541,mp-aaacehxf,7.0,10,500,3,0.0019793568644672632,0.0019689069595187902,0.001981539884582162
valid,1541,mp-aaacehxf,7.5,10,620,3,0.0020116628147661686,0.0020102469716221094,0.002029018010944128
valid,1541,mp-aaacehxf,8.0,10,788,3,0.003407837124541402,0.003401503898203373,0.0034435740672051907
valid,1578,mp-aaacewlx,3.0,4,48,3,0.001651517115533352,0.0016359789296984673,0.0016885679215192795
valid,1578,mp-aaacewlx,3.5,4,48,3,0.001625766046345234,0.0016085009556263685,0.0016379088629037142
valid,1578,mp-aaacewlx,4.0,4,48,3,0.0016268340405076742,0.0016155610792338848,0.001655686879530549
valid,1578,mp-aaacewlx,4.5,4,72,3,0.0016286398749798536,0.0016103771049529314,0.0016324571333825588
valid,1578,mp-aaacewlx,5.0,4,168,3,0.001606110017746687,0.0015974489506334066,0.0016422478947788477
valid,1578,mp-aaacewlx,5.5,4,168,3,0.0015995600260794163,0.0015981330070644617,0.0016321560833603144
valid,1578,mp-aaacewlx,6.0,4,216,3,0.0016071749851107597,0.0016031928826123476,0.001638184068724513
valid,1578,mp-aaacewlx,6.5,4,312,3,0.002624095883220434,0.0026185910683125257,0.0026923089753836393
valid,1578,mp-aaacewlx,7.0,4,312,3,0.002613676944747567,0.002604518085718155,0.0026366938836872578
valid,1578,mp-aaacewlx,7.5,4,344,3,0.0026425649411976337,0.0026387120597064495,0.00269603100605309
valid,1578,mp-aaacewlx,8.0,4,536,3,0.0026877718046307564,0.002644760999828577,0.0027468991465866566
valid,1614,mp-aaacfrox,3.0,5,0,3,0.0011138140689581633,0.0011049380991607904,0.0011300030164420605
valid,1614,mp-aaacfrox,3.5,5,12,3,0.0016233688220381737,0.0015846830792725086,0.001626407029107213
valid,1614,mp-aaacfrox,4.0,5,12,3,0.0016322301235049963,0.0015884160529822111,0.0016401968896389008
valid,1614,mp-aaacfrox,4.5,5,60,3,0.001628614030778408,0.0016030510887503624,0.0016378900036215782
valid,1614,mp-aaacfrox,5.0,5,60,3,0.0016271641943603754,0.001599638955667615,0.0016544160898774862
valid,1614,mp-aaacfrox,5.5,5,76,3,0.001931551843881607,0.0016376401763409376,0.0019562600646167994
valid,1614,mp-aaacfrox,6.0,5,76,3,0.0016696827951818705,0.001648036064580083,0.0016771107912063599
valid,1614,mp-aaacfrox,6.5,5,106,3,0.0016891169361770153,0.001620874973013997,0.0017068160232156515
valid,1614,mp-aaacfrox,7.0,5,154,3,0.0016656520310789347,0.001640985021367669,0.0016896540764719248
valid,1614,mp-aaacfrox,7.5,5,154,3,0.0016761929728090763,0.0016428169328719378,0.0016967819537967443
valid,1614,mp-aaacfrox,8.0,5,250,3,0.0017030129674822092,0.0016552379820495844,0.0017126090824604034
valid,1651,mp-aaachmwo,3.0,12,84,3,0.002076260047033429,0.0020561160054057837,0.0021267731208354235
valid,1651,mp-aaachmwo,3.5,12,140,3,0.002068236004561186,0.0020538452081382275,0.0020705261267721653
valid,1651,mp-aaachmwo,4.0,12,212,3,0.0020724739879369736,0.002056922996416688,0.0020744469948112965
valid,1651,mp-aaachmwo,4.5,12,276,3,0.002077169017866254,0.0020704830531030893,0.0020900811068713665
valid,1651,mp-aaachmwo,5.0,12,396,3,0.002112393965944648,0.0020891809836030006,0.002135166898369789
valid,1651,mp-aaachmwo,5.5,12,564,3,0.0038125410210341215,0.0037626379635185003,0.003824798855930567
valid,1651,mp-aaachmwo,6.0,12,708,3,0.0038227199111133814,0.003820476122200489,0.0038256519474089146
valid,1651,mp-aaachmwo,6.5,12,1008,3,0.0039046660531312227,0.0038574161008000374,0.003932236926630139
valid,1651,mp-aaachmwo,7.0,12,1136,3,0.0038643612060695887,0.0038325220812112093,0.0038929700385779142
valid,1651,mp-aaachmwo,7.5,12,1336,3,0.003905348014086485,0.003888532053679228,0.004027188057079911
valid,1651,mp-aaachmwo,8.0,12,1740,3,0.003960063913837075,0.003931678831577301,0.00397131685167551
valid,1655,mp-aaaciccv,3.0,1,12,3,0.0023587180767208338,0.0023559469264000654,0.002374027157202363
valid,1655,mp-aaaciccv,3.5,1,18,3,0.0036691308487206697,0.003610330866649747,0.0037001539021730423
valid,1655,mp-aaaciccv,4.0,1,20,3,0.003703868016600609,0.003671478945761919,0.0037105761002749205
valid,1655,mp-aaaciccv,4.5,1,32,3,0.004839204950258136,0.004790763836354017,0.004846480907872319
valid,1655,mp-aaaciccv,5.0,1,68,3,0.005271436180919409,0.00522170914337039,0.00527909304946661
valid,1655,mp-aaaciccv,5.5,1,74,3,0.007700412068516016,0.007669075857847929,0.007759602041915059
valid,1655,mp-aaaciccv,6.0,1,104,3,0.008119003847241402,0.007961846888065338,0.008128721034154296
valid,1655,mp-aaaciccv,6.5,1,128,3,0.008546632947400212,0.008356257108971477,0.00856918003410101
valid,1655,mp-aaaciccv,7.0,1,146,3,0.011770001146942377,0.011664705816656351,0.012247133068740368
valid,1655,mp-aaaciccv,7.5,1,196,3,0.012151356087997556,0.012016880791634321,0.012444295920431614
valid,1655,mp-aaaciccv,8.0,1,232,3,0.015974853886291385,0.015699107898399234,0.016064928844571114
valid,1688,mp-aaacjjsy,3.0,8,24,3,0.0017373152077198029,0.0017290909308940172,0.0017415140755474567
valid,1688,mp-aaacjjsy,3.5,8,108,3,0.0017509269528090954,0.0017416889313608408,0.0017592709045857191
valid,1688,mp-aaacjjsy,4.0,8,108,3,0.0028994660824537277,0.0028944050427526236,0.002919655991718173
valid,1688,mp-aaacjjsy,4.5,8,156,3,0.002889211056753993,0.0028708961326628923,0.0029316770378500223
valid,1688,mp-aaacjjsy,5.0,8,204,3,0.0029118910897523165,0.00287819211371243,0.002926106099039316
valid,1688,mp-aaacjjsy,5.5,8,276,3,0.003048822982236743,0.0030423270072788,0.0030842339619994164
valid,1688,mp-aaacjjsy,6.0,8,468,3,0.004922448890283704,0.0049088140949606895,0.004932081094011664
valid,1688,mp-aaacjjsy,6.5,8,540,3,0.0048839549999684095,0.004875872982665896,0.004945184802636504
valid,1688,mp-aaacjjsy,7.0,8,588,3,0.005132501944899559,0.0050562708638608456,0.005147665971890092
valid,1688,mp-aaacjjsy,7.5,8,736,3,0.00504916300997138,0.005041893105953932,0.005100548965856433
valid,1688,mp-aaacjjsy,8.0,8,964,3,0.005351470084860921,0.00532635604031384,0.005353084998205304
valid,1724,mp-aaackkuc,3.0,4,28,3,0.001570975873619318,0.0015576968435198069,0.0015986969228833914
valid,1724,mp-aaackkuc,3.5,4,64,3,0.0024425589945167303,0.002421290148049593,0.002459394047036767
valid,1724,mp-aaackkuc,4.0,4,88,3,0.002450627041980624,0.002441421151161194,0.0024799450766295195
valid,1724,mp-aaackkuc,4.5,4,136,3,0.002453271998092532,0.002446508966386318,0.0024804919958114624
valid,1724,mp-aaackkuc,5.0,4,196,3,0.00261978292837739,0.002600784180685878,0.0026635569520294666
valid,1724,mp-aaackkuc,5.5,4,252,3,0.002615028992295265,0.0025914639700204134,0.0026347870007157326
valid,1724,mp-aaackkuc,6.0,4,276,3,0.004020589869469404,0.003984824987128377,0.004045011941343546
valid,1724,mp-aaackkuc,6.5,4,420,3,0.004186420002952218,0.0041026100516319275,0.004243028117343783
valid,1724,mp-aaackkuc,7.0,4,492,3,0.00415279995650053,0.004110863199457526,0.004172355169430375
valid,1724,mp-aaackkuc,7.5,4,564,3,0.004538245033472776,0.004357671830803156,0.004794385051354766
valid,1724,mp-aaackkuc,8.0,4,696,3,0.006376336794346571,0.006339981919154525,0.006467730971053243
valid,1761,mp-aaackxzv,3.0,20,92,3,0.002856565872207284,0.0028082700446248055,0.0030269690323621035
valid,1761,mp-aaackxzv,3.5,20,128,3,0.002786260098218918,0.002777526853606105,0.0027866370510309935
valid,1761,mp-aaackxzv,4.0,20,232,3,0.0028356199618428946,0.0028055140282958746,0.00283963605761528
valid,1761,mp-aaackxzv,4.5,20,308,3,0.0028249500319361687,0.002795509062707424,0.002831632038578391
valid,1761,mp-aaackxzv,5.0,20,464,3,0.0028632960747927427,0.002846329938620329,0.002896260004490614
valid,1761,mp-aaackxzv,5.5,20,560,3,0.00286265485920012,0.002837382024154067,0.002891391981393099
valid,1761,mp-aaackxzv,6.0,20,708,3,0.006032598903402686,0.0059425788931548595,0.006076032062992454
valid,1761,mp-aaackxzv,6.5,20,1008,3,0.006086162058636546,0.006068027811124921,0.0061769860330969095
valid,1761,mp-aaackxzv,7.0,20,1280,3,0.006132843904197216,0.0061069459188729525,0.006179892923682928
valid,1761,mp-aaackxzv,7.5,20,1560,3,0.006116027943789959,0.006086884997785091,0.006138464901596308
valid,1761,mp-aaackxzv,8.0,20,1776,3,0.006218247814103961,0.006077161058783531,0.006234651198610663
valid,1798,mp-aaaclgle,3.0,10,24,3,0.0017939689569175243,0.0017464249394834042,0.0018454920500516891
valid,1798,mp-aaaclgle,3.5,10,24,3,0.0018040449358522892,0.0017631289083510637,0.0018053159583359957
valid,1798,mp-aaaclgle,4.0,10,120,3,0.0018760929815471172,0.0018625000957399607,0.0018876458052545786
valid,1798,mp-aaaclgle,4.5,10,120,3,0.00185679504647851,0.0018366491422057152,0.0018573720008134842
valid,1798,mp-aaaclgle,5.0,10,152,3,0.0018700780346989632,0.001842960948124528,0.0018705448601394892
valid,1798,mp-aaaclgle,5.5,10,212,3,0.0018876278772950172,0.0018862280994653702,0.0018885880708694458
valid,1798,mp-aaaclgle,6.0,10,308,3,0.0018995609134435654,0.0018961860332638025,0.0019025709480047226
valid,1798,mp-aaaclgle,6.5,10,452,3,0.0019165549892932177,0.0019102380611002445,0.0019560439977794886
valid,1798,mp-aaaclgle,7.0,10,500,3,0.0019335639663040638,0.0019205210264772177,0.0025908811949193478
valid,1798,mp-aaaclgle,7.5,10,620,3,0.001941115828230977,0.0019342871382832527,0.0019862810149788857
valid,1798,mp-aaaclgle,8.0,10,728,3,0.003308851970359683,0.0032800401095300913,0.003374634077772498
valid,1834,mp-aaacliix,3.0,10,24,3,0.0017336979508399963,0.0017003421671688557,0.0017436270136386156
valid,1834,mp-aaacliix,3.5,10,24,3,0.001727743074297905,0.001693963073194027,0.0017325200606137514
valid,1834,mp-aaacliix,4.0,10,120,3,0.0018561850301921368,0.0018419851548969746,0.001871644053608179
valid,1834,mp-aaacliix,4.5,10,120,3,0.0018278961069881916,0.0018195630982518196,0.0018609168473631144
valid,1834,mp-aaacliix,5.0,10,152,3,0.0018629028927534819,0.0018493530806154013,0.0018801630940288305
valid,1834,mp-aaacliix,5.5,10,206,3,0.0018678479827940464,0.0018605629447847605,0.0018688340205699205
valid,1834,mp-aaacliix,6.0,10,212,3,0.001872119028121233,0.0018697208724915981,0.0018909021746367216
valid,1834,mp-aaacliix,6.5,10,308,3,0.0018797959201037884,0.001863674959167838,0.0018829659093171358
valid,1834,mp-aaacliix,7.0,10,500,3,0.00190389109775424,0.0019024810753762722,0.0019160821102559566
valid,1834,mp-aaacliix,7.5,10,500,3,0.0019159610383212566,0.0019004021305590868,0.0019163491670042276
valid,1834,mp-aaacliix,8.0,10,620,3,0.0019307099282741547,0.0019252931233495474,0.0019402808975428343
valid,1871,mp-aaacpcem,3.0,9,40,3,0.0012403049040585756,0.0012358298990875483,0.0012823902070522308
valid,1871,mp-aaacpcem,3.5,9,52,3,0.0017815411556512117,0.001735237892717123,0.001820289995521307
valid,1871,mp-aaacpcem,4.0,9,52,3,0.0017723189666867256,0.0017413978930562735,0.0018038288690149784
valid,1871,mp-aaacpcem,4.5,9,136,3,0.0017881549429148436,0.001780881080776453,0.0018277701456099749
valid,1871,mp-aaacpcem,5.0,9,148,3,0.001796587137505412,0.0017484258860349655,0.0018255929462611675
valid,1871,mp-aaacpcem,5.5,9,284,3,0.0018181041814386845,0.001778811914846301,0.0018204501830041409
valid,1871,mp-aaacpcem,6.0,9,284,3,0.001809047069400549,0.0017978441901504993,0.0018139011226594448
valid,1871,mp-aaacpcem,6.5,9,338,3,0.0018321031238883734,0.0018230790738016367,0.0018410331103950739
valid,1871,mp-aaacpcem,7.0,9,434,3,0.0018365520518273115,0.0018131430260837078,0.0018442478030920029
valid,1871,mp-aaacpcem,7.5,9,506,3,0.0018569801468402147,0.001853640191257,0.0018597980961203575
valid,1871,mp-aaacpcem,8.0,9,698,3,0.0018708889838308096,0.001860105898231268,0.0018913690000772476
valid,1908,mp-aaacpirm,3.0,4,0,3,0.0013763569295406342,0.0013708740007132292,0.0014051881153136492
valid,1908,mp-aaacpirm,3.5,4,32,3,0.0015859249979257584,0.001558947842568159,0.0015933390241116285
valid,1908,mp-aaacpirm,4.0,4,56,3,0.0015841119457036257,0.0015603729989379644,0.0015962780453264713
valid,1908,mp-aaacpirm,4.5,4,56,3,0.001589308027178049,0.00156448595225811,0.0016073081642389297
valid,1908,mp-aaacpirm,5.0,4,56,3,0.0015799140091985464,0.0015732760075479746,0.0015899250283837318
valid,1908,mp-aaacpirm,5.5,4,104,3,0.0017238790169358253,0.0015664719976484776,0.0018367620650678873
valid,1908,mp-aaacpirm,6.0,4,104,3,0.0024868331383913755,0.0024770579766482115,0.002511426107957959
valid,1908,mp-aaacpirm,6.5,4,232,3,0.002606014022603631,0.002592527773231268,0.0026392918080091476
valid,1908,mp-aaacpirm,7.0,4,232,3,0.0026448180433362722,0.002565491944551468,0.0026506129652261734
valid,1908,mp-aaacpirm,7.5,4,256,3,0.0027021069545298815,0.0026568439789116383,0.0027611758559942245
valid,1908,mp-aaacpirm,8.0,4,256,3,0.0027257308829575777,0.002603342058137059,0.0027500400319695473
valid,1945,mp-aaacpjtj,3.0,4,0,3,0.00135716306976974,0.0013513730373233557,0.0014270159881561995
valid,1945,mp-aaacpjtj,3.5,4,48,3,0.0015723700635135174,0.001548841129988432,0.0016506940592080355
valid,1945,mp-aaacpjtj,4.0,4,48,3,0.0024502400774508715,0.0024262641090899706,0.002482597017660737
valid,1945,mp-aaacpjtj,4.5,4,64,3,0.0024797178339213133,0.002416742965579033,0.0024822480045259
valid,1945,mp-aaacpjtj,5.0,4,64,3,0.0024390090256929398,0.0024203648790717125,0.00243945699185133
valid,1945,mp-aaacpjtj,5.5,4,72,3,0.002463434124365449,0.0024380639661103487,0.002488176105543971
valid,1945,mp-aaacpjtj,6.0,4,168,3,0.0024587230291217566,0.002440107986330986,0.002460326999425888
valid,1945,mp-aaacpjtj,6.5,4,184,3,0.0036818301305174828,0.003665211144834757,0.0036893088836222887
valid,1945,mp-aaacpjtj,7.0,4,248,3,0.004021289059892297,0.004020295105874538,0.004023978020995855
valid,1945,mp-aaacpjtj,7.5,4,280,3,0.004016432911157608,0.0040012740064412355,0.0040223689284175634
valid,1945,mp-aaacpjtj,8.0,4,344,3,0.004024334019050002,0.0040201188530772924,0.004156117094680667
valid,1981,mp-aaacplrt,3.0,4,32,3,0.0015704259276390076,0.0015455491375178099,0.001576174981892109
valid,1981,mp-aaacplrt,3.5,4,56,3,0.0015975788701325655,0.001536129042506218,0.00162353808991611
valid,1981,mp-aaacplrt,4.0,4,56,3,0.0016295460518449545,0.0016267988830804825,0.0023636610712856054
valid,1981,mp-aaacplrt,4.5,4,56,3,0.0016166761051863432,0.0015996908769011497,0.001646525925025344
valid,1981,mp-aaacplrt,5.0,4,104,3,0.0016330869402736425,0.0016111470758914948,0.0016341619193553925
valid,1981,mp-aaacplrt,5.5,4,104,3,0.0026161379646509886,0.0025415390264242887,0.002723962999880314
valid,1981,mp-aaacplrt,6.0,4,232,3,0.002660518977791071,0.002600376959890127,0.0026812669821083546
valid,1981,mp-aaacplrt,6.5,4,232,3,0.002629227004945278,0.0025675329379737377,0.002645283006131649
valid,1981,mp-aaacplrt,7.0,4,256,3,0.0026695989072322845,0.002595284953713417,0.0026704450137913227
valid,1981,mp-aaacplrt,7.5,4,448,3,0.0026438841596245766,0.0026379558257758617,0.0026642049197107553
valid,1981,mp-aaacplrt,8.0,4,448,3,0.002655257936567068,0.0026545918080955744,0.002694173948839307
valid,2018,mp-aaacpnvl,3.0,4,0,3,0.0013563500251621008,0.0013452088460326195,0.0013687137980014086
valid,2018,mp-aaacpnvl,3.5,4,32,3,0.0015746611170470715,0.0015423891600221395,0.0016415659338235855
valid,2018,mp-aaacpnvl,4.0,4,56,3,0.001547166146337986,0.0015463889576494694,0.001596180023625493
valid,2018,mp-aaacpnvl,4.5,4,56,3,0.0015639469493180513,0.0015609750989824533,0.0016255970112979412
valid,2018,mp-aaacpnvl,5.0,4,104,3,0.0015757419168949127,0.0015543559566140175,0.0015856609679758549
valid,2018,mp-aaacpnvl,5.5,4,104,3,0.0024215958546847105,0.002419911092147231,0.0026209340430796146
valid,2018,mp-aaacpnvl,6.0,4,200,3,0.002481119940057397,0.0024723547976464033,0.0024917901027947664
valid,2018,mp-aaacpnvl,6.5,4,232,3,0.0025967760011553764,0.002589910989627242,0.0026015390176326036
valid,2018,mp-aaacpnvl,7.0,4,232,3,0.002623810898512602,0.0025972039438784122,0.002672595903277397
valid,2018,mp-aaacpnvl,7.5,4,256,3,0.0025945971719920635,0.002574862912297249,0.002708381973206997
valid,2018,mp-aaacpnvl,8.0,4,448,3,0.002610117895528674,0.0026087528094649315,0.002705107908695936
valid,2055,mp-aaacprhg,3.0,20,40,3,0.0015534369740635157,0.001459266059100628,0.0016364820767194033
valid,2055,mp-aaacprhg,3.5,20,40,3,0.002629977883771062,0.002624691231176257,0.002706262981519103
valid,2055,mp-aaacprhg,4.0,20,72,3,0.0028112668078392744,0.0027897360268980265,0.0028732381761074066
valid,2055,mp-aaacprhg,4.5,20,228,3,0.002775660017505288,0.0027534859254956245,0.002780744107440114
valid,2055,mp-aaacprhg,5.0,20,268,3,0.002810111967846751,0.002787834033370018,0.002815410029143095
valid,2055,mp-aaacprhg,5.5,20,308,3,0.0027778511866927147,0.0027644129004329443,0.0027818751987069845
valid,2055,mp-aaacprhg,6.0,20,356,3,0.0027943409513682127,0.0027816419024020433,0.0028032008558511734
valid,2055,mp-aaacprhg,6.5,20,496,3,0.0028168591670691967,0.0027798248920589685,0.002910003997385502
valid,2055,mp-aaacprhg,7.0,20,632,3,0.0028938481118530035,0.0028514459263533354,0.0029313659761101007
valid,2055,mp-aaacprhg,7.5,20,836,3,0.002878026105463505,0.0028519940096884966,0.0028805388137698174
valid,2055,mp-aaacprhg,8.0,20,988,3,0.002881817054003477,0.0028710518963634968,0.0028856329154223204
valid,2091,mp-aaacqnea,3.0,36,240,3,0.002063040854409337,0.0020507769659161568,0.0021169199608266354
valid,2091,mp-aaacqnea,3.5,36,432,3,0.0020818719640374184,0.002068523084744811,0.0020845800172537565
valid,2091,mp-aaacqnea,4.0,36,600,3,0.00533663691021502,0.005314696114510298,0.005418124841526151
valid,2091,mp-aaacqnea,4.5,36,976,3,0.005357356043532491,0.00534572615288198,0.005381029099225998
valid,2091,mp-aaacqnea,5.0,36,1464,3,0.005415748106315732,0.005397796165198088,0.005425449926406145
valid,2091,mp-aaacqnea,5.5,36,1896,3,0.005530026042833924,0.005496568977832794,0.00553724286146462
valid,2091,mp-aaacqnea,6.0,36,2568,3,0.005547296954318881,0.00553366681560874,0.005651775980368257
valid,2091,mp-aaacqnea,6.5,36,3120,3,0.005640043877065182,0.005616403883323073,0.005652233958244324
valid,2091,mp-aaacqnea,7.0,36,3792,3,0.005682328948751092,0.0055594970472157,0.005918198963627219
valid,2091,mp-aaacqnea,7.5,36,4752,3,0.005714108003303409,0.005657681031152606,0.005749681033194065
valid,2091,mp-aaacqnea,8.0,36,5952,3,0.0057154681999236345,0.005681726848706603,0.005757560953497887
valid,2128,mp-aaacqwzi,3.0,12,74,3,0.001951528014615178,0.001910163089632988,0.0020106269512325525
valid,2128,mp-aaacqwzi,3.5,12,150,3,0.001960611902177334,0.0019524029921740294,0.0019962380174547434
valid,2128,mp-aaacqwzi,4.0,12,240,3,0.0019832670222967863,0.0019820730667561293,0.0022263359278440475
valid,2128,mp-aaacqwzi,4.5,12,296,3,0.0035890787839889526,0.003576400224119425,0.0035891220904886723
valid,2128,mp-aaacqwzi,5.0,12,424,3,0.003637789050117135,0.00360170379281044,0.0036819539964199066
valid,2128,mp-aaacqwzi,5.5,12,592,3,0.003674532985314727,0.003654228989034891,0.003691290970891714
valid,2128,mp-aaacqwzi,6.0,12,724,3,0.0038649290800094604,0.0038514609914273024,0.003884322941303253
valid,2128,mp-aaacqwzi,6.5,12,944,3,0.003891685977578163,0.0038452751468867064,0.0039226028602570295
valid,2128,mp-aaacqwzi,7.0,12,1158,3,0.0064453608356416225,0.00639863102696836,0.006495070876553655
valid,2128,mp-aaacqwzi,7.5,12,1384,3,0.006539815105497837,0.006514656124636531,0.006543296156451106
valid,2128,mp-aaacqwzi,8.0,12,1736,3,0.006726081017404795,0.006637178128585219,0.006759661016985774
valid,2165,mp-aaacrfps,3.0,4,0,3,0.0013572010211646557,0.0013333188835531473,0.0013584292028099298
valid,2165,mp-aaacrfps,3.5,4,24,3,0.001570527907460928,0.001540598925203085,0.001596878981217742
valid,2165,mp-aaacrfps,4.0,4,24,3,0.0015414420049637556,0.0015324510168284178,0.0015621278434991837
valid,2165,mp-aaacrfps,4.5,4,24,3,0.001556080998852849,0.0015394410584121943,0.0015975679270923138
valid,2165,mp-aaacrfps,5.0,4,72,3,0.0015909781213849783,0.001542364014312625,0.0016005050856620073
valid,2165,mp-aaacrfps,5.5,4,72,3,0.0015745868440717459,0.001573425019159913,0.001580032054334879
valid,2165,mp-aaacrfps,6.0,4,104,3,0.0015778241213411093,0.0015441051218658686,0.0016082990914583206
valid,2165,mp-aaacrfps,6.5,4,128,3,0.0015816460363566875,0.0015474879182875156,0.0015894819516688585
valid,2165,mp-aaacrfps,7.0,4,128,3,0.0024575949646532536,0.0024167420342564583,0.0024785029236227274
valid,2165,mp-aaacrfps,7.5,4,224,3,0.002602457068860531,0.002551696030423045,0.0027168020606040955
valid,2165,mp-aaacrfps,8.0,4,320,3,0.002641360042616725,0.002595545956864953,0.0026475992053747177
valid,2201,mp-aaacrluo,3.0,4,24,3,0.0015626498498022556,0.0015562479384243488,0.0016310911159962416
valid,2201,mp-aaacrluo,3.5,4,24,3,0.001575544010847807,0.0015712440945208073,0.0015890931244939566
valid,2201,mp-aaacrluo,4.0,4,30,3,0.0015617359895259142,0.0015571808908134699,0.0015684000682085752
valid,2201,mp-aaacrluo,4.5,4,72,3,0.00244323187507689,0.00242168502882123,0.002475977875292301
valid,2201,mp-aaacrluo,5.0,4,76,3,0.002448020037263632,0.002433659043163061,0.002480053110048175
valid,2201,mp-aaacrluo,5.5,4,104,3,0.0024485799949616194,0.0024214640725404024,0.0024786079302430153
valid,2201,mp-aaacrluo,6.0,4,128,3,0.002569852862507105,0.0025385927874594927,0.002576592145487666
valid,2201,mp-aaacrluo,6.5,4,152,3,0.002602781169116497,0.002575511112809181,0.0026701989118009806
valid,2201,mp-aaacrluo,7.0,4,224,3,0.002598992083221674,0.002558122156187892,0.0026187850162386894
valid,2201,mp-aaacrluo,7.5,4,320,3,0.004100006073713303,0.004024707013741136,0.004426948959007859
valid,2201,mp-aaacrluo,8.0,4,320,3,0.0039906499441713095,0.0039726009126752615,0.003999526845291257
valid,2238,mp-aaacrrgz,3.0,9,12,3,0.0017647349741309881,0.001756560057401657,0.0018469991628080606
valid,2238,mp-aaacrrgz,3.5,9,48,3,0.0017867719288915396,0.001764778047800064,0.0018089460209012032
valid,2238,mp-aaacrrgz,4.0,9,48,3,0.001761849969625473,0.0017228638753294945,0.0017656341660767794
valid,2238,mp-aaacrrgz,4.5,9,108,3,0.0017848871648311615,0.001781664090231061,0.001795365009456873
valid,2238,mp-aaacrrgz,5.0,9,150,3,0.0030182430054992437,0.0029700410086661577,0.003043317934498191
valid,2238,mp-aaacrrgz,5.5,9,198,3,0.0030833750497549772,0.003032863838598132,0.003092567902058363
valid,2238,mp-aaacrrgz,6.0,9,210,3,0.003058878006413579,0.003049463964998722,0.003080780850723386
valid,2238,mp-aaacrrgz,6.5,9,256,3,0.003092651953920722,0.0030532211530953646,0.0031075819861143827
valid,2238,mp-aaacrrgz,7.0,9,382,3,0.0032117499504238367,0.003159661078825593,0.0032514778431504965
valid,2238,mp-aaacrrgz,7.5,9,508,3,0.003254100913181901,0.0031752551440149546,0.0032695478294044733
valid,2238,mp-aaacrrgz,8.0,9,622,3,0.005233146948739886,0.0051986530888825655,0.005324001889675856
valid,2275,mp-aaacrwwj,3.0,15,96,3,0.0023478958755731583,0.0023112718481570482,0.002471005078405142
valid,2275,mp-aaacrwwj,3.5,15,180,3,0.0023133608046919107,0.0022596039343625307,0.0023582419380545616
valid,2275,mp-aaacrwwj,4.0,15,234,3,0.0022982070222496986,0.0022816630080342293,0.0023318398743867874
valid,2275,mp-aaacrwwj,4.5,15,318,3,0.0023375051096081734,0.002326076850295067,0.002347569912672043
valid,2275,mp-aaacrwwj,5.0,15,462,3,0.0023147310130298138,0.0022712149657309055,0.002410018816590309
valid,2275,mp-aaacrwwj,5.5,15,750,3,0.0024105720221996307,0.0023713179398328066,0.00241774320602417
valid,2275,mp-aaacrwwj,6.0,15,900,3,0.0023963460698723793,0.002385208150371909,0.0024349270388484
valid,2275,mp-aaacrwwj,6.5,15,1110,3,0.004550450947135687,0.004533553961664438,0.00459470902569592
valid,2275,mp-aaacrwwj,7.0,15,1446,3,0.004659798229113221,0.004467241000384092,0.0046887260396033525
valid,2275,mp-aaacrwwj,7.5,15,1710,3,0.00475549791008234,0.004707410000264645,0.004759130068123341
valid,2275,mp-aaacrwwj,8.0,15,2238,3,0.004936972865834832,0.004913982003927231,0.004959641024470329
valid,2312,mp-aaaddiml,3.0,14,100,3,0.00219945190474391,0.00217818608507514,0.002283550100401044
valid,2312,mp-aaaddiml,3.5,14,232,3,0.0021986619103699923,0.002195047913119197,0.002215760061517358
valid,2312,mp-aaaddiml,4.0,14,316,3,0.0042059889528900385,0.004062790889292955,0.004315254976972938
valid,2312,mp-aaaddiml,4.5,14,436,3,0.004309687064960599,0.004239671863615513,0.004316759994253516
valid,2312,mp-aaaddiml,5.0,14,532,3,0.0042250738479197025,0.004206398967653513,0.0042490491177886724
valid,2312,mp-aaaddiml,5.5,14,776,3,0.004474958870559931,0.004412736976519227,0.004496976034715772
valid,2312,mp-aaaddiml,6.0,14,1060,3,0.004370315931737423,0.004351000068709254,0.004414130002260208
valid,2312,mp-aaaddiml,6.5,14,1216,3,0.007653458043932915,0.007597081828862429,0.007915683090686798
valid,2312,mp-aaaddiml,7.0,14,1548,3,0.00787190510891378,0.007844329113140702,0.007874727016314864
valid,2312,mp-aaaddiml,7.5,14,2052,3,0.007880704943090677,0.007798301056027412,0.008005528012290597
valid,2312,mp-aaaddiml,8.0,14,2384,3,0.008330139797180891,0.008263682946562767,0.008500816067680717
