mpid,arm,arm_rank,sample_hash,composition,composition_seen_train,nelements,nsites,crystal_system,band_gap,nelements_bin,nsites_bin,gap_bin,train_stratum_count,candidate_task_count,structure_match_count,task_id,run_type,volume_rel_diff,status,quality_status,usable,coverage_fraction,trunc_ratio,task_nval,primitive_nval,e0_mass,winsor_clipped_bins,nearest_train_target_tv
mp-aaacptng,probability,1,0000fa9338a015074dea59d39967d01f4be666420e34b393fc5d775d227bfb19,Cl:2|Eu:7|F:12,0,3,21,Hexagonal,0.5699000000000005,3,17-32,gap_0_2,43,0,0,,,,unresolved_no_task,unresolved_no_task,0,nan,nan,nan,nan,nan,0,
mp-aaacqqyl,probability,2,0001450a0dd9adaca37b24e993c7baf2dc248e01a04e3cf4f4c4bd277738e917,Dy:7|Pt:2|Te:2,0,3,11,Orthorhombic,0.0,3,09-16,metal,49,3,3,aaadefld,GGA,0.008825473966856128,matched,usable,1,0.8515625,1.3206247123157921,95.0,95.0,821.538,0,0.2992324233055115
mp-aaabuzye,probability,3,000386ff2468cae4b61ff943816f01a0bd0c1c7c5a233751e95665eef29a6bb0,O:12|V:4,0,2,16,Monoclinic,0.07850000000000001,2,09-16,gap_0_2,78,5,5,aaaddhjf,GGA+U,0.0,matched,usable,1,0.46875,1.6706057680172421,116.0,116.0,511.96830000000006,0,0.57164067029953
mp-aaabqwxz,probability,4,00039862a0a26a6a3ee5361b76150bdab50cc10104cbaf28c7d4480efdca1031,Co:1|Cr:2|Li:3|O:6,0,4,12,Monoclinic,0.7767,4+,09-16,gap_0_2,51,6,5,aaadbprb,GGA+U,0.0,matched,usable,1,0.421875,2.0157187443749986,72.0,72.0,281.63030000000003,0,0.5745584964752197
mp-aaacposn,probability,5,00040443f300c46db3ae56ee71f0a15c029fcc802196d1f644325e7bfc9148bb,Pd:2|Tm:1|Yb:1,0,3,4,Cubic,0.0,3,01-04,metal,1834,0,0,,,,unresolved_no_task,unresolved_no_task,0,nan,nan,nan,nan,nan,0,
mp-aaacqbwf,probability,6,00042451259da91cd18ddefa0443f68fdafa6021cb033096847199ceab4b4176,N:16|S:16,0,2,32,Orthorhombic,0.0,2,17-32,metal,0,3,3,aaadbhzl,GGA,0.0,matched,usable,1,0.9375,1.6292579631818165,176.0,176.0,1431.7515,0,0.44756293296813965
mp-aaacqgnr,probability,7,00045fdc02c13b34fc85866f8194dead2972f4af6f3b512cdb5f47c2f2be2de4,Bi:4|C:16|H:56|N:20|O:4|S:32,0,6,132,Monoclinic,2.8482000000000003,4+,81+,gap_gt_2,6,1,1,aaacydry,GGA,0.0,matched,usable,1,0.890625,2.2310307998684205,456.0,456.0,3066.9302,7,0.4526379704475403
mp-aaacqnfo,probability,8,0005d4a044dca7d49b22c5edf697c0a7102b4ec4dd8b6ef1b77d057507388937,Al:12|Ca:4|H:32|Na:4|O:76|Si:18,0,6,146,Orthorhombic,4.5947,4+,81+,gap_gt_2,5,0,0,,,,unresolved_no_task,unresolved_no_task,0,nan,nan,nan,nan,nan,0,
mp-aaaabkpx,probability,9,00060a3b73e0fc85fdf4880fbf5abfda35006dfc1e8f1f6e6a04fe76a220d74b,C:8|Cd:4|H:24|O:24,0,4,60,Monoclinic,4.5222999999999995,4+,33-80,gap_gt_2,109,0,0,,,,unresolved_no_task,unresolved_no_task,0,nan,nan,nan,nan,nan,0,
mp-aaacsegv,probability,10,00079e8554d6e77b58e4f28b6e5f023d30c29271ded6bc16edab389b355067cd,Ag:4|Mg:1|Mn:4|O:16,0,4,25,Triclinic,0.3139,4+,17-32,gap_0_2,4,1,1,aaacsegv,GGA+U,0.0,matched,usable,1,0.4375,1.0934371787371138,194.0,194.0,806.5644000000001,0,0.5299170017242432
mp-aaafynqc,probability,11,000ace136a3d18e8a75c295f7007e59ca8f9b9b898cfce54cba09691cf24ef76,La:6|Na:21|O:72|P:15|S:3|Zn:6,0,6,123,Triclinic,3.8939999999999997,4+,81+,gap_gt_2,0,0,0,,,,unresolved_no_task,unresolved_no_task,0,nan,nan,nan,nan,nan,0,
mp-aaaabrsn,probability,12,000cc1034f7178c467ad0c3e31820b6c57b3a65bc2ccb18460f03bf9c467fbbc,H:32|P:16|Si:4,0,3,52,Monoclinic,3.9290000000000003,3,33-80,gap_gt_2,101,0,0,,,,unresolved_no_task,unresolved_no_task,0,nan,nan,nan,nan,nan,0,
mp-aaabrnpu,probability,13,000cc7b8d870a4c50004363b1bb8c83878103244eab54a6fefb47735beae3a0e,B:32|Na:8|O:52,0,3,92,Monoclinic,5.635,3,81+,gap_gt_2,8,4,4,aaabwrgk,GGA,0.0,matched,truncated,0,0.6875,0.08965307066810345,464.0,464.0,100.89370000000001,0,
mp-aaacqgrr,probability,14,000cef4cedfe131e71ef6f0cbe049f5bf5e6fffedefc15604c5972105d92c573,C:18|O:72|Tb:18,0,3,108,Hexagonal,0.10550000000000015,3,81+,gap_0_2,1,2,2,aaacxxee,GGA,0.0,matched,usable,1,0.828125,1.2973051091291294,666.0,666.0,3273.951,1,0.28764212131500244
mp-aaaborpk,probability,15,000d0fac8f9c47d27eea064f6b111a55a6b21996780a46b0c9e3df265c98352f,O:18|V:10,0,2,28,Triclinic,0.7569999999999997,2,17-32,gap_0_2,0,5,5,aaabtjrv,GGA+U,0.0,matched,truncated,0,0.390625,0.06303509194954128,218.0,218.0,27.494799999999998,0,
mp-aaaabtzd,probability,16,000d573b006b3e8a305d26e89315a0e16b42bd4496775fd2277e510fcf43bd8d,B:14|Na:6|O:24,0,3,44,Triclinic,4.9219,3,33-80,gap_gt_2,0,0,0,,,,unresolved_no_task,unresolved_no_task,0,nan,nan,nan,nan,nan,0,
mp-aaaabuii,probability,17,000da6a4d5eae1398346da1d3317f4eb6f5dda8e1da1518501654d7b6ae1d589,Ga:18|Rh:4,0,2,22,Monoclinic,0.0,2,17-32,metal,2,0,0,,,,unresolved_no_task,unresolved_no_task,0,nan,nan,nan,nan,nan,0,
mp-aaacrskz,probability,18,000daf2cf4f7c0d8f3056a7c3633e1ebb7558b397e1c5ca2543e401d78b470d1,Fe:3|Ge:2,0,2,5,Hexagonal,0.0,2,05-08,metal,369,12,6,aaadeeoq,GGA,0.0,matched,usable,1,0.3125,2.4786656459615384,52.0,52.0,143.1724,0,0.5740160942077637
mp-aaabscrh,probability,19,000e0f320b1d171b48bca5c88198a34b308755672c24a1b186fd6b172c169bf0,Cu:3|Li:4|Nb:3|O:16|Sn:2,0,5,28,Monoclinic,0.021599999999999397,4+,17-32,gap_0_2,95,5,5,aaadqfxh,GGA,1.7220362095797765e-16,matched,usable,1,0.3203125,1.1796094124226804,194.0,194.0,469.43089999999995,0,0.6025442481040955
mp-aaacpiui,probability,20,000e3f73a1539dc52f1091504891881ad2ace630468a2a9a1cc2b6d650d051fc,Ca:2|Ge:4|Pt:4,0,3,10,Monoclinic,0.0,3,09-16,metal,15,6,6,aaaddfyr,GGA,0.0,matched,usable,1,0.46875,1.3294318772844829,116.0,116.0,442.05279999999993,0,0.5095278024673462
mp-aaaabsdl,probability,21,000ecfc6b44b611a65dd28f11ae5a0e6da2c034d052b6dc03c6eeb23b1e7d655,Bi:8|O:36|Se:12,0,3,56,Monoclinic,3.3926999999999996,3,33-80,gap_gt_2,101,0,0,,,,unresolved_no_task,unresolved_no_task,0,nan,nan,nan,nan,nan,0,
mp-aaabfoyu,probability,22,000ed4bb1b53b5fd714660119aa99282741852fa1f24c4f6b2df701e3edb6287,B:4|O:68|P:8|Pr:28,0,4,108,Monoclinic,4.6882,4+,81+,gap_gt_2,6,0,0,,,,unresolved_no_task,unresolved_no_task,0,nan,nan,nan,nan,nan,0,
mp-aaacqvqu,probability,23,00103a17347f74df0155f41d909ae580f1128706f5e7f960f06a62dbe19ac434,Ge:8|O:32|Rb:16|Zn:8,0,4,64,Orthorhombic,2.8121,4+,33-80,gap_gt_2,96,1,1,aaaebbwr,GGA,0.0,matched,usable,1,0.7421875,2.14412724155331,544.0,544.0,3327.6732,3,0.39272618293762207
mp-aaachjzm,probability,24,00113a4c965563d596babeb0c2aecc7dc69d026fce68dbd452d7192efce88a81,Ca:2|Cu:2|O:24|P:6|Ti:2,0,5,36,Trigonal,0.0,4+,33-80,metal,0,4,4,aaadqfpz,GGA,0.0,matched,usable,1,0.3125,1.22624335184322,236.0,236.0,444.46479999999997,0,0.48965784907341003
mp-aaabpmhc,probability,25,001221d8551c2fc21f823fea22aca2922f05cd4ee035a3311fcd4eaf5503724f,Na:16|O:72|Si:24|Zr:4,0,4,116,Orthorhombic,0.11760000000000004,4+,81+,gap_0_2,3,3,3,aaabpmhc,GGA,0.0,matched,usable,1,0.4375,1.3023197959011628,688.0,688.0,1920.279,5,0.43720895051956177
mp-aaacsgsn,probability,26,0012450f45425abb9b0965d9a74b56f57acf35c4d6219cbbe874b13468718634,C:4|F:12|H:4|Mg:1|O:12|S:4,0,6,37,Triclinic,4.2729,4+,33-80,gap_gt_2,0,0,0,,,,unresolved_no_task,unresolved_no_task,0,nan,nan,nan,nan,nan,0,
mp-aaacvbed,probability,27,0012b68dd0540efe227bbbbe3cfa236e6e3ec1a2212ea7bab89292506b96d31c,Co:4|O:24|Sr:8|Ta:4,0,4,40,Trigonal,0.8935,4+,33-80,gap_0_2,7,2,2,aaacvjbd,GGA+U,1.144845331993593e-16,matched,usable,1,0.609375,1.2850983101315778,304.0,304.0,1444.2218,0,0.43356966972351074
mp-aaabrrqq,probability,28,0012ce2db83b46a49bcc31056ec4c671f9916d8fe5b72bf93a35e1239f7474e4,F:12|Li:4|V:2,0,3,18,Monoclinic,2.1057,3,17-32,gap_gt_2,273,4,4,aaabucet,GGA+U,0.0,matched,truncated,0,0.421875,0.057066310954545445,110.0,110.0,15.7189,0,
mp-aaacrbdx,probability,29,00143047a5ff678637ad2c28528f9e497a3267ed245faf8874c9ef68ff35ee19,F:40|Fe:8|N:16,0,3,64,Orthorhombic,0.0051000000000001044,3,33-80,gap_0_2,37,2,2,aaacxrde,GGA+U,0.0,matched,usable,1,0.3671875,0.996617899658019,424.0,424.0,958.6313,3,0.6293249726295471
mp-aaaewrpa,probability,30,0014ea774391a3546193832ef3f0bfa32d1dce70ae58779481fc9e1569e898a3,Mg:1|Mn:4|O:8|Zn:2,0,4,15,Triclinic,0.1221000000000001,4+,09-16,gap_0_2,6,7,7,aaaexnwd,GGA+U,0.0,matched,usable,1,0.421875,1.049314954484127,126.0,126.0,434.3607,0,0.5130746364593506
mp-aaabpede,probability,31,0015385eaa6c90d538b239d3d3cd4d439bdcdec9977d352f926da9f023a18c7b,Ba:4|O:28|V:8,0,3,40,Orthorhombic,0.8484999999999999,3,33-80,gap_0_2,37,6,2,aaacysyr,GGA+U,0.0,matched,usable,1,0.546875,0.9890609652702701,296.0,296.0,1134.0250999999998,1,0.4763869047164917
mp-aaaaansl,probability,32,00154867031b05b718a948824399d8faa4aad36e6999d51e2fed4f18ae836c15,C:8|Er:4|Mn:2,0,3,14,Orthorhombic,0.0,3,09-16,metal,49,6,6,aaadcmjc,GGA,0.0,matched,usable,1,0.3984375,1.8393603622872345,94.0,94.0,340.8923,0,0.5269982814788818
mp-aaabnrkk,probability,33,00162624bf122d29f677a56831382f79095d9618c6822304de5a46e099cfae0e,Ca:4|H:24|Mn:14|O:70|Si:20,0,5,132,Triclinic,2.8341,4+,81+,gap_gt_2,0,6,6,aaaczstg,GGA+U,0.0,matched,usable,1,0.4296875,1.243624796427614,746.0,746.0,1710.2552,13,0.6056223511695862
mp-aaaabhqe,probability,34,001687130120e5ae161d31abba0fb0d706cb4e8561c7f3638872efd3279a6402,Ba:4|F:28|Fe:4|Mn:4,0,4,40,Monoclinic,2.1283,4+,33-80,gap_gt_2,109,5,5,aaadcjbo,GGA+U,0.0,matched,usable,1,0.3984375,1.2257254448437502,320.0,320.0,1003.7498,2,0.6164906620979309
mp-aaacqmsk,probability,35,00172b67305a9ae5537d5449450a1e5d85396c9f61cb3d8149855b820d638251,Co:26|In:2|La:12,0,3,40,Tetragonal,0.0,3,33-80,metal,1,4,4,aaadqewc,GGA,0.0,matched,usable,1,0.609375,1.102514499107143,392.0,392.0,2645.9145,5,0.38298821449279785
mp-aaackqfn,probability,36,0017c477e2ae541849cfcdbb1c9f621c03aacf092feef0273fc459ec8081c46c,Co:5|Li:9|Mn:2|O:16,0,4,32,Monoclinic,0.1631999999999998,4+,17-32,gap_0_2,95,878,4,aaaczxki,GGA+U,0.0,matched,usable,1,0.3984375,1.711505237017046,176.0,176.0,726.1718000000001,0,0.5501486659049988
mp-aaabiipy,probability,37,00184f0342acae9ae4670df97f20cdc717e2f5bc4370bf38210e400aeec1f823,C:8|Cl:8|Co:4|H:84|N:24|O:20,0,6,148,Orthorhombic,2.7161999999999997,4+,81+,gap_gt_2,5,5,5,aaaburaz,GGA+U,0.0,matched,truncated,0,0.6796875,0.09874456535714285,448.0,448.0,103.83990000000001,0,
mp-aaacrhwk,probability,38,0018b1108ea9a656f6ebd8b944ac279607e55fe89c42701e81e23f00b1a28617,Mg:2|O:12|Pr:2|Ru:2|Sr:2,0,5,20,Monoclinic,0.3557000000000001,4+,17-32,gap_0_2,95,2,2,aaaczrue,GGA,0.0,matched,usable,1,0.453125,1.3243325119863014,146.0,146.0,510.1556,0,0.4992842674255371
mp-aaabrqdx,probability,39,00197daa37ebde09699dd98752e245c9a689847275b07c9218235e8a34e6dfe9,C:4|Fe:4|Li:12|O:28|P:4,0,5,52,Monoclinic,4.2364,4+,33-80,gap_gt_2,109,31,6,aaabuckr,GGA+U,0.0,matched,truncated,0,0.359375,0.05336958870967741,248.0,248.0,16.2099,0,
mp-aaadikmt,probability,40,001987630670d4002fc0afc08dc430960576a512e92f4c0e56f5b8caec89bb11,Eu:1|Mn:4|O:12|Sm:1,0,4,18,Tetragonal,0.0,4+,17-32,metal,3,0,0,,,,unresolved_no_task,unresolved_no_task,0,nan,nan,nan,nan,nan,0,
mp-aaackmud,probability,41,00199ab399fb25e28b56110ea181bd148aff976f4cd26e8da3529bcaa8a634df,Bi:1|Mg:30|O:32|Sn:1,0,4,64,Tetragonal,0.06789999999999985,4+,33-80,gap_0_2,13,4,2,aaacxofd,GGA,0.0,matched,usable,1,0.484375,2.243478519188199,271.0,271.0,871.0171,2,0.5295536518096924
mp-aaabrfkn,probability,42,0019d05a69815df738c19aa7d8eda49a0e17980f79223ac930ed3f54876eac8d,F:7|Li:3|V:1,0,3,11,Trigonal,1.9246000000000003,3,09-16,gap_0_2,107,6,6,aaabtxyw,GGA+U,0.0,matched,truncated,0,0.421875,0.047561002698412694,63.0,63.0,7.240400000000001,0,
mp-aaaczsas,probability,43,001a5406dce605be82fd18d257d8e364909dbf6f4a2eaae3b51153bb80d14428,Ca:1|Fe:18|O:26,0,3,45,Triclinic,0.9447000000000001,3,33-80,gap_0_2,0,3,3,aaaczsas,GGA+U,0.0,matched,usable,1,0.3671875,1.6910791172741937,310.0,310.0,1245.8863000000001,0,0.5650287866592407
mp-aaacrhvr,probability,44,001b183c59c35942625b4dbf94dcffc03438c8b9d9180c984f8d270190386413,Ni:6|Si:2|Ta:4,0,3,12,Hexagonal,0.0,3,09-16,metal,239,3,3,aaadbosp,GGA,0.0,matched,usable,1,0.328125,1.8323647948214281,112.0,112.0,428.8959,0,0.4598633944988251
mp-aaaabmoo,probability,45,001bbb36d3699e76e139d1b0799b625428c4142fe7fca077a8f65c1b85ff946a,Mn:24|O:48|P:4,0,3,76,Tetragonal,0.0,3,33-80,metal,1,3,3,aaacxvbf,GGA+U,0.0,matched,usable,1,0.3984375,1.136911662435484,620.0,620.0,1833.643,5,0.49864858388900757
mp-aaacqkca,probability,46,001c0cfc3bde94d0a9ccff20e9fee6f5a458a2190169facab9c58995b6f6fb56,Fe:8|Ge:12|Mn:12|O:48,0,4,80,Cubic,2.0808,4+,33-80,gap_gt_2,19,2,2,aaacyxnd,GGA+U,0.0,matched,usable,1,0.359375,1.514812902440828,676.0,676.0,1691.9257000000002,2,0.5511668920516968
mp-aaaewvjd,probability,47,001d4af290585cd1fdb3fb9e21a0cd917eb62a620cf5b2c66e245c446bae11b1,F:7|Mg:1|O:5|V:4,0,4,17,Triclinic,0.7465999999999999,4+,17-32,gap_0_2,4,43,1,aaaewvjd,GGA+U,0.0,matched,usable,1,0.5546875,1.1136728147600004,125.0,125.0,565.203,0,0.5057350397109985
mp-aaabftlr,probability,48,001d5228e1d260ff43aee3c30af536578bcc8e7fbb9ffc2cd2bf3a9dc63805a6,C:16|H:48|N:16|O:44|U:4,0,5,128,Monoclinic,2.3849,4+,81+,gap_gt_2,6,2,2,aaablivi,GGA,0.0,matched,truncated,0,0.9375,0.10581050260742186,512.0,512.0,235.1615,0,
mp-aaafylpx,probability,49,001e62ab8cec5e9b5c952956b062f4aab98e433ae74b2f5d39023339bce4974a,Ca:8|Na:24|O:72|S:6|Si:12|Ta:4,0,6,126,Monoclinic,2.5972,4+,81+,gap_gt_2,6,0,0,,,,unresolved_no_task,unresolved_no_task,0,nan,nan,nan,nan,nan,0,
mp-aaabrsyv,probability,50,001ecec447ae047ed0f73d3ed1a1adfaaf43e95a43ab654a67f949448752c11a,Cr:1|Li:8|Mn:3|O:24|P:6,0,5,42,Triclinic,0.4664999999999999,4+,33-80,gap_0_2,0,4,3,aaabzeyp,GGA+U,0.0,matched,truncated,0,0.3828125,0.046487940708154506,233.0,233.0,18.7731,0,
mp-aaabqwzs,probability,51,00203d5e6ff4b7385ae48741ea4073eb24618eeff4a8c84e68c4b04a07b67424,Co:4|Li:8|O:16|Si:4,0,4,32,Monoclinic,2.957,4+,17-32,gap_gt_2,250,54,10,aaacwlny,GGA+U,0.0,matched,usable,1,0.4765625,1.510948995288461,156.0,78.0,669.086,1,0.4229854941368103
mp-aaabjoub,probability,52,00208af7bf61efc597269cb8d48c39f16cd972d72782fdb4b9e44f2bdd7d2785,Cl:2|H:14|O:6,0,3,22,Monoclinic,4.1696,3,17-32,gap_gt_2,273,9,4,aaabmivw,GGA,0.0,matched,truncated,0,1.0,0.234262201796875,64.0,64.0,38.66964010666668,0,
mp-aaacpgut,probability,53,002097668263eb348cbd3a43680ce3ccccc6032f3e4335286a107bd80dd0ceb8,Ba:2|Fe:4|Nd:2|O:10,0,4,18,Orthorhombic,0.0,4+,17-32,metal,1,9,9,aaadcxkl,GGA+U,0.0,matched,usable,1,0.3671875,1.6942559310820897,134.0,134.0,473.48290000000003,0,0.524289608001709
mp-aaaciufh,probability,54,0020fea7f04526f2836a0521ecc776dfa00fef5238468379de1343541c3fe031,Ni:2|Sn:1|Tb:2,0,3,5,Orthorhombic,0.0,3,05-08,metal,40,0,0,,,,unresolved_no_task,unresolved_no_task,0,nan,nan,nan,nan,nan,0,
mp-aaacqqps,probability,55,0021e22dc596cd238b5f085696f0f26bae9230708bee3c34251c3c7a0aed8daa,Co:2|Si:4|U:2,0,3,8,Orthorhombic,0.0,3,05-08,metal,40,1,1,aaaefozp,GGA,0.0,matched,usable,1,0.4609375,2.456794794435484,62.0,62.0,489.2196,1,0.4501580595970154
mp-aaabgkso,probability,56,0022b8ff4e6a9a3efbeb3715ecc51509f43aacc454e08421542d5d848d9d75f6,As:2|Co:2|La:1,0,3,5,Tetragonal,0.0,3,05-08,metal,463,11,11,aaacfjna,GGA,0.006402968555841713,matched,truncated,0,0.625,0.11092884333333328,39.0,39.0,22.3887,0,
mp-aaacjida,probability,57,0024735a890a349f78d963fa37146d29c3819461c1d263714b7e2db54b7dd2a5,Ag:1|Eu:1|O:3,0,3,5,Cubic,0.0,3,05-08,metal,371,6,6,aaadfyvj,GGA,0.0,matched,usable,1,0.3359375,3.2177189090789473,38.0,38.0,160.5396,0,0.6099609732627869
mp-aaacrmjn,probability,58,002572d2ffc5e727191b57dfd2520fa1713a05ad01a4013c6e78eae9e09faa81,Na:1|O:4|S:4|V:2,0,4,11,Monoclinic,0.0,4+,09-16,metal,4,3,3,aaadegiz,GGA+U,0.0,matched,usable,1,0.515625,1.5423653040259744,77.0,77.0,380.741,0,0.4448885917663574
mp-aaacrmho,probability,59,0025773868fc4c166237e8a2d367ef5e3f0ee71bfdd01c96c1559c26e2140691,F:6|Fe:14|Na:14|O:48|P:12,0,5,94,Hexagonal,3.0890000000000004,4+,81+,gap_gt_2,4,3,3,aaacycmn,GGA+U,0.0,matched,usable,1,0.390625,1.7038425138333329,600.0,600.0,1559.0095999999999,4,0.5635626316070557
mp-aaabqvfz,probability,60,0025abe5aca5452385ce47afcdaa5488ae602b63c692f458a9da6386975c05fe,Li:3|O:8|Ti:4|V:1,0,4,16,Monoclinic,0.0,4+,09-16,metal,4,8,5,aaabzcln,GGA+U,0.0,matched,truncated,0,0.4375,0.06637743931372549,102.0,102.0,13.4418,0,
mp-aaackxyq,probability,61,00266f2e3cf00c9fa366a4ecabf5efdbb32ceda67d28cf3cdcc6f742679f5cc8,Ba:2|Co:4|Ho:2|O:12,0,4,20,Orthorhombic,0.0,4+,17-32,metal,1,2,2,aaaeftxm,GGA+U,0.0,matched,usable,1,0.7734375,1.6327648519863016,146.0,146.0,1060.623,1,0.28925621509552
mp-aaaabbyw,probability,62,002706eaa81387f8e8b406fe5c14bfc67117f1e370fdfba66225a4af2634ac9e,Ni:8|O:16|Sr:2,0,3,26,Trigonal,0.31430000000000025,3,17-32,gap_0_2,50,14,14,aaacumgw,GGA+U,1.6734663981093115e-16,matched,usable,1,0.3125,1.7849330246683675,196.0,98.0,578.3608999999999,0,0.6379162073135376
mp-aaabsmfp,probability,63,002771712baddc291d609d06ed6ca3bda28adb75d9278cbb75aadfc3459504fa,F:3|Mn:8|O:13,0,3,24,Triclinic,0.0,3,17-32,metal,0,55,4,aaabzkty,GGA+U,0.0,matched,truncated,0,0.3515625,0.07312497293103445,203.0,203.0,18.7428,0,
mp-aaaaawhm,probability,64,002aac6c21850394b726ee6946343701d7a5f08e7d672025ddeaa16c0dc243b7,Li:4|O:16|Si:4|Tm:4,0,4,28,Orthorhombic,4.7791999999999994,4+,17-32,gap_gt_2,200,6,6,aaadecly,GGA,0.0,matched,usable,1,0.46875,1.2819057397039473,152.0,152.0,473.66069999999996,0,0.3899309039115906
mp-aaacrdud,probability,65,002c27d66a25629c34c8bdf1960239db8c07ce148b50dcba627c9c8d84a48a11,Cr:4|Fe:4|Zr:4,0,3,12,Orthorhombic,0.0,3,09-16,metal,49,9,4,aaadbebm,GGA,0.0,matched,usable,1,0.4140625,1.644133512773438,128.0,128.0,554.143,0,0.5231064558029175
mp-aaaabgbc,probability,66,002cddb8ae1a79cdd53cc289bb1691f00bf4c9581203455bc2b3de975325b0a1,Co:10|Ga:20|Hf:10,0,3,40,Tetragonal,0.0,3,33-80,metal,1,0,0,,,,unresolved_no_task,unresolved_no_task,0,nan,nan,nan,nan,nan,0,
mp-aaacrdbw,probability,67,002ceebbca02b7c6003150f42e1998105f878cc5c1f6886f90c4d910f9feca8c,C:2|Ca:6|H:28|O:20|S:2|Si:2,0,6,60,Hexagonal,2.193,4+,33-80,gap_gt_2,41,2,2,aaacxnmn,GGA,0.0,matched,usable,1,0.53125,1.1441908911016951,236.0,236.0,702.0753,3,0.6182134747505188
mp-aaabcsvz,probability,68,002d8aa1eb62c4724a4743ece9d81a4137479e49083f31718f8bd5091b0d050e,Cu:2|Ir:2|O:12|Sr:6,0,4,22,Monoclinic,0.0,4+,17-32,metal,4,7,7,aaacazuj,GGA,0.0,matched,truncated,0,0.3125,0.04130180313953488,172.0,172.0,12.3525,0,
mp-aaacpmok,probability,69,002e19cb94c82cff3db24cb67d935bd06586af3269201869ae5baf176273acf1,Na:6|Pm:2,0,2,8,Hexagonal,0.0,2,05-08,metal,369,3,3,aaadcfng,GGA,0.0,matched,usable,1,0.5546875,1.9774769805468768,64.0,64.0,243.0684,0,0.477527916431427
mp-aaabfxsq,probability,70,002f1b80b38aafa887bb522b9b06bd7a21bd884b3865d5a6e7bdd9861b7acfb0,Cu:2|Mo:2|O:8,0,3,12,Triclinic,0.0,3,09-16,metal,1,11,11,aaacamdh,GGA+U,0.0,matched,truncated,0,0.2890625,0.03839428271276595,94.0,94.0,5.9365,0,
mp-aaaabzvr,probability,71,002f851bd29f890f044f12cdf68af2dc945b7c56f7f4b66415d38be671354534,Br:8|Fe:2|Li:4,0,3,14,Orthorhombic,0.029099999999999904,3,09-16,gap_0_2,239,3,3,aaacbxhg,GGA,0.0,matched,truncated,0,0.3828125,0.05888383085526316,76.0,76.0,11.4131,0,
mp-aaactevc,probability,72,0030a0b951141e34295bc8c7e8fb14ea4f74ed277da4d28f9ee1eeb135187bde,Al:2|F:6,1,2,8,Monoclinic,7.4507,2,05-08,gap_gt_2,15,16,16,aaactkja,GGA,0.0,matched,usable,1,0.65625,1.2715662516666673,48.0,48.0,253.3419,0,0.3339026868343353
mp-aaaabexd,probability,73,0031298f5c7613b9e43dd0fecbc7735d2b05c9814f5ac1f7796cd94c7a6cfa84,B:2|La:2|N:2|Ni:2,0,4,8,Tetragonal,0.0,4+,05-08,metal,69,10,10,aaacujxn,GGA+U,0.0,matched,usable,1,1.0,2.761964972672416,58.0,58.0,441.8784134933332,0,0.260703444480896
mp-aaacpaip,probability,74,0031bc57be3db2ca3e6a77a5d611592ef146acd77fb5bb5eca38d36c992e0dd3,Li:2|O:8|Sn:1|V:3,0,4,14,Trigonal,0.030400000000000205,4+,09-16,gap_0_2,23,5,5,aaadayyv,GGA+U,0.0,matched,usable,1,0.4375,1.792147084123713,97.0,97.0,349.1891,0,0.516368567943573
mp-aaacqdaq,probability,75,00323048bcae267774098f93eab3841c1187aebaec18b5c130a7bef57415c145,Ge:24|Re:12|Sc:12,0,3,48,Orthorhombic,0.0,3,33-80,metal,1,0,0,,,,unresolved_no_task,unresolved_no_task,0,nan,nan,nan,nan,nan,0,
mp-aaabqwkf,probability,76,0032369501129c41a6a49b0194e81c3f02ea1726c9d5a7a43afe6739ae6028b9,F:14|Li:6|Ni:6|O:2,0,4,28,Trigonal,3.5292999999999997,4+,17-32,gap_gt_2,128,17,10,aaacwmih,GGA+U,1.8619701983668668e-16,matched,usable,1,0.328125,0.9875716864488634,176.0,88.0,352.03,0,0.5809931755065918
mp-aaaabikd,probability,77,003239186e6ffa8a91bff758efed75119efa4fffd4283ad0510e1d36d362a35e,Br:6|Zr:2,0,2,8,Hexagonal,0.0,2,05-08,metal,369,0,0,,,,unresolved_no_task,unresolved_no_task,0,nan,nan,nan,nan,nan,0,
mp-aaachpih,probability,78,00327cdf55f2ae3243f4a42e7a4d10dc98090b820d756a5bd1430f5f6a252251,O:8|Sb:4|Zn:2,1,3,14,Orthorhombic,0.24219999999999953,3,09-16,gap_0_2,239,5,5,aaachpit,GGA,0.0,matched,truncated,0,0.8515625,0.10706007652173913,92.0,92.0,48.2187,0,
mp-aaaexafq,probability,79,00334b9353af5c7af5e90782ff1bce8afbb9b24f1236b3f77c5c6a004e69cdb3,Co:4|Hg:2|Mg:1|O:8,0,4,15,Triclinic,0.5467,4+,09-16,gap_0_2,6,0,0,,,,unresolved_no_task,unresolved_no_task,0,nan,nan,nan,nan,nan,0,
mp-aaaewzpj,probability,80,00336708be40f5a0833dcc1ca90fb5779e87c24bc540d3ac9f4918b939d52547,Mg:1|Na:4|Ni:4|O:10,0,4,19,Triclinic,0.4664999999999999,4+,17-32,gap_0_2,4,1,0,,,,unresolved_no_match,unresolved_no_match,0,nan,nan,nan,nan,nan,0,
mp-aaaabtae,probability,81,0033a02429ea349dd4edb37cb570d3c98feadc56de25a022c1d4ff05ffe06db7,Au:8|Zn:24,0,2,32,Cubic,0.0,2,17-32,metal,38,0,0,,,,unresolved_no_task,unresolved_no_task,0,nan,nan,nan,nan,nan,0,
mp-aaabetvw,probability,82,00343402cf349a91256f88da241a788a60648c9cfaa8d9554fa8633a178656a2,Ba:6|Ir:4|O:18|Sm:2,0,4,30,Hexagonal,0.0,4+,17-32,metal,0,4,4,aaacapep,GGA,0.0,matched,truncated,0,0.5390625,0.07119900794247787,226.0,226.0,53.476,0,
mp-aaacqcju,probability,83,00344fbf759f5481f0ee546267293c2efe1e28df41105a6b4e0d82403c01abda,O:96|Te:8|Th:8|V:16,0,4,128,Orthorhombic,0.056900000000000006,4+,81+,gap_0_2,3,1,1,aaacxzrr,GGA+U,0.0,matched,usable,1,0.5546875,1.2636103786439734,896.0,896.0,2971.3431,22,0.4816701114177704
mp-aaacqrej,probability,84,0034735222fb962b7bd75f52e44df278f7d5d58231c8ba30ff7fe2b14f3fb857,C:1|Ru:3|Tm:1,0,3,5,Cubic,0.0,3,05-08,metal,371,0,0,,,,unresolved_no_task,unresolved_no_task,0,nan,nan,nan,nan,nan,0,
mp-aaacruhd,probability,85,00353b8a0af5d7b30ef5279cf59ea20e3ef60c343361c57c8e0019ad3b439015,Co:4|Ge:2|Si:2,0,3,8,Monoclinic,0.0,3,05-08,metal,15,6,6,aaadbbol,GGA,0.0,matched,usable,1,0.578125,2.8875602565277836,72.0,72.0,387.8795,0,0.3739059269428253
mp-aaabpjbb,probability,86,0035e3fb45de731bfc80a2856d65ad7a251feac0092ffbc8e30af0bb2e867cbd,N:4|O:8|S:2|Zn:1,0,4,15,Triclinic,0.0,4+,09-16,metal,0,3,1,aaabpjbb,GGA,0.0,matched,usable,1,0.75,1.2626537229347832,92.0,92.0,504.6539,0,0.37527117133140564
mp-aaacrhfp,probability,87,00367169882f8122702e22131bcdf1c25b47276c951ef2a3f9166c60917c7514,Pr:1|Tb:3,1,2,4,Hexagonal,0.0,2,01-04,metal,405,6,6,aaadbzpx,GGA,0.00637410906814339,matched,usable,1,0.609375,1.5165193813157891,38.0,38.0,244.06380000000001,0,0.3957068622112274
mp-aaaaancl,probability,88,00368eee8980940f4ccf2e6b3037fda1542e906c40d61022703a040fcbbad6fd,Ba:2|Cu:2|O:14|P:4,0,4,22,Triclinic,0.0,4+,17-32,metal,0,6,6,aaabmtyl,GGA,0.0,matched,truncated,0,0.6015625,0.0827795306849315,146.0,146.0,29.985,0,
mp-aaabrzsc,probability,89,0036c0c87f2dd8a9254e20d749a261d6f4dc97476fd931df378961cc768299f5,As:2|C:2|Cr:2|Na:2|O:14,0,5,22,Monoclinic,0.9438,4+,17-32,gap_0_2,95,6,6,aaabugqm,GGA+U,0.0,matched,truncated,0,0.4140625,0.049787806678571425,140.0,140.0,15.932,0,
mp-aaacrfds,probability,90,0037c4d935527504e9075aabc330c76d00f9e8221e16264c330841c2234611f5,Er:4|Fe:23|Y:2,0,3,29,Orthorhombic,0.0,3,17-32,metal,5,3,3,aaadqkig,GGA,0.0,matched,usable,1,0.4140625,1.7465287657437998,242.0,242.0,1310.1809999999998,4,0.533706784248352
mp-aaacftja,probability,91,0037e99eb9c36afbe16c018266b77545b1f7a3e1b86874b9b043a342181f803e,Cr:4|N:8,0,2,12,Orthorhombic,0.15660000000000002,2,09-16,gap_0_2,63,15,7,aaacftlg,GGA,0.0,matched,truncated,0,0.4296875,0.06712857613636371,88.0,88.0,16.6539,0,
mp-aaabxamt,probability,92,00389a81710234dc36de36c0cb8761701f1c128c1232d8017778e62a1ea7b0c4,Co:10|Na:6|O:20,0,3,36,Monoclinic,0.3043999999999998,3,33-80,gap_0_2,51,0,0,,,,unresolved_no_task,unresolved_no_task,0,nan,nan,nan,nan,nan,0,
mp-aaacqbzh,probability,93,0038a5e83aa38a4fdfe41a790638db2d08938c2a76237d29198e0d5f868d3f79,Al:4|N:4|O:20|Si:6,0,4,34,Orthorhombic,0.0,4+,33-80,metal,1,3,3,aaadbpif,GGA,0.0,matched,usable,1,0.828125,1.5538529636647738,176.0,176.0,1117.3481000000002,0,0.361244261264801
mp-aaabwzjj,probability,94,0038a8e2e39a568b11fe289956276c3d9ac6568f7d0f038d02416933f072e529,Ag:6|O:18|Sb:6,0,3,30,Monoclinic,0.28869999999999996,3,17-32,gap_0_2,184,5,5,aaadadvb,GGA,0.0,matched,usable,1,0.828125,1.4360345270343136,204.0,204.0,1596.6268999999998,0,0.31356215476989746
mp-aaacrmea,probability,95,003b0f82fa3245b00a4b9f7fe8bfe3b0ca05af2de6865c169d9550f74af807e3,Al:6|Cl:24|Na:1|Sb:7|Te:8,0,5,46,Triclinic,1.4598,4+,33-80,gap_0_2,0,1,1,aaacxnnn,GGA,4.489628387613801e-08,matched,usable,1,0.8515625,1.4450500553985515,276.0,276.0,2218.8809,2,0.3993316888809204
mp-aaabredi,probability,96,003b2908931a7e50b39e4b88d6ee739352d2e53a47d64eb8791959a6ab18b7d1,N:2|O:2|Sb:2,0,3,6,Monoclinic,0.0,3,05-08,metal,15,8,8,aaabzcfo,GGA,0.0,matched,truncated,0,0.734375,0.10723706578125002,32.0,32.0,12.9951,0,
mp-aaacqdth,probability,97,003b631200a0a944275a1989751aafea4619d7dd88383aeb7d91f96474fc4294,C:48|H:48|Mg:24|O:96,0,4,216,Orthorhombic,4.7463999999999995,4+,81+,gap_gt_2,5,1,1,aaaeivga,GGA,0.0,matched,usable,1,0.5,2.6746769638715286,864.0,864.0,2153.1172,22,0.5361269116401672
mp-aaabheed,probability,98,003cb1b1c4af5173c5f83793930e44fdff50ce69c2914581557e89602de2c63b,Pu:8,0,1,8,Hexagonal,0.0,1,05-08,metal,2,0,0,,,,unresolved_no_task,unresolved_no_task,0,nan,nan,nan,nan,nan,0,
mp-aaadcgfe,probability,99,003cf5e90fc4ddd4013f6b54f364591050638ed899393adf8cbdedb7c43fb99f,F:4|Mg:1|Ti:1,0,3,6,Tetragonal,0.0,3,05-08,metal,463,2,2,aaadcgfe,GGA,0.0,matched,usable,1,0.4609375,1.3284880338749996,40.0,40.0,64.7324,0,0.5941031575202942
mp-aaaclfbr,probability,100,003de83831a44f493e88635275bcedf71f0d7d5a79a50ed96c652f964b50d124,Br:6|Li:1|Mo:1|Rb:2,0,4,10,Cubic,1.3852,4+,09-16,gap_0_2,267,2,2,aaadegam,GGA,0.0,matched,usable,1,0.453125,1.3009622937671232,73.0,73.0,288.61030000000005,0,0.5467956066131592
mp-aaabjsbb,probability,101,003ed1b3eecdbe031269adbca6fa1a4f28d194ef998522f00307e359d9785c04,Ce:8|Ge:8|Pt:8,0,3,24,Orthorhombic,0.0,3,17-32,metal,5,0,0,,,,unresolved_no_task,unresolved_no_task,0,nan,nan,nan,nan,nan,0,
mp-aaabgqrb,probability,102,003efbdbc0fa9ce7ab62f5fafb3c8a099568fe1acf8596f123bbaf3c56735638,K:8,0,1,8,Orthorhombic,0.0,1,05-08,metal,1,8,3,aaacahmx,GGA,0.0,matched,truncated,0,0.6953125,0.1784502434027779,72.0,72.0,20.2555,0,
mp-aaaewgdg,probability,103,003f155a7dcaa2c0d0f064863e940f7ea54e50649d319c445cf262e88265c767,Cr:2|Mg:1|O:8|W:2,0,4,13,Triclinic,0.21629999999999994,4+,09-16,gap_0_2,6,0,0,,,,unresolved_no_task,unresolved_no_task,0,nan,nan,nan,nan,nan,0,
mp-aaabjsav,probability,104,003f19d8e4cb6b06b51792caf0af716f7bc5ce11ec14aaf54ab9489bf39890fa,H:20|O:30|Si:20,0,3,70,Triclinic,1.3789000000000002,3,33-80,gap_0_2,0,9,4,aaabmjmq,GGA,0.0,matched,truncated,0,1.0,0.20005074091071426,280.0,280.0,228.2839573866667,0,
mp-aaacqyvu,probability,105,003f5a56ef1aa138a5eb0318180312a46c9c031c1dd18b20680a17313327a451,B:16|Gd:8|O:48|Sr:12,0,4,84,Orthorhombic,2.5819,4+,81+,gap_gt_2,5,1,1,aaaebhno,GGA,0.0,matched,usable,1,0.4921875,2.731620261268939,528.0,528.0,2433.7443,23,0.4894530177116394
mp-aaabsecy,probability,106,0040aa4219e2c42663b7e4b383803f0a9c6267ea2b03f1cf0cfd1ee7f1478e0f,Cu:2|Fe:3|O:24|P:6|Te:1,0,5,36,Trigonal,0.0,4+,33-80,metal,0,5,5,aaabzjgk,GGA+U,0.0,matched,truncated,0,0.3046875,0.05174135851769922,226.0,226.0,13.7912,0,
mp-aaacoyjo,probability,107,0042f3778e6166d6f6c611c8e9b9c59f58cc3793179d67715d5dbf166829ddbb,Hg:2|Mn:4|O:8,0,3,14,Tetragonal,0.5675830040593999,3,09-16,gap_0_2,114,0,0,,,,unresolved_no_task,unresolved_no_task,0,nan,nan,nan,nan,nan,0,
mp-aaacqbqf,probability,108,004317dcc49ecbcb1e604fe3a4761ac17df425a02c9647a2f6005f7ca2718652,O:36|S:6,0,2,42,Monoclinic,0.0,2,33-80,metal,0,2,2,aaacyxxv,GGA,0.0,matched,usable,1,0.71875,0.9793112823214283,252.0,252.0,1185.9434,1,0.4363950490951538
mp-aaaabbvs,probability,109,0043a729a880637760476bd4357cadf558edbe4951ba560872758a26238c7501,Fe:4|O:8|Si:2,0,3,14,Cubic,2.8563,3,09-16,gap_gt_2,186,10,10,aaabwacy,GGA+U,0.00147168367947385,matched,truncated,0,0.3515625,0.05563198999999999,88.0,88.0,7.449999999999999,0,
mp-aaackjvp,probability,110,00444028e1d8ace05ae75dbc8f5448443b149860f94d29f5fc7a134cf50f0779,Ga:1|Mn:2|Ta:1,0,3,4,Orthorhombic,0.0,3,01-04,metal,59,3,3,aaacypun,GGA,0.0,matched,usable,1,0.4609375,1.9199917542000002,50.0,50.0,333.7143,0,0.5816202163696289
mp-aaacrsjy,probability,111,0044b621e582b3b9c6d56016575fbe5d4f51eab66e81b43520628ee921ea3660,Fe:4|Si:10,0,2,14,Tetragonal,0.0,2,09-16,metal,33,1,1,aaaeaeen,GGA,0.0,matched,usable,1,0.375,2.986495476180554,72.0,72.0,409.01160000000004,0,0.46204203367233276
mp-aaaewhtr,probability,112,0045948bda57cf008b2be633c88e705ccc89d1e71fd941516a8a0d2d04af4bce,Mg:1|Ni:2|O:8|W:2,0,4,13,Triclinic,2.2232,4+,09-16,gap_gt_2,14,0,0,,,,unresolved_no_task,unresolved_no_task,0,nan,nan,nan,nan,nan,0,
mp-aaacrwix,probability,113,00459677f00c93ac87f6e44372286426fa0840ba555f6a9720f2dad3655eb26e,Cs:2|I:84|P:6|Zr:36,0,4,128,Monoclinic,0.0,4+,81+,metal,0,0,0,,,,unresolved_no_task,unresolved_no_task,0,nan,nan,nan,nan,nan,0,
mp-aaacqgsw,probability,114,0045a659a55c4547c0924c71e1b001ed3d4fed3d2e9d42ff1ba7bb1fd86089d0,C:22|F:12|H:54|Hg:2|O:12|P:10,0,6,112,Triclinic,0.1373000000000002,4+,81+,gap_0_2,0,1,1,aaacyazg,GGA,0.0,matched,usable,1,0.6875,1.9686914802150537,372.0,372.0,1601.5480000000002,4,0.6037175059318542
mp-aaaaaioq,probability,115,0045c5d151471d93643dcf256b11dadbf6669832f91188bde975cb588e177bfc,Na:4|O:12|U:4,0,3,20,Orthorhombic,0.4297000000000004,3,17-32,gap_0_2,284,0,0,,,,unresolved_no_task,unresolved_no_task,0,nan,nan,nan,nan,nan,0,
mp-aaabglsu,probability,116,00462b2b14ebdb8d301781de0083b12a80a158f86487d309badd1dc4c08cfef6,Ca:20|Ir:4,0,2,24,Orthorhombic,0.0,2,17-32,metal,0,4,4,aaacazge,GGA,0.0010225196532016782,matched,truncated,0,0.5625,0.06483362336864415,236.0,236.0,56.268699999999995,0,
mp-aaacsegh,probability,117,004650bd0642a5726d3117ca1973dd34a8fcbd7b9d27df26c0435ac7f2fb51d7,Ca:1|N:2|O:11|Sr:2|Ti:6,0,5,22,Triclinic,0.0,4+,17-32,metal,0,4,3,aaacsfwo,GGA,0.0,matched,usable,1,0.5,1.780749444186746,166.0,166.0,595.1558,0,0.5444413423538208
mp-aaacqjfe,probability,118,0046fa51f167f618619f839cf71747cc60b71faf31d8d3127c01ed1d0ef1a8bb,N:8|O:20|Se:8,0,3,36,Orthorhombic,0.008199999999999985,3,33-80,gap_0_2,37,5,2,aaaczldu,GGA,0.0,matched,usable,1,0.7265625,1.284008273774039,208.0,208.0,889.0175,4,0.5708487033843994
mp-aaadblby,probability,119,00488fdfd731f5897506c474fcd45b48ed16fd8943e36c793723031934ba6a60,S:8|V:4|Zn:1,0,3,13,Trigonal,0.0,3,09-16,metal,74,3,3,aaadblby,GGA,0.0,matched,usable,1,0.5390625,1.239937187548077,104.0,104.0,494.6471,0,0.4367721676826477
mp-aaacjbip,probability,120,004915a6a818f6f361d92746ea5ba8d5d73aef374504e2744b985bd9548133ac,Mg:4|Si:6,0,2,10,Triclinic,0.0,2,09-16,metal,1,6,2,aaadaumr,GGA,0.0,matched,usable,1,0.4921875,2.261595436875,32.0,32.0,271.6319,0,0.4319559335708618
mp-aaaczpcm,probability,121,00499bd79cb026aee0d04334b2b8dd820f1f2404ed93a3419c144722df565c2a,Ni:8|O:48|Si:16,0,3,72,Orthorhombic,0.0,3,33-80,metal,1,3,3,aaaczpcm,GGA+U,0.0,matched,usable,1,0.3359375,1.3164688145138892,432.0,432.0,1034.0439999999999,3,0.5132619142532349
mp-aaabpqjd,probability,122,004af3c60cf47502063cfddc8d5d790493917b025e0fc7ccbd2f6e7cb39964c8,Na:8|O:20|P:4|Zn:4,0,4,36,Monoclinic,0.2072,4+,33-80,gap_0_2,18,6,6,aaadbgew,GGA,0.0,matched,usable,1,0.8125,1.2105221860245887,244.0,244.0,1369.0369999999998,0,0.37037789821624756
mp-aaacgeuc,probability,123,004b89a7e2ba072cc600b76414e70573c02657ee9c8d9e9b27f6c474285b2379,Bi:2|Mg:12|Y:2,0,3,16,Orthorhombic,0.0,3,09-16,metal,49,2,1,aaacgfin,GGA,0.0,matched,truncated,0,0.5,0.12311296901785711,56.0,28.0,24.378700000000002,0,
mp-aaaewwvg,probability,124,004bd27ed67b7b134a8f84d204a28d82ffbb975bf2553a0e845afbe3e4b11e42,Co:5|Mg:1|Mn:2|O:12,0,4,20,Triclinic,0.4834999999999998,4+,17-32,gap_0_2,4,1,1,aaaewwvg,GGA+U,1.3511841924008973e-16,matched,usable,1,0.40625,1.1834440298620692,145.0,145.0,521.9508000000001,0,0.45971375703811646
mp-aaaabbzp,probability,125,004c809594a1e2d18d30145e815672ecccbc5d94caa125886adcfab2a1e79a82,Fe:6|Na:14|O:16,0,3,36,Triclinic,1.3111000000000002,3,33-80,gap_0_2,0,0,0,,,,unresolved_no_task,unresolved_no_task,0,nan,nan,nan,nan,nan,0,
mp-aaabpiiq,probability,126,004c9fb5cc0ca7f6d646828902abe8327454fd56d6d4e96c3429c2b0fc4723dc,Br:3|Li:5|O:2,0,3,10,Tetragonal,0.6097,3,09-16,gap_0_2,114,6,6,aaaddtlu,GGA,0.0,matched,usable,1,0.390625,3.0737605494736844,38.0,38.0,132.76739999999998,0,0.4932894706726074
mp-aaacrtth,probability,127,004cc8d6c8ed7ba6b7548ec6bd0aefe1502244e7121954d946707e81c09dc506,Co:1|Pt:3,1,2,4,Trigonal,0.0,2,01-04,metal,141,17,6,aaadcgig,GGA,0.0,matched,usable,1,0.8515625,1.6611465671794872,39.0,39.0,410.1281,0,0.18384547531604767
mp-aaackwas,probability,128,004cca5e686bb8f0d7674ec46f01ecb7c8730e583d8992be19cf5fa99aa5d72d,Ag:1|Cu:2|O:10|S:2,0,4,15,Monoclinic,0.0,4+,09-16,metal,4,6,6,aaaddqfw,GGA,0.0,matched,usable,1,0.28125,1.5165597565238094,105.0,105.0,207.7873,0,0.5437997579574585
mp-aaacrmci,probability,129,004cf419092e11f8061d24c1f94a8ea3ad65f18525211321f8e33b2e56022eae,F:2|Na:2|O:8|V:4,0,4,16,Orthorhombic,1.6860000000000002,4+,09-16,gap_0_2,110,1,1,aaaeajre,GGA+U,0.0,matched,usable,1,0.4765625,1.9386618011249985,120.0,120.0,656.4857,0,0.4663453698158264
mp-aaacqvae,probability,130,004d03e92bc3d28d9b68284857e9923b10192a2bb8617067ec3a43b29113b77b,Ho:1|O:8|Rb:3|V:2,0,4,14,Trigonal,3.3645715258605273,4+,09-16,gap_gt_2,146,3,3,aaadbcxo,GGA+U,0.0,matched,usable,1,0.5234375,1.3552835724056609,106.0,106.0,352.37199999999996,0,0.47121864557266235
mp-aaacpzpv,probability,131,004d35792184e6323954b4190dd7fba969fa6bf6fd6a98da88c20fbd0d20071f,Bi:8|O:24|P:4,0,3,36,Monoclinic,0.0,3,33-80,metal,0,3,3,aaadeffy,GGA,0.0,matched,usable,1,0.8203125,1.3863522597794116,204.0,204.0,1425.865,0,0.29902902245521545
mp-aaacpgnl,probability,132,004e15f917756e4dd43ef61921eb98e5bc7399d33ee299dfb973a1a5398951ab,Cd:2|Cl:12|N:8,0,3,22,Trigonal,0.0,3,17-32,metal,3,6,6,aaadbeee,GGA,0.0,matched,usable,1,0.984375,1.3037696262500036,148.0,148.0,1253.1222,0,0.5138137340545654
mp-aaabfoyr,probability,133,004e94cbccebe8decd0dba3c6e37e018efe70a5b73f5c095166949ca6562b883,S:28|Zn:28,0,2,56,Trigonal,2.721,2,33-80,gap_gt_2,13,0,0,,,,unresolved_no_task,unresolved_no_task,0,nan,nan,nan,nan,nan,0,
mp-aaacjiat,probability,134,004ec357794a7967d6552896c271ead0908b37bb0e287b50284bfbd6589560a5,Co:2|Mo:2|Te:2,0,3,6,Orthorhombic,0.0,3,05-08,metal,40,5,5,aaadcujh,GGA,0.0,matched,usable,1,0.4609375,2.2291127006481477,54.0,54.0,281.93120000000005,0,0.449434369802475
mp-aaabnbvd,probability,135,004efcead059a83457e7cdacbdfc65cdb714185b299c182594b2e0ba9abc3e92,Al:4|B:4|Be:4|O:28|Y:8,0,5,48,Orthorhombic,4.340400000000001,4+,33-80,gap_gt_2,96,3,3,aaacytjb,GGA,0.0,matched,usable,1,0.2421875,1.4210609819965283,288.0,288.0,457.6923,0,0.5833923816680908
mp-aaaewxkx,probability,136,004ff9d396d4a0a75d3fa3b369f4bec10a03b1f5945750189423997873cff048,F:4|Mg:1|Mn:6|O:8,0,4,19,Monoclinic,0.0,4+,17-32,metal,4,7,1,aaaewxkx,GGA+U,0.0,matched,usable,1,0.40625,1.3841694965705134,156.0,156.0,540.7235000000001,0,0.4387442469596863
mp-aaacrhqj,probability,137,005029cc0b453bdecec3d41cec2155f2920dcb0908816988d1b1a7d7ddebd308,Nb:1|Ta:1|W:1,0,3,3,Orthorhombic,0.0,3,01-04,metal,59,0,0,,,,unresolved_no_task,unresolved_no_task,0,nan,nan,nan,nan,nan,0,
mp-aaabhbxm,probability,138,005103ab4f46a4a035a013da46fcd855f1d273dbbcf432d3f0b3ca10bc699ce3,Ba:4|F:80|P:8|Xe:16,0,4,108,Triclinic,2.7024999999999997,4+,81+,gap_gt_2,0,1,1,aaacxygu,GGA,0.0,matched,usable,1,0.703125,1.114766893860677,768.0,768.0,3497.1333000000004,8,0.5096182823181152
mp-aaabgmdi,probability,139,00512b1312e072965fc88879a485dbb9f600047088c4c9bb0fbd601d9ea68d84,In:16|Pt:7|Tb:2,0,3,25,Orthorhombic,0.0,3,17-32,metal,5,7,7,aaacbsnk,GGA,0.0,matched,truncated,0,0.7421875,0.10337216628378379,296.0,296.0,91.6714,0,
mp-aaabfbzi,probability,140,005161a39b01bd4f1fff18678e70897a1976dd9f07017b74ac9eb223df21b092,Ag:4|O:6,1,2,10,Orthorhombic,0.3425,2,09-16,gap_0_2,63,0,0,,,,unresolved_no_task,unresolved_no_task,0,nan,nan,nan,nan,nan,0,
mp-aaacqzej,probability,141,00526ff555df1a4f59192874b1f3264be2ac484eb3149b9b37a3612b1053b625,F:12|Mn:4|N:8|O:16|S:4,0,5,44,Monoclinic,0.37439999999999996,4+,33-80,gap_0_2,18,2,2,aaacywye,GGA+U,0.0,matched,usable,1,0.4140625,1.2654964762499998,296.0,296.0,889.6107,2,0.5936092734336853
mp-aaacswxs,probability,142,0052eb3d7b0894a067b69f685727ed893330a2ce24a210e938d1c3dfb0448aa0,Ca:8|Ir:2|N:8,0,3,18,Triclinic,0.0,3,17-32,metal,0,0,0,,,,unresolved_no_task,unresolved_no_task,0,nan,nan,nan,nan,nan,0,
mp-aaacqjda,probability,143,00539b592c82bf226365452d0846f50336db35286bfe50c21b317853c44a0f03,I:24|Mo:8|Te:48,0,3,80,Monoclinic,1.0200999999999998,3,33-80,gap_0_2,51,1,1,aaacxzqr,GGA,0.0,matched,usable,1,0.6171875,1.3913009990942027,552.0,552.0,3724.4973,5,0.4171316623687744
mp-aaabqxiv,probability,144,0053dc98dedca56d6c5b3f278c12c6a9abd02610811cb44f6fca5ab4f806ec24,F:16|Li:4|V:4,0,3,24,Orthorhombic,2.4038,3,17-32,gap_gt_2,388,0,0,,,,unresolved_no_task,unresolved_no_task,0,nan,nan,nan,nan,nan,0,
mp-aaacsmqu,probability,145,005525b257312725ea72b8e1f4920c041cf438a6def3f1d500c42b204d330cb2,Ag:4|Cr:4|S:16|Ti:4,0,4,28,Orthorhombic,0.3061999999999996,4+,17-32,gap_0_2,86,9,2,aaadahva,GGA,0.0,matched,usable,1,0.5078125,1.1917142217982457,228.0,228.0,1255.1665,2,0.409479022026062
mp-aaabfxtc,probability,146,005567abdfcc3191cc55315cc2586a1ba508973af4e12ab93068d9a93b34d02c,C:8|F:20|O:16|Rb:4|Sb:8,0,5,56,Orthorhombic,3.068,4+,33-80,gap_gt_2,96,3,3,aaabniwu,GGA,0.0,matched,truncated,0,1.0,0.18620141629360454,344.0,344.0,298.0151133333334,0,
mp-aaacrmyz,probability,147,0056b0b28d3502eb31643f5b61124df7bfbbb5679f9dd66c29719c3cbe620463,Mn:1|Te:2|Zn:1,0,3,4,Trigonal,0.14259999999999984,3,01-04,gap_0_2,168,0,0,,,,unresolved_no_task,unresolved_no_task,0,nan,nan,nan,nan,nan,0,
mp-aaabmnwo,probability,148,00573a50fb4b100cfd9eaee1e0fd715f21001a2aa1dc7286e8140a68ecee4713,I:24|In:6|K:6,0,3,36,Orthorhombic,2.5931,3,33-80,gap_gt_2,84,4,4,aaabpunw,GGA,0.0,matched,truncated,0,1.0,0.14642345483333327,300.0,300.0,271.42395280000005,0,
mp-aaabxjqp,probability,149,0057620ffb2b33e3c49c18752457c08bbf6f0c16a4464d6c9199e44fa8ee99fb,Ge:2|Nb:6|S:12,0,3,20,Hexagonal,0.0,3,17-32,metal,6,4,4,aaabzhdt,GGA,0.006946086977831405,matched,truncated,0,0.625,0.07510346876506023,166.0,166.0,55.676100000000005,0,
mp-aaaaaboa,probability,150,0057c5305ea89dc1351aae380c6ba71ffdf69338dc4d3c05b7bc5153eed19739,Cd:26|Rb:2,0,2,28,Cubic,0.0,2,17-32,metal,38,0,0,,,,unresolved_no_task,unresolved_no_task,0,nan,nan,nan,nan,nan,0,
mp-aaaabsme,probability,151,00589deafd03e0940bb88ea186884157373ecba90c8842d26286249b68d1b1d3,B:2|Rh:6|Sn:5,0,3,13,Hexagonal,0.0,3,09-16,metal,239,0,0,,,,unresolved_no_task,unresolved_no_task,0,nan,nan,nan,nan,nan,0,
mp-aaacrfod,probability,152,005a6e1566568bf60421662cd5318374c7a1d8969ca59ad6b4a6048cc83937d1,As:2|O:9|V:3,0,3,14,Monoclinic,1.270228473362943,3,09-16,gap_0_2,220,0,0,,,,unresolved_no_task,unresolved_no_task,0,nan,nan,nan,nan,nan,0,
mp-aaacgobu,probability,153,005a8500f712781a8a9b025e48703500a46ef0e5b4093eca8b804336b38f8ae9,Ce:1|Mg:14|V:1,0,3,16,Hexagonal,0.0,3,09-16,metal,239,0,0,,,,unresolved_no_task,unresolved_no_task,0,nan,nan,nan,nan,nan,0,
mp-aaackqxn,probability,154,005afb3529b5041cdf2db7401a668fce85a5bda7f995ef22d01ff305fe2ed1eb,Cu:1|Te:6|Th:2,0,3,9,Monoclinic,0.0,3,09-16,metal,15,3,3,aaadcgir,GGA,0.008687488907336671,matched,usable,1,0.34375,2.5180380848591537,71.0,71.0,341.6388,0,0.5760092735290527
mp-aaackrnn,probability,155,005b51bf04c28bb6ce81283cf5e155867c19a71efac23f77d966135436048b07,Li:4|Mo:2|O:26|P:8,0,4,40,Triclinic,1.8745999999999998,4+,33-80,gap_0_2,0,2,2,aaaczjzl,GGA+U,0.0,matched,usable,1,0.46875,1.3720083915178571,224.0,224.0,697.9173,0,0.35562312602996826
mp-aaacsxeg,probability,156,005b9fa0bd40795220de09f17a8a475605d2dbddffd29a4b9c33640b232d4c08,Li:4|N:4|Sn:4,0,3,12,Orthorhombic,0.0,3,09-16,metal,49,1,1,aaaeagmp,GGA,0.0,matched,usable,1,0.4609375,2.3137848773125027,80.0,80.0,236.53979999999999,0,0.4520266056060791
mp-aaabfptn,probability,157,005c2d66b8ede139f37b3bec531084250379f865fe0a6e9cbb4fadb95c7f9de5,C:12|Cl:4|F:12|O:8|S:8,0,5,44,Monoclinic,3.6281999999999996,4+,33-80,gap_gt_2,109,4,4,aaabqhxb,GGA,0.0,matched,truncated,0,0.609375,0.09283832214843751,256.0,256.0,63.4897,0,
mp-aaabeuhq,probability,158,005cac51c4f985a8bd32997a001abd592bc761dff88176a5d355b3ce09cc3fdc,Br:14|Fe:2|Te:2,0,3,18,Triclinic,1.0553,3,17-32,gap_0_2,2,0,0,,,,unresolved_no_task,unresolved_no_task,0,nan,nan,nan,nan,nan,0,
mp-aaacswfn,probability,159,005e70ce8728f14fd6bb949a9576a4ffeb8924650bebd612b405a9b114314601,Fe:8|N:32|Sr:40,0,3,80,Monoclinic,0.0,3,33-80,metal,0,0,0,,,,unresolved_no_task,unresolved_no_task,0,nan,nan,nan,nan,nan,0,
mp-aaabpqqc,probability,160,005e88175776418c883c0c12c356072db8682ec9e26ac0d5a8fa6a0f9f43c849,F:20|O:4|Ti:4,0,3,28,Monoclinic,1.5871,3,17-32,gap_0_2,184,6,6,aaaddfjh,GGA,0.0,matched,usable,1,0.5078125,1.2919231036519607,204.0,204.0,726.9956,0,0.337856650352478
mp-aaabfblh,probability,161,005edecd03a9567750faa4c41fa3bab0029b33b748e750a9d2dc091f4e674880,I:1|Na:1|O:3,0,3,5,Orthorhombic,0.0,3,05-08,metal,40,7,7,aaacuksn,GGA+U,0.0,matched,usable,1,1.0,3.1399532618749966,32.0,32.0,174.46249663999993,0,0.27492907643318176
mp-aaafynmh,probability,162,005fbf5433cdeab7c2cffa433cd758cbfed5d841ca3f48c7d5495b8700547d87,In:3|Na:3|Nb:9|O:72|P:15|Si:3,0,6,105,Triclinic,2.3569999999999998,4+,81+,gap_gt_2,0,0,0,,,,unresolved_no_task,unresolved_no_task,0,nan,nan,nan,nan,nan,0,
mp-aaabryga,probability,163,006053b3791ce2568a3542007e91008647baa53e6fcfbcc26277fafa23acbd4d,Li:4|Mn:5|Nb:3|O:16,0,4,28,Triclinic,0.0,4+,17-32,metal,0,6,5,aaabzhdc,GGA+U,0.0,matched,truncated,0,0.3828125,0.05834037957070716,198.0,198.0,22.571199999999997,0,
mp-aaacotpl,probability,164,006094491e51644d1cb9d42c952c088fa8fdf5e5a23e84560d0d788ce33ce3c1,Cu:4|Nb:2|Nd:2|O:16|Sr:4,0,5,28,Monoclinic,0.0,4+,17-32,metal,4,1,1,aaaeaprb,GGA,0.0,matched,usable,1,0.328125,2.144823619285715,224.0,224.0,851.51,0,0.36780837178230286
mp-aaabwkqg,probability,165,00615ce98b83fcfa53eaf486befa6b3c5a2d73b00e8de666fe9dd0fc4021c78a,F:10|Mn:12|O:14,0,3,36,Triclinic,0.0,3,33-80,metal,0,42,6,aaadqkma,GGA+U,0.0,matched,usable,1,0.4140625,1.0486341473548388,310.0,310.0,934.5792,0,0.5590392351150513
mp-aaacrcsr,probability,166,00617d269a9314d328b6d23627876aeb4fb3c239c58cd7e238dfdae0f44337a6,Ba:2|Cu:2|Mo:8|Nd:4|O:32,0,5,48,Monoclinic,0.03799999999999981,4+,33-80,gap_0_2,18,3,3,aaadqlfw,GGA+U,0.0,matched,usable,1,0.34375,1.174903487486631,374.0,374.0,1066.4523,1,0.4809851050376892
mp-aaabnqss,probability,167,00621d38eb643e5d8e3021ec8ba62603a72713c4a2570b814921f5942598f448,Cl:4|Co:2|H:24|O:12,0,4,42,Monoclinic,3.0787,4+,33-80,gap_gt_2,109,6,6,aaacvxge,GGA+U,0.0,matched,usable,1,0.734375,1.8226796445070421,142.0,71.0,774.8088,1,0.4443608522415161
mp-aaacsxnl,probability,168,00623aa37e40fa4842829fb5e66029cf21c86a505c0580c214dae710f66984de,N:2|Na:2|Sr:2,0,3,6,Hexagonal,0.0,3,05-08,metal,243,1,1,aaaefjdl,GGA,0.0,matched,usable,1,0.625,3.339616327840902,44.0,44.0,194.9176,0,0.44698962569236755
mp-aaabnawg,probability,169,0062c8edde88b419d35587619e4d6b85e4938400e3486e1bd2e1081b267bde2a,B:6|O:21|Zn:12,0,3,39,Monoclinic,1.8634000000000002,3,33-80,gap_0_2,51,4,4,aaabqluo,GGA,0.0,matched,truncated,0,0.625,0.09650298404513889,288.0,288.0,77.5437,0,
mp-aaabrszf,probability,170,00630262bd51605814c20db0445ab1713b9e1f76b65d2b1e56b577183fb755de,Fe:5|Li:4|Nb:3|O:16,0,4,28,Monoclinic,1.1016999999999997,4+,17-32,gap_0_2,95,11,5,aaacxing,GGA+U,0.0,matched,usable,1,0.359375,2.095978688612718,173.0,173.0,576.6883,0,0.566210150718689
mp-aaacrmsm,probability,171,0063728955b9010c0743ee74b5de5bba4c948ee8e6e074d1caaa2ca774b2c9a7,Li:2|Mg:8|Na:6|O:60|Si:24,0,5,100,Orthorhombic,4.343,4+,81+,gap_gt_2,5,7,1,aaacxyai,GGA,2.621837892730397e-08,matched,usable,1,0.484375,1.1957487704554264,516.0,516.0,1634.6565,5,0.3501743674278259
mp-aaabryrd,probability,172,0063ed1044cad5da627593d0345c7cf1d74c5148b2d8bf7f028e2af55b3e3602,Bi:2|O:24|P:6|V:3,0,4,35,Trigonal,0.9702,4+,33-80,gap_0_2,7,6,6,aaabugla,GGA+U,0.0,matched,truncated,0,0.4609375,0.06328128458525346,217.0,217.0,29.8514,0,
mp-aaacpotn,probability,173,00641f6a67487cee602b107cd903d53b3692ebb0f55d315919788dc0e25a6a03,Dy:1|Pt:2|Yb:1,0,3,4,Cubic,0.0,3,01-04,metal,1834,0,0,,,,unresolved_no_task,unresolved_no_task,0,nan,nan,nan,nan,nan,0,
mp-aaabiwig,probability,174,00644f833a82a67b7cfa82d1ed2b906eefacc4c13a9ecd224ed697bcc492a759,B:2|C:2|Ni:2|Y:2,0,4,8,Tetragonal,0.0,4+,05-08,metal,69,11,11,aaacefnv,GGA,0.0,matched,truncated,0,0.328125,0.0665027801785714,56.0,56.0,4.7913,0,
mp-aaacglfa,probability,175,00647f4c03e89393c46f4f88dd6168aa988af3b24fbfbb25d95c45eeb9eac271,Mo:2|S:2|Se:6|W:2,0,4,12,Trigonal,0.6717,4+,09-16,gap_0_2,23,91,4,aaadbvpt,GGA,0.0,matched,usable,1,0.53125,1.7310018013541664,96.0,96.0,507.7225000000001,0,0.388688325881958
mp-aaacriuz,probability,176,0064f316ec432f3423e488bad886c873efa78ee8eec578793b70eefccc8afd75,Ca:2|Cu:12|Ga:6|O:42|Sr:12|Y:4,0,6,78,Orthorhombic,0.0,4+,33-80,metal,1,4,2,aaacxudc,GGA,0.0,matched,usable,1,0.328125,1.1519832389705884,646.0,646.0,1406.4369000000002,3,0.5757752060890198
mp-aaaciyli,probability,177,00653969bad1a72c6170b447eefb35f94242bb4c6d334a3fbfcf727109c5b730,Ni:2|Se:4,0,2,6,Orthorhombic,0.0,2,05-08,metal,68,0,0,,,,unresolved_no_task,unresolved_no_task,0,nan,nan,nan,nan,nan,0,
mp-aaaabemd,probability,178,006560b69962c9dd79fbeb15222fc4907af6f8e7e17542afb206dd4a5a6a8f12,Al:2|Eu:1|Si:2,0,3,5,Trigonal,0.0,3,05-08,metal,129,15,15,aaaciwfi,GGA,0.0015259561660885769,matched,truncated,0,0.5078125,0.11692042326086952,23.0,23.0,11.7555,0,
mp-aaacfjxq,probability,179,0065950975ae3d43fb7d46e58ea027782b3d54f34c4cb93fe4f47399245ed914,Al:1|Co:1|Fe:1|V:1,0,4,4,Cubic,0.0,4+,01-04,metal,5,11,11,aaacisos,GGA,0.0,matched,truncated,0,0.7421875,0.10440991129032258,31.0,31.0,18.5494,0,
mp-aaactblb,probability,180,0066b31a96caf45088ea619b337f59056ceb00f050c808435f05174280485663,Ca:6|Ni:4|O:28|Si:8,0,4,46,Monoclinic,0.4668000000000001,4+,33-80,gap_0_2,18,4,4,aaacxxdx,GGA+U,0.0,matched,usable,1,0.34375,1.4015062343500002,300.0,300.0,672.9282,1,0.5809089541435242
mp-aaabrgnm,probability,181,0067c913b9efc88bcf0b9ff64283fb614c85f05c5401bfe02a1f900ce95f9df7,Fe:4|Li:7|Ni:1|O:12,0,4,24,Triclinic,0.0,4+,17-32,metal,0,4,4,aaabzaga,GGA+U,0.0,matched,truncated,0,0.3046875,0.06061795066115701,121.0,121.0,8.767500000000002,0,
mp-aaacgdlz,probability,182,0067cc8edf726f3cb8342bce6d38c409b81f8df8baf9e0ecf0988907483566f3,Mg:6|Rb:1|V:1,0,3,8,Orthorhombic,0.0,3,05-08,metal,40,2,2,aaadbjxj,GGA,0.0,matched,usable,1,0.515625,1.7876603534374995,32.0,32.0,250.0361,0,0.4431246519088745
mp-aaaaavvx,probability,183,0068fc180c863e23d8e66911bc6fbeddba3f32fd8df16a30f06f1ecfed846396,Ba:2|Ni:20|P:12,0,3,34,Orthorhombic,0.0,3,33-80,metal,1,6,6,aaacbads,GGA,0.0,matched,truncated,0,0.3046875,0.05769263083928572,280.0,280.0,26.1547,0,
mp-aaacqywi,probability,184,006943982d8d9c804232b1cf0b28dedae43384fbb06e9db3a3159ac11fd43721,As:10|Ba:2|K:4,0,3,16,Orthorhombic,0.0,3,09-16,metal,49,2,2,aaacymxu,GGA,0.0,matched,usable,1,0.703125,1.2554343452830186,106.0,106.0,699.182,0,0.4455678462982178
mp-aaaeweow,probability,185,0069516212acaf663bdf8c596fa3112b29dd8256c956a8ec906409644e89a17c,Mg:1|Mn:2|O:6|Ti:2,0,4,11,Trigonal,0.0,4+,09-16,metal,18,3,2,aaaeweoz,GGA+U,0.0,matched,usable,1,0.453125,1.1262729805952383,84.0,84.0,263.08259999999996,0,0.574881911277771
mp-aaacptbe,probability,186,0069733be41c35fd1c6535b90c55d6f9afaf50669c78cc0bbb36f200cc3241bd,Bi:12|Co:2|O:32|S:4,0,4,50,Monoclinic,2.3500999999999994,4+,33-80,gap_gt_2,109,1,1,aaacwczl,GGA+U,0.0,matched,usable,1,0.875,1.1199741226700684,294.0,147.0,2128.3786,0,0.2928768992424011
mp-aaabqwfo,probability,187,006ab23f5d432fb8b074a0d0fe283eba9fb562d2f699a4523168c27e2e5fc396,Li:4|O:8|Ti:3|V:1,0,4,16,Monoclinic,0.0,4+,09-16,metal,4,4,4,aaabyxjb,GGA+U,0.0,matched,truncated,0,0.4375,0.07793479661290321,93.0,93.0,13.633600000000001,0,
mp-aaachhvs,probability,188,006ac6cda4bfa343a23f22d5ca2615899fcddd77fc97fe6b359a9e1827ebd31e,Ag:4|O:8|Zn:2,1,3,14,Triclinic,0.3771,3,09-16,gap_0_2,32,9,4,aaachhwb,GGA,1.4355226610246844e-16,matched,truncated,0,0.734375,0.09612925288793103,116.0,116.0,54.883300000000006,0,
mp-aaabrpmo,probability,189,006b9c3c8c8dd8fe3200eb34e72d5619b6944e99efc6f64b8e982d5047d38bda,O:32|P:8|W:4,0,3,44,Monoclinic,2.9566,3,33-80,gap_gt_2,101,8,8,aaabucig,GGA+U,0.0,matched,truncated,0,0.453125,0.054409043874999986,280.0,280.0,33.0558,0,
mp-aaacpkgy,probability,190,006be62dff35077bfe2c980af5f5eede47d00d0df52e56e7b353242cf9f5bde7,Gd:1|Ir:2|Tm:1,0,3,4,Cubic,0.0,3,01-04,metal,1834,0,0,,,,unresolved_no_task,unresolved_no_task,0,nan,nan,nan,nan,nan,0,
mp-aaackjwj,probability,191,006c58f9d4e4d08da0de2eff6bdc4e61c325a6f5b7cb1ad66ed851f035a5c7b6,Ga:1|Tc:1|Ti:2,1,3,4,Orthorhombic,0.0,3,01-04,metal,59,2,2,aaadahpj,GGA,1.420305006064896e-16,matched,usable,1,0.53125,1.3913212739130454,46.0,46.0,236.8284,0,0.569754958152771
mp-aaafyngt,probability,192,006cac3c4d3697de50e93392cc095faa00b5322545c8567e55617f9fb62328d2,La:6|Na:6|O:144|S:15|Si:21|Ta:18,0,6,210,Triclinic,2.5212000000000003,4+,81+,gap_gt_2,0,0,0,,,,unresolved_no_task,unresolved_no_task,0,nan,nan,nan,nan,nan,0,
mp-aaabmjrw,probability,193,006d01924e2f60c9515aaf3dee8c627f7db744ab3254549c8e31f35f3861cf14,Nd:1|O:20|Zr:9,0,3,30,Triclinic,0.0,3,17-32,metal,0,3,3,aaaczycc,GGA,0.0,matched,usable,1,0.4609375,1.296269931025106,239.0,239.0,807.5641,0,0.42732882499694824
mp-aaabscsn,probability,194,006dc3828b11bf7f77e90d80fbca207063fb8f14bc2baefd6f8ea438fcec7a08,Co:3|Cu:1|O:16|P:4,0,4,24,Monoclinic,0.0,4+,17-32,metal,4,5,5,aaabziez,GGA+U,0.0,matched,truncated,0,0.296875,0.04286982051948053,154.0,154.0,8.948,0,
mp-aaabsjgd,probability,195,006f5725f5d7e68a279a345a3c937fb5c03ccc13a7b680999ae3e465a517b5bd,O:24|P:6|Ti:6,0,3,36,Trigonal,0.0,3,33-80,metal,0,5,5,aaabzktw,GGA,0.0,matched,truncated,0,0.5546875,0.06774919963675213,234.0,234.0,41.4227,0,
mp-aaabgmub,probability,196,0070a322760ef9d2f9d44bd6e23c69f42a0f2be0f22c6aa84e57bbf9c06832bf,Br:6|Ti:2,0,2,8,Trigonal,0.0,2,05-08,metal,55,9,9,aaadhplh,GGA,0.009440439984983983,matched,usable,1,0.546875,1.8964877098387096,62.0,62.0,350.4012,0,0.5375854969024658
mp-aaabfulb,probability,197,0071cc7e6f7a747adae2629e8895f357384b2179091e43fb1d68e89199aad11e,Ca:2|Cl:2|Cu:1|O:10|Te:4,0,5,19,Triclinic,0.5422000000000002,4+,17-32,gap_0_2,4,6,6,aaadcszp,GGA,0.0,matched,usable,1,0.328125,1.4016187541472866,129.0,129.0,352.81010000000003,0,0.6067750453948975
mp-aaafylnr,probability,198,0071cd2653f963f257fd770a8d809ba7b733baadda3c4d4cffda0dbf72d4e58a,Hf:6|Mg:6|Na:6|O:72|P:6|S:12,0,6,108,Monoclinic,4.1427,4+,81+,gap_gt_2,6,0,0,,,,unresolved_no_task,unresolved_no_task,0,nan,nan,nan,nan,nan,0,
mp-aaafupvq,probability,199,0071db81b8280d8fb50ca774737947632d5a774ea58f2c016ae88c7759aee364,Cu:1|O:3|Pu:1,0,3,5,Cubic,0.0,3,05-08,metal,371,1,1,aaafupxc,GGA,0.0,matched,usable,1,0.328125,1.3183669873255817,43.0,43.0,143.1825,0,0.5544934272766113
mp-aaacrbcu,probability,200,0072c4e4810477d7a054fe149ffaef87a98e287b9f9130b18a5e97e405ed50b2,H:48|In:4|N:12|O:48|S:12,0,5,124,Monoclinic,4.965800000000001,4+,81+,gap_gt_2,6,0,0,,,,unresolved_no_task,unresolved_no_task,0,nan,nan,nan,nan,nan,0,
mp-aaacrgep,probability,201,0073754639cb29bc04f943ddaa6009dd4a575d8b523c2c8c1a966f7beea70ba1,Au:2|Ga:2|U:2,0,3,6,Orthorhombic,0.0,3,05-08,metal,40,7,1,aaaefldt,GGA,0.00042481022063275617,matched,usable,1,0.46875,2.191951191315789,76.0,76.0,450.08050000000003,0,0.5146428346633911
mp-aaafykts,probability,202,007452e47df030c6c1075465369aa4515a9a2f9958520c68ffef49900d49c143,Al:6|Na:6|O:72|S:9|Si:9|Ta:6,0,6,108,Triclinic,1.2679,4+,81+,gap_0_2,0,0,0,,,,unresolved_no_task,unresolved_no_task,0,nan,nan,nan,nan,nan,0,
mp-aaacqqmg,probability,203,00749d94b53f6d2e5d062529845c7998594102e59c668121c6f4f5394654ed01,Ga:2|La:2|Sb:4,0,3,8,Orthorhombic,0.0,3,05-08,metal,40,6,6,aaadbjoj,GGA,0.0,matched,usable,1,0.625,1.3592937133088234,68.0,68.0,399.76469999999995,0,0.3763276934623718
mp-aaacpljq,probability,204,0074cfa8e46eecc8159b626e1b8010b0c6c493895842fa46eb1afac7fefb11bb,Al:12|Gd:1|Mg:16,0,3,29,Trigonal,0.0,3,17-32,metal,3,3,3,aaaczfsa,GGA,0.0,matched,usable,1,0.5390625,1.893624701168831,77.0,77.0,761.5494,0,0.4414049983024597
mp-aaaabnos,probability,205,00758bc9bbb1a14c74f2a9bfd15ed1a8f7ff6c901c15c8777b8e40a3db46ea01,O:14|P:4|Sb:2,0,3,20,Triclinic,0.0,3,17-32,metal,0,3,3,aaacbuzo,GGA,0.0,matched,truncated,0,0.7265625,0.10127390057017543,114.0,114.0,35.5656,0,
mp-aaafykpd,probability,206,007690134b713e13b8fac34fe43f397f49fa6e3b502df5cdf1b7112a848c004d,Na:6|Nb:15|O:144|S:18|Si:18|Y:9,0,6,210,Triclinic,1.2673999999999999,4+,81+,gap_0_2,0,0,0,,,,unresolved_no_task,unresolved_no_task,0,nan,nan,nan,nan,nan,0,
mp-aaabfxjz,probability,207,0076bd0532bce918a938648a95172fd3213ecc6cd3e497980ceae820188caf41,Co:2|Rb:1|S:2,0,3,5,Tetragonal,0.0,3,05-08,metal,463,0,0,,,,unresolved_no_task,unresolved_no_task,0,nan,nan,nan,nan,nan,0,
mp-aaaewxmk,probability,208,0076e5ce2f54bf21142f7a389e7ed113f2978215b7a379f1dcecc686caca6fb7,Mg:1|Mn:2|O:12|Se:4,0,4,19,Triclinic,1.2904,4+,17-32,gap_0_2,4,0,0,,,,unresolved_no_task,unresolved_no_task,0,nan,nan,nan,nan,nan,0,
mp-aaaewfzx,probability,209,007745e3c1e53727a98da6ec0985c24c2316345174cf0ddad2607606d80d9b3f,Cs:1|Mg:1|O:8|P:2|Sb:1,0,5,13,Trigonal,3.7230000000000003,4+,09-16,gap_gt_2,146,1,1,aaaewfzz,GGA,1.2136330517975903e-16,matched,usable,1,0.53125,1.1731795835810808,74.0,74.0,350.1522,0,0.6084128022193909
mp-aaacrtnh,probability,210,0077644594f9f80cc114f58a52b2d1f2a44cf0651c51cfce20169e36f9268d15,B:4|Dy:4|Fe:56|Tm:4,0,4,68,Tetragonal,0.0,4+,33-80,metal,0,4,4,aaacxmtg,GGA,0.0,matched,usable,1,0.3671875,2.5263478489003752,532.0,532.0,2408.3718,20,0.5035931468009949
mp-aaabrvqd,probability,211,0077a2d19e80a655ece6b5f5efab52c19a7cdf28fd532c8a2dcbe12888d1bf8f,Cr:4|Li:4|O:24|S:6,0,4,38,Monoclinic,2.2954,4+,33-80,gap_gt_2,109,5,5,aaabuemz,GGA+U,0.0,matched,truncated,0,0.4296875,0.05427383894396552,232.0,232.0,27.1384,0,
mp-aaabrcma,probability,212,00781b3d1a2a50af54d5093a04472aded5adc9154b8ac8a1b9593e409aef8480,Li:14|O:58|P:16|V:6,0,4,94,Triclinic,0.0,4+,81+,metal,0,64,1,aaacxytx,GGA+U,6.147600968410097e-08,matched,usable,1,0.46875,1.1987552891437006,508.0,508.0,1413.4560999999999,2,0.4492564797401428
mp-aaacjblr,probability,213,007901b13bb0cc84db1c9752b53717064e59f83eecc9bbdfc7d967e9d9f7154c,Mg:4|Si:6,0,2,10,Monoclinic,0.0,2,09-16,metal,7,12,3,aaadbgbn,GGA,0.0,matched,usable,1,0.4921875,2.26364471515625,32.0,32.0,261.8654,0,0.3883928060531616
mp-aaabggyc,probability,214,0079bf9690de3cd930fad1ce2a9e90d91562d6f826a97d9f827d6f9c0c0ffd6e,Bi:4|Pd:4|Sr:2,0,3,10,Monoclinic,0.0,3,09-16,metal,15,0,0,,,,unresolved_no_task,unresolved_no_task,0,nan,nan,nan,nan,nan,0,
mp-aaacqmge,probability,215,007a3957f695301b85ec3fd15764d1020733421be2c1896760068f107d972a6b,F:4|Li:4|O:16|S:4|Zn:4,0,5,32,Orthorhombic,4.2073,4+,17-32,gap_gt_2,200,2,2,aaadbipp,GGA,0.0,matched,usable,1,0.453125,1.5187007913250008,200.0,200.0,600.5839000000001,0,0.455454021692276
mp-aaabrmxa,probability,216,007a66b2a8577e7f8de4667c6e13d9b8e44c16bec9db4a043ff269c6aef1d7d3,B:8|Fe:8|Li:1|O:24,0,4,41,Triclinic,1.3932999999999998,4+,33-80,gap_0_2,0,34,5,aaabtotd,GGA+U,0.0,matched,truncated,0,0.34375,0.05940766495708154,233.0,233.0,18.1299,0,
mp-aaacpwfd,probability,217,007a6f5f0ed71d386968e4e1ee6ee065721de0cdfa2849d48bca686ddd4b0f58,Cd:6|Pd:2|Y:20,0,3,28,Hexagonal,0.0,3,17-32,metal,6,3,3,aaadchct,GGA,0.0,matched,usable,1,0.5390625,0.8426165182692319,312.0,312.0,927.3344999999999,3,0.46889960765838623
mp-aaacdodz,probability,218,007ab249d68447712d64666ddd99cdbaaa8fc68450a38934e337e9b530b08d7f,C:12|H:1|N:8,0,3,21,Cubic,0.7273999999999994,3,17-32,gap_0_2,58,5,5,aaacdofu,GGA,0.0,matched,truncated,0,0.6796875,0.09925759191011237,89.0,89.0,18.0925,0,
mp-aaabplrj,probability,219,007b1eee702b95ea8de7dc2183bb32af1a3ffe94091007716076743253498632,Ca:2|O:20|V:4,0,3,26,Triclinic,0.3144,3,17-32,gap_0_2,2,13,8,aaabupaq,GGA+U,0.0,matched,usable,1,0.53125,1.1464840436956525,184.0,184.0,925.7266000000001,0,0.4124144911766052
mp-aaabrwlr,probability,220,007cce60bee53489873c4dd5f9206d714db6d478bb132cd28541fd6198cc619b,Li:4|Ni:5|O:24|P:6|Ti:1,0,5,40,Triclinic,2.3245999999999998,4+,33-80,gap_gt_2,0,5,5,aaabueuu,GGA+U,0.0,matched,truncated,0,0.3125,0.053071380168067214,238.0,238.0,15.3482,0,
mp-aaaabkal,probability,221,007d1d5afadb2f3aaea7407e1a89f2ad91d2900e4a355ca36a824ce731ca7eb9,Be:4|Co:2|F:16|H:40|N:4|O:12,0,6,78,Monoclinic,3.3035,4+,33-80,gap_gt_2,109,7,7,aaabuyhb,GGA+U,0.0,matched,truncated,0,0.21875,0.03677352662962963,270.0,270.0,6.6385000000000005,0,
mp-aaagbkma,probability,222,007d226240df133e5c891c577f728019371e9b10b6e66bf595abcd15e1c71a7e,Pd:4|Si:12|Tm:8,0,3,24,Hexagonal,0.0,3,17-32,metal,6,2,0,,,,unresolved_no_match,unresolved_no_match,0,nan,nan,nan,nan,nan,0,
mp-aaabrfcs,probability,223,007d26b9c68a39d4e461234e7bc4ddcebe006ca6820244ca91cf25c482a6fcd8,Na:4|O:32|P:8|V:4,0,4,48,Monoclinic,1.8202,4+,33-80,gap_0_2,18,8,8,aaabtury,GGA+U,0.0,matched,truncated,0,0.4609375,0.05873797203947369,304.0,304.0,40.461200000000005,0,
mp-aaacquks,probability,224,007d4a861312d2e46a3f0f8143192b9ea92eb35550632ab7e1a42acde2c029d9,Pd:8|Si:8|Sm:12,0,3,28,Orthorhombic,0.0,3,17-32,metal,5,2,2,aaaczcla,GGA,0.0,matched,usable,1,0.5703125,1.5974155508196726,244.0,244.0,1235.8554,0,0.48510581254959106
mp-aaacslja,probability,225,007db93c7a7538c166145b073eaf99bd07ff01c3bd9f3b41cdefe2024903cdf2,B:8|Ba:4|Ni:8,0,3,20,Orthorhombic,0.0,3,17-32,metal,5,2,1,aaadzbhi,GGA,0.0,matched,usable,1,0.328125,2.8331307600694444,144.0,144.0,763.7086999999999,0,0.523201584815979
mp-aaacrrza,probability,226,007ebc6657cbd5f2d510c995163be19bf395fdf4a7357cb50171a6537d75f68e,Fe:2|P:4|W:2,0,3,8,Orthorhombic,0.0,3,05-08,metal,40,6,6,aaadbnsp,GGA,0.0,matched,usable,1,0.375,2.9959375551666567,60.0,60.0,237.83569999999997,0,0.48413658142089844
mp-aaacsxcb,probability,227,007f58a863f54f9be4cd03cbf18aacf0e756f02a05debed608bde0d289f53d6e,C:16|N:12|Sn:2,0,3,30,Orthorhombic,3.2641,3,17-32,gap_gt_2,388,1,1,aaaecuir,GGA,0.0,matched,usable,1,0.8046875,2.3378997967434203,152.0,152.0,934.1056,1,0.4164607524871826
mp-aaafyoib,probability,228,008004bfbd33427455ece319df6f8ed0d0208be33919757c6c3dd588b7a24c14,Al:9|Na:3|Nb:3|O:72|P:9|S:9,0,6,105,Triclinic,2.0304,4+,81+,gap_gt_2,0,0,0,,,,unresolved_no_task,unresolved_no_task,0,nan,nan,nan,nan,nan,0,
mp-aaabrbxx,probability,229,008079c662bad086d8aac3e08671e1443a2033b534eff74a2d41124dc6969e65,Mn:1|O:12|Sb:4,0,3,17,Triclinic,1.0968999999999998,3,17-32,gap_0_2,2,9,9,aaacxdvy,GGA+U,1.3515306667915513e-16,matched,usable,1,0.4296875,1.121353778904762,105.0,105.0,330.9174,0,0.470896452665329
mp-aaackjmv,probability,230,008121672037cb87761b7a0ed58b08c1afa5e4054da502882c6a7eac957fb3cc,Hg:1|La:2|Ru:1,0,3,4,Orthorhombic,0.0,3,01-04,metal,59,1,1,aaaczcyk,GGA,0.0,matched,usable,1,0.453125,0.6324029375,48.0,48.0,137.7906,1,0.633018970489502
mp-aaacfzoh,probability,231,0081417152f357d686d55f8a235d316a479bf7f20b0aeb116e28630a3e960621,Pd:2|Sb:2|Sm:2,0,3,6,Hexagonal,0.0,3,05-08,metal,243,10,10,aaaddals,GGA,0.0,matched,usable,1,0.421875,2.322567724134615,52.0,52.0,251.4064,0,0.5059475898742676
mp-aaabqyze,probability,232,00816b99fa68f3e8f6f8df9e6f8a616dba3f7e9ca128b0022b534968891328f9,Ce:2|O:4|Sm:2,0,3,8,Tetragonal,0.0,3,05-08,metal,463,7,7,aaadyoop,GGA,0.0,matched,usable,1,0.5234375,2.2008606583571417,70.0,70.0,477.2335,3,0.46402233839035034
mp-aaachscd,probability,233,0082176202ca9fcc8dd9a72e32fa7ee84aaea839a583085779b87791e7240d05,Bi:4|Ho:2|Mg:2|O:12,0,4,20,Orthorhombic,0.0,4+,17-32,metal,1,4,4,aaadadie,GGA,0.0,matched,usable,1,0.4921875,1.5092862524122808,114.0,114.0,513.5275,0,0.4304235875606537
mp-aaacklkt,probability,234,008238dbd7df545e6f7390340a552b49a20f9fcde1d860325e8412df54933161,Al:1|Fe:1|Tc:2,0,3,4,Orthorhombic,0.0,3,01-04,metal,59,3,3,aaadafwa,GGA,0.0,matched,usable,1,0.4296875,0.8931362654054054,37.0,37.0,150.5308,0,0.6195160150527954
mp-aaacjjpq,probability,235,0082bd1d17e49f1250cc4240b053fb12d2f073d30754772f77e54e3a6b0649c4,Pt:4|Sn:2|Tb:2,0,3,8,Hexagonal,0.0,3,05-08,metal,243,0,0,,,,unresolved_no_task,unresolved_no_task,0,nan,nan,nan,nan,nan,0,
mp-aaabrick,probability,236,008330ced5cdaa8f10c5fbabe5b9694795db470577e6f3b956dafba64a915eac,Li:6|Mn:3|O:42|P:12|V:3,0,5,66,Triclinic,0.39260000000000006,4+,33-80,gap_0_2,0,12,4,aaabtxkn,GGA+U,0.0,matched,truncated,0,0.390625,0.053276850333333334,390.0,390.0,35.5797,0,
mp-aaacgujl,probability,237,0083542e4b92c7fbfa9fdc55a69f1e26a12bc47a36199bb91c1d7bebeaea0ec7,B:1|Mg:6|O:8|Sb:1,0,4,16,Tetragonal,0.0,4+,09-16,metal,56,2,1,aaacgukb,GGA,1.893556179643273e-07,matched,truncated,0,0.9296875,0.20005831963235296,68.0,68.0,42.2641,0,
mp-aaacguhk,probability,238,00854dd443af25f216fdabc2b1f96e509b07a335883c7a740b5b401b0cd399d5,Al:1|Cr:1|Mg:6|O:8,0,4,16,Tetragonal,0.0,4+,09-16,metal,56,6,5,aaacguhx,GGA+U,1.2996541326550473e-07,matched,truncated,0,0.921875,0.13083061393333292,75.0,75.0,20.5689,0,
mp-aaacptjl,probability,239,0085cdad651fef7048b6620d2dd765e3e87f7476c56a1e942e056d8515169543,Fe:16|Zr:8,0,2,24,Hexagonal,0.0,2,17-32,metal,2,0,0,,,,unresolved_no_task,unresolved_no_task,0,nan,nan,nan,nan,nan,0,
mp-aaacqwpk,probability,240,0086582348c0de90db725fc59ab702a7e49296546ccb19ea5351751fb8bc9966,Mg:4|Pr:8|Si:16,0,3,28,Tetragonal,0.0,3,17-32,metal,3,1,1,aaaedtjh,GGA,0.0,matched,usable,1,0.5546875,1.8619758623124998,160.0,160.0,998.3461,0,0.45763158798217773
mp-aaabrukz,probability,241,00867833d2d0b5345dd8868882ec5d8241ac281451316ec24215b6ef1413e64a,Li:6|O:24|Ti:6|V:6,0,4,42,Triclinic,1.4748000000000006,4+,33-80,gap_0_2,0,17,17,aaadpuyu,GGA+U,1.2251273887980405e-16,matched,usable,1,0.53125,0.9256393392572464,276.0,138.0,1103.6209000000001,1,0.5433094501495361
mp-aaacqcwz,probability,242,0086ae56f73f225905c7902a407017a7aba78d4da8c44df7f3f9abc5cafa73fa,Pr:4|S:22|Y:11,0,3,37,Monoclinic,0.0,3,33-80,metal,0,3,3,aaacynqs,GGA,0.0,matched,usable,1,0.5390625,1.1426834827441081,297.0,297.0,1244.7651,0,0.5074172616004944
mp-aaacshxl,probability,243,0087123295a1b678d9eedefaa9cac0bfe35d9e3c25758919b01e4dbf9812cc27,F:8|Fe:8|Li:1|O:8,0,4,25,Triclinic,1.3336999999999999,4+,17-32,gap_0_2,4,3,1,aaacshxl,GGA+U,0.0,matched,usable,1,0.359375,1.5080820133136092,169.0,169.0,521.0611,0,0.5707130432128906
mp-aaacquoe,probability,244,0087fefc1b63122a03b326520ae605ba9e52445db1b87fc04462a5abb6b7797d,B:4|Ir:10|Ni:2|Sc:4,0,4,20,Tetragonal,0.0,4+,17-32,metal,3,0,0,,,,unresolved_no_task,unresolved_no_task,0,nan,nan,nan,nan,nan,0,
mp-aaabmibz,probability,245,00898fd0232605b05764bae968c6b33ae4593ec0a8e2f365a2c8d114187be3d4,H:4|Nb:4|O:12,0,3,20,Triclinic,0.0,3,17-32,metal,0,9,3,aaabmkbo,GGA,0.0,matched,truncated,0,0.4140625,0.07252843758333335,120.0,120.0,14.8217,0,
mp-aaabewag,probability,246,0089ef81ac166a81db920d747e46887e5d990ada9301dd5660566ff65fa95ce0,Fe:4|Ni:4|O:20|P:4,0,4,32,Orthorhombic,0.0,4+,17-32,metal,1,8,8,aaaburhg,GGA+U,0.0,matched,truncated,0,0.3046875,0.04675612469339622,212.0,212.0,12.1126,0,
mp-aaabodhv,probability,247,008a9d2ba1233bc9315642550f1360a27a17254256fa15735924bf7c5ac7e6a0,Eu:4|Ni:40|P:24,0,3,68,Orthorhombic,0.0,3,33-80,metal,1,3,3,aaacxugy,GGA,0.0,matched,usable,1,0.328125,1.7404764311420866,556.0,556.0,1864.5929,8,0.5983624458312988
mp-aaabxgsu,probability,248,008aebc785b29651d87684f749eee3c7de7cbd41599555c45127fddbf3eb7713,Mn:1|Os:1|Ti:2,0,3,4,Cubic,0.0,3,01-04,metal,1834,7,7,aaachygl,GGA,0.0022865774222790495,matched,truncated,0,0.4453125,0.05039162212765951,47.0,47.0,9.0206,0,
mp-aaacsfuk,probability,249,008b192b248478d77e2e5c4d7dd79b7025f3e420dbf3b6a76f7c2a6c93473473,F:2|Fe:8|Mg:1|O:14,0,4,25,Triclinic,0.0,4+,17-32,metal,0,11,2,aaaewjkq,GGA+U,0.0,matched,usable,1,0.3671875,1.3154568661280486,164.0,164.0,466.57070000000004,0,0.5501097440719604
mp-aaacrrpa,probability,250,008b49470c0e16935e42aeb8b13229b0ad235d012876c349905c1d8b9633ad87,Au:4|Cl:4|H:24|N:8|O:16,0,5,56,Triclinic,2.5501,4+,33-80,gap_gt_2,0,2,2,aaaczamo,GGA,0.0,matched,usable,1,0.6640625,1.8219281843103488,232.0,232.0,1158.3233,4,0.5156007409095764
mp-aaaewzyh,probability,251,008b85bc84fc27243176f3ce7feca16c85c748c478f44cd9ab8087b5661b3c18,Cl:2|Mg:1|Mo:2|O:8|Tb:2,0,5,15,Monoclinic,1.7374,4+,09-16,gap_0_2,51,1,1,aaaexald,GGA+U,0.0,matched,usable,1,0.5390625,1.060719723632076,106.0,106.0,468.36129999999997,0,0.5035173892974854
mp-aaabxgwc,probability,252,008c031945ca6e604104f45b27c4b03134944ec44f0e900c8175d05a0eb2523d,Cu:1|Rh:1|Yb:2,0,3,4,Cubic,0.0,3,01-04,metal,1834,7,7,aaacfnaa,GGA,0.0025988938555466046,matched,truncated,0,0.296875,0.04253179809523809,42.0,42.0,2.8089,0,
mp-aaaewpwa,probability,253,008c5a4eefa149c3358fd64837060a43a9a39fb42f6a77e4fe8a5cfcc26eddd3,Cr:2|Mg:1|O:4,0,3,7,Hexagonal,1.9183,3,05-08,gap_0_2,54,16,8,aaaewpzh,GGA+U,1.7544411555897828e-16,matched,usable,1,0.5078125,1.8002040656000013,50.0,50.0,231.898,0,0.46152862906455994
mp-aaacgagl,probability,254,008c5cfb2b0d084b94450ca0b32aad03648b2eddff55968259d8bd885f4dfc09,Al:24|Ca:16|O:64|S:4,0,4,108,Orthorhombic,4.4065,4+,81+,gap_gt_2,5,9,3,aaacgbjw,GGA,0.0,matched,truncated,0,0.515625,0.06948654926562507,640.0,640.0,87.7341,0,
mp-aaadijmh,probability,255,008cbb408e97f671eddb4e50390d04f34e792ab81d2d0adfaea418cf9e1c3150,Ce:1|Hf:1|K:1|O:6|Sn:1,0,5,10,Cubic,0.1719999999999997,4+,09-16,gap_0_2,267,0,0,,,,unresolved_no_task,unresolved_no_task,0,nan,nan,nan,nan,nan,0,
mp-aaabrgcw,probability,256,008d6ac8bb24028f592c14995559ce8b14ec440fed4e6607d32e2d48581fc815,C:8|Co:4|Li:8|O:24,0,4,44,Monoclinic,2.0957000000000003,4+,33-80,gap_gt_2,109,7,5,aaabtxqw,GGA+U,0.0,matched,truncated,0,0.421875,0.06180202772727273,220.0,220.0,26.8543,0,
mp-aaacnhou,probability,257,008e304d3dee069afd2c9579d5ce5c60de071bbc7af7973d2d167c8cc54b7cb4,Br:2|Cu:1|O:2|Sr:2,0,4,7,Tetragonal,0.0,4+,05-08,metal,69,0,0,,,,unresolved_no_task,unresolved_no_task,0,nan,nan,nan,nan,nan,0,
mp-aaacsxtd,probability,258,008ed057ce9a5bd4168de8882fe40ba83cbdb6cb15c3e617b564c16ecfe8a730,C:16|N:12|Ru:2,0,3,30,Orthorhombic,1.8155999999999999,3,17-32,gap_0_2,284,1,1,aaaeavjf,GGA,0.0,matched,usable,1,0.4609375,2.3198833681250006,152.0,152.0,729.362,0,0.5656769871711731
mp-aaabmlea,probability,259,008fbef4a901a7fe18ae232bbd97dddc95b4559ad2116951d87faea666606a77,Ni:19|O:54|Sr:24,0,3,97,Triclinic,0.04220000000000024,3,81+,gap_0_2,0,1,1,aaacxxye,GGA+U,0.0,matched,usable,1,0.3359375,1.3570924208289128,754.0,754.0,1431.2065,12,0.4802737832069397
mp-aaabrhwk,probability,260,008fc07a1793eb1a8a89f40cc5cfd0e29bcd7216ca2d7b8cb2dabecbfa7b1cd8,Cr:12|Li:20|Mn:4|O:32,0,4,68,Tetragonal,2.2576,4+,33-80,gap_gt_2,38,4,4,aaabwpkw,GGA+U,0.0,matched,truncated,0,0.375,0.07093765542892135,408.0,408.0,39.6436,0,
mp-aaacqzou,probability,261,009074daef125a96a6215e4fde3844191dce8828e9f34e52731a9c1462444ded,Hf:18|O:6|W:8,0,3,32,Hexagonal,0.0,3,17-32,metal,6,2,2,aaaczevw,GGA+U,0.0,matched,usable,1,0.578125,1.1812074414743587,312.0,312.0,1566.5341,1,0.45154690742492676
mp-aaaewdyx,probability,262,0091107472c94e81afa91628cf1aa209fa93e2cf6b60f08da1ce20128249c759,Cu:2|Mg:1|Na:2|O:4,0,4,9,Orthorhombic,0.0,4+,09-16,metal,3,5,5,aaaexlmm,GGA,0.0,matched,usable,1,0.3203125,1.654742948467744,62.0,62.0,163.675,0,0.59810870885849
mp-aaabigia,probability,263,009158419942895c07f4b515b2695a12300b3e6ae551a698fd98420adb6e21f3,Co:5|Fe:11,0,2,16,Tetragonal,0.0,2,09-16,metal,33,5,0,,,,unresolved_no_match,unresolved_no_match,0,nan,nan,nan,nan,nan,0,
mp-aaacqjkp,probability,264,0091634fd7e61279c4edf3a11c0b76ae139cac51c0f9a3b8c4705b76a421aed9,C:4|Cl:1|Cu:4|O:28|Pb:4|Si:4,0,6,45,Tetragonal,0.0,4+,33-80,metal,0,2,2,aaadahqw,GGA,0.0,matched,usable,1,0.3046875,1.0491662393485344,307.0,307.0,614.4001000000001,0,0.6051102876663208
mp-aaacjbwz,probability,265,00917e17f64e254addbc454adab3ca449a728a121b9d5fb6fc9a12cf715cc6dd,Mg:4|Si:8,0,2,12,Triclinic,0.0,2,09-16,metal,1,55,5,aaadbegn,GGA,0.0,matched,usable,1,0.5234375,1.811512096125,40.0,40.0,327.51869999999997,0,0.4126732349395752
mp-aaacpzjc,probability,266,009365f14c2b12ebb6ebec2d9ffc9da04caa218eca1ad97d28e47482be6b1f8c,Ba:6|Gd:6|Na:2|O:40|Si:12,0,5,66,Orthorhombic,3.3773,4+,33-80,gap_gt_2,96,2,2,aaaczafo,GGA,0.0,matched,usable,1,0.5,1.5992348524759612,416.0,416.0,1563.6547,5,0.3111346364021301
mp-aaacjmso,probability,267,0093f5351f8965821ed185a9c0e69465aa7b0e4548e126b893a924938f6cfbbd,Mn:2|O:12|Sr:4|Zr:2,0,4,20,Cubic,1.5056000000000003,4+,17-32,gap_0_2,15,2,2,aaacuvrg,GGA+U,0.0,matched,usable,1,0.40625,1.495334388395062,162.0,81.0,534.6504,0,0.5602447986602783
mp-aaacgbve,probability,268,00943a88c678055302d24c98e3a0b0c66e2a8cc63da152123bf3c25bc2b50866,B:8|Mg:4|O:20|Sr:4,0,4,36,Monoclinic,4.6961,4+,33-80,gap_gt_2,109,4,4,aaacgcdk,GGA,0.0,matched,truncated,0,0.46875,0.06949405205729169,192.0,192.0,21.8201,0,
mp-aaacrjhy,probability,269,00946e405e7cd35e178486397c3c3c3dadd4bb16a675354287ae96ca1e67b3c3,Pt:6|Sb:8|Sn:4,0,3,18,Monoclinic,0.0,3,17-32,metal,4,1,1,aaadzqcs,GGA,0.0,matched,usable,1,0.78125,1.8334089559294868,156.0,156.0,1308.9565000000002,0,0.27253782749176025
mp-aaacrttp,probability,270,0094bce400a42e960401db05d85c2faf127ca8ced538565c28e1f321cb5c90c6,Co:2|Cr:6|Cu:1|Se:12,0,4,21,Monoclinic,0.0,4+,17-32,metal,4,2,2,aaacynpf,GGA,0.0,matched,usable,1,0.3203125,1.4850942199132948,173.0,173.0,615.2442,0,0.5493227243423462
mp-aaaabfax,probability,271,0094ed8537ab1ea3cb023434c9b749c7a4afbf4ae4d9c340abbab2a395563d24,In:3|Mg:3|Tm:3,0,3,9,Hexagonal,0.0,3,09-16,metal,239,0,0,,,,unresolved_no_task,unresolved_no_task,0,nan,nan,nan,nan,nan,0,
mp-aaacjffo,probability,272,009545a15098cb0334cf77b3378483d03b221736f01bee28efdff87ed26260a2,Mg:10|Si:18,0,2,28,Triclinic,0.0,2,17-32,metal,0,18,3,aaacxwcx,GGA,0.0,matched,usable,1,0.53125,1.7961168740760869,92.0,92.0,760.7919999999999,0,0.3443543314933777
mp-aaacjeoh,probability,273,00956a0a2aa135c9aa84b914e47cb5c6a5d6ea94115a999c848cee145291e703,Mg:6|Si:8,0,2,14,Monoclinic,0.0,2,09-16,metal,7,37,7,aaadefwv,GGA,0.0,matched,usable,1,0.5,2.078736752272727,44.0,44.0,369.0947,0,0.35414570569992065
mp-aaacrrbe,probability,274,0095c98a5bfcc1299c6d27dbe364032c61bd12a1781f1c3427bba2030b08180d,Ho:3|Mn:8|Tm:1,0,3,12,Monoclinic,0.0,3,09-16,metal,15,1,1,aaaeadgn,GGA,0.0,matched,usable,1,0.3984375,2.631738084464289,140.0,140.0,714.0337,0,0.5535110235214233
mp-aaafyolv,probability,275,009605a3d5b388173e5d90948dec889defbd1f1654c202aad0e65ba56a3443a9,Ca:6|Na:6|O:144|S:27|Si:9|Ti:18,0,6,210,Triclinic,1.3918000000000001,4+,81+,gap_0_2,0,0,0,,,,unresolved_no_task,unresolved_no_task,0,nan,nan,nan,nan,nan,0,
mp-aaacpvhu,probability,276,0096335af94df475f5f2ef6dc448654819a9f5051f7b2807407caa8aab4b3d75,Dy:6|O:14|Re:2,0,3,22,Orthorhombic,0.0,3,17-32,metal,5,9,9,aaadzebd,GGA,0.0,matched,usable,1,0.46875,2.1054390139329264,164.0,164.0,801.2305,0,0.5255375504493713
mp-aaaablqs,probability,277,009751dc64180c5aa5124b1aaa16ea4a97f299bb0c21df09bd28c7b81dca70a3,C:4|Li:12|Ni:4|O:28|P:4,0,5,52,Monoclinic,4.0127,4+,33-80,gap_gt_2,109,30,17,aaadqbfy,GGA+U,0.0,matched,usable,1,0.34375,1.1751406099609376,256.0,128.0,670.1598,0,0.5693585872650146
mp-aaabrlzy,probability,278,009768421e8a7e0eb8a2a25dc30da7ed257d29d4e52b53e42edc0bdbaff41626,F:6|Li:2|Mn:4|O:4,0,4,16,Monoclinic,0.0,4+,09-16,metal,4,15,4,aaabyzhz,GGA+U,0.0,matched,truncated,0,0.3671875,0.051155231375000006,120.0,120.0,12.181000000000001,0,
mp-aaaewzbj,probability,279,0098d26ed48b1a92cb5fa746c8e49ef996142a23e69fe37568e2a92b8af1fc26,K:2|Mg:1|Na:2|Nb:2|O:10|Pr:2,0,6,19,Monoclinic,0.0,4+,17-32,metal,4,0,0,,,,unresolved_no_task,unresolved_no_task,0,nan,nan,nan,nan,nan,0,
mp-aaafynlp,probability,280,0098f4fff8436338bb1ccb962b0891e6f1277a65bfca27300cb83fc590cf4ebb,Mg:6|Na:21|O:72|P:15|Si:3|Sn:6,0,6,123,Triclinic,2.1847,4+,81+,gap_gt_2,0,0,0,,,,unresolved_no_task,unresolved_no_task,0,nan,nan,nan,nan,nan,0,
mp-aaacrsbb,probability,281,0099d8981afef2ef199ff0d43f6afa114747ec02aae741db9d0034e50f02a5bc,Cu:6|Ga:6|Se:4|Te:8,0,4,24,Monoclinic,0.10119999999999996,4+,17-32,gap_0_2,95,3,2,aaacxkan,GGA,0.0,matched,usable,1,0.3359375,1.1635803874999997,216.0,216.0,704.1392000000001,1,0.5577255487442017
mp-aaacklmr,probability,282,0099e1a202b927e3c6945b87105232e1fda6c51290715d2bf2507d8930afcf8d,Ge:1|Pd:2|Sc:1,0,3,4,Orthorhombic,0.0,3,01-04,metal,59,2,2,aaadajxm,GGA,0.0,matched,usable,1,0.4765625,1.4222457088888887,45.0,45.0,222.76999999999998,0,0.6160046458244324
mp-aaacgmwd,probability,283,0099f53ca14ce45c5ab4ce856beea4b5e61b741cae6b7a166f76cef03efa42dd,Mg:14|W:1|Y:1,0,3,16,Orthorhombic,0.0,3,09-16,metal,49,0,0,,,,unresolved_no_task,unresolved_no_task,0,nan,nan,nan,nan,nan,0,
mp-aaabfyzo,probability,284,0099fbac4aa0261a4ba1eeb089664f116c210e340b5c35d11443ba694fde3389,Au:2|Co:2|Na:8|O:10,0,4,22,Orthorhombic,0.8874,4+,17-32,gap_0_2,86,11,11,aaaddcmc,GGA+U,0.0,matched,usable,1,0.6875,1.398600524551282,156.0,156.0,702.7414000000001,2,0.4784218370914459
mp-aaacqzsj,probability,285,009a65697b1cb108df678228aa1bf95e8fabb8ec2f0d4b1b1f81672676510552,H:12|N:12|Na:12|O:32|P:4|S:8,0,6,80,Monoclinic,0.735,4+,33-80,gap_0_2,18,2,2,aaacxtfp,GGA,0.0,matched,usable,1,0.75,1.1595317335336532,416.0,416.0,1523.5423,4,0.4539756774902344
mp-aaabschq,probability,286,009aff5427d6cc9c9548c4c7b5765d6c042a455eeb4a689bbb7b6e81f09b2bb1,Li:2|Na:10|O:36|V:12,0,4,60,Triclinic,5.2508,4+,33-80,gap_gt_2,0,7,3,aaacxswp,GGA+U,0.0,matched,usable,1,0.46875,1.6759590460476188,420.0,420.0,1735.3156,10,0.47270825505256653
mp-aaacszjn,probability,287,009b7d955156089a33180ba870f062d6f3c47f8dd148df75b34cdbab0f678dc2,Hf:2|N:4|Pb:2,0,3,8,Tetragonal,0.9043000000000001,3,05-08,gap_0_2,189,1,1,aaadxfry,GGA,0.0,matched,usable,1,0.671875,3.164594154264707,68.0,68.0,368.0299,0,0.35600271821022034
mp-aaacraow,probability,288,009bf4bd8100687c6c8a74a8435f42f61b854844f6a5df5aef24c8e5a9ccbb6a,Al:14|Dy:24|Si:2,0,3,40,Tetragonal,0.0,3,33-80,metal,1,2,2,aaacyyja,GGA,0.0,matched,usable,1,0.8203125,1.3245715803759415,266.0,266.0,2209.6075,2,0.3392612934112549
mp-aaacquen,probability,289,009cba4d6fb0f5ed6bc3b8b165ee7d20daed816c7ef46d29c98c5d491d001ea5,Fe:3|O:27|Rh:6|Sr:12,0,4,48,Trigonal,0.0,4+,33-80,metal,0,2,2,aaacyzjl,GGA+U,0.0,matched,usable,1,0.40625,1.144022074078283,396.0,396.0,1142.6657,0,0.5080369710922241
mp-aaaewzzx,probability,290,009d30092276ead474615e967bc6069b8441de78faec595c4f0daa5984de744f,Er:1|K:3|Mg:1|O:8|V:2,0,5,15,Monoclinic,1.7368,4+,09-16,gap_0_2,51,1,1,aaaewzzx,GGA+U,0.0,matched,usable,1,0.5390625,0.9932680307407409,108.0,108.0,454.6674,0,0.5382817983627319
mp-aaabrfww,probability,291,009d9ab4fd522a382887b75f43210ee1165bb6d139775523c22dcca3659ab31a,Cu:8|Li:2|O:24|P:6,0,4,40,Orthorhombic,0.0,4+,33-80,metal,1,8,4,aaabyyff,GGA,0.0,matched,truncated,0,0.296875,0.04665794888257569,264.0,264.0,15.055900000000001,0,
mp-aaaabnca,probability,292,009e357e2c0ec40b7ac2f782b4070a6d915c25696d56bc00141a473311974f22,Li:2|O:16|P:4|V:2,0,4,24,Monoclinic,1.0805,4+,17-32,gap_0_2,95,19,7,aaabuuph,GGA+U,0.0,matched,truncated,0,0.4375,0.05831650682142858,140.0,140.0,17.2167,0,
mp-aaacjmuj,probability,293,009e383d812d8e3f20dd90b8ab4f327587833f7e82b14aa00d5931b559639a6c,Fe:2|O:3|Pr:2|Se:2,0,4,9,Tetragonal,1.3083999999999998,4+,09-16,gap_0_2,47,6,6,aaacvzcf,GGA+U,0.0,matched,usable,1,0.390625,1.5187218127205886,68.0,68.0,268.4365,0,0.5405188202857971
mp-aaabfpad,probability,294,009fc454d474ae35aa2749cccbd4b28022c1ee6cd19324a5b12fab772bededc1,S:24|Zn:24,0,2,48,Trigonal,2.7329999999999997,2,33-80,gap_gt_2,13,0,0,,,,unresolved_no_task,unresolved_no_task,0,nan,nan,nan,nan,nan,0,
mp-aaacrkgw,probability,295,00a04077f96dc86f8c46b15667517ac4d72091cd6a68abd1ee204bb8eaeb184d,Nb:12|O:60|P:12|Rb:4,0,4,88,Monoclinic,0.0,4+,81+,metal,0,1,1,aaacxydq,GGA,0.0,matched,usable,1,0.625,1.0270094343197282,588.0,588.0,2338.9858000000004,4,0.4363180100917816
mp-aaabfvbd,probability,296,00a128b49d10af52289ebed10c426f924bb9503d1810ce6c741f79c4dd680e8a,Mn:6|Na:12|O:12,0,3,30,Monoclinic,0.2689999999999997,3,17-32,gap_0_2,184,0,0,,,,unresolved_no_task,unresolved_no_task,0,nan,nan,nan,nan,nan,0,
mp-aaacrnav,probability,297,00a164cbf4bc3d6b399d3a0fcb38ad0049c3622ae77f16ca4155df45c26c1349,Mo:30|Na:6|Se:38,0,3,74,Monoclinic,0.0,3,33-80,metal,0,1,1,aaacxxsc,GGA,7.017962201926784e-08,matched,usable,1,0.5859375,1.2663133545714285,630.0,630.0,3181.7961,12,0.4240792989730835
mp-aaabrzlf,probability,298,00a1c6273857c0a8a6a500f447b08980b2b18ed0370102645cc71407eb733136,Er:8|O:52|P:16,0,3,76,Monoclinic,5.477,3,33-80,gap_gt_2,101,5,5,aaabtawo,GGA,0.0,matched,truncated,0,0.625,0.10206301203663798,464.0,464.0,94.9981,0,
mp-aaacrevm,probability,299,00a24bea0345c3778f9f9b88bf4365ea4f4be3e015b40cd986883db1f58974ad,Co:5|Fe:6|Re:1|Y:1,0,4,13,Orthorhombic,0.0,4+,09-16,metal,3,1,1,aaadzzel,GGA,0.0,matched,usable,1,0.3515625,3.1133664900427345,117.0,117.0,901.327,0,0.569481611251831
mp-aaadihur,probability,300,00a3f4d43c585a0bf0c2aaca5f90a57af00c12e7f2b7d1a2b23306eb751b6c92,Ba:1|Co:4|O:12|Sm:1,0,4,18,Tetragonal,0.0,4+,17-32,metal,3,0,0,,,,unresolved_no_task,unresolved_no_task,0,nan,nan,nan,nan,nan,0,
mp-aaacjlki,probability,301,00a4c09a442d1d2374562322ac5c35c895c1692f964627340f1fe1a7a4dbafcb,Dy:4|Ni:4|Sn:2,0,3,10,Tetragonal,0.0,3,09-16,metal,87,0,0,,,,unresolved_no_task,unresolved_no_task,0,nan,nan,nan,nan,nan,0,
mp-aaadadnj,probability,302,00a5a5305bff16ee02680409ff91d3706873359edf5d90d3b651729fc8716233,F:14|Li:4|V:4,0,3,22,Triclinic,0.0,3,17-32,metal,0,2,1,aaadadnj,GGA+U,0.0,matched,usable,1,0.4296875,2.0516807033904114,146.0,146.0,438.8872,0,0.6292372941970825
mp-aaabozrz,probability,303,00a5c19f4d537e9f182f80a90a05f0f0f2085669b6c4132bf41d6fd41e62e37c,H:8|I:16|K:8|O:48,0,4,80,Monoclinic,3.3546000000000005,4+,33-80,gap_gt_2,109,0,0,,,,unresolved_no_task,unresolved_no_task,0,nan,nan,nan,nan,nan,0,
mp-aaacqzjb,probability,304,00a60fd87b2a80a0e3de09393a8d61f20da2afa372d324afd1223d1ae0717cb4,C:8|K:8|Mo:2|N:8|O:4,0,5,30,Monoclinic,3.2112,4+,17-32,gap_gt_2,250,1,1,aaaecfor,GGA+U,0.0,matched,usable,1,0.609375,2.5218954677604155,192.0,192.0,864.0940999999999,3,0.5736880302429199
mp-aaabnsbt,probability,305,00a641c3ac71a6b1a6f3f3aa93ea4b75eaf6aa0a32c8500696a2d7d70837b4f3,Ce:4|H:28|Mg:8,0,3,40,Tetragonal,0.0,3,33-80,metal,1,3,3,aaacflax,GGA,0.007884183842112213,matched,truncated,0,0.453125,0.12305446739130436,92.0,92.0,32.4965,0,
mp-aaacsgpk,probability,306,00a65fb02a72f77a8c5065e8f9bfd6170aa1161041829fe8d01f353425a4e1fe,Mg:1|O:18|Sr:6|W:4,0,4,29,Trigonal,0.8809,4+,17-32,gap_0_2,32,1,1,aaaewdfm,GGA+U,1.3208673829866639e-16,matched,usable,1,0.546875,0.8643281269266058,218.0,218.0,795.9949,0,0.60496985912323
mp-aaacszml,probability,307,00a68cab0904c2e9267ad107ca5fb08bd3be2b86b27d48d375ec76093ca5730b,N:8|Re:4|Zn:4,0,3,16,Orthorhombic,0.0,3,09-16,metal,49,1,1,aaaealuz,GGA,0.0,matched,usable,1,0.5,2.0639516084642873,140.0,140.0,524.2117,0,0.5135787725448608
mp-aaacqkii,probability,308,00a7bb61e375d76e79285a49f5669172733399446d84e1233776c2d9fd327875,Bi:2|H:16|Na:6|O:14,0,4,38,Triclinic,3.8856,4+,33-80,gap_gt_2,0,2,2,aaaeathd,GGA,0.0,matched,usable,1,0.7265625,2.5141488487171055,152.0,152.0,910.4861999999999,0,0.34030377864837646
mp-aaacjlay,probability,309,00a7d4c7914e604104c0c5967020ef8d91aead4ed380c4cf5539b0194502c62d,Er:2|Ni:1|Sn:6,0,3,9,Orthorhombic,0.0,3,09-16,metal,49,0,0,,,,unresolved_no_task,unresolved_no_task,0,nan,nan,nan,nan,nan,0,
mp-aaackris,probability,310,00a92b76dbb55849e0943c28d35d64ef57508f7d839f3849aa4b05f4d31d0932,H:24|Ni:2|O:28|S:4,0,4,58,Monoclinic,0.23349999999999982,4+,33-80,gap_0_2,18,1,1,aaaeekbm,GGA+U,1.5487170485783122e-16,matched,usable,1,0.3359375,2.6875548765677975,236.0,236.0,823.1772000000001,2,0.5466002225875854
mp-aaackvev,probability,311,00a95467ea8ab55832655f40407ace9da49fc004dc350760d6490fdff0653657,Cr:7|Nb:6,0,2,13,Trigonal,0.0,2,09-16,metal,48,1,1,aaaeakag,GGA,0.0,matched,usable,1,0.453125,2.3434495710666665,150.0,150.0,916.2316000000001,0,0.4781598746776581
mp-aaablfct,probability,312,00a973f390fe22b3143962f33b70418e7714827f4f9b3de6e734856744f1e07f,O:112|Si:56,0,2,168,Orthorhombic,5.5172,2,81+,gap_gt_2,0,2,1,aaabwepl,GGA,0.0,matched,truncated,0,0.796875,0.10738626470424098,896.0,896.0,330.3261,0,
mp-aaabqwml,probability,313,00a9c64c5ac35986a0d81c867083743f65cd6a77461618efe78c1680c927a1b2,Cu:3|F:8|Li:2,0,3,13,Triclinic,0.3216,3,09-16,gap_0_2,32,4,4,aaabzcuq,GGA,0.0,matched,truncated,0,0.28125,0.04290122851648352,91.0,91.0,5.6240000000000006,0,
mp-aaacreax,probability,314,00aae603911f0deae4c6ebf32189a19df2337bf0070b74a59222816e5f48e9ac,C:1|H:1|Zr:2,0,3,4,Trigonal,0.0,3,01-04,metal,162,1,1,aaadwjyv,GGA,nan,matched,usable,1,1.0,3.325264038620687,29.0,29.0,131.6525563733335,0,0.20205198228359222
mp-aaaabqrd,probability,315,00ab3e556e1d9ba84554d964e94866059d26f25780f3797f6143d0bc755b6127,Cl:24|K:12|Rh:4,0,3,40,Monoclinic,1.7025,3,33-80,gap_0_2,51,0,0,,,,unresolved_no_task,unresolved_no_task,0,nan,nan,nan,nan,nan,0,
mp-aaacpejb,probability,316,00ab7ccdae3078a119824302ffd6914dd4b5a28705b3cda80104d2dc8203bac3,Mn:4|Ni:2|O:8,0,3,14,Orthorhombic,0.8205071057029767,3,09-16,gap_0_2,239,10,10,aaadeguq,GGA+U,0.0,matched,usable,1,0.3203125,1.2797459932916666,120.0,120.0,301.8673,0,0.6178120374679565
mp-aaackiqz,probability,317,00abd5679c7bb0c7f4a7c93181c7b5e2ac9f610acabb09fd17ba8d4a94c40865,Nd:3|Ni:9,0,2,12,Trigonal,0.0,2,09-16,metal,48,0,0,,,,unresolved_no_task,unresolved_no_task,0,nan,nan,nan,nan,nan,0,
mp-aaacribb,probability,318,00abfd45c9562f34d50d171b55afa81d2b94353638a41b3ff291f883363bec80,Co:13|Ta:13,0,2,26,Trigonal,0.0,2,17-32,metal,4,0,0,,,,unresolved_no_task,unresolved_no_task,0,nan,nan,nan,nan,nan,0,
mp-aaaaazjm,probability,319,00ac05e39a9fb31143cddc2db558856deb61533abe60844318c2ae0ccd6c719d,K:8|S:20,0,2,28,Orthorhombic,1.9298999999999997,2,17-32,gap_0_2,63,0,0,,,,unresolved_no_task,unresolved_no_task,0,nan,nan,nan,nan,nan,0,
mp-aaacrubl,probability,320,00ac103b10956b9c5a184f34fcaa86206bf89c5c3e97271cef73bbaa3b097d00,Eu:4|Ge:8|Mn:2|O:24,0,4,38,Orthorhombic,0.0,4+,33-80,metal,1,2,2,aaaczcmo,GGA+U,0.0,matched,usable,1,0.4140625,1.4183945916823897,318.0,318.0,905.7815,1,0.5237811803817749
mp-aaafupqt,probability,321,00ac13541225063b326b18e018ba21772a86b610a482f69fc1c3706cb03f7bd0,Al:2|O:6,0,2,8,Monoclinic,2.3217,2,05-08,gap_gt_2,15,1,1,aaafuprc,GGA,0.0,matched,usable,1,0.671875,1.368339488690476,42.0,42.0,206.4521,0,0.31245023012161255
mp-aaacqvkh,probability,322,00ac186120ff40c92fd012276298bee5b87422747c8f829515e6869c8ddfd7f9,Co:4|Pr:20|Sb:8,0,3,32,Orthorhombic,0.0,3,17-32,metal,5,0,0,,,,unresolved_no_task,unresolved_no_task,0,nan,nan,nan,nan,nan,0,
mp-aaacsgxu,probability,323,00acea6127b542c1d2226d332ea731875b77ebba9e4f99c0c75457634baebd77,As:4|Mg:1|O:20|Ta:4,0,4,29,Monoclinic,2.8470999999999997,4+,17-32,gap_gt_2,250,1,1,aaacsgxu,GGA,0.0,matched,usable,1,0.53125,1.1404289494623654,186.0,186.0,849.4965,0,0.3465324640274048
mp-aaacrljh,probability,324,00ad095d9ea5a17e5dcee0c87bcf4f1b57d7a0b4ecd028b5c207485d6021d264,Bi:15|Nd:1|O:48|Ti:12,0,4,76,Triclinic,2.1954000000000002,4+,33-80,gap_gt_2,0,4,2,aaacxpkb,GGA,0.0,matched,usable,1,0.609375,1.1190721231275302,494.0,494.0,2836.3653000000004,4,0.40159088373184204
mp-aaaabpwj,probability,325,00ad1b8735417c00f1170c5f5320e2747185a86933a4091ddbfca7fd79c0ef79,Br:20|Nd:12|S:8,0,3,40,Orthorhombic,2.8500037987402784,3,33-80,gap_gt_2,84,3,3,aaaczwst,GGA,0.0,matched,usable,1,0.59375,1.3081328302656252,320.0,320.0,1663.5101,1,0.39517492055892944
mp-aaaaadxf,probability,326,00ae256d61c5f5001fd705dcf3bce86a5462cda266a05c1c9def38852e3583a5,Al:10|Ba:8,0,2,18,Hexagonal,0.0,2,17-32,metal,2,9,9,aaacajxb,GGA,0.0035427427809119464,matched,truncated,0,0.7734375,0.10772855977272724,110.0,110.0,64.55959999999999,0,
mp-aaachdvy,probability,327,00ae44951f1c287049a0230d678d960d30d3e1a44618b5e8433f41b7ab959a90,Ce:6|Mg:6,0,2,12,Orthorhombic,0.0,2,09-16,metal,14,1,1,aaachdwh,GGA,1.2373495413697318e-07,matched,truncated,0,0.765625,0.15373002119047616,84.0,42.0,88.38953845333327,0,
mp-aaabrhlw,probability,328,00aece39c27c5d6aca74c5f9be499b2f30edb325728f61363e4a3b7d6295d360,Cu:2|Li:10|O:32|P:8|V:6,0,5,58,Monoclinic,1.4693000000000005,4+,33-80,gap_0_2,18,0,0,,,,unresolved_no_task,unresolved_no_task,0,nan,nan,nan,nan,nan,0,
mp-aaabfpre,probability,329,00b01680785ea1cf4f9dfc7b0f246fc0fad16d4ee9d90911ef11e41671e0f36f,Cl:2|Ni:7|O:18|Te:6,0,4,33,Trigonal,2.9532999999999996,4+,33-80,gap_gt_2,46,5,5,aaaczbvb,GGA+U,0.0,matched,usable,1,0.3359375,1.8615066472807014,228.0,228.0,785.4116999999999,1,0.5274397134780884
mp-aaacrkwu,probability,330,00b054577c5bb8e00aeb78006beb7240ca17a4b93efda7b8a6a2f059df89a039,C:1|Fe:11|Nd:1|Ti:1,0,4,14,Orthorhombic,0.0,4+,09-16,metal,3,1,1,aaadzzoi,GGA,0.0,matched,usable,1,0.3359375,4.444045897654872,113.0,113.0,875.4248,0,0.54191654920578
mp-aaacpkwy,probability,331,00b0af5c0f4ec7e3d4b49b1b8f75687d4e3fef3d17f6059534721f768cf0d591,K:1|Mn:1|O:3,0,3,5,Cubic,0.0,3,05-08,metal,371,6,6,aaadcmgj,GGA+U,0.0,matched,usable,1,0.3828125,1.28173907025,40.0,40.0,111.30799999999999,0,0.5358251333236694
mp-aaaaaiak,probability,332,00b0d180bdf1aac281ce9338e3842b1743282a3f0dacf1488f9a1d014bc743dc,Li:12|O:14|Zr:4,0,3,30,Monoclinic,3.9436,3,17-32,gap_gt_2,273,4,0,,,,unresolved_no_match,unresolved_no_match,0,nan,nan,nan,nan,nan,0,
mp-aaabxhdd,probability,333,00b132e6ac2790e62198d1dfa99a5831346f7bacb7a575d549bf26ecf3c55752,Ga:1|Ni:1|Rh:2,0,3,4,Cubic,0.0,3,01-04,metal,1834,0,0,,,,unresolved_no_task,unresolved_no_task,0,nan,nan,nan,nan,nan,0,
mp-aaacsffe,probability,334,00b186689b7f028d68b60a0d99ccce6067312feb042a0d069fd55d9f7caa78dd,Mg:1|O:12|Sm:2|Sr:4|Ta:2,0,5,21,Triclinic,0.6167000000000007,4+,17-32,gap_0_2,4,1,1,aaacsfjh,GGA,0.0,matched,usable,1,0.546875,1.029815074746836,158.0,158.0,533.2545,0,0.5548423528671265
mp-aaadiqdg,probability,335,00b4293a2d340e332ebc8acae548187e6cdcd7a2aeb07d8778be382aa16c6862,Ba:2|Bi:2|Eu:2|O:12|Sr:2,0,5,20,Triclinic,0.0,4+,17-32,metal,0,0,0,,,,unresolved_no_task,unresolved_no_task,0,nan,nan,nan,nan,nan,0,
mp-aaacswcy,probability,336,00b45649665b2e19da12d8d5a1207dbf6f2b2473480f96a32a83c5f2222534ba,O:75|W:25,0,2,100,Triclinic,0.34159999999999996,2,81+,gap_0_2,0,0,0,,,,unresolved_no_task,unresolved_no_task,0,nan,nan,nan,nan,nan,0,
mp-aaaaazfp,probability,337,00b4fe39027db242d2c88d1b9d3cda5bbdaca6816e102996c85116b48ad0e6da,Hf:6|Rh:10,0,2,16,Orthorhombic,0.0,2,09-16,metal,14,0,0,,,,unresolved_no_task,unresolved_no_task,0,nan,nan,nan,nan,nan,0,
mp-aaacksvs,probability,338,00b61b07225d004fdda55a15dbc6521990e6ff26cdf736e9a900c734e5687cd6,C:8|U:4,0,2,12,Cubic,0.0,2,09-16,metal,80,6,6,aaaddmkb,GGA,0.0,matched,usable,1,0.4921875,1.4622053206818182,88.0,88.0,424.5358,3,0.5725537538528442
mp-aaacpuap,probability,339,00b6d34c819ba49a892d468269ad7606dd17eb7a462242621075570b3bce5ee6,Cr:2|Li:2|O:16|W:4,0,4,24,Monoclinic,2.417518671003866,4+,17-32,gap_gt_2,250,18,18,aaacwkvf,GGA+U,2.0971511435002405e-16,matched,usable,1,0.484375,1.101196472764706,170.0,170.0,739.7152,0,0.4446934163570404
mp-aaaaazlp,probability,340,00b6e73fc04ba701b5cb9234acfe5a8bce826d27fe80af8976ffd36d068bbc08,Er:8|O:24|W:4,1,3,36,Monoclinic,3.6485000000000003,3,33-80,gap_gt_2,101,0,0,,,,unresolved_no_task,unresolved_no_task,0,nan,nan,nan,nan,nan,0,
mp-aaabrbgp,probability,341,00b6f16de81b91f3d217bb5ca8b7da7c2ecb5c5e0e4a58ed9b1be5b7ed7c8769,Cr:6|Li:6|Ni:2|O:16,0,4,30,Trigonal,0.3500000000000001,4+,17-32,gap_0_2,32,9,9,aaacwytu,GGA+U,0.0,matched,usable,1,0.3359375,1.3594291256701028,194.0,97.0,691.7575,0,0.547425389289856
mp-aaaewsuo,probability,342,00b7ae88794a029a91489192bf9ead25aee1d9e42232ec4136a4a68978021a15,Mg:1|Ni:1|O:9|P:3,0,4,14,Trigonal,0.0,4+,09-16,metal,18,3,3,aaaewuql,GGA+U,0.0,matched,usable,1,0.3515625,1.0291464177160496,81.0,81.0,104.3772,0,0.7002437114715576
mp-aaacrjgk,probability,343,00b81394c74fd6c4448e8c9f8e6b6eff80f1e727e6b4931137f941600228f017,Pd:6|Sn:1|Te:2,0,3,9,Tetragonal,0.0,3,09-16,metal,87,6,6,aaadbmqh,GGA,0.0,matched,usable,1,0.7578125,1.4441175756976738,86.0,86.0,678.6231,0,0.30636876821517944
mp-aaabrmef,probability,344,00b90e1c6ce5c6ed140d026f3b8337ec9b84812eb06214fd6f8d89bc15482ae0,F:8|Mn:6|O:4,0,3,18,Monoclinic,0.0,3,17-32,metal,4,96,4,aaabzakj,GGA+U,0.0,matched,truncated,0,0.3515625,0.07091487354430391,158.0,158.0,14.125300000000001,0,
mp-aaacpsnx,probability,345,00b924adb909c189f7aeebdd287d54f2bbc1622a91aecaad58f05a894be40ccb,B:2|La:3|Ni:13,0,3,18,Hexagonal,0.0,3,17-32,metal,6,2,2,aaaecamo,GGA,0.0,matched,usable,1,0.328125,3.8889439346745553,169.0,169.0,1276.9284,2,0.492870569229126
mp-aaabfkpw,probability,346,00b9c6a05a557024b4aa67da1520cd6020baacbc08e3f0fbd43b434d8765986e,Nd:2|O:5|S:2|Ti:2,0,4,11,Tetragonal,0.8242000000000003,4+,09-16,gap_0_2,47,12,12,aaabmfjq,GGA,0.0,matched,truncated,0,1.0,0.14374334291666666,84.0,84.0,80.67450624,0,
mp-aaaabrdu,probability,347,00ba255e10fc56ac909c29c817fd0377d27b8dc03cd6e0d7b0cd428cab0673f3,Ag:4|Ge:6|Li:6,0,3,16,Cubic,0.0,3,09-16,metal,71,3,3,aaacbiqg,GGA,0.0,matched,truncated,0,0.4375,0.05671148339552237,134.0,134.0,21.960500000000003,0,
mp-aaacshmr,probability,348,00ba5d89dd65a3230c4087e2049fc955d3ba49f339a497239991609fdc7e4bd2,Cu:2|Li:1|O:8|Rh:4,0,4,15,Trigonal,0.0,4+,09-16,metal,18,1,1,aaacsika,GGA,0.0,matched,usable,1,0.328125,1.1117428054580156,131.0,131.0,369.9878,0,0.5881265997886658
mp-aaabqznm,probability,349,00baa1ce57dc76d76b10c69a8040340b7c8d265371025a320028253814799272,Co:1|Mn:4|O:8,0,3,13,Monoclinic,0.0,3,09-16,metal,15,7,7,aaabzezi,GGA+U,0.0,matched,truncated,0,0.359375,0.04705732077981652,109.0,109.0,9.9363,0,
mp-aaacjsth,probability,350,00bab54fa25e1fb0444d0d09c02b4c46c6a596cb8e00ca7ee01028ea65d9cc4c,H:6|Y:2,0,2,8,Hexagonal,0.0,2,05-08,metal,369,6,6,aaadaypy,GGA,0.009002707797240174,matched,usable,1,0.4375,2.0979793587500004,28.0,28.0,125.13140000000001,0,0.5424044132232666
mp-aaaexbsd,probability,351,00bac81182e98bd5784d1361883dd6561ac5ff713089943b588d8a509cc264b4,Mg:1|O:12|Sb:4|V:1,0,4,18,Triclinic,0.0,4+,17-32,metal,0,0,0,,,,unresolved_no_task,unresolved_no_task,0,nan,nan,nan,nan,nan,0,
mp-aaachjkt,probability,352,00bc2b8fd973e184ab84e94742f5b1902c0c9b4e2644d77fe958c1582bf9a099,Ge:4|O:12|W:2|Zn:2,0,4,20,Monoclinic,2.2638000000000003,4+,17-32,gap_gt_2,250,5,5,aaacygat,GGA+U,0.0,matched,usable,1,0.4765625,1.035283289744318,176.0,176.0,536.0978,0,0.3915439546108246
mp-aaacjmxe,probability,353,00bd71e592539fa853b86fe5804fab9e869d46146d6fe67ec734df60a5da462a,N:16|Rb:8|Re:8,0,3,32,Orthorhombic,0.0,3,17-32,metal,5,0,0,,,,unresolved_no_task,unresolved_no_task,0,nan,nan,nan,nan,nan,0,
mp-aaacpqbb,probability,354,00bf34bf6df6ed141b41098e6346b9d78a8fbc433d9e6ada1368d13ff09ab3b5,Co:6|Si:10|Y:4,0,3,20,Monoclinic,0.0,3,17-32,metal,4,0,0,,,,unresolved_no_task,unresolved_no_task,0,nan,nan,nan,nan,nan,0,
mp-aaabljsu,probability,355,00bf9175991820ea6b2a0795d0ae0250fef62f6f84cfa8beb11b3388f017a436,Ni:9|O:10,0,2,19,Triclinic,0.0,2,17-32,metal,0,4,4,aaabxbrr,GGA+U,0.0,matched,truncated,0,0.265625,0.0638640243333334,150.0,150.0,8.306000000000001,0,
mp-aaabpwbw,probability,356,00c0b9953ed891279dc96809c7a233b919bd248586053fa1fc79042c7352c95a,Ba:2|H:4|O:28|Se:8|V:4,0,5,46,Monoclinic,2.4246,4+,33-80,gap_gt_2,109,2,2,aaacyjqh,GGA+U,0.0,matched,usable,1,0.515625,1.3386606652992958,284.0,284.0,1127.8871,3,0.5504511594772339
mp-aaaaaiwm,probability,357,00c0faaaf65172a5e3bd39d57a7d23aa6cc4d8553e35a7fbc1b2d454c7564d63,B:2|C:1|Ir:2|La:1,0,4,6,Tetragonal,0.0,4+,05-08,metal,69,11,11,aaacfhwi,GGA,0.0,matched,truncated,0,0.6796875,0.09350218153846154,39.0,39.0,20.7821,0,
mp-aaacqjxu,probability,358,00c101304b3e60eda081f018eb7a375e097239ea1eb8fde9de0b4620fba8c6a0,Be:2|C:40|H:96|I:12|N:16|O:8,0,6,174,Monoclinic,2.0476,4+,81+,gap_gt_2,6,0,0,,,,unresolved_no_task,unresolved_no_task,0,nan,nan,nan,nan,nan,0,
mp-aaacrlpb,probability,359,00c1f72fc82f2608ef5b26fc4e580ee7715e64ef6d35d4ff51d06cb54d576326,Bi:8|F:4|Nb:4|O:20,0,4,36,Orthorhombic,2.1849,4+,33-80,gap_gt_2,96,5,2,aaaczfvf,GGA,0.0,matched,usable,1,0.625,1.2350138485344828,232.0,232.0,1315.1097,0,0.2626245319843292
mp-aaacjlrc,probability,360,00c268ee3a1d6f98971f627842a4a6596276c85b3f2a0c5ebdf920c198700d09,Ir:2|Tl:6,0,2,8,Cubic,0.0,2,05-08,metal,203,6,6,aaadceyr,GGA,0.0,matched,usable,1,1.0,1.3711364161979163,96.0,96.0,559.0499115733332,0,0.21713575720787048
mp-aaacrhep,probability,361,00c2c0939a9875bc4109b3cb9ad71f148160c10daec41a6886db38a28c7a7e9a,Al:1|Ni:4|Tb:1,0,3,6,Hexagonal,0.0,3,05-08,metal,243,12,6,aaadblps,GGA,0.0,matched,usable,1,0.3125,2.9147046108653822,52.0,52.0,210.5568,0,0.5748493671417236
mp-aaacsvnq,probability,362,00c30e6df18c637f4076fca83b354c8653e9fa9f651b2e7e3f3963c41c9c8fe8,N:50|Ta:50,0,2,100,Triclinic,0.03000000000000025,2,81+,gap_0_2,0,1,1,aaaebetn,GGA,1.8164572645540743e-16,matched,usable,1,0.640625,4.2016706850624885,800.0,800.0,5763.1464,12,0.3906073570251465
mp-aaacfvxk,probability,363,00c35c43c80472dcd701109423e3fec4b796bc85cec4ecfea10f5562b507b450,Cr:2|Ga:2|Mg:12,0,3,16,Orthorhombic,0.0,3,09-16,metal,49,2,1,aaacfwda,GGA,0.0,matched,truncated,0,0.46875,0.21698199135135116,74.0,37.0,18.801000000000002,0,
mp-aaachqef,probability,364,00c3aab48003593e7ce0604c17eede6d1d9023754ec82c9e84cb399104609412,Ba:4|Ca:4|Cr:4|F:28,0,4,40,Monoclinic,4.0416,4+,33-80,gap_gt_2,109,4,4,aaadanwz,GGA+U,0.0,matched,usable,1,0.46875,1.3157496845987675,324.0,324.0,855.8679999999999,1,0.5147650837898254
mp-aaacrcje,probability,365,00c42092b4f6a8d135f76aee0c7ffea2943bdaed4975a82e04ec6b116dc4a7aa,C:48|F:40|S:4,0,3,92,Tetragonal,3.17,3,81+,gap_gt_2,0,2,2,aaaczszm,GGA,0.0,matched,usable,1,0.703125,1.5002313050403215,496.0,496.0,1267.0021,5,0.5882126092910767
mp-aaacfydn,probability,366,00c4ca990d95072549d078316bfe355f96751f0ee615d5f06f49760f68ebea3e,Eu:2|Pd:2,0,2,4,Orthorhombic,0.0,2,01-04,metal,174,0,0,,,,unresolved_no_task,unresolved_no_task,0,nan,nan,nan,nan,nan,0,
mp-aaafyjvu,probability,367,00c4d4b74042a91e7e89fb51ab142fa6094c3fa025da6ae9976f8c30242f8645,In:6|Nb:6|O:72|P:12|S:6,0,5,102,Monoclinic,2.5341,4+,81+,gap_gt_2,6,0,0,,,,unresolved_no_task,unresolved_no_task,0,nan,nan,nan,nan,nan,0,
mp-aaacrdlk,probability,368,00c56cdd4854017a7e967be3a8e80274b60409691dc63bf9cbb986ebf3fff9c4,C:6|Ca:1|Mn:3|O:6,0,4,16,Triclinic,0.0,4+,09-16,metal,0,1,1,aaaebcdg,GGA+U,0.0,matched,usable,1,0.4375,2.180831691238532,109.0,109.0,723.2982000000001,0,0.540046215057373
mp-aaacgwhf,probability,369,00c56f00cdbb6fc7664d0d969114ce99f6ca228fa09a695269ae04530a1f4404,Cr:1|Mg:14|O:16|V:1,0,4,32,Tetragonal,0.33619999999999983,4+,17-32,gap_0_2,31,2,1,aaacgwhw,GGA+U,1.5486061560124743e-08,matched,truncated,0,0.875,0.17904472799319665,147.0,147.0,85.2333,0,
mp-aaacpaie,probability,370,00c5ea462c65ab5bdb0249dfefba001dbab5be16324b521dcdd342ef75ead831,Co:3|Li:6|O:12|V:3,0,4,24,Triclinic,1.4038999999999997,4+,17-32,gap_0_2,4,7,3,aaacykey,GGA+U,0.0,matched,usable,1,0.28125,1.4956097696739132,138.0,138.0,431.8158,0,0.47391602396965027
mp-aaacricv,probability,371,00c6c5d6776955d260be378badd95c79b73cce8e626934cb86403d3d363d76d9,Cu:2|La:2|O:12|Sb:2|Sr:2,0,5,20,Monoclinic,0.3682999999999996,4+,17-32,gap_0_2,95,1,1,aaadacbp,GGA,0.0,matched,usable,1,0.328125,1.478508582260274,146.0,146.0,456.1164,1,0.6114280223846436
mp-aaaaaxkl,probability,372,00c715470cab5c5a04be53f26f028b2a9fc0a79ef4334e772215580009b135ef,Al:18|Mn:6|Si:2,0,3,26,Hexagonal,0.0,3,17-32,metal,6,8,8,aaacbmor,GGA,5.861317025621079e-05,matched,truncated,0,0.4375,0.05948092039285715,140.0,140.0,28.2528,0,
mp-aaacgvkt,probability,373,00c75e2ccf6d014ee04fba49c97622bb53346144ec5385dc34aab475273bbbab,Ba:1|Hf:1|Mg:14|O:16,0,4,32,Tetragonal,0.0,4+,17-32,metal,3,1,1,aaacgvlg,GGA,1.327705542308366e-07,matched,truncated,0,0.953125,0.17583610263888927,144.0,144.0,53.52160000000001,0,
mp-aaacjkcx,probability,374,00c7b4567752369ce9bf82b79a8deee266246c71d7468369aa85149be6e1153d,P:2|S:6|V:2,0,3,10,Monoclinic,0.12230000000000008,3,09-16,gap_0_2,220,9,9,aaaddrum,GGA,0.0,matched,usable,1,0.53125,1.7920605954411761,68.0,68.0,381.7241,0,0.5252957940101624
mp-aaabohbs,probability,375,00c84d8329c7099181f083b383e5d493f221f4396b50510c6f5c6f59fa7c2fdb,C:2|Cl:2|H:10|N:4|O:8|S:2,0,6,28,Triclinic,2.6054,4+,17-32,gap_gt_2,6,6,6,aaadbcgb,GGA,0.0,matched,usable,1,0.734375,1.2248012290624999,112.0,112.0,599.1828,0,0.5736047029495239
mp-aaaaapeb,probability,376,00c956d0930d0ce51d09e6e10ed344515d37c1bdacaa87e6a985cf4eee75ad2d,Cu:4|Hf:3|Si:4,0,3,11,Orthorhombic,0.0,3,09-16,metal,49,0,0,,,,unresolved_no_task,unresolved_no_task,0,nan,nan,nan,nan,nan,0,
mp-aaacrtks,probability,377,00c9fb204b8e8df02ade1e2b705ac257ad4f394923ceb8281c2b910f2477b3a3,Cu:8|Ge:4|Se:12,0,3,24,Orthorhombic,0.0,3,17-32,metal,5,2,2,aaaczxyj,GGA,2.1405873836062321e-16,matched,usable,1,0.3359375,1.4525993777314814,216.0,216.0,713.7745,2,0.6275131702423096
mp-aaacovgq,probability,378,00ca062b147f066064af3974a5e83c9e3bda1dabd55ed6f94c8df3986e47bab1,Co:5|Li:7|O:12,0,3,24,Triclinic,0.0,3,17-32,metal,0,29,2,aaaczzvm,GGA+U,0.0,matched,usable,1,0.421875,1.6677274356048388,124.0,124.0,553.9956999999999,0,0.5147366523742676
mp-aaacqpwa,probability,379,00ca5df26bb64d6b83f824ea3c7cf0b7446368129ba16c55c74acc78deda544d,Cl:6|N:3|Y:1,0,3,10,Cubic,0.10839999999999961,3,09-16,gap_0_2,131,2,2,aaacypuq,GGA,0.0,matched,usable,1,0.515625,1.4117414066911758,68.0,68.0,329.8187,0,0.4968715012073517
mp-aaacehzd,probability,380,00cb33713d31cd1fd80f401e41d1299f0459584282c50deaa5c763894d35ef03,La:2|N:6|Os:2,0,3,10,Monoclinic,0.0,3,09-16,metal,15,8,8,aaaceiob,GGA,0.0,matched,truncated,0,0.4921875,0.058867953562499964,80.0,80.0,16.4254,0,
mp-aaabnayw,probability,381,00cb33b6093f2c31831851bff8ce4ab4743e6fca42d0b3dd76042aeb977bcad6,Li:4|O:60|Re:20,0,3,84,Triclinic,0.0,3,81+,metal,0,2,2,aaacycxe,GGA,0.0,matched,usable,1,0.4609375,1.126409666169872,624.0,624.0,1697.9243999999999,6,0.48353564739227295
mp-aaacrdxu,probability,382,00cb36f55b86975c2d55ab97a21c0dae811f5e94c5f95b871344539c18cfe121,Br:4|O:1|Zr:4,0,3,9,Trigonal,0.0,3,09-16,metal,74,3,3,aaadasjo,GGA,0.0,matched,usable,1,0.4453125,1.550698287743903,82.0,82.0,360.2075,0,0.5456936955451965
mp-aaacrmbl,probability,383,00cb839405b2d0a4a31ae62c6e0f83aa8d033bb7f090c23fc86d4eefb5474502,Nb:6|O:48|P:12|Sb:2,0,4,68,Monoclinic,1.6892,4+,33-80,gap_0_2,18,1,1,aaaeazxq,GGA,0.0,matched,usable,1,0.6015625,2.2410192646108498,424.0,424.0,2673.0591,5,0.44214963912963867
mp-aaaabtdp,probability,384,00cc6510cea738a76f2c541c606830399916fd8f316cae884481517396bcdd3a,La:6|Rh:8|Sn:26,0,3,40,Cubic,0.0,3,33-80,metal,13,0,0,,,,unresolved_no_task,unresolved_no_task,0,nan,nan,nan,nan,nan,0,
mp-aaagbhum,probability,385,00cd591cd11c6244a3108de6c7cb81a70a4eae9bae253a50ac47ad3174530e1b,Ca:1|K:8|Te:6,0,3,15,Tetragonal,0.615,3,09-16,gap_0_2,114,0,0,,,,unresolved_no_task,unresolved_no_task,0,nan,nan,nan,nan,nan,0,
mp-aaabgaot,probability,386,00cde2c2eddc323aaa7d42bbb4d961c4ecc7b0e4ae93b62a0d3561d0c295b37c,C:1|Cs:4|O:4,1,3,9,Trigonal,1.6621,3,09-16,gap_0_2,107,14,12,aaadbvzf,GGA,0.0,matched,usable,1,0.84375,1.3285942221874991,64.0,64.0,408.8075,0,0.36046865582466125
mp-aaabnsez,probability,387,00ce833bdb03687b3fc427bf21188c781f9807d733d628919e67a707b31e4671,Mn:4|O:16|P:4,0,3,24,Monoclinic,1.1500000000000001,3,17-32,gap_0_2,184,17,10,aaabuuya,GGA+U,0.0,matched,truncated,0,0.3828125,0.04770826238095237,168.0,168.0,16.861199999999997,0,
mp-aaafylqz,probability,388,00ce83bf1b594b3f8d4190cb1d5135ff0005164b2627d3a287fd4eaa0ef2cd33,Na:18|O:144|S:3|Si:33|Ta:24,0,5,222,Triclinic,3.6789,4+,81+,gap_gt_2,0,0,0,,,,unresolved_no_task,unresolved_no_task,0,nan,nan,nan,nan,nan,0,
mp-aaabrllr,probability,389,00ce8e1b520e6388e2cd596d1c5c2ed16edb081749ce3010cdcbdf8cb6642795,Co:2|Ge:2|Li:2|O:8,0,4,14,Monoclinic,1.3635,4+,09-16,gap_0_2,51,6,5,aaabtmmo,GGA+U,0.0,matched,truncated,0,0.421875,0.07391666927083344,96.0,96.0,9.8759,0,
mp-aaacrsxd,probability,390,00cf048dc698d1aa03cb4cfd39aa7fbf1f3301c5b7d826a930eba7a70b662122,C:1|Er:1|Fe:11|Ti:1,0,4,14,Orthorhombic,0.0,4+,09-16,metal,3,4,4,aaadatdw,GGA,0.0,matched,usable,1,0.359375,2.757926611756758,111.0,111.0,555.0199,0,0.5310847759246826
mp-aaacskan,probability,391,00cf182ccb47b3b7dcd50fdb245aad745a9dc72d6368e29ba59440e70abdcf84,B:24|H:24|K:4|O:24,0,4,76,Monoclinic,2.1569000000000003,4+,33-80,gap_gt_2,109,3,3,aaacxouq,GGA,0.0,matched,usable,1,0.640625,1.406873579474638,276.0,276.0,953.6899,1,0.5240182876586914
mp-aaablsma,probability,392,00cf55c58349f5cefb1abd60ca5a49a874f6be480c61ec56a60c45090dd29257,C:24|O:24|Os:8|S:4,0,4,60,Triclinic,1.9976,4+,33-80,gap_0_2,0,4,4,aaabosxt,GGA,0.0,matched,truncated,0,0.8984375,0.09997762976063823,376.0,376.0,179.19,0,
mp-aaadirgv,probability,393,00cf9130c6c532e0ef43cdc3998cc56578375c4ff3b01cbc44cd2252af81d9bf,Eu:4|Nb:4|O:24|Sm:4|Sr:4,0,5,40,Orthorhombic,0.2381000000000002,4+,33-80,gap_0_2,25,0,0,,,,unresolved_no_task,unresolved_no_task,0,nan,nan,nan,nan,nan,0,
mp-aaackiuq,probability,394,00d2961c3b48421d9d86f8588e2a340a5bc3ece88a3640e8aded6c4c644f53b0,As:4|Lu:4|Se:4,0,3,12,Orthorhombic,0.0,3,09-16,metal,49,6,6,aaaddrqu,GGA,0.0,matched,usable,1,0.640625,1.537646910749998,80.0,80.0,537.679,0,0.36113542318344116
mp-aaacipsw,probability,395,00d2fdcb32c927366e41b538de96299c3ddace519950f198081dfd74dd4fbec2,Ag:2|O:2,0,2,4,Monoclinic,0.0,2,01-04,metal,13,0,0,,,,unresolved_no_task,unresolved_no_task,0,nan,nan,nan,nan,nan,0,
mp-aaaaautk,probability,396,00d32494e2aaecf37cf63e3a94b56d8e0b8b1103e3eac07d6bc9f2a04a070287,O:2|Zr:6,1,2,8,Trigonal,0.0,2,05-08,metal,55,0,0,,,,unresolved_no_task,unresolved_no_task,0,nan,nan,nan,nan,nan,0,
mp-aaaaacqd,probability,397,00d32f90b52fc55e87e3f919423a7c5123247dc555575927bd347815a0010796,N:4|O:8,0,2,12,Monoclinic,2.7046,2,09-16,gap_gt_2,40,0,0,,,,unresolved_no_task,unresolved_no_task,0,nan,nan,nan,nan,nan,0,
mp-aaacflip,probability,398,00d47f6ca052c8c72f875821c2cf7737618b56e5c4c89cfa6fb35cbd369d03e4,Rb:1|Te:1,0,2,2,Cubic,0.0,2,01-04,metal,1247,9,9,aaaciifw,GGA,0.0,matched,truncated,0,1.0,0.2724125999999999,15.0,15.0,9.310444106666665,0,
mp-aaabidwj,probability,399,00d4cb708eeacb34d33ee4a64228dc5465f524bb7dbcf64a0737a08144872c29,C:4|Cs:4|F:8|O:8|Pt:2,0,5,26,Monoclinic,2.4863,4+,17-32,gap_gt_2,250,6,6,aaadccio,GGA,0.0,matched,usable,1,0.765625,1.5713635871306855,176.0,176.0,799.2547,1,0.5038900375366211
mp-aaacrqcu,probability,400,00d4fdc74eee5fc329832be1448c71cffea745cd64db6b70c4d1e3cd0eada84b,K:8|N:24|Na:16|W:8,0,4,56,Orthorhombic,2.0551,4+,33-80,gap_gt_2,96,1,1,aaaczrjd,GGA,6.24984281085098e-08,matched,usable,1,0.5546875,1.2705183873,400.0,400.0,1406.1844,3,0.46269291639328003
mp-aaaellnr,probability,401,00d53499dada1ee32e1f4993f2a6ce80aa8765fc7608c6d090145c0cc962cf4f,Gd:8|O:8|Sb:3,0,3,19,Monoclinic,0.0,3,17-32,metal,4,0,0,,,,unresolved_no_task,unresolved_no_task,0,nan,nan,nan,nan,nan,0,
mp-aaafylfr,probability,402,00d54929544ea62c29671084b808bcb8d1563e22bada796ca68031043167652a,Hf:6|Na:15|O:72|P:9|Si:9|Ti:6,0,6,117,Triclinic,2.6414,4+,81+,gap_gt_2,0,0,0,,,,unresolved_no_task,unresolved_no_task,0,nan,nan,nan,nan,nan,0,
mp-aaacrxao,probability,403,00d5cdd50ab5d1c42bf61ea97c0bdac5756845106631c7c1f79c8c4f54e568f7,Ba:6|Ca:2|Ir:3|O:18|Ru:1,0,5,30,Trigonal,0.0,4+,17-32,metal,1,3,3,aaacyijk,GGA,0.0,matched,usable,1,0.484375,1.4077290319432312,229.0,229.0,892.0136,0,0.4781249463558197
mp-aaacoyxn,probability,404,00d672681f6c371bb1b5ad6446f4b4e46afe00e793651d535b5e2da37e2cf6bd,Li:14|Nb:2|S:12,0,3,28,Monoclinic,2.3721,3,17-32,gap_gt_2,273,2,2,aaacxsar,GGA,0.0,matched,usable,1,0.484375,1.4201422347685184,108.0,108.0,614.2589,0,0.5143215656280518
mp-aaabrvpi,probability,405,00d774f857254f4e8bb9e4a4d79dac50d25f9b262946e31a301333804fd7af6d,Al:8|Li:12|O:24|V:4,0,4,48,Monoclinic,2.2174,4+,33-80,gap_gt_2,109,45,13,aaabuemt,GGA+U,0.0,matched,truncated,0,0.4375,0.06535671138392858,224.0,224.0,28.563200000000002,0,
mp-aaabsbmd,probability,406,00d7b78c36e6bf12eb191e24e5e23b5a2fd04764dfbec333872fdf03e05cc933,O:56|P:16|Sn:16,0,3,88,Tetragonal,3.0993,3,81+,gap_gt_2,0,5,5,aaabtbvl,GGA,0.0,matched,truncated,0,1.0,0.19346218540624974,640.0,640.0,449.9556074666667,0,
mp-aaacpoev,probability,407,00d7d84c97a4381bc7a83444a74fd61bc3f1e7f0899953556dcbebd6c8954c7d,Eu:3|Sr:1,0,2,4,Cubic,0.0,2,01-04,metal,1247,6,0,,,,unresolved_no_match,unresolved_no_match,0,nan,nan,nan,nan,nan,0,
mp-aaacqpqg,probability,408,00d7df169066a821003aaf4676f2b9b029980fd65c5e0b69dd6ced2860a582d3,F:6|Zn:3|Zr:1,0,3,10,Triclinic,0.0,3,09-16,metal,1,1,1,aaaeajce,GGA,0.0,matched,usable,1,0.4140625,1.9590269031111114,90.0,90.0,169.22750000000002,0,0.5590981245040894
mp-aaacqgbr,probability,409,00d835b85a80910f705c026ec6941aa48c37587c19e7602ddad6f9f7a286422f,Fe:8|Sb:24|Tb:8,0,3,40,Orthorhombic,0.0,3,33-80,metal,1,1,1,aaadaexw,GGA,0.0,matched,usable,1,0.4453125,1.4250115655859374,256.0,256.0,1500.6546,1,0.4678235948085785
mp-aaabrgkw,probability,410,00d95b31f561503b957552e0a92e091988a8ade32fea015d3b5bbf7eddadd73d,Fe:3|Li:7|O:24|P:6|Ti:1,0,5,41,Trigonal,1.0648,4+,33-80,gap_0_2,7,5,5,aaabyzpn,GGA+U,0.0,matched,truncated,0,0.34375,0.06864000416279058,215.0,215.0,17.7853,0,
mp-aaaabbxm,probability,411,00d95f4a87f2b4cbb743283f9fcbd7a5def526878c54b85c0b80ece27dcb271f,Co:2|Ir:2|La:4|O:12,0,4,20,Monoclinic,0.6153000000000004,4+,17-32,gap_0_2,95,7,7,aaadebty,GGA+U,0.0,matched,usable,1,0.7265625,1.5041629324999997,152.0,152.0,1273.3431,0,0.4274027347564697
mp-aaacjjmi,probability,412,00d9a4e650494d94e1bea63054baa6fd4563cde75e0bc51aa75b18183de782a7,B:1|Ge:2|Ni:6,0,3,9,Hexagonal,0.0,3,09-16,metal,239,0,0,,,,unresolved_no_task,unresolved_no_task,0,nan,nan,nan,nan,nan,0,
mp-aaabcsjc,probability,413,00da212147625151685ee7d09f2f1193457a0e2429273d276d7e0c1766d46e01,As:8|O:44|W:8,0,3,60,Orthorhombic,2.7163000000000004,3,33-80,gap_gt_2,84,5,5,aaaczhkf,GGA+U,0.0,matched,usable,1,0.5,1.1517773852,400.0,400.0,1523.5068999999999,1,0.35637569427490234
mp-aaabqwxy,probability,414,00da454091a4930ffe79af524a182e110e50a4c75927355453a867ddd01d09c9,Cr:2|F:4|Li:4|O:16|P:4|V:2,0,6,32,Triclinic,2.0572,4+,17-32,gap_gt_2,6,23,14,aaacuwig,GGA+U,0.0,matched,usable,1,0.4765625,1.2992695669587633,194.0,97.0,850.1310000000001,0,0.4444885849952698
mp-aaacpffr,probability,415,00db1df3ceb6b49babb4a6b1ab2e93320387be4fda418335ca5f31c9397a6e37,Cl:4|Hg:8|O:4,1,3,16,Monoclinic,2.0221999999999998,3,09-16,gap_gt_2,257,6,6,aaadclfv,GGA,0.0,matched,usable,1,0.984375,1.297892667195946,148.0,148.0,1505.8593,2,0.28867119550704956
mp-aaafyjgs,probability,416,00dbfd825bf9d2bbd1054108a37b03817d21dd7dcb64f0df828d377a20d0f651,Ge:9|Mg:3|O:72|P:6|S:12,0,5,102,Triclinic,1.4537000000000002,4+,81+,gap_0_2,0,0,0,,,,unresolved_no_task,unresolved_no_task,0,nan,nan,nan,nan,nan,0,
mp-aaafyksw,probability,417,00dc3811aa437b7d2ce2e18bf715324d212a477b04704b40f528d3060df78e06,Al:12|Na:18|O:144|S:27|Si:9|Y:12,0,6,222,Triclinic,3.7756,4+,81+,gap_gt_2,0,0,0,,,,unresolved_no_task,unresolved_no_task,0,nan,nan,nan,nan,nan,0,
mp-aaafymwt,probability,418,00dcc192894563edbbe4cc8419e76364e0949577a19b07da5ea732f894424236,Hf:9|Mg:3|Na:18|O:72|P:12|Si:6,0,6,120,Triclinic,4.2568,4+,81+,gap_gt_2,0,0,0,,,,unresolved_no_task,unresolved_no_task,0,nan,nan,nan,nan,nan,0,
mp-aaagatvz,probability,419,00dd0ff103b0fcb503d81dc7eba0c0c9a7efcc59d5ba5d7d075efd38421d46be,Ba:8|O:20|Sn:6,0,3,34,Tetragonal,2.0785,3,33-80,gap_gt_2,22,0,0,,,,unresolved_no_task,unresolved_no_task,0,nan,nan,nan,nan,nan,0,
mp-aaaewusl,probability,420,00dda94ddff8cda5357c4e52fa37d9b81101f34e351a57332e6ba3d1eebcca0c,Cu:1|Mg:1|Mn:4|O:8,0,4,14,Monoclinic,0.0,4+,09-16,metal,4,1,0,,,,unresolved_no_match,unresolved_no_match,0,nan,nan,nan,nan,nan,0,
mp-aaacswxg,probability,421,00de35e65b25ff01346e91704446d2b8d7d7052205b88280854541a243656611,Ca:1|N:2|Re:1,0,3,4,Trigonal,0.0,3,01-04,metal,162,1,1,aaaefibw,GGA,1.524561336304666e-16,matched,usable,1,0.40625,2.2368098871212116,33.0,33.0,109.9853,0,0.5424394607543945
mp-aaabratn,probability,422,00def48a220bd7bb9d61fab7f443e56e1aee20679f3d283ce8e1ed00e658d8c5,Cr:4|Li:4|O:16|Ti:4,0,4,28,Orthorhombic,1.6508999999999996,4+,17-32,gap_0_2,86,26,5,aaacxggn,GGA+U,0.0,matched,usable,1,0.515625,1.0107310878457447,188.0,94.0,883.5782,0,0.38914552330970764
mp-aaaclflf,probability,423,00df0fa49b274725812f0fca946fffe44ae39524b065b0d2d52212349e2ec2e4,Ce:1|I:6|K:3,0,3,10,Cubic,0.4403999999999999,3,09-16,gap_0_2,131,2,2,aaacyqhm,GGA,0.0,matched,usable,1,0.6328125,1.580244149506173,81.0,81.0,565.8927999999999,0,0.5306180715560913
mp-aaaabqan,probability,424,00df19550a4635b5e917c56df49916cf611df625918ef6e0791b49905952ce13,Cl:4|O:4|S:2,0,3,10,Orthorhombic,3.7871,3,09-16,gap_gt_2,215,0,0,,,,unresolved_no_task,unresolved_no_task,0,nan,nan,nan,nan,nan,0,
mp-aaabeuvc,probability,425,00e048c7ab0131af407d954644725b91296c67b19638aedd84ed4f34e9f802c9,Au:10|F:42|Tb:4,0,3,56,Triclinic,1.6137000000000001,3,33-80,gap_0_2,0,2,2,aaaczcno,GGA,0.0,matched,usable,1,0.734375,1.2444224535113637,440.0,440.0,2709.8285,1,0.35249078273773193
mp-aaafynnj,probability,426,00e07190e32e6dd07205edc015b3c0be367c343af3969aaf5b6214c822ac1881,Ge:12|Na:18|O:144|S:21|Si:15|Y:12,0,6,222,Triclinic,1.2277,4+,81+,gap_0_2,0,0,0,,,,unresolved_no_task,unresolved_no_task,0,nan,nan,nan,nan,nan,0,
mp-aaafyjai,probability,427,00e0ae980e672cea8c99afea9a94f63da81683b62dbdebbf396aada269f0568d,Ga:6|Na:12|O:72|P:12|Si:6|Ta:6,0,6,114,Monoclinic,3.1659999999999995,4+,81+,gap_gt_2,6,0,0,,,,unresolved_no_task,unresolved_no_task,0,nan,nan,nan,nan,nan,0,
mp-aaaewvtn,probability,428,00e251d5998ec199e5f156a8663f24b140b3ad7931674e986abaf24f95697870,Mg:1|O:12|V:5,0,3,18,Triclinic,1.2637,3,17-32,gap_0_2,2,7,1,aaaewvtn,GGA+U,0.0,matched,usable,1,0.5703125,1.09562747875969,129.0,129.0,690.207,0,0.43784213066101074
mp-aaabwktc,probability,429,00e418b435d9ef5dd22aafb4834dd766e7597a012f6833b853b251112726a651,F:15|Mn:10|O:5,0,3,30,Orthorhombic,0.0,3,17-32,metal,5,22,4,aaabzlbn,GGA+U,0.0,matched,truncated,0,0.359375,0.04400366020754718,265.0,265.0,23.900100000000002,0,
mp-aaaewvtg,probability,430,00e505ae3259a44be70ecd2ed03aa26660590e62c518b6f5819d7d2354f16391,Fe:4|Mg:1|O:10|Ti:2,0,4,17,Monoclinic,1.2578,4+,17-32,gap_0_2,95,0,0,,,,unresolved_no_task,unresolved_no_task,0,nan,nan,nan,nan,nan,0,
mp-aaabrlvn,probability,431,00e707eeaeae7b04d50d4b94d9eee9d6600144c7babf2689c21e04907457848a,Co:3|Cr:3|Fe:2|Li:4|O:16,0,5,28,Triclinic,0.0,4+,17-32,metal,0,3,3,aaacyoaj,GGA+U,0.0,matched,usable,1,0.34375,1.5926249097765364,179.0,179.0,583.1967999999999,0,0.5838805437088013
mp-aaacrndz,probability,432,00e72a11a91dc8e2fa3e0abd1efaee1e6b7d9a8951dd9d8c1319c38fea32037d,Fe:4|Mn:1,0,2,5,Orthorhombic,0.0,2,05-08,metal,68,6,6,aaadciek,GGA,0.0,matched,usable,1,0.3046875,2.807610418,45.0,45.0,186.3072,0,0.5949479937553406
mp-aaacktog,probability,433,00e77a1756153bc629513d3031ac75ecb3816c49f1e07a46fb9b28a30f874623,Co:4|Ga:4|Y:4,0,3,12,Orthorhombic,0.0,3,09-16,metal,49,7,7,aaacuhpv,unknown,0.0,incompatible_run_type,incompatible_run_type,0,nan,nan,nan,nan,nan,0,
mp-aaacrgti,probability,434,00e90bee68b0220a440fdcb44bea6922332e5ebe3fb4e8927837a5d018790b0a,Co:1|Si:3|Th:2,0,3,6,Orthorhombic,0.0,3,05-08,metal,40,12,6,aaadbyel,GGA,0.0049693078995050235,matched,usable,1,0.5546875,1.3110895647777776,45.0,45.0,268.1856,0,0.4533326029777527
mp-aaacrtzs,probability,435,00e9a7fb5ba709bf7b72516a5c42d526db36ffad63d5265c70b7b7276f2e57c0,Cr:2|Fe:2|Si:4,0,3,8,Monoclinic,0.0,3,05-08,metal,15,6,6,aaadbmbm,GGA,0.0,matched,usable,1,0.3671875,2.5363086428571404,56.0,56.0,244.7622,0,0.5494181513786316
mp-aaaabmrz,probability,436,00ea46bce281ed507d8a89d1f55c6f31d16b25e0f3ee022300cc23db3ba3a470,Li:2|Mn:2|O:24|P:8,0,4,36,Monoclinic,1.5347,4+,33-80,gap_0_2,18,13,8,aaaczmlw,GGA+U,0.0,matched,usable,1,0.4296875,1.3349668037500004,212.0,212.0,631.3401000000001,0,0.43438130617141724
mp-aaabsdsi,probability,437,00ea539eaa490a1b96670e4b212eb20d549411fa9dffbd07e8815a2d717148db,Li:4|Ni:4|O:16|P:4,0,4,28,Orthorhombic,3.5718000000000005,4+,17-32,gap_gt_2,200,25,7,aaadqudm,GGA+U,0.0,matched,usable,1,0.3359375,1.3488636084374996,160.0,160.0,424.3142,0,0.5269238948822021
mp-aaacjktn,probability,438,00eb15060f540c0222fae3456cc4abd95d0508a0fd0c1b714d2c1be1410e5bf5,Co:1|O:6|Os:1|Sr:2,0,4,10,Tetragonal,0.0,4+,09-16,metal,56,10,10,aaacuhkg,unknown,0.0,incompatible_run_type,incompatible_run_type,0,nan,nan,nan,nan,nan,0,
mp-aaacrull,probability,439,00eb83b0dd5acc1d46e6db810401ae73cd26d76952afb86214c1bd1c3a8e0075,Ce:1|Fe:4|Sm:1,0,3,6,Cubic,0.0,3,05-08,metal,371,6,6,aaadedfq,GGA,0.0,matched,usable,1,0.390625,2.6434221062727272,55.0,55.0,329.8472,0,0.5076718330383301
mp-aaacqbno,probability,440,00eb9afc6696e88c97b7b1b95a8aa8ad8a7ce7e87709346b8ea7d45a6c483ffa,C:34|Ni:2|O:32|Ru:10,0,4,78,Triclinic,1.9236999999999997,4+,33-80,gap_0_2,0,1,1,aaaczqno,GGA+U,0.0,matched,usable,1,0.3671875,1.364558313483607,488.0,488.0,648.4096999999999,7,0.7018303275108337
mp-aaacgkwi,probability,441,00ebd7cf87f38de057c64a49b4d52b9d3be77fa577e81d209751af2f122c2485,La:1|Mg:14|Nb:1,0,3,16,Hexagonal,0.0,3,09-16,metal,239,2,0,,,,unresolved_no_match,unresolved_no_match,0,nan,nan,nan,nan,nan,0,
mp-aaabpcin,probability,442,00ec6034fda4ca20de61535326bd78e634cca81c547e99fe0019c0d58096a5dd,Cl:4|H:16|N:4|O:4|Pt:2,0,5,30,Monoclinic,2.4299,4+,17-32,gap_gt_2,250,8,8,aaabqkrx,GGA,0.0,matched,truncated,0,0.6953125,0.1589915915277778,108.0,108.0,37.7968,0,
mp-aaacqlfu,probability,443,00ed09d1f69fba963af88541c1936e3e49823b32a742fd9ac7d87ece6dcf1283,C:40|Ho:30,0,2,70,Tetragonal,0.0,2,33-80,metal,0,0,0,,,,unresolved_no_task,unresolved_no_task,0,nan,nan,nan,nan,nan,0,
mp-aaaabrbd,probability,444,00ed51f22a4245b964bfdd6e4062fd5af6af818850dd483f3b671e73f318d759,Br:32|Hg:24|Te:8,0,3,64,Orthorhombic,1.9445000000000001,3,33-80,gap_0_2,37,4,4,aaabtgkx,GGA,0.0,matched,truncated,0,1.0,0.2830189059732142,560.0,560.0,582.8010330666664,0,
mp-aaacqbrm,probability,445,00ed5bb9a47a6dd736e9749722994f11c5a9a77f5f77a19c53f5b503efd9d212,F:38|O:6|Pb:6|V:8,0,4,58,Trigonal,1.8897,4+,33-80,gap_0_2,7,2,2,aaaczcke,GGA+U,0.0,matched,usable,1,0.4765625,1.3502000888607584,474.0,474.0,1840.6856,3,0.5223068594932556
mp-aaabkzbv,probability,446,00edc21c9607f85913fe788bd77bfc2f5f35ea8630d3a1616e4658f487bfa488,Fe:4|O:24|P:8,0,3,36,Monoclinic,2.3833,3,33-80,gap_gt_2,101,0,0,,,,unresolved_no_task,unresolved_no_task,0,nan,nan,nan,nan,nan,0,
mp-aaabsgnw,probability,447,00edd407b57de057a2422b640339134ffc2a9789bd83c492fc1b0970bf6f4968,Ce:4|O:16|Tb:4,0,3,24,Cubic,0.0,3,17-32,metal,81,6,6,aaabzlbh,GGA,0.0,matched,truncated,0,0.5546875,0.08614329983333333,180.0,180.0,43.0293,0,
mp-aaaabsjx,probability,448,00ee3552c69057cb995b7cee82ae067cd54bbcff5ab5de90eecb03c18f6203b3,Ba:32|N:38|Nb:10,0,3,80,Triclinic,1.6979000000000002,3,33-80,gap_0_2,0,3,3,aaabpvsj,GGA,0.0,matched,truncated,0,1.0,0.16984434497580642,620.0,620.0,545.3283661333332,0,
mp-aaacpjzg,probability,449,00ee6dabfb71d8615f776a7ff3d49fad09ccba5364bb4c8e18dd387c9ea5bb4d,Eu:3|Ti:1,0,2,4,Cubic,0.0,2,01-04,metal,1247,12,6,aaadegcf,GGA,0.0,matched,usable,1,0.4921875,3.4594521908108096,37.0,37.0,442.05549999999994,0,0.5241250991821289
mp-aaacronk,probability,450,00ee75c29540ab6cf927431c82393c5144b74d487bfafa262ba9cb43aebb9f63,In:2|Lu:2|O:12,0,3,16,Monoclinic,1.1898278725438032,3,09-16,gap_0_2,220,3,3,aaadeedw,GGA,0.0,matched,usable,1,0.703125,1.3983758535344823,116.0,116.0,527.2620999999999,0,0.41153645515441895
mp-aaacprsw,probability,451,00efcae31ca38d14b119f19f352ef0b9734ecf2da56f3fd4c4fe6d2ed2a1f2d1,C:8|W:4|Y:4,0,3,16,Orthorhombic,0.0,3,09-16,metal,49,6,6,aaaddhnf,GGA,0.008891043633351171,matched,usable,1,0.5234375,1.5000209579838693,124.0,124.0,554.5912,0,0.42651042342185974
mp-aaafyiqf,probability,452,00f03123cd38a8fb81b61738218ffe91da635ba328f615845cff7684868b1ea9,Al:6|Mg:6|Na:9|O:72|P:3|S:15,0,6,111,Triclinic,4.9098999999999995,4+,81+,gap_gt_2,0,0,0,,,,unresolved_no_task,unresolved_no_task,0,nan,nan,nan,nan,nan,0,
mp-aaachntz,probability,453,00f20c2699ab844023f5fc705a36f1d809cce0e46282dfd4a0e65029c8d61c06,Bi:10|O:36|Te:6,0,3,52,Monoclinic,0.2536999999999998,3,33-80,gap_0_2,51,2,2,aaacxnir,GGA,0.0,matched,usable,1,0.875,1.3866862395695359,302.0,302.0,2395.6757,2,0.35113081336021423
mp-aaackhrp,probability,454,00f250dd76fa717f8d670b3c8363e46c24ebe7c9a430b50336d15ace3330073e,Cd:4|Mg:2,0,2,6,Monoclinic,0.0,2,05-08,metal,21,0,0,,,,unresolved_no_task,unresolved_no_task,0,nan,nan,nan,nan,nan,0,
mp-aaadiiuk,probability,455,00f3d5df02fac31b4c1a149bbfdaba2c5fbe67e6a8d7af3b3d893eb1f571088a,Eu:1|Nb:1|Nd:1|O:6|Ti:1,0,5,10,Cubic,0.0,4+,09-16,metal,111,0,0,,,,unresolved_no_task,unresolved_no_task,0,nan,nan,nan,nan,nan,0,
mp-aaafymdx,probability,456,00f4837a7fe4dce4a61217e921e0fe30ec5a10e235768bf09e8052d75c2d1d95,La:3|Na:9|O:72|S:9|Si:9|Zr:9,0,6,111,Triclinic,3.4771,4+,81+,gap_gt_2,0,0,0,,,,unresolved_no_task,unresolved_no_task,0,nan,nan,nan,nan,nan,0,
mp-aaacovmy,probability,457,00f4e9df5e9ea53f85f54f5d5528982e12b507e04fc9a67f5b8383bb3fc05e4e,Co:4|Li:8|Mn:2|O:14,0,4,28,Monoclinic,0.4083999999999999,4+,17-32,gap_0_2,95,65,2,aaadadcr,GGA+U,0.0,matched,usable,1,0.40625,1.4197724308116881,154.0,154.0,617.1071999999999,0,0.47597455978393555
mp-aaabsbdi,probability,458,00f4edb8c6d3e51e1346ac8453b30a64a22e33760a7b1ac0cdea00daafeca082,Fe:4|Li:6|O:16|Si:4,0,4,30,Monoclinic,1.5111999999999999,4+,17-32,gap_0_2,95,10,8,aaabuhni,GGA+U,0.0,matched,truncated,0,0.34375,0.07017999516666656,150.0,150.0,12.5545,0,
mp-aaaaaivr,probability,459,00f5489c2f86c74a2a747eb1a031a590052c77faed062628740a6b516118e04d,B:3|Pt:6|Y:3,0,3,12,Hexagonal,0.0,3,09-16,metal,239,0,0,,,,unresolved_no_task,unresolved_no_task,0,nan,nan,nan,nan,nan,0,
mp-aaacpitt,probability,460,00f5b85954232f14b8d9d978311ebce515cc9ad80491cc085a465616c02bd543,Be:2|H:16|O:16|S:2,1,4,36,Tetragonal,5.4243999999999994,4+,33-80,gap_gt_2,38,6,6,aaaddpcf,GGA,0.0,matched,usable,1,0.234375,1.2285466676171872,128.0,128.0,137.67360000000002,0,0.6894305944442749
mp-aaacdnwy,probability,461,00f5f2330f0b8c5cb2ee54f7817adb563f6eab3fef123943c44ce6bfb7ec62eb,Co:1|Ho:6|Te:2,0,3,9,Hexagonal,0.0,3,09-16,metal,239,0,0,,,,unresolved_no_task,unresolved_no_task,0,nan,nan,nan,nan,nan,0,
mp-aaacoszz,probability,462,00f6d9f06ea9cdcd54cb24a0fd2905ee16f1df517040bb97fd8db191805721fd,O:20|P:8,1,2,28,Trigonal,0.22009999999999996,2,17-32,gap_0_2,12,1,1,aaadzwli,GGA,0.0,matched,usable,1,0.7421875,2.785428682375,160.0,160.0,1514.0923,6,0.6002775430679321
mp-aaabfvhb,probability,463,00f89a6db9c4883f62b95f84a0551025fba8860026647ccd43069b2b5e3a9e49,B:2|C:8|Cl:2|F:8|H:22|N:2,0,6,44,Monoclinic,6.373200000000001,4+,33-80,gap_gt_2,109,3,3,aaablsip,GGA,0.0,matched,truncated,0,1.0,0.20887455689285708,140.0,140.0,118.49591973333331,0,
mp-aaabrywi,probability,464,00f8f54d86e14ff9b0d5f7c18e83379b782931ebf774e0c2ba2823a41cc68dcd,Co:4|O:14|Rb:12,0,3,30,Monoclinic,1.1372,3,17-32,gap_0_2,184,0,0,,,,unresolved_no_task,unresolved_no_task,0,nan,nan,nan,nan,nan,0,
mp-aaabkdfg,probability,465,00f98a94fcd4fe44ddc6fa0e9c13fd8b201a673ca37c67dfd53a30ca4a61929c,O:4|Sr:1|U:1,0,3,6,Monoclinic,0.7559999999999993,3,05-08,gap_0_2,54,6,6,aaadcdbr,GGA,0.0,matched,usable,1,0.5234375,1.3783256779166668,48.0,48.0,231.8758,0,0.41195210814476013
mp-aaaabqqz,probability,466,00fa56d33e8ecf058f00b2476249de570eb237fa2f42c3a04b38886b75222e2c,C:22|Er:14|Ru:4,0,3,40,Orthorhombic,0.0,3,33-80,metal,1,3,3,aaacbaht,GGA,0.0,matched,truncated,0,0.5,0.06685613937037034,270.0,270.0,50.7994,0,
mp-aaaceqeg,probability,467,00fab12f2a1d98b30d9c025690693869d3e93e8856c21b700f84f7178724575b,B:4|Nd:1,0,2,5,Orthorhombic,0.0,2,05-08,metal,68,8,8,aaaceqjk,GGA,0.0,matched,truncated,0,0.5390625,0.09966169934782615,23.0,23.0,6.0837,0,
mp-aaacscwm,probability,468,00fae0fd24d1aa2dd8240861f1e7031519c5558007b5f7e28e2d251a4420bbed,Lu:8|Mg:4|Se:16,0,3,28,Triclinic,2.2501,3,17-32,gap_gt_2,10,2,2,aaaczjqg,GGA,0.0,matched,usable,1,0.546875,1.4666873598011376,176.0,176.0,977.6512,0,0.4812094569206238
mp-aaacvewi,probability,469,00fc5c3fbda86b805eb9097c93eb12a4c38ac37e8e7b60781e9087e53e066b85,Br:8|Co:4|O:8|Sr:8,0,4,28,Orthorhombic,2.1974,4+,17-32,gap_gt_2,200,8,8,aaacvsgm,GGA+U,0.0,matched,usable,1,0.5625,1.6592228942272729,220.0,55.0,1029.8020999999999,0,0.4787164628505707
mp-aaaabifu,probability,470,00fd9cccba516f3f18a885b8112feb0e5dc26595f18f1fde64d3981a84370995,Bi:4|Mg:8|O:24|V:4,0,4,40,Orthorhombic,3.291,4+,33-80,gap_gt_2,96,2,2,aaaedest,GGA+U,0.0,matched,usable,1,0.5,2.223082662031248,224.0,224.0,1553.9482,1,0.38293373584747314
mp-aaacrcyh,probability,471,00fe1ff23b618bb506a2ec92d7bc7e97c12b2bc8b1d9a9e548e551017e80f19a,C:16|Ca:4|O:16|S:16,0,4,52,Monoclinic,0.14159999999999995,4+,33-80,gap_0_2,18,1,1,aaaecyud,GGA,0.0,matched,usable,1,0.5390625,2.1100414878040548,296.0,296.0,1588.6686,2,0.5229716300964355
mp-aaabqyfa,probability,472,00fe344507303e4b0e716c0dfa3c550b85dfd7da5f474582545c45b4ad445ddf,Fe:2|Li:2|Nb:2|O:8,0,4,14,Orthorhombic,0.7841999999999998,4+,09-16,gap_0_2,110,7,7,aaacxfpu,GGA+U,0.0,matched,usable,1,0.421875,1.1809464986363643,88.0,88.0,356.1314,0,0.5364851355552673
mp-aaacseip,probability,473,00ff135af3e82967026eef767c682ca741f6141a3285389fda5594cc88853e51,Ag:4|Mg:1|O:12|Ru:4,0,4,21,Trigonal,0.0,4+,17-32,metal,1,4,4,aaaewiuc,GGA,0.0,matched,usable,1,0.515625,0.9825675330747128,174.0,174.0,738.6141,0,0.49715155363082886
mp-aaacrlff,probability,474,00ffee3478113236541569a5b4c9a16bd87cc0abb0c45bd50847a2d460c4fc62,H:4|Nb:1|V:1,0,3,6,Tetragonal,0.0,3,05-08,metal,463,6,6,aaadcdng,GGA,0.0,matched,usable,1,0.40625,2.320027604423078,26.0,26.0,99.0668,0,0.5467207431793213
mp-aaabocyt,probability,475,0100003375c9c064fef0a0c66dfeec3e325f192ec1c9fa0f0bb7ef812550eee9,Mo:4|O:48|P:16,0,3,68,Monoclinic,0.0,3,33-80,metal,0,5,3,aaacxotl,GGA+U,0.0,matched,usable,1,0.5390625,1.2578151977283656,416.0,416.0,1355.0899,2,0.5213820934295654
mp-aaacoxjn,probability,476,01000b6cea512293d0b9da50e747b9c0a814297efecf532bb2e7b912e32b5c2b,Co:5|Li:9|Mn:2|O:16,0,4,32,Triclinic,0.015600000000000058,4+,17-32,gap_0_2,4,451,2,aaacyifk,GGA+U,0.0,matched,usable,1,0.4140625,1.580650611051137,176.0,176.0,679.366,0,0.5282400846481323
mp-aaacltxr,probability,477,01010929b6d9a67f85ec6fd9692d1feeb730d31364f654cf9a43a610df89198a,Si:6,1,1,6,Hexagonal,0.0,1,05-08,metal,2,0,0,,,,unresolved_no_task,unresolved_no_task,0,nan,nan,nan,nan,nan,0,
mp-aaacrrlu,probability,478,01011ea1d61a80d34d98d9e7168e51dcaab5a37462393e73bb94713b5996358a,In:4|K:12|O:32|P:8,0,4,56,Triclinic,4.316599999999999,4+,33-80,gap_gt_2,0,0,0,,,,unresolved_no_task,unresolved_no_task,0,nan,nan,nan,nan,nan,0,
mp-aaacdrud,probability,479,01011fd5876965aafbfd93409f3d6fd5f57e27eb049abcdc4ae880d659b4b174,Fe:2|P:2|Sm:2,0,3,6,Tetragonal,0.09850000000000048,3,05-08,gap_0_2,189,10,10,aaacffts,GGA,0.0,matched,truncated,0,0.3984375,0.07172708437500004,48.0,48.0,8.380600000000001,0,
mp-aaaewqrr,probability,480,01015ae1fff226ccecd4b94d5fee8a38d448b0b5486d703c89718101f16ffa9a,Mg:1|Na:2|O:3|Ti:1,0,4,7,Orthorhombic,0.0,4+,05-08,metal,1,0,0,,,,unresolved_no_task,unresolved_no_task,0,nan,nan,nan,nan,nan,0,
mp-aaacqony,probability,481,01017982380e6706273f03d11b2bc490300ae79bf37cb80da0227708b63a4649,H:16|N:8|O:32|Pd:4,0,4,60,Orthorhombic,1.5519677396173177,4+,33-80,gap_0_2,25,3,3,aaaczidy,GGA,0.0,matched,usable,1,0.6640625,1.4444041814236108,288.0,288.0,1176.6484,0,0.47467219829559326
mp-aaacknxa,probability,482,01024f7ca65d466fba7bc3bcfe5be673ed9bf221ef36c70b0d2e726e9d002305,Bi:1|Ce:1|Mg:14,0,3,16,Hexagonal,0.0,3,09-16,metal,239,2,2,aaacxqcl,GGA,0.0,matched,usable,1,0.5234375,2.2415588317777777,45.0,45.0,542.2207,1,0.4338487684726715
mp-aaacqtoj,probability,483,01028653cd2ca4c485bd6adeae8fd434e91a36d8e93e3a61eb61516b29a535c0,Br:15|Ni:1|Th:6,0,3,22,Cubic,0.0,3,17-32,metal,81,0,0,,,,unresolved_no_task,unresolved_no_task,0,nan,nan,nan,nan,nan,0,
mp-aaabfzyy,probability,484,01035231b8bb603ece1a1f05fc374d4b72445930b477aa0fe380b5b93f034088,Co:6|Li:4|O:24|Se:8,0,4,42,Monoclinic,2.6422,4+,33-80,gap_gt_2,109,4,4,aaabqpdo,GGA+U,0.0,matched,truncated,0,0.3984375,0.07529181712,250.0,250.0,35.8183,0,
mp-aaadqbnx,probability,485,01039f8405ee1e36107a69d00ac1df808d0f8e68351045e4064b07dca90b5bc5,As:4|B:4|Co:4|Na:12|O:28,0,5,52,Triclinic,0.0,4+,33-80,metal,0,14,14,aaadqbnx,GGA+U,1.7255812055330793e-16,matched,usable,1,0.828125,1.639270112562502,320.0,320.0,1755.8109,0,0.2984200119972229
mp-aaabrvis,probability,486,010486aa408070be37ba71da699ae8df484dbe1571de5cfbbc78627beb4d90ef,Li:8|O:24|P:4|Si:2|V:4,0,5,42,Monoclinic,1.9445999999999994,4+,33-80,gap_0_2,18,11,4,aaabudic,GGA+U,0.0,matched,truncated,0,0.4296875,0.07550358078125,224.0,224.0,27.2252,0,
mp-aaacpzeq,probability,487,01056be94e1ec5e8aed788261f5467906b107c3d23b1e5834511d7dfa0991e93,Nb:4|O:32|Te:8|Y:4,0,4,48,Orthorhombic,2.4025000000000003,4+,33-80,gap_gt_2,96,2,2,aaaczyid,GGA,0.0,matched,usable,1,0.515625,1.2451365533079266,328.0,328.0,1509.8002999999999,0,0.40482616424560547
mp-aaabgqmh,probability,488,01057c8dcc664512a9073a6df4573fb2e5c8a5797a015ea65ff07a8da913a561,Cl:6|N:6|Ti:2,0,3,14,Triclinic,2.3184,3,09-16,gap_gt_2,9,7,7,aaabmukd,GGA,0.0,matched,truncated,0,1.0,0.1612597771195652,92.0,92.0,79.02275082666668,0,
mp-aaabrvwa,probability,489,0107959436ca02de1b7d6721076ac5110faae95ffedec5d63b9d16bfd940da0a,F:20|H:8|Li:8|O:4|V:4,0,5,44,Monoclinic,2.5167,4+,33-80,gap_gt_2,109,4,4,aaadpnps,GGA+U,1.1944518070169082e-16,matched,usable,1,0.484375,0.9840496493749997,224.0,112.0,717.3268999999999,0,0.566261887550354
mp-aaabfoct,probability,490,0107e0d2d7882353206457eb43a97063e2e85c97c3cc6ccb50a0b8c435cd1d90,B:14|Fe:6|I:2|O:26,0,4,48,Cubic,2.9004999999999996,4+,33-80,gap_gt_2,19,3,3,aaadabtm,GGA+U,0.0,matched,usable,1,0.3984375,1.7498936187884624,260.0,260.0,627.9015999999999,1,0.6050971746444702
mp-aaacztmd,probability,491,0108d3a4428c9c4e1792d0fad7a8e0dc0d36c98175a6ca7ef2a70b804e3950af,Ca:2|S:10|V:4,0,3,16,Orthorhombic,0.0,3,09-16,metal,49,2,2,aaacztmd,GGA,0.0,matched,usable,1,0.53125,1.3480687644354843,124.0,124.0,746.5449,0,0.45745357871055603
mp-aaacswax,probability,492,01092d4a14cdaf27a5e52b9b54a5fa383785e4ba90409178f5c6d2fe1c8bfd3a,Al:36|O:18,0,2,54,Triclinic,0.0,2,33-80,metal,0,0,0,,,,unresolved_no_task,unresolved_no_task,0,nan,nan,nan,nan,nan,0,
mp-aaacptvo,probability,493,01096827b6b6da32a79eff5c7a78daf993571e0c0cf0761c92f196298b0d0581,Cs:2|Cu:6|Gd:4|Se:10,0,4,22,Orthorhombic,0.8936999999999999,4+,17-32,gap_0_2,86,6,6,aaadcivn,GGA,0.0,matched,usable,1,0.34375,1.2092331557499998,180.0,180.0,663.9862,1,0.3344113826751709
mp-aaafyopm,probability,494,0109f808512a70a717992244329e5ad4256c217b65a44ae98265e96ae780b762,Hf:6|Na:24|O:72|Si:18|Sn:6,0,5,126,Trigonal,3.3857,4+,81+,gap_gt_2,2,0,0,,,,unresolved_no_task,unresolved_no_task,0,nan,nan,nan,nan,nan,0,
mp-aaacqsyt,probability,495,010a1f44c01a26ea13e2d6451f43ad387aa90446b312ddac0958761fa51c4345,Ni:3|Si:6|U:2,0,3,11,Orthorhombic,0.0,3,09-16,metal,49,3,3,aaadbsev,GGA,0.009024436665205166,matched,usable,1,0.3515625,1.6439422629878049,82.0,82.0,385.1975,0,0.5217301249504089
mp-aaacsxlg,probability,496,010a5dce0d417555a79ac8cb6ef971eb1283ad1b799e6f3246ef739230d7b15a,In:8|N:8|Ti:2,0,3,18,Triclinic,0.34560000000000013,3,17-32,gap_0_2,2,1,1,aaadzcvj,GGA,1.9196827123218003e-16,matched,usable,1,0.5625,2.166992963689024,164.0,164.0,615.2483,0,0.44607090950012207
mp-aaabglha,probability,497,010aaa05045a80f65700f5d9388ea96e02be5688b6363e9fe2738eb5725d9549,Sn:2|Yb:4,0,2,6,Hexagonal,0.0,2,05-08,metal,369,0,0,,,,unresolved_no_task,unresolved_no_task,0,nan,nan,nan,nan,nan,0,
mp-aaaaacqa,probability,498,010bcd8dd9794d94232109355eb143dc67243531a4c269a58a70ae1c75d56cb6,La:2|Os:4,0,2,6,Cubic,0.0,2,05-08,metal,203,0,0,,,,unresolved_no_task,unresolved_no_task,0,nan,nan,nan,nan,nan,0,
mp-aaacromh,probability,499,010bf8f2898ab0239c2249739f738bac50369c42c3c566e14bcbf194dadce279,Li:1|O:6|V:3,0,3,10,Monoclinic,0.3624999999999998,3,09-16,gap_0_2,220,2,2,aaadbzle,GGA+U,0.0,matched,usable,1,0.4140625,1.5405113885000001,70.0,70.0,286.2025,0,0.4856473505496979
mp-aaaacabt,probability,500,010c30fb9596d3a0f74e6f7a666711e942354fe7233ecb52ef202d34e8c363af,Sb:4|Sm:2|Te:8,0,3,14,Tetragonal,0.0,3,09-16,metal,87,2,2,aaaczxpc,GGA,0.0,matched,usable,1,0.5546875,1.7321673617222224,90.0,90.0,689.729,3,0.5535371899604797
mp-aaacibhf,targeted,1,8552d8dfe2391f4b9052ffc6db81d2e4fdd6154292bfb10915e6be3457c576ed,Pu:4,0,1,4,Triclinic,0.0,1,01-04,metal,0,1,1,aaacibih,GGA,0.0,matched,truncated,0,0.421875,0.07765412830357142,56.0,56.0,11.4236,0,
mp-aaacpdne,targeted,2,08b664ebe7a9f9b84a7eda916b3fcb460ab133705573ddf9d9a783065452c367,Pu:8,0,1,8,Monoclinic,0.0,1,05-08,metal,0,1,1,aaaecbwd,GGA,0.0,matched,usable,1,0.484375,2.3377208379910717,112.0,112.0,1016.5643999999999,2,0.5026766061782837
mp-aaabpoav,targeted,3,d5996269dd7856002b891108fd451cbb7f8b37323b128d8e816964be735714a4,H:8,0,1,8,Orthorhombic,9.7207,1,05-08,gap_gt_2,0,6,6,aaacujfy,unknown,0.002092013240976348,incompatible_run_type,incompatible_run_type,0,nan,nan,nan,nan,nan,0,
mp-aaaceptv,targeted,4,5cc52e76e8bfeea0a5edfefc8d7318bd6a5e27a2e7f545519fa9f8ed9997f433,S:8,0,1,8,Tetragonal,3.3265000000000002,1,05-08,gap_gt_2,0,0,0,,,,unresolved_no_task,unresolved_no_task,0,nan,nan,nan,nan,nan,0,
mp-aaacjmrv,targeted,5,7a17f72867846ba8f5a516f38cda2ed467e1270ff6bae1c83b007685affd36af,N:10,0,1,10,Cubic,0.0,1,09-16,metal,0,0,0,,,,unresolved_no_task,unresolved_no_task,0,nan,nan,nan,nan,nan,0,
mp-aaackglv,targeted,6,3619c92b93839861e40ee9dc496956b53d32ad0186a8ee635a06b43f0567bfd1,P:10,0,1,10,Monoclinic,1.4788000000000001,1,09-16,gap_0_2,0,2,2,aaacyjiw,GGA,0.008637382355752087,matched,usable,1,1.0,1.8768841711,50.0,50.0,657.7179438933334,0,0.18790613114833832
mp-aaacpfbv,targeted,7,165cb45f71f92fc1a630e940a6c36ab9d85857cbab7f76b4b22b5f89bbb8c224,Mo:16,0,1,16,Monoclinic,0.0,1,09-16,metal,0,1,1,aaaegayd,GGA,0.0,matched,usable,1,0.515625,2.163661023593751,192.0,192.0,1136.8499,0,0.43346238136291504
mp-aaabpqpf,targeted,8,0a2dc1e5f103fff070db3fc6264d4f97f8b479a20ed56cf01ddf3722c3408774,H:16,0,1,16,Orthorhombic,8.1932,1,09-16,gap_gt_2,0,0,0,,,,unresolved_no_task,unresolved_no_task,0,nan,nan,nan,nan,nan,0,
mp-aaaejcgh,targeted,9,5827574d89c2482a34a183c942b65b0c53564868d4381f9d6b416291f59f732d,U:16,0,1,16,Orthorhombic,0.0,1,09-16,metal,0,1,1,aaaejcgh,GGA,0.0,matched,usable,1,0.4453125,1.6525838601562504,224.0,224.0,952.4546,4,0.46619880199432373
mp-aaackteg,targeted,10,f46dc4c22bcf3b9490d052ec2dcd326e0f5ddc365378193a6430a72fd22a06ba,Pb:12,0,1,12,Tetragonal,0.0,1,09-16,metal,0,1,1,aaadzpok,GGA,0.0,matched,usable,1,0.8984375,2.186695189404762,168.0,84.0,708.2683999999999,0,0.19956207275390625
mp-aaacpdoy,targeted,11,41d77cddee8cf07f7b98839e04315684e510469f07fffa2a0dc3a41bf038ed49,O:12,0,1,12,Triclinic,1.2773010892239671,1,09-16,gap_0_2,0,3,3,aaadcega,GGA,0.0,matched,usable,1,0.703125,1.5540896077777786,72.0,72.0,267.79789999999997,0,0.5067453384399414
mp-aaackgnq,targeted,12,647114909615be2c05ac91183cffb5c2769615755daccc0799cde9a986466053,Mg:9,0,1,9,Trigonal,0.0,1,09-16,metal,0,0,0,,,,unresolved_no_task,unresolved_no_task,0,nan,nan,nan,nan,nan,0,
mp-aaabewrm,targeted,13,6691525d51d445679ed1d353606ed68d07ca38a559d475b97f4c2d9ff53ffd43,Pu:17,0,1,17,Monoclinic,0.0,1,17-32,metal,0,6,6,aaadapqc,GGA,0.0,matched,usable,1,0.4140625,1.4587577850630251,238.0,238.0,1087.4911,3,0.4880138337612152
mp-aaacqhqi,targeted,14,0e03d3e65ce8fa5ac011a0180e28638ca5a47110ec5fe3ae5837ef0dd9c3bab5,U:32,0,1,32,Orthorhombic,0.0,1,17-32,metal,0,1,1,aaaeceif,GGA,0.0,matched,usable,1,0.4453125,1.6730888952455356,448.0,448.0,2068.0685000000003,4,0.5120306015014648
mp-aaacpxdj,targeted,15,3a0b1df1dd2f30cd33ee1f008deeb2c3abc53f22ec5956bb2c8d99b5586a98e8,Co:28,0,1,28,Tetragonal,0.0,1,17-32,metal,0,0,0,,,,unresolved_no_task,unresolved_no_task,0,nan,nan,nan,nan,nan,0,
mp-aaablhdt,targeted,16,1bd0169f547196065e8928fff3881483b369dfecae758523deb4db4da2f17918,S:18,0,1,18,Trigonal,0.8335000000000001,1,17-32,gap_0_2,0,8,8,aaabmcjg,GGA,0.0,matched,truncated,0,1.0,0.3156945398611113,108.0,108.0,115.35180133333316,0,
mp-aaabgjsx,targeted,17,967348754bfc7f129b1d3cd575049485d21d40033e9e3f3069b4bf71ad75a2a9,Ga:22,0,1,22,Trigonal,0.0,1,17-32,metal,0,0,0,,,,unresolved_no_task,unresolved_no_task,0,nan,nan,nan,nan,nan,0,
mp-aaacqcrx,targeted,18,2b4c0be43047b814383e213ee94c5539a97ec306d655c3e1baff01a64310b31b,B:48,0,1,48,Cubic,0.0,1,33-80,metal,0,2,2,aaaeaxci,GGA,0.0,matched,usable,1,0.9921875,2.0520443892013884,144.0,144.0,1565.1945,2,0.2639515697956085
mp-aaabmcfm,targeted,19,1154ecd1f5bed5f67d2e5e9ef596a775b7e9f288b2fed0d071fbe117de68a165,Co:46,0,1,46,Hexagonal,0.0,1,33-80,metal,0,4,4,aaacbmth,GGA,0.0,matched,truncated,0,0.734375,0.1347256722584541,414.0,414.0,268.0612,0,
mp-aaabglxp,targeted,20,836823fd7cca263e34a387d49af8a1004e92d0d980056177af0297d9ef840ac0,Se:64,0,1,64,Monoclinic,1.6545,1,33-80,gap_0_2,0,0,0,,,,unresolved_no_task,unresolved_no_task,0,nan,nan,nan,nan,nan,0,
mp-aaabfsrw,targeted,21,5220f4c6148a5ece1e2308c0ddc886a57fe4c8673833a14162ebf5089ddf3882,S:36,0,1,36,Monoclinic,2.4187,1,33-80,gap_gt_2,0,0,0,,,,unresolved_no_task,unresolved_no_task,0,nan,nan,nan,nan,nan,0,
mp-aaackkph,targeted,22,277e2b8a76c903a008d7c14391b50a80c61059836570d166cc622ac92c396d28,C:71,0,1,71,Monoclinic,0.0,1,33-80,metal,0,1,1,aaacxyxi,GGA,0.0,matched,usable,1,0.921875,1.3778531665492955,284.0,284.0,1488.0749,1,0.2708280086517334
mp-aaacqnzv,targeted,23,2d09aef554e45d940d974f38a1e1f2ed15fbef3891dfe09f4f07a0edb8a482d4,Si:46,0,1,46,Orthorhombic,1.3948999999999998,1,33-80,gap_0_2,0,3,0,,,,unresolved_no_match,unresolved_no_match,0,nan,nan,nan,nan,nan,0,
mp-aaabfqjj,targeted,24,cafc7e719a87e842aacf85c0d24eebecbdd65d151adbb5270ab3b50efa1ca564,S:72,0,1,72,Orthorhombic,2.5404,1,33-80,gap_gt_2,0,0,0,,,,unresolved_no_task,unresolved_no_task,0,nan,nan,nan,nan,nan,0,
mp-aaabglrg,targeted,25,034878cc636abca1d31cc22816151e7b52a1ae06e358f13ae944ff314e137931,B:48,0,1,48,Tetragonal,0.0,1,33-80,metal,0,0,0,,,,unresolved_no_task,unresolved_no_task,0,nan,nan,nan,nan,nan,0,
mp-aaacqebf,targeted,26,99b6e0f1c9eb9080d2a4ffb8893ad1cd2a0a972a5da6002d5f041a7b91f274eb,C:80,0,1,80,Triclinic,0.0797,1,33-80,gap_0_2,0,1,1,aaacyagd,GGA,0.0,matched,usable,1,0.921875,1.8445640195312485,320.0,320.0,2346.3781,4,0.47917383909225464
mp-aaacqfgu,targeted,27,b6c145d9d3ccf628c13bc0b553d732e4cdec87e81740bebe420346e0dcdf0512,P:42,0,1,42,Triclinic,2.0892000000000004,1,33-80,gap_gt_2,0,0,0,,,,unresolved_no_task,unresolved_no_task,0,nan,nan,nan,nan,nan,0,
mp-aaabmsme,targeted,28,3209f3369d63d7db911713befd03d4f78e45d6de4db4d298a50d11f114779c7b,C:60,0,1,60,Trigonal,0.7132000000000001,1,33-80,gap_0_2,0,4,4,aaabpvxx,GGA,0.0034908047858160287,matched,truncated,0,1.0,0.2329341894166666,240.0,240.0,168.63871989333342,0,
mp-aaacqhbl,targeted,29,1bf95f665383332e1f6df29f1f6438d32b643d882fc7014613f030e28745ff2b,K:81,0,1,81,Cubic,0.11930000000000002,1,81+,gap_0_2,0,0,0,,,,unresolved_no_task,unresolved_no_task,0,nan,nan,nan,nan,nan,0,
mp-aaacqgzu,targeted,30,254515c3677795b59f6b485bd7a77190ad50ef287169308adcde0057f50491d5,Si:82,0,1,82,Monoclinic,1.085,1,81+,gap_0_2,0,0,0,,,,unresolved_no_task,unresolved_no_task,0,nan,nan,nan,nan,nan,0,
mp-aaabhenw,targeted,31,5d881ac6a9ac73fbac098c4540162d0e588cde499a33fcf329c9955c09ccc7cb,S:104,0,1,104,Monoclinic,2.4349,1,81+,gap_gt_2,0,0,0,,,,unresolved_no_task,unresolved_no_task,0,nan,nan,nan,nan,nan,0,
mp-aaacnhva,targeted,32,3e4069155151b5d77e58f49db5244f87496f363c5429b4f9ee3b6da3ef609ba5,C:120,0,1,120,Orthorhombic,0.9669000000000001,1,81+,gap_0_2,0,1,1,aaacxxkv,GGA,0.0,matched,usable,1,0.890625,1.299312878052084,480.0,480.0,2684.5868,3,0.4018682837486267
mp-aaabfyle,targeted,33,e6945dff6175aab559884389e097b18d8d55b7063b9f343c44ce5098145539c6,S:88,0,1,88,Orthorhombic,2.362,1,81+,gap_gt_2,0,0,0,,,,unresolved_no_task,unresolved_no_task,0,nan,nan,nan,nan,nan,0,
mp-aaabgihg,targeted,34,580f009df9240851c134273018c566e189fb44cb96f9dc41a7bc7540e05a2c3b,C:120,0,1,120,Orthorhombic,0.0,1,81+,metal,0,0,0,,,,unresolved_no_task,unresolved_no_task,0,nan,nan,nan,nan,nan,0,
mp-aaacqndm,targeted,35,54287bc0a4a80dd2bddcf6d1cb4fac3e003fe420f7fce985b72f7a44d3fd8444,Si:106,0,1,106,Tetragonal,0.2359,1,81+,gap_0_2,0,0,0,,,,unresolved_no_task,unresolved_no_task,0,nan,nan,nan,nan,nan,0,
mp-aaacsvrg,targeted,36,0b189b91ed367ad029560946aa4ff2a364ece0882ae365a8a66fff9f3c6ca279,C:100,0,1,100,Triclinic,0.07240000000000002,1,81+,gap_0_2,0,2,1,aaaebijv,GGA,0.0,matched,usable,1,0.90625,2.1309834543125006,400.0,400.0,3969.7892000000006,3,0.25900521874427795
mp-aaacsvwf,targeted,37,01b795f7158988c4f576fb9dd13ea214f04f211340d449fe235e549bb334f45e,Zn:100,0,1,100,Triclinic,0.0,1,81+,metal,0,0,0,,,,unresolved_no_task,unresolved_no_task,0,nan,nan,nan,nan,nan,0,
mp-aaabevoi,targeted,38,a01f972a255d77e624ab95d7ff83128c01849224abb604c6abd2ef7f70f8fc30,B:108,0,1,108,Trigonal,0.0,1,81+,metal,0,0,0,,,,unresolved_no_task,unresolved_no_task,0,nan,nan,nan,nan,nan,0,
mp-aaacpdob,targeted,39,339555e0f54cf1de4cec3b3542892e7d146c8b17c595560eaf87f2034eaad23b,Br:2|P:2,0,2,4,Triclinic,1.3982,2,01-04,gap_0_2,0,6,6,aaadefmm,GGA,0.0,matched,usable,1,0.875,2.6535027135416667,24.0,24.0,225.8752,0,0.358826607465744
mp-aaabormh,targeted,40,c5ef0cf70d1baff3480b2dd870ddccba28794bca2633686ab79478f4db81814a,B:1|N:1,0,2,2,Triclinic,2.9402000000000004,2,01-04,gap_gt_2,0,3,3,aaabwgac,GGA,0.0,matched,truncated,0,0.421875,0.15872051750000007,8.0,8.0,1.1152000000000002,0,
mp-aaackqkh,targeted,41,153f7e3bcd0b56a9f4b90b2cb6ed0d5d7603f97c2f175982dd4636a3e00f4c0b,Cl:6|Zr:2,0,2,8,Triclinic,0.3657999999999997,2,05-08,gap_0_2,0,0,0,,,,unresolved_no_task,unresolved_no_task,0,nan,nan,nan,nan,nan,0,
mp-aaacdyrl,targeted,42,03674a58430dcf96840cc657f69f1495fad7b4656e7186ac7179e1794dfbf41b,F:4|H:6,0,2,10,Triclinic,7.9037999999999995,2,09-16,gap_gt_2,0,8,8,aaaceakp,GGA,0.0,matched,truncated,0,0.59375,0.10864988999999997,34.0,34.0,7.3398,0,
mp-aaacprwi,targeted,43,0178f7c91554219ccdc9b9d555ad35abcc5cfd6293df487dc0eaedcea0eb9233,O:12|Rh:8,0,2,20,Orthorhombic,0.0,2,17-32,metal,0,3,3,aaacyqiz,GGA,0.0,matched,usable,1,0.421875,1.6613850275260387,192.0,192.0,624.3959,0,0.5541900396347046
mp-aaacqacx,targeted,44,024dffccf20cd556e3e43df9cbc41b0feaf1e152060703ff99ed67e9c32e1c09,Ag:2|P:30,0,2,32,Triclinic,1.2132491747290075,2,17-32,gap_0_2,0,0,0,,,,unresolved_no_task,unresolved_no_task,0,nan,nan,nan,nan,nan,0,
mp-aaacpdbf,targeted,45,1ea2ff89ae66859a912d960d6257e9373294d88751d160df03b86ae8eab315c9,O:16|Si:10,0,2,26,Triclinic,3.4528,2,17-32,gap_gt_2,0,1,1,aaadzxxe,GGA,0.0,matched,usable,1,0.859375,1.9639434115441177,136.0,136.0,1255.551,2,0.4297647774219513
mp-aaacjffm,targeted,46,013c867cfda855625e7093d8844b17b782546773cd79a785e18143bb65b64e6a,Mg:10|Si:18,0,2,28,Triclinic,0.0,2,17-32,metal,0,50,5,aaadaano,GGA,0.0,matched,usable,1,0.5234375,1.782902723152174,92.0,92.0,750.9318,0,0.330125629901886
mp-aaacjmpa,targeted,47,770de4696eebcab292ae31a52bb5c3a4fc914d73334a29bfef2d1cd1dfb16eb9,Ce:24|Se:48,0,2,72,Hexagonal,0.9861999999999997,2,33-80,gap_0_2,0,0,0,,,,unresolved_no_task,unresolved_no_task,0,nan,nan,nan,nan,nan,0,
mp-aaacqazy,targeted,48,027c61199bae7279f6aed6bef2a15875c77c4152135b8c573531a5ff52773168,Fe:34|Lu:4,0,2,38,Hexagonal,0.0,2,33-80,metal,0,2,2,aaadqexw,GGA,0.0,matched,usable,1,0.40625,2.6791448019967503,308.0,308.0,1720.5971,8,0.5337392687797546
mp-aaaabtaa,targeted,49,02bd0a23633b4946c520cdae4e4ab096a4355762762e3b04614160b4a92d6eb8,Au:20|Sr:20,0,2,40,Monoclinic,0.0,2,33-80,metal,0,0,0,,,,unresolved_no_task,unresolved_no_task,0,nan,nan,nan,nan,nan,0,
mp-aaacqgjj,targeted,50,0130931416dd6d57346316a41440ede7aa0f0d7acd77d568ca28e464cfa3b5e8,Ge:16|Lu:20,0,2,36,Orthorhombic,0.0,2,33-80,metal,0,0,0,,,,unresolved_no_task,unresolved_no_task,0,nan,nan,nan,nan,nan,0,
mp-aaacqcsl,targeted,51,03ce84e69af1b2430a8910ccb5c7a0398d556adaa51be67273e02e3432e6dd83,Rh:28|Y:42,0,2,70,Tetragonal,0.0,2,33-80,metal,0,0,0,,,,unresolved_no_task,unresolved_no_task,0,nan,nan,nan,nan,nan,0,
mp-aaacszzd,targeted,52,0c7e95ad96fcbf59168582a77f90df727f86e4c51b14513f4b52dc2559ab44a3,As:16|S:17,0,2,33,Triclinic,1.9747,2,33-80,gap_0_2,0,1,1,aaaebgcz,GGA,0.0,matched,usable,1,1.0,2.034749205274725,182.0,182.0,2527.77081152,2,0.37411946058273315
mp-aaacsvti,targeted,53,01390623b01d5c3074df11b1e6fce3a0a6d1cd7cc116267b7a47966386031412,Ga:32|O:48,0,2,80,Triclinic,2.0229,2,33-80,gap_gt_2,0,3,1,aaaebgoh,GGA,2.1575895822645475e-16,matched,usable,1,0.8515625,2.148840955262784,704.0,704.0,4511.2016,4,0.27843621373176575
mp-aaacqmko,targeted,54,05a299cdf7b435b2c8fb5ce896689b508549fc8b5b99ab640235976d713a99ca,Al:8|Si:38,0,2,46,Triclinic,0.0,2,33-80,metal,0,2,2,aaacxnht,GGA,0.0,matched,usable,1,0.9296875,1.434592596619318,176.0,176.0,1547.7698806399994,1,0.2582346796989441
mp-aaacqfrf,targeted,55,03b5db7c2382f27544c5e56f2ae97394e63cbe8b3683c6ac8d4a3e911cae74df,Pd:32|Sb:12,0,2,44,Trigonal,0.0,2,33-80,metal,0,0,0,,,,unresolved_no_task,unresolved_no_task,0,nan,nan,nan,nan,nan,0,
mp-aaabftek,targeted,56,0c323850cce5061d72e767cfc036059308df86844672c4e782eb5adf884740ba,O:96|Si:48,0,2,144,Cubic,1.0636,2,81+,gap_0_2,0,5,3,aaabqdqg,GGA,0.0,matched,truncated,0,1.0,0.19885518994140625,768.0,768.0,569.8039915733335,0,
mp-aaabfqwn,targeted,57,06fae4da5b45da89ab0fff7296c1ce04f7138052018b0cf1dcb05400a690bc17,O:96|Si:48,0,2,144,Cubic,3.6123,2,81+,gap_gt_2,0,5,4,aaabqmwe,GGA,0.0,matched,truncated,0,0.7109375,0.11102973449218752,768.0,768.0,263.1049,0,
mp-aaacqifc,targeted,58,228f4aa1d962dc30ef99b91cbe43b8acd75c357594da22ddfd662e0e4d5a3fc8,Ir:14|Sc:88,0,2,102,Cubic,0.0,2,81+,metal,0,1,1,aaacxykk,GGA,0.0,matched,usable,1,0.4375,1.2577798278930523,1094.0,1094.0,2034.9958,20,0.47778570652008057
mp-aaacppnm,targeted,59,069e4d8175f9201f6a7f827be06405ec333ff27d4b051bd04fddd06d7e474a3f,Mg:149|Y:1,0,2,150,Hexagonal,0.2723,2,81+,gap_0_2,0,0,0,,,,unresolved_no_task,unresolved_no_task,0,nan,nan,nan,nan,nan,0,
mp-aaactbty,targeted,60,240066352e1c1cab046ccf39e9ec600c8189bd991dc28d7c73d7d7515f0a8f72,O:68|Si:34,0,2,102,Hexagonal,5.7815,2,81+,gap_gt_2,0,0,0,,,,unresolved_no_task,unresolved_no_task,0,nan,nan,nan,nan,nan,0,
mp-aaabmslb,targeted,61,04fcd44ba4cd27fdae542cba0a55a294b5116c1cf74241d64112625d473aac04,Ta:84|Te:52,0,2,136,Hexagonal,0.0,2,81+,metal,0,0,0,,,,unresolved_no_task,unresolved_no_task,0,nan,nan,nan,nan,nan,0,
mp-aaacqebz,targeted,62,0cddddcffe75686f3b99f51926ef13021704bc99d27f90712a44d704ba27a7a9,C:122|O:4,0,2,126,Monoclinic,1.2642000000000002,2,81+,gap_0_2,0,1,1,aaacyase,GGA,0.0,matched,usable,1,0.7734375,1.4374852474902338,512.0,512.0,2512.0516,6,0.511013388633728
mp-aaabldkv,targeted,63,0576902d68de2d2559c132feed0bd0b8707b00642d71282c6f597634d9c951da,Br:56|In:40,0,2,96,Monoclinic,2.0691,2,81+,gap_gt_2,0,2,2,aaabwgdj,GGA,0.0,matched,truncated,0,0.9140625,0.16449795008223675,912.0,912.0,512.1641,0,
mp-aaacrpik,targeted,64,230abaecca0e6f6f4bd5562dbfea756ffc33f54e54001f5816a080cb032f0053,C:120|Li:7,0,2,127,Monoclinic,0.0,2,81+,metal,0,2,2,aaacycji,GGA,0.0,matched,usable,1,0.453125,1.4455875109650922,487.0,487.0,1497.6257,0,0.484655499458313
mp-aaacqogl,targeted,65,03d3371c346f9fb47ac6eefcbb7aeda34f844789bb200990c11b9a26f98698ce,Tc:24|Te:60,0,2,84,Orthorhombic,0.5259999999999998,2,81+,gap_0_2,0,1,1,aaaczsin,GGA,0.0,matched,usable,1,0.59375,1.1472696405133929,672.0,672.0,3093.9196,15,0.49841025471687317
mp-aaabsenq,targeted,66,0290867fd068a56e0765d10569e5770f5a9b3ebadc393eced280d050040aee76,B:80|H:104,0,2,184,Orthorhombic,3.206,2,81+,gap_gt_2,0,7,3,aaabtdyx,GGA,0.0,matched,truncated,0,1.0,0.38364205661337203,344.0,344.0,279.53486645333317,0,
mp-aaacrmnb,targeted,67,05814b45fb6b0a1f68e7b4f011cf3846422887371384d70af490940a81794cc6,Cd:72|Nd:12,0,2,84,Orthorhombic,0.0,2,81+,metal,0,1,1,aaacyelt,GGA,0.0,matched,usable,1,0.578125,1.1213837075903612,996.0,996.0,2294.1124,4,0.4117460250854492
mp-aaackkvo,targeted,68,0181d42b9da39b7bfa1a151777eff3850eed8c3415c2119163c1ce79bbaeeb28,Cr:32|N:64,0,2,96,Tetragonal,0.08190000000000008,2,81+,gap_0_2,0,0,0,,,,unresolved_no_task,unresolved_no_task,0,nan,nan,nan,nan,nan,0,
mp-aaabmsmp,targeted,69,060bc51e85c4283fba0f0a540d75643765ec39964981470df398621af6c1aa0c,Ge:124|V:68,0,2,192,Tetragonal,0.0,2,81+,metal,0,0,0,,,,unresolved_no_task,unresolved_no_task,0,nan,nan,nan,nan,nan,0,
mp-aaacsweb,targeted,70,0246e50738e07fabaa451ebe35b187ad82b6da739271105a0c9cd3dc02c30ef6,B:50|N:50,0,2,100,Triclinic,1.0362,2,81+,gap_0_2,0,2,1,aaaeayom,GGA,0.0,matched,usable,1,0.765625,2.734037340525,400.0,400.0,3215.8837000000003,8,0.3699486553668976
mp-aaacsvuq,targeted,71,0282ed2cd465723d995789fa354d6a3ea78c998fcfe2ce881ae0e6a7aa188f5c,Al:40|O:60,0,2,100,Triclinic,3.7274999999999996,2,81+,gap_gt_2,0,2,1,aaaebawb,GGA,0.0,matched,usable,1,0.8203125,2.6218173953854165,480.0,480.0,3896.5942999999997,5,0.39003539085388184
mp-aaacswds,targeted,72,0618dc444a664f1d3ff461af1944424da40fb502aa42366c2ef075eebc72ea81,Ga:50|N:50,0,2,100,Triclinic,0.0,2,81+,metal,0,0,0,,,,unresolved_no_task,unresolved_no_task,0,nan,nan,nan,nan,nan,0,
mp-aaabrcrd,targeted,73,27b9f0454b3f5d9427ac7a7c0b5806819ce91b290d09d7147520984d1f78b772,Fe:41|O:56,0,2,97,Trigonal,0.01540000000000008,2,81+,gap_0_2,0,2,2,aaabyqsn,GGA+U,0.0,matched,truncated,0,0.3203125,0.06594800826054216,664.0,664.0,52.5988,0,
mp-aaabmxuj,targeted,74,44910b5d221c556f7b11290568516bd1cd3becb14cce29bf98f1dc763c15be40,C:72|F:36,0,2,108,Trigonal,2.0832,2,81+,gap_gt_2,0,5,5,aaabqgps,GGA,0.0,matched,truncated,0,1.0,0.188591513435185,540.0,540.0,353.0987346666667,0,
mp-aaacrobf,targeted,75,21755557e0ff6b101d1269a2cc23847b7d06a30b923b7bb8321a4215060188f6,Ni:64|Pr:31,0,2,95,Trigonal,0.0,2,81+,metal,0,0,0,,,,unresolved_no_task,unresolved_no_task,0,nan,nan,nan,nan,nan,0,
mp-aaabmlda,targeted,76,092a58e305b4d585a89b8d15e7f528d7f269cc357c1d867611cc8529fda5df9d,Ag:1|Cu:1|O:2,0,3,4,Triclinic,0.13439999999999985,3,01-04,gap_0_2,0,7,7,aaacbxex,GGA,0.0,matched,truncated,0,0.265625,0.04017080249999999,34.0,34.0,1.9059,0,
mp-aaackkmv,targeted,77,45bdf65e5adb1862fbf3f61101724f9d7540f1c046e565802015f52a79e13967,Ag:1|Br:1|O:2,0,3,4,Triclinic,0.0,3,01-04,metal,0,6,6,aaadczsn,GGA,0.0,matched,usable,1,0.6015625,1.7864786126666665,30.0,30.0,134.0321,0,0.5187259912490845
mp-aaacpdlz,targeted,78,276e169bd73096b313140f4682f00076d0aa20ff90a32191db4480d316a05cb5,Cl:2|N:2|Pd:1,0,3,5,Triclinic,0.0,3,05-08,metal,0,6,6,aaadcdgp,GGA,0.0,matched,usable,1,0.765625,1.9184766476470585,34.0,34.0,253.6653,0,0.4078235626220703
mp-aaacswjt,targeted,79,015de6fe4c5e544b3605fb33dcc6519ffaf0ab1dcd93dae7c9d988fb4c5e76f5,Ca:6|Mn:6|N:10,0,3,22,Triclinic,0.0,3,17-32,metal,0,0,0,,,,unresolved_no_task,unresolved_no_task,0,nan,nan,nan,nan,nan,0,
mp-aaacqhvp,targeted,80,010ede8ebe7fd30a85d659bead9045fc49460931722cd3b2e063ac082e83cff5,Ga:6|Lu:4|Ni:28,0,3,38,Hexagonal,0.0,3,33-80,metal,0,2,2,aaadeeut,GGA,0.0,matched,usable,1,0.3203125,2.3189197102918784,394.0,394.0,1202.7148000000002,5,0.5693086385726929
mp-aaabrffr,targeted,81,01553452b5f5562bb1cf33637b3e2ab9eca3051f8cebf3bf2f4df9567063c067,F:12|Fe:12|O:12,0,3,36,Monoclinic,0.0,3,33-80,metal,0,102,2,aaadaomp,GGA+U,0.0,matched,usable,1,0.34375,1.8495462442460295,252.0,252.0,719.6003000000001,0,0.6191975474357605
mp-aaacrvwz,targeted,82,012a5310718c0b575264730eae33062c7f3eed5bf8c60e7d965352ade1c64b44,As:16|Ca:11|Si:9,0,3,36,Triclinic,0.5657000000000001,3,33-80,gap_0_2,0,2,2,aaacyugh,GGA,0.0,matched,usable,1,0.5625,1.0625535888938054,226.0,226.0,1053.4704,0,0.4288209080696106
mp-aaabqvcd,targeted,83,03441524075aea71d00f4e378badc4438687b7b524ac0a317cde614c1dbd1f8c,O:28|S:8|Te:2,0,3,38,Triclinic,3.3237,3,33-80,gap_gt_2,0,0,0,,,,unresolved_no_task,unresolved_no_task,0,nan,nan,nan,nan,nan,0,
mp-aaacrlra,targeted,84,017dfcad9e4fdac339690003471a3dcf2e82e6b8656ec73dfb794f3371b42137,B:6|C:20|Nd:15,0,3,41,Triclinic,0.0,3,33-80,metal,0,1,1,aaaedsno,GGA,0.0,matched,usable,1,0.5859375,2.2644638369771863,263.0,263.0,1781.6053000000002,0,0.39366650581359863
mp-aaacraut,targeted,85,01dd01efc47272d735115d33d2458cbfdb488cde1669f3284ed4843cec3bbae8,Co:6|Er:7|Sn:23,0,3,36,Trigonal,0.0,3,33-80,metal,0,0,0,,,,unresolved_no_task,unresolved_no_task,0,nan,nan,nan,nan,nan,0,
mp-aaabpuhs,targeted,86,028d2712145c9081f678ba6f5efd7ea75b4b613f83e1372c1a3e9eeb2cf67ebb,N:48|O:108|Pr:8,0,3,164,Cubic,0.0043999999999999595,3,81+,gap_0_2,0,2,2,aaabpuhs,GGA,0.0,matched,usable,1,0.5703125,1.2991787037551228,976.0,976.0,2496.5599,10,0.42747119069099426
mp-aaaieitf,targeted,87,06f2f6d81bf101eecb6b8f5fa826709339aff3c14ff68160ccefcf4a9d9fb0b5,Bi:16|Ge:16|O:56,0,3,88,Cubic,2.8908000000000005,3,81+,gap_gt_2,0,0,0,,,,unresolved_no_task,unresolved_no_task,0,nan,nan,nan,nan,nan,0,
mp-aaaabupu,targeted,88,109e16ccbb077e0bcc6720794c36b098965175ed10a0da7b71c2d2e2ca44a5e4,Ag:13|Al:36|Mg:32,0,3,81,Cubic,0.0,3,81+,metal,0,3,3,aaacenyd,GGA,0.0,matched,truncated,0,0.5078125,0.0800504008888889,315.0,315.0,108.48249999999999,0,
mp-aaacqcyz,targeted,89,023b7120c1a0cea371c945814813918909c511f8466eb06f1c88d1b8384e5d6a,Al:86|Lu:12|W:8,0,3,106,Hexagonal,0.0,3,81+,metal,0,1,1,aaaczscq,GGA,0.0,matched,usable,1,0.609375,1.4545635060389615,462.0,462.0,2937.5475,4,0.4054090976715088
mp-aaacqito,targeted,90,0254a86b8968a2a71c7a4c8c5c1c9bbe623733fc20b8204334e405e276aed2a7,B:16|Ba:8|O:64,0,3,88,Monoclinic,0.0,3,81+,metal,0,1,1,aaacxiwt,GGA,0.0,matched,usable,1,0.734375,1.118309035966797,512.0,512.0,2574.9452,8,0.41464048624038696
mp-aaabkmtl,targeted,91,011a912631a26eb9bb24f6af26207a2945ec0a2b460c6985741e9f1b7112ed68,Li:18|Mn:36|O:72,0,3,126,Orthorhombic,0.0,3,81+,metal,0,1,1,aaacxixx,GGA+U,3.8901202254590944e-07,matched,usable,1,0.40625,1.3903821380337686,918.0,918.0,2490.7879999999996,19,0.5530544519424438
mp-aaacqnsu,targeted,92,097fa6db4615a02d7d954ca16b94d52e17dfb161ca50cf2240491584e65fb5ad,Ba:40|Cr:24|F:144,0,3,208,Tetragonal,1.4330999999999998,3,81+,gap_0_2,0,0,0,,,,unresolved_no_task,unresolved_no_task,0,nan,nan,nan,nan,nan,0,
mp-aaaaawnp,targeted,93,03f0d7f190161e76be35e8267f7b17ad596fee4cad42f5d1cf0ccdebfbec57e7,Nd:16|O:56|Si:16,0,3,88,Tetragonal,4.8256000000000006,3,81+,gap_gt_2,0,0,0,,,,unresolved_no_task,unresolved_no_task,0,nan,nan,nan,nan,nan,0,
mp-aaacoulj,targeted,94,050c783d91c3dff812484b4b73fe69d795d9b83ba24d1bfc0ae946b771481c35,Na:8|O:57|W:19,0,3,84,Tetragonal,0.0,3,81+,metal,0,2,2,aaacyacz,GGA+U,0.0,matched,usable,1,0.4765625,1.474423163362619,626.0,626.0,1966.9804,0,0.4836553931236267
mp-aaabmzxi,targeted,95,075dd4a06aef51df5ceaa41b2b01f463a92329f332e3af13da6b0fa9e3155db1,Al:42|Eu:2|O:65,0,3,109,Triclinic,1.1410999999999998,3,81+,gap_0_2,0,1,1,aaaczspx,GGA,3.373932336894774e-08,matched,usable,1,0.5,1.3921131210861426,534.0,534.0,1759.8464000000001,5,0.3470262587070465
mp-aaacqecp,targeted,96,0537fd4ce852c7b63c824300a2b8cbc055321c44cfe02f1a8537f83112a7c935,C:18|Ca:18|O:54,0,3,90,Triclinic,4.0435,3,81+,gap_gt_2,0,6,2,aaacxsso,GGA,0.0,matched,usable,1,0.5390625,1.282601068064236,576.0,576.0,1470.9115000000002,5,0.4835868775844574
mp-aaabrxqo,targeted,97,09b7938ad1461a38e48ab81193f5cd6cdfcc65348a53da5d037191667cc13268,Cr:22|Mo:18|Ni:80,0,3,120,Triclinic,0.0,3,81+,metal,0,0,0,,,,unresolved_no_task,unresolved_no_task,0,nan,nan,nan,nan,nan,0,
mp-aaabsawc,targeted,98,04ec04a62db4c19e4b4f822e64edf5fe22d125190b4468423fe084e4e8e3048e,Bi:38|O:60|Zn:1,0,3,99,Trigonal,0.9178000000000006,3,81+,gap_0_2,0,3,3,aaabtbif,GGA,0.0,matched,truncated,0,1.0,0.2249525400088968,562.0,562.0,534.2709457066669,0,
mp-aaabmzsl,targeted,99,0a2859c1c711e228f1cb286298b6a146f199ed04004d923fe66fc72654dc42d5,Cr:36|Ga:12|S:72,0,3,120,Trigonal,0.0,3,81+,metal,0,1,1,aaadqkpg,GGA,1.2348733561625579e-08,matched,usable,1,0.515625,1.1702389807647062,1020.0,1020.0,3433.8075999999996,22,0.416850745677948
mp-aaacsibn,targeted,100,7130745e1a460af871349591a3aac1c39c749943920f81085d472cd527b77356,Ag:1|Cl:1|Li:1|O:4,0,4,7,Cubic,0.0,4+,05-08,metal,0,1,1,aaacsibn,GGA,0.0,matched,usable,1,0.484375,0.9386112386046517,43.0,43.0,89.5711,0,0.6452260613441467
mp-aaaewqsx,targeted,101,0ad889e89fe5b9adfb03a610007199cf137033f855013dfe6bb2f119207dc036,Mg:1|Mo:1|O:5|V:1,0,4,8,Triclinic,0.8144999999999998,4+,05-08,gap_0_2,0,0,0,,,,unresolved_no_task,unresolved_no_task,0,nan,nan,nan,nan,nan,0,
mp-aaaewcbe,targeted,102,0e0b1e0d8e54db53401d835e2e37ee5c3ba1f76f70b5aba44167c439aa129c3b,Fe:1|Mg:1|O:4|Ti:1,0,4,7,Triclinic,2.4409000000000005,4+,05-08,gap_gt_2,0,1,1,aaaewcbe,GGA+U,1.5661519455659841e-16,matched,usable,1,0.40625,1.1706597388636362,44.0,44.0,185.3972,0,0.504621148109436
mp-aaaewoer,targeted,103,0593fbf005fbd9066d1d8a9ef7843049a0ff9a2da22b4c594f4b0d9f7edff35c,Cu:1|Mg:1|Na:2|O:2,0,4,6,Triclinic,0.0,4+,05-08,metal,0,0,0,,,,unresolved_no_task,unresolved_no_task,0,nan,nan,nan,nan,nan,0,
mp-aaaexlju,targeted,104,01757c85c40947f404cefe132cc49108a66680b7d7cacb0e97a35527e35cfbd5,H:1|Mg:1|Mo:2|O:6,0,4,10,Triclinic,0.0,4+,09-16,metal,0,2,2,aaaexlju,GGA+U,1.1480037912630725e-16,matched,usable,1,0.5234375,1.3379521188095231,63.0,63.0,269.6737,0,0.424741268157959
mp-aaacrxaf,targeted,105,02f420ebc251ffb1a4cdc80e5b943428eb6b266c6041c9493176e8907618329a,Ba:6|Dy:2|Ir:2|O:18|Ru:2,0,5,30,Hexagonal,0.0,4+,17-32,metal,0,2,2,aaacxpxy,GGA,0.0,matched,usable,1,0.5,1.1505322749784481,232.0,232.0,961.0981999999999,0,0.5129159688949585
mp-aaacoxdl,targeted,106,0135d8209820d49c6e7eacc05863bd085a9a6d4705f6964987c652bea884c3a5,Co:5|Li:9|Mn:2|O:16,0,4,32,Triclinic,0.0,4+,17-32,metal,0,441,2,aaadaecs,GGA+U,0.0,matched,usable,1,0.40625,1.5509977553124998,176.0,176.0,704.6259,0,0.5072479844093323
mp-aaacryec,targeted,107,06a97e97ced69775888257fa45b2e2cca5a0fcf8392aec5bb5cd17d0ebad5ca9,Ba:8|Ir:12|O:36|Sr:4,0,4,60,Hexagonal,0.0,4+,33-80,metal,0,1,1,aaacxntu,GGA,0.0,matched,usable,1,0.6171875,1.2972959211936936,444.0,444.0,2222.6119,0,0.3988513946533203
mp-aaacrpvc,targeted,108,01e8c42d8b3ce75b8fb580d796e57b6da25d5d6edbb2088ce3ab579b996a8500,K:2|O:32|P:8|V:6,0,4,48,Monoclinic,0.0,4+,33-80,metal,0,3,3,aaacyytj,GGA+U,0.0,matched,usable,1,0.5234375,1.1658768410443034,316.0,316.0,982.4495,0,0.5359351634979248
mp-aaachakn,targeted,109,03bf1a888c698576740bef708d74f575d51d8f8acf880cc6274a3e807cc4e192,Co:1|Mg:30|O:32|V:1,0,4,64,Tetragonal,0.0,4+,33-80,metal,0,2,0,,,,unresolved_no_match,unresolved_no_match,0,nan,nan,nan,nan,nan,0,
mp-aaabrtdh,targeted,110,01189d246bf7d04162c91f56f42dddeebf14ca9855c8022ed59f95e712252205,C:4|Li:4|Mn:4|O:28|P:4,0,5,44,Triclinic,0.9722000000000001,4+,33-80,gap_0_2,0,28,4,aaabuebz,GGA+U,0.0,matched,truncated,0,0.3828125,0.05661586661538461,260.0,260.0,22.8208,0,
mp-aaabsgzt,targeted,111,011505cef0ad5f58a37f0ec58b2df9d5e9f4690905d831119dc4cd7de7919c68,H:10|Li:2|Mn:2|O:18|P:4,0,5,36,Triclinic,3.812,4+,33-80,gap_gt_2,0,9,9,aaabukwl,GGA+U,0.0,matched,truncated,0,0.40625,0.06516536243975898,166.0,166.0,16.5964,0,
mp-aaacqzun,targeted,112,0141f52844558a29819323a986d30caf62183def4dad83856ae881668d421d61,N:2|Na:3|O:31|W:6,0,4,42,Triclinic,0.0,4+,33-80,metal,0,1,1,aaaecguf,GGA+U,0.0,matched,usable,1,0.4765625,3.27918764655709,289.0,289.0,1762.2209,9,0.5606261491775513
mp-aaacjgpk,targeted,113,014fab707f67efad9f1606f1419e0cbaae9d4629e42edba6b896786023916bf5,Ba:1|Fe:7|Mn:1|O:24|Sr:7,0,5,40,Trigonal,0.0,4+,33-80,metal,0,6,3,aaadamjx,GGA+U,0.0,matched,usable,1,0.3671875,1.4838089551877134,293.0,293.0,704.8671999999999,0,0.595346987247467
mp-aaabghqz,targeted,114,0123ad9a457f6d471cc42220f101a7ea0719038bafe7ff4bd0c12260e281f92f,Ce:2|Fe:4|N:24|O:48|Tl:10,0,5,88,Cubic,0.8355000000000001,4+,81+,gap_0_2,0,2,2,aaacbrzf,GGA+U,0.0,matched,truncated,0,0.390625,0.053304953720538735,594.0,594.0,51.927600000000005,0,
mp-aaaboctw,targeted,115,06d728a9e449d2a1551f92d9ee145b5af4a49bd68099c2aabf149f7ce697a326,Ce:2|Co:4|K:10|N:24|O:48,0,5,88,Cubic,0.0,4+,81+,metal,0,2,2,aaacbrzl,GGA+U,0.0,matched,truncated,0,0.5546875,0.0631532485573477,558.0,558.0,80.5665,0,
mp-aaacqzup,targeted,116,28111ac31ce1748b9cfa2171f620fd592c796d73ee9e4efad57481340d47679f,Na:12|O:66|P:12|Zn:12,0,4,102,Hexagonal,0.3851,4+,81+,gap_0_2,0,1,1,aaacycjq,GGA,1.2663363947187653e-07,matched,usable,1,0.703125,1.1510365213157905,684.0,684.0,2098.4631999999997,7,0.4595770239830017
mp-aaacqkfd,targeted,117,0c374c92cef032df0e55ad52e58e56c1bce97b1d2b24c25fc1623be44a6d2ecc,Au:2|K:38|Na:12|Tl:48,0,4,100,Hexagonal,0.0,4+,81+,metal,0,1,1,aaacxyiz,GGA,1.734772481714402e-05,matched,usable,1,0.703125,1.28360711665112,1072.0,1072.0,3556.7965,3,0.3997485637664795
mp-aaaboiub,targeted,118,01c27e582beb5837b3cfaff3261b5f0739be443590b7309b921629ad8ecd0e14,Br:4|C:24|H:48|N:12|P:4|Pd:2,0,6,94,Monoclinic,1.7182000000000002,4+,81+,gap_0_2,0,4,4,aaabpzbi,GGA,0.0,matched,truncated,0,0.703125,0.13422438937500003,272.0,272.0,69.4712,0,
mp-aaacpzrl,targeted,119,0693af5249a6c05ed590b24119ef46a525a5ed0d8950e26d8315cc90ae6479a1,Ba:12|Co:4|O:56|V:16,0,4,88,Monoclinic,0.0,4+,81+,metal,0,1,1,aaacxpgh,GGA+U,0.0,matched,usable,1,0.5390625,1.258246774184132,668.0,668.0,2899.5132000000003,16,0.5274548530578613
mp-aaacrdlz,targeted,120,01429eff6a22768b3ffcf7a7b1a6af01dcc5e3de03aa0609e16c1976670e9dc4,Ba:4|H:16|O:48|U:8|V:8,0,5,84,Orthorhombic,0.0,4+,81+,metal,0,1,1,aaacyaud,GGA+U,0.0,matched,usable,1,0.5234375,1.756871894347428,544.0,544.0,2335.5439,21,0.4334181547164917
mp-aaacqbgk,targeted,121,018252b9c67c66a206729a0a9fc65c465482f7a7e2dfef8a04e8272729963170,Ho:4|Nb:4|O:60|S:14,0,4,82,Tetragonal,0.13579999999999998,4+,81+,gap_0_2,0,1,1,aaacxnji,GGA,0.0,matched,usable,1,0.609375,1.1672016367366411,524.0,524.0,1703.3514,2,0.41566920280456543
mp-aaacqgde,targeted,122,07ddc46f76607fb476b46f7fc41fb1b32bef8714b72dc48e9c793a5fe9b3201b,C:16|Cl:8|Co:4|H:64|N:32|S:16,0,6,140,Tetragonal,0.0,4+,81+,metal,0,1,1,aaacycxk,GGA,0.0,matched,usable,1,0.875,2.138759767132355,476.0,476.0,3309.6984,8,0.472501665353775
mp-aaacozgc,targeted,123,011df5020815f5895b57c908291da53533021eb4a6603a3ccedcd408db5f4f91,Li:14|Mn:8|O:56|P:16,0,4,94,Triclinic,0.23550000000000004,4+,81+,gap_0_2,0,22,2,aaacxxoe,GGA+U,0.0,matched,usable,1,0.4140625,1.3290451922752815,534.0,534.0,1448.2295,5,0.5571389198303223
mp-aaafykqc,targeted,124,0116117251ea1db4d26a515186b73129c17002e98f8d6ca41a66a9faa134257d,La:3|O:72|S:9|Si:9|Ta:9,0,5,102,Triclinic,2.1926,4+,81+,gap_gt_2,0,0,0,,,,unresolved_no_task,unresolved_no_task,0,nan,nan,nan,nan,nan,0,
mp-aaafynrj,targeted,125,01d2235a44845f5ea375ab43c19772daa0de764cc3bbda5755b005d4dcc460fd,Ca:18|Na:42|O:144|S:21|Si:15|Sn:6,0,6,246,Triclinic,0.0,4+,81+,metal,0,0,0,,,,unresolved_no_task,unresolved_no_task,0,nan,nan,nan,nan,nan,0,
mp-aaafylgg,targeted,126,016522b1bd7fba30236331b30216408e241954bbfeebd2e0fb8d307c79c3824e,Ge:3|Na:6|O:72|S:18|Zn:9,0,5,108,Trigonal,0.1694,4+,81+,gap_0_2,0,0,0,,,,unresolved_no_task,unresolved_no_task,0,nan,nan,nan,nan,nan,0,
mp-aaabfxnx,targeted,127,09b148e2f2fb71faee06515041f9a4ad2fcb0ea8886a28c27a010dc5496976f7,Al:2|Nb:35|O:70|Rb:4,0,4,111,Trigonal,0.0,4+,81+,metal,0,3,3,aaacybii,GGA,0.0,matched,usable,1,0.6640625,1.2845323607733172,847.0,847.0,3987.0712,1,0.4331146478652954
mp-aaafzwcl,targeted,128,71867488c72fd1026b01de619fd5678601373ac4fe9ebbf7343d62c14fb19807,O:8,0,1,8,Monoclinic,2.6679999999999997,1,05-08,gap_gt_2,1,5,0,,,,unresolved_no_match,unresolved_no_match,0,nan,nan,nan,nan,nan,0,
mp-aaacjkeu,targeted,129,1311d7de8eacdc4925309b29a150a319d95a490d3a4a30569b708f8393b7880c,Ge:8,0,1,8,Orthorhombic,0.0,1,05-08,metal,1,0,0,,,,unresolved_no_task,unresolved_no_task,0,nan,nan,nan,nan,nan,0,
mp-aaacpfat,targeted,130,4875a57ea5748e24e58de7485f3665a57ff78d308d4924e24506b21aae28c77f,K:5,0,1,5,Tetragonal,0.0,1,05-08,metal,1,0,0,,,,unresolved_no_task,unresolved_no_task,0,nan,nan,nan,nan,nan,0,
mp-aaacggrr,targeted,131,924ce2726e8ab40d03faf5ddc397c722f588a31c1946e6dc4dcf3bd702982e69,O:6,0,1,6,Trigonal,2.3448,1,05-08,gap_gt_2,1,0,0,,,,unresolved_no_task,unresolved_no_task,0,nan,nan,nan,nan,nan,0,
mp-aaacsmow,targeted,132,083186806559c22b81761c19abb3ecc216378369f08de918d2b908e8747cda3a,Ti:6,0,1,6,Trigonal,0.0,1,05-08,metal,1,1,1,aaaeakvk,GGA,0.0,matched,usable,1,0.546875,2.761061136166665,60.0,60.0,481.2368,0,0.44135287404060364
mp-aaadjymn,targeted,133,4a72927af0ca66f4e37159e772674e60137dde9afa525a89b730085c262d0f83,N:16,0,1,16,Orthorhombic,0.46340000000000003,1,09-16,gap_0_2,1,0,0,,,,unresolved_no_task,unresolved_no_task,0,nan,nan,nan,nan,nan,0,
mp-aaackgno,targeted,134,408fd9aff26cef1395be0bb7fc55a59211e512fbe1bc01cd5346d0ca1c52a359,Nb:12,0,1,12,Triclinic,0.0,1,09-16,metal,1,3,3,aaadcfol,GGA,0.0,matched,usable,1,0.7109375,1.456343766704545,132.0,132.0,886.2626,0,0.3456989824771881
mp-aaabfsup,targeted,135,34430e64b6c40babb40a749afc776f76b617c04109e6c9d4c375058d109b2b58,S:28,0,1,28,Monoclinic,2.4962999999999997,1,17-32,gap_gt_2,1,0,0,,,,unresolved_no_task,unresolved_no_task,0,nan,nan,nan,nan,nan,0,
mp-aaacluaf,targeted,136,868b3cb2ddda58fe5845a583fc1f3521b90a8cc8b03658593e07e883409eb726,Br:32,0,1,32,Orthorhombic,1.4598,1,17-32,gap_0_2,1,2,2,aaacycqu,GGA,0.0,matched,usable,1,1.0,1.285713885133928,224.0,224.0,2095.0350128533346,1,0.48258522152900696
mp-aaabfyqr,targeted,137,5f8eb97cad0f4071ce329b8f4a0329a24d45226059229775d125097764342bed,S:28,0,1,28,Triclinic,2.4271,1,17-32,gap_gt_2,1,0,0,,,,unresolved_no_task,unresolved_no_task,0,nan,nan,nan,nan,nan,0,
mp-aaacqefu,targeted,138,a0157e98805b5c305eb7e910d2749ca6b38103d32a3f7718c7891f33b25fa19d,Ge:34,0,1,34,Cubic,1.0415,1,33-80,gap_0_2,1,0,0,,,,unresolved_no_task,unresolved_no_task,0,nan,nan,nan,nan,nan,0,
mp-aaacqmtq,targeted,139,4e1a14a5c8d5c174ef79d22df19a0310941c502acddefa079c32e5aab6c902f7,Si:68,0,1,68,Hexagonal,1.3630000000000004,1,33-80,gap_0_2,1,0,0,,,,unresolved_no_task,unresolved_no_task,0,nan,nan,nan,nan,nan,0,
mp-aaacrxtn,targeted,140,121b05ccc20a3ac09dea5e94899ccdfd135671e2b3f530d9e22f02f04eb3d3ba,As:2|P:2,0,2,4,Monoclinic,0.4581999999999997,2,01-04,gap_0_2,1,1,1,aaaefxwy,GGA,0.0,matched,usable,1,0.7890625,3.20581807675,20.0,20.0,204.41889999999998,0,0.24740467965602875
mp-aaacipjs,targeted,141,4dd7b2032999717c0dbcf24c2967faadd311ce1e75b802de0e0ef73b4b5e1342,N:3|Na:1,0,2,4,Monoclinic,3.9587,2,01-04,gap_gt_2,1,13,13,aaacipkq,GGA,1.1697155608596416e-16,matched,truncated,0,0.59375,0.1362387034090907,22.0,22.0,4.6283,0,
mp-aaaciqsq,targeted,142,0d5fb0b91946e15ba51c25f586b92fbe0131fa7504c7555587f37aa068d7cf78,S:2|Sb:2,0,2,4,Triclinic,0.0,2,01-04,metal,1,11,11,aaacueuu,unknown,0.0,incompatible_run_type,incompatible_run_type,0,nan,nan,nan,nan,nan,0,
mp-aaabgnbu,targeted,143,5c5678f8a401796160938bbc51910ff67b9faddb11eb162fd53245b1aaf1d99a,Cl:6|Ga:2,0,2,8,Triclinic,4.2073,2,05-08,gap_gt_2,1,6,6,aaadcosz,GGA,0.0,matched,usable,1,0.875,1.4656328332352944,68.0,68.0,358.1168,0,0.4527554214000702
mp-aaacjeth,targeted,144,023a05c0e70cf6a3b64bf71731c9a72e71f490764cae9766c6ed7cdb04c2ae75,Mg:6|Si:8,0,2,14,Triclinic,0.0,2,09-16,metal,1,58,2,aaadboly,GGA,0.0,matched,usable,1,0.5078125,2.022196565113637,44.0,44.0,377.8124,0,0.4090714156627655
mp-aaaaaary,targeted,145,39ab77b1fcbf709414f39049360efc97355ca1ef290b3b9672f3ae43e0f4edcc,F:15|Nb:6,0,2,21,Cubic,0.1513,2,17-32,gap_0_2,1,0,0,,,,unresolved_no_task,unresolved_no_task,0,nan,nan,nan,nan,nan,0,
mp-aaacqexi,targeted,146,4d00a06da27e19fafb042cecd026fa8facef7b6dd757a8030891d0e42a3d15f5,Br:8|N:24,0,2,32,Tetragonal,2.0113,2,17-32,gap_gt_2,1,2,2,aaaczuvl,GGA,0.0,matched,usable,1,0.796875,1.1576021928977267,176.0,176.0,869.5654999999999,2,0.5992417931556702
mp-aaabmses,targeted,147,090bcc0115b19a5990a3a18edde3e9cd139af6a074e433e2766d331c9e6d6b23,Br:112|In:80,0,2,192,Tetragonal,2.1422,2,81+,gap_gt_2,1,1,1,aaacewvv,GGA,0.0,matched,truncated,0,1.0,0.1378984744078947,1824.0,1824.0,1305.55560144,0,
mp-aaabqvwa,targeted,148,108e7aa9b80600ba866b4cdcb761834c06a8b9c4ce306d6e7ec3d096946486b6,F:1|O:2|V:1,0,3,4,Monoclinic,2.5114,3,01-04,gap_gt_2,1,8,8,aaaddryw,GGA+U,0.0,matched,usable,1,0.4140625,2.076366044333332,30.0,30.0,123.30800000000002,0,0.5536490678787231
mp-aaaceuqb,targeted,149,0545c7b6709c6b06b7ad6b7c70f869692ab5390c55d283a6bd03f376315de2ca,F:3|Rb:1|Sn:1,0,3,5,Triclinic,3.3929,3,05-08,gap_gt_2,1,8,8,aaadbshv,GGA,0.0,matched,usable,1,0.6796875,1.127633601136364,44.0,44.0,168.0435,0,0.41975951194763184
mp-aaacphst,targeted,150,039562968fd66e1025a04aaf91426cc2ea27dd3bd7726e6254e896d00a4a1870,Ba:2|O:6|Tb:2,0,3,10,Triclinic,0.0,3,09-16,metal,1,7,7,aaaeagel,GGA,0.0,matched,usable,1,0.671875,2.1587410432432432,74.0,74.0,346.1446,0,0.3340495228767395
mp-aaabrfba,targeted,151,0194e49f91fc557f02bbaf9d908ef079f6b9ca3eeba0a5fad595e875b46ec353,Co:4|Na:24|O:16,0,3,44,Hexagonal,0.7895999999999996,3,33-80,gap_0_2,1,8,8,aaadpnwl,GGA+U,0.0,matched,usable,1,0.828125,0.8413085958166678,300.0,150.0,1412.8083000000001,2,0.4184510409832001
mp-aaabeurh,targeted,152,0128fde2b4c300e9728d5005b341e191a80553d1e5aadf57b0accbb2dc47eded,As:24|La:8|Si:8,0,3,40,Orthorhombic,0.0,3,33-80,metal,1,3,3,aaacxmim,GGA,0.0,matched,usable,1,0.6171875,1.2344401692291669,240.0,240.0,1614.7111,0,0.3684290051460266
mp-aaacqcbd,targeted,153,01806510eeddc198371cbb03016a4bd197fb6f5f1d6b94503414ba789ca9704d,Fe:26|La:12|Pb:2,0,3,40,Tetragonal,0.0,3,33-80,metal,1,4,4,aaadamxj,GGA,0.0,matched,usable,1,0.4453125,1.9835670390353248,368.0,368.0,1872.5043,13,0.5140551924705505
mp-aaacqjfr,targeted,154,15f9e60ef1f3228e77f5fb7de99656f912de6b54249d857349e327c6d2277c83,C:18|O:72|Sm:18,0,3,108,Hexagonal,0.07269999999999999,3,81+,gap_0_2,1,2,1,aaacyehm,GGA,1.1796395154595745e-07,matched,usable,1,0.5390625,1.321953701388889,702.0,702.0,2180.4444,6,0.4221387803554535
mp-aaabwkzr,targeted,155,04496c2c9d954212da0647bc27af1bb0bea1c58160ec67dd6d75038cc17c0f32,Li:16|O:48|V:20,0,3,84,Monoclinic,0.7448000000000001,3,81+,gap_0_2,1,3,3,aaacxzoh,GGA+U,0.0,matched,usable,1,0.4609375,1.5877962330820607,524.0,524.0,2267.1483,8,0.5067313313484192
mp-aaacqwkp,targeted,156,0651d94e475f22b555f4bad0b20da0efa1a2b7ca587bfc66e6f2c9eabf859d84,Cl:60|Nb:24|Rb:4,0,3,88,Orthorhombic,1.0719,3,81+,gap_0_2,1,1,1,aaacxzoq,GGA,0.006297300997703328,matched,usable,1,0.671875,1.0886128021249997,720.0,720.0,3651.3192,13,0.44867390394210815
mp-aaacrpfa,targeted,157,aecfe8f6c835d850f871d9c6613f800c5ecb490fc75c97e11941695f3e887591,Ce:1|La:1|Ni:1|Pt:1,0,4,4,Orthorhombic,0.0,4+,01-04,metal,1,6,6,aaadeczb,GGA,0.0,matched,usable,1,0.359375,2.594489579186046,43.0,43.0,270.9081,0,0.6028920412063599
mp-aaacrpfo,targeted,158,454fd229474ab1f145566820e57666e1af5e90c269315276dae829ff05cc3f4a,Ce:1|F:2|La:1|O:4,0,4,8,Hexagonal,0.024499999999999744,4+,05-08,gap_0_2,1,1,1,aaaegdhe,GGA,0.0,matched,usable,1,0.5078125,3.0877139604918007,61.0,61.0,508.6097,3,0.5606915354728699
mp-aaacrpfr,targeted,159,0471ddc86fb8276c90e63cae4af4dc695c21130a36134404723e78abca510578,Ce:1|La:1|Ru:2|Sn:2,0,4,6,Monoclinic,0.0,4+,05-08,metal,1,1,1,aaaecjru,GGA,0.0,matched,usable,1,0.53125,1.9361204528481006,79.0,79.0,535.5869,0,0.4825207591056824
mp-aaaewqan,targeted,160,03c9f31ac39b7a8b5efaaf7c41268a47ba0810dd9f7a596556417b93ab69de30,Ba:1|Cu:1|Mg:1|O:2,0,4,5,Orthorhombic,0.0,4+,05-08,metal,1,0,0,,,,unresolved_no_task,unresolved_no_task,0,nan,nan,nan,nan,nan,0,
mp-aaaczhvw,targeted,161,010ee1dfb2a8dd0adebf455a352b50c2189ea67b00abd0c6f8e09a6ce5a420d8,As:4|Mg:4|O:20|Ti:4,0,4,32,Orthorhombic,0.0,4+,17-32,metal,1,2,2,aaaczhvw,GGA,0.0,matched,usable,1,0.515625,1.3692222696276595,188.0,188.0,812.7821,1,0.5102327466011047
mp-aaacovht,targeted,162,019a613922e243e43ad74158fbc7155f29e2e749a28fd9b60df17ebf92b806e2,Co:2|Li:6|Mn:2|O:10,0,4,20,Trigonal,0.0,4+,17-32,metal,1,62,0,,,,unresolved_no_match,unresolved_no_match,0,nan,nan,nan,nan,nan,0,
mp-aaacrbyh,targeted,163,01eb41a14cc5ba614a3ff754f8965a92c548c4140af678aed7188717286e213c,C:2|Ca:10|O:24|P:6,0,4,42,Hexagonal,0.5296999999999996,4+,33-80,gap_0_2,1,2,2,aaaczehv,GGA,0.0,matched,usable,1,0.546875,1.267194353865248,282.0,282.0,1137.8462,3,0.5590379238128662
mp-aaacrygh,targeted,164,0175297c75d6a4e1b956ff577aacbb640d5f0441d95f9dd323d5376a79526468,Ba:10|Cu:20|O:40|Pr:4|Y:1,0,5,75,Orthorhombic,0.0,4+,33-80,metal,1,0,0,,,,unresolved_no_task,unresolved_no_task,0,nan,nan,nan,nan,nan,0,
mp-aaabngcf,targeted,165,7cf21dc2b8e3643765e6a6c69a5a9a7d627912ee0600664595162eab903e2812,Na:1,0,1,1,Cubic,1.1475,1,01-04,gap_0_2,2,9,9,aaadcqff,GGA,0.00981281212272866,matched,usable,1,0.6484375,8.257591307142857,7.0,7.0,124.88129999999998,0,0.456268310546875
mp-aaackhys,targeted,166,8993de193132451086c29307d92a9a036bbb972e5a7ae8b8f596a04eadbd486b,Ta:8,0,1,8,Hexagonal,0.0,1,05-08,metal,2,0,0,,,,unresolved_no_task,unresolved_no_task,0,nan,nan,nan,nan,nan,0,
mp-aaaaatej,targeted,167,02ad0bb9844ebd62e8908938014490592d4dcf6be14493133e2c07328e94bfc9,O:8,0,1,8,Monoclinic,1.3316,1,05-08,gap_0_2,2,7,7,aaablnrr,GGA,0.0,matched,truncated,0,1.0,0.17867684854166654,48.0,48.0,26.89168064000001,0,
mp-aaabpuca,targeted,168,7bdd014422a4dbd8d58270dbb43d2e1956cc506b68a9ee898ebddf21482fa1b8,O:12,0,1,12,Tetragonal,1.2707000000000002,1,09-16,gap_0_2,2,3,3,aaabpuca,GGA,0.0,matched,usable,1,0.65625,1.6386015885416652,72.0,72.0,310.891,1,0.47885456681251526
mp-aaacpntz,targeted,169,0ab20c22c8376ad96abb38e0bf94e9318888fef52167a1b1c15bfb2ac5c414ed,Rb:29,0,1,29,Cubic,0.0,1,17-32,metal,2,0,0,,,,unresolved_no_task,unresolved_no_task,0,nan,nan,nan,nan,nan,0,
mp-aaabpqgg,targeted,170,ec342ebaa46f780757b9f46b71c2ea8c97c98e58c3eb9f8f7b53dcc3ba1002d5,C:28,0,1,28,Monoclinic,1.6096000000000001,1,17-32,gap_0_2,2,4,4,aaabpqgg,GGA,0.0,matched,usable,1,0.9375,1.5504351646875005,112.0,112.0,824.7176000000001,0,0.5651633143424988
mp-aaadbynk,targeted,171,041b308d85ed4f0002ea817badc763f326bdf03bfef9289b6e860ae974415ca9,La:2|O:6,0,2,8,Triclinic,0.0,2,05-08,metal,2,7,5,aaadbynk,GGA,0.0,matched,usable,1,0.6953125,1.6237781339655175,58.0,58.0,425.82899999999995,1,0.4421809911727905
mp-aaackygx,targeted,172,06c7d0210a96c5159dcb245a2ba2b07d884a0f66deeed49761af2d837d8f258e,Nd:14|Pd:6,0,2,20,Hexagonal,0.0,2,17-32,metal,2,2,2,aaaedffj,GGA,0.0,matched,usable,1,0.59375,2.2040518392523354,214.0,214.0,1501.4628,3,0.4341368079185486
mp-aaaaaaxu,targeted,173,039a71dd55499922f5f21a0196540ce2ac02d3cf805f2dafba2c9e50661f3c5d,Pd:14|Se:4,0,2,18,Monoclinic,0.0,2,17-32,metal,2,0,0,,,,unresolved_no_task,unresolved_no_task,0,nan,nan,nan,nan,nan,0,
mp-aaacrcck,targeted,174,119aee1c52c54bf927e46fc6c4c7228dc3dd9bcb168c43d06bec238968b0b9c2,C:24|F:24,0,2,48,Hexagonal,4.467000298470406,2,33-80,gap_gt_2,2,3,3,aaacytjn,GGA,0.0,matched,usable,1,0.6953125,1.4430389205303018,264.0,264.0,1016.5756,4,0.5277575254440308
mp-aaabetuy,targeted,175,0944d0ab301e3dd4188fed6e26e5c157387c61eb54bfa4690ca9e3b95a2914dc,B:16|S:32,0,2,48,Monoclinic,2.5564,2,33-80,gap_gt_2,2,0,0,,,,unresolved_no_task,unresolved_no_task,0,nan,nan,nan,nan,nan,0,
mp-aaabqwzi,targeted,176,07f255b2ea30119f37d38bc31857086f9c0517cfeba597f4b3786bedad36bd53,Cu:1|Li:1|S:2,0,3,4,Monoclinic,0.0,3,01-04,metal,2,4,4,aaabzedv,GGA,0.0,matched,truncated,0,0.296875,0.050746080416666665,24.0,24.0,2.164,0,
mp-aaacrjqf,targeted,177,059f96801651a5a42d940a52985949e239a3fa2114fd6b3615d4cb6b6f027f64,Ir:1|P:3|Si:3,0,3,7,Triclinic,0.9857000000000005,3,05-08,gap_0_2,2,7,1,aaadvqmi,GGA,nan,matched,usable,1,1.0,2.666696069861111,36.0,36.0,377.70977189333337,0,0.13651326298713684
mp-aaaabipw,targeted,178,01396f8cf2fbc63c454c851c9ff3c03455d14cefdb07a63383d02e663f8b4200,Cl:12|Mo:4|N:4,0,3,20,Triclinic,1.6768,3,17-32,gap_0_2,2,0,0,,,,unresolved_no_task,unresolved_no_task,0,nan,nan,nan,nan,nan,0,
mp-aaabmsgo,targeted,179,112429ccb3e8d97cfe4b9b35e848cd44c0704708f7a5a158726b1d8ee279df3c,Ba:24|Ga:48|O:96,0,3,168,Hexagonal,3.0272,3,81+,gap_gt_2,2,1,1,aaabqfid,GGA,0.0,matched,truncated,0,1.0,0.16580241642013888,1440.0,1440.0,757.3466257599998,0,
mp-aaabfsvp,targeted,180,0192178a55297f38496b3efb0eeb603ad40e01c25850594d692cbdf528b77f3a,Lu:8|O:72|P:24,0,3,104,Trigonal,5.6749,3,81+,gap_gt_2,2,2,2,aaabolya,GGA,0.0,matched,truncated,0,1.0,0.18097016788461515,624.0,624.0,410.1457012266668,0,
mp-aaacroik,targeted,181,134f68299045356ac78e699f307866440640b44b920cc485b8aaf1d696c464a5,C:1|Li:1|N:1|O:1,0,4,4,Trigonal,4.8114,4+,01-04,gap_gt_2,2,2,2,aaaddcqd,GGA,0.0,matched,usable,1,0.328125,3.5714143253125004,16.0,16.0,37.766400000000004,0,0.5501826405525208
mp-aaacrozy,targeted,182,805749e06541ef242d6c00456a620e458bff16a4ffb48bc5820f577fad0f33ac,Al:1|La:1|Mn:1|Ni:3,0,4,6,Hexagonal,0.0,4+,05-08,metal,2,6,6,aaadbrou,GGA,0.0,matched,usable,1,0.3203125,2.2455738512280714,57.0,57.0,251.0033,0,0.5486286282539368
mp-aaacrpyb,targeted,183,0600b8911245e6b6bf8a1a793131e8461fd5d73747edd1339d8a8f3984661590,C:2|K:2|N:2|S:2,0,4,8,Orthorhombic,4.2285,4+,05-08,gap_gt_2,2,0,0,,,,unresolved_no_task,unresolved_no_task,0,nan,nan,nan,nan,nan,0,
mp-aaacqgvf,targeted,184,0359a415bc94f940d02d28e775804f9b4bacf75e02446dd15935fc1f790396fb,Br:24|Mg:4|O:24|Te:4,0,4,56,Cubic,0.6567000000000001,4+,33-80,gap_0_2,2,1,1,aaacyvrf,GGA,1.0946613101392395e-07,matched,usable,1,0.53125,1.2533085310319763,344.0,344.0,1557.9053,5,0.5743217468261719
mp-aaabfpxr,targeted,185,0171eb6921d22d3a819dc7a31f99756f46814076bfe6f7d6f600e449d76da69f,C:24|Cs:12|K:4|N:24|Re:24|S:32,0,6,120,Cubic,2.1868000000000003,4+,81+,gap_gt_2,2,2,2,aaabostb,GGA,0.0,matched,truncated,0,1.0,0.16176383284143533,864.0,864.0,596.9768,0,
mp-aaabqjqv,targeted,186,02514e3b9a8a1c660b9c9a7fa20b1f17f09b038407c3fe47a75db5d5de5097be,Fe:12|H:32|Na:4|O:56|P:8,0,5,112,Tetragonal,2.2698,4+,81+,gap_gt_2,2,3,3,aaabwouo,GGA+U,0.0,matched,truncated,0,0.34375,0.049488004849624054,532.0,532.0,40.3953,0,
mp-aaabryzd,targeted,187,0124e5a7dd2d1599bb8f82f2c666ac671173126d089b099a023edc7ed33eb05b,Li:12|Mn:12|O:54|Si:18,0,4,96,Trigonal,2.7177,4+,81+,gap_gt_2,2,7,7,aaabuhfz,GGA+U,0.0,matched,truncated,0,0.3984375,0.06969490781028376,564.0,564.0,49.5451,0,
mp-aaaegugh,targeted,188,f950c2291bf664de1a525da9c466c7b2f42ee7e3382427385ca031dc1f9eacae,Bi:4,0,1,4,Monoclinic,0.08230000000000004,1,01-04,gap_0_2,3,19,0,,,,unresolved_no_match,unresolved_no_match,0,nan,nan,nan,nan,nan,0,
mp-aaaegygx,targeted,189,33b2ea2e6d7545210d025a6c59797fa1d08b99cd1720c0ceef004e3d748f33b2,Bi:4,0,1,4,Orthorhombic,0.06550000000000011,1,01-04,gap_0_2,3,19,0,,,,unresolved_no_match,unresolved_no_match,0,nan,nan,nan,nan,nan,0,
mp-aaabgjcq,targeted,190,3b9d22803de0860d6672dd1167b6352d46482d3fb4a9030927e887ff7ab951d2,N:16,0,1,16,Trigonal,6.9924,1,09-16,gap_gt_2,3,0,0,,,,unresolved_no_task,unresolved_no_task,0,nan,nan,nan,nan,nan,0,
mp-aaabmhcb,targeted,191,03fc78395623234fdb1582627f3f2bbb3d8f0054bc74cd9f15f06a0b511b8f80,In:12|Se:18,0,2,30,Hexagonal,0.9081,2,17-32,gap_0_2,3,5,5,aaabptfs,GGA,0.0,matched,truncated,0,1.0,0.2502192680113638,264.0,264.0,221.3820140800001,0,
mp-aaaabakz,targeted,192,01cbdbbab10f1127e8f91719eb83fe35dd554c7a636753ce9b06a94e03611d4f,Sb:8|Tm:24,0,2,32,Tetragonal,0.0,2,17-32,metal,3,0,0,,,,unresolved_no_task,unresolved_no_task,0,nan,nan,nan,nan,nan,0,
mp-aaacphpw,targeted,193,02e8350ea89195bc0b250af7b5cf4008339e6713b9b4b6278865a91384d71cef,C:60|Eu:6,0,2,66,Cubic,0.1966000000000001,2,33-80,gap_0_2,3,2,2,aaacxnrn,GGA,0.0,matched,usable,1,0.5390625,1.7414747990136055,294.0,294.0,1663.6233,1,0.4895988702774048
mp-aaacqdgp,targeted,194,05142e8774ce10627ab6a7a3a0b82bdefcb5f01cd44eb17836e9d821e8ac5617,Hg:33|Sr:3,0,2,36,Cubic,0.0,2,33-80,metal,3,2,2,aaadagsv,GGA,0.0,matched,usable,1,0.5859375,1.2102387784507045,426.0,426.0,1216.1235000000001,0,0.4259309768676758
mp-aaacqhnq,targeted,195,01127cb1b9ae56e8c11bd2a4606ed50bce02a82706f03da17247a586e5252f3e,O:40|U:12,0,2,52,Monoclinic,0.07850000000000001,2,33-80,gap_0_2,3,2,2,aaaeiuod,GGA,0.0,matched,usable,1,0.5546875,2.4325312832230384,408.0,408.0,3243.0496,16,0.4769607186317444
mp-aaabnpfc,targeted,196,0520eb320e4437bcb0df2f4705b867fdf5ef6d9a4041cbb3b692e5e67cf8b92b,F:2|In:1|O:1,0,3,4,Monoclinic,0.5939,3,01-04,gap_0_2,3,7,7,aaadckgr,GGA,0.0,matched,usable,1,0.375,4.245989738030303,33.0,33.0,86.21189999999999,0,0.581821084022522
mp-aaackfts,targeted,197,0af1ec793dde1e3899663d31b2440d35faae1ec125ddfc66536408816634900b,Hg:1|Se:1|Tl:2,0,3,4,Orthorhombic,2.4546,3,01-04,gap_gt_2,3,1,1,aaaczlzh,GGA,0.0,matched,usable,1,1.0,0.9446749640909108,44.0,44.0,320.9250943466672,0,0.5673578977584839
mp-aaabrogz,targeted,198,0136dd98e60c48576ffa890df71129b8b3b5ed96e4250e69da1c58a69cf09d9e,Ag:2|F:12|Li:4,0,3,18,Tetragonal,0.0,3,17-32,metal,3,0,0,,,,unresolved_no_task,unresolved_no_task,0,nan,nan,nan,nan,nan,0,
mp-aaacptda,targeted,199,015f3843c9d7d1523de6cb81d40a791626e0dc5822b9f62d8d80e7132f14fcbd,Fe:17|H:3|Sm:2,0,3,22,Trigonal,0.0,3,17-32,metal,3,8,8,aaacufdx,unknown,0.0,incompatible_run_type,incompatible_run_type,0,nan,nan,nan,nan,nan,0,
mp-aaacrdhf,targeted,200,018b3cfa64ef91d8c15e2473d8c7ba30881f7710be2e05e9305b58bb55a38198,Ag:36|Al:4|Se:24,0,3,64,Cubic,0.3036000000000003,3,33-80,gap_0_2,3,0,0,,,,unresolved_no_task,unresolved_no_task,0,nan,nan,nan,nan,nan,0,
mp-aaacruen,targeted,201,012adb6b976c1bdc1f048207e97a8c6caa5226b04b4fb26026725d8dd5a2a396,Co:2|Cr:4|S:6|Se:2,0,4,14,Orthorhombic,0.0,4+,09-16,metal,3,1,1,aaaefvcl,GGA,0.0,matched,usable,1,0.46875,2.026046741929824,114.0,114.0,715.9141,0,0.4621424078941345
mp-aaabdbec,targeted,202,0153db3dcfb236ee184800407f33d5e3e6a4871718c94de245428d79951eb444,Al:8|C:4|Co:4|Ta:12,0,4,28,Cubic,0.0,4+,17-32,metal,3,10,10,aaacayzr,GGA,0.0,matched,truncated,0,0.578125,0.07694067026442307,208.0,208.0,61.247400000000006,0,
mp-aaackrxe,targeted,203,0142738515db3801619903b6f31a56bf67573215358c7cf6beeb4f9bc717de05,Cl:4|Co:4|O:8|Sr:6,0,4,22,Tetragonal,0.0,4+,17-32,metal,3,8,6,aaacvmpg,GGA+U,0.0,matched,usable,1,0.6015625,1.5669924949418599,172.0,86.0,943.9884999999999,0,0.38310617208480835
mp-aaacqzeh,targeted,204,04be17302351b40701a35c13b4f0e9d84731a3fd93fcca04714510e31f16e8de,Cr:8|K:8|O:48|P:12,0,4,76,Cubic,0.0,4+,33-80,metal,3,1,1,aaaczria,GGA+U,0.0,matched,usable,1,0.46875,1.364347434437984,516.0,516.0,1658.9619,2,0.4504812955856323
mp-aaacrbdn,targeted,205,010e4c2721bbd7d88a03ad862002f96ad517b498890c197debda88b3c3c7be98,Cr:12|H:12|K:20|N:4|O:68|U:4,0,6,120,Orthorhombic,1.7,4+,81+,gap_0_2,3,0,0,,,,unresolved_no_task,unresolved_no_task,0,nan,nan,nan,nan,nan,0,
mp-aaacrfbn,targeted,206,0120e2651ced85a503d62a9ed9d3b93a63a3bce425a9d325f9c06aa33454a310,Mg:25|Y:4,0,2,29,Trigonal,0.0,2,17-32,metal,4,2,2,aaaczdfw,GGA,0.0,matched,usable,1,0.5390625,1.4806706221276595,94.0,94.0,796.2435,1,0.46937286853790283
mp-aaacswti,targeted,207,0121580195116f8bfec2dbe8e409073a2df3f9bcd4079d40ad33f6edcaf60c02,Cr:4|N:8|Ni:6,0,3,18,Monoclinic,0.0,3,17-32,metal,4,1,1,aaaeaceb,GGA,0.0,matched,usable,1,0.296875,2.894015799358108,148.0,148.0,686.7305,0,0.6387377977371216
mp-aaabrfbg,targeted,208,010c83a09c6ca90a00b2c7097dd0da3abe857f5bc76c96f7535fdae12439e0fc,Co:1|Fe:3|Li:2|O:8,0,4,14,Monoclinic,0.0,4+,09-16,metal,4,8,5,aaadqghp,GGA+U,0.0,matched,usable,1,0.3515625,2.901539622530123,83.0,83.0,260.2732,0,0.4450138807296753
mp-aaacsewk,targeted,209,0137f20826e7b6dc7b3b5d981dcc99f71ea41eb60918d4edf05d0b783b05afe9,Ga:2|Mg:1|Mn:2|O:10|Sr:4,0,5,19,Monoclinic,0.0,4+,17-32,metal,4,3,1,aaacsewk,GGA+U,0.0,matched,usable,1,0.4296875,1.3783777113636366,154.0,154.0,501.5054,0,0.5565903782844543
mp-aaacwgyr,targeted,210,01221fdc5586f8a5c34edfe125ab32b773f556fc7b6933061b6632b059cb245e,F:4|Li:8|Mn:4|O:8,0,4,24,Triclinic,1.7081000000000002,4+,17-32,gap_0_2,4,91,4,aaacwzsa,GGA+U,1.2682255593585672e-16,matched,usable,1,0.421875,1.1819882640073531,136.0,68.0,524.0208,0,0.4283651113510132
mp-aaacrazc,targeted,211,0347f28057ba3ab6e0e1544a75a7028aa87839d53288e944e0935037752f7a89,Ga:24|Ge:24|K:24|O:96,0,4,168,Hexagonal,3.1871,4+,81+,gap_gt_2,4,0,0,,,,unresolved_no_task,unresolved_no_task,0,nan,nan,nan,nan,nan,0,
mp-aaacrjdl,targeted,212,015e3376a34592ad00c71b98feead9a1f314ea294dfef3d6ab44f146503fbd6e,Pd:12|Si:12|Sr:2,0,3,26,Orthorhombic,0.0,3,17-32,metal,5,0,0,,,,unresolved_no_task,unresolved_no_task,0,nan,nan,nan,nan,nan,0,
mp-aaabwinj,targeted,213,059b7fce4f59f4212c7efc2cc94aa1183407b2c014f35c6f7f0b037937bf3849,F:68|Fe:20|Li:8,0,3,96,Orthorhombic,2.9095,3,81+,gap_gt_2,5,0,0,,,,unresolved_no_task,unresolved_no_task,0,nan,nan,nan,nan,nan,0,
mp-aaacfxyi,targeted,214,02befe794285c57d87785d2dc83d753d62338c74e96c9f3d79261b3908d67aff,Co:1|Fe:1|Ge:1|Ti:1,0,4,4,Cubic,0.0,4+,01-04,metal,5,8,8,aaacfyhv,GGA,0.0,matched,truncated,0,0.34375,0.04675674390243902,41.0,41.0,4.2226,0,
mp-aaacrkny,targeted,215,07bad1f01cc1e0659dbefba4e568ae0c18788579323f50a7a53f5bae8757a783,In:1|Mo:6|Rb:1|Te:6,0,4,14,Hexagonal,0.05109999999999992,4+,09-16,gap_0_2,5,1,1,aaadzszq,GGA,0.0,matched,usable,1,0.6015625,1.7933121941923083,130.0,130.0,932.2622,0,0.4323030710220337
mp-aaacqiiw,targeted,216,01254895ab2cfced11756227e57c30e15427c231d8a630bfce473e47ad000bcc,H:32|O:48|P:8|Zn:12,0,4,100,Orthorhombic,3.7539000000000002,4+,81+,gap_gt_2,5,2,2,aaacxjxo,GGA,0.0,matched,usable,1,0.796875,1.3250959253869055,504.0,504.0,2656.5104,2,0.3137146830558777
mp-aaackgmu,targeted,217,01cbde39e5f70a858c8192d006c29dc98d3e3e92e1ce7e62028580b810dab5a3,Co:2|Nb:8|S:16,0,3,26,Hexagonal,0.0,3,17-32,metal,6,0,0,,,,unresolved_no_task,unresolved_no_task,0,nan,nan,nan,nan,nan,0,
mp-aaabrvge,targeted,218,098af94cadabc43262b3867135204d14e21a049e433ae50ba4bd055ec14791ec,Gd:2|O:38|Ta:14,0,3,54,Hexagonal,2.7025,3,33-80,gap_gt_2,6,4,4,aaabwtdi,GGA,0.0,matched,truncated,0,0.453125,0.06148235333749994,400.0,400.0,63.316500000000005,0,
mp-aaaewzzn,targeted,219,015aa05400418143c0600fee568ef7203ecb8c7947bd4ec38b42abd926a72839,Cu:2|Mg:1|O:10|S:2,0,4,15,Triclinic,0.007300000000000084,4+,09-16,gap_0_2,6,1,1,aaaexacv,GGA,0.0,matched,usable,1,0.3203125,1.279294100677084,96.0,96.0,222.70350000000002,0,0.5245842337608337
mp-aaacgbxy,targeted,220,01677d005c2d8e5f42b1b27cc8c49bdcb6714b29485edb0330035e47c306e431,O:20|Si:6|Sr:2|Y:4,0,4,32,Triclinic,4.9314,4+,17-32,gap_gt_2,6,10,10,aaadbxru,GGA,0.0,matched,usable,1,0.5078125,1.26629473625,208.0,208.0,633.3866,0,0.30029380321502686
mp-aaafyivv,targeted,221,011b1f011548ca9a8e6498b07bebfa96f13630a4b7bc2e6fed11a2168effeb88,Na:18|Nb:2|O:72|P:12|S:6|Zn:10,0,6,120,Monoclinic,2.6048,4+,81+,gap_gt_2,6,0,0,,,,unresolved_no_task,unresolved_no_task,0,nan,nan,nan,nan,nan,0,
mp-aaacjlbo,targeted,222,3e208581b7f20eecf9c518b675e745a8f3ae5e18baabbdde9ad597f41a679af2,C:4|H:4,0,2,8,Cubic,4.9171,2,05-08,gap_gt_2,7,6,6,aaadbbqa,GGA,0.0,matched,usable,1,0.515625,3.21542321,20.0,20.0,66.9284,0,0.30974286794662476
mp-aaacjbrj,targeted,223,014a91e4a4784769d57699ca0c3ace12439d685e0b0a3fca7570a47cef439c07,Mg:4|Si:8,0,2,12,Monoclinic,0.0,2,09-16,metal,7,115,5,aaadbldp,GGA,0.0,matched,usable,1,0.5234375,1.7897334283750002,40.0,40.0,318.2273,0,0.42097207903862
mp-aaackkql,targeted,224,05941d124ea9364464a3f65255e19c128170ea6d8e46d24899cdd5b0345ba55b,Cr:4|N:8,0,2,12,Triclinic,0.10142154109306833,2,09-16,gap_0_2,7,3,3,aaadatqt,GGA,0.0,matched,usable,1,0.5078125,1.1134904426136365,88.0,88.0,486.28700000000003,0,0.4754658043384552
mp-aaacqcuw,targeted,225,0875a3a330050bf7f57520f6d33161cdbbf57b77a2de51c8a41452132df2c32f,P:44|Rb:12,0,2,56,Orthorhombic,2.1608,2,33-80,gap_gt_2,7,0,0,,,,unresolved_no_task,unresolved_no_task,0,nan,nan,nan,nan,nan,0,
mp-aaackjip,targeted,226,0198b727490cd6726f0ab59685ab5e149d44aa7cfb99af534f25fd2046bd47a3,In:1|Os:1|Sc:2,0,3,4,Orthorhombic,0.10009999999999986,3,01-04,gap_0_2,7,2,2,aaacyjzc,GGA,0.0,matched,truncated,0,0.4296875,0.3630594007142858,49.0,49.0,93.5658,0,
mp-aaabghff,targeted,227,05465c5605563fde0aca8c86a4a2eb278472c5944bd5a3131897002ab8225a04,C:2|I:1|K:1|N:2,0,4,6,Monoclinic,4.5355,4+,05-08,gap_gt_2,7,8,8,aaabneyq,GGA,0.0,matched,truncated,0,1.0,0.21499742264705834,34.0,34.0,28.654141173333336,0,
mp-aaabsdyo,targeted,228,015383c023c8537b89528bd8b8eff143b81c60d8c05f0b17a7f34fef4b45c4f2,Cr:2|Cu:1|Fe:3|O:24|P:6,0,5,36,Trigonal,0.5381,4+,33-80,gap_0_2,7,6,6,aaabuizq,GGA+U,0.0,matched,truncated,0,0.296875,0.044630088004291836,233.0,233.0,15.6505,0,
mp-aaacrtls,targeted,229,0bbd1ec75a9f564b129c926f835f914fa221a4f8a6e29760d534eb41efacd8ac,Cs:1|N:3,0,2,4,Tetragonal,3.79,2,01-04,gap_gt_2,8,1,1,aaaecimi,GGA,0.0,matched,usable,1,0.6171875,2.9321220175000007,24.0,24.0,111.67670000000001,0,0.4196377992630005
mp-aaaabspg,targeted,230,0e6451340a48356a86f6c91d2f9bbb223a9f3630173452cc06392be5e9158ff1,Be:16|I:32,0,2,48,Tetragonal,4.1400999999999994,2,33-80,gap_gt_2,8,0,0,,,,unresolved_no_task,unresolved_no_task,0,nan,nan,nan,nan,nan,0,
mp-aaacqggv,targeted,231,04700358e42b0d5bb2329c5f367b330fe59b47ad5dfdef8d380074e3e6eb52e1,N:24|Nd:8|O:72,0,3,104,Monoclinic,3.1501,3,81+,gap_gt_2,8,2,2,aaacyacd,GGA,0.0,matched,usable,1,0.546875,1.300003523929687,640.0,640.0,1773.6649000000002,7,0.4052404761314392
mp-aaacrnee,targeted,232,6ebe08346b22f3ef101e60e273048581b1a09400e52b28fe2c42d5cdea01934f,Al:1|Cu:1|Mn:1|Pd:1,0,4,4,Tetragonal,0.0,4+,01-04,metal,8,12,6,aaaddguq,GGA,0.0,matched,usable,1,0.3046875,3.6485715912162178,37.0,37.0,128.5444,0,0.5872746706008911
mp-aaabfuzs,targeted,233,3e6401d7aaa0084053565accf10c592b352657fcaf23089ad0d7c1c3ad5cda5f,C:2|Cu:2|N:2|S:2,0,4,8,Hexagonal,2.0768,4+,05-08,gap_gt_2,8,8,8,aaabmcnz,GGA,0.0,matched,truncated,0,0.640625,0.08857218990384617,52.0,52.0,18.7895,0,
mp-aaacrtjy,targeted,234,01bd6ff7df77634b7eb8f19345f4244ee678694b2a4f605096f5d9e46f785d39,Er:3|Ga:2|Ge:1|Mn:3,0,4,9,Hexagonal,0.0,4+,09-16,metal,8,7,7,aaadcixb,GGA,0.0,matched,usable,1,0.4453125,1.485341225613209,106.0,106.0,342.314,0,0.46890005469322205
mp-aaaddere,targeted,235,54c063bf9be60c2ca3b0a1a06e9b8267abc65b44f724b1f8d50a3038cca360e4,O:2|Ti:1,0,2,3,Trigonal,2.6004,2,01-04,gap_gt_2,9,7,7,aaaddere,GGA,0.0,matched,usable,1,0.40625,2.6844601897727283,22.0,22.0,80.95749999999998,0,0.5698147416114807
mp-aaaaazkl,targeted,236,17088636b5718b87c6f9b627fd21e7d403b88031a28ae99a74d98fbaedf3ad6c,F:18|La:6,0,2,24,Hexagonal,4.9199,2,17-32,gap_gt_2,9,8,8,aaabmvmf,GGA,0.0,matched,truncated,0,1.0,0.18988374604166658,192.0,192.0,255.1561448533333,0,
mp-aaacqlwo,targeted,237,01557c415efb7ec9a4e90e235d7be2af697a56a600405fe3fee2c483eafccbba,Mn:32|O:48,0,2,80,Trigonal,0.21880000000000033,2,33-80,gap_0_2,9,6,5,aaadqgtb,GGA+U,0.0,matched,usable,1,0.4140625,0.9459213469886362,704.0,704.0,2210.9683999999997,6,0.5239424109458923
mp-aaackpux,targeted,238,75de7f78280f8ef89c31878923c9304aef892e4dff28d10c041f421dcdd79dab,Ba:1|Br:1|Cl:1,0,3,3,Cubic,4.9392,3,01-04,gap_gt_2,9,6,6,aaadcpzl,GGA,0.0,matched,usable,1,0.578125,2.4333168074999993,24.0,24.0,98.5583,0,0.41034215688705444
mp-aaacktpp,targeted,239,014da1ae68d21c4512b1063044b0aaefcb460f0f3643e6e845616d2e8159de6a,Al:2|Cd:2|Cl:8,0,3,12,Triclinic,2.761,3,09-16,gap_gt_2,9,0,0,,,,unresolved_no_task,unresolved_no_task,0,nan,nan,nan,nan,nan,0,
mp-aaaevudw,targeted,240,1a06b8dcb8b3709ecdf108f297e764f75504183e29952183a62af058b2e92e1a,Bi:1|K:1|Mg:1|O:3,0,4,6,Trigonal,2.5835,4+,05-08,gap_gt_2,9,0,0,,,,unresolved_no_task,unresolved_no_task,0,nan,nan,nan,nan,nan,0,
mp-aaacpgqg,targeted,241,3a25401e83cd0d884d87b5d5eb2c1ddac7d3dde6a196b9d8e217cfa5983e2844,Bi:4,0,1,4,Monoclinic,0.0,1,01-04,metal,10,6,6,aaadcobq,GGA,0.0,matched,usable,1,0.9453125,3.19903881,20.0,20.0,278.27660000000003,0,0.13705427944660187
mp-aaacrncn,targeted,242,55a6539880bf938d9e45d201f52bc7b616feb78071e0e99f324e511dc569f344,Na:6,0,1,6,Cubic,0.0,1,05-08,metal,10,1,1,aaadznjo,GGA,0.0,matched,usable,1,0.8203125,1.8749556753571535,42.0,42.0,260.9769,0,0.344077467918396
mp-aaabfusi,targeted,243,23363b185f2c2a611a150737d625866705379f38adad8f5145e129528b62e458,F:9|Fe:3,0,2,12,Cubic,2.8517,2,09-16,gap_gt_2,10,0,0,,,,unresolved_no_task,unresolved_no_task,0,nan,nan,nan,nan,nan,0,
mp-aaabmskr,targeted,244,09c8b713aa703fdb744bc2b15bc11280a1f22318d666ffe9216d6a8adae59733,Ge:16|Se:36,0,2,52,Orthorhombic,1.2221,2,33-80,gap_0_2,10,0,0,,,,unresolved_no_task,unresolved_no_task,0,nan,nan,nan,nan,nan,0,
mp-aaacrbjz,targeted,245,017cb90b6c52eb5f97e8455fec35d755aec46e66bf7524ab47f090ba91d3a6b2,Er:6|O:12|Te:1,0,3,19,Triclinic,2.8824,3,17-32,gap_gt_2,10,1,1,aaaeawea,GGA,0.0,matched,usable,1,0.796875,1.9984770055303027,132.0,132.0,1170.9658,0,0.3328647017478943
mp-aaacrhlj,targeted,246,04282d834ce6ea4d4190f83b0d442f5f8cbdf6c0f802a4a70846904f917d530f,Al:10|Se:42|Tb:18,0,3,70,Trigonal,1.6377000000000002,3,33-80,gap_0_2,10,2,2,aaacxykd,GGA,0.0,matched,usable,1,0.9296875,1.0355565283558559,444.0,444.0,3593.9897,5,0.30049818754196167
mp-aaabjzjc,targeted,247,4d5d202c5d5bca8e16296245a3f6d9017c11657bd16281514d9027a8fc58a806,F:2|H:2,0,2,4,Orthorhombic,6.7393,2,01-04,gap_gt_2,11,9,9,aaabpojg,GGA,0.0,matched,truncated,0,0.46875,0.10986374687500003,16.0,16.0,1.5168,0,
mp-aaacshmt,targeted,248,0152ebf3240074c4cdcdb12c4f11c7b03e656f8ff4fac3223e274b4c883ee9bd,Fe:1|Li:1|Lu:1|O:4|Zn:1,0,5,8,Monoclinic,1.2056999999999998,4+,05-08,gap_0_2,11,2,1,aaacshqo,GGA+U,0.0,matched,usable,1,0.40625,1.3108884149074074,54.0,54.0,202.54829999999998,0,0.52141273021698
mp-aaaewnjy,targeted,249,070c4542a9cc9262f0a11374e4b50554f4e81fc8274599f2b6fd2cfddbbc4799,B:1|Mg:1|O:4|V:1,0,4,7,Tetragonal,2.4577999999999998,4+,05-08,gap_gt_2,11,4,4,aaaewnjy,GGA+U,0.0,matched,usable,1,0.53125,1.0034676785000003,40.0,40.0,155.0122,0,0.4793545603752136
mp-aaaewsjt,targeted,250,0424c98919fb902ac3d77f2e4b977731a8cd6f892f58f1979683480f0ed78670,Ba:1|Mg:1|Mo:1|O:3,0,4,6,Trigonal,0.0,4+,05-08,metal,11,0,0,,,,unresolved_no_task,unresolved_no_task,0,nan,nan,nan,nan,nan,0,
mp-aaaabihm,targeted,251,06881707ac8f1e9a8b59c5846d9b9abbf23e4b598e90c1c0289a45e5e19cecf3,Cl:18|W:3,0,2,21,Trigonal,1.7471,2,17-32,gap_0_2,12,0,0,,,,unresolved_no_task,unresolved_no_task,0,nan,nan,nan,nan,nan,0,
mp-aaacswiu,targeted,252,01b54f59c5bbea2b7cd91b043020959ca66f5174d31074de7acc249e4eef230a,Au:8|Ca:20|N:16,0,3,44,Tetragonal,0.4632999999999998,3,33-80,gap_0_2,12,1,1,aaaecosw,GGA,0.0,matched,usable,1,0.546875,2.349777527323373,368.0,368.0,2551.8068999999996,7,0.452980101108551
mp-aaabrluq,targeted,253,8b8e7c8c1e685ef62a732a6eebd5c529a56717e6f863aa9d1592cae6884c4b1d,Fe:2|Li:2|O:8|Si:2,0,4,14,Hexagonal,2.9768999999999997,4+,09-16,gap_gt_2,12,13,10,aaadbyfy,GGA+U,0.0,matched,usable,1,0.390625,1.6545340016216223,74.0,74.0,301.8598,0,0.5755096673965454
mp-aaacikrh,targeted,254,03aade21b6782d94ff1cc06ac55594db522f825328f09ad91ae4816f36c3ad40,Cr:1|Se:2,0,2,3,Monoclinic,0.0,2,01-04,metal,13,11,11,aaacikxp,GGA,0.0014673959988612201,matched,truncated,0,0.4609375,0.07162418645833334,24.0,24.0,5.006,0,
mp-aaaabilg,targeted,255,5ae51b33a4b16d4439511624052beda67ae6c8494d1f9391f07977b16e228505,Cl:32|In:32,0,2,64,Cubic,2.1862,2,33-80,gap_gt_2,13,0,0,,,,unresolved_no_task,unresolved_no_task,0,nan,nan,nan,nan,nan,0,
mp-aaabheth,targeted,256,0358c5366077af707d16107f2f2153fc81ba58acb6f5e34d0be6adca9520354a,Hg:16|I:32,0,2,48,Tetragonal,1.4602000000000002,2,33-80,gap_0_2,13,0,0,,,,unresolved_no_task,unresolved_no_task,0,nan,nan,nan,nan,nan,0,
mp-aaabgnpz,targeted,257,11ee31ce40218afd791a3709cccb38ada500a739c239e7302048b88aef512891,Cd:12|I:24,0,2,36,Trigonal,2.4398,2,33-80,gap_gt_2,13,4,4,aaabqjkw,GGA,0.0,matched,truncated,0,1.0,0.183566039326923,312.0,312.0,179.10040288,0,
mp-aaacqwms,targeted,258,0147a275e31ce64d286a2c343a9d79c42b3b3014246a2b167b9b28eb39a38724,Br:8|Ni:4|O:48,0,3,60,Cubic,0.0,3,33-80,metal,13,2,2,aaacxnfr,GGA+U,0.0,matched,usable,1,0.3359375,1.4166560551302085,384.0,384.0,1288.6982,1,0.5816137790679932
mp-aaacrece,targeted,259,f6fbd7df67bc75a1a32bffc485767f7911dc3648bf9d2cae2097dfcfdd949711,Cd:1|Se:1|Te:1|Zn:1,0,4,4,Trigonal,0.0045000000000001705,4+,01-04,gap_0_2,13,2,1,aaaefkpw,GGA,0.0,matched,usable,1,1.0,2.1334496584722222,36.0,36.0,239.83272293333337,0,0.21073132753372192
mp-aaacrflo,targeted,260,451cc4c7360ca3a2fee5fa44a30b716e4e650bce0a69272f543e45fcf0792b57,Co:1|Ni:1|Pd:1|V:1,0,4,4,Trigonal,0.0,4+,01-04,metal,13,6,6,aaadcifk,GGA,0.0,matched,usable,1,0.2890625,2.525347912500001,40.0,40.0,159.41379999999998,0,0.5861945152282715
mp-aaachjlp,targeted,261,0175f23535a7d4c852886cc7aa6f13ba03ba6acd4eb981dbe3e359763eda6c69,Cu:4|O:40|Si:16|Zn:4,0,4,64,Tetragonal,0.6206,4+,33-80,gap_0_2,13,6,6,aaachjmk,GGA,0.0,matched,truncated,0,0.6171875,0.07536958952020203,396.0,396.0,99.28429999999999,0,
mp-aaafdwji,targeted,262,22c7403518d9b6aca354b62ed1bf67dc591de58f6e2afcb1c4aaa55bcc02c8f7,Al:6|O:9,0,2,15,Hexagonal,4.7728,2,09-16,gap_gt_2,14,0,0,,,,unresolved_no_task,unresolved_no_task,0,nan,nan,nan,nan,nan,0,
mp-aaaaacft,targeted,263,011849866084beb676bb29b3eda76879a9ebcf462b054b67b665ab91da3c6dbf,Al:6|Pt:10,0,2,16,Orthorhombic,0.0,2,09-16,metal,14,0,0,,,,unresolved_no_task,unresolved_no_task,0,nan,nan,nan,nan,nan,0,
mp-aaacjmdb,targeted,264,0261f1647ccc750aad6de085960c18f4ed254fae08b0f46889e977d903f4b420,Ce:8|Se:16,0,2,24,Tetragonal,0.1771503246010404,2,17-32,gap_0_2,14,3,3,aaacyjlw,GGA,0.0,matched,usable,1,0.515625,1.3241471973437497,192.0,192.0,1127.6682999999998,1,0.47348839044570923
mp-aaabixxd,targeted,265,01cef86e2b7f592a1b9c6b3163a05927a2c2154305c28bcb912f9859c1c5cc8c,Cl:2|K:2|N:2|O:4|Pd:1,0,5,11,Triclinic,2.006684109172509,4+,09-16,gap_gt_2,14,4,4,aaaclsei,GGA,0.0,matched,usable,1,0.6875,0.7413618256578952,76.0,76.0,163.6316,0,0.46089354157447815
mp-aaacqvry,targeted,266,09be4f8c8dc88969527ff024956fd589d37413dc2895723af219421f96a8481d,Br:2|P:1,0,2,3,Tetragonal,1.7542,2,01-04,gap_0_2,15,1,1,aaaczgph,GGA,0.0,matched,usable,1,1.0,1.6843068960526317,19.0,19.0,189.94130431999997,0,0.516737699508667
mp-aaacotgm,targeted,267,151c15d43599f5009cf69331ce1b443437d7a5cf337761a248f0bc35ddeaee16,Nd:2|O:6,0,2,8,Monoclinic,2.1102,2,05-08,gap_gt_2,15,1,1,aaaedarq,GGA,0.0,matched,usable,1,0.453125,2.6307776665517237,58.0,58.0,287.44370000000004,0,0.569940447807312
mp-aaacgish,targeted,268,017683216b78d39b3d34995a806817cf7aa3d8957aade8c405cd40760a493024,Nb:2|Se:4|Ti:1,0,3,7,Monoclinic,0.0,3,05-08,metal,15,9,9,aaacvzah,GGA,0.0,matched,usable,1,0.5859375,1.5697786924107144,56.0,56.0,364.3261,0,0.42220863699913025
mp-aaaaafje,targeted,269,011ac1a8261f33cd90679897a5e6dbb4a5b518e484b27d7430bb5e4762971f2d,Fe:2|Sc:4|Si:4,0,3,10,Monoclinic,0.0,3,09-16,metal,15,7,7,aaadcoie,GGA,0.007667513994727733,matched,usable,1,0.4453125,1.427844093750001,76.0,76.0,357.13710000000003,0,0.47491756081581116
mp-aaaabeep,targeted,270,04ed3ed689974382fc1d36555451dc63dfde08b0ba69c9137459f674363adf98,Ba:4|Mn:2|Mo:2|O:12,0,4,20,Cubic,1.2653999999999996,4+,17-32,gap_0_2,15,7,7,aaacumie,GGA+U,0.0,matched,usable,1,0.40625,1.441787155339506,162.0,81.0,483.80410000000006,0,0.4833225905895233
mp-aaaeltqk,targeted,271,1a345e3ca7714de8da16e2d90a5d7d75c3a750e146679520e40a6f605698304b,Ag:2|Br:2,0,2,4,Orthorhombic,1.2441999999999998,2,01-04,gap_0_2,16,0,0,,,,unresolved_no_task,unresolved_no_task,0,nan,nan,nan,nan,nan,0,
mp-aaabcsse,targeted,272,08aeff961fe6e4aada851315d428af4b95a4c85b464ba39e1a8216115eef8832,Cu:4|N:12,0,2,16,Tetragonal,1.6330000000000002,2,09-16,gap_0_2,16,7,7,aaadcoaw,GGA,0.0,matched,usable,1,0.3125,1.36789177625,104.0,104.0,239.1424,0,0.6273701190948486
mp-aaacggsx,targeted,273,019ad665d14247fffa4ca9d2087c8e41cc10d2ff184f881aef4f26c9c2709403,Mo:1|S:2|Se:2|W:1,0,4,6,Trigonal,1.0133999999999999,4+,05-08,gap_0_2,16,15,7,aaacggve,GGA,0.0,matched,truncated,0,0.515625,0.08403696218749997,48.0,48.0,11.3086,0,
mp-aaaaamsv,targeted,274,043bf1db69b72860df793902e2a1105a823866c91342594ceffbc95dcd91e6ec,Mo:6|Te:8,0,2,14,Trigonal,0.01869999999999994,2,09-16,gap_0_2,17,7,7,aaacamqi,GGA,0.0013493498649002878,matched,truncated,0,0.5625,0.07791911724999999,120.0,120.0,36.56700000000001,0,
mp-aaacqrqq,targeted,275,2db5802ff72e88247a0c01e228a0a701679ad075cbafebad620b2eba846b9bfc,Gd:1|H:1|Se:1,0,3,3,Hexagonal,0.5979000000000001,3,01-04,gap_0_2,17,1,1,aaagbnwd,PBE,0.004058926254323039,incompatible_run_type,incompatible_run_type,0,nan,nan,nan,nan,nan,0,
mp-aaabkrgb,targeted,276,ff73dc48003eedb5f0a02b0dd97358ef4948bcbecb86b652c55871e038e30bbe,C:1|H:1|N:1,0,3,3,Tetragonal,6.7846,3,01-04,gap_gt_2,17,9,9,aaabngml,GGA,0.0,matched,truncated,0,1.0,0.3290841739999998,10.0,10.0,7.881356320000004,0,
mp-aaacqbzu,targeted,277,035ea82cab18da7dd612b99d953e2800d5a8d456b1d1a6997703ee3c4112954c,K:8|S:24,0,2,32,Monoclinic,2.0244999999999997,2,17-32,gap_gt_2,18,0,0,,,,unresolved_no_task,unresolved_no_task,0,nan,nan,nan,nan,nan,0,
mp-aaabrbgk,targeted,278,0141758b1b25cc7eb0f96482a61d320fadfc0ba32532386cd5a86513de778ba5,Li:3|Mg:1|Ni:4|O:8,0,4,16,Trigonal,0.0,4+,09-16,metal,18,4,4,aaadcjcd,GGA+U,0.0,matched,usable,1,0.3125,3.06179278032259,93.0,93.0,292.1089,0,0.5388250946998596
mp-aaacwcxz,targeted,279,01125585262a135c9f047605f496e7f7f5ec5427e116c9b087f609e941a96e1d,F:4|Li:20|Mn:4|O:12,0,4,40,Monoclinic,1.3103000000000002,4+,33-80,gap_0_2,18,18,2,aaacwvao,GGA+U,0.0,matched,usable,1,0.4296875,1.3240682812790698,172.0,172.0,620.1683,0,0.4715237319469452
mp-aaaaabwt,targeted,280,51ec6a39889b540cc32f8d9e2b00c705b8351b3816ed0f8a4ab2b5bd207ce552,C:8|Na:8,0,2,16,Tetragonal,3.4021,2,09-16,gap_gt_2,19,8,8,aaabvyvl,GGA,0.0,matched,truncated,0,0.8125,0.16070003250000012,88.0,88.0,32.4497,0,
mp-aaacrmzo,targeted,281,03cee24aeed6a69a4a343302aff365429632a912d1abcbd99f654ccb376d61a9,Cd:1|Mn:1|Te:3|Zn:1,0,4,6,Orthorhombic,0.4060999999999999,4+,05-08,gap_0_2,19,6,6,aaadcbof,GGA,0.0,matched,usable,1,0.4140625,1.790856317272727,55.0,55.0,208.02569999999997,0,0.5345818996429443
mp-aaaiejdz,targeted,282,013d09191c64561e2dc1995bdede1314cb0b326cc1233212f93f3bd826829999,Ge:12|Mg:12|O:48|Sc:8,0,4,80,Cubic,4.1586,4+,33-80,gap_gt_2,19,0,0,,,,unresolved_no_task,unresolved_no_task,0,nan,nan,nan,nan,nan,0,
mp-aaacrqms,targeted,283,0171349c37ca903e57425aea8b40d4d6213451baa3381040dc211eae1bac8875,In:4|Pb:1,0,2,5,Monoclinic,0.0,2,05-08,metal,21,0,0,,,,unresolved_no_task,unresolved_no_task,0,nan,nan,nan,nan,nan,0,
mp-aaacdkfb,targeted,284,0b958929e85b159fd89935af2c0910e4aa1b2d3ce07cd85d9cbe7ca04073ebc2,Lu:3,0,1,3,Trigonal,0.0,1,01-04,metal,22,0,0,,,,unresolved_no_task,unresolved_no_task,0,nan,nan,nan,nan,nan,0,
mp-aaaabbzx,targeted,285,024924ded89c3089e492d1497f7918d5d6d0e0eb06d056c605a2547375ec5540,Co:4|Li:24|O:16,0,3,44,Tetragonal,2.4,3,33-80,gap_gt_2,22,0,0,,,,unresolved_no_task,unresolved_no_task,0,nan,nan,nan,nan,nan,0,
mp-aaacggse,targeted,286,1d18029a0a00541391d6df0a53488133237e09961ee22436b4ce3ed30a4bd010,Se:2|W:1,0,2,3,Hexagonal,1.5378,2,01-04,gap_0_2,23,0,0,,,,unresolved_no_task,unresolved_no_task,0,nan,nan,nan,nan,nan,0,
mp-aaacggsk,targeted,287,03ddac8fb773b3ecc8f422ea5ac1fa92eb8843626e984bd569e7ef9620f5bf6f,Te:4|W:2,0,2,6,Trigonal,1.0420999999999998,2,05-08,gap_0_2,23,0,0,,,,unresolved_no_task,unresolved_no_task,0,nan,nan,nan,nan,nan,0,
mp-aaaewfdu,targeted,288,01c0279f8efe3189577d621459238e23463ca342bdd65d921be3d97e6f0ca836,Cd:2|Mg:1|O:6|Ti:2,0,4,11,Trigonal,0.5731000000000002,4+,09-16,gap_0_2,23,2,0,,,,unresolved_no_match,unresolved_no_match,0,nan,nan,nan,nan,nan,0,
mp-aaabgltp,targeted,289,2f1ba805780712bc275ca633e2fe8c5a048adcb6284f7d7ed7198f8fbfece409,As:4|Sn:3,0,2,7,Cubic,0.3933,2,05-08,gap_0_2,24,0,0,,,,unresolved_no_task,unresolved_no_task,0,nan,nan,nan,nan,nan,0,
mp-aaaaacxe,targeted,290,1a7c9285e0aa6ef7b0868e074988d5e9c2bd0ffced5b4425e8a95895042a15eb,N:5|P:3,0,2,8,Orthorhombic,2.5966999999999993,2,05-08,gap_gt_2,24,8,8,aaadcxdz,GGA,0.0,matched,usable,1,0.7578125,1.600712111875,40.0,40.0,194.18259999999998,0,0.3045184016227722
mp-aaabfywm,targeted,291,0b3e1f6cfabccaa9e03d9d2147f06da2a70de088ac34bd025e9ac5f58c5b8e50,F:16|Te:4,0,2,20,Orthorhombic,4.0183,2,17-32,gap_gt_2,25,0,0,,,,unresolved_no_task,unresolved_no_task,0,nan,nan,nan,nan,nan,0,
mp-aaaabhne,targeted,292,0b8ed2acae2771ce319ba4de5aab60a6aeb25d82a2754c5f4a05284c3b64accc,Ca:1|K:2|N:6|Ni:1|O:12,0,5,22,Cubic,2.0544000000000002,4+,17-32,gap_gt_2,25,6,6,aaabwyup,GGA+U,0.0,matched,truncated,0,0.328125,0.04990041174999999,140.0,140.0,7.5927,0,
mp-aaacrcmg,targeted,293,011873d6073f6cfab211b876318f40fecf580d51d37a938bc34e100d5ec8eb7f,Ba:4|O:28|P:8|Pd:4,0,4,44,Orthorhombic,0.7159999999999997,4+,33-80,gap_0_2,25,2,2,aaacyvkj,GGA,0.0,matched,usable,1,0.734375,1.339665697361111,288.0,288.0,1472.2616,0,0.4141920804977417
mp-aaaaatil,targeted,294,176c6fe4b7f9e2e7e20c6209148a0565ca28e4ae1383b6ebe701e64e5f4985d8,O:3|Tb:2,0,2,5,Trigonal,4.1338,2,05-08,gap_gt_2,26,0,0,,,,unresolved_no_task,unresolved_no_task,0,nan,nan,nan,nan,nan,0,
mp-aaacqbda,targeted,295,02684da10e3cbf8de9c2e24cd9e18f61f86c97e3d75ef76343d43c52281b466d,Eu:4|P:28,0,2,32,Monoclinic,0.3761646214365877,2,17-32,gap_0_2,26,0,0,,,,unresolved_no_task,unresolved_no_task,0,nan,nan,nan,nan,nan,0,
mp-aaaaascl,targeted,296,022031ba84d8c7225be2eceec006ee8f3b5c1423d155df21b711596bcc786ec9,O:32|Sn:4|Te:12,0,3,48,Cubic,2.9250999999999996,3,33-80,gap_gt_2,26,0,0,,,,unresolved_no_task,unresolved_no_task,0,nan,nan,nan,nan,nan,0,
mp-aaacdhin,targeted,297,c5718fb78d9ab0fac81f96372ff5a74eecd756c54427a18c77a1f5f38b5533e3,Fe:2|Na:2|O:4,0,3,8,Hexagonal,2.5665999999999998,3,05-08,gap_gt_2,27,8,8,aaadeemw,GGA+U,0.0,matched,usable,1,0.359375,1.2810256201851848,54.0,54.0,159.1805,0,0.5680041313171387
mp-aaabfrie,targeted,298,06239ce21852ed80d320789a71c26efdbb0cbe95de841a38e738ad253b6ab662,F:6|Mn:2,0,2,8,Monoclinic,0.49360000000000004,2,05-08,gap_0_2,28,15,15,aaaddoky,GGA+U,0.0,matched,usable,1,0.3359375,1.6990225537499999,68.0,68.0,209.9735,0,0.6331280469894409
mp-aaacgjdg,targeted,299,0a22b915864d573f4845c6294a34dd1d963d4a1d761ba2e8e8fad97141c75773,Mo:3|Te:6,0,2,9,Hexagonal,0.6230000000000002,2,09-16,gap_0_2,28,0,0,,,,unresolved_no_task,unresolved_no_task,0,nan,nan,nan,nan,nan,0,
mp-aaacrosc,targeted,300,17adc753cbb9a755f76d1d86f927fb3024bcf217c6dc3392dcc01d7555864db0,Br:1|Li:2|O:1,0,3,4,Tetragonal,0.028900000000000037,3,01-04,gap_0_2,28,2,2,aaaddpsr,GGA,0.0,matched,usable,1,0.359375,3.9812542026666664,15.0,15.0,46.162099999999995,0,0.5265037417411804
mp-aaafupqw,targeted,301,097f46ee11ad9a7d92fcd3a3e8e9a0f5d58082c2e5feefb12bd0505ae5b8219c,Ga:4|N:4,0,2,8,Tetragonal,0.18869999999999987,2,05-08,gap_0_2,29,2,2,aaafupqw,GGA,0.0,matched,usable,1,0.9765625,1.154274369166667,72.0,18.0,305.2577,0,0.17201641201972961
mp-aaaabwtr,targeted,302,59a71a4b7449082c7f30b08da694436066761f615d07babda0f1b9ddfd79031b,H:4|O:2,0,2,6,Tetragonal,5.2905999999999995,2,05-08,gap_gt_2,29,0,0,,,,unresolved_no_task,unresolved_no_task,0,nan,nan,nan,nan,nan,0,
mp-aaabgnnu,targeted,303,26555e9db9d89fccff766c29b6dfc8fdef9fa40d9aaa2778826c415dce88d00d,Cd:10|I:20,0,2,30,Trigonal,2.3557,2,17-32,gap_gt_2,31,0,0,,,,unresolved_no_task,unresolved_no_task,0,nan,nan,nan,nan,nan,0,
mp-aaaewclu,targeted,304,01382a35b1f7f040ee67d66b36d163c236275559b3677dafa3bd2386ebe20391,K:4|Mg:1|O:16|V:6,0,4,27,Tetragonal,0.0484,4+,17-32,gap_0_2,31,2,1,aaaewdii,GGA+U,0.0,matched,usable,1,0.53125,1.0745596622000009,200.0,200.0,813.3398,0,0.5383586883544922
mp-aaadchqu,targeted,305,01586760c0dcae104eb7f1048a018e25aab6daebc6eb4ce11966c1143824966e,Mg:4|O:8|Sn:4,0,3,16,Triclinic,0.0005999999999994898,3,09-16,gap_0_2,32,4,2,aaadchqu,GGA,0.0,matched,usable,1,0.484375,1.4571978422767857,112.0,112.0,332.4801,0,0.3896963894367218
mp-aaaaajjy,targeted,306,0259ea4ac4e4e79c7c4cdd2bec932b5795ab3f79fd1a8ebaba8d2919798780ec,Ca:6|Li:2|O:12|Ru:2,0,4,22,Trigonal,0.31110000000000015,4+,17-32,gap_0_2,32,5,5,aaacampg,GGA,0.0,matched,truncated,0,0.453125,0.05197510043209876,162.0,162.0,20.107,0,
mp-aaaditxn,targeted,307,7a0c5127e344aa593e38b589bb63ec16f9e2750d90d1f735c181fbf7d06a8525,N:2,0,1,2,Tetragonal,0.0,1,01-04,metal,33,0,0,,,,unresolved_no_task,unresolved_no_task,0,nan,nan,nan,nan,nan,0,
mp-aaacjlml,targeted,308,01740eb9831f6d767737cb1b3067bf9f2139cd033589ee7a4067d5e7c846b887,Np:6|Si:4,0,2,10,Tetragonal,0.0,2,09-16,metal,33,6,6,aaacyjnh,GGA,0.0,matched,usable,1,0.453125,1.6735454610849039,106.0,106.0,590.0212,4,0.49327072501182556
mp-aaabrnle,targeted,309,051de6b8612a07f1f6bde734ab01b7fc4fef5190ee5eff89cca1327e3a35ba73,F:24|Li:12|Mn:6,0,3,42,Trigonal,3.8456,3,33-80,gap_gt_2,34,8,8,aaaczmvz,GGA+U,0.0,matched,usable,1,0.421875,1.8535362302906961,258.0,258.0,826.635,5,0.5148383378982544
mp-aaacpfqk,targeted,310,30a029ec27ac61f53baac138be7a9cea9e34882b86f6b2c37c5a46c680db54ee,F:9|Fe:3,0,2,12,Trigonal,3.0517,2,09-16,gap_gt_2,35,9,9,aaadclic,GGA+U,0.0,matched,usable,1,0.3125,2.256198128218391,87.0,87.0,277.78279999999995,0,0.6338924169540405
mp-aaabxizx,targeted,311,586e65e3303f96aba2f66892c4e77a27137867fd97ab9b9b66d27109c141373a,Pu:4,0,1,4,Orthorhombic,0.0,1,01-04,metal,36,6,6,aaadbzib,GGA,0.00036852765454210807,matched,usable,1,0.5,1.7062211098214284,56.0,56.0,344.1249,0,0.49063795804977417
mp-aaaabikv,targeted,312,261cb5cce532748381c38c50ad432147933dc6dcaa32bb32325eb514d6d1310f,Cl:6|Gd:2,0,2,8,Hexagonal,2.052,2,05-08,gap_gt_2,36,0,0,,,,unresolved_no_task,unresolved_no_task,0,nan,nan,nan,nan,nan,0,
mp-aaabqyka,targeted,313,2cd21e41a2f1da92f890303971ed8c4da50f61726d438287abd2126d5a86d15f,F:6|Li:2|Mn:2,0,3,10,Hexagonal,3.6510000000000002,3,09-16,gap_gt_2,37,8,8,aaaclluq,GGA+U,0.0,matched,usable,1,0.3671875,0.546712628,70.0,70.0,69.2487,0,0.6090618371963501
mp-aaaabnii,targeted,314,015ec90edba153c9363592e23b0ce86e4782e1859749cd52c47e16ed1e295c75,Cr:8|O:32|P:8,0,3,48,Orthorhombic,1.9681000000000002,3,33-80,gap_0_2,37,4,4,aaabuvwc,GGA+U,0.0,matched,truncated,0,0.4140625,0.05340675323170731,328.0,328.0,29.5291,0,
mp-aaaablhq,targeted,315,1b59b3907f51d69473579f6a446e6f17e46f1c86cc10a0cc72e97edb358a45f3,Ni:1|O:2,0,2,3,Trigonal,1.4954,2,01-04,gap_0_2,38,14,14,aaaddxns,GGA+U,0.0,matched,usable,1,0.1875,5.507880686818182,22.0,22.0,39.7254,0,0.656819760799408
mp-aaacpwgp,targeted,316,013ed00334fb76bc308354aa18be5db77a80391431895051ac5725770328327b,Dy:6|Mn:23,0,2,29,Cubic,0.0,2,17-32,metal,38,5,5,aaadbtui,GGA,0.0,matched,usable,1,0.4296875,1.5410482559490106,353.0,353.0,1389.1925,5,0.3947921097278595
mp-aaabntbx,targeted,317,043e36c412578dd4554e154e9f3c2da6e64ab2ee9509b9d0b578e0b993726d65,C:8|H:16|I:8|Sn:2,0,4,34,Tetragonal,3.0235999999999996,4+,33-80,gap_gt_2,38,6,6,aaabpsnk,GGA,0.0,matched,truncated,0,0.78125,0.12741319719696967,132.0,132.0,59.642300000000006,0,
mp-aaabfrez,targeted,318,029475705710f0a3b2800295f49b12fe188ee13e6d09e5173306707ca0b63e71,Lu:6|O:9,0,2,15,Monoclinic,4.2763,2,09-16,gap_gt_2,40,0,0,,,,unresolved_no_task,unresolved_no_task,0,nan,nan,nan,nan,nan,0,
mp-aaackplx,targeted,319,010f6a4eae53bacc0d17e55c1401c1d3064fe9d25805d66a6299ff5c3421607d,C:1|Cr:1|Mg:6,0,3,8,Orthorhombic,0.0,3,05-08,metal,40,2,2,aaadavxl,GGA,0.0,matched,usable,1,0.4921875,1.94601351625,28.0,28.0,236.5941,0,0.4156849980354309
mp-aaabqwqm,targeted,320,03f3fbc28ddf8f8beaee09da877c3b3366e674acc1eec21de0aee34edde1d20d,Li:6|O:24|Si:6|V:6,0,4,42,Hexagonal,2.3421,4+,33-80,gap_gt_2,41,17,17,aaadppwy,GGA+U,0.0,matched,usable,1,0.5,1.174811727937499,240.0,120.0,939.9792,1,0.4726196825504303
mp-aaadbsgj,targeted,321,04c530d6c83de66f45258f6245fd2e7e8f61a67f33214d8a84486a5071ce182d,Cr:4|O:8,0,2,12,Cubic,0.31889999999999985,2,09-16,gap_0_2,43,18,5,aaadbsgj,GGA+U,0.0,matched,usable,1,0.40625,1.556811930729167,96.0,96.0,365.7473,0,0.43404459953308105
mp-aaacrufp,targeted,322,018b7fcab063cab9a20d3ba0344f3665ecedadcead2c94023976eb9320c037a5,Cl:10|Cs:6|O:2,0,3,18,Hexagonal,0.41590000000000005,3,17-32,gap_0_2,43,2,2,aaacyrig,GGA,0.0,matched,usable,1,0.9140625,1.8850779701102918,136.0,136.0,965.2146,2,0.38953539729118347
mp-aaabjrbl,targeted,323,08bff5d020b4121c1020063db22fa747090ee21f86fa7bd5f4091a95683917fe,Fe:1|H:2|O:2,0,3,5,Monoclinic,2.7636,3,05-08,gap_gt_2,45,10,10,aaabuniu,GGA+U,0.0,matched,truncated,0,0.296875,0.07085738136363637,22.0,22.0,1.4083,0,
mp-aaabnuwc,targeted,324,01395d09f8ad8ba73e855aef18ad3cd8d05da8a0c965da02da13b1a90255255b,Cd:1|K:10|Mo:12|O:48|Zr:3,0,5,74,Trigonal,3.3564,4+,33-80,gap_gt_2,46,8,8,aaabwzaq,GGA+U,0.0,matched,truncated,0,0.40625,0.053965041140350875,570.0,570.0,65.4907,0,
mp-aaacreue,targeted,325,0306942fc4c1ec6b944d59e3a49b3cdef8d76b2fe6dd401adc12d5af62d5445f,Cr:2|Lu:1|O:8|Y:1,0,4,12,Tetragonal,0.2801890591965601,4+,09-16,gap_0_2,47,3,3,aaadbtki,GGA+U,0.0,matched,usable,1,0.484375,1.1105069742934783,92.0,92.0,370.58540000000005,0,0.5146456956863403
mp-aaacpcaj,targeted,326,08ed20af48d6e723e1ce4d357fa7574ea94d4271c06dbfe679feaba34942aac6,O:6|Tm:2,0,2,8,Hexagonal,0.20350000000000001,2,05-08,gap_0_2,48,10,10,aaacukcg,GGA+U,0.0,matched,usable,1,1.0,2.947765256296296,54.0,54.0,257.7301294399999,0,0.2729424834251404
mp-aaacqwus,targeted,327,013209c0428962c630195a90ed6809c06ea597e8605af84739d7ba79db08796f,Nb:1|S:6,0,2,7,Orthorhombic,0.06329999999999991,2,05-08,gap_0_2,48,1,1,aaacycxu,GGA,0.0,matched,usable,1,0.6953125,1.3617056003191486,47.0,47.0,336.60440000000006,1,0.5960349440574646
mp-aaaaauwu,targeted,328,01b5441db1bdbfcbf8e17894a862a219627b51c09659c864183b766ae7186455,F:9|Pd:3,0,2,12,Trigonal,0.0,2,09-16,metal,48,0,0,,,,unresolved_no_task,unresolved_no_task,0,nan,nan,nan,nan,nan,0,
mp-aaackygq,targeted,329,0112dcf541264a67d1c511e9da74a959152c04ca1f4b39a22ca78e222c4c2ef2,Er:6|Fe:4|Ge:6,0,3,16,Orthorhombic,0.0,3,09-16,metal,49,2,2,aaadyvvf,GGA,0.0,matched,usable,1,0.390625,3.0448524989999957,170.0,170.0,626.357,0,0.46702468395233154
mp-aaacgtwu,targeted,330,0621d2fc0ca74747fb93c9bced11d4a5f80aea32f0551abb3bcbd437b54cc09c,Mg:6|Na:1|O:8|Y:1,0,4,16,Tetragonal,2.8937000000000004,4+,09-16,gap_gt_2,49,1,1,aaacgtxg,GGA,7.632418284015047e-08,matched,truncated,0,0.9375,0.15606690634615383,78.0,78.0,54.4938,0,
mp-aaacoyhn,targeted,331,0d6eedb1331f731098801c5d9c5be4ad7887477e4b94977fea559307e9e14e5a,Ga:2|Mn:2|O:6,0,3,10,Hexagonal,1.2823000000000002,3,09-16,gap_0_2,50,7,7,aaadaxsa,GGA+U,0.0,matched,usable,1,0.390625,1.4683936089204541,88.0,88.0,245.24550000000002,0,0.5841124057769775
mp-aaabgilk,targeted,332,085070806fa1ba63f8b147c6b6cec642d77a57b73aa7cb5249a3911ef7def821,Br:18|Rb:6|V:6,0,3,30,Trigonal,1.6401999999999997,3,17-32,gap_0_2,50,0,0,,,,unresolved_no_task,unresolved_no_task,0,nan,nan,nan,nan,nan,0,
mp-aaabfumo,targeted,333,031e301877cb8aa50f351e8ad07d76e952e34df6127b324a348336076e0da4be,Cs:6|F:18|Mn:6,0,3,30,Hexagonal,3.4556,3,17-32,gap_gt_2,51,0,0,,,,unresolved_no_task,unresolved_no_task,0,nan,nan,nan,nan,nan,0,
mp-aaacswfx,targeted,334,01802545320c82cafb19c8bdded1c58b86d9e0774a964f9fb16f5addc1182780,Cd:32|Mn:12|N:36,0,3,80,Monoclinic,0.014899999999999913,3,33-80,gap_0_2,51,0,0,,,,unresolved_no_task,unresolved_no_task,0,nan,nan,nan,nan,nan,0,
mp-aaaewegx,targeted,335,0111199521458df7a8c7b57decf302f067c799523e3c47097c3f6f5b3aaf0c3c,Cu:2|Mg:1|Na:2|O:4,0,4,9,Monoclinic,0.14400000000000013,4+,09-16,gap_0_2,51,0,0,,,,unresolved_no_task,unresolved_no_task,0,nan,nan,nan,nan,nan,0,
mp-aaacginm,targeted,336,012d2f092b19b40760f4fa0396108dce3a5c3404b59a41c240b374eea7a5c5e9,Al:1|F:5|Mg:1,0,3,7,Orthorhombic,4.677,3,05-08,gap_gt_2,52,2,2,aaadbnec,GGA,0.0,matched,usable,1,0.46875,1.3453070173749995,40.0,40.0,143.9821,0,0.5048229098320007
mp-aaacrleh,targeted,337,1529498e82c310107ed078e96062f86f1b3cd997d91124ad33723ac14e2084c4,F:3|Nd:2|O:3,0,3,8,Hexagonal,0.7722,3,05-08,gap_0_2,54,6,6,aaacxhxm,GGA,0.0,matched,usable,1,0.5,1.5737750313934429,61.0,61.0,191.9684,0,0.32301488518714905
mp-aaacrfvn,targeted,338,02e5e0219ef71f054c2b52715bf1fea122e943ba0544d3846029e7888b722e6b,Mo:1|Sb:4|Ti:1,0,3,6,Monoclinic,0.07880000000000109,3,05-08,gap_0_2,54,1,1,aaaefrxo,GGA,0.0,matched,usable,1,0.640625,1.6699265725000005,42.0,42.0,308.874,0,0.38730403780937195
mp-aaaabfrz,targeted,339,019f3eba0880e913cef078bf05561869e801793f5d7769aa61babc56184851b0,O:3|Pu:2,0,2,5,Trigonal,0.0,2,05-08,metal,55,11,11,aaacanbf,GGA,0.0,matched,truncated,0,0.3671875,0.07250185630434781,46.0,46.0,6.0138,0,
mp-aaachgnd,targeted,340,01b8cd5d954bd9b16751238df49ecdb0ae73b37292e99c642f0ac85fad04308e,Cr:8|O:18|Zn:2,0,3,28,Tetragonal,0.6021999999999998,3,17-32,gap_0_2,55,4,4,aaadaemy,GGA+U,0.0,matched,usable,1,0.4296875,1.5438584463377198,228.0,228.0,858.4059,0,0.48761147260665894
mp-aaacrwrr,targeted,341,0146fdc63631e7a78b4c424cccd422207c33e4ccbffba2ba413a619a5207d2ab,Ba:1|Bi:2|Br:2|O:5,0,4,10,Tetragonal,0.0,4+,09-16,metal,56,3,3,aaadbxpy,GGA,0.0,matched,usable,1,0.7265625,1.6255516035156259,64.0,64.0,404.6039,0,0.37531888484954834
mp-aaackwzo,targeted,342,018465927d36ecc32c631463304c16be4913f19dd6b15bca421cd2a7a65c67fb,Au:6|Bi:8|Sm:6,0,3,20,Cubic,0.34279999999999955,3,17-32,gap_0_2,58,0,0,,,,unresolved_no_task,unresolved_no_task,0,nan,nan,nan,nan,nan,0,
mp-aaabrcek,targeted,343,06628bd1de7fd355d78a236b4248c70719349aebeaee639695cd479cfaa01b88,F:8|V:2,0,2,10,Orthorhombic,2.221,2,09-16,gap_gt_2,59,0,0,,,,unresolved_no_task,unresolved_no_task,0,nan,nan,nan,nan,nan,0,
mp-aaackkid,targeted,344,014309d44d53b894de0c770c80242261ec4c2fc5655162c6907cf6c7c13e08fd,Li:1|Pb:2|Pd:1,0,3,4,Orthorhombic,0.0,3,01-04,metal,59,2,2,aaadajbn,GGA,0.0,matched,usable,1,0.484375,0.7392139307692308,39.0,39.0,149.5898,0,0.5530781149864197
mp-aaacqzxn,targeted,345,041cf0b9631a979fd3bf27dad2f69341ff6b7c9e845e473f8cc2302adf5ef6f0,Cl:6|Gd:6|O:12|W:2,0,4,26,Hexagonal,2.5352,4+,17-32,gap_gt_2,60,2,2,aaacyivi,GGA+U,0.0,matched,usable,1,0.5078125,1.347572124166667,192.0,192.0,948.7192,1,0.3820751905441284
mp-aaacujiu,targeted,346,044ec6a8d95ec22437295357a8ce3d3b6905ba4c1d3da5339cdb56edddb1994d,Co:6|O:8,0,2,14,Orthorhombic,1.3498,2,09-16,gap_0_2,63,4,4,aaadxqyy,GGA+U,0.0,matched,usable,1,0.75,1.8260077992647055,102.0,102.0,901.6957,0,0.30203914642333984
mp-aaabipqg,targeted,347,048052e065c91e0874ed1fb1de728d45f79546c99bce0de0bcc1d18c5c2e8547,Gd:8|S:12,0,2,20,Orthorhombic,0.4598,2,17-32,gap_0_2,63,13,6,aaadaqps,GGA,0.0006292980871475599,matched,usable,1,0.515625,2.1631548612152773,144.0,144.0,816.1382000000001,3,0.5238014459609985
mp-aaacrojv,targeted,348,054ac3fafa1a54fb642d707d0108fed13bcf1405e252f7f70985d917182c7246,Fe:2|Lu:2|O:14|Zn:8,0,4,26,Hexagonal,0.7775009787904514,4+,17-32,gap_0_2,64,2,2,aaadabhs,GGA+U,0.0,matched,usable,1,0.359375,1.3659802713084108,214.0,214.0,664.6399999999999,0,0.5820460319519043
mp-aaaabcpz,targeted,349,0b92ab48f03aa5cfd6d6b79bac7bf663101c16d781e4d6afe00ce265cc8903ad,B:6|Co:4|O:13,0,3,23,Cubic,3.0013,3,17-32,gap_gt_2,67,10,10,aaacvcic,GGA+U,0.0,matched,usable,1,0.84375,1.152940791022727,132.0,132.0,868.6776,0,0.3432117700576782
mp-aaaaacto,targeted,350,013710d706206c1841c1d9f4b08d4d0a84d865da8c9a8bcc4173ff4030795b3c,La:4|Si:4,0,2,8,Orthorhombic,0.0,2,05-08,metal,68,13,10,aaacajyf,GGA,0.007298585244304334,matched,truncated,0,0.6171875,0.0919070566666667,60.0,60.0,26.2917,0,
mp-aaaewpbt,targeted,351,011d1b0f90254abfca2eb3801ce7d5241547adbacd8ba7c17ffa84b1b4c4ef73,Cu:1|I:2|Mg:1|O:2|Sr:2,0,5,8,Tetragonal,0.0,4+,05-08,metal,69,2,1,aaaewpbt,GGA,0.0,matched,usable,1,0.3359375,1.3289713154237295,59.0,59.0,181.3768,0,0.6005858182907104
mp-aaabmgnp,targeted,352,0158d76c9021fec5f7200ea9b912ead7f4463b05cb6e5386aca3d02e541d44db,Cr:2|Ga:4|S:8,0,3,14,Cubic,0.0,3,09-16,metal,71,10,7,aaacbscv,GGA,0.0,matched,truncated,0,0.453125,0.06956515173387101,124.0,124.0,14.370899999999999,0,
mp-aaaaaaai,targeted,353,0d92a6a5a6674d4cff1eee1bd6a2d9d9231701872460e183a8a14ff3b25dea52,Re:2,0,1,2,Hexagonal,0.0,1,01-04,metal,72,0,0,,,,unresolved_no_task,unresolved_no_task,0,nan,nan,nan,nan,nan,0,
mp-aaacrhup,targeted,354,0333fbaa6f14347fdc381c97c00bc7e5363eb8ce791528ff664f7b693968d453,Cr:1|Ni:1|O:8|Pr:3|Sr:1,0,5,14,Orthorhombic,2.212516235393597,4+,09-16,gap_gt_2,72,6,3,aaadbrfu,GGA+U,0.0,matched,usable,1,0.359375,1.2625799169911505,113.0,113.0,329.592,0,0.5736872553825378
mp-aaacrlwe,targeted,355,013ee0cab16bc2a7239f0ebc6e197a2d3d6c70b3ed4a4e3b14dce0a721f10aa2,Fe:8|Nb:3|Si:1,0,3,12,Trigonal,0.0,3,09-16,metal,74,4,4,aaadqidd,GGA,0.0,matched,usable,1,0.4375,1.6899015547524776,101.0,101.0,500.39109999999994,0,0.5227466225624084
mp-aaacrgwy,targeted,356,03381fda05b819971fc3e0b890942ea4de2884878ecbf7d67ecc920f53a2ad9c,I:6|Pb:1|Th:1,0,3,8,Orthorhombic,1.4489824621133773,3,05-08,gap_0_2,76,3,3,aaadavoo,GGA,0.0,matched,usable,1,0.578125,1.8329239659558814,68.0,68.0,410.91880000000003,0,0.511023998260498
mp-aaaewegj,targeted,357,03babd28125cfb8df0a91885633cbcf728cbffbbb477ea5b14e457c92333c727,Cr:1|Mg:1|O:4|Sr:2,0,4,8,Tetragonal,0.7682,4+,05-08,gap_0_2,76,0,0,,,,unresolved_no_task,unresolved_no_task,0,nan,nan,nan,nan,nan,0,
mp-aaaabcdd,targeted,358,c32a10fee2d4b5f801f496cc8815fe9821d4357f1b06f8f89da7cf11415bf8c7,Ni:1|O:1,0,2,2,Cubic,2.387200000000001,2,01-04,gap_gt_2,77,0,0,,,,unresolved_no_task,unresolved_no_task,0,nan,nan,nan,nan,nan,0,
mp-aaackvym,targeted,359,010edd7135ca5d833a32aeae88d361d011ae866cf21e8e5f310a59c74e4dad55,O:8|Sn:6,0,2,14,Monoclinic,0.9344999999999999,2,09-16,gap_0_2,78,1,1,aaaecany,GGA,0.0,matched,usable,1,0.7578125,1.8436937174999999,132.0,132.0,644.2165000000001,0,0.3548175096511841
mp-aaacrujs,targeted,360,02e0dc5beb0e7fc09ea7519b8ea03fc35939cca355bb320c927119cd3e270ff0,Ce:1|Ni:1|Sb:1,0,3,3,Hexagonal,0.0,3,01-04,metal,78,0,0,,,,unresolved_no_task,unresolved_no_task,0,nan,nan,nan,nan,nan,0,
mp-aaacqtad,targeted,361,02b45da6eab0a32a18cd80a907f3c5fae6fbc1b37dcc991c919fa6f5218e94af,Al:2|Tm:8,0,2,10,Cubic,0.0,2,09-16,metal,80,1,1,aaadzbtf,GGA,0.0,matched,usable,1,0.8359375,1.9417641189743604,78.0,78.0,818.7354,0,0.2757561206817627
mp-aaacpxxn,targeted,362,0138b9194ce5e83a57e5ce02be633f78dcf5ce0f81d058e4dbc53d371cb22555,Ce:2|Pd:21|Si:6,0,3,29,Cubic,0.0,3,17-32,metal,81,6,6,aaadbpox,GGA,0.0,matched,usable,1,0.6171875,1.3643374381007751,258.0,258.0,2079.5073,0,0.399319052696228
mp-aaacsmrz,targeted,363,1d8676b5b2f658422a364056ca857d9a1ffea12cc038721d4ab1fd946cdfec11,Mn:1|O:1,0,2,2,Cubic,0.005300000000000082,2,01-04,gap_0_2,82,1,1,aaaecrqz,GGA+U,0.0,matched,usable,1,0.265625,3.924517538157895,19.0,19.0,71.09779999999999,0,0.58620285987854
mp-aaabqxey,targeted,364,03e5d0f5a1403ce65ca3bc9b5970a8e20146c97828f21ce220593bb34756a395,F:8|O:8|Sb:8,0,3,24,Tetragonal,3.5531000000000006,3,17-32,gap_gt_2,83,3,3,aaabwpty,GGA,0.0,matched,truncated,0,0.75,0.08893447430555557,144.0,144.0,60.5476,0,
mp-aaabrymr,targeted,365,01ab68e1827f55e9f56e8a5767959f72baab907b82890ba5ea611d1b24a8a3cf,Cr:8|O:48|W:12,0,3,68,Orthorhombic,3.1483999999999996,3,33-80,gap_gt_2,84,2,2,aaacxkog,GGA+U,0.0,matched,usable,1,0.46875,1.1343224150094693,528.0,528.0,2116.7099,8,0.3694321811199188
mp-aaacryic,targeted,366,015caff512c94aed821be0ea64507df5297558fac000f9fd9a60445f8a0cc802,Al:2|Co:2|F:12|N:2,0,4,18,Orthorhombic,0.21409999999999996,4+,17-32,gap_0_2,86,2,2,aaacyfyz,GGA+U,0.0,matched,usable,1,0.6953125,1.2245206558050845,118.0,118.0,617.8336,0,0.39929062128067017
mp-aaackvmb,targeted,367,014ee2896df235e51d94802dacc92befd1902dfd52c2a140e6914c9361f876d6,Ho:2|Ni:8|P:4,0,3,14,Tetragonal,0.0,3,09-16,metal,87,0,0,,,,unresolved_no_task,unresolved_no_task,0,nan,nan,nan,nan,nan,0,
mp-aaacehsf,targeted,368,02359844c402422ea31753db18d47bcad7fa146f87b8a4028df07b0d3afe12d0,B:4|C:6|N:12,0,3,22,Trigonal,2.1178569323672196,3,17-32,gap_gt_2,88,3,3,aaadafda,GGA,0.0,matched,usable,1,0.8359375,1.6500883662500005,96.0,96.0,622.4383,0,0.4497891962528229
mp-aaaabdrz,targeted,369,0ed4328eb6d7e377a987afabb4eb6f99214d6764917f101361a31e2f6d54ca83,Eu:1,0,1,1,Cubic,0.0,1,01-04,metal,89,0,0,,,,unresolved_no_task,unresolved_no_task,0,nan,nan,nan,nan,nan,0,
mp-aaackgmm,targeted,370,0a31b441403337b3f95f8027c954ddba63feba5be2e2cc1e35ad54929c895552,H:6|Na:1|P:1,0,3,8,Cubic,1.0735000000000001,3,05-08,gap_0_2,90,6,6,aaadehev,GGA,0.0,matched,usable,1,0.7890625,1.9635018644444446,18.0,18.0,125.9993,0,0.3891989588737488
mp-aaacrwgx,targeted,371,013c46cdf34c7a88c266b8b25ff7508ad4b5581cdf1c4ced459532e7be8d5c57,Ba:1|O:12|Sn:4|Sr:3,0,4,20,Monoclinic,1.228784910727514,4+,17-32,gap_0_2,95,3,3,aaacyiho,GGA,0.0,matched,usable,1,0.59375,2.0708129580654724,168.0,168.0,485.88050000000004,0,0.39100778102874756
mp-aaackkue,targeted,372,0154fc58a14a8f5fa0d5d54aca4b9e80169fa8df2f97f8acb3a49687c91bef5d,C:4|F:4|H:24|N:4,0,4,36,Orthorhombic,5.7453,4+,33-80,gap_gt_2,96,2,2,aaacyntr,GGA,0.0,matched,usable,1,0.75,1.7980816655113636,88.0,88.0,397.22450000000003,0,0.46209412813186646
mp-aaabfpga,targeted,373,0430cdfb75146918cd18628f6fdd617c8c429eaab80401edaa8158a1154278e4,Cl:2|Mo:2|O:10|P:2|Rb:2,0,5,18,Tetragonal,2.0175,4+,17-32,gap_gt_2,98,11,11,aaabqcfw,GGA+U,0.0,matched,truncated,0,1.0,0.12852808706349203,126.0,126.0,71.77778976,0,
mp-aaabfofp,targeted,374,056f1e0fc62c32512cc6eb72089bc24773aa34367523c354bdf9dd4d8ddbdfca,F:3|Fe:1|Rb:1,0,3,5,Cubic,3.9105,3,05-08,gap_gt_2,101,11,11,aaadebas,GGA+U,0.0,matched,usable,1,0.2890625,3.0299438963157894,38.0,38.0,82.4378,0,0.6425445079803467
mp-aaabsewh,targeted,375,0187432ba13fcedd7120a6034da456089854700f1c52a28afccd27690fa38394,F:36|Fe:6|Li:18,0,3,60,Monoclinic,3.9832,3,33-80,gap_gt_2,101,0,0,,,,unresolved_no_task,unresolved_no_task,0,nan,nan,nan,nan,nan,0,
mp-aaaaaecq,targeted,376,0118a9c6e7545c77993c57a566239191916ada9588e6fc074a3e1c44eeea84bd,Al:8|Zr:4,0,2,12,Hexagonal,0.0,2,09-16,metal,102,0,0,,,,unresolved_no_task,unresolved_no_task,0,nan,nan,nan,nan,nan,0,
mp-aaaaaocd,targeted,377,052933aa6c75358b383d4addc0635c49d139a3dff9fb57566702b623a04b2767,Ag:1|C:1|N:1,0,3,3,Trigonal,3.6601,3,01-04,gap_gt_2,105,11,11,aaabljub,GGA,0.0,matched,truncated,0,1.0,0.26079645875000007,20.0,20.0,26.024499999999986,0,
mp-aaacpcfs,targeted,378,01d9a2a55be4d322b7807be10b56869d7f56c1f7dd8ec68cf3fdd35a05d32916,Si:4|Ti:2,0,2,6,Tetragonal,0.0,2,05-08,metal,107,1,1,aaaecdif,GGA,1.4295146286686905e-16,matched,usable,1,0.6328125,2.566840384583332,36.0,36.0,300.52610000000004,0,0.381557434797287
mp-aaacryee,targeted,379,030e317b6f9d2b720cdd5193b9adc2c8730fa1eede082f987cdaaa030f2a477b,Al:1|C:3|N:3,0,3,7,Trigonal,5.1114999999999995,3,05-08,gap_gt_2,107,6,6,aaadberq,GGA,0.0,matched,usable,1,0.8046875,1.9593394119999996,30.0,30.0,192.688,0,0.3556545376777649
mp-aaacgnik,targeted,380,037b8fed3f72de046c3b103e321ce7bd99dc74f3315366e8266b0f2277cc78b4,Mo:2|Se:8|W:2,0,3,12,Trigonal,0.9440999999999997,3,09-16,gap_0_2,107,21,3,aaadadca,GGA,0.0,matched,usable,1,0.5234375,1.7914325818750048,96.0,96.0,513.6544,0,0.31818413734436035
mp-aaaboefv,targeted,381,010d1d51d53c8a758364d6456a600ee762323a6c62d136aefd01a1cfae39a38e,Ba:2|Fe:4|Nb:4|O:48|P:12,0,5,70,Monoclinic,2.4288,4+,33-80,gap_gt_2,109,4,4,aaacxkqn,GGA+U,0.0,matched,usable,1,0.390625,1.4521305202477486,444.0,444.0,1416.1352,1,0.5644845366477966
mp-aaaexmyg,targeted,382,01a0a249cb91a827876e3cedf6d9a81a6b0bd2c8291bfdf054d52f509961951d,Cr:1|Mg:1|O:10|V:3,0,4,15,Orthorhombic,0.8911,4+,09-16,gap_0_2,110,2,1,aaaexmyg,GGA+U,0.0,matched,usable,1,0.5234375,1.014385906728972,107.0,107.0,467.8039,0,0.40430551767349243
mp-aaadikgt,targeted,383,0127503ed1ca706d4769e00ee591b65c130711402b5bc3bb40319db4012aa2c3,Bi:1|Eu:1|In:1|O:6|Sr:1,0,5,10,Cubic,0.0,4+,09-16,metal,111,0,0,,,,unresolved_no_task,unresolved_no_task,0,nan,nan,nan,nan,nan,0,
mp-aaackwos,targeted,384,0130124c853c323f8c3e5b6db6987e21b03115501c8660a9a99c5f9744d50556,Cs:2|Gd:2|Te:8,0,3,12,Tetragonal,0.08389999999999986,3,09-16,gap_0_2,114,8,8,aaaddcrq,GGA,0.0006048982655509186,matched,usable,1,0.4765625,1.860781176369048,84.0,84.0,556.2956,1,0.48197901248931885
mp-aaabxgtz,targeted,385,0fbdbe8c1b337eb3273b3362c840d0a8a04dfbce33e3dd9695c251c0b2be3eb1,As:1|Au:1|Yb:2,0,3,4,Cubic,0.05109999999999992,3,01-04,gap_0_2,123,0,0,,,,unresolved_no_task,unresolved_no_task,0,nan,nan,nan,nan,nan,0,
mp-aaabrymn,targeted,386,03f7738363a2294d1f4874518dc18dbdf4eb88da36995bed4e7cc5784a35ec49,Co:1|Li:3|N:6|O:12,0,4,22,Trigonal,2.3954999999999997,4+,17-32,gap_gt_2,128,7,7,aaabugil,GGA+U,0.0,matched,truncated,0,0.421875,0.0589103474122807,114.0,114.0,9.8666,0,
mp-aaacrjod,targeted,387,011fb11fd512648c54dbc2e4436fafccc91fa817604db4211e9072fe0f698e67,Cu:1|Ga:3|Sm:2,0,3,6,Trigonal,0.0,3,05-08,metal,129,0,0,,,,unresolved_no_task,unresolved_no_task,0,nan,nan,nan,nan,nan,0,
mp-aaaaaiys,targeted,388,0161d139e59444c6f1aec818fb911ab58ba9307aa9fecf3d670ed77bee2e9e72,Ag:4|C:4|N:4|S:4,0,4,16,Monoclinic,2.6854999999999998,4+,09-16,gap_gt_2,129,7,7,aaaboswa,GGA,0.0,matched,truncated,0,1.0,0.24536792062499999,104.0,104.0,123.1517821333333,0,
mp-aaadasyd,targeted,389,019f73d8f4dc9734f345318ca9279ccd8d9ef36803ed4ce51fbe1f68cac20e32,Bi:1|F:6|Mg:1,0,3,8,Trigonal,0.08130000000000004,3,05-08,gap_0_2,130,0,0,,,,unresolved_no_task,unresolved_no_task,0,nan,nan,nan,nan,nan,0,
mp-aaabqycx,targeted,390,02c7c49741b47787d44e67ca44291a5155a5de47a37c0aaa90a2b08cbea668ea,Fe:4|Hg:2|O:8,0,3,14,Cubic,1.1461,3,09-16,gap_0_2,131,10,10,aaacvvrk,GGA+U,0.0,matched,usable,1,0.3828125,1.368687063317308,104.0,104.0,337.052,0,0.5874330997467041
mp-aaaabsuj,targeted,391,02d7c92a763ec32b297d821a4a2ed78c73ce3bbbed059a1a637afa9cff3c09a8,Ac:2|Cl:2|O:2,0,3,6,Tetragonal,4.4457,3,05-08,gap_gt_2,134,0,0,,,,unresolved_no_task,unresolved_no_task,0,nan,nan,nan,nan,nan,0,
mp-aaacreee,targeted,392,0ab326d4e4f5275a98db89c66a8d853800e22177d800d4edad3c5c0a6ae726e2,Eu:1|Yb:1,0,2,2,Trigonal,0.0,2,01-04,metal,141,0,0,,,,unresolved_no_task,unresolved_no_task,0,nan,nan,nan,nan,nan,0,
mp-aaaabsth,targeted,393,02b667463bf7ac416c88740aa28a1dfe3e8e126e28ff773293154ce05ecf0e07,H:4|Mg:3|O:5,0,3,12,Trigonal,3.5652,3,09-16,gap_gt_2,143,0,0,,,,unresolved_no_task,unresolved_no_task,0,nan,nan,nan,nan,nan,0,
mp-aaaewees,targeted,394,04f6421c0367c2de5ac37d4a11e744840b0a51c437ceca20385a2e81d70bf85b,Mg:1|O:6|Sb:2|Sr:1,0,4,10,Trigonal,2.6685,4+,09-16,gap_gt_2,146,2,2,aaaeweiw,GGA,0.0,matched,usable,1,0.53125,1.0890495075862068,58.0,58.0,231.28889999999996,0,0.51163649559021
mp-aaacrsjp,targeted,395,025d8efeb240ade062c2a06c379fd035b3403cc232522c632b83febeeaf51bd7,Eu:1|Pb:1|Te:2,0,3,4,Tetragonal,0.0,3,01-04,metal,148,6,6,aaadcezm,GGA,0.009320945327115039,matched,usable,1,0.5546875,1.643088630857143,35.0,35.0,192.2343,0,0.48074403405189514
mp-aaackkvw,targeted,396,015a2472c1c7f6eb1c1f0fb8978c1e247c40ae121d49bd4a20c53ba91e87b195,Co:1|F:2|Li:1,0,3,4,Trigonal,0.0,3,01-04,metal,162,3,3,aaadbtqt,GGA+U,0.0,matched,usable,1,0.3203125,2.5894508918750008,24.0,24.0,55.439,0,0.5949769020080566
mp-aaabftay,targeted,397,01df08e6776c26fd2ad44b870c8171d56ec94782d732dde5ec52cb83cae89c49,Bi:2|F:12|K:2,0,3,16,Tetragonal,2.7083,3,09-16,gap_gt_2,163,0,0,,,,unresolved_no_task,unresolved_no_task,0,nan,nan,nan,nan,nan,0,
mp-aaacrneh,targeted,398,082cbc86c48fe56ead06a0f05faf99629ba4fc2b3401b4f95769ee3fcefb195a,Cd:1|Mn:1|S:2,0,3,4,Trigonal,0.5464000000000002,3,01-04,gap_0_2,168,6,0,,,,unresolved_no_match,unresolved_no_match,0,nan,nan,nan,nan,nan,0,
mp-aaacfyar,targeted,399,010e2c26bcaca9f5aa31a5ac6c3511f04aa3f205cdf33108c5cca8a211a7f54d,Ga:2|Ho:2,0,2,4,Orthorhombic,0.0,2,01-04,metal,174,0,0,,,,unresolved_no_task,unresolved_no_task,0,nan,nan,nan,nan,nan,0,
mp-aaabsdyi,targeted,400,0111f8053ce917929e84c87325ad02dd37cc938bfa623baf0349e30b15337fb9,Co:2|Li:8|O:8,0,3,18,Monoclinic,1.2202000000000002,3,17-32,gap_0_2,184,4,4,aaabuizr,GGA+U,0.0,matched,truncated,0,0.421875,0.07958930405405401,74.0,74.0,10.243500000000001,0,
mp-aaaiejbh,targeted,401,0772a124226b10e7a48c10460cb5f8055a71d0502086732a67aa8195b357ec1e,Mg:2|O:8|Sc:4,0,3,14,Cubic,4.4392000000000005,3,09-16,gap_gt_2,186,0,0,,,,unresolved_no_task,unresolved_no_task,0,nan,nan,nan,nan,nan,0,
mp-aaacgiqu,targeted,402,01bf5f63bfe44bc134d35c1e70f2a0c176b0405303ff75d26af0c4a2967fdfdd,Cl:4|Cs:2|Mn:1,0,3,7,Tetragonal,1.5640999999999998,3,05-08,gap_0_2,189,0,0,,,,unresolved_no_task,unresolved_no_task,0,nan,nan,nan,nan,nan,0,
mp-aaaabnql,targeted,403,015d0a3441e12006ba89d3f4b5dafa042895ef4b5d42371a4b6f9c749b638b63,Fe:4|Li:4|O:16|P:4,0,4,28,Orthorhombic,3.7805999999999997,4+,17-32,gap_gt_2,200,24,3,aaacymgb,GGA+U,0.0,matched,usable,1,0.40625,1.2926467562499993,152.0,152.0,530.9384,0,0.5224511623382568
mp-aaaaadyn,targeted,404,01deea172a21479f30dd3e6186f0f8c67f96c06331dfa91b6435c6522aa173b9,Pr:2|Ru:4,0,2,6,Cubic,0.0,2,05-08,metal,203,0,0,,,,unresolved_no_task,unresolved_no_task,0,nan,nan,nan,nan,nan,0,
mp-aaabrphe,targeted,405,01f61f7f512da07bcbf4d37baa39e1a9c2e2da9d2f44f56961fb0823834fe1b4,F:4|Nb:4|O:8,0,3,16,Orthorhombic,2.8979999999999997,3,09-16,gap_gt_2,215,5,4,aaabwrfz,GGA,0.0,matched,truncated,0,0.5546875,0.07209903575,120.0,120.0,29.732599999999998,0,
mp-aaacszdr,targeted,406,01beafe7df336e987c27de09a84859e41bc5a25bf2658e80e7cfbea27c55a9d0,N:4|S:2|Si:4,0,3,10,Monoclinic,1.6688000000000005,3,09-16,gap_0_2,220,1,1,aaaealtv,GGA,0.0,matched,usable,1,0.734375,2.933786342395834,48.0,48.0,364.6221,0,0.37311282753944397
mp-aaabhdjx,targeted,407,01553ddab1ea9ac0e65d2c3d279ac9fb69a8cfba4aa3b3a3fa1d0ceba1c86b45,In:3|Ni:3|Tb:3,0,3,9,Hexagonal,0.0,3,09-16,metal,239,0,0,,,,unresolved_no_task,unresolved_no_task,0,nan,nan,nan,nan,nan,0,
mp-aaabqvvy,targeted,408,020238c1eb12ffd211ba951cf3de1b57934c54994bd4508e89a974c2ca5d928d,F:4|O:4|V:4,0,3,12,Orthorhombic,1.7227999999999999,3,09-16,gap_0_2,239,16,0,,,,unresolved_no_match,unresolved_no_match,0,nan,nan,nan,nan,nan,0,
mp-aaaabfks,targeted,409,01192a37a946c476a112cb0673e8a9317e18582c0621e9acdf44d90ddc1732fd,Eu:2|Si:2|Zn:2,0,3,6,Hexagonal,0.0,3,05-08,metal,243,10,10,aaacukcf,GGA+U,0.00023961989710648586,matched,usable,1,1.0,3.241401875399996,50.0,50.0,432.8695008533334,0,0.3220815062522888
mp-aaacqwql,targeted,410,017e90629f0b9ad79f3a9a72b2569c25ddb30eeed673b86a894ced481858b288,H:4|N:2|Na:6|O:16|S:2,0,5,30,Monoclinic,3.2489022942218697,4+,17-32,gap_gt_2,250,0,0,,,,unresolved_no_task,unresolved_no_task,0,nan,nan,nan,nan,nan,0,
mp-aaacoykf,targeted,411,02c99956d76d9d746cd87f9d4b6109495e02eb111ffa876e5fa8e3a6d7c431b8,H:4|Lu:4|O:8,0,3,16,Monoclinic,4.893623899208317,3,09-16,gap_gt_2,257,0,0,,,,unresolved_no_task,unresolved_no_task,0,nan,nan,nan,nan,nan,0,
mp-aaacligt,targeted,412,01377f88b95b4aa6cb0bb5f7e124a9154010bf4bd596125392c17e06b6bf1871,Br:6|Cs:2|K:1|Mo:1,0,4,10,Cubic,1.6086074634372816,4+,09-16,gap_0_2,267,3,3,aaadbwqj,GGA,0.0,matched,usable,1,0.5703125,1.5802264354320983,81.0,81.0,424.3556,0,0.5361452102661133
mp-aaabrfbm,targeted,413,018c0e17660da216d841e5b325aff0dcb358b1a8e111f93cedad6c9fcd3e2e9d,F:20|Li:4|V:4,0,3,28,Monoclinic,2.1344,3,17-32,gap_gt_2,273,9,3,aaabwmfu,GGA+U,0.0,matched,truncated,0,0.421875,0.06930809050531922,188.0,188.0,29.511,0,
mp-aaacpwoi,targeted,414,014e36fc63f16e85eca99dfb1227ce5b3d4eea1b03122c799f63d9668090577d,Er:8|Ge:12|Zn:10,0,3,30,Orthorhombic,0.02092526744767298,3,17-32,gap_0_2,284,3,3,aaadciyh,GGA,0.0,matched,usable,1,0.796875,0.9894779241805559,360.0,360.0,1578.6296,0,0.24018967151641846
mp-aaabxcfd,targeted,415,011081b4e9a761b5d1e40ceef6c214ac2631a5812b2de6ea702c0ff9ac788034,Ag:6|Ce:2,0,2,8,Hexagonal,0.0,2,05-08,metal,369,3,3,aaadboef,GGA,0.006791762102473277,matched,usable,1,0.6015625,1.4414538785555553,90.0,90.0,739.6913,3,0.432217001914978
mp-aaacpopo,targeted,416,010e34d9df63e2c1eaf62fbda3da19ed23caa8ac7f18cd14c03f34fd321c2e10,Mo:1|O:3|Th:1,0,3,5,Cubic,0.0,3,05-08,metal,371,6,6,aaaddftl,GGA+U,0.0,matched,usable,1,0.5703125,1.5237866313095245,42.0,42.0,205.43990000000002,0,0.5017473697662354
mp-aaabsgta,targeted,417,0123cc28603122fbe4039f6a143ed5eec38011f967a3b0093e8e8e88628af7eb,F:12|Li:4|V:4,0,3,20,Orthorhombic,2.5427999999999997,3,17-32,gap_gt_2,388,6,4,aaabukal,GGA+U,0.0,matched,truncated,0,0.40625,0.06322217583333335,132.0,132.0,14.707099999999999,0,
mp-aaacrnlk,targeted,418,018fe1ced65cd791adf01e19f0a2f1eeac3ef3a0d8644263b97a8d9e9673fb51,Ga:1|Mn:3,0,2,4,Hexagonal,0.0,2,01-04,metal,405,16,7,aaaddclw,GGA,0.0,matched,usable,1,0.28125,2.4001691454807683,52.0,52.0,116.2208,0,0.6199466586112976
mp-aaacqqyo,targeted,419,011629ad725ac8613ec56852b44e0adde961cb5022a9f54235ed213aea6313b6,Pt:3|Si:3|Yb:2,0,3,8,Tetragonal,0.0,3,05-08,metal,463,0,0,,,,unresolved_no_task,unresolved_no_task,0,nan,nan,nan,nan,nan,0,
mp-aaacqppb,targeted,420,02a97b436f813b85f1d3e455f277a38f3609cb15b74529ac0da2046b8a452c1a,Ba:2|Ho:1|O:6|Pa:1,0,4,10,Cubic,3.9051,4+,09-16,gap_gt_2,524,0,0,,,,unresolved_no_task,unresolved_no_task,0,nan,nan,nan,nan,nan,0,
mp-aaacrslm,targeted,421,030bd5e4799e2b8f42dc3222c82d6fc4a8ab950cd8990ea27735fc9bec806096,Fe:3|Si:1,0,2,4,Tetragonal,0.0,2,01-04,metal,655,25,6,aaadbtua,GGA,0.0,matched,usable,1,0.3046875,2.7999510821428575,28.0,28.0,121.80449999999999,0,0.5717114210128784
mp-aaacpigg,targeted,422,0114ef57c9424f4ad0eda6c5ac3e9bda2576d4924c83b6c048aac9271e102749,Al:1|Fe:3,0,2,4,Cubic,0.0,2,01-04,metal,1247,7,6,aaaddimz,GGA,0.008031391427323406,matched,usable,1,0.2578125,5.33157923777778,27.0,27.0,114.17710000000001,0,0.5474676489830017
mp-aaacpkzl,targeted,423,011d3ef6d08054bf0715d77c9f341fa059a81c2daa7f08eda49b0b7c07d54d33,La:1|Pt:2|Yb:1,0,3,4,Cubic,0.0,3,01-04,metal,1834,0,0,,,,unresolved_no_task,unresolved_no_task,0,nan,nan,nan,nan,nan,0,
mp-aaacpdbk,targeted,424,8dfd657dce9d72a9aabe201006c40a70e8005fa69f04cb5b087cef9dd484c9bf,Rb:8,1,1,8,Monoclinic,0.0,1,05-08,metal,0,6,6,aaadafdn,GGA,0.0,matched,usable,1,0.6796875,0.8039920792361117,72.0,72.0,274.4088,0,0.36274150013923645
mp-aaacjjyb,targeted,425,1c9524b065cc4b3e95b643be58ec5031ae9d8ac94af6aac7cf99ddd6c92d4fe0,C:8,1,1,8,Orthorhombic,3.3272999999999993,1,05-08,gap_gt_2,0,4,0,,,,unresolved_no_match,unresolved_no_match,0,nan,nan,nan,nan,nan,0,
mp-aaacpdie,targeted,426,df778ec72fb214d5be0ece0b51ee3a7251342b3d6cce4a01f56d76d2bf95a3c5,Rb:8,1,1,8,Tetragonal,0.5881999999999998,1,05-08,gap_0_2,0,0,0,,,,unresolved_no_task,unresolved_no_task,0,nan,nan,nan,nan,nan,0,
mp-aaacpdha,targeted,427,3c4a1334fe2ddd2297b89501937da3f385f9eafebc09d7d5e1b902c3de06b177,Rb:8,1,1,8,Triclinic,0.0,1,05-08,metal,0,2,2,aaadacjp,GGA,0.0,matched,usable,1,0.6640625,1.0189849734722245,72.0,72.0,284.6004,0,0.3539256453514099
mp-aaabinwf,targeted,428,7fe961951cdc3f6eab1e93eee4e92d136d19a77686c1aaecddc47ae3021d8ae1,C:12,1,1,12,Hexagonal,0.0,1,09-16,metal,0,0,0,,,,unresolved_no_task,unresolved_no_task,0,nan,nan,nan,nan,nan,0,
mp-aaacphdx,targeted,429,389fcecfc8b25c590f1add387802a7e0d589cc20412fa68822ae2641bc6b9dd7,B:12,1,1,12,Monoclinic,0.0,1,09-16,metal,0,1,1,aaaefrlp,GGA,1.172338649549502e-16,matched,usable,1,1.0,1.781670039722222,36.0,36.0,378.11142469333333,0,0.15397003293037415
mp-aaacpspv,targeted,430,7b2126cc9cbe5dd243152917ffdd809cec753d2c4c66ba2ab05e7f93f1507c40,C:16,1,1,16,Orthorhombic,4.330695728846512,1,09-16,gap_gt_2,0,0,0,,,,unresolved_no_task,unresolved_no_task,0,nan,nan,nan,nan,nan,0,
mp-aaabgire,targeted,431,e2d80889befa1c46ebe3db5cc74470b97c9dff315d369d1a84d891fef4a893d3,C:16,1,1,16,Orthorhombic,0.0,1,09-16,metal,0,0,0,,,,unresolved_no_task,unresolved_no_task,0,nan,nan,nan,nan,nan,0,
mp-aaacqpef,targeted,432,42b54c025412b909e510ed558a858fc6d9283a8a72c30857bff3059fe63c21b7,C:20,1,1,20,Tetragonal,4.6251,1,17-32,gap_gt_2,0,0,0,,,,unresolved_no_task,unresolved_no_task,0,nan,nan,nan,nan,nan,0,
mp-aaabpjxy,targeted,433,ada56140875630ec0e6063bc73be0bbc2eee98adcb232194aa51964c34bcefc4,S:2|Sn:2,1,2,4,Triclinic,1.4319000000000002,2,01-04,gap_0_2,0,0,0,,,,unresolved_no_task,unresolved_no_task,0,nan,nan,nan,nan,nan,0,
mp-aaabormp,targeted,434,6fccc0736e92df98edb397d56a5d1bb30c9ac204e5e72f9b9ad294c79b518acc,Bi:2|O:3,1,2,5,Triclinic,0.15640000000000054,2,05-08,gap_0_2,0,23,1,aaabwgal,GGA,0.0,matched,truncated,0,0.703125,0.10945098910714286,28.0,28.0,9.6046,0,
mp-aaabfqyx,targeted,435,05fdf6247247d56ceaecba46b0f1aa9c6881f261a4755afb201dd63a991ec538,O:8|Si:4,1,2,12,Triclinic,5.2035,2,09-16,gap_gt_2,0,17,10,aaabtghu,GGA,0.0,matched,truncated,0,1.0,0.20674273999999992,64.0,64.0,47.82426314666668,0,
mp-aaachonh,targeted,436,4aec7e5815d375f1cc091b835e82fe81263fe99da81029aa820eb5cacdf0a272,O:12|Ti:8,1,2,20,Orthorhombic,0.0,2,17-32,metal,0,4,4,aaachony,GGA,0.0,matched,truncated,0,0.6484375,0.07342188789473682,152.0,152.0,48.681799999999996,0,
mp-aaabnggi,targeted,437,53889066358e3eab7b1b254c968d1c0ddfa828ed63a1bebd20e0972b580b2c29,O:20|P:8,1,2,28,Triclinic,1.1180999999999999,2,17-32,gap_0_2,0,4,4,aaabqbaf,GGA,0.0,matched,truncated,0,1.0,0.25714611381249985,160.0,160.0,155.7015977066668,0,
mp-aaabmxtr,targeted,438,6469322f3a7b60f03c9b08c359847a502bb8c5457fa96c659f7524fe5c28fe31,O:16|Si:8,1,2,24,Triclinic,5.2101999999999995,2,17-32,gap_gt_2,0,4,4,aaacxvyg,GGA,0.0,matched,usable,1,0.78125,1.5187005098046875,128.0,128.0,717.4379,0,0.3043517470359802
mp-aaabkpvi,targeted,439,8516ae1651559a210517dce155fd001215bd741da08716338e5f227d850f5a92,Al:12|S:18,1,2,30,Triclinic,0.0,2,17-32,metal,0,3,1,aaaedvsn,GGA,1.2535448253889884e-16,matched,usable,1,1.0,2.2069893903472226,144.0,144.0,2295.8492734399997,0,0.1869482398033142
mp-aaabfogw,targeted,440,08927348b6b0a0317094d67fa18c2e9910fae48f37c4a530eb071fb1c0f60bb0,O:24|Si:12,1,2,36,Hexagonal,0.5029000000000001,2,33-80,gap_0_2,0,3,3,aaaboiwx,GGA,0.0,matched,truncated,0,1.0,0.21539012546875003,192.0,192.0,147.3744794133334,0,
mp-aaacpdge,targeted,441,c90272d8fae592c4e6b0676710fe5eafcf50fb578636fab111dbe43bc527b1ba,Ru:16|Si:24,1,2,40,Orthorhombic,0.0,2,33-80,metal,0,1,1,aaaecqzp,GGA,0.0,matched,usable,1,0.515625,1.8139076286562497,320.0,320.0,2047.0122000000001,3,0.43224871158599854
mp-aaaczjsx,targeted,442,14ed899ac9f632264914c1637d6a5ee82225bc194281f349c69b0b350523b986,Al:16|O:24,1,2,40,Triclinic,0.9567999999999994,2,33-80,gap_0_2,0,3,1,aaaczjsx,GGA,0.0,matched,usable,1,0.7890625,1.3433472304687502,192.0,192.0,1102.1770000000001,0,0.3016568124294281
mp-aaabptms,targeted,443,0dace928a42ec74514b3e6e5c1a148c67142035698393fcb76fe8c93b7e58950,O:48|Si:24,1,2,72,Triclinic,5.593,2,33-80,gap_gt_2,0,0,0,,,,unresolved_no_task,unresolved_no_task,0,nan,nan,nan,nan,nan,0,
mp-aaabpezp,targeted,444,b5e3481fa475fdea7300b0a5f87764cc9bdff0953bfde568eb8cf3acd5a0c071,Al:16|O:24,1,2,40,Triclinic,0.0,2,33-80,metal,0,3,1,aaabwxfw,GGA,0.0,matched,truncated,0,0.6484375,0.10898408315104167,192.0,192.0,53.9354,0,
mp-aaabfqoi,targeted,445,ae43ce13b284f10f31abe007ca29856377d87a563726369252e0e05b5338bc4d,O:24|Si:12,1,2,36,Trigonal,0.0,2,33-80,metal,0,22,4,aaaczgfk,GGA,0.0,matched,usable,1,0.8671875,1.2274489107291668,192.0,192.0,1231.8742,1,0.36006852984428406
mp-aaactnsq,targeted,446,1ecc3a81cb009c0348b7e4928609da31e6ab51dc1585892d73325b06a16feb4f,O:120|Si:60,1,2,180,Hexagonal,5.5917,2,81+,gap_gt_2,0,1,1,aaactdkp,GGA,0.004607965479156255,matched,usable,1,0.875,0.8372242455000002,960.0,960.0,3021.6483,8,0.4245176911354065
mp-aaabidsd,targeted,447,10a9f38c38eb63c1c5f7216a898bbd157e524e96744492fbe755d3f412483990,O:120|Si:60,1,2,180,Orthorhombic,5.8262,2,81+,gap_gt_2,0,2,2,aaablgmb,GGA,0.0,matched,truncated,0,1.0,0.2133154563854166,960.0,960.0,701.9035869866664,0,
mp-aaactatr,targeted,448,423dea55fd627ef04160c804b020e06a45bcbea9d7ead69bde6199a14b537cae,Al:2|Ni:1|Pt:1,1,3,4,Triclinic,0.029999999999999805,3,01-04,gap_0_2,0,3,3,aaactisn,GGA,1.1547809271692226e-16,matched,usable,1,0.390625,0.7961689557692307,26.0,26.0,86.7941,0,0.6793006658554077
mp-aaabmlxu,targeted,449,555df7713b4ae07e19ba5bc3e2f2119197d40d53bc45bc233fe3ebf2f5c58f6b,Ag:2|Cl:2|O:4,1,3,8,Triclinic,0.0,3,05-08,metal,0,7,7,aaacbyiz,GGA,0.0,matched,truncated,0,0.7109375,0.09528282833333328,60.0,60.0,23.874699999999997,0,
mp-aaabfofl,targeted,450,49100f2954a38d4698c913a22c92f9628569fe511a5eb8e67db0274cf3f260b1,K:2|O:12|Os:4,1,3,18,Triclinic,0.0,3,17-32,metal,0,0,0,,,,unresolved_no_task,unresolved_no_task,0,nan,nan,nan,nan,nan,0,
mp-aaabskew,targeted,451,0c3829e8c90764c89b85daa0ce140bbe5674b8c0ea504f598e32abc001b1757b,Hf:16|N:16|O:8,1,3,40,Triclinic,1.9989,3,33-80,gap_0_2,0,0,0,,,,unresolved_no_task,unresolved_no_task,0,nan,nan,nan,nan,nan,0,
mp-aaabsdpy,targeted,452,06b01b245460322588d9d34e8fc632a92e24e30f895f626115ac82ca326164bc,Hf:16|N:16|O:8,1,3,40,Triclinic,2.029000000000001,3,33-80,gap_gt_2,0,0,0,,,,unresolved_no_task,unresolved_no_task,0,nan,nan,nan,nan,nan,0,
mp-aaabwoac,targeted,453,5379e9bf33b320034240c30a8b00c26aeab092558c506d3408caaa2213bc6bf0,Ge:8|O:28|Sm:8,1,3,44,Triclinic,0.0,3,33-80,metal,0,3,1,aaabwuyf,GGA,0.0,matched,truncated,0,0.3828125,0.07941691457880436,368.0,368.0,26.2639,0,
mp-aaaieiwl,targeted,454,7c2cdc9d67fe8b752945a38cabf5d12a47825497f4dd6cc7dce259256aef052f,Nb:16|O:56|Sr:16,1,3,88,Cubic,1.1038999999999999,3,81+,gap_0_2,0,0,0,,,,unresolved_no_task,unresolved_no_task,0,nan,nan,nan,nan,nan,0,
mp-aaabeget,targeted,455,2ab0962b5fac476baa74cc446a0fbd09c5bd609b2a2fea222c4376a4ef800ef8,Al:28|Mg:14|O:56,1,3,98,Triclinic,3.3267000000000007,3,81+,gap_gt_2,0,16,5,aaabqjsw,GGA,0.0,matched,truncated,0,0.9296875,0.14681917222098212,448.0,448.0,250.38179999999997,0,
mp-aaacperx,targeted,456,a9e28b2467d7caf5ddc062cde353b7fe2879b0468e44a72930ed140d3dbf4059,C:1|N:1|Na:1|O:1,1,4,4,Monoclinic,3.7911,4+,01-04,gap_gt_2,0,1,1,aaaeaecn,GGA,0.0,matched,usable,1,0.6484375,5.917966433636366,22.0,22.0,140.5399,0,0.6758604049682617
mp-aaacreio,targeted,457,34a9c34bfe35ff1f3c304158b11f2ac814f287e85bab95204d8977b27dfa2285,Cu:2|S:1|Se:3|Sn:1|Zn:1,1,5,8,Triclinic,0.0038999999999997925,4+,05-08,gap_0_2,0,11,6,aaadeeyp,GGA,0.0,matched,usable,1,0.3203125,1.7346645994444447,72.0,72.0,204.75760000000002,0,0.5446416139602661
mp-aaacphhc,targeted,458,59979c54f0a448ed67ec2f06ab211ac7bf8352ff5e4b9c125913b6a1d4c9fe25,Ba:2|Bi:1|O:6|Sb:1,1,4,10,Triclinic,0.0,4+,09-16,metal,0,1,1,aaaegcnt,GGA,0.0,matched,usable,1,0.65625,2.7413864016666687,66.0,66.0,448.458,0,0.4525800943374634
mp-aaacoues,targeted,459,12e469976ec986e55d0755aebaba40d6821852fe220e376d95f890d5e1ae9463,Be:8|Na:2|O:14|Sb:2,1,4,26,Hexagonal,0.0,4+,17-32,metal,0,1,1,aaaczybg,GGA,0.0,matched,usable,1,0.2265625,1.477754619112903,124.0,124.0,219.1711,0,0.5279145240783691
mp-aaacyssk,targeted,460,0e09ac0f3139ee11ac6bf92b28725340b582e3bb932f58bb3357f3e0fb6d94a7,O:16|P:4|Sn:2|Sr:2,1,4,24,Triclinic,0.0,4+,17-32,metal,0,4,1,aaacyssk,GGA,0.0,matched,usable,1,0.6015625,1.3747206989939025,164.0,164.0,663.5843,0,0.4944531321525574
mp-aaabpayn,targeted,461,08e922da2ec2b07154f6ec4bb5c971044e6dbb02c793fb0cb73805486b5ef3c0,Li:20|P:4|Se:24|Si:2,1,4,50,Triclinic,1.4633,4+,33-80,gap_0_2,0,10,6,aaaczqtg,GGA,0.0,matched,usable,1,0.4921875,1.5878987771354165,192.0,192.0,939.0338999999999,1,0.4674282371997833
mp-aaaborfc,targeted,462,2016b6eeaee853c21b6057c516e91cbd9452073459823e78be1af96ff0bd971f,Al:6|F:24|Na:2|Rb:4,1,4,36,Triclinic,6.8045,4+,33-80,gap_gt_2,0,5,5,aaadbkzu,GGA,0.0,matched,usable,1,0.6875,1.1748964234957624,236.0,236.0,1042.2559999999999,0,0.37418311834335327
mp-aaacjmwg,targeted,463,7e0ea4601e9029cf572db64e0c61178f39e20067147dd31381d6d516235d49c4,C:8,1,1,8,Monoclinic,3.4876000000000005,1,05-08,gap_gt_2,1,6,0,,,,unresolved_no_match,unresolved_no_match,0,nan,nan,nan,nan,nan,0,
mp-aaaegyhl,targeted,464,30c7503deede3be52625c6c55501deeaf5291f2e0c9eb107717dd6e821995f6d,Rb:8,1,1,8,Orthorhombic,0.0,1,05-08,metal,1,0,0,,,,unresolved_no_task,unresolved_no_task,0,nan,nan,nan,nan,nan,0,
mp-aaaegyaw,targeted,465,f3cb9d82eda5e2ec74ec725cf9d309e84ea4f9c5cb39a8a9a06dfdca7f6163ea,Cs:8,1,1,8,Tetragonal,0.0,1,05-08,metal,1,0,0,,,,unresolved_no_task,unresolved_no_task,0,nan,nan,nan,nan,nan,0,
mp-aaabgkiq,targeted,466,8c3758234bee2084dffff4f0b2202d8dc4fc472d618b493f8108058fa2ac1075,C:8,1,1,8,Trigonal,0.10560000000000014,1,05-08,gap_0_2,1,0,0,,,,unresolved_no_task,unresolved_no_task,0,nan,nan,nan,nan,nan,0,
mp-aaabghry,targeted,467,593fd5393d078600dbf40bded6eb16fc7ddd3c262ced1bf2119e80a972eada2c,Pr:6,1,1,6,Trigonal,0.0,1,05-08,metal,1,8,8,aaacezin,GGA,0.0,matched,truncated,0,0.609375,0.07247256295454547,66.0,66.0,19.026799999999998,0,
mp-aaackitt,targeted,468,cf816b8df19b8a7cf1929aa12b9bdfaa5f5fbf2cc11f5644ad329aaf677c4499,C:12,1,1,12,Tetragonal,2.5933,1,09-16,gap_gt_2,1,0,0,,,,unresolved_no_task,unresolved_no_task,0,nan,nan,nan,nan,nan,0,
mp-aaaaaads,targeted,469,c44af52461edc0a2fa033ed2fedde37eebe5d8696e945846962a6c695675a394,S:32,1,1,32,Monoclinic,2.6529,1,17-32,gap_gt_2,1,0,0,,,,unresolved_no_task,unresolved_no_task,0,nan,nan,nan,nan,nan,0,
mp-aaaaaacz,targeted,470,9a9ebf39b19e2f635571fc221d1a246ea249d7d3fb390539652c5a657d4f232f,S:32,1,1,32,Orthorhombic,2.5807,1,17-32,gap_gt_2,1,0,0,,,,unresolved_no_task,unresolved_no_task,0,nan,nan,nan,nan,nan,0,
mp-aaabjznp,targeted,471,2bcad634bc6ad712eaf581e9c6c00b003dbac83d584e6b8f8c412ea9b760fa0f,Cl:2|Co:1,1,2,3,Monoclinic,0.06279999999999974,2,01-04,gap_0_2,1,1,1,aaabqhwi,GGA,0.00043481005985514227,matched,truncated,0,0.6796875,0.14925073173913045,23.0,23.0,11.1944,0,
mp-aaacpcvk,targeted,472,4e3d2f63db212448fd581eadb1eee04b5c63a5c99e5386d44f0506c08a91d8f3,F:3|Sc:1,1,2,4,Monoclinic,5.2394,2,01-04,gap_gt_2,1,6,6,aaadavdt,GGA,0.0,matched,usable,1,0.34375,1.9968051879687496,32.0,32.0,75.2091,0,0.563585638999939
mp-aaablhpm,targeted,473,66423d2699e32ce83263f43c1c5f21b7fb8b08d11550576bb1188aa75e83ddd7,S:2|V:1,1,2,3,Triclinic,0.0,2,01-04,metal,1,6,6,aaadbqva,GGA,0.0,matched,usable,1,0.46875,2.7847153686956525,23.0,23.0,125.66099999999999,0,0.4272471070289612
mp-aaacrhzp,targeted,474,5fa59bacebef0a170450378cd48544bed87582180ba637f36fbfbcd33d371fc6,O:5|Ta:2,1,2,7,Triclinic,2.5913000000000004,2,05-08,gap_gt_2,1,1,1,aaaedbxj,GGA,0.0,matched,usable,1,0.421875,2.7816058155769214,52.0,52.0,183.4024,0,0.5599508285522461
mp-aaadaxqi,targeted,475,375686d354f7d3b968cb0286c3dd5b3fde69b0b86c3858dffef1b81d8e92236f,S:8|Ti:4,1,2,12,Triclinic,0.0,2,09-16,metal,1,3,2,aaadaxqi,GGA,0.0,matched,usable,1,0.65625,2.9768119558522814,88.0,88.0,627.0113,0,0.4341411590576172
mp-aaabipnj,targeted,476,da518f87581c25d4216b6fd7b25bb00e1218186e77ebd5eab5f75c416617f985,N:6|O:12,1,2,18,Cubic,0.8947,2,17-32,gap_0_2,1,6,6,aaablnfz,GGA,0.0,matched,truncated,0,1.0,0.1888169902450981,102.0,102.0,51.46329391999999,0,
mp-aaactzmh,targeted,477,1dfc2235c119a4a168282e83708fc0584c355afa107c899a9084acf16545ec90,O:16|Si:8,1,2,24,Tetragonal,5.506200000000001,2,17-32,gap_gt_2,1,19,3,aaactdkz,GGA,1.4875721473639095e-16,matched,usable,1,0.84375,1.2836917042187497,128.0,128.0,810.2144,0,0.3312079906463623
mp-aaaabzor,targeted,478,4967deca0a39e717733b1a7e36b3d2603bf6ff42564999d007441c027de73a30,K:1|N:1|O:2,1,3,4,Monoclinic,2.4952,3,01-04,gap_gt_2,1,6,0,,,,unresolved_no_match,unresolved_no_match,0,nan,nan,nan,nan,nan,0,
mp-aaabjorj,targeted,479,385eda22229c188dbacb8acb718d6f67bcb1f44179f3e0206e13055284a6272f,Al:2|H:2|O:4,1,3,8,Triclinic,4.4333,3,05-08,gap_gt_2,1,8,8,aaadbjmb,GGA,0.0,matched,usable,1,0.6484375,1.967677591875,32.0,32.0,131.0174,0,0.3727204203605652
mp-aaackqtz,targeted,480,032ec20235e1434ba60e60fafd49da071d52368582b3213133aec986c4c16e26,Cd:2|O:6|Ti:2,1,3,10,Triclinic,0.0,3,09-16,metal,1,1,1,aaaecswl,GGA,0.0,matched,usable,1,0.5703125,2.0925333245,80.0,80.0,426.0426,0,0.4383775591850281
mp-aaacrvbg,targeted,481,df1cac044e1fb5101863429c4a87a36a8c98a026f92045763e82f5dc11420217,Ag:1|Cd:2|Ga:1|Se:4,1,4,8,Monoclinic,0.0,4+,05-08,metal,1,6,6,aaadbuhd,GGA,0.0,matched,usable,1,1.0,1.2545792179861108,72.0,72.0,540.4201102933332,0,0.20344088971614838
mp-aaabpqsr,targeted,482,93853c1c33e09ec48492da65ef74745f757abeb39f54c4e0cb53026359723144,C:8|Cl:6|N:2|Zr:1,1,4,17,Trigonal,0.0,4+,17-32,metal,1,5,5,aaabpqsr,GGA,0.006682231922051721,matched,usable,1,0.453125,1.0757029639062499,96.0,96.0,401.548,0,0.5120681524276733
mp-aaabgzky,targeted,483,5034337d0dd4da446956f25e54a634de245a1fc7a78a9ca72c9862ebb94c2eb2,C:4|La:8|N:24|Si:16,1,4,52,Orthorhombic,0.0,4+,33-80,metal,1,6,6,aaacejla,GGA,0.0,matched,truncated,0,0.6953125,0.10269822949652781,288.0,288.0,129.7095,0,
mp-aaacpdog,targeted,484,a6e0175a508627d145f0ad85a3b2d80fb8794550718a00376f76f7e43c049611,P:2,1,1,2,Monoclinic,3.0925000000000002,1,01-04,gap_gt_2,2,0,0,,,,unresolved_no_task,unresolved_no_task,0,nan,nan,nan,nan,nan,0,
mp-aaaekvzq,targeted,485,41161b55b3dc58ca04a76ee308e022ee78dc5c7c2cde9d5962d50cea5e9e010b,Sc:6,1,1,6,Hexagonal,0.0,1,05-08,metal,2,0,0,,,,unresolved_no_task,unresolved_no_task,0,nan,nan,nan,nan,nan,0,
mp-aaafupsj,targeted,486,0d040335de36aebbd1c08044ad749632cab4137d99ad9da6d243f044dcbab300,C:20,1,1,20,Monoclinic,0.24409999999999998,1,17-32,gap_0_2,2,1,1,aaafupsj,GGA,0.0,matched,usable,1,0.9375,1.2869720243749998,80.0,80.0,437.40200000000004,0,0.2056894302368164
mp-aaabqifw,targeted,487,81bdfb60400997996dc5baa491c20a16215a523e16daf0e08b14f7ab5627d0b4,Al:4|C:3,1,2,7,Triclinic,0.0,2,05-08,metal,2,13,13,aaaccayd,GGA,0.0,matched,truncated,0,1.0,0.15704064062499998,24.0,24.0,23.771,0,
mp-aaacpbpu,targeted,488,5e9c10f6facb75c44890b2f2fb36b81ba7df92e71ad52a16cd2dd45e54d2bb55,H:18|Y:6,1,2,24,Hexagonal,0.0,2,17-32,metal,2,16,16,aaacahez,GGA,0.005510350452274069,matched,truncated,0,0.5,0.07379452654761903,84.0,84.0,18.057399999999998,0,
mp-aaackhjh,targeted,489,53cef762b12fd8ebf54ba2119fe5b8b881fa0845c33b816267f757f026ab2c45,Al:13|Mg:16,1,2,29,Monoclinic,0.0,2,17-32,metal,2,8,3,aaacywdy,GGA,0.0,matched,usable,1,0.546875,1.8653719857042255,71.0,71.0,690.0768,0,0.4671362042427063
mp-aaabfshf,targeted,490,58f1f63398bc9e2a8adf104d2f93167ca513d4b2ffced0d329bf01789dc38515,O:48|Si:24,1,2,72,Hexagonal,5.5604,2,33-80,gap_gt_2,2,13,0,,,,unresolved_no_match,unresolved_no_match,0,nan,nan,nan,nan,nan,0,
mp-aaacswat,targeted,491,0f101e1349416e34a293bc32b68e8c0a2596b8e5e084e829bffe329c4d3354c3,Al:16|O:24,1,2,40,Monoclinic,4.9057,2,33-80,gap_gt_2,2,8,0,,,,unresolved_no_match,unresolved_no_match,0,nan,nan,nan,nan,nan,0,
mp-aaacrihf,targeted,492,61ac4bcebc2e73ccfa58cab979510f7f42033db735626d4a9adebb3a3838ce1f,Cu:1|O:2|Sr:1,1,3,4,Monoclinic,0.0,3,01-04,metal,2,1,1,aaaecjvr,GGA,0.0,matched,usable,1,0.3125,2.661011361363636,33.0,33.0,165.9962,0,0.5771940350532532
mp-aaabjzqe,targeted,493,2e28cbcea64bf741ed1e631cd45fda6b6f7015303c4bd1888bfa430134888e0f,Ag:3|I:1|S:1,1,3,5,Triclinic,0.16759999999999975,3,05-08,gap_0_2,2,16,16,aaadeffa,GGA,0.0,matched,usable,1,1.0,1.330863245652174,46.0,46.0,526.5229910400001,0,0.1549113690853119
mp-aaabqyqb,targeted,494,036aa30204cfb905fd7f8d5e4e6d5c4e5bfdb65344dae851feb5416f31752298,Hf:8|N:8|O:4,1,3,20,Triclinic,1.0665999999999993,3,17-32,gap_0_2,2,5,5,aaabtcfz,GGA,0.0,matched,truncated,0,1.0,0.16990308506944451,144.0,144.0,127.49174128000004,0,
mp-aaabfgpg,targeted,495,23c3e035f4c5d5660243cb60404540d496c8ee874cef57e232b584cd8fd30bde,B:1|Ge:1|Li:1|O:4,1,4,7,Orthorhombic,2.7310999999999996,4+,05-08,gap_gt_2,2,12,5,aaacvzbj,GGA,1.9367945813270128e-16,matched,usable,1,0.4453125,1.206351813690476,42.0,42.0,100.1882,0,0.4431520998477936
mp-aaadirox,targeted,496,7e4bb82f3f279f5d6adb8e3ad00fa5142a62506d0c3f00fe3553e47c82f9e5f4,F:4,1,1,4,Monoclinic,0.8464,1,01-04,gap_0_2,3,0,0,,,,unresolved_no_task,unresolved_no_task,0,nan,nan,nan,nan,nan,0,
mp-aaaditcu,targeted,497,35cae455c10d61ad817333fde99f49315293046bf8cef869d079d92a62ee73c9,O:4,1,1,4,Orthorhombic,1.2636,1,01-04,gap_0_2,3,0,0,,,,unresolved_no_task,unresolved_no_task,0,nan,nan,nan,nan,nan,0,
mp-aaabkhfb,targeted,498,0db03e356323b138e7aae7586a45c63a6e3f998165dbdd0a8c65d81b7acbf16f,Bi:8|O:12,1,2,20,Tetragonal,0.0,2,17-32,metal,3,5,5,aaaddpsz,GGA,0.0,matched,usable,1,0.828125,1.6690347768749996,112.0,112.0,940.3112000000001,0,0.3033776879310608
mp-aaabkhwj,targeted,499,158ce9df59e5be997d43fc24af7c5c48d7ebf8808efd43f55db3badb23443c4a,O:24|Si:12,1,2,36,Cubic,0.0,2,33-80,metal,3,3,3,aaabnkbo,GGA,0.0,matched,truncated,0,1.0,0.202731469296875,192.0,192.0,182.94619103999992,0,
mp-aaacqavv,targeted,500,0f1b19343dfdb02bbf9612841a26220174a043c815977cd446bdf328a859cdf5,As:16|Te:24,1,2,40,Monoclinic,0.6958000000000002,2,33-80,gap_0_2,3,2,2,aaacxiqk,GGA,0.0,matched,usable,1,0.9609375,1.4333833726116068,224.0,224.0,2225.10117696,0,0.22602559626102448
