split,idx,n_atom,K,n_edges,mean_indegree,max_indegree
train,0,1,3,8,8.0,8
train,1,2,3,16,8.0,8
train,2,1,4,14,14.0,14
train,3,6,3,138,23.0,23
train,4,1,3,18,18.0,18
train,5,2,3,50,25.0,25
train,6,3,3,72,24.0,24
train,7,8,2,508,63.5,64
train,8,2,3,36,18.0,18
train,9,3,3,66,22.0,22
train,10,1,3,14,14.0,14
train,11,8,3,1048,131.0,131
train,12,8,2,224,28.0,28
train,13,4,3,72,18.0,18
train,14,1,4,54,54.0,54
train,15,1,3,18,18.0,18
train,16,1,4,54,54.0,54
train,17,2,4,112,56.0,56
train,18,1,4,46,46.0,46
train,19,1,3,18,18.0,18
train,20,1,3,18,18.0,18
train,21,4,3,72,18.0,18
train,22,1,4,14,14.0,14
train,23,2,4,64,32.0,32
train,24,1,3,12,12.0,12
train,25,2,4,100,50.0,50
train,26,4,4,484,121.0,121
train,27,4,4,316,79.0,84
train,28,2,4,112,56.0,56
train,29,1,4,50,50.0,50
train,30,1,4,42,42.0,42
train,31,1,3,56,56.0,56
train,32,2,4,112,56.0,56
train,33,1,4,22,22.0,22
train,34,2,3,24,12.0,12
train,35,1,3,14,14.0,14
train,36,1,4,14,14.0,14
train,37,2,3,44,22.0,22
train,38,2,4,244,122.0,122
train,39,2,3,40,20.0,20
train,40,1,3,8,8.0,8
train,41,1,4,14,14.0,14
train,42,3,3,156,52.0,56
train,43,1,4,50,50.0,50
train,44,1,4,54,54.0,54
train,45,1,4,26,26.0,26
train,46,1,3,12,12.0,12
train,47,2,4,88,44.0,44
train,48,2,3,40,20.0,20
train,49,2,3,36,18.0,18
train,50,2,4,44,22.0,22
train,51,1,3,18,18.0,18
train,52,3,3,54,18.0,18
train,53,2,4,160,80.0,80
train,54,2,3,36,18.0,18
train,55,2,4,112,56.0,56
train,56,1,5,58,58.0,58
train,57,2,4,112,56.0,56
train,58,2,4,72,36.0,36
train,59,1,3,14,14.0,14
train,60,1,3,18,18.0,18
train,61,2,3,36,18.0,18
train,62,1,4,54,54.0,54
train,63,2,3,64,32.0,32
train,64,2,3,44,22.0,22
train,65,4,3,88,22.0,22
train,66,1,4,26,26.0,26
train,67,4,3,212,53.0,54
train,68,1,4,26,26.0,26
train,69,2,3,36,18.0,18
train,70,2,4,112,56.0,56
train,71,2,3,56,28.0,28
train,72,24,2,488,20.333333333333332,23
train,73,1,3,24,24.0,24
train,74,1,3,14,14.0,14
train,75,4,3,72,18.0,18
train,76,1,4,42,42.0,42
train,77,1,4,42,42.0,42
train,78,2,3,88,44.0,44
train,79,2,3,40,20.0,20
train,80,1,4,42,42.0,42
train,81,1,4,26,26.0,26
train,82,2,4,136,68.0,68
train,83,12,2,328,27.333333333333332,28
train,84,2,3,24,12.0,12
train,85,1,5,42,42.0,42
train,86,4,3,140,35.0,35
train,87,2,3,40,20.0,20
train,88,1,5,58,58.0,58
train,89,6,3,120,20.0,20
train,90,4,3,110,27.5,28
train,91,2,3,68,34.0,34
train,92,1,3,18,18.0,18
train,93,2,3,76,38.0,38
train,94,8,2,224,28.0,28
train,95,1,3,18,18.0,18
train,96,4,3,120,30.0,30
train,97,4,3,96,24.0,24
train,98,1,3,18,18.0,18
train,99,12,3,1164,97.0,100
train,100,1,3,18,18.0,18
train,101,4,3,128,32.0,32
train,102,1,4,14,14.0,14
train,103,8,3,232,29.0,29
train,104,2,4,158,79.0,79
train,105,2,2,52,26.0,26
train,106,14,2,632,45.142857142857146,50
train,107,2,2,52,26.0,26
train,108,4,3,108,27.0,29
train,109,2,3,52,26.0,26
train,110,12,3,314,26.166666666666668,29
train,111,3,3,72,24.0,26
train,112,2,2,52,26.0,26
train,113,4,2,168,42.0,42
train,114,8,2,416,52.0,52
train,115,4,2,204,51.0,52
train,116,2,3,52,26.0,26
train,117,3,4,110,36.666666666666664,42
train,118,4,2,168,42.0,42
train,119,28,2,1456,52.0,62
train,120,32,2,984,30.75,34
train,121,16,2,344,21.5,23
train,122,4,3,156,39.0,40
train,123,16,2,356,22.25,24
train,124,20,2,428,21.4,22
train,125,2,3,100,50.0,50
train,126,2,3,52,26.0,26
train,127,40,2,2232,55.8,57
train,128,2,2,52,26.0,26
train,129,2,3,100,50.0,50
train,130,3,3,96,32.0,32
train,131,9,3,480,53.333333333333336,56
train,132,6,3,192,32.0,32
train,133,12,2,696,58.0,59
train,134,24,2,1288,53.666666666666664,57
train,135,2,3,52,26.0,26
train,136,8,2,300,37.5,39
train,137,8,2,296,37.0,38
train,138,2,3,116,58.0,58
train,139,8,2,236,29.5,30
train,140,3,3,146,48.666666666666664,50
train,141,7,2,438,62.57142857142857,64
train,142,4,2,156,39.0,40
train,143,9,3,684,76.0,78
train,144,4,3,156,39.0,39
train,145,2,3,160,80.0,80
train,146,2,3,56,28.0,28
train,147,6,3,312,52.0,56
train,148,24,2,1308,54.5,56
train,149,2,3,64,32.0,32
train,150,2,2,52,26.0,26
train,151,8,2,316,39.5,40
train,152,4,4,348,87.0,91
train,153,16,2,352,22.0,23
train,154,4,2,168,42.0,42
train,155,6,2,172,28.666666666666668,30
train,156,28,3,1544,55.142857142857146,60
train,157,2,4,112,56.0,56
train,158,2,3,116,58.0,58
train,159,4,3,148,37.0,38
train,160,2,3,116,58.0,58
train,161,32,2,1408,44.0,45
train,162,2,3,52,26.0,26
train,163,12,2,256,21.333333333333332,23
train,164,11,2,490,44.54545454545455,48
train,165,3,3,66,22.0,23
train,166,3,4,140,46.666666666666664,48
train,167,3,3,128,42.666666666666664,44
train,168,8,2,164,20.5,22
train,169,2,3,52,26.0,26
train,170,5,3,150,30.0,34
train,171,5,3,256,51.2,52
train,172,2,3,52,26.0,26
train,173,2,3,64,32.0,32
train,174,2,3,112,56.0,56
train,175,2,3,52,26.0,26
train,176,8,2,274,34.25,36
train,177,12,2,732,61.0,64
train,178,6,2,212,35.333333333333336,42
train,179,4,2,168,42.0,42
train,180,6,3,138,23.0,24
train,181,6,2,308,51.333333333333336,56
train,182,20,2,1536,76.8,80
train,183,20,2,660,33.0,36
train,184,2,3,52,26.0,26
train,185,4,2,72,18.0,18
train,186,2,3,52,26.0,26
train,187,4,3,124,31.0,31
train,188,4,3,104,26.0,26
train,189,2,3,116,58.0,58
train,190,6,2,96,16.0,17
train,191,10,2,332,33.2,34
train,192,6,4,340,56.666666666666664,58
train,193,6,2,192,32.0,32
train,194,6,2,270,45.0,50
train,195,8,3,336,42.0,42
train,196,28,2,840,30.0,31
train,197,4,2,168,42.0,42
train,198,20,2,524,26.2,28
train,199,4,3,112,28.0,32
train,200,3,3,112,37.333333333333336,44
train,201,12,2,432,36.0,40
train,202,6,2,232,38.666666666666664,40
train,203,2,3,52,26.0,26
train,204,12,2,888,74.0,77
train,205,8,2,508,63.5,64
train,206,2,3,116,58.0,58
train,207,7,2,486,69.42857142857143,72
train,208,2,3,92,46.0,46
train,209,8,3,376,47.0,48
train,210,4,2,104,26.0,26
train,211,2,3,124,62.0,62
train,212,12,2,852,71.0,73
train,213,2,3,84,42.0,42
train,214,6,3,148,24.666666666666668,26
train,215,4,2,72,18.0,18
train,216,2,3,52,26.0,26
train,217,2,3,100,50.0,50
train,218,3,2,28,9.333333333333334,10
train,219,8,2,460,57.5,62
train,220,3,4,246,82.0,86
train,221,2,3,112,56.0,56
train,222,16,2,660,41.25,42
train,223,5,3,178,35.6,38
train,224,2,2,52,26.0,26
train,225,2,3,52,26.0,26
train,226,7,3,294,42.0,44
train,227,8,3,564,70.5,72
train,228,6,3,436,72.66666666666667,74
train,229,6,2,264,44.0,44
train,230,56,2,1528,27.285714285714285,31
train,231,6,3,264,44.0,44
train,232,14,2,992,70.85714285714286,72
train,233,6,2,264,44.0,44
train,234,4,2,168,42.0,42
train,235,10,3,202,20.2,21
train,236,6,3,264,44.0,45
train,237,10,2,454,45.4,46
train,238,15,2,558,37.2,40
train,239,8,2,316,39.5,40
train,240,4,2,168,42.0,42
train,241,18,2,404,22.444444444444443,24
train,242,2,3,52,26.0,26
train,243,12,3,436,36.333333333333336,38
train,244,2,3,116,58.0,58
train,245,48,2,2760,57.5,60
train,246,4,3,108,27.0,29
train,247,6,3,264,44.0,44
train,248,2,2,52,26.0,26
train,249,2,3,52,26.0,26
train,250,2,3,100,50.0,50
train,251,4,3,196,49.0,50
train,252,34,2,712,20.941176470588236,26
train,253,6,2,128,21.333333333333332,24
train,254,14,2,304,21.714285714285715,24
train,255,5,2,310,62.0,64
train,256,5,3,182,36.4,38
train,257,6,3,264,44.0,44
train,258,4,3,92,23.0,25
train,259,10,2,312,31.2,32
train,260,6,3,264,44.0,44
train,261,8,2,316,39.5,40
train,262,2,2,28,14.0,14
train,263,8,2,316,39.5,40
train,264,4,3,196,49.0,50
train,265,6,2,264,44.0,44
train,266,2,3,52,26.0,26
train,267,14,2,304,21.714285714285715,24
train,268,4,3,180,45.0,45
train,269,6,3,264,44.0,44
train,270,4,2,168,42.0,42
train,271,3,4,102,34.0,34
train,272,14,3,436,31.142857142857142,33
train,273,14,3,1752,125.14285714285714,129
train,274,4,3,136,34.0,38
train,275,6,3,224,37.333333333333336,38
train,276,6,3,176,29.333333333333332,30
train,277,6,3,270,45.0,50
train,278,2,3,36,18.0,18
train,279,2,3,116,58.0,58
train,280,2,2,52,26.0,26
train,281,6,3,236,39.333333333333336,40
train,282,15,2,1404,93.6,98
train,283,9,3,408,45.333333333333336,50
train,284,8,3,392,49.0,50
train,285,3,4,246,82.0,86
train,286,6,3,264,44.0,44
train,287,4,3,156,39.0,40
train,288,2,3,116,58.0,58
train,289,4,3,204,51.0,52
train,290,4,3,112,28.0,32
train,291,2,3,52,26.0,26
train,292,6,3,124,20.666666666666668,22
train,293,14,3,792,56.57142857142857,62
train,294,14,2,352,25.142857142857142,26
train,295,6,2,264,44.0,44
train,296,4,3,148,37.0,38
train,297,16,2,368,23.0,26
train,298,2,2,52,26.0,26
train,299,3,3,210,70.0,71
train,300,20,2,1520,76.0,79
train,301,2,3,84,42.0,42
train,302,14,2,1034,73.85714285714286,82
train,303,20,2,896,44.8,46
train,304,2,3,52,26.0,26
train,305,2,4,160,80.0,80
train,306,4,2,72,18.0,18
train,307,6,3,174,29.0,30
train,308,4,2,168,42.0,42
train,309,28,2,1376,49.142857142857146,56
train,310,3,3,128,42.666666666666664,44
train,311,2,3,52,26.0,26
train,312,2,2,52,26.0,26
train,313,4,3,196,49.0,50
train,314,3,3,112,37.333333333333336,44
train,315,4,2,168,42.0,42
train,316,4,3,268,67.0,67
train,317,4,3,156,39.0,40
train,318,4,3,116,29.0,31
train,319,3,3,96,32.0,32
train,320,3,3,96,32.0,32
train,321,4,3,104,26.0,26
train,322,6,3,264,44.0,44
train,323,40,2,1800,45.0,50
train,324,2,3,112,56.0,56
train,325,6,3,152,25.333333333333332,26
train,326,8,2,184,23.0,24
train,327,3,3,70,23.333333333333332,25
train,328,4,2,72,18.0,18
train,329,3,3,102,34.0,36
train,330,6,3,360,60.0,62
train,331,12,2,720,60.0,62
train,332,8,2,184,23.0,24
train,333,2,2,52,26.0,26
train,334,2,3,52,26.0,26
train,335,2,3,52,26.0,26
train,336,2,3,52,26.0,26
train,337,16,2,312,19.5,21
train,338,10,3,904,90.4,92
train,339,8,2,208,26.0,26
train,340,2,2,52,26.0,26
train,341,29,2,1870,64.48275862068965,74
train,342,6,3,420,70.0,72
train,343,24,2,1136,47.333333333333336,51
train,344,3,3,162,54.0,58
train,345,8,2,508,63.5,64
train,346,12,2,480,40.0,41
train,347,8,3,220,27.5,29
train,348,9,3,480,53.333333333333336,56
train,349,2,2,28,14.0,14
train,350,8,3,400,50.0,52
train,351,12,2,264,22.0,26
train,352,8,3,276,34.5,36
train,353,12,3,872,72.66666666666667,76
train,354,3,4,150,50.0,50
train,355,8,3,236,29.5,30
train,356,2,3,52,26.0,26
train,357,6,2,192,32.0,32
train,358,16,2,440,27.5,28
train,359,6,2,192,32.0,32
train,360,8,3,376,47.0,52
train,361,6,3,232,38.666666666666664,40
train,362,3,3,78,26.0,27
train,363,3,4,222,74.0,74
train,364,6,3,220,36.666666666666664,38
train,365,2,2,52,26.0,26
train,366,2,3,108,54.0,54
train,367,6,3,318,53.0,56
train,368,2,2,28,14.0,14
train,369,3,3,84,28.0,29
train,370,28,2,1280,45.714285714285715,56
train,371,14,2,448,32.0,35
train,372,4,2,168,42.0,42
train,373,16,2,324,20.25,23
train,374,4,3,136,34.0,38
train,375,8,2,316,39.5,40
train,376,4,2,168,42.0,42
train,377,14,3,568,40.57142857142857,45
train,378,6,2,192,32.0,32
train,379,2,3,52,26.0,26
train,380,4,3,156,39.0,40
train,381,6,2,234,39.0,44
train,382,40,2,1752,43.8,50
train,383,6,2,264,44.0,44
train,384,2,3,52,26.0,26
train,385,4,3,216,54.0,54
train,386,4,2,72,18.0,18
train,387,6,3,264,44.0,44
train,388,48,2,2760,57.5,60
train,389,2,3,116,58.0,58
train,390,6,3,420,70.0,72
train,391,8,3,260,32.5,36
train,392,4,3,312,78.0,78
train,393,2,3,116,58.0,58
train,394,6,2,264,44.0,44
train,395,2,3,52,26.0,26
train,396,8,2,364,45.5,48
train,397,8,4,744,93.0,104
train,398,6,3,312,52.0,56
train,399,2,3,52,26.0,26
train,400,6,3,318,53.0,56
train,401,28,2,2168,77.42857142857143,86
train,402,6,3,340,56.666666666666664,60
train,403,6,3,204,34.0,35
train,404,7,2,438,62.57142857142857,64
train,405,2,2,52,26.0,26
train,406,4,4,184,46.0,46
train,407,8,3,252,31.5,34
train,408,8,2,496,62.0,62
train,409,4,2,60,15.0,17
train,410,2,3,116,58.0,58
train,411,6,2,132,22.0,23
train,412,30,2,868,28.933333333333334,31
train,413,4,2,72,18.0,18
train,414,2,3,112,56.0,56
train,415,10,4,664,66.4,70
train,416,12,2,360,30.0,35
train,417,6,2,264,44.0,44
train,418,2,3,100,50.0,50
train,419,2,3,100,50.0,50
train,420,2,3,100,50.0,50
train,421,4,3,148,37.0,38
train,422,2,3,112,56.0,56
train,423,24,2,752,31.333333333333332,32
train,424,6,3,250,41.666666666666664,44
train,425,2,3,52,26.0,26
train,426,4,2,216,54.0,54
train,427,2,4,160,80.0,80
train,428,6,2,264,44.0,44
train,429,2,3,64,32.0,32
train,430,2,3,52,26.0,26
train,431,4,2,168,42.0,42
train,432,2,3,52,26.0,26
train,433,5,3,176,35.2,40
train,434,2,3,50,25.0,25
train,435,6,2,264,44.0,44
train,436,6,2,164,27.333333333333332,30
train,437,2,3,52,26.0,26
train,438,3,4,126,42.0,42
train,439,4,2,168,42.0,42
train,440,7,2,438,62.57142857142857,64
train,441,8,2,508,63.5,64
train,442,8,2,244,30.5,35
train,443,3,4,246,82.0,86
train,444,3,3,204,68.0,68
train,445,3,3,112,37.333333333333336,44
train,446,2,3,64,32.0,32
train,447,20,2,656,32.8,36
train,448,12,2,208,17.333333333333332,19
train,449,3,3,96,32.0,32
train,450,3,3,128,42.666666666666664,44
train,451,4,4,296,74.0,74
train,452,2,3,52,26.0,26
train,453,2,3,52,26.0,26
train,454,2,3,116,58.0,58
train,455,14,3,916,65.42857142857143,72
train,456,3,4,102,34.0,34
train,457,2,4,124,62.0,62
train,458,3,3,96,32.0,32
train,459,3,3,96,32.0,32
train,460,2,3,52,26.0,26
train,461,6,3,372,62.0,64
train,462,6,3,276,46.0,48
train,463,4,2,168,42.0,42
train,464,2,3,52,26.0,26
train,465,2,3,116,58.0,58
train,466,5,4,474,94.8,96
train,467,8,2,280,35.0,44
train,468,4,2,216,54.0,54
train,469,3,2,64,21.333333333333332,22
train,470,3,3,66,22.0,23
train,471,4,2,168,42.0,42
train,472,7,3,202,28.857142857142858,34
train,473,3,3,128,42.666666666666664,44
train,474,2,3,128,64.0,64
train,475,4,3,104,26.0,26
train,476,4,2,168,42.0,42
train,477,40,2,1464,36.6,37
train,478,10,2,332,33.2,35
train,479,4,3,204,51.0,53
train,480,12,2,240,20.0,22
train,481,14,2,640,45.714285714285715,50
train,482,2,2,52,26.0,26
train,483,2,3,52,26.0,26
train,484,40,2,1704,42.6,48
train,485,5,3,240,48.0,49
train,486,6,3,300,50.0,50
train,487,2,2,52,26.0,26
train,488,6,2,192,32.0,32
train,489,2,2,52,26.0,26
train,490,2,3,36,18.0,18
train,491,4,3,232,58.0,58
train,492,12,2,480,40.0,41
train,493,6,3,252,42.0,42
train,494,4,3,104,26.0,26
train,495,7,2,438,62.57142857142857,64
train,496,6,3,484,80.66666666666667,82
train,497,12,2,308,25.666666666666668,32
train,498,7,3,290,41.42857142857143,46
train,499,4,2,216,54.0,54
train,500,6,2,264,44.0,44
train,501,2,3,52,26.0,26
train,502,5,3,182,36.4,38
train,503,2,2,52,26.0,26
train,504,2,3,52,26.0,26
train,505,4,3,260,65.0,69
train,506,3,4,140,46.666666666666664,48
train,507,2,3,52,26.0,26
train,508,2,3,112,56.0,56
train,509,3,3,96,32.0,32
train,510,2,2,28,14.0,14
train,511,3,4,108,36.0,36
train,512,12,2,232,19.333333333333332,23
train,513,6,3,264,44.0,44
train,514,6,3,344,57.333333333333336,58
train,515,3,3,78,26.0,27
train,516,2,3,116,58.0,58
train,517,2,3,56,28.0,28
train,518,12,2,584,48.666666666666664,51
train,519,8,3,384,48.0,48
train,520,2,3,100,50.0,50
train,521,9,4,430,47.77777777777778,50
train,522,8,3,220,27.5,29
train,523,2,4,160,80.0,80
train,524,8,3,448,56.0,56
train,525,10,3,812,81.2,86
train,526,2,3,52,26.0,26
train,527,3,4,246,82.0,86
train,528,12,2,352,29.333333333333332,32
train,529,6,3,160,26.666666666666668,30
train,530,4,2,216,54.0,54
train,531,3,3,128,42.666666666666664,44
train,532,2,3,56,28.0,28
train,533,4,2,168,42.0,42
train,534,6,3,224,37.333333333333336,38
train,535,2,3,52,26.0,26
train,536,10,3,584,58.4,64
train,537,2,3,100,50.0,50
train,538,3,3,78,26.0,27
train,539,2,3,116,58.0,58
train,540,2,3,52,26.0,26
train,541,8,2,220,27.5,30
train,542,2,3,52,26.0,26
train,543,4,2,216,54.0,54
train,544,3,3,78,26.0,27
train,545,6,2,192,32.0,32
train,546,2,3,56,28.0,28
train,547,2,3,84,42.0,42
train,548,34,2,784,23.058823529411764,28
train,549,2,2,52,26.0,26
train,550,10,3,664,66.4,68
train,551,6,2,264,44.0,44
train,552,3,3,66,22.0,23
train,553,2,3,52,26.0,26
train,554,3,4,162,54.0,56
train,555,3,3,60,20.0,20
train,556,6,3,384,64.0,68
train,557,9,3,558,62.0,62
train,558,8,3,304,38.0,38
train,559,8,2,508,63.5,64
train,560,2,2,52,26.0,26
train,561,16,2,372,23.25,24
train,562,2,3,64,32.0,32
train,563,10,3,740,74.0,78
train,564,24,2,576,24.0,29
train,565,3,3,60,20.0,21
train,566,12,2,356,29.666666666666668,32
train,567,6,3,372,62.0,64
train,568,2,3,108,54.0,54
train,569,3,3,168,56.0,56
train,570,2,3,36,18.0,18
train,571,2,3,52,26.0,26
train,572,3,3,96,32.0,32
train,573,2,3,52,26.0,26
train,574,20,2,640,32.0,34
train,575,8,2,508,63.5,64
train,576,4,3,228,57.0,58
train,577,2,3,52,26.0,26
train,578,2,4,160,80.0,80
train,579,6,3,404,67.33333333333333,70
train,580,12,2,240,20.0,22
train,581,4,2,72,18.0,18
train,582,7,2,486,69.42857142857143,72
train,583,6,2,198,33.0,38
train,584,3,4,128,42.666666666666664,44
train,585,3,3,128,42.666666666666664,44
train,586,2,3,64,32.0,32
train,587,16,2,372,23.25,24
train,588,4,3,88,22.0,24
train,589,16,2,392,24.5,25
train,590,8,2,316,39.5,40
train,591,3,3,70,23.333333333333332,25
train,592,4,3,204,51.0,56
train,593,6,3,248,41.333333333333336,43
train,594,4,2,168,42.0,42
train,595,10,2,256,25.6,26
train,596,10,3,380,38.0,41
train,597,2,3,52,26.0,26
train,598,6,3,264,44.0,44
train,599,12,2,384,32.0,35
train,600,14,2,352,25.142857142857142,26
train,601,16,2,660,41.25,42
train,602,6,2,264,44.0,44
train,603,2,3,84,42.0,42
train,604,24,2,752,31.333333333333332,34
train,605,8,2,288,36.0,37
train,606,3,3,128,42.666666666666664,44
train,607,8,2,316,39.5,40
train,608,3,3,96,32.0,32
train,609,6,2,270,45.0,50
train,610,4,2,72,18.0,18
train,611,8,2,460,57.5,62
train,612,3,4,144,48.0,48
train,613,3,3,64,21.333333333333332,22
train,614,2,3,116,58.0,58
train,615,6,2,264,44.0,44
train,616,6,3,264,44.0,44
train,617,20,2,584,29.2,32
train,618,4,3,116,29.0,31
train,619,2,3,52,26.0,26
train,620,11,2,332,30.181818181818183,32
train,621,2,3,52,26.0,26
train,622,2,3,112,56.0,56
train,623,6,3,268,44.666666666666664,48
train,624,2,3,52,26.0,26
train,625,5,3,256,51.2,52
train,626,3,4,140,46.666666666666664,48
train,627,6,3,312,52.0,56
train,628,40,2,1896,47.4,52
train,629,6,3,270,45.0,50
train,630,8,2,488,61.0,61
train,631,3,3,242,80.66666666666667,84
train,632,3,3,100,33.333333333333336,34
train,633,12,2,784,65.33333333333333,69
train,634,2,3,52,26.0,26
train,635,4,3,108,27.0,29
train,636,8,2,448,56.0,56
train,637,2,3,52,26.0,26
train,638,8,2,316,39.5,40
train,639,2,4,112,56.0,56
train,640,16,2,284,17.75,19
train,641,3,3,222,74.0,74
train,642,2,3,64,32.0,32
train,643,2,3,92,46.0,46
train,644,14,2,304,21.714285714285715,24
train,645,2,3,116,58.0,58
train,646,2,3,116,58.0,58
train,647,20,2,824,41.2,43
train,648,6,3,144,24.0,24
train,649,6,2,264,44.0,44
train,650,2,3,36,18.0,18
train,651,3,3,128,42.666666666666664,44
train,652,2,2,52,26.0,26
train,653,4,2,84,21.0,22
train,654,24,2,664,27.666666666666668,30
train,655,20,2,472,23.6,25
train,656,3,4,222,74.0,74
train,657,6,3,252,42.0,42
train,658,2,3,36,18.0,18
train,659,20,2,706,35.3,38
train,660,12,3,488,40.666666666666664,41
train,661,2,3,36,18.0,18
train,662,2,3,84,42.0,42
train,663,2,3,52,26.0,26
train,664,6,3,264,44.0,44
train,665,3,3,96,32.0,32
train,666,16,2,260,16.25,18
train,667,2,3,64,32.0,32
train,668,2,2,52,26.0,26
train,669,2,3,68,34.0,34
train,670,8,2,316,39.5,40
train,671,4,3,104,26.0,26
train,672,2,2,28,14.0,14
train,673,4,2,168,42.0,42
train,674,2,3,68,34.0,34
train,675,12,2,656,54.666666666666664,56
train,676,6,3,318,53.0,56
train,677,12,2,138,11.5,16
train,678,8,2,364,45.5,48
train,679,6,2,192,32.0,32
train,680,2,3,36,18.0,18
train,681,2,3,52,26.0,26
train,682,4,2,104,26.0,26
train,683,3,3,146,48.666666666666664,50
train,684,6,2,270,45.0,50
train,685,3,4,314,104.66666666666667,108
train,686,6,2,264,44.0,44
train,687,4,2,168,42.0,42
train,688,8,3,180,22.5,25
train,689,6,3,244,40.666666666666664,42
train,690,8,2,460,57.5,62
train,691,20,2,824,41.2,44
train,692,20,3,908,45.4,49
train,693,13,3,1010,77.6923076923077,80
train,694,7,3,422,60.285714285714285,64
train,695,6,3,348,58.0,58
train,696,7,3,328,46.857142857142854,52
train,697,3,3,146,48.666666666666664,50
train,698,8,3,220,27.5,29
train,699,36,2,764,21.22222222222222,36
train,700,2,3,100,50.0,50
train,701,3,3,138,46.0,46
train,702,2,3,64,32.0,32
train,703,3,4,180,60.0,60
train,704,2,3,64,32.0,32
train,705,4,3,148,37.0,38
train,706,2,2,52,26.0,26
train,707,4,2,216,54.0,54
train,708,6,2,192,32.0,32
train,709,3,3,70,23.333333333333332,25
train,710,4,3,148,37.0,38
train,711,2,3,44,22.0,22
train,712,4,3,200,50.0,50
train,713,13,2,684,52.61538461538461,53
train,714,4,2,216,54.0,54
train,715,2,3,116,58.0,58
train,716,6,2,264,44.0,44
train,717,6,2,192,32.0,34
train,718,2,3,52,26.0,26
train,719,3,3,78,26.0,26
train,720,8,2,364,45.5,48
train,721,28,2,936,33.42857142857143,34
train,722,6,3,348,58.0,58
train,723,2,3,100,50.0,50
train,724,2,3,52,26.0,26
train,725,2,3,52,26.0,26
train,726,6,2,192,32.0,32
train,727,2,3,52,26.0,26
train,728,3,3,102,34.0,36
train,729,4,3,68,17.0,17
train,730,3,4,176,58.666666666666664,59
train,731,14,2,588,42.0,48
train,732,2,3,52,26.0,26
train,733,28,2,744,26.571428571428573,27
train,734,24,2,1224,51.0,53
train,735,4,2,168,42.0,42
train,736,6,3,188,31.333333333333332,32
train,737,6,2,264,44.0,44
train,738,6,2,270,45.0,50
train,739,2,3,52,26.0,26
train,740,9,3,394,43.77777777777778,45
train,741,15,3,668,44.53333333333333,46
train,742,12,2,816,68.0,68
train,743,2,3,52,26.0,26
train,744,2,3,36,18.0,18
train,745,3,3,96,32.0,32
train,746,2,3,52,26.0,26
train,747,3,3,90,30.0,32
train,748,6,3,264,44.0,44
train,749,6,2,264,44.0,44
train,750,6,2,264,44.0,44
train,751,2,3,64,32.0,32
train,752,40,2,1800,45.0,50
train,753,4,3,136,34.0,38
train,754,4,3,136,34.0,38
train,755,3,3,146,48.666666666666664,50
train,756,2,4,196,98.0,98
train,757,2,3,52,26.0,26
train,758,2,3,100,50.0,50
train,759,2,3,64,32.0,32
train,760,2,3,52,26.0,26
train,761,2,3,36,18.0,18
train,762,8,2,316,39.5,40
train,763,2,4,244,122.0,122
train,764,2,3,116,58.0,58
train,765,4,2,104,26.0,26
train,766,6,3,360,60.0,62
train,767,8,3,544,68.0,70
train,768,6,2,270,45.0,50
train,769,2,3,52,26.0,26
train,770,6,2,174,29.0,34
train,771,2,3,64,32.0,32
train,772,6,3,192,32.0,32
train,773,8,3,276,34.5,36
train,774,8,2,400,50.0,50
train,775,6,3,318,53.0,56
train,776,5,3,150,30.0,34
train,777,2,2,52,26.0,26
train,778,6,2,198,33.0,38
train,779,6,2,270,45.0,50
train,780,5,3,146,29.2,34
train,781,8,2,164,20.5,22
train,782,2,3,52,26.0,26
train,783,24,2,1576,65.66666666666667,69
train,784,8,3,464,58.0,60
train,785,4,4,184,46.0,46
train,786,28,2,1976,70.57142857142857,86
train,787,12,2,336,28.0,32
train,788,9,3,564,62.666666666666664,66
train,789,2,3,52,26.0,26
train,790,24,2,1496,62.333333333333336,67
train,791,6,3,176,29.333333333333332,31
train,792,12,3,316,26.333333333333332,29
train,793,24,2,704,29.333333333333332,34
train,794,2,3,112,56.0,56
train,795,3,4,116,38.666666666666664,40
train,796,6,3,236,39.333333333333336,40
train,797,8,3,384,48.0,50
train,798,6,3,468,78.0,78
train,799,28,2,1376,49.142857142857146,51
train,800,2,3,52,26.0,26
train,801,4,2,168,42.0,42
train,802,28,2,2168,77.42857142857143,86
train,803,4,3,68,17.0,17
train,804,8,3,348,43.5,44
train,805,6,3,270,45.0,50
train,806,16,2,324,20.25,23
train,807,2,3,116,58.0,58
train,808,4,2,72,18.0,18
train,809,6,3,276,46.0,47
train,810,64,1,1120,17.5,19
train,811,8,4,588,73.5,77
train,812,5,3,146,29.2,34
train,813,3,3,54,18.0,18
train,814,2,4,124,62.0,62
train,815,2,3,112,56.0,56
train,816,6,3,188,31.333333333333332,32
train,817,8,2,198,24.75,28
train,818,6,3,280,46.666666666666664,47
train,819,2,3,116,58.0,58
train,820,5,3,146,29.2,34
train,821,3,3,54,18.0,18
train,822,6,3,318,53.0,56
train,823,2,3,116,58.0,58
train,824,6,3,400,66.66666666666667,70
train,825,2,3,116,58.0,58
train,826,2,2,52,26.0,26
train,827,12,2,384,32.0,32
train,828,8,2,224,28.0,29
train,829,2,3,64,32.0,32
train,830,6,3,264,44.0,44
train,831,14,2,304,21.714285714285715,24
train,832,8,2,316,39.5,40
train,833,4,2,204,51.0,52
train,834,12,2,164,13.666666666666666,16
train,835,4,4,148,37.0,37
train,836,6,3,264,44.0,44
train,837,5,3,224,44.8,47
train,838,2,3,116,58.0,58
train,839,8,3,172,21.5,23
train,840,16,2,780,48.75,54
train,841,2,2,52,26.0,26
train,842,6,3,144,24.0,25
train,843,2,3,84,42.0,42
train,844,2,3,52,26.0,26
train,845,2,3,36,18.0,18
train,846,3,3,242,80.66666666666667,84
train,847,2,3,84,42.0,42
train,848,2,3,84,42.0,42
train,849,5,3,224,44.8,47
train,850,6,3,190,31.666666666666668,32
train,851,2,3,52,26.0,26
train,852,4,4,184,46.0,46
train,853,5,3,150,30.0,34
train,854,12,2,168,14.0,16
train,855,6,3,208,34.666666666666664,36
train,856,14,3,1520,108.57142857142857,112
train,857,2,3,92,46.0,46
train,858,3,3,222,74.0,74
train,859,4,2,168,42.0,42
train,860,6,2,204,34.0,34
train,861,4,2,72,18.0,18
train,862,8,2,460,57.5,62
train,863,2,3,100,50.0,50
train,864,4,2,72,18.0,18
train,865,2,3,52,26.0,26
train,866,6,3,264,44.0,44
train,867,2,3,52,26.0,26
train,868,4,2,72,18.0,18
train,869,2,3,116,58.0,58
train,870,6,3,384,64.0,68
train,871,8,3,556,69.5,72
train,872,6,3,200,33.333333333333336,34
train,873,2,3,52,26.0,26
train,874,3,3,96,32.0,32
train,875,2,3,64,32.0,32
train,876,8,2,316,39.5,40
train,877,5,2,190,38.0,38
train,878,3,3,204,68.0,68
train,879,16,2,1152,72.0,75
train,880,4,2,72,18.0,18
train,881,4,2,72,18.0,18
train,882,5,3,224,44.8,47
train,883,6,3,188,31.333333333333332,32
train,884,8,3,528,66.0,66
train,885,12,2,624,52.0,53
train,886,40,2,1472,36.8,38
train,887,8,2,96,12.0,14
train,888,14,2,1008,72.0,76
train,889,3,3,78,26.0,27
train,890,2,2,52,26.0,26
train,891,4,3,232,58.0,58
train,892,10,2,218,21.8,24
train,893,3,3,128,42.666666666666664,44
train,894,3,3,112,37.333333333333336,44
train,895,6,3,264,44.0,44
train,896,6,2,192,32.0,32
train,897,2,3,116,58.0,58
train,898,10,3,664,66.4,70
train,899,4,2,168,42.0,42
train,900,4,2,72,18.0,18
train,901,20,2,288,14.4,17
train,902,6,2,264,44.0,44
train,903,4,3,196,49.0,50
train,904,4,2,168,42.0,42
train,905,2,3,52,26.0,26
train,906,10,3,412,41.2,43
train,907,16,2,784,49.0,50
train,908,2,3,112,56.0,56
train,909,3,4,140,46.666666666666664,48
train,910,4,2,168,42.0,42
train,911,5,4,170,34.0,34
train,912,24,2,1088,45.333333333333336,46
train,913,6,3,172,28.666666666666668,29
train,914,14,3,660,47.142857142857146,50
train,915,2,4,160,80.0,80
train,916,4,2,168,42.0,42
train,917,24,2,496,20.666666666666668,25
train,918,12,2,336,28.0,32
train,919,2,3,52,26.0,26
train,920,3,3,96,32.0,32
train,921,4,3,108,27.0,29
train,922,6,2,264,44.0,44
train,923,6,2,120,20.0,22
train,924,6,3,318,53.0,56
train,925,2,3,52,26.0,26
train,926,9,3,306,34.0,36
train,927,8,3,448,56.0,56
train,928,2,3,52,26.0,26
train,929,20,2,432,21.6,23
train,930,2,3,52,26.0,26
train,931,2,3,52,26.0,26
train,932,4,3,84,21.0,21
train,933,3,3,174,58.0,58
train,934,2,3,56,28.0,28
train,935,28,2,1640,58.57142857142857,64
train,936,2,3,52,26.0,26
train,937,2,3,56,28.0,28
train,938,2,3,52,26.0,26
train,939,2,3,52,26.0,26
train,940,20,2,684,34.2,36
train,941,2,3,52,26.0,26
train,942,4,3,148,37.0,38
train,943,2,3,52,26.0,26
train,944,4,3,256,64.0,66
train,945,3,3,78,26.0,27
train,946,2,2,28,14.0,14
train,947,2,3,52,26.0,26
train,948,2,3,52,26.0,26
train,949,6,3,264,44.0,44
train,950,3,3,96,32.0,32
train,951,2,3,100,50.0,50
train,952,8,2,460,57.5,62
train,953,2,3,116,58.0,58
train,954,2,3,108,54.0,54
train,955,2,3,52,26.0,26
train,956,3,4,78,26.0,26
train,957,2,3,52,26.0,26
train,958,2,2,52,26.0,26
train,959,2,4,160,80.0,80
train,960,8,2,184,23.0,24
train,961,30,2,888,29.6,33
train,962,8,3,224,28.0,30
train,963,2,3,100,50.0,50
train,964,28,2,1852,66.14285714285714,74
train,965,2,3,52,26.0,26
train,966,3,3,222,74.0,74
train,967,40,2,3056,76.4,83
train,968,4,2,216,54.0,54
train,969,2,3,108,54.0,54
train,970,6,2,264,44.0,44
train,971,4,3,124,31.0,31
train,972,6,3,264,44.0,44
train,973,2,3,52,26.0,26
train,974,3,3,204,68.0,68
train,975,2,3,52,26.0,26
train,976,2,3,52,26.0,26
train,977,6,2,264,44.0,44
train,978,4,3,124,31.0,32
train,979,28,2,1280,45.714285714285715,49
train,980,12,2,384,32.0,32
train,981,2,3,52,26.0,26
train,982,2,3,100,50.0,50
train,983,3,3,78,26.0,27
train,984,6,2,264,44.0,44
train,985,3,3,146,48.666666666666664,50
train,986,40,2,1464,36.6,37
train,987,8,3,376,47.0,52
train,988,3,4,132,44.0,44
train,989,16,2,708,44.25,45
train,990,3,3,128,42.666666666666664,44
train,991,2,4,124,62.0,62
train,992,20,2,592,29.6,32
train,993,12,2,664,55.333333333333336,58
train,994,6,2,348,58.0,58
train,995,2,3,52,26.0,26
train,996,6,3,268,44.666666666666664,48
train,997,6,2,192,32.0,32
train,998,2,3,128,64.0,64
train,999,3,3,66,22.0,23
train,1000,6,4,438,73.0,74
train,1001,2,3,52,26.0,26
train,1002,6,3,200,33.333333333333336,34
train,1003,8,2,316,39.5,40
train,1004,12,2,648,54.0,58
train,1005,8,3,724,90.5,94
train,1006,3,3,64,21.333333333333332,22
train,1007,4,3,148,37.0,38
train,1008,3,4,78,26.0,26
train,1009,4,2,168,42.0,42
train,1010,3,3,146,48.666666666666664,50
train,1011,8,2,316,39.5,40
train,1012,4,3,240,60.0,62
train,1013,6,2,192,32.0,32
train,1014,4,3,108,27.0,29
train,1015,6,2,264,44.0,44
train,1016,3,3,146,48.666666666666664,50
train,1017,14,2,304,21.714285714285715,24
train,1018,3,4,104,34.666666666666664,36
train,1019,6,3,318,53.0,56
train,1020,7,2,120,17.142857142857142,20
train,1021,6,2,264,44.0,44
train,1022,4,2,168,42.0,42
train,1023,8,2,316,39.5,40
train,1024,3,3,146,48.666666666666664,50
train,1025,6,3,312,52.0,56
train,1026,6,3,152,25.333333333333332,30
train,1027,6,2,128,21.333333333333332,24
train,1028,28,2,776,27.714285714285715,31
train,1029,6,3,264,44.0,44
train,1030,2,2,52,26.0,26
train,1031,16,2,448,28.0,29
train,1032,4,2,72,18.0,18
train,1033,4,2,72,18.0,18
train,1034,16,2,912,57.0,58
train,1035,4,2,168,42.0,42
train,1036,12,2,344,28.666666666666668,30
train,1037,8,3,392,49.0,50
train,1038,2,3,52,26.0,26
train,1039,6,2,270,45.0,50
train,1040,4,2,72,18.0,18
train,1041,12,2,260,21.666666666666668,26
train,1042,2,2,28,14.0,14
train,1043,6,3,318,53.0,56
train,1044,8,3,480,60.0,62
train,1045,40,2,1328,33.2,36
train,1046,2,3,52,26.0,26
train,1047,4,2,216,54.0,54
train,1048,4,3,76,19.0,19
train,1049,14,3,796,56.857142857142854,62
train,1050,6,3,204,34.0,38
train,1051,15,3,702,46.8,50
train,1052,3,3,146,48.666666666666664,50
train,1053,15,3,760,50.666666666666664,56
train,1054,6,3,264,44.0,44
train,1055,4,2,168,42.0,42
train,1056,3,4,102,34.0,34
train,1057,2,3,52,26.0,26
train,1058,2,3,56,28.0,28
train,1059,2,3,52,26.0,26
train,1060,2,3,64,32.0,32
train,1061,2,3,52,26.0,26
train,1062,2,2,52,26.0,26
train,1063,12,2,384,32.0,32
train,1064,3,4,132,44.0,44
train,1065,6,3,264,44.0,44
train,1066,3,4,140,46.666666666666664,48
train,1067,8,2,392,49.0,49
train,1068,2,3,68,34.0,34
train,1069,2,3,52,26.0,26
train,1070,2,3,64,32.0,32
train,1071,2,3,52,26.0,26
train,1072,6,2,264,44.0,44
train,1073,6,3,344,57.333333333333336,58
train,1074,2,2,52,26.0,26
train,1075,8,3,208,26.0,26
train,1076,4,2,168,42.0,42
train,1077,2,3,84,42.0,42
train,1078,12,2,384,32.0,32
train,1079,4,2,168,42.0,42
train,1080,2,3,52,26.0,26
train,1081,12,2,256,21.333333333333332,23
train,1082,2,3,52,26.0,26
train,1083,3,3,96,32.0,32
train,1084,6,2,264,44.0,44
train,1085,3,3,112,37.333333333333336,44
train,1086,2,3,36,18.0,18
train,1087,2,3,56,28.0,28
train,1088,6,2,192,32.0,32
train,1089,2,3,116,58.0,58
train,1090,2,3,36,18.0,18
train,1091,4,4,412,103.0,103
train,1092,2,3,52,26.0,26
train,1093,6,2,100,16.666666666666668,17
train,1094,6,3,318,53.0,56
train,1095,4,4,184,46.0,46
train,1096,2,3,36,18.0,18
train,1097,6,3,180,30.0,32
train,1098,2,2,52,26.0,26
train,1099,2,3,64,32.0,32
train,1100,4,2,168,42.0,42
train,1101,4,3,104,26.0,26
train,1102,2,3,52,26.0,26
train,1103,2,2,28,14.0,14
train,1104,8,2,508,63.5,64
train,1105,4,2,168,42.0,42
train,1106,6,3,356,59.333333333333336,62
train,1107,12,2,232,19.333333333333332,23
train,1108,4,3,216,54.0,54
train,1109,6,2,264,44.0,44
train,1110,4,3,252,63.0,65
train,1111,2,3,100,50.0,50
train,1112,12,2,808,67.33333333333333,70
train,1113,4,3,216,54.0,54
train,1114,2,3,64,32.0,32
train,1115,2,3,52,26.0,26
train,1116,2,3,64,32.0,32
train,1117,2,3,52,26.0,26
train,1118,12,2,264,22.0,26
train,1119,2,3,112,56.0,56
train,1120,6,2,234,39.0,44
train,1121,2,3,52,26.0,26
train,1122,6,3,270,45.0,50
train,1123,4,3,168,42.0,42
train,1124,3,3,146,48.666666666666664,50
train,1125,4,3,156,39.0,40
train,1126,4,3,116,29.0,31
train,1127,2,3,52,26.0,26
train,1128,2,3,56,28.0,28
train,1129,6,3,264,44.0,44
train,1130,3,3,102,34.0,35
train,1131,16,2,888,55.5,60
train,1132,2,3,52,26.0,26
train,1133,4,2,108,27.0,36
train,1134,2,3,52,26.0,26
train,1135,2,3,52,26.0,26
train,1136,4,3,156,39.0,40
train,1137,5,3,140,28.0,29
train,1138,3,3,128,42.666666666666664,44
train,1139,40,2,1752,43.8,50
train,1140,4,4,484,121.0,121
train,1141,30,2,912,30.4,31
train,1142,6,3,420,70.0,72
train,1143,2,3,116,58.0,58
train,1144,4,3,248,62.0,68
train,1145,4,3,108,27.0,29
train,1146,2,2,28,14.0,14
train,1147,8,3,364,45.5,49
train,1148,8,2,308,38.5,39
train,1149,6,3,384,64.0,68
train,1150,4,2,168,42.0,42
train,1151,2,3,108,54.0,54
train,1152,3,3,96,32.0,32
train,1153,4,2,168,42.0,42
train,1154,6,3,270,45.0,50
train,1155,2,3,56,28.0,28
train,1156,2,3,112,56.0,56
train,1157,2,3,52,26.0,26
train,1158,2,3,100,50.0,50
train,1159,3,4,140,46.666666666666664,48
train,1160,6,3,178,29.666666666666668,32
train,1161,5,3,256,51.2,52
train,1162,6,2,148,24.666666666666668,29
train,1163,2,3,52,26.0,26
train,1164,12,2,504,42.0,44
train,1165,6,2,264,44.0,44
train,1166,6,3,372,62.0,64
train,1167,6,2,264,44.0,44
train,1168,2,3,56,28.0,28
train,1169,4,4,184,46.0,46
train,1170,11,3,514,46.72727272727273,48
train,1171,2,3,64,32.0,32
train,1172,2,3,116,58.0,58
train,1173,2,4,100,50.0,50
train,1174,2,4,160,80.0,80
train,1175,4,2,168,42.0,42
train,1176,2,3,52,26.0,26
train,1177,6,3,384,64.0,68
train,1178,8,2,316,39.5,40
train,1179,3,3,60,20.0,21
train,1180,2,3,52,26.0,26
train,1181,2,3,52,26.0,26
train,1182,11,3,592,53.81818181818182,55
train,1183,5,3,224,44.8,47
train,1184,2,3,84,42.0,42
train,1185,6,3,94,15.666666666666666,17
train,1186,6,3,264,44.0,44
train,1187,2,3,128,64.0,64
train,1188,5,3,146,29.2,34
train,1189,3,3,128,42.666666666666664,44
train,1190,2,3,52,26.0,26
train,1191,2,3,100,50.0,50
train,1192,6,3,236,39.333333333333336,40
train,1193,3,3,64,21.333333333333332,22
train,1194,18,2,906,50.333333333333336,51
train,1195,2,3,112,56.0,56
train,1196,6,3,270,45.0,50
train,1197,24,3,780,32.5,37
train,1198,2,3,100,50.0,50
train,1199,24,2,656,27.333333333333332,30
train,1200,4,2,168,42.0,42
train,1201,2,3,64,32.0,32
train,1202,2,3,100,50.0,50
train,1203,20,2,464,23.2,26
train,1204,6,3,270,45.0,50
train,1205,6,3,192,32.0,32
train,1206,6,2,96,16.0,17
train,1207,2,3,52,26.0,26
train,1208,2,2,52,26.0,26
train,1209,2,3,52,26.0,26
train,1210,2,3,52,26.0,26
train,1211,4,2,168,42.0,42
train,1212,10,2,296,29.6,32
train,1213,6,3,318,53.0,56
train,1214,2,3,112,56.0,56
train,1215,2,3,108,54.0,54
train,1216,10,2,298,29.8,32
train,1217,24,3,888,37.0,39
train,1218,16,2,404,25.25,28
train,1219,6,3,270,45.0,50
train,1220,3,4,140,46.666666666666664,48
train,1221,3,3,132,44.0,44
train,1222,24,3,1028,42.833333333333336,45
train,1223,6,3,188,31.333333333333332,32
train,1224,9,2,276,30.666666666666668,34
train,1225,6,3,452,75.33333333333333,76
train,1226,6,3,224,37.333333333333336,38
train,1227,15,2,774,51.6,54
train,1228,2,3,112,56.0,56
train,1229,2,2,52,26.0,26
train,1230,5,3,238,47.6,54
train,1231,11,2,646,58.72727272727273,62
train,1232,5,3,182,36.4,38
train,1233,20,2,1000,50.0,53
train,1234,6,3,282,47.0,56
train,1235,5,3,182,36.4,38
train,1236,22,2,1068,48.54545454545455,56
train,1237,18,2,396,22.0,23
train,1238,28,3,1080,38.57142857142857,40
train,1239,5,3,182,36.4,38
train,1240,3,3,112,37.333333333333336,44
train,1241,28,2,1872,66.85714285714286,72
train,1242,5,3,182,36.4,38
train,1243,14,3,704,50.285714285714285,51
train,1244,5,4,258,51.6,58
train,1245,14,2,1008,72.0,76
train,1246,12,2,632,52.666666666666664,56
train,1247,5,3,198,39.6,46
train,1248,8,3,348,43.5,48
train,1249,10,2,620,62.0,64
train,1250,10,2,330,33.0,34
train,1251,5,2,310,62.0,64
train,1252,24,3,1920,80.0,80
train,1253,18,2,804,44.666666666666664,48
train,1254,4,3,232,58.0,58
train,1255,5,4,218,43.6,50
train,1256,12,3,664,55.333333333333336,57
train,1257,28,2,1416,50.57142857142857,52
train,1258,40,2,3098,77.45,84
train,1259,20,2,1060,53.0,57
train,1260,32,2,1344,42.0,42
train,1261,10,3,732,73.2,75
train,1262,8,3,240,30.0,30
train,1263,4,4,204,51.0,52
train,1264,16,2,280,17.5,20
train,1265,9,4,614,68.22222222222223,69
train,1266,40,2,1446,36.15,37
train,1267,16,2,904,56.5,60
train,1268,34,2,1584,46.588235294117645,49
train,1269,6,3,318,53.0,62
train,1270,4,3,104,26.0,26
train,1271,4,3,232,58.0,58
train,1272,7,3,268,38.285714285714285,39
train,1273,32,2,972,30.375,32
train,1274,5,2,250,50.0,52
train,1275,5,2,310,62.0,64
train,1276,13,2,326,25.076923076923077,29
train,1277,28,2,1176,42.0,45
train,1278,9,2,276,30.666666666666668,34
train,1279,5,3,182,36.4,38
train,1280,16,2,276,17.25,19
train,1281,5,2,250,50.0,52
train,1282,5,2,250,50.0,52
train,1283,32,2,1456,45.5,47
train,1284,24,2,1088,45.333333333333336,49
train,1285,8,3,344,43.0,47
train,1286,5,3,238,47.6,54
train,1287,7,3,180,25.714285714285715,26
train,1288,6,3,390,65.0,68
train,1289,14,2,376,26.857142857142858,32
train,1290,9,2,412,45.77777777777778,47
train,1291,12,3,636,53.0,56
train,1292,10,4,724,72.4,73
train,1293,5,3,188,37.6,42
train,1294,28,2,1760,62.857142857142854,66
train,1295,9,2,360,40.0,44
train,1296,12,3,852,71.0,73
train,1297,6,3,318,53.0,62
train,1298,4,3,224,56.0,56
train,1299,5,3,182,36.4,38
train,1300,12,2,774,64.5,67
train,1301,12,3,324,27.0,29
train,1302,6,3,188,31.333333333333332,32
train,1303,8,3,232,29.0,30
train,1304,32,2,1700,53.125,59
train,1305,28,2,2440,87.14285714285714,89
train,1306,6,3,318,53.0,62
train,1307,28,2,1476,52.714285714285715,55
train,1308,8,4,540,67.5,74
train,1309,20,3,624,31.2,34
train,1310,8,2,272,34.0,38
train,1311,11,2,688,62.54545454545455,64
train,1312,24,2,744,31.0,33
train,1313,12,3,566,47.166666666666664,52
train,1314,5,2,250,50.0,52
train,1315,26,2,488,18.76923076923077,26
train,1316,9,2,276,30.666666666666668,34
train,1317,36,2,2088,58.0,62
train,1318,12,3,648,54.0,55
train,1319,5,3,182,36.4,38
train,1320,7,3,180,25.714285714285715,26
train,1321,3,3,128,42.666666666666664,44
train,1322,5,2,250,50.0,52
train,1323,7,3,168,24.0,24
train,1324,24,2,740,30.833333333333332,36
train,1325,3,3,96,32.0,32
train,1326,18,2,1036,57.55555555555556,61
train,1327,36,2,1924,53.44444444444444,59
train,1328,20,2,1128,56.4,59
train,1329,22,2,1356,61.63636363636363,74
train,1330,4,3,232,58.0,58
train,1331,12,2,628,52.333333333333336,57
train,1332,10,2,564,56.4,58
train,1333,5,3,182,36.4,38
train,1334,6,2,188,31.333333333333332,36
train,1335,5,4,258,51.6,58
train,1336,5,3,342,68.4,74
train,1337,6,2,224,37.333333333333336,38
train,1338,5,3,182,36.4,38
train,1339,5,3,182,36.4,42
train,1340,5,4,218,43.6,50
train,1341,5,3,182,36.4,38
train,1342,22,2,720,32.72727272727273,36
train,1343,12,3,648,54.0,56
train,1344,19,2,1010,53.1578947368421,57
train,1345,24,2,1204,50.166666666666664,54
train,1346,28,2,600,21.428571428571427,26
train,1347,5,4,218,43.6,50
train,1348,6,2,248,41.333333333333336,42
train,1349,24,2,1288,53.666666666666664,56
train,1350,36,2,2134,59.27777777777778,65
train,1351,6,3,392,65.33333333333333,68
train,1352,5,3,182,36.4,38
train,1353,30,2,1872,62.4,70
train,1354,34,2,1924,56.588235294117645,59
train,1355,12,2,408,34.0,36
train,1356,12,2,300,25.0,26
train,1357,5,4,218,43.6,50
train,1358,5,3,182,36.4,38
train,1359,5,3,178,35.6,38
train,1360,24,2,1128,47.0,50
train,1361,14,2,280,20.0,23
train,1362,28,2,1568,56.0,60
train,1363,14,2,928,66.28571428571429,71
train,1364,5,2,250,50.0,52
train,1365,22,2,1164,52.90909090909091,56
train,1366,22,2,1212,55.09090909090909,58
train,1367,10,2,488,48.8,50
train,1368,16,2,784,49.0,52
train,1369,4,3,232,58.0,58
train,1370,10,2,248,24.8,27
train,1371,42,2,3384,80.57142857142857,84
train,1372,12,3,582,48.5,58
train,1373,68,2,3388,49.8235294117647,54
train,1374,22,2,1164,52.90909090909091,56
train,1375,28,2,1096,39.142857142857146,42
train,1376,7,3,324,46.285714285714285,47
train,1377,20,2,1000,50.0,53
train,1378,16,2,716,44.75,52
train,1379,10,3,740,74.0,86
train,1380,10,3,740,74.0,78
train,1381,5,3,198,39.6,46
train,1382,5,3,198,39.6,46
train,1383,10,2,456,45.6,48
train,1384,28,2,1048,37.42857142857143,40
train,1385,6,2,192,32.0,36
train,1386,30,2,972,32.4,42
train,1387,58,2,3676,63.37931034482759,72
train,1388,5,3,182,36.4,38
train,1389,32,2,1576,49.25,50
train,1390,5,3,198,39.6,46
train,1391,20,2,1212,60.6,64
train,1392,28,2,1672,59.714285714285715,62
train,1393,12,3,464,38.666666666666664,44
train,1394,16,2,1072,67.0,70
train,1395,5,2,250,50.0,52
train,1396,3,3,128,42.666666666666664,44
train,1397,20,2,544,27.2,30
train,1398,12,2,616,51.333333333333336,55
train,1399,5,3,182,36.4,38
train,1400,10,3,668,66.8,72
train,1401,14,2,880,62.857142857142854,65
train,1402,12,2,696,58.0,60
train,1403,28,3,1416,50.57142857142857,54
train,1404,5,3,182,36.4,38
train,1405,5,2,250,50.0,52
train,1406,5,4,258,51.6,58
train,1407,3,3,112,37.333333333333336,44
train,1408,4,3,232,58.0,58
train,1409,10,2,644,64.4,66
train,1410,32,2,1472,46.0,48
train,1411,8,3,372,46.5,52
train,1412,24,2,1288,53.666666666666664,61
train,1413,3,3,128,42.666666666666664,44
train,1414,6,3,112,18.666666666666668,19
train,1415,13,2,802,61.69230769230769,65
train,1416,24,2,1324,55.166666666666664,59
train,1417,5,3,198,39.6,46
train,1418,24,2,1216,50.666666666666664,54
train,1419,6,2,270,45.0,50
train,1420,4,3,232,58.0,58
train,1421,4,3,232,58.0,58
train,1422,28,2,1328,47.42857142857143,52
train,1423,32,2,1672,52.25,55
train,1424,12,2,736,61.333333333333336,65
train,1425,3,3,128,42.666666666666664,44
train,1426,8,3,600,75.0,82
train,1427,5,3,106,21.2,24
train,1428,9,2,276,30.666666666666668,34
train,1429,12,3,556,46.333333333333336,49
train,1430,32,2,696,21.75,25
train,1431,4,3,118,29.5,32
train,1432,9,3,214,23.77777777777778,25
train,1433,14,2,1008,72.0,76
train,1434,8,2,204,25.5,26
train,1435,6,3,120,20.0,20
train,1436,5,3,194,38.8,42
train,1437,24,2,1152,48.0,53
train,1438,4,3,110,27.5,29
train,1439,17,2,412,24.235294117647058,26
train,1440,4,3,232,58.0,58
train,1441,22,2,1292,58.72727272727273,62
train,1442,4,3,232,58.0,58
train,1443,6,3,182,30.333333333333332,32
train,1444,5,3,188,37.6,42
train,1445,24,2,1332,55.5,61
train,1446,6,3,424,70.66666666666667,80
train,1447,5,2,250,50.0,52
train,1448,28,2,696,24.857142857142858,26
train,1449,22,2,1092,49.63636363636363,56
train,1450,8,3,240,30.0,30
train,1451,24,2,1224,51.0,55
train,1452,4,3,110,27.5,29
train,1453,20,2,1292,64.6,66
train,1454,14,3,696,49.714285714285715,52
train,1455,4,3,232,58.0,58
train,1456,9,2,252,28.0,32
train,1457,16,2,1204,75.25,78
train,1458,6,3,274,45.666666666666664,47
train,1459,8,3,396,49.5,53
train,1460,16,2,528,33.0,36
train,1461,5,3,182,36.4,38
train,1462,34,2,1364,40.11764705882353,42
train,1463,18,2,1052,58.44444444444444,62
train,1464,4,3,232,58.0,58
train,1465,4,3,100,25.0,26
train,1466,8,3,240,30.0,30
train,1467,40,2,2120,53.0,56
train,1468,5,3,198,39.6,46
train,1469,5,2,250,50.0,52
train,1470,22,2,1164,52.90909090909091,56
train,1471,5,2,250,50.0,52
train,1472,3,3,96,32.0,32
train,1473,4,3,200,50.0,50
train,1474,18,2,392,21.77777777777778,23
train,1475,16,2,996,62.25,66
train,1476,5,3,198,39.6,46
train,1477,5,2,250,50.0,52
train,1478,24,2,816,34.0,35
train,1479,10,3,500,50.0,52
train,1480,4,3,232,58.0,58
train,1481,22,2,996,45.27272727272727,48
train,1482,10,3,632,63.2,66
train,1483,16,2,436,27.25,28
train,1484,4,3,232,58.0,58
train,1485,8,4,540,67.5,74
train,1486,4,4,270,67.5,74
train,1487,10,3,728,72.8,77
train,1488,8,2,260,32.5,34
train,1489,72,2,3664,50.888888888888886,57
train,1490,16,2,732,45.75,50
train,1491,40,2,1446,36.15,37
train,1492,8,2,132,16.5,19
train,1493,24,2,1220,50.833333333333336,56
train,1494,42,2,2310,55.0,58
train,1495,4,3,232,58.0,58
train,1496,20,2,1368,68.4,74
train,1497,20,2,1168,58.4,62
train,1498,5,3,178,35.6,38
train,1499,5,4,368,73.6,78
train,1500,7,3,300,42.857142857142854,46
train,1501,9,3,510,56.666666666666664,58
train,1502,9,2,450,50.0,52
train,1503,20,2,1064,53.2,54
train,1504,17,3,700,41.1764705882353,44
train,1505,8,2,224,28.0,31
train,1506,14,2,740,52.857142857142854,65
train,1507,8,3,224,28.0,28
train,1508,24,2,1368,57.0,61
train,1509,5,2,250,50.0,52
train,1510,20,2,1248,62.4,68
train,1511,8,3,224,28.0,28
train,1512,4,3,224,56.0,58
train,1513,8,3,208,26.0,29
train,1514,5,3,202,40.4,42
train,1515,28,2,1576,56.285714285714285,61
train,1516,20,2,1168,58.4,60
train,1517,36,2,1980,55.0,57
train,1518,5,3,158,31.6,32
train,1519,22,3,1044,47.45454545454545,51
train,1520,12,3,556,46.333333333333336,51
train,1521,5,3,182,36.4,38
train,1522,22,2,1164,52.90909090909091,56
train,1523,24,3,1512,63.0,67
train,1524,5,4,274,54.8,58
train,1525,5,3,182,36.4,38
train,1526,12,3,616,51.333333333333336,54
train,1527,14,2,1008,72.0,76
train,1528,4,3,232,58.0,58
train,1529,4,3,114,28.5,32
train,1530,28,2,1336,47.714285714285715,49
train,1531,24,2,1164,48.5,51
train,1532,16,3,396,24.75,26
train,1533,8,4,604,75.5,80
train,1534,6,3,192,32.0,32
train,1535,36,3,1916,53.22222222222222,58
train,1536,6,2,232,38.666666666666664,40
train,1537,48,2,2392,49.833333333333336,54
train,1538,16,2,644,40.25,41
train,1539,6,3,232,38.666666666666664,40
train,1540,5,3,198,39.6,46
train,1541,4,3,104,26.0,26
train,1542,24,3,1270,52.916666666666664,56
train,1543,4,3,232,58.0,58
train,1544,14,2,448,32.0,44
train,1545,10,3,572,57.2,60
train,1546,18,3,996,55.333333333333336,56
train,1547,20,2,856,42.8,47
train,1548,6,3,292,48.666666666666664,56
train,1549,24,2,1276,53.166666666666664,58
train,1550,24,2,1012,42.166666666666664,47
train,1551,24,2,1372,57.166666666666664,60
train,1552,9,2,450,50.0,52
train,1553,5,3,182,36.4,42
train,1554,30,2,1380,46.0,47
train,1555,8,3,504,63.0,65
train,1556,8,3,344,43.0,44
train,1557,5,3,182,36.4,38
train,1558,6,2,208,34.666666666666664,36
train,1559,18,3,936,52.0,56
train,1560,12,3,600,50.0,53
train,1561,5,3,182,36.4,38
train,1562,9,3,582,64.66666666666667,68
train,1563,20,2,588,29.4,33
train,1564,12,3,664,55.333333333333336,57
train,1565,5,3,198,39.6,46
train,1566,8,3,224,28.0,28
train,1567,8,2,168,21.0,22
train,1568,5,3,182,36.4,38
train,1569,20,2,1248,62.4,64
train,1570,8,2,204,25.5,26
train,1571,4,3,106,26.5,28
train,1572,9,3,234,26.0,28
train,1573,4,3,232,58.0,62
train,1574,28,2,776,27.714285714285715,30
train,1575,8,2,212,26.5,28
train,1576,16,2,432,27.0,31
train,1577,9,2,364,40.44444444444444,43
train,1578,12,2,576,48.0,48
train,1579,18,2,396,22.0,23
train,1580,4,3,104,26.0,26
train,1581,28,3,1664,59.42857142857143,66
train,1582,24,2,928,38.666666666666664,46
train,1583,5,4,238,47.6,54
train,1584,5,3,182,36.4,38
train,1585,11,3,708,64.36363636363636,74
train,1586,5,3,198,39.6,46
train,1587,5,4,274,54.8,58
train,1588,3,3,128,42.666666666666664,44
train,1589,18,3,864,48.0,52
train,1590,5,2,154,30.8,44
train,1591,8,2,212,26.5,28
train,1592,6,2,248,41.333333333333336,42
train,1593,22,2,972,44.18181818181818,48
train,1594,5,3,182,36.4,38
train,1595,10,3,652,65.2,68
train,1596,22,2,1128,51.27272727272727,56
train,1597,12,3,664,55.333333333333336,57
train,1598,5,3,198,39.6,46
train,1599,13,3,638,49.07692307692308,52
train,1600,5,3,138,27.6,30
train,1601,18,2,1108,61.55555555555556,64
train,1602,6,3,192,32.0,32
train,1603,18,3,1032,57.333333333333336,59
train,1604,4,3,106,26.5,28
train,1605,4,3,174,43.5,44
train,1606,5,2,250,50.0,52
train,1607,5,4,258,51.6,58
train,1608,20,2,780,39.0,45
train,1609,24,2,872,36.333333333333336,39
train,1610,5,3,182,36.4,38
train,1611,5,3,146,29.2,32
train,1612,12,3,960,80.0,80
train,1613,36,2,1992,55.333333333333336,62
train,1614,24,2,1356,56.5,62
train,1615,12,2,784,65.33333333333333,69
train,1616,5,2,250,50.0,52
train,1617,3,3,128,42.666666666666664,44
train,1618,8,3,224,28.0,28
train,1619,5,3,198,39.6,46
train,1620,12,3,664,55.333333333333336,57
train,1621,28,2,1520,54.285714285714285,58
train,1622,9,2,222,24.666666666666668,32
train,1623,10,2,500,50.0,51
train,1624,16,2,772,48.25,64
train,1625,28,2,1120,40.0,43
train,1626,12,3,824,68.66666666666667,70
train,1627,8,2,212,26.5,34
train,1628,4,3,148,37.0,38
train,1629,5,3,198,39.6,46
train,1630,5,2,154,30.8,44
train,1631,6,2,136,22.666666666666668,26
train,1632,12,2,468,39.0,42
train,1633,9,3,516,57.333333333333336,62
train,1634,4,3,66,16.5,18
train,1635,10,3,660,66.0,71
train,1636,4,3,224,56.0,58
train,1637,17,2,412,24.235294117647058,26
train,1638,20,2,524,26.2,28
train,1639,5,3,178,35.6,38
train,1640,5,3,198,39.6,46
train,1641,3,3,194,64.66666666666667,74
train,1642,18,2,644,35.77777777777778,38
train,1643,8,2,412,51.5,56
train,1644,24,2,1048,43.666666666666664,49
train,1645,12,3,500,41.666666666666664,46
train,1646,32,2,1968,61.5,64
train,1647,4,4,270,67.5,74
train,1648,14,2,352,25.142857142857142,32
train,1649,28,2,1296,46.285714285714285,47
train,1650,5,3,198,39.6,46
train,1651,5,3,182,36.4,38
train,1652,9,2,252,28.0,32
train,1653,5,3,198,39.6,46
train,1654,6,3,144,24.0,26
train,1655,5,3,198,39.6,46
train,1656,24,2,684,28.5,32
train,1657,6,3,144,24.0,26
train,1658,5,3,182,36.4,38
train,1659,20,2,1372,68.6,72
train,1660,5,4,234,46.8,50
train,1661,5,3,182,36.4,38
train,1662,14,2,376,26.857142857142858,32
train,1663,4,3,106,26.5,28
train,1664,5,3,198,39.6,46
train,1665,6,3,192,32.0,32
train,1666,14,2,448,32.0,44
train,1667,12,3,664,55.333333333333336,57
train,1668,5,2,250,50.0,52
train,1669,5,3,158,31.6,32
train,1670,22,2,584,26.545454545454547,33
train,1671,20,3,1432,71.6,80
train,1672,4,3,232,58.0,58
train,1673,5,3,196,39.2,42
train,1674,4,3,232,58.0,58
train,1675,5,3,150,30.0,34
train,1676,6,2,192,32.0,34
train,1677,28,2,1432,51.142857142857146,54
train,1678,10,4,784,78.4,82
train,1679,22,2,972,44.18181818181818,48
train,1680,6,3,198,33.0,36
train,1681,36,2,1824,50.666666666666664,53
train,1682,5,3,178,35.6,38
train,1683,5,2,76,15.2,20
train,1684,12,2,696,58.0,63
train,1685,22,2,972,44.18181818181818,48
train,1686,9,2,222,24.666666666666668,32
train,1687,34,2,2038,59.94117647058823,65
train,1688,10,2,508,50.8,54
train,1689,24,2,1184,49.333333333333336,51
train,1690,22,2,1164,52.90909090909091,56
train,1691,20,2,1536,76.8,80
train,1692,30,2,1502,50.06666666666667,54
train,1693,14,2,400,28.571428571428573,30
train,1694,5,3,182,36.4,38
train,1695,5,3,198,39.6,46
train,1696,5,3,182,36.4,38
train,1697,32,2,1200,37.5,40
train,1698,5,2,154,30.8,44
train,1699,6,2,216,36.0,38
train,1700,7,3,180,25.714285714285715,26
train,1701,5,3,182,36.4,38
train,1702,5,3,198,39.6,46
train,1703,16,2,512,32.0,36
train,1704,20,2,568,28.4,30
train,1705,13,2,456,35.07692307692308,40
train,1706,5,3,142,28.4,30
train,1707,6,3,192,32.0,32
train,1708,12,2,384,32.0,35
train,1709,28,2,1304,46.57142857142857,48
train,1710,10,2,566,56.6,58
train,1711,4,3,110,27.5,29
train,1712,5,3,170,34.0,38
train,1713,5,3,182,36.4,38
train,1714,4,3,232,58.0,58
train,1715,10,2,568,56.8,62
train,1716,9,2,252,28.0,32
train,1717,3,3,128,42.666666666666664,44
train,1718,5,3,170,34.0,36
train,1719,10,2,512,51.2,53
train,1720,14,2,388,27.714285714285715,29
train,1721,4,3,122,30.5,32
train,1722,8,3,272,34.0,34
train,1723,15,2,1224,81.6,86
train,1724,28,2,1216,43.42857142857143,47
train,1725,10,3,512,51.2,52
train,1726,12,2,600,50.0,54
train,1727,16,3,924,57.75,60
train,1728,20,2,1080,54.0,56
train,1729,4,3,232,58.0,58
train,1730,4,4,262,65.5,67
train,1731,5,3,122,24.4,26
train,1732,16,2,752,47.0,49
train,1733,5,2,250,50.0,52
train,1734,9,3,510,56.666666666666664,58
train,1735,28,2,1696,60.57142857142857,64
train,1736,18,2,1348,74.88888888888889,80
train,1737,5,2,244,48.8,50
train,1738,6,2,270,45.0,50
train,1739,20,2,1040,52.0,55
train,1740,14,2,332,23.714285714285715,26
train,1741,20,2,1096,54.8,57
train,1742,14,2,472,33.714285714285715,37
train,1743,8,3,224,28.0,28
train,1744,4,3,216,54.0,55
train,1745,24,2,1324,55.166666666666664,61
train,1746,5,2,250,50.0,52
train,1747,4,3,232,58.0,58
train,1748,22,2,1028,46.72727272727273,49
train,1749,8,2,436,54.5,56
train,1750,12,3,696,58.0,60
train,1751,5,3,182,36.4,38
train,1752,4,3,232,58.0,58
train,1753,5,3,182,36.4,38
train,1754,28,2,1032,36.857142857142854,39
train,1755,12,3,976,81.33333333333333,88
train,1756,20,2,1208,60.4,64
train,1757,12,2,624,52.0,53
train,1758,13,2,718,55.23076923076923,58
train,1759,5,3,182,36.4,38
train,1760,4,3,198,49.5,53
train,1761,4,3,82,20.5,21
train,1762,17,3,504,29.647058823529413,36
train,1763,28,2,1160,41.42857142857143,43
train,1764,16,2,704,44.0,46
train,1765,10,3,500,50.0,52
train,1766,5,3,182,36.4,38
train,1767,80,2,5968,74.6,80
train,1768,20,2,1232,61.6,65
train,1769,72,2,3888,54.0,58
train,1770,5,3,202,40.4,42
train,1771,12,2,732,61.0,65
train,1772,12,2,672,56.0,58
train,1773,4,3,232,58.0,58
train,1774,5,3,154,30.8,38
train,1775,20,2,1000,50.0,54
train,1776,40,2,2428,60.7,68
train,1777,8,3,324,40.5,44
train,1778,20,2,1072,53.6,56
train,1779,20,2,1192,59.6,64
train,1780,12,3,624,52.0,55
train,1781,5,3,238,47.6,54
train,1782,24,2,1232,51.333333333333336,54
train,1783,20,2,1176,58.8,62
train,1784,22,2,1052,47.81818181818182,48
train,1785,5,4,362,72.4,78
train,1786,12,3,592,49.333333333333336,52
train,1787,9,3,588,65.33333333333333,68
train,1788,5,3,182,36.4,38
train,1789,5,4,202,40.4,42
train,1790,18,2,1036,57.55555555555556,58
train,1791,5,4,202,40.4,42
train,1792,6,2,208,34.666666666666664,36
train,1793,14,3,740,52.857142857142854,56
train,1794,20,2,1016,50.8,54
train,1795,32,2,2100,65.625,69
train,1796,16,3,732,45.75,49
train,1797,12,3,472,39.333333333333336,40
train,1798,24,2,648,27.0,28
train,1799,8,3,272,34.0,34
train,1800,5,3,170,34.0,36
train,1801,40,2,2528,63.2,68
train,1802,4,3,232,58.0,58
train,1803,8,2,300,37.5,38
train,1804,10,3,660,66.0,71
train,1805,18,2,884,49.111111111111114,58
train,1806,20,2,1080,54.0,57
train,1807,12,3,568,47.333333333333336,54
train,1808,5,3,182,36.4,38
train,1809,30,2,1334,44.46666666666667,49
train,1810,14,3,824,58.857142857142854,63
train,1811,6,3,132,22.0,23
train,1812,5,3,182,36.4,38
train,1813,23,2,1684,73.21739130434783,78
train,1814,4,3,232,58.0,58
train,1815,26,2,512,19.692307692307693,22
train,1816,20,2,1320,66.0,69
train,1817,12,3,680,56.666666666666664,59
train,1818,5,3,196,39.2,42
train,1819,6,2,208,34.666666666666664,36
train,1820,4,3,232,58.0,58
train,1821,6,3,192,32.0,32
train,1822,5,3,158,31.6,32
train,1823,16,2,500,31.25,34
train,1824,14,2,448,32.0,44
train,1825,3,3,128,42.666666666666664,44
train,1826,56,2,2744,49.0,52
train,1827,20,3,1464,73.2,84
train,1828,6,3,150,25.0,30
train,1829,12,2,264,22.0,24
train,1830,24,2,1328,55.333333333333336,61
train,1831,28,2,536,19.142857142857142,20
train,1832,6,2,216,36.0,38
train,1833,5,4,190,38.0,42
train,1834,8,3,252,31.5,32
train,1835,14,2,780,55.714285714285715,56
train,1836,4,3,200,50.0,50
train,1837,5,3,198,39.6,46
train,1838,20,2,964,48.2,52
train,1839,30,2,784,26.133333333333333,28
train,1840,5,3,198,39.6,46
train,1841,4,3,232,58.0,58
train,1842,24,2,1140,47.5,51
train,1843,4,3,232,58.0,58
train,1844,24,2,1280,53.333333333333336,61
train,1845,32,2,2240,70.0,73
train,1846,5,3,182,36.4,38
train,1847,24,2,968,40.333333333333336,42
train,1848,6,3,390,65.0,68
train,1849,5,4,218,43.6,50
train,1850,14,2,632,45.142857142857146,47
train,1851,5,2,250,50.0,52
train,1852,8,3,224,28.0,28
train,1853,4,3,232,58.0,58
train,1854,28,3,1800,64.28571428571429,69
train,1855,5,4,256,51.2,55
train,1856,6,3,224,37.333333333333336,38
train,1857,3,3,112,37.333333333333336,44
train,1858,24,2,1552,64.66666666666667,67
train,1859,4,3,200,50.0,50
train,1860,22,2,972,44.18181818181818,48
train,1861,8,3,272,34.0,34
train,1862,5,2,250,50.0,52
train,1863,5,3,202,40.4,42
train,1864,4,3,232,58.0,58
train,1865,22,2,1164,52.90909090909091,56
train,1866,20,2,1248,62.4,66
train,1867,5,3,142,28.4,30
train,1868,24,2,1700,70.83333333333333,75
train,1869,22,2,556,25.272727272727273,29
train,1870,22,2,1752,79.63636363636364,84
train,1871,12,2,864,72.0,74
train,1872,28,2,1064,38.0,40
train,1873,12,2,408,34.0,37
train,1874,5,2,250,50.0,52
train,1875,40,2,1944,48.6,50
train,1876,6,3,232,38.666666666666664,40
train,1877,9,2,412,45.77777777777778,47
train,1878,8,2,156,19.5,21
train,1879,32,2,1232,38.5,40
train,1880,20,2,444,22.2,24
train,1881,6,3,392,65.33333333333333,68
train,1882,8,3,224,28.0,28
train,1883,20,2,1272,63.6,67
train,1884,8,3,240,30.0,30
train,1885,12,3,960,80.0,80
train,1886,5,3,132,26.4,27
train,1887,4,3,104,26.0,26
train,1888,12,3,600,50.0,52
train,1889,16,2,540,33.75,37
train,1890,13,3,614,47.23076923076923,54
train,1891,12,3,640,53.333333333333336,58
train,1892,4,3,216,54.0,55
train,1893,5,3,198,39.6,46
train,1894,22,2,428,19.454545454545453,23
train,1895,30,2,1048,34.93333333333333,39
train,1896,34,2,1600,47.05882352941177,50
train,1897,12,3,368,30.666666666666668,32
train,1898,4,3,232,58.0,58
train,1899,24,2,1536,64.0,67
train,1900,12,3,688,57.333333333333336,63
train,1901,5,4,218,43.6,50
train,1902,12,3,664,55.333333333333336,57
train,1903,5,4,306,61.2,62
train,1904,8,3,228,28.5,32
train,1905,14,3,652,46.57142857142857,49
train,1906,14,2,376,26.857142857142858,28
train,1907,14,2,928,66.28571428571429,71
train,1908,4,3,232,58.0,58
train,1909,32,2,1476,46.125,48
train,1910,20,2,1056,52.8,57
train,1911,20,2,728,36.4,39
train,1912,4,3,236,59.0,62
train,1913,4,3,104,26.0,26
train,1914,28,2,1288,46.0,50
train,1915,18,3,960,53.333333333333336,54
train,1916,20,2,544,27.2,32
train,1917,6,3,318,53.0,62
train,1918,8,3,224,28.0,28
train,1919,12,2,328,27.333333333333332,31
train,1920,28,2,1224,43.714285714285715,46
train,1921,5,4,258,51.6,58
train,1922,5,2,250,50.0,52
train,1923,8,3,272,34.0,34
train,1924,48,2,1520,31.666666666666668,34
train,1925,5,2,250,50.0,52
train,1926,36,3,1448,40.22222222222222,47
train,1927,12,2,600,50.0,52
train,1928,4,3,72,18.0,18
train,1929,9,3,520,57.77777777777778,64
train,1930,20,2,1008,50.4,54
train,1931,16,2,788,49.25,51
train,1932,24,2,1304,54.333333333333336,61
train,1933,5,3,198,39.6,46
train,1934,12,3,600,50.0,52
train,1935,5,2,310,62.0,64
train,1936,12,2,408,34.0,34
train,1937,26,2,1008,38.76923076923077,44
train,1938,12,3,464,38.666666666666664,44
train,1939,6,3,390,65.0,68
train,1940,10,2,272,27.2,30
train,1941,18,3,996,55.333333333333336,56
train,1942,40,2,2072,51.8,54
train,1943,6,3,308,51.333333333333336,56
train,1944,10,3,668,66.8,70
train,1945,7,3,208,29.714285714285715,30
train,1946,6,3,390,65.0,68
train,1947,32,2,1576,49.25,53
train,1948,6,3,192,32.0,32
train,1949,27,2,1896,70.22222222222223,74
train,1950,22,2,1308,59.45454545454545,62
train,1951,12,2,684,57.0,59
train,1952,7,3,236,33.714285714285715,36
train,1953,5,3,194,38.8,42
train,1954,4,3,212,53.0,54
train,1955,5,3,198,39.6,46
train,1956,12,3,640,53.333333333333336,55
train,1957,28,2,1280,45.714285714285715,51
train,1958,6,2,208,34.666666666666664,36
train,1959,4,3,232,58.0,58
train,1960,5,3,182,36.4,38
train,1961,36,2,1756,48.77777777777778,52
train,1962,14,3,720,51.42857142857143,55
train,1963,24,2,784,32.666666666666664,35
train,1964,4,3,232,58.0,58
train,1965,16,2,676,42.25,52
train,1966,24,2,1228,51.166666666666664,56
train,1967,4,3,232,58.0,58
train,1968,5,3,182,36.4,38
train,1969,8,2,232,29.0,30
train,1970,11,2,718,65.27272727272727,68
train,1971,10,2,380,38.0,43
train,1972,22,2,1020,46.36363636363637,51
train,1973,4,3,232,58.0,58
train,1974,5,2,250,50.0,52
train,1975,22,2,964,43.81818181818182,47
train,1976,21,3,1188,56.57142857142857,63
train,1977,18,2,880,48.888888888888886,50
train,1978,5,3,202,40.4,42
train,1979,5,3,182,36.4,38
train,1980,30,2,1044,34.8,38
train,1981,5,3,122,24.4,26
train,1982,10,2,294,29.4,34
train,1983,22,2,1164,52.90909090909091,56
train,1984,4,3,236,59.0,62
train,1985,16,2,744,46.5,50
train,1986,8,3,576,72.0,72
train,1987,12,2,716,59.666666666666664,61
train,1988,4,3,200,50.0,50
train,1989,18,3,1028,57.111111111111114,70
train,1990,5,3,198,39.6,46
train,1991,5,3,170,34.0,36
train,1992,5,4,174,34.8,42
train,1993,12,3,656,54.666666666666664,57
train,1994,5,3,154,30.8,38
train,1995,5,3,182,36.4,38
train,1996,5,3,182,36.4,38
train,1997,8,2,196,24.5,30
train,1998,5,4,258,51.6,58
train,1999,8,3,224,28.0,28
train,2000,6,3,192,32.0,35
train,2001,4,3,232,58.0,58
train,2002,7,3,324,46.285714285714285,47
train,2003,40,2,2008,50.2,52
train,2004,6,2,232,38.666666666666664,40
train,2005,22,2,1164,52.90909090909091,56
train,2006,3,3,112,37.333333333333336,44
train,2007,5,4,234,46.8,50
train,2008,5,3,182,36.4,38
train,2009,12,3,632,52.666666666666664,56
train,2010,5,4,202,40.4,42
train,2011,5,3,146,29.2,34
train,2012,5,2,250,50.0,52
train,2013,6,3,318,53.0,62
train,2014,24,2,560,23.333333333333332,27
train,2015,8,2,430,53.75,56
train,2016,5,3,188,37.6,42
train,2017,11,2,670,60.90909090909091,64
train,2018,5,4,218,43.6,50
train,2019,6,3,292,48.666666666666664,52
train,2020,5,3,182,36.4,38
train,2021,24,2,1016,42.333333333333336,44
train,2022,9,2,276,30.666666666666668,34
train,2023,11,2,654,59.45454545454545,61
train,2024,6,3,318,53.0,62
train,2025,8,2,260,32.5,34
train,2026,5,3,218,43.6,50
train,2027,5,3,198,39.6,46
train,2028,12,3,648,54.0,56
train,2029,6,3,262,43.666666666666664,47
train,2030,16,3,760,47.5,48
train,2031,14,2,1008,72.0,76
train,2032,6,3,132,22.0,23
train,2033,11,2,576,52.36363636363637,56
train,2034,5,2,250,50.0,52
train,2035,5,2,250,50.0,52
train,2036,5,3,182,36.4,38
train,2037,5,4,214,42.8,50
train,2038,3,3,128,42.666666666666664,44
train,2039,5,3,202,40.4,42
train,2040,72,2,3924,54.5,61
train,2041,5,3,198,39.6,46
train,2042,20,2,1208,60.4,64
train,2043,4,3,122,30.5,32
train,2044,4,3,110,27.5,29
train,2045,7,3,324,46.285714285714285,47
train,2046,8,3,272,34.0,34
train,2047,20,2,464,23.2,25
train,2048,16,2,520,32.5,33
train,2049,28,2,696,24.857142857142858,27
train,2050,5,3,198,39.6,46
train,2051,9,3,396,44.0,50
train,2052,24,2,852,35.5,37
train,2053,6,3,144,24.0,26
train,2054,42,2,2016,48.0,51
train,2055,16,2,580,36.25,39
train,2056,5,3,194,38.8,42
train,2057,4,3,232,58.0,58
train,2058,12,3,664,55.333333333333336,57
train,2059,16,2,1264,79.0,80
train,2060,5,2,250,50.0,52
train,2061,4,3,232,58.0,58
train,2062,8,3,240,30.0,30
train,2063,12,2,580,48.333333333333336,51
train,2064,14,2,992,70.85714285714286,72
train,2065,5,3,248,49.6,53
train,2066,11,3,618,56.18181818181818,61
train,2067,4,3,66,16.5,18
train,2068,5,2,154,30.8,44
train,2069,12,3,614,51.166666666666664,54
train,2070,5,3,198,39.6,46
train,2071,28,2,1172,41.857142857142854,47
train,2072,5,2,250,50.0,52
train,2073,28,2,776,27.714285714285715,32
train,2074,80,2,3544,44.3,49
train,2075,80,2,5104,63.8,68
train,2076,12,3,648,54.0,56
train,2077,28,2,696,24.857142857142858,29
train,2078,8,3,640,80.0,80
train,2079,4,2,124,31.0,34
train,2080,4,3,104,26.0,26
train,2081,5,3,182,36.4,38
train,2082,12,2,852,71.0,73
train,2083,5,3,132,26.4,27
train,2084,6,4,316,52.666666666666664,55
train,2085,12,2,248,20.666666666666668,21
train,2086,5,2,250,50.0,52
train,2087,24,2,880,36.666666666666664,39
train,2088,12,3,664,55.333333333333336,57
train,2089,22,2,1356,61.63636363636363,74
train,2090,5,3,370,74.0,86
train,2091,10,2,644,64.4,66
train,2092,6,3,144,24.0,26
train,2093,24,3,1768,73.66666666666667,80
train,2094,5,3,238,47.6,54
train,2095,6,2,192,32.0,34
train,2096,3,3,128,42.666666666666664,44
train,2097,4,3,232,58.0,58
train,2098,20,2,872,43.6,44
train,2099,7,3,180,25.714285714285715,26
train,2100,30,2,1512,50.4,56
train,2101,5,3,198,39.6,46
train,2102,6,3,284,47.333333333333336,51
train,2103,6,3,282,47.0,56
train,2104,16,2,400,25.0,26
train,2105,3,3,112,37.333333333333336,44
train,2106,5,3,182,36.4,38
train,2107,6,2,176,29.333333333333332,34
train,2108,14,3,764,54.57142857142857,57
train,2109,3,3,128,42.666666666666664,44
train,2110,20,2,648,32.4,35
train,2111,5,4,218,43.6,50
train,2112,5,3,198,39.6,46
train,2113,5,2,250,50.0,52
train,2114,16,2,380,23.75,26
train,2115,16,2,1104,69.0,70
train,2116,44,2,2532,57.54545454545455,62
train,2117,14,2,832,59.42857142857143,64
train,2118,20,2,944,47.2,49
train,2119,11,2,254,23.09090909090909,24
train,2120,11,3,706,64.18181818181819,66
train,2121,27,2,1836,68.0,75
train,2122,10,2,500,50.0,52
train,2123,32,2,1440,45.0,51
train,2124,28,2,632,22.571428571428573,27
train,2125,10,2,500,50.0,52
train,2126,10,2,308,30.8,44
train,2127,20,2,1396,69.8,75
train,2128,22,2,1052,47.81818181818182,51
train,2129,10,2,356,35.6,44
train,2130,18,3,876,48.666666666666664,54
train,2131,36,2,1800,50.0,54
train,2132,8,2,320,40.0,42
train,2133,52,2,2352,45.23076923076923,48
train,2134,52,2,2612,50.23076923076923,54
train,2135,80,2,2856,35.7,39
train,2136,6,4,354,59.0,64
train,2137,40,2,2416,60.4,66
train,2138,32,2,1820,56.875,59
train,2139,10,2,500,50.0,52
train,2140,17,3,924,54.35294117647059,64
train,2141,36,2,1744,48.44444444444444,51
train,2142,10,2,476,47.6,49
train,2143,7,3,250,35.714285714285715,38
train,2144,20,2,1328,66.4,70
train,2145,36,2,1848,51.333333333333336,56
train,2146,18,3,1068,59.333333333333336,62
train,2147,18,3,984,54.666666666666664,56
train,2148,23,2,1204,52.34782608695652,68
train,2149,18,2,972,54.0,64
train,2150,17,3,924,54.35294117647059,64
train,2151,28,2,1736,62.0,68
train,2152,42,2,2100,50.0,51
train,2153,28,2,1080,38.57142857142857,42
train,2154,20,2,784,39.2,44
train,2155,10,2,456,45.6,47
train,2156,39,2,1912,49.02564102564103,53
train,2157,16,2,408,25.5,28
train,2158,28,2,804,28.714285714285715,31
train,2159,6,4,322,53.666666666666664,56
train,2160,10,2,500,50.0,52
train,2161,10,2,356,35.6,44
train,2162,24,2,1300,54.166666666666664,59
train,2163,12,2,328,27.333333333333332,29
train,2164,40,2,2372,59.3,61
train,2165,28,2,1784,63.714285714285715,69
train,2166,24,2,1172,48.833333333333336,53
train,2167,18,2,956,53.111111111111114,60
train,2168,10,2,500,50.0,52
train,2169,22,2,1028,46.72727272727273,49
train,2170,32,2,1824,57.0,61
train,2171,36,2,1776,49.333333333333336,53
train,2172,14,3,764,54.57142857142857,65
train,2173,10,3,500,50.0,52
train,2174,20,2,864,43.2,46
train,2175,6,2,284,47.333333333333336,56
train,2176,12,3,698,58.166666666666664,61
train,2177,10,2,500,50.0,52
train,2178,20,2,1000,50.0,52
train,2179,36,2,2488,69.11111111111111,75
train,2180,22,2,1100,50.0,56
train,2181,6,4,386,64.33333333333333,72
train,2182,26,2,1136,43.69230769230769,46
train,2183,26,2,428,16.46153846153846,25
train,2184,24,2,480,20.0,21
train,2185,22,2,936,42.54545454545455,47
train,2186,15,2,750,50.0,52
train,2187,80,2,4320,54.0,58
train,2188,21,2,1176,56.0,58
train,2189,7,3,214,30.571428571428573,34
train,2190,18,2,1180,65.55555555555556,72
train,2191,20,2,1160,58.0,63
train,2192,20,2,1384,69.2,72
train,2193,52,2,3092,59.46153846153846,63
train,2194,16,2,416,26.0,26
train,2195,32,2,1940,60.625,64
train,2196,22,2,1004,45.63636363636363,47
train,2197,20,2,608,30.4,34
train,2198,16,2,448,28.0,30
train,2199,10,2,356,35.6,37
train,2200,18,3,886,49.22222222222222,54
train,2201,20,2,1000,50.0,52
train,2202,16,2,856,53.5,59
train,2203,16,2,752,47.0,48
train,2204,16,2,852,53.25,58
train,2205,8,3,272,34.0,34
train,2206,38,2,1736,45.68421052631579,50
train,2207,52,2,3256,62.61538461538461,65
train,2208,36,2,1792,49.77777777777778,54
train,2209,28,2,1288,46.0,51
train,2210,16,2,1000,62.5,65
train,2211,28,2,1144,40.857142857142854,44
train,2212,16,2,564,35.25,37
train,2213,12,3,352,29.333333333333332,32
train,2214,36,2,1672,46.44444444444444,51
train,2215,20,2,1040,52.0,55
train,2216,15,2,750,50.0,52
train,2217,16,2,856,53.5,56
train,2218,28,2,1452,51.857142857142854,56
train,2219,24,2,540,22.5,26
train,2220,28,2,1472,52.57142857142857,56
train,2221,11,2,574,52.18181818181818,55
train,2222,36,2,1744,48.44444444444444,51
train,2223,8,3,272,34.0,34
train,2224,24,2,1208,50.333333333333336,53
train,2225,20,2,808,40.4,44
train,2226,36,2,1744,48.44444444444444,51
train,2227,10,3,512,51.2,56
train,2228,26,3,1424,54.76923076923077,58
train,2229,14,2,688,49.142857142857146,51
train,2230,14,2,736,52.57142857142857,58
train,2231,36,2,1956,54.333333333333336,58
train,2232,16,2,876,54.75,56
train,2233,20,2,832,41.6,44
train,2234,40,2,2768,69.2,74
train,2235,6,4,386,64.33333333333333,72
train,2236,17,3,824,48.470588235294116,60
train,2237,10,2,364,36.4,39
train,2238,8,2,272,34.0,42
train,2239,24,2,1132,47.166666666666664,50
train,2240,20,2,1024,51.2,55
train,2241,16,2,546,34.125,35
train,2242,7,3,316,45.142857142857146,50
train,2243,10,2,500,50.0,52
train,2244,18,3,1008,56.0,57
train,2245,28,2,1056,37.714285714285715,42
train,2246,16,2,380,23.75,26
train,2247,30,2,1388,46.266666666666666,50
train,2248,20,2,1264,63.2,66
train,2249,26,2,1484,57.07692307692308,63
train,2250,10,2,500,50.0,52
train,2251,10,2,500,50.0,52
train,2252,32,3,1596,49.875,64
train,2253,11,2,412,37.45454545454545,44
train,2254,18,3,906,50.333333333333336,55
train,2255,26,2,764,29.384615384615383,31
train,2256,6,4,354,59.0,64
train,2257,12,3,264,22.0,26
train,2258,34,2,1700,50.0,58
train,2259,10,2,500,50.0,52
train,2260,10,2,372,37.2,47
train,2261,24,2,1532,63.833333333333336,72
train,2262,12,2,540,45.0,48
train,2263,28,2,1496,53.42857142857143,57
train,2264,24,2,1446,60.25,63
train,2265,16,2,690,43.125,52
train,2266,28,2,1368,48.857142857142854,52
train,2267,10,2,500,50.0,52
train,2268,10,2,464,46.4,47
train,2269,20,2,1200,60.0,65
train,2270,30,2,1256,41.86666666666667,46
train,2271,36,2,1724,47.888888888888886,53
train,2272,28,2,1400,50.0,52
train,2273,22,2,1028,46.72727272727273,49
train,2274,72,2,3604,50.05555555555556,58
train,2275,20,2,1332,66.6,69
train,2276,48,2,2272,47.333333333333336,55
train,2277,47,2,2488,52.93617021276596,56
train,2278,36,2,1980,55.0,58
train,2279,28,2,1384,49.42857142857143,52
train,2280,10,2,608,60.8,63
train,2281,23,2,1170,50.869565217391305,56
train,2282,38,2,1736,45.68421052631579,50
train,2283,14,3,688,49.142857142857146,62
train,2284,16,2,872,54.5,58
train,2285,30,2,1496,49.86666666666667,52
train,2286,28,2,1216,43.42857142857143,47
train,2287,20,2,1280,64.0,67
train,2288,36,2,1844,51.22222222222222,55
train,2289,18,3,786,43.666666666666664,50
train,2290,23,2,1260,54.78260869565217,62
train,2291,7,3,354,50.57142857142857,53
train,2292,9,3,512,56.888888888888886,60
train,2293,28,2,1256,44.857142857142854,47
train,2294,16,2,1016,63.5,66
train,2295,54,2,2720,50.370370370370374,56
train,2296,16,2,500,31.25,38
train,2297,32,2,1940,60.625,64
train,2298,2,2,52,26.0,26
train,2299,6,3,324,54.0,58
train,2300,4,3,184,46.0,46
train,2301,4,3,116,29.0,31
train,2302,6,3,144,24.0,26
train,2303,6,3,192,32.0,38
train,2304,5,2,244,48.8,50
train,2305,9,3,450,50.0,50
train,2306,5,3,182,36.4,38
train,2307,11,2,532,48.36363636363637,56
train,2308,9,3,498,55.333333333333336,56
train,2309,2,3,116,58.0,58
train,2310,12,2,560,46.666666666666664,50
train,2311,6,3,544,90.66666666666667,92
train,2312,6,2,248,41.333333333333336,42
train,2313,8,2,396,49.5,50
train,2314,8,2,156,19.5,20
train,2315,5,2,250,50.0,52
train,2316,5,2,250,50.0,52
train,2317,6,3,144,24.0,26
train,2318,16,2,664,41.5,46
train,2319,2,2,28,14.0,14
train,2320,7,3,212,30.285714285714285,36
train,2321,10,2,204,20.4,23
train,2322,5,3,150,30.0,34
train,2323,5,3,150,30.0,34
train,2324,5,3,138,27.6,30
train,2325,8,3,412,51.5,52
train,2326,10,2,356,35.6,44
train,2327,4,3,174,43.5,48
train,2328,6,2,104,17.333333333333332,18
train,2329,4,3,146,36.5,44
train,2330,4,3,142,35.5,41
train,2331,12,3,540,45.0,47
train,2332,10,2,224,22.4,23
train,2333,1,4,42,42.0,42
train,2334,1,4,42,42.0,42
train,2335,14,2,264,18.857142857142858,20
train,2336,10,2,380,38.0,40
train,2337,7,2,486,69.42857142857143,72
train,2338,9,3,200,22.22222222222222,24
train,2339,9,3,498,55.333333333333336,56
train,2340,6,3,192,32.0,32
train,2341,24,2,1596,66.5,76
train,2342,20,2,712,35.6,40
train,2343,16,2,876,54.75,56
train,2344,12,2,560,46.666666666666664,50
train,2345,9,3,396,44.0,50
train,2346,12,2,300,25.0,26
train,2347,4,3,100,25.0,26
train,2348,10,4,700,70.0,71
train,2349,12,3,356,29.666666666666668,31
train,2350,8,2,288,36.0,42
train,2351,5,3,158,31.6,32
train,2352,7,3,188,26.857142857142858,31
train,2353,5,2,250,50.0,52
train,2354,5,3,198,39.6,46
train,2355,10,2,268,26.8,32
train,2356,6,2,156,26.0,28
train,2357,11,2,582,52.90909090909091,56
train,2358,8,2,168,21.0,23
train,2359,12,2,604,50.333333333333336,54
train,2360,3,3,162,54.0,56
train,2361,6,2,104,17.333333333333332,18
train,2362,6,2,160,26.666666666666668,30
train,2363,8,3,344,43.0,44
train,2364,9,2,276,30.666666666666668,34
train,2365,4,3,144,36.0,38
train,2366,6,2,256,42.666666666666664,44
train,2367,5,3,182,36.4,38
train,2368,4,3,126,31.5,38
train,2369,20,2,800,40.0,44
train,2370,16,2,424,26.5,27
train,2371,5,3,188,37.6,42
train,2372,20,2,404,20.2,22
train,2373,18,2,456,25.333333333333332,28
train,2374,5,2,250,50.0,52
train,2375,2,2,28,14.0,14
train,2376,6,3,140,23.333333333333332,25
train,2377,4,4,268,67.0,67
train,2378,2,4,128,64.0,64
train,2379,5,2,106,21.2,26
train,2380,11,2,276,25.09090909090909,29
train,2381,12,3,244,20.333333333333332,24
train,2382,1,4,26,26.0,26
train,2383,1,3,18,18.0,18
train,2384,5,2,76,15.2,20
train,2385,5,2,250,50.0,52
train,2386,3,3,96,32.0,32
train,2387,6,3,142,23.666666666666668,26
train,2388,2,3,52,26.0,26
train,2389,3,3,112,37.333333333333336,44
train,2390,16,2,686,42.875,52
train,2391,6,2,270,45.0,50
train,2392,4,3,232,58.0,58
train,2393,3,4,178,59.333333333333336,60
train,2394,8,2,368,46.0,46
train,2395,6,2,192,32.0,34
train,2396,11,2,602,54.72727272727273,58
train,2397,12,2,232,19.333333333333332,22
train,2398,8,3,312,39.0,41
train,2399,18,3,1024,56.888888888888886,60
train,2400,12,3,240,20.0,22
train,2401,12,3,240,20.0,22
train,2402,24,2,768,32.0,36
train,2403,8,2,508,63.5,64
train,2404,7,4,590,84.28571428571429,86
train,2405,5,3,132,26.4,27
train,2406,5,3,170,34.0,36
train,2407,1,4,14,14.0,14
train,2408,20,2,1192,59.6,62
train,2409,4,3,232,58.0,58
train,2410,2,4,80,40.0,40
train,2411,15,2,750,50.0,52
train,2412,10,2,500,50.0,52
train,2413,14,2,618,44.142857142857146,48
train,2414,18,2,448,24.88888888888889,27
train,2415,6,3,220,36.666666666666664,39
train,2416,26,2,1356,52.15384615384615,55
train,2417,12,2,264,22.0,23
train,2418,12,2,280,23.333333333333332,26
train,2419,6,3,228,38.0,39
train,2420,12,2,664,55.333333333333336,56
train,2421,10,3,460,46.0,50
train,2422,20,2,336,16.8,18
train,2423,20,2,624,31.2,35
train,2424,6,4,338,56.333333333333336,59
train,2425,20,2,444,22.2,23
train,2426,9,2,342,38.0,41
train,2427,5,4,258,51.6,58
train,2428,18,2,776,43.111111111111114,47
train,2429,16,2,860,53.75,60
train,2430,9,3,462,51.333333333333336,56
train,2431,16,2,524,32.75,38
train,2432,20,2,1384,69.2,73
train,2433,20,2,792,39.6,43
train,2434,16,2,360,22.5,24
train,2435,5,3,186,37.2,46
train,2436,12,2,560,46.666666666666664,49
train,2437,16,2,460,28.75,30
train,2438,6,3,144,24.0,26
train,2439,5,3,182,36.4,38
train,2440,20,2,504,25.2,26
train,2441,16,2,488,30.5,32
train,2442,16,2,424,26.5,27
train,2443,10,3,400,40.0,42
train,2444,5,2,250,50.0,52
train,2445,22,2,840,38.18181818181818,46
train,2446,4,3,104,26.0,26
train,2447,13,2,588,45.23076923076923,48
train,2448,12,3,640,53.333333333333336,54
train,2449,12,3,504,42.0,44
train,2450,12,3,560,46.666666666666664,50
train,2451,3,3,78,26.0,26
train,2452,8,2,208,26.0,30
train,2453,8,3,204,25.5,30
train,2454,16,2,992,62.0,65
train,2455,20,2,1280,64.0,67
train,2456,6,3,120,20.0,20
train,2457,6,3,168,28.0,32
train,2458,5,3,198,39.6,46
train,2459,48,2,2588,53.916666666666664,59
train,2460,2,3,52,26.0,26
train,2461,5,3,122,24.4,26
train,2462,5,3,152,30.4,32
train,2463,5,3,92,18.4,20
train,2464,5,3,92,18.4,20
train,2465,6,2,216,36.0,38
train,2466,6,2,208,34.666666666666664,36
train,2467,6,3,192,32.0,32
train,2468,6,3,120,20.0,20
train,2469,6,3,120,20.0,20
train,2470,8,2,232,29.0,32
train,2471,16,2,488,30.5,32
train,2472,16,2,368,23.0,23
train,2473,7,3,236,33.714285714285715,35
train,2474,16,2,224,14.0,16
train,2475,10,2,212,21.2,23
train,2476,10,2,144,14.4,18
train,2477,12,2,504,42.0,43
train,2478,12,2,512,42.666666666666664,43
train,2479,14,2,536,38.285714285714285,39
train,2480,14,2,464,33.142857142857146,35
train,2481,8,3,304,38.0,39
train,2482,12,3,584,48.666666666666664,53
train,2483,8,3,268,33.5,37
train,2484,6,2,272,45.333333333333336,46
train,2485,4,3,146,36.5,44
train,2486,4,3,146,36.5,44
train,2487,4,3,146,36.5,44
train,2488,5,2,154,30.8,44
train,2489,5,2,154,30.8,44
train,2490,8,2,240,30.0,35
train,2491,4,2,128,32.0,34
train,2492,10,2,536,53.6,57
train,2493,18,3,536,29.77777777777778,33
train,2494,3,3,72,24.0,26
train,2495,3,3,96,32.0,32
train,2496,18,2,416,23.11111111111111,25
train,2497,18,2,1048,58.22222222222222,62
train,2498,7,2,224,32.0,34
train,2499,10,2,244,24.4,27
train,2500,6,3,212,35.333333333333336,37
train,2501,23,2,1084,47.130434782608695,68
train,2502,14,2,504,36.0,38
train,2503,20,2,1560,78.0,82
train,2504,8,2,274,34.25,38
train,2505,4,3,172,43.0,50
train,2506,8,2,156,19.5,22
train,2507,4,3,104,26.0,26
train,2508,4,3,200,50.0,50
train,2509,10,3,620,62.0,66
train,2510,16,2,1036,64.75,70
train,2511,8,2,172,21.5,26
train,2512,8,2,296,37.0,38
train,2513,12,2,712,59.333333333333336,62
train,2514,6,2,116,19.333333333333332,21
train,2515,8,2,430,53.75,56
train,2516,8,3,480,60.0,62
train,2517,12,3,760,63.333333333333336,68
train,2518,5,4,336,67.2,72
train,2519,6,3,388,64.66666666666667,68
train,2520,8,2,488,61.0,61
train,2521,8,2,496,62.0,62
train,2522,3,3,94,31.333333333333332,32
train,2523,6,3,128,21.333333333333332,22
train,2524,8,3,564,70.5,72
train,2525,8,3,524,65.5,68
train,2526,2,4,60,30.0,30
train,2527,2,4,60,30.0,30
train,2528,16,2,580,36.25,38
train,2529,12,2,520,43.333333333333336,44
train,2530,12,2,748,62.333333333333336,65
train,2531,8,3,784,98.0,98
train,2532,12,3,662,55.166666666666664,59
train,2533,18,2,1260,70.0,74
train,2534,7,2,486,69.42857142857143,72
train,2535,10,2,584,58.4,60
train,2536,5,4,354,70.8,78
train,2537,12,2,528,44.0,45
train,2538,8,3,504,63.0,66
train,2539,8,3,448,56.0,58
train,2540,10,2,316,31.6,40
train,2541,10,2,250,25.0,30
train,2542,12,3,472,39.333333333333336,40
train,2543,12,2,514,42.833333333333336,46
train,2544,20,2,616,30.8,34
train,2545,22,2,1200,54.54545454545455,58
train,2546,12,4,828,69.0,70
train,2547,9,2,516,57.333333333333336,60
train,2548,24,2,1440,60.0,64
train,2549,8,2,264,33.0,34
train,2550,22,2,1548,70.36363636363636,86
train,2551,8,2,152,19.0,22
train,2552,8,2,136,17.0,18
train,2553,12,3,664,55.333333333333336,57
train,2554,12,3,656,54.666666666666664,61
train,2555,8,3,420,52.5,56
train,2556,24,2,1300,54.166666666666664,59
train,2557,14,2,236,16.857142857142858,19
train,2558,8,2,394,49.25,56
train,2559,18,2,1228,68.22222222222223,70
train,2560,22,2,1184,53.81818181818182,56
train,2561,10,2,232,23.2,27
train,2562,10,2,192,19.2,20
train,2563,7,2,126,18.0,21
train,2564,16,2,816,51.0,55
train,2565,24,3,1492,62.166666666666664,63
train,2566,5,4,368,73.6,78
train,2567,6,2,192,32.0,34
train,2568,7,2,438,62.57142857142857,64
train,2569,12,2,684,57.0,59
train,2570,5,3,170,34.0,36
train,2571,12,2,736,61.333333333333336,65
train,2572,10,3,800,80.0,80
train,2573,6,3,268,44.666666666666664,46
train,2574,7,3,300,42.857142857142854,46
train,2575,6,3,192,32.0,32
train,2576,12,2,556,46.333333333333336,50
train,2577,4,4,284,71.0,74
train,2578,5,2,106,21.2,26
train,2579,12,2,248,20.666666666666668,23
train,2580,8,2,144,18.0,18
train,2581,1,4,26,26.0,26
train,2582,16,2,982,61.375,66
train,2583,5,3,170,34.0,36
train,2584,5,3,140,28.0,29
train,2585,8,2,248,31.0,32
train,2586,8,2,224,28.0,32
train,2587,5,3,158,31.6,32
train,2588,5,3,158,31.6,32
train,2589,20,2,608,30.4,32
train,2590,8,2,252,31.5,38
train,2591,6,2,156,26.0,27
train,2592,12,2,504,42.0,44
train,2593,6,3,368,61.333333333333336,62
train,2594,18,2,1276,70.88888888888889,74
train,2595,20,2,608,30.4,32
train,2596,4,3,90,22.5,23
train,2597,4,3,90,22.5,23
train,2598,16,2,840,52.5,56
train,2599,16,2,936,58.5,59
train,2600,8,3,432,54.0,54
train,2601,8,2,208,26.0,29
train,2602,6,3,292,48.666666666666664,58
train,2603,4,3,136,34.0,38
train,2604,7,3,278,39.714285714285715,42
train,2605,9,2,450,50.0,52
train,2606,2,3,112,56.0,56
train,2607,8,4,588,73.5,77
train,2608,10,2,360,36.0,36
train,2609,6,3,272,45.333333333333336,46
train,2610,6,3,272,45.333333333333336,46
train,2611,12,2,444,37.0,40
train,2612,4,3,120,30.0,30
train,2613,4,3,122,30.5,32
train,2614,7,2,224,32.0,34
train,2615,6,3,372,62.0,68
train,2616,6,3,264,44.0,50
train,2617,5,3,146,29.2,34
train,2618,5,3,146,29.2,34
train,2619,5,3,150,30.0,34
train,2620,5,3,150,30.0,34
train,2621,5,3,146,29.2,34
train,2622,5,3,106,21.2,22
train,2623,5,3,150,30.0,34
train,2624,4,3,118,29.5,32
train,2625,10,2,260,26.0,44
train,2626,4,3,120,30.0,30
train,2627,8,2,112,14.0,17
train,2628,9,2,318,35.333333333333336,41
train,2629,10,2,320,32.0,34
train,2630,7,3,180,25.714285714285715,26
train,2631,7,3,180,25.714285714285715,26
train,2632,7,3,168,24.0,24
train,2633,7,3,168,24.0,24
train,2634,12,3,424,35.333333333333336,38
train,2635,16,2,1416,88.5,90
train,2636,4,3,260,65.0,68
train,2637,6,3,232,38.666666666666664,40
train,2638,6,2,232,38.666666666666664,40
train,2639,6,3,232,38.666666666666664,40
train,2640,8,3,504,63.0,64
train,2641,8,3,396,49.5,50
train,2642,3,3,78,26.0,26
train,2643,5,3,132,26.4,27
train,2644,5,3,112,22.4,24
train,2645,12,2,276,23.0,24
train,2646,6,2,208,34.666666666666664,36
train,2647,6,2,148,24.666666666666668,29
train,2648,8,3,396,49.5,50
train,2649,8,3,312,39.0,44
train,2650,8,3,240,30.0,32
train,2651,8,3,240,30.0,32
train,2652,8,3,240,30.0,32
train,2653,16,2,560,35.0,37
train,2654,16,2,340,21.25,25
train,2655,4,3,204,51.0,56
train,2656,9,2,426,47.333333333333336,50
train,2657,6,2,208,34.666666666666664,36
train,2658,5,3,172,34.4,35
train,2659,8,3,304,38.0,44
train,2660,8,2,160,20.0,23
train,2661,4,3,122,30.5,32
train,2662,4,3,170,42.5,44
train,2663,8,3,244,30.5,31
train,2664,10,3,536,53.6,62
train,2665,4,3,122,30.5,32
train,2666,4,3,122,30.5,32
train,2667,4,3,122,30.5,32
train,2668,8,3,228,28.5,32
train,2669,15,2,714,47.6,50
train,2670,14,3,1040,74.28571428571429,76
train,2671,7,4,504,72.0,74
train,2672,5,2,250,50.0,52
train,2673,3,3,58,19.333333333333332,20
train,2674,4,4,316,79.0,84
train,2675,28,3,1952,69.71428571428571,76
train,2676,22,2,1144,52.0,56
train,2677,10,3,548,54.8,56
train,2678,4,4,320,80.0,80
train,2679,4,4,320,80.0,80
train,2680,3,3,242,80.66666666666667,84
train,2681,8,3,224,28.0,28
train,2682,5,2,250,50.0,52
train,2683,2,3,160,80.0,80
train,2684,15,2,606,40.4,47
train,2685,5,2,154,30.8,44
train,2686,4,3,264,66.0,78
train,2687,12,3,808,67.33333333333333,69
train,2688,8,4,544,68.0,74
train,2689,20,2,1084,54.2,57
train,2690,12,3,648,54.0,56
train,2691,24,2,1200,50.0,53
train,2692,2,4,140,70.0,70
train,2693,21,3,1120,53.333333333333336,59
train,2694,16,3,1288,80.5,84
train,2695,26,2,2120,81.53846153846153,85
train,2696,28,2,1332,47.57142857142857,57
train,2697,18,2,924,51.333333333333336,52
train,2698,10,2,360,36.0,36
train,2699,2,3,68,34.0,34
train,2700,10,3,584,58.4,62
train,2701,3,3,194,64.66666666666667,66
train,2702,10,3,872,87.2,90
train,2703,6,3,256,42.666666666666664,44
train,2704,14,2,412,29.428571428571427,31
train,2705,6,3,192,32.0,32
train,2706,6,3,264,44.0,44
train,2707,6,3,264,44.0,44
train,2708,6,3,264,44.0,44
train,2709,11,3,646,58.72727272727273,60
train,2710,8,3,348,43.5,48
train,2711,7,3,242,34.57142857142857,35
train,2712,18,2,720,40.0,42
train,2713,6,2,224,37.333333333333336,38
train,2714,24,2,1312,54.666666666666664,58
train,2715,4,3,206,51.5,56
train,2716,10,2,228,22.8,25
train,2717,5,3,92,18.4,20
train,2718,14,2,696,49.714285714285715,53
train,2719,22,3,1168,53.09090909090909,59
train,2720,4,3,176,44.0,44
train,2721,4,3,146,36.5,44
train,2722,3,3,128,42.666666666666664,44
train,2723,8,3,448,56.0,56
train,2724,10,3,668,66.8,70
train,2725,5,3,258,51.6,52
train,2726,16,2,516,32.25,33
train,2727,16,2,896,56.0,60
train,2728,10,3,400,40.0,41
train,2729,4,3,212,53.0,56
train,2730,9,2,342,38.0,41
train,2731,20,2,448,22.4,25
train,2732,20,2,416,20.8,23
train,2733,5,3,256,51.2,53
train,2734,12,2,404,33.666666666666664,35
train,2735,18,2,692,38.44444444444444,46
train,2736,18,2,588,32.666666666666664,38
train,2737,18,2,480,26.666666666666668,29
train,2738,10,3,622,62.2,67
train,2739,10,3,622,62.2,67
train,2740,10,3,598,59.8,65
train,2741,20,2,1136,56.8,59
train,2742,9,2,364,40.44444444444444,43
train,2743,5,2,310,62.0,64
train,2744,6,3,270,45.0,56
train,2745,9,2,396,44.0,46
train,2746,2,3,68,34.0,34
train,2747,8,2,312,39.0,40
train,2748,6,3,262,43.666666666666664,47
train,2749,18,2,1080,60.0,62
train,2750,6,3,272,45.333333333333336,46
train,2751,16,2,764,47.75,56
train,2752,8,2,116,14.5,15
train,2753,10,3,240,24.0,26
train,2754,5,2,160,32.0,38
train,2755,5,2,160,32.0,38
train,2756,12,2,340,28.333333333333332,32
train,2757,10,2,242,24.2,26
train,2758,12,3,724,60.333333333333336,65
train,2759,8,3,480,60.0,62
train,2760,10,3,324,32.4,34
train,2761,24,2,684,28.5,32
train,2762,10,2,250,25.0,27
train,2763,14,2,672,48.0,50
train,2764,10,2,242,24.2,26
train,2765,14,2,376,26.857142857142858,32
train,2766,10,2,590,59.0,60
train,2767,5,3,170,34.0,36
train,2768,5,3,158,31.6,32
train,2769,5,3,146,29.2,32
train,2770,5,3,140,28.0,29
train,2771,5,3,128,25.6,29
train,2772,6,3,340,56.666666666666664,60
train,2773,10,3,632,63.2,66
train,2774,8,2,312,39.0,40
train,2775,8,2,400,50.0,56
train,2776,8,2,394,49.25,56
train,2777,7,3,150,21.428571428571427,26
train,2778,7,3,134,19.142857142857142,22
train,2779,12,3,660,55.0,62
train,2780,12,3,648,54.0,56
train,2781,5,4,290,58.0,58
train,2782,8,3,272,34.0,34
train,2783,16,2,516,32.25,36
train,2784,6,3,150,25.0,30
train,2785,5,3,188,37.6,42
train,2786,7,3,300,42.857142857142854,46
train,2787,4,2,156,39.0,40
train,2788,44,2,2488,56.54545454545455,64
train,2789,16,2,376,23.5,24
train,2790,8,2,358,44.75,56
train,2791,6,2,312,52.0,56
train,2792,8,3,424,53.0,55
train,2793,14,2,740,52.857142857142854,59
train,2794,8,2,112,14.0,14
train,2795,8,2,112,14.0,14
train,2796,8,3,688,86.0,87
train,2797,5,2,76,15.2,20
train,2798,5,2,310,62.0,64
train,2799,3,4,140,46.666666666666664,48
train,2800,2,3,56,28.0,28
train,2801,6,3,144,24.0,26
train,2802,28,2,2224,79.42857142857143,81
train,2803,16,2,340,21.25,23
train,2804,30,2,1700,56.666666666666664,60
train,2805,18,2,720,40.0,42
train,2806,13,2,396,30.46153846153846,32
train,2807,14,2,648,46.285714285714285,47
train,2808,22,2,740,33.63636363636363,36
train,2809,7,2,126,18.0,21
train,2810,5,2,154,30.8,44
train,2811,5,2,154,30.8,44
train,2812,5,2,250,50.0,52
train,2813,5,2,250,50.0,52
train,2814,4,3,170,42.5,44
train,2815,8,2,248,31.0,32
train,2816,9,2,364,40.44444444444444,43
train,2817,9,3,408,45.333333333333336,50
train,2818,14,2,292,20.857142857142858,24
train,2819,3,2,64,21.333333333333332,22
train,2820,6,2,208,34.666666666666664,36
train,2821,6,3,192,32.0,32
train,2822,26,2,560,21.53846153846154,26
train,2823,18,2,758,42.111111111111114,45
train,2824,6,2,232,38.666666666666664,42
train,2825,2,2,52,26.0,26
train,2826,12,2,240,20.0,20
train,2827,6,3,280,46.666666666666664,52
train,2828,18,2,388,21.555555555555557,25
train,2829,9,2,252,28.0,32
train,2830,12,2,426,35.5,39
train,2831,12,2,808,67.33333333333333,70
train,2832,22,2,1164,52.90909090909091,61
train,2833,20,2,928,46.4,48
train,2834,10,2,424,42.4,48
train,2835,22,2,756,34.36363636363637,36
train,2836,12,2,648,54.0,59
train,2837,18,2,820,45.55555555555556,48
train,2838,18,2,820,45.55555555555556,48
train,2839,5,3,198,39.6,46
train,2840,15,2,522,34.8,44
train,2841,6,2,140,23.333333333333332,26
train,2842,4,3,160,40.0,43
train,2843,12,3,352,29.333333333333332,32
train,2844,5,2,154,30.8,44
train,2845,5,2,250,50.0,52
train,2846,7,3,380,54.285714285714285,56
train,2847,14,2,570,40.714285714285715,46
train,2848,4,4,160,40.0,42
train,2849,5,2,250,50.0,52
train,2850,5,2,154,30.8,44
train,2851,5,3,158,31.6,32
train,2852,5,3,198,39.6,46
train,2853,5,3,178,35.6,38
train,2854,5,3,170,34.0,38
train,2855,4,3,104,26.0,26
train,2856,22,3,1028,46.72727272727273,52
train,2857,18,2,672,37.333333333333336,38
train,2858,9,2,240,26.666666666666668,32
train,2859,12,2,300,25.0,27
train,2860,3,3,72,24.0,26
train,2861,3,3,60,20.0,20
train,2862,7,3,272,38.857142857142854,41
train,2863,13,2,774,59.53846153846154,60
train,2864,15,2,1070,71.33333333333333,78
train,2865,5,3,118,23.6,25
train,2866,12,3,952,79.33333333333333,86
train,2867,20,2,472,23.6,25
train,2868,5,3,100,20.0,22
train,2869,5,3,92,18.4,21
train,2870,14,2,460,32.857142857142854,36
train,2871,12,2,384,32.0,32
train,2872,1,4,54,54.0,54
train,2873,1,4,54,54.0,54
train,2874,1,4,78,78.0,78
train,2875,1,4,42,42.0,42
train,2876,1,4,54,54.0,54
train,2877,12,3,288,24.0,26
train,2878,21,2,1200,57.142857142857146,62
train,2879,6,2,232,38.666666666666664,42
train,2880,6,2,104,17.333333333333332,18
train,2881,12,2,300,25.0,27
train,2882,12,2,702,58.5,62
train,2883,8,2,344,43.0,43
train,2884,5,4,182,36.4,42
train,2885,7,4,400,57.142857142857146,68
train,2886,16,2,248,15.5,17
train,2887,28,2,608,21.714285714285715,24
train,2888,14,2,618,44.142857142857146,47
train,2889,10,3,644,64.4,68
train,2890,16,2,284,17.75,20
train,2891,20,2,952,47.6,53
train,2892,13,2,716,55.07692307692308,58
train,2893,10,2,232,23.2,24
train,2894,10,2,232,23.2,24
train,2895,10,2,208,20.8,22
train,2896,10,2,160,16.0,18
train,2897,10,2,132,13.2,15
train,2898,12,2,390,32.5,33
train,2899,20,2,472,23.6,25
train,2900,22,2,944,42.90909090909091,44
train,2901,6,3,212,35.333333333333336,38
train,2902,7,3,176,25.142857142857142,29
train,2903,7,2,116,16.571428571428573,19
train,2904,12,2,224,18.666666666666668,21
train,2905,4,3,192,48.0,51
train,2906,12,2,372,31.0,34
train,2907,8,2,444,55.5,58
train,2908,20,2,752,37.6,42
train,2909,20,2,752,37.6,42
train,2910,9,3,684,76.0,78
train,2911,7,3,184,26.285714285714285,34
train,2912,6,2,152,25.333333333333332,28
train,2913,22,2,1492,67.81818181818181,71
train,2914,18,2,820,45.55555555555556,48
train,2915,9,2,412,45.77777777777778,47
train,2916,5,4,200,40.0,44
train,2917,4,3,308,77.0,80
train,2918,5,4,202,40.4,42
train,2919,14,2,756,54.0,56
train,2920,20,2,880,44.0,50
train,2921,14,3,476,34.0,38
train,2922,20,2,680,34.0,35
train,2923,10,2,176,17.6,18
train,2924,4,3,104,26.0,26
train,2925,7,3,300,42.857142857142854,46
train,2926,20,2,736,36.8,41
train,2927,14,2,608,43.42857142857143,44
train,2928,14,2,656,46.857142857142854,48
train,2929,7,3,480,68.57142857142857,80
train,2930,7,3,512,73.14285714285714,80
train,2931,23,2,1012,44.0,56
train,2932,23,2,1036,45.04347826086956,56
train,2933,4,3,128,32.0,32
train,2934,4,3,104,26.0,26
train,2935,4,3,128,32.0,32
train,2936,4,3,104,26.0,26
train,2937,14,2,300,21.428571428571427,24
train,2938,11,2,610,55.45454545454545,58
train,2939,24,2,1368,57.0,60
train,2940,24,2,1720,71.66666666666667,74
train,2941,6,3,192,32.0,38
train,2942,23,2,1156,50.26086956521739,68
train,2943,9,2,498,55.333333333333336,56
train,2944,4,3,222,55.5,59
train,2945,10,2,224,22.4,23
train,2946,10,2,188,18.8,21
train,2947,4,2,68,17.0,17
train,2948,3,4,180,60.0,60
train,2949,9,3,486,54.0,54
train,2950,9,3,486,54.0,54
train,2951,10,3,592,59.2,61
train,2952,28,2,912,32.57142857142857,39
train,2953,6,3,192,32.0,32
train,2954,6,3,192,32.0,32
train,2955,20,2,656,32.8,36
train,2956,22,2,1088,49.45454545454545,54
train,2957,18,2,724,40.22222222222222,46
train,2958,22,2,968,44.0,45
train,2959,22,2,968,44.0,45
train,2960,7,3,268,38.285714285714285,43
train,2961,7,3,204,29.142857142857142,36
train,2962,18,2,424,23.555555555555557,26
train,2963,16,3,336,21.0,23
train,2964,12,2,836,69.66666666666667,74
train,2965,16,2,656,41.0,44
train,2966,7,2,202,28.857142857142858,30
train,2967,24,3,1288,53.666666666666664,60
train,2968,24,2,1196,49.833333333333336,53
train,2969,16,3,336,21.0,23
train,2970,5,3,218,43.6,44
train,2971,22,2,668,30.363636363636363,33
train,2972,6,2,156,26.0,28
train,2973,6,3,252,42.0,50
train,2974,6,3,216,36.0,38
train,2975,6,3,192,32.0,32
train,2976,24,2,1344,56.0,57
train,2977,14,2,540,38.57142857142857,48
train,2978,5,3,198,39.6,46
train,2979,4,3,72,18.0,18
train,2980,8,3,160,20.0,24
train,2981,5,2,154,30.8,44
train,2982,20,2,504,25.2,31
train,2983,14,2,904,64.57142857142857,68
train,2984,12,2,210,17.5,20
train,2985,12,2,126,10.5,14
train,2986,12,3,304,25.333333333333332,28
train,2987,12,2,288,24.0,28
train,2988,26,2,552,21.23076923076923,26
train,2989,12,3,712,59.333333333333336,61
train,2990,24,2,1364,56.833333333333336,61
train,2991,12,2,336,28.0,29
train,2992,4,3,78,19.5,24
train,2993,4,3,78,19.5,24
train,2994,4,3,90,22.5,24
train,2995,4,3,90,22.5,24
train,2996,4,3,90,22.5,24
train,2997,4,3,100,25.0,26
train,2998,20,2,592,29.6,32
train,2999,11,2,258,23.454545454545453,26
train,3000,12,3,384,32.0,34
train,3001,28,2,1288,46.0,51
train,3002,3,3,128,42.666666666666664,44
train,3003,9,2,486,54.0,56
train,3004,20,2,752,37.6,41
train,3005,8,3,564,70.5,72
train,3006,8,3,540,67.5,68
train,3007,14,2,548,39.142857142857146,43
train,3008,3,3,96,32.0,32
train,3009,4,3,234,58.5,62
train,3010,16,2,648,40.5,41
train,3011,12,3,712,59.333333333333336,62
train,3012,7,3,276,39.42857142857143,41
train,3013,16,2,708,44.25,47
train,3014,20,2,984,49.2,52
train,3015,8,2,320,40.0,42
train,3016,8,2,224,28.0,30
train,3017,16,2,1052,65.75,68
train,3018,9,2,360,40.0,42
train,3019,5,2,106,21.2,26
train,3020,13,2,290,22.307692307692307,26
train,3021,36,2,1000,27.77777777777778,30
train,3022,68,2,3684,54.1764705882353,60
train,3023,16,2,864,54.0,59
train,3024,20,2,880,44.0,47
train,3025,6,3,144,24.0,26
train,3026,4,3,232,58.0,62
train,3027,18,3,1044,58.0,60
train,3028,5,3,146,29.2,34
train,3029,6,2,152,25.333333333333332,28
train,3030,6,3,150,25.0,26
train,3031,7,3,140,20.0,21
train,3032,5,3,104,20.8,24
train,3033,12,2,1176,98.0,106
train,3034,11,2,622,56.54545454545455,58
train,3035,9,2,268,29.77777777777778,38
train,3036,4,3,84,21.0,24
train,3037,6,3,144,24.0,26
train,3038,12,2,384,32.0,32
train,3039,12,2,288,24.0,24
train,3040,6,3,144,24.0,24
train,3041,6,2,156,26.0,33
train,3042,8,2,212,26.5,28
train,3043,14,3,640,45.714285714285715,48
train,3044,8,2,352,44.0,46
train,3045,5,3,176,35.2,39
train,3046,5,3,132,26.4,27
train,3047,4,3,204,51.0,52
train,3048,12,3,364,30.333333333333332,31
train,3049,7,3,136,19.428571428571427,22
train,3050,18,2,356,19.77777777777778,22
train,3051,20,2,624,31.2,34
train,3052,14,2,496,35.42857142857143,36
train,3053,10,2,272,27.2,29
train,3054,24,2,1084,45.166666666666664,48
train,3055,12,2,268,22.333333333333332,27
train,3056,10,3,412,41.2,44
train,3057,10,2,356,35.6,44
train,3058,6,3,240,40.0,41
train,3059,6,3,204,34.0,38
train,3060,16,2,740,46.25,50
train,3061,4,3,100,25.0,26
train,3062,4,3,100,25.0,26
train,3063,4,3,100,25.0,26
train,3064,4,3,100,25.0,26
train,3065,4,3,106,26.5,28
train,3066,4,3,106,26.5,28
train,3067,4,3,106,26.5,28
train,3068,4,3,106,26.5,28
train,3069,16,2,952,59.5,61
train,3070,4,3,200,50.0,56
train,3071,6,2,144,24.0,26
train,3072,6,2,120,20.0,23
train,3073,6,3,216,36.0,38
train,3074,23,2,940,40.869565217391305,56
train,3075,12,3,364,30.333333333333332,31
train,3076,12,3,340,28.333333333333332,29
train,3077,18,2,652,36.22222222222222,46
train,3078,14,3,904,64.57142857142857,66
train,3079,16,2,724,45.25,47
train,3080,22,2,1048,47.63636363636363,51
train,3081,3,3,128,42.666666666666664,44
train,3082,20,2,356,17.8,21
train,3083,4,3,200,50.0,50
train,3084,28,2,1532,54.714285714285715,58
train,3085,7,3,168,24.0,28
train,3086,14,2,740,52.857142857142854,59
train,3087,12,2,414,34.5,36
train,3088,8,2,324,40.5,43
train,3089,3,3,96,32.0,32
train,3090,6,3,274,45.666666666666664,47
train,3091,7,3,292,41.714285714285715,44
train,3092,7,3,292,41.714285714285715,44
train,3093,7,3,304,43.42857142857143,44
train,3094,12,3,248,20.666666666666668,23
train,3095,16,2,368,23.0,26
train,3096,60,2,3392,56.53333333333333,62
train,3097,5,3,296,59.2,60
train,3098,16,3,1320,82.5,86
train,3099,16,3,1152,72.0,74
train,3100,8,2,388,48.5,52
train,3101,8,3,312,39.0,41
train,3102,9,3,218,24.22222222222222,26
train,3103,20,2,988,49.4,51
train,3104,12,3,308,25.666666666666668,28
train,3105,9,2,396,44.0,46
train,3106,3,3,102,34.0,36
train,3107,6,2,272,45.333333333333336,46
train,3108,5,3,116,23.2,24
train,3109,5,3,92,18.4,20
train,3110,5,3,92,18.4,20
train,3111,5,3,170,34.0,36
train,3112,5,3,158,31.6,32
train,3113,5,3,170,34.0,36
train,3114,6,3,192,32.0,32
train,3115,6,3,192,32.0,32
train,3116,6,3,252,42.0,47
train,3117,16,2,336,21.0,22
train,3118,8,2,180,22.5,26
train,3119,5,3,188,37.6,42
train,3120,5,3,188,37.6,42
train,3121,18,2,924,51.333333333333336,54
train,3122,6,3,344,57.333333333333336,59
train,3123,16,2,688,43.0,44
train,3124,5,3,170,34.0,36
train,3125,12,2,664,55.333333333333336,57
train,3126,4,3,196,49.0,50
train,3127,17,2,892,52.470588235294116,56
train,3128,28,2,1896,67.71428571428571,72
train,3129,20,2,888,44.4,46
train,3130,8,4,540,67.5,74
train,3131,12,2,376,31.333333333333332,35
train,3132,10,2,276,27.6,30
train,3133,8,2,352,44.0,50
train,3134,18,2,1020,56.666666666666664,60
train,3135,18,2,852,47.333333333333336,50
train,3136,10,3,716,71.6,75
train,3137,12,2,252,21.0,23
train,3138,12,2,236,19.666666666666668,21
train,3139,10,2,244,24.4,27
train,3140,12,2,196,16.333333333333332,19
train,3141,12,2,272,22.666666666666668,24
train,3142,28,2,560,20.0,25
train,3143,28,2,736,26.285714285714285,29
train,3144,8,2,184,23.0,26
train,3145,12,2,248,20.666666666666668,23
train,3146,12,2,244,20.333333333333332,21
train,3147,20,2,284,14.2,17
train,3148,20,2,296,14.8,17
train,3149,16,2,584,36.5,38
train,3150,14,2,472,33.714285714285715,37
train,3151,30,2,1688,56.266666666666666,60
train,3152,16,2,416,26.0,27
train,3153,12,2,212,17.666666666666668,19
train,3154,12,2,224,18.666666666666668,19
train,3155,5,2,154,30.8,44
train,3156,14,2,640,45.714285714285715,62
train,3157,24,2,1352,56.333333333333336,62
train,3158,6,2,132,22.0,24
train,3159,9,2,186,20.666666666666668,26
train,3160,54,2,2448,45.333333333333336,47
train,3161,18,2,852,47.333333333333336,50
train,3162,3,3,72,24.0,26
train,3163,22,2,968,44.0,45
train,3164,28,2,1568,56.0,57
train,3165,14,2,808,57.714285714285715,60
train,3166,22,2,1340,60.90909090909091,65
train,3167,18,2,908,50.44444444444444,51
train,3168,12,3,840,70.0,73
train,3169,12,3,712,59.333333333333336,61
train,3170,18,2,820,45.55555555555556,48
train,3171,18,2,820,45.55555555555556,48
train,3172,16,3,320,20.0,22
train,3173,22,2,1164,52.90909090909091,56
train,3174,60,2,1936,32.266666666666666,35
train,3175,7,3,126,18.0,18
train,3176,9,2,210,23.333333333333332,29
train,3177,8,2,184,23.0,26
train,3178,12,2,232,19.333333333333332,22
train,3179,16,2,340,21.25,22
train,3180,13,2,570,43.84615384615385,47
train,3181,24,2,1170,48.75,56
train,3182,20,2,520,26.0,30
train,3183,7,2,144,20.571428571428573,22
train,3184,16,2,416,26.0,27
train,3185,14,2,296,21.142857142857142,24
train,3186,7,3,230,32.857142857142854,34
train,3187,12,2,552,46.0,49
train,3188,12,2,472,39.333333333333336,50
train,3189,8,2,188,23.5,26
train,3190,10,3,668,66.8,70
train,3191,3,3,100,33.333333333333336,34
train,3192,8,3,224,28.0,28
train,3193,16,2,412,25.75,28
train,3194,8,2,364,45.5,50
train,3195,20,2,428,21.4,22
train,3196,3,3,96,32.0,32
train,3197,10,2,500,50.0,52
train,3198,20,2,988,49.4,52
train,3199,18,2,484,26.88888888888889,28
train,3200,12,3,550,45.833333333333336,50
train,3201,6,2,104,17.333333333333332,18
train,3202,12,2,384,32.0,36
train,3203,12,2,384,32.0,36
train,3204,12,2,392,32.666666666666664,36
train,3205,12,2,392,32.666666666666664,36
train,3206,12,2,408,34.0,36
train,3207,12,2,384,32.0,36
train,3208,12,3,364,30.333333333333332,31
train,3209,12,2,228,19.0,21
train,3210,24,2,480,20.0,20
train,3211,12,3,460,38.333333333333336,43
train,3212,11,2,320,29.09090909090909,30
train,3213,4,3,108,27.0,28
train,3214,10,2,500,50.0,52
train,3215,5,3,118,23.6,25
train,3216,6,3,144,24.0,26
train,3217,6,3,144,24.0,26
train,3218,11,3,404,36.72727272727273,41
train,3219,12,2,216,18.0,19
train,3220,6,3,94,15.666666666666666,17
train,3221,18,3,516,28.666666666666668,32
train,3222,8,2,172,21.5,26
train,3223,6,3,272,45.333333333333336,46
train,3224,6,3,216,36.0,38
train,3225,8,3,244,30.5,32
train,3226,1,4,20,20.0,20
train,3227,6,2,136,22.666666666666668,26
train,3228,2,3,52,26.0,26
train,3229,6,3,236,39.333333333333336,40
train,3230,6,2,172,28.666666666666668,30
train,3231,12,3,424,35.333333333333336,38
train,3232,14,4,968,69.14285714285714,70
train,3233,9,3,298,33.111111111111114,35
train,3234,3,3,66,22.0,23
train,3235,8,3,276,34.5,36
train,3236,8,3,276,34.5,36
train,3237,8,4,540,67.5,74
train,3238,5,2,154,30.8,44
train,3239,5,2,250,50.0,52
train,3240,8,2,216,27.0,28
train,3241,8,2,216,27.0,28
train,3242,4,3,156,39.0,39
train,3243,4,3,140,35.0,35
train,3244,4,3,116,29.0,31
train,3245,4,3,116,29.0,31
train,3246,4,4,308,77.0,77
train,3247,17,2,412,24.235294117647058,26
train,3248,6,2,192,32.0,34
train,3249,6,3,148,24.666666666666668,27
train,3250,6,3,396,66.0,70
train,3251,14,2,448,32.0,44
train,3252,24,3,736,30.666666666666668,36
train,3253,5,4,336,67.2,72
train,3254,6,3,208,34.666666666666664,36
train,3255,4,4,90,22.5,24
train,3256,8,2,144,18.0,18
train,3257,8,3,172,21.5,23
train,3258,5,3,258,51.6,52
train,3259,2,3,56,28.0,28
train,3260,3,3,100,33.333333333333336,34
train,3261,2,3,116,58.0,58
train,3262,1,3,12,12.0,12
train,3263,1,4,14,14.0,14
train,3264,1,4,26,26.0,26
train,3265,4,3,124,31.0,32
train,3266,2,4,128,64.0,64
train,3267,6,3,260,43.333333333333336,44
train,3268,6,3,208,34.666666666666664,36
train,3269,5,2,310,62.0,64
train,3270,5,2,106,21.2,26
train,3271,5,2,106,21.2,26
train,3272,5,2,250,50.0,52
train,3273,2,3,92,46.0,46
train,3274,16,2,260,16.25,19
train,3275,16,2,308,19.25,20
train,3276,2,3,64,32.0,32
train,3277,4,3,148,37.0,38
train,3278,2,3,64,32.0,32
train,3279,10,4,884,88.4,93
train,3280,6,3,390,65.0,68
train,3281,5,2,250,50.0,52
train,3282,14,2,690,49.285714285714285,54
train,3283,3,3,242,80.66666666666667,84
train,3284,6,3,128,21.333333333333332,22
train,3285,24,2,1356,56.5,61
train,3286,6,2,248,41.333333333333336,42
train,3287,6,3,150,25.0,30
train,3288,18,2,300,16.666666666666668,17
train,3289,16,2,380,23.75,26
train,3290,8,2,250,31.25,38
train,3291,6,3,192,32.0,35
train,3292,4,2,108,27.0,34
train,3293,6,2,156,26.0,33
train,3294,6,3,118,19.666666666666668,22
train,3295,2,3,52,26.0,26
train,3296,2,3,52,26.0,26
train,3297,2,3,116,58.0,58
train,3298,6,3,282,47.0,56
train,3299,5,2,250,50.0,52
train,3300,5,2,250,50.0,52
train,3301,4,3,148,37.0,38
train,3302,16,3,948,59.25,64
train,3303,5,2,154,30.8,44
train,3304,5,2,250,50.0,52
train,3305,5,2,250,50.0,52
train,3306,5,2,154,30.8,44
train,3307,5,2,154,30.8,44
train,3308,3,3,192,64.0,68
train,3309,7,4,498,71.14285714285714,76
train,3310,3,4,246,82.0,86
train,3311,3,3,204,68.0,68
train,3312,2,2,52,26.0,26
train,3313,2,3,52,26.0,26
train,3314,12,2,492,41.0,44
train,3315,1,3,12,12.0,12
train,3316,4,2,56,14.0,14
train,3317,3,3,60,20.0,20
train,3318,8,2,164,20.5,22
train,3319,8,2,132,16.5,19
train,3320,8,3,228,28.5,34
train,3321,8,3,220,27.5,30
train,3322,2,3,36,18.0,18
train,3323,2,4,76,38.0,38
train,3324,2,3,44,22.0,22
train,3325,3,3,128,42.666666666666664,44
train,3326,4,3,200,50.0,50
train,3327,4,3,256,64.0,64
train,3328,3,3,128,42.666666666666664,44
train,3329,3,3,128,42.666666666666664,44
train,3330,3,3,128,42.666666666666664,44
train,3331,5,2,250,50.0,52
train,3332,4,3,136,34.0,38
train,3333,14,2,352,25.142857142857142,32
train,3334,3,3,96,32.0,32
train,3335,3,3,112,37.333333333333336,44
train,3336,3,3,162,54.0,56
train,3337,5,2,250,50.0,52
train,3338,20,2,800,40.0,44
train,3339,3,4,178,59.333333333333336,60
train,3340,4,3,148,37.0,38
train,3341,1,4,50,50.0,50
train,3342,8,3,396,49.5,50
train,3343,6,3,252,42.0,42
train,3344,6,2,292,48.666666666666664,50
train,3345,10,3,344,34.4,37
train,3346,4,3,122,30.5,32
train,3347,4,3,132,33.0,35
train,3348,4,3,110,27.5,29
train,3349,8,2,316,39.5,40
train,3350,4,3,106,26.5,27
train,3351,4,3,100,25.0,26
train,3352,24,2,1064,44.333333333333336,49
train,3353,24,2,880,36.666666666666664,40
train,3354,10,3,344,34.4,37
train,3355,5,2,250,50.0,52
train,3356,16,2,880,55.0,56
train,3357,7,3,324,46.285714285714285,47
train,3358,4,3,136,34.0,38
train,3359,2,4,136,68.0,68
train,3360,4,3,232,58.0,58
train,3361,4,3,232,58.0,58
train,3362,4,3,120,30.0,31
train,3363,5,2,310,62.0,64
train,3364,5,2,310,62.0,64
train,3365,5,2,310,62.0,64
train,3366,5,2,106,21.2,26
train,3367,5,2,76,15.2,20
train,3368,5,2,106,21.2,26
train,3369,8,3,288,36.0,38
train,3370,4,3,78,19.5,20
train,3371,4,3,78,19.5,20
train,3372,16,2,408,25.5,27
train,3373,10,3,700,70.0,71
train,3374,6,4,248,41.333333333333336,42
train,3375,5,3,188,37.6,42
train,3376,8,2,288,36.0,42
train,3377,8,2,304,38.0,44
train,3378,12,3,256,21.333333333333332,24
train,3379,12,3,232,19.333333333333332,20
train,3380,20,3,1108,55.4,57
train,3381,5,4,272,54.4,57
train,3382,20,2,896,44.8,46
train,3383,16,2,690,43.125,52
train,3384,20,2,1186,59.3,61
train,3385,20,2,1120,56.0,58
train,3386,6,3,348,58.0,58
train,3387,3,3,112,37.333333333333336,44
train,3388,24,2,1072,44.666666666666664,46
train,3389,5,2,250,50.0,52
train,3390,5,2,250,50.0,52
train,3391,4,2,56,14.0,14
train,3392,8,2,136,17.0,18
train,3393,12,2,264,22.0,24
train,3394,14,3,808,57.714285714285715,62
train,3395,12,3,708,59.0,62
train,3396,9,2,402,44.666666666666664,50
train,3397,9,2,426,47.333333333333336,50
train,3398,5,2,174,34.8,37
train,3399,10,2,356,35.6,40
train,3400,8,3,268,33.5,36
train,3401,8,2,244,30.5,34
train,3402,4,2,92,23.0,26
train,3403,4,2,140,35.0,38
train,3404,4,2,108,27.0,34
train,3405,7,3,388,55.42857142857143,56
train,3406,5,3,146,29.2,34
train,3407,11,3,532,48.36363636363637,53
train,3408,18,3,1040,57.77777777777778,64
train,3409,9,2,252,28.0,32
train,3410,6,3,188,31.333333333333332,32
train,3411,6,3,216,36.0,38
train,3412,12,2,536,44.666666666666664,47
train,3413,12,2,528,44.0,46
train,3414,22,2,1004,45.63636363636363,47
train,3415,12,2,552,46.0,49
train,3416,12,2,552,46.0,49
train,3417,8,2,420,52.5,54
train,3418,24,2,1280,53.333333333333336,60
train,3419,12,3,294,24.5,27
train,3420,6,3,132,22.0,23
train,3421,11,2,552,50.18181818181818,56
train,3422,16,2,232,14.5,17
train,3423,18,2,392,21.77777777777778,23
train,3424,9,2,412,45.77777777777778,47
train,3425,16,2,500,31.25,34
train,3426,6,3,220,36.666666666666664,37
train,3427,16,3,860,53.75,56
train,3428,16,3,920,57.5,61
train,3429,22,2,1180,53.63636363636363,63
train,3430,11,2,262,23.818181818181817,28
train,3431,12,2,396,33.0,34
train,3432,14,2,736,52.57142857142857,58
train,3433,4,3,256,64.0,64
train,3434,5,3,162,32.4,34
train,3435,5,3,166,33.2,34
train,3436,5,3,166,33.2,34
train,3437,5,3,206,41.2,42
train,3438,16,2,684,42.75,45
train,3439,12,2,300,25.0,27
train,3440,5,3,194,38.8,42
train,3441,20,2,408,20.4,26
train,3442,22,2,968,44.0,47
train,3443,5,2,106,21.2,26
train,3444,16,2,588,36.75,38
train,3445,16,2,720,45.0,49
train,3446,10,3,442,44.2,46
train,3447,3,4,132,44.0,44
train,3448,8,3,504,63.0,66
train,3449,10,2,500,50.0,52
train,3450,2,4,76,38.0,38
train,3451,4,3,156,39.0,40
train,3452,5,2,154,30.8,44
train,3453,5,2,106,21.2,26
train,3454,5,2,106,21.2,26
train,3455,5,2,154,30.8,44
train,3456,5,2,154,30.8,44
train,3457,5,2,154,30.8,44
train,3458,3,3,96,32.0,32
train,3459,3,3,72,24.0,26
train,3460,3,3,72,24.0,26
train,3461,2,3,20,10.0,10
train,3462,4,3,104,26.0,26
train,3463,16,2,860,53.75,56
train,3464,16,2,318,19.875,22
train,3465,2,3,52,26.0,26
train,3466,3,3,64,21.333333333333332,22
train,3467,3,3,112,37.333333333333336,44
train,3468,2,2,52,26.0,26
train,3469,2,3,100,50.0,50
train,3470,1,3,18,18.0,18
train,3471,1,4,18,18.0,18
train,3472,2,3,52,26.0,26
train,3473,2,3,92,46.0,46
train,3474,6,2,100,16.666666666666668,17
train,3475,2,2,52,26.0,26
train,3476,1,4,26,26.0,26
train,3477,4,3,104,26.0,26
train,3478,8,2,124,15.5,17
train,3479,4,3,104,26.0,26
train,3480,2,3,52,26.0,26
train,3481,4,3,80,20.0,20
train,3482,2,4,112,56.0,56
train,3483,4,3,124,31.0,31
train,3484,2,2,52,26.0,26
train,3485,2,2,28,14.0,14
train,3486,1,3,18,18.0,18
train,3487,1,3,18,18.0,18
train,3488,1,4,14,14.0,14
train,3489,12,2,504,42.0,47
train,3490,6,3,192,32.0,32
train,3491,5,2,106,21.2,26
train,3492,5,2,250,50.0,52
train,3493,6,3,192,32.0,32
train,3494,1,3,12,12.0,12
train,3495,2,2,28,14.0,14
train,3496,3,4,222,74.0,74
train,3497,1,3,18,18.0,18
train,3498,2,2,28,14.0,14
train,3499,3,3,112,37.333333333333336,44
train,3500,4,3,200,50.0,50
train,3501,3,3,128,42.666666666666664,44
train,3502,2,3,64,32.0,32
train,3503,8,2,488,61.0,61
train,3504,4,2,156,39.0,40
train,3505,2,3,68,34.0,34
train,3506,5,3,138,27.6,30
train,3507,5,2,250,50.0,52
train,3508,5,2,250,50.0,52
train,3509,9,3,558,62.0,62
train,3510,5,2,250,50.0,52
train,3511,5,2,250,50.0,52
train,3512,5,2,76,15.2,20
train,3513,12,2,712,59.333333333333336,61
train,3514,2,3,112,56.0,56
train,3515,6,2,212,35.333333333333336,42
train,3516,10,2,500,50.0,52
train,3517,5,3,224,44.8,47
train,3518,8,2,100,12.5,14
train,3519,3,3,96,32.0,32
train,3520,9,3,456,50.666666666666664,56
train,3521,12,3,588,49.0,52
train,3522,8,2,260,32.5,34
train,3523,6,3,144,24.0,26
train,3524,1,3,18,18.0,18
train,3525,1,4,14,14.0,14
train,3526,3,3,128,42.666666666666664,44
train,3527,3,3,128,42.666666666666664,44
train,3528,2,3,52,26.0,26
train,3529,2,3,64,32.0,32
train,3530,4,3,156,39.0,40
train,3531,10,2,312,31.2,36
train,3532,6,3,108,18.0,20
train,3533,2,3,52,26.0,26
train,3534,1,3,18,18.0,18
train,3535,6,2,96,16.0,17
train,3536,11,2,254,23.09090909090909,24
train,3537,4,3,84,21.0,24
train,3538,4,3,84,21.0,24
train,3539,4,3,84,21.0,24
train,3540,4,3,96,24.0,24
train,3541,4,3,96,24.0,24
train,3542,4,3,96,24.0,24
train,3543,4,3,100,25.0,26
train,3544,20,3,480,24.0,26
train,3545,8,3,340,42.5,50
train,3546,20,2,916,45.8,49
train,3547,16,2,256,16.0,18
train,3548,16,2,894,55.875,60
train,3549,14,2,592,42.285714285714285,44
train,3550,24,2,1376,57.333333333333336,59
train,3551,16,2,368,23.0,25
train,3552,8,3,224,28.0,28
train,3553,16,3,396,24.75,29
train,3554,16,3,412,25.75,29
train,3555,6,2,140,23.333333333333332,24
train,3556,12,2,456,38.0,44
train,3557,9,3,450,50.0,50
train,3558,3,3,66,22.0,23
train,3559,5,3,182,36.4,38
train,3560,6,3,192,32.0,32
train,3561,6,3,192,32.0,32
train,3562,2,3,100,50.0,50
train,3563,4,3,200,50.0,50
train,3564,4,3,200,50.0,50
train,3565,12,2,426,35.5,38
train,3566,13,3,614,47.23076923076923,54
train,3567,5,2,154,30.8,44
train,3568,4,3,232,58.0,58
train,3569,4,3,232,58.0,58
train,3570,5,3,240,48.0,49
train,3571,4,3,232,58.0,58
train,3572,4,2,72,18.0,18
train,3573,4,2,168,42.0,42
train,3574,4,3,232,58.0,58
train,3575,4,3,232,58.0,58
train,3576,4,3,232,58.0,58
train,3577,4,3,232,58.0,58
train,3578,5,3,240,48.0,49
train,3579,2,2,52,26.0,26
train,3580,2,3,116,58.0,58
train,3581,8,2,344,43.0,43
train,3582,5,3,240,48.0,49
train,3583,5,2,124,24.8,29
train,3584,20,2,528,26.4,27
train,3585,6,2,248,41.333333333333336,42
train,3586,6,2,256,42.666666666666664,46
train,3587,5,3,128,25.6,29
train,3588,18,2,760,42.22222222222222,50
train,3589,12,2,1016,84.66666666666667,85
train,3590,14,2,376,26.857142857142858,32
train,3591,7,3,168,24.0,24
train,3592,11,4,486,44.18181818181818,52
train,3593,8,3,224,28.0,28
train,3594,4,3,186,46.5,50
train,3595,8,3,428,53.5,55
train,3596,12,3,440,36.666666666666664,40
train,3597,4,3,104,26.0,26
train,3598,4,3,100,25.0,26
train,3599,18,2,936,52.0,53
train,3600,24,2,2072,86.33333333333333,92
train,3601,20,2,452,22.6,24
train,3602,20,2,504,25.2,29
train,3603,12,2,256,21.333333333333332,22
train,3604,12,2,232,19.333333333333332,22
train,3605,21,2,640,30.476190476190474,32
train,3606,16,2,572,35.75,41
train,3607,11,2,508,46.18181818181818,50
train,3608,8,4,540,67.5,74
train,3609,8,4,444,55.5,59
train,3610,8,3,372,46.5,50
train,3611,8,3,372,46.5,50
train,3612,32,2,664,20.75,23
train,3613,6,2,192,32.0,34
train,3614,5,3,188,37.6,42
train,3615,8,2,208,26.0,28
train,3616,20,3,1372,68.6,73
train,3617,16,2,388,24.25,27
train,3618,16,2,376,23.5,26
train,3619,12,3,240,20.0,22
train,3620,12,3,240,20.0,22
train,3621,12,3,240,20.0,22
train,3622,12,3,240,20.0,22
train,3623,12,2,256,21.333333333333332,22
train,3624,9,2,372,41.333333333333336,48
train,3625,16,2,288,18.0,18
train,3626,72,2,4272,59.333333333333336,70
train,3627,16,3,848,53.0,56
train,3628,15,2,582,38.8,42
train,3629,5,3,170,34.0,38
train,3630,8,3,528,66.0,67
train,3631,8,3,516,64.5,66
train,3632,9,2,450,50.0,52
train,3633,7,3,196,28.0,30
train,3634,11,2,412,37.45454545454545,41
train,3635,4,3,128,32.0,32
train,3636,4,3,172,43.0,44
train,3637,20,2,1276,63.8,65
train,3638,9,3,558,62.0,62
train,3639,9,3,558,62.0,62
train,3640,8,3,288,36.0,42
train,3641,9,2,252,28.0,32
train,3642,9,2,252,28.0,32
train,3643,9,2,234,26.0,32
train,3644,4,3,148,37.0,38
train,3645,6,3,192,32.0,32
train,3646,6,2,96,16.0,17
train,3647,6,2,96,16.0,17
train,3648,6,3,180,30.0,32
train,3649,2,2,52,26.0,26
train,3650,4,2,72,18.0,18
train,3651,4,2,72,18.0,18
train,3652,13,2,672,51.69230769230769,52
train,3653,4,3,116,29.0,31
train,3654,2,3,52,26.0,26
train,3655,4,2,168,42.0,42
train,3656,4,3,140,35.0,35
train,3657,4,3,104,26.0,26
train,3658,4,3,104,26.0,26
train,3659,4,3,200,50.0,50
train,3660,2,3,52,26.0,26
train,3661,4,3,112,28.0,30
train,3662,3,4,102,34.0,34
train,3663,2,3,52,26.0,26
train,3664,4,3,232,58.0,58
train,3665,4,2,168,42.0,42
train,3666,2,3,52,26.0,26
train,3667,8,3,232,29.0,32
train,3668,3,4,102,34.0,34
train,3669,2,2,52,26.0,26
train,3670,2,3,52,26.0,26
train,3671,2,3,52,26.0,26
train,3672,2,3,52,26.0,26
train,3673,5,3,210,42.0,42
train,3674,3,2,66,22.0,23
train,3675,5,3,106,21.2,22
train,3676,12,3,840,70.0,80
train,3677,12,3,804,67.0,74
train,3678,12,3,792,66.0,68
train,3679,2,3,116,58.0,58
train,3680,12,3,792,66.0,68
train,3681,12,3,768,64.0,68
train,3682,6,3,384,64.0,68
train,3683,6,3,192,32.0,35
train,3684,11,3,460,41.81818181818182,44
train,3685,2,2,52,26.0,26
train,3686,3,3,66,22.0,23
train,3687,10,2,196,19.6,22
train,3688,4,2,72,18.0,18
train,3689,2,2,44,22.0,22
train,3690,3,3,66,22.0,23
train,3691,3,3,66,22.0,23
train,3692,4,2,168,42.0,42
train,3693,3,3,66,22.0,23
train,3694,4,3,104,26.0,26
train,3695,4,3,104,26.0,26
train,3696,4,3,144,36.0,36
train,3697,4,2,168,42.0,42
train,3698,24,2,888,37.0,42
train,3699,3,3,66,22.0,23
train,3700,4,2,168,42.0,42
train,3701,4,2,168,42.0,42
train,3702,4,2,168,42.0,42
train,3703,22,2,1072,48.72727272727273,52
train,3704,3,3,78,26.0,27
train,3705,6,3,260,43.333333333333336,45
train,3706,6,3,274,45.666666666666664,47
train,3707,8,2,316,39.5,40
train,3708,2,3,64,32.0,32
train,3709,4,3,84,21.0,23
train,3710,1,4,14,14.0,14
train,3711,16,2,904,56.5,58
train,3712,12,2,462,38.5,46
train,3713,9,2,360,40.0,44
train,3714,3,3,124,41.333333333333336,42
train,3715,4,3,232,58.0,58
train,3716,2,3,116,58.0,58
train,3717,4,2,168,42.0,42
train,3718,3,3,66,22.0,23
train,3719,2,2,52,26.0,26
train,3720,4,3,104,26.0,26
train,3721,4,2,72,18.0,18
train,3722,9,2,240,26.666666666666668,32
train,3723,2,2,52,26.0,26
train,3724,6,2,270,45.0,50
train,3725,6,3,270,45.0,50
train,3726,4,4,184,46.0,46
train,3727,2,3,116,58.0,58
train,3728,8,3,312,39.0,40
train,3729,5,3,240,48.0,49
train,3730,4,3,232,58.0,58
train,3731,8,3,352,44.0,51
train,3732,4,2,72,18.0,18
train,3733,4,2,168,42.0,42
train,3734,4,3,140,35.0,35
train,3735,4,4,184,46.0,46
train,3736,4,3,116,29.0,31
train,3737,4,2,168,42.0,42
train,3738,4,3,116,29.0,31
train,3739,12,2,414,34.5,38
train,3740,1,4,14,14.0,14
train,3741,2,2,52,26.0,26
train,3742,3,4,110,36.666666666666664,42
train,3743,2,3,52,26.0,26
train,3744,2,3,100,50.0,50
train,3745,3,3,66,22.0,23
train,3746,8,2,128,16.0,17
train,3747,3,3,66,22.0,23
train,3748,16,2,572,35.75,40
train,3749,3,3,66,22.0,23
train,3750,2,2,52,26.0,26
train,3751,2,2,52,26.0,26
train,3752,3,3,74,24.666666666666668,26
train,3753,2,3,52,26.0,26
train,3754,2,2,52,26.0,26
train,3755,4,2,72,18.0,18
train,3756,2,3,52,26.0,26
train,3757,2,3,52,26.0,26
train,3758,2,3,52,26.0,26
train,3759,3,3,128,42.666666666666664,44
train,3760,4,3,200,50.0,50
train,3761,8,2,400,50.0,50
train,3762,2,3,52,26.0,26
train,3763,4,3,232,58.0,58
train,3764,4,3,200,50.0,50
train,3765,4,2,72,18.0,18
train,3766,2,3,100,50.0,50
train,3767,2,3,52,26.0,26
train,3768,2,3,52,26.0,26
train,3769,2,3,116,58.0,58
train,3770,4,3,216,54.0,54
train,3771,2,3,116,58.0,58
train,3772,4,2,216,54.0,54
train,3773,8,2,448,56.0,56
train,3774,5,3,270,54.0,54
train,3775,4,3,232,58.0,58
train,3776,4,3,200,50.0,50
train,3777,2,3,100,50.0,50
train,3778,4,2,216,54.0,54
train,3779,4,3,232,58.0,58
train,3780,4,2,216,54.0,54
train,3781,4,3,232,58.0,58
train,3782,4,3,156,39.0,40
train,3783,8,2,320,40.0,41
train,3784,6,3,318,53.0,56
train,3785,6,2,264,44.0,44
train,3786,4,3,232,58.0,58
train,3787,9,2,360,40.0,44
train,3788,2,3,112,56.0,56
train,3789,2,3,100,50.0,50
train,3790,2,3,100,50.0,50
train,3791,2,3,100,50.0,50
train,3792,2,3,52,26.0,26
train,3793,2,3,52,26.0,26
train,3794,6,3,270,45.0,50
train,3795,2,3,116,58.0,58
train,3796,2,3,52,26.0,26
train,3797,6,2,270,45.0,50
train,3798,2,3,52,26.0,26
train,3799,2,2,52,26.0,26
train,3800,4,2,72,18.0,18
train,3801,4,2,72,18.0,18
train,3802,2,3,116,58.0,58
train,3803,2,2,52,26.0,26
train,3804,2,3,52,26.0,26
train,3805,16,2,416,26.0,26
train,3806,10,3,412,41.2,44
train,3807,9,2,198,22.0,32
train,3808,5,2,218,43.6,48
train,3809,5,2,218,43.6,48
train,3810,4,3,224,56.0,56
train,3811,16,3,460,28.75,34
train,3812,16,3,488,30.5,34
train,3813,14,3,904,64.57142857142857,71
train,3814,9,2,360,40.0,44
train,3815,6,3,270,45.0,50
train,3816,20,2,952,47.6,48
train,3817,28,2,1232,44.0,47
train,3818,13,3,478,36.76923076923077,40
train,3819,12,2,262,21.833333333333332,24
train,3820,14,3,644,46.0,47
train,3821,5,2,154,30.8,44
train,3822,5,2,154,30.8,44
train,3823,18,3,1368,76.0,76
train,3824,18,3,1248,69.33333333333333,71
train,3825,10,3,536,53.6,56
train,3826,14,3,856,61.142857142857146,62
train,3827,14,3,760,54.285714285714285,56
train,3828,11,2,382,34.72727272727273,36
train,3829,11,2,382,34.72727272727273,36
train,3830,68,2,3196,47.0,53
train,3831,10,2,240,24.0,25
train,3832,18,2,460,25.555555555555557,27
train,3833,24,2,1424,59.333333333333336,68
train,3834,14,3,538,38.42857142857143,43
train,3835,18,2,412,22.88888888888889,25
train,3836,4,3,112,28.0,28
train,3837,9,3,214,23.77777777777778,26
train,3838,9,3,226,25.11111111111111,26
train,3839,10,3,384,38.4,40
train,3840,6,3,194,32.333333333333336,33
train,3841,6,3,144,24.0,26
train,3842,6,3,192,32.0,32
train,3843,8,2,184,23.0,24
train,3844,14,3,664,47.42857142857143,56
train,3845,20,2,1320,66.0,68
train,3846,10,4,688,68.8,70
train,3847,8,4,548,68.5,70
train,3848,7,2,120,17.142857142857142,19
train,3849,4,3,232,58.0,62
train,3850,6,2,260,43.333333333333336,45
train,3851,12,3,840,70.0,73
train,3852,18,2,1322,73.44444444444444,75
train,3853,4,3,72,18.0,18
train,3854,4,3,66,16.5,18
train,3855,6,3,228,38.0,41
train,3856,9,3,480,53.333333333333336,56
train,3857,9,2,252,28.0,32
train,3858,8,3,272,34.0,34
train,3859,20,2,1042,52.1,60
train,3860,10,3,256,25.6,29
train,3861,16,2,428,26.75,28
train,3862,16,2,436,27.25,28
train,3863,16,2,444,27.75,29
train,3864,16,2,816,51.0,56
train,3865,4,3,124,31.0,31
train,3866,7,3,234,33.42857142857143,35
train,3867,4,3,200,50.0,50
train,3868,2,4,112,56.0,56
train,3869,6,3,260,43.333333333333336,46
train,3870,6,3,120,20.0,20
train,3871,6,3,120,20.0,20
train,3872,6,3,108,18.0,20
train,3873,12,2,160,13.333333333333334,16
train,3874,5,2,154,30.8,44
train,3875,5,2,154,30.8,44
train,3876,2,2,0,0.0,0
train,3877,3,3,96,32.0,32
train,3878,3,3,112,37.333333333333336,44
train,3879,8,2,120,15.0,17
train,3880,2,3,52,26.0,26
train,3881,5,3,182,36.4,38
train,3882,16,2,452,28.25,29
train,3883,3,3,128,42.666666666666664,44
train,3884,3,3,106,35.333333333333336,38
train,3885,8,2,304,38.0,39
train,3886,10,2,420,42.0,42
train,3887,5,3,130,26.0,34
train,3888,4,3,200,50.0,50
train,3889,20,2,1016,50.8,54
train,3890,14,2,276,19.714285714285715,22
train,3891,10,3,592,59.2,65
train,3892,16,3,336,21.0,23
train,3893,16,3,312,19.5,22
train,3894,16,2,356,22.25,26
train,3895,4,3,232,58.0,58
train,3896,6,3,192,32.0,32
train,3897,9,2,210,23.333333333333332,29
train,3898,9,2,186,20.666666666666668,26
train,3899,6,3,264,44.0,44
train,3900,6,3,264,44.0,44
train,3901,24,2,992,41.333333333333336,48
train,3902,14,2,284,20.285714285714285,22
train,3903,8,3,300,37.5,42
train,3904,12,2,270,22.5,24
train,3905,24,2,1464,61.0,64
train,3906,24,2,1936,80.66666666666667,92
train,3907,16,2,592,37.0,38
train,3908,20,3,440,22.0,24
train,3909,8,3,400,50.0,52
train,3910,6,3,180,30.0,35
train,3911,14,2,528,37.714285714285715,44
train,3912,14,2,588,42.0,45
train,3913,6,3,102,17.0,18
train,3914,14,2,304,21.714285714285715,24
train,3915,5,3,170,34.0,38
train,3916,5,3,198,39.6,46
train,3917,3,4,222,74.0,74
train,3918,5,3,146,29.2,34
train,3919,4,2,168,42.0,42
train,3920,2,3,116,58.0,58
train,3921,4,3,156,39.0,40
train,3922,8,2,316,39.5,40
train,3923,5,3,186,37.2,46
train,3924,5,4,282,56.4,62
train,3925,5,4,330,66.0,70
train,3926,5,4,274,54.8,58
train,3927,5,3,178,35.6,38
train,3928,5,3,182,36.4,38
train,3929,4,2,216,54.0,54
train,3930,5,4,202,40.4,42
train,3931,5,3,182,36.4,38
train,3932,4,2,216,54.0,54
train,3933,3,3,128,42.666666666666664,44
train,3934,5,3,198,39.6,46
train,3935,5,4,174,34.8,42
train,3936,1,4,42,42.0,42
train,3937,4,3,104,26.0,26
train,3938,5,3,182,36.4,38
train,3939,5,3,154,30.8,38
train,3940,5,3,198,39.6,46
train,3941,3,3,94,31.333333333333332,32
train,3942,4,2,168,42.0,42
train,3943,24,2,752,31.333333333333332,32
train,3944,6,3,324,54.0,58
train,3945,4,4,324,81.0,82
train,3946,4,3,104,26.0,26
train,3947,5,3,182,36.4,38
train,3948,76,2,5244,69.0,76
train,3949,22,2,860,39.09090909090909,41
train,3950,14,2,728,52.0,56
train,3951,16,2,332,20.75,23
train,3952,44,2,2488,56.54545454545455,62
train,3953,24,2,1208,50.333333333333336,53
train,3954,24,2,1300,54.166666666666664,58
train,3955,22,2,888,40.36363636363637,46
train,3956,22,2,712,32.36363636363637,37
train,3957,22,2,872,39.63636363636363,46
train,3958,20,2,736,36.8,40
train,3959,12,2,644,53.666666666666664,57
train,3960,12,3,528,44.0,46
train,3961,12,3,704,58.666666666666664,60
train,3962,20,2,1240,62.0,66
train,3963,22,2,964,43.81818181818182,47
train,3964,18,2,770,42.77777777777778,46
train,3965,20,2,1218,60.9,64
train,3966,20,2,1048,52.4,55
train,3967,20,2,1096,54.8,58
train,3968,12,3,208,17.333333333333332,19
train,3969,12,3,208,17.333333333333332,19
train,3970,12,3,224,18.666666666666668,21
train,3971,20,2,968,48.4,51
train,3972,4,2,104,26.0,26
train,3973,4,3,104,26.0,26
train,3974,22,2,956,43.45454545454545,50
train,3975,10,2,340,34.0,38
train,3976,24,2,1376,57.333333333333336,61
train,3977,9,2,252,28.0,32
train,3978,9,2,336,37.333333333333336,40
train,3979,18,3,1122,62.333333333333336,65
train,3980,8,2,236,29.5,31
train,3981,4,3,232,58.0,58
train,3982,10,3,500,50.0,52
train,3983,6,3,220,36.666666666666664,40
train,3984,28,3,2048,73.14285714285714,76
train,3985,20,2,1096,54.8,57
train,3986,20,2,1032,51.6,55
train,3987,20,2,1072,53.6,57
train,3988,20,2,1064,53.2,56
train,3989,16,2,528,33.0,35
train,3990,16,2,560,35.0,37
train,3991,16,2,560,35.0,37
train,3992,16,2,560,35.0,37
train,3993,16,2,456,28.5,32
train,3994,12,2,528,44.0,46
train,3995,12,3,208,17.333333333333332,19
train,3996,12,3,224,18.666666666666668,21
train,3997,12,3,208,17.333333333333332,19
train,3998,12,3,208,17.333333333333332,19
train,3999,12,3,224,18.666666666666668,21
train,4000,12,3,204,17.0,19
train,4001,12,3,208,17.333333333333332,19
train,4002,6,3,168,28.0,32
train,4003,8,3,330,41.25,43
train,4004,9,2,234,26.0,32
train,4005,10,2,500,50.0,52
train,4006,5,3,124,24.8,30
train,4007,10,2,244,24.4,30
train,4008,10,2,244,24.4,30
train,4009,6,3,192,32.0,32
train,4010,4,3,232,58.0,58
train,4011,6,3,220,36.666666666666664,39
train,4012,6,3,156,26.0,26
train,4013,6,3,264,44.0,44
train,4014,5,2,250,50.0,52
train,4015,3,3,70,23.333333333333332,25
train,4016,4,2,216,54.0,54
train,4017,2,3,52,26.0,26
train,4018,4,2,168,42.0,42
train,4019,4,3,208,52.0,52
train,4020,4,4,152,38.0,38
train,4021,4,2,168,42.0,42
train,4022,6,2,96,16.0,17
train,4023,3,3,112,37.333333333333336,44
train,4024,4,3,108,27.0,27
train,4025,8,2,336,42.0,42
train,4026,15,2,232,15.466666666666667,16
train,4027,6,2,208,34.666666666666664,36
train,4028,12,3,528,44.0,46
train,4029,12,3,472,39.333333333333336,46
train,4030,5,3,170,34.0,38
train,4031,13,2,666,51.23076923076923,54
train,4032,1,3,12,12.0,12
train,4033,12,2,696,58.0,60
train,4034,5,2,250,50.0,52
train,4035,8,3,392,49.0,50
train,4036,10,2,500,50.0,52
train,4037,10,2,500,50.0,52
train,4038,10,2,500,50.0,52
train,4039,10,2,500,50.0,52
train,4040,10,2,500,50.0,52
train,4041,16,2,908,56.75,58
train,4042,12,3,632,52.666666666666664,55
train,4043,12,2,516,43.0,44
train,4044,4,2,72,18.0,18
train,4045,5,3,194,38.8,42
train,4046,5,3,194,38.8,42
train,4047,5,3,194,38.8,42
train,4048,5,3,194,38.8,42
train,4049,5,3,194,38.8,42
train,4050,2,3,100,50.0,50
train,4051,2,3,100,50.0,50
train,4052,4,3,100,25.0,26
train,4053,14,3,358,25.571428571428573,26
train,4054,6,3,110,18.333333333333332,21
train,4055,3,3,90,30.0,32
train,4056,3,3,64,21.333333333333332,22
train,4057,3,3,64,21.333333333333332,22
train,4058,4,3,92,23.0,25
train,4059,10,2,500,50.0,52
train,4060,12,2,380,31.666666666666668,32
train,4061,12,2,568,47.333333333333336,48
train,4062,6,2,140,23.333333333333332,24
train,4063,4,3,100,25.0,25
train,4064,4,3,116,29.0,29
train,4065,3,4,174,58.0,58
train,4066,7,2,438,62.57142857142857,64
train,4067,7,2,486,69.42857142857143,72
train,4068,3,4,140,46.666666666666664,48
train,4069,6,3,188,31.333333333333332,32
train,4070,2,3,56,28.0,28
train,4071,6,3,188,31.333333333333332,32
train,4072,4,3,116,29.0,29
train,4073,4,3,116,29.0,29
train,4074,4,3,232,58.0,58
train,4075,4,3,104,26.0,26
train,4076,5,3,146,29.2,34
train,4077,18,3,1000,55.55555555555556,57
train,4078,2,2,52,26.0,26
train,4079,24,2,1432,59.666666666666664,64
train,4080,4,3,232,58.0,58
train,4081,11,2,582,52.90909090909091,55
train,4082,6,3,188,31.333333333333332,32
train,4083,18,3,984,54.666666666666664,56
train,4084,8,3,224,28.0,28
train,4085,8,3,224,28.0,28
train,4086,12,3,700,58.333333333333336,62
train,4087,5,3,122,24.4,26
train,4088,7,2,192,27.428571428571427,38
train,4089,23,2,1122,48.78260869565217,52
train,4090,8,2,150,18.75,20
train,4091,9,3,258,28.666666666666668,31
train,4092,12,2,422,35.166666666666664,44
train,4093,5,3,194,38.8,42
train,4094,4,3,116,29.0,31
train,4095,8,2,224,28.0,29
train,4096,9,2,222,24.666666666666668,32
train,4097,8,2,204,25.5,26
train,4098,8,2,204,25.5,26
train,4099,8,2,204,25.5,26
train,4100,4,3,130,32.5,38
train,4101,4,3,132,33.0,33
train,4102,6,3,188,31.333333333333332,32
train,4103,14,2,320,22.857142857142858,25
train,4104,10,3,464,46.4,49
train,4105,12,3,616,51.333333333333336,54
train,4106,12,2,676,56.333333333333336,59
train,4107,12,3,664,55.333333333333336,57
train,4108,8,3,292,36.5,38
train,4109,6,3,264,44.0,50
train,4110,4,3,88,22.0,24
train,4111,8,3,352,44.0,46
train,4112,16,2,432,27.0,31
train,4113,17,2,892,52.470588235294116,56
train,4114,16,2,344,21.5,23
train,4115,12,3,708,59.0,62
train,4116,12,2,672,56.0,58
train,4117,3,3,146,48.666666666666664,50
train,4118,2,3,116,58.0,58
train,4119,2,3,52,26.0,26
train,4120,2,3,52,26.0,26
train,4121,10,3,500,50.0,52
train,4122,10,2,500,50.0,52
train,4123,18,2,908,50.44444444444444,54
train,4124,20,2,1272,63.6,66
train,4125,6,3,264,44.0,44
train,4126,20,2,976,48.8,51
train,4127,12,3,888,74.0,82
train,4128,2,3,56,28.0,28
train,4129,2,3,56,28.0,28
train,4130,2,3,56,28.0,28
train,4131,2,3,92,46.0,46
train,4132,2,4,124,62.0,62
train,4133,7,3,316,45.142857142857146,50
train,4134,7,3,316,45.142857142857146,50
train,4135,7,3,316,45.142857142857146,50
train,4136,6,2,132,22.0,23
train,4137,10,2,456,45.6,47
train,4138,10,2,428,42.8,44
train,4139,5,3,224,44.8,47
train,4140,5,3,224,44.8,47
train,4141,5,3,224,44.8,47
train,4142,5,3,224,44.8,47
train,4143,5,3,224,44.8,47
train,4144,5,3,188,37.6,42
train,4145,8,3,276,34.5,42
train,4146,5,3,166,33.2,34
train,4147,9,2,300,33.333333333333336,36
train,4148,6,3,440,73.33333333333333,78
train,4149,4,3,232,58.0,58
train,4150,4,3,232,58.0,58
train,4151,6,2,208,34.666666666666664,36
train,4152,2,3,116,58.0,58
train,4153,2,3,68,34.0,34
train,4154,4,2,168,42.0,42
train,4155,5,2,250,50.0,52
train,4156,10,3,476,47.6,50
train,4157,2,4,140,70.0,70
train,4158,2,3,140,70.0,70
train,4159,4,3,152,38.0,38
train,4160,4,3,164,41.0,41
train,4161,2,3,116,58.0,58
train,4162,12,2,468,39.0,41
train,4163,2,4,160,80.0,80
train,4164,8,3,420,52.5,56
train,4165,2,2,52,26.0,26
train,4166,5,3,206,41.2,44
train,4167,10,3,368,36.8,44
train,4168,3,3,60,20.0,20
train,4169,8,3,928,116.0,116
train,4170,4,2,104,26.0,28
train,4171,8,3,544,68.0,70
train,4172,3,4,126,42.0,42
train,4173,4,3,112,28.0,30
train,4174,2,3,128,64.0,64
train,4175,3,4,158,52.666666666666664,54
train,4176,4,3,162,40.5,42
train,4177,4,4,268,67.0,72
train,4178,2,3,92,46.0,46
train,4179,2,3,112,56.0,56
train,4180,4,3,304,76.0,76
train,4181,18,2,1116,62.0,67
train,4182,12,3,376,31.333333333333332,32
train,4183,24,2,1196,49.833333333333336,51
train,4184,24,2,1292,53.833333333333336,58
train,4185,6,3,216,36.0,38
train,4186,8,3,312,39.0,41
train,4187,20,2,720,36.0,40
train,4188,9,2,234,26.0,32
train,4189,24,2,1920,80.0,92
train,4190,4,3,104,26.0,26
train,4191,9,2,276,30.666666666666668,34
train,4192,3,3,60,20.0,20
train,4193,9,2,222,24.666666666666668,32
train,4194,6,3,192,32.0,32
train,4195,6,3,144,24.0,26
train,4196,20,2,568,28.4,31
train,4197,8,2,224,28.0,30
train,4198,10,2,160,16.0,18
train,4199,6,3,168,28.0,32
train,4200,6,3,180,30.0,35
train,4201,3,3,64,21.333333333333332,22
train,4202,3,3,112,37.333333333333336,44
train,4203,3,3,72,24.0,26
train,4204,8,3,204,25.5,26
train,4205,4,3,106,26.5,28
train,4206,4,3,232,58.0,58
train,4207,10,3,248,24.8,29
train,4208,10,3,256,25.6,29
train,4209,10,2,596,59.6,61
train,4210,56,2,4256,76.0,81
train,4211,14,3,294,21.0,24
train,4212,12,3,280,23.333333333333332,24
train,4213,10,2,440,44.0,44
train,4214,12,2,444,37.0,38
train,4215,20,2,424,21.2,22
train,4216,20,2,436,21.8,22
train,4217,4,3,200,50.0,50
train,4218,5,4,202,40.4,42
train,4219,5,3,182,36.4,38
train,4220,6,3,132,22.0,23
train,4221,6,3,288,48.0,50
train,4222,10,2,200,20.0,22
train,4223,9,3,624,69.33333333333333,72
train,4224,3,3,96,32.0,32
train,4225,4,3,216,54.0,54
train,4226,12,2,552,46.0,49
train,4227,5,3,182,36.4,38
train,4228,9,2,336,37.333333333333336,40
train,4229,4,3,216,54.0,54
train,4230,3,4,54,18.0,18
train,4231,12,2,308,25.666666666666668,32
train,4232,4,3,232,58.0,62
train,4233,20,2,1116,55.8,59
train,4234,20,2,1414,70.7,75
train,4235,9,2,276,30.666666666666668,34
train,4236,12,3,712,59.333333333333336,61
train,4237,5,3,216,43.2,44
train,4238,14,2,284,20.285714285714285,22
train,4239,11,2,644,58.54545454545455,61
train,4240,12,3,232,19.333333333333332,21
train,4241,6,2,96,16.0,17
train,4242,48,2,2080,43.333333333333336,47
train,4243,10,3,430,43.0,46
train,4244,18,2,876,48.666666666666664,52
train,4245,64,2,2616,40.875,43
train,4246,52,2,2436,46.84615384615385,51
train,4247,14,2,594,42.42857142857143,45
train,4248,18,2,842,46.77777777777778,52
train,4249,10,2,578,57.8,59
train,4250,7,3,268,38.285714285714285,39
train,4251,7,4,360,51.42857142857143,55
train,4252,20,2,448,22.4,23
train,4253,10,2,472,47.2,50
train,4254,7,3,168,24.0,34
train,4255,18,2,444,24.666666666666668,27
train,4256,40,2,1496,37.4,38
train,4257,16,2,1036,64.75,70
train,4258,8,3,408,51.0,52
train,4259,24,2,1264,52.666666666666664,57
train,4260,10,2,308,30.8,44
train,4261,4,3,150,37.5,38
train,4262,4,3,150,37.5,38
train,4263,16,2,1192,74.5,80
train,4264,14,2,530,37.857142857142854,41
train,4265,14,2,468,33.42857142857143,35
train,4266,22,2,840,38.18181818181818,46
train,4267,68,2,3384,49.76470588235294,54
train,4268,10,2,500,50.0,52
train,4269,10,2,500,50.0,52
train,4270,10,2,452,45.2,48
train,4271,10,2,308,30.8,44
train,4272,22,2,1212,55.09090909090909,58
train,4273,22,2,1164,52.90909090909091,56
train,4274,10,2,452,45.2,48
train,4275,10,2,308,30.8,44
train,4276,18,2,964,53.55555555555556,64
train,4277,12,3,464,38.666666666666664,41
train,4278,18,2,1020,56.666666666666664,60
train,4279,20,2,952,47.6,50
train,4280,10,3,584,58.4,60
train,4281,14,3,784,56.0,61
train,4282,16,2,660,41.25,42
train,4283,10,4,684,68.4,70
train,4284,22,2,992,45.09090909090909,54
train,4285,15,3,952,63.46666666666667,74
train,4286,20,2,776,38.8,44
train,4287,24,2,1156,48.166666666666664,50
train,4288,10,3,560,56.0,57
train,4289,30,2,1264,42.13333333333333,47
train,4290,10,2,452,45.2,48
train,4291,5,3,150,30.0,34
train,4292,5,3,182,36.4,38
train,4293,4,3,232,58.0,58
train,4294,4,3,232,58.0,58
train,4295,10,2,228,22.8,26
train,4296,20,2,516,25.8,31
train,4297,10,2,308,30.8,44
train,4298,10,2,356,35.6,44
train,4299,10,2,500,50.0,52
train,4300,9,2,402,44.666666666666664,50
train,4301,9,2,402,44.666666666666664,50
train,4302,9,2,318,35.333333333333336,41
train,4303,18,2,812,45.111111111111114,50
train,4304,6,3,216,36.0,38
train,4305,6,3,188,31.333333333333332,36
train,4306,6,2,188,31.333333333333332,36
train,4307,5,3,176,35.2,36
train,4308,5,3,188,37.6,42
train,4309,5,3,188,37.6,42
train,4310,5,3,194,38.8,42
train,4311,9,2,336,37.333333333333336,40
train,4312,44,2,2264,51.45454545454545,56
train,4313,20,2,824,41.2,45
train,4314,16,2,560,35.0,38
train,4315,8,3,504,63.0,64
train,4316,8,3,396,49.5,50
train,4317,18,2,1228,68.22222222222223,70
train,4318,18,2,1164,64.66666666666667,68
train,4319,9,3,218,24.22222222222222,26
train,4320,14,3,588,42.0,43
train,4321,6,3,280,46.666666666666664,50
train,4322,12,3,472,39.333333333333336,40
train,4323,8,2,430,53.75,56
train,4324,4,4,356,89.0,92
train,4325,22,2,1164,52.90909090909091,56
train,4326,10,2,356,35.6,44
train,4327,10,2,500,50.0,52
train,4328,10,2,500,50.0,52
train,4329,10,2,500,50.0,52
train,4330,8,2,304,38.0,42
train,4331,8,2,304,38.0,42
train,4332,9,2,412,45.77777777777778,47
train,4333,8,3,224,28.0,28
train,4334,8,3,224,28.0,28
train,4335,8,3,224,28.0,28
train,4336,8,3,224,28.0,28
train,4337,6,3,274,45.666666666666664,47
train,4338,5,2,250,50.0,52
train,4339,8,2,304,38.0,42
train,4340,4,4,320,80.0,80
train,4341,4,4,222,55.5,59
train,4342,18,2,908,50.44444444444444,52
train,4343,10,3,632,63.2,66
train,4344,22,2,972,44.18181818181818,48
train,4345,12,3,624,52.0,55
train,4346,18,2,860,47.77777777777778,52
train,4347,12,3,520,43.333333333333336,50
train,4348,18,2,720,40.0,42
train,4349,8,2,208,26.0,29
train,4350,8,2,184,23.0,26
train,4351,8,2,304,38.0,42
train,4352,8,3,856,107.0,110
train,4353,52,2,2660,51.15384615384615,55
train,4354,12,2,242,20.166666666666668,22
train,4355,20,2,1072,53.6,56
train,4356,18,2,416,23.11111111111111,26
train,4357,38,2,2104,55.36842105263158,56
train,4358,40,2,1888,47.2,50
train,4359,40,2,2016,50.4,52
train,4360,12,2,652,54.333333333333336,57
train,4361,14,3,344,24.571428571428573,27
train,4362,14,3,304,21.714285714285715,24
train,4363,10,2,500,50.0,52
train,4364,10,2,500,50.0,52
train,4365,14,2,376,26.857142857142858,32
train,4366,14,2,376,26.857142857142858,32
train,4367,14,2,376,26.857142857142858,32
train,4368,48,2,2040,42.5,46
train,4369,16,2,662,41.375,44
train,4370,16,2,662,41.375,44
train,4371,12,3,698,58.166666666666664,64
train,4372,9,2,214,23.77777777777778,26
train,4373,18,3,460,25.555555555555557,28
train,4374,18,3,428,23.77777777777778,26
train,4375,28,2,1640,58.57142857142857,62
train,4376,28,2,1392,49.714285714285715,54
train,4377,22,2,1112,50.54545454545455,62
train,4378,16,2,992,62.0,64
train,4379,26,2,1536,59.07692307692308,61
train,4380,10,3,578,57.8,61
train,4381,80,2,4262,53.275,58
train,4382,38,2,1092,28.736842105263158,31
train,4383,24,2,1332,55.5,60
train,4384,24,2,1484,61.833333333333336,66
train,4385,56,2,1696,30.285714285714285,38
train,4386,56,2,1712,30.571428571428573,38
train,4387,56,2,1576,28.142857142857142,38
train,4388,56,2,1576,28.142857142857142,38
train,4389,12,2,596,49.666666666666664,53
train,4390,14,2,300,21.428571428571427,23
train,4391,14,2,272,19.428571428571427,21
train,4392,56,2,1424,25.428571428571427,29
train,4393,18,2,412,22.88888888888889,25
train,4394,14,2,276,19.714285714285715,22
train,4395,14,2,232,16.571428571428573,20
train,4396,22,2,1780,80.9090909090909,88
train,4397,22,2,692,31.454545454545453,33
train,4398,34,2,714,21.0,26
train,4399,24,2,1376,57.333333333333336,62
train,4400,24,2,1416,59.0,66
train,4401,2,4,160,80.0,80
train,4402,20,2,1248,62.4,64
train,4403,20,2,904,45.2,47
train,4404,20,2,840,42.0,44
train,4405,22,2,1164,52.90909090909091,56
train,4406,12,3,556,46.333333333333336,51
train,4407,20,2,712,35.6,36
train,4408,16,2,276,17.25,20
train,4409,16,2,276,17.25,20
train,4410,5,3,190,38.0,42
train,4411,10,2,584,58.4,60
train,4412,16,3,320,20.0,22
train,4413,16,3,320,20.0,22
train,4414,16,3,320,20.0,22
train,4415,16,3,280,17.5,19
train,4416,20,2,982,49.1,56
train,4417,20,2,428,21.4,22
train,4418,10,2,164,16.4,20
train,4419,15,2,754,50.266666666666666,51
train,4420,16,2,316,19.75,21
train,4421,72,2,3856,53.55555555555556,57
train,4422,18,2,906,50.333333333333336,54
train,4423,14,2,572,40.857142857142854,52
train,4424,9,3,278,30.88888888888889,34
train,4425,22,2,596,27.09090909090909,32
train,4426,22,2,428,19.454545454545453,23
train,4427,13,3,554,42.61538461538461,46
train,4428,13,3,490,37.69230769230769,39
train,4429,7,3,170,24.285714285714285,26
train,4430,9,3,222,24.666666666666668,26
train,4431,8,3,364,45.5,50
train,4432,12,2,280,23.333333333333332,28
train,4433,12,2,244,20.333333333333332,22
train,4434,80,2,1800,22.5,26
train,4435,64,2,2472,38.625,42
train,4436,72,2,4040,56.111111111111114,61
train,4437,60,2,2568,42.8,48
train,4438,27,2,1836,68.0,75
train,4439,17,3,348,20.470588235294116,26
train,4440,64,2,2408,37.625,42
train,4441,23,2,1588,69.04347826086956,74
train,4442,14,2,488,34.857142857142854,37
train,4443,22,2,964,43.81818181818182,47
train,4444,22,2,964,43.81818181818182,47
train,4445,12,3,352,29.333333333333332,32
train,4446,20,2,944,47.2,49
train,4447,60,2,3124,52.06666666666667,55
train,4448,24,2,828,34.5,37
train,4449,24,2,564,23.5,25
train,4450,64,2,2440,38.125,42
train,4451,14,2,544,38.857142857142854,44
train,4452,22,3,1140,51.81818181818182,57
train,4453,15,2,570,38.0,42
train,4454,20,2,504,25.2,26
train,4455,14,3,508,36.285714285714285,44
train,4456,24,3,1624,67.66666666666667,74
train,4457,9,3,470,52.22222222222222,58
train,4458,16,3,416,26.0,29
train,4459,7,3,236,33.714285714285715,39
train,4460,22,2,1164,52.90909090909091,56
train,4461,20,2,480,24.0,26
train,4462,16,3,320,20.0,22
train,4463,16,3,312,19.5,22
train,4464,16,2,524,32.75,35
train,4465,20,2,504,25.2,27
train,4466,20,2,994,49.7,54
train,4467,12,2,408,34.0,34
train,4468,9,3,276,30.666666666666668,32
train,4469,68,2,3752,55.1764705882353,62
train,4470,12,3,564,47.0,50
train,4471,10,2,452,45.2,48
train,4472,10,3,404,40.4,44
train,4473,20,2,1084,54.2,55
train,4474,18,2,980,54.44444444444444,56
train,4475,14,3,324,23.142857142857142,25
train,4476,12,2,788,65.66666666666667,67
train,4477,40,2,776,19.4,23
train,4478,40,2,676,16.9,20
train,4479,56,2,1576,28.142857142857142,30
train,4480,52,2,2928,56.30769230769231,62
train,4481,24,2,1188,49.5,54
train,4482,80,2,3454,43.175,53
train,4483,20,2,1104,55.2,59
train,4484,10,2,162,16.2,18
train,4485,10,2,148,14.8,17
train,4486,12,2,232,19.333333333333332,21
train,4487,22,2,488,22.181818181818183,23
train,4488,16,2,508,31.75,32
train,4489,80,2,3292,41.15,47
train,4490,10,2,700,70.0,71
train,4491,5,3,122,24.4,26
train,4492,14,2,400,28.571428571428573,32
train,4493,16,2,416,26.0,26
train,4494,6,3,102,17.0,18
train,4495,8,3,492,61.5,63
train,4496,8,3,396,49.5,50
train,4497,8,3,396,49.5,50
train,4498,12,2,304,25.333333333333332,28
train,4499,12,2,304,25.333333333333332,28
train,4500,12,2,420,35.0,37
train,4501,8,3,360,45.0,46
train,4502,7,2,224,32.0,34
train,4503,9,2,480,53.333333333333336,56
train,4504,7,2,486,69.42857142857143,72
train,4505,14,3,760,54.285714285714285,56
train,4506,8,3,196,24.5,26
train,4507,9,2,396,44.0,46
train,4508,8,2,184,23.0,24
train,4509,8,2,264,33.0,34
train,4510,8,3,400,50.0,52
train,4511,3,3,84,28.0,32
train,4512,6,2,204,34.0,36
train,4513,16,2,272,17.0,19
train,4514,8,4,944,118.0,120
train,4515,8,3,688,86.0,86
train,4516,7,4,574,82.0,84
train,4517,4,2,104,26.0,26
train,4518,16,2,860,53.75,56
train,4519,18,2,892,49.55555555555556,52
train,4520,14,3,580,41.42857142857143,42
train,4521,16,2,656,41.0,44
train,4522,7,3,180,25.714285714285715,26
train,4523,7,3,168,24.0,24
train,4524,3,3,128,42.666666666666664,44
train,4525,4,3,100,25.0,26
train,4526,4,3,100,25.0,26
train,4527,4,3,100,25.0,26
train,4528,4,3,100,25.0,26
train,4529,4,3,106,26.5,28
train,4530,4,3,128,32.0,32
train,4531,4,3,128,32.0,32
train,4532,4,3,128,32.0,32
train,4533,4,3,128,32.0,32
train,4534,4,3,104,26.0,26
train,4535,4,3,104,26.0,26
train,4536,6,3,402,67.0,74
train,4537,14,2,352,25.142857142857142,32
train,4538,14,2,352,25.142857142857142,32
train,4539,5,2,250,50.0,52
train,4540,9,2,324,36.0,38
train,4541,9,2,252,28.0,32
train,4542,9,2,276,30.666666666666668,34
train,4543,23,2,1252,54.43478260869565,68
train,4544,14,2,780,55.714285714285715,56
train,4545,14,4,692,49.42857142857143,51
train,4546,5,2,250,50.0,52
train,4547,14,2,480,34.285714285714285,44
train,4548,64,2,2488,38.875,47
train,4549,12,2,382,31.833333333333332,32
train,4550,12,3,574,47.833333333333336,56
train,4551,9,3,558,62.0,63
train,4552,12,2,500,41.666666666666664,44
train,4553,12,2,420,35.0,37
train,4554,80,2,6240,78.0,81
train,4555,16,2,664,41.5,44
train,4556,5,3,198,39.6,46
train,4557,5,3,224,44.8,47
train,4558,9,2,408,45.333333333333336,50
train,4559,12,3,508,42.333333333333336,45
train,4560,78,2,1576,20.205128205128204,24
train,4561,14,2,688,49.142857142857146,50
train,4562,5,3,122,24.4,26
train,4563,5,3,154,30.8,38
train,4564,5,3,154,30.8,38
train,4565,5,3,170,34.0,38
train,4566,11,3,484,44.0,47
train,4567,12,3,512,42.666666666666664,46
train,4568,48,2,2276,47.416666666666664,51
train,4569,16,3,380,23.75,27
train,4570,16,3,396,24.75,29
train,4571,18,2,412,22.88888888888889,28
train,4572,23,2,1170,50.869565217391305,53
train,4573,20,2,1000,50.0,52
train,4574,48,2,2484,51.75,55
train,4575,16,2,400,25.0,28
train,4576,17,2,868,51.05882352941177,62
train,4577,22,2,508,23.09090909090909,27
train,4578,22,2,484,22.0,25
train,4579,12,3,314,26.166666666666668,29
train,4580,6,2,144,24.0,30
train,4581,3,3,112,37.333333333333336,44
train,4582,12,2,216,18.0,20
train,4583,6,3,192,32.0,32
train,4584,5,3,182,36.4,38
train,4585,5,3,182,36.4,38
train,4586,5,3,182,36.4,38
train,4587,6,3,192,32.0,32
train,4588,12,2,296,24.666666666666668,26
train,4589,14,2,376,26.857142857142858,32
train,4590,4,3,104,26.0,26
train,4591,4,3,104,26.0,26
train,4592,17,2,892,52.470588235294116,56
train,4593,6,3,150,25.0,30
train,4594,22,2,1152,52.36363636363637,58
train,4595,22,2,1184,53.81818181818182,62
train,4596,5,2,250,50.0,52
train,4597,5,2,310,62.0,64
train,4598,20,2,1020,51.0,54
train,4599,5,2,154,30.8,44
train,4600,3,3,96,32.0,32
train,4601,9,3,420,46.666666666666664,50
train,4602,3,3,112,37.333333333333336,44
train,4603,3,3,112,37.333333333333336,44
train,4604,8,2,108,13.5,15
train,4605,4,3,232,58.0,58
train,4606,3,3,96,32.0,32
train,4607,3,3,112,37.333333333333336,44
train,4608,6,2,192,32.0,32
train,4609,3,3,112,37.333333333333336,44
train,4610,5,2,310,62.0,64
train,4611,14,2,456,32.57142857142857,36
train,4612,4,3,200,50.0,50
train,4613,4,3,116,29.0,31
train,4614,3,3,128,42.666666666666664,44
train,4615,12,2,624,52.0,53
train,4616,3,3,128,42.666666666666664,44
train,4617,6,3,152,25.333333333333332,30
train,4618,6,3,204,34.0,34
train,4619,6,2,192,32.0,32
train,4620,6,2,188,31.333333333333332,33
train,4621,22,2,1052,47.81818181818182,50
train,4622,44,2,2380,54.09090909090909,56
train,4623,16,3,352,22.0,24
train,4624,18,2,412,22.88888888888889,28
train,4625,18,2,412,22.88888888888889,28
train,4626,5,3,182,36.4,38
train,4627,4,3,106,26.5,28
train,4628,6,2,264,44.0,44
train,4629,6,3,312,52.0,56
train,4630,12,2,414,34.5,36
train,4631,22,2,1032,46.90909090909091,50
train,4632,8,3,324,40.5,43
train,4633,4,3,232,58.0,58
train,4634,4,3,232,58.0,58
train,4635,4,3,232,58.0,58
train,4636,4,3,200,50.0,50
train,4637,12,2,280,23.333333333333332,26
train,4638,8,3,324,40.5,43
train,4639,16,2,520,32.5,34
train,4640,8,2,492,61.5,62
train,4641,8,3,292,36.5,39
train,4642,8,3,352,44.0,51
train,4643,6,3,312,52.0,56
train,4644,5,4,290,58.0,58
train,4645,3,3,128,42.666666666666664,44
train,4646,4,3,232,58.0,58
train,4647,17,2,796,46.8235294117647,50
train,4648,8,2,312,39.0,40
train,4649,16,3,396,24.75,29
train,4650,16,3,396,24.75,29
train,4651,8,3,224,28.0,28
train,4652,8,3,224,28.0,28
train,4653,8,3,224,28.0,28
train,4654,12,3,768,64.0,67
train,4655,20,2,976,48.8,51
train,4656,40,2,2008,50.2,52
train,4657,8,4,540,67.5,74
train,4658,9,2,252,28.0,32
train,4659,58,2,2668,46.0,52
train,4660,48,2,2036,42.416666666666664,44
train,4661,13,2,684,52.61538461538461,53
train,4662,2,3,100,50.0,50
train,4663,2,4,160,80.0,80
train,4664,2,3,52,26.0,26
train,4665,3,3,96,32.0,32
train,4666,9,2,396,44.0,46
train,4667,6,3,144,24.0,26
train,4668,8,2,224,28.0,30
train,4669,9,2,210,23.333333333333332,29
train,4670,9,2,252,28.0,32
train,4671,6,3,180,30.0,35
train,4672,6,3,204,34.0,38
train,4673,7,3,192,27.428571428571427,34
train,4674,4,3,84,21.0,24
train,4675,8,3,160,20.0,24
train,4676,36,2,1816,50.44444444444444,55
train,4677,44,2,2628,59.72727272727273,63
train,4678,28,2,584,20.857142857142858,25
train,4679,46,2,2312,50.26086956521739,68
train,4680,28,2,1576,56.285714285714285,60
train,4681,22,2,936,42.54545454545455,46
train,4682,35,2,1874,53.542857142857144,57
train,4683,26,2,1384,53.23076923076923,55
train,4684,24,2,1368,57.0,62
train,4685,32,2,688,21.5,24
train,4686,36,2,952,26.444444444444443,31
train,4687,24,2,456,19.0,21
train,4688,24,2,1016,42.333333333333336,45
train,4689,22,3,608,27.636363636363637,30
train,4690,28,2,1328,47.42857142857143,54
train,4691,24,2,400,16.666666666666668,19
train,4692,24,2,400,16.666666666666668,19
train,4693,28,2,1360,48.57142857142857,51
train,4694,36,2,1564,43.44444444444444,47
train,4695,28,2,1288,46.0,48
train,4696,28,2,1280,45.714285714285715,51
train,4697,40,2,2172,54.3,61
train,4698,30,2,740,24.666666666666668,26
train,4699,36,2,1584,44.0,51
train,4700,38,2,1756,46.21052631578947,48
train,4701,36,2,1848,51.333333333333336,54
train,4702,28,2,696,24.857142857142858,28
train,4703,30,2,1452,48.4,52
train,4704,36,2,668,18.555555555555557,20
train,4705,24,2,892,37.166666666666664,40
train,4706,31,2,1366,44.064516129032256,49
train,4707,24,2,992,41.333333333333336,45
train,4708,36,2,1340,37.22222222222222,40
train,4709,24,2,768,32.0,34
train,4710,28,2,816,29.142857142857142,33
train,4711,28,2,584,20.857142857142858,24
train,4712,32,2,920,28.75,33
train,4713,24,2,456,19.0,21
train,4714,32,2,1756,54.875,59
train,4715,36,2,1880,52.22222222222222,54
train,4716,28,2,1064,38.0,40
train,4717,32,2,1384,43.25,46
train,4718,36,2,1664,46.22222222222222,51
train,4719,28,2,600,21.428571428571427,25
train,4720,28,2,664,23.714285714285715,26
train,4721,44,2,2088,47.45454545454545,53
train,4722,36,2,1984,55.111111111111114,58
train,4723,39,2,1936,49.64102564102564,53
train,4724,16,2,316,19.75,25
train,4725,22,2,1068,48.54545454545455,56
train,4726,28,2,372,13.285714285714286,14
train,4727,24,2,1128,47.0,49
train,4728,36,2,1480,41.111111111111114,45
train,4729,36,2,1216,33.77777777777778,35
train,4730,36,2,1544,42.888888888888886,46
train,4731,28,2,736,26.285714285714285,28
train,4732,32,2,568,17.75,20
train,4733,24,2,504,21.0,23
train,4734,36,2,1888,52.44444444444444,55
train,4735,22,2,800,36.36363636363637,39
train,4736,32,2,1612,50.375,54
train,4737,24,2,528,22.0,23
train,4738,20,2,816,40.8,41
train,4739,32,2,2016,63.0,67
train,4740,28,2,712,25.428571428571427,28
train,4741,28,2,1212,43.285714285714285,50
train,4742,10,3,332,33.2,44
train,4743,18,2,384,21.333333333333332,24
train,4744,18,3,596,33.111111111111114,38
train,4745,28,2,1436,51.285714285714285,55
train,4746,24,2,540,22.5,26
train,4747,24,2,660,27.5,35
train,4748,24,2,1344,56.0,59
train,4749,28,2,896,32.0,36
train,4750,24,2,582,24.25,26
train,4751,20,2,956,47.8,51
train,4752,28,2,552,19.714285714285715,23
train,4753,32,3,2000,62.5,67
train,4754,28,2,512,18.285714285714285,21
train,4755,27,2,1476,54.666666666666664,57
train,4756,35,2,1796,51.31428571428572,55
train,4757,36,2,1664,46.22222222222222,51
train,4758,20,2,480,24.0,26
train,4759,22,3,680,30.90909090909091,34
train,4760,36,2,1584,44.0,48
train,4761,28,3,1380,49.285714285714285,53
train,4762,22,2,888,40.36363636363637,46
train,4763,28,3,1224,43.714285714285715,46
train,4764,24,2,1026,42.75,45
train,4765,24,2,552,23.0,26
train,4766,24,2,1084,45.166666666666664,48
train,4767,28,2,1304,46.57142857142857,48
train,4768,24,2,768,32.0,34
train,4769,16,2,236,14.75,20
train,4770,44,2,2312,52.54545454545455,55
train,4771,28,3,1072,38.285714285714285,39
train,4772,36,2,1632,45.333333333333336,49
train,4773,36,2,1968,54.666666666666664,58
train,4774,40,2,1848,46.2,52
train,4775,32,2,1352,42.25,45
train,4776,27,2,1368,50.666666666666664,52
train,4777,36,2,1632,45.333333333333336,49
train,4778,30,2,1360,45.333333333333336,47
train,4779,44,2,2212,50.27272727272727,53
train,4780,24,2,792,33.0,37
train,4781,28,2,1384,49.42857142857143,52
train,4782,22,2,1060,48.18181818181818,51
train,4783,38,3,864,22.736842105263158,26
train,4784,41,2,2066,50.390243902439025,58
train,4785,24,2,908,37.833333333333336,42
train,4786,28,2,1248,44.57142857142857,48
train,4787,26,2,1588,61.07692307692308,65
train,4788,30,2,1548,51.6,55
train,4789,26,2,672,25.846153846153847,28
train,4790,28,2,1296,46.285714285714285,49
train,4791,32,2,1780,55.625,60
train,4792,32,2,600,18.75,22
train,4793,36,2,680,18.88888888888889,21
train,4794,36,2,1740,48.333333333333336,51
train,4795,28,2,840,30.0,35
train,4796,24,2,776,32.333333333333336,37
train,4797,32,2,1536,48.0,52
train,4798,36,2,1872,52.0,54
train,4799,32,2,832,26.0,30
train,4800,36,2,1912,53.111111111111114,56
train,4801,14,2,756,54.0,56
train,4802,40,2,2392,59.8,65
train,4803,32,2,1064,33.25,39
train,4804,35,3,1762,50.34285714285714,55
train,4805,28,2,792,28.285714285714285,31
train,4806,24,2,808,33.666666666666664,37
train,4807,24,2,1064,44.333333333333336,48
train,4808,22,2,328,14.909090909090908,16
train,4809,24,2,1176,49.0,54
train,4810,28,2,1256,44.857142857142854,53
train,4811,32,2,1696,53.0,56
train,4812,36,2,1840,51.111111111111114,54
train,4813,36,2,2320,64.44444444444444,69
train,4814,24,2,1216,50.666666666666664,53
train,4815,24,2,960,40.0,46
train,4816,24,2,896,37.333333333333336,40
train,4817,32,2,544,17.0,19
train,4818,32,2,1608,50.25,54
train,4819,24,2,1132,47.166666666666664,52
train,4820,24,2,708,29.5,32
train,4821,36,2,2160,60.0,65
train,4822,32,2,1296,40.5,47
train,4823,24,2,546,22.75,25
train,4824,36,2,2192,60.888888888888886,66
train,4825,28,2,1440,51.42857142857143,53
train,4826,28,2,1336,47.714285714285715,50
train,4827,28,2,480,17.142857142857142,19
train,4828,22,2,556,25.272727272727273,30
train,4829,30,2,1812,60.4,62
train,4830,32,2,504,15.75,18
train,4831,32,2,1348,42.125,46
train,4832,28,2,1336,47.714285714285715,52
train,4833,22,2,1028,46.72727272727273,49
train,4834,16,2,268,16.75,20
train,4835,28,2,1160,41.42857142857143,46
train,4836,32,2,1360,42.5,47
train,4837,36,2,832,23.11111111111111,27
train,4838,36,2,1872,52.0,54
train,4839,28,2,1416,50.57142857142857,52
train,4840,24,2,736,30.666666666666668,32
train,4841,30,2,1524,50.8,56
train,4842,28,2,918,32.785714285714285,37
train,4843,36,2,672,18.666666666666668,22
train,4844,40,2,1992,49.8,53
train,4845,28,2,632,22.571428571428573,27
train,4846,18,2,856,47.55555555555556,49
train,4847,28,2,672,24.0,28
train,4848,24,2,912,38.0,40
train,4849,28,2,464,16.571428571428573,17
train,4850,32,2,1504,47.0,51
train,4851,24,2,1192,49.666666666666664,55
train,4852,44,2,2308,52.45454545454545,56
train,4853,20,2,688,34.4,38
train,4854,22,3,664,30.181818181818183,34
train,4855,27,2,1500,55.55555555555556,58
train,4856,24,2,666,27.75,32
train,4857,24,2,624,26.0,28
train,4858,38,2,1756,46.21052631578947,48
train,4859,22,2,1068,48.54545454545455,56
train,4860,22,2,776,35.27272727272727,38
train,4861,28,2,1304,46.57142857142857,51
train,4862,52,2,2524,48.53846153846154,55
train,4863,28,2,608,21.714285714285715,24
train,4864,30,2,904,30.133333333333333,34
train,4865,24,2,840,35.0,37
train,4866,28,3,1792,64.0,70
train,4867,24,2,616,25.666666666666668,28
train,4868,28,2,1448,51.714285714285715,56
train,4869,26,3,728,28.0,34
train,4870,28,2,1308,46.714285714285715,52
train,4871,24,2,1016,42.333333333333336,45
train,4872,24,2,1156,48.166666666666664,51
train,4873,28,3,1312,46.857142857142854,49
train,4874,32,2,1672,52.25,56
train,4875,36,2,2020,56.111111111111114,65
train,4876,42,2,2118,50.42857142857143,54
train,4877,32,2,1344,42.0,47
train,4878,24,2,464,19.333333333333332,22
train,4879,27,2,1566,58.0,62
train,4880,24,2,648,27.0,30
train,4881,36,2,1728,48.0,51
train,4882,28,2,1096,39.142857142857146,42
train,4883,30,2,740,24.666666666666668,26
train,4884,24,2,472,19.666666666666668,22
train,4885,50,3,3572,71.44,75
train,4886,32,2,1648,51.5,55
train,4887,24,2,576,24.0,29
train,4888,24,2,772,32.166666666666664,37
train,4889,42,2,1998,47.57142857142857,51
train,4890,40,2,2612,65.3,69
train,4891,19,2,644,33.89473684210526,44
train,4892,22,2,544,24.727272727272727,29
train,4893,28,2,824,29.428571428571427,31
train,4894,28,2,868,31.0,34
train,4895,28,2,1324,47.285714285714285,52
train,4896,22,2,584,26.545454545454547,31
train,4897,36,2,1732,48.111111111111114,50
train,4898,32,2,1520,47.5,52
train,4899,30,2,1004,33.46666666666667,37
train,4900,36,2,2040,56.666666666666664,60
train,4901,22,2,548,24.90909090909091,30
train,4902,18,3,480,26.666666666666668,28
train,4903,24,2,1108,46.166666666666664,51
train,4904,36,2,1700,47.22222222222222,53
train,4905,28,3,1208,43.142857142857146,46
train,4906,40,2,1976,49.4,56
train,4907,28,2,1264,45.142857142857146,51
train,4908,40,2,2344,58.6,68
train,4909,28,2,568,20.285714285714285,23
train,4910,30,2,1316,43.86666666666667,48
train,4911,24,2,540,22.5,26
train,4912,24,2,512,21.333333333333332,25
train,4913,28,2,894,31.928571428571427,35
train,4914,30,2,904,30.133333333333333,33
train,4915,44,2,2076,47.18181818181818,50
train,4916,28,2,824,29.428571428571427,33
train,4917,28,2,1336,47.714285714285715,49
train,4918,40,2,4248,106.2,108
train,4919,24,2,456,19.0,22
train,4920,24,2,536,22.333333333333332,26
train,4921,32,2,1664,52.0,55
train,4922,28,2,476,17.0,19
train,4923,34,2,726,21.352941176470587,26
train,4924,44,2,2408,54.72727272727273,58
train,4925,36,2,1552,43.111111111111114,48
train,4926,28,2,636,22.714285714285715,24
train,4927,36,2,1760,48.888888888888886,52
train,4928,30,2,1192,39.733333333333334,43
train,4929,24,2,1268,52.833333333333336,56
train,4930,24,2,376,15.666666666666666,18
train,4931,24,2,880,36.666666666666664,40
train,4932,28,2,1518,54.214285714285715,56
train,4933,36,2,1576,43.77777777777778,46
train,4934,28,2,1212,43.285714285714285,46
train,4935,36,2,1056,29.333333333333332,32
train,4936,32,2,1392,43.5,49
train,4937,32,2,1312,41.0,43
train,4938,24,2,960,40.0,46
train,4939,24,2,1252,52.166666666666664,54
train,4940,22,2,428,19.454545454545453,23
train,4941,30,2,1072,35.733333333333334,41
train,4942,22,2,1028,46.72727272727273,49
train,4943,20,2,464,23.2,26
train,4944,28,2,1412,50.42857142857143,53
train,4945,36,2,696,19.333333333333332,22
train,4946,36,2,1536,42.666666666666664,47
train,4947,28,2,1472,52.57142857142857,55
train,4948,28,2,1316,47.0,51
train,4949,24,2,1296,54.0,56
train,4950,24,2,480,20.0,22
train,4951,36,2,688,19.11111111111111,21
train,4952,22,3,680,30.90909090909091,34
train,4953,36,2,1548,43.0,46
train,4954,36,2,920,25.555555555555557,28
train,4955,26,2,1560,60.0,64
train,4956,24,2,684,28.5,30
train,4957,28,2,1152,41.142857142857146,45
train,4958,32,2,1536,48.0,52
train,4959,24,2,520,21.666666666666668,25
train,4960,24,2,1132,47.166666666666664,52
train,4961,24,2,1070,44.583333333333336,53
train,4962,28,2,576,20.571428571428573,24
train,4963,30,2,1374,45.8,49
train,4964,21,2,1084,51.61904761904762,55
train,4965,28,2,752,26.857142857142858,30
train,4966,22,2,1028,46.72727272727273,49
train,4967,22,2,1028,46.72727272727273,49
train,4968,28,2,576,20.571428571428573,25
train,4969,28,2,600,21.428571428571427,28
train,4970,36,2,1828,50.77777777777778,55
train,4971,26,2,624,24.0,27
train,4972,40,2,2336,58.4,60
train,4973,24,2,696,29.0,32
train,4974,22,2,1028,46.72727272727273,49
train,4975,22,3,548,24.90909090909091,26
train,4976,36,2,1860,51.666666666666664,56
train,4977,11,2,662,60.18181818181818,63
train,4978,6,3,438,73.0,74
train,4979,14,2,594,42.42857142857143,45
train,4980,12,2,428,35.666666666666664,38
train,4981,12,3,648,54.0,56
train,4982,11,2,534,48.54545454545455,56
train,4983,8,2,220,27.5,29
train,4984,14,3,880,62.857142857142854,64
train,4985,14,2,642,45.857142857142854,49
train,4986,10,2,444,44.4,46
train,4987,10,4,576,57.6,60
train,4988,18,2,784,43.55555555555556,47
train,4989,16,2,864,54.0,58
train,4990,14,2,736,52.57142857142857,55
train,4991,14,2,502,35.857142857142854,38
train,4992,12,2,584,48.666666666666664,52
train,4993,9,3,262,29.11111111111111,32
train,4994,4,4,320,80.0,80
train,4995,11,2,572,52.0,54
train,4996,18,2,1100,61.111111111111114,66
train,4997,12,3,568,47.333333333333336,54
train,4998,10,3,644,64.4,68
train,4999,20,2,864,43.2,45
train,5000,12,3,648,54.0,56
train,5001,10,2,500,50.0,52
train,5002,32,2,1416,44.25,48
train,5003,12,2,452,37.666666666666664,39
train,5004,10,2,500,50.0,52
train,5005,14,2,688,49.142857142857146,50
train,5006,18,2,1180,65.55555555555556,72
train,5007,12,3,568,47.333333333333336,54
train,5008,28,2,1328,47.42857142857143,50
train,5009,12,2,752,62.666666666666664,66
train,5010,12,3,544,45.333333333333336,54
train,5011,12,3,728,60.666666666666664,62
train,5012,10,2,500,50.0,52
train,5013,12,3,824,68.66666666666667,74
train,5014,14,2,518,37.0,38
train,5015,12,2,752,62.666666666666664,66
train,5016,4,4,320,80.0,80
train,5017,8,2,328,41.0,44
train,5018,14,2,620,44.285714285714285,50
train,5019,12,3,616,51.333333333333336,54
train,5020,12,3,648,54.0,56
train,5021,10,2,500,50.0,52
train,5022,10,2,480,48.0,50
train,5023,10,3,622,62.2,67
train,5024,38,2,1724,45.36842105263158,48
train,5025,10,2,500,50.0,52
train,5026,10,2,500,50.0,52
train,5027,12,3,972,81.0,82
train,5028,14,2,844,60.285714285714285,62
train,5029,12,2,792,66.0,69
train,5030,13,4,774,59.53846153846154,70
train,5031,20,2,792,39.6,42
train,5032,12,3,456,38.0,40
train,5033,16,3,788,49.25,55
train,5034,12,3,648,54.0,56
train,5035,4,4,222,55.5,59
train,5036,12,3,648,54.0,56
train,5037,10,2,416,41.6,44
train,5038,2,4,160,80.0,80
train,5039,2,3,160,80.0,80
train,5040,10,3,764,76.4,78
train,5041,7,4,360,51.42857142857143,55
train,5042,16,2,652,40.75,41
train,5043,12,2,752,62.666666666666664,66
train,5044,20,2,944,47.2,49
train,5045,12,2,696,58.0,60
train,5046,12,3,648,54.0,56
train,5047,12,3,584,48.666666666666664,54
train,5048,12,2,592,49.333333333333336,54
train,5049,12,3,648,54.0,56
train,5050,26,2,1600,61.53846153846154,66
train,5051,11,2,646,58.72727272727273,60
train,5052,10,3,764,76.4,78
train,5053,14,2,596,42.57142857142857,44
train,5054,4,4,308,77.0,78
train,5055,10,2,456,45.6,50
train,5056,12,3,536,44.666666666666664,46
train,5057,12,3,568,47.333333333333336,54
train,5058,14,2,624,44.57142857142857,47
train,5059,6,3,436,72.66666666666667,74
train,5060,8,4,540,67.5,74
train,5061,10,3,500,50.0,52
train,5062,14,3,328,23.428571428571427,29
train,5063,12,3,568,47.333333333333336,54
train,5064,12,3,616,51.333333333333336,54
train,5065,14,2,618,44.142857142857146,47
train,5066,20,2,840,42.0,46
train,5067,16,3,680,42.5,50
train,5068,12,3,680,56.666666666666664,59
train,5069,27,2,1220,45.18518518518518,72
train,5070,14,2,928,66.28571428571429,70
train,5071,10,2,500,50.0,52
train,5072,8,4,444,55.5,59
train,5073,14,2,688,49.142857142857146,50
train,5074,5,2,250,50.0,52
train,5075,20,2,1120,56.0,59
train,5076,4,4,320,80.0,80
train,5077,14,2,482,34.42857142857143,38
train,5078,12,2,476,39.666666666666664,41
train,5079,4,4,284,71.0,74
train,5080,12,2,640,53.333333333333336,58
train,5081,13,2,570,43.84615384615385,47
train,5082,7,3,374,53.42857142857143,58
train,5083,12,2,552,46.0,48
train,5084,13,2,640,49.23076923076923,52
train,5085,12,2,656,54.666666666666664,57
train,5086,4,2,204,51.0,52
train,5087,12,4,708,59.0,60
train,5088,12,2,816,68.0,72
train,5089,10,3,716,71.6,75
train,5090,14,2,570,40.714285714285715,44
train,5091,13,2,702,54.0,56
train,5092,8,2,392,49.0,52
train,5093,16,2,512,32.0,34
train,5094,14,2,752,53.714285714285715,57
train,5095,6,3,132,22.0,23
train,5096,8,2,160,20.0,20
train,5097,2,3,36,18.0,18
train,5098,8,3,240,30.0,30
train,5099,8,3,372,46.5,50
train,5100,8,3,408,51.0,52
train,5101,4,3,212,53.0,54
train,5102,2,3,44,22.0,22
train,5103,7,2,224,32.0,34
train,5104,5,2,76,15.2,20
train,5105,5,2,76,15.2,20
train,5106,4,2,72,18.0,18
train,5107,4,2,72,18.0,18
train,5108,12,2,504,42.0,43
train,5109,6,3,272,45.333333333333336,46
train,5110,5,3,198,39.6,46
train,5111,5,2,154,30.8,44
train,5112,5,2,76,15.2,20
train,5113,22,2,1452,66.0,86
train,5114,8,2,312,39.0,46
train,5115,10,3,664,66.4,70
train,5116,9,2,454,50.44444444444444,54
train,5117,8,2,200,25.0,25
train,5118,8,2,370,46.25,56
train,5119,12,2,480,40.0,40
train,5120,6,3,232,38.666666666666664,40
train,5121,5,2,154,30.8,44
train,5122,8,4,540,67.5,74
train,5123,5,3,182,36.4,38
train,5124,2,3,112,56.0,56
train,5125,8,3,224,28.0,28
train,5126,5,2,76,15.2,20
train,5127,4,3,232,58.0,58
train,5128,8,2,132,16.5,19
train,5129,6,2,96,16.0,17
train,5130,4,3,144,36.0,40
train,5131,6,2,208,34.666666666666664,36
train,5132,5,2,136,27.2,30
train,5133,12,2,320,26.666666666666668,30
train,5134,2,3,52,26.0,26
train,5135,4,3,216,54.0,54
train,5136,6,2,192,32.0,32
train,5137,6,2,258,43.0,44
train,5138,4,3,232,58.0,58
train,5139,5,2,154,30.8,44
train,5140,10,3,252,25.2,30
train,5141,3,3,64,21.333333333333332,22
train,5142,20,2,1008,50.4,52
train,5143,6,2,176,29.333333333333332,30
train,5144,5,2,154,30.8,44
train,5145,8,2,288,36.0,38
train,5146,13,2,572,44.0,47
train,5147,10,3,460,46.0,49
train,5148,5,3,124,24.8,26
train,5149,7,2,192,27.428571428571427,38
train,5150,10,3,324,32.4,39
train,5151,18,2,404,22.444444444444443,25
train,5152,6,2,188,31.333333333333332,36
train,5153,4,2,72,18.0,18
train,5154,4,2,112,28.0,30
train,5155,24,2,1260,52.5,55
train,5156,4,3,232,58.0,58
train,5157,28,2,648,23.142857142857142,25
train,5158,8,3,376,47.0,48
train,5159,28,2,736,26.285714285714285,28
train,5160,4,3,104,26.0,26
train,5161,5,2,250,50.0,52
train,5162,14,2,564,40.285714285714285,47
train,5163,24,2,1272,53.0,56
train,5164,6,2,208,34.666666666666664,36
train,5165,3,3,112,37.333333333333336,44
train,5166,4,3,232,58.0,58
train,5167,20,2,856,42.8,44
train,5168,12,2,496,41.333333333333336,44
train,5169,28,3,2116,75.57142857142857,79
train,5170,5,2,210,42.0,48
train,5171,19,2,756,39.78947368421053,48
train,5172,36,2,1776,49.333333333333336,54
train,5173,6,3,216,36.0,38
train,5174,20,2,1020,51.0,54
train,5175,2,3,56,28.0,28
train,5176,9,3,456,50.666666666666664,54
train,5177,22,2,1154,52.45454545454545,62
train,5178,6,3,140,23.333333333333332,25
train,5179,2,2,28,14.0,14
train,5180,6,3,144,24.0,26
train,5181,6,3,348,58.0,60
train,5182,4,3,148,37.0,38
train,5183,2,3,36,18.0,18
train,5184,8,3,204,25.5,26
train,5185,6,2,272,45.333333333333336,46
train,5186,8,2,250,31.25,32
train,5187,10,2,500,50.0,52
train,5188,9,3,360,40.0,44
train,5189,3,3,96,32.0,32
train,5190,12,2,648,54.0,56
train,5191,20,2,888,44.4,46
train,5192,20,2,1008,50.4,53
train,5193,11,2,472,42.90909090909091,45
train,5194,10,2,352,35.2,39
train,5195,18,2,794,44.111111111111114,49
train,5196,10,3,380,38.0,39
train,5197,5,2,250,50.0,52
train,5198,7,3,316,45.142857142857146,47
train,5199,19,2,1026,54.0,55
train,5200,9,2,276,30.666666666666668,34
train,5201,12,2,512,42.666666666666664,44
train,5202,12,2,448,37.333333333333336,41
train,5203,6,2,308,51.333333333333336,56
train,5204,2,3,116,58.0,58
train,5205,4,3,116,29.0,31
train,5206,6,2,180,30.0,32
train,5207,2,3,48,24.0,24
train,5208,3,2,76,25.333333333333332,26
train,5209,5,3,182,36.4,38
train,5210,4,3,216,54.0,54
train,5211,4,3,232,58.0,58
train,5212,3,3,146,48.666666666666664,50
train,5213,4,3,122,30.5,32
train,5214,5,2,154,30.8,44
train,5215,5,3,182,36.4,38
train,5216,4,2,72,18.0,18
train,5217,5,2,310,62.0,64
train,5218,3,3,128,42.666666666666664,44
train,5219,8,3,224,28.0,28
train,5220,12,3,276,23.0,26
train,5221,20,2,1016,50.8,52
train,5222,3,3,146,48.666666666666664,50
train,5223,8,4,540,67.5,74
train,5224,4,2,72,18.0,18
train,5225,10,3,344,34.4,37
train,5226,4,2,168,42.0,42
train,5227,6,2,248,41.333333333333336,42
train,5228,4,3,232,58.0,58
train,5229,5,2,76,15.2,20
train,5230,24,2,1344,56.0,59
train,5231,6,2,208,34.666666666666664,36
train,5232,4,2,72,18.0,18
train,5233,6,3,324,54.0,58
train,5234,5,3,182,36.4,38
train,5235,17,2,808,47.529411764705884,50
train,5236,6,2,136,22.666666666666668,26
train,5237,20,2,480,24.0,26
train,5238,6,2,232,38.666666666666664,42
train,5239,22,2,1232,56.0,62
train,5240,12,2,236,19.666666666666668,24
train,5241,5,3,182,36.4,38
train,5242,7,3,180,25.714285714285715,26
train,5243,5,3,182,36.4,38
train,5244,4,3,200,50.0,50
train,5245,5,2,154,30.8,44
train,5246,3,3,64,21.333333333333332,22
train,5247,4,3,102,25.5,26
train,5248,10,2,296,29.6,35
train,5249,16,2,1036,64.75,70
train,5250,4,3,110,27.5,29
train,5251,5,3,182,36.4,38
train,5252,2,2,52,26.0,26
train,5253,6,3,440,73.33333333333333,78
train,5254,2,3,56,28.0,28
train,5255,16,2,416,26.0,26
train,5256,9,2,276,30.666666666666668,34
train,5257,8,2,132,16.5,19
train,5258,5,2,250,50.0,52
train,5259,8,3,348,43.5,47
train,5260,16,2,400,25.0,28
train,5261,12,3,600,50.0,51
train,5262,4,2,72,18.0,18
train,5263,5,2,238,47.6,50
train,5264,6,2,270,45.0,50
train,5265,5,3,182,36.4,38
train,5266,8,3,332,41.5,43
train,5267,4,3,216,54.0,54
train,5268,6,3,280,46.666666666666664,52
train,5269,2,3,56,28.0,28
train,5270,11,3,450,40.90909090909091,46
train,5271,5,3,122,24.4,26
train,5272,4,3,104,26.0,26
train,5273,5,2,310,62.0,64
train,5274,4,3,232,58.0,58
train,5275,4,2,168,42.0,42
train,5276,4,2,72,18.0,18
train,5277,4,3,76,19.0,20
train,5278,2,2,28,14.0,14
train,5279,5,2,106,21.2,26
train,5280,5,2,76,15.2,20
train,5281,4,2,104,26.0,26
train,5282,9,2,252,28.0,32
train,5283,16,2,690,43.125,52
train,5284,14,2,240,17.142857142857142,20
train,5285,8,3,376,47.0,50
train,5286,19,2,942,49.578947368421055,53
train,5287,8,2,164,20.5,22
train,5288,2,3,92,46.0,46
train,5289,14,3,328,23.428571428571427,30
train,5290,4,2,168,42.0,42
train,5291,6,3,272,45.333333333333336,46
train,5292,6,3,348,58.0,58
train,5293,5,2,310,62.0,64
train,5294,5,2,250,50.0,52
train,5295,9,2,252,28.0,32
train,5296,10,2,212,21.2,22
train,5297,3,3,128,42.666666666666664,44
train,5298,2,3,52,26.0,26
train,5299,8,2,424,53.0,56
train,5300,10,3,468,46.8,48
train,5301,8,2,312,39.0,40
train,5302,12,2,492,41.0,42
train,5303,4,2,72,18.0,18
train,5304,6,2,208,34.666666666666664,36
train,5305,4,3,200,50.0,50
train,5306,1,3,18,18.0,18
train,5307,8,3,172,21.5,23
train,5308,20,2,920,46.0,48
train,5309,4,3,104,26.0,26
train,5310,14,2,376,26.857142857142858,32
train,5311,2,3,44,22.0,22
train,5312,12,2,720,60.0,62
train,5313,14,2,692,49.42857142857143,52
train,5314,8,3,192,24.0,28
train,5315,20,2,872,43.6,48
train,5316,15,2,472,31.466666666666665,33
train,5317,4,2,168,42.0,42
train,5318,4,3,112,28.0,32
train,5319,4,3,200,50.0,50
train,5320,9,2,246,27.333333333333332,32
train,5321,3,3,128,42.666666666666664,44
train,5322,4,2,68,17.0,17
train,5323,9,2,210,23.333333333333332,29
train,5324,4,2,72,18.0,18
train,5325,5,3,178,35.6,38
train,5326,5,2,76,15.2,20
train,5327,8,2,272,34.0,34
train,5328,18,3,736,40.888888888888886,44
train,5329,4,2,68,17.0,17
train,5330,5,3,170,34.0,38
train,5331,4,2,72,18.0,18
train,5332,4,3,232,58.0,58
train,5333,6,3,144,24.0,26
train,5334,9,2,210,23.333333333333332,29
train,5335,4,2,56,14.0,14
train,5336,2,2,28,14.0,14
train,5337,6,3,160,26.666666666666668,30
train,5338,4,2,72,18.0,18
train,5339,5,3,198,39.6,46
train,5340,6,2,132,22.0,23
train,5341,6,2,208,34.666666666666664,36
train,5342,10,2,500,50.0,52
train,5343,4,3,140,35.0,44
train,5344,6,2,208,34.666666666666664,36
train,5345,4,3,104,26.0,26
train,5346,10,2,492,49.2,52
train,5347,3,3,96,32.0,32
train,5348,7,2,192,27.428571428571427,38
train,5349,5,3,178,35.6,38
train,5350,10,2,244,24.4,30
train,5351,5,3,182,36.4,38
train,5352,16,2,768,48.0,54
train,5353,6,2,192,32.0,32
train,5354,6,2,232,38.666666666666664,40
train,5355,8,3,228,28.5,31
train,5356,10,2,384,38.4,39
train,5357,5,2,76,15.2,20
train,5358,8,2,508,63.5,64
train,5359,6,2,132,22.0,23
train,5360,6,2,224,37.333333333333336,42
train,5361,16,2,800,50.0,53
train,5362,14,2,460,32.857142857142854,36
train,5363,4,2,168,42.0,42
train,5364,7,2,308,44.0,46
train,5365,10,2,308,30.8,44
train,5366,6,3,192,32.0,36
train,5367,10,2,440,44.0,47
train,5368,6,2,156,26.0,33
train,5369,5,3,176,35.2,38
train,5370,3,3,64,21.333333333333332,22
train,5371,9,2,438,48.666666666666664,56
train,5372,4,2,72,18.0,18
train,5373,4,3,232,58.0,58
train,5374,7,3,168,24.0,24
train,5375,4,2,72,18.0,18
train,5376,16,2,276,17.25,19
train,5377,8,3,232,29.0,32
train,5378,2,3,36,18.0,18
train,5379,5,2,76,15.2,20
train,5380,8,3,440,55.0,57
train,5381,8,3,216,27.0,32
train,5382,6,2,272,45.333333333333336,46
train,5383,6,3,192,32.0,32
train,5384,28,3,784,28.0,31
train,5385,3,3,128,42.666666666666664,44
train,5386,5,3,238,47.6,54
train,5387,8,3,224,28.0,28
train,5388,4,2,72,18.0,18
train,5389,8,3,704,88.0,89
train,5390,6,3,144,24.0,24
train,5391,6,2,148,24.666666666666668,29
train,5392,12,3,504,42.0,46
train,5393,2,3,112,56.0,56
train,5394,10,2,716,71.6,73
train,5395,12,2,384,32.0,32
train,5396,36,2,1944,54.0,56
train,5397,4,2,168,42.0,42
train,5398,6,2,208,34.666666666666664,36
train,5399,4,2,168,42.0,42
train,5400,7,3,168,24.0,24
train,5401,4,3,232,58.0,58
train,5402,10,2,500,50.0,52
train,5403,6,2,208,34.666666666666664,36
train,5404,22,2,1164,52.90909090909091,56
train,5405,2,2,52,26.0,26
train,5406,4,2,168,42.0,42
train,5407,8,3,728,91.0,91
train,5408,5,2,250,50.0,52
train,5409,8,2,416,52.0,52
train,5410,6,3,216,36.0,36
train,5411,4,3,232,58.0,58
train,5412,5,3,122,24.4,26
train,5413,8,2,256,32.0,33
train,5414,6,3,132,22.0,23
train,5415,5,2,250,50.0,52
train,5416,12,2,560,46.666666666666664,49
train,5417,9,3,510,56.666666666666664,58
train,5418,2,3,52,26.0,26
train,5419,4,3,104,26.0,26
train,5420,20,2,424,21.2,22
train,5421,4,2,72,18.0,18
train,5422,6,3,280,46.666666666666664,52
train,5423,6,2,208,34.666666666666664,36
train,5424,4,2,72,18.0,18
train,5425,5,2,106,21.2,26
train,5426,5,3,238,47.6,54
train,5427,6,3,192,32.0,36
train,5428,4,3,198,49.5,53
train,5429,12,3,624,52.0,53
train,5430,14,3,352,25.142857142857142,28
train,5431,20,2,1164,58.2,60
train,5432,4,2,72,18.0,18
train,5433,9,2,372,41.333333333333336,50
train,5434,2,2,28,14.0,14
train,5435,14,3,644,46.0,47
train,5436,12,3,680,56.666666666666664,58
train,5437,5,3,182,36.4,38
train,5438,3,3,128,42.666666666666664,44
train,5439,6,2,208,34.666666666666664,36
train,5440,5,2,76,15.2,20
train,5441,6,2,176,29.333333333333332,34
train,5442,4,2,168,42.0,42
train,5443,5,2,76,15.2,20
train,5444,8,4,444,55.5,62
train,5445,10,3,452,45.2,50
train,5446,7,2,192,27.428571428571427,38
train,5447,2,3,116,58.0,58
train,5448,9,3,198,22.0,23
train,5449,5,3,182,36.4,38
train,5450,5,3,182,36.4,38
train,5451,5,3,198,39.6,46
train,5452,9,2,252,28.0,32
train,5453,4,3,216,54.0,54
train,5454,4,3,104,26.0,26
train,5455,8,2,244,30.5,34
train,5456,7,3,316,45.142857142857146,47
train,5457,5,2,106,21.2,26
train,5458,4,3,232,58.0,58
train,5459,5,2,76,15.2,20
train,5460,4,3,232,58.0,58
train,5461,5,2,250,50.0,52
train,5462,5,2,154,30.8,44
train,5463,9,2,324,36.0,40
train,5464,2,3,52,26.0,26
train,5465,12,3,516,43.0,44
train,5466,5,2,154,30.8,44
train,5467,9,2,276,30.666666666666668,34
train,5468,5,3,182,36.4,38
train,5469,8,3,424,53.0,54
train,5470,9,2,252,28.0,32
train,5471,5,2,106,21.2,26
train,5472,9,2,324,36.0,40
train,5473,7,2,198,28.285714285714285,30
train,5474,4,3,200,50.0,50
train,5475,6,3,132,22.0,23
train,5476,2,3,112,56.0,56
train,5477,5,3,182,36.4,38
train,5478,28,2,1152,41.142857142857146,44
train,5479,2,3,52,26.0,26
train,5480,6,3,324,54.0,58
train,5481,4,3,68,17.0,17
train,5482,14,2,288,20.571428571428573,22
train,5483,2,3,36,18.0,18
train,5484,13,2,588,45.23076923076923,48
train,5485,10,2,364,36.4,38
train,5486,16,2,548,34.25,36
train,5487,9,2,252,28.0,32
train,5488,5,3,182,36.4,38
train,5489,5,4,218,43.6,50
train,5490,14,3,724,51.714285714285715,56
train,5491,2,3,44,22.0,22
train,5492,4,2,72,18.0,18
train,5493,4,2,72,18.0,18
train,5494,9,3,624,69.33333333333333,72
train,5495,12,2,164,13.666666666666666,16
train,5496,4,3,232,58.0,58
train,5497,4,3,232,58.0,58
train,5498,4,2,72,18.0,18
train,5499,14,2,208,14.857142857142858,17
train,5500,10,2,360,36.0,36
train,5501,5,2,154,30.8,44
train,5502,8,2,156,19.5,22
train,5503,10,2,472,47.2,50
train,5504,4,2,72,18.0,18
train,5505,6,3,144,24.0,26
train,5506,6,2,270,45.0,50
train,5507,4,2,72,18.0,18
train,5508,6,2,232,38.666666666666664,42
train,5509,6,3,324,54.0,58
train,5510,5,2,154,30.8,44
train,5511,12,3,618,51.5,54
train,5512,4,2,88,22.0,22
train,5513,4,3,232,58.0,58
train,5514,2,2,52,26.0,26
train,5515,2,3,100,50.0,50
train,5516,5,3,182,36.4,38
train,5517,8,3,252,31.5,34
train,5518,5,3,182,36.4,38
train,5519,15,2,546,36.4,42
train,5520,15,2,564,37.6,42
train,5521,5,2,310,62.0,64
train,5522,4,3,116,29.0,29
train,5523,12,2,168,14.0,16
train,5524,6,2,208,34.666666666666664,36
train,5525,7,2,320,45.714285714285715,50
train,5526,6,2,208,34.666666666666664,36
train,5527,4,3,120,30.0,32
train,5528,2,3,52,26.0,26
train,5529,5,3,182,36.4,38
train,5530,12,2,576,48.0,51
train,5531,12,2,340,28.333333333333332,32
train,5532,6,2,256,42.666666666666664,44
train,5533,9,2,252,28.0,32
train,5534,5,2,76,15.2,20
train,5535,6,2,132,22.0,23
train,5536,6,2,96,16.0,17
train,5537,6,3,188,31.333333333333332,32
train,5538,14,2,544,38.857142857142854,44
train,5539,4,3,232,58.0,58
train,5540,10,2,500,50.0,52
train,5541,5,2,250,50.0,52
train,5542,6,3,160,26.666666666666668,30
train,5543,9,2,372,41.333333333333336,44
train,5544,13,2,588,45.23076923076923,48
train,5545,8,2,224,28.0,28
train,5546,6,2,100,16.666666666666668,17
train,5547,8,2,316,39.5,40
train,5548,7,2,438,62.57142857142857,64
train,5549,6,2,132,22.0,23
train,5550,4,3,104,26.0,26
train,5551,20,2,480,24.0,26
train,5552,5,3,182,36.4,38
train,5553,8,2,320,40.0,42
train,5554,7,3,168,24.0,24
train,5555,1,3,18,18.0,18
train,5556,12,2,432,36.0,37
train,5557,9,2,252,28.0,32
train,5558,4,3,112,28.0,32
train,5559,4,2,72,18.0,18
train,5560,5,3,240,48.0,49
train,5561,9,2,234,26.0,32
train,5562,2,3,52,26.0,26
train,5563,5,2,76,15.2,20
train,5564,5,3,240,48.0,49
train,5565,6,2,284,47.333333333333336,56
train,5566,4,3,94,23.5,24
train,5567,4,2,72,18.0,18
train,5568,6,2,124,20.666666666666668,25
train,5569,5,3,198,39.6,46
train,5570,3,3,128,42.666666666666664,44
train,5571,5,3,178,35.6,38
train,5572,5,3,182,36.4,38
train,5573,6,3,144,24.0,26
train,5574,5,3,238,47.6,54
train,5575,6,2,208,34.666666666666664,36
train,5576,9,2,234,26.0,32
train,5577,9,3,456,50.666666666666664,56
train,5578,12,3,502,41.833333333333336,52
train,5579,12,2,204,17.0,18
train,5580,28,2,952,34.0,38
train,5581,16,2,416,26.0,26
train,5582,24,2,832,34.666666666666664,38
train,5583,6,2,192,32.0,34
train,5584,4,3,232,58.0,58
train,5585,4,3,232,58.0,58
train,5586,6,2,272,45.333333333333336,46
train,5587,4,3,104,26.0,26
train,5588,4,2,72,18.0,18
train,5589,4,2,72,18.0,18
train,5590,4,2,72,18.0,18
train,5591,6,2,132,22.0,23
train,5592,9,2,276,30.666666666666668,34
train,5593,9,2,324,36.0,40
train,5594,16,2,740,46.25,52
train,5595,12,2,224,18.666666666666668,20
train,5596,12,2,272,22.666666666666668,24
train,5597,12,2,356,29.666666666666668,32
train,5598,44,2,2096,47.63636363636363,52
train,5599,56,2,2424,43.285714285714285,45
train,5600,40,2,980,24.5,28
train,5601,36,2,1352,37.55555555555556,40
train,5602,56,2,2520,45.0,50
train,5603,40,2,1412,35.3,38
train,5604,56,2,1224,21.857142857142858,26
train,5605,4,2,72,18.0,18
train,5606,6,2,136,22.666666666666668,26
train,5607,8,2,508,63.5,64
train,5608,12,2,576,48.0,49
train,5609,5,2,76,15.2,20
train,5610,16,2,816,51.0,53
train,5611,6,2,216,36.0,36
train,5612,4,3,232,58.0,58
train,5613,12,2,602,50.166666666666664,58
train,5614,20,2,944,47.2,48
train,5615,10,2,500,50.0,52
train,5616,4,3,232,58.0,58
train,5617,6,2,232,38.666666666666664,42
train,5618,14,3,704,50.285714285714285,54
train,5619,12,2,264,22.0,26
train,5620,6,3,232,38.666666666666664,40
train,5621,48,2,2000,41.666666666666664,46
train,5622,5,2,106,21.2,26
train,5623,14,3,368,26.285714285714285,28
train,5624,20,2,864,43.2,46
train,5625,12,2,368,30.666666666666668,33
train,5626,15,2,1120,74.66666666666667,76
train,5627,14,2,400,28.571428571428573,32
train,5628,8,3,272,34.0,34
train,5629,8,2,316,39.5,40
train,5630,14,2,388,27.714285714285715,31
train,5631,6,3,192,32.0,33
train,5632,8,2,316,39.5,40
train,5633,16,2,968,60.5,63
train,5634,8,3,328,41.0,42
train,5635,6,3,180,30.0,35
train,5636,10,2,356,35.6,44
train,5637,22,2,1164,52.90909090909091,56
train,5638,3,3,128,42.666666666666664,44
train,5639,12,2,472,39.333333333333336,44
train,5640,22,2,1112,50.54545454545455,62
train,5641,6,2,208,34.666666666666664,36
train,5642,6,3,192,32.0,35
train,5643,6,2,232,38.666666666666664,40
train,5644,3,3,112,37.333333333333336,44
train,5645,8,2,344,43.0,46
train,5646,36,2,1884,52.333333333333336,57
train,5647,14,2,400,28.571428571428573,32
train,5648,18,2,1164,64.66666666666667,71
train,5649,16,2,584,36.5,38
train,5650,9,2,252,28.0,32
train,5651,5,3,182,36.4,38
train,5652,10,2,500,50.0,52
train,5653,18,2,732,40.666666666666664,52
train,5654,6,3,192,32.0,35
train,5655,40,2,2064,51.6,53
train,5656,4,3,188,47.0,47
train,5657,3,3,168,56.0,56
train,5658,8,2,400,50.0,50
train,5659,20,2,1120,56.0,58
train,5660,9,2,402,44.666666666666664,50
train,5661,4,3,232,58.0,58
train,5662,10,3,468,46.8,48
train,5663,8,2,132,16.5,19
train,5664,12,3,456,38.0,39
train,5665,12,2,704,58.666666666666664,60
train,5666,16,2,686,42.875,52
train,5667,8,3,496,62.0,66
train,5668,6,2,208,34.666666666666664,36
train,5669,4,3,232,58.0,58
train,5670,13,2,520,40.0,44
train,5671,4,3,232,58.0,58
train,5672,14,2,624,44.57142857142857,52
train,5673,3,3,128,42.666666666666664,44
train,5674,4,3,232,58.0,58
train,5675,7,3,168,24.0,24
train,5676,5,4,304,60.8,66
train,5677,20,2,1016,50.8,54
train,5678,6,2,192,32.0,34
train,5679,9,2,276,30.666666666666668,34
train,5680,5,3,150,30.0,34
train,5681,5,2,76,15.2,20
train,5682,5,2,250,50.0,52
train,5683,20,2,976,48.8,51
train,5684,14,2,376,26.857142857142858,32
train,5685,8,3,364,45.5,49
train,5686,3,3,128,42.666666666666664,44
train,5687,4,3,104,26.0,26
train,5688,9,2,252,28.0,32
train,5689,13,3,598,46.0,54
train,5690,8,2,400,50.0,50
train,5691,5,2,250,50.0,52
train,5692,5,3,182,36.4,38
train,5693,8,3,224,28.0,28
train,5694,5,3,138,27.6,30
train,5695,9,2,252,28.0,32
train,5696,12,2,560,46.666666666666664,50
train,5697,12,2,608,50.666666666666664,51
train,5698,5,2,218,43.6,48
train,5699,20,2,448,22.4,23
train,5700,12,3,960,80.0,80
train,5701,14,2,642,45.857142857142854,50
train,5702,4,3,104,26.0,26
train,5703,4,2,216,54.0,54
train,5704,4,3,232,58.0,58
train,5705,4,3,232,58.0,58
train,5706,5,3,106,21.2,22
train,5707,28,2,1072,38.285714285714285,41
train,5708,8,2,448,56.0,56
train,5709,4,3,104,26.0,26
train,5710,6,3,258,43.0,44
train,5711,8,2,132,16.5,19
train,5712,6,3,484,80.66666666666667,82
train,5713,5,2,250,50.0,52
train,5714,4,3,232,58.0,58
train,5715,20,2,296,14.8,17
train,5716,18,3,764,42.44444444444444,45
train,5717,5,2,76,15.2,20
train,5718,6,3,324,54.0,58
train,5719,12,2,536,44.666666666666664,49
train,5720,40,2,1800,45.0,50
train,5721,4,4,320,80.0,80
train,5722,6,2,208,34.666666666666664,36
train,5723,5,2,76,15.2,20
train,5724,15,2,1104,73.6,80
train,5725,3,3,128,42.666666666666664,44
train,5726,5,2,76,15.2,20
train,5727,2,3,92,46.0,46
train,5728,8,2,460,57.5,62
train,5729,24,2,1408,58.666666666666664,61
train,5730,20,2,736,36.8,39
train,5731,4,3,232,58.0,58
train,5732,9,2,324,36.0,40
train,5733,11,2,256,23.272727272727273,26
train,5734,14,2,352,25.142857142857142,32
train,5735,3,3,128,42.666666666666664,44
train,5736,6,2,156,26.0,33
train,5737,7,2,224,32.0,34
train,5738,40,2,1992,49.8,54
train,5739,8,2,376,47.0,56
train,5740,8,3,224,28.0,28
train,5741,8,3,224,28.0,28
train,5742,14,3,888,63.42857142857143,64
train,5743,8,2,224,28.0,30
train,5744,14,2,672,48.0,51
train,5745,10,3,332,33.2,36
train,5746,28,2,792,28.285714285714285,31
train,5747,6,3,484,80.66666666666667,82
train,5748,28,2,960,34.285714285714285,38
train,5749,9,3,322,35.77777777777778,38
train,5750,14,2,640,45.714285714285715,50
train,5751,4,3,174,43.5,47
train,5752,20,2,556,27.8,29
train,5753,5,2,250,50.0,52
train,5754,24,2,604,25.166666666666668,26
train,5755,10,3,404,40.4,42
train,5756,2,3,64,32.0,32
train,5757,4,3,232,58.0,58
train,5758,5,3,138,27.6,30
train,5759,3,3,112,37.333333333333336,44
train,5760,6,3,156,26.0,29
train,5761,5,3,106,21.2,22
train,5762,4,3,90,22.5,25
train,5763,1,4,14,14.0,14
train,5764,7,3,262,37.42857142857143,42
train,5765,12,3,660,55.0,58
train,5766,2,2,52,26.0,26
train,5767,16,2,690,43.125,52
train,5768,4,3,232,58.0,58
train,5769,4,3,232,58.0,58
train,5770,40,2,1968,49.2,52
train,5771,12,2,232,19.333333333333332,23
train,5772,17,2,676,39.76470588235294,43
train,5773,2,3,116,58.0,58
train,5774,14,2,682,48.714285714285715,52
train,5775,8,3,448,56.0,58
train,5776,12,2,432,36.0,37
train,5777,16,3,1508,94.25,95
train,5778,14,2,688,49.142857142857146,50
train,5779,3,3,128,42.666666666666664,44
train,5780,6,3,360,60.0,61
train,5781,4,3,232,58.0,58
train,5782,8,2,132,16.5,19
train,5783,3,3,128,42.666666666666664,44
train,5784,5,2,310,62.0,64
train,5785,4,3,100,25.0,25
train,5786,8,2,126,15.75,16
train,5787,8,2,184,23.0,24
train,5788,2,3,52,26.0,26
train,5789,4,3,68,17.0,17
train,5790,4,3,76,19.0,19
train,5791,4,3,88,22.0,24
train,5792,4,3,112,28.0,32
train,5793,2,3,52,26.0,26
train,5794,4,2,104,26.0,28
train,5795,12,2,264,22.0,26
train,5796,2,3,52,26.0,26
train,5797,4,3,112,28.0,32
train,5798,4,3,84,21.0,21
train,5799,16,2,296,18.5,22
train,5800,2,3,36,18.0,18
train,5801,24,2,488,20.333333333333332,23
train,5802,2,2,28,14.0,14
train,5803,16,2,224,14.0,15
train,5804,3,3,78,26.0,27
train,5805,3,3,72,24.0,24
train,5806,6,3,140,23.333333333333332,26
train,5807,3,3,96,32.0,32
train,5808,2,3,36,18.0,18
train,5809,12,2,312,26.0,28
train,5810,2,3,56,28.0,28
train,5811,4,3,100,25.0,27
train,5812,2,3,36,18.0,18
train,5813,2,3,52,26.0,26
train,5814,2,2,28,14.0,14
train,5815,2,3,52,26.0,26
train,5816,2,2,36,18.0,18
train,5817,2,3,64,32.0,32
train,5818,2,2,28,14.0,14
train,5819,2,3,52,26.0,26
train,5820,16,2,360,22.5,23
train,5821,6,3,128,21.333333333333332,22
train,5822,2,3,68,34.0,34
train,5823,2,2,52,26.0,26
train,5824,2,3,52,26.0,26
train,5825,4,2,120,30.0,32
train,5826,2,3,52,26.0,26
train,5827,2,3,52,26.0,26
train,5828,2,3,52,26.0,26
train,5829,4,3,112,28.0,32
train,5830,2,3,36,18.0,18
train,5831,2,3,56,28.0,28
train,5832,22,2,404,18.363636363636363,23
train,5833,24,2,432,18.0,20
train,5834,4,3,122,30.5,32
train,5835,7,3,168,24.0,34
train,5836,6,3,144,24.0,26
train,5837,6,3,152,25.333333333333332,26
train,5838,9,2,172,19.11111111111111,22
train,5839,10,2,220,22.0,24
train,5840,6,2,136,22.666666666666668,26
train,5841,10,2,564,56.4,57
train,5842,7,2,142,20.285714285714285,22
train,5843,6,2,208,34.666666666666664,36
train,5844,5,2,196,39.2,41
train,5845,16,2,624,39.0,40
train,5846,14,2,400,28.571428571428573,32
train,5847,6,2,208,34.666666666666664,36
train,5848,3,3,54,18.0,18
train,5849,10,3,348,34.8,36
train,5850,6,2,136,22.666666666666668,26
train,5851,12,2,240,20.0,20
train,5852,6,2,144,24.0,30
train,5853,10,2,220,22.0,24
train,5854,5,2,310,62.0,64
train,5855,5,2,202,40.4,44
train,5856,16,2,496,31.0,34
train,5857,5,2,106,21.2,26
train,5858,20,2,920,46.0,48
train,5859,4,2,58,14.5,15
train,5860,10,2,148,14.8,18
train,5861,6,3,240,40.0,42
train,5862,6,3,324,54.0,56
train,5863,5,2,130,26.0,26
train,5864,12,2,256,21.333333333333332,23
train,5865,14,2,416,29.714285714285715,36
train,5866,10,2,220,22.0,24
train,5867,12,3,240,20.0,21
train,5868,6,2,200,33.333333333333336,36
train,5869,4,3,118,29.5,32
train,5870,14,2,460,32.857142857142854,36
train,5871,12,3,660,55.0,58
train,5872,12,2,208,17.333333333333332,18
train,5873,10,2,364,36.4,39
train,5874,6,2,184,30.666666666666668,36
train,5875,6,2,200,33.333333333333336,36
train,5876,6,2,208,34.666666666666664,36
train,5877,30,2,624,20.8,24
train,5878,4,3,106,26.5,28
train,5879,12,3,296,24.666666666666668,32
train,5880,9,2,172,19.11111111111111,22
train,5881,10,2,196,19.6,24
train,5882,4,3,100,25.0,26
train,5883,12,2,208,17.333333333333332,18
train,5884,16,2,284,17.75,19
train,5885,12,3,712,59.333333333333336,61
train,5886,6,2,136,22.666666666666668,26
train,5887,10,2,196,19.6,24
train,5888,20,2,512,25.6,32
train,5889,6,2,164,27.333333333333332,29
train,5890,8,2,156,19.5,22
train,5891,6,2,224,37.333333333333336,38
train,5892,9,2,130,14.444444444444445,16
train,5893,22,2,428,19.454545454545453,23
train,5894,12,2,288,24.0,25
train,5895,9,2,220,24.444444444444443,38
train,5896,6,2,168,28.0,32
train,5897,6,2,152,25.333333333333332,28
train,5898,6,2,168,28.0,32
train,5899,5,2,310,62.0,64
train,5900,24,2,872,36.333333333333336,39
train,5901,80,2,5032,62.9,71
train,5902,28,2,1356,48.42857142857143,53
train,5903,28,2,704,25.142857142857142,30
train,5904,10,2,464,46.4,47
train,5905,10,2,464,46.4,47
train,5906,20,2,888,44.4,46
train,5907,11,3,578,52.54545454545455,58
train,5908,24,2,872,36.333333333333336,39
train,5909,20,2,944,47.2,49
train,5910,10,2,284,28.4,30
train,5911,18,2,534,29.666666666666668,32
train,5912,20,2,900,45.0,48
train,5913,8,2,320,40.0,42
train,5914,26,2,1108,42.61538461538461,45
train,5915,10,2,206,20.6,26
train,5916,51,2,4054,79.49019607843137,98
train,5917,22,2,476,21.636363636363637,29
train,5918,12,2,426,35.5,44
train,5919,10,2,456,45.6,47
train,5920,24,2,784,32.666666666666664,35
train,5921,10,2,500,50.0,52
train,5922,16,2,352,22.0,24
train,5923,46,2,2264,49.21739130434783,68
train,5924,32,2,1176,36.75,41
train,5925,23,2,1132,49.21739130434783,68
train,5926,4,3,80,20.0,20
train,5927,1,3,18,18.0,18
train,5928,2,4,100,50.0,50
train,5929,2,3,42,21.0,21
train,5930,1,4,50,50.0,50
train,5931,4,2,72,18.0,18
train,5932,10,2,176,17.6,20
train,5933,6,2,80,13.333333333333334,16
train,5934,20,2,432,21.6,23
train,5935,24,2,996,41.5,44
train,5936,2,3,36,18.0,18
train,5937,6,3,92,15.333333333333334,17
train,5938,24,2,510,21.25,23
train,5939,12,2,184,15.333333333333334,18
train,5940,24,2,360,15.0,17
train,5941,8,2,220,27.5,28
train,5942,8,2,204,25.5,27
train,5943,10,2,412,41.2,44
train,5944,6,2,96,16.0,17
train,5945,8,2,120,15.0,16
train,5946,2,3,52,26.0,26
train,5947,3,3,50,16.666666666666668,18
train,5948,20,2,760,38.0,40
train,5949,2,2,28,14.0,14
train,5950,12,2,240,20.0,23
train,5951,4,2,72,18.0,18
train,5952,4,3,68,17.0,17
train,5953,3,3,54,18.0,18
train,5954,3,3,70,23.333333333333332,25
train,5955,8,2,220,27.5,28
train,5956,16,2,416,26.0,26
train,5957,10,2,248,24.8,25
train,5958,3,3,66,22.0,23
train,5959,8,2,160,20.0,26
train,5960,4,3,104,26.0,26
train,5961,8,2,148,18.5,20
train,5962,12,3,246,20.5,21
train,5963,8,2,156,19.5,24
train,5964,4,3,112,28.0,32
train,5965,2,3,52,26.0,26
train,5966,2,3,52,26.0,26
train,5967,10,2,248,24.8,25
train,5968,16,2,792,49.5,51
train,5969,3,3,70,23.333333333333332,25
train,5970,2,3,52,26.0,26
train,5971,2,3,52,26.0,26
train,5972,2,3,36,18.0,18
train,5973,2,3,64,32.0,32
train,5974,12,2,192,16.0,18
train,5975,28,2,1268,45.285714285714285,46
train,5976,20,2,860,43.0,45
train,5977,8,2,136,17.0,20
train,5978,16,2,272,17.0,18
train,5979,6,3,148,24.666666666666668,26
train,5980,2,3,36,18.0,18
train,5981,14,2,256,18.285714285714285,20
train,5982,6,2,80,13.333333333333334,16
train,5983,16,2,336,21.0,23
train,5984,16,2,576,36.0,36
train,5985,2,2,52,26.0,26
train,5986,12,2,280,23.333333333333332,25
train,5987,6,3,128,21.333333333333332,22
train,5988,8,3,204,25.5,28
train,5989,2,3,36,18.0,18
train,5990,8,2,328,41.0,42
train,5991,2,2,28,14.0,14
train,5992,2,3,36,18.0,18
train,5993,4,3,232,58.0,58
train,5994,2,2,28,14.0,14
train,5995,4,2,56,14.0,14
train,5996,4,3,114,28.5,32
train,5997,8,2,186,23.25,24
train,5998,4,2,80,20.0,22
train,5999,16,2,822,51.375,53
train,6000,12,2,256,21.333333333333332,23
train,6001,22,2,488,22.181818181818183,24
train,6002,22,2,680,30.90909090909091,35
train,6003,18,2,964,53.55555555555556,57
train,6004,20,2,944,47.2,52
train,6005,38,2,1816,47.78947368421053,50
train,6006,32,2,744,23.25,25
train,6007,20,2,920,46.0,46
train,6008,22,2,1164,52.90909090909091,56
train,6009,10,3,606,60.6,64
train,6010,9,2,172,19.11111111111111,22
train,6011,33,2,1444,43.75757575757576,45
train,6012,7,3,168,24.0,24
train,6013,16,2,356,22.25,27
train,6014,22,2,716,32.54545454545455,38
train,6015,14,2,388,27.714285714285715,30
train,6016,22,2,1068,48.54545454545455,56
train,6017,24,2,544,22.666666666666668,26
train,6018,18,2,312,17.333333333333332,20
train,6019,22,2,360,16.363636363636363,17
train,6020,22,2,452,20.545454545454547,23
train,6021,16,2,492,30.75,32
train,6022,32,2,1556,48.625,52
train,6023,26,2,1180,45.38461538461539,48
train,6024,24,2,896,37.333333333333336,42
train,6025,9,2,130,14.444444444444445,16
train,6026,9,2,166,18.444444444444443,22
train,6027,18,2,764,42.44444444444444,45
train,6028,24,2,516,21.5,24
train,6029,24,2,1224,51.0,55
train,6030,16,2,260,16.25,18
train,6031,14,2,340,24.285714285714285,26
train,6032,22,2,776,35.27272727272727,40
train,6033,16,2,524,32.75,35
train,6034,9,2,172,19.11111111111111,22
train,6035,30,2,1672,55.733333333333334,61
train,6036,38,2,2064,54.31578947368421,61
train,6037,12,2,236,19.666666666666668,22
train,6038,10,2,500,50.0,52
train,6039,20,2,472,23.6,24
train,6040,22,2,1164,52.90909090909091,56
train,6041,16,2,760,47.5,52
train,6042,12,3,408,34.0,36
train,6043,8,3,144,18.0,19
train,6044,9,2,172,19.11111111111111,22
train,6045,16,2,260,16.25,18
train,6046,9,2,232,25.77777777777778,26
train,6047,18,3,452,25.11111111111111,26
train,6048,36,2,1928,53.55555555555556,58
train,6049,40,2,584,14.6,18
train,6050,10,2,428,42.8,44
train,6051,10,2,198,19.8,26
train,6052,7,3,168,24.0,24
train,6053,16,2,284,17.75,19
train,6054,24,2,728,30.333333333333332,33
train,6055,33,2,1444,43.75757575757576,45
train,6056,34,2,1620,47.64705882352941,51
train,6057,33,2,1444,43.75757575757576,45
train,6058,14,2,260,18.571428571428573,20
train,6059,20,2,396,19.8,22
train,6060,20,2,552,27.6,33
train,6061,16,2,260,16.25,18
train,6062,16,2,276,17.25,19
train,6063,20,2,344,17.2,18
train,6064,30,2,1552,51.733333333333334,55
train,6065,16,2,260,16.25,18
train,6066,7,3,144,20.571428571428573,22
train,6067,24,2,504,21.0,25
train,6068,24,2,1120,46.666666666666664,52
train,6069,16,2,260,16.25,18
train,6070,14,2,256,18.285714285714285,21
train,6071,12,2,222,18.5,20
train,6072,16,2,284,17.75,19
train,6073,16,2,276,17.25,19
train,6074,21,2,726,34.57142857142857,37
train,6075,10,2,422,42.2,44
train,6076,12,3,464,38.666666666666664,44
train,6077,52,2,2408,46.30769230769231,48
train,6078,32,2,1368,42.75,49
train,6079,24,2,952,39.666666666666664,41
train,6080,26,2,1160,44.61538461538461,47
train,6081,38,2,1768,46.526315789473685,50
train,6082,12,3,480,40.0,40
train,6083,28,2,708,25.285714285714285,28
train,6084,18,2,292,16.22222222222222,18
train,6085,24,2,638,26.583333333333332,32
train,6086,14,2,880,62.857142857142854,68
train,6087,36,2,656,18.22222222222222,21
train,6088,24,2,856,35.666666666666664,39
train,6089,14,3,670,47.857142857142854,51
train,6090,20,2,970,48.5,59
train,6091,28,2,1252,44.714285714285715,51
train,6092,72,2,3776,52.44444444444444,58
train,6093,24,2,912,38.0,41
train,6094,16,2,686,42.875,46
train,6095,18,2,862,47.888888888888886,68
train,6096,13,3,884,68.0,71
train,6097,16,2,808,50.5,62
train,6098,24,2,1824,76.0,82
train,6099,12,2,664,55.333333333333336,58
train,6100,10,2,524,52.4,57
train,6101,26,2,1368,52.61538461538461,66
train,6102,16,3,1376,86.0,90
train,6103,2,4,160,80.0,80
train,6104,12,3,720,60.0,61
train,6105,24,2,1524,63.5,68
train,6106,11,2,644,58.54545454545455,65
train,6107,6,3,436,72.66666666666667,74
train,6108,12,2,568,47.333333333333336,49
train,6109,12,2,440,36.666666666666664,38
train,6110,14,2,1024,73.14285714285714,81
train,6111,14,3,1084,77.42857142857143,81
train,6112,2,3,112,56.0,56
train,6113,32,2,1640,51.25,58
train,6114,20,2,1248,62.4,64
train,6115,5,2,250,50.0,52
train,6116,15,2,644,42.93333333333333,50
train,6117,7,3,268,38.285714285714285,39
train,6118,6,3,312,52.0,56
train,6119,17,2,732,43.05882352941177,47
train,6120,18,2,1260,70.0,74
train,6121,26,2,1864,71.6923076923077,80
train,6122,13,3,836,64.3076923076923,69
train,6123,16,2,1232,77.0,82
train,6124,28,2,1360,48.57142857142857,51
train,6125,28,2,1220,43.57142857142857,48
train,6126,30,2,1992,66.4,74
train,6127,18,2,1340,74.44444444444444,77
train,6128,30,2,2028,67.6,77
train,6129,44,2,1160,26.363636363636363,29
train,6130,8,3,704,88.0,96
train,6131,8,3,796,99.5,105
train,6132,5,2,250,50.0,52
train,6133,21,2,846,40.285714285714285,47
train,6134,21,2,822,39.142857142857146,42
train,6135,32,2,1932,60.375,65
train,6136,13,3,818,62.92307692307692,67
train,6137,8,3,452,56.5,60
train,6138,20,2,1224,61.2,65
train,6139,16,2,948,59.25,60
train,6140,36,3,2596,72.11111111111111,77
train,6141,6,2,248,41.333333333333336,42
train,6142,6,2,104,17.333333333333332,18
train,6143,28,2,1720,61.42857142857143,65
train,6144,5,3,270,54.0,55
train,6145,16,3,888,55.5,66
train,6146,21,2,1278,60.857142857142854,64
train,6147,23,2,1762,76.6086956521739,80
train,6148,23,2,1642,71.3913043478261,75
train,6149,6,3,420,70.0,72
train,6150,28,2,1040,37.142857142857146,42
train,6151,2,3,112,56.0,56
train,6152,16,2,1000,62.5,69
train,6153,21,2,1470,70.0,74
train,6154,12,2,664,55.333333333333336,60
train,6155,32,2,2344,73.25,75
train,6156,20,3,1192,59.6,64
train,6157,28,2,1832,65.42857142857143,69
train,6158,16,3,1352,84.5,87
train,6159,36,2,1770,49.166666666666664,53
train,6160,14,2,486,34.714285714285715,42
train,6161,7,3,300,42.857142857142854,46
train,6162,24,2,1168,48.666666666666664,52
train,6163,16,2,880,55.0,66
train,6164,20,2,1000,50.0,56
train,6165,18,2,1164,64.66666666666667,68
train,6166,18,2,1156,64.22222222222223,68
train,6167,34,2,1736,51.05882352941177,55
train,6168,36,2,2680,74.44444444444444,82
train,6169,27,2,1724,63.851851851851855,78
train,6170,36,2,2144,59.55555555555556,65
train,6171,10,2,248,24.8,27
train,6172,6,3,192,32.0,32
train,6173,3,3,132,44.0,44
train,6174,36,2,1544,42.888888888888886,48
train,6175,11,2,506,46.0,48
train,6176,20,2,896,44.8,46
train,6177,18,2,1320,73.33333333333333,78
train,6178,36,3,3252,90.33333333333333,95
train,6179,6,3,212,35.333333333333336,37
train,6180,28,2,1824,65.14285714285714,68
train,6181,8,3,296,37.0,40
train,6182,14,3,1180,84.28571428571429,89
train,6183,14,3,1120,80.0,81
train,6184,80,2,2956,36.95,41
train,6185,2,3,52,26.0,26
train,6186,18,2,548,30.444444444444443,33
train,6187,20,3,1560,78.0,86
train,6188,3,3,128,42.666666666666664,44
train,6189,17,2,1248,73.41176470588235,86
train,6190,14,3,1132,80.85714285714286,83
train,6191,26,2,1320,50.76923076923077,66
train,6192,20,3,1216,60.8,64
train,6193,22,2,1172,53.27272727272727,56
train,6194,26,2,1188,45.69230769230769,60
train,6195,7,4,356,50.857142857142854,52
train,6196,7,4,356,50.857142857142854,52
train,6197,7,4,356,50.857142857142854,52
train,6198,3,3,146,48.666666666666664,50
train,6199,3,3,128,42.666666666666664,44
train,6200,3,3,242,80.66666666666667,84
train,6201,3,3,242,80.66666666666667,84
train,6202,20,2,1100,55.0,59
train,6203,36,2,2244,62.333333333333336,67
train,6204,16,2,748,46.75,52
train,6205,3,3,146,48.666666666666664,50
train,6206,4,4,310,77.5,80
train,6207,6,2,168,28.0,32
train,6208,6,2,136,22.666666666666668,26
train,6209,3,4,314,104.66666666666667,108
train,6210,40,2,2432,60.8,66
train,6211,36,2,2096,58.22222222222222,63
train,6212,34,2,1736,51.05882352941177,55
train,6213,17,2,732,43.05882352941177,47
train,6214,52,2,3844,73.92307692307692,78
train,6215,3,3,242,80.66666666666667,84
train,6216,26,2,1512,58.15384615384615,66
train,6217,28,2,1500,53.57142857142857,64
train,6218,28,2,1404,50.142857142857146,54
train,6219,16,2,1124,70.25,74
train,6220,24,3,1136,47.333333333333336,50
train,6221,3,4,226,75.33333333333333,76
train,6222,2,4,184,92.0,92
train,6223,3,3,194,64.66666666666667,74
train,6224,3,4,134,44.666666666666664,46
train,6225,9,2,520,57.77777777777778,59
train,6226,20,2,808,40.4,44
train,6227,9,3,432,48.0,50
train,6228,18,2,348,19.333333333333332,21
train,6229,20,2,648,32.4,40
train,6230,26,3,1792,68.92307692307692,76
train,6231,36,2,2544,70.66666666666667,74
train,6232,10,2,500,50.0,52
train,6233,4,4,276,69.0,74
train,6234,5,2,154,30.8,44
train,6235,3,3,242,80.66666666666667,84
train,6236,24,2,1176,49.0,52
train,6237,6,2,152,25.333333333333332,28
train,6238,36,2,1880,52.22222222222222,56
train,6239,8,2,424,53.0,54
train,6240,12,2,524,43.666666666666664,47
train,6241,22,2,1252,56.90909090909091,61
train,6242,42,3,2852,67.9047619047619,73
train,6243,44,2,3632,82.54545454545455,85
train,6244,24,2,1204,50.166666666666664,53
train,6245,4,3,148,37.0,37
train,6246,7,3,220,31.428571428571427,36
train,6247,18,2,1256,69.77777777777777,75
train,6248,24,2,1384,57.666666666666664,62
train,6249,34,2,2048,60.23529411764706,65
train,6250,38,3,2500,65.78947368421052,74
train,6251,52,2,3176,61.07692307692308,68
train,6252,22,2,1136,51.63636363636363,58
train,6253,36,2,2572,71.44444444444444,76
train,6254,3,3,146,48.666666666666664,50
train,6255,8,3,260,32.5,36
train,6256,2,4,184,92.0,92
train,6257,3,3,146,48.666666666666664,50
train,6258,3,3,146,48.666666666666664,50
train,6259,3,4,378,126.0,130
train,6260,40,2,2312,57.8,61
train,6261,28,2,1344,48.0,54
train,6262,10,3,504,50.4,58
train,6263,6,3,348,58.0,58
train,6264,18,2,852,47.333333333333336,52
train,6265,8,3,300,37.5,38
train,6266,12,2,712,59.333333333333336,61
train,6267,14,3,740,52.857142857142854,60
train,6268,28,3,1496,53.42857142857143,59
train,6269,11,4,486,44.18181818181818,52
train,6270,4,4,320,80.0,80
train,6271,16,2,978,61.125,65
train,6272,12,2,712,59.333333333333336,61
train,6273,8,2,194,24.25,25
train,6274,12,2,708,59.0,64
train,6275,4,4,286,71.5,72
train,6276,7,3,384,54.857142857142854,56
train,6277,48,2,2600,54.166666666666664,57
train,6278,15,2,370,24.666666666666668,26
train,6279,26,2,1392,53.53846153846154,62
train,6280,7,2,122,17.428571428571427,22
train,6281,34,2,1530,45.0,50
train,6282,24,2,1040,43.333333333333336,46
train,6283,10,2,188,18.8,20
train,6284,12,3,356,29.666666666666668,32
train,6285,15,2,636,42.4,46
train,6286,10,2,288,28.8,32
train,6287,12,2,252,21.0,21
train,6288,24,2,476,19.833333333333332,22
train,6289,9,3,154,17.11111111111111,19
train,6290,30,2,772,25.733333333333334,28
train,6291,26,2,1244,47.84615384615385,51
train,6292,24,2,672,28.0,29
train,6293,12,2,224,18.666666666666668,24
train,6294,7,3,136,19.428571428571427,22
train,6295,36,2,1530,42.5,45
train,6296,24,2,864,36.0,38
train,6297,18,2,828,46.0,52
train,6298,5,2,76,15.2,20
train,6299,25,2,1448,57.92,65
train,6300,12,3,592,49.333333333333336,56
train,6301,30,2,928,30.933333333333334,34
train,6302,7,2,122,17.428571428571427,22
train,6303,5,3,294,58.8,60
train,6304,24,2,808,33.666666666666664,39
train,6305,18,2,1004,55.77777777777778,59
train,6306,20,2,368,18.4,21
train,6307,10,3,520,52.0,54
train,6308,18,2,856,47.55555555555556,54
train,6309,18,2,636,35.333333333333336,36
train,6310,28,3,2240,80.0,84
train,6311,14,2,420,30.0,32
train,6312,12,3,1052,87.66666666666667,93
train,6313,10,2,248,24.8,25
train,6314,34,2,1512,44.470588235294116,50
train,6315,22,2,400,18.181818181818183,19
train,6316,7,2,156,22.285714285714285,24
train,6317,8,3,328,41.0,46
train,6318,10,2,168,16.8,20
train,6319,28,2,560,20.0,24
train,6320,12,3,576,48.0,56
train,6321,36,2,1812,50.333333333333336,52
train,6322,34,2,1408,41.411764705882355,45
train,6323,8,2,312,39.0,40
train,6324,32,2,1424,44.5,47
train,6325,18,2,356,19.77777777777778,23
train,6326,6,2,208,34.666666666666664,36
train,6327,20,2,384,19.2,24
train,6328,10,2,404,40.4,46
train,6329,34,2,1644,48.35294117647059,51
train,6330,16,2,908,56.75,61
train,6331,24,2,1200,50.0,53
train,6332,28,2,1260,45.0,51
train,6333,30,2,756,25.2,29
train,6334,16,2,728,45.5,48
train,6335,10,2,200,20.0,21
train,6336,18,2,540,30.0,35
train,6337,12,2,336,28.0,29
train,6338,39,2,1754,44.97435897435897,49
train,6339,21,2,954,45.42857142857143,50
train,6340,12,2,224,18.666666666666668,24
train,6341,17,2,336,19.764705882352942,21
train,6342,30,2,1248,41.6,44
train,6343,3,3,94,31.333333333333332,32
train,6344,8,2,166,20.75,22
train,6345,24,2,424,17.666666666666668,18
train,6346,16,2,256,16.0,18
train,6347,12,3,616,51.333333333333336,56
train,6348,18,2,1226,68.11111111111111,74
train,6349,27,2,1174,43.48148148148148,50
train,6350,10,2,220,22.0,24
train,6351,24,2,644,26.833333333333332,31
train,6352,4,3,164,41.0,44
train,6353,8,3,408,51.0,52
train,6354,8,2,390,48.75,49
train,6355,8,2,364,45.5,50
train,6356,8,2,340,42.5,44
train,6357,16,3,576,36.0,41
train,6358,20,2,1184,59.2,62
train,6359,24,2,928,38.666666666666664,44
train,6360,12,2,256,21.333333333333332,22
train,6361,34,2,1504,44.23529411764706,49
train,6362,6,2,188,31.333333333333332,36
train,6363,12,2,248,20.666666666666668,21
train,6364,14,2,920,65.71428571428571,76
train,6365,12,2,208,17.333333333333332,19
train,6366,16,2,592,37.0,40
train,6367,5,3,154,30.8,38
train,6368,6,3,228,38.0,41
train,6369,12,3,584,48.666666666666664,50
train,6370,10,2,372,37.2,38
train,6371,26,2,776,29.846153846153847,31
train,6372,5,3,248,49.6,50
train,6373,20,2,456,22.8,23
train,6374,16,2,664,41.5,42
train,6375,9,2,180,20.0,21
train,6376,6,2,164,27.333333333333332,32
train,6377,28,2,600,21.428571428571427,24
train,6378,10,2,356,35.6,44
train,6379,7,3,328,46.857142857142854,50
train,6380,14,2,228,16.285714285714285,19
train,6381,36,2,1608,44.666666666666664,50
train,6382,40,2,1472,36.8,44
train,6383,8,2,120,15.0,16
train,6384,28,2,584,20.857142857142858,23
train,6385,14,2,200,14.285714285714286,18
train,6386,6,2,248,41.333333333333336,42
train,6387,8,2,116,14.5,15
train,6388,10,3,160,16.0,17
train,6389,20,3,1304,65.2,70
train,6390,25,2,1062,42.48,46
train,6391,9,4,516,57.333333333333336,59
train,6392,28,2,1256,44.857142857142854,48
train,6393,48,2,2592,54.0,59
train,6394,12,2,284,23.666666666666668,25
train,6395,40,2,1736,43.4,48
train,6396,12,2,456,38.0,40
train,6397,12,2,888,74.0,75
train,6398,6,2,136,22.666666666666668,24
train,6399,20,2,356,17.8,20
train,6400,14,2,266,19.0,24
train,6401,20,2,304,15.2,16
train,6402,9,2,124,13.777777777777779,16
train,6403,9,2,124,13.777777777777779,16
train,6404,3,3,64,21.333333333333332,22
train,6405,3,3,64,21.333333333333332,22
train,6406,4,2,68,17.0,18
train,6407,36,2,1584,44.0,48
train,6408,16,2,264,16.5,18
train,6409,20,2,876,43.8,46
train,6410,24,2,408,17.0,18
train,6411,76,2,5336,70.21052631578948,76
train,6412,9,2,238,26.444444444444443,28
train,6413,16,2,232,14.5,15
train,6414,8,2,194,24.25,25
train,6415,22,2,440,20.0,22
train,6416,10,3,260,26.0,28
train,6417,22,2,1012,46.0,50
train,6418,4,3,104,26.0,26
train,6419,4,3,148,37.0,38
train,6420,18,2,264,14.666666666666666,15
train,6421,12,2,640,53.333333333333336,54
train,6422,12,3,566,47.166666666666664,52
train,6423,9,2,172,19.11111111111111,22
train,6424,20,2,276,13.8,15
train,6425,19,2,846,44.526315789473685,48
train,6426,22,2,748,34.0,37
train,6427,22,2,1024,46.54545454545455,49
train,6428,10,2,220,22.0,24
train,6429,5,4,454,90.8,94
train,6430,20,2,1776,88.8,93
train,6431,6,3,140,23.333333333333332,25
train,6432,5,2,76,15.2,20
train,6433,14,2,1008,72.0,76
train,6434,6,3,144,24.0,24
train,6435,8,2,160,20.0,22
train,6436,6,2,244,40.666666666666664,44
train,6437,3,4,242,80.66666666666667,84
train,6438,8,2,174,21.75,22
train,6439,12,2,236,19.666666666666668,21
train,6440,20,2,672,33.6,35
train,6441,6,3,296,49.333333333333336,50
train,6442,12,2,232,19.333333333333332,21
train,6443,30,2,840,28.0,30
train,6444,56,2,1600,28.571428571428573,31
train,6445,16,2,568,35.5,39
train,6446,6,3,204,34.0,35
train,6447,6,2,192,32.0,36
train,6448,6,2,164,27.333333333333332,32
train,6449,8,2,194,24.25,25
train,6450,22,2,378,17.181818181818183,18
train,6451,9,3,402,44.666666666666664,47
train,6452,20,2,468,23.4,25
train,6453,18,2,776,43.111111111111114,48
train,6454,3,3,72,24.0,24
train,6455,68,2,3952,58.11764705882353,63
train,6456,16,3,1100,68.75,70
train,6457,17,3,1050,61.76470588235294,66
train,6458,20,2,476,23.8,26
train,6459,20,2,476,23.8,26
train,6460,7,4,320,45.714285714285715,47
train,6461,8,2,394,49.25,50
train,6462,14,2,412,29.428571428571427,32
train,6463,6,2,224,37.333333333333336,38
train,6464,16,2,292,18.25,24
train,6465,9,2,172,19.11111111111111,22
train,6466,9,2,172,19.11111111111111,22
train,6467,9,2,166,18.444444444444443,22
train,6468,9,2,172,19.11111111111111,22
train,6469,9,2,166,18.444444444444443,22
train,6470,9,2,172,19.11111111111111,22
train,6471,9,2,172,19.11111111111111,22
train,6472,9,2,172,19.11111111111111,22
train,6473,9,2,172,19.11111111111111,22
train,6474,9,2,172,19.11111111111111,22
train,6475,4,3,222,55.5,60
train,6476,8,2,160,20.0,23
train,6477,9,2,172,19.11111111111111,22
train,6478,7,3,220,31.428571428571427,34
train,6479,52,2,3432,66.0,67
train,6480,6,3,236,39.333333333333336,42
train,6481,6,3,240,40.0,42
train,6482,6,3,156,26.0,26
train,6483,11,2,624,56.72727272727273,62
train,6484,6,3,272,45.333333333333336,48
train,6485,4,3,76,19.0,20
train,6486,8,2,166,20.75,22
train,6487,40,2,1084,27.1,34
train,6488,9,2,166,18.444444444444443,22
train,6489,26,2,688,26.46153846153846,30
train,6490,12,3,760,63.333333333333336,69
train,6491,10,2,392,39.2,42
train,6492,28,2,728,26.0,29
train,6493,12,3,278,23.166666666666668,25
train,6494,12,2,472,39.333333333333336,41
train,6495,5,3,106,21.2,24
train,6496,24,2,1196,49.833333333333336,54
train,6497,4,4,394,98.5,99
train,6498,20,2,800,40.0,43
train,6499,4,3,104,26.0,26
train,6500,27,2,1334,49.407407407407405,57
train,6501,12,3,698,58.166666666666664,64
train,6502,20,2,480,24.0,25
train,6503,22,2,348,15.818181818181818,17
train,6504,20,2,940,47.0,52
train,6505,5,3,122,24.4,26
train,6506,2,3,56,28.0,28
train,6507,7,3,154,22.0,25
train,6508,8,2,136,17.0,20
train,6509,8,3,160,20.0,23
train,6510,12,2,584,48.666666666666664,53
train,6511,24,3,1084,45.166666666666664,51
train,6512,8,2,126,15.75,17
train,6513,7,3,314,44.857142857142854,50
train,6514,16,2,360,22.5,24
train,6515,3,3,54,18.0,18
train,6516,14,3,380,27.142857142857142,28
train,6517,12,2,308,25.666666666666668,26
train,6518,30,2,592,19.733333333333334,21
train,6519,15,2,370,24.666666666666668,26
train,6520,16,2,720,45.0,49
train,6521,16,3,672,42.0,46
train,6522,36,2,1252,34.77777777777778,38
train,6523,22,2,584,26.545454545454547,31
train,6524,20,2,396,19.8,22
train,6525,21,2,1428,68.0,74
train,6526,8,2,192,24.0,24
train,6527,24,2,432,18.0,20
train,6528,12,2,216,18.0,19
train,6529,6,3,102,17.0,17
train,6530,5,3,264,52.8,54
train,6531,80,2,1788,22.35,26
train,6532,6,2,136,22.666666666666668,26
train,6533,7,2,156,22.285714285714285,24
train,6534,18,2,256,14.222222222222221,16
train,6535,18,2,1072,59.55555555555556,68
train,6536,9,3,396,44.0,46
train,6537,12,2,232,19.333333333333332,23
train,6538,28,2,872,31.142857142857142,33
train,6539,16,2,248,15.5,17
train,6540,24,2,916,38.166666666666664,47
train,6541,8,2,160,20.0,21
train,6542,20,3,876,43.8,47
train,6543,9,2,130,14.444444444444445,16
train,6544,14,2,476,34.0,40
train,6545,28,2,584,20.857142857142858,22
train,6546,16,2,250,15.625,17
train,6547,28,2,736,26.285714285714285,30
train,6548,16,2,392,24.5,25
train,6549,16,2,836,52.25,58
train,6550,9,2,172,19.11111111111111,22
train,6551,18,2,844,46.888888888888886,50
train,6552,15,2,696,46.4,52
train,6553,24,2,1072,44.666666666666664,48
train,6554,7,2,290,41.42857142857143,42
train,6555,5,2,106,21.2,26
train,6556,22,2,384,17.454545454545453,18
train,6557,5,2,106,21.2,26
train,6558,18,2,396,22.0,23
train,6559,32,2,752,23.5,26
train,6560,24,2,1088,45.333333333333336,51
train,6561,54,2,2824,52.2962962962963,59
train,6562,32,2,1384,43.25,46
train,6563,27,2,1506,55.77777777777778,60
train,6564,16,2,288,18.0,19
train,6565,20,2,456,22.8,24
train,6566,20,2,416,20.8,22
train,6567,12,2,284,23.666666666666668,26
train,6568,20,2,492,24.6,26
train,6569,7,3,144,20.571428571428573,21
train,6570,16,2,346,21.625,24
train,6571,16,3,1012,63.25,71
train,6572,3,3,70,23.333333333333332,25
train,6573,76,2,1516,19.94736842105263,22
train,6574,18,2,300,16.666666666666668,17
train,6575,22,2,396,18.0,19
train,6576,8,3,180,22.5,24
train,6577,32,2,1296,40.5,45
train,6578,18,2,300,16.666666666666668,20
train,6579,6,3,108,18.0,18
train,6580,26,2,1516,58.30769230769231,62
train,6581,24,2,1024,42.666666666666664,44
train,6582,22,2,544,24.727272727272727,28
train,6583,6,3,136,22.666666666666668,24
train,6584,16,2,684,42.75,51
train,6585,24,2,1520,63.333333333333336,67
train,6586,12,3,668,55.666666666666664,60
train,6587,28,2,672,24.0,30
train,6588,16,2,288,18.0,19
train,6589,9,2,166,18.444444444444443,22
train,6590,34,2,1544,45.411764705882355,51
train,6591,32,2,1756,54.875,60
train,6592,10,2,356,35.6,38
train,6593,7,2,116,16.571428571428573,19
train,6594,64,2,1604,25.0625,28
train,6595,3,3,72,24.0,24
train,6596,22,2,368,16.727272727272727,23
train,6597,12,2,224,18.666666666666668,20
train,6598,18,2,456,25.333333333333332,28
train,6599,16,2,232,14.5,15
train,6600,16,2,240,15.0,15
train,6601,36,2,764,21.22222222222222,24
train,6602,19,2,324,17.05263157894737,18
train,6603,32,2,1584,49.5,54
train,6604,10,3,454,45.4,48
train,6605,20,2,576,28.8,33
train,6606,22,2,508,23.09090909090909,26
train,6607,20,2,616,30.8,34
train,6608,12,2,248,20.666666666666668,22
train,6609,10,2,380,38.0,40
train,6610,18,2,780,43.333333333333336,45
train,6611,5,2,74,14.8,19
train,6612,28,2,704,25.142857142857142,26
train,6613,40,2,860,21.5,30
train,6614,52,2,1000,19.23076923076923,21
train,6615,14,2,1094,78.14285714285714,85
train,6616,16,2,694,43.375,47
train,6617,32,2,1448,45.25,48
train,6618,24,2,472,19.666666666666668,21
train,6619,16,3,1164,72.75,80
train,6620,14,2,208,14.857142857142858,19
train,6621,10,2,192,19.2,24
train,6622,18,2,602,33.44444444444444,36
train,6623,24,2,436,18.166666666666668,21
train,6624,10,2,464,46.4,48
train,6625,56,2,1296,23.142857142857142,25
train,6626,18,2,956,53.111111111111114,60
train,6627,8,3,204,25.5,28
train,6628,10,2,158,15.8,20
train,6629,32,2,1152,36.0,42
train,6630,6,2,108,18.0,20
train,6631,12,2,360,30.0,32
train,6632,48,2,1340,27.916666666666668,30
train,6633,10,2,476,47.6,55
train,6634,36,2,1360,37.77777777777778,41
train,6635,18,2,820,45.55555555555556,48
train,6636,5,3,172,34.4,42
train,6637,26,2,804,30.923076923076923,44
train,6638,18,2,468,26.0,29
train,6639,15,3,378,25.2,26
train,6640,16,3,960,60.0,61
train,6641,14,3,708,50.57142857142857,52
train,6642,28,2,656,23.428571428571427,27
train,6643,10,3,638,63.8,69
train,6644,18,2,772,42.888888888888886,45
train,6645,18,2,812,45.111111111111114,48
train,6646,18,2,740,41.111111111111114,44
train,6647,22,2,348,15.818181818181818,17
train,6648,22,2,380,17.272727272727273,19
train,6649,20,2,416,20.8,23
train,6650,20,2,440,22.0,24
train,6651,10,3,188,18.8,22
train,6652,20,2,620,31.0,32
train,6653,38,2,1812,47.68421052631579,55
train,6654,20,2,552,27.6,32
train,6655,12,3,448,37.333333333333336,39
train,6656,19,2,844,44.421052631578945,46
train,6657,8,3,204,25.5,26
train,6658,4,3,88,22.0,24
train,6659,20,2,352,17.6,21
train,6660,22,2,344,15.636363636363637,17
train,6661,12,3,680,56.666666666666664,58
train,6662,24,2,632,26.333333333333332,32
train,6663,6,3,100,16.666666666666668,18
train,6664,12,2,456,38.0,40
train,6665,12,3,366,30.5,34
train,6666,24,2,420,17.5,20
train,6667,40,2,2408,60.2,65
train,6668,7,3,176,25.142857142857142,29
train,6669,12,3,550,45.833333333333336,52
train,6670,12,2,264,22.0,24
train,6671,7,3,268,38.285714285714285,39
train,6672,5,2,250,50.0,52
train,6673,12,2,416,34.666666666666664,38
train,6674,28,2,560,20.0,22
train,6675,10,2,210,21.0,26
train,6676,20,3,1084,54.2,58
train,6677,15,3,750,50.0,53
train,6678,12,2,432,36.0,39
train,6679,7,3,136,19.428571428571427,22
train,6680,24,2,1180,49.166666666666664,53
train,6681,33,2,1420,43.03030303030303,44
train,6682,7,3,346,49.42857142857143,50
train,6683,32,2,1704,53.25,56
train,6684,26,2,1452,55.84615384615385,58
train,6685,14,2,420,30.0,32
train,6686,14,2,420,30.0,32
train,6687,13,3,542,41.69230769230769,50
train,6688,18,2,684,38.0,42
train,6689,16,2,280,17.5,19
train,6690,36,2,1816,50.44444444444444,53
train,6691,24,2,424,17.666666666666668,20
train,6692,10,2,172,17.2,20
train,6693,4,3,126,31.5,38
train,6694,20,2,888,44.4,49
train,6695,9,3,514,57.111111111111114,62
train,6696,6,3,282,47.0,56
train,6697,15,2,580,38.666666666666664,41
train,6698,36,3,1664,46.22222222222222,51
train,6699,48,2,978,20.375,24
train,6700,22,2,888,40.36363636363637,44
train,6701,22,2,492,22.363636363636363,24
train,6702,20,2,484,24.2,25
train,6703,18,2,396,22.0,26
train,6704,12,2,232,19.333333333333332,23
train,6705,18,2,464,25.77777777777778,26
train,6706,22,2,464,21.09090909090909,23
train,6707,24,3,998,41.583333333333336,48
train,6708,16,2,520,32.5,38
train,6709,10,2,536,53.6,56
train,6710,15,2,744,49.6,54
train,6711,3,3,132,44.0,44
train,6712,21,2,1026,48.857142857142854,53
train,6713,26,2,792,30.46153846153846,32
train,6714,12,2,344,28.666666666666668,31
train,6715,16,2,216,13.5,15
train,6716,15,2,448,29.866666666666667,31
train,6717,28,2,664,23.714285714285715,27
train,6718,48,2,1248,26.0,30
train,6719,20,2,928,46.4,48
train,6720,22,2,1068,48.54545454545455,52
train,6721,36,2,1592,44.22222222222222,46
train,6722,40,2,1040,26.0,29
train,6723,20,2,400,20.0,22
train,6724,28,2,588,21.0,24
train,6725,36,2,1992,55.333333333333336,60
train,6726,5,2,190,38.0,38
train,6727,12,2,328,27.333333333333332,28
train,6728,14,2,260,18.571428571428573,20
train,6729,13,2,370,28.46153846153846,30
train,6730,14,2,492,35.142857142857146,39
train,6731,7,3,188,26.857142857142858,30
train,6732,24,2,744,31.0,32
train,6733,12,2,296,24.666666666666668,26
train,6734,12,2,288,24.0,26
train,6735,42,2,940,22.38095238095238,24
train,6736,3,3,78,26.0,30
train,6737,22,2,1540,70.0,75
train,6738,30,2,1684,56.13333333333333,60
train,6739,7,3,276,39.42857142857143,42
train,6740,6,2,116,19.333333333333332,21
train,6741,18,2,1228,68.22222222222223,70
train,6742,22,2,534,24.272727272727273,30
train,6743,30,2,1254,41.8,44
train,6744,6,3,124,20.666666666666668,22
train,6745,22,2,1140,51.81818181818182,61
train,6746,12,2,624,52.0,54
train,6747,14,3,772,55.142857142857146,60
train,6748,9,2,224,24.88888888888889,28
train,6749,14,2,388,27.714285714285715,32
train,6750,12,3,336,28.0,32
train,6751,10,3,216,21.6,25
train,6752,18,2,412,22.88888888888889,28
train,6753,18,2,344,19.11111111111111,24
train,6754,14,2,742,53.0,62
train,6755,32,2,1308,40.875,43
train,6756,8,2,216,27.0,28
train,6757,26,2,952,36.61538461538461,37
train,6758,7,2,188,26.857142857142858,28
train,6759,12,2,264,22.0,26
train,6760,18,2,312,17.333333333333332,19
train,6761,8,3,342,42.75,44
train,6762,8,3,188,23.5,25
train,6763,44,2,1768,40.18181818181818,43
train,6764,18,2,398,22.11111111111111,26
train,6765,48,2,848,17.666666666666668,19
train,6766,28,2,720,25.714285714285715,28
train,6767,28,2,712,25.428571428571427,28
train,6768,8,3,264,33.0,35
train,6769,14,3,488,34.857142857142854,39
train,6770,6,3,104,17.333333333333332,19
train,6771,11,2,270,24.545454545454547,27
train,6772,30,2,1436,47.86666666666667,50
train,6773,28,2,692,24.714285714285715,28
train,6774,20,2,460,23.0,30
train,6775,12,2,316,26.333333333333332,28
train,6776,9,3,336,37.333333333333336,39
train,6777,66,2,2954,44.75757575757576,51
train,6778,52,2,3336,64.15384615384616,66
train,6779,16,2,902,56.375,61
train,6780,22,2,360,16.363636363636363,17
train,6781,14,2,222,15.857142857142858,18
train,6782,60,2,2396,39.93333333333333,47
train,6783,4,4,126,31.5,32
train,6784,9,3,300,33.333333333333336,36
train,6785,28,2,980,35.0,40
train,6786,8,2,172,21.5,26
train,6787,16,2,1392,87.0,89
train,6788,6,3,302,50.333333333333336,56
train,6789,36,2,2056,57.111111111111114,62
train,6790,24,2,1168,48.666666666666664,52
train,6791,28,2,464,16.571428571428573,17
train,6792,22,2,940,42.72727272727273,43
train,6793,33,2,1984,60.121212121212125,67
train,6794,26,3,1208,46.46153846153846,52
train,6795,38,2,1828,48.10526315789474,52
train,6796,11,3,538,48.90909090909091,50
train,6797,30,2,1764,58.8,64
train,6798,5,3,92,18.4,20
train,6799,5,3,92,18.4,20
train,6800,14,2,244,17.428571428571427,22
train,6801,28,2,1324,47.285714285714285,53
train,6802,40,2,2184,54.6,59
train,6803,48,2,2442,50.875,57
train,6804,22,2,832,37.81818181818182,40
train,6805,28,2,1432,51.142857142857146,56
train,6806,12,2,212,17.666666666666668,19
train,6807,12,2,240,20.0,21
train,6808,12,2,288,24.0,25
train,6809,5,2,154,30.8,44
train,6810,12,2,292,24.333333333333332,26
train,6811,12,2,300,25.0,26
train,6812,12,2,304,25.333333333333332,28
train,6813,24,2,560,23.333333333333332,24
train,6814,24,2,816,34.0,38
train,6815,6,2,136,22.666666666666668,26
train,6816,34,2,1656,48.705882352941174,54
train,6817,4,3,64,16.0,16
train,6818,18,2,1020,56.666666666666664,64
train,6819,40,2,2296,57.4,63
train,6820,24,2,992,41.333333333333336,43
train,6821,20,2,376,18.8,22
train,6822,24,2,696,29.0,34
train,6823,14,2,496,35.42857142857143,40
train,6824,12,3,512,42.666666666666664,45
train,6825,26,2,536,20.615384615384617,23
train,6826,22,2,504,22.90909090909091,26
train,6827,6,2,168,28.0,32
train,6828,16,2,920,57.5,59
train,6829,28,2,1144,40.857142857142854,44
train,6830,14,2,336,24.0,27
train,6831,25,2,600,24.0,27
train,6832,7,2,156,22.285714285714285,24
train,6833,28,2,1288,46.0,52
train,6834,42,2,1068,25.428571428571427,29
train,6835,28,2,800,28.571428571428573,29
train,6836,12,2,308,25.666666666666668,26
train,6837,11,3,808,73.45454545454545,76
train,6838,11,3,788,71.63636363636364,76
train,6839,24,2,640,26.666666666666668,31
train,6840,24,2,440,18.333333333333332,20
train,6841,24,2,440,18.333333333333332,20
train,6842,20,2,628,31.4,34
train,6843,28,2,464,16.571428571428573,17
train,6844,10,3,464,46.4,50
train,6845,24,2,736,30.666666666666668,33
train,6846,9,2,124,13.777777777777779,16
train,6847,24,2,364,15.166666666666666,17
train,6848,6,3,120,20.0,20
train,6849,4,3,106,26.5,28
train,6850,20,2,344,17.2,18
train,6851,18,2,244,13.555555555555555,15
train,6852,18,2,308,17.11111111111111,20
train,6853,18,2,616,34.22222222222222,38
train,6854,36,2,1104,30.666666666666668,35
train,6855,40,2,940,23.5,26
train,6856,24,2,616,25.666666666666668,29
train,6857,32,2,1088,34.0,38
train,6858,24,2,912,38.0,45
train,6859,13,4,846,65.07692307692308,69
train,6860,12,2,268,22.333333333333332,23
train,6861,28,2,576,20.571428571428573,24
train,6862,12,3,976,81.33333333333333,85
train,6863,22,2,392,17.818181818181817,23
train,6864,18,2,368,20.444444444444443,23
train,6865,28,2,816,29.142857142857142,31
train,6866,9,2,172,19.11111111111111,22
train,6867,7,2,116,16.571428571428573,19
train,6868,20,2,1052,52.6,56
train,6869,8,2,288,36.0,36
train,6870,28,2,680,24.285714285714285,26
train,6871,8,2,204,25.5,26
train,6872,12,2,368,30.666666666666668,31
train,6873,24,2,1468,61.166666666666664,64
train,6874,12,2,772,64.33333333333333,66
train,6875,12,2,232,19.333333333333332,20
train,6876,8,2,228,28.5,30
train,6877,28,2,728,26.0,29
train,6878,6,3,136,22.666666666666668,24
train,6879,36,2,800,22.22222222222222,25
train,6880,6,3,144,24.0,28
train,6881,9,2,172,19.11111111111111,22
train,6882,16,2,560,35.0,38
train,6883,9,2,172,19.11111111111111,22
train,6884,32,2,608,19.0,21
train,6885,16,2,364,22.75,23
train,6886,34,3,964,28.352941176470587,31
train,6887,12,3,368,30.666666666666668,36
train,6888,14,2,396,28.285714285714285,34
train,6889,7,2,114,16.285714285714285,19
train,6890,16,2,770,48.125,54
train,6891,16,2,628,39.25,43
train,6892,72,2,3592,49.888888888888886,55
train,6893,28,2,1296,46.285714285714285,48
train,6894,24,2,1492,62.166666666666664,65
train,6895,24,2,392,16.333333333333332,18
train,6896,28,3,1096,39.142857142857146,40
train,6897,18,2,732,40.666666666666664,42
train,6898,13,3,386,29.692307692307693,33
train,6899,5,3,140,28.0,29
train,6900,16,2,236,14.75,15
train,6901,9,3,232,25.77777777777778,30
train,6902,18,2,512,28.444444444444443,29
train,6903,4,3,232,58.0,58
train,6904,12,2,264,22.0,26
train,6905,12,3,260,21.666666666666668,26
train,6906,4,3,112,28.0,28
train,6907,12,3,260,21.666666666666668,26
train,6908,4,3,104,26.0,26
train,6909,32,2,832,26.0,29
train,6910,4,3,100,25.0,26
train,6911,4,3,104,26.0,26
train,6912,7,4,430,61.42857142857143,63
train,6913,5,2,154,30.8,44
train,6914,5,2,154,30.8,44
train,6915,4,3,104,26.0,26
train,6916,22,2,384,17.454545454545453,18
train,6917,24,2,516,21.5,23
train,6918,24,2,472,19.666666666666668,22
train,6919,24,2,456,19.0,22
train,6920,18,2,396,22.0,26
train,6921,20,2,1080,54.0,57
train,6922,36,2,2028,56.333333333333336,61
train,6923,32,2,1272,39.75,43
train,6924,26,2,1032,39.69230769230769,42
train,6925,10,2,160,16.0,17
train,6926,6,3,282,47.0,56
train,6927,5,2,250,50.0,52
train,6928,6,3,234,39.0,44
train,6929,5,3,224,44.8,50
train,6930,3,3,128,42.666666666666664,44
train,6931,6,3,204,34.0,35
train,6932,5,2,190,38.0,38
train,6933,16,3,340,21.25,25
train,6934,4,3,78,19.5,20
train,6935,10,2,148,14.8,18
train,6936,36,2,1832,50.888888888888886,58
train,6937,10,2,220,22.0,24
train,6938,8,3,340,42.5,44
train,6939,22,2,1028,46.72727272727273,49
train,6940,48,2,2046,42.625,46
train,6941,5,2,190,38.0,38
train,6942,60,2,2528,42.13333333333333,48
train,6943,4,3,128,32.0,32
train,6944,9,2,142,15.777777777777779,18
train,6945,20,2,856,42.8,45
train,6946,72,2,3576,49.666666666666664,53
train,6947,16,3,832,52.0,56
train,6948,12,2,436,36.333333333333336,40
train,6949,72,1,1088,15.11111111111111,20
train,6950,24,2,380,15.833333333333334,19
train,6951,20,2,552,27.6,32
train,6952,32,2,1396,43.625,46
train,6953,20,2,864,43.2,58
train,6954,44,2,992,22.545454545454547,25
train,6955,22,2,712,32.36363636363637,36
train,6956,16,3,312,19.5,23
train,6957,12,2,208,17.333333333333332,18
train,6958,20,2,504,25.2,28
train,6959,4,3,164,41.0,48
train,6960,7,3,136,19.428571428571427,22
train,6961,36,2,2046,56.833333333333336,62
train,6962,14,2,400,28.571428571428573,32
train,6963,6,3,140,23.333333333333332,26
train,6964,20,2,440,22.0,25
train,6965,32,2,1560,48.75,51
train,6966,7,2,138,19.714285714285715,22
train,6967,28,2,1388,49.57142857142857,54
train,6968,24,2,1424,59.333333333333336,63
train,6969,14,2,572,40.857142857142854,43
train,6970,18,2,452,25.11111111111111,27
train,6971,22,2,364,16.545454545454547,19
train,6972,24,2,464,19.333333333333332,22
train,6973,20,2,380,19.0,23
train,6974,21,2,804,38.285714285714285,41
train,6975,3,3,102,34.0,36
train,6976,28,2,576,20.571428571428573,24
train,6977,10,2,248,24.8,30
train,6978,28,2,640,22.857142857142858,25
train,6979,28,2,600,21.428571428571427,24
train,6980,16,2,800,50.0,54
train,6981,26,2,1172,45.07692307692308,47
train,6982,7,3,136,19.428571428571427,22
train,6983,22,2,356,16.181818181818183,17
train,6984,14,2,232,16.571428571428573,19
train,6985,3,3,42,14.0,15
train,6986,12,3,384,32.0,36
train,6987,3,3,72,24.0,24
train,6988,12,3,568,47.333333333333336,52
train,6989,56,2,1228,21.928571428571427,24
train,6990,8,3,172,21.5,29
train,6991,6,3,234,39.0,44
train,6992,4,3,232,58.0,58
train,6993,5,2,76,15.2,20
train,6994,10,2,420,42.0,43
train,6995,9,2,166,18.444444444444443,22
train,6996,4,3,232,58.0,58
train,6997,4,3,104,26.0,26
train,6998,2,2,28,14.0,14
train,6999,12,3,716,59.666666666666664,64
train,7000,22,2,2038,92.63636363636364,99
train,7001,30,2,640,21.333333333333332,23
train,7002,18,2,628,34.888888888888886,37
train,7003,24,2,552,23.0,24
train,7004,76,1,1828,24.05263157894737,28
train,7005,32,2,904,28.25,33
train,7006,16,2,550,34.375,38
train,7007,6,3,124,20.666666666666668,22
train,7008,22,3,992,45.09090909090909,48
train,7009,12,3,792,66.0,68
train,7010,14,3,764,54.57142857142857,60
train,7011,28,2,552,19.714285714285715,24
train,7012,5,3,178,35.6,38
train,7013,6,2,270,45.0,50
train,7014,11,3,368,33.45454545454545,40
train,7015,8,2,316,39.5,41
train,7016,24,2,1944,81.0,88
train,7017,18,2,276,15.333333333333334,16
train,7018,12,3,872,72.66666666666667,75
train,7019,22,2,604,27.454545454545453,29
train,7020,5,3,450,90.0,98
train,7021,16,2,710,44.375,47
train,7022,8,3,324,40.5,42
train,7023,23,2,476,20.695652173913043,23
train,7024,23,2,476,20.695652173913043,23
train,7025,6,2,152,25.333333333333332,28
train,7026,10,3,406,40.6,42
train,7027,24,2,784,32.666666666666664,35
train,7028,24,2,636,26.5,28
train,7029,9,3,264,29.333333333333332,32
train,7030,14,2,312,22.285714285714285,26
train,7031,16,2,648,40.5,45
train,7032,16,2,592,37.0,39
train,7033,24,2,1536,64.0,67
train,7034,6,3,196,32.666666666666664,34
train,7035,9,2,252,28.0,32
train,7036,26,2,700,26.923076923076923,28
train,7037,14,2,244,17.428571428571427,22
train,7038,7,3,284,40.57142857142857,52
train,7039,8,3,212,26.5,29
train,7040,28,2,1172,41.857142857142854,47
train,7041,38,2,1952,51.36842105263158,56
train,7042,9,2,222,24.666666666666668,32
train,7043,6,2,96,16.0,17
train,7044,4,2,72,18.0,18
train,7045,3,4,102,34.0,34
train,7046,4,3,104,26.0,26
train,7047,4,2,168,42.0,42
train,7048,4,3,104,26.0,26
train,7049,4,2,168,42.0,42
train,7050,4,3,200,50.0,50
train,7051,4,3,200,50.0,50
train,7052,4,2,168,42.0,42
train,7053,6,2,192,32.0,32
train,7054,4,2,168,42.0,42
train,7055,5,3,210,42.0,42
train,7056,3,4,102,34.0,34
train,7057,3,4,102,34.0,34
train,7058,4,2,168,42.0,42
train,7059,4,2,168,42.0,42
train,7060,3,3,66,22.0,23
train,7061,6,2,174,29.0,34
train,7062,8,2,440,55.0,55
train,7063,16,2,308,19.25,23
train,7064,16,3,588,36.75,44
train,7065,2,2,28,14.0,14
train,7066,4,3,104,26.0,26
train,7067,4,3,104,26.0,26
train,7068,3,3,64,21.333333333333332,22
train,7069,3,4,126,42.0,42
train,7070,8,2,304,38.0,38
train,7071,3,3,64,21.333333333333332,22
train,7072,3,3,64,21.333333333333332,22
train,7073,4,3,200,50.0,50
train,7074,4,3,104,26.0,26
train,7075,4,3,104,26.0,26
train,7076,12,2,380,31.666666666666668,32
train,7077,4,3,104,26.0,26
train,7078,4,3,200,50.0,50
train,7079,4,3,200,50.0,50
train,7080,4,3,104,26.0,26
train,7081,3,4,142,47.333333333333336,50
train,7082,3,3,64,21.333333333333332,22
train,7083,4,3,104,26.0,26
train,7084,6,3,228,38.0,38
train,7085,28,2,1688,60.285714285714285,86
train,7086,5,3,106,21.2,22
train,7087,6,2,132,22.0,23
train,7088,3,3,112,37.333333333333336,44
train,7089,3,3,112,37.333333333333336,44
train,7090,3,3,64,21.333333333333332,22
train,7091,12,2,248,20.666666666666668,23
train,7092,3,3,128,42.666666666666664,44
train,7093,3,3,128,42.666666666666664,44
train,7094,3,3,112,37.333333333333336,44
train,7095,4,3,104,26.0,26
train,7096,3,3,112,37.333333333333336,44
train,7097,2,2,28,14.0,14
train,7098,3,3,48,16.0,17
train,7099,36,2,804,22.333333333333332,26
train,7100,6,2,270,45.0,50
train,7101,4,3,108,27.0,29
train,7102,3,3,90,30.0,30
train,7103,8,2,304,38.0,38
train,7104,4,3,176,44.0,46
train,7105,2,2,28,14.0,14
train,7106,8,2,160,20.0,20
train,7107,4,3,152,38.0,38
train,7108,3,3,66,22.0,23
train,7109,14,3,736,52.57142857142857,54
train,7110,20,2,512,25.6,32
train,7111,6,2,244,40.666666666666664,46
train,7112,14,2,232,16.571428571428573,20
train,7113,12,2,292,24.333333333333332,31
train,7114,9,3,314,34.888888888888886,35
train,7115,36,2,1896,52.666666666666664,55
train,7116,24,2,1072,44.666666666666664,49
train,7117,4,3,232,58.0,58
train,7118,4,3,232,58.0,58
train,7119,6,3,224,37.333333333333336,38
train,7120,9,3,336,37.333333333333336,41
train,7121,4,3,132,33.0,33
train,7122,6,3,264,44.0,44
train,7123,4,3,232,58.0,58
train,7124,6,3,152,25.333333333333332,30
train,7125,16,2,428,26.75,29
train,7126,12,2,144,12.0,12
train,7127,6,3,312,52.0,56
train,7128,4,3,134,33.5,38
train,7129,3,4,126,42.0,42
train,7130,4,3,104,26.0,26
train,7131,6,3,270,45.0,50
train,7132,4,3,200,50.0,50
train,7133,4,3,216,54.0,54
train,7134,4,3,232,58.0,58
train,7135,5,4,290,58.0,58
train,7136,12,2,284,23.666666666666668,26
train,7137,4,3,116,29.0,31
train,7138,4,3,104,26.0,26
train,7139,12,2,308,25.666666666666668,32
train,7140,9,2,240,26.666666666666668,32
train,7141,8,3,340,42.5,47
train,7142,29,2,1210,41.724137931034484,50
train,7143,6,3,270,45.0,50
train,7144,6,3,270,45.0,50
train,7145,16,2,284,17.75,19
train,7146,6,2,270,45.0,50
train,7147,4,2,216,54.0,54
train,7148,16,2,688,43.0,44
train,7149,4,3,104,26.0,26
train,7150,4,3,232,58.0,58
train,7151,4,3,232,58.0,58
train,7152,4,3,232,58.0,58
train,7153,8,2,400,50.0,50
train,7154,4,4,184,46.0,46
train,7155,6,3,312,52.0,56
train,7156,16,2,284,17.75,19
train,7157,4,3,104,26.0,26
train,7158,9,2,240,26.666666666666668,32
train,7159,9,2,276,30.666666666666668,34
train,7160,16,2,284,17.75,19
train,7161,8,3,376,47.0,52
train,7162,4,2,168,42.0,42
train,7163,8,2,400,50.0,50
train,7164,2,3,52,26.0,26
train,7165,6,2,270,45.0,50
train,7166,9,2,234,26.0,32
train,7167,4,3,104,26.0,26
train,7168,4,3,104,26.0,26
train,7169,4,3,104,26.0,26
train,7170,4,3,200,50.0,50
train,7171,4,3,232,58.0,58
train,7172,4,3,232,58.0,58
train,7173,4,2,168,42.0,42
train,7174,4,2,104,26.0,26
train,7175,3,4,102,34.0,34
train,7176,3,3,128,42.666666666666664,44
train,7177,5,3,134,26.8,34
train,7178,3,3,112,37.333333333333336,44
train,7179,6,3,318,53.0,56
train,7180,5,3,270,54.0,54
train,7181,6,2,234,39.0,44
train,7182,4,3,232,58.0,58
train,7183,4,3,232,58.0,58
train,7184,4,3,232,58.0,58
train,7185,4,3,232,58.0,58
train,7186,4,2,168,42.0,42
train,7187,8,2,316,39.5,40
train,7188,3,4,126,42.0,42
train,7189,4,3,200,50.0,50
train,7190,4,2,168,42.0,42
train,7191,3,3,64,21.333333333333332,22
train,7192,8,2,400,50.0,50
train,7193,8,2,304,38.0,38
train,7194,4,2,168,42.0,42
train,7195,2,3,100,50.0,50
train,7196,8,2,316,39.5,40
train,7197,6,3,192,32.0,32
train,7198,6,3,132,22.0,23
train,7199,2,2,52,26.0,26
train,7200,30,2,1434,47.8,53
train,7201,14,2,232,16.571428571428573,17
train,7202,24,2,1224,51.0,55
train,7203,22,2,548,24.90909090909091,29
train,7204,16,2,424,26.5,30
train,7205,5,3,182,36.4,38
train,7206,18,2,764,42.44444444444444,52
train,7207,16,2,276,17.25,18
train,7208,10,2,218,21.8,22
train,7209,11,2,188,17.09090909090909,19
train,7210,20,2,512,25.6,32
train,7211,20,2,512,25.6,32
train,7212,26,2,1332,51.23076923076923,55
train,7213,66,2,3096,46.90909090909091,51
train,7214,8,2,320,40.0,42
train,7215,28,2,1684,60.142857142857146,63
train,7216,16,3,816,51.0,52
train,7217,52,2,3784,72.76923076923077,80
train,7218,8,2,256,32.0,34
train,7219,30,2,1160,38.666666666666664,44
train,7220,18,2,672,37.333333333333336,39
train,7221,6,2,136,22.666666666666668,26
train,7222,12,2,240,20.0,21
train,7223,7,2,120,17.142857142857142,20
train,7224,40,2,1008,25.2,27
train,7225,11,2,270,24.545454545454547,26
train,7226,40,2,2006,50.15,54
train,7227,30,2,1672,55.733333333333334,59
train,7228,30,2,1252,41.733333333333334,45
train,7229,16,2,320,20.0,21
train,7230,16,2,312,19.5,20
train,7231,10,2,226,22.6,23
train,7232,20,2,324,16.2,17
train,7233,6,3,280,46.666666666666664,48
train,7234,12,2,462,38.5,42
train,7235,6,2,176,29.333333333333332,30
train,7236,5,2,250,50.0,52
train,7237,5,2,154,30.8,44
train,7238,5,2,154,30.8,44
train,7239,52,2,2412,46.38461538461539,55
train,7240,34,2,2368,69.6470588235294,82
train,7241,8,3,388,48.5,51
train,7242,32,2,1560,48.75,51
train,7243,9,2,252,28.0,32
train,7244,28,2,600,21.428571428571427,24
train,7245,18,2,324,18.0,20
train,7246,18,2,264,14.666666666666666,16
train,7247,6,3,220,36.666666666666664,39
train,7248,24,2,1016,42.333333333333336,48
train,7249,20,2,1024,51.2,57
train,7250,20,2,1024,51.2,57
train,7251,20,2,1040,52.0,57
train,7252,20,2,968,48.4,52
train,7253,20,2,1024,51.2,55
train,7254,20,2,1040,52.0,55
train,7255,20,2,1104,55.2,60
train,7256,20,2,1104,55.2,60
train,7257,20,2,1104,55.2,60
train,7258,22,2,1016,46.18181818181818,50
train,7259,6,3,108,18.0,20
train,7260,6,3,120,20.0,20
train,7261,6,3,120,20.0,20
train,7262,5,2,76,15.2,20
train,7263,6,3,144,24.0,26
train,7264,4,3,100,25.0,26
train,7265,4,3,232,58.0,58
train,7266,4,3,104,26.0,26
train,7267,4,3,168,42.0,42
train,7268,10,2,300,30.0,32
train,7269,5,3,182,36.4,38
train,7270,5,3,182,36.4,38
train,7271,4,3,200,50.0,50
train,7272,10,2,380,38.0,42
train,7273,7,3,316,45.142857142857146,47
train,7274,17,3,840,49.411764705882355,58
train,7275,10,2,214,21.4,23
train,7276,16,2,892,55.75,58
train,7277,9,2,150,16.666666666666668,18
train,7278,18,2,376,20.88888888888889,25
train,7279,34,3,1656,48.705882352941174,51
train,7280,34,2,1552,45.64705882352941,48
train,7281,16,2,284,17.75,21
train,7282,28,2,812,29.0,35
train,7283,28,2,648,23.142857142857142,26
train,7284,20,2,476,23.8,25
train,7285,52,2,1308,25.153846153846153,31
train,7286,44,2,728,16.545454545454547,21
train,7287,16,3,568,35.5,41
train,7288,4,3,200,50.0,50
train,7289,4,2,168,42.0,42
train,7290,4,3,200,50.0,50
train,7291,4,2,56,14.0,14
train,7292,28,2,664,23.714285714285715,27
train,7293,20,2,552,27.6,32
train,7294,16,2,680,42.5,44
train,7295,8,2,264,33.0,35
train,7296,4,3,108,27.0,27
train,7297,5,3,114,22.8,24
train,7298,25,2,1734,69.36,72
train,7299,6,3,132,22.0,23
train,7300,6,3,144,24.0,26
train,7301,6,3,144,24.0,26
train,7302,22,2,964,43.81818181818182,47
train,7303,22,2,1080,49.09090909090909,52
train,7304,22,2,992,45.09090909090909,50
train,7305,26,2,1332,51.23076923076923,59
train,7306,6,3,132,22.0,23
train,7307,6,3,144,24.0,26
train,7308,9,2,300,33.333333333333336,36
train,7309,4,2,168,42.0,42
train,7310,4,3,232,58.0,58
train,7311,4,3,232,58.0,58
train,7312,3,3,128,42.666666666666664,44
train,7313,3,3,128,42.666666666666664,44
train,7314,3,3,128,42.666666666666664,44
train,7315,3,3,128,42.666666666666664,44
train,7316,3,3,128,42.666666666666664,44
train,7317,3,3,128,42.666666666666664,44
train,7318,3,3,128,42.666666666666664,44
train,7319,3,3,128,42.666666666666664,44
train,7320,3,3,128,42.666666666666664,44
train,7321,12,3,544,45.333333333333336,46
train,7322,9,2,156,17.333333333333332,18
train,7323,5,3,182,36.4,38
train,7324,9,2,360,40.0,44
train,7325,8,2,200,25.0,28
train,7326,8,2,224,28.0,30
train,7327,18,2,1020,56.666666666666664,60
train,7328,18,2,980,54.44444444444444,57
train,7329,3,3,128,42.666666666666664,44
train,7330,10,2,280,28.0,30
train,7331,2,3,64,32.0,32
train,7332,40,2,1288,32.2,36
train,7333,6,3,176,29.333333333333332,32
train,7334,8,2,200,25.0,26
train,7335,3,4,222,74.0,74
train,7336,40,2,928,23.2,24
train,7337,8,3,216,27.0,28
train,7338,6,3,172,28.666666666666668,30
train,7339,8,3,208,26.0,30
train,7340,40,2,1216,30.4,34
train,7341,6,3,176,29.333333333333332,30
train,7342,40,2,816,20.4,23
train,7343,6,3,168,28.0,30
train,7344,3,3,54,18.0,18
train,7345,40,2,1160,29.0,31
train,7346,6,3,452,75.33333333333333,76
train,7347,4,2,56,14.0,14
train,7348,4,3,156,39.0,40
train,7349,5,2,154,30.8,44
train,7350,3,2,60,20.0,20
train,7351,5,3,80,16.0,16
train,7352,14,3,928,66.28571428571429,70
train,7353,56,2,4012,71.64285714285714,76
train,7354,8,3,284,35.5,40
train,7355,14,2,304,21.714285714285715,24
train,7356,8,3,208,26.0,26
train,7357,14,3,928,66.28571428571429,70
train,7358,8,3,208,26.0,26
train,7359,12,2,436,36.333333333333336,37
train,7360,3,3,54,18.0,18
train,7361,10,2,504,50.4,53
train,7362,44,2,2404,54.63636363636363,60
train,7363,8,3,208,26.0,26
train,7364,14,3,944,67.42857142857143,71
train,7365,22,2,1356,61.63636363636363,74
train,7366,7,2,104,14.857142857142858,17
train,7367,14,2,416,29.714285714285715,31
train,7368,11,3,474,43.09090909090909,49
train,7369,14,2,548,39.142857142857146,46
train,7370,5,3,298,59.6,61
train,7371,12,3,584,48.666666666666664,50
train,7372,15,2,482,32.13333333333333,36
train,7373,14,2,304,21.714285714285715,24
train,7374,14,2,352,25.142857142857142,26
train,7375,5,3,102,20.4,24
train,7376,14,3,1008,72.0,76
train,7377,8,3,216,27.0,30
train,7378,22,2,1308,59.45454545454545,62
train,7379,6,2,508,84.66666666666667,90
train,7380,16,2,276,17.25,19
train,7381,14,3,1074,76.71428571428571,80
train,7382,6,3,290,48.333333333333336,52
train,7383,8,2,312,39.0,40
train,7384,6,2,164,27.333333333333332,30
train,7385,14,2,344,24.571428571428573,28
train,7386,11,2,540,49.09090909090909,53
train,7387,8,3,212,26.5,27
train,7388,6,3,336,56.0,56
train,7389,8,3,420,52.5,58
train,7390,8,3,240,30.0,30
train,7391,3,4,148,49.333333333333336,52
train,7392,8,3,208,26.0,26
train,7393,14,2,304,21.714285714285715,24
train,7394,10,2,268,26.8,32
train,7395,8,3,414,51.75,53
train,7396,11,3,480,43.63636363636363,51
train,7397,4,3,156,39.0,40
train,7398,3,3,128,42.666666666666664,44
train,7399,4,3,88,22.0,22
train,7400,8,3,568,71.0,72
train,7401,12,2,460,38.333333333333336,41
train,7402,14,2,304,21.714285714285715,24
train,7403,14,2,496,35.42857142857143,44
train,7404,14,2,304,21.714285714285715,24
train,7405,13,2,548,42.15384615384615,52
train,7406,14,2,424,30.285714285714285,32
train,7407,7,3,180,25.714285714285715,26
train,7408,3,3,128,42.666666666666664,44
train,7409,14,3,928,66.28571428571429,69
train,7410,8,2,390,48.75,49
train,7411,7,2,120,17.142857142857142,20
train,7412,42,2,2950,70.23809523809524,72
train,7413,14,2,376,26.857142857142858,32
train,7414,14,2,408,29.142857142857142,30
train,7415,22,2,996,45.27272727272727,48
train,7416,15,2,510,34.0,38
train,7417,8,3,536,67.0,70
train,7418,10,2,274,27.4,32
train,7419,8,2,252,31.5,36
train,7420,3,3,128,42.666666666666664,44
train,7421,6,3,352,58.666666666666664,60
train,7422,46,2,2444,53.130434782608695,57
train,7423,4,3,118,29.5,33
train,7424,6,3,180,30.0,34
train,7425,11,2,532,48.36363636363637,51
train,7426,8,3,448,56.0,56
train,7427,6,2,340,56.666666666666664,60
train,7428,9,2,186,20.666666666666668,23
train,7429,9,2,236,26.22222222222222,28
train,7430,8,2,390,48.75,49
train,7431,3,3,134,44.666666666666664,47
train,7432,17,2,396,23.294117647058822,24
train,7433,14,2,336,24.0,34
train,7434,11,3,480,43.63636363636363,51
train,7435,7,2,136,19.428571428571427,20
train,7436,8,2,312,39.0,40
train,7437,8,2,390,48.75,49
train,7438,3,3,128,42.666666666666664,44
train,7439,14,2,920,65.71428571428571,76
train,7440,14,2,400,28.571428571428573,32
train,7441,11,2,510,46.36363636363637,52
train,7442,7,3,356,50.857142857142854,58
train,7443,8,2,408,51.0,52
train,7444,4,3,184,46.0,48
train,7445,14,2,304,21.714285714285715,24
train,7446,8,2,192,24.0,28
train,7447,11,2,604,54.90909090909091,59
train,7448,13,2,820,63.07692307692308,68
train,7449,4,3,156,39.0,40
train,7450,3,3,92,30.666666666666668,33
train,7451,12,3,780,65.0,68
train,7452,10,2,500,50.0,50
train,7453,14,2,272,19.428571428571427,24
train,7454,6,3,356,59.333333333333336,62
train,7455,7,2,136,19.428571428571427,20
train,7456,14,2,304,21.714285714285715,24
train,7457,7,3,160,22.857142857142858,25
train,7458,3,3,146,48.666666666666664,50
train,7459,10,2,380,38.0,38
train,7460,18,2,828,46.0,48
train,7461,7,2,136,19.428571428571427,20
train,7462,22,2,1356,61.63636363636363,74
train,7463,7,3,138,19.714285714285715,24
train,7464,12,2,936,78.0,90
train,7465,9,2,400,44.44444444444444,46
train,7466,10,2,228,22.8,24
train,7467,9,3,534,59.333333333333336,60
train,7468,14,2,304,21.714285714285715,24
train,7469,48,2,2456,51.166666666666664,69
train,7470,50,2,3068,61.36,64
train,7471,10,3,324,32.4,44
train,7472,10,2,506,50.6,53
train,7473,10,3,292,29.2,44
train,7474,10,3,324,32.4,44
train,7475,46,2,2072,45.04347826086956,56
train,7476,50,2,2518,50.36,54
train,7477,14,2,1072,76.57142857142857,79
train,7478,10,2,500,50.0,52
train,7479,49,2,2224,45.38775510204081,72
train,7480,18,2,752,41.77777777777778,48
train,7481,10,2,500,50.0,52
train,7482,10,2,274,27.4,44
train,7483,10,2,500,50.0,52
train,7484,10,3,500,50.0,52
train,7485,46,2,2256,49.04347826086956,66
train,7486,46,2,2120,46.08695652173913,68
train,7487,22,2,1272,57.81818181818182,60
train,7488,30,2,876,29.2,31
train,7489,12,2,440,36.666666666666664,38
train,7490,8,3,524,65.5,68
train,7491,24,2,1152,48.0,53
train,7492,20,2,708,35.4,38
train,7493,32,2,1092,34.125,41
train,7494,4,3,88,22.0,22
train,7495,30,2,1332,44.4,50
train,7496,24,2,488,20.333333333333332,23
train,7497,24,2,648,27.0,28
train,7498,12,2,392,32.666666666666664,38
train,7499,32,2,1336,41.75,50
train,7500,5,2,154,30.8,44
train,7501,9,2,268,29.77777777777778,38
train,7502,42,2,1788,42.57142857142857,44
train,7503,14,2,648,46.285714285714285,50
train,7504,14,2,940,67.14285714285714,79
train,7505,29,2,1054,36.3448275862069,38
train,7506,8,3,484,60.5,64
train,7507,33,2,1826,55.333333333333336,62
train,7508,36,2,864,24.0,27
train,7509,34,2,1810,53.23529411764706,58
train,7510,10,2,184,18.4,22
train,7511,40,2,1500,37.5,42
train,7512,28,2,990,35.357142857142854,37
train,7513,23,2,1648,71.65217391304348,77
train,7514,26,3,744,28.615384615384617,34
train,7515,27,2,1512,56.0,59
train,7516,18,2,796,44.22222222222222,48
train,7517,24,2,1064,44.333333333333336,47
train,7518,24,2,896,37.333333333333336,40
train,7519,30,2,876,29.2,31
train,7520,30,2,792,26.4,28
train,7521,12,3,368,30.666666666666668,36
train,7522,56,2,2140,38.214285714285715,43
train,7523,16,2,216,13.5,15
train,7524,4,3,94,23.5,26
train,7525,24,2,520,21.666666666666668,26
train,7526,32,3,1840,57.5,62
train,7527,10,2,148,14.8,18
train,7528,23,2,328,14.26086956521739,17
train,7529,9,2,372,41.333333333333336,50
train,7530,28,3,1652,59.0,62
train,7531,32,2,1602,50.0625,54
train,7532,28,2,648,23.142857142857142,25
train,7533,3,3,128,42.666666666666664,44
train,7534,14,2,666,47.57142857142857,52
train,7535,32,2,704,22.0,24
train,7536,28,2,800,28.571428571428573,31
train,7537,20,2,1252,62.6,67
train,7538,26,2,1140,43.84615384615385,47
train,7539,16,3,1124,70.25,78
train,7540,26,2,1200,46.15384615384615,56
train,7541,35,2,2698,77.08571428571429,86
train,7542,24,2,1024,42.666666666666664,46
train,7543,11,2,592,53.81818181818182,58
train,7544,4,3,128,32.0,34
train,7545,22,2,556,25.272727272727273,30
train,7546,24,2,1444,60.166666666666664,65
train,7547,18,2,412,22.88888888888889,24
train,7548,12,3,240,20.0,22
train,7549,12,3,244,20.333333333333332,24
train,7550,12,3,244,20.333333333333332,24
train,7551,13,2,640,49.23076923076923,52
train,7552,28,2,1456,52.0,55
train,7553,24,2,416,17.333333333333332,18
train,7554,28,2,976,34.857142857142854,39
train,7555,26,2,1160,44.61538461538461,50
train,7556,16,2,686,42.875,52
train,7557,5,2,94,18.8,23
train,7558,24,2,540,22.5,26
train,7559,28,2,712,25.428571428571427,27
train,7560,12,3,240,20.0,22
train,7561,12,3,240,20.0,22
train,7562,14,2,528,37.714285714285715,38
train,7563,28,2,1456,52.0,54
train,7564,4,3,136,34.0,38
train,7565,18,3,508,28.22222222222222,32
train,7566,8,2,64,8.0,8
train,7567,8,2,212,26.5,27
train,7568,36,2,1984,55.111111111111114,60
train,7569,18,2,660,36.666666666666664,42
train,7570,6,3,108,18.0,20
train,7571,16,2,236,14.75,20
train,7572,34,3,1680,49.411764705882355,54
train,7573,22,2,564,25.636363636363637,28
train,7574,4,2,168,42.0,42
train,7575,12,3,208,17.333333333333332,19
train,7576,12,3,224,18.666666666666668,21
train,7577,14,2,560,40.0,46
train,7578,28,2,1284,45.857142857142854,54
train,7579,6,3,340,56.666666666666664,60
train,7580,28,2,1596,57.0,66
train,7581,8,3,236,29.5,30
train,7582,24,2,600,25.0,27
train,7583,12,3,276,23.0,28
train,7584,24,2,1104,46.0,50
train,7585,27,2,1756,65.03703703703704,78
train,7586,4,4,270,67.5,74
train,7587,32,2,956,29.875,36
train,7588,28,2,600,21.428571428571427,25
train,7589,8,3,384,48.0,50
train,7590,6,3,132,22.0,23
train,7591,13,2,250,19.23076923076923,26
train,7592,36,2,1224,34.0,38
train,7593,13,2,612,47.07692307692308,49
train,7594,28,2,1520,54.285714285714285,56
train,7595,80,2,3332,41.65,51
train,7596,56,2,4224,75.42857142857143,78
train,7597,69,2,4894,70.92753623188406,76
train,7598,62,2,3104,50.064516129032256,54
train,7599,80,2,4990,62.375,76
train,7600,80,2,4146,51.825,60
train,7601,54,2,2816,52.148148148148145,72
train,7602,6,3,364,60.666666666666664,66
train,7603,15,2,496,33.06666666666667,34
train,7604,14,3,444,31.714285714285715,35
train,7605,13,2,202,15.538461538461538,18
train,7606,36,2,1716,47.666666666666664,52
train,7607,5,4,236,47.2,48
train,7608,52,2,2304,44.30769230769231,47
train,7609,24,3,992,41.333333333333336,45
train,7610,52,2,2368,45.53846153846154,49
train,7611,28,2,1244,44.42857142857143,49
train,7612,28,2,1208,43.142857142857146,47
train,7613,28,2,1160,41.42857142857143,42
train,7614,28,2,1268,45.285714285714285,49
train,7615,9,3,512,56.888888888888886,58
train,7616,11,3,258,23.454545454545453,25
train,7617,28,3,1488,53.142857142857146,56
train,7618,36,2,1004,27.88888888888889,31
train,7619,34,2,1828,53.76470588235294,59
train,7620,10,2,356,35.6,44
train,7621,20,2,512,25.6,32
train,7622,10,3,496,49.6,50
train,7623,21,3,1092,52.0,55
train,7624,6,3,88,14.666666666666666,16
train,7625,30,2,1308,43.6,47
train,7626,30,2,1308,43.6,47
train,7627,28,2,680,24.285714285714285,27
train,7628,28,2,696,24.857142857142858,29
train,7629,20,2,336,16.8,18
train,7630,24,2,576,24.0,26
train,7631,24,2,1296,54.0,57
train,7632,40,2,1512,37.8,41
train,7633,20,2,1020,51.0,54
train,7634,36,2,1752,48.666666666666664,54
train,7635,32,2,1952,61.0,63
train,7636,16,2,516,32.25,33
train,7637,12,3,400,33.333333333333336,40
train,7638,20,2,356,17.8,19
train,7639,36,2,816,22.666666666666668,26
train,7640,16,2,312,19.5,20
train,7641,30,2,1236,41.2,44
train,7642,30,2,1236,41.2,44
train,7643,38,2,1884,49.578947368421055,54
train,7644,9,2,124,13.777777777777779,16
train,7645,9,3,564,62.666666666666664,65
train,7646,10,2,152,15.2,16
train,7647,14,2,200,14.285714285714286,18
train,7648,13,3,270,20.76923076923077,24
train,7649,32,2,1240,38.75,46
train,7650,6,2,156,26.0,29
train,7651,24,2,1452,60.5,66
train,7652,44,2,1120,25.454545454545453,27
train,7653,28,2,712,25.428571428571427,28
train,7654,42,2,2136,50.857142857142854,55
train,7655,42,2,2106,50.142857142857146,55
train,7656,44,2,860,19.545454545454547,22
train,7657,20,2,376,18.8,20
train,7658,15,3,838,55.86666666666667,67
train,7659,8,2,352,44.0,50
train,7660,36,2,1848,51.333333333333336,54
train,7661,40,2,1660,41.5,46
train,7662,9,2,168,18.666666666666668,24
train,7663,28,2,1272,45.42857142857143,49
train,7664,36,2,1524,42.333333333333336,44
train,7665,30,2,832,27.733333333333334,31
train,7666,35,2,1736,49.6,55
train,7667,12,3,372,31.0,32
train,7668,11,3,274,24.90909090909091,26
train,7669,13,2,442,34.0,38
train,7670,16,2,288,18.0,21
train,7671,48,2,1160,24.166666666666668,26
train,7672,48,2,1152,24.0,26
train,7673,24,2,512,21.333333333333332,24
train,7674,80,2,4528,56.6,61
train,7675,4,2,92,23.0,24
train,7676,34,2,1720,50.588235294117645,55
train,7677,34,2,1942,57.11764705882353,61
train,7678,64,2,2888,45.125,52
train,7679,32,2,1676,52.375,59
train,7680,32,2,1512,47.25,50
train,7681,36,2,1768,49.111111111111114,55
train,7682,11,2,452,41.09090909090909,48
train,7683,36,2,1808,50.22222222222222,55
train,7684,24,2,432,18.0,19
train,7685,24,2,1136,47.333333333333336,51
train,7686,28,2,960,34.285714285714285,41
train,7687,28,2,1416,50.57142857142857,54
train,7688,44,2,1236,28.09090909090909,32
train,7689,28,2,564,20.142857142857142,24
train,7690,28,2,632,22.571428571428573,24
train,7691,36,2,864,24.0,29
train,7692,32,2,592,18.5,23
train,7693,28,2,1256,44.857142857142854,49
train,7694,28,2,622,22.214285714285715,26
train,7695,28,2,1356,48.42857142857143,53
train,7696,14,2,272,19.428571428571427,22
train,7697,14,2,288,20.571428571428573,22
train,7698,10,3,290,29.0,31
train,7699,20,2,356,17.8,20
train,7700,3,4,140,46.666666666666664,48
train,7701,36,2,1488,41.333333333333336,46
train,7702,28,2,516,18.428571428571427,20
train,7703,7,3,166,23.714285714285715,26
train,7704,22,2,432,19.636363636363637,22
train,7705,10,2,148,14.8,18
train,7706,32,2,1336,41.75,50
train,7707,6,3,220,36.666666666666664,40
train,7708,36,2,1296,36.0,39
train,7709,46,2,784,17.043478260869566,19
train,7710,24,3,1040,43.333333333333336,45
train,7711,5,3,232,46.4,52
train,7712,36,2,1928,53.55555555555556,56
train,7713,32,2,1292,40.375,45
train,7714,42,2,1024,24.38095238095238,26
train,7715,68,2,3756,55.23529411764706,59
train,7716,3,3,64,21.333333333333332,22
train,7717,28,2,1272,45.42857142857143,48
train,7718,12,2,344,28.666666666666668,30
train,7719,5,2,250,50.0,52
train,7720,5,2,250,50.0,52
train,7721,34,2,1680,49.411764705882355,52
train,7722,26,2,1220,46.92307692307692,51
train,7723,22,3,548,24.90909090909091,26
train,7724,28,2,752,26.857142857142858,29
train,7725,28,2,760,27.142857142857142,29
train,7726,13,2,522,40.15384615384615,45
train,7727,9,2,234,26.0,32
train,7728,38,2,1072,28.210526315789473,35
train,7729,22,2,576,26.181818181818183,30
train,7730,24,2,1536,64.0,68
train,7731,14,3,580,41.42857142857143,44
train,7732,12,2,210,17.5,20
train,7733,20,2,904,45.2,50
train,7734,36,2,1676,46.55555555555556,53
train,7735,32,2,660,20.625,23
train,7736,22,3,604,27.454545454545453,30
train,7737,23,2,868,37.73913043478261,50
train,7738,20,2,1016,50.8,54
train,7739,32,2,656,20.5,22
train,7740,3,4,178,59.333333333333336,60
train,7741,32,2,648,20.25,25
train,7742,18,2,424,23.555555555555557,25
train,7743,12,3,244,20.333333333333332,22
train,7744,22,2,516,23.454545454545453,28
train,7745,16,2,314,19.625,20
train,7746,48,2,2292,47.75,53
train,7747,12,3,592,49.333333333333336,52
train,7748,10,3,704,70.4,74
train,7749,28,2,1792,64.0,69
train,7750,8,3,160,20.0,22
train,7751,24,2,664,27.666666666666668,30
train,7752,12,3,258,21.5,24
train,7753,28,2,744,26.571428571428573,28
train,7754,44,3,2536,57.63636363636363,60
train,7755,14,3,944,67.42857142857143,74
train,7756,60,2,2900,48.333333333333336,52
train,7757,28,2,1240,44.285714285714285,47
train,7758,24,2,588,24.5,26
train,7759,40,2,1872,46.8,50
train,7760,4,4,184,46.0,46
train,7761,10,2,206,20.6,26
train,7762,34,2,1652,48.588235294117645,54
train,7763,10,2,600,60.0,62
train,7764,11,2,668,60.72727272727273,68
train,7765,8,2,256,32.0,38
train,7766,5,2,250,50.0,52
train,7767,9,2,374,41.55555555555556,42
train,7768,9,3,498,55.333333333333336,56
train,7769,10,2,444,44.4,47
train,7770,10,2,268,26.8,34
train,7771,4,3,184,46.0,46
train,7772,5,2,310,62.0,64
train,7773,8,2,300,37.5,39
train,7774,10,2,456,45.6,47
train,7775,12,2,570,47.5,51
train,7776,6,3,304,50.666666666666664,52
train,7777,10,2,500,50.0,52
train,7778,2,3,64,32.0,32
train,7779,9,2,366,40.666666666666664,44
train,7780,10,2,436,43.6,45
train,7781,10,2,500,50.0,52
train,7782,12,2,558,46.5,48
train,7783,11,3,538,48.90909090909091,58
train,7784,8,2,252,31.5,38
train,7785,6,2,216,36.0,38
train,7786,7,2,202,28.857142857142858,34
train,7787,8,2,256,32.0,34
train,7788,8,2,316,39.5,42
train,7789,12,3,568,47.333333333333336,54
train,7790,12,2,532,44.333333333333336,54
train,7791,10,2,518,51.8,53
train,7792,8,2,288,36.0,42
train,7793,8,2,316,39.5,42
train,7794,6,2,292,48.666666666666664,58
train,7795,12,3,680,56.666666666666664,59
train,7796,8,2,300,37.5,39
train,7797,8,2,252,31.5,38
train,7798,6,3,204,34.0,36
train,7799,10,3,194,19.4,22
train,7800,9,2,252,28.0,32
train,7801,8,2,284,35.5,38
train,7802,4,3,174,43.5,44
train,7803,9,2,408,45.333333333333336,52
train,7804,9,3,540,60.0,62
train,7805,8,2,284,35.5,38
train,7806,10,2,448,44.8,46
train,7807,9,3,402,44.666666666666664,49
train,7808,11,3,434,39.45454545454545,41
train,7809,8,2,224,28.0,30
train,7810,6,3,288,48.0,48
train,7811,10,2,372,37.2,40
train,7812,11,3,272,24.727272727272727,36
train,7813,7,3,182,26.0,30
train,7814,7,3,316,45.142857142857146,50
train,7815,8,2,284,35.5,38
train,7816,10,2,300,30.0,34
train,7817,5,3,224,44.8,47
train,7818,10,2,498,49.8,50
train,7819,5,2,250,50.0,52
train,7820,8,3,256,32.0,34
train,7821,9,3,432,48.0,53
train,7822,10,2,500,50.0,52
train,7823,8,2,316,39.5,42
train,7824,8,3,396,49.5,53
train,7825,8,2,252,31.5,38
train,7826,8,2,284,35.5,38
train,7827,8,2,288,36.0,42
train,7828,8,2,264,33.0,35
train,7829,9,3,402,44.666666666666664,54
train,7830,4,3,196,49.0,49
train,7831,8,2,332,41.5,43
train,7832,8,3,184,23.0,24
train,7833,11,2,518,47.09090909090909,50
train,7834,5,2,250,50.0,52
train,7835,8,3,220,27.5,31
train,7836,8,2,252,31.5,38
train,7837,11,3,380,34.54545454545455,42
train,7838,6,3,340,56.666666666666664,60
train,7839,8,3,616,77.0,82
train,7840,5,2,196,39.2,41
train,7841,10,3,492,49.2,52
train,7842,10,2,316,31.6,34
train,7843,10,2,500,50.0,52
train,7844,8,2,252,31.5,38
train,7845,10,2,500,50.0,52
train,7846,8,2,232,29.0,30
train,7847,11,3,410,37.27272727272727,46
train,7848,7,3,362,51.714285714285715,55
train,7849,6,2,244,40.666666666666664,46
train,7850,8,2,316,39.5,42
train,7851,3,3,194,64.66666666666667,74
train,7852,10,2,508,50.8,54
train,7853,11,2,540,49.09090909090909,52
train,7854,10,3,476,47.6,50
train,7855,8,2,252,31.5,38
train,7856,10,2,200,20.0,21
train,7857,10,2,244,24.4,26
train,7858,10,2,476,47.6,49
train,7859,6,3,172,28.666666666666668,32
train,7860,9,2,324,36.0,38
train,7861,7,2,212,30.285714285714285,34
train,7862,6,2,164,27.333333333333332,30
train,7863,9,2,374,41.55555555555556,42
train,7864,11,2,686,62.36363636363637,66
train,7865,6,2,292,48.666666666666664,58
train,7866,6,3,240,40.0,41
train,7867,10,3,500,50.0,52
train,7868,10,2,156,15.6,19
train,7869,7,3,168,24.0,34
train,7870,8,2,252,31.5,38
train,7871,10,2,632,63.2,65
train,7872,8,2,284,35.5,38
train,7873,8,2,316,39.5,42
train,7874,10,2,428,42.8,45
train,7875,8,2,240,30.0,30
train,7876,8,2,256,32.0,33
train,7877,10,2,468,46.8,48
train,7878,10,2,500,50.0,52
train,7879,10,2,244,24.4,26
train,7880,8,2,252,31.5,38
train,7881,10,3,500,50.0,52
train,7882,10,2,620,62.0,64
train,7883,8,2,300,37.5,39
train,7884,11,2,568,51.63636363636363,56
train,7885,4,3,180,45.0,46
train,7886,8,2,252,31.5,38
train,7887,8,2,252,31.5,38
train,7888,9,2,500,55.55555555555556,63
train,7889,8,2,284,35.5,38
train,7890,10,2,316,31.6,38
train,7891,8,2,300,37.5,39
train,7892,8,2,284,35.5,38
train,7893,8,2,316,39.5,42
train,7894,11,2,452,41.09090909090909,48
train,7895,11,3,376,34.18181818181818,40
train,7896,10,2,444,44.4,46
train,7897,8,3,228,28.5,32
train,7898,9,3,462,51.333333333333336,56
train,7899,5,3,166,33.2,35
train,7900,11,2,268,24.363636363636363,28
train,7901,14,3,378,27.0,32
train,7902,5,3,194,38.8,42
train,7903,10,2,356,35.6,44
train,7904,36,2,1476,41.0,44
train,7905,12,2,600,50.0,52
train,7906,20,2,1048,52.4,54
train,7907,12,2,688,57.333333333333336,60
train,7908,22,3,920,41.81818181818182,48
train,7909,28,2,584,20.857142857142858,25
train,7910,70,2,3296,47.08571428571429,53
train,7911,22,2,736,33.45454545454545,38
train,7912,13,4,798,61.38461538461539,65
train,7913,28,2,784,28.0,31
train,7914,12,2,414,34.5,40
train,7915,14,3,968,69.14285714285714,75
train,7916,20,2,846,42.3,44
train,7917,36,2,1624,45.111111111111114,47
train,7918,26,3,1412,54.30769230769231,59
train,7919,9,3,736,81.77777777777777,89
train,7920,20,2,952,47.6,49
train,7921,24,2,816,34.0,37
train,7922,12,2,504,42.0,45
train,7923,32,2,1440,45.0,49
train,7924,22,2,1164,52.90909090909091,56
train,7925,44,2,1956,44.45454545454545,49
train,7926,12,2,560,46.666666666666664,49
train,7927,24,2,744,31.0,34
train,7928,14,3,612,43.714285714285715,44
train,7929,16,2,424,26.5,30
train,7930,18,2,644,35.77777777777778,46
train,7931,16,2,512,32.0,35
train,7932,23,2,1122,48.78260869565217,52
train,7933,27,2,1312,48.592592592592595,56
train,7934,18,2,856,47.55555555555556,50
train,7935,24,2,696,29.0,30
train,7936,12,3,520,43.333333333333336,46
train,7937,12,3,596,49.666666666666664,50
train,7938,16,2,1208,75.5,76
train,7939,24,2,484,20.166666666666668,26
train,7940,24,2,520,21.666666666666668,26
train,7941,14,3,704,50.285714285714285,53
train,7942,80,2,3928,49.1,52
train,7943,18,2,816,45.333333333333336,54
train,7944,13,3,432,33.23076923076923,38
train,7945,56,2,2472,44.142857142857146,52
train,7946,35,2,1808,51.65714285714286,55
train,7947,44,2,1748,39.72727272727273,45
train,7948,22,2,972,44.18181818181818,48
train,7949,10,3,276,27.6,29
train,7950,34,2,1980,58.23529411764706,62
train,7951,18,2,628,34.888888888888886,42
train,7952,52,3,1816,34.92307692307692,38
train,7953,28,2,1176,42.0,47
train,7954,12,3,686,57.166666666666664,63
train,7955,36,2,1696,47.111111111111114,53
train,7956,80,2,6236,77.95,82
train,7957,80,2,2156,26.95,35
train,7958,26,2,1008,38.76923076923077,41
train,7959,7,2,224,32.0,34
train,7960,22,2,1220,55.45454545454545,60
train,7961,40,2,1632,40.8,47
train,7962,9,2,402,44.666666666666664,50
train,7963,6,3,300,50.0,50
train,7964,28,2,664,23.714285714285715,26
train,7965,34,2,1652,48.588235294117645,51
train,7966,36,2,2428,67.44444444444444,72
train,7967,44,2,2332,53.0,58
train,7968,24,2,1072,44.666666666666664,48
train,7969,36,2,1888,52.44444444444444,58
train,7970,36,2,1912,53.111111111111114,56
train,7971,14,2,912,65.14285714285714,68
train,7972,10,3,372,37.2,38
train,7973,12,2,548,45.666666666666664,47
train,7974,32,2,1708,53.375,57
train,7975,80,2,3648,45.6,53
train,7976,40,3,2408,60.2,64
train,7977,24,2,1160,48.333333333333336,50
train,7978,4,3,196,49.0,50
train,7979,40,2,1712,42.8,48
train,7980,24,2,968,40.333333333333336,44
train,7981,36,2,1792,49.77777777777778,55
train,7982,22,2,1164,52.90909090909091,56
train,7983,32,2,1388,43.375,48
train,7984,12,3,564,47.0,48
train,7985,12,3,632,52.666666666666664,55
train,7986,13,3,596,45.84615384615385,52
train,7987,18,2,700,38.888888888888886,41
train,7988,26,2,948,36.46153846153846,41
train,7989,20,2,856,42.8,46
train,7990,24,2,1136,47.333333333333336,50
train,7991,15,2,750,50.0,52
train,7992,14,3,670,47.857142857142854,51
train,7993,16,2,956,59.75,63
train,7994,27,3,560,20.74074074074074,26
train,7995,32,2,1976,61.75,65
train,7996,40,2,3136,78.4,84
train,7997,26,3,2056,79.07692307692308,87
train,7998,20,2,1024,51.2,57
train,7999,20,2,748,37.4,40
train,8000,36,2,2340,65.0,68
train,8001,20,3,1188,59.4,68
train,8002,28,2,1088,38.857142857142854,44
train,8003,12,2,376,31.333333333333332,32
train,8004,24,2,708,29.5,32
train,8005,22,2,620,28.181818181818183,32
train,8006,80,1,1940,24.25,28
train,8007,64,2,2400,37.5,41
train,8008,12,3,560,46.666666666666664,49
train,8009,30,2,1488,49.6,54
train,8010,48,2,1848,38.5,43
train,8011,28,2,1360,48.57142857142857,54
train,8012,28,2,1504,53.714285714285715,56
train,8013,36,2,1912,53.111111111111114,60
train,8014,7,2,364,52.0,56
train,8015,22,2,1048,47.63636363636363,53
train,8016,18,2,774,43.0,49
train,8017,24,2,840,35.0,39
train,8018,40,2,2048,51.2,55
train,8019,32,2,1252,39.125,41
train,8020,42,2,2574,61.285714285714285,74
train,8021,14,3,336,24.0,26
train,8022,22,2,888,40.36363636363637,48
train,8023,10,2,308,30.8,44
train,8024,28,2,1456,52.0,59
train,8025,42,2,2664,63.42857142857143,67
train,8026,12,2,504,42.0,44
train,8027,26,2,874,33.61538461538461,37
train,8028,8,3,528,66.0,67
train,8029,13,2,466,35.84615384615385,38
train,8030,22,2,1004,45.63636363636363,48
train,8031,48,2,2304,48.0,55
train,8032,16,2,504,31.5,39
train,8033,12,2,380,31.666666666666668,34
train,8034,20,2,832,41.6,45
train,8035,40,2,1664,41.6,44
train,8036,3,3,94,31.333333333333332,32
train,8037,16,2,528,33.0,35
train,8038,36,2,1792,49.77777777777778,53
train,8039,36,2,1760,48.888888888888886,57
train,8040,16,2,484,30.25,32
train,8041,22,3,1244,56.54545454545455,62
train,8042,36,2,1560,43.333333333333336,49
train,8043,12,3,356,29.666666666666668,32
train,8044,24,2,768,32.0,35
train,8045,26,2,548,21.076923076923077,24
train,8046,64,2,3920,61.25,66
train,8047,12,2,356,29.666666666666668,32
train,8048,32,2,1090,34.0625,42
train,8049,20,2,896,44.8,48
train,8050,12,3,672,56.0,58
train,8051,24,2,896,37.333333333333336,41
train,8052,60,2,3056,50.93333333333333,55
train,8053,18,2,976,54.22222222222222,57
train,8054,20,3,864,43.2,50
train,8055,56,2,2852,50.92857142857143,56
train,8056,12,2,704,58.666666666666664,63
train,8057,20,2,952,47.6,50
train,8058,13,2,548,42.15384615384615,45
train,8059,50,2,2412,48.24,54
train,8060,15,3,646,43.06666666666667,45
train,8061,13,2,1008,77.53846153846153,84
train,8062,52,2,1212,23.307692307692307,28
train,8063,14,2,700,50.0,54
train,8064,16,2,420,26.25,27
train,8065,12,2,444,37.0,41
train,8066,24,2,600,25.0,28
train,8067,16,2,676,42.25,48
train,8068,48,2,1608,33.5,36
train,8069,14,2,472,33.714285714285715,46
train,8070,40,2,1820,45.5,50
train,8071,22,2,428,19.454545454545453,23
train,8072,12,3,572,47.666666666666664,50
train,8073,20,2,1104,55.2,60
train,8074,28,2,764,27.285714285714285,29
train,8075,24,2,988,41.166666666666664,47
train,8076,40,2,1416,35.4,38
train,8077,18,2,740,41.111111111111114,44
train,8078,12,2,548,45.666666666666664,48
train,8079,35,2,1576,45.02857142857143,50
train,8080,22,2,960,43.63636363636363,46
train,8081,32,2,1600,50.0,55
train,8082,26,2,1432,55.07692307692308,60
train,8083,52,2,2984,57.38461538461539,60
train,8084,36,2,1304,36.22222222222222,40
train,8085,10,2,356,35.6,44
train,8086,8,3,288,36.0,38
train,8087,34,2,1548,45.529411764705884,48
train,8088,48,2,2404,50.083333333333336,54
train,8089,14,2,532,38.0,39
train,8090,12,2,792,66.0,68
train,8091,12,3,580,48.333333333333336,50
train,8092,28,2,1204,43.0,48
train,8093,24,2,1060,44.166666666666664,46
train,8094,34,2,1580,46.470588235294116,52
train,8095,31,2,1540,49.67741935483871,55
train,8096,14,2,642,45.857142857142854,50
train,8097,18,2,848,47.111111111111114,52
train,8098,24,2,1100,45.833333333333336,50
train,8099,15,3,720,48.0,53
train,8100,35,2,1700,48.57142857142857,54
train,8101,12,2,456,38.0,39
train,8102,12,3,776,64.66666666666667,68
train,8103,35,2,2092,59.77142857142857,68
train,8104,29,3,1202,41.44827586206897,45
train,8105,18,2,832,46.22222222222222,48
train,8106,24,2,856,35.666666666666664,38
train,8107,48,2,1824,38.0,42
train,8108,8,2,442,55.25,57
train,8109,20,2,704,35.2,40
train,8110,72,2,3560,49.44444444444444,54
train,8111,42,2,2108,50.19047619047619,57
train,8112,15,2,654,43.6,46
train,8113,28,2,748,26.714285714285715,31
train,8114,9,2,240,26.666666666666668,28
train,8115,32,3,1104,34.5,38
train,8116,18,2,400,22.22222222222222,25
train,8117,22,2,1004,45.63636363636363,47
train,8118,24,2,744,31.0,36
train,8119,16,3,644,40.25,42
train,8120,24,2,988,41.166666666666664,44
train,8121,28,2,1156,41.285714285714285,44
train,8122,14,2,400,28.571428571428573,29
train,8123,28,2,1468,52.42857142857143,57
train,8124,6,3,218,36.333333333333336,39
train,8125,18,2,392,21.77777777777778,23
train,8126,52,2,2872,55.23076923076923,61
train,8127,28,2,1252,44.714285714285715,50
train,8128,28,2,784,28.0,30
train,8129,8,2,252,31.5,32
train,8130,38,2,1756,46.21052631578947,48
train,8131,24,2,672,28.0,29
train,8132,48,2,2736,57.0,61
train,8133,20,2,438,21.9,26
train,8134,26,2,1276,49.07692307692308,51
train,8135,28,2,1264,45.142857142857146,47
train,8136,20,2,762,38.1,42
train,8137,8,2,388,48.5,56
train,8138,24,2,776,32.333333333333336,34
train,8139,68,2,3344,49.1764705882353,52
train,8140,32,2,1360,42.5,47
train,8141,14,2,264,18.857142857142858,20
train,8142,24,3,1282,53.416666666666664,56
train,8143,36,2,2052,57.0,64
train,8144,24,2,732,30.5,33
train,8145,18,2,724,40.22222222222222,44
train,8146,10,3,628,62.8,66
train,8147,12,3,426,35.5,52
train,8148,16,3,576,36.0,38
train,8149,26,2,1084,41.69230769230769,44
train,8150,27,2,1404,52.0,55
train,8151,24,2,1316,54.833333333333336,59
train,8152,22,2,452,20.545454545454547,23
train,8153,18,2,932,51.77777777777778,56
train,8154,28,3,1344,48.0,50
train,8155,10,3,276,27.6,29
train,8156,14,2,424,30.285714285714285,32
train,8157,80,2,2730,34.125,41
train,8158,20,3,672,33.6,34
train,8159,12,3,572,47.666666666666664,51
train,8160,12,2,352,29.333333333333332,30
train,8161,54,2,2476,45.851851851851855,49
train,8162,24,2,708,29.5,31
train,8163,12,3,566,47.166666666666664,50
train,8164,12,2,574,47.833333333333336,51
train,8165,14,3,744,53.142857142857146,55
train,8166,24,2,1284,53.5,64
train,8167,24,2,1236,51.5,56
train,8168,18,2,1192,66.22222222222223,68
train,8169,52,2,2328,44.76923076923077,49
train,8170,28,2,760,27.142857142857142,31
train,8171,48,2,2348,48.916666666666664,54
train,8172,68,2,2880,42.35294117647059,48
train,8173,14,2,412,29.428571428571427,33
train,8174,6,3,188,31.333333333333332,36
train,8175,30,3,1644,54.8,64
train,8176,20,2,508,25.4,29
train,8177,12,2,450,37.5,44
train,8178,20,2,410,20.5,23
train,8179,28,2,824,29.428571428571427,31
train,8180,15,3,788,52.53333333333333,56
train,8181,30,2,1572,52.4,55
train,8182,10,2,452,45.2,48
train,8183,36,2,1508,41.888888888888886,48
train,8184,36,2,1888,52.44444444444444,54
train,8185,16,2,380,23.75,28
train,8186,36,2,2128,59.111111111111114,64
train,8187,22,2,944,42.90909090909091,44
train,8188,32,2,716,22.375,25
train,8189,54,2,2896,53.629629629629626,58
train,8190,24,2,888,37.0,39
train,8191,32,2,1220,38.125,46
train,8192,24,2,880,36.666666666666664,40
train,8193,20,2,852,42.6,45
train,8194,28,3,984,35.142857142857146,38
train,8195,16,3,560,35.0,38
train,8196,40,2,1236,30.9,41
train,8197,10,3,492,49.2,50
train,8198,30,2,1284,42.8,44
train,8199,9,2,412,45.77777777777778,47
train,8200,24,2,1296,54.0,57
train,8201,72,2,3608,50.111111111111114,56
train,8202,5,2,250,50.0,52
train,8203,20,2,552,27.6,29
train,8204,18,2,792,44.0,50
train,8205,35,2,1688,48.22857142857143,54
train,8206,16,2,834,52.125,58
train,8207,30,2,1440,48.0,50
train,8208,14,2,872,62.285714285714285,64
train,8209,16,3,536,33.5,34
train,8210,12,3,488,40.666666666666664,44
train,8211,36,2,1872,52.0,57
train,8212,10,2,500,50.0,52
train,8213,26,3,1484,57.07692307692308,62
train,8214,14,3,640,45.714285714285715,52
train,8215,28,2,1308,46.714285714285715,52
train,8216,27,2,534,19.77777777777778,22
train,8217,40,2,1016,25.4,29
train,8218,30,2,880,29.333333333333332,34
train,8219,18,2,820,45.55555555555556,48
train,8220,24,2,1948,81.16666666666667,85
train,8221,9,3,308,34.22222222222222,35
train,8222,44,3,1512,34.36363636363637,38
train,8223,7,3,324,46.285714285714285,47
train,8224,40,2,2684,67.1,71
train,8225,20,2,736,36.8,40
train,8226,12,3,972,81.0,82
train,8227,20,2,788,39.4,42
train,8228,15,3,656,43.733333333333334,46
train,8229,12,2,656,54.666666666666664,56
train,8230,20,2,480,24.0,29
train,8231,13,3,594,45.69230769230769,49
train,8232,14,2,376,26.857142857142858,32
train,8233,28,2,1172,41.857142857142854,43
train,8234,20,2,464,23.2,26
train,8235,40,2,1664,41.6,46
train,8236,29,2,1374,47.37931034482759,52
train,8237,12,3,640,53.333333333333336,55
train,8238,20,2,924,46.2,51
train,8239,52,2,1840,35.38461538461539,40
train,8240,22,2,1252,56.90909090909091,61
train,8241,12,2,600,50.0,62
train,8242,32,2,1736,54.25,60
train,8243,28,2,1372,49.0,55
train,8244,72,2,3768,52.333333333333336,58
train,8245,28,2,612,21.857142857142858,25
train,8246,28,3,1000,35.714285714285715,38
train,8247,27,2,756,28.0,32
train,8248,48,2,1752,36.5,44
train,8249,32,2,1608,50.25,58
train,8250,18,2,840,46.666666666666664,48
train,8251,8,3,224,28.0,28
train,8252,32,2,1232,38.5,43
train,8253,14,2,620,44.285714285714285,46
train,8254,3,4,108,36.0,36
train,8255,42,2,1512,36.0,38
train,8256,16,2,760,47.5,49
train,8257,36,2,1752,48.666666666666664,54
train,8258,12,3,984,82.0,88
train,8259,32,2,1476,46.125,51
train,8260,24,2,780,32.5,35
train,8261,44,3,1512,34.36363636363637,38
train,8262,30,2,1336,44.53333333333333,53
train,8263,32,2,1356,42.375,43
train,8264,40,2,2764,69.1,74
train,8265,22,2,996,45.27272727272727,54
train,8266,12,3,556,46.333333333333336,56
train,8267,28,3,1000,35.714285714285715,38
train,8268,32,2,1064,33.25,40
train,8269,10,2,280,28.0,29
train,8270,16,2,584,36.5,38
train,8271,36,2,2232,62.0,69
train,8272,12,2,256,21.333333333333332,24
train,8273,16,3,660,41.25,44
train,8274,16,2,720,45.0,54
train,8275,20,2,944,47.2,49
train,8276,24,2,908,37.833333333333336,41
train,8277,36,2,1664,46.22222222222222,54
train,8278,66,2,2778,42.09090909090909,45
train,8279,24,2,1168,48.666666666666664,51
train,8280,24,2,672,28.0,29
train,8281,24,2,696,29.0,30
train,8282,12,2,368,30.666666666666668,33
train,8283,28,2,624,22.285714285714285,25
train,8284,10,3,508,50.8,54
train,8285,44,2,1612,36.63636363636363,43
train,8286,36,3,1272,35.333333333333336,38
train,8287,15,3,646,43.06666666666667,45
train,8288,24,2,1196,49.833333333333336,53
train,8289,44,2,2152,48.90909090909091,55
train,8290,24,2,1652,68.83333333333333,71
train,8291,32,2,896,28.0,30
train,8292,26,2,1208,46.46153846153846,49
train,8293,17,3,764,44.94117647058823,50
train,8294,32,2,788,24.625,27
train,8295,18,2,684,38.0,46
train,8296,20,2,496,24.8,26
train,8297,20,2,884,44.2,48
train,8298,36,2,3360,93.33333333333333,100
train,8299,32,2,1098,34.3125,42
train,8300,13,2,502,38.61538461538461,44
train,8301,28,2,1548,55.285714285714285,58
train,8302,12,2,478,39.833333333333336,44
train,8303,6,3,240,40.0,40
train,8304,8,3,468,58.5,60
train,8305,10,3,412,41.2,44
train,8306,80,2,3690,46.125,53
train,8307,38,2,2102,55.31578947368421,66
train,8308,20,2,916,45.8,47
train,8309,32,2,1128,35.25,38
train,8310,46,2,2210,48.04347826086956,62
train,8311,12,3,500,41.666666666666664,45
train,8312,24,2,776,32.333333333333336,36
train,8313,12,2,520,43.333333333333336,44
train,8314,32,2,1368,42.75,46
train,8315,48,2,2452,51.083333333333336,57
train,8316,32,2,1030,32.1875,37
train,8317,20,3,696,34.8,38
train,8318,28,2,592,21.142857142857142,23
train,8319,12,3,960,80.0,80
train,8320,40,2,2976,74.4,79
train,8321,13,2,440,33.84615384615385,38
train,8322,80,2,3344,41.8,50
train,8323,7,3,200,28.571428571428573,30
train,8324,23,2,946,41.130434782608695,44
train,8325,20,2,1000,50.0,52
train,8326,9,2,412,45.77777777777778,47
train,8327,16,2,630,39.375,43
train,8328,24,2,1124,46.833333333333336,50
train,8329,18,2,1020,56.666666666666664,60
train,8330,18,3,832,46.22222222222222,50
train,8331,10,2,452,45.2,48
train,8332,14,2,612,43.714285714285715,45
train,8333,36,2,1756,48.77777777777778,54
train,8334,56,2,1472,26.285714285714285,29
train,8335,20,2,480,24.0,29
train,8336,19,3,1036,54.526315789473685,64
train,8337,18,2,672,37.333333333333336,41
train,8338,20,2,888,44.4,45
train,8339,24,2,1700,70.83333333333333,74
train,8340,22,2,972,44.18181818181818,48
train,8341,24,2,1228,51.166666666666664,55
train,8342,26,3,1716,66.0,70
train,8343,20,2,992,49.6,52
train,8344,22,2,1028,46.72727272727273,49
train,8345,36,3,1496,41.55555555555556,46
train,8346,24,2,1216,50.666666666666664,54
train,8347,8,2,284,35.5,40
train,8348,24,2,768,32.0,35
train,8349,8,2,390,48.75,49
train,8350,36,2,1952,54.22222222222222,57
train,8351,18,3,832,46.22222222222222,49
train,8352,23,2,1444,62.78260869565217,68
train,8353,26,2,1132,43.53846153846154,48
train,8354,18,2,780,43.333333333333336,45
train,8355,16,2,560,35.0,38
train,8356,26,2,1132,43.53846153846154,48
train,8357,34,2,1278,37.588235294117645,40
train,8358,15,2,536,35.733333333333334,48
train,8359,28,2,604,21.571428571428573,26
train,8360,36,2,1920,53.333333333333336,56
train,8361,36,2,1868,51.888888888888886,55
train,8362,14,2,488,34.857142857142854,39
train,8363,28,2,1056,37.714285714285715,44
train,8364,14,2,704,50.285714285714285,52
train,8365,24,2,760,31.666666666666668,34
train,8366,36,2,1612,44.77777777777778,47
train,8367,10,2,260,26.0,44
train,8368,8,3,408,51.0,52
train,8369,10,3,474,47.4,53
train,8370,16,2,608,38.0,42
train,8371,8,2,312,39.0,40
train,8372,20,2,752,37.6,41
train,8373,24,3,1240,51.666666666666664,58
train,8374,12,3,362,30.166666666666668,39
train,8375,30,3,1700,56.666666666666664,64
train,8376,26,2,1172,45.07692307692308,51
train,8377,24,2,1120,46.666666666666664,51
train,8378,20,2,920,46.0,47
train,8379,20,2,644,32.2,36
train,8380,24,2,856,35.666666666666664,38
train,8381,28,2,612,21.857142857142858,25
train,8382,32,2,1632,51.0,56
train,8383,14,2,564,40.285714285714285,49
train,8384,32,2,1184,37.0,40
train,8385,20,2,920,46.0,48
train,8386,60,2,3520,58.666666666666664,62
train,8387,27,2,1536,56.888888888888886,59
train,8388,36,2,1700,47.22222222222222,52
train,8389,22,2,436,19.818181818181817,23
train,8390,38,2,1620,42.63157894736842,52
train,8391,22,2,540,24.545454545454547,27
train,8392,4,2,120,30.0,30
train,8393,24,2,732,30.5,31
train,8394,28,2,1380,49.285714285714285,51
train,8395,16,2,788,49.25,52
train,8396,24,2,1300,54.166666666666664,58
train,8397,12,3,646,53.833333333333336,58
train,8398,18,2,616,34.22222222222222,36
train,8399,16,2,932,58.25,60
train,8400,32,2,1592,49.75,52
train,8401,54,2,2652,49.111111111111114,52
train,8402,12,3,648,54.0,55
train,8403,11,3,430,39.09090909090909,42
train,8404,8,2,312,39.0,40
train,8405,72,2,3728,51.77777777777778,56
train,8406,13,2,682,52.46153846153846,58
train,8407,24,2,884,36.833333333333336,38
train,8408,12,2,576,48.0,49
train,8409,20,2,904,45.2,47
train,8410,14,2,548,39.142857142857146,42
train,8411,24,2,548,22.833333333333332,24
train,8412,34,2,1486,43.705882352941174,49
train,8413,20,2,976,48.8,51
train,8414,24,2,708,29.5,32
train,8415,10,3,500,50.0,52
train,8416,28,2,1432,51.142857142857146,55
train,8417,24,2,1364,56.833333333333336,61
train,8418,12,2,776,64.66666666666667,67
train,8419,4,3,68,17.0,18
train,8420,10,2,500,50.0,52
train,8421,24,2,1000,41.666666666666664,44
train,8422,14,2,1008,72.0,76
train,8423,20,2,438,21.9,26
train,8424,18,2,884,49.111111111111114,52
train,8425,68,2,4224,62.11764705882353,66
train,8426,3,3,78,26.0,30
train,8427,9,2,412,45.77777777777778,47
train,8428,9,3,516,57.333333333333336,58
train,8429,30,2,1512,50.4,56
train,8430,32,2,1892,59.125,66
train,8431,20,2,862,43.1,46
train,8432,36,2,1696,47.111111111111114,50
train,8433,4,2,120,30.0,30
train,8434,22,2,584,26.545454545454547,29
train,8435,16,2,748,46.75,64
train,8436,32,2,1624,50.75,58
train,8437,32,2,1632,51.0,57
train,8438,72,2,4004,55.611111111111114,60
train,8439,32,2,1120,35.0,39
train,8440,14,2,760,54.285714285714285,58
train,8441,80,2,1370,17.125,25
train,8442,80,2,2332,29.15,38
train,8443,5,2,106,21.2,26
train,8444,26,2,1340,51.53846153846154,56
train,8445,18,2,800,44.44444444444444,50
train,8446,22,2,720,32.72727272727273,35
train,8447,58,2,1656,28.551724137931036,36
train,8448,28,2,1468,52.42857142857143,55
train,8449,32,2,768,24.0,26
train,8450,14,2,516,36.857142857142854,47
train,8451,18,2,612,34.0,37
train,8452,26,2,1444,55.53846153846154,57
train,8453,24,2,856,35.666666666666664,39
train,8454,28,2,780,27.857142857142858,32
train,8455,27,2,1286,47.629629629629626,57
train,8456,38,2,2072,54.526315789473685,63
train,8457,12,3,512,42.666666666666664,46
train,8458,23,2,1116,48.52173913043478,52
train,8459,21,2,878,41.80952380952381,45
train,8460,8,3,584,73.0,76
train,8461,18,2,800,44.44444444444444,50
train,8462,72,2,3636,50.5,53
train,8463,23,2,1122,48.78260869565217,56
train,8464,20,2,380,19.0,23
train,8465,18,2,722,40.111111111111114,42
train,8466,52,2,2320,44.61538461538461,47
train,8467,34,2,1348,39.64705882352941,44
train,8468,14,2,352,25.142857142857142,28
train,8469,68,2,3308,48.64705882352941,51
train,8470,52,2,2712,52.15384615384615,56
train,8471,16,2,728,45.5,48
train,8472,28,2,572,20.428571428571427,24
train,8473,11,3,590,53.63636363636363,56
train,8474,16,2,380,23.75,27
train,8475,8,3,392,49.0,49
train,8476,16,3,956,59.75,64
train,8477,18,3,412,22.88888888888889,24
train,8478,32,2,2344,73.25,77
train,8479,20,2,832,41.6,48
train,8480,24,2,872,36.333333333333336,39
train,8481,44,2,2568,58.36363636363637,66
train,8482,26,2,1056,40.61538461538461,43
train,8483,80,2,6308,78.85,84
train,8484,20,2,432,21.6,24
train,8485,24,2,1164,48.5,51
train,8486,32,2,1240,38.75,41
train,8487,28,2,1208,43.142857142857146,47
train,8488,3,3,94,31.333333333333332,32
train,8489,35,2,1880,53.714285714285715,61
train,8490,64,2,2272,35.5,39
train,8491,15,3,720,48.0,53
train,8492,20,2,752,37.6,41
train,8493,22,2,1116,50.72727272727273,53
train,8494,26,2,1384,53.23076923076923,56
train,8495,36,2,1416,39.333333333333336,41
train,8496,24,2,1320,55.0,61
train,8497,27,2,1296,48.0,52
train,8498,24,2,1072,44.666666666666664,49
train,8499,14,2,642,45.857142857142854,50
train,8500,14,2,848,60.57142857142857,64
train,8501,40,2,1868,46.7,51
train,8502,14,3,636,45.42857142857143,50
train,8503,24,2,2056,85.66666666666667,90
train,8504,21,2,1176,56.0,58
train,8505,10,3,360,36.0,40
train,8506,15,3,962,64.13333333333334,72
train,8507,24,2,1482,61.75,65
train,8508,14,2,494,35.285714285714285,38
train,8509,20,2,496,24.8,28
train,8510,4,3,100,25.0,26
train,8511,80,2,3896,48.7,55
train,8512,54,2,2688,49.77777777777778,54
train,8513,12,2,688,57.333333333333336,60
train,8514,12,2,624,52.0,54
train,8515,14,2,580,41.42857142857143,43
train,8516,28,2,896,32.0,34
train,8517,20,2,1012,50.6,55
train,8518,18,2,928,51.55555555555556,53
train,8519,12,3,488,40.666666666666664,44
train,8520,7,3,284,40.57142857142857,44
train,8521,20,2,480,24.0,26
train,8522,8,3,414,51.75,54
train,8523,36,2,1800,50.0,52
train,8524,34,2,1504,44.23529411764706,48
train,8525,16,3,368,23.0,25
train,8526,18,2,836,46.44444444444444,49
train,8527,40,2,2128,53.2,57
train,8528,6,2,168,28.0,32
train,8529,28,2,768,27.428571428571427,29
train,8530,24,2,840,35.0,38
train,8531,24,2,1300,54.166666666666664,58
train,8532,28,2,1300,46.42857142857143,54
train,8533,17,2,652,38.35294117647059,41
train,8534,14,2,524,37.42857142857143,42
train,8535,28,2,688,24.571428571428573,28
train,8536,12,3,310,25.833333333333332,28
train,8537,14,2,332,23.714285714285715,26
train,8538,28,2,624,22.285714285714285,29
train,8539,24,2,668,27.833333333333332,31
train,8540,12,3,580,48.333333333333336,56
train,8541,4,2,156,39.0,40
train,8542,80,2,3128,39.1,46
train,8543,12,2,532,44.333333333333336,46
train,8544,16,2,820,51.25,53
train,8545,30,2,1596,53.2,60
train,8546,18,2,716,39.77777777777778,42
train,8547,34,3,1904,56.0,60
train,8548,44,2,2108,47.90909090909091,51
train,8549,8,3,426,53.25,54
train,8550,78,2,4672,59.8974358974359,64
train,8551,50,2,2340,46.8,51
train,8552,28,2,1136,40.57142857142857,43
train,8553,14,2,376,26.857142857142858,32
train,8554,40,2,1756,43.9,47
train,8555,22,2,1156,52.54545454545455,57
train,8556,28,2,608,21.714285714285715,26
train,8557,28,2,788,28.142857142857142,31
train,8558,22,2,500,22.727272727272727,29
train,8559,28,2,1616,57.714285714285715,63
train,8560,6,2,132,22.0,23
train,8561,40,2,1056,26.4,31
train,8562,12,3,648,54.0,55
train,8563,40,2,1644,41.1,44
train,8564,68,2,2976,43.76470588235294,51
train,8565,24,2,684,28.5,32
train,8566,44,2,1140,25.90909090909091,30
train,8567,48,2,2440,50.833333333333336,57
train,8568,20,2,1024,51.2,53
train,8569,20,2,1000,50.0,52
train,8570,18,2,392,21.77777777777778,25
train,8571,14,2,760,54.285714285714285,62
train,8572,72,2,3656,50.77777777777778,56
train,8573,20,2,928,46.4,49
train,8574,24,2,808,33.666666666666664,37
train,8575,30,2,1264,42.13333333333333,47
train,8576,16,2,796,49.75,56
train,8577,24,2,960,40.0,46
train,8578,22,2,972,44.18181818181818,48
train,8579,40,2,2712,67.8,74
train,8580,24,2,1182,49.25,53
train,8581,50,2,3088,61.76,70
train,8582,8,2,168,21.0,25
train,8583,22,2,620,28.181818181818183,31
train,8584,40,2,2164,54.1,59
train,8585,18,2,684,38.0,39
train,8586,12,3,516,43.0,45
train,8587,32,2,1536,48.0,54
train,8588,80,2,3746,46.825,52
train,8589,12,2,564,47.0,49
train,8590,68,2,2760,40.588235294117645,46
train,8591,32,2,2592,81.0,85
train,8592,52,2,2392,46.0,48
train,8593,34,2,1372,40.35294117647059,45
train,8594,60,2,2848,47.46666666666667,53
train,8595,20,2,1112,55.6,59
train,8596,4,3,92,23.0,25
train,8597,24,2,1268,52.833333333333336,57
train,8598,10,2,260,26.0,44
train,8599,13,3,596,45.84615384615385,52
train,8600,18,3,786,43.666666666666664,49
train,8601,28,2,1506,53.785714285714285,63
train,8602,20,2,1024,51.2,55
train,8603,28,2,1388,49.57142857142857,52
train,8604,6,3,356,59.333333333333336,62
train,8605,32,2,976,30.5,36
train,8606,28,2,1172,41.857142857142854,46
train,8607,16,2,504,31.5,34
train,8608,72,2,3928,54.55555555555556,58
train,8609,12,2,372,31.0,32
train,8610,80,2,2870,35.875,41
train,8611,20,2,1132,56.6,59
train,8612,24,2,1340,55.833333333333336,57
train,8613,16,2,832,52.0,59
train,8614,40,2,1872,46.8,51
train,8615,72,2,4824,67.0,69
train,8616,80,2,3920,49.0,56
train,8617,38,3,1940,51.05263157894737,53
train,8618,18,2,648,36.0,38
train,8619,12,3,450,37.5,52
train,8620,44,3,2540,57.72727272727273,60
train,8621,28,2,1332,47.57142857142857,52
train,8622,32,2,1648,51.5,55
train,8623,28,2,1008,36.0,40
train,8624,40,2,1908,47.7,51
train,8625,28,2,1168,41.714285714285715,44
train,8626,22,2,1188,54.0,60
train,8627,64,2,2704,42.25,48
train,8628,72,2,3816,53.0,59
train,8629,80,2,3664,45.8,50
train,8630,8,2,436,54.5,56
train,8631,34,2,1712,50.35294117647059,62
train,8632,8,3,456,57.0,58
train,8633,6,2,176,29.333333333333332,30
train,8634,80,2,3720,46.5,51
train,8635,40,2,2040,51.0,54
train,8636,18,2,764,42.44444444444444,46
train,8637,26,3,848,32.61538461538461,34
train,8638,28,2,648,23.142857142857142,27
train,8639,16,2,388,24.25,28
train,8640,10,2,452,45.2,48
train,8641,36,2,1740,48.333333333333336,52
train,8642,24,2,1288,53.666666666666664,58
train,8643,36,2,1516,42.111111111111114,44
train,8644,17,2,928,54.588235294117645,61
train,8645,32,2,1544,48.25,52
train,8646,13,3,400,30.76923076923077,36
train,8647,18,3,912,50.666666666666664,51
train,8648,28,2,1168,41.714285714285715,47
train,8649,20,2,726,36.3,40
train,8650,36,2,1952,54.22222222222222,60
train,8651,14,3,502,35.857142857142854,44
train,8652,28,2,2588,92.42857142857143,96
train,8653,39,2,1914,49.07692307692308,53
train,8654,30,2,1008,33.6,37
train,8655,36,2,1632,45.333333333333336,51
train,8656,14,2,656,46.857142857142854,49
train,8657,48,2,2008,41.833333333333336,49
train,8658,14,3,380,27.142857142857142,32
train,8659,32,2,1564,48.875,53
train,8660,80,2,6100,76.25,80
train,8661,32,2,1872,58.5,61
train,8662,26,2,1244,47.84615384615385,56
train,8663,35,2,1628,46.51428571428571,52
train,8664,30,2,1392,46.4,52
train,8665,28,2,1812,64.71428571428571,68
train,8666,38,2,1468,38.63157894736842,43
train,8667,38,2,1968,51.78947368421053,56
train,8668,18,2,884,49.111111111111114,52
train,8669,20,2,984,49.2,56
train,8670,26,2,1408,54.15384615384615,59
train,8671,28,2,1148,41.0,43
train,8672,22,2,576,26.181818181818183,31
train,8673,40,2,1232,30.8,35
train,8674,22,2,916,41.63636363636363,43
train,8675,5,2,250,50.0,52
train,8676,80,2,3888,48.6,51
train,8677,28,3,1376,49.142857142857146,52
train,8678,22,2,828,37.63636363636363,40
train,8679,28,2,768,27.428571428571427,31
train,8680,24,2,688,28.666666666666668,31
train,8681,24,2,756,31.5,36
train,8682,17,2,334,19.647058823529413,22
train,8683,22,2,1176,53.45454545454545,57
train,8684,34,2,1496,44.0,50
train,8685,38,2,1836,48.31578947368421,54
train,8686,21,3,1530,72.85714285714286,79
train,8687,10,2,212,21.2,24
train,8688,12,3,488,40.666666666666664,44
train,8689,36,2,1744,48.44444444444444,54
train,8690,36,2,1872,52.0,56
train,8691,4,3,152,38.0,38
train,8692,40,3,2752,68.8,77
train,8693,32,2,1106,34.5625,46
train,8694,32,2,1304,40.75,44
train,8695,14,2,628,44.857142857142854,48
train,8696,16,2,520,32.5,35
train,8697,16,3,712,44.5,46
train,8698,12,2,620,51.666666666666664,58
train,8699,26,2,1708,65.6923076923077,70
train,8700,28,2,464,16.571428571428573,20
train,8701,20,2,1032,51.6,55
train,8702,28,2,1256,44.857142857142854,47
train,8703,36,2,2352,65.33333333333333,69
train,8704,80,2,3328,41.6,48
train,8705,24,2,1384,57.666666666666664,59
train,8706,32,2,1696,53.0,57
train,8707,27,2,1134,42.0,44
train,8708,32,3,1104,34.5,38
train,8709,28,2,1170,41.785714285714285,47
train,8710,58,2,1800,31.03448275862069,40
train,8711,10,2,308,30.8,44
train,8712,12,2,476,39.666666666666664,43
train,8713,72,2,3440,47.77777777777778,55
train,8714,36,2,1604,44.55555555555556,49
train,8715,28,2,1392,49.714285714285715,54
train,8716,29,3,754,26.0,30
train,8717,22,2,580,26.363636363636363,28
train,8718,24,2,604,25.166666666666668,26
train,8719,28,2,836,29.857142857142858,33
train,8720,24,3,1720,71.66666666666667,76
train,8721,36,2,1844,51.22222222222222,56
train,8722,32,2,1232,38.5,41
train,8723,24,2,1244,51.833333333333336,58
train,8724,28,2,976,34.857142857142854,40
train,8725,13,2,666,51.23076923076923,56
train,8726,80,2,3422,42.775,49
train,8727,32,2,2076,64.875,69
train,8728,6,3,308,51.333333333333336,52
train,8729,44,2,2560,58.18181818181818,62
train,8730,20,2,552,27.6,30
train,8731,34,2,1798,52.88235294117647,57
train,8732,28,2,888,31.714285714285715,37
train,8733,54,2,2112,39.111111111111114,45
train,8734,80,2,3706,46.325,58
train,8735,16,2,388,24.25,28
train,8736,44,2,3276,74.45454545454545,86
train,8737,14,2,688,49.142857142857146,51
train,8738,17,2,274,16.11764705882353,20
train,8739,34,2,1756,51.64705882352941,55
train,8740,72,2,3624,50.333333333333336,54
train,8741,34,2,1420,41.76470588235294,45
train,8742,39,2,1880,48.205128205128204,52
train,8743,16,2,480,30.0,34
train,8744,12,3,712,59.333333333333336,61
train,8745,8,3,228,28.5,30
train,8746,40,2,1216,30.4,35
train,8747,60,2,3104,51.733333333333334,55
train,8748,20,2,552,27.6,31
train,8749,20,2,976,48.8,50
train,8750,80,2,2782,34.775,49
train,8751,26,2,1264,48.61538461538461,51
train,8752,16,3,560,35.0,38
train,8753,28,2,1306,46.642857142857146,52
train,8754,42,2,1596,38.0,41
train,8755,28,2,788,28.142857142857142,32
train,8756,56,2,1640,29.285714285714285,33
train,8757,22,2,468,21.272727272727273,22
train,8758,24,2,1184,49.333333333333336,53
train,8759,16,2,548,34.25,38
train,8760,40,2,3008,75.2,79
train,8761,13,3,384,29.53846153846154,36
train,8762,24,2,780,32.5,37
train,8763,24,2,580,24.166666666666668,27
train,8764,20,2,1306,65.3,69
train,8765,39,2,1714,43.94871794871795,46
train,8766,24,2,1176,49.0,53
train,8767,28,3,968,34.57142857142857,38
train,8768,4,3,216,54.0,54
train,8769,44,2,1932,43.90909090909091,47
train,8770,40,2,1092,27.3,30
train,8771,60,2,2996,49.93333333333333,55
train,8772,58,2,1444,24.896551724137932,28
train,8773,18,3,630,35.0,38
train,8774,24,2,1244,51.833333333333336,56
train,8775,20,3,696,34.8,38
train,8776,28,2,1444,51.57142857142857,56
train,8777,24,2,1020,42.5,48
train,8778,40,3,1376,34.4,38
train,8779,20,2,528,26.4,29
train,8780,12,2,352,29.333333333333332,30
train,8781,30,2,1460,48.666666666666664,53
train,8782,26,2,920,35.38461538461539,39
train,8783,7,3,300,42.857142857142854,46
train,8784,28,2,560,20.0,23
train,8785,46,2,2496,54.26086956521739,62
train,8786,14,2,628,44.857142857142854,46
train,8787,4,4,204,51.0,51
train,8788,24,2,688,28.666666666666668,32
train,8789,40,2,2220,55.5,62
train,8790,16,2,820,51.25,53
train,8791,15,3,762,50.8,52
train,8792,20,2,832,41.6,48
train,8793,12,3,752,62.666666666666664,64
train,8794,32,2,1568,49.0,53
train,8795,14,3,694,49.57142857142857,52
train,8796,24,2,1188,49.5,58
train,8797,28,2,1072,38.285714285714285,45
train,8798,28,2,848,30.285714285714285,33
train,8799,28,2,976,34.857142857142854,38
train,8800,32,2,1720,53.75,56
train,8801,20,2,1140,57.0,66
train,8802,24,2,720,30.0,33
train,8803,23,2,1204,52.34782608695652,68
train,8804,20,2,988,49.4,54
train,8805,22,2,1120,50.90909090909091,54
train,8806,48,2,2000,41.666666666666664,46
train,8807,12,3,800,66.66666666666667,70
train,8808,28,2,1304,46.57142857142857,47
train,8809,22,2,1124,51.09090909090909,53
train,8810,10,2,356,35.6,44
train,8811,4,3,78,19.5,24
train,8812,4,3,100,25.0,26
train,8813,28,2,836,29.857142857142858,32
train,8814,16,2,296,18.5,22
train,8815,18,3,372,20.666666666666668,23
train,8816,16,2,412,25.75,31
train,8817,20,2,608,30.4,37
train,8818,14,2,400,28.571428571428573,31
train,8819,10,2,212,21.2,24
train,8820,24,2,864,36.0,37
train,8821,4,3,100,25.0,26
train,8822,18,2,734,40.77777777777778,44
train,8823,10,2,298,29.8,32
train,8824,4,3,192,48.0,48
train,8825,12,3,314,26.166666666666668,28
train,8826,10,3,420,42.0,44
train,8827,12,2,400,33.333333333333336,35
train,8828,20,2,1272,63.6,68
train,8829,36,2,1666,46.27777777777778,50
train,8830,22,2,1228,55.81818181818182,64
train,8831,16,2,600,37.5,40
train,8832,28,2,704,25.142857142857142,29
train,8833,16,2,516,32.25,34
train,8834,24,2,1180,49.166666666666664,52
train,8835,9,2,356,39.55555555555556,41
train,8836,28,2,1152,41.142857142857146,47
train,8837,20,2,384,19.2,22
train,8838,28,2,872,31.142857142857142,35
train,8839,26,2,672,25.846153846153847,28
train,8840,28,2,832,29.714285714285715,41
train,8841,26,3,948,36.46153846153846,42
train,8842,58,2,2220,38.275862068965516,46
train,8843,20,2,412,20.6,24
train,8844,48,2,1204,25.083333333333332,29
train,8845,36,2,1420,39.44444444444444,41
train,8846,22,2,928,42.18181818181818,51
train,8847,36,2,1456,40.44444444444444,46
train,8848,4,3,104,26.0,26
train,8849,4,3,232,58.0,58
train,8850,30,2,1140,38.0,40
train,8851,4,3,300,75.0,76
train,8852,9,3,130,14.444444444444445,16
train,8853,15,3,480,32.0,32
train,8854,14,2,254,18.142857142857142,24
train,8855,15,3,214,14.266666666666667,16
train,8856,4,3,232,58.0,58
train,8857,4,3,104,26.0,26
train,8858,15,2,870,58.0,65
train,8859,8,3,252,31.5,32
train,8860,24,2,540,22.5,23
train,8861,9,2,240,26.666666666666668,32
train,8862,15,3,866,57.733333333333334,62
train,8863,6,2,152,25.333333333333332,26
train,8864,4,3,128,32.0,32
train,8865,9,3,162,18.0,18
train,8866,3,3,66,22.0,22
train,8867,16,2,328,20.5,22
train,8868,12,3,216,18.0,18
train,8869,8,3,208,26.0,26
train,8870,4,3,200,50.0,50
train,8871,4,3,104,26.0,26
train,8872,8,2,204,25.5,27
train,8873,15,3,270,18.0,18
train,8874,2,3,24,12.0,12
train,8875,15,2,762,50.8,52
train,8876,10,2,416,41.6,46
train,8877,18,2,312,17.333333333333332,18
train,8878,4,3,232,58.0,58
train,8879,28,2,784,28.0,30
train,8880,24,2,588,24.5,26
train,8881,10,3,224,22.4,23
train,8882,6,3,190,31.666666666666668,34
train,8883,3,3,88,29.333333333333332,32
train,8884,2,3,64,32.0,32
train,8885,24,2,480,20.0,22
train,8886,40,2,1448,36.2,38
train,8887,6,3,88,14.666666666666666,16
train,8888,16,4,1108,69.25,70
train,8889,3,3,54,18.0,18
train,8890,13,2,240,18.46153846153846,21
train,8891,40,2,952,23.8,25
train,8892,3,3,78,26.0,26
train,8893,24,3,432,18.0,18
train,8894,11,2,310,28.181818181818183,32
train,8895,32,4,2204,68.875,70
train,8896,16,3,330,20.625,23
train,8897,8,2,156,19.5,22
train,8898,9,2,300,33.333333333333336,35
train,8899,16,2,308,19.25,20
train,8900,4,2,168,42.0,42
train,8901,12,2,512,42.666666666666664,44
train,8902,14,2,196,14.0,16
train,8903,20,2,312,15.6,18
train,8904,3,3,128,42.666666666666664,44
train,8905,12,2,280,23.333333333333332,25
train,8906,7,3,228,32.57142857142857,34
train,8907,20,2,828,41.4,43
train,8908,10,2,160,16.0,18
train,8909,3,3,128,42.666666666666664,44
train,8910,20,2,360,18.0,20
train,8911,24,2,556,23.166666666666668,25
train,8912,48,2,840,17.5,21
train,8913,11,2,186,16.90909090909091,18
train,8914,24,2,448,18.666666666666668,21
train,8915,24,2,528,22.0,29
train,8916,16,2,416,26.0,28
train,8917,38,2,1796,47.26315789473684,51
train,8918,3,3,70,23.333333333333332,25
train,8919,4,3,102,25.5,26
train,8920,12,2,200,16.666666666666668,19
train,8921,10,2,176,17.6,18
train,8922,14,2,500,35.714285714285715,39
train,8923,5,3,182,36.4,38
train,8924,15,3,842,56.13333333333333,62
train,8925,8,2,112,14.0,14
train,8926,10,2,190,19.0,24
train,8927,4,3,200,50.0,50
train,8928,16,2,260,16.25,18
train,8929,12,3,240,20.0,22
train,8930,4,2,44,11.0,11
train,8931,4,3,112,28.0,32
train,8932,12,3,280,23.333333333333332,26
train,8933,40,2,1800,45.0,50
train,8934,26,2,994,38.23076923076923,41
train,8935,40,2,900,22.5,25
train,8936,28,2,544,19.428571428571427,22
train,8937,24,2,408,17.0,20
train,8938,14,3,1056,75.42857142857143,76
train,8939,54,2,1304,24.14814814814815,28
train,8940,3,3,66,22.0,23
train,8941,2,3,68,34.0,34
train,8942,16,2,972,60.75,62
train,8943,10,2,192,19.2,22
train,8944,40,2,616,15.4,16
train,8945,10,2,202,20.2,21
train,8946,16,2,360,22.5,25
train,8947,9,2,142,15.777777777777779,18
train,8948,13,3,746,57.38461538461539,63
train,8949,8,2,148,18.5,20
train,8950,5,2,76,15.2,20
train,8951,8,2,316,39.5,40
train,8952,5,2,154,30.8,44
train,8953,7,2,168,24.0,24
train,8954,24,2,1008,42.0,45
train,8955,6,3,148,24.666666666666668,26
train,8956,10,3,216,21.6,24
train,8957,4,3,100,25.0,26
train,8958,24,2,540,22.5,26
train,8959,6,3,144,24.0,25
train,8960,5,3,122,24.4,26
train,8961,11,2,464,42.18181818181818,43
train,8962,44,2,2768,62.90909090909091,64
train,8963,8,3,172,21.5,23
train,8964,28,2,416,14.857142857142858,19
train,8965,12,3,242,20.166666666666668,26
train,8966,8,2,220,27.5,28
train,8967,6,2,80,13.333333333333334,16
train,8968,15,3,602,40.13333333333333,44
train,8969,4,3,168,42.0,43
train,8970,16,2,388,24.25,25
train,8971,40,2,1104,27.6,31
train,8972,15,2,588,39.2,48
train,8973,6,3,108,18.0,18
train,8974,16,2,276,17.25,19
train,8975,13,2,256,19.692307692307693,21
train,8976,16,3,352,22.0,25
train,8977,3,3,112,37.333333333333336,44
train,8978,5,3,170,34.0,38
train,8979,12,2,168,14.0,15
train,8980,9,3,162,18.0,18
train,8981,20,2,720,36.0,38
train,8982,8,2,134,16.75,17
train,8983,7,2,486,69.42857142857143,72
train,8984,10,3,476,47.6,49
train,8985,9,2,172,19.11111111111111,22
train,8986,4,3,96,24.0,24
train,8987,6,3,196,32.666666666666664,35
train,8988,6,2,270,45.0,50
train,8989,8,3,128,16.0,18
train,8990,5,3,102,20.4,21
train,8991,3,3,64,21.333333333333332,22
train,8992,14,3,800,57.142857142857146,63
train,8993,8,3,728,91.0,94
train,8994,24,2,1904,79.33333333333333,87
train,8995,10,2,212,21.2,26
train,8996,28,2,1800,64.28571428571429,68
train,8997,3,3,64,21.333333333333332,22
train,8998,3,3,112,37.333333333333336,44
train,8999,36,2,736,20.444444444444443,22
train,9000,11,3,534,48.54545454545455,52
train,9001,7,2,306,43.714285714285715,45
train,9002,4,2,56,14.0,14
train,9003,9,2,138,15.333333333333334,18
train,9004,9,2,252,28.0,32
train,9005,24,2,560,23.333333333333332,25
train,9006,5,2,106,21.2,26
train,9007,2,3,36,18.0,18
train,9008,4,3,100,25.0,26
train,9009,7,2,168,24.0,24
train,9010,12,3,576,48.0,50
train,9011,68,1,1592,23.41176470588235,29
train,9012,10,4,688,68.8,70
train,9013,17,2,320,18.823529411764707,20
train,9014,12,3,512,42.666666666666664,44
train,9015,24,2,588,24.5,26
train,9016,20,4,1376,68.8,70
train,9017,7,3,168,24.0,24
train,9018,3,2,64,21.333333333333332,22
train,9019,10,2,158,15.8,18
train,9020,10,2,206,20.6,26
train,9021,9,2,186,20.666666666666668,26
train,9022,4,3,104,26.0,26
train,9023,5,2,250,50.0,52
train,9024,13,3,326,25.076923076923077,26
train,9025,24,2,480,20.0,20
train,9026,16,3,292,18.25,20
train,9027,32,2,896,28.0,30
train,9028,24,2,612,25.5,27
train,9029,4,3,148,37.0,38
train,9030,3,3,112,37.333333333333336,44
train,9031,24,2,552,23.0,26
train,9032,20,2,432,21.6,24
train,9033,2,4,148,74.0,74
train,9034,4,3,104,26.0,26
train,9035,2,3,52,26.0,26
train,9036,24,2,560,23.333333333333332,28
train,9037,8,2,132,16.5,19
train,9038,6,3,132,22.0,23
train,9039,4,3,148,37.0,38
train,9040,24,2,384,16.0,18
train,9041,4,3,104,26.0,26
train,9042,6,2,192,32.0,32
train,9043,1,4,14,14.0,14
train,9044,4,3,76,19.0,19
train,9045,24,2,552,23.0,26
train,9046,11,2,224,20.363636363636363,23
train,9047,8,2,164,20.5,22
train,9048,26,2,536,20.615384615384617,23
train,9049,12,2,312,26.0,28
train,9050,24,2,520,21.666666666666668,24
train,9051,14,2,856,61.142857142857146,70
train,9052,11,3,634,57.63636363636363,63
train,9053,5,3,122,24.4,26
train,9054,9,2,166,18.444444444444443,22
train,9055,9,3,186,20.666666666666668,21
train,9056,20,2,388,19.4,21
train,9057,16,2,270,16.875,20
train,9058,9,2,130,14.444444444444445,16
train,9059,12,3,224,18.666666666666668,21
train,9060,8,2,180,22.5,26
train,9061,4,2,168,42.0,42
train,9062,24,2,532,22.166666666666668,26
train,9063,9,2,172,19.11111111111111,22
train,9064,12,2,272,22.666666666666668,27
train,9065,8,2,126,15.75,16
train,9066,48,2,900,18.75,22
train,9067,4,3,100,25.0,26
train,9068,16,2,244,15.25,16
train,9069,2,4,160,80.0,80
train,9070,8,2,132,16.5,19
train,9071,8,3,368,46.0,50
train,9072,20,2,392,19.6,23
train,9073,6,3,52,8.666666666666666,9
train,9074,1,4,22,22.0,22
train,9075,4,4,242,60.5,61
train,9076,4,3,104,26.0,26
train,9077,4,3,104,26.0,26
train,9078,2,3,16,8.0,8
train,9079,3,3,58,19.333333333333332,20
train,9080,8,2,316,39.5,40
train,9081,27,2,690,25.555555555555557,29
train,9082,6,3,240,40.0,40
train,9083,4,3,104,26.0,26
train,9084,12,2,248,20.666666666666668,22
train,9085,4,3,156,39.0,40
train,9086,16,2,1476,92.25,98
train,9087,16,2,320,20.0,25
train,9088,27,2,678,25.11111111111111,28
train,9089,80,2,1520,19.0,21
train,9090,24,2,580,24.166666666666668,28
train,9091,6,3,258,43.0,44
train,9092,4,3,100,25.0,26
train,9093,10,4,1224,122.4,124
train,9094,24,2,456,19.0,21
train,9095,54,2,1140,21.11111111111111,24
train,9096,4,3,112,28.0,32
train,9097,10,2,158,15.8,20
train,9098,14,4,1712,122.28571428571429,123
train,9099,20,2,530,26.5,33
train,9100,68,2,3076,45.23529411764706,48
train,9101,3,3,72,24.0,24
train,9102,2,2,52,26.0,26
train,9103,6,3,84,14.0,15
train,9104,7,2,210,30.0,30
train,9105,6,3,270,45.0,50
train,9106,3,3,60,20.0,21
train,9107,20,2,468,23.4,31
train,9108,11,3,368,33.45454545454545,38
train,9109,10,2,250,25.0,27
train,9110,12,3,540,45.0,47
train,9111,80,2,1214,15.175,23
train,9112,22,2,468,21.272727272727273,24
train,9113,13,2,264,20.307692307692307,22
train,9114,4,3,100,25.0,26
train,9115,4,2,104,26.0,28
train,9116,3,3,128,42.666666666666664,44
train,9117,16,2,424,26.5,27
train,9118,5,3,238,47.6,54
train,9119,20,2,448,22.4,23
train,9120,6,3,144,24.0,26
train,9121,24,2,504,21.0,23
train,9122,4,2,72,18.0,18
train,9123,8,3,128,16.0,18
train,9124,3,3,128,42.666666666666664,44
train,9125,4,2,168,42.0,42
train,9126,28,2,680,24.285714285714285,28
train,9127,8,2,196,24.5,28
train,9128,4,3,144,36.0,40
train,9129,10,2,316,31.6,36
train,9130,14,2,336,24.0,24
train,9131,40,1,648,16.2,17
train,9132,8,3,400,50.0,52
train,9133,9,2,300,33.333333333333336,36
train,9134,20,2,484,24.2,25
train,9135,16,2,428,26.75,31
train,9136,27,2,678,25.11111111111111,28
train,9137,12,2,354,29.5,35
train,9138,52,2,1356,26.076923076923077,28
train,9139,52,2,1140,21.923076923076923,24
train,9140,6,3,136,22.666666666666668,24
train,9141,14,2,316,22.571428571428573,26
train,9142,24,2,568,23.666666666666668,28
train,9143,3,3,60,20.0,21
train,9144,24,3,436,18.166666666666668,19
train,9145,24,2,496,20.666666666666668,24
train,9146,13,2,378,29.076923076923077,35
train,9147,16,2,640,40.0,42
train,9148,12,3,216,18.0,18
train,9149,8,3,824,103.0,103
train,9150,16,2,264,16.5,18
train,9151,24,2,556,23.166666666666668,25
train,9152,24,3,438,18.25,19
train,9153,9,2,300,33.333333333333336,35
train,9154,6,3,124,20.666666666666668,24
train,9155,20,2,304,15.2,17
train,9156,24,2,576,24.0,26
train,9157,24,3,444,18.5,19
train,9158,6,2,130,21.666666666666668,23
train,9159,18,3,1024,56.888888888888886,63
train,9160,4,3,104,26.0,26
train,9161,24,3,440,18.333333333333332,19
train,9162,29,3,536,18.482758620689655,22
train,9163,24,3,448,18.666666666666668,19
train,9164,24,2,1720,71.66666666666667,80
train,9165,6,3,136,22.666666666666668,25
train,9166,22,2,392,17.818181818181817,23
train,9167,6,3,96,16.0,18
train,9168,18,2,352,19.555555555555557,22
train,9169,3,4,102,34.0,34
train,9170,6,3,138,23.0,24
train,9171,44,2,740,16.818181818181817,20
train,9172,16,2,248,15.5,18
train,9173,44,2,700,15.909090909090908,18
train,9174,3,4,62,20.666666666666668,22
train,9175,5,3,122,24.4,26
train,9176,3,3,64,21.333333333333332,22
train,9177,8,2,148,18.5,19
train,9178,5,2,76,15.2,20
train,9179,24,2,564,23.5,26
train,9180,10,2,208,20.8,21
train,9181,5,2,76,15.2,20
train,9182,16,2,320,20.0,21
train,9183,18,2,558,31.0,35
train,9184,7,2,168,24.0,24
train,9185,18,2,920,51.111111111111114,53
train,9186,3,3,78,26.0,27
train,9187,18,2,340,18.88888888888889,22
train,9188,20,2,460,23.0,24
train,9189,2,3,52,26.0,26
train,9190,24,2,372,15.5,17
train,9191,22,2,364,16.545454545454547,18
train,9192,12,3,284,23.666666666666668,24
train,9193,16,2,424,26.5,30
train,9194,20,2,464,23.2,26
train,9195,10,2,212,21.2,26
train,9196,4,2,44,11.0,11
train,9197,24,2,628,26.166666666666668,31
train,9198,3,3,54,18.0,18
train,9199,20,2,372,18.6,20
train,9200,6,2,264,44.0,44
train,9201,9,3,166,18.444444444444443,19
train,9202,22,2,588,26.727272727272727,33
train,9203,3,3,64,21.333333333333332,22
train,9204,12,2,260,21.666666666666668,26
train,9205,15,3,278,18.533333333333335,19
train,9206,4,4,216,54.0,54
train,9207,36,2,1812,50.333333333333336,54
train,9208,12,2,212,17.666666666666668,18
train,9209,2,3,24,12.0,12
train,9210,15,3,270,18.0,18
train,9211,24,2,520,21.666666666666668,26
train,9212,16,2,488,30.5,32
train,9213,16,2,524,32.75,38
train,9214,12,3,288,24.0,26
train,9215,39,3,702,18.0,18
train,9216,20,3,904,45.2,46
train,9217,56,2,2416,43.142857142857146,45
train,9218,24,3,1404,58.5,62
train,9219,15,3,270,18.0,18
train,9220,7,3,516,73.71428571428571,75
train,9221,4,3,136,34.0,34
train,9222,8,2,164,20.5,21
train,9223,20,2,464,23.2,26
train,9224,5,2,106,21.2,26
train,9225,24,2,552,23.0,26
train,9226,5,3,94,18.8,24
train,9227,36,2,2024,56.22222222222222,63
train,9228,4,4,244,61.0,66
train,9229,14,2,304,21.714285714285715,24
train,9230,4,3,104,26.0,26
train,9231,2,3,52,26.0,26
train,9232,4,2,168,42.0,42
train,9233,16,4,1108,69.25,70
train,9234,12,2,280,23.333333333333332,26
train,9235,11,2,212,19.272727272727273,23
train,9236,4,3,104,26.0,26
train,9237,18,4,1236,68.66666666666667,70
train,9238,4,2,168,42.0,42
train,9239,12,2,408,34.0,35
train,9240,15,3,382,25.466666666666665,28
train,9241,18,2,476,26.444444444444443,30
train,9242,7,2,210,30.0,30
train,9243,4,2,120,30.0,30
train,9244,8,2,316,39.5,40
train,9245,7,3,218,31.142857142857142,38
train,9246,16,2,176,11.0,11
train,9247,14,2,272,19.428571428571427,23
train,9248,12,2,160,13.333333333333334,16
train,9249,38,4,2612,68.73684210526316,70
train,9250,29,2,1312,45.241379310344826,50
train,9251,14,2,244,17.428571428571427,20
train,9252,26,4,1796,69.07692307692308,70
train,9253,24,2,500,20.833333333333332,25
train,9254,18,2,448,24.88888888888889,28
train,9255,5,3,176,35.2,40
train,9256,5,3,122,24.4,26
train,9257,16,2,572,35.75,39
train,9258,48,2,978,20.375,24
train,9259,4,2,72,18.0,18
train,9260,6,3,116,19.333333333333332,20
train,9261,18,2,396,22.0,23
train,9262,2,2,28,14.0,14
train,9263,6,3,372,62.0,64
train,9264,9,3,214,23.77777777777778,25
train,9265,14,4,1180,84.28571428571429,86
train,9266,20,2,1096,54.8,57
train,9267,20,2,336,16.8,20
train,9268,12,3,516,43.0,44
train,9269,10,3,230,23.0,26
train,9270,3,3,54,18.0,18
train,9271,5,3,110,22.0,24
train,9272,3,4,150,50.0,50
train,9273,52,2,1188,22.846153846153847,25
train,9274,20,2,272,13.6,15
train,9275,14,2,204,14.571428571428571,18
train,9276,4,3,168,42.0,42
train,9277,4,2,128,32.0,34
train,9278,5,3,110,22.0,24
train,9279,21,3,390,18.571428571428573,19
train,9280,26,2,1020,39.23076923076923,41
train,9281,12,3,588,49.0,50
train,9282,6,3,270,45.0,50
train,9283,4,3,76,19.0,19
train,9284,28,2,580,20.714285714285715,25
train,9285,21,3,380,18.095238095238095,19
train,9286,4,3,126,31.5,34
train,9287,8,2,148,18.5,20
train,9288,2,3,36,18.0,18
train,9289,14,2,336,24.0,24
train,9290,24,2,556,23.166666666666668,25
train,9291,3,3,54,18.0,18
train,9292,10,2,158,15.8,20
train,9293,21,3,386,18.38095238095238,19
train,9294,12,2,208,17.333333333333332,18
train,9295,28,2,438,15.642857142857142,18
train,9296,3,3,48,16.0,17
train,9297,4,2,72,18.0,18
train,9298,18,3,480,26.666666666666668,29
train,9299,64,2,1296,20.25,23
train,9300,6,3,168,28.0,28
train,9301,21,3,378,18.0,18
train,9302,4,3,128,32.0,32
train,9303,2,3,36,18.0,18
train,9304,21,3,390,18.571428571428573,20
train,9305,24,2,556,23.166666666666668,25
train,9306,12,2,272,22.666666666666668,26
train,9307,6,2,264,44.0,44
train,9308,12,2,354,29.5,35
train,9309,12,2,212,17.666666666666668,18
train,9310,3,2,48,16.0,17
train,9311,78,4,5364,68.76923076923077,70
train,9312,16,3,544,34.0,38
train,9313,4,2,168,42.0,42
train,9314,5,2,106,21.2,26
train,9315,26,2,1196,46.0,48
train,9316,24,2,552,23.0,26
train,9317,10,3,320,32.0,39
train,9318,24,2,580,24.166666666666668,28
train,9319,2,3,64,32.0,32
train,9320,24,2,840,35.0,38
train,9321,2,2,52,26.0,26
train,9322,52,2,1024,19.692307692307693,22
train,9323,23,2,496,21.565217391304348,24
train,9324,5,2,80,16.0,16
train,9325,24,2,528,22.0,25
train,9326,8,2,126,15.75,16
train,9327,24,2,520,21.666666666666668,26
train,9328,18,2,384,21.333333333333332,26
train,9329,4,3,164,41.0,48
train,9330,5,2,76,15.2,20
train,9331,7,2,116,16.571428571428573,19
train,9332,30,2,612,20.4,22
train,9333,12,2,208,17.333333333333332,18
train,9334,24,2,600,25.0,26
train,9335,4,2,72,18.0,18
train,9336,7,2,486,69.42857142857143,72
train,9337,4,3,136,34.0,38
train,9338,24,3,440,18.333333333333332,19
train,9339,48,3,864,18.0,18
train,9340,7,2,144,20.571428571428573,21
train,9341,21,3,378,18.0,18
train,9342,8,3,232,29.0,32
train,9343,24,3,444,18.5,19
train,9344,24,3,442,18.416666666666668,19
train,9345,16,2,368,23.0,26
train,9346,5,3,114,22.8,24
train,9347,24,3,444,18.5,19
train,9348,4,3,200,50.0,50
train,9349,3,4,142,47.333333333333336,50
train,9350,24,3,436,18.166666666666668,19
train,9351,68,2,2608,38.35294117647059,42
train,9352,28,2,580,20.714285714285715,25
train,9353,12,2,288,24.0,28
train,9354,5,3,106,21.2,24
train,9355,9,2,172,19.11111111111111,22
train,9356,7,3,870,124.28571428571429,126
train,9357,15,2,1242,82.8,92
train,9358,40,2,840,21.0,24
train,9359,39,3,702,18.0,18
train,9360,48,2,2656,55.333333333333336,61
train,9361,20,2,496,24.8,30
train,9362,30,2,1072,35.733333333333334,41
train,9363,24,2,924,38.5,46
train,9364,54,2,1320,24.444444444444443,28
train,9365,18,2,720,40.0,41
train,9366,18,2,288,16.0,17
train,9367,18,3,480,26.666666666666668,29
train,9368,12,3,436,36.333333333333336,39
train,9369,16,2,320,20.0,24
train,9370,20,2,1096,54.8,57
train,9371,5,2,310,62.0,64
train,9372,10,2,260,26.0,44
train,9373,12,2,244,20.333333333333332,22
train,9374,14,2,522,37.285714285714285,40
train,9375,20,2,392,19.6,24
train,9376,5,3,142,28.4,30
train,9377,64,2,1912,29.875,32
train,9378,16,2,224,14.0,16
train,9379,24,2,588,24.5,25
train,9380,12,2,196,16.333333333333332,19
train,9381,20,2,828,41.4,43
train,9382,12,3,240,20.0,22
train,9383,10,2,156,15.6,17
train,9384,6,2,104,17.333333333333332,20
train,9385,12,2,144,12.0,15
train,9386,4,3,104,26.0,26
train,9387,18,2,308,17.11111111111111,20
train,9388,24,2,352,14.666666666666666,18
train,9389,16,3,322,20.125,21
train,9390,12,3,290,24.166666666666668,28
train,9391,6,2,100,16.666666666666668,18
train,9392,12,3,240,20.0,22
train,9393,16,2,476,29.75,38
train,9394,16,2,652,40.75,45
train,9395,4,4,284,71.0,74
train,9396,56,2,2464,44.0,46
train,9397,22,3,948,43.09090909090909,50
train,9398,5,2,310,62.0,64
train,9399,12,2,264,22.0,24
train,9400,14,2,200,14.285714285714286,18
train,9401,3,3,66,22.0,23
train,9402,8,3,508,63.5,69
train,9403,30,3,420,14.0,15
train,9404,8,2,312,39.0,40
train,9405,4,2,128,32.0,34
train,9406,6,3,312,52.0,56
train,9407,10,2,212,21.2,26
train,9408,10,2,206,20.6,26
train,9409,10,2,158,15.8,20
train,9410,6,3,190,31.666666666666668,34
train,9411,8,3,216,27.0,28
train,9412,33,2,1586,48.06060606060606,56
train,9413,24,2,488,20.333333333333332,23
train,9414,52,2,1036,19.923076923076923,24
train,9415,6,2,156,26.0,26
train,9416,22,3,608,27.636363636363637,30
train,9417,3,3,128,42.666666666666664,44
train,9418,22,3,604,27.454545454545453,30
train,9419,34,3,1704,50.11764705882353,54
train,9420,24,2,1012,42.166666666666664,44
train,9421,8,2,196,24.5,26
train,9422,5,2,250,50.0,52
train,9423,42,4,2904,69.14285714285714,70
train,9424,20,2,448,22.4,23
train,9425,32,2,668,20.875,24
train,9426,17,2,832,48.94117647058823,56
train,9427,72,3,2424,33.666666666666664,34
train,9428,24,2,636,26.5,27
train,9429,56,2,1348,24.071428571428573,26
train,9430,28,2,1268,45.285714285714285,51
train,9431,12,3,440,36.666666666666664,38
train,9432,30,2,992,33.06666666666667,36
train,9433,18,2,576,32.0,33
train,9434,36,2,1472,40.888888888888886,44
train,9435,5,2,76,15.2,20
train,9436,80,2,1154,14.425,21
train,9437,4,3,232,58.0,58
train,9438,4,4,492,123.0,130
train,9439,6,3,132,22.0,22
train,9440,24,2,592,24.666666666666668,30
train,9441,2,3,116,58.0,58
train,9442,20,2,1400,70.0,73
train,9443,20,2,1304,65.2,66
train,9444,36,2,2400,66.66666666666667,73
train,9445,4,3,48,12.0,12
train,9446,4,3,48,12.0,12
train,9447,4,4,340,85.0,86
train,9448,80,2,2128,26.6,32
train,9449,4,3,120,30.0,32
train,9450,4,3,120,30.0,32
train,9451,9,2,412,45.77777777777778,47
train,9452,80,1,1958,24.475,31
train,9453,36,2,1340,37.22222222222222,41
train,9454,11,2,224,20.363636363636363,23
train,9455,1,3,8,8.0,8
train,9456,28,2,688,24.571428571428573,27
train,9457,9,2,204,22.666666666666668,26
train,9458,24,2,616,25.666666666666668,27
train,9459,20,2,484,24.2,30
train,9460,16,2,216,13.5,14
train,9461,5,2,76,15.2,20
train,9462,16,2,784,49.0,50
train,9463,9,2,142,15.777777777777779,18
train,9464,2,4,134,67.0,67
train,9465,28,2,716,25.571428571428573,27
train,9466,24,2,736,30.666666666666668,34
train,9467,13,2,442,34.0,38
train,9468,28,2,560,20.0,23
train,9469,12,2,688,57.333333333333336,60
train,9470,9,2,166,18.444444444444443,22
train,9471,12,2,264,22.0,25
train,9472,12,2,384,32.0,34
train,9473,6,3,144,24.0,26
train,9474,18,2,324,18.0,20
train,9475,2,3,68,34.0,34
train,9476,12,4,1468,122.33333333333333,123
train,9477,1,3,12,12.0,12
train,9478,2,3,68,34.0,34
train,9479,1,3,12,12.0,12
train,9480,5,2,154,30.8,44
train,9481,40,2,2784,69.6,73
train,9482,6,2,144,24.0,26
train,9483,8,2,430,53.75,56
train,9484,6,4,426,71.0,79
train,9485,5,2,76,15.2,20
train,9486,2,3,52,26.0,26
train,9487,1,4,42,42.0,42
train,9488,28,2,728,26.0,28
train,9489,2,2,12,6.0,6
train,9490,14,2,674,48.142857142857146,52
train,9491,14,2,532,38.0,39
train,9492,14,2,690,49.285714285714285,54
train,9493,24,2,1012,42.166666666666664,44
train,9494,28,2,648,23.142857142857142,26
train,9495,12,2,602,50.166666666666664,58
train,9496,28,2,544,19.428571428571427,23
train,9497,22,2,364,16.545454545454547,18
train,9498,28,2,552,19.714285714285715,22
train,9499,10,2,156,15.6,20
train,9500,16,4,1956,122.25,123
train,9501,28,2,760,27.142857142857142,33
train,9502,16,2,792,49.5,53
train,9503,18,2,708,39.333333333333336,48
train,9504,24,2,1324,55.166666666666664,57
train,9505,28,2,616,22.0,24
train,9506,18,2,328,18.22222222222222,20
train,9507,24,2,624,26.0,28
train,9508,28,2,616,22.0,25
train,9509,16,2,600,37.5,41
train,9510,16,2,284,17.75,21
train,9511,28,2,576,20.571428571428573,23
train,9512,14,2,640,45.714285714285715,54
train,9513,28,2,706,25.214285714285715,30
train,9514,20,2,438,21.9,26
train,9515,4,3,104,26.0,26
train,9516,3,3,64,21.333333333333332,22
train,9517,16,2,328,20.5,26
train,9518,4,3,104,26.0,26
train,9519,16,2,228,14.25,16
train,9520,12,2,538,44.833333333333336,54
train,9521,4,3,200,50.0,50
train,9522,8,2,378,47.25,48
train,9523,16,3,312,19.5,22
train,9524,36,2,960,26.666666666666668,29
train,9525,9,2,186,20.666666666666668,26
train,9526,1,4,18,18.0,18
train,9527,3,3,128,42.666666666666664,44
train,9528,24,2,1164,48.5,51
train,9529,24,2,664,27.666666666666668,30
train,9530,16,2,716,44.75,51
train,9531,27,3,502,18.59259259259259,19
train,9532,7,3,396,56.57142857142857,59
train,9533,7,3,190,27.142857142857142,29
train,9534,3,3,172,57.333333333333336,58
train,9535,8,4,672,84.0,91
train,9536,8,3,624,78.0,81
train,9537,8,3,504,63.0,66
train,9538,16,3,1536,96.0,100
train,9539,8,3,462,57.75,63
train,9540,8,2,424,53.0,57
train,9541,28,2,1956,69.85714285714286,74
train,9542,14,2,1072,76.57142857142857,80
train,9543,14,2,1008,72.0,78
train,9544,16,3,1496,93.5,98
train,9545,14,3,1116,79.71428571428571,82
train,9546,16,3,1352,84.5,89
train,9547,14,2,1024,73.14285714285714,80
train,9548,14,2,976,69.71428571428571,73
train,9549,14,3,1172,83.71428571428571,85
train,9550,28,2,1968,70.28571428571429,78
train,9551,14,3,1216,86.85714285714286,87
train,9552,5,3,274,54.8,57
train,9553,14,2,1080,77.14285714285714,78
train,9554,5,3,256,51.2,53
train,9555,14,2,992,70.85714285714286,73
train,9556,5,3,318,63.6,68
train,9557,5,3,294,58.8,61
train,9558,16,3,1080,67.5,69
train,9559,54,2,4264,78.96296296296296,96
train,9560,22,2,1548,70.36363636363636,75
train,9561,20,2,1944,97.2,100
train,9562,28,2,1596,57.0,59
train,9563,26,2,1528,58.76923076923077,63
train,9564,6,3,448,74.66666666666667,76
train,9565,8,3,484,60.5,64
train,9566,28,2,2196,78.42857142857143,82
train,9567,28,2,2184,78.0,81
train,9568,14,2,984,70.28571428571429,72
train,9569,6,3,324,54.0,61
train,9570,14,3,1298,92.71428571428571,97
train,9571,24,3,1432,59.666666666666664,65
train,9572,5,3,270,54.0,58
train,9573,5,3,278,55.6,57
train,9574,40,2,2048,51.2,54
train,9575,5,3,288,57.6,60
train,9576,14,3,836,59.714285714285715,61
train,9577,14,3,836,59.714285714285715,65
train,9578,40,2,2192,54.8,58
train,9579,40,2,2108,52.7,56
train,9580,11,2,536,48.72727272727273,51
train,9581,24,2,596,24.833333333333332,27
train,9582,4,3,76,19.0,19
train,9583,4,3,488,122.0,122
train,9584,22,3,532,24.181818181818183,26
train,9585,8,3,216,27.0,27
train,9586,16,2,228,14.25,18
train,9587,3,3,128,42.666666666666664,44
train,9588,4,3,200,50.0,50
train,9589,3,3,64,21.333333333333332,22
train,9590,3,3,112,37.333333333333336,44
train,9591,3,3,128,42.666666666666664,44
train,9592,3,3,128,42.666666666666664,44
train,9593,4,3,104,26.0,26
train,9594,4,3,200,50.0,50
train,9595,4,3,104,26.0,26
train,9596,3,3,128,42.666666666666664,44
train,9597,3,3,128,42.666666666666664,44
train,9598,4,3,200,50.0,50
train,9599,4,3,200,50.0,50
train,9600,4,3,104,26.0,26
train,9601,3,3,128,42.666666666666664,44
train,9602,3,3,112,37.333333333333336,44
train,9603,4,3,104,26.0,26
train,9604,3,3,112,37.333333333333336,44
train,9605,3,3,64,21.333333333333332,22
train,9606,4,3,200,50.0,50
train,9607,3,3,128,42.666666666666664,44
train,9608,4,3,104,26.0,26
train,9609,4,3,104,26.0,26
train,9610,4,3,232,58.0,58
train,9611,3,3,112,37.333333333333336,44
train,9612,3,3,128,42.666666666666664,44
train,9613,4,3,232,58.0,58
train,9614,3,3,112,37.333333333333336,44
train,9615,4,3,104,26.0,26
train,9616,4,3,232,58.0,58
train,9617,3,3,128,42.666666666666664,44
train,9618,4,3,104,26.0,26
train,9619,4,3,104,26.0,26
train,9620,4,3,104,26.0,26
train,9621,4,3,232,58.0,58
train,9622,4,3,232,58.0,58
train,9623,4,3,232,58.0,58
train,9624,4,3,232,58.0,58
train,9625,4,3,232,58.0,58
train,9626,3,3,128,42.666666666666664,44
train,9627,3,3,64,21.333333333333332,22
train,9628,3,3,128,42.666666666666664,44
train,9629,3,3,64,21.333333333333332,22
train,9630,4,3,104,26.0,26
train,9631,4,3,104,26.0,26
train,9632,3,3,128,42.666666666666664,44
train,9633,3,3,128,42.666666666666664,44
train,9634,3,3,112,37.333333333333336,44
train,9635,4,3,200,50.0,50
train,9636,3,3,64,21.333333333333332,22
train,9637,3,3,112,37.333333333333336,44
train,9638,4,3,104,26.0,26
train,9639,4,3,104,26.0,26
train,9640,4,3,200,50.0,50
train,9641,3,3,112,37.333333333333336,44
train,9642,3,3,128,42.666666666666664,44
train,9643,4,3,200,50.0,50
train,9644,4,3,232,58.0,58
train,9645,4,3,104,26.0,26
train,9646,4,3,232,58.0,58
train,9647,3,3,64,21.333333333333332,22
train,9648,3,3,112,37.333333333333336,44
train,9649,3,3,128,42.666666666666664,44
train,9650,3,3,128,42.666666666666664,44
train,9651,4,3,104,26.0,26
train,9652,3,3,112,37.333333333333336,44
train,9653,4,3,104,26.0,26
train,9654,4,3,200,50.0,50
train,9655,3,3,64,21.333333333333332,22
train,9656,4,3,104,26.0,26
train,9657,3,3,112,37.333333333333336,44
train,9658,4,3,104,26.0,26
train,9659,4,2,104,26.0,26
train,9660,4,3,104,26.0,26
train,9661,4,3,104,26.0,26
train,9662,3,3,128,42.666666666666664,44
train,9663,4,3,200,50.0,50
train,9664,3,3,128,42.666666666666664,44
train,9665,4,3,104,26.0,26
train,9666,4,3,232,58.0,58
train,9667,3,3,146,48.666666666666664,50
train,9668,3,3,128,42.666666666666664,44
train,9669,3,3,128,42.666666666666664,44
train,9670,3,3,146,48.666666666666664,50
train,9671,4,3,104,26.0,26
train,9672,4,3,232,58.0,58
train,9673,3,3,64,21.333333333333332,22
train,9674,3,2,64,21.333333333333332,22
train,9675,4,3,104,26.0,26
train,9676,4,3,104,26.0,26
train,9677,4,3,104,26.0,26
train,9678,3,3,128,42.666666666666664,44
train,9679,4,3,104,26.0,26
train,9680,3,3,128,42.666666666666664,44
train,9681,3,3,128,42.666666666666664,44
train,9682,4,3,200,50.0,50
train,9683,4,3,200,50.0,50
train,9684,4,3,104,26.0,26
train,9685,4,3,104,26.0,26
train,9686,4,3,232,58.0,58
train,9687,4,3,104,26.0,26
train,9688,4,3,200,50.0,50
train,9689,4,3,232,58.0,58
train,9690,4,3,104,26.0,26
train,9691,4,3,104,26.0,26
train,9692,4,3,104,26.0,26
train,9693,2,4,90,45.0,45
train,9694,4,3,104,26.0,26
train,9695,2,4,92,46.0,46
train,9696,4,2,128,32.0,33
train,9697,2,3,48,24.0,24
train,9698,2,4,98,49.0,49
train,9699,2,2,52,26.0,26
train,9700,4,3,148,37.0,39
train,9701,2,4,152,76.0,76
train,9702,12,3,996,83.0,86
train,9703,6,3,372,62.0,64
train,9704,18,2,1224,68.0,74
train,9705,8,3,536,67.0,68
train,9706,15,2,1116,74.4,80
train,9707,13,2,630,48.46153846153846,58
train,9708,5,2,106,21.2,26
train,9709,22,2,1080,49.09090909090909,54
train,9710,15,2,1012,67.46666666666667,76
train,9711,2,4,52,26.0,26
train,9712,2,4,52,26.0,26
train,9713,22,2,1268,57.63636363636363,59
train,9714,16,3,1224,76.5,83
train,9715,16,3,1432,89.5,94
train,9716,11,2,666,60.54545454545455,62
train,9717,16,2,920,57.5,65
train,9718,20,3,1112,55.6,60
train,9719,6,2,168,28.0,31
train,9720,12,3,1076,89.66666666666667,94
train,9721,7,3,282,40.285714285714285,43
train,9722,4,4,300,75.0,78
train,9723,2,3,72,36.0,36
train,9724,4,2,56,14.0,14
train,9725,5,2,76,15.2,20
train,9726,3,3,112,37.333333333333336,44
train,9727,20,2,344,17.2,18
train,9728,22,2,792,36.0,39
train,9729,14,3,588,42.0,45
train,9730,5,3,94,18.8,24
train,9731,14,2,242,17.285714285714285,21
train,9732,10,2,572,57.2,60
train,9733,24,2,1024,42.666666666666664,43
train,9734,24,2,512,21.333333333333332,27
train,9735,32,3,2868,89.625,96
train,9736,12,3,224,18.666666666666668,21
train,9737,28,2,640,22.857142857142858,25
train,9738,32,2,1420,44.375,47
train,9739,40,2,2224,55.6,60
train,9740,18,2,990,55.0,59
train,9741,18,2,744,41.333333333333336,46
train,9742,30,2,896,29.866666666666667,38
train,9743,4,2,0,0.0,0
train,9744,1,3,10,10.0,10
train,9745,6,2,234,39.0,44
train,9746,1,2,18,18.0,18
train,9747,4,3,232,58.0,58
train,9748,24,2,424,17.666666666666668,19
train,9749,24,2,560,23.333333333333332,27
train,9750,9,3,126,14.0,15
train,9751,28,2,1468,52.42857142857143,55
train,9752,33,2,1564,47.39393939393939,50
train,9753,18,2,812,45.111111111111114,48
train,9754,28,2,856,30.571428571428573,33
train,9755,9,3,426,47.333333333333336,52
train,9756,32,2,744,23.25,28
train,9757,12,3,556,46.333333333333336,49
train,9758,29,2,1870,64.48275862068965,74
train,9759,9,2,166,18.444444444444443,22
train,9760,28,2,688,24.571428571428573,27
train,9761,14,2,496,35.42857142857143,38
train,9762,17,2,556,32.705882352941174,44
train,9763,3,4,222,74.0,76
train,9764,12,2,568,47.333333333333336,49
train,9765,16,2,1368,85.5,94
train,9766,5,2,70,14.0,17
train,9767,8,3,320,40.0,46
train,9768,18,2,660,36.666666666666664,46
train,9769,5,2,76,15.2,20
train,9770,24,2,1212,50.5,54
train,9771,8,3,354,44.25,47
train,9772,12,2,604,50.333333333333336,52
train,9773,18,2,756,42.0,46
train,9774,16,2,784,49.0,62
train,9775,20,2,1292,64.6,71
train,9776,20,2,1204,60.2,71
train,9777,18,2,620,34.44444444444444,46
train,9778,8,2,232,29.0,30
train,9779,22,2,1636,74.36363636363636,76
train,9780,22,2,1148,52.18181818181818,62
train,9781,9,3,772,85.77777777777777,88
train,9782,18,2,580,32.22222222222222,38
train,9783,18,2,580,32.22222222222222,38
train,9784,12,3,684,57.0,60
train,9785,14,2,428,30.571428571428573,37
train,9786,18,2,580,32.22222222222222,38
train,9787,14,2,984,70.28571428571429,72
train,9788,8,2,342,42.75,52
train,9789,16,2,432,27.0,29
train,9790,17,2,800,47.05882352941177,54
train,9791,27,2,1120,41.48148148148148,47
train,9792,22,3,1672,76.0,85
train,9793,18,2,1280,71.11111111111111,76
train,9794,20,2,624,31.2,36
train,9795,21,2,1326,63.142857142857146,70
train,9796,9,2,364,40.44444444444444,43
train,9797,7,2,140,20.0,23
train,9798,28,2,1296,46.285714285714285,58
train,9799,9,2,262,29.11111111111111,38
train,9800,24,2,1336,55.666666666666664,62
train,9801,18,2,856,47.55555555555556,51
train,9802,7,3,236,33.714285714285715,35
train,9803,22,2,1172,53.27272727272727,58
train,9804,7,3,384,54.857142857142854,56
train,9805,17,2,1178,69.29411764705883,74
train,9806,12,3,762,63.5,68
train,9807,22,3,1660,75.45454545454545,88
train,9808,9,2,412,45.77777777777778,47
train,9809,28,2,1584,56.57142857142857,61
train,9810,8,3,270,33.75,35
train,9811,9,2,450,50.0,52
train,9812,21,2,1186,56.476190476190474,61
train,9813,16,2,368,23.0,25
train,9814,16,2,424,26.5,29
train,9815,20,2,1500,75.0,79
train,9816,18,2,1364,75.77777777777777,90
train,9817,17,2,828,48.705882352941174,53
train,9818,34,2,1436,42.23529411764706,48
train,9819,11,3,392,35.63636363636363,38
train,9820,28,2,1712,61.142857142857146,72
train,9821,28,2,576,20.571428571428573,22
train,9822,22,3,1756,79.81818181818181,94
train,9823,44,2,2572,58.45454545454545,65
train,9824,18,2,572,31.77777777777778,38
train,9825,26,2,580,22.307692307692307,26
train,9826,32,2,1528,47.75,53
train,9827,18,2,508,28.22222222222222,32
train,9828,28,2,1206,43.07142857142857,48
train,9829,18,2,492,27.333333333333332,32
train,9830,16,2,480,30.0,34
train,9831,20,2,840,42.0,44
train,9832,10,2,428,42.8,46
train,9833,16,2,1168,73.0,76
train,9834,15,2,832,55.46666666666667,57
train,9835,20,3,1140,57.0,59
train,9836,18,2,476,26.444444444444443,32
train,9837,15,2,912,60.8,62
train,9838,24,2,1300,54.166666666666664,57
train,9839,9,3,626,69.55555555555556,76
train,9840,32,3,2488,77.75,81
train,9841,28,2,1704,60.857142857142854,69
train,9842,5,2,154,30.8,44
train,9843,8,3,308,38.5,40
train,9844,12,3,960,80.0,88
train,9845,9,2,564,62.666666666666664,63
train,9846,20,2,1068,53.4,58
train,9847,4,3,200,50.0,50
train,9848,20,2,1164,58.2,66
train,9849,16,2,776,48.5,51
train,9850,28,2,1440,51.42857142857143,55
train,9851,2,4,108,54.0,54
train,9852,16,2,926,57.875,60
train,9853,12,2,308,25.666666666666668,28
train,9854,2,3,160,80.0,80
train,9855,12,3,672,56.0,58
train,9856,14,2,464,33.142857142857146,41
train,9857,5,2,160,32.0,34
train,9858,20,3,1356,67.8,73
train,9859,20,2,996,49.8,53
train,9860,24,2,868,36.166666666666664,39
train,9861,36,2,1672,46.44444444444444,52
train,9862,9,2,200,22.22222222222222,25
train,9863,32,2,1548,48.375,51
train,9864,80,2,4682,58.525,66
train,9865,22,2,714,32.45454545454545,35
train,9866,21,3,378,18.0,18
train,9867,22,2,1080,49.09090909090909,60
train,9868,26,2,480,18.46153846153846,20
train,9869,32,2,1056,33.0,36
train,9870,16,2,424,26.5,28
train,9871,24,2,436,18.166666666666668,21
train,9872,22,3,438,19.90909090909091,25
train,9873,80,2,1746,21.825,27
train,9874,30,3,1770,59.0,65
train,9875,72,2,968,13.444444444444445,16
train,9876,32,2,824,25.75,29
train,9877,28,2,616,22.0,26
train,9878,32,2,1144,35.75,40
train,9879,13,2,646,49.69230769230769,58
train,9880,32,3,2884,90.125,96
train,9881,28,2,680,24.285714285714285,30
train,9882,28,2,678,24.214285714285715,29
train,9883,4,3,126,31.5,38
train,9884,42,2,1228,29.238095238095237,34
train,9885,39,2,1912,49.02564102564103,52
train,9886,28,2,424,15.142857142857142,16
train,9887,27,3,490,18.14814814814815,19
train,9888,45,3,810,18.0,18
train,9889,48,2,856,17.833333333333332,21
train,9890,12,3,578,48.166666666666664,52
train,9891,32,2,1120,35.0,39
train,9892,22,2,1028,46.72727272727273,49
train,9893,40,2,1952,48.8,52
train,9894,40,2,916,22.9,26
train,9895,56,2,1016,18.142857142857142,24
train,9896,40,2,800,20.0,23
train,9897,28,2,1224,43.714285714285715,47
train,9898,28,2,1184,42.285714285714285,44
train,9899,28,2,1280,45.714285714285715,56
train,9900,4,3,232,58.0,58
train,9901,4,3,112,28.0,28
train,9902,4,2,48,12.0,12
train,9903,14,2,640,45.714285714285715,50
train,9904,8,2,48,6.0,6
train,9905,4,3,184,46.0,46
train,9906,16,2,464,29.0,31
train,9907,23,2,1146,49.82608695652174,56
train,9908,28,2,1480,52.857142857142854,56
train,9909,4,3,200,50.0,50
train,9910,4,3,200,50.0,50
train,9911,4,3,64,16.0,16
train,9912,29,2,1618,55.793103448275865,58
train,9913,2,2,52,26.0,26
train,9914,20,2,368,18.4,20
train,9915,8,3,224,28.0,28
train,9916,14,3,560,40.0,44
train,9917,10,2,224,22.4,26
train,9918,1,2,0,0.0,0
train,9919,16,2,720,45.0,47
train,9920,22,2,1308,59.45454545454545,66
train,9921,12,3,584,48.666666666666664,50
train,9922,10,2,452,45.2,50
train,9923,10,2,332,33.2,37
train,9924,12,2,496,41.333333333333336,45
train,9925,5,2,134,26.8,28
train,9926,10,2,164,16.4,17
train,9927,8,2,312,39.0,48
train,9928,10,2,256,25.6,32
train,9929,13,2,312,24.0,28
train,9930,14,2,304,21.714285714285715,24
train,9931,6,3,412,68.66666666666667,72
train,9932,4,3,118,29.5,33
train,9933,8,3,208,26.0,26
train,9934,8,3,350,43.75,48
train,9935,10,2,412,41.2,44
train,9936,4,3,118,29.5,33
train,9937,8,2,208,26.0,26
train,9938,14,2,256,18.285714285714285,20
train,9939,8,2,208,26.0,26
train,9940,8,3,420,52.5,60
train,9941,33,2,714,21.636363636363637,24
train,9942,12,2,584,48.666666666666664,58
train,9943,10,2,298,29.8,33
train,9944,40,2,2166,54.15,58
train,9945,7,2,158,22.571428571428573,24
train,9946,7,3,208,29.714285714285715,30
train,9947,34,2,696,20.470588235294116,25
train,9948,12,3,584,48.666666666666664,50
train,9949,14,3,664,47.42857142857143,50
train,9950,4,3,118,29.5,33
train,9951,16,2,284,17.75,19
train,9952,10,2,448,44.8,48
train,9953,11,2,344,31.272727272727273,34
train,9954,4,3,136,34.0,34
train,9955,7,3,126,18.0,18
train,9956,40,2,1912,47.8,54
train,9957,16,2,284,17.75,19
train,9958,14,2,680,48.57142857142857,51
train,9959,3,3,90,30.0,30
train,9960,8,3,208,26.0,26
train,9961,38,2,1616,42.526315789473685,50
train,9962,8,3,244,30.5,31
train,9963,7,2,152,21.714285714285715,24
train,9964,10,2,584,58.4,60
train,9965,29,3,1408,48.55172413793103,54
train,9966,5,2,136,27.2,32
train,9967,34,2,1800,52.94117647058823,55
train,9968,29,2,1206,41.58620689655172,45
train,9969,8,3,212,26.5,27
train,9970,12,2,394,32.833333333333336,38
train,9971,44,2,1976,44.90909090909091,50
train,9972,5,2,196,39.2,44
train,9973,41,2,2004,48.8780487804878,55
train,9974,7,2,120,17.142857142857142,20
train,9975,4,3,132,33.0,34
train,9976,80,2,3804,47.55,55
train,9977,8,3,272,34.0,36
train,9978,29,2,1456,50.206896551724135,54
train,9979,4,3,118,29.5,33
train,9980,6,3,280,46.666666666666664,48
train,9981,76,2,3400,44.73684210526316,47
train,9982,12,3,218,18.166666666666668,19
train,9983,42,3,756,18.0,18
train,9984,45,3,810,18.0,18
train,9985,45,3,810,18.0,18
train,9986,45,3,810,18.0,18
train,9987,45,3,810,18.0,18
train,9988,75,3,1350,18.0,18
train,9989,39,2,902,23.128205128205128,27
train,9990,42,2,928,22.095238095238095,25
train,9991,10,2,172,17.2,20
train,9992,34,2,632,18.58823529411765,21
train,9993,80,2,3100,38.75,43
train,9994,2,3,40,20.0,20
train,9995,2,4,44,22.0,22
train,9996,2,3,52,26.0,26
train,9997,2,4,52,26.0,26
train,9998,6,2,232,38.666666666666664,40
train,9999,10,2,260,26.0,28
train,10000,12,3,744,62.0,64
train,10001,40,2,1248,31.2,35
train,10002,29,2,1414,48.758620689655174,53
train,10003,45,2,1978,43.955555555555556,68
train,10004,6,2,140,23.333333333333332,24
train,10005,10,2,262,26.2,28
train,10006,8,2,136,17.0,18
train,10007,12,2,728,60.666666666666664,64
train,10008,40,2,1064,26.6,30
train,10009,4,3,80,20.0,20
train,10010,6,2,256,42.666666666666664,44
train,10011,10,2,440,44.0,51
train,10012,40,2,1048,26.2,28
train,10013,20,2,968,48.4,52
train,10014,20,2,1296,64.8,74
train,10015,12,2,296,24.666666666666668,29
train,10016,24,2,1448,60.333333333333336,62
train,10017,4,3,122,30.5,32
train,10018,76,2,3484,45.8421052631579,48
train,10019,20,2,720,36.0,44
train,10020,80,2,4288,53.6,56
train,10021,23,2,1330,57.82608695652174,62
train,10022,50,2,2500,50.0,52
train,10023,50,2,2508,50.16,53
train,10024,28,2,1308,46.714285714285715,50
train,10025,70,2,5452,77.88571428571429,83
train,10026,32,2,1468,45.875,54
train,10027,28,2,1200,42.857142857142854,46
train,10028,40,2,2212,55.3,57
train,10029,22,2,1288,58.54545454545455,67
train,10030,24,2,736,30.666666666666668,37
train,10031,28,2,1536,54.857142857142854,57
train,10032,17,2,732,43.05882352941177,47
train,10033,24,2,1432,59.666666666666664,67
train,10034,22,2,1176,53.45454545454545,56
train,10035,20,2,1372,68.6,73
train,10036,24,3,1632,68.0,74
train,10037,14,2,596,42.57142857142857,60
train,10038,36,2,1944,54.0,63
train,10039,4,3,184,46.0,46
train,10040,16,2,544,34.0,36
train,10041,17,2,1440,84.70588235294117,91
train,10042,14,3,932,66.57142857142857,72
train,10043,26,2,2096,80.61538461538461,87
train,10044,16,2,1060,66.25,67
train,10045,12,2,304,25.333333333333332,27
train,10046,16,2,616,38.5,41
train,10047,15,2,1500,100.0,104
train,10048,16,2,848,53.0,66
train,10049,6,2,164,27.333333333333332,30
train,10050,18,2,684,38.0,40
train,10051,40,2,3472,86.8,92
train,10052,20,3,1252,62.6,67
train,10053,15,2,706,47.06666666666667,51
train,10054,14,3,796,56.857142857142854,62
train,10055,24,2,1104,46.0,52
train,10056,48,2,2848,59.333333333333336,62
train,10057,9,3,820,91.11111111111111,104
train,10058,9,2,412,45.77777777777778,47
train,10059,9,2,412,45.77777777777778,47
train,10060,16,3,1168,73.0,76
train,10061,16,2,424,26.5,29
train,10062,12,3,912,76.0,79
train,10063,30,2,1012,33.733333333333334,38
train,10064,7,3,172,24.571428571428573,36
train,10065,20,2,1936,96.8,101
train,10066,16,2,1136,71.0,73
train,10067,8,2,348,43.5,49
train,10068,22,2,1256,57.09090909090909,62
train,10069,18,2,984,54.666666666666664,61
train,10070,22,2,1244,56.54545454545455,58
train,10071,28,2,2108,75.28571428571429,82
train,10072,38,2,3240,85.26315789473684,89
train,10073,40,2,2816,70.4,73
train,10074,36,2,2472,68.66666666666667,74
train,10075,40,2,2352,58.8,62
train,10076,52,2,2996,57.61538461538461,63
train,10077,20,3,1272,63.6,69
train,10078,28,2,1288,46.0,56
train,10079,32,2,1816,56.75,61
train,10080,80,2,4384,54.8,60
train,10081,32,2,1744,54.5,61
train,10082,36,2,2760,76.66666666666667,79
train,10083,24,2,1712,71.33333333333333,78
train,10084,50,2,1500,30.0,36
train,10085,75,2,5654,75.38666666666667,92
train,10086,64,2,5840,91.25,98
train,10087,30,2,1036,34.53333333333333,39
train,10088,80,2,6344,79.3,87
train,10089,24,2,1194,49.75,52
train,10090,48,2,2456,51.166666666666664,55
train,10091,36,2,1352,37.55555555555556,41
train,10092,34,2,2556,75.17647058823529,79
train,10093,48,2,2928,61.0,64
train,10094,52,2,2504,48.15384615384615,54
train,10095,40,2,2320,58.0,61
train,10096,8,2,400,50.0,52
train,10097,44,2,3000,68.18181818181819,73
train,10098,80,2,3256,40.7,46
train,10099,80,2,3006,37.575,44
train,10100,36,2,2552,70.88888888888889,75
train,10101,6,2,96,16.0,17
train,10102,36,2,1968,54.666666666666664,59
train,10103,36,2,1912,53.111111111111114,57
train,10104,6,3,192,32.0,32
train,10105,80,2,5440,68.0,73
train,10106,38,2,2212,58.21052631578947,62
train,10107,38,2,2076,54.63157894736842,63
train,10108,14,2,476,34.0,36
train,10109,32,2,1616,50.5,57
train,10110,12,3,864,72.0,74
train,10111,20,2,640,32.0,33
train,10112,8,4,628,78.5,86
train,10113,32,2,1240,38.75,42
train,10114,8,3,252,31.5,37
train,10115,4,3,68,17.0,19
train,10116,24,2,1132,47.166666666666664,49
train,10117,8,2,324,40.5,45
train,10118,41,2,2178,53.1219512195122,59
train,10119,38,2,2908,76.52631578947368,81
train,10120,4,2,152,38.0,40
train,10121,12,2,348,29.0,34
train,10122,32,2,1640,51.25,56
train,10123,28,2,800,28.571428571428573,32
train,10124,14,3,740,52.857142857142854,56
train,10125,8,2,312,39.0,40
train,10126,24,2,1728,72.0,74
train,10127,5,2,166,33.2,38
train,10128,14,3,992,70.85714285714286,72
train,10129,14,3,684,48.857142857142854,51
train,10130,14,2,304,21.714285714285715,22
train,10131,8,3,496,62.0,64
train,10132,32,3,1608,50.25,55
train,10133,16,2,268,16.75,17
train,10134,5,3,188,37.6,42
train,10135,12,3,604,50.333333333333336,53
train,10136,16,3,816,51.0,52
train,10137,14,3,644,46.0,50
train,10138,14,3,604,43.142857142857146,49
train,10139,22,2,1008,45.81818181818182,50
train,10140,14,2,452,32.285714285714285,34
train,10141,27,2,378,14.0,16
train,10142,30,2,1812,60.4,64
train,10143,28,3,1368,48.857142857142854,50
train,10144,16,3,1044,65.25,67
train,10145,3,3,194,64.66666666666667,74
train,10146,8,3,496,62.0,64
train,10147,20,2,1104,55.2,58
train,10148,22,2,972,44.18181818181818,48
train,10149,24,2,1596,66.5,74
train,10150,8,3,428,53.5,56
train,10151,4,4,210,52.5,56
train,10152,16,3,828,51.75,56
train,10153,12,2,512,42.666666666666664,44
train,10154,6,3,190,31.666666666666668,34
train,10155,6,2,168,28.0,32
train,10156,7,3,214,30.571428571428573,34
train,10157,4,3,138,34.5,38
train,10158,4,3,126,31.5,38
train,10159,4,3,224,56.0,56
train,10160,1,3,18,18.0,18
train,10161,14,2,664,47.42857142857143,49
train,10162,10,3,544,54.4,57
train,10163,28,2,1480,52.857142857142854,57
train,10164,12,3,544,45.333333333333336,47
train,10165,12,2,760,63.333333333333336,67
train,10166,7,3,260,37.142857142857146,39
train,10167,14,2,448,32.0,44
train,10168,11,2,562,51.09090909090909,56
train,10169,12,2,156,13.0,16
train,10170,6,2,84,14.0,15
train,10171,4,2,128,32.0,32
train,10172,3,3,178,59.333333333333336,62
train,10173,12,2,492,41.0,42
train,10174,6,3,84,14.0,15
train,10175,6,3,352,58.666666666666664,62
train,10176,20,2,704,35.2,37
train,10177,22,2,1120,50.90909090909091,54
train,10178,11,2,432,39.27272727272727,44
train,10179,11,2,550,50.0,56
train,10180,6,2,168,28.0,32
train,10181,3,3,58,19.333333333333332,20
train,10182,11,2,626,56.90909090909091,62
train,10183,4,3,170,42.5,44
train,10184,6,2,56,9.333333333333334,10
train,10185,12,2,412,34.333333333333336,37
train,10186,14,2,360,25.714285714285715,30
train,10187,11,2,602,54.72727272727273,60
train,10188,20,2,520,26.0,28
train,10189,12,2,172,14.333333333333334,15
train,10190,14,2,544,38.857142857142854,44
train,10191,12,2,512,42.666666666666664,44
train,10192,4,3,176,44.0,44
train,10193,14,3,676,48.285714285714285,52
train,10194,16,2,764,47.75,51
train,10195,5,3,194,38.8,42
train,10196,30,2,408,13.6,18
train,10197,8,3,472,59.0,62
train,10198,14,2,688,49.142857142857146,50
train,10199,11,2,468,42.54545454545455,44
train,10200,16,3,936,58.5,60
train,10201,10,2,464,46.4,48
train,10202,6,3,194,32.333333333333336,35
train,10203,8,3,428,53.5,55
train,10204,8,3,276,34.5,42
train,10205,9,2,486,54.0,56
train,10206,14,2,880,62.857142857142854,65
train,10207,16,3,780,48.75,55
train,10208,12,3,712,59.333333333333336,61
train,10209,8,3,276,34.5,38
train,10210,14,2,688,49.142857142857146,50
train,10211,9,3,474,52.666666666666664,56
train,10212,12,3,550,45.833333333333336,52
train,10213,12,2,664,55.333333333333336,59
train,10214,8,3,228,28.5,32
train,10215,10,2,386,38.6,41
train,10216,20,2,952,47.6,54
train,10217,8,3,276,34.5,42
train,10218,10,3,608,60.8,65
train,10219,6,4,364,60.666666666666664,67
train,10220,10,3,656,65.6,71
train,10221,12,2,248,20.666666666666668,22
train,10222,10,3,536,53.6,62
train,10223,16,3,748,46.75,51
train,10224,4,3,148,37.0,38
train,10225,10,2,348,34.8,38
train,10226,14,2,448,32.0,44
train,10227,6,2,168,28.0,32
train,10228,10,2,384,38.4,42
train,10229,10,3,416,41.6,44
train,10230,16,2,852,53.25,57
train,10231,14,2,544,38.857142857142854,44
train,10232,10,3,420,42.0,43
train,10233,16,3,896,56.0,58
train,10234,11,2,634,57.63636363636363,60
train,10235,22,2,988,44.90909090909091,48
train,10236,4,3,148,37.0,38
train,10237,16,3,928,58.0,59
train,10238,10,2,398,39.8,41
train,10239,8,3,428,53.5,55
train,10240,27,2,1404,52.0,55
train,10241,12,3,572,47.666666666666664,50
train,10242,12,2,696,58.0,60
train,10243,19,2,906,47.68421052631579,51
train,10244,20,2,1112,55.6,58
train,10245,7,3,300,42.857142857142854,46
train,10246,18,2,716,39.77777777777778,46
train,10247,14,2,688,49.142857142857146,50
train,10248,1,4,28,28.0,28
train,10249,10,2,472,47.2,58
train,10250,6,3,284,47.333333333333336,50
train,10251,10,3,548,54.8,56
train,10252,7,3,414,59.142857142857146,62
train,10253,14,3,676,48.285714285714285,50
train,10254,14,3,592,42.285714285714285,44
train,10255,10,3,388,38.8,42
train,10256,5,4,198,39.6,42
train,10257,6,3,340,56.666666666666664,60
train,10258,14,2,232,16.571428571428573,18
train,10259,12,3,600,50.0,53
train,10260,10,3,504,50.4,54
train,10261,4,3,126,31.5,38
train,10262,15,2,750,50.0,52
train,10263,6,2,136,22.666666666666668,26
train,10264,9,2,114,12.666666666666666,15
train,10265,20,2,1360,68.0,73
train,10266,8,3,252,31.5,38
train,10267,4,3,160,40.0,42
train,10268,6,2,84,14.0,15
train,10269,4,3,146,36.5,44
train,10270,2,3,64,32.0,32
train,10271,4,3,146,36.5,44
train,10272,16,3,804,50.25,57
train,10273,18,2,216,12.0,14
train,10274,14,2,580,41.42857142857143,42
train,10275,8,2,304,38.0,42
train,10276,28,3,1272,45.42857142857143,46
train,10277,16,2,860,53.75,57
train,10278,8,3,528,66.0,68
train,10279,12,2,692,57.666666666666664,60
train,10280,11,2,510,46.36363636363637,52
train,10281,10,3,802,80.2,86
train,10282,9,2,312,34.666666666666664,38
train,10283,10,2,398,39.8,41
train,10284,15,2,972,64.8,70
train,10285,16,3,740,46.25,51
train,10286,18,2,256,14.222222222222221,16
train,10287,16,3,772,48.25,53
train,10288,4,3,150,37.5,38
train,10289,9,2,222,24.666666666666668,32
train,10290,5,2,250,50.0,52
train,10291,9,3,426,47.333333333333336,50
train,10292,10,2,566,56.6,58
train,10293,22,2,996,45.27272727272727,56
train,10294,12,3,392,32.666666666666664,40
train,10295,20,2,1024,51.2,56
train,10296,12,3,596,49.666666666666664,52
train,10297,10,2,476,47.6,48
train,10298,28,2,1264,45.142857142857146,47
train,10299,4,3,152,38.0,44
train,10300,14,2,944,67.42857142857143,71
train,10301,16,3,964,60.25,65
train,10302,20,2,560,28.0,29
train,10303,20,2,1020,51.0,54
train,10304,4,3,146,36.5,44
train,10305,4,3,136,34.0,34
train,10306,4,3,224,56.0,56
train,10307,8,2,192,24.0,30
train,10308,5,3,188,37.6,42
train,10309,5,3,188,37.6,42
train,10310,12,2,612,51.0,55
train,10311,24,3,1464,61.0,63
train,10312,6,2,56,9.333333333333334,10
train,10313,20,2,1056,52.8,57
train,10314,4,3,170,42.5,44
train,10315,20,2,1372,68.6,70
train,10316,4,3,122,30.5,32
train,10317,10,2,644,64.4,66
train,10318,5,2,106,21.2,26
train,10319,14,2,448,32.0,44
train,10320,10,2,428,42.8,44
train,10321,12,2,384,32.0,33
train,10322,12,3,680,56.666666666666664,62
train,10323,24,2,1000,41.666666666666664,49
train,10324,14,2,324,23.142857142857142,25
train,10325,5,3,140,28.0,31
train,10326,10,2,368,36.8,38
train,10327,8,3,276,34.5,42
train,10328,5,2,250,50.0,52
train,10329,18,2,240,13.333333333333334,16
train,10330,14,2,544,38.857142857142854,44
train,10331,13,4,850,65.38461538461539,71
train,10332,16,3,976,61.0,65
train,10333,6,2,76,12.666666666666666,16
train,10334,6,3,284,47.333333333333336,50
train,10335,6,3,268,44.666666666666664,46
train,10336,21,3,1134,54.0,59
train,10337,13,2,640,49.23076923076923,52
train,10338,8,3,228,28.5,32
train,10339,16,3,754,47.125,52
train,10340,20,2,1024,51.2,55
train,10341,8,3,428,53.5,55
train,10342,20,2,1096,54.8,59
train,10343,20,3,1628,81.4,86
train,10344,4,3,146,36.5,44
train,10345,14,2,832,59.42857142857143,62
train,10346,8,3,436,54.5,56
train,10347,23,2,1444,62.78260869565217,68
train,10348,3,3,108,36.0,38
train,10349,8,3,448,56.0,56
train,10350,7,3,134,19.142857142857142,22
train,10351,4,3,224,56.0,56
train,10352,15,3,850,56.666666666666664,60
train,10353,22,2,972,44.18181818181818,48
train,10354,27,2,1392,51.55555555555556,55
train,10355,8,3,508,63.5,68
train,10356,6,2,224,37.333333333333336,38
train,10357,6,2,168,28.0,32
train,10358,5,3,188,37.6,42
train,10359,10,3,584,58.4,62
train,10360,12,2,416,34.666666666666664,36
train,10361,11,2,488,44.36363636363637,48
train,10362,10,2,368,36.8,38
train,10363,10,3,332,33.2,36
train,10364,14,2,200,14.285714285714286,15
train,10365,14,3,572,40.857142857142854,45
train,10366,15,2,736,49.06666666666667,52
train,10367,4,3,128,32.0,32
train,10368,22,2,876,39.81818181818182,42
train,10369,6,3,136,22.666666666666668,26
train,10370,22,2,1212,55.09090909090909,58
train,10371,10,2,452,45.2,50
train,10372,18,2,880,48.888888888888886,52
train,10373,8,3,464,58.0,60
train,10374,4,3,146,36.5,44
train,10375,4,2,112,28.0,28
train,10376,15,2,418,27.866666666666667,30
train,10377,10,2,488,48.8,50
train,10378,8,3,340,42.5,46
train,10379,20,2,1356,67.8,72
train,10380,20,2,1216,60.8,62
train,10381,12,3,640,53.333333333333336,55
train,10382,16,3,816,51.0,52
train,10383,14,2,544,38.857142857142854,44
train,10384,22,2,1212,55.09090909090909,58
train,10385,16,2,1036,64.75,70
train,10386,22,2,1072,48.72727272727273,52
train,10387,18,2,240,13.333333333333334,16
train,10388,6,2,176,29.333333333333332,30
train,10389,8,3,436,54.5,56
train,10390,20,2,960,48.0,49
train,10391,5,3,154,30.8,38
train,10392,12,3,520,43.333333333333336,54
train,10393,10,2,602,60.2,62
train,10394,20,2,1000,50.0,53
train,10395,19,2,1014,53.36842105263158,55
train,10396,18,2,504,28.0,29
train,10397,20,2,952,47.6,49
train,10398,12,3,566,47.166666666666664,52
train,10399,12,2,688,57.333333333333336,59
train,10400,22,2,1012,46.0,48
train,10401,14,3,1228,87.71428571428571,89
train,10402,22,2,1012,46.0,48
train,10403,16,2,832,52.0,57
train,10404,22,2,424,19.272727272727273,22
train,10405,14,2,688,49.142857142857146,50
train,10406,16,3,772,48.25,53
train,10407,14,2,504,36.0,38
train,10408,4,3,152,38.0,44
train,10409,20,2,944,47.2,51
train,10410,24,2,1092,45.5,50
train,10411,20,2,786,39.3,43
train,10412,24,2,1308,54.5,58
train,10413,14,3,664,47.42857142857143,56
train,10414,28,2,688,24.571428571428573,26
train,10415,18,2,216,12.0,14
train,10416,6,2,248,41.333333333333336,42
train,10417,12,2,416,34.666666666666664,36
train,10418,20,2,912,45.6,47
train,10419,25,2,1328,53.12,59
train,10420,10,2,644,64.4,66
train,10421,27,2,378,14.0,16
train,10422,20,2,822,41.1,44
train,10423,12,3,592,49.333333333333336,50
train,10424,14,2,688,49.142857142857146,50
train,10425,14,2,992,70.85714285714286,72
train,10426,14,2,880,62.857142857142854,65
train,10427,14,2,412,29.428571428571427,32
train,10428,12,3,568,47.333333333333336,52
train,10429,14,3,764,54.57142857142857,59
train,10430,12,2,456,38.0,41
train,10431,18,2,924,51.333333333333336,52
train,10432,12,3,564,47.0,49
train,10433,12,3,572,47.666666666666664,50
train,10434,16,3,848,53.0,55
train,10435,12,3,740,61.666666666666664,63
train,10436,14,3,696,49.714285714285715,52
train,10437,28,2,1532,54.714285714285715,58
train,10438,24,2,1484,61.833333333333336,70
train,10439,20,2,1368,68.4,74
train,10440,12,2,624,52.0,53
train,10441,16,2,804,50.25,53
train,10442,6,3,176,29.333333333333332,34
train,10443,26,2,1568,60.30769230769231,63
train,10444,20,2,1084,54.2,56
train,10445,16,3,740,46.25,49
train,10446,10,3,412,41.2,44
train,10447,16,2,584,36.5,40
train,10448,16,3,860,53.75,58
train,10449,14,2,316,22.571428571428573,25
train,10450,8,3,480,60.0,62
train,10451,6,2,68,11.333333333333334,13
train,10452,9,2,114,12.666666666666666,15
train,10453,16,3,608,38.0,39
train,10454,24,2,1272,53.0,55
train,10455,16,2,568,35.5,37
train,10456,46,2,1884,40.95652173913044,44
train,10457,26,2,1184,45.53846153846154,48
train,10458,60,2,4032,67.2,74
train,10459,33,2,1420,43.03030303030303,44
train,10460,11,2,412,37.45454545454545,44
train,10461,32,2,1984,62.0,66
train,10462,48,2,2472,51.5,59
train,10463,20,2,868,43.4,47
train,10464,40,2,2148,53.7,57
train,10465,44,2,2292,52.09090909090909,57
train,10466,8,2,248,31.0,34
train,10467,76,2,3536,46.526315789473685,51
train,10468,72,2,3688,51.22222222222222,57
train,10469,20,2,1678,83.9,93
train,10470,64,2,3084,48.1875,56
train,10471,40,2,1976,49.4,52
train,10472,36,2,2736,76.0,79
train,10473,44,2,1712,38.90909090909091,44
train,10474,34,2,2864,84.23529411764706,91
train,10475,10,2,356,35.6,39
train,10476,12,2,512,42.666666666666664,44
train,10477,10,2,572,57.2,60
train,10478,11,3,610,55.45454545454545,62
train,10479,76,2,3632,47.78947368421053,55
train,10480,40,2,1736,43.4,47
train,10481,16,3,772,48.25,53
train,10482,15,3,844,56.266666666666666,60
train,10483,14,2,722,51.57142857142857,54
train,10484,16,3,760,47.5,53
train,10485,12,3,744,62.0,64
train,10486,11,3,566,51.45454545454545,54
train,10487,11,3,478,43.45454545454545,47
train,10488,12,3,680,56.666666666666664,60
train,10489,8,3,448,56.0,56
train,10490,10,3,552,55.2,59
train,10491,8,3,396,49.5,52
train,10492,7,3,108,15.428571428571429,18
train,10493,9,2,138,15.333333333333334,18
train,10494,10,3,544,54.4,57
train,10495,10,3,580,58.0,60
train,10496,10,3,544,54.4,57
train,10497,4,3,112,28.0,28
train,10498,20,2,1472,73.6,79
train,10499,17,2,772,45.411764705882355,50
train,10500,9,3,452,50.22222222222222,53
train,10501,16,3,956,59.75,65
train,10502,12,3,864,72.0,72
train,10503,9,3,396,44.0,46
train,10504,30,2,1668,55.6,58
train,10505,20,2,1192,59.6,61
train,10506,14,2,612,43.714285714285715,46
train,10507,16,3,784,49.0,55
train,10508,12,3,696,58.0,59
train,10509,12,2,568,47.333333333333336,49
train,10510,25,2,1542,61.68,63
train,10511,18,2,824,45.77777777777778,48
train,10512,12,2,668,55.666666666666664,58
train,10513,14,2,520,37.142857142857146,38
train,10514,30,2,1368,45.6,53
train,10515,10,2,444,44.4,46
train,10516,36,2,1568,43.55555555555556,46
train,10517,12,2,496,41.333333333333336,44
train,10518,30,2,1700,56.666666666666664,60
train,10519,28,2,1896,67.71428571428571,74
train,10520,28,2,1380,49.285714285714285,52
train,10521,50,2,3096,61.92,69
train,10522,27,2,366,13.555555555555555,16
train,10523,6,2,72,12.0,14
train,10524,48,2,2048,42.666666666666664,44
train,10525,36,2,1344,37.333333333333336,40
train,10526,46,2,1874,40.73913043478261,44
train,10527,40,2,2032,50.8,58
train,10528,26,2,1372,52.76923076923077,61
train,10529,24,2,1328,55.333333333333336,59
train,10530,30,2,1332,44.4,50
train,10531,26,2,1528,58.76923076923077,66
train,10532,10,3,412,41.2,44
train,10533,18,3,1560,86.66666666666667,91
train,10534,10,2,416,41.6,42
train,10535,12,2,328,27.333333333333332,29
train,10536,11,2,562,51.09090909090909,54
train,10537,32,3,1640,51.25,54
train,10538,40,2,2376,59.4,65
train,10539,10,2,392,39.2,40
train,10540,10,2,368,36.8,38
train,10541,36,2,1896,52.666666666666664,56
train,10542,30,2,1260,42.0,47
train,10543,7,3,136,19.428571428571427,22
train,10544,40,2,1288,32.2,35
train,10545,36,2,964,26.77777777777778,29
train,10546,12,3,564,47.0,49
train,10547,40,2,1812,45.3,48
train,10548,16,2,960,60.0,64
train,10549,34,2,1396,41.05882352941177,43
train,10550,32,2,1632,51.0,56
train,10551,68,2,3648,53.64705882352941,63
train,10552,14,2,344,24.571428571428573,25
train,10553,32,3,1552,48.5,53
train,10554,26,2,1288,49.53846153846154,55
train,10555,10,2,214,21.4,23
train,10556,46,2,2200,47.82608695652174,54
train,10557,36,2,1920,53.333333333333336,56
train,10558,22,2,456,20.727272727272727,23
train,10559,48,2,2884,60.083333333333336,64
train,10560,12,3,568,47.333333333333336,54
train,10561,8,3,276,34.5,36
train,10562,32,2,1536,48.0,53
train,10563,30,2,1248,41.6,44
train,10564,6,2,208,34.666666666666664,36
train,10565,10,2,428,42.8,44
train,10566,5,3,188,37.6,42
train,10567,50,3,3248,64.96,70
train,10568,30,2,1848,61.6,65
train,10569,6,3,256,42.666666666666664,44
train,10570,36,2,1696,47.111111111111114,52
train,10571,44,2,1912,43.45454545454545,46
train,10572,9,2,274,30.444444444444443,32
train,10573,20,2,436,21.8,24
train,10574,5,4,198,39.6,42
train,10575,5,3,188,37.6,42
train,10576,48,2,2804,58.416666666666664,65
train,10577,20,2,840,42.0,44
train,10578,12,2,684,57.0,59
train,10579,22,2,992,45.09090909090909,50
train,10580,26,2,1172,45.07692307692308,54
train,10581,26,2,1192,45.84615384615385,50
train,10582,30,2,1056,35.2,41
train,10583,30,2,900,30.0,44
train,10584,11,2,534,48.54545454545455,56
train,10585,48,2,2412,50.25,53
train,10586,12,3,554,46.166666666666664,52
train,10587,28,3,1384,49.42857142857143,52
train,10588,24,2,1184,49.333333333333336,54
train,10589,24,2,1160,48.333333333333336,50
train,10590,22,2,876,39.81818181818182,42
train,10591,24,2,1224,51.0,55
train,10592,36,2,1728,48.0,53
train,10593,20,2,1216,60.8,63
train,10594,32,2,1456,45.5,49
train,10595,28,2,648,23.142857142857142,25
train,10596,32,2,1520,47.5,51
train,10597,36,2,1368,38.0,40
train,10598,27,2,878,32.51851851851852,35
train,10599,36,2,2040,56.666666666666664,62
train,10600,12,2,736,61.333333333333336,64
train,10601,36,2,1752,48.666666666666664,52
train,10602,24,2,1496,62.333333333333336,65
train,10603,32,3,1608,50.25,52
train,10604,11,2,242,22.0,24
train,10605,12,3,664,55.333333333333336,57
train,10606,28,3,1744,62.285714285714285,69
train,10607,12,2,588,49.0,50
train,10608,66,2,3102,47.0,52
train,10609,12,3,664,55.333333333333336,57
train,10610,32,2,1608,50.25,55
train,10611,27,2,1416,52.44444444444444,56
train,10612,22,2,680,30.90909090909091,32
train,10613,36,2,2096,58.22222222222222,62
train,10614,47,3,2156,45.87234042553192,52
train,10615,16,2,888,55.5,58
train,10616,32,2,1656,51.75,53
train,10617,50,3,3128,62.56,69
train,10618,44,2,2080,47.27272727272727,50
train,10619,34,2,1936,56.94117647058823,59
train,10620,14,2,658,47.0,51
train,10621,26,2,1412,54.30769230769231,63
train,10622,44,2,2272,51.63636363636363,54
train,10623,12,3,736,61.333333333333336,63
train,10624,6,2,104,17.333333333333332,18
train,10625,48,2,2712,56.5,61
train,10626,10,2,296,29.6,31
train,10627,6,3,374,62.333333333333336,64
train,10628,20,2,980,49.0,52
train,10629,40,2,1952,48.8,52
train,10630,20,2,1000,50.0,52
train,10631,9,3,428,47.55555555555556,50
train,10632,30,2,1560,52.0,56
train,10633,40,2,1700,42.5,47
train,10634,10,2,420,42.0,43
train,10635,10,3,506,50.6,54
train,10636,20,2,1360,68.0,71
train,10637,10,3,592,59.2,60
train,10638,20,3,1088,54.4,57
train,10639,30,3,1586,52.86666666666667,56
train,10640,10,3,626,62.6,65
train,10641,21,3,1078,51.333333333333336,54
train,10642,21,3,1124,53.523809523809526,59
train,10643,6,3,340,56.666666666666664,60
train,10644,8,3,464,58.0,60
train,10645,14,2,710,50.714285714285715,53
train,10646,7,2,320,45.714285714285715,50
train,10647,22,2,1308,59.45454545454545,62
train,10648,40,2,1152,28.8,32
train,10649,10,2,428,42.8,44
train,10650,64,2,1840,28.75,31
train,10651,14,3,516,36.857142857142854,41
train,10652,10,2,320,32.0,36
train,10653,14,3,724,51.714285714285715,55
train,10654,48,2,2240,46.666666666666664,51
train,10655,12,3,566,47.166666666666664,52
train,10656,38,2,1980,52.10526315789474,57
train,10657,12,2,480,40.0,43
train,10658,16,2,1296,81.0,84
train,10659,20,2,1000,50.0,53
train,10660,12,2,696,58.0,59
train,10661,26,2,980,37.69230769230769,40
train,10662,10,3,474,47.4,50
train,10663,80,2,2944,36.8,42
train,10664,10,3,620,62.0,66
train,10665,42,2,2520,60.0,66
train,10666,60,2,3008,50.13333333333333,54
train,10667,14,3,620,44.285714285714285,49
train,10668,20,2,924,46.2,48
train,10669,36,2,1984,55.111111111111114,57
train,10670,22,2,944,42.90909090909091,44
train,10671,3,4,162,54.0,54
train,10672,3,3,162,54.0,58
train,10673,6,3,276,46.0,50
train,10674,16,3,938,58.625,62
train,10675,20,2,1112,55.6,59
train,10676,5,3,170,34.0,38
train,10677,3,3,118,39.333333333333336,42
train,10678,2,4,82,41.0,41
train,10679,15,2,752,50.13333333333333,53
train,10680,80,2,4356,54.45,65
train,10681,35,2,1820,52.0,58
train,10682,12,2,372,31.0,34
train,10683,4,2,56,14.0,14
train,10684,4,3,104,26.0,26
train,10685,4,3,104,26.0,26
train,10686,4,3,104,26.0,26
train,10687,4,3,104,26.0,26
train,10688,20,2,448,22.4,23
train,10689,20,2,1176,58.8,60
train,10690,4,3,104,26.0,26
train,10691,4,3,232,58.0,58
train,10692,4,3,104,26.0,26
train,10693,4,2,104,26.0,26
train,10694,4,3,104,26.0,26
train,10695,4,2,56,14.0,14
train,10696,14,2,296,21.142857142857142,23
train,10697,4,3,104,26.0,26
train,10698,4,3,232,58.0,58
train,10699,4,3,232,58.0,58
train,10700,4,3,232,58.0,58
train,10701,4,3,104,26.0,26
train,10702,4,3,104,26.0,26
train,10703,4,4,248,62.0,62
train,10704,4,3,104,26.0,26
train,10705,4,2,104,26.0,26
train,10706,4,3,104,26.0,26
train,10707,14,2,344,24.571428571428573,26
train,10708,18,2,768,42.666666666666664,50
train,10709,4,3,104,26.0,26
train,10710,4,2,56,14.0,14
train,10711,5,2,250,50.0,52
train,10712,4,3,200,50.0,50
train,10713,4,3,200,50.0,50
train,10714,4,2,104,26.0,26
train,10715,4,2,56,14.0,14
train,10716,4,3,200,50.0,50
train,10717,14,2,786,56.142857142857146,60
train,10718,10,3,258,25.8,28
train,10719,20,2,564,28.2,31
train,10720,4,3,104,26.0,26
train,10721,4,3,200,50.0,50
train,10722,4,2,56,14.0,14
train,10723,14,2,344,24.571428571428573,27
train,10724,4,2,72,18.0,18
train,10725,4,2,104,26.0,26
train,10726,16,2,452,28.25,32
train,10727,8,3,352,44.0,46
train,10728,4,2,104,26.0,26
train,10729,18,2,792,44.0,50
train,10730,4,3,232,58.0,58
train,10731,4,3,104,26.0,26
train,10732,4,3,232,58.0,58
train,10733,4,2,104,26.0,26
train,10734,4,3,200,50.0,50
train,10735,4,3,104,26.0,26
train,10736,4,3,232,58.0,58
train,10737,10,2,368,36.8,38
train,10738,4,3,104,26.0,26
train,10739,4,3,104,26.0,26
train,10740,4,3,104,26.0,26
train,10741,4,3,200,50.0,50
train,10742,4,3,232,58.0,58
train,10743,4,3,104,26.0,26
train,10744,4,3,200,50.0,50
train,10745,4,3,200,50.0,50
train,10746,4,2,104,26.0,26
train,10747,4,3,104,26.0,26
train,10748,4,3,200,50.0,50
train,10749,4,3,232,58.0,58
train,10750,8,2,160,20.0,20
train,10751,4,3,232,58.0,58
train,10752,4,2,104,26.0,26
train,10753,4,3,200,50.0,50
train,10754,4,2,56,14.0,14
train,10755,4,3,200,50.0,50
train,10756,8,2,160,20.0,20
train,10757,4,3,200,50.0,50
train,10758,4,3,200,50.0,50
train,10759,4,3,104,26.0,26
train,10760,4,3,200,50.0,50
train,10761,4,3,104,26.0,26
train,10762,4,3,200,50.0,50
train,10763,4,3,200,50.0,50
train,10764,4,3,200,50.0,50
train,10765,4,3,200,50.0,50
train,10766,4,3,200,50.0,50
train,10767,4,3,104,26.0,26
train,10768,4,3,200,50.0,50
train,10769,4,3,200,50.0,50
train,10770,4,3,200,50.0,50
train,10771,4,3,200,50.0,50
train,10772,4,3,104,26.0,26
train,10773,4,3,200,50.0,50
train,10774,4,3,200,50.0,50
train,10775,4,3,200,50.0,50
train,10776,4,3,200,50.0,50
train,10777,4,3,200,50.0,50
train,10778,4,3,200,50.0,50
train,10779,4,3,232,58.0,58
train,10780,4,3,232,58.0,58
train,10781,4,3,232,58.0,58
train,10782,4,3,104,26.0,26
train,10783,15,2,1040,69.33333333333333,81
train,10784,4,3,200,50.0,50
train,10785,4,3,200,50.0,50
train,10786,4,3,232,58.0,58
train,10787,4,3,200,50.0,50
train,10788,4,3,232,58.0,58
train,10789,4,3,232,58.0,58
train,10790,4,3,232,58.0,58
train,10791,4,3,104,26.0,26
train,10792,8,2,184,23.0,24
train,10793,8,2,448,56.0,56
train,10794,4,3,232,58.0,58
train,10795,4,2,56,14.0,14
train,10796,4,3,200,50.0,50
train,10797,4,3,104,26.0,26
train,10798,4,3,104,26.0,26
train,10799,8,2,220,27.5,35
train,10800,4,3,200,50.0,50
train,10801,20,2,700,35.0,36
train,10802,9,2,400,44.44444444444444,50
train,10803,4,2,104,26.0,26
train,10804,4,3,232,58.0,58
train,10805,12,2,456,38.0,39
train,10806,4,3,232,58.0,58
train,10807,4,3,232,58.0,58
train,10808,4,2,56,14.0,14
train,10809,4,3,200,50.0,50
train,10810,4,3,232,58.0,58
train,10811,4,3,104,26.0,26
train,10812,4,3,104,26.0,26
train,10813,4,3,256,64.0,64
train,10814,4,3,104,26.0,26
train,10815,4,4,280,70.0,70
train,10816,4,3,232,58.0,58
train,10817,24,2,1260,52.5,56
train,10818,4,2,56,14.0,14
train,10819,4,3,232,58.0,58
train,10820,4,3,232,58.0,58
train,10821,4,2,104,26.0,26
train,10822,4,3,104,26.0,26
train,10823,28,2,680,24.285714285714285,28
train,10824,4,2,72,18.0,18
train,10825,4,3,104,26.0,26
train,10826,4,2,104,26.0,26
train,10827,4,3,104,26.0,26
train,10828,4,3,104,26.0,26
train,10829,4,2,56,14.0,14
train,10830,4,3,104,26.0,26
train,10831,4,3,104,26.0,26
train,10832,4,3,104,26.0,26
train,10833,4,3,104,26.0,26
train,10834,4,3,104,26.0,26
train,10835,20,2,648,32.4,34
train,10836,4,2,104,26.0,26
train,10837,16,3,344,21.5,24
train,10838,4,3,232,58.0,58
train,10839,24,2,562,23.416666666666668,25
train,10840,4,2,104,26.0,26
train,10841,4,3,104,26.0,26
train,10842,4,3,104,26.0,26
train,10843,4,3,232,58.0,58
train,10844,24,2,636,26.5,28
train,10845,4,2,104,26.0,26
train,10846,4,2,56,14.0,14
train,10847,8,2,76,9.5,10
train,10848,4,3,104,26.0,26
train,10849,4,3,200,50.0,50
train,10850,4,2,168,42.0,42
train,10851,4,3,104,26.0,26
train,10852,4,2,168,42.0,42
train,10853,4,3,104,26.0,26
train,10854,4,3,104,26.0,26
train,10855,4,2,104,26.0,26
train,10856,4,3,104,26.0,26
train,10857,4,3,200,50.0,50
train,10858,4,3,200,50.0,50
train,10859,4,3,200,50.0,50
train,10860,4,2,104,26.0,26
train,10861,4,2,104,26.0,26
train,10862,4,2,104,26.0,26
train,10863,6,2,112,18.666666666666668,20
train,10864,6,2,128,21.333333333333332,24
train,10865,4,3,104,26.0,26
train,10866,4,2,104,26.0,26
train,10867,4,3,104,26.0,26
train,10868,4,3,104,26.0,26
train,10869,4,3,104,26.0,26
train,10870,4,3,104,26.0,26
train,10871,4,3,104,26.0,26
train,10872,4,3,104,26.0,26
train,10873,4,3,104,26.0,26
train,10874,4,2,104,26.0,26
train,10875,4,3,104,26.0,26
train,10876,4,3,104,26.0,26
train,10877,4,3,104,26.0,26
train,10878,4,3,104,26.0,26
train,10879,4,3,104,26.0,26
train,10880,4,2,104,26.0,26
train,10881,4,2,104,26.0,26
train,10882,4,3,104,26.0,26
train,10883,4,3,104,26.0,26
train,10884,4,3,104,26.0,26
train,10885,4,3,104,26.0,26
train,10886,4,3,104,26.0,26
train,10887,4,3,104,26.0,26
train,10888,4,3,104,26.0,26
train,10889,4,3,104,26.0,26
train,10890,4,3,256,64.0,64
train,10891,4,3,104,26.0,26
train,10892,4,3,104,26.0,26
train,10893,4,3,104,26.0,26
train,10894,4,2,72,18.0,18
train,10895,4,3,104,26.0,26
train,10896,4,3,200,50.0,50
train,10897,4,3,104,26.0,26
train,10898,4,3,104,26.0,26
train,10899,4,3,104,26.0,26
train,10900,4,3,104,26.0,26
train,10901,4,3,104,26.0,26
train,10902,4,2,56,14.0,14
train,10903,4,2,104,26.0,26
train,10904,4,3,104,26.0,26
train,10905,4,3,200,50.0,50
train,10906,4,3,104,26.0,26
train,10907,4,2,168,42.0,42
train,10908,4,3,104,26.0,26
train,10909,4,3,104,26.0,26
train,10910,4,2,168,42.0,42
train,10911,4,2,72,18.0,18
train,10912,4,3,104,26.0,26
train,10913,4,3,104,26.0,26
train,10914,4,3,104,26.0,26
train,10915,4,2,72,18.0,18
train,10916,4,3,104,26.0,26
train,10917,4,3,104,26.0,26
train,10918,4,3,104,26.0,26
train,10919,4,3,104,26.0,26
train,10920,4,3,104,26.0,26
train,10921,4,2,104,26.0,26
train,10922,4,2,104,26.0,26
train,10923,10,2,268,26.8,31
train,10924,8,3,172,21.5,22
train,10925,8,2,124,15.5,16
train,10926,4,3,104,26.0,26
train,10927,4,3,104,26.0,26
train,10928,4,3,104,26.0,26
train,10929,4,2,104,26.0,26
train,10930,4,2,104,26.0,26
train,10931,26,2,972,37.38461538461539,42
train,10932,9,2,384,42.666666666666664,50
train,10933,28,2,584,20.857142857142858,25
train,10934,8,3,148,18.5,20
train,10935,30,2,572,19.066666666666666,24
train,10936,6,2,256,42.666666666666664,46
train,10937,4,2,104,26.0,26
train,10938,10,2,244,24.4,28
train,10939,5,3,158,31.6,32
train,10940,10,3,228,22.8,26
train,10941,8,2,76,9.5,10
train,10942,8,2,160,20.0,20
train,10943,4,2,104,26.0,26
train,10944,4,2,104,26.0,26
train,10945,4,3,152,38.0,38
train,10946,4,3,104,26.0,26
train,10947,4,3,104,26.0,26
train,10948,4,3,104,26.0,26
train,10949,4,3,104,26.0,26
train,10950,4,3,104,26.0,26
train,10951,20,2,1120,56.0,62
train,10952,4,3,104,26.0,26
train,10953,4,2,104,26.0,26
train,10954,8,2,76,9.5,10
train,10955,4,2,56,14.0,14
train,10956,4,4,216,54.0,54
train,10957,4,2,56,14.0,14
train,10958,4,3,200,50.0,50
train,10959,4,3,104,26.0,26
train,10960,4,3,104,26.0,26
train,10961,4,3,104,26.0,26
train,10962,4,3,104,26.0,26
train,10963,4,3,104,26.0,26
train,10964,4,3,104,26.0,26
train,10965,4,3,104,26.0,26
train,10966,4,3,104,26.0,26
train,10967,4,3,104,26.0,26
train,10968,4,3,104,26.0,26
train,10969,4,3,104,26.0,26
train,10970,4,3,104,26.0,26
train,10971,4,3,104,26.0,26
train,10972,4,3,104,26.0,26
train,10973,4,3,104,26.0,26
train,10974,7,2,282,40.285714285714285,43
train,10975,15,2,366,24.4,29
train,10976,20,2,696,34.8,39
train,10977,24,2,648,27.0,28
train,10978,14,2,376,26.857142857142858,29
train,10979,14,2,364,26.0,29
train,10980,4,2,56,14.0,14
train,10981,4,2,56,14.0,14
train,10982,12,2,204,17.0,18
train,10983,19,3,502,26.42105263157895,32
train,10984,6,2,72,12.0,14
train,10985,4,3,104,26.0,26
train,10986,5,2,250,50.0,52
train,10987,4,3,104,26.0,26
train,10988,4,3,200,50.0,50
train,10989,8,2,76,9.5,10
train,10990,4,2,56,14.0,14
train,10991,4,3,104,26.0,26
train,10992,4,2,104,26.0,26
train,10993,18,3,392,21.77777777777778,26
train,10994,4,3,200,50.0,50
train,10995,4,2,104,26.0,26
train,10996,4,3,104,26.0,26
train,10997,4,3,200,50.0,50
train,10998,4,3,200,50.0,50
train,10999,8,3,148,18.5,20
train,11000,24,2,660,27.5,29
train,11001,4,3,232,58.0,58
train,11002,4,3,232,58.0,58
train,11003,4,3,232,58.0,58
train,11004,10,2,404,40.4,44
train,11005,4,3,200,50.0,50
train,11006,4,3,104,26.0,26
train,11007,4,3,72,18.0,18
train,11008,4,3,232,58.0,58
train,11009,16,2,956,59.75,62
train,11010,4,3,200,50.0,50
train,11011,4,3,200,50.0,50
train,11012,4,2,56,14.0,14
train,11013,4,3,104,26.0,26
train,11014,4,3,104,26.0,26
train,11015,8,2,232,29.0,32
train,11016,4,3,232,58.0,58
train,11017,4,3,104,26.0,26
train,11018,4,3,232,58.0,58
train,11019,4,3,200,50.0,50
train,11020,4,3,104,26.0,26
train,11021,4,3,104,26.0,26
train,11022,4,3,256,64.0,64
train,11023,4,2,104,26.0,26
train,11024,8,2,208,26.0,32
train,11025,4,3,200,50.0,50
train,11026,4,3,104,26.0,26
train,11027,4,3,104,26.0,26
train,11028,4,3,200,50.0,50
train,11029,8,4,568,71.0,74
train,11030,4,3,104,26.0,26
train,11031,4,2,104,26.0,26
train,11032,4,3,104,26.0,26
train,11033,4,2,104,26.0,26
train,11034,4,3,200,50.0,50
train,11035,4,3,104,26.0,26
train,11036,4,3,104,26.0,26
train,11037,8,2,148,18.5,20
train,11038,4,3,232,58.0,58
train,11039,4,3,232,58.0,58
train,11040,4,2,104,26.0,26
train,11041,24,3,1492,62.166666666666664,63
train,11042,8,2,160,20.0,20
train,11043,8,2,316,39.5,41
train,11044,4,3,104,26.0,26
train,11045,4,3,200,50.0,50
train,11046,4,3,200,50.0,50
train,11047,4,3,104,26.0,26
train,11048,4,3,104,26.0,26
train,11049,8,2,76,9.5,10
train,11050,4,3,104,26.0,26
train,11051,24,2,752,31.333333333333332,33
train,11052,4,3,232,58.0,58
train,11053,4,3,200,50.0,50
train,11054,4,3,200,50.0,50
train,11055,4,2,56,14.0,14
train,11056,4,3,200,50.0,50
train,11057,4,3,200,50.0,50
train,11058,20,3,1080,54.0,58
train,11059,4,2,56,14.0,14
train,11060,4,3,200,50.0,50
train,11061,4,3,104,26.0,26
train,11062,4,3,104,26.0,26
train,11063,4,3,232,58.0,58
train,11064,4,2,56,14.0,14
train,11065,4,3,104,26.0,26
train,11066,4,2,56,14.0,14
train,11067,4,3,232,58.0,58
train,11068,4,3,200,50.0,50
train,11069,18,2,1492,82.88888888888889,90
train,11070,4,2,104,26.0,26
train,11071,4,3,200,50.0,50
train,11072,4,3,104,26.0,26
train,11073,4,2,104,26.0,26
train,11074,8,2,364,45.5,47
train,11075,4,2,104,26.0,26
train,11076,4,2,104,26.0,26
train,11077,4,3,104,26.0,26
train,11078,4,2,104,26.0,26
train,11079,4,3,104,26.0,26
train,11080,4,2,104,26.0,26
train,11081,4,2,104,26.0,26
train,11082,4,2,104,26.0,26
train,11083,4,2,104,26.0,26
train,11084,5,2,250,50.0,52
train,11085,4,2,104,26.0,26
train,11086,4,3,200,50.0,50
train,11087,4,2,104,26.0,26
train,11088,4,2,56,14.0,14
train,11089,4,3,200,50.0,50
train,11090,4,3,200,50.0,50
train,11091,8,2,304,38.0,38
train,11092,4,2,56,14.0,14
train,11093,4,3,256,64.0,64
train,11094,4,3,104,26.0,26
train,11095,4,3,104,26.0,26
train,11096,4,3,104,26.0,26
train,11097,4,3,200,50.0,50
train,11098,4,2,104,26.0,26
train,11099,4,4,312,78.0,78
train,11100,4,3,104,26.0,26
train,11101,4,2,56,14.0,14
train,11102,4,3,200,50.0,50
train,11103,4,3,232,58.0,58
train,11104,4,3,200,50.0,50
train,11105,4,3,200,50.0,50
train,11106,5,3,194,38.8,42
train,11107,4,4,248,62.0,62
train,11108,4,3,232,58.0,58
train,11109,4,3,104,26.0,26
train,11110,12,3,328,27.333333333333332,30
train,11111,4,3,200,50.0,50
train,11112,8,3,448,56.0,56
train,11113,4,3,104,26.0,26
train,11114,4,3,200,50.0,50
train,11115,4,3,104,26.0,26
train,11116,4,3,104,26.0,26
train,11117,4,3,104,26.0,26
train,11118,4,3,104,26.0,26
train,11119,4,3,104,26.0,26
train,11120,4,3,200,50.0,50
train,11121,4,3,232,58.0,58
train,11122,4,3,104,26.0,26
train,11123,4,3,104,26.0,26
train,11124,4,3,200,50.0,50
train,11125,4,3,200,50.0,50
train,11126,4,3,104,26.0,26
train,11127,4,3,200,50.0,50
train,11128,4,3,200,50.0,50
train,11129,8,2,160,20.0,20
train,11130,4,3,104,26.0,26
train,11131,4,3,104,26.0,26
train,11132,4,3,200,50.0,50
train,11133,4,3,200,50.0,50
train,11134,32,2,652,20.375,22
train,11135,4,3,200,50.0,50
train,11136,4,3,200,50.0,50
train,11137,4,3,232,58.0,58
train,11138,4,3,104,26.0,26
train,11139,4,3,232,58.0,58
train,11140,4,3,104,26.0,26
train,11141,4,3,104,26.0,26
train,11142,4,3,200,50.0,50
train,11143,4,3,200,50.0,50
train,11144,4,3,232,58.0,58
train,11145,4,3,104,26.0,26
train,11146,8,2,148,18.5,20
train,11147,4,2,104,26.0,26
train,11148,4,3,200,50.0,50
train,11149,4,3,200,50.0,50
train,11150,4,3,104,26.0,26
train,11151,4,3,104,26.0,26
train,11152,4,3,256,64.0,64
train,11153,4,3,104,26.0,26
train,11154,4,3,200,50.0,50
train,11155,8,3,148,18.5,20
train,11156,4,3,200,50.0,50
train,11157,4,3,104,26.0,26
train,11158,4,3,200,50.0,50
train,11159,4,3,200,50.0,50
train,11160,4,3,104,26.0,26
train,11161,4,3,200,50.0,50
train,11162,4,4,216,54.0,54
train,11163,4,3,104,26.0,26
train,11164,4,3,104,26.0,26
train,11165,4,3,104,26.0,26
train,11166,4,4,216,54.0,54
train,11167,4,4,216,54.0,54
train,11168,4,3,200,50.0,50
train,11169,4,4,216,54.0,54
train,11170,4,3,200,50.0,50
train,11171,4,3,104,26.0,26
train,11172,4,3,200,50.0,50
train,11173,4,3,104,26.0,26
train,11174,4,3,104,26.0,26
train,11175,4,3,200,50.0,50
train,11176,4,3,104,26.0,26
train,11177,4,3,104,26.0,26
train,11178,4,3,232,58.0,58
train,11179,4,3,104,26.0,26
train,11180,4,3,104,26.0,26
train,11181,4,3,232,58.0,58
train,11182,4,2,104,26.0,26
train,11183,4,3,104,26.0,26
train,11184,4,3,104,26.0,26
train,11185,4,3,104,26.0,26
train,11186,4,3,104,26.0,26
train,11187,4,3,104,26.0,26
train,11188,7,2,318,45.42857142857143,49
train,11189,4,3,200,50.0,50
train,11190,4,3,104,26.0,26
train,11191,4,3,200,50.0,50
train,11192,4,3,232,58.0,58
train,11193,4,3,232,58.0,58
train,11194,4,3,104,26.0,26
train,11195,4,3,104,26.0,26
train,11196,4,3,104,26.0,26
train,11197,4,3,232,58.0,58
train,11198,4,3,104,26.0,26
train,11199,17,2,1416,83.29411764705883,91
train,11200,4,2,56,14.0,14
train,11201,4,3,232,58.0,58
train,11202,4,3,232,58.0,58
train,11203,4,3,232,58.0,58
train,11204,4,3,232,58.0,58
train,11205,4,3,232,58.0,58
train,11206,4,3,104,26.0,26
train,11207,4,3,232,58.0,58
train,11208,12,3,300,25.0,30
train,11209,4,3,232,58.0,58
train,11210,4,3,232,58.0,58
train,11211,8,2,76,9.5,10
train,11212,20,2,968,48.4,51
train,11213,22,2,1060,48.18181818181818,52
train,11214,4,3,232,58.0,58
train,11215,4,2,56,14.0,14
train,11216,4,3,232,58.0,58
train,11217,4,3,104,26.0,26
train,11218,4,3,64,16.0,16
train,11219,4,3,104,26.0,26
train,11220,4,3,104,26.0,26
train,11221,4,4,280,70.0,70
train,11222,4,3,200,50.0,50
train,11223,8,2,120,15.0,18
train,11224,4,3,232,58.0,58
train,11225,4,3,104,26.0,26
train,11226,4,3,104,26.0,26
train,11227,4,3,104,26.0,26
train,11228,4,3,232,58.0,58
train,11229,4,3,104,26.0,26
train,11230,4,3,104,26.0,26
train,11231,4,3,104,26.0,26
train,11232,4,3,104,26.0,26
train,11233,4,3,104,26.0,26
train,11234,4,3,200,50.0,50
train,11235,4,3,104,26.0,26
train,11236,16,2,384,24.0,28
train,11237,4,3,200,50.0,50
train,11238,4,3,104,26.0,26
train,11239,4,4,344,86.0,86
train,11240,4,3,232,58.0,58
train,11241,4,3,232,58.0,58
train,11242,4,2,104,26.0,26
train,11243,4,3,232,58.0,58
train,11244,4,3,232,58.0,58
train,11245,4,3,232,58.0,58
train,11246,4,3,232,58.0,58
train,11247,4,3,232,58.0,58
train,11248,4,3,104,26.0,26
train,11249,4,3,200,50.0,50
train,11250,4,3,232,58.0,58
train,11251,4,3,232,58.0,58
train,11252,4,3,232,58.0,58
train,11253,6,3,156,26.0,28
train,11254,4,3,232,58.0,58
train,11255,4,3,104,26.0,26
train,11256,4,3,200,50.0,50
train,11257,3,3,66,22.0,23
train,11258,4,3,232,58.0,58
train,11259,4,3,232,58.0,58
train,11260,5,2,310,62.0,64
train,11261,16,2,572,35.75,40
train,11262,4,3,104,26.0,26
train,11263,4,3,256,64.0,64
train,11264,4,3,200,50.0,50
train,11265,8,3,448,56.0,56
train,11266,4,3,104,26.0,26
train,11267,4,2,168,42.0,42
train,11268,4,3,232,58.0,58
train,11269,4,3,232,58.0,58
train,11270,4,3,232,58.0,58
train,11271,4,3,232,58.0,58
train,11272,4,3,232,58.0,58
train,11273,4,3,232,58.0,58
train,11274,4,3,104,26.0,26
train,11275,4,3,232,58.0,58
train,11276,4,3,104,26.0,26
train,11277,4,3,104,26.0,26
train,11278,4,3,64,16.0,16
train,11279,4,3,232,58.0,58
train,11280,4,3,232,58.0,58
train,11281,4,3,232,58.0,58
train,11282,4,3,232,58.0,58
train,11283,4,3,200,50.0,50
train,11284,4,3,104,26.0,26
train,11285,4,3,232,58.0,58
train,11286,4,3,232,58.0,58
train,11287,4,3,232,58.0,58
train,11288,4,3,256,64.0,64
train,11289,4,3,232,58.0,58
train,11290,8,2,304,38.0,38
train,11291,4,3,232,58.0,58
train,11292,4,3,104,26.0,26
train,11293,4,3,200,50.0,50
train,11294,5,2,250,50.0,52
train,11295,4,3,232,58.0,58
train,11296,4,3,200,50.0,50
train,11297,4,3,232,58.0,58
train,11298,4,3,232,58.0,58
train,11299,6,2,284,47.333333333333336,48
train,11300,4,2,104,26.0,26
train,11301,4,2,104,26.0,26
train,11302,8,3,172,21.5,22
train,11303,4,2,104,26.0,26
train,11304,4,2,104,26.0,26
train,11305,8,2,448,56.0,56
train,11306,22,2,442,20.09090909090909,21
train,11307,4,3,200,50.0,50
train,11308,22,3,624,28.363636363636363,32
train,11309,4,3,200,50.0,50
train,11310,4,3,104,26.0,26
train,11311,24,2,452,18.833333333333332,20
train,11312,4,3,104,26.0,26
train,11313,4,3,104,26.0,26
train,11314,4,2,56,14.0,14
train,11315,4,3,168,42.0,42
train,11316,4,3,104,26.0,26
train,11317,4,3,232,58.0,58
train,11318,4,2,104,26.0,26
train,11319,4,3,232,58.0,58
train,11320,4,3,104,26.0,26
train,11321,4,2,104,26.0,26
train,11322,4,3,200,50.0,50
train,11323,4,3,104,26.0,26
train,11324,4,3,104,26.0,26
train,11325,4,3,200,50.0,50
train,11326,4,2,104,26.0,26
train,11327,4,2,104,26.0,26
train,11328,4,2,56,14.0,14
train,11329,4,2,168,42.0,42
train,11330,4,3,232,58.0,58
train,11331,14,3,720,51.42857142857143,56
train,11332,4,3,232,58.0,58
train,11333,4,3,232,58.0,58
train,11334,4,3,104,26.0,26
train,11335,4,3,104,26.0,26
train,11336,4,3,232,58.0,58
train,11337,10,2,412,41.2,43
train,11338,4,3,104,26.0,26
train,11339,4,3,104,26.0,26
train,11340,4,3,104,26.0,26
train,11341,4,2,104,26.0,26
train,11342,4,2,56,14.0,14
train,11343,4,2,104,26.0,26
train,11344,8,2,400,50.0,50
train,11345,4,3,232,58.0,58
train,11346,4,3,232,58.0,58
train,11347,4,3,104,26.0,26
train,11348,4,3,104,26.0,26
train,11349,4,3,232,58.0,58
train,11350,4,3,200,50.0,50
train,11351,4,3,200,50.0,50
train,11352,4,3,200,50.0,50
train,11353,4,2,104,26.0,26
train,11354,4,3,104,26.0,26
train,11355,4,2,104,26.0,26
train,11356,4,2,104,26.0,26
train,11357,4,3,200,50.0,50
train,11358,4,3,200,50.0,50
train,11359,4,3,232,58.0,58
train,11360,4,3,232,58.0,58
train,11361,4,3,232,58.0,58
train,11362,4,3,232,58.0,58
train,11363,4,3,232,58.0,58
train,11364,4,3,232,58.0,58
train,11365,4,3,232,58.0,58
train,11366,4,3,232,58.0,58
train,11367,4,3,104,26.0,26
train,11368,4,2,56,14.0,14
train,11369,4,3,104,26.0,26
train,11370,4,3,232,58.0,58
train,11371,4,2,168,42.0,42
train,11372,4,3,200,50.0,50
train,11373,4,2,104,26.0,26
train,11374,4,3,104,26.0,26
train,11375,4,3,104,26.0,26
train,11376,4,3,104,26.0,26
train,11377,4,3,104,26.0,26
train,11378,4,3,232,58.0,58
train,11379,8,3,124,15.5,16
train,11380,4,3,104,26.0,26
train,11381,4,3,232,58.0,58
train,11382,8,2,244,30.5,35
train,11383,4,2,104,26.0,26
train,11384,4,3,104,26.0,26
train,11385,4,3,104,26.0,26
train,11386,4,2,104,26.0,26
train,11387,4,2,104,26.0,26
train,11388,4,3,104,26.0,26
train,11389,4,3,104,26.0,26
train,11390,4,3,104,26.0,26
train,11391,4,3,104,26.0,26
train,11392,4,3,104,26.0,26
train,11393,4,2,104,26.0,26
train,11394,4,3,200,50.0,50
train,11395,2,3,56,28.0,28
train,11396,4,2,56,14.0,14
train,11397,4,3,232,58.0,58
train,11398,28,2,704,25.142857142857142,29
train,11399,34,2,1934,56.88235294117647,64
train,11400,28,2,648,23.142857142857142,26
train,11401,32,2,1540,48.125,52
train,11402,4,3,232,58.0,58
train,11403,32,2,756,23.625,25
train,11404,20,2,528,26.4,29
train,11405,28,2,656,23.428571428571427,28
train,11406,32,2,1300,40.625,45
train,11407,28,2,648,23.142857142857142,26
train,11408,32,2,616,19.25,23
train,11409,48,2,2596,54.083333333333336,61
train,11410,28,2,880,31.428571428571427,36
train,11411,52,2,2832,54.46153846153846,61
train,11412,28,2,704,25.142857142857142,28
train,11413,32,2,1874,58.5625,65
train,11414,28,2,600,21.428571428571427,25
train,11415,28,2,688,24.571428571428573,29
train,11416,30,2,1364,45.46666666666667,50
train,11417,56,2,3788,67.64285714285714,82
train,11418,32,2,1874,58.5625,65
train,11419,26,2,1816,69.84615384615384,74
train,11420,14,2,352,25.142857142857142,32
train,11421,5,2,106,21.2,26
train,11422,14,2,396,28.285714285714285,29
train,11423,12,3,310,25.833333333333332,28
train,11424,4,3,232,58.0,58
train,11425,4,3,200,50.0,50
train,11426,4,3,104,26.0,26
train,11427,4,3,232,58.0,58
train,11428,4,3,232,58.0,58
train,11429,4,3,200,50.0,50
train,11430,4,3,104,26.0,26
train,11431,4,2,104,26.0,26
train,11432,4,3,232,58.0,58
train,11433,4,3,104,26.0,26
train,11434,4,3,232,58.0,58
train,11435,3,3,36,12.0,12
train,11436,4,3,104,26.0,26
train,11437,4,3,232,58.0,58
train,11438,4,3,104,26.0,26
train,11439,4,2,56,14.0,14
train,11440,4,2,56,14.0,14
train,11441,4,3,104,26.0,26
train,11442,4,3,232,58.0,58
train,11443,4,3,104,26.0,26
train,11444,4,3,104,26.0,26
train,11445,4,2,104,26.0,26
train,11446,4,2,72,18.0,18
train,11447,4,2,72,18.0,18
train,11448,4,2,56,14.0,14
train,11449,4,2,104,26.0,26
train,11450,4,3,104,26.0,26
train,11451,4,3,104,26.0,26
train,11452,4,3,200,50.0,50
train,11453,4,2,72,18.0,18
train,11454,4,2,56,14.0,14
train,11455,4,3,72,18.0,18
train,11456,4,3,104,26.0,26
train,11457,4,3,48,12.0,12
train,11458,4,3,104,26.0,26
train,11459,4,2,104,26.0,26
train,11460,4,3,104,26.0,26
train,11461,10,2,300,30.0,33
train,11462,4,2,104,26.0,26
train,11463,4,3,104,26.0,26
train,11464,4,3,200,50.0,50
train,11465,4,2,104,26.0,26
train,11466,4,3,104,26.0,26
train,11467,4,3,200,50.0,50
train,11468,4,3,104,26.0,26
train,11469,4,3,104,26.0,26
train,11470,4,2,104,26.0,26
train,11471,4,3,200,50.0,50
train,11472,4,3,104,26.0,26
train,11473,4,3,256,64.0,64
train,11474,4,3,256,64.0,64
train,11475,4,3,256,64.0,64
train,11476,4,3,232,58.0,58
train,11477,4,3,104,26.0,26
train,11478,4,3,104,26.0,26
train,11479,4,3,232,58.0,58
train,11480,4,3,104,26.0,26
train,11481,4,3,232,58.0,58
train,11482,8,2,160,20.0,20
train,11483,4,3,232,58.0,58
train,11484,4,3,232,58.0,58
train,11485,8,3,448,56.0,56
train,11486,4,2,104,26.0,26
train,11487,4,3,232,58.0,58
train,11488,4,3,200,50.0,50
train,11489,4,2,56,14.0,14
train,11490,4,2,104,26.0,26
train,11491,4,3,104,26.0,26
train,11492,4,4,184,46.0,46
train,11493,4,4,220,55.0,56
train,11494,4,3,104,26.0,26
train,11495,4,2,104,26.0,26
train,11496,4,3,232,58.0,58
train,11497,4,3,128,32.0,32
train,11498,4,3,128,32.0,32
train,11499,4,3,200,50.0,50
train,11500,10,2,398,39.8,41
train,11501,4,2,104,26.0,26
train,11502,4,3,232,58.0,58
train,11503,4,3,104,26.0,26
train,11504,4,3,232,58.0,58
train,11505,4,3,232,58.0,58
train,11506,8,2,160,20.0,20
train,11507,4,3,232,58.0,58
train,11508,4,3,232,58.0,58
train,11509,4,3,232,58.0,58
train,11510,4,3,232,58.0,58
train,11511,4,3,232,58.0,58
train,11512,4,3,200,50.0,50
train,11513,4,2,56,14.0,14
train,11514,4,3,232,58.0,58
train,11515,4,3,200,50.0,50
train,11516,4,2,104,26.0,26
train,11517,8,2,232,29.0,32
train,11518,4,2,216,54.0,54
train,11519,4,3,104,26.0,26
train,11520,4,3,104,26.0,26
train,11521,4,3,232,58.0,58
train,11522,4,3,232,58.0,58
train,11523,4,3,104,26.0,26
train,11524,4,3,232,58.0,58
train,11525,8,2,160,20.0,20
train,11526,4,3,200,50.0,50
train,11527,4,3,104,26.0,26
train,11528,4,2,104,26.0,26
train,11529,4,3,104,26.0,26
train,11530,4,3,104,26.0,26
train,11531,4,3,104,26.0,26
train,11532,4,3,256,64.0,64
train,11533,4,3,104,26.0,26
train,11534,4,3,104,26.0,26
train,11535,4,3,104,26.0,26
train,11536,4,3,104,26.0,26
train,11537,4,3,200,50.0,50
train,11538,4,3,104,26.0,26
train,11539,4,2,72,18.0,18
train,11540,8,2,160,20.0,20
train,11541,4,3,104,26.0,26
train,11542,4,3,232,58.0,58
train,11543,4,3,232,58.0,58
train,11544,4,3,104,26.0,26
train,11545,4,3,200,50.0,50
train,11546,4,3,232,58.0,58
train,11547,4,2,104,26.0,26
train,11548,4,3,200,50.0,50
train,11549,4,3,200,50.0,50
train,11550,4,2,56,14.0,14
train,11551,4,3,232,58.0,58
train,11552,4,3,232,58.0,58
train,11553,4,3,232,58.0,58
train,11554,4,3,104,26.0,26
train,11555,4,3,232,58.0,58
train,11556,4,3,200,50.0,50
train,11557,4,2,56,14.0,14
train,11558,4,3,232,58.0,58
train,11559,4,2,104,26.0,26
train,11560,4,3,104,26.0,26
train,11561,4,3,104,26.0,26
train,11562,3,3,128,42.666666666666664,44
train,11563,3,3,128,42.666666666666664,44
train,11564,3,3,128,42.666666666666664,44
train,11565,5,2,250,50.0,52
train,11566,2,5,152,76.0,76
train,11567,8,3,208,26.0,26
train,11568,66,2,4362,66.0909090909091,74
train,11569,8,2,200,25.0,26
train,11570,8,2,12,1.5,2
train,11571,3,3,128,42.666666666666664,44
train,11572,3,3,64,21.333333333333332,22
train,11573,3,2,64,21.333333333333332,22
train,11574,3,3,128,42.666666666666664,44
train,11575,3,3,128,42.666666666666664,44
train,11576,3,3,128,42.666666666666664,44
train,11577,3,3,64,21.333333333333332,22
train,11578,3,3,128,42.666666666666664,44
train,11579,3,3,128,42.666666666666664,44
train,11580,3,3,128,42.666666666666664,44
train,11581,3,3,128,42.666666666666664,44
train,11582,3,3,128,42.666666666666664,44
train,11583,3,3,64,21.333333333333332,22
train,11584,3,3,64,21.333333333333332,22
train,11585,3,3,128,42.666666666666664,44
train,11586,3,3,128,42.666666666666664,44
train,11587,3,3,64,21.333333333333332,22
train,11588,3,3,128,42.666666666666664,44
train,11589,3,3,128,42.666666666666664,44
train,11590,3,3,128,42.666666666666664,44
train,11591,3,3,128,42.666666666666664,44
train,11592,3,3,128,42.666666666666664,44
train,11593,3,3,64,21.333333333333332,22
train,11594,3,3,128,42.666666666666664,44
train,11595,3,3,128,42.666666666666664,44
train,11596,3,3,128,42.666666666666664,44
train,11597,3,3,128,42.666666666666664,44
train,11598,3,3,112,37.333333333333336,44
train,11599,3,3,128,42.666666666666664,44
train,11600,3,3,112,37.333333333333336,44
train,11601,3,3,128,42.666666666666664,44
train,11602,3,3,128,42.666666666666664,44
train,11603,3,3,112,37.333333333333336,44
train,11604,3,3,112,37.333333333333336,44
train,11605,3,3,128,42.666666666666664,44
train,11606,3,3,112,37.333333333333336,44
train,11607,3,3,64,21.333333333333332,22
train,11608,3,3,128,42.666666666666664,44
train,11609,3,3,128,42.666666666666664,44
train,11610,3,3,112,37.333333333333336,44
train,11611,3,3,112,37.333333333333336,44
train,11612,3,3,128,42.666666666666664,44
train,11613,3,3,128,42.666666666666664,44
train,11614,3,3,128,42.666666666666664,44
train,11615,3,3,128,42.666666666666664,44
train,11616,3,3,64,21.333333333333332,22
train,11617,3,3,128,42.666666666666664,44
train,11618,3,3,128,42.666666666666664,44
train,11619,3,3,128,42.666666666666664,44
train,11620,3,3,128,42.666666666666664,44
train,11621,3,2,64,21.333333333333332,22
train,11622,3,3,64,21.333333333333332,22
train,11623,3,3,64,21.333333333333332,22
train,11624,3,2,64,21.333333333333332,22
train,11625,3,2,64,21.333333333333332,22
train,11626,3,2,28,9.333333333333334,10
train,11627,3,3,64,21.333333333333332,22
train,11628,3,3,64,21.333333333333332,22
train,11629,3,3,128,42.666666666666664,44
train,11630,3,3,64,21.333333333333332,22
train,11631,56,2,3840,68.57142857142857,73
train,11632,4,3,104,26.0,26
train,11633,2,3,64,32.0,32
train,11634,16,2,416,26.0,26
train,11635,2,4,64,32.0,32
train,11636,12,3,316,26.333333333333332,28
train,11637,4,2,112,28.0,28
train,11638,4,3,72,18.0,18
train,11639,4,3,104,26.0,26
train,11640,4,3,72,18.0,18
train,11641,4,3,72,18.0,18
train,11642,4,4,216,54.0,54
train,11643,3,3,72,24.0,24
train,11644,4,2,104,26.0,26
train,11645,4,4,308,77.0,77
train,11646,4,3,72,18.0,18
train,11647,8,3,224,28.0,28
train,11648,4,3,128,32.0,32
train,11649,4,3,168,42.0,42
train,11650,4,3,168,42.0,42
train,11651,4,4,216,54.0,54
train,11652,4,3,168,42.0,42
train,11653,4,2,72,18.0,18
train,11654,4,3,168,42.0,42
train,11655,4,3,104,26.0,26
train,11656,4,3,104,26.0,26
train,11657,4,3,200,50.0,50
train,11658,4,3,104,26.0,26
train,11659,26,2,1124,43.23076923076923,45
train,11660,4,4,236,59.0,59
train,11661,4,4,168,42.0,42
train,11662,4,3,232,58.0,58
train,11663,4,2,104,26.0,26
train,11664,4,3,168,42.0,42
train,11665,4,2,168,42.0,42
train,11666,20,2,960,48.0,50
train,11667,20,2,768,38.4,39
train,11668,4,2,56,14.0,14
train,11669,20,2,516,25.8,28
train,11670,4,2,72,18.0,18
train,11671,8,3,192,24.0,26
train,11672,4,3,168,42.0,42
train,11673,4,3,232,58.0,58
train,11674,4,3,232,58.0,58
train,11675,4,3,200,50.0,50
train,11676,20,2,936,46.8,49
train,11677,4,3,232,58.0,58
train,11678,4,3,232,58.0,58
train,11679,4,3,232,58.0,58
train,11680,1,3,12,12.0,12
train,11681,4,3,104,26.0,26
train,11682,4,3,232,58.0,58
train,11683,4,3,200,50.0,50
train,11684,4,4,184,46.0,46
train,11685,4,4,184,46.0,46
train,11686,4,3,232,58.0,58
train,11687,4,3,232,58.0,58
train,11688,3,3,58,19.333333333333332,20
train,11689,4,3,72,18.0,18
train,11690,24,2,1084,45.166666666666664,48
train,11691,4,3,104,26.0,26
train,11692,4,3,104,26.0,26
train,11693,4,3,72,18.0,18
train,11694,4,3,128,32.0,32
train,11695,4,3,104,26.0,26
train,11696,4,3,72,18.0,18
train,11697,2,4,76,38.0,38
train,11698,4,3,104,26.0,26
train,11699,4,3,104,26.0,26
train,11700,4,3,104,26.0,26
train,11701,4,3,72,18.0,18
train,11702,4,3,104,26.0,26
train,11703,4,3,136,34.0,34
train,11704,4,3,104,26.0,26
train,11705,4,3,104,26.0,26
train,11706,4,2,104,26.0,26
train,11707,4,3,104,26.0,26
train,11708,4,3,104,26.0,26
train,11709,20,2,904,45.2,47
train,11710,4,3,72,18.0,18
train,11711,4,3,104,26.0,26
train,11712,4,3,104,26.0,26
train,11713,4,3,104,26.0,26
train,11714,4,2,104,26.0,26
train,11715,4,3,104,26.0,26
train,11716,4,3,104,26.0,26
train,11717,4,2,104,26.0,26
train,11718,4,3,104,26.0,26
train,11719,4,3,64,16.0,16
train,11720,4,3,104,26.0,26
train,11721,2,3,36,18.0,18
train,11722,2,3,36,18.0,18
train,11723,4,3,136,34.0,34
train,11724,4,3,232,58.0,58
train,11725,2,3,40,20.0,20
train,11726,4,3,232,58.0,58
train,11727,4,3,200,50.0,50
train,11728,4,3,232,58.0,58
train,11729,4,3,232,58.0,58
train,11730,4,3,232,58.0,58
train,11731,9,3,492,54.666666666666664,58
train,11732,4,2,104,26.0,26
train,11733,2,3,100,50.0,50
train,11734,4,5,240,60.0,60
train,11735,4,3,104,26.0,26
train,11736,4,3,104,26.0,26
train,11737,4,3,64,16.0,16
train,11738,4,3,104,26.0,26
train,11739,4,3,104,26.0,26
train,11740,4,3,104,26.0,26
train,11741,4,3,72,18.0,18
train,11742,4,3,72,18.0,18
train,11743,4,3,104,26.0,26
train,11744,8,3,478,59.75,66
train,11745,4,2,104,26.0,26
train,11746,4,3,232,58.0,58
train,11747,4,2,104,26.0,26
train,11748,4,3,200,50.0,50
train,11749,4,3,200,50.0,50
train,11750,4,3,232,58.0,58
train,11751,4,2,104,26.0,26
train,11752,4,2,72,18.0,18
train,11753,4,3,448,112.0,112
train,11754,4,2,104,26.0,26
train,11755,4,4,248,62.0,62
train,11756,8,2,304,38.0,38
train,11757,4,3,232,58.0,58
train,11758,4,3,104,26.0,26
train,11759,4,3,232,58.0,58
train,11760,4,4,216,54.0,54
train,11761,4,3,104,26.0,26
train,11762,4,3,104,26.0,26
train,11763,2,3,36,18.0,18
train,11764,4,3,104,26.0,26
train,11765,4,3,232,58.0,58
train,11766,4,3,200,50.0,50
train,11767,8,2,400,50.0,50
train,11768,8,2,304,38.0,38
train,11769,4,3,168,42.0,42
train,11770,4,3,186,46.5,50
train,11771,3,3,54,18.0,18
train,11772,4,3,104,26.0,26
train,11773,12,2,216,18.0,20
train,11774,2,4,76,38.0,38
train,11775,2,3,36,18.0,18
train,11776,4,3,64,16.0,16
train,11777,8,2,160,20.0,20
train,11778,4,3,48,12.0,12
train,11779,4,2,56,14.0,14
train,11780,8,2,160,20.0,20
train,11781,4,2,168,42.0,42
train,11782,4,3,200,50.0,50
train,11783,4,3,168,42.0,42
train,11784,4,3,104,26.0,26
train,11785,4,3,104,26.0,26
train,11786,4,3,200,50.0,50
train,11787,4,3,200,50.0,50
train,11788,4,3,200,50.0,50
train,11789,4,3,104,26.0,26
train,11790,4,3,200,50.0,50
train,11791,5,3,122,24.4,26
train,11792,4,3,104,26.0,26
train,11793,8,3,544,68.0,68
train,11794,4,3,168,42.0,42
train,11795,4,3,72,18.0,18
train,11796,4,3,72,18.0,18
train,11797,4,2,48,12.0,12
train,11798,2,4,112,56.0,56
train,11799,4,3,104,26.0,26
train,11800,8,2,328,41.0,42
train,11801,4,3,104,26.0,26
train,11802,8,2,220,27.5,35
train,11803,6,2,192,32.0,36
train,11804,14,3,776,55.42857142857143,60
train,11805,8,2,192,24.0,24
train,11806,4,3,64,16.0,16
train,11807,4,3,104,26.0,26
train,11808,4,2,104,26.0,26
train,11809,4,3,104,26.0,26
train,11810,4,3,104,26.0,26
train,11811,14,3,776,55.42857142857143,60
train,11812,4,3,104,26.0,26
train,11813,4,3,104,26.0,26
train,11814,4,3,104,26.0,26
train,11815,4,3,104,26.0,26
train,11816,4,3,104,26.0,26
train,11817,4,3,152,38.0,38
train,11818,8,2,144,18.0,18
train,11819,4,4,144,36.0,36
train,11820,5,3,466,93.2,98
train,11821,4,3,104,26.0,26
train,11822,4,3,64,16.0,16
train,11823,4,3,160,40.0,40
train,11824,4,3,128,32.0,32
train,11825,4,3,256,64.0,64
train,11826,22,2,1380,62.72727272727273,66
train,11827,4,2,168,42.0,42
train,11828,2,3,92,46.0,46
train,11829,4,2,104,26.0,26
train,11830,4,2,168,42.0,42
train,11831,4,3,72,18.0,18
train,11832,4,3,104,26.0,26
train,11833,4,3,168,42.0,42
train,11834,4,3,104,26.0,26
train,11835,4,2,104,26.0,26
train,11836,4,4,216,54.0,54
train,11837,4,4,268,67.0,67
train,11838,3,4,162,54.0,54
train,11839,2,4,76,38.0,38
train,11840,4,3,104,26.0,26
train,11841,4,3,104,26.0,26
train,11842,29,2,980,33.793103448275865,40
train,11843,4,3,100,25.0,25
train,11844,6,2,208,34.666666666666664,36
train,11845,4,3,72,18.0,18
train,11846,4,3,72,18.0,18
train,11847,4,3,104,26.0,26
train,11848,8,2,184,23.0,24
train,11849,8,2,304,38.0,38
train,11850,2,3,36,18.0,18
train,11851,4,3,72,18.0,18
train,11852,4,2,104,26.0,26
train,11853,4,3,104,26.0,26
train,11854,4,3,80,20.0,20
train,11855,4,2,216,54.0,54
train,11856,4,4,216,54.0,54
train,11857,4,2,216,54.0,54
train,11858,4,4,216,54.0,54
train,11859,4,3,232,58.0,58
train,11860,1,3,14,14.0,14
train,11861,4,3,200,50.0,50
train,11862,4,3,168,42.0,42
train,11863,4,3,200,50.0,50
train,11864,4,3,168,42.0,42
train,11865,4,3,168,42.0,42
train,11866,4,4,212,53.0,56
train,11867,4,4,184,46.0,46
train,11868,18,2,762,42.333333333333336,46
train,11869,4,3,232,58.0,58
train,11870,4,4,208,52.0,52
train,11871,4,2,168,42.0,42
train,11872,4,3,232,58.0,58
train,11873,4,3,104,26.0,26
train,11874,4,3,232,58.0,58
train,11875,4,3,124,31.0,31
train,11876,21,2,1014,48.285714285714285,53
train,11877,4,3,232,58.0,58
train,11878,6,2,252,42.0,46
train,11879,4,3,136,34.0,34
train,11880,4,2,48,12.0,12
train,11881,4,2,56,14.0,14
train,11882,16,2,552,34.5,42
train,11883,14,2,496,35.42857142857143,41
train,11884,4,3,48,12.0,12
train,11885,4,2,56,14.0,14
train,11886,5,2,250,50.0,52
train,11887,4,2,56,14.0,14
train,11888,4,3,48,12.0,12
train,11889,3,3,54,18.0,18
train,11890,4,2,56,14.0,14
train,11891,4,2,72,18.0,18
train,11892,4,2,56,14.0,14
train,11893,4,2,48,12.0,12
train,11894,4,2,56,14.0,14
train,11895,4,3,72,18.0,18
train,11896,4,2,48,12.0,12
train,11897,4,2,56,14.0,14
train,11898,4,2,48,12.0,12
train,11899,4,3,48,12.0,12
train,11900,4,3,48,12.0,12
train,11901,4,2,56,14.0,14
train,11902,4,2,48,12.0,12
train,11903,4,2,56,14.0,14
train,11904,4,2,32,8.0,8
train,11905,4,2,48,12.0,12
train,11906,4,2,48,12.0,12
train,11907,3,4,148,49.333333333333336,50
train,11908,12,3,416,34.666666666666664,36
train,11909,2,3,24,12.0,12
train,11910,8,2,250,31.25,38
train,11911,4,3,104,26.0,26
train,11912,4,2,48,12.0,12
train,11913,2,3,24,12.0,12
train,11914,4,2,56,14.0,14
train,11915,4,3,48,12.0,12
train,11916,2,3,40,20.0,20
train,11917,4,2,56,14.0,14
train,11918,4,3,56,14.0,14
train,11919,5,2,250,50.0,52
train,11920,4,2,48,12.0,12
train,11921,4,2,56,14.0,14
train,11922,5,2,310,62.0,64
train,11923,4,2,56,14.0,14
train,11924,4,3,48,12.0,12
train,11925,4,3,64,16.0,16
train,11926,5,2,310,62.0,64
train,11927,4,3,168,42.0,42
train,11928,4,3,72,18.0,18
train,11929,4,2,168,42.0,42
train,11930,4,2,48,12.0,12
train,11931,4,3,48,12.0,12
train,11932,1,3,12,12.0,12
train,11933,2,2,28,14.0,14
train,11934,4,3,104,26.0,26
train,11935,28,2,1172,41.857142857142854,46
train,11936,5,3,370,74.0,86
train,11937,9,2,222,24.666666666666668,32
train,11938,3,3,36,12.0,12
train,11939,2,3,36,18.0,18
train,11940,4,2,168,42.0,42
train,11941,4,2,72,18.0,18
train,11942,4,2,72,18.0,18
train,11943,4,3,72,18.0,18
train,11944,4,3,72,18.0,18
train,11945,3,3,198,66.0,70
train,11946,8,2,224,28.0,30
train,11947,4,3,72,18.0,18
train,11948,8,2,144,18.0,18
train,11949,4,3,152,38.0,38
train,11950,6,2,184,30.666666666666668,36
train,11951,4,3,104,26.0,26
train,11952,4,3,104,26.0,26
train,11953,4,2,104,26.0,26
train,11954,4,2,72,18.0,18
train,11955,4,2,72,18.0,18
train,11956,4,3,72,18.0,18
train,11957,8,2,132,16.5,18
train,11958,4,3,72,18.0,18
train,11959,4,2,56,14.0,14
train,11960,4,3,200,50.0,50
train,11961,4,4,184,46.0,46
train,11962,4,2,104,26.0,26
train,11963,32,2,1020,31.875,33
train,11964,4,2,104,26.0,26
train,11965,18,2,792,44.0,46
train,11966,4,2,72,18.0,18
train,11967,4,3,72,18.0,18
train,11968,2,3,24,12.0,12
train,11969,4,3,104,26.0,26
train,11970,28,2,2168,77.42857142857143,86
train,11971,4,2,168,42.0,42
train,11972,4,3,136,34.0,34
train,11973,4,3,104,26.0,26
train,11974,4,3,104,26.0,26
train,11975,4,3,104,26.0,26
train,11976,5,2,310,62.0,64
train,11977,4,3,72,18.0,18
train,11978,4,2,72,18.0,18
train,11979,4,2,104,26.0,26
train,11980,4,3,104,26.0,26
train,11981,4,2,72,18.0,18
train,11982,4,2,56,14.0,14
train,11983,4,2,104,26.0,26
train,11984,6,3,428,71.33333333333333,90
train,11985,4,2,104,26.0,26
train,11986,5,3,370,74.0,86
train,11987,13,3,598,46.0,54
train,11988,4,3,104,26.0,26
train,11989,4,2,104,26.0,26
train,11990,4,2,56,14.0,14
train,11991,4,3,200,50.0,50
train,11992,10,2,464,46.4,48
train,11993,2,4,76,38.0,38
train,11994,4,2,72,18.0,18
train,11995,4,3,104,26.0,26
train,11996,4,3,48,12.0,12
train,11997,24,3,1512,63.0,66
train,11998,4,3,72,18.0,18
train,11999,4,3,72,18.0,18
train,12000,24,3,1524,63.5,67
train,12001,4,2,56,14.0,14
train,12002,4,3,72,18.0,18
train,12003,4,3,72,18.0,18
train,12004,4,3,136,34.0,34
train,12005,4,2,72,18.0,18
train,12006,4,3,64,16.0,16
train,12007,4,2,72,18.0,18
train,12008,4,3,200,50.0,50
train,12009,8,2,144,18.0,18
train,12010,12,3,684,57.0,60
train,12011,4,2,168,42.0,42
train,12012,16,3,920,57.5,60
train,12013,4,3,104,26.0,26
train,12014,4,3,168,42.0,42
train,12015,4,3,200,50.0,50
train,12016,4,3,118,29.5,32
train,12017,8,2,144,18.0,18
train,12018,4,2,56,14.0,14
train,12019,4,3,104,26.0,26
train,12020,4,3,232,58.0,58
train,12021,4,2,72,18.0,18
train,12022,4,3,168,42.0,42
train,12023,5,2,310,62.0,64
train,12024,5,2,250,50.0,52
train,12025,8,2,400,50.0,50
train,12026,4,3,232,58.0,58
train,12027,4,3,104,26.0,26
train,12028,4,3,72,18.0,18
train,12029,4,2,56,14.0,14
train,12030,5,2,310,62.0,64
train,12031,4,3,104,26.0,26
train,12032,4,2,104,26.0,26
train,12033,4,2,56,14.0,14
train,12034,4,3,104,26.0,26
train,12035,2,3,36,18.0,18
train,12036,4,2,168,42.0,42
train,12037,8,2,144,18.0,18
train,12038,8,2,144,18.0,18
train,12039,4,2,72,18.0,18
train,12040,8,3,736,92.0,92
train,12041,10,2,220,22.0,25
train,12042,4,3,200,50.0,50
train,12043,4,3,232,58.0,58
train,12044,4,3,104,26.0,26
train,12045,4,3,200,50.0,50
train,12046,4,3,200,50.0,50
train,12047,8,2,148,18.5,20
train,12048,4,3,104,26.0,26
train,12049,4,3,104,26.0,26
train,12050,4,3,200,50.0,50
train,12051,4,3,104,26.0,26
train,12052,4,3,104,26.0,26
train,12053,4,3,104,26.0,26
train,12054,4,3,72,18.0,18
train,12055,4,3,104,26.0,26
train,12056,4,3,200,50.0,50
train,12057,4,3,232,58.0,58
train,12058,16,2,608,38.0,38
train,12059,4,3,104,26.0,26
train,12060,4,3,232,58.0,58
train,12061,8,3,448,56.0,56
train,12062,4,2,104,26.0,26
train,12063,5,2,250,50.0,52
train,12064,4,3,104,26.0,26
train,12065,4,3,200,50.0,50
train,12066,4,3,104,26.0,26
train,12067,4,3,200,50.0,50
train,12068,4,3,200,50.0,50
train,12069,4,3,104,26.0,26
train,12070,4,3,200,50.0,50
train,12071,4,3,200,50.0,50
train,12072,4,3,344,86.0,86
train,12073,4,2,104,26.0,26
train,12074,4,3,104,26.0,26
train,12075,2,4,76,38.0,38
train,12076,4,3,104,26.0,26
train,12077,10,2,292,29.2,31
train,12078,22,2,804,36.54545454545455,42
train,12079,8,2,160,20.0,20
train,12080,5,2,310,62.0,64
train,12081,5,2,310,62.0,64
train,12082,4,2,72,18.0,18
train,12083,4,3,212,53.0,53
train,12084,4,3,232,58.0,58
train,12085,4,2,168,42.0,42
train,12086,4,4,144,36.0,36
train,12087,4,3,232,58.0,58
train,12088,4,3,200,50.0,50
train,12089,4,2,168,42.0,42
train,12090,5,2,310,62.0,64
train,12091,4,2,72,18.0,18
train,12092,4,3,232,58.0,58
train,12093,4,3,232,58.0,58
train,12094,4,2,72,18.0,18
train,12095,4,3,104,26.0,26
train,12096,4,2,104,26.0,26
train,12097,4,3,104,26.0,26
train,12098,4,3,104,26.0,26
train,12099,4,3,104,26.0,26
train,12100,4,3,200,50.0,50
train,12101,4,3,168,42.0,42
train,12102,4,2,104,26.0,26
train,12103,4,3,232,58.0,58
train,12104,4,3,136,34.0,34
train,12105,4,3,104,26.0,26
train,12106,4,3,104,26.0,26
train,12107,4,2,104,26.0,26
train,12108,4,2,104,26.0,26
train,12109,4,2,104,26.0,26
train,12110,4,2,104,26.0,26
train,12111,4,2,104,26.0,26
train,12112,4,3,104,26.0,26
train,12113,24,3,600,25.0,29
train,12114,4,3,200,50.0,50
train,12115,4,3,104,26.0,26
train,12116,4,3,104,26.0,26
train,12117,4,2,104,26.0,26
train,12118,4,2,104,26.0,26
train,12119,2,3,40,20.0,20
train,12120,4,2,104,26.0,26
train,12121,4,2,72,18.0,18
train,12122,4,3,72,18.0,18
train,12123,4,2,104,26.0,26
train,12124,4,3,104,26.0,26
train,12125,4,2,104,26.0,26
train,12126,4,2,72,18.0,18
train,12127,80,2,3716,46.45,51
train,12128,6,2,80,13.333333333333334,16
train,12129,4,3,150,37.5,40
train,12130,4,2,72,18.0,18
train,12131,4,3,232,58.0,58
train,12132,4,3,104,26.0,26
train,12133,4,2,56,14.0,14
train,12134,4,2,104,26.0,26
train,12135,4,3,128,32.0,32
train,12136,4,3,104,26.0,26
train,12137,4,3,104,26.0,26
train,12138,4,3,104,26.0,26
train,12139,4,3,104,26.0,26
train,12140,2,3,40,20.0,20
train,12141,4,3,100,25.0,25
train,12142,4,3,72,18.0,18
train,12143,4,2,72,18.0,18
train,12144,4,2,104,26.0,26
train,12145,5,2,250,50.0,52
train,12146,4,2,56,14.0,14
train,12147,4,3,72,18.0,18
train,12148,4,3,72,18.0,18
train,12149,4,3,72,18.0,18
train,12150,4,3,168,42.0,42
train,12151,4,2,104,26.0,26
train,12152,6,2,128,21.333333333333332,24
train,12153,4,2,104,26.0,26
train,12154,4,3,72,18.0,18
train,12155,4,2,72,18.0,18
train,12156,4,2,72,18.0,18
train,12157,4,3,104,26.0,26
train,12158,4,3,48,12.0,12
train,12159,4,3,72,18.0,18
train,12160,4,2,72,18.0,18
train,12161,14,3,776,55.42857142857143,60
train,12162,4,3,104,26.0,26
train,12163,4,3,104,26.0,26
train,12164,3,4,126,42.0,42
train,12165,4,3,72,18.0,18
train,12166,4,3,104,26.0,26
train,12167,4,2,72,18.0,18
train,12168,4,3,168,42.0,42
train,12169,4,3,104,26.0,26
train,12170,4,3,232,58.0,58
train,12171,4,3,64,16.0,16
train,12172,20,2,364,18.2,19
train,12173,4,3,232,58.0,58
train,12174,4,3,64,16.0,16
train,12175,4,3,104,26.0,26
train,12176,4,3,200,50.0,50
train,12177,4,3,232,58.0,58
train,12178,1,3,14,14.0,14
train,12179,1,2,6,6.0,6
train,12180,4,3,104,26.0,26
train,12181,4,3,200,50.0,50
train,12182,4,3,200,50.0,50
train,12183,4,3,232,58.0,58
train,12184,64,2,2896,45.25,48
train,12185,4,2,72,18.0,18
train,12186,4,4,184,46.0,46
train,12187,4,2,104,26.0,26
train,12188,4,2,72,18.0,18
train,12189,4,2,104,26.0,26
train,12190,4,3,232,58.0,58
train,12191,4,3,72,18.0,18
train,12192,18,2,888,49.333333333333336,53
train,12193,4,3,104,26.0,26
train,12194,4,2,72,18.0,18
train,12195,4,3,150,37.5,40
train,12196,4,3,104,26.0,26
train,12197,4,2,104,26.0,26
train,12198,4,3,104,26.0,26
train,12199,4,3,104,26.0,26
train,12200,4,4,184,46.0,46
train,12201,4,3,72,18.0,18
train,12202,4,3,104,26.0,26
train,12203,4,2,168,42.0,42
train,12204,4,3,104,26.0,26
train,12205,4,3,104,26.0,26
train,12206,4,3,232,58.0,58
train,12207,20,2,396,19.8,22
train,12208,28,2,744,26.571428571428573,28
train,12209,4,2,168,42.0,42
train,12210,4,2,104,26.0,26
train,12211,10,2,226,22.6,23
train,12212,4,3,168,42.0,42
train,12213,4,3,168,42.0,42
train,12214,4,3,104,26.0,26
train,12215,4,2,104,26.0,26
train,12216,4,4,216,54.0,54
train,12217,4,4,280,70.0,70
train,12218,4,3,232,58.0,58
train,12219,8,2,224,28.0,28
train,12220,4,2,104,26.0,26
train,12221,4,2,104,26.0,26
train,12222,4,2,168,42.0,42
train,12223,4,3,104,26.0,26
train,12224,22,2,1072,48.72727272727273,52
train,12225,4,3,200,50.0,50
train,12226,4,3,104,26.0,26
train,12227,4,2,72,18.0,18
train,12228,4,3,200,50.0,50
train,12229,4,2,104,26.0,26
train,12230,4,2,104,26.0,26
train,12231,4,3,72,18.0,18
train,12232,5,2,250,50.0,52
train,12233,4,3,72,18.0,18
train,12234,4,3,64,16.0,16
train,12235,4,3,48,12.0,12
train,12236,20,2,712,35.6,39
train,12237,4,3,72,18.0,18
train,12238,4,3,72,18.0,18
train,12239,4,3,72,18.0,18
train,12240,4,2,104,26.0,26
train,12241,4,3,72,18.0,18
train,12242,4,4,176,44.0,44
train,12243,5,2,250,50.0,52
train,12244,2,3,40,20.0,20
train,12245,8,2,144,18.0,18
train,12246,4,2,56,14.0,14
train,12247,4,3,48,12.0,12
train,12248,4,2,48,12.0,12
train,12249,4,3,200,50.0,50
train,12250,4,3,104,26.0,26
train,12251,4,2,72,18.0,18
train,12252,2,3,64,32.0,32
train,12253,4,2,48,12.0,12
train,12254,4,3,104,26.0,26
train,12255,4,3,232,58.0,58
train,12256,4,3,104,26.0,26
train,12257,1,3,20,20.0,20
train,12258,4,2,56,14.0,14
train,12259,4,2,72,18.0,18
train,12260,4,3,104,26.0,26
train,12261,4,3,72,18.0,18
train,12262,20,2,564,28.2,32
train,12263,4,4,344,86.0,86
train,12264,18,3,888,49.333333333333336,56
train,12265,4,2,56,14.0,14
train,12266,4,2,168,42.0,42
train,12267,4,3,104,26.0,26
train,12268,4,2,72,18.0,18
train,12269,16,2,892,55.75,60
train,12270,4,3,232,58.0,58
train,12271,4,3,200,50.0,50
train,12272,4,3,48,12.0,12
train,12273,4,2,56,14.0,14
train,12274,8,2,400,50.0,50
train,12275,4,3,104,26.0,26
train,12276,4,3,104,26.0,26
train,12277,4,2,104,26.0,26
train,12278,4,2,104,26.0,26
train,12279,2,3,40,20.0,20
train,12280,4,2,168,42.0,42
train,12281,8,3,304,38.0,38
train,12282,4,3,104,26.0,26
train,12283,5,2,250,50.0,52
train,12284,4,3,104,26.0,26
train,12285,4,3,104,26.0,26
train,12286,4,2,168,42.0,42
train,12287,4,2,168,42.0,42
train,12288,4,2,56,14.0,14
train,12289,4,2,104,26.0,26
train,12290,24,2,1064,44.333333333333336,48
train,12291,4,2,168,42.0,42
train,12292,14,3,448,32.0,34
train,12293,4,2,104,26.0,26
train,12294,4,3,200,50.0,50
train,12295,8,2,288,36.0,42
train,12296,4,2,72,18.0,18
train,12297,4,3,104,26.0,26
train,12298,4,3,104,26.0,26
train,12299,28,2,744,26.571428571428573,28
train,12300,21,2,1068,50.857142857142854,56
train,12301,4,3,104,26.0,26
train,12302,32,2,1420,44.375,49
train,12303,20,2,448,22.4,23
train,12304,4,3,232,58.0,58
train,12305,8,2,304,38.0,38
train,12306,8,3,304,38.0,38
train,12307,8,3,544,68.0,68
train,12308,4,3,48,12.0,12
train,12309,4,3,104,26.0,26
train,12310,12,2,344,28.666666666666668,34
train,12311,4,2,104,26.0,26
train,12312,5,3,466,93.2,98
train,12313,5,3,370,74.0,86
train,12314,8,3,192,24.0,26
train,12315,8,2,304,38.0,38
train,12316,4,3,104,26.0,26
train,12317,32,2,2008,62.75,64
train,12318,12,2,352,29.333333333333332,37
train,12319,8,3,544,68.0,68
train,12320,4,3,168,42.0,42
train,12321,4,3,104,26.0,26
train,12322,5,3,370,74.0,86
train,12323,8,2,96,12.0,12
train,12324,4,3,104,26.0,26
train,12325,4,3,104,26.0,26
train,12326,4,2,72,18.0,18
train,12327,12,2,336,28.0,28
train,12328,4,3,48,12.0,12
train,12329,4,3,188,47.0,47
train,12330,4,2,168,42.0,42
train,12331,4,3,256,64.0,64
train,12332,5,3,466,93.2,98
train,12333,5,2,310,62.0,64
train,12334,8,2,160,20.0,20
train,12335,13,3,614,47.23076923076923,54
train,12336,4,4,448,112.0,112
train,12337,8,2,256,32.0,32
train,12338,8,2,144,18.0,18
train,12339,34,2,1816,53.411764705882355,61
train,12340,2,3,24,12.0,12
train,12341,8,2,120,15.0,16
train,12342,22,2,1672,76.0,80
train,12343,4,2,104,26.0,26
train,12344,4,3,136,34.0,34
train,12345,4,2,56,14.0,14
train,12346,4,2,104,26.0,26
train,12347,16,2,268,16.75,18
train,12348,9,2,384,42.666666666666664,50
train,12349,4,2,168,42.0,42
train,12350,4,3,104,26.0,26
train,12351,8,2,144,18.0,18
train,12352,8,2,328,41.0,42
train,12353,28,2,3008,107.42857142857143,113
train,12354,8,2,132,16.5,18
train,12355,4,3,168,42.0,42
train,12356,4,3,168,42.0,42
train,12357,4,3,168,42.0,42
train,12358,4,3,72,18.0,18
train,12359,8,2,96,12.0,12
train,12360,8,2,132,16.5,18
train,12361,8,2,132,16.5,18
train,12362,8,2,160,20.0,20
train,12363,6,3,144,24.0,26
train,12364,4,2,168,42.0,42
train,12365,4,2,56,14.0,14
train,12366,32,2,808,25.25,29
train,12367,8,2,132,16.5,18
train,12368,8,2,96,12.0,12
train,12369,4,4,184,46.0,46
train,12370,13,2,698,53.69230769230769,59
train,12371,32,2,1064,33.25,37
train,12372,5,2,154,30.8,44
train,12373,14,2,644,46.0,48
train,12374,23,2,1100,47.82608695652174,50
train,12375,30,2,1658,55.266666666666666,58
train,12376,8,2,144,18.0,18
train,12377,12,3,1128,94.0,97
train,12378,4,3,192,48.0,50
train,12379,4,2,104,26.0,26
train,12380,3,3,78,26.0,27
train,12381,3,3,78,26.0,27
train,12382,2,3,64,32.0,32
train,12383,6,2,192,32.0,36
train,12384,6,2,208,34.666666666666664,36
train,12385,6,2,168,28.0,32
train,12386,6,2,208,34.666666666666664,36
train,12387,10,2,260,26.0,44
train,12388,10,2,500,50.0,52
train,12389,10,3,508,50.8,55
train,12390,10,2,158,15.8,20
train,12391,10,3,512,51.2,52
train,12392,10,2,158,15.8,20
train,12393,10,3,440,44.0,47
train,12394,10,2,206,20.6,26
train,12395,10,2,206,20.6,26
train,12396,10,2,206,20.6,26
train,12397,10,2,356,35.6,44
train,12398,10,2,206,20.6,26
train,12399,10,2,500,50.0,52
train,12400,10,2,308,30.8,44
train,12401,10,2,452,45.2,48
train,12402,10,2,452,45.2,48
train,12403,10,2,158,15.8,20
train,12404,10,3,440,44.0,47
train,12405,10,2,356,35.6,44
train,12406,10,2,308,30.8,44
train,12407,10,2,500,50.0,52
train,12408,10,2,452,45.2,48
train,12409,10,2,260,26.0,44
train,12410,10,2,260,26.0,44
train,12411,10,2,452,45.2,48
train,12412,10,2,158,15.8,20
train,12413,10,2,212,21.2,26
train,12414,10,2,206,20.6,26
train,12415,10,2,452,45.2,48
train,12416,10,2,356,35.6,44
train,12417,10,2,356,35.6,44
train,12418,10,2,350,35.0,44
train,12419,10,2,500,50.0,52
train,12420,10,2,206,20.6,26
train,12421,10,2,356,35.6,44
train,12422,10,2,356,35.6,44
train,12423,10,2,260,26.0,44
train,12424,10,2,158,15.8,20
train,12425,10,2,206,20.6,26
train,12426,10,2,308,30.8,44
train,12427,10,2,212,21.2,26
train,12428,10,2,308,30.8,44
train,12429,10,2,452,45.2,48
train,12430,10,2,500,50.0,51
train,12431,10,2,452,45.2,48
train,12432,10,2,356,35.6,44
train,12433,10,2,206,20.6,26
train,12434,10,2,308,30.8,44
train,12435,10,2,206,20.6,26
train,12436,10,2,260,26.0,44
train,12437,5,2,250,50.0,52
train,12438,10,2,206,20.6,26
train,12439,10,3,504,50.4,54
train,12440,10,2,452,45.2,48
train,12441,20,2,912,45.6,47
train,12442,10,3,460,46.0,51
train,12443,10,2,448,44.8,48
train,12444,10,2,356,35.6,44
train,12445,20,2,1396,69.8,73
train,12446,10,3,466,46.6,52
train,12447,10,2,350,35.0,44
train,12448,20,2,848,42.4,45
train,12449,10,3,448,44.8,47
train,12450,10,3,392,39.2,41
train,12451,20,2,728,36.4,41
train,12452,10,3,448,44.8,49
train,12453,10,2,308,30.8,44
train,12454,10,2,452,45.2,48
train,12455,10,3,434,43.4,46
train,12456,10,2,206,20.6,26
train,12457,10,3,404,40.4,44
train,12458,10,2,452,45.2,48
train,12459,6,2,118,19.666666666666668,20
train,12460,4,4,220,55.0,56
train,12461,3,4,118,39.333333333333336,40
train,12462,2,4,112,56.0,56
train,12463,4,4,242,60.5,61
train,12464,24,2,1392,58.0,60
train,12465,2,4,72,36.0,36
train,12466,8,2,212,26.5,28
train,12467,8,2,212,26.5,28
train,12468,10,2,158,15.8,20
train,12469,16,2,780,48.75,52
train,12470,8,3,330,41.25,42
train,12471,4,3,296,74.0,76
train,12472,16,2,1190,74.375,76
train,12473,2,4,88,44.0,44
train,12474,16,2,744,46.5,49
train,12475,10,2,158,15.8,20
train,12476,10,2,158,15.8,20
train,12477,10,2,158,15.8,20
train,12478,10,2,356,35.6,44
train,12479,8,3,660,82.5,86
train,12480,4,3,164,41.0,44
train,12481,4,3,150,37.5,38
train,12482,8,3,344,43.0,46
train,12483,4,3,162,40.5,42
train,12484,4,3,126,31.5,38
train,12485,8,2,388,48.5,49
train,12486,4,2,152,38.0,40
train,12487,8,3,494,61.75,64
train,12488,8,3,332,41.5,43
train,12489,8,3,276,34.5,38
train,12490,8,3,384,48.0,52
train,12491,8,3,370,46.25,50
train,12492,8,2,274,34.25,38
train,12493,8,3,264,33.0,37
train,12494,8,3,256,32.0,38
train,12495,8,3,328,41.0,43
train,12496,8,2,212,26.5,33
train,12497,4,3,138,34.5,38
train,12498,8,2,312,39.0,40
train,12499,8,2,352,44.0,46
train,12500,4,3,224,56.0,56
train,12501,8,2,412,51.5,54
train,12502,8,2,370,46.25,50
train,12503,8,3,400,50.0,53
train,12504,8,3,292,36.5,38
train,12505,8,3,320,40.0,41
train,12506,4,3,164,41.0,44
train,12507,8,3,332,41.5,43
train,12508,4,4,186,46.5,49
train,12509,8,2,248,31.0,36
train,12510,8,2,300,37.5,38
train,12511,8,3,396,49.5,53
train,12512,8,2,240,30.0,32
train,12513,8,4,540,67.5,74
train,12514,4,4,270,67.5,74
train,12515,4,4,144,36.0,36
train,12516,40,2,2480,62.0,64
train,12517,2,4,124,62.0,62
train,12518,2,3,68,34.0,34
train,12519,5,2,76,15.2,20
train,12520,5,2,76,15.2,20
train,12521,5,2,76,15.2,20
train,12522,5,2,106,21.2,26
train,12523,5,2,106,21.2,26
train,12524,5,2,76,15.2,20
train,12525,5,2,76,15.2,20
train,12526,5,2,76,15.2,20
train,12527,5,2,60,12.0,14
train,12528,20,2,440,22.0,23
train,12529,10,2,296,29.6,32
train,12530,10,3,188,18.8,22
train,12531,5,2,250,50.0,52
train,12532,5,2,72,14.4,18
train,12533,20,2,384,19.2,22
train,12534,5,2,250,50.0,52
train,12535,10,2,200,20.0,26
train,12536,10,2,164,16.4,20
train,12537,10,2,164,16.4,20
train,12538,10,2,160,16.0,19
train,12539,20,2,336,16.8,18
train,12540,10,3,188,18.8,22
train,12541,10,3,184,18.4,21
train,12542,5,2,76,15.2,20
train,12543,10,2,164,16.4,20
train,12544,10,2,200,20.0,22
train,12545,10,2,224,22.4,26
train,12546,10,2,212,21.2,23
train,12547,5,2,250,50.0,52
train,12548,5,2,76,15.2,20
train,12549,10,2,196,19.6,22
train,12550,1,4,50,50.0,50
train,12551,1,4,122,122.0,122
train,12552,1,2,6,6.0,6
train,12553,1,4,50,50.0,50
train,12554,1,5,58,58.0,58
train,12555,2,3,64,32.0,32
train,12556,2,3,68,34.0,34
train,12557,2,3,116,58.0,58
train,12558,2,2,52,26.0,26
train,12559,2,3,100,50.0,50
train,12560,2,4,124,62.0,62
train,12561,4,3,124,31.0,31
train,12562,4,3,100,25.0,26
train,12563,6,2,172,28.666666666666668,32
train,12564,12,2,468,39.0,40
train,12565,4,3,88,22.0,24
train,12566,2,3,108,54.0,54
train,12567,4,3,112,28.0,32
train,12568,4,4,148,37.0,37
train,12569,4,4,276,69.0,74
train,12570,4,3,168,42.0,42
train,12571,4,3,232,58.0,58
train,12572,4,2,168,42.0,42
train,12573,4,3,212,53.0,54
train,12574,4,4,276,69.0,74
train,12575,4,3,100,25.0,26
train,12576,4,4,244,61.0,66
train,12577,4,3,84,21.0,24
train,12578,4,3,256,64.0,64
train,12579,4,3,124,31.0,31
train,12580,4,3,104,26.0,26
train,12581,4,3,104,26.0,26
train,12582,4,3,100,25.0,26
train,12583,4,3,140,35.0,35
train,12584,4,3,72,18.0,18
train,12585,4,3,200,50.0,50
train,12586,4,3,308,77.0,80
train,12587,4,3,102,25.5,26
train,12588,4,3,100,25.0,26
train,12589,4,3,100,25.0,26
train,12590,4,3,120,30.0,36
train,12591,4,3,100,25.0,25
train,12592,4,3,92,23.0,25
train,12593,4,3,140,35.0,35
train,12594,4,3,200,50.0,50
train,12595,4,3,212,53.0,54
train,12596,4,3,240,60.0,60
train,12597,4,3,92,23.0,23
train,12598,4,3,196,49.0,50
train,12599,4,3,292,73.0,77
train,12600,4,3,132,33.0,33
train,12601,4,3,196,49.0,50
train,12602,4,3,168,42.0,42
train,12603,4,3,184,46.0,46
train,12604,4,3,116,29.0,31
train,12605,4,4,244,61.0,62
train,12606,4,3,100,25.0,26
train,12607,4,3,100,25.0,26
train,12608,4,3,66,16.5,18
train,12609,4,2,104,26.0,26
train,12610,4,3,160,40.0,43
train,12611,4,3,100,25.0,25
train,12612,4,2,156,39.0,40
train,12613,4,3,232,58.0,58
train,12614,4,2,168,42.0,42
train,12615,4,3,104,26.0,26
train,12616,4,4,276,69.0,74
train,12617,4,3,244,61.0,64
train,12618,4,4,268,67.0,72
train,12619,4,3,256,64.0,64
train,12620,4,3,156,39.0,40
train,12621,4,3,72,18.0,18
train,12622,4,3,100,25.0,25
train,12623,4,3,84,21.0,23
train,12624,4,3,124,31.0,31
train,12625,4,3,200,50.0,50
train,12626,4,3,220,55.0,56
train,12627,4,3,184,46.0,46
train,12628,4,4,184,46.0,46
train,12629,4,3,200,50.0,50
train,12630,4,3,84,21.0,24
train,12631,4,3,104,26.0,26
train,12632,4,3,104,26.0,26
train,12633,4,3,122,30.5,32
train,12634,4,3,104,26.0,26
train,12635,2,3,128,64.0,64
train,12636,4,3,104,26.0,26
train,12637,4,3,104,26.0,26
train,12638,4,3,104,26.0,26
train,12639,2,4,160,80.0,80
train,12640,4,3,104,26.0,26
train,12641,4,3,110,27.5,29
train,12642,4,3,232,58.0,58
train,12643,4,3,156,39.0,46
train,12644,4,4,428,107.0,107
train,12645,4,3,64,16.0,18
train,12646,4,3,208,52.0,52
train,12647,4,4,212,53.0,53
train,12648,3,4,102,34.0,34
train,12649,3,4,228,76.0,80
train,12650,14,2,400,28.571428571428573,32
train,12651,14,2,376,26.857142857142858,32
train,12652,14,2,352,25.142857142857142,32
train,12653,6,3,420,70.0,70
train,12654,4,3,188,47.0,47
train,12655,13,2,1212,93.23076923076923,108
train,12656,13,2,1308,100.61538461538461,108
train,12657,4,3,106,26.5,28
train,12658,2,3,28,14.0,14
train,12659,4,3,100,25.0,26
train,12660,4,3,124,31.0,31
train,12661,4,3,124,31.0,31
train,12662,4,3,142,35.5,41
train,12663,4,3,128,32.0,32
train,12664,4,4,224,56.0,56
train,12665,2,3,92,46.0,46
train,12666,2,4,128,64.0,64
train,12667,2,3,92,46.0,46
train,12668,2,3,32,16.0,16
train,12669,2,3,116,58.0,58
train,12670,4,3,268,67.0,68
train,12671,2,3,52,26.0,26
train,12672,2,3,116,58.0,58
train,12673,2,2,52,26.0,26
train,12674,2,3,92,46.0,46
train,12675,2,3,116,58.0,58
train,12676,4,3,100,25.0,25
train,12677,2,3,128,64.0,64
train,12678,2,3,100,50.0,50
train,12679,4,3,116,29.0,29
train,12680,2,4,160,80.0,80
train,12681,4,3,92,23.0,23
train,12682,2,3,128,64.0,64
train,12683,4,3,106,26.5,28
train,12684,2,3,92,46.0,46
train,12685,4,3,108,27.0,29
train,12686,4,3,84,21.0,23
train,12687,2,3,92,46.0,46
train,12688,2,4,160,80.0,80
train,12689,2,3,128,64.0,64
train,12690,2,3,92,46.0,46
train,12691,2,3,160,80.0,80
train,12692,2,4,112,56.0,56
train,12693,2,4,128,64.0,64
train,12694,2,4,160,80.0,80
train,12695,2,3,32,16.0,16
train,12696,2,3,112,56.0,56
train,12697,2,3,64,32.0,32
train,12698,2,3,52,26.0,26
train,12699,2,3,52,26.0,26
train,12700,2,3,52,26.0,26
train,12701,2,3,116,58.0,58
train,12702,2,3,116,58.0,58
train,12703,7,2,486,69.42857142857143,72
train,12704,13,2,1188,91.38461538461539,108
train,12705,13,2,1188,91.38461538461539,108
train,12706,4,3,232,58.0,58
train,12707,4,2,56,14.0,14
train,12708,8,2,304,38.0,38
train,12709,8,2,336,42.0,44
train,12710,3,3,106,35.333333333333336,36
train,12711,2,3,68,34.0,34
train,12712,2,3,116,58.0,58
train,12713,4,3,100,25.0,26
train,12714,2,3,112,56.0,56
train,12715,4,3,100,25.0,26
train,12716,4,3,106,26.5,28
train,12717,4,2,128,32.0,32
train,12718,4,3,104,26.0,26
train,12719,4,2,168,42.0,42
train,12720,4,3,276,69.0,72
train,12721,4,3,104,26.0,26
train,12722,4,3,168,42.0,42
train,12723,4,3,156,39.0,39
train,12724,4,2,168,42.0,42
train,12725,4,2,168,42.0,42
train,12726,4,3,136,34.0,34
train,12727,4,3,152,38.0,38
train,12728,4,3,104,26.0,26
train,12729,4,4,276,69.0,74
train,12730,2,3,56,28.0,28
train,12731,2,3,56,28.0,28
train,12732,2,3,68,34.0,34
train,12733,4,3,336,84.0,86
train,12734,4,3,160,40.0,40
train,12735,4,3,156,39.0,40
train,12736,4,3,84,21.0,24
train,12737,4,3,84,21.0,24
train,12738,4,3,100,25.0,25
train,12739,4,2,100,25.0,26
train,12740,4,2,24,6.0,6
train,12741,2,3,56,28.0,28
train,12742,4,3,216,54.0,54
train,12743,2,2,10,5.0,5
train,12744,4,3,216,54.0,54
train,12745,4,4,410,102.5,104
train,12746,4,4,480,120.0,120
train,12747,4,2,84,21.0,22
train,12748,4,3,292,73.0,77
train,12749,4,3,136,34.0,38
train,12750,4,3,232,58.0,58
train,12751,4,3,44,11.0,11
train,12752,4,3,136,34.0,38
train,12753,4,3,76,19.0,21
train,12754,4,3,116,29.0,32
train,12755,4,3,488,122.0,122
train,12756,4,3,148,37.0,38
train,12757,4,4,452,113.0,116
train,12758,4,4,472,118.0,121
train,12759,4,3,456,114.0,114
train,12760,4,3,184,46.0,46
train,12761,4,3,216,54.0,54
train,12762,4,3,280,70.0,70
train,12763,4,3,336,84.0,86
train,12764,4,3,84,21.0,24
train,12765,3,3,96,32.0,32
train,12766,3,4,102,34.0,34
train,12767,3,4,162,54.0,56
train,12768,2,3,128,64.0,64
train,12769,3,4,198,66.0,68
train,12770,2,4,76,38.0,38
train,12771,2,3,92,46.0,46
train,12772,3,3,146,48.666666666666664,50
train,12773,2,3,100,50.0,50
train,12774,1,4,42,42.0,42
train,12775,3,3,78,26.0,26
train,12776,3,3,156,52.0,56
train,12777,3,3,128,42.666666666666664,44
train,12778,3,4,158,52.666666666666664,54
train,12779,1,5,58,58.0,58
train,12780,3,3,146,48.666666666666664,50
train,12781,3,3,108,36.0,38
train,12782,3,3,216,72.0,80
train,12783,3,3,118,39.333333333333336,42
train,12784,3,3,78,26.0,26
train,12785,3,3,242,80.66666666666667,84
train,12786,2,3,52,26.0,26
train,12787,3,3,128,42.666666666666664,44
train,12788,3,3,162,54.0,56
train,12789,3,3,112,37.333333333333336,44
train,12790,3,3,194,64.66666666666667,74
train,12791,3,4,216,72.0,76
train,12792,3,3,242,80.66666666666667,84
train,12793,2,3,100,50.0,50
train,12794,3,4,216,72.0,74
train,12795,3,3,64,21.333333333333332,22
train,12796,3,3,222,74.0,78
train,12797,3,3,242,80.66666666666667,84
train,12798,3,3,112,37.333333333333336,44
train,12799,3,3,78,26.0,26
train,12800,2,3,112,56.0,56
train,12801,2,4,160,80.0,80
train,12802,2,3,128,64.0,64
train,12803,2,2,52,26.0,26
train,12804,3,4,176,58.666666666666664,59
train,12805,3,4,180,60.0,60
train,12806,2,2,52,26.0,26
train,12807,2,3,92,46.0,46
train,12808,2,3,116,58.0,58
train,12809,3,3,128,42.666666666666664,44
train,12810,2,3,128,64.0,64
train,12811,2,4,112,56.0,56
train,12812,2,3,52,26.0,26
train,12813,2,2,52,26.0,26
train,12814,2,3,52,26.0,26
train,12815,3,3,128,42.666666666666664,44
train,12816,3,3,128,42.666666666666664,44
train,12817,3,4,218,72.66666666666667,78
train,12818,3,3,78,26.0,26
train,12819,8,3,224,28.0,28
train,12820,8,3,272,34.0,34
train,12821,8,3,272,34.0,34
train,12822,8,3,272,34.0,34
train,12823,8,3,272,34.0,34
train,12824,3,3,78,26.0,26
train,12825,3,3,64,21.333333333333332,22
train,12826,2,3,52,26.0,26
train,12827,3,4,78,26.0,26
train,12828,2,3,92,46.0,46
train,12829,2,3,116,58.0,58
train,12830,3,3,90,30.0,32
train,12831,2,3,128,64.0,64
train,12832,2,4,160,80.0,80
train,12833,2,3,70,35.0,35
train,12834,2,4,160,80.0,80
train,12835,2,3,92,46.0,46
train,12836,2,3,64,32.0,32
train,12837,2,3,160,80.0,80
train,12838,2,3,40,20.0,20
train,12839,2,4,160,80.0,80
train,12840,2,3,44,22.0,22
train,12841,2,3,36,18.0,18
train,12842,2,3,116,58.0,58
train,12843,2,3,56,28.0,28
train,12844,2,3,116,58.0,58
train,12845,3,3,78,26.0,27
train,12846,2,4,112,56.0,56
train,12847,2,3,76,38.0,38
train,12848,3,3,78,26.0,26
train,12849,3,3,120,40.0,43
train,12850,3,3,78,26.0,26
train,12851,3,4,222,74.0,74
train,12852,3,2,64,21.333333333333332,22
train,12853,3,3,64,21.333333333333332,22
train,12854,2,3,56,28.0,28
train,12855,2,3,92,46.0,46
train,12856,2,3,112,56.0,56
train,12857,2,3,92,46.0,46
train,12858,2,3,56,28.0,28
train,12859,2,3,52,26.0,26
train,12860,2,3,116,58.0,58
train,12861,2,3,68,34.0,34
train,12862,2,3,112,56.0,56
train,12863,3,4,294,98.0,98
train,12864,3,3,146,48.666666666666664,50
train,12865,3,5,180,60.0,60
train,12866,2,3,116,58.0,58
train,12867,2,3,92,46.0,46
train,12868,3,4,174,58.0,58
train,12869,2,3,52,26.0,26
train,12870,2,3,116,58.0,58
train,12871,2,3,68,34.0,34
train,12872,1,5,60,60.0,60
train,12873,2,3,116,58.0,58
train,12874,2,2,28,14.0,14
train,12875,3,2,28,9.333333333333334,10
train,12876,12,2,168,14.0,16
train,12877,6,2,16,2.6666666666666665,4
train,12878,4,2,16,4.0,4
train,12879,4,3,88,22.0,24
train,12880,5,2,154,30.8,44
train,12881,5,2,106,21.2,26
train,12882,5,2,106,21.2,26
train,12883,5,2,106,21.2,26
train,12884,5,2,106,21.2,26
train,12885,5,2,76,15.2,20
train,12886,5,2,76,15.2,20
train,12887,5,2,106,21.2,26
train,12888,5,2,154,30.8,44
train,12889,5,2,76,15.2,20
train,12890,5,2,106,21.2,26
train,12891,5,2,76,15.2,20
train,12892,5,2,106,21.2,26
train,12893,5,2,106,21.2,26
train,12894,5,2,76,15.2,20
train,12895,5,2,106,21.2,26
train,12896,5,2,76,15.2,20
train,12897,5,2,76,15.2,20
train,12898,5,2,76,15.2,20
train,12899,5,2,76,15.2,20
train,12900,5,2,60,12.0,14
train,12901,5,2,76,15.2,20
train,12902,5,2,76,15.2,20
train,12903,5,2,76,15.2,20
train,12904,5,2,76,15.2,20
train,12905,5,2,76,15.2,20
train,12906,5,2,76,15.2,20
train,12907,5,2,60,12.0,14
train,12908,5,2,76,15.2,20
train,12909,5,2,60,12.0,14
train,12910,5,2,60,12.0,14
train,12911,5,2,60,12.0,14
train,12912,5,2,60,12.0,14
train,12913,5,2,60,12.0,14
train,12914,5,2,60,12.0,14
train,12915,5,2,76,15.2,20
train,12916,5,2,106,21.2,26
train,12917,5,2,60,12.0,14
train,12918,5,2,76,15.2,20
train,12919,5,2,76,15.2,20
train,12920,4,3,156,39.0,40
train,12921,4,3,196,49.0,50
train,12922,1,5,58,58.0,58
train,12923,4,3,312,78.0,78
train,12924,2,3,100,50.0,50
train,12925,3,4,126,42.0,42
train,12926,2,3,116,58.0,58
train,12927,3,4,126,42.0,42
train,12928,4,3,204,51.0,53
train,12929,4,3,156,39.0,40
train,12930,8,3,556,69.5,70
train,12931,8,3,636,79.5,86
train,12932,16,2,840,52.5,54
train,12933,4,4,300,75.0,78
train,12934,4,3,204,51.0,52
train,12935,4,3,448,112.0,112
train,12936,4,3,344,86.0,86
train,12937,14,3,904,64.57142857142857,68
train,12938,6,2,144,24.0,26
train,12939,16,2,784,49.0,49
train,12940,8,3,224,28.0,28
train,12941,5,2,250,50.0,52
train,12942,5,2,310,62.0,64
train,12943,5,2,250,50.0,52
train,12944,5,2,250,50.0,52
train,12945,5,2,250,50.0,52
train,12946,5,2,250,50.0,52
train,12947,5,2,250,50.0,52
train,12948,5,3,370,74.0,86
train,12949,5,2,250,50.0,52
train,12950,5,2,250,50.0,52
train,12951,5,2,250,50.0,52
train,12952,5,2,310,62.0,64
train,12953,4,3,108,27.0,27
train,12954,4,3,84,21.0,24
train,12955,4,4,320,80.0,80
train,12956,2,3,128,64.0,64
train,12957,4,4,324,81.0,82
train,12958,4,4,300,75.0,76
train,12959,4,3,196,49.0,50
train,12960,4,2,112,28.0,28
train,12961,4,3,152,38.0,38
train,12962,2,3,84,42.0,42
train,12963,4,3,196,49.0,50
train,12964,5,3,194,38.8,42
train,12965,5,3,418,83.6,86
train,12966,5,2,176,35.2,38
train,12967,5,3,224,44.8,47
train,12968,5,2,310,62.0,64
train,12969,5,2,250,50.0,52
train,12970,5,2,154,30.8,44
train,12971,5,2,154,30.8,44
train,12972,5,2,250,50.0,52
train,12973,5,3,110,22.0,24
train,12974,5,2,310,62.0,64
train,12975,5,3,218,43.6,44
train,12976,5,2,154,30.8,44
train,12977,5,2,250,50.0,52
train,12978,5,3,194,38.8,41
train,12979,5,2,250,50.0,52
train,12980,1,4,26,26.0,26
train,12981,4,3,152,38.0,38
train,12982,4,3,168,42.0,42
train,12983,4,4,212,53.0,56
train,12984,4,3,128,32.0,32
train,12985,4,3,188,47.0,47
train,12986,4,3,126,31.5,36
train,12987,4,3,162,40.5,42
train,12988,4,3,200,50.0,50
train,12989,2,4,164,82.0,82
train,12990,2,3,100,50.0,50
train,12991,2,3,116,58.0,58
train,12992,4,3,200,50.0,56
train,12993,4,3,198,49.5,53
train,12994,4,3,104,26.0,26
train,12995,4,3,28,7.0,7
train,12996,4,3,164,41.0,44
train,12997,4,2,144,36.0,38
train,12998,4,3,156,39.0,40
train,12999,4,2,168,42.0,42
train,13000,4,3,168,42.0,42
train,13001,4,3,180,45.0,45
train,13002,4,3,180,45.0,45
train,13003,4,3,104,26.0,26
train,13004,4,2,112,28.0,28
train,13005,4,3,116,29.0,31
train,13006,4,4,296,74.0,74
train,13007,4,2,112,28.0,28
train,13008,4,3,168,42.0,43
train,13009,4,3,138,34.5,40
train,13010,4,3,156,39.0,43
train,13011,4,3,114,28.5,31
train,13012,4,3,120,30.0,31
train,13013,4,3,104,26.0,26
train,13014,4,2,128,32.0,32
train,13015,4,3,94,23.5,26
train,13016,4,3,100,25.0,26
train,13017,4,3,104,26.0,26
train,13018,3,4,102,34.0,34
train,13019,3,4,110,36.666666666666664,42
train,13020,3,3,54,18.0,18
train,13021,3,3,78,26.0,26
train,13022,3,4,102,34.0,34
train,13023,4,3,92,23.0,26
train,13024,3,3,64,21.333333333333332,22
train,13025,3,3,128,42.666666666666664,44
train,13026,3,3,78,26.0,26
train,13027,3,4,158,52.666666666666664,54
train,13028,3,4,174,58.0,58
train,13029,2,3,56,28.0,28
train,13030,3,3,78,26.0,26
train,13031,3,4,126,42.0,42
train,13032,3,4,140,46.666666666666664,48
train,13033,3,4,102,34.0,34
train,13034,3,3,178,59.333333333333336,62
train,13035,3,4,118,39.333333333333336,40
train,13036,3,3,128,42.666666666666664,44
train,13037,3,3,112,37.333333333333336,44
train,13038,2,3,116,58.0,58
train,13039,4,3,232,58.0,58
train,13040,3,4,126,42.0,42
train,13041,3,4,102,34.0,34
train,13042,3,4,102,34.0,34
train,13043,3,4,118,39.333333333333336,42
train,13044,3,3,78,26.0,26
train,13045,2,3,64,32.0,32
train,13046,2,3,92,46.0,46
train,13047,2,3,160,80.0,80
train,13048,3,4,174,58.0,58
train,13049,3,3,38,12.666666666666666,13
train,13050,3,4,142,47.333333333333336,50
train,13051,4,3,124,31.0,31
train,13052,5,3,188,37.6,42
train,13053,5,3,194,38.8,42
train,13054,5,3,218,43.6,44
train,13055,5,2,250,50.0,52
train,13056,6,3,186,31.0,35
train,13057,6,3,180,30.0,32
train,13058,6,2,100,16.666666666666668,17
train,13059,6,4,474,79.0,88
train,13060,6,3,132,22.0,23
train,13061,6,2,216,36.0,38
train,13062,6,3,336,56.0,56
train,13063,6,2,208,34.666666666666664,36
train,13064,6,3,284,47.333333333333336,48
train,13065,6,3,320,53.333333333333336,58
train,13066,6,2,244,40.666666666666664,46
train,13067,6,3,144,24.0,26
train,13068,6,3,192,32.0,32
train,13069,6,3,144,24.0,26
train,13070,6,3,144,24.0,26
train,13071,6,3,144,24.0,26
train,13072,6,3,192,32.0,32
train,13073,6,3,216,36.0,38
train,13074,6,3,306,51.0,56
train,13075,6,3,356,59.333333333333336,62
train,13076,6,3,144,24.0,26
train,13077,6,3,144,24.0,26
train,13078,6,4,428,71.33333333333333,78
train,13079,6,2,184,30.666666666666668,34
train,13080,6,3,144,24.0,26
train,13081,6,3,132,22.0,23
train,13082,6,3,144,24.0,26
train,13083,6,2,234,39.0,44
train,13084,6,3,132,22.0,23
train,13085,6,3,132,22.0,23
train,13086,6,3,144,24.0,26
train,13087,6,3,144,24.0,26
train,13088,6,3,208,34.666666666666664,36
train,13089,6,4,428,71.33333333333333,72
train,13090,6,3,460,76.66666666666667,78
train,13091,6,3,132,22.0,23
train,13092,6,3,132,22.0,23
train,13093,3,4,104,34.666666666666664,36
train,13094,6,3,312,52.0,56
train,13095,6,3,198,33.0,35
train,13096,6,3,282,47.0,53
train,13097,8,2,560,70.0,70
train,13098,8,2,784,98.0,98
train,13099,13,3,876,67.38461538461539,69
train,13100,23,2,1148,49.91304347826087,53
train,13101,21,2,1138,54.19047619047619,62
train,13102,28,2,1368,48.857142857142854,57
train,13103,13,2,568,43.69230769230769,54
train,13104,28,2,1396,49.857142857142854,58
train,13105,8,2,256,32.0,32
train,13106,14,3,846,60.42857142857143,64
train,13107,16,2,1200,75.0,75
train,13108,14,2,768,54.857142857142854,59
train,13109,36,3,1920,53.333333333333336,59
train,13110,14,2,688,49.142857142857146,52
train,13111,14,2,676,48.285714285714285,52
train,13112,14,2,620,44.285714285714285,46
train,13113,9,2,220,24.444444444444443,38
train,13114,20,2,1288,64.4,69
train,13115,20,2,1264,63.2,68
train,13116,12,2,584,48.666666666666664,50
train,13117,8,2,784,98.0,98
train,13118,16,2,908,56.75,64
train,13119,8,2,584,73.0,82
train,13120,13,3,770,59.23076923076923,70
train,13121,26,2,1060,40.76923076923077,44
train,13122,6,3,282,47.0,52
train,13123,40,2,2252,56.3,68
train,13124,12,3,616,51.333333333333336,54
train,13125,36,2,2112,58.666666666666664,63
train,13126,25,2,1866,74.64,79
train,13127,15,2,948,63.2,68
train,13128,12,3,920,76.66666666666667,81
train,13129,20,2,1168,58.4,60
train,13130,16,2,808,50.5,52
train,13131,12,2,668,55.666666666666664,57
train,13132,14,2,782,55.857142857142854,58
train,13133,14,4,1060,75.71428571428571,79
train,13134,8,2,208,26.0,26
train,13135,12,2,808,67.33333333333333,70
train,13136,28,2,1440,51.42857142857143,54
train,13137,20,2,1144,57.2,61
train,13138,20,2,1384,69.2,72
train,13139,10,3,716,71.6,75
train,13140,36,2,1692,47.0,52
train,13141,24,3,1408,58.666666666666664,63
train,13142,10,3,752,75.2,80
train,13143,24,2,1096,45.666666666666664,49
train,13144,32,2,1260,39.375,45
train,13145,14,2,1008,72.0,76
train,13146,16,2,1072,67.0,69
train,13147,27,2,1230,45.55555555555556,50
train,13148,13,3,1134,87.23076923076923,90
train,13149,4,2,72,18.0,18
train,13150,9,2,240,26.666666666666668,32
train,13151,11,2,350,31.818181818181817,34
train,13152,11,3,466,42.36363636363637,47
train,13153,16,2,564,35.25,37
train,13154,12,2,448,37.333333333333336,38
train,13155,6,2,444,74.0,76
train,13156,17,2,772,45.411764705882355,56
train,13157,17,2,772,45.411764705882355,56
train,13158,16,2,924,57.75,60
train,13159,8,2,298,37.25,42
train,13160,12,3,280,23.333333333333332,25
train,13161,5,3,122,24.4,26
train,13162,5,3,358,71.6,73
train,13163,1,3,18,18.0,18
train,13164,5,3,276,55.2,56
train,13165,7,3,224,32.0,34
train,13166,34,2,1436,42.23529411764706,48
train,13167,14,2,908,64.85714285714286,72
train,13168,4,2,92,23.0,24
train,13169,28,2,704,25.142857142857142,30
train,13170,20,2,648,32.4,36
train,13171,6,3,288,48.0,50
train,13172,6,3,318,53.0,62
train,13173,6,3,318,53.0,62
train,13174,6,3,264,44.0,44
train,13175,6,2,264,44.0,44
train,13176,6,3,318,53.0,62
train,13177,6,3,318,53.0,62
train,13178,6,3,192,32.0,32
train,13179,6,2,270,45.0,50
train,13180,6,3,144,24.0,26
train,13181,6,4,338,56.333333333333336,64
train,13182,6,2,264,44.0,44
train,13183,6,3,112,18.666666666666668,20
train,13184,6,3,144,24.0,26
train,13185,6,3,264,44.0,44
train,13186,6,3,318,53.0,62
train,13187,7,3,136,19.428571428571427,22
train,13188,7,2,320,45.714285714285715,50
train,13189,7,2,282,40.285714285714285,41
train,13190,7,3,98,14.0,14
train,13191,7,2,320,45.714285714285715,50
train,13192,7,3,152,21.714285714285715,24
train,13193,7,2,320,45.714285714285715,50
train,13194,7,2,288,41.142857142857146,46
train,13195,7,3,200,28.571428571428573,34
train,13196,7,3,316,45.142857142857146,47
train,13197,7,2,320,45.714285714285715,50
train,13198,7,3,168,24.0,24
train,13199,7,2,320,45.714285714285715,50
train,13200,8,2,336,42.0,42
train,13201,8,2,308,38.5,39
train,13202,8,2,216,27.0,30
train,13203,8,3,364,45.5,50
train,13204,8,4,516,64.5,74
train,13205,8,2,312,39.0,40
train,13206,8,2,308,38.5,42
train,13207,8,2,124,15.5,16
train,13208,8,3,232,29.0,32
train,13209,8,2,124,15.5,17
train,13210,8,3,396,49.5,50
train,13211,9,3,272,30.22222222222222,32
train,13212,9,3,180,20.0,22
train,13213,5,3,272,54.4,59
train,13214,4,3,200,50.0,56
train,13215,8,2,304,38.0,44
train,13216,6,3,248,41.333333333333336,46
train,13217,5,3,194,38.8,42
train,13218,12,2,588,49.0,49
train,13219,5,3,194,38.8,42
train,13220,4,3,224,56.0,56
train,13221,4,4,320,80.0,80
train,13222,8,3,444,55.5,59
train,13223,12,2,588,49.0,49
train,13224,12,2,564,47.0,49
train,13225,12,2,604,50.333333333333336,54
train,13226,12,2,692,57.666666666666664,64
train,13227,8,2,420,52.5,56
train,13228,10,3,396,39.6,40
train,13229,16,2,784,49.0,49
train,13230,5,3,232,46.4,50
train,13231,22,2,1540,70.0,74
train,13232,16,2,848,53.0,58
train,13233,22,2,1040,47.27272727272727,51
train,13234,14,2,520,37.142857142857146,41
train,13235,16,2,824,51.5,52
train,13236,5,2,158,31.6,34
train,13237,36,2,928,25.77777777777778,27
train,13238,26,2,1052,40.46153846153846,43
train,13239,14,2,592,42.285714285714285,45
train,13240,4,2,104,26.0,26
train,13241,2,3,32,16.0,16
train,13242,4,2,104,26.0,26
train,13243,4,2,72,18.0,18
train,13244,2,3,40,20.0,20
train,13245,2,3,52,26.0,26
train,13246,2,4,76,38.0,38
train,13247,4,2,68,17.0,17
train,13248,2,3,52,26.0,26
train,13249,6,2,96,16.0,18
train,13250,4,3,72,18.0,18
train,13251,8,2,292,36.5,47
train,13252,2,3,40,20.0,20
train,13253,8,2,144,18.0,18
train,13254,4,3,72,18.0,18
train,13255,4,3,64,16.0,16
train,13256,2,3,52,26.0,26
train,13257,4,2,56,14.0,14
train,13258,2,4,72,36.0,36
train,13259,20,2,964,48.2,52
train,13260,5,2,310,62.0,64
train,13261,4,3,130,32.5,38
train,13262,14,3,656,46.857142857142854,48
train,13263,14,2,576,41.142857142857146,44
train,13264,14,2,592,42.285714285714285,44
train,13265,14,2,544,38.857142857142854,44
train,13266,22,2,1100,50.0,53
train,13267,6,3,160,26.666666666666668,28
train,13268,6,3,236,39.333333333333336,40
train,13269,6,3,184,30.666666666666668,32
train,13270,9,2,412,45.77777777777778,50
train,13271,9,2,442,49.111111111111114,52
train,13272,9,2,492,54.666666666666664,58
train,13273,9,2,414,46.0,51
train,13274,9,2,488,54.22222222222222,58
train,13275,9,2,516,57.333333333333336,62
train,13276,9,2,456,50.666666666666664,54
train,13277,8,2,336,42.0,46
train,13278,9,2,370,41.111111111111114,45
train,13279,8,2,370,46.25,52
train,13280,14,2,658,47.0,51
train,13281,14,3,626,44.714285714285715,48
train,13282,14,3,590,42.142857142857146,51
train,13283,14,2,546,39.0,46
train,13284,14,2,710,50.714285714285715,56
train,13285,14,2,814,58.142857142857146,62
train,13286,26,2,1204,46.30769230769231,50
train,13287,20,2,1152,57.6,61
train,13288,16,3,780,48.75,55
train,13289,13,2,380,29.23076923076923,38
train,13290,13,2,428,32.92307692307692,38
train,13291,13,2,476,36.61538461538461,38
train,13292,30,2,1636,54.53333333333333,58
train,13293,42,2,1392,33.142857142857146,44
train,13294,14,2,580,41.42857142857143,44
train,13295,14,2,544,38.857142857142854,44
train,13296,14,2,544,38.857142857142854,44
train,13297,42,2,1380,32.857142857142854,44
train,13298,14,2,544,38.857142857142854,44
train,13299,13,2,614,47.23076923076923,58
train,13300,13,2,548,42.15384615384615,49
train,13301,13,2,548,42.15384615384615,49
train,13302,14,2,544,38.857142857142854,44
train,13303,14,2,640,45.714285714285715,50
train,13304,14,2,640,45.714285714285715,50
train,13305,14,2,832,59.42857142857143,64
train,13306,14,2,598,42.714285714285715,46
train,13307,14,2,572,40.857142857142854,50
train,13308,14,3,728,52.0,60
train,13309,14,3,696,49.714285714285715,50
train,13310,20,2,1396,69.8,73
train,13311,14,3,528,37.714285714285715,42
train,13312,14,3,856,61.142857142857146,64
train,13313,14,2,710,50.714285714285715,54
train,13314,12,3,472,39.333333333333336,44
train,13315,14,2,544,38.857142857142854,40
train,13316,13,2,432,33.23076923076923,37
train,13317,14,2,678,48.42857142857143,52
train,13318,6,2,256,42.666666666666664,44
train,13319,13,2,612,47.07692307692308,58
train,13320,14,2,528,37.714285714285715,42
train,13321,1,2,0,0.0,0
train,13322,1,4,18,18.0,18
train,13323,1,2,2,2.0,2
train,13324,1,4,70,70.0,70
train,13325,1,4,22,22.0,22
train,13326,1,4,26,26.0,26
train,13327,1,4,26,26.0,26
train,13328,1,5,60,60.0,60
train,13329,1,3,42,42.0,42
train,13330,1,5,28,28.0,28
train,13331,2,3,100,50.0,50
train,13332,2,2,28,14.0,14
train,13333,2,4,160,80.0,80
train,13334,2,3,84,42.0,42
train,13335,2,3,52,26.0,26
train,13336,2,4,64,32.0,32
train,13337,2,3,36,18.0,18
train,13338,2,3,116,58.0,58
train,13339,2,4,140,70.0,70
train,13340,2,3,64,32.0,32
train,13341,2,3,112,56.0,56
train,13342,2,3,24,12.0,12
train,13343,2,3,116,58.0,58
train,13344,2,3,76,38.0,38
train,13345,2,3,64,32.0,32
train,13346,2,3,116,58.0,58
train,13347,2,3,36,18.0,18
train,13348,2,4,120,60.0,60
train,13349,2,3,36,18.0,18
train,13350,2,4,128,64.0,64
train,13351,2,4,104,52.0,52
train,13352,2,3,36,18.0,18
train,13353,2,3,44,22.0,22
train,13354,2,3,52,26.0,26
train,13355,2,3,52,26.0,26
train,13356,2,4,160,80.0,80
train,13357,2,3,100,50.0,50
train,13358,2,3,36,18.0,18
train,13359,2,3,100,50.0,50
train,13360,3,4,118,39.333333333333336,40
train,13361,3,3,58,19.333333333333332,20
train,13362,3,4,102,34.0,34
train,13363,3,4,150,50.0,50
train,13364,3,3,146,48.666666666666664,50
train,13365,3,2,78,26.0,26
train,13366,3,3,66,22.0,23
train,13367,3,3,96,32.0,36
train,13368,3,3,96,32.0,36
train,13369,3,3,64,21.333333333333332,22
train,13370,3,3,78,26.0,26
train,13371,3,2,64,21.333333333333332,22
train,13372,3,2,28,9.333333333333334,10
train,13373,3,3,96,32.0,36
train,13374,3,3,66,22.0,23
train,13375,3,3,96,32.0,36
train,13376,3,4,124,41.333333333333336,42
train,13377,3,4,180,60.0,60
train,13378,3,4,228,76.0,80
train,13379,3,3,96,32.0,36
train,13380,3,4,112,37.333333333333336,38
train,13381,3,4,132,44.0,46
train,13382,3,4,108,36.0,40
train,13383,3,3,78,26.0,26
train,13384,3,4,78,26.0,26
train,13385,3,3,96,32.0,36
train,13386,3,3,64,21.333333333333332,22
train,13387,3,3,96,32.0,36
train,13388,3,3,60,20.0,20
train,13389,3,3,64,21.333333333333332,22
train,13390,3,2,66,22.0,22
train,13391,4,3,128,32.0,42
train,13392,4,4,488,122.0,122
train,13393,4,2,56,14.0,14
train,13394,4,3,84,21.0,21
train,13395,4,4,338,84.5,85
train,13396,4,4,268,67.0,72
train,13397,4,3,24,6.0,6
train,13398,4,2,48,12.0,12
train,13399,4,3,72,18.0,18
train,13400,4,3,88,22.0,24
train,13401,2,3,52,26.0,26
train,13402,4,2,72,18.0,18
train,13403,4,3,136,34.0,38
train,13404,4,3,312,78.0,78
train,13405,4,3,140,35.0,35
train,13406,2,3,92,46.0,46
train,13407,4,2,76,19.0,19
train,13408,4,3,168,42.0,42
train,13409,4,3,152,38.0,38
train,13410,4,4,268,67.0,72
train,13411,4,2,92,23.0,26
train,13412,4,3,84,21.0,24
train,13413,1,5,90,90.0,90
train,13414,4,2,96,24.0,24
train,13415,4,2,168,42.0,42
train,13416,2,3,76,38.0,38
train,13417,4,3,84,21.0,22
train,13418,2,2,28,14.0,14
train,13419,4,3,136,34.0,38
train,13420,4,4,304,76.0,76
train,13421,4,3,100,25.0,26
train,13422,4,3,124,31.0,31
train,13423,4,4,276,69.0,74
train,13424,4,3,100,25.0,25
train,13425,4,3,136,34.0,38
train,13426,4,2,104,26.0,26
train,13427,4,3,168,42.0,42
train,13428,4,4,184,46.0,50
train,13429,4,3,216,54.0,55
train,13430,4,3,76,19.0,19
train,13431,4,3,124,31.0,31
train,13432,2,3,92,46.0,46
train,13433,4,3,344,86.0,86
train,13434,4,3,156,39.0,40
train,13435,4,3,168,42.0,42
train,13436,4,3,104,26.0,26
train,13437,4,2,72,18.0,18
train,13438,4,3,216,54.0,54
train,13439,4,3,232,58.0,58
train,13440,4,3,200,50.0,50
train,13441,4,3,64,16.0,17
train,13442,4,3,104,26.0,26
train,13443,4,3,100,25.0,26
train,13444,4,2,36,9.0,10
train,13445,4,3,144,36.0,36
train,13446,5,2,154,30.8,44
train,13447,5,3,104,20.8,24
train,13448,5,3,106,21.2,22
train,13449,5,2,76,15.2,20
train,13450,5,3,150,30.0,34
train,13451,5,3,118,23.6,25
train,13452,5,2,250,50.0,52
train,13453,5,3,190,38.0,42
train,13454,5,2,250,50.0,52
train,13455,5,3,104,20.8,24
train,13456,5,3,132,26.4,27
train,13457,5,3,160,32.0,36
train,13458,5,4,220,44.0,50
train,13459,5,3,188,37.6,42
train,13460,5,3,182,36.4,38
train,13461,5,3,92,18.4,20
train,13462,5,3,112,22.4,24
train,13463,5,3,150,30.0,34
train,13464,5,3,114,22.8,26
train,13465,5,3,150,30.0,34
train,13466,5,3,206,41.2,44
train,13467,5,3,182,36.4,38
train,13468,5,3,240,48.0,49
train,13469,5,3,144,28.8,30
train,13470,5,3,126,25.2,26
train,13471,5,3,150,30.0,34
train,13472,5,4,218,43.6,50
train,13473,5,3,150,30.0,34
train,13474,5,3,240,48.0,49
train,13475,5,3,176,35.2,40
train,13476,5,4,290,58.0,58
train,13477,5,2,106,21.2,26
train,13478,5,2,310,62.0,64
train,13479,5,3,192,38.4,43
train,13480,6,2,160,26.666666666666668,30
train,13481,6,2,160,26.666666666666668,30
train,13482,6,2,228,38.0,38
train,13483,6,2,234,39.0,44
train,13484,6,3,132,22.0,23
train,13485,6,3,138,23.0,24
train,13486,6,3,144,24.0,24
train,13487,6,2,120,20.0,21
train,13488,6,3,436,72.66666666666667,74
train,13489,6,3,286,47.666666666666664,48
train,13490,6,3,286,47.666666666666664,48
train,13491,6,3,384,64.0,68
train,13492,6,3,144,24.0,26
train,13493,6,3,156,26.0,26
train,13494,6,3,204,34.0,34
train,13495,6,3,312,52.0,54
train,13496,6,3,264,44.0,45
train,13497,6,3,132,22.0,23
train,13498,6,3,192,32.0,32
train,13499,6,3,144,24.0,26
train,13500,6,3,192,32.0,32
train,13501,6,3,144,24.0,26
train,13502,6,2,212,35.333333333333336,42
train,13503,5,2,250,50.0,52
train,13504,40,2,2000,50.0,52
train,13505,5,2,250,50.0,52
train,13506,5,2,310,62.0,64
train,13507,1,4,26,26.0,26
train,13508,6,2,228,38.0,38
train,13509,6,3,192,32.0,32
train,13510,6,3,192,32.0,32
train,13511,6,2,264,44.0,44
train,13512,6,2,96,16.0,18
train,13513,6,4,180,30.0,34
train,13514,6,3,144,24.0,26
train,13515,3,3,128,42.666666666666664,44
train,13516,6,4,452,75.33333333333333,78
train,13517,6,2,228,38.0,38
train,13518,6,3,384,64.0,68
train,13519,6,3,264,44.0,44
train,13520,6,4,520,86.66666666666667,88
train,13521,6,2,48,8.0,8
train,13522,6,3,144,24.0,26
train,13523,6,2,108,18.0,20
train,13524,6,2,192,32.0,32
train,13525,6,3,264,44.0,44
train,13526,6,3,144,24.0,26
train,13527,6,2,232,38.666666666666664,42
train,13528,6,3,264,44.0,44
train,13529,6,3,288,48.0,50
train,13530,6,4,336,56.0,56
train,13531,6,3,208,34.666666666666664,36
train,13532,6,2,96,16.0,17
train,13533,7,3,360,51.42857142857143,54
train,13534,7,2,224,32.0,34
train,13535,7,3,162,23.142857142857142,26
train,13536,6,3,144,24.0,26
train,13537,7,2,308,44.0,46
train,13538,7,3,170,24.285714285714285,30
train,13539,7,2,142,20.285714285714285,22
train,13540,7,3,210,30.0,34
train,13541,7,2,210,30.0,30
train,13542,7,3,248,35.42857142857143,38
train,13543,7,3,210,30.0,34
train,13544,7,2,122,17.428571428571427,22
train,13545,7,2,320,45.714285714285715,50
train,13546,7,2,98,14.0,14
train,13547,10,2,500,50.0,52
train,13548,8,2,156,19.5,22
train,13549,10,2,308,30.8,44
train,13550,10,3,556,55.6,62
train,13551,8,2,172,21.5,23
train,13552,10,2,152,15.2,20
train,13553,10,2,212,21.2,26
train,13554,10,3,824,82.4,84
train,13555,10,2,244,24.4,30
train,13556,8,3,240,30.0,30
train,13557,10,2,566,56.6,58
train,13558,10,2,280,28.0,32
train,13559,10,2,280,28.0,32
train,13560,10,3,292,29.2,34
train,13561,10,3,584,58.4,61
train,13562,10,2,472,47.2,49
train,13563,10,2,500,50.0,52
train,13564,10,3,254,25.4,27
train,13565,10,2,500,50.0,52
train,13566,8,2,258,32.25,38
train,13567,8,3,600,75.0,82
train,13568,10,3,632,63.2,66
train,13569,9,2,360,40.0,44
train,13570,8,3,224,28.0,28
train,13571,8,3,792,99.0,102
train,13572,8,2,368,46.0,46
train,13573,10,3,280,28.0,29
train,13574,10,3,500,50.0,52
train,13575,9,2,324,36.0,40
train,13576,9,3,772,85.77777777777777,88
train,13577,10,3,332,33.2,38
train,13578,8,2,268,33.5,34
train,13579,8,2,288,36.0,42
train,13580,9,3,176,19.555555555555557,20
train,13581,8,2,400,50.0,53
train,13582,10,2,220,22.0,24
train,13583,9,2,360,40.0,44
train,13584,9,2,252,28.0,32
train,13585,8,2,224,28.0,28
train,13586,8,2,204,25.5,26
train,13587,9,2,252,28.0,32
train,13588,9,2,198,22.0,24
train,13589,8,2,180,22.5,26
train,13590,8,2,412,51.5,55
train,13591,10,2,224,22.4,23
train,13592,9,2,276,30.666666666666668,34
train,13593,8,3,268,33.5,35
train,13594,10,3,452,45.2,50
train,13595,9,2,520,57.77777777777778,59
train,13596,8,2,176,22.0,23
train,13597,10,2,500,50.0,52
train,13598,8,3,192,24.0,26
train,13599,10,2,500,50.0,52
train,13600,9,2,568,63.111111111111114,74
train,13601,10,2,476,47.6,50
train,13602,8,3,220,27.5,29
train,13603,9,3,432,48.0,50
train,13604,10,2,228,22.8,25
train,13605,8,3,328,41.0,44
train,13606,10,2,352,35.2,39
train,13607,9,2,252,28.0,32
train,13608,8,2,100,12.5,13
train,13609,4,3,64,16.0,18
train,13610,9,2,324,36.0,40
train,13611,9,2,246,27.333333333333332,32
train,13612,10,3,280,28.0,30
train,13613,9,2,300,33.333333333333336,36
train,13614,9,2,348,38.666666666666664,44
train,13615,9,3,396,44.0,46
train,13616,10,3,276,27.6,28
train,13617,8,2,256,32.0,32
train,13618,8,3,944,118.0,122
train,13619,8,2,140,17.5,20
train,13620,9,2,300,33.333333333333336,35
train,13621,8,3,280,35.0,44
train,13622,10,3,256,25.6,26
train,13623,8,3,204,25.5,26
train,13624,8,3,586,73.25,80
train,13625,9,2,324,36.0,40
train,13626,8,3,224,28.0,28
train,13627,10,2,344,34.4,35
train,13628,8,2,224,28.0,28
train,13629,9,2,324,36.0,40
train,13630,10,2,484,48.4,51
train,13631,10,3,628,62.8,63
train,13632,8,2,304,38.0,38
train,13633,8,3,276,34.5,42
train,13634,9,2,396,44.0,46
train,13635,8,3,426,53.25,54
train,13636,10,2,152,15.2,20
train,13637,9,2,252,28.0,32
train,13638,8,2,150,18.75,25
train,13639,10,2,404,40.4,44
train,13640,9,2,220,24.444444444444443,38
train,13641,10,2,160,16.0,18
train,13642,10,2,160,16.0,18
train,13643,9,2,396,44.0,46
train,13644,8,2,168,21.0,21
train,13645,9,2,328,36.44444444444444,37
train,13646,9,3,726,80.66666666666667,83
train,13647,8,2,224,28.0,28
train,13648,8,3,320,40.0,44
train,13649,10,2,190,19.0,24
train,13650,8,3,364,45.5,50
train,13651,9,2,276,30.666666666666668,34
train,13652,8,2,208,26.0,26
train,13653,8,3,180,22.5,25
train,13654,8,2,208,26.0,28
train,13655,8,2,224,28.0,28
train,13656,9,2,300,33.333333333333336,44
train,13657,8,3,248,31.0,33
train,13658,10,2,220,22.0,24
train,13659,8,2,224,28.0,30
train,13660,9,2,396,44.0,46
train,13661,9,2,324,36.0,40
train,13662,9,2,360,40.0,44
train,13663,10,4,636,63.6,64
train,13664,10,3,300,30.0,33
train,13665,8,3,448,56.0,56
train,13666,9,2,300,33.333333333333336,35
train,13667,8,2,172,21.5,26
train,13668,9,2,276,30.666666666666668,34
train,13669,8,3,452,56.5,60
train,13670,10,2,228,22.8,25
train,13671,8,2,200,25.0,28
train,13672,8,3,272,34.0,34
train,13673,8,2,156,19.5,21
train,13674,8,2,144,18.0,18
train,13675,10,2,500,50.0,52
train,13676,8,2,224,28.0,28
train,13677,8,2,224,28.0,30
train,13678,10,2,500,50.0,52
train,13679,10,3,728,72.8,74
train,13680,10,2,500,50.0,52
train,13681,8,4,468,58.5,62
train,13682,8,2,224,28.0,30
train,13683,8,3,248,31.0,31
train,13684,8,4,964,120.5,123
train,13685,10,3,192,19.2,20
train,13686,10,2,476,47.6,50
train,13687,8,2,116,14.5,15
train,13688,8,2,128,16.0,16
train,13689,10,2,500,50.0,52
train,13690,8,3,264,33.0,33
train,13691,10,3,412,41.2,44
train,13692,9,2,276,30.666666666666668,34
train,13693,10,3,500,50.0,52
train,13694,9,2,240,26.666666666666668,32
train,13695,10,2,252,25.2,29
train,13696,8,2,108,13.5,15
train,13697,8,2,256,32.0,32
train,13698,9,2,348,38.666666666666664,44
train,13699,9,2,372,41.333333333333336,44
train,13700,8,3,528,66.0,67
train,13701,9,3,420,46.666666666666664,52
train,13702,9,3,444,49.333333333333336,53
train,13703,10,2,158,15.8,20
train,13704,9,2,276,30.666666666666668,34
train,13705,9,2,252,28.0,32
train,13706,8,2,208,26.0,26
train,13707,8,3,224,28.0,28
train,13708,10,2,224,22.4,23
train,13709,8,4,420,52.5,56
train,13710,10,2,220,22.0,24
train,13711,9,3,580,64.44444444444444,80
train,13712,10,3,556,55.6,57
train,13713,8,2,256,32.0,32
train,13714,10,2,284,28.4,30
train,13715,9,2,300,33.333333333333336,36
train,13716,10,3,500,50.0,52
train,13717,8,4,956,119.5,121
train,13718,10,3,628,62.8,64
train,13719,10,2,364,36.4,38
train,13720,10,3,620,62.0,64
train,13721,9,2,504,56.0,59
train,13722,8,3,224,28.0,28
train,13723,10,2,224,22.4,24
train,13724,6,2,48,8.0,8
train,13725,6,2,96,16.0,17
train,13726,6,2,64,10.666666666666666,12
train,13727,12,2,256,21.333333333333332,24
train,13728,6,2,104,17.333333333333332,18
train,13729,6,3,132,22.0,23
train,13730,9,2,102,11.333333333333334,12
train,13731,6,2,128,21.333333333333332,24
train,13732,6,2,96,16.0,17
train,13733,6,2,96,16.0,17
train,13734,6,3,80,13.333333333333334,15
train,13735,12,2,268,22.333333333333332,24
train,13736,12,2,336,28.0,32
train,13737,6,3,124,20.666666666666668,22
train,13738,6,2,48,8.0,8
train,13739,6,2,128,21.333333333333332,22
train,13740,6,3,264,44.0,44
train,13741,10,2,216,21.6,23
train,13742,10,2,436,43.6,45
train,13743,8,3,204,25.5,29
train,13744,9,2,240,26.666666666666668,32
train,13745,8,2,168,21.0,22
train,13746,9,2,396,44.0,46
train,13747,8,3,264,33.0,38
train,13748,10,2,500,50.0,52
train,13749,8,2,362,45.25,47
train,13750,10,3,190,19.0,20
train,13751,10,3,376,37.6,38
train,13752,9,2,276,30.666666666666668,34
train,13753,8,2,288,36.0,42
train,13754,10,2,208,20.8,22
train,13755,10,2,144,14.4,18
train,13756,10,2,300,30.0,34
train,13757,10,2,332,33.2,38
train,13758,10,2,300,30.0,34
train,13759,8,3,464,58.0,67
train,13760,10,2,500,50.0,52
train,13761,10,2,216,21.6,25
train,13762,10,2,488,48.8,50
train,13763,9,2,396,44.0,46
train,13764,10,2,356,35.6,44
train,13765,8,2,250,31.25,38
train,13766,8,2,304,38.0,42
train,13767,8,2,224,28.0,28
train,13768,8,2,160,20.0,20
train,13769,10,2,452,45.2,52
train,13770,9,2,300,33.333333333333336,35
train,13771,9,2,300,33.333333333333336,35
train,13772,8,2,164,20.5,22
train,13773,8,3,294,36.75,40
train,13774,10,2,444,44.4,46
train,13775,8,3,204,25.5,26
train,13776,9,2,252,28.0,32
train,13777,8,2,200,25.0,25
train,13778,8,2,172,21.5,26
train,13779,10,2,500,50.0,52
train,13780,4,2,8,2.0,2
train,13781,4,2,8,2.0,2
train,13782,3,3,128,42.666666666666664,44
train,13783,3,3,128,42.666666666666664,44
train,13784,4,3,204,51.0,52
train,13785,10,2,308,30.8,32
train,13786,4,3,88,22.0,24
train,13787,18,3,872,48.44444444444444,54
train,13788,7,2,438,62.57142857142857,64
train,13789,8,2,272,34.0,34
train,13790,4,4,312,78.0,78
train,13791,16,2,960,60.0,62
train,13792,5,2,106,21.2,26
train,13793,4,2,104,26.0,26
train,13794,5,2,106,21.2,26
train,13795,3,4,142,47.333333333333336,50
train,13796,4,3,276,69.0,74
train,13797,5,2,106,21.2,26
train,13798,6,4,336,56.0,56
train,13799,4,3,72,18.0,18
train,13800,4,3,136,34.0,34
train,13801,4,3,72,18.0,18
train,13802,2,3,52,26.0,26
train,13803,29,2,980,33.793103448275865,40
train,13804,2,2,52,26.0,26
train,13805,2,3,52,26.0,26
train,13806,2,3,52,26.0,26
train,13807,2,3,100,50.0,50
train,13808,2,4,100,50.0,50
train,13809,4,3,136,34.0,34
train,13810,2,3,52,26.0,26
train,13811,2,3,100,50.0,50
train,13812,2,3,84,42.0,42
train,13813,2,3,52,26.0,26
train,13814,2,4,72,36.0,36
train,13815,2,3,84,42.0,42
train,13816,2,3,52,26.0,26
train,13817,2,4,76,38.0,38
train,13818,2,3,84,42.0,42
train,13819,2,3,84,42.0,42
train,13820,4,2,168,42.0,42
train,13821,2,4,76,38.0,38
train,13822,2,3,52,26.0,26
train,13823,2,3,48,24.0,24
train,13824,8,3,976,122.0,122
train,13825,10,2,500,50.0,52
train,13826,9,2,300,33.333333333333336,35
train,13827,8,2,224,28.0,30
train,13828,10,2,356,35.6,44
train,13829,8,3,160,20.0,24
train,13830,8,2,208,26.0,26
train,13831,10,3,240,24.0,26
train,13832,9,3,580,64.44444444444444,80
train,13833,9,2,396,44.0,46
train,13834,12,3,640,53.333333333333336,58
train,13835,12,3,712,59.333333333333336,61
train,13836,11,2,316,28.727272727272727,32
train,13837,11,2,200,18.181818181818183,20
train,13838,12,3,600,50.0,53
train,13839,12,2,816,68.0,68
train,13840,12,3,312,26.0,28
train,13841,12,3,656,54.666666666666664,56
train,13842,12,2,560,46.666666666666664,54
train,13843,12,2,292,24.333333333333332,25
train,13844,11,2,266,24.181818181818183,26
train,13845,12,3,252,21.0,24
train,13846,12,2,408,34.0,38
train,13847,12,3,704,58.666666666666664,62
train,13848,12,2,332,27.666666666666668,32
train,13849,12,2,354,29.5,35
train,13850,12,2,336,28.0,32
train,13851,12,2,280,23.333333333333332,25
train,13852,12,2,768,64.0,68
train,13853,12,2,384,32.0,32
train,13854,11,2,594,54.0,57
train,13855,12,2,736,61.333333333333336,63
train,13856,12,3,650,54.166666666666664,59
train,13857,12,2,516,43.0,44
train,13858,12,2,264,22.0,26
train,13859,11,2,772,70.18181818181819,74
train,13860,12,2,526,43.833333333333336,46
train,13861,11,2,472,42.90909090909091,45
train,13862,12,4,768,64.0,64
train,13863,12,3,408,34.0,38
train,13864,11,2,472,42.90909090909091,45
train,13865,12,2,484,40.333333333333336,42
train,13866,12,2,208,17.333333333333332,18
train,13867,12,2,328,27.333333333333332,29
train,13868,12,2,512,42.666666666666664,44
train,13869,12,2,808,67.33333333333333,70
train,13870,12,2,364,30.333333333333332,33
train,13871,11,2,544,49.45454545454545,65
train,13872,12,2,160,13.333333333333334,16
train,13873,12,3,516,43.0,44
train,13874,12,2,260,21.666666666666668,26
train,13875,4,2,16,4.0,4
train,13876,4,2,8,2.0,2
train,13877,4,2,8,2.0,2
train,13878,4,2,10,2.5,3
train,13879,4,2,16,4.0,4
train,13880,5,2,76,15.2,20
train,13881,9,3,274,30.444444444444443,36
train,13882,10,2,172,17.2,20
train,13883,18,3,600,33.333333333333336,35
train,13884,4,3,120,30.0,32
train,13885,7,2,438,62.57142857142857,64
train,13886,4,3,194,48.5,52
train,13887,5,2,250,50.0,52
train,13888,8,3,192,24.0,28
train,13889,12,2,312,26.0,26
train,13890,4,3,196,49.0,49
train,13891,6,2,188,31.333333333333332,36
train,13892,7,3,208,29.714285714285715,30
train,13893,7,3,230,32.857142857142854,35
train,13894,7,3,198,28.285714285714285,34
train,13895,14,3,452,32.285714285714285,35
train,13896,4,3,124,31.0,35
train,13897,4,4,248,62.0,68
train,13898,7,2,438,62.57142857142857,64
train,13899,4,3,140,35.0,38
train,13900,4,3,228,57.0,58
train,13901,8,2,208,26.0,26
train,13902,10,3,396,39.6,42
train,13903,2,3,28,14.0,14
train,13904,8,3,240,30.0,32
train,13905,4,2,104,26.0,34
train,13906,7,2,438,62.57142857142857,64
train,13907,2,3,44,22.0,22
train,13908,5,2,106,21.2,26
train,13909,8,2,224,28.0,30
train,13910,4,2,120,30.0,34
train,13911,7,4,352,50.285714285714285,51
train,13912,1,3,42,42.0,42
train,13913,5,3,170,34.0,36
train,13914,6,3,132,22.0,23
train,13915,9,2,438,48.666666666666664,50
train,13916,5,3,244,48.8,56
train,13917,9,2,172,19.11111111111111,22
train,13918,8,3,212,26.5,33
train,13919,2,3,52,26.0,26
train,13920,4,4,366,91.5,104
train,13921,4,3,68,17.0,21
train,13922,4,4,222,55.5,59
train,13923,4,3,120,30.0,32
train,13924,4,4,218,54.5,58
train,13925,5,4,440,88.0,92
train,13926,4,3,140,35.0,38
train,13927,4,4,448,112.0,112
train,13928,4,3,228,57.0,58
train,13929,4,3,120,30.0,32
train,13930,4,3,170,42.5,45
train,13931,5,2,250,50.0,52
train,13932,4,2,8,2.0,2
train,13933,2,4,96,48.0,48
train,13934,3,3,174,58.0,62
train,13935,6,3,148,24.666666666666668,25
train,13936,5,2,136,27.2,32
train,13937,3,3,128,42.666666666666664,44
train,13938,3,3,128,42.666666666666664,44
train,13939,3,3,128,42.666666666666664,44
train,13940,3,3,128,42.666666666666664,44
train,13941,3,3,128,42.666666666666664,44
train,13942,3,3,128,42.666666666666664,44
train,13943,3,3,128,42.666666666666664,44
train,13944,3,3,146,48.666666666666664,50
train,13945,3,3,128,42.666666666666664,44
train,13946,3,3,128,42.666666666666664,44
train,13947,3,3,64,21.333333333333332,22
train,13948,3,3,128,42.666666666666664,44
train,13949,3,3,64,21.333333333333332,22
train,13950,3,3,128,42.666666666666664,44
train,13951,3,3,64,21.333333333333332,22
train,13952,3,3,64,21.333333333333332,22
train,13953,3,3,112,37.333333333333336,44
train,13954,3,3,64,21.333333333333332,22
train,13955,4,3,104,26.0,26
train,13956,4,3,104,26.0,26
train,13957,4,3,196,49.0,49
train,13958,12,3,496,41.333333333333336,44
train,13959,8,2,440,55.0,56
train,13960,9,2,180,20.0,21
train,13961,16,3,768,48.0,53
train,13962,11,2,440,40.0,44
train,13963,6,3,120,20.0,20
train,13964,11,2,448,40.72727272727273,44
train,13965,12,3,622,51.833333333333336,56
train,13966,4,3,146,36.5,44
train,13967,10,3,536,53.6,62
train,13968,10,3,388,38.8,42
train,13969,10,3,628,62.8,67
train,13970,10,2,500,50.0,52
train,13971,10,2,572,57.2,58
train,13972,6,2,76,12.666666666666666,16
train,13973,36,2,1688,46.888888888888886,51
train,13974,21,3,1118,53.23809523809524,58
train,13975,18,2,272,15.11111111111111,16
train,13976,4,3,258,64.5,72
train,13977,8,3,612,76.5,78
train,13978,10,2,476,47.6,50
train,13979,8,2,464,58.0,60
train,13980,4,3,122,30.5,32
train,13981,6,2,128,21.333333333333332,24
train,13982,26,2,1184,45.53846153846154,48
train,13983,4,3,176,44.0,44
train,13984,26,2,1168,44.92307692307692,48
train,13985,4,3,224,56.0,56
train,13986,4,4,244,61.0,63
train,13987,11,3,618,56.18181818181818,64
train,13988,12,2,432,36.0,38
train,13989,12,2,336,28.0,32
train,13990,11,2,464,42.18181818181818,46
train,13991,12,2,408,34.0,36
train,13992,12,2,444,37.0,38
train,13993,12,3,660,55.0,62
train,13994,12,2,920,76.66666666666667,86
train,13995,12,2,496,41.333333333333336,42
train,13996,12,2,444,37.0,39
train,13997,12,2,512,42.666666666666664,44
train,13998,12,2,310,25.833333333333332,27
train,13999,12,2,452,37.666666666666664,38
train,14000,12,2,320,26.666666666666668,30
train,14001,12,2,472,39.333333333333336,40
train,14002,12,2,288,24.0,26
train,14003,12,2,512,42.666666666666664,44
train,14004,12,2,512,42.666666666666664,44
train,14005,12,3,680,56.666666666666664,58
train,14006,12,2,320,26.666666666666668,29
train,14007,12,2,336,28.0,32
train,14008,12,3,712,59.333333333333336,61
train,14009,12,2,452,37.666666666666664,38
train,14010,12,2,408,34.0,36
train,14011,12,2,276,23.0,27
train,14012,12,3,680,56.666666666666664,60
train,14013,12,2,484,40.333333333333336,42
train,14014,12,3,384,32.0,32
train,14015,12,2,680,56.666666666666664,62
train,14016,12,3,688,57.333333333333336,62
train,14017,12,3,572,47.666666666666664,56
train,14018,12,2,512,42.666666666666664,44
train,14019,12,2,512,42.666666666666664,44
train,14020,12,2,516,43.0,44
train,14021,12,3,408,34.0,38
train,14022,12,2,192,16.0,18
train,14023,12,2,1480,123.33333333333333,126
train,14024,12,2,328,27.333333333333332,32
train,14025,12,2,216,18.0,19
train,14026,12,2,576,48.0,50
train,14027,12,2,574,47.833333333333336,51
train,14028,12,2,516,43.0,44
train,14029,12,3,608,50.666666666666664,52
train,14030,12,2,512,42.666666666666664,44
train,14031,12,3,636,53.0,56
train,14032,12,2,336,28.0,32
train,14033,12,2,216,18.0,19
train,14034,12,2,284,23.666666666666668,27
train,14035,12,2,712,59.333333333333336,60
train,14036,12,2,336,28.0,32
train,14037,12,2,528,44.0,50
train,14038,12,2,328,27.333333333333332,29
train,14039,12,3,408,34.0,38
train,14040,12,3,664,55.333333333333336,57
train,14041,12,2,512,42.666666666666664,44
train,14042,12,2,484,40.333333333333336,42
train,14043,12,2,260,21.666666666666668,22
train,14044,12,2,288,24.0,26
train,14045,12,2,592,49.333333333333336,50
train,14046,12,2,368,30.666666666666668,33
train,14047,12,2,816,68.0,68
train,14048,12,2,264,22.0,23
train,14049,12,3,1456,121.33333333333333,122
train,14050,12,2,484,40.333333333333336,43
train,14051,12,2,408,34.0,38
train,14052,12,2,296,24.666666666666668,27
train,14053,12,2,380,31.666666666666668,34
train,14054,12,2,348,29.0,31
train,14055,12,3,832,69.33333333333333,72
train,14056,11,2,490,44.54545454545455,47
train,14057,12,2,408,34.0,36
train,14058,12,2,552,46.0,47
train,14059,12,2,548,45.666666666666664,49
train,14060,12,2,484,40.333333333333336,42
train,14061,12,2,336,28.0,32
train,14062,11,3,400,36.36363636363637,38
train,14063,12,3,412,34.333333333333336,39
train,14064,12,3,452,37.666666666666664,47
train,14065,12,2,480,40.0,44
train,14066,12,2,272,22.666666666666668,27
train,14067,12,2,224,18.666666666666668,20
train,14068,12,2,512,42.666666666666664,44
train,14069,12,2,348,29.0,31
train,14070,12,2,328,27.333333333333332,29
train,14071,12,2,420,35.0,36
train,14072,12,3,384,32.0,32
train,14073,12,2,312,26.0,32
train,14074,12,3,528,44.0,44
train,14075,12,3,780,65.0,78
train,14076,12,2,384,32.0,32
train,14077,12,2,188,15.666666666666666,16
train,14078,15,2,750,50.0,52
train,14079,12,2,504,42.0,46
train,14080,12,3,274,22.833333333333332,25
train,14081,12,3,528,44.0,44
train,14082,12,2,712,59.333333333333336,60
train,14083,12,2,380,31.666666666666668,34
train,14084,12,2,328,27.333333333333332,29
train,14085,13,2,1188,91.38461538461539,108
train,14086,15,2,750,50.0,52
train,14087,14,2,376,26.857142857142858,32
train,14088,15,2,534,35.6,44
train,14089,12,2,242,20.166666666666668,24
train,14090,14,2,624,44.57142857142857,48
train,14091,15,2,484,32.266666666666666,38
train,14092,14,2,760,54.285714285714285,58
train,14093,14,2,352,25.142857142857142,32
train,14094,12,2,336,28.0,32
train,14095,12,2,740,61.666666666666664,66
train,14096,11,2,472,42.90909090909091,45
train,14097,12,2,336,28.0,32
train,14098,15,2,462,30.8,32
train,14099,12,2,268,22.333333333333332,23
train,14100,14,2,356,25.428571428571427,38
train,14101,14,2,436,31.142857142857142,34
train,14102,13,2,338,26.0,30
train,14103,12,2,516,43.0,44
train,14104,14,2,352,25.142857142857142,32
train,14105,14,3,508,36.285714285714285,39
train,14106,14,2,736,52.57142857142857,56
train,14107,14,3,442,31.571428571428573,32
train,14108,15,2,732,48.8,56
train,14109,14,2,388,27.714285714285715,31
train,14110,15,2,474,31.6,33
train,14111,15,2,508,33.86666666666667,44
train,14112,14,2,352,25.142857142857142,32
train,14113,14,2,424,30.285714285714285,31
train,14114,14,2,400,28.571428571428573,31
train,14115,14,2,242,17.285714285714285,21
train,14116,14,2,448,32.0,44
train,14117,14,2,276,19.714285714285715,21
train,14118,15,3,1764,117.6,122
train,14119,14,2,352,25.142857142857142,32
train,14120,14,3,454,32.42857142857143,38
train,14121,14,2,288,20.571428571428573,23
train,14122,15,2,232,15.466666666666667,16
train,14123,14,2,376,26.857142857142858,32
train,14124,14,2,396,28.285714285714285,38
train,14125,14,3,454,32.42857142857143,38
train,14126,13,3,422,32.46153846153846,38
train,14127,15,2,388,25.866666666666667,32
train,14128,15,2,472,31.466666666666665,33
train,14129,14,2,254,18.142857142857142,24
train,14130,14,2,364,26.0,27
train,14131,15,2,570,38.0,40
train,14132,15,2,472,31.466666666666665,33
train,14133,13,2,236,18.153846153846153,20
train,14134,15,2,552,36.8,50
train,14135,14,2,364,26.0,28
train,14136,14,2,618,44.142857142857146,47
train,14137,15,2,510,34.0,38
train,14138,14,2,356,25.428571428571427,38
train,14139,14,2,292,20.857142857142858,23
train,14140,14,3,886,63.285714285714285,66
train,14141,14,2,336,24.0,26
train,14142,15,2,510,34.0,38
train,14143,15,2,588,39.2,50
train,14144,14,2,304,21.714285714285715,32
train,14145,14,2,224,16.0,18
train,14146,15,2,376,25.066666666666666,32
train,14147,13,2,1188,91.38461538461539,108
train,14148,13,2,1188,91.38461538461539,108
train,14149,14,2,416,29.714285714285715,32
train,14150,14,3,776,55.42857142857143,60
train,14151,15,2,322,21.466666666666665,23
train,14152,14,3,442,31.571428571428573,32
train,14153,15,3,1380,92.0,96
train,14154,15,2,522,34.8,38
train,14155,15,2,342,22.8,26
train,14156,14,2,820,58.57142857142857,60
train,14157,14,2,640,45.714285714285715,50
train,14158,14,3,454,32.42857142857143,38
train,14159,14,2,352,25.142857142857142,38
train,14160,15,2,484,32.266666666666666,34
train,14161,16,2,432,27.0,30
train,14162,15,2,448,29.866666666666667,32
train,14163,14,2,400,28.571428571428573,32
train,14164,14,2,254,18.142857142857142,24
train,14165,14,2,324,23.142857142857142,26
train,14166,15,2,588,39.2,50
train,14167,18,2,420,23.333333333333332,28
train,14168,13,2,180,13.846153846153847,15
train,14169,16,3,748,46.75,50
train,14170,20,2,452,22.6,26
train,14171,20,2,460,23.0,26
train,14172,20,2,420,21.0,24
train,14173,18,2,336,18.666666666666668,22
train,14174,20,2,620,31.0,32
train,14175,16,2,576,36.0,38
train,14176,20,2,740,37.0,41
train,14177,20,2,456,22.8,26
train,14178,20,2,1272,63.6,68
train,14179,17,3,916,53.88235294117647,60
train,14180,16,2,720,45.0,45
train,14181,17,2,598,35.1764705882353,38
train,14182,18,2,512,28.444444444444443,33
train,14183,20,2,456,22.8,26
train,14184,18,2,460,25.555555555555557,28
train,14185,20,2,448,22.4,23
train,14186,20,2,372,18.6,19
train,14187,20,2,448,22.4,23
train,14188,16,2,424,26.5,29
train,14189,20,2,944,47.2,50
train,14190,20,2,440,22.0,24
train,14191,18,2,364,20.22222222222222,22
train,14192,16,2,322,20.125,24
train,14193,16,2,608,38.0,38
train,14194,18,2,698,38.77777777777778,41
train,14195,17,2,604,35.529411764705884,44
train,14196,16,2,308,19.25,23
train,14197,20,2,592,29.6,32
train,14198,18,3,1016,56.44444444444444,60
train,14199,16,2,1184,74.0,78
train,14200,20,2,364,18.2,19
train,14201,16,2,356,22.25,26
train,14202,20,2,2056,102.8,108
train,14203,20,2,1168,58.4,60
train,14204,18,2,404,22.444444444444443,23
train,14205,20,2,552,27.6,31
train,14206,16,2,756,47.25,53
train,14207,20,2,352,17.6,20
train,14208,20,3,608,30.4,34
train,14209,20,2,512,25.6,27
train,14210,16,2,356,22.25,24
train,14211,20,2,1016,50.8,54
train,14212,18,2,584,32.44444444444444,38
train,14213,20,2,864,43.2,45
train,14214,17,2,700,41.1764705882353,46
train,14215,20,2,364,18.2,20
train,14216,20,2,1224,61.2,66
train,14217,20,2,544,27.2,30
train,14218,16,2,816,51.0,52
train,14219,18,3,518,28.77777777777778,35
train,14220,20,2,448,22.4,23
train,14221,16,2,260,16.25,19
train,14222,20,2,1336,66.8,69
train,14223,20,2,640,32.0,34
train,14224,20,2,984,49.2,52
train,14225,16,2,284,17.75,19
train,14226,16,2,452,28.25,29
train,14227,18,2,364,20.22222222222222,22
train,14228,16,2,844,52.75,57
train,14229,20,2,936,46.8,48
train,14230,20,2,2008,100.4,103
train,14231,18,2,500,27.77777777777778,29
train,14232,20,2,1402,70.1,75
train,14233,20,2,556,27.8,31
train,14234,16,2,564,35.25,37
train,14235,16,2,912,57.0,60
train,14236,18,2,812,45.111111111111114,49
train,14237,20,2,448,22.4,23
train,14238,16,2,444,27.75,29
train,14239,10,2,206,20.6,26
train,14240,10,2,158,15.8,20
train,14241,10,2,500,50.0,52
train,14242,10,2,500,50.0,52
train,14243,10,2,500,50.0,52
train,14244,10,2,356,35.6,44
train,14245,10,2,452,45.2,48
train,14246,10,2,356,35.6,44
train,14247,10,2,356,35.6,44
train,14248,10,2,452,45.2,48
train,14249,10,2,308,30.8,44
train,14250,10,2,356,35.6,44
train,14251,10,2,452,45.2,48
train,14252,10,2,452,45.2,48
train,14253,10,2,356,35.6,44
train,14254,10,2,452,45.2,48
train,14255,10,2,356,35.6,44
train,14256,10,2,452,45.2,48
train,14257,10,2,356,35.6,44
train,14258,10,2,452,45.2,48
train,14259,10,2,158,15.8,20
train,14260,10,2,158,15.8,20
train,14261,10,2,254,25.4,44
train,14262,10,2,158,15.8,20
train,14263,10,2,158,15.8,20
train,14264,10,2,308,30.8,44
train,14265,10,2,452,45.2,48
train,14266,10,2,356,35.6,44
train,14267,10,2,308,30.8,44
train,14268,10,2,260,26.0,44
train,14269,10,2,260,26.0,44
train,14270,10,2,260,26.0,44
train,14271,10,2,260,26.0,44
train,14272,10,2,212,21.2,26
train,14273,10,2,212,21.2,26
train,14274,10,2,212,21.2,26
train,14275,10,2,158,15.8,20
train,14276,10,2,158,15.8,20
train,14277,10,2,158,15.8,20
train,14278,10,2,158,15.8,20
train,14279,10,2,158,15.8,20
train,14280,10,2,206,20.6,26
train,14281,10,2,152,15.2,20
train,14282,10,2,206,20.6,26
train,14283,10,2,158,15.8,20
train,14284,10,2,158,15.8,20
train,14285,10,2,158,15.8,20
train,14286,10,2,158,15.8,20
train,14287,10,2,158,15.8,20
train,14288,10,2,158,15.8,20
train,14289,10,2,158,15.8,20
train,14290,10,2,158,15.8,20
train,14291,10,2,158,15.8,20
train,14292,10,2,158,15.8,20
train,14293,10,2,158,15.8,20
train,14294,10,2,158,15.8,20
train,14295,10,2,158,15.8,20
train,14296,10,2,158,15.8,20
train,14297,10,2,152,15.2,20
train,14298,10,2,152,15.2,20
train,14299,10,2,152,15.2,20
train,14300,10,2,158,15.8,20
train,14301,10,2,152,15.2,20
train,14302,10,2,152,15.2,20
train,14303,10,2,120,12.0,14
train,14304,10,2,356,35.6,44
train,14305,10,2,308,30.8,44
train,14306,10,2,308,30.8,44
train,14307,10,2,308,30.8,44
train,14308,10,2,308,30.8,44
train,14309,10,2,212,21.2,26
train,14310,10,2,212,21.2,26
train,14311,10,2,212,21.2,26
train,14312,10,2,152,15.2,20
train,14313,10,2,212,21.2,26
train,14314,10,2,152,15.2,20
train,14315,10,2,212,21.2,26
train,14316,10,2,152,15.2,20
train,14317,10,2,212,21.2,26
train,14318,10,2,152,15.2,20
train,14319,10,2,158,15.8,20
train,14320,10,2,158,15.8,20
train,14321,10,2,152,15.2,20
train,14322,10,2,452,45.2,48
train,14323,10,2,308,30.8,44
train,14324,10,2,308,30.8,44
train,14325,10,2,308,30.8,44
train,14326,10,2,308,30.8,44
train,14327,10,2,308,30.8,44
train,14328,10,2,308,30.8,44
train,14329,10,2,308,30.8,44
train,14330,10,2,308,30.8,44
train,14331,5,2,106,21.2,26
train,14332,10,2,212,21.2,26
train,14333,10,2,206,20.6,26
train,14334,10,2,212,21.2,26
train,14335,10,2,212,21.2,26
train,14336,10,2,212,21.2,26
train,14337,10,2,158,15.8,20
train,14338,10,2,158,15.8,20
train,14339,10,2,158,15.8,20
train,14340,10,2,158,15.8,20
train,14341,10,2,206,20.6,26
train,14342,10,2,158,15.8,20
train,14343,10,2,158,15.8,20
train,14344,10,2,158,15.8,20
train,14345,10,2,152,15.2,20
train,14346,10,2,212,21.2,26
train,14347,10,2,152,15.2,20
train,14348,10,2,212,21.2,26
train,14349,10,2,212,21.2,26
train,14350,10,2,212,21.2,26
train,14351,10,2,206,20.6,26
train,14352,10,2,158,15.8,20
train,14353,10,2,158,15.8,20
train,14354,10,2,152,15.2,20
train,14355,10,2,152,15.2,20
train,14356,10,2,212,21.2,26
train,14357,10,2,152,15.2,20
train,14358,10,2,212,21.2,26
train,14359,10,2,152,15.2,20
train,14360,10,2,212,21.2,26
train,14361,10,2,152,15.2,20
train,14362,10,2,152,15.2,20
train,14363,10,2,158,15.8,20
train,14364,10,2,152,15.2,20
train,14365,10,2,158,15.8,20
train,14366,10,2,152,15.2,20
train,14367,10,2,152,15.2,20
train,14368,10,2,120,12.0,14
train,14369,10,2,120,12.0,14
train,14370,10,2,308,30.8,44
train,14371,10,2,308,30.8,44
train,14372,10,2,308,30.8,44
train,14373,10,2,212,21.2,26
train,14374,10,2,206,20.6,26
train,14375,10,2,500,50.0,52
train,14376,10,2,356,35.6,44
train,14377,10,2,452,45.2,48
train,14378,10,2,452,45.2,48
train,14379,10,2,452,45.2,48
train,14380,10,2,356,35.6,44
train,14381,10,2,452,45.2,48
train,14382,10,2,308,30.8,44
train,14383,10,2,260,26.0,44
train,14384,10,2,452,45.2,48
train,14385,10,2,500,50.0,52
train,14386,10,2,254,25.4,44
train,14387,10,2,356,35.6,44
train,14388,10,2,452,45.2,48
train,14389,10,2,452,45.2,48
train,14390,10,2,500,50.0,52
train,14391,10,2,452,45.2,48
train,14392,10,2,500,50.0,52
train,14393,10,2,452,45.2,48
train,14394,10,2,452,45.2,48
train,14395,10,2,356,35.6,44
train,14396,10,2,452,45.2,48
train,14397,10,2,500,50.0,52
train,14398,10,2,500,50.0,52
train,14399,10,2,356,35.6,44
train,14400,10,2,308,30.8,44
train,14401,10,2,212,21.2,26
train,14402,10,2,260,26.0,44
train,14403,10,2,260,26.0,44
train,14404,10,2,212,21.2,26
train,14405,10,2,206,20.6,26
train,14406,10,2,158,15.8,20
train,14407,10,2,206,20.6,26
train,14408,10,2,356,35.6,44
train,14409,10,2,500,50.0,52
train,14410,10,2,158,15.8,20
train,14411,10,2,206,20.6,26
train,14412,10,2,158,15.8,20
train,14413,10,2,158,15.8,20
train,14414,10,2,158,15.8,20
train,14415,10,2,152,15.2,20
train,14416,10,2,158,15.8,20
train,14417,10,2,158,15.8,20
train,14418,10,2,158,15.8,20
train,14419,10,2,158,15.8,20
train,14420,10,2,158,15.8,20
train,14421,10,2,158,15.8,20
train,14422,10,2,158,15.8,20
train,14423,10,2,158,15.8,20
train,14424,10,2,212,21.2,26
train,14425,10,2,158,15.8,20
train,14426,10,2,158,15.8,20
train,14427,10,2,500,50.0,52
train,14428,10,2,500,50.0,52
train,14429,10,2,308,30.8,44
train,14430,10,2,158,15.8,20
train,14431,10,2,500,50.0,52
train,14432,10,2,452,45.2,48
train,14433,10,2,452,45.2,48
train,14434,10,2,356,35.6,44
train,14435,10,2,452,45.2,48
train,14436,10,2,308,30.8,44
train,14437,10,2,120,12.0,14
train,14438,10,2,500,50.0,52
train,14439,10,2,500,50.0,52
train,14440,10,2,158,15.8,20
train,14441,10,2,500,50.0,52
train,14442,10,2,500,50.0,52
train,14443,10,2,356,35.6,44
train,14444,10,2,356,35.6,44
train,14445,10,2,308,30.8,44
train,14446,10,2,356,35.6,44
train,14447,10,2,452,45.2,48
train,14448,10,2,254,25.4,44
train,14449,10,2,254,25.4,44
train,14450,10,2,308,30.8,44
train,14451,10,2,356,35.6,44
train,14452,10,2,308,30.8,44
train,14453,10,2,308,30.8,44
train,14454,10,2,356,35.6,44
train,14455,10,2,308,30.8,44
train,14456,10,2,152,15.2,20
train,14457,10,2,356,35.6,44
train,14458,10,2,308,30.8,44
train,14459,10,2,356,35.6,44
train,14460,10,2,206,20.6,26
train,14461,10,2,356,35.6,44
train,14462,10,2,308,30.8,44
train,14463,10,2,308,30.8,44
train,14464,10,2,212,21.2,26
train,14465,10,2,212,21.2,26
train,14466,10,2,254,25.4,44
train,14467,10,2,254,25.4,44
train,14468,10,2,254,25.4,44
train,14469,10,2,206,20.6,26
train,14470,10,2,212,21.2,26
train,14471,10,2,254,25.4,44
train,14472,10,2,254,25.4,44
train,14473,10,2,206,20.6,26
train,14474,10,2,212,21.2,26
train,14475,10,2,206,20.6,26
train,14476,10,2,206,20.6,26
train,14477,10,2,206,20.6,26
train,14478,10,2,158,15.8,20
train,14479,10,2,212,21.2,26
train,14480,10,2,212,21.2,26
train,14481,10,2,212,21.2,26
train,14482,10,2,356,35.6,44
train,14483,10,2,158,15.8,20
train,14484,10,2,158,15.8,20
train,14485,10,2,356,35.6,44
train,14486,10,2,212,21.2,26
train,14487,10,2,212,21.2,26
train,14488,10,2,212,21.2,26
train,14489,10,2,212,21.2,26
train,14490,10,2,212,21.2,26
train,14491,10,2,212,21.2,26
train,14492,10,2,212,21.2,26
train,14493,10,2,212,21.2,26
train,14494,10,2,212,21.2,26
train,14495,10,2,212,21.2,26
train,14496,10,2,212,21.2,26
train,14497,10,2,212,21.2,26
train,14498,10,2,254,25.4,44
train,14499,10,2,254,25.4,44
train,14500,10,2,206,20.6,26
train,14501,10,2,308,30.8,44
train,14502,10,2,158,15.8,20
train,14503,10,2,158,15.8,20
train,14504,10,2,158,15.8,20
train,14505,10,2,206,20.6,26
train,14506,10,2,158,15.8,20
train,14507,10,2,158,15.8,20
train,14508,10,2,182,18.2,26
train,14509,10,2,152,15.2,20
train,14510,10,2,212,21.2,26
train,14511,10,2,158,15.8,20
train,14512,10,2,206,20.6,26
train,14513,10,2,212,21.2,26
train,14514,10,2,158,15.8,20
train,14515,10,2,212,21.2,26
train,14516,10,2,212,21.2,26
train,14517,10,2,212,21.2,26
train,14518,10,2,212,21.2,26
train,14519,10,2,206,20.6,26
train,14520,10,2,206,20.6,26
train,14521,10,2,206,20.6,26
train,14522,10,2,206,20.6,26
train,14523,10,2,500,50.0,52
train,14524,10,2,212,21.2,26
train,14525,10,2,212,21.2,26
train,14526,10,2,158,15.8,20
train,14527,10,2,212,21.2,26
train,14528,10,2,212,21.2,26
train,14529,10,2,158,15.8,20
train,14530,10,2,152,15.2,20
train,14531,10,2,152,15.2,20
train,14532,10,2,152,15.2,20
train,14533,10,2,158,15.8,20
train,14534,10,2,158,15.8,20
train,14535,10,2,206,20.6,26
train,14536,10,2,152,15.2,20
train,14537,10,2,158,15.8,20
train,14538,10,2,212,21.2,26
train,14539,10,2,212,21.2,26
train,14540,10,2,152,15.2,20
train,14541,10,2,206,20.6,26
train,14542,10,2,212,21.2,26
train,14543,10,2,158,15.8,20
train,14544,10,2,158,15.8,20
train,14545,10,2,158,15.8,20
train,14546,10,2,206,20.6,26
train,14547,10,2,212,21.2,26
train,14548,10,2,158,15.8,20
train,14549,10,2,206,20.6,26
train,14550,10,2,206,20.6,26
train,14551,10,2,158,15.8,20
train,14552,10,2,152,15.2,20
train,14553,10,2,158,15.8,20
train,14554,10,2,158,15.8,20
train,14555,10,2,158,15.8,20
train,14556,10,2,152,15.2,20
train,14557,10,2,152,15.2,20
train,14558,10,2,152,15.2,20
train,14559,10,2,158,15.8,20
train,14560,10,2,206,20.6,26
train,14561,10,2,206,20.6,26
train,14562,10,2,120,12.0,14
train,14563,10,2,452,45.2,48
train,14564,5,2,250,50.0,52
train,14565,10,2,158,15.8,20
train,14566,10,2,158,15.8,20
train,14567,10,2,500,50.0,52
train,14568,10,2,212,21.2,26
train,14569,10,2,212,21.2,26
train,14570,10,2,212,21.2,26
train,14571,10,2,212,21.2,26
train,14572,10,2,500,50.0,52
train,14573,10,2,356,35.6,44
train,14574,10,2,500,50.0,52
train,14575,10,2,500,50.0,52
train,14576,10,2,500,50.0,52
train,14577,10,2,350,35.0,44
train,14578,10,2,308,30.8,44
train,14579,10,2,308,30.8,44
train,14580,10,2,260,26.0,44
train,14581,10,2,212,21.2,26
train,14582,10,2,254,25.4,44
train,14583,10,2,212,21.2,26
train,14584,10,2,206,20.6,26
train,14585,10,2,206,20.6,26
train,14586,10,2,212,21.2,26
train,14587,10,2,212,21.2,26
train,14588,10,2,158,15.8,20
train,14589,10,2,206,20.6,26
train,14590,10,2,158,15.8,20
train,14591,10,2,212,21.2,26
train,14592,10,2,152,15.2,20
train,14593,10,2,158,15.8,20
train,14594,10,2,206,20.6,26
train,14595,10,2,158,15.8,20
train,14596,10,2,206,20.6,26
train,14597,10,2,158,15.8,20
train,14598,10,2,158,15.8,20
train,14599,10,2,158,15.8,20
train,14600,10,2,152,15.2,20
train,14601,10,2,158,15.8,20
train,14602,10,2,152,15.2,20
train,14603,10,2,152,15.2,20
train,14604,10,2,206,20.6,26
train,14605,10,2,152,15.2,20
train,14606,10,2,152,15.2,20
train,14607,10,2,206,20.6,26
train,14608,10,2,158,15.8,20
train,14609,10,2,158,15.8,20
train,14610,10,2,120,12.0,14
train,14611,10,2,152,15.2,20
train,14612,10,2,212,21.2,26
train,14613,10,2,212,21.2,26
train,14614,10,2,212,21.2,26
train,14615,10,2,152,15.2,20
train,14616,10,2,212,21.2,26
train,14617,10,2,212,21.2,26
train,14618,10,2,206,20.6,26
train,14619,10,2,152,15.2,20
train,14620,10,2,212,21.2,26
train,14621,10,2,212,21.2,26
train,14622,10,2,212,21.2,26
train,14623,10,2,212,21.2,26
train,14624,10,2,158,15.8,20
train,14625,10,2,206,20.6,26
train,14626,10,2,152,15.2,20
train,14627,10,2,158,15.8,20
train,14628,10,2,158,15.8,20
train,14629,10,2,158,15.8,20
train,14630,10,2,158,15.8,20
train,14631,10,2,158,15.8,20
train,14632,10,2,158,15.8,20
train,14633,10,2,158,15.8,20
train,14634,10,2,152,15.2,20
train,14635,10,2,158,15.8,20
train,14636,10,2,152,15.2,20
train,14637,10,2,158,15.8,20
train,14638,10,2,158,15.8,20
train,14639,10,2,158,15.8,20
train,14640,10,2,120,12.0,14
train,14641,10,2,152,15.2,20
train,14642,10,2,152,15.2,20
train,14643,10,2,212,21.2,26
train,14644,10,2,212,21.2,26
train,14645,10,2,120,12.0,14
train,14646,10,2,212,21.2,26
train,14647,10,2,158,15.8,20
train,14648,5,2,106,21.2,26
train,14649,10,2,158,15.8,20
train,14650,10,2,356,35.6,44
train,14651,10,2,158,15.8,20
train,14652,10,2,308,30.8,44
train,14653,10,2,152,15.2,20
train,14654,10,2,158,15.8,20
train,14655,10,2,356,35.6,44
train,14656,10,2,206,20.6,26
train,14657,10,2,158,15.8,20
train,14658,10,2,260,26.0,44
train,14659,10,2,158,15.8,20
train,14660,10,2,452,45.2,48
train,14661,10,2,308,30.8,44
train,14662,10,2,206,20.6,26
train,14663,10,2,152,15.2,20
train,14664,10,2,158,15.8,20
train,14665,10,2,152,15.2,20
train,14666,10,2,152,15.2,20
train,14667,10,2,356,35.6,44
train,14668,10,2,158,15.8,20
train,14669,10,2,206,20.6,26
train,14670,10,2,212,21.2,26
train,14671,10,2,206,20.6,26
train,14672,10,2,212,21.2,26
train,14673,10,2,212,21.2,26
train,14674,10,2,452,45.2,48
train,14675,10,2,212,21.2,26
train,14676,10,2,212,21.2,26
train,14677,10,2,206,20.6,26
train,14678,10,2,452,45.2,48
train,14679,10,2,254,25.4,44
train,14680,10,2,500,50.0,52
train,14681,10,2,500,50.0,52
train,14682,10,2,356,35.6,44
train,14683,10,2,452,45.2,48
train,14684,10,2,356,35.6,44
train,14685,10,2,452,45.2,48
train,14686,10,2,254,25.4,44
train,14687,10,2,308,30.8,44
train,14688,10,2,452,45.2,48
train,14689,10,2,158,15.8,20
train,14690,10,2,452,45.2,48
train,14691,10,2,356,35.6,44
train,14692,10,2,452,45.2,48
train,14693,10,2,452,45.2,48
train,14694,10,2,158,15.8,20
train,14695,10,2,260,26.0,44
train,14696,10,2,350,35.0,44
train,14697,10,2,254,25.4,44
train,14698,10,2,158,15.8,20
train,14699,10,2,350,35.0,44
train,14700,10,2,308,30.8,44
train,14701,10,2,158,15.8,20
train,14702,10,2,152,15.2,20
train,14703,10,2,254,25.4,44
train,14704,10,2,158,15.8,20
train,14705,10,2,158,15.8,20
train,14706,10,2,308,30.8,44
train,14707,10,2,158,15.8,20
train,14708,10,2,158,15.8,20
train,14709,10,2,158,15.8,20
train,14710,10,2,158,15.8,20
train,14711,10,2,158,15.8,20
train,14712,10,2,158,15.8,20
train,14713,10,2,158,15.8,20
train,14714,10,2,158,15.8,20
train,14715,10,2,212,21.2,26
train,14716,10,2,212,21.2,26
train,14717,10,2,158,15.8,20
train,14718,10,2,212,21.2,26
train,14719,10,2,152,15.2,20
train,14720,10,2,212,21.2,26
train,14721,10,2,212,21.2,26
train,14722,10,2,206,20.6,26
train,14723,10,2,212,21.2,26
train,14724,10,2,212,21.2,26
train,14725,10,2,206,20.6,26
train,14726,10,2,152,15.2,20
train,14727,10,2,152,15.2,20
train,14728,10,2,212,21.2,26
train,14729,10,2,212,21.2,26
train,14730,10,2,152,15.2,20
train,14731,10,2,212,21.2,26
train,14732,10,2,212,21.2,26
train,14733,10,2,158,15.8,20
train,14734,10,2,152,15.2,20
train,14735,10,2,212,21.2,26
train,14736,10,2,206,20.6,26
train,14737,10,2,212,21.2,26
train,14738,10,2,212,21.2,26
train,14739,10,2,212,21.2,26
train,14740,10,2,206,20.6,26
train,14741,10,2,308,30.8,44
train,14742,10,2,158,15.8,20
train,14743,10,2,254,25.4,44
train,14744,10,2,308,30.8,44
train,14745,10,2,158,15.8,20
train,14746,10,2,158,15.8,20
train,14747,10,2,260,26.0,44
train,14748,10,2,182,18.2,26
train,14749,10,2,158,15.8,20
train,14750,10,2,260,26.0,44
train,14751,10,2,158,15.8,20
train,14752,10,2,158,15.8,20
train,14753,10,2,158,15.8,20
train,14754,10,2,206,20.6,26
train,14755,10,2,260,26.0,44
train,14756,10,2,206,20.6,26
train,14757,10,2,452,45.2,48
train,14758,10,2,356,35.6,44
train,14759,10,2,452,45.2,48
train,14760,10,2,356,35.6,44
train,14761,10,2,356,35.6,44
train,14762,10,2,206,20.6,26
train,14763,10,2,254,25.4,44
train,14764,10,2,212,21.2,26
train,14765,10,2,212,21.2,26
train,14766,10,2,206,20.6,26
train,14767,10,2,212,21.2,26
train,14768,10,2,206,20.6,26
train,14769,10,2,158,15.8,20
train,14770,10,2,206,20.6,26
train,14771,10,2,158,15.8,20
train,14772,10,2,158,15.8,20
train,14773,10,2,158,15.8,20
train,14774,10,2,158,15.8,20
train,14775,10,2,158,15.8,20
train,14776,10,2,254,25.4,44
train,14777,10,2,152,15.2,20
train,14778,10,2,158,15.8,20
train,14779,10,2,120,12.0,14
train,14780,10,2,158,15.8,20
train,14781,10,2,158,15.8,20
train,14782,10,2,158,15.8,20
train,14783,10,2,158,15.8,20
train,14784,10,2,158,15.8,20
train,14785,10,2,152,15.2,20
train,14786,10,2,152,15.2,20
train,14787,10,2,158,15.8,20
train,14788,10,2,158,15.8,20
train,14789,10,2,120,12.0,14
train,14790,10,2,152,15.2,20
train,14791,10,2,152,15.2,20
train,14792,10,2,158,15.8,20
train,14793,10,2,206,20.6,26
train,14794,10,2,152,15.2,20
train,14795,10,2,158,15.8,20
train,14796,10,2,206,20.6,26
train,14797,10,2,212,21.2,26
train,14798,10,2,158,15.8,20
train,14799,10,2,212,21.2,26
train,14800,10,2,152,15.2,20
train,14801,10,2,206,20.6,26
train,14802,10,2,206,20.6,26
train,14803,10,2,212,21.2,26
train,14804,10,2,152,15.2,20
train,14805,10,2,212,21.2,26
train,14806,10,2,152,15.2,20
train,14807,10,2,152,15.2,20
train,14808,10,2,206,20.6,26
train,14809,10,2,152,15.2,20
train,14810,10,2,152,15.2,20
train,14811,10,2,212,21.2,26
train,14812,10,2,356,35.6,44
train,14813,10,2,254,25.4,44
train,14814,10,2,212,21.2,26
train,14815,10,2,452,45.2,48
train,14816,10,2,308,30.8,44
train,14817,10,2,158,15.8,20
train,14818,10,2,254,25.4,44
train,14819,10,2,254,25.4,44
train,14820,5,2,154,30.8,44
train,14821,5,2,106,21.2,26
train,14822,10,2,206,20.6,26
train,14823,10,2,158,15.8,20
train,14824,10,2,120,12.0,14
train,14825,10,2,120,12.0,14
train,14826,10,2,152,15.2,20
train,14827,10,2,158,15.8,20
train,14828,10,2,158,15.8,20
train,14829,10,2,206,20.6,26
train,14830,10,2,120,12.0,14
train,14831,10,2,206,20.6,26
train,14832,10,2,158,15.8,20
train,14833,10,2,120,12.0,14
train,14834,10,2,152,15.2,20
train,14835,10,2,452,45.2,48
train,14836,10,2,356,35.6,44
train,14837,10,2,350,35.0,44
train,14838,10,2,356,35.6,44
train,14839,10,2,308,30.8,44
train,14840,10,2,308,30.8,44
train,14841,10,2,308,30.8,44
train,14842,10,2,308,30.8,44
train,14843,10,2,308,30.8,44
train,14844,10,2,254,25.4,44
train,14845,10,2,260,26.0,44
train,14846,10,2,212,21.2,26
train,14847,10,2,206,20.6,26
train,14848,10,2,212,21.2,26
train,14849,10,2,206,20.6,26
train,14850,10,2,206,20.6,26
train,14851,10,2,206,20.6,26
train,14852,10,2,206,20.6,26
train,14853,10,2,308,30.8,44
train,14854,10,2,308,30.8,44
train,14855,10,2,158,15.8,20
train,14856,10,2,206,20.6,26
train,14857,10,2,158,15.8,20
train,14858,10,2,152,15.2,20
train,14859,10,2,212,21.2,26
train,14860,10,2,206,20.6,26
train,14861,10,2,152,15.2,20
train,14862,10,2,158,15.8,20
train,14863,10,2,158,15.8,20
train,14864,10,2,500,50.0,52
train,14865,10,2,212,21.2,26
train,14866,10,2,158,15.8,20
train,14867,10,2,254,25.4,44
train,14868,10,2,152,15.2,20
train,14869,10,2,206,20.6,26
train,14870,10,2,158,15.8,20
train,14871,10,2,212,21.2,26
train,14872,10,2,212,21.2,26
train,14873,10,2,152,15.2,20
train,14874,10,2,152,15.2,20
train,14875,10,2,152,15.2,20
train,14876,10,2,206,20.6,26
train,14877,10,2,206,20.6,26
train,14878,10,2,158,15.8,20
train,14879,10,2,500,50.0,52
train,14880,10,2,212,21.2,26
train,14881,10,2,212,21.2,26
train,14882,10,2,152,15.2,20
train,14883,10,2,206,20.6,26
train,14884,10,2,158,15.8,20
train,14885,10,2,158,15.8,20
train,14886,10,2,206,20.6,26
train,14887,10,2,212,21.2,26
train,14888,10,2,206,20.6,26
train,14889,10,2,206,20.6,26
train,14890,10,2,158,15.8,20
train,14891,10,2,206,20.6,26
train,14892,10,2,206,20.6,26
train,14893,10,2,206,20.6,26
train,14894,10,2,182,18.2,26
train,14895,10,2,158,15.8,20
train,14896,10,2,212,21.2,26
train,14897,10,2,206,20.6,26
train,14898,10,2,308,30.8,44
train,14899,10,2,356,35.6,44
train,14900,10,2,152,15.2,20
train,14901,10,2,152,15.2,20
train,14902,10,2,452,45.2,48
train,14903,10,2,206,20.6,26
train,14904,10,2,356,35.6,44
train,14905,10,2,206,20.6,26
train,14906,10,2,356,35.6,44
train,14907,10,2,452,45.2,48
train,14908,10,2,452,45.2,48
train,14909,10,2,206,20.6,26
train,14910,10,2,206,20.6,26
train,14911,10,2,356,35.6,44
train,14912,10,2,206,20.6,26
train,14913,10,2,206,20.6,26
train,14914,10,2,206,20.6,26
train,14915,10,2,356,35.6,44
train,14916,10,2,452,45.2,48
train,14917,10,2,356,35.6,44
train,14918,10,2,500,50.0,52
train,14919,10,2,356,35.6,44
train,14920,10,2,356,35.6,44
train,14921,10,2,308,30.8,44
train,14922,10,2,356,35.6,44
train,14923,10,2,356,35.6,44
train,14924,10,2,356,35.6,44
train,14925,10,2,308,30.8,44
train,14926,10,2,308,30.8,44
train,14927,10,2,356,35.6,44
train,14928,10,2,356,35.6,44
train,14929,10,2,308,30.8,44
train,14930,10,2,308,30.8,44
train,14931,10,2,308,30.8,44
train,14932,10,2,308,30.8,44
train,14933,10,2,260,26.0,44
train,14934,10,2,308,30.8,44
train,14935,10,2,260,26.0,44
train,14936,10,2,260,26.0,44
train,14937,10,2,206,20.6,26
train,14938,10,2,260,26.0,44
train,14939,10,2,254,25.4,44
train,14940,10,2,212,21.2,26
train,14941,10,2,206,20.6,26
train,14942,10,2,206,20.6,26
train,14943,10,2,158,15.8,20
train,14944,10,2,158,15.8,20
train,14945,10,2,182,18.2,26
train,14946,10,2,158,15.8,20
train,14947,10,2,206,20.6,26
train,14948,10,2,158,15.8,20
train,14949,10,2,206,20.6,26
train,14950,10,2,158,15.8,20
train,14951,10,2,206,20.6,26
train,14952,10,2,158,15.8,20
train,14953,10,2,152,15.2,20
train,14954,10,2,206,20.6,26
train,14955,10,2,206,20.6,26
train,14956,10,2,158,15.8,20
train,14957,10,2,158,15.8,20
train,14958,10,2,152,15.2,20
train,14959,10,2,212,21.2,26
train,14960,10,2,206,20.6,26
train,14961,10,2,158,15.8,20
train,14962,10,2,158,15.8,20
train,14963,10,2,158,15.8,20
train,14964,10,2,158,15.8,20
train,14965,10,2,182,18.2,26
train,14966,10,2,158,15.8,20
train,14967,10,2,206,20.6,26
train,14968,10,2,158,15.8,20
train,14969,10,2,158,15.8,20
train,14970,10,2,158,15.8,20
train,14971,10,2,206,20.6,26
train,14972,10,2,206,20.6,26
train,14973,10,2,206,20.6,26
train,14974,10,2,158,15.8,20
train,14975,10,2,158,15.8,20
train,14976,10,2,206,20.6,26
train,14977,10,2,158,15.8,20
train,14978,10,2,206,20.6,26
train,14979,10,2,158,15.8,20
train,14980,10,2,158,15.8,20
train,14981,10,2,158,15.8,20
train,14982,10,2,152,15.2,20
train,14983,10,2,158,15.8,20
train,14984,10,2,152,15.2,20
train,14985,10,2,158,15.8,20
train,14986,10,2,152,15.2,20
train,14987,10,2,158,15.8,20
train,14988,10,2,152,15.2,20
train,14989,10,2,158,15.8,20
train,14990,10,2,152,15.2,20
train,14991,10,2,152,15.2,20
train,14992,10,2,152,15.2,20
train,14993,10,2,120,12.0,14
train,14994,10,2,152,15.2,20
train,14995,10,2,120,12.0,14
train,14996,10,2,500,50.0,52
train,14997,10,2,152,15.2,20
train,14998,10,2,152,15.2,20
train,14999,10,2,288,28.8,30
train,15000,10,2,152,15.2,20
train,15001,8,2,224,28.0,28
train,15002,6,2,348,58.0,58
train,15003,8,2,124,15.5,17
train,15004,8,2,196,24.5,30
train,15005,3,3,64,21.333333333333332,22
train,15006,9,2,166,18.444444444444443,22
train,15007,8,2,124,15.5,17
train,15008,8,2,192,24.0,26
train,15009,14,2,448,32.0,44
train,15010,7,2,144,20.571428571428573,22
train,15011,12,2,392,32.666666666666664,34
train,15012,14,2,460,32.857142857142854,38
train,15013,3,2,82,27.333333333333332,28
train,15014,3,3,44,14.666666666666666,16
train,15015,7,2,310,44.285714285714285,47
train,15016,7,3,142,20.285714285714285,26
train,15017,10,2,508,50.8,54
train,15018,9,3,414,46.0,54
train,15019,7,3,172,24.571428571428573,36
train,15020,7,3,150,21.428571428571427,26
train,15021,8,3,256,32.0,34
train,15022,7,3,188,26.857142857142858,36
train,15023,6,2,192,32.0,32
train,15024,22,2,428,19.454545454545453,23
train,15025,4,3,152,38.0,40
train,15026,8,2,392,49.0,53
train,15027,8,2,268,33.5,38
train,15028,15,2,708,47.2,50
train,15029,4,2,152,38.0,40
train,15030,10,2,452,45.2,47
train,15031,4,3,240,60.0,62
train,15032,4,3,200,50.0,54
train,15033,16,2,1036,64.75,70
train,15034,12,2,520,43.333333333333336,48
train,15035,3,2,50,16.666666666666668,18
train,15036,14,2,620,44.285714285714285,46
train,15037,4,2,152,38.0,40
train,15038,15,2,708,47.2,50
train,15039,16,2,792,49.5,53
train,15040,3,3,178,59.333333333333336,62
train,15041,5,2,106,21.2,26
train,15042,8,2,240,30.0,35
train,15043,8,2,244,30.5,38
train,15044,7,2,486,69.42857142857143,72
train,15045,8,2,268,33.5,38
train,15046,5,2,74,14.8,19
train,15047,3,3,44,14.666666666666666,16
train,15048,7,3,306,43.714285714285715,48
train,15049,3,2,82,27.333333333333332,28
train,15050,4,3,200,50.0,54
train,15051,5,3,140,28.0,29
train,15052,6,2,352,58.666666666666664,60
train,15053,7,2,486,69.42857142857143,72
train,15054,6,2,176,29.333333333333332,30
train,15055,10,3,272,27.2,29
train,15056,19,3,590,31.05263157894737,36
train,15057,2,3,38,19.0,19
train,15058,12,3,312,26.0,26
train,15059,10,2,248,24.8,26
train,15060,8,3,208,26.0,26
train,15061,8,3,244,30.5,31
train,15062,9,3,396,44.0,46
train,15063,12,3,584,48.666666666666664,50
train,15064,6,2,214,35.666666666666664,38
train,15065,16,2,764,47.75,49
train,15066,45,2,2010,44.666666666666664,62
train,15067,14,2,760,54.285714285714285,60
train,15068,20,2,1024,51.2,55
train,15069,10,2,524,52.4,56
train,15070,4,3,122,30.5,32
train,15071,4,3,170,42.5,44
train,15072,8,3,348,43.5,48
train,15073,10,2,416,41.6,42
train,15074,4,4,246,61.5,66
train,15075,8,4,492,61.5,66
train,15076,6,2,164,27.333333333333332,29
train,15077,12,2,668,55.666666666666664,59
train,15078,20,2,332,16.6,19
train,15079,12,2,384,32.0,35
train,15080,12,2,372,31.0,34
train,15081,5,2,250,50.0,52
train,15082,10,3,500,50.0,52
train,15083,4,3,104,26.0,26
train,15084,18,2,244,13.555555555555555,15
train,15085,6,2,56,9.333333333333334,10
train,15086,6,4,316,52.666666666666664,61
train,15087,11,3,418,38.0,46
train,15088,10,3,716,71.6,77
train,15089,5,2,208,41.6,43
train,15090,10,3,540,54.0,56
train,15091,9,2,284,31.555555555555557,36
train,15092,1,3,20,20.0,20
train,15093,4,3,88,22.0,22
train,15094,9,2,284,31.555555555555557,36
train,15095,7,3,244,34.857142857142854,38
train,15096,6,3,312,52.0,56
train,15097,28,2,1248,44.57142857142857,49
train,15098,1,2,18,18.0,18
train,15099,8,2,168,21.0,21
train,15100,3,4,68,22.666666666666668,26
train,15101,2,3,52,26.0,26
train,15102,4,3,92,23.0,23
train,15103,9,2,284,31.555555555555557,36
train,15104,9,2,268,29.77777777777778,32
train,15105,4,2,104,26.0,26
train,15106,6,2,144,24.0,26
train,15107,10,3,452,45.2,50
train,15108,6,3,260,43.333333333333336,44
train,15109,9,2,284,31.555555555555557,36
train,15110,9,3,568,63.111111111111114,74
train,15111,20,2,1136,56.8,58
train,15112,16,2,624,39.0,45
train,15113,12,3,888,74.0,78
train,15114,4,2,46,11.5,14
train,15115,32,2,880,27.5,28
train,15116,3,3,46,15.333333333333334,18
train,15117,9,2,268,29.77777777777778,32
train,15118,9,2,284,31.555555555555557,36
train,15119,16,2,432,27.0,31
train,15120,9,2,284,31.555555555555557,36
train,15121,16,2,448,28.0,29
train,15122,4,2,52,13.0,15
train,15123,16,2,284,17.75,19
train,15124,9,2,220,24.444444444444443,28
train,15125,9,2,284,31.555555555555557,36
train,15126,9,2,220,24.444444444444443,28
train,15127,9,2,284,31.555555555555557,36
train,15128,28,2,792,28.285714285714285,33
train,15129,9,2,284,31.555555555555557,36
train,15130,22,2,1632,74.18181818181819,77
train,15131,17,2,310,18.235294117647058,20
train,15132,6,3,164,27.333333333333332,28
train,15133,4,2,104,26.0,26
train,15134,20,3,1432,71.6,80
train,15135,14,3,536,38.285714285714285,40
train,15136,1,7,84,84.0,84
train,15137,13,2,640,49.23076923076923,52
train,15138,4,4,218,54.5,60
train,15139,4,4,232,58.0,61
train,15140,9,2,412,45.77777777777778,47
train,15141,14,2,704,50.285714285714285,56
train,15142,6,3,312,52.0,56
train,15143,16,2,272,17.0,19
train,15144,9,2,268,29.77777777777778,32
train,15145,9,2,284,31.555555555555557,36
train,15146,9,2,268,29.77777777777778,32
train,15147,9,2,268,29.77777777777778,32
train,15148,22,2,1268,57.63636363636363,59
train,15149,48,2,2172,45.25,51
train,15150,6,3,428,71.33333333333333,74
train,15151,16,2,800,50.0,52
train,15152,9,2,284,31.555555555555557,36
train,15153,9,2,284,31.555555555555557,36
train,15154,8,3,420,52.5,56
train,15155,12,3,312,26.0,26
train,15156,2,3,64,32.0,32
train,15157,4,3,232,58.0,58
train,15158,2,3,24,12.0,12
train,15159,8,2,144,18.0,18
train,15160,5,2,310,62.0,64
train,15161,4,2,56,14.0,14
train,15162,4,2,56,14.0,14
train,15163,4,2,72,18.0,18
train,15164,3,3,36,12.0,12
train,15165,4,2,72,18.0,18
train,15166,4,3,104,26.0,26
train,15167,4,2,56,14.0,14
train,15168,4,2,56,14.0,14
train,15169,4,2,72,18.0,18
train,15170,4,2,104,26.0,26
train,15171,4,2,56,14.0,14
train,15172,4,2,56,14.0,14
train,15173,4,2,56,14.0,14
train,15174,3,3,36,12.0,12
train,15175,4,2,56,14.0,14
train,15176,4,2,56,14.0,14
train,15177,4,2,56,14.0,14
train,15178,4,3,72,18.0,18
train,15179,4,3,56,14.0,14
train,15180,4,3,72,18.0,18
train,15181,4,2,56,14.0,14
train,15182,4,3,72,18.0,18
train,15183,4,3,64,16.0,16
train,15184,4,3,56,14.0,14
train,15185,4,3,64,16.0,16
train,15186,4,2,104,26.0,26
train,15187,4,3,48,12.0,12
train,15188,4,3,64,16.0,16
train,15189,8,2,132,16.5,18
train,15190,8,2,120,15.0,16
train,15191,8,2,132,16.5,18
train,15192,8,2,96,12.0,12
train,15193,8,2,120,15.0,16
train,15194,4,2,56,14.0,14
train,15195,4,2,72,18.0,18
train,15196,8,2,120,15.0,16
train,15197,8,2,132,16.5,18
train,15198,8,2,132,16.5,18
train,15199,8,2,292,36.5,47
train,15200,5,2,310,62.0,64
train,15201,8,2,132,16.5,18
train,15202,4,2,56,14.0,14
train,15203,8,2,132,16.5,18
train,15204,4,2,104,26.0,26
train,15205,4,2,104,26.0,26
train,15206,8,2,132,16.5,18
train,15207,8,2,120,15.0,16
train,15208,4,2,168,42.0,42
train,15209,4,2,168,42.0,42
train,15210,4,2,168,42.0,42
train,15211,5,3,370,74.0,86
train,15212,5,3,370,74.0,86
train,15213,5,2,310,62.0,64
train,15214,4,2,168,42.0,42
train,15215,4,3,232,58.0,58
train,15216,5,2,310,62.0,64
train,15217,4,2,168,42.0,42
train,15218,4,2,216,54.0,54
train,15219,4,4,184,46.0,50
train,15220,5,2,250,50.0,52
train,15221,4,3,200,50.0,50
train,15222,4,3,232,58.0,58
train,15223,4,3,176,44.0,44
train,15224,4,3,232,58.0,58
train,15225,5,2,310,62.0,64
train,15226,4,3,232,58.0,58
train,15227,4,3,232,58.0,58
train,15228,5,2,310,62.0,64
train,15229,4,2,168,42.0,42
train,15230,4,3,232,58.0,58
train,15231,4,2,72,18.0,18
train,15232,4,3,104,26.0,26
train,15233,4,3,232,58.0,58
train,15234,4,3,104,26.0,26
train,15235,4,3,152,38.0,38
train,15236,8,2,304,38.0,38
train,15237,4,2,72,18.0,18
train,15238,4,3,200,50.0,50
train,15239,4,2,168,42.0,42
train,15240,8,2,448,56.0,56
train,15241,4,3,168,42.0,42
train,15242,4,3,104,26.0,26
train,15243,8,2,304,38.0,38
train,15244,5,3,370,74.0,86
train,15245,4,3,168,42.0,42
train,15246,4,2,104,26.0,26
train,15247,4,2,56,14.0,14
train,15248,4,3,104,26.0,26
train,15249,4,3,168,42.0,42
train,15250,4,3,168,42.0,42
train,15251,4,3,168,42.0,42
train,15252,4,2,56,14.0,14
train,15253,8,2,304,38.0,38
train,15254,8,2,328,41.0,42
train,15255,4,2,56,14.0,14
train,15256,4,3,168,42.0,42
train,15257,2,4,76,38.0,38
train,15258,4,2,72,18.0,18
train,15259,5,3,370,74.0,86
train,15260,4,3,168,42.0,42
train,15261,4,3,168,42.0,42
train,15262,8,3,448,56.0,56
train,15263,4,3,72,18.0,18
train,15264,5,3,466,93.2,98
train,15265,2,4,100,50.0,50
train,15266,8,2,400,50.0,50
train,15267,8,2,304,38.0,38
train,15268,4,3,72,18.0,18
train,15269,2,4,76,38.0,38
train,15270,2,4,76,38.0,38
train,15271,4,3,72,18.0,18
train,15272,8,2,448,56.0,56
train,15273,4,3,72,18.0,18
train,15274,4,3,72,18.0,18
train,15275,4,3,72,18.0,18
train,15276,4,3,72,18.0,18
train,15277,4,3,104,26.0,26
train,15278,8,2,400,50.0,50
train,15279,4,3,168,42.0,42
train,15280,24,2,1588,66.16666666666667,70
train,15281,8,2,144,18.0,18
train,15282,8,2,160,20.0,20
train,15283,2,4,128,64.0,64
train,15284,8,2,304,38.0,38
train,15285,8,2,144,18.0,18
train,15286,8,2,144,18.0,18
train,15287,8,2,144,18.0,18
train,15288,4,3,72,18.0,18
train,15289,8,2,144,18.0,18
train,15290,8,2,144,18.0,18
train,15291,17,2,1230,72.3529411764706,76
train,15292,8,2,220,27.5,35
train,15293,4,2,56,14.0,14
train,15294,8,2,160,20.0,20
train,15295,5,3,466,93.2,98
train,15296,8,2,144,18.0,18
train,15297,4,2,56,14.0,14
train,15298,5,2,250,50.0,52
train,15299,5,2,250,50.0,52
train,15300,5,2,250,50.0,52
train,15301,4,2,48,12.0,12
train,15302,5,2,250,50.0,52
train,15303,4,2,56,14.0,14
train,15304,4,2,72,18.0,18
train,15305,4,2,56,14.0,14
train,15306,4,2,48,12.0,12
train,15307,4,2,56,14.0,14
train,15308,4,2,72,18.0,18
train,15309,4,2,56,14.0,14
train,15310,4,2,56,14.0,14
train,15311,8,2,304,38.0,38
train,15312,4,2,56,14.0,14
train,15313,4,3,72,18.0,18
train,15314,9,2,400,44.44444444444444,50
train,15315,4,2,56,14.0,14
train,15316,4,2,56,14.0,14
train,15317,4,2,48,12.0,12
train,15318,4,3,48,12.0,12
train,15319,4,2,48,12.0,12
train,15320,4,3,48,12.0,12
train,15321,4,3,48,12.0,12
train,15322,4,3,48,12.0,12
train,15323,4,2,56,14.0,14
train,15324,4,3,48,12.0,12
train,15325,4,3,48,12.0,12
train,15326,4,3,48,12.0,12
train,15327,8,2,232,29.0,32
train,15328,8,2,96,12.0,12
train,15329,4,3,48,12.0,12
train,15330,8,2,96,12.0,12
train,15331,4,3,48,12.0,12
train,15332,4,3,104,26.0,26
train,15333,8,2,96,12.0,12
train,15334,4,3,64,16.0,16
train,15335,8,2,96,12.0,12
train,15336,8,2,96,12.0,12
train,15337,4,3,48,12.0,12
train,15338,8,2,96,12.0,12
train,15339,8,2,96,12.0,12
train,15340,4,2,56,14.0,14
train,15341,8,2,96,12.0,12
train,15342,4,2,56,14.0,14
train,15343,4,2,56,14.0,14
train,15344,4,2,72,18.0,18
train,15345,5,2,250,50.0,52
train,15346,4,4,460,115.0,115
train,15347,4,3,216,54.0,54
train,15348,4,3,256,64.0,64
train,15349,4,4,312,78.0,78
train,15350,4,4,216,54.0,54
train,15351,4,3,256,64.0,64
train,15352,5,3,370,74.0,86
train,15353,4,2,168,42.0,42
train,15354,4,3,256,64.0,64
train,15355,5,3,514,102.8,110
train,15356,4,4,216,54.0,54
train,15357,8,3,640,80.0,80
train,15358,5,3,466,93.2,98
train,15359,4,3,168,42.0,42
train,15360,4,3,168,42.0,42
train,15361,5,3,466,93.2,98
train,15362,4,2,168,42.0,42
train,15363,4,3,104,26.0,26
train,15364,4,3,104,26.0,26
train,15365,5,3,370,74.0,86
train,15366,5,3,466,93.2,98
train,15367,4,2,72,18.0,18
train,15368,5,3,370,74.0,86
train,15369,4,2,104,26.0,26
train,15370,5,3,370,74.0,86
train,15371,4,2,104,26.0,26
train,15372,1,4,14,14.0,14
train,15373,4,3,104,26.0,26
train,15374,4,2,104,26.0,26
train,15375,4,2,104,26.0,26
train,15376,4,2,104,26.0,26
train,15377,4,2,104,26.0,26
train,15378,4,3,104,26.0,26
train,15379,4,3,104,26.0,26
train,15380,4,3,104,26.0,26
train,15381,4,3,104,26.0,26
train,15382,4,2,104,26.0,26
train,15383,4,2,104,26.0,26
train,15384,4,3,104,26.0,26
train,15385,4,2,104,26.0,26
train,15386,4,4,216,54.0,54
train,15387,4,2,104,26.0,26
train,15388,4,3,100,25.0,25
train,15389,4,3,168,42.0,42
train,15390,4,3,104,26.0,26
train,15391,4,2,72,18.0,18
train,15392,4,3,104,26.0,26
train,15393,4,3,104,26.0,26
train,15394,4,3,48,12.0,12
train,15395,4,2,56,14.0,14
train,15396,4,2,56,14.0,14
train,15397,4,2,72,18.0,18
train,15398,5,3,182,36.4,38
train,15399,4,2,56,14.0,14
train,15400,4,2,104,26.0,26
train,15401,4,3,72,18.0,18
train,15402,9,2,400,44.44444444444444,50
train,15403,4,3,72,18.0,18
train,15404,4,2,56,14.0,14
train,15405,4,2,56,14.0,14
train,15406,4,3,72,18.0,18
train,15407,8,2,160,20.0,20
train,15408,4,2,56,14.0,14
train,15409,4,2,104,26.0,26
train,15410,4,3,168,42.0,42
train,15411,4,2,104,26.0,26
train,15412,4,2,72,18.0,18
train,15413,4,3,72,18.0,18
train,15414,8,2,160,20.0,20
train,15415,8,2,144,18.0,18
train,15416,8,2,144,18.0,18
train,15417,8,2,144,18.0,18
train,15418,5,2,80,16.0,16
train,15419,5,2,310,62.0,64
train,15420,4,3,200,50.0,50
train,15421,1,3,36,36.0,36
train,15422,5,2,250,50.0,52
train,15423,4,3,104,26.0,26
train,15424,4,3,104,26.0,26
train,15425,4,3,104,26.0,26
train,15426,4,3,104,26.0,26
train,15427,4,3,104,26.0,26
train,15428,4,2,104,26.0,26
train,15429,4,2,104,26.0,26
train,15430,4,2,104,26.0,26
train,15431,4,2,104,26.0,26
train,15432,4,2,104,26.0,26
train,15433,4,2,104,26.0,26
train,15434,4,3,104,26.0,26
train,15435,4,2,104,26.0,26
train,15436,4,3,104,26.0,26
train,15437,5,2,250,50.0,52
train,15438,4,3,104,26.0,26
train,15439,4,3,256,64.0,64
train,15440,4,2,104,26.0,26
train,15441,4,3,168,42.0,42
train,15442,4,2,104,26.0,26
train,15443,4,3,104,26.0,26
train,15444,4,3,104,26.0,26
train,15445,4,3,104,26.0,26
train,15446,4,3,104,26.0,26
train,15447,4,3,104,26.0,26
train,15448,4,4,148,37.0,38
train,15449,4,3,104,26.0,26
train,15450,4,3,104,26.0,26
train,15451,4,3,72,18.0,18
train,15452,4,2,104,26.0,26
train,15453,2,3,36,18.0,18
train,15454,4,2,104,26.0,26
train,15455,4,2,168,42.0,42
train,15456,4,2,216,54.0,54
train,15457,4,2,168,42.0,42
train,15458,4,2,168,42.0,42
train,15459,4,2,72,18.0,18
train,15460,4,2,168,42.0,42
train,15461,4,3,200,50.0,50
train,15462,4,3,200,50.0,50
train,15463,4,3,168,42.0,42
train,15464,4,2,104,26.0,26
train,15465,4,3,200,50.0,50
train,15466,4,3,168,42.0,42
train,15467,4,3,136,34.0,34
train,15468,4,3,168,42.0,42
train,15469,4,3,168,42.0,42
train,15470,8,2,304,38.0,38
train,15471,4,3,136,34.0,34
train,15472,4,3,72,18.0,18
train,15473,4,3,72,18.0,18
train,15474,8,2,160,20.0,20
train,15475,8,2,304,38.0,38
train,15476,8,2,304,38.0,38
train,15477,4,2,168,42.0,42
train,15478,4,4,176,44.0,44
train,15479,4,3,72,18.0,18
train,15480,8,2,304,38.0,38
train,15481,8,2,304,38.0,38
train,15482,8,2,304,38.0,38
train,15483,2,3,48,24.0,24
train,15484,4,2,104,26.0,26
train,15485,4,2,104,26.0,26
train,15486,8,2,400,50.0,50
train,15487,8,2,144,18.0,18
train,15488,4,3,560,140.0,140
train,15489,4,2,168,42.0,42
train,15490,5,2,310,62.0,64
train,15491,1,3,0,0.0,0
train,15492,8,2,448,56.0,56
train,15493,4,2,72,18.0,18
train,15494,2,3,40,20.0,20
train,15495,10,2,500,50.0,50
train,15496,8,2,144,18.0,18
train,15497,8,2,160,20.0,20
train,15498,4,2,32,8.0,8
train,15499,4,2,72,18.0,18
train,15500,8,2,304,38.0,38
train,15501,5,2,310,62.0,64
train,15502,4,3,104,26.0,26
train,15503,4,2,104,26.0,26
train,15504,4,3,72,18.0,18
train,15505,4,3,104,26.0,26
train,15506,4,3,104,26.0,26
train,15507,4,2,72,18.0,18
train,15508,4,3,104,26.0,26
train,15509,4,3,104,26.0,26
train,15510,4,3,104,26.0,26
train,15511,4,3,104,26.0,26
train,15512,4,3,104,26.0,26
train,15513,4,2,104,26.0,26
train,15514,4,2,104,26.0,26
train,15515,4,3,104,26.0,26
train,15516,4,3,104,26.0,26
train,15517,4,3,168,42.0,42
train,15518,4,3,104,26.0,26
train,15519,5,2,250,50.0,52
train,15520,5,2,250,50.0,52
train,15521,4,3,72,18.0,18
train,15522,4,2,104,26.0,26
train,15523,4,3,104,26.0,26
train,15524,6,3,192,32.0,32
train,15525,2,3,36,18.0,18
train,15526,8,2,144,18.0,18
train,15527,4,3,104,26.0,26
train,15528,8,2,144,18.0,18
train,15529,8,2,376,47.0,50
train,15530,9,2,384,42.666666666666664,50
train,15531,4,3,136,34.0,34
train,15532,4,3,104,26.0,26
train,15533,4,2,56,14.0,14
train,15534,5,2,250,50.0,52
train,15535,5,2,250,50.0,52
train,15536,5,2,154,30.8,44
train,15537,4,2,48,12.0,12
train,15538,5,2,250,50.0,52
train,15539,4,2,72,18.0,18
train,15540,4,2,56,14.0,14
train,15541,2,3,24,12.0,12
train,15542,4,2,48,12.0,12
train,15543,4,3,72,18.0,18
train,15544,4,3,72,18.0,18
train,15545,4,3,40,10.0,10
train,15546,4,2,56,14.0,14
train,15547,4,3,64,16.0,16
train,15548,4,2,32,8.0,8
train,15549,4,3,48,12.0,12
train,15550,12,2,280,23.333333333333332,24
train,15551,4,3,64,16.0,16
train,15552,8,2,96,12.0,12
train,15553,4,2,168,42.0,42
train,15554,4,2,168,42.0,42
train,15555,4,2,72,18.0,18
train,15556,4,2,168,42.0,42
train,15557,5,2,250,50.0,52
train,15558,4,2,168,42.0,42
train,15559,4,3,104,26.0,26
train,15560,4,3,200,50.0,50
train,15561,4,2,168,42.0,42
train,15562,4,3,104,26.0,26
train,15563,4,3,104,26.0,26
train,15564,4,2,104,26.0,26
train,15565,4,3,188,47.0,47
train,15566,8,2,108,13.5,14
train,15567,4,3,188,47.0,47
train,15568,4,2,48,12.0,12
train,15569,4,3,216,54.0,54
train,15570,4,4,184,46.0,46
train,15571,4,4,216,54.0,54
train,15572,4,2,56,14.0,14
train,15573,4,3,232,58.0,58
train,15574,4,2,216,54.0,54
train,15575,4,3,136,34.0,34
train,15576,4,4,216,54.0,54
train,15577,4,3,72,18.0,18
train,15578,4,3,72,18.0,18
train,15579,4,3,188,47.0,47
train,15580,8,2,448,56.0,56
train,15581,4,3,168,42.0,42
train,15582,8,2,448,56.0,56
train,15583,8,2,160,20.0,20
train,15584,8,3,448,56.0,56
train,15585,4,4,216,54.0,54
train,15586,8,2,304,38.0,38
train,15587,4,3,232,58.0,58
train,15588,4,3,168,42.0,42
train,15589,4,4,248,62.0,62
train,15590,4,3,48,12.0,12
train,15591,8,2,376,47.0,50
train,15592,13,2,336,25.846153846153847,28
train,15593,5,2,310,62.0,64
train,15594,4,3,152,38.0,38
train,15595,5,2,310,62.0,64
train,15596,4,3,232,58.0,58
train,15597,4,3,104,26.0,26
train,15598,4,3,104,26.0,26
train,15599,4,3,104,26.0,26
train,15600,4,2,72,18.0,18
train,15601,4,2,72,18.0,18
train,15602,4,3,72,18.0,18
train,15603,4,2,72,18.0,18
train,15604,4,3,104,26.0,26
train,15605,5,2,310,62.0,64
train,15606,4,3,104,26.0,26
train,15607,4,3,104,26.0,26
train,15608,4,3,104,26.0,26
train,15609,4,3,104,26.0,26
train,15610,4,3,104,26.0,26
train,15611,4,3,104,26.0,26
train,15612,4,3,104,26.0,26
train,15613,4,3,104,26.0,26
train,15614,4,3,104,26.0,26
train,15615,4,3,104,26.0,26
train,15616,4,2,72,18.0,18
train,15617,4,3,104,26.0,26
train,15618,4,3,104,26.0,26
train,15619,4,2,104,26.0,26
train,15620,4,3,104,26.0,26
train,15621,4,3,104,26.0,26
train,15622,4,2,104,26.0,26
train,15623,4,3,104,26.0,26
train,15624,4,3,104,26.0,26
train,15625,4,3,104,26.0,26
train,15626,4,3,104,26.0,26
train,15627,4,3,104,26.0,26
train,15628,4,3,104,26.0,26
train,15629,4,2,104,26.0,26
train,15630,5,2,310,62.0,64
train,15631,18,2,476,26.444444444444443,32
train,15632,4,4,216,54.0,54
train,15633,4,4,216,54.0,54
train,15634,8,2,160,20.0,20
train,15635,2,3,40,20.0,20
train,15636,4,3,104,26.0,26
train,15637,4,2,72,18.0,18
train,15638,4,3,104,26.0,26
train,15639,4,3,72,18.0,18
train,15640,4,3,72,18.0,18
train,15641,4,3,104,26.0,26
train,15642,4,2,104,26.0,26
train,15643,4,2,104,26.0,26
train,15644,8,2,304,38.0,38
train,15645,4,3,72,18.0,18
train,15646,4,3,104,26.0,26
train,15647,8,2,328,41.0,42
train,15648,5,2,310,62.0,64
train,15649,4,3,104,26.0,26
train,15650,5,2,250,50.0,52
train,15651,4,3,104,26.0,26
train,15652,5,2,310,62.0,64
train,15653,4,3,104,26.0,26
train,15654,4,3,200,50.0,50
train,15655,4,3,104,26.0,26
train,15656,5,2,250,50.0,52
train,15657,4,3,104,26.0,26
train,15658,5,2,310,62.0,64
train,15659,4,3,104,26.0,26
train,15660,4,3,104,26.0,26
train,15661,4,3,104,26.0,26
train,15662,4,2,104,26.0,26
train,15663,8,2,316,39.5,41
train,15664,8,2,304,38.0,38
train,15665,8,2,144,18.0,18
train,15666,8,2,144,18.0,18
train,15667,4,3,72,18.0,18
train,15668,4,3,72,18.0,18
train,15669,8,2,364,45.5,47
train,15670,8,2,160,20.0,20
train,15671,5,2,250,50.0,52
train,15672,4,2,216,54.0,54
train,15673,4,2,168,42.0,42
train,15674,4,3,184,46.0,46
train,15675,4,2,168,42.0,42
train,15676,4,3,200,50.0,50
train,15677,5,2,310,62.0,64
train,15678,4,3,200,50.0,50
train,15679,4,2,104,26.0,26
train,15680,4,2,168,42.0,42
train,15681,4,2,104,26.0,26
train,15682,4,3,200,50.0,50
train,15683,4,3,104,26.0,26
train,15684,4,3,104,26.0,26
train,15685,5,2,310,62.0,64
train,15686,4,2,104,26.0,26
train,15687,4,3,104,26.0,26
train,15688,4,3,104,26.0,26
train,15689,4,3,104,26.0,26
train,15690,4,4,184,46.0,46
train,15691,4,3,232,58.0,58
train,15692,4,3,136,34.0,34
train,15693,4,3,104,26.0,26
train,15694,4,4,216,54.0,54
train,15695,4,3,72,18.0,18
train,15696,4,2,104,26.0,26
train,15697,8,2,144,18.0,18
train,15698,8,2,400,50.0,50
train,15699,4,2,104,26.0,26
train,15700,8,2,144,18.0,18
train,15701,8,2,304,38.0,38
train,15702,4,4,152,38.0,38
train,15703,4,3,168,42.0,42
train,15704,4,3,232,58.0,58
train,15705,8,2,304,38.0,38
train,15706,4,3,104,26.0,26
train,15707,8,2,400,50.0,50
train,15708,8,2,352,44.0,44
train,15709,8,2,400,50.0,50
train,15710,4,3,232,58.0,58
train,15711,4,3,104,26.0,26
train,15712,4,2,72,18.0,18
train,15713,8,2,400,50.0,50
train,15714,4,3,104,26.0,26
train,15715,4,3,104,26.0,26
train,15716,8,3,352,44.0,46
train,15717,8,2,304,38.0,38
train,15718,4,3,104,26.0,26
train,15719,4,2,72,18.0,18
train,15720,4,3,104,26.0,26
train,15721,4,2,104,26.0,26
train,15722,4,3,104,26.0,26
train,15723,8,2,144,18.0,18
train,15724,1,4,26,26.0,26
train,15725,4,3,72,18.0,18
train,15726,3,3,58,19.333333333333332,20
train,15727,4,3,76,19.0,20
train,15728,4,2,216,54.0,54
train,15729,5,3,466,93.2,98
train,15730,4,2,168,42.0,42
train,15731,2,3,40,20.0,20
train,15732,4,3,196,49.0,49
train,15733,4,2,168,42.0,42
train,15734,2,3,40,20.0,20
train,15735,4,3,200,50.0,50
train,15736,4,3,232,58.0,58
train,15737,4,2,168,42.0,42
train,15738,5,2,250,50.0,52
train,15739,4,2,168,42.0,42
train,15740,4,3,188,47.0,47
train,15741,4,3,152,38.0,38
train,15742,4,3,200,50.0,50
train,15743,1,3,24,24.0,24
train,15744,4,2,168,42.0,42
train,15745,4,3,200,50.0,50
train,15746,4,3,232,58.0,58
train,15747,4,3,200,50.0,50
train,15748,4,3,200,50.0,50
train,15749,4,3,200,50.0,50
train,15750,4,3,232,58.0,58
train,15751,2,4,44,22.0,22
train,15752,4,3,200,50.0,50
train,15753,4,3,200,50.0,50
train,15754,5,2,250,50.0,52
train,15755,4,3,232,58.0,58
train,15756,4,3,200,50.0,50
train,15757,8,2,400,50.0,50
train,15758,4,3,136,34.0,34
train,15759,4,3,200,50.0,50
train,15760,4,3,200,50.0,50
train,15761,4,3,200,50.0,50
train,15762,4,3,200,50.0,50
train,15763,5,3,466,93.2,98
train,15764,4,3,168,42.0,42
train,15765,4,3,136,34.0,34
train,15766,4,3,136,34.0,34
train,15767,8,2,316,39.5,41
train,15768,4,3,168,42.0,42
train,15769,4,3,168,42.0,42
train,15770,8,2,124,15.5,20
train,15771,4,3,168,42.0,42
train,15772,8,2,256,32.0,38
train,15773,4,3,136,34.0,34
train,15774,4,4,152,38.0,38
train,15775,8,2,328,41.0,42
train,15776,4,3,200,50.0,50
train,15777,8,2,304,38.0,38
train,15778,8,2,304,38.0,38
train,15779,8,2,304,38.0,38
train,15780,8,3,724,90.5,92
train,15781,8,2,304,38.0,38
train,15782,8,2,160,20.0,20
train,15783,8,2,160,20.0,20
train,15784,8,2,288,36.0,36
train,15785,2,4,42,21.0,21
train,15786,8,2,160,20.0,20
train,15787,8,2,144,18.0,18
train,15788,8,2,160,20.0,20
train,15789,4,2,168,42.0,42
train,15790,4,3,200,50.0,50
train,15791,8,2,304,38.0,38
train,15792,8,2,160,20.0,20
train,15793,4,3,72,18.0,18
train,15794,8,2,304,38.0,38
train,15795,8,2,244,30.5,35
train,15796,8,2,144,18.0,18
train,15797,8,2,160,20.0,22
train,15798,8,2,144,18.0,18
train,15799,8,2,304,38.0,38
train,15800,8,2,304,38.0,38
train,15801,8,2,304,38.0,40
train,15802,4,3,136,34.0,34
train,15803,4,3,104,26.0,26
train,15804,5,2,310,62.0,64
train,15805,4,3,64,16.0,16
train,15806,8,2,304,38.0,38
train,15807,4,3,104,26.0,26
train,15808,5,3,370,74.0,86
train,15809,4,2,56,14.0,14
train,15810,3,3,36,12.0,12
train,15811,5,2,250,50.0,52
train,15812,4,3,152,38.0,38
train,15813,4,3,136,34.0,34
train,15814,5,2,250,50.0,52
train,15815,4,4,272,68.0,68
train,15816,5,2,250,50.0,52
train,15817,8,2,144,18.0,18
train,15818,4,3,136,34.0,34
train,15819,4,3,72,18.0,18
train,15820,4,3,168,42.0,42
train,15821,4,3,168,42.0,42
train,15822,8,2,160,20.0,20
train,15823,8,2,400,50.0,50
train,15824,4,4,216,54.0,54
train,15825,4,3,168,42.0,42
train,15826,5,2,250,50.0,52
train,15827,4,3,152,38.0,38
train,15828,8,2,304,38.0,38
train,15829,8,2,144,18.0,18
train,15830,5,2,310,62.0,64
train,15831,5,2,250,50.0,52
train,15832,4,2,48,12.0,12
train,15833,8,3,544,68.0,68
train,15834,4,2,56,14.0,14
train,15835,4,3,168,42.0,42
train,15836,4,2,48,12.0,12
train,15837,4,2,48,12.0,12
train,15838,4,3,56,14.0,14
train,15839,4,2,48,12.0,12
train,15840,4,3,48,12.0,12
train,15841,2,3,40,20.0,20
train,15842,4,2,56,14.0,14
train,15843,4,3,48,12.0,12
train,15844,20,1,240,12.0,12
train,15845,4,3,56,14.0,14
train,15846,4,3,48,12.0,12
train,15847,5,2,250,50.0,52
train,15848,8,2,160,20.0,20
train,15849,8,2,376,47.0,50
train,15850,8,2,160,20.0,20
train,15851,8,2,160,20.0,20
train,15852,8,2,144,18.0,18
train,15853,8,2,160,20.0,20
train,15854,4,2,72,18.0,18
train,15855,4,2,56,14.0,14
train,15856,4,2,72,18.0,18
train,15857,4,2,48,12.0,12
train,15858,4,2,72,18.0,18
train,15859,4,2,56,14.0,14
train,15860,4,2,72,18.0,18
train,15861,4,3,128,32.0,32
train,15862,4,2,56,14.0,14
train,15863,4,2,72,18.0,18
train,15864,4,2,48,12.0,12
train,15865,4,3,104,26.0,26
train,15866,4,2,72,18.0,18
train,15867,4,2,104,26.0,26
train,15868,4,2,56,14.0,14
train,15869,4,2,104,26.0,26
train,15870,4,2,104,26.0,26
train,15871,4,3,104,26.0,26
train,15872,4,3,104,26.0,26
train,15873,4,2,48,12.0,12
train,15874,4,2,56,14.0,14
train,15875,4,2,72,18.0,18
train,15876,4,2,56,14.0,14
train,15877,4,3,104,26.0,26
train,15878,4,2,72,18.0,18
train,15879,4,3,72,18.0,18
train,15880,8,2,208,26.0,28
train,15881,4,2,72,18.0,18
train,15882,4,3,104,26.0,26
train,15883,4,2,104,26.0,26
train,15884,4,2,56,14.0,14
train,15885,8,2,244,30.5,35
train,15886,4,2,56,14.0,14
train,15887,4,3,104,26.0,26
train,15888,4,3,72,18.0,18
train,15889,4,3,48,12.0,12
train,15890,4,2,56,14.0,14
train,15891,4,2,72,18.0,18
train,15892,4,2,104,26.0,26
train,15893,4,2,48,12.0,12
train,15894,4,3,72,18.0,18
train,15895,4,2,56,14.0,14
train,15896,4,2,56,14.0,14
train,15897,4,3,104,26.0,26
train,15898,4,2,56,14.0,14
train,15899,4,2,56,14.0,14
train,15900,4,3,72,18.0,18
train,15901,4,2,104,26.0,26
train,15902,4,3,72,18.0,18
train,15903,4,2,56,14.0,14
train,15904,8,2,144,18.0,18
train,15905,4,2,32,8.0,8
train,15906,4,3,72,18.0,18
train,15907,4,3,56,14.0,14
train,15908,4,3,48,12.0,12
train,15909,4,3,72,18.0,18
train,15910,4,2,48,12.0,12
train,15911,4,3,48,12.0,12
train,15912,8,2,292,36.5,47
train,15913,4,3,72,18.0,18
train,15914,8,2,144,18.0,18
train,15915,8,2,144,18.0,18
train,15916,4,2,104,26.0,26
train,15917,4,3,72,18.0,18
train,15918,8,2,144,18.0,18
train,15919,8,2,144,18.0,18
train,15920,4,2,104,26.0,26
train,15921,4,2,56,14.0,14
train,15922,8,2,144,18.0,18
train,15923,8,2,204,25.5,27
train,15924,4,3,72,18.0,18
train,15925,4,3,72,18.0,18
train,15926,8,2,136,17.0,20
train,15927,4,3,72,18.0,18
train,15928,4,3,72,18.0,18
train,15929,4,3,48,12.0,12
train,15930,4,3,72,18.0,18
train,15931,8,2,144,18.0,18
train,15932,8,2,220,27.5,35
train,15933,8,2,144,18.0,18
train,15934,4,3,72,18.0,18
train,15935,4,2,56,14.0,14
train,15936,4,2,56,14.0,14
train,15937,4,2,56,14.0,14
train,15938,4,2,56,14.0,14
train,15939,4,2,72,18.0,18
train,15940,4,3,72,18.0,18
train,15941,4,3,72,18.0,18
train,15942,4,2,72,18.0,18
train,15943,4,2,72,18.0,18
train,15944,4,2,72,18.0,18
train,15945,4,3,104,26.0,26
train,15946,4,3,104,26.0,26
train,15947,4,3,104,26.0,26
train,15948,4,3,104,26.0,26
train,15949,4,3,104,26.0,26
train,15950,4,3,104,26.0,26
train,15951,4,3,104,26.0,26
train,15952,5,2,310,62.0,64
train,15953,4,3,256,64.0,64
train,15954,5,2,310,62.0,64
train,15955,4,3,104,26.0,26
train,15956,4,3,104,26.0,26
train,15957,4,3,232,58.0,58
train,15958,4,3,104,26.0,26
train,15959,4,3,104,26.0,26
train,15960,4,3,200,50.0,50
train,15961,4,3,232,58.0,58
train,15962,4,3,104,26.0,26
train,15963,8,2,144,18.0,18
train,15964,4,3,104,26.0,26
train,15965,5,2,154,30.8,44
train,15966,4,2,56,14.0,14
train,15967,8,2,96,12.0,12
train,15968,4,2,56,14.0,14
train,15969,4,2,32,8.0,8
train,15970,4,2,56,14.0,14
train,15971,5,2,250,50.0,52
train,15972,4,2,48,12.0,12
train,15973,5,2,250,50.0,52
train,15974,8,2,96,12.0,12
train,15975,16,2,640,40.0,44
train,15976,8,2,120,15.0,18
train,15977,4,2,104,26.0,26
train,15978,4,3,232,58.0,58
train,15979,29,2,908,31.310344827586206,40
train,15980,4,2,216,54.0,54
train,15981,4,2,104,26.0,26
train,15982,29,2,1004,34.62068965517241,40
train,15983,2,3,116,58.0,58
train,15984,4,3,232,58.0,58
train,15985,4,2,168,42.0,42
train,15986,4,2,168,42.0,42
train,15987,4,2,104,26.0,26
train,15988,4,3,104,26.0,26
train,15989,4,3,104,26.0,26
train,15990,4,2,104,26.0,26
train,15991,2,3,88,44.0,44
train,15992,4,2,72,18.0,18
train,15993,9,2,400,44.44444444444444,50
train,15994,4,3,72,18.0,18
train,15995,4,3,72,18.0,18
train,15996,4,2,72,18.0,18
train,15997,4,2,104,26.0,26
train,15998,4,2,56,14.0,14
train,15999,4,3,168,42.0,42
train,16000,4,2,56,14.0,14
train,16001,4,3,64,16.0,16
train,16002,4,3,104,26.0,26
train,16003,4,3,104,26.0,26
train,16004,4,3,104,26.0,26
train,16005,4,3,104,26.0,26
train,16006,4,3,64,16.0,16
train,16007,4,3,72,18.0,18
train,16008,4,2,72,18.0,18
train,16009,4,2,72,18.0,18
train,16010,4,2,168,42.0,42
train,16011,4,3,104,26.0,26
train,16012,4,2,48,12.0,12
train,16013,4,2,56,14.0,14
train,16014,4,3,104,26.0,26
train,16015,4,3,168,42.0,42
train,16016,4,2,56,14.0,14
train,16017,4,3,104,26.0,26
train,16018,4,3,104,26.0,26
train,16019,4,3,104,26.0,26
train,16020,4,3,104,26.0,26
train,16021,4,2,56,14.0,14
train,16022,4,2,56,14.0,14
train,16023,4,3,64,16.0,16
train,16024,5,2,310,62.0,64
train,16025,4,2,168,42.0,42
train,16026,4,2,72,18.0,18
train,16027,4,3,104,26.0,26
train,16028,4,2,56,14.0,14
train,16029,2,3,36,18.0,18
train,16030,5,3,370,74.0,86
train,16031,4,2,72,18.0,18
train,16032,4,2,104,26.0,26
train,16033,4,3,72,18.0,18
train,16034,4,2,104,26.0,26
train,16035,4,2,56,14.0,14
train,16036,4,2,104,26.0,26
train,16037,4,2,56,14.0,14
train,16038,4,2,104,26.0,26
train,16039,4,3,72,18.0,18
train,16040,4,3,232,58.0,58
train,16041,4,3,232,58.0,58
train,16042,4,3,200,50.0,50
train,16043,4,3,200,50.0,50
train,16044,4,3,200,50.0,50
train,16045,4,3,200,50.0,50
train,16046,4,3,200,50.0,50
train,16047,5,2,250,50.0,52
train,16048,4,3,168,42.0,42
train,16049,4,3,200,50.0,50
train,16050,4,3,232,58.0,58
train,16051,4,3,232,58.0,58
train,16052,4,3,200,50.0,50
train,16053,4,3,104,26.0,26
train,16054,4,2,104,26.0,26
train,16055,4,3,72,18.0,18
train,16056,4,3,72,18.0,18
train,16057,4,3,72,18.0,18
train,16058,4,3,72,18.0,18
train,16059,4,3,72,18.0,18
train,16060,4,3,136,34.0,34
train,16061,4,3,72,18.0,18
train,16062,5,2,250,50.0,52
train,16063,2,3,36,18.0,18
train,16064,2,3,36,18.0,18
train,16065,4,4,216,54.0,54
train,16066,2,3,48,24.0,24
train,16067,4,4,168,42.0,42
train,16068,4,3,72,18.0,18
train,16069,4,3,72,18.0,18
train,16070,5,2,250,50.0,52
train,16071,4,3,104,26.0,26
train,16072,2,4,48,24.0,24
train,16073,5,2,250,50.0,52
train,16074,2,3,64,32.0,32
train,16075,4,3,104,26.0,26
train,16076,2,4,76,38.0,38
train,16077,4,3,104,26.0,26
train,16078,4,2,72,18.0,18
train,16079,4,3,232,58.0,58
train,16080,4,2,104,26.0,26
train,16081,4,2,104,26.0,26
train,16082,4,2,104,26.0,26
train,16083,4,2,104,26.0,26
train,16084,4,4,184,46.0,46
train,16085,4,2,104,26.0,26
train,16086,3,3,54,18.0,18
train,16087,4,3,72,18.0,18
train,16088,4,2,104,26.0,26
train,16089,4,3,104,26.0,26
train,16090,4,3,104,26.0,26
train,16091,4,3,104,26.0,26
train,16092,2,4,100,50.0,50
train,16093,4,2,104,26.0,26
train,16094,4,3,104,26.0,26
train,16095,4,3,104,26.0,26
train,16096,4,3,104,26.0,26
train,16097,4,3,104,26.0,26
train,16098,4,3,200,50.0,50
train,16099,4,3,104,26.0,26
train,16100,4,2,104,26.0,26
train,16101,4,2,104,26.0,26
train,16102,4,3,104,26.0,26
train,16103,4,3,104,26.0,26
train,16104,4,2,72,18.0,18
train,16105,4,3,104,26.0,26
train,16106,4,2,72,18.0,18
train,16107,4,2,72,18.0,18
train,16108,4,3,72,18.0,18
train,16109,4,2,72,18.0,18
train,16110,4,2,104,26.0,26
train,16111,4,2,104,26.0,26
train,16112,4,3,104,26.0,26
train,16113,4,2,104,26.0,26
train,16114,4,3,72,18.0,18
train,16115,5,2,310,62.0,64
train,16116,4,3,72,18.0,18
train,16117,4,3,72,18.0,18
train,16118,4,3,72,18.0,18
train,16119,4,3,72,18.0,18
train,16120,4,2,72,18.0,18
train,16121,4,2,168,42.0,42
train,16122,4,3,136,34.0,34
train,16123,4,3,72,18.0,18
train,16124,4,3,72,18.0,18
train,16125,4,3,104,26.0,26
train,16126,4,3,72,18.0,18
train,16127,4,3,104,26.0,26
train,16128,4,2,72,18.0,18
train,16129,4,3,104,26.0,26
train,16130,4,3,104,26.0,26
train,16131,4,3,104,26.0,26
train,16132,4,3,72,18.0,18
train,16133,4,2,104,26.0,26
train,16134,4,2,104,26.0,26
train,16135,4,3,104,26.0,26
train,16136,4,3,104,26.0,26
train,16137,4,3,104,26.0,26
train,16138,2,3,36,18.0,18
train,16139,4,3,72,18.0,18
train,16140,4,3,104,26.0,26
train,16141,4,2,104,26.0,26
train,16142,4,2,104,26.0,26
train,16143,4,3,104,26.0,26
train,16144,2,3,40,20.0,20
train,16145,4,3,104,26.0,26
train,16146,4,3,104,26.0,26
train,16147,4,3,104,26.0,26
train,16148,4,2,104,26.0,26
train,16149,4,2,104,26.0,26
train,16150,4,3,104,26.0,26
train,16151,4,3,104,26.0,26
train,16152,4,3,136,34.0,34
train,16153,4,3,104,26.0,26
train,16154,4,2,56,14.0,14
train,16155,2,3,36,18.0,18
train,16156,4,3,72,18.0,18
train,16157,2,3,36,18.0,18
train,16158,4,2,104,26.0,26
train,16159,4,3,72,18.0,18
train,16160,4,3,104,26.0,26
train,16161,4,3,104,26.0,26
train,16162,4,3,104,26.0,26
train,16163,4,2,104,26.0,26
train,16164,4,3,104,26.0,26
train,16165,4,3,104,26.0,26
train,16166,4,3,104,26.0,26
train,16167,4,3,104,26.0,26
train,16168,4,2,72,18.0,18
train,16169,4,3,104,26.0,26
train,16170,4,2,72,18.0,18
train,16171,4,2,104,26.0,26
train,16172,4,3,104,26.0,26
train,16173,4,3,72,18.0,18
train,16174,4,3,104,26.0,26
train,16175,4,2,104,26.0,26
train,16176,4,3,104,26.0,26
train,16177,4,2,104,26.0,26
train,16178,4,2,104,26.0,26
train,16179,4,2,72,18.0,18
train,16180,4,2,56,14.0,14
train,16181,4,2,104,26.0,26
train,16182,4,2,72,18.0,18
train,16183,4,2,104,26.0,26
train,16184,4,3,72,18.0,18
train,16185,4,3,72,18.0,18
train,16186,4,2,56,14.0,14
train,16187,4,3,72,18.0,18
train,16188,4,3,72,18.0,18
train,16189,4,3,72,18.0,18
train,16190,4,2,72,18.0,18
train,16191,4,3,72,18.0,18
train,16192,4,2,72,18.0,18
train,16193,4,2,72,18.0,18
train,16194,4,3,72,18.0,18
train,16195,4,3,72,18.0,18
train,16196,4,3,72,18.0,18
train,16197,4,3,104,26.0,26
train,16198,4,3,64,16.0,16
train,16199,4,2,104,26.0,26
train,16200,4,3,104,26.0,26
train,16201,4,2,104,26.0,26
train,16202,2,3,36,18.0,18
train,16203,4,2,72,18.0,18
train,16204,4,3,232,58.0,58
train,16205,4,3,200,50.0,50
train,16206,4,3,200,50.0,50
train,16207,4,3,232,58.0,58
train,16208,4,2,72,18.0,18
train,16209,4,3,72,18.0,18
train,16210,2,4,76,38.0,38
train,16211,4,2,104,26.0,26
train,16212,4,2,56,14.0,14
train,16213,4,2,168,42.0,42
train,16214,4,2,56,14.0,14
train,16215,4,4,196,49.0,50
train,16216,4,3,104,26.0,26
train,16217,4,3,232,58.0,58
train,16218,4,4,220,55.0,56
train,16219,4,2,168,42.0,42
train,16220,4,3,104,26.0,26
train,16221,4,3,168,42.0,42
train,16222,4,2,56,14.0,14
train,16223,4,3,104,26.0,26
train,16224,4,3,104,26.0,26
train,16225,4,3,104,26.0,26
train,16226,4,3,200,50.0,50
train,16227,4,3,200,50.0,50
train,16228,4,3,104,26.0,26
train,16229,4,3,200,50.0,50
train,16230,4,3,200,50.0,50
train,16231,4,3,200,50.0,50
train,16232,4,3,104,26.0,26
train,16233,4,3,104,26.0,26
train,16234,4,3,200,50.0,50
train,16235,4,3,200,50.0,50
train,16236,4,3,200,50.0,50
train,16237,4,3,200,50.0,50
train,16238,4,3,200,50.0,50
train,16239,4,3,104,26.0,26
train,16240,4,3,104,26.0,26
train,16241,4,3,168,42.0,42
train,16242,4,3,200,50.0,50
train,16243,4,3,200,50.0,50
train,16244,8,3,148,18.5,20
train,16245,4,3,168,42.0,42
train,16246,4,3,64,16.0,16
train,16247,8,2,124,15.5,16
train,16248,4,3,200,50.0,50
train,16249,4,2,104,26.0,26
train,16250,4,3,232,58.0,58
train,16251,4,3,72,18.0,18
train,16252,2,3,36,18.0,18
train,16253,4,3,104,26.0,26
train,16254,4,2,104,26.0,26
train,16255,4,3,104,26.0,26
train,16256,4,4,80,20.0,20
train,16257,4,2,72,18.0,18
train,16258,4,2,72,18.0,18
train,16259,20,2,1304,65.2,67
train,16260,4,2,104,26.0,26
train,16261,4,2,104,26.0,26
train,16262,2,3,36,18.0,18
train,16263,4,2,104,26.0,26
train,16264,4,3,72,18.0,18
train,16265,4,2,72,18.0,18
train,16266,4,2,104,26.0,26
train,16267,4,3,104,26.0,26
train,16268,4,2,72,18.0,18
train,16269,4,3,104,26.0,26
train,16270,4,3,104,26.0,26
train,16271,4,3,104,26.0,26
train,16272,4,2,72,18.0,18
train,16273,4,2,72,18.0,18
train,16274,4,2,104,26.0,26
train,16275,4,2,72,18.0,18
train,16276,4,2,168,42.0,42
train,16277,4,2,72,18.0,18
train,16278,4,2,56,14.0,14
train,16279,4,2,104,26.0,26
train,16280,4,2,56,14.0,14
train,16281,4,2,72,18.0,18
train,16282,4,2,56,14.0,14
train,16283,4,3,64,16.0,16
train,16284,4,3,108,27.0,28
train,16285,4,2,56,14.0,14
train,16286,4,2,56,14.0,14
train,16287,4,2,104,26.0,26
train,16288,4,2,56,14.0,14
train,16289,4,2,104,26.0,26
train,16290,4,2,56,14.0,14
train,16291,4,2,56,14.0,14
train,16292,4,2,72,18.0,18
train,16293,4,2,48,12.0,12
train,16294,4,2,56,14.0,14
train,16295,4,3,48,12.0,12
train,16296,4,2,56,14.0,14
train,16297,4,2,48,12.0,12
train,16298,4,2,56,14.0,14
train,16299,4,2,56,14.0,14
train,16300,4,2,56,14.0,14
train,16301,4,2,72,18.0,18
train,16302,4,2,72,18.0,18
train,16303,4,2,72,18.0,18
train,16304,4,2,56,14.0,14
train,16305,4,2,48,12.0,12
train,16306,4,2,56,14.0,14
train,16307,4,2,72,18.0,18
train,16308,4,2,56,14.0,14
train,16309,6,2,96,16.0,18
train,16310,4,3,104,26.0,26
train,16311,4,3,48,12.0,12
train,16312,4,2,56,14.0,14
train,16313,12,2,568,47.333333333333336,51
train,16314,4,2,56,14.0,14
train,16315,4,3,104,26.0,26
train,16316,5,2,250,50.0,52
train,16317,4,3,232,58.0,58
train,16318,4,3,200,50.0,50
train,16319,4,3,200,50.0,50
train,16320,4,2,168,42.0,42
train,16321,4,3,232,58.0,58
train,16322,4,3,200,50.0,50
train,16323,4,3,200,50.0,50
train,16324,4,3,200,50.0,50
train,16325,4,3,200,50.0,50
train,16326,4,3,232,58.0,58
train,16327,4,3,200,50.0,50
train,16328,4,3,200,50.0,50
train,16329,4,3,200,50.0,50
train,16330,4,2,168,42.0,42
train,16331,4,3,168,42.0,42
train,16332,4,2,104,26.0,26
train,16333,4,3,104,26.0,26
train,16334,4,2,168,42.0,42
train,16335,4,3,168,42.0,42
train,16336,4,3,72,18.0,18
train,16337,4,2,56,14.0,14
train,16338,4,2,56,14.0,14
train,16339,2,3,100,50.0,50
train,16340,4,3,232,58.0,58
train,16341,4,4,184,46.0,46
train,16342,4,3,104,26.0,26
train,16343,4,3,104,26.0,26
train,16344,4,3,104,26.0,26
train,16345,4,2,72,18.0,18
train,16346,4,2,72,18.0,18
train,16347,4,3,104,26.0,26
train,16348,4,3,104,26.0,26
train,16349,4,3,104,26.0,26
train,16350,4,3,72,18.0,18
train,16351,4,3,72,18.0,18
train,16352,4,2,72,18.0,18
train,16353,4,2,72,18.0,18
train,16354,4,2,72,18.0,18
train,16355,4,3,72,18.0,18
train,16356,4,3,72,18.0,18
train,16357,4,3,72,18.0,18
train,16358,4,3,72,18.0,18
train,16359,4,2,72,18.0,18
train,16360,4,2,72,18.0,18
train,16361,4,3,72,18.0,18
train,16362,4,3,72,18.0,18
train,16363,4,2,72,18.0,18
train,16364,4,3,72,18.0,18
train,16365,4,3,72,18.0,18
train,16366,4,3,72,18.0,18
train,16367,4,3,104,26.0,26
train,16368,4,2,104,26.0,26
train,16369,4,3,104,26.0,26
train,16370,4,2,104,26.0,26
train,16371,4,2,104,26.0,26
train,16372,4,3,104,26.0,26
train,16373,4,2,104,26.0,26
train,16374,4,2,72,18.0,18
train,16375,4,3,104,26.0,26
train,16376,4,2,104,26.0,26
train,16377,5,2,250,50.0,52
train,16378,4,2,104,26.0,26
train,16379,4,3,104,26.0,26
train,16380,4,2,104,26.0,26
train,16381,4,3,72,18.0,18
train,16382,4,3,104,26.0,26
train,16383,4,3,104,26.0,26
train,16384,4,2,56,14.0,14
train,16385,4,3,104,26.0,26
train,16386,4,3,104,26.0,26
train,16387,4,2,104,26.0,26
train,16388,4,2,168,42.0,42
train,16389,4,4,168,42.0,42
train,16390,4,3,200,50.0,50
train,16391,4,3,104,26.0,26
train,16392,4,3,104,26.0,26
train,16393,4,3,104,26.0,26
train,16394,4,3,72,18.0,18
train,16395,4,3,72,18.0,18
train,16396,4,3,72,18.0,18
train,16397,4,3,104,26.0,26
train,16398,4,3,72,18.0,18
train,16399,4,3,232,58.0,58
train,16400,4,3,232,58.0,58
train,16401,4,3,232,58.0,58
train,16402,4,3,232,58.0,58
train,16403,5,3,370,74.0,86
train,16404,4,3,232,58.0,58
train,16405,4,3,232,58.0,58
train,16406,4,3,232,58.0,58
train,16407,4,3,232,58.0,58
train,16408,4,3,232,58.0,58
train,16409,4,3,232,58.0,58
train,16410,4,3,232,58.0,58
train,16411,4,3,104,26.0,26
train,16412,4,3,104,26.0,26
train,16413,4,3,232,58.0,58
train,16414,4,3,104,26.0,26
train,16415,4,2,72,18.0,18
train,16416,4,3,64,16.0,16
train,16417,4,2,168,42.0,42
train,16418,4,2,216,54.0,54
train,16419,4,3,104,26.0,26
train,16420,4,3,72,18.0,18
train,16421,2,4,100,50.0,50
train,16422,4,3,232,58.0,58
train,16423,4,3,232,58.0,58
train,16424,4,2,168,42.0,42
train,16425,4,2,104,26.0,26
train,16426,4,2,72,18.0,18
train,16427,4,3,232,58.0,58
train,16428,4,4,184,46.0,46
train,16429,4,2,72,18.0,18
train,16430,4,2,72,18.0,18
train,16431,4,3,232,58.0,58
train,16432,4,2,72,18.0,18
train,16433,4,3,232,58.0,58
train,16434,4,3,232,58.0,58
train,16435,4,2,72,18.0,18
train,16436,4,2,72,18.0,18
train,16437,4,2,72,18.0,18
train,16438,4,2,72,18.0,18
train,16439,4,2,72,18.0,18
train,16440,4,3,104,26.0,26
train,16441,4,2,168,42.0,42
train,16442,4,2,72,18.0,18
train,16443,4,2,72,18.0,18
train,16444,4,2,72,18.0,18
train,16445,10,3,476,47.6,50
train,16446,4,2,104,26.0,26
train,16447,4,3,72,18.0,18
train,16448,4,3,72,18.0,18
train,16449,4,3,72,18.0,18
train,16450,4,3,104,26.0,26
train,16451,4,3,72,18.0,18
train,16452,4,3,104,26.0,26
train,16453,5,2,250,50.0,52
train,16454,4,3,256,64.0,64
train,16455,4,3,104,26.0,26
train,16456,4,2,168,42.0,42
train,16457,4,3,104,26.0,26
train,16458,4,3,104,26.0,26
train,16459,4,3,100,25.0,25
train,16460,4,3,104,26.0,26
train,16461,4,3,104,26.0,26
train,16462,4,3,104,26.0,26
train,16463,4,3,104,26.0,26
train,16464,4,3,104,26.0,26
train,16465,4,3,232,58.0,58
train,16466,4,3,200,50.0,50
train,16467,4,3,200,50.0,50
train,16468,4,3,104,26.0,26
train,16469,4,3,104,26.0,26
train,16470,4,3,104,26.0,26
train,16471,4,3,104,26.0,26
train,16472,4,3,104,26.0,26
train,16473,4,2,104,26.0,26
train,16474,4,2,72,18.0,18
train,16475,4,3,104,26.0,26
train,16476,4,3,104,26.0,26
train,16477,4,3,72,18.0,18
train,16478,4,3,72,18.0,18
train,16479,4,3,104,26.0,26
train,16480,4,2,168,42.0,42
train,16481,4,3,168,42.0,42
train,16482,4,3,104,26.0,26
train,16483,4,3,104,26.0,26
train,16484,4,3,232,58.0,58
train,16485,4,3,232,58.0,58
train,16486,4,3,232,58.0,58
train,16487,4,3,232,58.0,58
train,16488,4,3,104,26.0,26
train,16489,4,3,232,58.0,58
train,16490,4,3,104,26.0,26
train,16491,4,3,104,26.0,26
train,16492,4,3,104,26.0,26
train,16493,4,3,104,26.0,26
train,16494,4,3,104,26.0,26
train,16495,4,3,104,26.0,26
train,16496,4,3,104,26.0,26
train,16497,4,4,184,46.0,46
train,16498,4,3,72,18.0,18
train,16499,4,4,216,54.0,54
train,16500,4,3,48,12.0,12
train,16501,4,3,104,26.0,26
train,16502,3,3,36,12.0,12
train,16503,4,3,104,26.0,26
train,16504,4,2,36,9.0,9
train,16505,4,3,72,18.0,18
train,16506,3,4,136,45.333333333333336,46
train,16507,4,3,64,16.0,16
train,16508,4,2,104,26.0,26
train,16509,4,3,72,18.0,18
train,16510,4,3,72,18.0,18
train,16511,4,3,184,46.0,46
train,16512,18,3,972,54.0,63
train,16513,4,3,72,18.0,18
train,16514,2,3,36,18.0,18
train,16515,4,3,168,42.0,42
train,16516,4,4,184,46.0,46
train,16517,4,3,168,42.0,42
train,16518,2,4,100,50.0,50
train,16519,4,3,72,18.0,18
train,16520,2,4,112,56.0,56
train,16521,5,3,466,93.2,98
train,16522,4,3,168,42.0,42
train,16523,4,4,184,46.0,46
train,16524,4,3,136,34.0,34
train,16525,4,3,136,34.0,34
train,16526,16,2,404,25.25,26
train,16527,20,2,472,23.6,25
train,16528,20,2,604,30.2,33
train,16529,20,2,428,21.4,22
train,16530,16,2,304,19.0,19
train,16531,16,2,1872,117.0,130
train,16532,20,2,608,30.4,32
train,16533,20,2,708,35.4,36
train,16534,16,2,640,40.0,42
train,16535,20,2,840,42.0,45
train,16536,20,3,1496,74.8,77
train,16537,16,2,312,19.5,22
train,16538,20,2,2104,105.2,110
train,16539,18,2,436,24.22222222222222,26
train,16540,17,2,700,41.1764705882353,46
train,16541,20,2,1256,62.8,66
train,16542,16,2,552,34.5,38
train,16543,16,2,272,17.0,19
train,16544,16,3,1104,69.0,76
train,16545,16,2,784,49.0,56
train,16546,20,2,656,32.8,36
train,16547,20,2,640,32.0,34
train,16548,17,2,608,35.76470588235294,37
train,16549,16,2,276,17.25,19
train,16550,20,2,640,32.0,34
train,16551,20,2,768,38.4,40
train,16552,16,2,1160,72.5,78
train,16553,20,2,656,32.8,35
train,16554,20,2,444,22.2,29
train,16555,20,2,544,27.2,29
train,16556,20,2,552,27.6,31
train,16557,16,2,880,55.0,56
train,16558,20,2,2056,102.8,108
train,16559,20,2,276,13.8,15
train,16560,16,2,376,23.5,26
train,16561,16,2,364,22.75,25
train,16562,16,2,638,39.875,44
train,16563,20,2,548,27.4,31
train,16564,20,2,364,18.2,19
train,16565,16,2,332,20.75,23
train,16566,20,2,880,44.0,46
train,16567,20,2,364,18.2,19
train,16568,20,2,544,27.2,30
train,16569,20,2,996,49.8,55
train,16570,18,2,740,41.111111111111114,44
train,16571,20,2,608,30.4,34
train,16572,18,2,444,24.666666666666668,26
train,16573,16,2,568,35.5,38
train,16574,20,2,552,27.6,31
train,16575,20,2,976,48.8,59
train,16576,20,2,640,32.0,34
train,16577,17,2,604,35.529411764705884,44
train,16578,16,2,504,31.5,34
train,16579,16,2,452,28.25,29
train,16580,20,2,508,25.4,27
train,16581,18,2,460,25.555555555555557,26
train,16582,20,2,640,32.0,34
train,16583,16,2,384,24.0,25
train,16584,16,2,272,17.0,19
train,16585,20,2,608,30.4,32
train,16586,20,2,952,47.6,49
train,16587,17,2,530,31.176470588235293,38
train,16588,20,2,568,28.4,31
train,16589,16,2,1880,117.5,119
train,16590,18,2,1492,82.88888888888889,90
train,16591,20,2,568,28.4,32
train,16592,20,2,512,25.6,30
train,16593,20,2,1064,53.2,57
train,16594,16,2,656,41.0,42
train,16595,20,2,592,29.6,32
train,16596,16,2,524,32.75,35
train,16597,20,2,436,21.8,24
train,16598,20,2,400,20.0,21
train,16599,16,2,608,38.0,38
train,16600,20,2,928,46.4,48
train,16601,16,2,484,30.25,32
train,16602,17,2,412,24.235294117647058,26
train,16603,16,2,472,29.5,33
train,16604,16,2,404,25.25,28
train,16605,16,2,308,19.25,23
train,16606,18,2,1230,68.33333333333333,71
train,16607,18,2,388,21.555555555555557,25
train,16608,16,2,492,30.75,35
train,16609,18,2,1036,57.55555555555556,61
train,16610,20,2,592,29.6,32
train,16611,17,2,1530,90.0,91
train,16612,18,2,540,30.0,31
train,16613,20,2,1064,53.2,56
train,16614,22,2,968,44.0,45
train,16615,8,2,312,39.0,40
train,16616,22,2,1164,52.90909090909091,56
train,16617,20,2,576,28.8,32
train,16618,24,2,1524,63.5,70
train,16619,24,2,616,25.666666666666668,26
train,16620,22,2,588,26.727272727272727,30
train,16621,22,2,1004,45.63636363636363,47
train,16622,22,2,900,40.90909090909091,47
train,16623,20,2,272,13.6,15
train,16624,23,2,1176,51.130434782608695,53
train,16625,24,2,1396,58.166666666666664,63
train,16626,24,2,1448,60.333333333333336,64
train,16627,22,2,652,29.636363636363637,31
train,16628,17,2,700,41.1764705882353,46
train,16629,24,2,516,21.5,26
train,16630,20,2,608,30.4,32
train,16631,22,2,1164,52.90909090909091,56
train,16632,22,3,520,23.636363636363637,25
train,16633,20,2,352,17.6,20
train,16634,22,3,416,18.90909090909091,21
train,16635,21,2,996,47.42857142857143,50
train,16636,16,2,700,43.75,46
train,16637,22,2,1404,63.81818181818182,74
train,16638,22,2,692,31.454545454545453,32
train,16639,23,2,1122,48.78260869565217,50
train,16640,22,2,428,19.454545454545453,23
train,16641,16,2,524,32.75,36
train,16642,24,2,684,28.5,29
train,16643,22,3,432,19.636363636363637,21
train,16644,24,2,432,18.0,19
train,16645,22,2,1156,52.54545454545455,54
train,16646,22,2,1004,45.63636363636363,47
train,16647,23,2,1116,48.52173913043478,50
train,16648,24,2,1312,54.666666666666664,58
train,16649,22,3,472,21.454545454545453,25
train,16650,24,2,1264,52.666666666666664,57
train,16651,22,2,936,42.54545454545455,45
train,16652,22,3,464,21.09090909090909,24
train,16653,22,2,456,20.727272727272727,22
train,16654,24,2,596,24.833333333333332,25
train,16655,24,2,480,20.0,22
train,16656,24,2,660,27.5,29
train,16657,24,2,864,36.0,38
train,16658,21,2,1072,51.04761904761905,54
train,16659,24,2,552,23.0,28
train,16660,21,3,1180,56.19047619047619,62
train,16661,24,2,940,39.166666666666664,41
train,16662,21,3,1248,59.42857142857143,65
train,16663,24,2,868,36.166666666666664,37
train,16664,22,2,844,38.36363636363637,42
train,16665,24,2,416,17.333333333333332,19
train,16666,24,2,1372,57.166666666666664,59
train,16667,24,2,1802,75.08333333333333,81
train,16668,24,2,1768,73.66666666666667,80
train,16669,24,2,632,26.333333333333332,28
train,16670,22,2,1196,54.36363636363637,60
train,16671,22,2,1040,47.27272727272727,53
train,16672,24,2,1012,42.166666666666664,46
train,16673,22,2,416,18.90909090909091,23
train,16674,22,2,936,42.54545454545455,46
train,16675,24,2,1888,78.66666666666667,90
train,16676,24,2,456,19.0,21
train,16677,24,2,1084,45.166666666666664,54
train,16678,22,2,376,17.09090909090909,22
train,16679,24,2,900,37.5,40
train,16680,24,2,848,35.333333333333336,37
train,16681,22,2,1072,48.72727272727273,52
train,16682,24,2,760,31.666666666666668,35
train,16683,24,2,1056,44.0,44
train,16684,24,2,804,33.5,36
train,16685,24,2,616,25.666666666666668,26
train,16686,24,2,1304,54.333333333333336,58
train,16687,24,2,1152,48.0,52
train,16688,24,2,1320,55.0,58
train,16689,22,2,1024,46.54545454545455,50
train,16690,24,3,1386,57.75,60
train,16691,24,2,1824,76.0,80
train,16692,24,2,576,24.0,28
train,16693,22,2,1164,52.90909090909091,56
train,16694,24,2,912,38.0,40
train,16695,22,2,404,18.363636363636363,23
train,16696,24,2,1132,47.166666666666664,50
train,16697,24,2,1908,79.5,86
train,16698,24,2,1064,44.333333333333336,47
train,16699,22,2,936,42.54545454545455,46
train,16700,24,2,510,21.25,23
train,16701,22,3,1076,48.90909090909091,51
train,16702,22,2,452,20.545454545454547,23
train,16703,22,2,1056,48.0,52
train,16704,24,2,940,39.166666666666664,41
train,16705,24,2,600,25.0,29
train,16706,24,2,940,39.166666666666664,41
train,16707,24,2,552,23.0,25
train,16708,22,2,1404,63.81818181818182,71
train,16709,24,2,640,26.666666666666668,29
train,16710,24,3,1656,69.0,78
train,16711,16,2,352,22.0,23
train,16712,24,2,736,30.666666666666668,35
train,16713,24,2,588,24.5,28
train,16714,24,2,1560,65.0,74
train,16715,24,2,872,36.333333333333336,38
train,16716,22,2,1000,45.45454545454545,50
train,16717,22,2,936,42.54545454545455,46
train,16718,22,2,452,20.545454545454547,24
train,16719,24,3,788,32.833333333333336,36
train,16720,24,2,1180,49.166666666666664,52
train,16721,22,2,840,38.18181818181818,43
train,16722,22,2,1020,46.36363636363637,50
train,16723,24,2,440,18.333333333333332,20
train,16724,24,2,840,35.0,38
train,16725,22,2,840,38.18181818181818,43
train,16726,22,2,1320,60.0,68
train,16727,24,2,848,35.333333333333336,38
train,16728,24,2,808,33.666666666666664,37
train,16729,23,2,1280,55.65217391304348,58
train,16730,22,2,996,45.27272727272727,48
train,16731,24,2,1392,58.0,61
train,16732,22,3,696,31.636363636363637,35
train,16733,24,2,1392,58.0,61
train,16734,24,2,880,36.666666666666664,38
train,16735,24,2,976,40.666666666666664,46
train,16736,24,2,848,35.333333333333336,37
train,16737,22,3,624,28.363636363636363,32
train,16738,22,2,1040,47.27272727272727,50
train,16739,22,3,608,27.636363636363637,30
train,16740,22,3,600,27.272727272727273,30
train,16741,26,2,1124,43.23076923076923,49
train,16742,30,2,1448,48.266666666666666,53
train,16743,28,2,608,21.714285714285715,23
train,16744,26,3,1480,56.92307692307692,67
train,16745,30,2,1360,45.333333333333336,51
train,16746,28,2,652,23.285714285714285,26
train,16747,29,2,1234,42.55172413793103,50
train,16748,30,2,1384,46.13333333333333,50
train,16749,26,2,1100,42.30769230769231,46
train,16750,28,2,656,23.428571428571427,25
train,16751,28,2,1176,42.0,45
train,16752,28,2,1128,40.285714285714285,43
train,16753,26,2,1248,48.0,53
train,16754,28,2,664,23.714285714285715,28
train,16755,28,2,1264,45.142857142857146,50
train,16756,26,2,1734,66.6923076923077,72
train,16757,28,2,552,19.714285714285715,24
train,16758,28,2,464,16.571428571428573,20
train,16759,28,2,1368,48.857142857142854,51
train,16760,28,2,816,29.142857142857142,33
train,16761,30,2,840,28.0,32
train,16762,30,2,2132,71.06666666666666,77
train,16763,26,3,1360,52.30769230769231,61
train,16764,29,2,1210,41.724137931034484,50
train,16765,28,2,480,17.142857142857142,20
train,16766,30,2,1164,38.8,44
train,16767,29,2,1210,41.724137931034484,50
train,16768,28,2,1088,38.857142857142854,45
train,16769,28,2,1376,49.142857142857146,56
train,16770,25,2,1530,61.2,62
train,16771,28,2,688,24.571428571428573,28
train,16772,29,2,1402,48.3448275862069,50
train,16773,28,2,2072,74.0,86
train,16774,28,2,648,23.142857142857142,28
train,16775,26,2,456,17.53846153846154,19
train,16776,28,2,536,19.142857142857142,20
train,16777,28,2,664,23.714285714285715,28
train,16778,28,2,1280,45.714285714285715,56
train,16779,28,2,816,29.142857142857142,33
train,16780,29,2,1402,48.3448275862069,54
train,16781,27,2,1812,67.11111111111111,74
train,16782,28,2,680,24.285714285714285,28
train,16783,29,2,1234,42.55172413793103,50
train,16784,28,2,1928,68.85714285714286,86
train,16785,27,2,2016,74.66666666666667,80
train,16786,28,2,696,24.857142857142858,28
train,16787,28,2,784,28.0,33
train,16788,26,2,1408,54.15384615384615,59
train,16789,26,2,1042,40.07692307692308,47
train,16790,26,2,1376,52.92307692307692,58
train,16791,27,2,2124,78.66666666666667,81
train,16792,28,2,744,26.571428571428573,28
train,16793,26,3,1664,64.0,69
train,16794,28,2,560,20.0,23
train,16795,28,2,624,22.285714285714285,25
train,16796,26,2,456,17.53846153846154,19
train,16797,28,2,728,26.0,29
train,16798,29,2,1210,41.724137931034484,50
train,16799,28,2,2704,96.57142857142857,101
train,16800,29,2,1258,43.37931034482759,50
train,16801,28,2,592,21.142857142857142,26
train,16802,28,2,640,22.857142857142858,26
train,16803,30,2,1136,37.86666666666667,50
train,16804,29,2,1498,51.6551724137931,54
train,16805,28,2,2072,74.0,86
train,16806,28,2,1120,40.0,43
train,16807,26,2,1400,53.84615384615385,59
train,16808,30,2,880,29.333333333333332,32
train,16809,28,2,720,25.714285714285715,28
train,16810,28,2,1232,44.0,48
train,16811,28,2,784,28.0,31
train,16812,27,2,1200,44.44444444444444,47
train,16813,28,2,776,27.714285714285715,33
train,16814,28,2,784,28.0,31
train,16815,30,3,964,32.13333333333333,39
train,16816,28,2,1400,50.0,53
train,16817,29,2,1258,43.37931034482759,50
train,16818,28,2,688,24.571428571428573,28
train,16819,36,2,1744,48.44444444444444,51
train,16820,28,2,1296,46.285714285714285,47
train,16821,28,2,536,19.142857142857142,20
train,16822,30,2,1608,53.6,57
train,16823,28,2,760,27.142857142857142,30
train,16824,28,2,688,24.571428571428573,28
train,16825,30,2,1676,55.86666666666667,60
train,16826,28,2,528,18.857142857142858,21
train,16827,26,3,2108,81.07692307692308,83
train,16828,26,2,592,22.76923076923077,27
train,16829,30,2,832,27.733333333333334,29
train,16830,29,2,1234,42.55172413793103,50
train,16831,36,2,1308,36.333333333333336,40
train,16832,40,2,2136,53.4,54
train,16833,36,2,1416,39.333333333333336,45
train,16834,36,2,1404,39.0,42
train,16835,36,2,2584,71.77777777777777,76
train,16836,36,2,1320,36.666666666666664,41
train,16837,40,2,1440,36.0,39
train,16838,36,2,1416,39.333333333333336,45
train,16839,34,2,1900,55.88235294117647,59
train,16840,42,2,1952,46.476190476190474,55
train,16841,38,2,1168,30.736842105263158,36
train,16842,32,2,1536,48.0,52
train,16843,36,2,1676,46.55555555555556,52
train,16844,32,2,1080,33.75,39
train,16845,32,2,824,25.75,29
train,16846,34,2,1148,33.76470588235294,41
train,16847,40,2,2416,60.4,68
train,16848,40,2,2836,70.9,88
train,16849,38,2,2304,60.63157894736842,66
train,16850,36,2,700,19.444444444444443,23
train,16851,44,2,2172,49.36363636363637,55
train,16852,40,2,1150,28.75,34
train,16853,32,2,1528,47.75,55
train,16854,32,3,1652,51.625,64
train,16855,32,2,1064,33.25,39
train,16856,32,2,864,27.0,29
train,16857,32,2,1064,33.25,39
train,16858,32,2,1080,33.75,35
train,16859,32,2,1080,33.75,39
train,16860,32,2,1664,52.0,54
train,16861,32,2,872,27.25,29
train,16862,32,2,1424,44.5,46
train,16863,34,2,1360,40.0,42
train,16864,32,2,1064,33.25,39
train,16865,34,2,1834,53.94117647058823,59
train,16866,32,2,1064,33.25,39
train,16867,36,2,1316,36.55555555555556,41
train,16868,32,2,1188,37.125,38
train,16869,40,2,2200,55.0,57
train,16870,32,2,1544,48.25,53
train,16871,40,2,980,24.5,32
train,16872,32,2,1500,46.875,48
train,16873,40,2,1592,39.8,44
train,16874,34,2,1804,53.05882352941177,59
train,16875,50,2,2128,42.56,52
train,16876,20,2,820,41.0,44
train,16877,36,2,768,21.333333333333332,24
train,16878,40,2,2452,61.3,69
train,16879,41,2,1064,25.951219512195124,40
train,16880,36,2,1764,49.0,53
train,16881,32,2,1080,33.75,39
train,16882,42,2,2508,59.714285714285715,64
train,16883,32,2,1368,42.75,45
train,16884,36,2,1352,37.55555555555556,42
train,16885,36,2,1616,44.888888888888886,50
train,16886,36,2,1336,37.111111111111114,41
train,16887,32,2,1232,38.5,42
train,16888,40,2,1208,30.2,33
train,16889,32,2,880,27.5,30
train,16890,36,2,1564,43.44444444444444,52
train,16891,32,2,1848,57.75,60
train,16892,32,2,600,18.75,21
train,16893,32,2,520,16.25,19
train,16894,40,2,1676,41.9,50
train,16895,34,2,1880,55.294117647058826,59
train,16896,40,2,1816,45.4,46
train,16897,40,2,1412,35.3,38
train,16898,36,2,840,23.333333333333332,25
train,16899,40,2,1072,26.8,29
train,16900,32,2,2440,76.25,79
train,16901,40,2,1676,41.9,50
train,16902,36,2,1376,38.22222222222222,41
train,16903,36,2,736,20.444444444444443,23
train,16904,36,2,1986,55.166666666666664,59
train,16905,40,2,1412,35.3,38
train,16906,40,2,1200,30.0,32
train,16907,32,2,888,27.75,29
train,16908,32,2,576,18.0,21
train,16909,20,2,648,32.4,34
train,16910,6,3,132,22.0,23
train,16911,6,3,108,18.0,20
train,16912,6,3,348,58.0,58
train,16913,20,2,1044,52.2,55
train,16914,10,3,316,31.6,44
train,16915,20,2,364,18.2,19
train,16916,16,2,880,55.0,57
train,16917,12,3,330,27.5,32
train,16918,18,2,540,30.0,31
train,16919,18,2,516,28.666666666666668,30
train,16920,18,2,892,49.55555555555556,52
train,16921,12,3,302,25.166666666666668,29
train,16922,24,2,1168,48.666666666666664,53
train,16923,12,3,720,60.0,61
train,16924,16,2,458,28.625,36
train,16925,20,2,364,18.2,19
train,16926,20,2,1016,50.8,54
train,16927,20,2,1248,62.4,66
train,16928,20,2,1256,62.8,66
train,16929,18,2,340,18.88888888888889,22
train,16930,32,2,1460,45.625,50
train,16931,24,2,1224,51.0,55
train,16932,6,2,248,41.333333333333336,42
train,16933,20,2,496,24.8,27
train,16934,11,3,608,55.27272727272727,58
train,16935,10,2,244,24.4,27
train,16936,10,2,452,45.2,48
train,16937,10,3,188,18.8,22
train,16938,10,3,244,24.4,28
train,16939,10,2,500,50.0,52
train,16940,10,2,500,50.0,52
train,16941,10,2,500,50.0,52
train,16942,10,2,500,50.0,52
train,16943,10,2,500,50.0,52
train,16944,10,2,500,50.0,52
train,16945,10,2,500,50.0,52
train,16946,10,3,500,50.0,52
train,16947,10,2,356,35.6,44
train,16948,10,2,500,50.0,52
train,16949,10,2,456,45.6,47
train,16950,10,2,500,50.0,52
train,16951,10,2,500,50.0,52
train,16952,10,2,276,27.6,30
train,16953,10,2,500,50.0,52
train,16954,9,2,336,37.333333333333336,40
train,16955,10,2,500,50.0,52
train,16956,10,2,500,50.0,52
train,16957,9,2,516,57.333333333333336,60
train,16958,10,2,500,50.0,52
train,16959,9,2,172,19.11111111111111,22
train,16960,9,2,252,28.0,32
train,16961,10,2,158,15.8,20
train,16962,10,2,500,50.0,52
train,16963,10,2,500,50.0,52
train,16964,10,2,500,50.0,52
train,16965,9,2,166,18.444444444444443,22
train,16966,10,3,260,26.0,28
train,16967,6,3,128,21.333333333333332,23
train,16968,9,2,336,37.333333333333336,40
train,16969,9,2,520,57.77777777777778,59
train,16970,10,2,452,45.2,48
train,16971,9,2,252,28.0,32
train,16972,9,2,252,28.0,32
train,16973,9,2,412,45.77777777777778,47
train,16974,9,2,300,33.333333333333336,35
train,16975,9,3,628,69.77777777777777,80
train,16976,6,3,288,48.0,50
train,16977,10,2,500,50.0,52
train,16978,10,2,500,50.0,52
train,16979,9,2,412,45.77777777777778,47
train,16980,8,2,160,20.0,21
train,16981,8,2,320,40.0,45
train,16982,10,2,206,20.6,26
train,16983,10,2,158,15.8,20
train,16984,8,2,112,14.0,17
train,16985,10,3,160,16.0,17
train,16986,5,2,250,50.0,52
train,16987,5,3,224,44.8,47
train,16988,9,3,534,59.333333333333336,61
train,16989,10,3,160,16.0,17
train,16990,10,2,158,15.8,20
train,16991,10,2,500,50.0,52
train,16992,9,3,276,30.666666666666668,32
train,16993,10,3,308,30.8,32
train,16994,5,2,250,50.0,52
train,16995,10,2,500,50.0,52
train,16996,5,2,250,50.0,52
train,16997,5,2,310,62.0,64
train,16998,5,3,92,18.4,21
train,16999,4,3,200,50.0,50
train,17000,4,3,104,26.0,26
train,17001,4,3,104,26.0,26
train,17002,4,3,240,60.0,62
train,17003,4,2,148,37.0,38
train,17004,5,3,122,24.4,26
train,17005,10,2,244,24.4,26
train,17006,6,3,264,44.0,44
train,17007,5,3,158,31.6,32
train,17008,10,2,500,50.0,52
train,17009,10,2,316,31.6,34
train,17010,9,3,300,33.333333333333336,36
train,17011,10,2,244,24.4,26
train,17012,10,2,350,35.0,44
train,17013,9,2,124,13.777777777777779,16
train,17014,5,2,310,62.0,64
train,17015,10,2,500,50.0,52
train,17016,10,2,244,24.4,26
train,17017,10,2,184,18.4,20
train,17018,9,2,166,18.444444444444443,22
train,17019,4,2,56,14.0,14
train,17020,4,3,104,26.0,26
train,17021,4,3,104,26.0,26
train,17022,5,2,36,7.2,8
train,17023,5,3,94,18.8,24
train,17024,4,2,104,26.0,26
train,17025,4,2,72,18.0,18
train,17026,10,2,452,45.2,48
train,17027,10,2,500,50.0,52
train,17028,9,2,124,13.777777777777779,16
train,17029,3,3,64,21.333333333333332,22
train,17030,3,3,64,21.333333333333332,22
train,17031,3,3,112,37.333333333333336,44
train,17032,3,3,112,37.333333333333336,44
train,17033,3,3,78,26.0,27
train,17034,10,2,176,17.6,18
train,17035,3,3,72,24.0,26
train,17036,3,4,136,45.333333333333336,46
train,17037,2,3,64,32.0,32
train,17038,3,3,112,37.333333333333336,44
train,17039,3,4,126,42.0,42
train,17040,3,3,96,32.0,32
train,17041,3,3,96,32.0,32
train,17042,4,3,142,35.5,38
train,17043,10,2,500,50.0,52
train,17044,4,2,80,20.0,20
train,17045,10,2,500,50.0,52
train,17046,3,3,128,42.666666666666664,44
train,17047,2,3,88,44.0,44
train,17048,3,3,112,37.333333333333336,44
train,17049,2,3,52,26.0,26
train,17050,3,3,96,32.0,32
train,17051,10,2,500,50.0,52
train,17052,9,3,198,22.0,23
train,17053,2,3,52,26.0,26
train,17054,4,3,104,26.0,26
train,17055,5,3,192,38.4,40
train,17056,6,3,204,34.0,38
train,17057,2,4,100,50.0,50
train,17058,5,2,250,50.0,52
train,17059,5,2,106,21.2,26
train,17060,5,4,142,28.4,30
train,17061,9,2,360,40.0,44
train,17062,3,3,132,44.0,44
train,17063,5,2,250,50.0,52
train,17064,4,3,100,25.0,26
train,17065,10,2,208,20.8,26
train,17066,10,3,244,24.4,28
train,17067,10,3,268,26.8,28
train,17068,5,2,250,50.0,52
train,17069,4,3,232,58.0,58
train,17070,5,3,150,30.0,34
train,17071,6,3,160,26.666666666666668,28
train,17072,10,3,664,66.4,70
train,17073,4,3,104,26.0,26
train,17074,3,3,96,32.0,32
train,17075,5,2,250,50.0,52
train,17076,5,2,154,30.8,44
train,17077,2,3,64,32.0,32
train,17078,3,3,64,21.333333333333332,22
train,17079,5,2,310,62.0,64
train,17080,3,2,48,16.0,17
train,17081,5,3,158,31.6,32
train,17082,3,4,102,34.0,34
train,17083,2,3,100,50.0,50
train,17084,3,3,54,18.0,18
train,17085,10,3,500,50.0,52
train,17086,10,2,500,50.0,52
train,17087,3,3,90,30.0,32
train,17088,5,3,370,74.0,86
train,17089,3,3,132,44.0,44
train,17090,5,2,250,50.0,52
train,17091,5,2,310,62.0,64
train,17092,4,2,168,42.0,42
train,17093,3,3,96,32.0,32
train,17094,10,2,158,15.8,20
train,17095,10,2,500,50.0,52
train,17096,10,2,500,50.0,52
train,17097,10,2,500,50.0,52
train,17098,4,3,112,28.0,32
train,17099,8,2,344,43.0,46
train,17100,4,2,92,23.0,26
train,17101,4,3,104,26.0,26
train,17102,5,2,310,62.0,64
train,17103,8,2,296,37.0,40
train,17104,3,3,64,21.333333333333332,22
train,17105,5,2,250,50.0,52
train,17106,5,2,250,50.0,52
train,17107,3,3,112,37.333333333333336,44
train,17108,3,3,132,44.0,44
train,17109,3,3,64,21.333333333333332,22
train,17110,3,3,64,21.333333333333332,22
train,17111,6,3,192,32.0,32
train,17112,5,2,310,62.0,64
train,17113,8,3,396,49.5,50
train,17114,10,2,500,50.0,52
train,17115,10,2,500,50.0,52
train,17116,6,2,132,22.0,23
train,17117,5,2,250,50.0,52
train,17118,9,2,276,30.666666666666668,35
train,17119,2,3,84,42.0,42
train,17120,12,2,636,53.0,56
train,17121,12,3,712,59.333333333333336,62
train,17122,20,2,1184,59.2,62
train,17123,11,2,590,53.63636363636363,58
train,17124,3,3,60,20.0,20
train,17125,12,3,412,34.333333333333336,38
train,17126,14,3,508,36.285714285714285,44
train,17127,3,3,60,20.0,20
train,17128,20,2,1104,55.2,60
train,17129,36,2,816,22.666666666666668,25
train,17130,3,3,64,21.333333333333332,22
train,17131,16,2,744,46.5,50
train,17132,32,2,616,19.25,23
train,17133,22,2,888,40.36363636363637,46
train,17134,9,2,426,47.333333333333336,50
train,17135,17,2,772,45.411764705882355,56
train,17136,12,3,572,47.666666666666664,51
train,17137,3,3,60,20.0,20
train,17138,14,3,508,36.285714285714285,44
train,17139,4,3,92,23.0,26
train,17140,16,2,868,54.25,62
train,17141,20,2,544,27.2,32
train,17142,26,2,1380,53.07692307692308,56
train,17143,14,2,632,45.142857142857146,47
train,17144,10,2,500,50.0,52
train,17145,20,2,1000,50.0,53
train,17146,12,2,280,23.333333333333332,28
train,17147,12,2,268,22.333333333333332,23
train,17148,26,2,1192,45.84615384615385,49
train,17149,12,2,208,17.333333333333332,18
train,17150,12,2,328,27.333333333333332,29
train,17151,14,3,582,41.57142857142857,43
train,17152,10,3,224,22.4,25
train,17153,24,2,1188,49.5,53
train,17154,12,2,374,31.166666666666668,33
train,17155,12,2,404,33.666666666666664,38
train,17156,12,2,404,33.666666666666664,38
train,17157,12,3,542,45.166666666666664,49
train,17158,32,2,616,19.25,22
train,17159,5,2,76,15.2,20
train,17160,24,2,1276,53.166666666666664,56
train,17161,20,2,704,35.2,40
train,17162,12,2,264,22.0,24
train,17163,12,2,252,21.0,21
train,17164,19,2,818,43.05263157894737,47
train,17165,14,2,522,37.285714285714285,39
train,17166,14,2,552,39.42857142857143,41
train,17167,14,2,476,34.0,37
train,17168,32,2,624,19.5,23
train,17169,46,2,2308,50.17391304347826,55
train,17170,14,2,716,51.142857142857146,54
train,17171,5,4,446,89.2,94
train,17172,20,2,568,28.4,31
train,17173,10,2,192,19.2,20
train,17174,12,2,548,45.666666666666664,48
train,17175,20,2,448,22.4,23
train,17176,14,2,648,46.285714285714285,49
train,17177,12,2,426,35.5,44
train,17178,20,2,1176,58.8,62
train,17179,12,3,678,56.5,60
train,17180,10,2,192,19.2,20
train,17181,14,2,630,45.0,48
train,17182,10,2,192,19.2,20
train,17183,12,2,342,28.5,30
train,17184,14,2,594,42.42857142857143,45
train,17185,20,2,472,23.6,30
train,17186,14,2,634,45.285714285714285,48
train,17187,14,2,582,41.57142857142857,44
train,17188,12,3,412,34.333333333333336,38
train,17189,12,3,348,29.0,32
train,17190,18,2,920,51.111111111111114,52
train,17191,3,3,60,20.0,20
train,17192,28,2,1192,42.57142857142857,45
train,17193,5,3,78,15.6,18
train,17194,12,3,554,46.166666666666664,50
train,17195,12,2,540,45.0,50
train,17196,23,2,1164,50.608695652173914,56
train,17197,12,2,558,46.5,49
train,17198,20,2,532,26.6,29
train,17199,24,2,1032,43.0,45
train,17200,12,2,404,33.666666666666664,38
train,17201,15,2,498,33.2,38
train,17202,12,3,384,32.0,32
train,17203,24,2,464,19.333333333333332,22
train,17204,12,2,380,31.666666666666668,33
train,17205,24,2,448,18.666666666666668,19
train,17206,18,2,464,25.77777777777778,28
train,17207,20,2,336,16.8,18
train,17208,32,2,1400,43.75,48
train,17209,5,2,106,21.2,26
train,17210,14,2,630,45.0,48
train,17211,20,2,360,18.0,22
train,17212,14,2,606,43.285714285714285,46
train,17213,14,2,570,40.714285714285715,44
train,17214,13,2,392,30.153846153846153,36
train,17215,14,2,594,42.42857142857143,45
train,17216,14,2,558,39.857142857142854,43
train,17217,14,2,618,44.142857142857146,47
train,17218,14,2,522,37.285714285714285,39
train,17219,14,2,572,40.857142857142854,47
train,17220,36,2,872,24.22222222222222,26
train,17221,32,2,624,19.5,23
train,17222,14,2,400,28.571428571428573,32
train,17223,12,3,408,34.0,38
train,17224,12,3,408,34.0,38
train,17225,12,3,576,48.0,51
train,17226,12,2,328,27.333333333333332,29
train,17227,12,3,348,29.0,32
train,17228,10,2,192,19.2,20
train,17229,17,2,700,41.1764705882353,46
train,17230,10,2,192,19.2,20
train,17231,24,2,544,22.666666666666668,25
train,17232,10,2,192,19.2,20
train,17233,10,2,216,21.6,22
train,17234,29,2,1678,57.86206896551724,62
train,17235,12,2,432,36.0,38
train,17236,11,3,264,24.0,25
train,17237,2,3,116,58.0,58
train,17238,14,2,456,32.57142857142857,36
train,17239,17,2,700,41.1764705882353,46
train,17240,12,2,280,23.333333333333332,28
train,17241,14,3,508,36.285714285714285,44
train,17242,12,3,408,34.0,38
train,17243,10,2,192,19.2,20
train,17244,12,3,576,48.0,51
train,17245,12,3,408,34.0,38
train,17246,24,2,544,22.666666666666668,25
train,17247,24,2,544,22.666666666666668,25
train,17248,25,2,600,24.0,26
train,17249,3,2,48,16.0,18
train,17250,6,3,152,25.333333333333332,27
train,17251,10,2,216,21.6,22
train,17252,15,2,588,39.2,50
train,17253,14,3,508,36.285714285714285,44
train,17254,12,2,408,34.0,36
train,17255,12,3,348,29.0,32
train,17256,12,2,374,31.166666666666668,33
train,17257,16,2,324,20.25,22
train,17258,14,2,462,33.0,39
train,17259,20,2,336,16.8,22
train,17260,10,2,192,19.2,20
train,17261,10,2,216,21.6,22
train,17262,30,2,1136,37.86666666666667,50
train,17263,6,3,152,25.333333333333332,27
train,17264,12,2,374,31.166666666666668,33
train,17265,12,2,530,44.166666666666664,46
train,17266,12,3,554,46.166666666666664,49
train,17267,12,2,374,31.166666666666668,33
train,17268,12,2,374,31.166666666666668,33
train,17269,10,2,192,19.2,20
train,17270,10,2,216,21.6,22
train,17271,24,2,932,38.833333333333336,46
train,17272,10,2,216,21.6,22
train,17273,5,2,76,15.2,20
train,17274,10,2,156,15.6,20
train,17275,12,2,374,31.166666666666668,33
train,17276,23,2,322,14.0,20
train,17277,32,2,600,18.75,23
train,17278,32,2,616,19.25,22
train,17279,12,2,360,30.0,34
train,17280,8,2,508,63.5,64
train,17281,32,2,600,18.75,23
train,17282,16,2,1036,64.75,70
train,17283,16,3,744,46.5,49
train,17284,16,2,276,17.25,19
train,17285,10,2,168,16.8,20
train,17286,10,2,168,16.8,20
train,17287,5,2,66,13.2,16
train,17288,10,2,168,16.8,20
train,17289,46,2,2792,60.69565217391305,68
train,17290,29,2,1750,60.3448275862069,66
train,17291,46,2,2312,50.26086956521739,68
train,17292,10,2,264,26.4,32
train,17293,16,2,748,46.75,64
train,17294,10,2,112,11.2,13
train,17295,14,2,654,46.714285714285715,51
train,17296,46,2,1972,42.869565217391305,48
train,17297,18,2,652,36.22222222222222,46
train,17298,28,2,1252,44.714285714285715,52
train,17299,6,2,120,20.0,20
train,17300,6,2,112,18.666666666666668,19
train,17301,42,2,1596,38.0,41
train,17302,14,2,630,45.0,48
train,17303,12,3,342,28.5,35
train,17304,14,2,722,51.57142857142857,54
train,17305,13,2,562,43.23076923076923,47
train,17306,10,2,500,50.0,52
train,17307,10,2,500,50.0,52
train,17308,6,2,96,16.0,16
train,17309,24,2,916,38.166666666666664,40
train,17310,5,3,146,29.2,34
train,17311,6,2,164,27.333333333333332,30
train,17312,5,3,146,29.2,34
train,17313,6,2,92,15.333333333333334,16
train,17314,6,2,112,18.666666666666668,22
train,17315,12,2,468,39.0,41
train,17316,12,2,452,37.666666666666664,39
train,17317,12,2,404,33.666666666666664,36
train,17318,8,2,316,39.5,40
train,17319,12,2,368,30.666666666666668,32
train,17320,46,2,2120,46.08695652173913,68
train,17321,12,3,440,36.666666666666664,38
train,17322,4,4,216,54.0,54
train,17323,8,2,208,26.0,26
train,17324,12,3,568,47.333333333333336,48
train,17325,4,3,236,59.0,62
train,17326,4,3,224,56.0,56
train,17327,4,3,320,80.0,80
train,17328,4,3,236,59.0,62
train,17329,4,3,272,68.0,68
train,17330,4,3,308,77.0,80
train,17331,4,3,224,56.0,56
train,17332,12,2,720,60.0,63
train,17333,2,4,76,38.0,38
train,17334,2,3,40,20.0,20
train,17335,4,3,174,43.5,44
train,17336,4,3,224,56.0,56
train,17337,4,3,224,56.0,56
train,17338,14,2,888,63.42857142857143,68
train,17339,2,3,84,42.0,42
train,17340,3,3,204,68.0,68
train,17341,2,3,48,24.0,24
train,17342,2,3,84,42.0,42
train,17343,10,2,488,48.8,51
train,17344,4,3,120,30.0,34
train,17345,4,3,208,52.0,58
train,17346,14,2,396,28.285714285714285,32
train,17347,4,2,168,42.0,42
train,17348,4,3,176,44.0,46
train,17349,4,3,104,26.0,26
train,17350,3,4,162,54.0,54
train,17351,15,2,726,48.4,52
train,17352,4,4,216,54.0,54
train,17353,16,2,476,29.75,33
train,17354,4,2,128,32.0,32
train,17355,4,2,112,28.0,28
train,17356,4,2,112,28.0,28
train,17357,4,3,224,56.0,56
train,17358,2,4,108,54.0,54
train,17359,4,3,112,28.0,28
train,17360,4,2,112,28.0,28
train,17361,4,3,112,28.0,28
train,17362,4,3,112,28.0,28
train,17363,4,3,232,58.0,58
train,17364,4,3,112,28.0,28
train,17365,4,2,112,28.0,28
train,17366,4,3,118,29.5,31
train,17367,4,3,112,28.0,28
train,17368,4,3,104,26.0,26
train,17369,4,4,232,58.0,58
train,17370,4,3,112,28.0,28
train,17371,4,3,156,39.0,39
train,17372,4,3,112,28.0,28
train,17373,4,4,224,56.0,56
train,17374,4,3,192,48.0,50
train,17375,4,4,216,54.0,54
train,17376,4,3,248,62.0,62
train,17377,8,3,240,30.0,30
train,17378,8,3,378,47.25,48
train,17379,4,3,224,56.0,56
train,17380,8,3,224,28.0,28
train,17381,4,3,180,45.0,45
train,17382,12,2,676,56.333333333333336,58
train,17383,8,2,224,28.0,28
train,17384,7,2,166,23.714285714285715,26
train,17385,16,2,956,59.75,62
train,17386,22,2,1202,54.63636363636363,57
train,17387,3,3,96,32.0,32
train,17388,4,3,128,32.0,32
train,17389,5,3,188,37.6,42
train,17390,12,3,592,49.333333333333336,54
train,17391,16,2,460,28.75,29
train,17392,7,2,160,22.857142857142858,24
train,17393,7,2,160,22.857142857142858,24
train,17394,7,2,160,22.857142857142858,24
train,17395,4,2,104,26.0,26
train,17396,4,3,128,32.0,32
train,17397,2,3,28,14.0,14
train,17398,2,3,40,20.0,20
train,17399,4,3,136,34.0,34
train,17400,6,2,292,48.666666666666664,50
train,17401,4,3,224,56.0,56
train,17402,2,3,36,18.0,18
train,17403,3,3,96,32.0,32
train,17404,4,3,100,25.0,26
train,17405,6,2,256,42.666666666666664,44
train,17406,3,3,96,32.0,32
train,17407,4,3,128,32.0,32
train,17408,2,3,36,18.0,18
train,17409,15,2,732,48.8,51
train,17410,20,2,1368,68.4,74
train,17411,4,2,104,26.0,26
train,17412,4,3,104,26.0,26
train,17413,4,3,104,26.0,26
train,17414,24,2,1504,62.666666666666664,69
train,17415,12,3,338,28.166666666666668,30
train,17416,23,2,1204,52.34782608695652,59
train,17417,23,2,764,33.21739130434783,37
train,17418,23,2,776,33.73913043478261,37
train,17419,14,2,444,31.714285714285715,33
train,17420,2,4,116,58.0,58
train,17421,2,4,108,54.0,54
train,17422,4,4,320,80.0,80
train,17423,4,4,224,56.0,56
train,17424,4,4,174,43.5,45
train,17425,14,2,808,57.714285714285715,60
train,17426,2,4,100,50.0,50
train,17427,8,2,212,26.5,28
train,17428,8,2,212,26.5,28
train,17429,8,2,212,26.5,28
train,17430,2,4,84,42.0,42
train,17431,2,4,116,58.0,58
train,17432,4,4,324,81.0,83
train,17433,2,3,36,18.0,18
train,17434,4,3,216,54.0,54
train,17435,4,2,104,26.0,26
train,17436,2,3,36,18.0,18
train,17437,4,3,104,26.0,26
train,17438,2,3,36,18.0,18
train,17439,6,2,292,48.666666666666664,50
train,17440,4,3,320,80.0,80
train,17441,4,3,110,27.5,29
train,17442,4,2,104,26.0,26
train,17443,4,3,72,18.0,18
train,17444,12,3,362,30.166666666666668,33
train,17445,4,3,86,21.5,26
train,17446,8,2,114,14.25,15
train,17447,4,3,100,25.0,26
train,17448,8,2,148,18.5,20
train,17449,8,2,112,14.0,14
train,17450,10,3,608,60.8,64
train,17451,8,2,396,49.5,50
train,17452,8,2,132,16.5,19
train,17453,10,2,140,14.0,14
train,17454,4,3,70,17.5,18
train,17455,4,4,320,80.0,80
train,17456,10,2,244,24.4,26
train,17457,8,2,172,21.5,26
train,17458,4,2,188,47.0,48
train,17459,4,3,224,56.0,56
train,17460,4,2,168,42.0,42
train,17461,9,2,182,20.22222222222222,22
train,17462,4,2,168,42.0,42
train,17463,12,3,296,24.666666666666668,26
train,17464,4,3,224,56.0,56
train,17465,4,3,232,58.0,58
train,17466,3,4,162,54.0,54
train,17467,4,3,196,49.0,50
train,17468,4,4,320,80.0,80
train,17469,4,4,320,80.0,80
train,17470,3,3,90,30.0,33
train,17471,4,3,320,80.0,80
train,17472,4,3,260,65.0,69
train,17473,4,4,320,80.0,80
train,17474,4,3,320,80.0,80
train,17475,14,2,588,42.0,44
train,17476,4,3,104,26.0,26
train,17477,4,3,224,56.0,58
train,17478,12,3,422,35.166666666666664,38
train,17479,12,2,416,34.666666666666664,38
train,17480,4,4,320,80.0,80
train,17481,12,2,332,27.666666666666668,34
train,17482,12,2,724,60.333333333333336,63
train,17483,18,2,856,47.55555555555556,51
train,17484,4,4,320,80.0,80
train,17485,16,2,276,17.25,19
train,17486,2,3,84,42.0,42
train,17487,4,2,72,18.0,18
train,17488,4,3,240,60.0,60
train,17489,4,3,224,56.0,58
train,17490,34,2,1720,50.588235294117645,55
train,17491,2,4,100,50.0,50
train,17492,4,2,168,42.0,42
train,17493,4,3,176,44.0,46
train,17494,4,3,232,58.0,58
train,17495,4,3,292,73.0,77
train,17496,4,3,200,50.0,50
train,17497,4,3,292,73.0,77
train,17498,4,3,232,58.0,58
train,17499,4,3,232,58.0,58
train,17500,4,3,232,58.0,58
train,17501,4,3,232,58.0,58
train,17502,4,4,320,80.0,80
train,17503,4,3,224,56.0,58
train,17504,4,3,232,58.0,58
train,17505,3,4,178,59.333333333333336,61
train,17506,4,4,320,80.0,80
train,17507,20,3,514,25.7,28
train,17508,3,3,84,28.0,29
train,17509,3,3,84,28.0,29
train,17510,2,3,36,18.0,18
train,17511,3,3,72,24.0,24
train,17512,5,3,176,35.2,39
train,17513,4,3,80,20.0,20
train,17514,5,3,170,34.0,36
train,17515,4,3,78,19.5,20
train,17516,4,3,88,22.0,24
train,17517,5,3,74,14.8,16
train,17518,4,3,128,32.0,32
train,17519,4,3,128,32.0,32
train,17520,2,3,116,58.0,58
train,17521,4,3,72,18.0,18
train,17522,4,3,90,22.5,26
train,17523,10,2,308,30.8,34
train,17524,12,3,520,43.333333333333336,54
train,17525,2,4,116,58.0,58
train,17526,3,3,96,32.0,32
train,17527,4,4,224,56.0,56
train,17528,2,4,112,56.0,56
train,17529,2,4,112,56.0,56
train,17530,2,4,84,42.0,42
train,17531,4,4,200,50.0,50
train,17532,4,4,200,50.0,50
train,17533,5,3,182,36.4,39
train,17534,2,4,112,56.0,56
train,17535,4,4,198,49.5,51
train,17536,4,4,200,50.0,50
train,17537,10,2,268,26.8,30
train,17538,3,3,46,15.333333333333334,18
train,17539,4,3,124,31.0,31
train,17540,2,3,36,18.0,18
train,17541,4,2,104,26.0,26
train,17542,3,3,96,32.0,32
train,17543,3,3,96,32.0,32
train,17544,4,3,116,29.0,31
train,17545,4,3,104,26.0,26
train,17546,5,3,106,21.2,22
train,17547,4,3,104,26.0,26
train,17548,3,3,96,32.0,32
train,17549,5,2,250,50.0,52
train,17550,4,3,320,80.0,80
train,17551,14,2,640,45.714285714285715,47
train,17552,2,3,100,50.0,50
train,17553,4,4,320,80.0,80
train,17554,4,4,320,80.0,80
train,17555,8,2,124,15.5,17
train,17556,4,3,320,80.0,80
train,17557,16,2,368,23.0,30
train,17558,14,2,480,34.285714285714285,39
train,17559,16,2,500,31.25,32
train,17560,4,2,172,43.0,44
train,17561,3,3,90,30.0,33
train,17562,2,3,76,38.0,38
train,17563,2,4,84,42.0,42
train,17564,4,3,320,80.0,80
train,17565,10,2,500,50.0,52
train,17566,2,3,108,54.0,54
train,17567,4,4,188,47.0,50
train,17568,4,3,320,80.0,80
train,17569,4,4,320,80.0,80
train,17570,4,3,284,71.0,74
train,17571,16,2,424,26.5,28
train,17572,16,2,424,26.5,28
train,17573,4,3,272,68.0,68
train,17574,2,3,84,42.0,42
train,17575,4,3,260,65.0,69
train,17576,3,3,96,32.0,32
train,17577,3,3,96,32.0,32
train,17578,4,3,104,26.0,26
train,17579,14,2,640,45.714285714285715,47
train,17580,8,2,212,26.5,28
train,17581,22,2,1164,52.90909090909091,56
train,17582,22,2,382,17.363636363636363,18
train,17583,14,2,704,50.285714285714285,51
train,17584,24,2,672,28.0,30
train,17585,3,3,96,32.0,32
train,17586,3,3,96,32.0,32
train,17587,14,2,712,50.857142857142854,55
train,17588,4,2,128,32.0,32
train,17589,4,2,104,26.0,26
train,17590,3,3,96,32.0,32
train,17591,3,3,72,24.0,26
train,17592,8,2,208,26.0,26
train,17593,5,3,238,47.6,50
train,17594,12,2,416,34.666666666666664,36
train,17595,3,3,120,40.0,44
train,17596,14,2,648,46.285714285714285,47
train,17597,20,2,1148,57.4,60
train,17598,19,2,900,47.36842105263158,50
train,17599,8,2,208,26.0,26
train,17600,28,2,1264,45.142857142857146,47
train,17601,4,3,104,26.0,26
train,17602,10,2,500,50.0,52
train,17603,10,2,500,50.0,52
train,17604,15,2,750,50.0,52
train,17605,24,2,1180,49.166666666666664,53
train,17606,4,2,104,26.0,26
train,17607,4,3,94,23.5,25
train,17608,12,2,336,28.0,32
train,17609,3,3,78,26.0,27
train,17610,4,3,104,26.0,26
train,17611,4,2,72,18.0,18
train,17612,4,3,72,18.0,18
train,17613,8,2,144,18.0,18
train,17614,12,2,336,28.0,32
train,17615,4,3,104,26.0,26
train,17616,2,3,28,14.0,14
train,17617,4,3,106,26.5,27
train,17618,4,3,104,26.0,26
train,17619,3,3,96,32.0,32
train,17620,8,2,184,23.0,24
train,17621,2,4,44,22.0,22
train,17622,3,3,96,32.0,32
train,17623,3,3,64,21.333333333333332,22
train,17624,4,3,136,34.0,38
train,17625,4,3,128,32.0,32
train,17626,4,3,88,22.0,22
train,17627,5,3,158,31.6,32
train,17628,4,3,104,26.0,26
train,17629,6,3,152,25.333333333333332,26
train,17630,4,3,110,27.5,29
train,17631,5,3,170,34.0,36
train,17632,2,3,36,18.0,18
train,17633,4,3,140,35.0,35
train,17634,8,2,168,21.0,22
train,17635,4,2,104,26.0,26
train,17636,6,3,156,26.0,26
train,17637,4,3,140,35.0,35
train,17638,3,3,96,32.0,32
train,17639,4,4,200,50.0,50
train,17640,4,3,104,26.0,26
train,17641,23,2,512,22.26086956521739,24
train,17642,4,2,104,26.0,26
train,17643,4,2,104,26.0,26
train,17644,3,3,64,21.333333333333332,22
train,17645,2,3,56,28.0,28
train,17646,10,2,628,62.8,66
train,17647,22,2,640,29.09090909090909,32
train,17648,4,4,188,47.0,50
train,17649,4,2,112,28.0,28
train,17650,10,2,500,50.0,52
train,17651,4,4,228,57.0,60
train,17652,10,3,500,50.0,52
train,17653,4,3,124,31.0,33
train,17654,8,3,254,31.75,33
train,17655,5,3,128,25.6,26
train,17656,5,3,106,21.2,22
train,17657,4,3,224,56.0,56
train,17658,4,3,136,34.0,38
train,17659,2,3,48,24.0,24
train,17660,2,3,50,25.0,25
train,17661,12,2,336,28.0,32
train,17662,2,2,52,26.0,26
train,17663,2,3,36,18.0,18
train,17664,3,3,66,22.0,24
train,17665,2,3,48,24.0,24
train,17666,4,3,92,23.0,25
train,17667,10,3,230,23.0,25
train,17668,4,3,106,26.5,27
train,17669,2,4,100,50.0,50
train,17670,4,3,72,18.0,18
train,17671,2,4,112,56.0,56
train,17672,4,4,200,50.0,50
train,17673,2,4,84,42.0,42
train,17674,12,2,488,40.666666666666664,44
train,17675,14,2,588,42.0,44
train,17676,4,4,320,80.0,80
train,17677,2,4,100,50.0,50
train,17678,4,4,200,50.0,50
train,17679,4,4,200,50.0,50
train,17680,6,3,316,52.666666666666664,58
train,17681,11,2,496,45.09090909090909,52
train,17682,18,2,772,42.888888888888886,46
train,17683,6,3,108,18.0,18
train,17684,9,2,366,40.666666666666664,47
train,17685,8,2,184,23.0,26
train,17686,11,2,394,35.81818181818182,40
train,17687,4,2,104,26.0,26
train,17688,2,4,84,42.0,42
train,17689,4,3,72,18.0,18
train,17690,4,3,72,18.0,18
train,17691,3,3,84,28.0,29
train,17692,4,3,128,32.0,32
train,17693,5,3,164,32.8,35
train,17694,2,3,36,18.0,18
train,17695,3,3,54,18.0,18
train,17696,23,2,620,26.956521739130434,29
train,17697,12,2,352,29.333333333333332,31
train,17698,2,4,84,42.0,42
train,17699,2,4,84,42.0,42
train,17700,2,4,84,42.0,42
train,17701,4,3,104,26.0,26
train,17702,3,4,126,42.0,42
train,17703,4,2,104,26.0,26
train,17704,2,4,84,42.0,42
train,17705,4,2,104,26.0,26
train,17706,3,3,96,32.0,32
train,17707,12,2,552,46.0,50
train,17708,14,2,728,52.0,55
train,17709,3,3,84,28.0,29
train,17710,4,4,174,43.5,45
train,17711,6,2,192,32.0,32
train,17712,2,4,108,54.0,54
train,17713,2,3,36,18.0,18
train,17714,2,4,108,54.0,54
train,17715,24,2,1404,58.5,62
train,17716,22,2,1188,54.0,58
train,17717,3,3,96,32.0,32
train,17718,8,2,174,21.75,26
train,17719,4,3,72,18.0,18
train,17720,13,2,288,22.153846153846153,28
train,17721,23,2,632,27.47826086956522,29
train,17722,20,2,1128,56.4,59
train,17723,42,2,2088,49.714285714285715,57
train,17724,3,3,54,18.0,18
train,17725,3,3,54,18.0,18
train,17726,8,2,316,39.5,40
train,17727,20,2,804,40.2,47
train,17728,4,2,156,39.0,40
train,17729,2,3,100,50.0,50
train,17730,2,3,100,50.0,50
train,17731,2,4,84,42.0,42
train,17732,3,4,150,50.0,50
train,17733,8,2,316,39.5,40
train,17734,8,2,316,39.5,40
train,17735,8,2,316,39.5,40
train,17736,8,2,316,39.5,40
train,17737,4,3,260,65.0,69
train,17738,8,2,316,39.5,40
train,17739,8,2,316,39.5,40
train,17740,8,2,316,39.5,40
train,17741,4,4,320,80.0,80
train,17742,4,4,188,47.0,50
train,17743,10,2,500,50.0,52
train,17744,8,2,316,39.5,40
train,17745,8,2,316,39.5,40
train,17746,8,2,316,39.5,40
train,17747,8,2,316,39.5,40
train,17748,4,4,320,80.0,80
train,17749,8,2,316,39.5,40
train,17750,8,2,316,39.5,40
train,17751,8,2,316,39.5,40
train,17752,4,3,320,80.0,80
train,17753,4,4,320,80.0,80
train,17754,4,3,164,41.0,46
train,17755,4,3,112,28.0,30
train,17756,3,4,154,51.333333333333336,52
train,17757,3,4,126,42.0,42
train,17758,6,2,292,48.666666666666664,50
train,17759,7,2,170,24.285714285714285,27
train,17760,16,2,980,61.25,65
train,17761,6,2,292,48.666666666666664,50
train,17762,19,2,802,42.21052631578947,47
train,17763,4,3,236,59.0,62
train,17764,22,2,572,26.0,29
train,17765,10,3,476,47.6,50
train,17766,20,2,968,48.4,51
train,17767,12,3,616,51.333333333333336,56
train,17768,10,2,356,35.6,38
train,17769,10,2,308,30.8,38
train,17770,10,2,244,24.4,26
train,17771,23,3,1038,45.130434782608695,52
train,17772,46,2,2120,46.08695652173913,68
train,17773,46,2,2120,46.08695652173913,68
train,17774,4,3,224,56.0,56
train,17775,6,3,184,30.666666666666668,34
train,17776,42,2,1344,32.0,37
train,17777,4,2,112,28.0,28
train,17778,4,2,104,26.0,26
train,17779,4,2,104,26.0,26
train,17780,4,3,96,24.0,24
train,17781,10,2,532,53.2,56
train,17782,12,2,534,44.5,49
train,17783,4,3,104,26.0,26
train,17784,28,3,1724,61.57142857142857,69
train,17785,14,2,424,30.285714285714285,31
train,17786,4,2,104,26.0,26
train,17787,12,3,616,51.333333333333336,56
train,17788,12,3,616,51.333333333333336,56
train,17789,24,2,1144,47.666666666666664,50
train,17790,12,3,648,54.0,56
train,17791,18,2,804,44.666666666666664,50
train,17792,4,2,72,18.0,18
train,17793,4,3,84,21.0,24
train,17794,3,3,106,35.333333333333336,40
train,17795,4,2,104,26.0,26
train,17796,4,3,104,26.0,26
train,17797,6,2,176,29.333333333333332,36
train,17798,13,2,342,26.307692307692307,28
train,17799,13,2,334,25.692307692307693,28
train,17800,6,3,156,26.0,26
train,17801,4,2,104,26.0,26
train,17802,10,2,560,56.0,58
train,17803,15,2,792,52.8,56
train,17804,11,2,482,43.81818181818182,50
train,17805,20,2,1176,58.8,64
train,17806,22,2,1068,48.54545454545455,51
train,17807,16,2,860,53.75,60
train,17808,10,3,554,55.4,57
train,17809,4,2,104,26.0,26
train,17810,4,3,104,26.0,26
train,17811,2,4,100,50.0,50
train,17812,4,3,248,62.0,62
train,17813,4,4,200,50.0,50
train,17814,6,3,192,32.0,32
train,17815,2,4,100,50.0,50
train,17816,2,4,100,50.0,50
train,17817,2,4,100,50.0,50
train,17818,2,4,84,42.0,42
train,17819,4,4,200,50.0,50
train,17820,2,4,100,50.0,50
train,17821,32,2,1574,49.1875,58
train,17822,3,4,162,54.0,56
train,17823,2,4,112,56.0,56
train,17824,4,4,224,56.0,56
train,17825,2,3,48,24.0,24
train,17826,4,2,128,32.0,32
train,17827,3,3,94,31.333333333333332,32
train,17828,36,2,2016,56.0,60
train,17829,2,3,36,18.0,18
train,17830,4,3,104,26.0,26
train,17831,4,3,110,27.5,29
train,17832,4,3,128,32.0,32
train,17833,12,3,552,46.0,54
train,17834,4,3,128,32.0,32
train,17835,4,3,72,18.0,18
train,17836,6,2,280,46.666666666666664,48
train,17837,8,2,244,30.5,35
train,17838,4,3,128,32.0,32
train,17839,8,2,244,30.5,35
train,17840,4,3,80,20.0,20
train,17841,20,2,1080,54.0,58
train,17842,2,3,36,18.0,18
train,17843,4,3,104,26.0,26
train,17844,3,3,96,32.0,32
train,17845,12,2,1008,84.0,88
train,17846,6,2,234,39.0,44
train,17847,6,3,270,45.0,50
train,17848,3,3,96,32.0,32
train,17849,6,2,270,45.0,50
train,17850,6,3,270,45.0,50
train,17851,6,3,270,45.0,50
train,17852,13,2,624,48.0,54
train,17853,12,2,290,24.166666666666668,27
train,17854,12,2,400,33.333333333333336,36
train,17855,6,2,234,39.0,44
train,17856,23,2,614,26.695652173913043,29
train,17857,32,2,672,21.0,24
train,17858,4,3,124,31.0,31
train,17859,5,2,270,54.0,56
train,17860,10,2,500,50.0,52
train,17861,24,2,664,27.666666666666668,33
train,17862,6,2,200,33.333333333333336,36
train,17863,6,3,192,32.0,32
train,17864,4,2,104,26.0,26
train,17865,8,2,304,38.0,42
train,17866,6,3,144,24.0,26
train,17867,4,3,108,27.0,29
train,17868,6,3,192,32.0,32
train,17869,10,2,500,50.0,52
train,17870,4,2,56,14.0,14
train,17871,4,3,72,18.0,18
train,17872,4,3,104,26.0,26
train,17873,15,2,726,48.4,52
train,17874,6,3,192,32.0,32
train,17875,22,2,888,40.36363636363637,46
train,17876,16,2,540,33.75,41
train,17877,10,3,260,26.0,26
train,17878,10,2,368,36.8,44
train,17879,10,3,256,25.6,26
train,17880,10,2,360,36.0,44
train,17881,32,2,1488,46.5,50
train,17882,36,2,1848,51.333333333333336,54
train,17883,40,2,1838,45.95,52
train,17884,4,2,104,26.0,26
train,17885,4,3,100,25.0,26
train,17886,6,3,364,60.666666666666664,62
train,17887,15,2,750,50.0,52
train,17888,12,3,490,40.833333333333336,44
train,17889,36,2,880,24.444444444444443,27
train,17890,2,3,52,26.0,26
train,17891,2,4,44,22.0,22
train,17892,4,2,112,28.0,28
train,17893,4,3,112,28.0,28
train,17894,4,3,112,28.0,28
train,17895,4,3,104,26.0,26
train,17896,4,3,72,18.0,18
train,17897,4,3,80,20.0,20
train,17898,4,3,70,17.5,19
train,17899,2,3,36,18.0,18
train,17900,2,4,112,56.0,56
train,17901,2,3,84,42.0,42
train,17902,4,3,188,47.0,47
train,17903,5,4,210,42.0,42
train,17904,15,2,750,50.0,52
train,17905,2,4,84,42.0,42
train,17906,5,4,270,54.0,54
train,17907,6,3,148,24.666666666666668,25
train,17908,29,2,560,19.310344827586206,23
train,17909,4,3,104,26.0,26
train,17910,4,3,136,34.0,34
train,17911,10,3,180,18.0,18
train,17912,9,3,214,23.77777777777778,25
train,17913,4,3,72,18.0,18
train,17914,10,3,180,18.0,18
train,17915,3,3,66,22.0,23
train,17916,11,3,338,30.727272727272727,34
train,17917,6,3,318,53.0,56
train,17918,4,2,104,26.0,26
train,17919,3,2,62,20.666666666666668,24
train,17920,3,3,96,32.0,32
train,17921,4,4,152,38.0,38
train,17922,3,3,96,32.0,32
train,17923,6,3,112,18.666666666666668,19
train,17924,4,3,112,28.0,28
train,17925,4,3,104,26.0,26
train,17926,4,2,104,26.0,26
train,17927,2,3,36,18.0,18
train,17928,4,2,112,28.0,28
train,17929,6,2,264,44.0,44
train,17930,4,3,72,18.0,18
train,17931,5,2,106,21.2,26
train,17932,4,3,118,29.5,33
train,17933,4,3,164,41.0,44
train,17934,6,3,152,25.333333333333332,26
train,17935,5,4,210,42.0,42
train,17936,6,2,264,44.0,44
train,17937,9,2,386,42.888888888888886,48
train,17938,12,3,540,45.0,47
train,17939,4,3,156,39.0,39
train,17940,4,3,104,26.0,26
train,17941,4,3,94,23.5,26
train,17942,5,3,118,23.6,25
train,17943,5,3,108,21.6,24
train,17944,4,3,112,28.0,28
train,17945,7,2,140,20.0,22
train,17946,4,3,224,56.0,56
train,17947,13,2,598,46.0,48
train,17948,7,2,122,17.428571428571427,22
train,17949,10,2,244,24.4,26
train,17950,4,2,104,26.0,26
train,17951,6,3,108,18.0,18
train,17952,10,3,248,24.8,26
train,17953,6,3,270,45.0,50
train,17954,4,3,88,22.0,22
train,17955,2,4,44,22.0,22
train,17956,4,2,112,28.0,28
train,17957,7,3,158,22.571428571428573,24
train,17958,10,3,248,24.8,26
train,17959,4,3,104,26.0,26
train,17960,2,4,108,54.0,54
train,17961,4,3,104,26.0,26
train,17962,4,3,104,26.0,26
train,17963,4,3,112,28.0,28
train,17964,4,4,152,38.0,38
train,17965,5,4,210,42.0,42
train,17966,6,3,132,22.0,23
train,17967,4,3,112,28.0,28
train,17968,10,3,280,28.0,28
train,17969,4,3,116,29.0,31
train,17970,6,3,270,45.0,50
train,17971,6,3,138,23.0,26
train,17972,4,2,80,20.0,22
train,17973,10,3,232,23.2,25
train,17974,6,3,228,38.0,38
train,17975,6,3,152,25.333333333333332,26
train,17976,8,3,376,47.0,48
train,17977,5,3,280,56.0,61
train,17978,16,2,380,23.75,30
train,17979,8,3,290,36.25,39
train,17980,10,2,192,19.2,21
train,17981,12,3,312,26.0,26
train,17982,6,2,264,44.0,44
train,17983,14,2,376,26.857142857142858,32
train,17984,4,2,112,28.0,28
train,17985,5,3,90,18.0,18
train,17986,36,2,2152,59.77777777777778,64
train,17987,8,3,246,30.75,33
train,17988,13,2,312,24.0,28
train,17989,15,3,732,48.8,51
train,17990,7,3,170,24.285714285714285,28
train,17991,4,3,224,56.0,58
train,17992,4,3,224,56.0,56
train,17993,4,2,168,42.0,42
train,17994,4,3,236,59.0,62
train,17995,6,2,264,44.0,44
train,17996,28,2,682,24.357142857142858,26
train,17997,6,3,224,37.333333333333336,44
train,17998,4,3,124,31.0,32
train,17999,4,4,168,42.0,42
train,18000,4,3,224,56.0,56
train,18001,8,3,460,57.5,59
train,18002,4,3,224,56.0,56
train,18003,6,3,224,37.333333333333336,44
train,18004,4,3,320,80.0,80
train,18005,2,4,76,38.0,38
train,18006,3,3,60,20.0,21
train,18007,4,3,308,77.0,80
train,18008,6,3,492,82.0,86
train,18009,8,3,448,56.0,56
train,18010,4,3,224,56.0,56
train,18011,4,3,320,80.0,80
train,18012,4,3,236,59.0,62
train,18013,4,3,248,62.0,65
train,18014,2,3,52,26.0,26
train,18015,6,2,264,44.0,44
train,18016,4,3,320,80.0,80
train,18017,4,2,168,42.0,42
train,18018,12,2,712,59.333333333333336,62
train,18019,4,3,156,39.0,39
train,18020,2,3,52,26.0,26
train,18021,4,3,224,56.0,56
train,18022,4,2,168,42.0,42
train,18023,2,3,56,28.0,28
train,18024,2,3,52,26.0,26
train,18025,2,3,76,38.0,38
train,18026,6,2,264,44.0,44
train,18027,4,2,104,26.0,26
train,18028,4,3,100,25.0,25
train,18029,6,3,492,82.0,86
train,18030,4,3,224,56.0,56
train,18031,4,3,224,56.0,56
train,18032,4,4,152,38.0,38
train,18033,5,3,116,23.2,25
train,18034,4,3,224,56.0,56
train,18035,3,4,134,44.666666666666664,46
train,18036,7,3,154,22.0,25
train,18037,1,4,28,28.0,28
train,18038,7,3,164,23.428571428571427,25
train,18039,12,2,516,43.0,44
train,18040,6,3,154,25.666666666666668,26
train,18041,7,3,168,24.0,24
train,18042,12,2,516,43.0,44
train,18043,12,2,336,28.0,32
train,18044,9,3,222,24.666666666666668,26
train,18045,8,2,184,23.0,24
train,18046,9,3,212,23.555555555555557,26
train,18047,8,3,454,56.75,59
train,18048,4,3,200,50.0,50
train,18049,8,3,448,56.0,56
train,18050,8,3,224,28.0,28
train,18051,9,2,208,23.11111111111111,24
train,18052,7,4,492,70.28571428571429,74
train,18053,12,2,516,43.0,44
train,18054,12,3,516,43.0,44
train,18055,12,2,616,51.333333333333336,56
train,18056,12,2,540,45.0,47
train,18057,12,2,528,44.0,44
train,18058,10,2,238,23.8,30
train,18059,5,3,112,22.4,25
train,18060,4,3,120,30.0,34
train,18061,4,3,120,30.0,34
train,18062,10,3,188,18.8,20
train,18063,4,3,208,52.0,54
train,18064,29,2,828,28.551724137931036,31
train,18065,2,3,56,28.0,28
train,18066,2,4,100,50.0,50
train,18067,2,4,44,22.0,22
train,18068,6,3,356,59.333333333333336,64
train,18069,4,2,104,26.0,26
train,18070,4,2,128,32.0,32
train,18071,4,3,112,28.0,28
train,18072,4,2,112,28.0,28
train,18073,4,4,188,47.0,50
train,18074,5,3,140,28.0,30
train,18075,2,4,96,48.0,48
train,18076,2,4,112,56.0,56
train,18077,5,3,122,24.4,25
train,18078,4,3,104,26.0,26
train,18079,8,2,488,61.0,61
train,18080,8,2,240,30.0,30
train,18081,4,3,112,28.0,28
train,18082,8,3,172,21.5,23
train,18083,5,4,270,54.0,54
train,18084,8,3,240,30.0,30
train,18085,8,3,224,28.0,28
train,18086,3,4,162,54.0,54
train,18087,8,2,458,57.25,61
train,18088,8,3,224,28.0,28
train,18089,16,2,372,23.25,24
train,18090,11,3,610,55.45454545454545,62
train,18091,8,3,224,28.0,28
train,18092,4,3,228,57.0,58
train,18093,12,2,480,40.0,41
train,18094,14,2,640,45.714285714285715,50
train,18095,8,3,224,28.0,28
train,18096,3,3,96,32.0,32
train,18097,6,2,264,44.0,44
train,18098,6,2,264,44.0,44
train,18099,5,3,176,35.2,39
train,18100,6,2,264,44.0,44
train,18101,4,3,140,35.0,35
train,18102,4,3,104,26.0,26
train,18103,14,2,418,29.857142857142858,38
train,18104,6,2,192,32.0,32
train,18105,3,3,96,32.0,32
train,18106,2,3,36,18.0,18
train,18107,3,3,96,32.0,32
train,18108,3,3,96,32.0,32
train,18109,5,3,182,36.4,38
train,18110,6,2,228,38.0,38
train,18111,6,2,264,44.0,44
train,18112,4,3,100,25.0,26
train,18113,6,3,264,44.0,44
train,18114,6,3,192,32.0,32
train,18115,6,2,264,44.0,44
train,18116,6,3,132,22.0,23
train,18117,4,3,104,26.0,26
train,18118,6,3,228,38.0,38
train,18119,12,3,350,29.166666666666668,32
train,18120,12,3,296,24.666666666666668,26
train,18121,6,3,270,45.0,50
train,18122,6,3,132,22.0,23
train,18123,2,3,40,20.0,20
train,18124,6,3,216,36.0,38
train,18125,4,3,128,32.0,32
train,18126,15,3,728,48.53333333333333,51
train,18127,23,2,746,32.43478260869565,35
train,18128,14,2,480,34.285714285714285,39
train,18129,6,3,138,23.0,26
train,18130,5,3,146,29.2,32
train,18131,2,3,36,18.0,18
train,18132,10,3,608,60.8,64
train,18133,4,2,104,26.0,26
train,18134,12,2,470,39.166666666666664,41
train,18135,3,3,96,32.0,32
train,18136,3,3,96,32.0,32
train,18137,4,2,112,28.0,28
train,18138,6,2,192,32.0,32
train,18139,4,3,104,26.0,26
train,18140,4,2,104,26.0,26
train,18141,4,3,110,27.5,29
train,18142,4,3,128,32.0,32
train,18143,4,3,128,32.0,32
train,18144,4,3,104,26.0,26
train,18145,6,3,132,22.0,23
train,18146,4,3,100,25.0,26
train,18147,5,3,114,22.8,24
train,18148,5,3,196,39.2,44
train,18149,6,3,192,32.0,32
train,18150,6,3,216,36.0,38
train,18151,12,3,362,30.166666666666668,33
train,18152,4,2,104,26.0,26
train,18153,6,3,270,45.0,50
train,18154,6,3,132,22.0,23
train,18155,6,3,240,40.0,41
train,18156,6,3,138,23.0,26
train,18157,6,3,270,45.0,50
train,18158,40,2,1160,29.0,33
train,18159,3,3,112,37.333333333333336,44
train,18160,2,3,68,34.0,34
train,18161,2,4,116,58.0,58
train,18162,4,2,112,28.0,28
train,18163,5,2,168,33.6,38
train,18164,2,4,96,48.0,48
train,18165,4,3,110,27.5,29
train,18166,6,3,186,31.0,34
train,18167,8,2,256,32.0,32
train,18168,4,3,116,29.0,32
train,18169,9,2,412,45.77777777777778,48
train,18170,2,4,108,54.0,54
train,18171,8,3,256,32.0,32
train,18172,4,4,226,56.5,62
train,18173,7,3,354,50.57142857142857,52
train,18174,14,2,540,38.57142857142857,40
train,18175,9,2,496,55.111111111111114,60
train,18176,8,3,238,29.75,32
train,18177,15,3,732,48.8,51
train,18178,5,4,216,43.2,45
train,18179,12,2,336,28.0,32
train,18180,4,4,224,56.0,56
train,18181,4,4,244,61.0,63
train,18182,5,4,264,52.8,54
train,18183,7,3,354,50.57142857142857,52
train,18184,4,3,232,58.0,58
train,18185,4,3,128,32.0,32
train,18186,4,3,104,26.0,26
train,18187,8,3,272,34.0,34
train,18188,8,3,236,29.5,31
train,18189,3,3,124,41.333333333333336,44
train,18190,13,2,706,54.30769230769231,56
train,18191,5,3,206,41.2,42
train,18192,14,2,400,28.571428571428573,32
train,18193,10,2,220,22.0,24
train,18194,10,2,196,19.6,24
train,18195,6,3,292,48.666666666666664,58
train,18196,22,2,592,26.90909090909091,30
train,18197,2,2,16,8.0,8
train,18198,14,2,652,46.57142857142857,53
train,18199,18,2,720,40.0,44
train,18200,18,2,328,18.22222222222222,21
train,18201,3,3,84,28.0,29
train,18202,2,4,112,56.0,56
train,18203,12,2,696,58.0,59
train,18204,6,3,292,48.666666666666664,50
train,18205,4,3,156,39.0,40
train,18206,12,2,600,50.0,53
train,18207,6,3,348,58.0,58
train,18208,12,2,480,40.0,44
train,18209,14,2,640,45.714285714285715,50
train,18210,14,2,640,45.714285714285715,50
train,18211,9,2,334,37.111111111111114,43
train,18212,16,2,698,43.625,54
train,18213,2,4,112,56.0,56
train,18214,2,4,112,56.0,56
train,18215,4,4,292,73.0,77
train,18216,2,4,112,56.0,56
train,18217,8,4,482,60.25,72
train,18218,2,4,108,54.0,54
train,18219,14,2,232,16.571428571428573,17
train,18220,4,4,292,73.0,77
train,18221,4,4,232,58.0,58
train,18222,4,4,210,52.5,54
train,18223,5,4,310,62.0,66
train,18224,5,4,310,62.0,66
train,18225,16,2,372,23.25,24
train,18226,12,3,756,63.0,65
train,18227,9,3,438,48.666666666666664,50
train,18228,4,2,152,38.0,38
train,18229,8,2,336,42.0,42
train,18230,9,3,396,44.0,45
train,18231,4,2,168,42.0,42
train,18232,6,3,292,48.666666666666664,50
train,18233,2,3,36,18.0,18
train,18234,4,3,128,32.0,32
train,18235,4,3,128,32.0,32
train,18236,4,2,152,38.0,38
train,18237,12,2,618,51.5,56
train,18238,12,3,512,42.666666666666664,44
train,18239,5,3,198,39.6,46
train,18240,5,3,198,39.6,46
train,18241,10,4,336,33.6,36
train,18242,4,2,72,18.0,18
train,18243,2,3,52,26.0,26
train,18244,2,4,76,38.0,38
train,18245,3,3,112,37.333333333333336,44
train,18246,3,3,64,21.333333333333332,22
train,18247,4,2,112,28.0,28
train,18248,2,4,84,42.0,42
train,18249,2,4,76,38.0,38
train,18250,4,2,112,28.0,28
train,18251,10,3,280,28.0,28
train,18252,4,3,112,28.0,28
train,18253,4,4,168,42.0,42
train,18254,4,3,92,23.0,26
train,18255,4,3,112,28.0,28
train,18256,4,3,112,28.0,28
train,18257,4,3,112,28.0,28
train,18258,4,3,104,26.0,26
train,18259,6,3,144,24.0,26
train,18260,10,3,260,26.0,26
train,18261,5,3,138,27.6,30
train,18262,6,3,140,23.333333333333332,26
train,18263,4,3,104,26.0,26
train,18264,9,3,414,46.0,48
train,18265,6,2,264,44.0,44
train,18266,10,3,260,26.0,26
train,18267,4,2,104,26.0,26
train,18268,10,3,280,28.0,28
train,18269,12,3,512,42.666666666666664,44
train,18270,8,3,208,26.0,26
train,18271,4,4,146,36.5,37
train,18272,6,3,192,32.0,32
train,18273,7,2,148,21.142857142857142,22
train,18274,6,3,192,32.0,32
train,18275,15,3,714,47.6,50
train,18276,6,3,192,32.0,32
train,18277,4,3,104,26.0,26
train,18278,4,3,112,28.0,28
train,18279,4,3,104,26.0,26
train,18280,4,2,112,28.0,28
train,18281,8,2,208,26.0,26
train,18282,8,3,208,26.0,26
train,18283,12,3,624,52.0,56
train,18284,8,3,224,28.0,28
train,18285,11,2,260,23.636363636363637,25
train,18286,8,3,224,28.0,28
train,18287,4,3,196,49.0,49
train,18288,19,2,458,24.105263157894736,28
train,18289,12,3,346,28.833333333333332,32
train,18290,3,3,66,22.0,23
train,18291,3,3,96,32.0,32
train,18292,6,2,292,48.666666666666664,50
train,18293,3,3,96,32.0,32
train,18294,7,4,360,51.42857142857143,55
train,18295,4,3,232,58.0,62
train,18296,14,2,956,68.28571428571429,72
train,18297,3,3,146,48.666666666666664,50
train,18298,6,3,204,34.0,35
train,18299,10,2,500,50.0,52
train,18300,12,2,376,31.333333333333332,32
train,18301,7,4,352,50.285714285714285,51
train,18302,20,2,1116,55.8,61
train,18303,16,2,840,52.5,56
train,18304,8,2,208,26.0,26
train,18305,5,3,198,39.6,46
train,18306,14,2,704,50.285714285714285,51
train,18307,36,2,1984,55.111111111111114,57
train,18308,10,2,364,36.4,38
train,18309,4,2,104,26.0,26
train,18310,20,2,1048,52.4,56
train,18311,3,3,96,32.0,32
train,18312,6,2,192,32.0,32
train,18313,4,3,160,40.0,40
train,18314,6,2,192,32.0,32
train,18315,3,3,96,32.0,32
train,18316,4,3,104,26.0,26
train,18317,8,3,448,56.0,56
train,18318,5,3,122,24.4,26
train,18319,12,3,592,49.333333333333336,54
train,18320,4,3,124,31.0,31
train,18321,6,3,384,64.0,68
train,18322,4,3,256,64.0,64
train,18323,6,3,384,64.0,68
train,18324,6,3,384,64.0,68
train,18325,6,3,384,64.0,68
train,18326,4,3,200,50.0,50
train,18327,6,3,384,64.0,68
train,18328,2,3,42,21.0,21
train,18329,6,3,384,64.0,68
train,18330,4,3,256,64.0,64
train,18331,6,3,384,64.0,68
train,18332,4,3,136,34.0,38
train,18333,6,3,384,64.0,68
train,18334,4,3,136,34.0,38
train,18335,4,3,240,60.0,60
train,18336,4,3,112,28.0,31
train,18337,3,3,60,20.0,21
train,18338,4,4,310,77.5,79
train,18339,4,3,122,30.5,32
train,18340,4,3,256,64.0,64
train,18341,6,3,384,64.0,68
train,18342,4,3,92,23.0,25
train,18343,4,3,136,34.0,38
train,18344,10,3,512,51.2,53
train,18345,4,3,92,23.0,25
train,18346,6,2,184,30.666666666666668,34
train,18347,7,3,274,39.142857142857146,42
train,18348,5,3,114,22.8,24
train,18349,5,3,108,21.6,24
train,18350,4,3,116,29.0,31
train,18351,12,3,768,64.0,68
train,18352,10,2,364,36.4,38
train,18353,5,3,110,22.0,24
train,18354,16,2,896,56.0,60
train,18355,10,2,452,45.2,48
train,18356,12,2,336,28.0,32
train,18357,12,3,780,65.0,68
train,18358,13,3,524,40.30769230769231,50
train,18359,10,2,500,50.0,52
train,18360,7,2,150,21.428571428571427,23
train,18361,16,2,984,61.5,65
train,18362,7,2,150,21.428571428571427,23
train,18363,7,2,150,21.428571428571427,23
train,18364,5,3,122,24.4,26
train,18365,7,3,144,20.571428571428573,21
train,18366,10,3,228,22.8,24
train,18367,7,3,156,22.285714285714285,24
train,18368,7,2,150,21.428571428571427,23
train,18369,8,3,396,49.5,53
train,18370,6,3,104,17.333333333333332,20
train,18371,10,3,228,22.8,24
train,18372,8,3,394,49.25,51
train,18373,12,2,336,28.0,32
train,18374,12,2,594,49.5,58
train,18375,10,3,230,23.0,25
train,18376,10,2,356,35.6,38
train,18377,10,3,212,21.2,24
train,18378,10,3,234,23.4,25
train,18379,12,2,336,28.0,32
train,18380,11,3,930,84.54545454545455,87
train,18381,11,2,462,42.0,50
train,18382,5,3,90,18.0,18
train,18383,10,3,480,48.0,50
train,18384,8,2,176,22.0,22
train,18385,14,2,586,41.857142857142854,51
train,18386,12,3,292,24.333333333333332,27
train,18387,14,2,618,44.142857142857146,55
train,18388,16,3,820,51.25,54
train,18389,4,2,104,26.0,26
train,18390,8,3,448,56.0,56
train,18391,10,2,500,50.0,52
train,18392,5,3,60,12.0,12
train,18393,9,3,166,18.444444444444443,20
train,18394,6,3,132,22.0,23
train,18395,10,2,452,45.2,47
train,18396,10,2,468,46.8,49
train,18397,21,2,1046,49.80952380952381,54
train,18398,20,2,462,23.1,24
train,18399,2,3,28,14.0,14
train,18400,3,3,60,20.0,20
train,18401,10,2,500,50.0,52
train,18402,16,2,818,51.125,54
train,18403,10,2,500,50.0,52
train,18404,12,2,264,22.0,23
train,18405,16,2,874,54.625,58
train,18406,13,2,640,49.23076923076923,52
train,18407,8,2,208,26.0,26
train,18408,5,2,250,50.0,52
train,18409,10,2,500,50.0,52
train,18410,14,2,876,62.57142857142857,64
train,18411,42,2,2178,51.857142857142854,57
train,18412,14,2,636,45.42857142857143,50
train,18413,3,3,60,20.0,20
train,18414,3,3,60,20.0,20
train,18415,3,3,66,22.0,23
train,18416,3,3,96,32.0,32
train,18417,3,3,60,20.0,20
train,18418,4,3,48,12.0,12
train,18419,5,3,106,21.2,22
train,18420,3,3,60,20.0,20
train,18421,5,3,122,24.4,26
train,18422,5,3,110,22.0,22
train,18423,10,2,226,22.6,23
train,18424,12,3,288,24.0,26
train,18425,10,2,220,22.0,24
train,18426,13,2,550,42.30769230769231,54
train,18427,13,3,784,60.30769230769231,63
train,18428,10,2,268,26.8,30
train,18429,16,2,852,53.25,62
train,18430,5,3,106,21.2,22
train,18431,6,3,360,60.0,60
train,18432,4,4,268,67.0,67
train,18433,6,3,120,20.0,22
train,18434,3,4,174,58.0,58
train,18435,9,3,480,53.333333333333336,54
train,18436,7,4,176,25.142857142857142,30
train,18437,12,2,368,30.666666666666668,34
train,18438,7,3,126,18.0,18
train,18439,20,2,1000,50.0,52
train,18440,12,2,276,23.0,26
train,18441,10,2,272,27.2,32
train,18442,10,2,500,50.0,52
train,18443,10,2,500,50.0,52
train,18444,25,2,1250,50.0,52
train,18445,13,2,534,41.07692307692308,45
train,18446,30,2,1500,50.0,56
train,18447,6,3,256,42.666666666666664,44
train,18448,36,2,1848,51.333333333333336,56
train,18449,5,4,216,43.2,45
train,18450,30,2,1494,49.8,56
train,18451,14,2,616,44.0,47
train,18452,14,3,760,54.285714285714285,64
train,18453,15,2,750,50.0,52
train,18454,15,2,750,50.0,52
train,18455,36,2,1688,46.888888888888886,50
train,18456,19,2,908,47.78947368421053,53
train,18457,13,2,408,31.384615384615383,40
train,18458,13,2,336,25.846153846153847,28
train,18459,14,2,448,32.0,44
train,18460,25,2,1250,50.0,52
train,18461,34,2,1652,48.588235294117645,53
train,18462,8,3,464,58.0,58
train,18463,10,3,486,48.6,52
train,18464,30,2,1428,47.6,53
train,18465,13,3,468,36.0,43
train,18466,15,2,738,49.2,52
train,18467,10,2,500,50.0,52
train,18468,10,2,500,50.0,52
train,18469,10,2,500,50.0,52
train,18470,4,3,76,19.0,21
train,18471,4,2,104,26.0,26
train,18472,4,3,104,26.0,26
train,18473,7,3,308,44.0,47
train,18474,6,3,120,20.0,20
train,18475,34,2,696,20.470588235294116,24
train,18476,8,2,308,38.5,42
train,18477,15,2,752,50.13333333333333,53
train,18478,15,3,674,44.93333333333333,54
train,18479,6,2,136,22.666666666666668,26
train,18480,12,2,422,35.166666666666664,38
train,18481,10,2,500,50.0,52
train,18482,10,2,428,42.8,44
train,18483,10,2,476,47.6,49
train,18484,10,2,484,48.4,52
train,18485,13,2,570,43.84615384615385,47
train,18486,15,2,750,50.0,52
train,18487,12,2,506,42.166666666666664,54
train,18488,4,3,232,58.0,58
train,18489,8,3,536,67.0,67
train,18490,7,2,228,32.57142857142857,36
train,18491,10,3,584,58.4,62
train,18492,7,2,170,24.285714285714285,26
train,18493,7,2,184,26.285714285714285,29
train,18494,12,3,544,45.333333333333336,48
train,18495,9,2,368,40.888888888888886,46
train,18496,10,2,312,31.2,32
train,18497,13,2,576,44.30769230769231,48
train,18498,13,2,594,45.69230769230769,54
train,18499,10,2,212,21.2,23
train,18500,6,4,408,68.0,70
train,18501,10,4,1220,122.0,122
train,18502,6,4,322,53.666666666666664,59
train,18503,15,2,1164,77.6,86
train,18504,14,2,406,29.0,35
train,18505,12,2,432,36.0,38
train,18506,12,2,432,36.0,38
train,18507,12,2,432,36.0,38
train,18508,6,3,256,42.666666666666664,44
train,18509,34,2,628,18.470588235294116,21
train,18510,12,2,432,36.0,38
train,18511,5,3,286,57.2,58
train,18512,2,4,52,26.0,26
train,18513,3,4,180,60.0,60
train,18514,3,4,180,60.0,60
train,18515,3,3,134,44.666666666666664,46
train,18516,6,3,148,24.666666666666668,26
train,18517,5,2,96,19.2,24
train,18518,14,2,640,45.714285714285715,50
train,18519,4,3,248,62.0,62
train,18520,5,2,106,21.2,26
train,18521,5,2,86,17.2,22
train,18522,6,3,148,24.666666666666668,26
train,18523,4,3,232,58.0,62
train,18524,8,3,312,39.0,40
train,18525,8,4,492,61.5,68
train,18526,4,3,156,39.0,40
train,18527,4,3,112,28.0,28
train,18528,4,2,112,28.0,28
train,18529,4,3,112,28.0,28
train,18530,4,3,268,67.0,67
train,18531,4,3,112,28.0,28
train,18532,9,3,408,45.333333333333336,46
train,18533,2,4,100,50.0,50
train,18534,4,3,232,58.0,58
train,18535,4,3,232,58.0,58
train,18536,6,3,348,58.0,58
train,18537,8,2,508,63.5,64
train,18538,4,3,112,28.0,28
train,18539,4,3,172,43.0,46
train,18540,8,3,232,29.0,30
train,18541,5,4,210,42.0,42
train,18542,12,2,552,46.0,47
train,18543,4,3,256,64.0,64
train,18544,12,3,802,66.83333333333333,67
train,18545,14,2,408,29.142857142857142,34
train,18546,10,3,580,58.0,58
train,18547,7,3,180,25.714285714285715,26
train,18548,8,4,528,66.0,74
train,18549,10,2,254,25.4,27
train,18550,4,2,104,26.0,26
train,18551,30,2,1616,53.86666666666667,59
train,18552,4,3,104,26.0,26
train,18553,4,2,104,26.0,26
train,18554,4,2,112,28.0,28
train,18555,4,2,104,26.0,26
train,18556,4,2,104,26.0,26
train,18557,4,2,104,26.0,26
train,18558,4,2,112,28.0,28
train,18559,4,3,104,26.0,26
train,18560,2,4,84,42.0,42
train,18561,2,4,84,42.0,42
train,18562,4,3,104,26.0,26
train,18563,13,2,800,61.53846153846154,64
train,18564,4,4,168,42.0,42
train,18565,5,4,210,42.0,42
train,18566,8,3,224,28.0,28
train,18567,8,3,210,26.25,27
train,18568,4,2,104,26.0,26
train,18569,4,2,104,26.0,26
train,18570,4,2,104,26.0,26
train,18571,2,4,84,42.0,42
train,18572,3,3,80,26.666666666666668,28
train,18573,4,3,152,38.0,38
train,18574,4,4,152,38.0,38
train,18575,4,4,152,38.0,38
train,18576,4,3,116,29.0,32
train,18577,8,3,208,26.0,26
train,18578,7,3,168,24.0,24
train,18579,8,3,208,26.0,26
train,18580,16,2,784,49.0,58
train,18581,20,2,746,37.3,44
train,18582,11,3,592,53.81818181818182,56
train,18583,28,2,792,28.285714285714285,30
train,18584,28,2,672,24.0,27
train,18585,2,3,52,26.0,26
train,18586,4,3,104,26.0,26
train,18587,12,2,392,32.666666666666664,36
train,18588,28,2,688,24.571428571428573,27
train,18589,4,2,104,26.0,34
train,18590,18,2,412,22.88888888888889,24
train,18591,14,3,452,32.285714285714285,36
train,18592,10,3,500,50.0,52
train,18593,7,2,318,45.42857142857143,47
train,18594,7,2,486,69.42857142857143,72
train,18595,10,2,232,23.2,24
train,18596,5,3,244,48.8,56
train,18597,7,3,354,50.57142857142857,54
train,18598,6,2,184,30.666666666666668,34
train,18599,3,4,100,33.333333333333336,36
train,18600,6,4,444,74.0,74
train,18601,4,3,72,18.0,18
train,18602,2,3,76,38.0,38
train,18603,6,4,444,74.0,74
train,18604,16,2,260,16.25,18
train,18605,3,3,102,34.0,36
train,18606,6,4,444,74.0,74
train,18607,6,4,444,74.0,74
train,18608,7,3,364,52.0,56
train,18609,4,3,106,26.5,29
train,18610,14,2,448,32.0,44
train,18611,8,3,492,61.5,63
train,18612,24,2,1644,68.5,74
train,18613,20,2,1224,61.2,64
train,18614,24,2,1108,46.166666666666664,48
train,18615,20,2,1084,54.2,60
train,18616,18,2,1048,58.22222222222222,60
train,18617,20,2,1400,70.0,73
train,18618,18,2,696,38.666666666666664,41
train,18619,18,2,760,42.22222222222222,45
train,18620,18,2,728,40.44444444444444,44
train,18621,20,2,980,49.0,51
train,18622,20,2,980,49.0,53
train,18623,20,2,1172,58.6,63
train,18624,20,2,1048,52.4,57
train,18625,12,3,536,44.666666666666664,50
train,18626,13,2,788,60.61538461538461,62
train,18627,14,4,586,41.857142857142854,47
train,18628,13,2,640,49.23076923076923,54
train,18629,12,4,676,56.333333333333336,62
train,18630,16,2,912,57.0,60
train,18631,13,2,404,31.076923076923077,38
train,18632,14,2,472,33.714285714285715,44
train,18633,9,2,376,41.77777777777778,43
train,18634,8,3,352,44.0,44
train,18635,8,2,408,51.0,52
train,18636,10,3,416,41.6,44
train,18637,7,3,180,25.714285714285715,26
train,18638,12,2,376,31.333333333333332,32
train,18639,3,3,148,49.333333333333336,50
train,18640,12,2,472,39.333333333333336,44
train,18641,12,2,340,28.333333333333332,32
train,18642,8,3,540,67.5,68
train,18643,7,3,420,60.0,61
train,18644,10,3,416,41.6,44
train,18645,16,2,848,53.0,54
train,18646,7,3,262,37.42857142857143,40
train,18647,14,2,440,31.428571428571427,44
train,18648,14,2,606,43.285714285714285,52
train,18649,5,2,76,15.2,20
train,18650,10,2,440,44.0,44
train,18651,7,3,372,53.142857142857146,54
train,18652,13,2,720,55.38461538461539,58
train,18653,11,2,460,41.81818181818182,47
train,18654,13,2,720,55.38461538461539,60
train,18655,10,2,488,48.8,50
train,18656,5,3,154,30.8,32
train,18657,10,2,440,44.0,47
train,18658,14,2,544,38.857142857142854,44
train,18659,12,4,612,51.0,52
train,18660,12,2,520,43.333333333333336,44
train,18661,8,3,480,60.0,62
train,18662,16,3,796,49.75,52
train,18663,10,3,608,60.8,65
train,18664,11,3,592,53.81818181818182,55
train,18665,13,2,332,25.53846153846154,29
train,18666,10,3,392,39.2,44
train,18667,10,3,488,48.8,56
train,18668,5,3,188,37.6,40
train,18669,7,3,180,25.714285714285715,26
train,18670,14,2,516,36.857142857142854,42
train,18671,12,2,718,59.833333333333336,64
train,18672,6,4,252,42.0,44
train,18673,14,2,424,30.285714285714285,44
train,18674,13,2,500,38.46153846153846,46
train,18675,13,2,476,36.61538461538461,50
train,18676,3,3,104,34.666666666666664,36
train,18677,5,2,250,50.0,52
train,18678,5,2,250,50.0,52
train,18679,28,2,1496,53.42857142857143,57
train,18680,3,4,98,32.666666666666664,36
train,18681,5,2,250,50.0,52
train,18682,5,2,250,50.0,52
train,18683,3,3,136,45.333333333333336,50
train,18684,2,3,100,50.0,50
train,18685,4,3,160,40.0,43
train,18686,5,2,250,50.0,52
train,18687,4,2,140,35.0,36
train,18688,4,3,176,44.0,46
train,18689,5,2,250,50.0,52
train,18690,5,3,236,47.2,50
train,18691,4,2,204,51.0,52
train,18692,4,3,188,47.0,52
train,18693,5,2,310,62.0,64
train,18694,13,2,452,34.76923076923077,38
train,18695,10,3,414,41.4,46
train,18696,14,2,554,39.57142857142857,46
train,18697,12,2,472,39.333333333333336,44
train,18698,12,2,376,31.333333333333332,32
train,18699,10,2,476,47.6,50
train,18700,14,3,800,57.142857142857146,62
train,18701,5,2,310,62.0,64
train,18702,10,2,186,18.6,21
train,18703,1,3,14,14.0,14
train,18704,2,3,36,18.0,18
train,18705,5,2,152,30.4,31
valid,0,1,5,88,88.0,88
valid,1,1,4,22,22.0,22
valid,2,2,3,36,18.0,18
valid,3,1,4,58,58.0,58
valid,4,1,4,54,54.0,54
valid,5,1,4,14,14.0,14
valid,6,8,3,202,25.25,26
valid,7,2,3,24,12.0,12
valid,8,2,3,36,18.0,18
valid,9,4,4,216,54.0,54
valid,10,3,3,78,26.0,27
valid,11,2,3,52,26.0,26
valid,12,15,3,1146,76.4,82
valid,13,4,2,156,39.0,40
valid,14,4,2,72,18.0,18
valid,15,6,2,192,32.0,32
valid,16,12,2,376,31.333333333333332,32
valid,17,2,3,56,28.0,28
valid,18,9,3,396,44.0,46
valid,19,4,3,156,39.0,40
valid,20,6,3,264,44.0,44
valid,21,2,4,172,86.0,86
valid,22,2,3,64,32.0,32
valid,23,6,3,140,23.333333333333332,26
valid,24,2,3,52,26.0,26
valid,25,3,3,96,32.0,32
valid,26,2,4,160,80.0,80
valid,27,4,2,72,18.0,18
valid,28,6,3,312,52.0,56
valid,29,13,2,672,51.69230769230769,52
valid,30,2,3,52,26.0,26
valid,31,12,3,232,19.333333333333332,21
valid,32,20,2,452,22.6,24
valid,33,6,3,384,64.0,68
valid,34,3,3,72,24.0,24
valid,35,4,2,168,42.0,42
valid,36,14,3,708,50.57142857142857,54
valid,37,2,3,64,32.0,32
valid,38,3,3,96,32.0,32
valid,39,4,3,136,34.0,38
valid,40,3,3,204,68.0,68
valid,41,2,3,56,28.0,28
valid,42,2,3,92,46.0,46
valid,43,2,3,52,26.0,26
valid,44,4,3,232,58.0,58
valid,45,20,2,416,20.8,21
valid,46,2,2,52,26.0,26
valid,47,2,3,108,54.0,54
valid,48,2,3,52,26.0,26
valid,49,12,3,864,72.0,74
valid,50,5,3,224,44.8,47
valid,51,4,2,72,18.0,18
valid,52,6,3,166,27.666666666666668,29
valid,53,6,3,264,44.0,44
valid,54,2,2,52,26.0,26
valid,55,3,3,222,74.0,74
valid,56,2,3,160,80.0,80
valid,57,8,2,316,39.5,40
valid,58,4,4,168,42.0,42
valid,59,2,3,64,32.0,32
valid,60,4,2,168,42.0,42
valid,61,2,3,44,22.0,22
valid,62,2,3,100,50.0,50
valid,63,3,3,66,22.0,23
valid,64,5,2,322,64.4,65
valid,65,3,3,64,21.333333333333332,22
valid,66,2,3,108,54.0,54
valid,67,4,3,232,58.0,58
valid,68,2,2,28,14.0,14
valid,69,2,4,160,80.0,80
valid,70,14,2,1394,99.57142857142857,101
valid,71,6,3,312,52.0,56
valid,72,24,2,760,31.666666666666668,35
valid,73,12,2,160,13.333333333333334,15
valid,74,8,2,316,39.5,40
valid,75,24,2,512,21.333333333333332,25
valid,76,17,2,916,53.88235294117647,62
valid,77,4,2,72,18.0,18
valid,78,3,3,204,68.0,68
valid,79,4,3,108,27.0,29
valid,80,8,2,508,63.5,64
valid,81,2,3,36,18.0,18
valid,82,4,2,168,42.0,42
valid,83,2,2,52,26.0,26
valid,84,6,3,192,32.0,32
valid,85,2,4,244,122.0,122
valid,86,3,3,96,32.0,32
valid,87,4,2,72,18.0,18
valid,88,12,2,516,43.0,44
valid,89,2,3,84,42.0,42
valid,90,2,4,140,70.0,70
valid,91,20,2,1432,71.6,76
valid,92,3,3,94,31.333333333333332,32
valid,93,3,2,28,9.333333333333334,10
valid,94,5,3,146,29.2,34
valid,95,4,2,104,26.0,26
valid,96,3,3,94,31.333333333333332,32
valid,97,12,3,660,55.0,59
valid,98,6,3,340,56.666666666666664,60
valid,99,4,2,168,42.0,42
valid,100,3,3,96,32.0,32
valid,101,7,2,438,62.57142857142857,64
valid,102,2,3,112,56.0,56
valid,103,4,2,72,18.0,18
valid,104,6,3,264,44.0,44
valid,105,3,4,116,38.666666666666664,40
valid,106,12,2,624,52.0,53
valid,107,6,3,384,64.0,68
valid,108,3,4,102,34.0,34
valid,109,14,2,304,21.714285714285715,24
valid,110,2,3,52,26.0,26
valid,111,4,3,136,34.0,38
valid,112,2,2,52,26.0,26
valid,113,2,3,52,26.0,26
valid,114,6,3,300,50.0,50
valid,115,4,3,228,57.0,58
valid,116,3,3,128,42.666666666666664,44
valid,117,2,3,52,26.0,26
valid,118,3,3,162,54.0,56
valid,119,20,2,988,49.4,51
valid,120,2,3,52,26.0,26
valid,121,16,2,596,37.25,41
valid,122,2,3,52,26.0,26
valid,123,2,3,52,26.0,26
valid,124,6,2,192,32.0,32
valid,125,2,2,52,26.0,26
valid,126,4,2,72,18.0,18
valid,127,12,2,504,42.0,44
valid,128,2,2,52,26.0,26
valid,129,8,3,540,67.5,68
valid,130,3,3,168,56.0,56
valid,131,3,3,84,28.0,29
valid,132,6,3,304,50.666666666666664,51
valid,133,3,4,180,60.0,60
valid,134,4,2,168,42.0,42
valid,135,3,4,102,34.0,34
valid,136,2,3,52,26.0,26
valid,137,12,2,928,77.33333333333333,81
valid,138,6,3,318,53.0,56
valid,139,24,2,1308,54.5,56
valid,140,8,2,316,39.5,40
valid,141,6,3,224,37.333333333333336,38
valid,142,6,3,176,29.333333333333332,32
valid,143,4,4,268,67.0,72
valid,144,5,3,224,44.8,47
valid,145,2,3,52,26.0,26
valid,146,3,3,128,42.666666666666664,44
valid,147,24,2,800,33.333333333333336,35
valid,148,2,3,52,26.0,26
valid,149,4,3,136,34.0,38
valid,150,2,4,160,80.0,80
valid,151,12,2,716,59.666666666666664,64
valid,152,4,3,200,50.0,50
valid,153,5,3,198,39.6,46
valid,154,5,3,182,36.4,38
valid,155,4,3,128,32.0,32
valid,156,20,2,814,40.7,43
valid,157,9,3,256,28.444444444444443,32
valid,158,18,2,744,41.333333333333336,42
valid,159,6,3,318,53.0,62
valid,160,20,2,1234,61.7,63
valid,161,14,2,792,56.57142857142857,60
valid,162,4,3,232,58.0,58
valid,163,24,2,1184,49.333333333333336,57
valid,164,5,2,250,50.0,52
valid,165,12,2,680,56.666666666666664,59
valid,166,5,3,198,39.6,46
valid,167,5,4,214,42.8,50
valid,168,6,2,292,48.666666666666664,58
valid,169,4,3,110,27.5,29
valid,170,7,3,316,45.142857142857146,47
valid,171,80,2,5248,65.6,68
valid,172,4,3,200,50.0,50
valid,173,26,2,1228,47.23076923076923,50
valid,174,5,3,182,36.4,38
valid,175,12,2,480,40.0,41
valid,176,6,3,192,32.0,32
valid,177,5,4,258,51.6,58
valid,178,20,2,984,49.2,52
valid,179,10,3,692,69.2,72
valid,180,3,3,128,42.666666666666664,44
valid,181,6,2,184,30.666666666666668,36
valid,182,12,3,640,53.333333333333336,56
valid,183,5,2,250,50.0,52
valid,184,10,2,212,21.2,22
valid,185,14,2,376,26.857142857142858,32
valid,186,7,3,136,19.428571428571427,22
valid,187,14,2,640,45.714285714285715,50
valid,188,12,2,724,60.333333333333336,63
valid,189,9,2,300,33.333333333333336,36
valid,190,28,3,1208,43.142857142857146,46
valid,191,5,3,198,39.6,46
valid,192,12,3,408,34.0,36
valid,193,64,2,2744,42.875,48
valid,194,24,2,664,27.666666666666668,29
valid,195,22,2,1164,52.90909090909091,56
valid,196,20,2,568,28.4,34
valid,197,5,3,198,39.6,46
valid,198,5,3,182,36.4,38
valid,199,5,3,182,36.4,38
valid,200,12,3,648,54.0,55
valid,201,10,2,476,47.6,50
valid,202,14,3,840,60.0,64
valid,203,20,2,984,49.2,51
valid,204,11,3,368,33.45454545454545,40
valid,205,20,2,1368,68.4,74
valid,206,14,3,708,50.57142857142857,52
valid,207,5,3,198,39.6,46
valid,208,4,3,200,50.0,50
valid,209,5,2,250,50.0,52
valid,210,36,2,1800,50.0,54
valid,211,22,2,1308,59.45454545454545,62
valid,212,10,2,548,54.8,58
valid,213,7,3,180,25.714285714285715,26
valid,214,5,3,198,39.6,46
valid,215,14,3,740,52.857142857142854,54
valid,216,5,3,182,36.4,38
valid,217,9,2,474,52.666666666666664,56
valid,218,20,2,1368,68.4,74
valid,219,8,3,276,34.5,42
valid,220,30,2,1452,48.4,52
valid,221,22,2,728,33.09090909090909,35
valid,222,32,2,1236,38.625,42
valid,223,22,2,572,26.0,31
valid,224,4,3,224,56.0,58
valid,225,5,3,198,39.6,46
valid,226,4,3,232,58.0,58
valid,227,5,2,250,50.0,52
valid,228,48,3,2248,46.833333333333336,51
valid,229,8,2,264,33.0,36
valid,230,6,3,318,53.0,62
valid,231,5,3,238,47.6,54
valid,232,12,2,336,28.0,32
valid,233,22,2,1080,49.09090909090909,53
valid,234,6,3,292,48.666666666666664,52
valid,235,64,2,3304,51.625,56
valid,236,22,2,1288,58.54545454545455,61
valid,237,5,3,182,36.4,38
valid,238,5,3,194,38.8,42
valid,239,5,3,182,36.4,38
valid,240,3,3,64,21.333333333333332,22
valid,241,6,3,318,53.0,62
valid,242,12,2,704,58.666666666666664,61
valid,243,5,4,218,43.6,50
valid,244,12,2,416,34.666666666666664,39
valid,245,5,3,238,47.6,54
valid,246,16,2,1048,65.5,67
valid,247,28,3,2160,77.14285714285714,81
valid,248,3,3,128,42.666666666666664,44
valid,249,8,2,312,39.0,40
valid,250,20,2,984,49.2,53
valid,251,22,2,972,44.18181818181818,48
valid,252,12,2,688,57.333333333333336,59
valid,253,24,2,1248,52.0,60
valid,254,16,2,836,52.25,56
valid,255,26,2,1232,47.38461538461539,52
valid,256,22,3,604,27.454545454545453,30
valid,257,31,2,1390,44.83870967741935,49
valid,258,10,2,500,50.0,52
valid,259,24,2,1410,58.75,61
valid,260,22,2,1220,55.45454545454545,64
valid,261,18,2,780,43.333333333333336,46
valid,262,36,2,1752,48.666666666666664,53
valid,263,16,2,692,43.25,47
valid,264,16,2,472,29.5,30
valid,265,20,2,1204,60.2,65
valid,266,10,2,500,50.0,52
valid,267,8,2,288,36.0,42
valid,268,64,2,2744,42.875,49
valid,269,24,2,556,23.166666666666668,24
valid,270,20,2,1220,61.0,65
valid,271,18,2,412,22.88888888888889,28
valid,272,44,2,1748,39.72727272727273,50
valid,273,10,2,500,50.0,52
valid,274,60,2,2972,49.53333333333333,55
valid,275,5,3,188,37.6,42
valid,276,5,4,218,43.6,50
valid,277,2,4,172,86.0,86
valid,278,20,2,592,29.6,34
valid,279,4,3,236,59.0,62
valid,280,6,3,120,20.0,20
valid,281,10,3,644,64.4,68
valid,282,16,2,872,54.5,58
valid,283,11,2,586,53.27272727272727,56
valid,284,12,2,248,20.666666666666668,23
valid,285,12,3,616,51.333333333333336,56
valid,286,5,2,154,30.8,44
valid,287,5,2,76,15.2,20
valid,288,4,3,100,25.0,25
valid,289,16,3,904,56.5,59
valid,290,12,3,648,54.0,56
valid,291,64,2,2480,38.75,43
valid,292,12,2,324,27.0,28
valid,293,10,3,444,44.4,45
valid,294,28,2,1472,52.57142857142857,57
valid,295,5,3,182,36.4,38
valid,296,12,2,336,28.0,32
valid,297,6,3,168,28.0,32
valid,298,10,2,168,16.8,20
valid,299,12,3,336,28.0,31
valid,300,4,3,232,58.0,58
valid,301,4,3,146,36.5,44
valid,302,4,3,146,36.5,44
valid,303,2,4,60,30.0,30
valid,304,3,3,242,80.66666666666667,84
valid,305,5,3,198,39.6,46
valid,306,11,2,582,52.90909090909091,55
valid,307,4,3,112,28.0,32
valid,308,3,3,132,44.0,44
valid,309,9,3,416,46.22222222222222,48
valid,310,4,2,168,42.0,42
valid,311,5,3,188,37.6,42
valid,312,6,3,390,65.0,68
valid,313,12,2,552,46.0,46
valid,314,14,2,272,19.428571428571427,20
valid,315,8,3,560,70.0,72
valid,316,4,3,116,29.0,30
valid,317,7,3,168,24.0,24
valid,318,13,2,972,74.76923076923077,76
valid,319,8,3,224,28.0,28
valid,320,14,2,764,54.57142857142857,57
valid,321,3,3,38,12.666666666666666,13
valid,322,4,3,180,45.0,46
valid,323,6,2,248,41.333333333333336,42
valid,324,12,2,284,23.666666666666668,26
valid,325,9,2,402,44.666666666666664,50
valid,326,6,3,146,24.333333333333332,28
valid,327,21,2,1060,50.476190476190474,53
valid,328,28,2,1384,49.42857142857143,57
valid,329,8,2,200,25.0,26
valid,330,6,2,248,41.333333333333336,42
valid,331,2,3,100,50.0,50
valid,332,12,2,640,53.333333333333336,57
valid,333,20,2,916,45.8,51
valid,334,1,4,54,54.0,54
valid,335,1,4,42,42.0,42
valid,336,6,3,312,52.0,56
valid,337,20,2,1192,59.6,63
valid,338,6,2,108,18.0,18
valid,339,8,2,196,24.5,26
valid,340,10,3,248,24.8,26
valid,341,6,2,152,25.333333333333332,28
valid,342,10,3,324,32.4,34
valid,343,16,2,572,35.75,44
valid,344,10,3,332,33.2,38
valid,345,10,2,160,16.0,18
valid,346,4,3,104,26.0,26
valid,347,12,2,968,80.66666666666667,88
valid,348,10,2,156,15.6,19
valid,349,24,2,720,30.0,34
valid,350,18,2,368,20.444444444444443,22
valid,351,12,2,680,56.666666666666664,59
valid,352,6,2,104,17.333333333333332,20
valid,353,4,3,110,27.5,29
valid,354,5,3,182,36.4,38
valid,355,5,2,250,50.0,52
valid,356,16,2,860,53.75,59
valid,357,9,2,438,48.666666666666664,56
valid,358,12,3,242,20.166666666666668,26
valid,359,10,2,368,36.8,41
valid,360,6,4,576,96.0,98
valid,361,8,2,168,21.0,25
valid,362,8,2,156,19.5,25
valid,363,4,4,188,47.0,47
valid,364,4,3,100,25.0,26
valid,365,6,3,216,36.0,38
valid,366,10,2,620,62.0,64
valid,367,13,3,588,45.23076923076923,52
valid,368,16,2,364,22.75,26
valid,369,16,2,440,27.5,30
valid,370,8,2,180,22.5,26
valid,371,7,3,316,45.142857142857146,47
valid,372,26,2,1308,50.30769230769231,53
valid,373,12,3,288,24.0,28
valid,374,30,2,1596,53.2,59
valid,375,18,2,852,47.333333333333336,50
valid,376,20,2,568,28.4,32
valid,377,12,2,228,19.0,21
valid,378,14,2,292,20.857142857142858,24
valid,379,5,3,278,55.6,58
valid,380,8,2,388,48.5,56
valid,381,6,2,104,17.333333333333332,18
valid,382,20,2,1006,50.3,54
valid,383,7,2,120,17.142857142857142,19
valid,384,6,2,140,23.333333333333332,24
valid,385,16,2,236,14.75,15
valid,386,8,3,280,35.0,37
valid,387,6,3,102,17.0,18
valid,388,8,4,540,67.5,74
valid,389,8,3,352,44.0,45
valid,390,2,3,112,56.0,56
valid,391,2,3,52,26.0,26
valid,392,17,2,772,45.411764705882355,56
valid,393,22,2,512,23.272727272727273,25
valid,394,22,2,476,21.636363636363637,23
valid,395,7,4,578,82.57142857142857,84
valid,396,2,3,92,46.0,46
valid,397,4,3,232,58.0,58
valid,398,6,2,264,44.0,44
valid,399,5,2,76,15.2,20
valid,400,22,2,1124,51.09090909090909,56
valid,401,9,3,372,41.333333333333336,50
valid,402,9,3,438,48.666666666666664,56
valid,403,5,2,106,21.2,26
valid,404,6,3,348,58.0,58
valid,405,5,3,188,37.6,42
valid,406,20,2,880,44.0,46
valid,407,12,2,218,18.166666666666668,24
valid,408,6,3,216,36.0,38
valid,409,12,3,318,26.5,29
valid,410,18,2,392,21.77777777777778,23
valid,411,2,3,52,26.0,26
valid,412,2,2,52,26.0,26
valid,413,3,3,54,18.0,18
valid,414,5,3,182,36.4,38
valid,415,1,3,18,18.0,18
valid,416,1,3,18,18.0,18
valid,417,1,4,14,14.0,14
valid,418,12,2,596,49.666666666666664,52
valid,419,12,2,360,30.0,32
valid,420,12,2,432,36.0,38
valid,421,6,3,324,54.0,58
valid,422,4,3,232,58.0,58
valid,423,12,2,952,79.33333333333333,81
valid,424,5,2,124,24.8,29
valid,425,11,3,682,62.0,74
valid,426,16,2,906,56.625,62
valid,427,16,2,416,26.0,26
valid,428,19,2,940,49.473684210526315,53
valid,429,20,2,412,20.6,22
valid,430,11,2,436,39.63636363636363,44
valid,431,24,2,784,32.666666666666664,34
valid,432,12,3,240,20.0,22
valid,433,12,3,240,20.0,22
valid,434,15,2,358,23.866666666666667,30
valid,435,9,2,252,28.0,32
valid,436,2,3,52,26.0,26
valid,437,4,3,108,27.0,27
valid,438,4,2,168,42.0,42
valid,439,2,3,52,26.0,26
valid,440,8,2,364,45.5,48
valid,441,10,3,516,51.6,55
valid,442,3,2,28,9.333333333333334,10
valid,443,14,2,624,44.57142857142857,52
valid,444,2,3,64,32.0,32
valid,445,3,3,66,22.0,23
valid,446,3,3,128,42.666666666666664,44
valid,447,3,3,96,32.0,32
valid,448,2,3,100,50.0,50
valid,449,3,4,102,34.0,34
valid,450,3,3,66,22.0,23
valid,451,2,3,52,26.0,26
valid,452,2,2,28,14.0,14
valid,453,4,4,216,54.0,54
valid,454,2,3,116,58.0,58
valid,455,3,4,162,54.0,54
valid,456,2,3,116,58.0,58
valid,457,4,2,216,54.0,54
valid,458,10,3,644,64.4,68
valid,459,16,2,480,30.0,33
valid,460,9,2,252,28.0,32
valid,461,6,2,270,45.0,50
valid,462,4,3,156,39.0,40
valid,463,10,3,640,64.0,69
valid,464,5,3,166,33.2,34
valid,465,20,2,944,47.2,49
valid,466,9,2,186,20.666666666666668,26
valid,467,7,3,276,39.42857142857143,41
valid,468,8,3,284,35.5,40
valid,469,5,3,198,39.6,46
valid,470,2,3,36,18.0,18
valid,471,4,3,104,26.0,26
valid,472,9,2,300,33.333333333333336,35
valid,473,22,3,1012,46.0,51
valid,474,4,3,150,37.5,38
valid,475,16,2,360,22.5,25
valid,476,12,3,280,23.333333333333332,30
valid,477,10,3,500,50.0,52
valid,478,13,3,638,49.07692307692308,52
valid,479,24,2,1256,52.333333333333336,59
valid,480,8,2,320,40.0,42
valid,481,12,3,208,17.333333333333332,19
valid,482,8,2,224,28.0,30
valid,483,9,3,360,40.0,40
valid,484,10,2,244,24.4,30
valid,485,4,3,200,50.0,50
valid,486,4,3,104,26.0,26
valid,487,2,3,116,58.0,58
valid,488,3,4,134,44.666666666666664,46
valid,489,2,3,116,58.0,58
valid,490,20,2,952,47.6,49
valid,491,15,2,848,56.53333333333333,62
valid,492,16,2,460,28.75,31
valid,493,4,3,232,58.0,58
valid,494,6,3,168,28.0,28
valid,495,8,2,400,50.0,50
valid,496,2,4,170,85.0,85
valid,497,10,2,452,45.2,48
valid,498,60,2,3676,61.266666666666666,67
valid,499,6,3,192,32.0,35
valid,500,6,3,176,29.333333333333332,31
valid,501,4,3,96,24.0,24
valid,502,10,3,612,61.2,63
valid,503,10,2,156,15.6,17
valid,504,4,3,156,39.0,39
valid,505,2,3,52,26.0,26
valid,506,9,2,300,33.333333333333336,36
valid,507,8,3,396,49.5,50
valid,508,22,3,1020,46.36363636363637,51
valid,509,12,2,624,52.0,54
valid,510,18,2,1020,56.666666666666664,58
valid,511,10,3,440,44.0,46
valid,512,8,3,408,51.0,52
valid,513,48,2,3776,78.66666666666667,84
valid,514,12,2,292,24.333333333333332,27
valid,515,8,2,112,14.0,17
valid,516,14,2,832,59.42857142857143,62
valid,517,27,2,1360,50.370370370370374,60
valid,518,9,2,360,40.0,44
valid,519,20,2,864,43.2,46
valid,520,26,2,1244,47.84615384615385,51
valid,521,9,3,226,25.11111111111111,26
valid,522,16,2,612,38.25,41
valid,523,24,2,1260,52.5,55
valid,524,80,2,3632,45.4,47
valid,525,4,3,146,36.5,44
valid,526,23,2,1188,51.65217391304348,55
valid,527,14,2,352,25.142857142857142,32
valid,528,10,2,296,29.6,32
valid,529,20,2,714,35.7,44
valid,530,15,2,660,44.0,45
valid,531,16,2,712,44.5,45
valid,532,16,3,336,21.0,23
valid,533,6,2,208,34.666666666666664,36
valid,534,18,3,830,46.111111111111114,53
valid,535,14,2,544,38.857142857142854,44
valid,536,8,2,224,28.0,30
valid,537,10,2,500,50.0,52
valid,538,4,3,156,39.0,40
valid,539,6,3,102,17.0,18
valid,540,4,3,104,26.0,26
valid,541,4,3,104,26.0,26
valid,542,24,2,1248,52.0,60
valid,543,4,3,232,58.0,58
valid,544,68,2,2968,43.64705882352941,48
valid,545,11,2,472,42.90909090909091,45
valid,546,22,2,876,39.81818181818182,42
valid,547,9,2,264,29.333333333333332,32
valid,548,7,3,168,24.0,24
valid,549,4,3,232,58.0,58
valid,550,2,3,32,16.0,16
valid,551,3,3,112,37.333333333333336,44
valid,552,10,2,516,51.6,57
valid,553,5,3,112,22.4,25
valid,554,6,2,234,39.0,44
valid,555,28,2,576,20.571428571428573,23
valid,556,32,2,1064,33.25,39
valid,557,40,2,2292,57.3,70
valid,558,32,2,1824,57.0,61
valid,559,24,2,648,27.0,30
valid,560,30,2,1164,38.8,41
valid,561,28,2,1304,46.57142857142857,53
valid,562,32,2,1600,50.0,53
valid,563,22,2,1028,46.72727272727273,49
valid,564,36,2,2128,59.111111111111114,63
valid,565,24,2,648,27.0,30
valid,566,24,2,680,28.333333333333332,32
valid,567,40,2,2224,55.6,61
valid,568,28,2,472,16.857142857142858,20
valid,569,22,2,792,36.0,38
valid,570,32,2,1520,47.5,51
valid,571,24,2,560,23.333333333333332,26
valid,572,28,2,912,32.57142857142857,36
valid,573,24,2,916,38.166666666666664,42
valid,574,24,2,624,26.0,28
valid,575,30,2,716,23.866666666666667,29
valid,576,24,2,564,23.5,26
valid,577,24,2,912,38.0,45
valid,578,56,2,1104,19.714285714285715,22
valid,579,28,2,1368,48.857142857142854,50
valid,580,24,2,1088,45.333333333333336,49
valid,581,34,2,1536,45.1764705882353,49
valid,582,34,2,1232,36.23529411764706,44
valid,583,18,2,448,24.88888888888889,28
valid,584,24,2,1296,54.0,56
valid,585,32,2,1800,56.25,60
valid,586,32,2,1840,57.5,61
valid,587,36,2,2046,56.833333333333336,62
valid,588,17,2,748,44.0,50
valid,589,38,2,1720,45.26315789473684,50
valid,590,24,2,544,22.666666666666668,27
valid,591,26,2,608,23.384615384615383,27
valid,592,36,2,1508,41.888888888888886,47
valid,593,32,2,1440,45.0,49
valid,594,22,3,600,27.272727272727273,30
valid,595,32,2,1752,54.75,60
valid,596,14,2,652,46.57142857142857,51
valid,597,12,3,808,67.33333333333333,74
valid,598,14,3,928,66.28571428571429,68
valid,599,12,2,386,32.166666666666664,38
valid,600,10,2,368,36.8,40
valid,601,10,3,764,76.4,78
valid,602,12,3,604,50.333333333333336,56
valid,603,9,3,262,29.11111111111111,32
valid,604,10,2,500,50.0,52
valid,605,12,3,664,55.333333333333336,57
valid,606,12,3,664,55.333333333333336,57
valid,607,14,2,632,45.142857142857146,49
valid,608,18,3,1116,62.0,68
valid,609,10,2,480,48.0,50
valid,610,4,4,270,67.5,74
valid,611,16,2,1040,65.0,67
valid,612,4,4,270,67.5,74
valid,613,10,2,480,48.0,50
valid,614,14,2,628,44.857142857142854,50
valid,615,12,3,736,61.333333333333336,62
valid,616,5,4,308,61.6,62
valid,617,8,3,344,43.0,46
valid,618,16,2,842,52.625,58
valid,619,14,2,688,49.142857142857146,50
valid,620,6,2,132,22.0,23
valid,621,5,2,154,30.8,44
valid,622,4,3,88,22.0,23
valid,623,6,2,192,32.0,34
valid,624,8,3,220,27.5,30
valid,625,4,2,72,18.0,18
valid,626,20,2,1000,50.0,52
valid,627,2,3,44,22.0,22
valid,628,4,3,150,37.5,38
valid,629,4,2,60,15.0,17
valid,630,9,2,228,25.333333333333332,32
valid,631,14,2,400,28.571428571428573,31
valid,632,4,3,232,58.0,58
valid,633,5,2,90,18.0,21
valid,634,6,2,152,25.333333333333332,28
valid,635,20,2,536,26.8,31
valid,636,2,2,52,26.0,26
valid,637,20,2,440,22.0,22
valid,638,6,3,464,77.33333333333333,84
valid,639,5,2,76,15.2,20
valid,640,5,2,310,62.0,64
valid,641,5,2,76,15.2,20
valid,642,24,3,1656,69.0,78
valid,643,9,2,234,26.0,32
valid,644,6,3,348,58.0,58
valid,645,6,2,232,38.666666666666664,42
valid,646,4,2,72,18.0,18
valid,647,6,3,272,45.333333333333336,46
valid,648,14,2,452,32.285714285714285,34
valid,649,5,3,182,36.4,38
valid,650,12,2,496,41.333333333333336,44
valid,651,10,2,228,22.8,26
valid,652,12,2,224,18.666666666666668,21
valid,653,4,3,232,58.0,58
valid,654,6,3,156,26.0,29
valid,655,5,2,250,50.0,52
valid,656,5,2,76,15.2,20
valid,657,12,2,552,46.0,54
valid,658,22,2,1164,52.90909090909091,56
valid,659,12,2,624,52.0,53
valid,660,10,2,680,68.0,69
valid,661,2,3,52,26.0,26
valid,662,5,2,106,21.2,26
valid,663,6,3,172,28.666666666666668,29
valid,664,8,3,448,56.0,56
valid,665,5,3,178,35.6,38
valid,666,5,2,106,21.2,26
valid,667,8,2,320,40.0,42
valid,668,9,2,276,30.666666666666668,34
valid,669,5,2,250,50.0,52
valid,670,12,2,336,28.0,29
valid,671,24,2,1338,55.75,60
valid,672,3,3,128,42.666666666666664,44
valid,673,6,2,232,38.666666666666664,42
valid,674,10,2,340,34.0,38
valid,675,4,2,72,18.0,18
valid,676,12,2,408,34.0,36
valid,677,9,2,210,23.333333333333332,29
valid,678,5,2,250,50.0,52
valid,679,8,2,212,26.5,28
valid,680,5,2,76,15.2,20
valid,681,56,2,1096,19.571428571428573,22
valid,682,40,2,1808,45.2,50
valid,683,4,3,174,43.5,44
valid,684,12,2,528,44.0,48
valid,685,5,2,250,50.0,52
valid,686,5,3,198,39.6,46
valid,687,8,3,276,34.5,42
valid,688,19,2,1026,54.0,55
valid,689,12,2,554,46.166666666666664,54
valid,690,12,2,528,44.0,48
valid,691,8,3,224,28.0,28
valid,692,2,3,116,58.0,58
valid,693,12,2,632,52.666666666666664,55
valid,694,5,3,182,36.4,38
valid,695,6,3,144,24.0,26
valid,696,5,2,250,50.0,52
valid,697,4,3,232,58.0,58
valid,698,5,4,218,43.6,50
valid,699,4,3,200,50.0,50
valid,700,3,3,112,37.333333333333336,44
valid,701,6,2,232,38.666666666666664,42
valid,702,12,2,528,44.0,46
valid,703,13,2,576,44.30769230769231,48
valid,704,14,2,212,15.142857142857142,17
valid,705,2,2,28,14.0,14
valid,706,4,3,112,28.0,32
valid,707,3,3,70,23.333333333333332,25
valid,708,6,2,128,21.333333333333332,24
valid,709,4,3,104,26.0,26
valid,710,2,3,56,28.0,28
valid,711,2,3,36,18.0,18
valid,712,7,2,142,20.285714285714285,22
valid,713,6,3,146,24.333333333333332,26
valid,714,18,2,320,17.77777777777778,20
valid,715,7,2,180,25.714285714285715,26
valid,716,12,2,680,56.666666666666664,62
valid,717,9,2,172,19.11111111111111,22
valid,718,6,2,168,28.0,32
valid,719,20,2,976,48.8,51
valid,720,12,2,208,17.333333333333332,18
valid,721,5,2,190,38.0,38
valid,722,5,2,76,15.2,20
valid,723,10,2,476,47.6,50
valid,724,6,2,272,45.333333333333336,46
valid,725,12,2,450,37.5,44
valid,726,9,2,142,15.777777777777779,18
valid,727,4,3,100,25.0,27
valid,728,8,2,126,15.75,16
valid,729,12,2,240,20.0,20
valid,730,32,2,1268,39.625,43
valid,731,60,2,2944,49.06666666666667,54
valid,732,9,2,172,19.11111111111111,22
valid,733,18,2,324,18.0,20
valid,734,6,2,176,29.333333333333332,34
valid,735,28,2,504,18.0,20
valid,736,9,2,172,19.11111111111111,22
valid,737,9,2,172,19.11111111111111,22
valid,738,12,2,208,17.333333333333332,18
valid,739,36,2,1296,36.0,39
valid,740,24,2,1548,64.5,71
valid,741,12,2,872,72.66666666666667,75
valid,742,12,3,968,80.66666666666667,83
valid,743,12,3,712,59.333333333333336,62
valid,744,12,3,772,64.33333333333333,68
valid,745,20,2,1104,55.2,59
valid,746,12,3,944,78.66666666666667,79
valid,747,6,2,208,34.666666666666664,36
valid,748,2,3,112,56.0,56
valid,749,5,2,154,30.8,44
valid,750,28,2,1156,41.285714285714285,46
valid,751,36,2,2216,61.55555555555556,66
valid,752,36,2,2592,72.0,76
valid,753,16,2,744,46.5,50
valid,754,14,3,1108,79.14285714285714,80
valid,755,3,3,146,48.666666666666664,50
valid,756,16,2,608,38.0,44
valid,757,26,3,1660,63.84615384615385,70
valid,758,3,3,128,42.666666666666664,44
valid,759,3,3,314,104.66666666666667,108
valid,760,3,3,242,80.66666666666667,84
valid,761,10,2,340,34.0,38
valid,762,6,2,192,32.0,36
valid,763,24,2,1112,46.333333333333336,48
valid,764,14,3,1192,85.14285714285714,87
valid,765,8,2,508,63.5,64
valid,766,4,4,364,91.0,91
valid,767,2,3,52,26.0,26
valid,768,3,4,330,110.0,112
valid,769,28,2,1464,52.285714285714285,62
valid,770,12,3,700,58.333333333333336,62
valid,771,3,4,178,59.333333333333336,61
valid,772,26,2,1250,48.07692307692308,50
valid,773,30,2,1380,46.0,47
valid,774,72,2,4224,58.666666666666664,62
valid,775,44,2,1428,32.45454545454545,35
valid,776,24,3,1268,52.833333333333336,56
valid,777,10,2,216,21.6,30
valid,778,36,2,632,17.555555555555557,20
valid,779,22,2,368,16.727272727272727,18
valid,780,20,2,328,16.4,18
valid,781,20,2,830,41.5,46
valid,782,4,3,72,18.0,18
valid,783,4,3,96,24.0,24
valid,784,8,2,148,18.5,19
valid,785,10,2,192,19.2,20
valid,786,16,3,868,54.25,61
valid,787,13,2,542,41.69230769230769,47
valid,788,7,3,160,22.857142857142858,25
valid,789,28,2,772,27.571428571428573,30
valid,790,6,3,208,34.666666666666664,36
valid,791,14,2,644,46.0,48
valid,792,14,2,340,24.285714285714285,26
valid,793,14,2,292,20.857142857142858,23
valid,794,20,2,528,26.4,32
valid,795,28,2,1260,45.0,51
valid,796,9,3,170,18.88888888888889,20
valid,797,4,3,78,19.5,21
valid,798,8,2,172,21.5,26
valid,799,8,3,108,13.5,15
valid,800,6,2,208,34.666666666666664,36
valid,801,6,2,248,41.333333333333336,42
valid,802,6,2,168,28.0,32
valid,803,16,2,480,30.0,32
valid,804,28,2,928,33.142857142857146,36
valid,805,22,2,904,41.09090909090909,46
valid,806,24,2,1192,49.666666666666664,53
valid,807,52,1,1296,24.923076923076923,29
valid,808,16,3,560,35.0,36
valid,809,18,2,382,21.22222222222222,25
valid,810,16,2,372,23.25,24
valid,811,8,3,164,20.5,21
valid,812,6,3,212,35.333333333333336,37
valid,813,10,3,316,31.6,34
valid,814,16,2,344,21.5,23
valid,815,28,2,804,28.714285714285715,32
valid,816,24,2,512,21.333333333333332,24
valid,817,48,2,964,20.083333333333332,21
valid,818,14,2,272,19.428571428571427,22
valid,819,32,2,1336,41.75,46
valid,820,28,2,1232,44.0,48
valid,821,14,2,348,24.857142857142858,27
valid,822,6,3,264,44.0,48
valid,823,4,2,76,19.0,20
valid,824,3,3,62,20.666666666666668,22
valid,825,12,2,264,22.0,23
valid,826,14,2,268,19.142857142857142,21
valid,827,10,2,212,21.2,23
valid,828,5,2,178,35.6,38
valid,829,24,2,616,25.666666666666668,28
valid,830,28,2,416,14.857142857142858,16
valid,831,20,2,448,22.4,24
valid,832,6,3,216,36.0,36
valid,833,17,3,966,56.8235294117647,61
valid,834,24,2,672,28.0,31
valid,835,24,2,616,25.666666666666668,31
valid,836,16,2,296,18.5,21
valid,837,22,2,360,16.363636363636363,17
valid,838,16,2,432,27.0,28
valid,839,8,3,366,45.75,50
valid,840,8,3,312,39.0,39
valid,841,20,2,904,45.2,47
valid,842,22,2,876,39.81818181818182,42
valid,843,22,2,352,16.0,17
valid,844,5,2,76,15.2,20
valid,845,38,2,1500,39.473684210526315,44
valid,846,24,2,1136,47.333333333333336,49
valid,847,24,2,496,20.666666666666668,24
valid,848,16,2,388,24.25,30
valid,849,24,2,1100,45.833333333333336,48
valid,850,12,2,384,32.0,38
valid,851,7,2,116,16.571428571428573,19
valid,852,5,3,106,21.2,24
valid,853,10,2,254,25.4,27
valid,854,3,3,152,50.666666666666664,54
valid,855,6,2,248,41.333333333333336,42
valid,856,7,3,338,48.285714285714285,51
valid,857,28,2,1448,51.714285714285715,60
valid,858,36,2,1528,42.44444444444444,44
valid,859,32,2,1668,52.125,54
valid,860,16,2,760,47.5,48
valid,861,14,2,440,31.428571428571427,34
valid,862,3,3,96,32.0,32
valid,863,4,3,232,58.0,58
valid,864,20,2,488,24.4,26
valid,865,14,2,480,34.285714285714285,37
valid,866,40,2,832,20.8,26
valid,867,8,3,300,37.5,38
valid,868,18,2,508,28.22222222222222,30
valid,869,17,2,540,31.764705882352942,34
valid,870,12,3,576,48.0,50
valid,871,4,3,104,26.0,26
valid,872,4,3,232,58.0,58
valid,873,5,3,210,42.0,42
valid,874,3,3,64,21.333333333333332,22
valid,875,4,2,72,18.0,18
valid,876,3,3,66,22.0,23
valid,877,3,4,118,39.333333333333336,42
valid,878,3,3,128,42.666666666666664,44
valid,879,4,3,232,58.0,58
valid,880,6,2,132,22.0,23
valid,881,6,3,240,40.0,41
valid,882,6,3,252,42.0,42
valid,883,4,3,104,26.0,26
valid,884,6,2,128,21.333333333333332,24
valid,885,6,3,312,52.0,56
valid,886,4,3,232,58.0,58
valid,887,4,4,168,42.0,42
valid,888,3,3,128,42.666666666666664,44
valid,889,10,3,470,47.0,50
valid,890,16,2,276,17.25,18
valid,891,6,3,132,22.0,23
valid,892,5,2,154,30.8,44
valid,893,24,2,704,29.333333333333332,32
valid,894,20,2,944,47.2,49
valid,895,4,3,200,50.0,50
valid,896,20,2,1020,51.0,53
valid,897,9,3,414,46.0,50
valid,898,18,2,508,28.22222222222222,30
valid,899,36,2,1720,47.77777777777778,51
valid,900,9,3,240,26.666666666666668,32
valid,901,5,3,182,36.4,38
valid,902,4,3,232,58.0,58
valid,903,6,3,132,22.0,23
valid,904,40,2,1056,26.4,28
valid,905,2,3,56,28.0,28
valid,906,40,2,1256,31.4,36
valid,907,14,2,304,21.714285714285715,24
valid,908,14,2,304,21.714285714285715,24
valid,909,3,3,112,37.333333333333336,44
valid,910,15,2,522,34.8,38
valid,911,8,3,244,30.5,31
valid,912,14,2,308,22.0,24
valid,913,6,3,280,46.666666666666664,50
valid,914,13,2,612,47.07692307692308,57
valid,915,10,2,296,29.6,34
valid,916,14,2,928,66.28571428571429,71
valid,917,4,2,104,26.0,26
valid,918,12,2,728,60.666666666666664,62
valid,919,14,2,304,21.714285714285715,24
valid,920,16,2,328,20.5,22
valid,921,24,2,1172,48.833333333333336,53
valid,922,8,2,250,31.25,38
valid,923,20,2,424,21.2,23
valid,924,8,2,160,20.0,22
valid,925,24,2,588,24.5,26
valid,926,28,2,1468,52.42857142857143,55
valid,927,12,2,410,34.166666666666664,38
valid,928,5,2,94,18.8,23
valid,929,9,3,226,25.11111111111111,26
valid,930,20,2,340,17.0,19
valid,931,24,2,1088,45.333333333333336,48
valid,932,54,2,5208,96.44444444444444,99
valid,933,30,3,1494,49.8,55
valid,934,36,2,1312,36.44444444444444,39
valid,935,28,2,1292,46.142857142857146,49
valid,936,30,3,1468,48.93333333333333,53
valid,937,32,2,1656,51.75,60
valid,938,32,2,1784,55.75,60
valid,939,16,2,524,32.75,35
valid,940,34,2,784,23.058823529411764,25
valid,941,12,2,288,24.0,24
valid,942,20,2,464,23.2,24
valid,943,28,2,552,19.714285714285715,24
valid,944,5,3,118,23.6,25
valid,945,6,3,190,31.666666666666668,34
valid,946,34,3,1688,49.64705882352941,54
valid,947,7,3,170,24.285714285714285,26
valid,948,27,2,646,23.925925925925927,28
valid,949,25,2,1728,69.12,79
valid,950,28,2,1284,45.857142857142854,52
valid,951,9,2,142,15.777777777777779,18
valid,952,48,2,1472,30.666666666666668,32
valid,953,10,2,352,35.2,40
valid,954,8,2,284,35.5,38
valid,955,6,2,292,48.666666666666664,58
valid,956,10,3,570,57.0,59
valid,957,5,2,250,50.0,52
valid,958,10,2,348,34.8,37
valid,959,8,3,342,42.75,44
valid,960,8,2,252,31.5,38
valid,961,7,3,152,21.714285714285715,25
valid,962,5,3,178,35.6,38
valid,963,6,3,200,33.333333333333336,35
valid,964,6,3,202,33.666666666666664,38
valid,965,10,2,244,24.4,26
valid,966,8,2,232,29.0,37
valid,967,6,3,276,46.0,46
valid,968,46,2,3084,67.04347826086956,80
valid,969,13,2,580,44.61538461538461,48
valid,970,4,2,48,12.0,12
valid,971,24,2,1036,43.166666666666664,49
valid,972,68,2,2472,36.35294117647059,41
valid,973,4,3,100,25.0,26
valid,974,28,2,856,30.571428571428573,33
valid,975,3,3,142,47.333333333333336,50
valid,976,16,2,698,43.625,46
valid,977,36,3,2880,80.0,80
valid,978,28,2,1184,42.285714285714285,46
valid,979,24,2,1180,49.166666666666664,52
valid,980,32,2,784,24.5,28
valid,981,24,2,1228,51.166666666666664,55
valid,982,40,3,2312,57.8,64
valid,983,28,2,744,26.571428571428573,29
valid,984,64,2,3568,55.75,61
valid,985,12,3,564,47.0,49
valid,986,12,2,350,29.166666666666668,33
valid,987,28,2,1196,42.714285714285715,48
valid,988,20,2,980,49.0,53
valid,989,36,2,2048,56.888888888888886,60
valid,990,28,2,844,30.142857142857142,34
valid,991,64,3,2224,34.75,38
valid,992,14,2,746,53.285714285714285,56
valid,993,17,2,736,43.294117647058826,44
valid,994,26,2,1108,42.61538461538461,45
valid,995,72,2,3876,53.833333333333336,58
valid,996,20,2,728,36.4,39
valid,997,30,2,1040,34.666666666666664,37
valid,998,28,3,1616,57.714285714285715,62
valid,999,18,2,812,45.111111111111114,52
valid,1000,12,2,512,42.666666666666664,47
valid,1001,18,2,744,41.333333333333336,42
valid,1002,18,3,920,51.111111111111114,54
valid,1003,12,2,720,60.0,64
valid,1004,20,2,1032,51.6,56
valid,1005,30,2,1452,48.4,52
valid,1006,36,2,1784,49.55555555555556,52
valid,1007,24,2,1164,48.5,52
valid,1008,14,4,666,47.57142857142857,56
valid,1009,40,2,888,22.2,25
valid,1010,10,2,208,20.8,23
valid,1011,20,2,1168,58.4,62
valid,1012,12,3,600,50.0,52
valid,1013,42,2,1740,41.42857142857143,44
valid,1014,16,3,860,53.75,64
valid,1015,10,2,328,32.8,35
valid,1016,40,2,2148,53.7,58
valid,1017,8,3,396,49.5,50
valid,1018,36,3,1512,42.0,46
valid,1019,32,2,1600,50.0,56
valid,1020,22,2,1164,52.90909090909091,56
valid,1021,18,2,292,16.22222222222222,18
valid,1022,14,2,598,42.714285714285715,47
valid,1023,80,2,2408,30.1,36
valid,1024,16,2,872,54.5,58
valid,1025,32,2,1320,41.25,43
valid,1026,40,2,2144,53.6,56
valid,1027,60,2,4144,69.06666666666666,73
valid,1028,14,2,824,58.857142857142854,60
valid,1029,14,2,920,65.71428571428571,71
valid,1030,22,2,908,41.27272727272727,44
valid,1031,80,2,4036,50.45,57
valid,1032,28,2,1292,46.142857142857146,50
valid,1033,28,2,1448,51.714285714285715,55
valid,1034,32,2,892,27.875,32
valid,1035,8,3,504,63.0,64
valid,1036,24,2,904,37.666666666666664,40
valid,1037,44,2,2532,57.54545454545455,64
valid,1038,19,2,818,43.05263157894737,47
valid,1039,72,2,3472,48.22222222222222,54
valid,1040,54,2,1240,22.962962962962962,27
valid,1041,24,2,1028,42.833333333333336,45
valid,1042,12,2,412,34.333333333333336,35
valid,1043,30,3,1380,46.0,47
valid,1044,80,2,3212,40.15,46
valid,1045,13,3,596,45.84615384615385,52
valid,1046,14,3,584,41.714285714285715,43
valid,1047,28,3,1344,48.0,50
valid,1048,32,2,1576,49.25,55
valid,1049,8,3,202,25.25,28
valid,1050,44,2,2360,53.63636363636363,58
valid,1051,24,2,824,34.333333333333336,37
valid,1052,24,2,624,26.0,27
valid,1053,16,3,608,38.0,42
valid,1054,6,3,276,46.0,51
valid,1055,10,2,308,30.8,44
valid,1056,80,2,6704,83.8,89
valid,1057,18,2,1098,61.0,66
valid,1058,28,2,812,29.0,32
valid,1059,18,2,876,48.666666666666664,51
valid,1060,30,2,1340,44.666666666666664,51
valid,1061,71,2,3748,52.7887323943662,57
valid,1062,24,2,960,40.0,46
valid,1063,30,2,864,28.8,32
valid,1064,34,2,1672,49.1764705882353,52
valid,1065,14,2,848,60.57142857142857,63
valid,1066,28,2,728,26.0,28
valid,1067,20,2,960,48.0,50
valid,1068,22,2,1044,47.45454545454545,52
valid,1069,28,2,1480,52.857142857142854,56
valid,1070,25,2,1152,46.08,50
valid,1071,32,2,1288,40.25,42
valid,1072,12,3,634,52.833333333333336,58
valid,1073,58,2,1704,29.379310344827587,40
valid,1074,24,2,1248,52.0,55
valid,1075,13,2,304,23.384615384615383,30
valid,1076,20,2,1016,50.8,53
valid,1077,28,2,656,23.428571428571427,28
valid,1078,72,2,3544,49.22222222222222,54
valid,1079,5,2,154,30.8,44
valid,1080,21,3,298,14.19047619047619,16
valid,1081,2,3,36,18.0,18
valid,1082,18,3,324,18.0,18
valid,1083,18,3,328,18.22222222222222,20
valid,1084,24,2,556,23.166666666666668,25
valid,1085,18,3,332,18.444444444444443,19
valid,1086,29,2,1228,42.3448275862069,47
valid,1087,12,3,172,14.333333333333334,16
valid,1088,10,2,158,15.8,20
valid,1089,3,3,46,15.333333333333334,18
valid,1090,9,2,186,20.666666666666668,26
valid,1091,4,2,104,26.0,28
valid,1092,20,2,360,18.0,20
valid,1093,6,3,94,15.666666666666666,17
valid,1094,24,2,592,24.666666666666668,30
valid,1095,16,2,288,18.0,19
valid,1096,80,2,2008,25.1,30
valid,1097,12,3,768,64.0,68
valid,1098,20,2,312,15.6,20
valid,1099,4,3,104,26.0,26
valid,1100,6,3,132,22.0,23
valid,1101,3,3,58,19.333333333333332,20
valid,1102,28,4,1936,69.14285714285714,70
valid,1103,12,2,192,16.0,17
valid,1104,30,3,2876,95.86666666666666,108
valid,1105,11,2,212,19.272727272727273,23
valid,1106,12,2,960,80.0,87
valid,1107,20,2,304,15.2,16
valid,1108,9,2,300,33.333333333333336,36
valid,1109,5,3,198,39.6,46
valid,1110,32,2,2152,67.25,71
valid,1111,10,2,196,19.6,21
valid,1112,12,2,268,22.333333333333332,25
valid,1113,7,3,218,31.142857142857142,38
valid,1114,24,2,588,24.5,26
valid,1115,12,2,208,17.333333333333332,18
valid,1116,12,4,876,73.0,76
valid,1117,20,2,330,16.5,18
valid,1118,3,3,82,27.333333333333332,29
valid,1119,24,2,400,16.666666666666668,19
valid,1120,5,2,106,21.2,26
valid,1121,48,2,1688,35.166666666666664,39
valid,1122,8,2,132,16.5,19
valid,1123,6,2,192,32.0,32
valid,1124,24,2,472,19.666666666666668,21
valid,1125,12,3,320,26.666666666666668,28
valid,1126,8,2,172,21.5,25
valid,1127,6,3,188,31.333333333333332,33
valid,1128,16,3,338,21.125,23
valid,1129,9,2,158,17.555555555555557,22
valid,1130,4,3,128,32.0,32
valid,1131,2,3,64,32.0,32
valid,1132,4,3,232,58.0,58
valid,1133,4,3,162,40.5,41
valid,1134,24,2,520,21.666666666666668,29
valid,1135,18,3,324,18.0,18
valid,1136,18,3,324,18.0,18
valid,1137,4,2,104,26.0,26
valid,1138,18,3,332,18.444444444444443,19
valid,1139,24,2,556,23.166666666666668,25
valid,1140,18,3,328,18.22222222222222,19
valid,1141,4,3,132,33.0,33
valid,1142,56,2,1224,21.857142857142858,26
valid,1143,18,3,328,18.22222222222222,19
valid,1144,4,3,108,27.0,27
valid,1145,18,3,326,18.11111111111111,19
valid,1146,14,2,352,25.142857142857142,32
valid,1147,18,2,836,46.44444444444444,48
valid,1148,6,2,128,21.333333333333332,24
valid,1149,16,3,338,21.125,23
valid,1150,6,3,108,18.0,18
valid,1151,12,3,708,59.0,66
valid,1152,30,3,546,18.2,19
valid,1153,2,3,36,18.0,18
valid,1154,36,2,1604,44.55555555555556,50
valid,1155,5,2,106,21.2,26
valid,1156,5,2,310,62.0,64
valid,1157,56,2,1268,22.642857142857142,25
valid,1158,4,2,140,35.0,36
valid,1159,1,4,16,16.0,16
valid,1160,4,3,120,30.0,32
valid,1161,64,2,3496,54.625,59
valid,1162,24,2,464,19.333333333333332,22
valid,1163,30,2,672,22.4,23
valid,1164,32,2,912,28.5,31
valid,1165,10,3,360,36.0,44
valid,1166,36,2,848,23.555555555555557,25
valid,1167,32,2,876,27.375,31
valid,1168,58,2,1336,23.03448275862069,26
valid,1169,20,2,476,23.8,25
valid,1170,30,3,556,18.533333333333335,19
valid,1171,14,2,976,69.71428571428571,74
valid,1172,14,3,1108,79.14285714285714,80
valid,1173,14,2,972,69.42857142857143,73
valid,1174,14,3,1052,75.14285714285714,79
valid,1175,40,2,2296,57.4,61
valid,1176,14,3,1120,80.0,80
valid,1177,14,3,1116,79.71428571428571,81
valid,1178,14,2,976,69.71428571428571,74
valid,1179,22,2,1432,65.0909090909091,67
valid,1180,8,3,480,60.0,64
valid,1181,14,3,358,25.571428571428573,30
valid,1182,11,3,204,18.545454545454547,24
valid,1183,3,3,112,37.333333333333336,44
valid,1184,4,3,200,50.0,50
valid,1185,3,3,128,42.666666666666664,44
valid,1186,3,3,128,42.666666666666664,44
valid,1187,4,3,200,50.0,50
valid,1188,3,3,64,21.333333333333332,22
valid,1189,4,3,104,26.0,26
valid,1190,4,3,104,26.0,26
valid,1191,3,3,112,37.333333333333336,44
valid,1192,3,3,128,42.666666666666664,44
valid,1193,3,3,112,37.333333333333336,44
valid,1194,4,3,200,50.0,50
valid,1195,4,2,56,14.0,14
valid,1196,3,3,110,36.666666666666664,39
valid,1197,28,2,1684,60.142857142857146,66
valid,1198,3,3,194,64.66666666666667,74
valid,1199,3,4,188,62.666666666666664,68
valid,1200,4,2,56,14.0,14
valid,1201,23,2,1140,49.56521739130435,52
valid,1202,28,2,580,20.714285714285715,22
valid,1203,9,2,166,18.444444444444443,22
valid,1204,72,1,2460,34.166666666666664,36
valid,1205,1,4,16,16.0,16
valid,1206,24,2,592,24.666666666666668,30
valid,1207,18,2,652,36.22222222222222,46
valid,1208,24,2,1464,61.0,66
valid,1209,10,2,432,43.2,45
valid,1210,12,3,584,48.666666666666664,52
valid,1211,80,1,1694,21.175,23
valid,1212,26,2,528,20.307692307692307,24
valid,1213,32,2,688,21.5,25
valid,1214,34,3,1928,56.705882352941174,60
valid,1215,11,3,200,18.181818181818183,24
valid,1216,37,3,972,26.27027027027027,30
valid,1217,9,2,240,26.666666666666668,32
valid,1218,44,2,1656,37.63636363636363,43
valid,1219,10,2,660,66.0,70
valid,1220,5,2,76,15.2,20
valid,1221,8,2,384,48.0,54
valid,1222,14,3,640,45.714285714285715,50
valid,1223,7,3,166,23.714285714285715,26
valid,1224,14,2,336,24.0,24
valid,1225,10,3,438,43.8,46
valid,1226,6,3,420,70.0,72
valid,1227,1,4,14,14.0,14
valid,1228,19,2,974,51.26315789473684,54
valid,1229,10,2,320,32.0,32
valid,1230,8,3,448,56.0,62
valid,1231,2,5,152,76.0,76
valid,1232,60,2,3544,59.06666666666667,63
valid,1233,9,3,568,63.111111111111114,74
valid,1234,50,2,1744,34.88,44
valid,1235,7,4,242,34.57142857142857,38
valid,1236,8,3,192,24.0,26
valid,1237,18,2,688,38.22222222222222,42
valid,1238,16,2,368,23.0,24
valid,1239,7,3,384,54.857142857142854,56
valid,1240,22,2,1380,62.72727272727273,68
valid,1241,22,2,1280,58.18181818181818,64
valid,1242,76,2,3360,44.21052631578947,47
valid,1243,4,3,252,63.0,66
valid,1244,34,2,2072,60.94117647058823,66
valid,1245,36,2,2152,59.77777777777778,72
valid,1246,28,2,1300,46.42857142857143,49
valid,1247,34,2,2004,58.94117647058823,63
valid,1248,80,2,3864,48.3,55
valid,1249,32,2,1504,47.0,51
valid,1250,20,2,852,42.6,46
valid,1251,6,2,172,28.666666666666668,30
valid,1252,14,3,420,30.0,33
valid,1253,6,3,216,36.0,38
valid,1254,24,2,856,35.666666666666664,38
valid,1255,16,3,904,56.5,61
valid,1256,16,3,1200,75.0,78
valid,1257,6,2,256,42.666666666666664,44
valid,1258,20,2,788,39.4,42
valid,1259,20,2,528,26.4,27
valid,1260,10,2,612,61.2,62
valid,1261,8,3,464,58.0,60
valid,1262,4,3,122,30.5,32
valid,1263,10,2,440,44.0,44
valid,1264,4,4,210,52.5,54
valid,1265,4,4,268,67.0,72
valid,1266,14,3,724,51.714285714285715,53
valid,1267,2,5,112,56.0,56
valid,1268,16,2,872,54.5,55
valid,1269,14,2,1080,77.14285714285714,82
valid,1270,16,3,1100,68.75,70
valid,1271,12,2,584,48.666666666666664,54
valid,1272,12,3,716,59.666666666666664,62
valid,1273,4,3,132,33.0,35
valid,1274,5,2,76,15.2,20
valid,1275,6,2,116,19.333333333333332,22
valid,1276,12,3,704,58.666666666666664,61
valid,1277,10,2,422,42.2,44
valid,1278,4,3,206,51.5,56
valid,1279,12,3,568,47.333333333333336,54
valid,1280,20,2,1216,60.8,64
valid,1281,14,2,376,26.857142857142858,32
valid,1282,6,3,190,31.666666666666668,34
valid,1283,16,3,880,55.0,57
valid,1284,12,2,336,28.0,30
valid,1285,12,3,712,59.333333333333336,61
valid,1286,12,3,560,46.666666666666664,50
valid,1287,14,2,720,51.42857142857143,52
valid,1288,20,2,452,22.6,26
valid,1289,14,3,676,48.285714285714285,52
valid,1290,12,3,680,56.666666666666664,60
valid,1291,14,2,544,38.857142857142854,44
valid,1292,52,2,2656,51.07692307692308,54
valid,1293,54,2,5180,95.92592592592592,98
valid,1294,6,3,262,43.666666666666664,47
valid,1295,5,2,178,35.6,38
valid,1296,10,3,556,55.6,58
valid,1297,20,2,1176,58.8,62
valid,1298,48,2,2328,48.5,53
valid,1299,56,2,3448,61.57142857142857,69
valid,1300,8,3,436,54.5,56
valid,1301,10,3,488,48.8,56
valid,1302,22,2,972,44.18181818181818,48
valid,1303,26,2,1108,42.61538461538461,45
valid,1304,23,2,1200,52.17391304347826,57
valid,1305,17,3,812,47.76470588235294,52
valid,1306,48,2,2632,54.833333333333336,61
valid,1307,34,2,708,20.823529411764707,22
valid,1308,34,2,652,19.176470588235293,22
valid,1309,12,3,568,47.333333333333336,54
valid,1310,44,2,2080,47.27272727272727,53
valid,1311,6,3,284,47.333333333333336,50
valid,1312,44,2,1896,43.09090909090909,46
valid,1313,44,2,1748,39.72727272727273,40
valid,1314,34,2,1600,47.05882352941177,52
valid,1315,14,3,620,44.285714285714285,46
valid,1316,16,3,884,55.25,59
valid,1317,4,2,56,14.0,14
valid,1318,24,2,760,31.666666666666668,36
valid,1319,18,2,800,44.44444444444444,50
valid,1320,4,3,232,58.0,58
valid,1321,4,3,104,26.0,26
valid,1322,4,3,232,58.0,58
valid,1323,4,3,200,50.0,50
valid,1324,4,3,200,50.0,50
valid,1325,4,3,200,50.0,50
valid,1326,4,3,200,50.0,50
valid,1327,4,3,200,50.0,50
valid,1328,4,3,104,26.0,26
valid,1329,4,2,104,26.0,26
valid,1330,29,2,674,23.24137931034483,28
valid,1331,8,2,84,10.5,12
valid,1332,4,3,232,58.0,58
valid,1333,4,3,232,58.0,58
valid,1334,4,2,104,26.0,26
valid,1335,4,3,104,26.0,26
valid,1336,4,3,104,26.0,26
valid,1337,4,4,168,42.0,42
valid,1338,5,2,250,50.0,52
valid,1339,4,3,104,26.0,26
valid,1340,4,3,104,26.0,26
valid,1341,4,3,104,26.0,26
valid,1342,4,3,104,26.0,26
valid,1343,4,4,248,62.0,62
valid,1344,4,3,200,50.0,50
valid,1345,4,3,104,26.0,26
valid,1346,4,2,104,26.0,26
valid,1347,4,2,104,26.0,26
valid,1348,4,2,56,14.0,14
valid,1349,4,3,104,26.0,26
valid,1350,24,2,576,24.0,26
valid,1351,8,2,148,18.5,20
valid,1352,24,2,660,27.5,29
valid,1353,30,2,1596,53.2,58
valid,1354,8,2,148,18.5,20
valid,1355,4,3,104,26.0,26
valid,1356,4,3,200,50.0,50
valid,1357,4,3,104,26.0,26
valid,1358,4,3,104,26.0,26
valid,1359,9,2,384,42.666666666666664,50
valid,1360,8,2,128,16.0,18
valid,1361,4,2,104,26.0,26
valid,1362,4,3,104,26.0,26
valid,1363,4,2,104,26.0,26
valid,1364,8,3,544,68.0,68
valid,1365,4,3,232,58.0,58
valid,1366,4,3,104,26.0,26
valid,1367,4,3,232,58.0,58
valid,1368,4,3,200,50.0,50
valid,1369,4,2,104,26.0,26
valid,1370,4,3,104,26.0,26
valid,1371,4,2,56,14.0,14
valid,1372,4,3,104,26.0,26
valid,1373,4,3,200,50.0,50
valid,1374,15,3,274,18.266666666666666,20
valid,1375,4,2,56,14.0,14
valid,1376,4,3,200,50.0,50
valid,1377,4,3,104,26.0,26
valid,1378,4,3,104,26.0,26
valid,1379,4,3,104,26.0,26
valid,1380,4,3,104,26.0,26
valid,1381,8,2,76,9.5,10
valid,1382,4,3,104,26.0,26
valid,1383,4,3,104,26.0,26
valid,1384,4,4,200,50.0,50
valid,1385,4,3,232,58.0,58
valid,1386,4,3,104,26.0,26
valid,1387,4,3,232,58.0,58
valid,1388,4,3,232,58.0,58
valid,1389,4,3,232,58.0,58
valid,1390,4,3,232,58.0,58
valid,1391,4,3,232,58.0,58
valid,1392,4,3,200,50.0,50
valid,1393,4,3,104,26.0,26
valid,1394,4,3,232,58.0,58
valid,1395,4,3,104,26.0,26
valid,1396,8,2,160,20.0,20
valid,1397,4,2,104,26.0,26
valid,1398,4,2,104,26.0,26
valid,1399,4,3,200,50.0,50
valid,1400,4,3,232,58.0,58
valid,1401,4,3,104,26.0,26
valid,1402,4,3,104,26.0,26
valid,1403,4,3,232,58.0,58
valid,1404,4,3,232,58.0,58
valid,1405,4,3,200,50.0,50
valid,1406,4,3,200,50.0,50
valid,1407,4,3,104,26.0,26
valid,1408,24,2,1200,50.0,55
valid,1409,8,2,284,35.5,38
valid,1410,24,2,604,25.166666666666668,28
valid,1411,24,2,840,35.0,43
valid,1412,24,2,1116,46.5,53
valid,1413,7,2,164,23.428571428571427,26
valid,1414,7,3,156,22.285714285714285,23
valid,1415,10,2,258,25.8,29
valid,1416,10,2,268,26.8,32
valid,1417,10,2,268,26.8,30
valid,1418,10,3,296,29.6,33
valid,1419,7,3,168,24.0,24
valid,1420,4,3,104,26.0,26
valid,1421,4,3,104,26.0,26
valid,1422,4,3,104,26.0,26
valid,1423,4,2,56,14.0,14
valid,1424,4,3,104,26.0,26
valid,1425,4,2,72,18.0,18
valid,1426,4,3,232,58.0,58
valid,1427,4,3,104,26.0,26
valid,1428,4,3,104,26.0,26
valid,1429,4,3,232,58.0,58
valid,1430,4,3,200,50.0,50
valid,1431,8,2,192,24.0,24
valid,1432,4,3,200,50.0,50
valid,1433,4,3,104,26.0,26
valid,1434,4,3,104,26.0,26
valid,1435,4,3,104,26.0,26
valid,1436,4,3,232,58.0,58
valid,1437,3,3,128,42.666666666666664,44
valid,1438,3,3,128,42.666666666666664,44
valid,1439,3,3,112,37.333333333333336,44
valid,1440,3,3,64,21.333333333333332,22
valid,1441,3,3,112,37.333333333333336,44
valid,1442,3,3,64,21.333333333333332,22
valid,1443,4,3,232,58.0,58
valid,1444,4,2,104,26.0,26
valid,1445,4,3,72,18.0,18
valid,1446,4,3,72,18.0,18
valid,1447,4,4,216,54.0,54
valid,1448,4,3,220,55.0,55
valid,1449,4,2,104,26.0,26
valid,1450,4,2,72,18.0,18
valid,1451,4,3,72,18.0,18
valid,1452,4,3,104,26.0,26
valid,1453,4,3,104,26.0,26
valid,1454,20,2,672,33.6,35
valid,1455,4,3,104,26.0,26
valid,1456,4,3,104,26.0,26
valid,1457,4,4,216,54.0,54
valid,1458,10,2,548,54.8,58
valid,1459,4,3,104,26.0,26
valid,1460,4,3,200,50.0,50
valid,1461,4,3,200,50.0,50
valid,1462,4,3,232,58.0,58
valid,1463,4,3,232,58.0,58
valid,1464,4,3,72,18.0,18
valid,1465,4,3,200,50.0,50
valid,1466,20,2,548,27.4,31
valid,1467,4,2,72,18.0,18
valid,1468,8,2,192,24.0,24
valid,1469,4,2,168,42.0,42
valid,1470,8,2,400,50.0,50
valid,1471,4,2,104,26.0,26
valid,1472,4,3,104,26.0,26
valid,1473,10,2,368,36.8,38
valid,1474,2,4,112,56.0,56
valid,1475,4,4,216,54.0,54
valid,1476,4,4,148,37.0,37
valid,1477,1,3,18,18.0,18
valid,1478,4,3,168,42.0,42
valid,1479,4,2,48,12.0,12
valid,1480,1,4,18,18.0,18
valid,1481,4,2,56,14.0,14
valid,1482,4,3,48,12.0,12
valid,1483,4,2,56,14.0,14
valid,1484,18,2,424,23.555555555555557,28
valid,1485,4,3,104,26.0,26
valid,1486,8,2,144,18.0,18
valid,1487,4,3,72,18.0,18
valid,1488,4,2,104,26.0,26
valid,1489,4,3,136,34.0,34
valid,1490,4,2,56,14.0,14
valid,1491,6,2,144,24.0,26
valid,1492,4,3,104,26.0,26
valid,1493,5,2,250,50.0,52
valid,1494,5,3,136,27.2,29
valid,1495,4,3,104,26.0,26
valid,1496,4,2,56,14.0,14
valid,1497,4,3,200,50.0,50
valid,1498,4,2,104,26.0,26
valid,1499,4,3,200,50.0,50
valid,1500,4,3,232,58.0,58
valid,1501,4,3,200,50.0,50
valid,1502,4,2,56,14.0,14
valid,1503,4,3,104,26.0,26
valid,1504,4,2,104,26.0,26
valid,1505,4,3,104,26.0,26
valid,1506,4,3,72,18.0,18
valid,1507,4,2,104,26.0,26
valid,1508,4,3,104,26.0,26
valid,1509,8,2,256,32.0,32
valid,1510,4,3,114,28.5,31
valid,1511,4,2,104,26.0,26
valid,1512,2,3,40,20.0,20
valid,1513,4,3,104,26.0,26
valid,1514,4,3,104,26.0,26
valid,1515,4,3,168,42.0,42
valid,1516,4,2,216,54.0,54
valid,1517,4,2,56,14.0,14
valid,1518,4,2,168,42.0,42
valid,1519,4,3,72,18.0,18
valid,1520,3,3,54,18.0,18
valid,1521,5,2,310,62.0,64
valid,1522,4,3,104,26.0,26
valid,1523,4,3,104,26.0,26
valid,1524,4,3,104,26.0,26
valid,1525,4,4,248,62.0,62
valid,1526,8,3,640,80.0,80
valid,1527,5,2,154,30.8,44
valid,1528,4,3,104,26.0,26
valid,1529,4,3,216,54.0,54
valid,1530,4,2,56,14.0,14
valid,1531,4,2,56,14.0,14
valid,1532,4,3,72,18.0,18
valid,1533,8,2,304,38.0,38
valid,1534,8,2,96,12.0,12
valid,1535,6,3,200,33.333333333333336,36
valid,1536,10,2,500,50.0,52
valid,1537,10,2,388,38.8,44
valid,1538,10,2,308,30.8,44
valid,1539,10,2,356,35.6,44
valid,1540,10,2,488,48.8,50
valid,1541,10,2,212,21.2,26
valid,1542,10,2,254,25.4,44
valid,1543,10,2,388,38.8,45
valid,1544,20,2,776,38.8,41
valid,1545,10,2,388,38.8,44
valid,1546,3,3,58,19.333333333333332,20
valid,1547,3,3,102,34.0,36
valid,1548,4,3,138,34.5,38
valid,1549,4,3,220,55.0,56
valid,1550,8,3,252,31.5,38
valid,1551,8,3,256,32.0,33
valid,1552,8,3,288,36.0,39
valid,1553,8,3,260,32.5,38
valid,1554,4,3,252,63.0,70
valid,1555,8,2,280,35.0,40
valid,1556,8,2,272,34.0,37
valid,1557,5,2,106,21.2,26
valid,1558,10,2,200,20.0,26
valid,1559,10,3,188,18.8,22
valid,1560,10,2,380,38.0,41
valid,1561,20,2,416,20.8,22
valid,1562,10,2,260,26.0,32
valid,1563,2,3,100,50.0,50
valid,1564,2,3,128,64.0,64
valid,1565,2,3,92,46.0,46
valid,1566,4,2,216,54.0,54
valid,1567,4,3,244,61.0,64
valid,1568,4,4,268,67.0,72
valid,1569,4,2,216,54.0,54
valid,1570,4,4,276,69.0,74
valid,1571,4,3,72,18.0,18
valid,1572,4,3,84,21.0,23
valid,1573,4,3,188,47.0,47
valid,1574,4,4,244,61.0,66
valid,1575,4,3,232,58.0,58
valid,1576,4,3,168,42.0,42
valid,1577,4,3,200,50.0,50
valid,1578,4,2,168,42.0,42
valid,1579,14,2,376,26.857142857142858,32
valid,1580,7,3,596,85.14285714285714,86
valid,1581,4,3,128,32.0,32
valid,1582,4,2,72,18.0,18
valid,1583,9,2,200,22.22222222222222,28
valid,1584,4,3,100,25.0,26
valid,1585,4,3,84,21.0,24
valid,1586,4,3,108,27.0,27
valid,1587,4,4,420,105.0,106
valid,1588,4,3,216,54.0,54
valid,1589,4,2,56,14.0,14
valid,1590,4,3,320,80.0,80
valid,1591,4,3,196,49.0,49
valid,1592,3,3,62,20.666666666666668,22
valid,1593,2,3,52,26.0,26
valid,1594,2,4,160,80.0,80
valid,1595,3,3,174,58.0,62
valid,1596,2,3,116,58.0,58
valid,1597,2,3,84,42.0,42
valid,1598,2,3,116,58.0,58
valid,1599,2,4,160,80.0,80
valid,1600,2,3,92,46.0,46
valid,1601,2,3,160,80.0,80
valid,1602,2,3,92,46.0,46
valid,1603,2,3,116,58.0,58
valid,1604,3,3,64,21.333333333333332,22
valid,1605,2,4,112,56.0,56
valid,1606,3,5,336,112.0,112
valid,1607,3,3,78,26.0,27
valid,1608,2,3,92,46.0,46
valid,1609,2,3,116,58.0,58
valid,1610,2,3,52,26.0,26
valid,1611,5,2,60,12.0,14
valid,1612,5,2,76,15.2,20
valid,1613,5,2,106,21.2,26
valid,1614,5,2,76,15.2,20
valid,1615,5,2,250,50.0,52
valid,1616,5,2,310,62.0,64
valid,1617,5,2,310,62.0,64
valid,1618,5,4,558,111.6,115
valid,1619,4,3,216,54.0,54
valid,1620,4,2,104,26.0,26
valid,1621,3,4,102,34.0,34
valid,1622,3,3,168,56.0,56
valid,1623,3,3,64,21.333333333333332,22
valid,1624,3,2,100,33.333333333333336,36
valid,1625,3,4,176,58.666666666666664,59
valid,1626,4,3,84,21.0,23
valid,1627,6,2,100,16.666666666666668,17
valid,1628,6,3,276,46.0,56
valid,1629,6,3,192,32.0,32
valid,1630,6,3,264,44.0,50
valid,1631,6,3,312,52.0,56
valid,1632,6,3,144,24.0,26
valid,1633,6,2,348,58.0,58
valid,1634,6,2,144,24.0,30
valid,1635,6,3,184,30.666666666666668,31
valid,1636,42,2,3084,73.42857142857143,80
valid,1637,24,2,1164,48.5,50
valid,1638,40,2,2192,54.8,59
valid,1639,26,2,1264,48.61538461538461,51
valid,1640,5,3,310,62.0,62
valid,1641,6,3,192,32.0,35
valid,1642,6,4,322,53.666666666666664,56
valid,1643,6,3,348,58.0,58
valid,1644,7,2,320,45.714285714285715,50
valid,1645,8,2,392,49.0,49
valid,1646,8,2,344,43.0,43
valid,1647,40,2,2364,59.1,70
valid,1648,9,2,376,41.77777777777778,43
valid,1649,13,2,590,45.38461538461539,52
valid,1650,8,2,346,43.25,48
valid,1651,12,3,564,47.0,48
valid,1652,14,3,720,51.42857142857143,54
valid,1653,12,2,690,57.5,62
valid,1654,14,3,888,63.42857142857143,68
valid,1655,1,6,74,74.0,74
valid,1656,2,4,112,56.0,56
valid,1657,2,4,212,106.0,106
valid,1658,3,3,78,26.0,26
valid,1659,3,3,96,32.0,36
valid,1660,3,3,60,20.0,20
valid,1661,4,3,312,78.0,78
valid,1662,2,3,24,12.0,12
valid,1663,4,3,80,20.0,20
valid,1664,4,3,252,63.0,66
valid,1665,4,3,78,19.5,21
valid,1666,4,3,152,38.0,44
valid,1667,4,3,124,31.0,31
valid,1668,4,3,312,78.0,78
valid,1669,4,3,106,26.5,28
valid,1670,4,2,72,18.0,18
valid,1671,4,3,128,32.0,32
valid,1672,5,2,76,15.2,20
valid,1673,5,3,170,34.0,38
valid,1674,5,4,516,103.2,108
valid,1675,6,3,480,80.0,86
valid,1676,6,3,132,22.0,23
valid,1677,6,3,272,45.333333333333336,46
valid,1678,6,3,192,32.0,32
valid,1679,6,3,286,47.666666666666664,48
valid,1680,7,2,224,32.0,34
valid,1681,7,2,320,45.714285714285715,50
valid,1682,10,2,308,30.8,44
valid,1683,10,2,500,50.0,52
valid,1684,8,2,256,32.0,32
valid,1685,8,2,112,14.0,14
valid,1686,9,2,276,30.666666666666668,34
valid,1687,8,2,224,28.0,30
valid,1688,8,3,276,34.5,42
valid,1689,9,2,164,18.22222222222222,20
valid,1690,9,2,364,40.44444444444444,44
valid,1691,10,2,380,38.0,42
valid,1692,9,2,300,33.333333333333336,36
valid,1693,8,2,344,43.0,44
valid,1694,8,3,688,86.0,88
valid,1695,8,3,586,73.25,80
valid,1696,8,3,372,46.5,47
valid,1697,10,3,256,25.6,26
valid,1698,9,2,234,26.0,32
valid,1699,8,2,248,31.0,34
valid,1700,10,2,152,15.2,20
valid,1701,8,3,208,26.0,26
valid,1702,8,2,256,32.0,34
valid,1703,10,2,272,27.2,28
valid,1704,8,3,336,42.0,42
valid,1705,9,2,396,44.0,46
valid,1706,10,2,160,16.0,18
valid,1707,9,2,234,26.0,32
valid,1708,10,2,420,42.0,42
valid,1709,8,2,224,28.0,30
valid,1710,10,3,356,35.6,38
valid,1711,9,3,312,34.666666666666664,38
valid,1712,8,3,216,27.0,28
valid,1713,4,3,120,30.0,32
valid,1714,3,3,128,42.666666666666664,44
valid,1715,16,2,376,23.5,27
valid,1716,8,2,336,42.0,46
valid,1717,12,2,312,26.0,26
valid,1718,12,2,336,28.0,32
valid,1719,12,3,744,62.0,65
valid,1720,18,2,356,19.77777777777778,23
valid,1721,5,2,106,21.2,26
valid,1722,5,2,250,50.0,52
valid,1723,4,3,56,14.0,14
valid,1724,4,3,252,63.0,64
valid,1725,5,2,250,50.0,52
valid,1726,4,3,128,32.0,35
valid,1727,2,4,176,88.0,88
valid,1728,4,2,8,2.0,2
valid,1729,8,2,102,12.75,14
valid,1730,3,3,64,21.333333333333332,22
valid,1731,4,3,232,58.0,58
valid,1732,4,2,100,25.0,26
valid,1733,10,3,536,53.6,62
valid,1734,8,3,418,52.25,54
valid,1735,12,2,684,57.0,59
valid,1736,12,2,700,58.333333333333336,61
valid,1737,12,3,252,21.0,23
valid,1738,12,3,504,42.0,44
valid,1739,11,2,456,41.45454545454545,43
valid,1740,12,3,714,59.5,61
valid,1741,12,2,336,28.0,32
valid,1742,12,2,408,34.0,36
valid,1743,12,2,432,36.0,38
valid,1744,12,2,576,48.0,50
valid,1745,12,3,624,52.0,54
valid,1746,12,2,424,35.333333333333336,38
valid,1747,12,3,792,66.0,68
valid,1748,12,2,360,30.0,32
valid,1749,14,2,204,14.571428571428571,17
valid,1750,13,2,812,62.46153846153846,70
valid,1751,15,2,522,34.8,38
valid,1752,14,2,400,28.571428571428573,31
valid,1753,14,2,544,38.857142857142854,42
valid,1754,14,2,424,30.285714285714285,31
valid,1755,14,2,460,32.857142857142854,36
valid,1756,15,2,498,33.2,38
valid,1757,20,2,800,40.0,43
valid,1758,20,2,452,22.6,25
valid,1759,20,2,512,25.6,32
valid,1760,20,2,448,22.4,23
valid,1761,20,2,560,28.0,31
valid,1762,16,2,896,56.0,58
valid,1763,17,2,412,24.235294117647058,26
valid,1764,16,2,332,20.75,23
valid,1765,10,2,500,50.0,52
valid,1766,10,2,356,35.6,44
valid,1767,10,2,356,35.6,44
valid,1768,10,2,260,26.0,44
valid,1769,10,2,212,21.2,26
valid,1770,10,2,152,15.2,20
valid,1771,10,2,158,15.8,20
valid,1772,10,2,158,15.8,20
valid,1773,10,2,158,15.8,20
valid,1774,10,2,206,20.6,26
valid,1775,10,2,212,21.2,26
valid,1776,10,2,308,30.8,44
valid,1777,10,2,212,21.2,26
valid,1778,10,2,158,15.8,20
valid,1779,10,2,152,15.2,20
valid,1780,10,2,158,15.8,20
valid,1781,10,2,152,15.2,20
valid,1782,10,2,152,15.2,20
valid,1783,10,2,212,21.2,26
valid,1784,10,2,212,21.2,26
valid,1785,10,2,212,21.2,26
valid,1786,10,2,152,15.2,20
valid,1787,10,2,152,15.2,20
valid,1788,10,2,158,15.8,20
valid,1789,10,2,158,15.8,20
valid,1790,10,2,452,45.2,48
valid,1791,10,2,308,30.8,44
valid,1792,10,2,206,20.6,26
valid,1793,10,2,212,21.2,26
valid,1794,10,2,212,21.2,26
valid,1795,10,2,206,20.6,26
valid,1796,10,2,158,15.8,20
valid,1797,10,2,206,20.6,26
valid,1798,10,2,212,21.2,26
valid,1799,10,2,212,21.2,26
valid,1800,10,2,308,30.8,44
valid,1801,10,2,158,15.8,20
valid,1802,10,2,158,15.8,20
valid,1803,10,2,158,15.8,20
valid,1804,10,2,158,15.8,20
valid,1805,10,2,308,30.8,44
valid,1806,10,2,212,21.2,26
valid,1807,10,2,182,18.2,26
valid,1808,10,2,158,15.8,20
valid,1809,10,2,500,50.0,52
valid,1810,10,2,158,15.8,20
valid,1811,10,2,212,21.2,26
valid,1812,10,2,152,15.2,20
valid,1813,10,2,212,21.2,26
valid,1814,10,2,158,15.8,20
valid,1815,10,2,152,15.2,20
valid,1816,10,2,500,50.0,52
valid,1817,10,2,452,45.2,48
valid,1818,10,2,158,15.8,20
valid,1819,10,2,452,45.2,48
valid,1820,10,2,206,20.6,26
valid,1821,10,2,308,30.8,44
valid,1822,10,2,356,35.6,44
valid,1823,10,2,308,30.8,44
valid,1824,10,2,308,30.8,44
valid,1825,10,2,212,21.2,26
valid,1826,10,2,212,21.2,26
valid,1827,10,2,182,18.2,26
valid,1828,10,2,158,15.8,20
valid,1829,10,2,356,35.6,44
valid,1830,10,2,212,21.2,26
valid,1831,10,2,120,12.0,14
valid,1832,10,2,158,15.8,20
valid,1833,10,2,152,15.2,20
valid,1834,10,2,206,20.6,26
valid,1835,10,2,206,20.6,26
valid,1836,10,2,260,26.0,44
valid,1837,10,2,308,30.8,44
valid,1838,10,2,356,35.6,44
valid,1839,10,2,308,30.8,44
valid,1840,10,2,212,21.2,26
valid,1841,10,2,158,15.8,20
valid,1842,10,2,152,15.2,20
valid,1843,10,2,212,21.2,26
valid,1844,10,2,212,21.2,26
valid,1845,10,2,206,20.6,26
valid,1846,10,2,206,20.6,26
valid,1847,10,2,308,30.8,44
valid,1848,10,2,500,50.0,52
valid,1849,10,2,308,30.8,44
valid,1850,10,2,260,26.0,44
valid,1851,10,2,206,20.6,26
valid,1852,10,2,158,15.8,20
valid,1853,10,2,206,20.6,26
valid,1854,10,2,158,15.8,20
valid,1855,10,2,158,15.8,20
valid,1856,10,2,182,18.2,26
valid,1857,10,2,152,15.2,20
valid,1858,10,2,120,12.0,14
valid,1859,10,2,152,15.2,20
valid,1860,16,2,752,47.0,47
valid,1861,18,2,1024,56.888888888888886,61
valid,1862,14,2,800,57.142857142857146,61
valid,1863,7,3,354,50.57142857142857,54
valid,1864,4,3,248,62.0,64
valid,1865,8,3,412,51.5,55
valid,1866,12,3,584,48.666666666666664,50
valid,1867,4,3,194,48.5,56
valid,1868,8,2,240,30.0,32
valid,1869,10,3,380,38.0,40
valid,1870,14,2,544,38.857142857142854,44
valid,1871,9,2,284,31.555555555555557,36
valid,1872,24,2,1392,58.0,61
valid,1873,3,3,54,18.0,18
valid,1874,2,3,36,18.0,18
valid,1875,1,3,16,16.0,16
valid,1876,17,2,748,44.0,50
valid,1877,16,2,220,13.75,16
valid,1878,20,2,872,43.6,45
valid,1879,9,2,284,31.555555555555557,36
valid,1880,12,2,696,58.0,58
valid,1881,3,2,66,22.0,22
valid,1882,4,2,144,36.0,38
valid,1883,4,2,56,14.0,14
valid,1884,4,3,64,16.0,16
valid,1885,4,3,72,18.0,18
valid,1886,8,2,132,16.5,18
valid,1887,4,3,232,58.0,58
valid,1888,4,3,188,47.0,47
valid,1889,4,3,232,58.0,58
valid,1890,5,2,250,50.0,52
valid,1891,4,3,200,50.0,50
valid,1892,4,3,232,58.0,58
valid,1893,4,3,104,26.0,26
valid,1894,8,2,304,38.0,38
valid,1895,4,3,72,18.0,18
valid,1896,8,2,292,36.5,37
valid,1897,20,2,472,23.6,25
valid,1898,4,2,48,12.0,12
valid,1899,4,2,56,14.0,14
valid,1900,4,3,48,12.0,12
valid,1901,8,2,96,12.0,12
valid,1902,8,2,108,13.5,14
valid,1903,4,4,280,70.0,70
valid,1904,4,3,232,58.0,58
valid,1905,5,3,370,74.0,86
valid,1906,8,3,432,54.0,54
valid,1907,4,2,104,26.0,26
valid,1908,4,2,104,26.0,26
valid,1909,4,2,104,26.0,26
valid,1910,5,2,250,50.0,52
valid,1911,4,3,104,26.0,26
valid,1912,4,3,104,26.0,26
valid,1913,4,2,104,26.0,26
valid,1914,4,2,104,26.0,26
valid,1915,4,3,104,26.0,26
valid,1916,8,2,376,47.0,50
valid,1917,4,2,104,26.0,26
valid,1918,4,3,72,18.0,18
valid,1919,4,3,72,18.0,18
valid,1920,8,2,144,18.0,18
valid,1921,4,2,216,54.0,54
valid,1922,4,2,72,18.0,18
valid,1923,4,2,72,18.0,18
valid,1924,4,3,104,26.0,26
valid,1925,4,2,104,26.0,26
valid,1926,4,3,72,18.0,18
valid,1927,8,2,160,20.0,20
valid,1928,4,2,56,14.0,14
valid,1929,4,2,48,12.0,12
valid,1930,2,3,24,12.0,12
valid,1931,4,2,216,54.0,54
valid,1932,5,2,310,62.0,64
valid,1933,4,4,408,102.0,102
valid,1934,8,2,448,56.0,56
valid,1935,4,2,48,12.0,12
valid,1936,4,3,104,26.0,26
valid,1937,4,3,104,26.0,26
valid,1938,4,3,104,26.0,26
valid,1939,4,2,72,18.0,18
valid,1940,4,3,104,26.0,26
valid,1941,8,2,144,18.0,18
valid,1942,4,2,72,18.0,18
valid,1943,8,2,160,20.0,20
valid,1944,4,3,72,18.0,18
valid,1945,4,3,72,18.0,18
valid,1946,4,3,104,26.0,26
valid,1947,5,3,370,74.0,86
valid,1948,4,3,104,26.0,26
valid,1949,4,3,104,26.0,26
valid,1950,4,3,168,42.0,42
valid,1951,8,2,160,20.0,20
valid,1952,8,2,160,20.0,20
valid,1953,4,2,168,42.0,42
valid,1954,4,3,200,50.0,50
valid,1955,4,3,200,50.0,50
valid,1956,5,2,250,50.0,52
valid,1957,4,3,72,18.0,18
valid,1958,4,4,284,71.0,71
valid,1959,4,2,168,42.0,42
valid,1960,8,2,160,20.0,20
valid,1961,4,3,72,18.0,18
valid,1962,8,2,304,38.0,38
valid,1963,8,2,144,18.0,18
valid,1964,4,3,152,38.0,38
valid,1965,4,2,48,12.0,12
valid,1966,4,2,56,14.0,14
valid,1967,4,3,48,12.0,12
valid,1968,4,3,168,42.0,42
valid,1969,5,2,310,62.0,64
valid,1970,4,3,104,26.0,26
valid,1971,4,2,56,14.0,14
valid,1972,4,2,56,14.0,14
valid,1973,4,2,48,12.0,12
valid,1974,4,3,48,12.0,12
valid,1975,8,2,160,20.0,20
valid,1976,4,2,104,26.0,26
valid,1977,4,3,72,18.0,18
valid,1978,4,3,104,26.0,26
valid,1979,4,2,104,26.0,26
valid,1980,8,2,160,20.0,20
valid,1981,4,3,104,26.0,26
valid,1982,8,2,160,20.0,20
valid,1983,4,2,32,8.0,8
valid,1984,4,2,48,12.0,12
valid,1985,4,3,72,18.0,18
valid,1986,29,2,908,31.310344827586206,40
valid,1987,4,2,72,18.0,18
valid,1988,4,3,104,26.0,26
valid,1989,4,2,104,26.0,26
valid,1990,4,2,56,14.0,14
valid,1991,4,2,104,26.0,26
valid,1992,4,3,64,16.0,16
valid,1993,4,3,200,50.0,50
valid,1994,4,3,72,18.0,18
valid,1995,4,3,232,58.0,58
valid,1996,4,3,104,26.0,26
valid,1997,4,3,72,18.0,18
valid,1998,4,3,168,42.0,42
valid,1999,4,2,104,26.0,26
valid,2000,4,3,104,26.0,26
valid,2001,4,3,72,18.0,18
valid,2002,4,2,104,26.0,26
valid,2003,4,2,104,26.0,26
valid,2004,4,2,104,26.0,26
valid,2005,4,3,72,18.0,18
valid,2006,4,2,72,18.0,18
valid,2007,4,2,104,26.0,26
valid,2008,4,3,104,26.0,26
valid,2009,4,3,104,26.0,26
valid,2010,4,3,72,18.0,18
valid,2011,5,2,250,50.0,52
valid,2012,4,3,200,50.0,50
valid,2013,4,3,200,50.0,50
valid,2014,4,2,56,14.0,14
valid,2015,4,2,48,12.0,12
valid,2016,4,2,216,54.0,54
valid,2017,4,2,168,42.0,42
valid,2018,4,3,104,26.0,26
valid,2019,4,3,104,26.0,26
valid,2020,4,3,200,50.0,50
valid,2021,2,3,36,18.0,18
valid,2022,4,2,104,26.0,26
valid,2023,4,2,104,26.0,26
valid,2024,4,2,72,18.0,18
valid,2025,4,2,104,26.0,26
valid,2026,4,3,200,50.0,50
valid,2027,4,3,168,42.0,42
valid,2028,4,3,200,50.0,50
valid,2029,4,2,168,42.0,42
valid,2030,4,3,232,58.0,58
valid,2031,4,2,72,18.0,18
valid,2032,4,2,168,42.0,42
valid,2033,4,3,72,18.0,18
valid,2034,4,3,72,18.0,18
valid,2035,4,3,104,26.0,26
valid,2036,4,2,72,18.0,18
valid,2037,4,3,104,26.0,26
valid,2038,4,3,104,26.0,26
valid,2039,4,3,232,58.0,58
valid,2040,4,3,104,26.0,26
valid,2041,4,3,232,58.0,58
valid,2042,4,3,104,26.0,26
valid,2043,4,3,104,26.0,26
valid,2044,4,3,104,26.0,26
valid,2045,4,3,104,26.0,26
valid,2046,4,2,104,26.0,26
valid,2047,4,3,72,18.0,18
valid,2048,4,3,72,18.0,18
valid,2049,18,2,340,18.88888888888889,22
valid,2050,16,2,432,27.0,31
valid,2051,20,2,592,29.6,34
valid,2052,16,2,416,26.0,26
valid,2053,20,2,448,22.4,23
valid,2054,20,2,600,30.0,33
valid,2055,20,2,308,15.4,18
valid,2056,16,2,388,24.25,26
valid,2057,24,2,1356,56.5,59
valid,2058,22,2,1004,45.63636363636363,47
valid,2059,24,2,956,39.833333333333336,44
valid,2060,22,2,1212,55.09090909090909,58
valid,2061,22,2,344,15.636363636363637,17
valid,2062,24,2,1296,54.0,59
valid,2063,24,2,648,27.0,30
valid,2064,24,2,960,40.0,41
valid,2065,24,2,848,35.333333333333336,37
valid,2066,24,2,544,22.666666666666668,24
valid,2067,24,2,856,35.666666666666664,44
valid,2068,22,2,936,42.54545454545455,46
valid,2069,24,2,576,24.0,26
valid,2070,27,2,1392,51.55555555555556,53
valid,2071,29,2,604,20.82758620689655,23
valid,2072,26,2,1416,54.46153846153846,58
valid,2073,28,2,1568,56.0,58
valid,2074,30,3,1660,55.333333333333336,60
valid,2075,26,2,1364,52.46153846153846,58
valid,2076,30,2,1506,50.2,53
valid,2077,28,2,536,19.142857142857142,20
valid,2078,28,2,680,24.285714285714285,28
valid,2079,26,2,1372,52.76923076923077,62
valid,2080,28,2,760,27.142857142857142,29
valid,2081,28,2,1492,53.285714285714285,55
valid,2082,34,2,1880,55.294117647058826,59
valid,2083,32,2,1722,53.8125,56
valid,2084,32,2,1472,46.0,53
valid,2085,36,2,1396,38.77777777777778,42
valid,2086,36,2,1896,52.666666666666664,58
valid,2087,40,2,3272,81.8,87
valid,2088,32,2,872,27.25,29
valid,2089,32,2,672,21.0,24
valid,2090,32,2,1064,33.25,39
valid,2091,36,2,1896,52.666666666666664,56
valid,2092,36,2,1708,47.44444444444444,52
valid,2093,16,2,642,40.125,44
valid,2094,10,2,500,50.0,52
valid,2095,10,3,292,29.2,32
valid,2096,10,2,148,14.8,18
valid,2097,10,2,220,22.0,25
valid,2098,8,3,172,21.5,29
valid,2099,9,2,172,19.11111111111111,22
valid,2100,10,2,500,50.0,52
valid,2101,10,2,452,45.2,48
valid,2102,6,3,132,22.0,23
valid,2103,4,3,180,45.0,46
valid,2104,10,3,308,30.8,32
valid,2105,9,3,214,23.77777777777778,25
valid,2106,3,3,96,32.0,32
valid,2107,3,3,128,42.666666666666664,44
valid,2108,3,3,112,37.333333333333336,44
valid,2109,2,3,116,58.0,58
valid,2110,5,3,182,36.4,38
valid,2111,3,3,128,42.666666666666664,44
valid,2112,3,3,112,37.333333333333336,44
valid,2113,5,2,250,50.0,52
valid,2114,5,3,122,24.4,30
valid,2115,4,3,120,30.0,31
valid,2116,10,3,364,36.4,44
valid,2117,3,3,96,32.0,32
valid,2118,9,3,568,63.111111111111114,74
valid,2119,48,2,3544,73.83333333333333,90
valid,2120,12,3,588,49.0,53
valid,2121,32,2,624,19.5,21
valid,2122,10,2,500,50.0,52
valid,2123,12,2,476,39.666666666666664,41
valid,2124,28,2,1260,45.0,52
valid,2125,14,3,460,32.857142857142854,38
valid,2126,12,3,616,51.333333333333336,56
valid,2127,12,2,376,31.333333333333332,32
valid,2128,12,3,592,49.333333333333336,53
valid,2129,29,2,1312,45.241379310344826,50
valid,2130,14,3,460,32.857142857142854,38
valid,2131,30,2,744,24.8,28
valid,2132,14,2,594,42.42857142857143,45
valid,2133,14,2,594,42.42857142857143,45
valid,2134,32,2,656,20.5,23
valid,2135,32,2,736,23.0,26
valid,2136,36,2,892,24.77777777777778,26
valid,2137,24,2,1396,58.166666666666664,61
valid,2138,20,2,1224,61.2,66
valid,2139,10,2,192,19.2,20
valid,2140,12,3,408,34.0,38
valid,2141,20,2,312,15.6,18
valid,2142,6,2,128,21.333333333333332,24
valid,2143,39,2,1084,27.794871794871796,32
valid,2144,5,2,68,13.6,16
valid,2145,15,2,750,50.0,52
valid,2146,12,2,538,44.833333333333336,54
valid,2147,26,2,1304,50.15384615384615,51
valid,2148,3,4,126,42.0,42
valid,2149,3,4,98,32.666666666666664,34
valid,2150,4,3,236,59.0,62
valid,2151,4,3,224,56.0,56
valid,2152,4,3,244,61.0,63
valid,2153,4,3,248,62.0,62
valid,2154,4,3,208,52.0,54
valid,2155,4,3,120,30.0,34
valid,2156,4,3,124,31.0,31
valid,2157,4,3,112,28.0,28
valid,2158,8,3,224,28.0,28
valid,2159,7,2,160,22.857142857142858,24
valid,2160,3,3,64,21.333333333333332,22
valid,2161,4,2,104,26.0,26
valid,2162,4,4,174,43.5,45
valid,2163,4,2,104,26.0,26
valid,2164,3,3,96,32.0,32
valid,2165,4,2,72,18.0,18
valid,2166,8,2,148,18.5,20
valid,2167,6,3,340,56.666666666666664,60
valid,2168,4,4,320,80.0,80
valid,2169,4,3,208,52.0,54
valid,2170,4,4,200,50.0,50
valid,2171,2,3,36,18.0,18
valid,2172,3,3,54,18.0,18
valid,2173,14,2,516,36.857142857142854,39
valid,2174,2,3,100,50.0,50
valid,2175,3,4,158,52.666666666666664,54
valid,2176,4,4,188,47.0,50
valid,2177,4,3,320,80.0,80
valid,2178,4,3,308,77.0,80
valid,2179,3,3,96,32.0,32
valid,2180,14,2,640,45.714285714285715,47
valid,2181,34,2,1654,48.64705882352941,53
valid,2182,3,3,96,32.0,32
valid,2183,21,2,1026,48.857142857142854,51
valid,2184,34,2,1770,52.05882352941177,58
valid,2185,4,3,92,23.0,25
valid,2186,8,2,184,23.0,24
valid,2187,2,3,38,19.0,19
valid,2188,2,3,52,26.0,26
valid,2189,12,3,568,47.333333333333336,54
valid,2190,4,3,128,32.0,32
valid,2191,20,2,472,23.6,25
valid,2192,8,2,378,47.25,48
valid,2193,14,2,522,37.285714285714285,39
valid,2194,4,4,198,49.5,51
valid,2195,4,2,104,26.0,26
valid,2196,2,4,112,56.0,56
valid,2197,8,2,316,39.5,40
valid,2198,3,4,158,52.666666666666664,54
valid,2199,4,3,320,80.0,80
valid,2200,4,2,104,26.0,26
valid,2201,4,3,104,26.0,26
valid,2202,3,3,162,54.0,56
valid,2203,4,2,104,26.0,26
valid,2204,4,3,104,26.0,26
valid,2205,20,2,1204,60.2,65
valid,2206,6,2,128,21.333333333333332,22
valid,2207,4,2,136,34.0,34
valid,2208,2,4,100,50.0,50
valid,2209,3,4,178,59.333333333333336,61
valid,2210,2,4,96,48.0,48
valid,2211,6,2,270,45.0,50
valid,2212,6,3,270,45.0,50
valid,2213,12,2,392,32.666666666666664,36
valid,2214,12,3,528,44.0,47
valid,2215,4,2,104,26.0,26
valid,2216,3,4,156,52.0,54
valid,2217,21,2,962,45.80952380952381,55
valid,2218,2,4,100,50.0,50
valid,2219,6,2,264,44.0,44
valid,2220,4,3,112,28.0,28
valid,2221,2,4,108,54.0,54
valid,2222,10,3,608,60.8,64
valid,2223,8,3,224,28.0,28
valid,2224,12,3,350,29.166666666666668,32
valid,2225,12,3,296,24.666666666666668,26
valid,2226,14,2,664,47.42857142857143,51
valid,2227,13,2,552,42.46153846153846,46
valid,2228,6,3,270,45.0,50
valid,2229,14,2,564,40.285714285714285,42
valid,2230,6,2,264,44.0,44
valid,2231,8,3,442,55.25,59
valid,2232,2,3,40,20.0,20
valid,2233,8,3,598,74.75,80
valid,2234,6,3,156,26.0,26
valid,2235,4,3,244,61.0,63
valid,2236,8,3,592,74.0,77
valid,2237,8,3,400,50.0,53
valid,2238,9,3,198,22.0,25
valid,2239,14,3,516,36.857142857142854,42
valid,2240,11,3,394,35.81818181818182,40
valid,2241,4,2,104,26.0,26
valid,2242,6,3,270,45.0,50
valid,2243,3,3,54,18.0,18
valid,2244,6,3,204,34.0,34
valid,2245,4,3,118,29.5,31
valid,2246,12,2,432,36.0,38
valid,2247,10,3,580,58.0,58
valid,2248,4,2,132,33.0,34
valid,2249,6,2,256,42.666666666666664,44
valid,2250,3,4,222,74.0,74
valid,2251,21,2,288,13.714285714285714,15
valid,2252,29,2,780,26.896551724137932,31
valid,2253,4,3,128,32.0,32
valid,2254,6,2,270,45.0,50
valid,2255,2,4,44,22.0,22
valid,2256,2,3,44,22.0,22
valid,2257,8,3,224,28.0,28
valid,2258,9,3,438,48.666666666666664,50
valid,2259,10,3,260,26.0,26
valid,2260,12,2,574,47.833333333333336,50
valid,2261,4,4,152,38.0,38
valid,2262,12,3,632,52.666666666666664,56
valid,2263,11,4,392,35.63636363636363,38
valid,2264,14,2,676,48.285714285714285,49
valid,2265,5,2,250,50.0,52
valid,2266,2,3,32,16.0,16
valid,2267,8,2,336,42.0,42
valid,2268,2,3,40,20.0,20
valid,2269,8,3,278,34.75,39
valid,2270,7,2,150,21.428571428571427,23
valid,2271,12,3,868,72.33333333333333,75
valid,2272,12,2,408,34.0,35
valid,2273,4,2,104,26.0,26
valid,2274,6,3,256,42.666666666666664,44
valid,2275,15,2,750,50.0,52
valid,2276,10,2,500,50.0,52
valid,2277,10,2,300,30.0,34
valid,2278,12,2,492,41.0,46
valid,2279,12,2,500,41.666666666666664,48
valid,2280,2,4,60,30.0,30
valid,2281,11,2,462,42.0,50
valid,2282,14,2,436,31.142857142857142,44
valid,2283,5,4,266,53.2,58
valid,2284,2,3,64,32.0,32
valid,2285,12,2,408,34.0,38
valid,2286,4,2,136,34.0,34
valid,2287,8,3,224,28.0,28
valid,2288,20,2,820,41.0,44
valid,2289,10,2,234,23.4,24
valid,2290,8,2,208,26.0,26
valid,2291,4,2,104,26.0,26
valid,2292,3,4,126,42.0,42
valid,2293,8,3,208,26.0,26
valid,2294,2,3,52,26.0,26
valid,2295,16,2,792,49.5,53
valid,2296,18,2,804,44.666666666666664,46
valid,2297,10,2,500,50.0,52
valid,2298,9,2,166,18.444444444444443,22
valid,2299,6,4,444,74.0,74
valid,2300,28,3,1256,44.857142857142854,47
valid,2301,5,2,106,21.2,26
valid,2302,5,3,228,45.6,46
valid,2303,8,2,312,39.0,42
valid,2304,13,2,796,61.23076923076923,64
valid,2305,6,3,324,54.0,56
valid,2306,6,2,256,42.666666666666664,44
valid,2307,14,2,544,38.857142857142854,44
valid,2308,8,3,276,34.5,38
valid,2309,14,2,928,66.28571428571429,71
valid,2310,16,2,1080,67.5,70
valid,2311,16,3,828,51.75,56
valid,2312,14,3,776,55.42857142857143,60
test,0,1,5,58,58.0,58
test,1,2,3,56,28.0,28
test,2,1,4,26,26.0,26
test,3,4,3,72,18.0,18
test,4,2,4,52,26.0,26
test,5,1,4,26,26.0,26
test,6,1,4,42,42.0,42
test,7,1,4,26,26.0,26
test,8,1,4,58,58.0,58
test,9,2,3,40,20.0,20
test,10,1,4,54,54.0,54
test,11,2,3,52,26.0,26
test,12,40,2,1560,39.0,42
test,13,6,2,264,44.0,44
test,14,3,4,78,26.0,26
test,15,4,4,248,62.0,62
test,16,24,2,1272,53.0,56
test,17,14,2,304,21.714285714285715,24
test,18,14,2,304,21.714285714285715,24
test,19,3,3,84,28.0,29
test,20,6,3,264,44.0,44
test,21,20,2,512,25.6,28
test,22,2,3,52,26.0,26
test,23,8,2,448,56.0,56
test,24,12,3,364,30.333333333333332,32
test,25,6,3,160,26.666666666666668,28
test,26,2,3,52,26.0,26
test,27,2,2,28,14.0,14
test,28,6,2,128,21.333333333333332,24
test,29,9,3,600,66.66666666666667,72
test,30,12,2,552,46.0,46
test,31,2,4,160,80.0,80
test,32,8,3,540,67.5,68
test,33,6,3,384,64.0,68
test,34,24,2,612,25.5,26
test,35,2,3,64,32.0,32
test,36,6,3,312,52.0,56
test,37,4,4,116,29.0,31
test,38,4,2,168,42.0,42
test,39,4,2,168,42.0,42
test,40,4,3,156,39.0,40
test,41,4,3,196,49.0,49
test,42,6,3,270,45.0,50
test,43,8,3,392,49.0,50
test,44,2,3,64,32.0,32
test,45,6,2,264,44.0,44
test,46,24,2,1284,53.5,56
test,47,6,2,264,44.0,44
test,48,12,2,460,38.333333333333336,39
test,49,2,3,52,26.0,26
test,50,3,4,246,82.0,86
test,51,4,2,168,42.0,42
test,52,2,3,36,18.0,18
test,53,6,2,192,32.0,32
test,54,4,2,216,54.0,54
test,55,3,4,246,82.0,86
test,56,4,3,220,55.0,56
test,57,2,3,112,56.0,56
test,58,3,4,180,60.0,60
test,59,20,2,772,38.6,41
test,60,6,2,132,22.0,23
test,61,4,2,168,42.0,42
test,62,4,2,168,42.0,42
test,63,2,4,160,80.0,80
test,64,16,2,760,47.5,49
test,65,2,3,116,58.0,58
test,66,2,3,112,56.0,56
test,67,4,4,224,56.0,58
test,68,6,2,264,44.0,44
test,69,4,3,152,38.0,38
test,70,4,3,216,54.0,54
test,71,4,3,104,26.0,26
test,72,22,2,1052,47.81818181818182,50
test,73,2,2,28,14.0,14
test,74,8,2,440,55.0,55
test,75,4,2,168,42.0,42
test,76,6,3,292,48.666666666666664,50
test,77,2,3,52,26.0,26
test,78,3,4,140,46.666666666666664,48
test,79,2,3,160,80.0,80
test,80,6,3,124,20.666666666666668,22
test,81,8,2,508,63.5,64
test,82,2,3,52,26.0,26
test,83,12,3,768,64.0,68
test,84,2,3,116,58.0,58
test,85,6,2,132,22.0,23
test,86,14,3,876,62.57142857142857,66
test,87,3,3,96,32.0,32
test,88,4,3,60,15.0,17
test,89,4,2,156,39.0,40
test,90,5,3,278,55.6,58
test,91,6,2,248,41.333333333333336,42
test,92,2,3,36,18.0,18
test,93,2,3,52,26.0,26
test,94,4,3,232,58.0,58
test,95,4,2,168,42.0,42
test,96,20,2,732,36.6,39
test,97,4,3,232,58.0,58
test,98,6,3,240,40.0,41
test,99,6,3,384,64.0,68
test,100,2,2,52,26.0,26
test,101,4,4,132,33.0,33
test,102,2,3,52,26.0,26
test,103,4,3,200,50.0,50
test,104,4,2,128,32.0,34
test,105,2,3,64,32.0,32
test,106,4,2,168,42.0,42
test,107,4,3,196,49.0,49
test,108,20,2,848,42.4,45
test,109,2,3,116,58.0,58
test,110,24,2,628,26.166666666666668,30
test,111,4,3,232,58.0,58
test,112,7,2,486,69.42857142857143,72
test,113,6,3,160,26.666666666666668,28
test,114,20,2,988,49.4,51
test,115,2,3,52,26.0,26
test,116,5,3,146,29.2,34
test,117,40,2,1752,43.8,50
test,118,4,2,168,42.0,42
test,119,8,3,244,30.5,32
test,120,3,3,96,32.0,32
test,121,2,3,116,58.0,58
test,122,2,3,116,58.0,58
test,123,2,3,64,32.0,32
test,124,4,3,84,21.0,23
test,125,2,3,52,26.0,26
test,126,2,3,64,32.0,32
test,127,3,3,96,32.0,32
test,128,2,2,28,14.0,14
test,129,6,3,140,23.333333333333332,24
test,130,2,2,52,26.0,26
test,131,2,4,112,56.0,56
test,132,8,3,408,51.0,52
test,133,2,4,160,80.0,80
test,134,8,2,316,39.5,40
test,135,16,2,344,21.5,23
test,136,2,3,84,42.0,42
test,137,3,3,64,21.333333333333332,22
test,138,3,3,88,29.333333333333332,32
test,139,3,3,128,42.666666666666664,44
test,140,12,2,552,46.0,46
test,141,4,3,100,25.0,26
test,142,4,2,168,42.0,42
test,143,6,3,270,45.0,50
test,144,20,2,1304,65.2,68
test,145,5,3,128,25.6,29
test,146,5,2,250,50.0,52
test,147,5,4,142,28.4,30
test,148,6,2,168,28.0,32
test,149,4,3,216,54.0,55
test,150,34,2,1632,48.0,51
test,151,28,2,1528,54.57142857142857,59
test,152,5,3,188,37.6,42
test,153,12,2,244,20.333333333333332,21
test,154,5,2,250,50.0,52
test,155,6,3,272,45.333333333333336,46
test,156,16,2,1036,64.75,70
test,157,10,3,436,43.6,46
test,158,20,2,1112,55.6,57
test,159,18,3,920,51.111111111111114,54
test,160,6,3,318,53.0,62
test,161,6,3,100,16.666666666666668,18
test,162,22,2,1476,67.0909090909091,71
test,163,5,4,306,61.2,62
test,164,4,3,232,58.0,58
test,165,24,3,1916,79.83333333333333,80
test,166,5,3,198,39.6,46
test,167,9,2,276,30.666666666666668,34
test,168,22,2,1164,52.90909090909091,56
test,169,5,2,250,50.0,52
test,170,12,3,428,35.666666666666664,38
test,171,5,2,250,50.0,52
test,172,16,2,1016,63.5,65
test,173,12,3,736,61.333333333333336,62
test,174,12,3,632,52.666666666666664,55
test,175,10,3,716,71.6,75
test,176,7,3,180,25.714285714285715,26
test,177,27,2,1536,56.888888888888886,59
test,178,5,3,176,35.2,38
test,179,13,2,574,44.15384615384615,47
test,180,5,2,250,50.0,52
test,181,5,3,182,36.4,38
test,182,14,2,400,28.571428571428573,32
test,183,36,2,1720,47.77777777777778,55
test,184,10,2,268,26.8,32
test,185,5,3,182,36.4,38
test,186,3,3,128,42.666666666666664,44
test,187,24,2,1088,45.333333333333336,51
test,188,4,3,132,33.0,38
test,189,20,2,1048,52.4,55
test,190,10,2,488,48.8,52
test,191,14,2,448,32.0,44
test,192,8,2,288,36.0,38
test,193,5,3,182,36.4,38
test,194,5,3,154,30.8,38
test,195,6,4,264,44.0,46
test,196,10,3,608,60.8,64
test,197,5,3,198,39.6,46
test,198,26,3,736,28.307692307692307,34
test,199,20,2,1056,52.8,57
test,200,20,2,1496,74.8,81
test,201,6,2,104,17.333333333333332,18
test,202,4,3,84,21.0,24
test,203,4,3,232,58.0,58
test,204,6,3,216,36.0,38
test,205,4,3,200,50.0,50
test,206,8,3,240,30.0,30
test,207,12,3,552,46.0,50
test,208,12,3,592,49.333333333333336,52
test,209,46,3,1772,38.52173913043478,48
test,210,5,3,182,36.4,38
test,211,5,3,238,47.6,54
test,212,4,3,150,37.5,38
test,213,10,2,428,42.8,44
test,214,16,3,1104,69.0,74
test,215,32,2,744,23.25,27
test,216,9,3,480,53.333333333333336,56
test,217,10,3,500,50.0,52
test,218,20,2,848,42.4,45
test,219,14,2,796,56.857142857142854,60
test,220,3,3,112,37.333333333333336,44
test,221,11,2,566,51.45454545454545,56
test,222,22,2,1012,46.0,51
test,223,10,3,544,54.4,57
test,224,6,2,104,17.333333333333332,18
test,225,8,3,240,30.0,30
test,226,12,3,648,54.0,55
test,227,4,3,104,26.0,26
test,228,8,2,208,26.0,26
test,229,5,3,182,36.4,38
test,230,36,2,1712,47.55555555555556,52
test,231,20,2,864,43.2,45
test,232,6,3,192,32.0,32
test,233,24,2,1968,82.0,92
test,234,16,3,824,51.5,52
test,235,5,3,198,39.6,46
test,236,14,3,684,48.857142857142854,50
test,237,6,3,390,65.0,68
test,238,5,3,182,36.4,38
test,239,5,4,202,40.4,42
test,240,28,2,1336,47.714285714285715,50
test,241,6,3,356,59.333333333333336,62
test,242,5,4,218,43.6,50
test,243,20,2,1048,52.4,56
test,244,8,3,396,49.5,50
test,245,28,3,1344,48.0,50
test,246,60,2,3616,60.266666666666666,65
test,247,10,2,500,50.0,52
test,248,24,2,1188,49.5,53
test,249,39,2,1840,47.17948717948718,53
test,250,14,2,704,50.285714285714285,56
test,251,38,2,1620,42.63157894736842,46
test,252,20,2,1172,58.6,64
test,253,24,2,592,24.666666666666668,30
test,254,10,3,500,50.0,52
test,255,26,2,1392,53.53846153846154,57
test,256,10,3,608,60.8,63
test,257,42,2,2328,55.42857142857143,62
test,258,24,2,1362,56.75,60
test,259,10,2,500,50.0,52
test,260,18,2,892,49.55555555555556,52
test,261,20,2,1282,64.1,71
test,262,28,2,864,30.857142857142858,35
test,263,36,2,1744,48.44444444444444,51
test,264,10,2,500,50.0,52
test,265,28,2,692,24.714285714285715,27
test,266,18,2,780,43.333333333333336,46
test,267,14,2,740,52.857142857142854,56
test,268,12,2,528,44.0,54
test,269,2,3,112,56.0,56
test,270,14,2,376,26.857142857142858,32
test,271,5,4,218,43.6,50
test,272,10,4,1048,104.8,110
test,273,4,4,284,71.0,74
test,274,20,2,484,24.2,25
test,275,4,3,138,34.5,38
test,276,8,2,288,36.0,42
test,277,20,2,1180,59.0,64
test,278,6,2,264,44.0,44
test,279,9,3,534,59.333333333333336,68
test,280,12,2,528,44.0,44
test,281,12,3,550,45.833333333333336,52
test,282,12,3,288,24.0,28
test,283,3,3,96,32.0,32
test,284,4,3,84,21.0,24
test,285,14,2,484,34.57142857142857,35
test,286,20,2,440,22.0,22
test,287,28,2,1720,61.42857142857143,65
test,288,5,2,154,30.8,44
test,289,24,2,688,28.666666666666668,30
test,290,24,2,816,34.0,35
test,291,12,2,384,32.0,36
test,292,5,3,150,30.0,34
test,293,16,2,864,54.0,57
test,294,4,3,200,50.0,50
test,295,20,2,480,24.0,26
test,296,5,3,122,24.4,26
test,297,6,3,120,20.0,20
test,298,14,2,496,35.42857142857143,36
test,299,6,3,144,24.0,24
test,300,2,3,64,32.0,32
test,301,16,2,680,42.5,47
test,302,3,3,76,25.333333333333332,28
test,303,3,3,78,26.0,26
test,304,3,3,84,28.0,32
test,305,5,4,218,43.6,50
test,306,12,3,258,21.5,24
test,307,3,3,130,43.333333333333336,44
test,308,18,2,716,39.77777777777778,46
test,309,5,3,158,31.6,32
test,310,12,2,556,46.333333333333336,50
test,311,9,2,426,47.333333333333336,50
test,312,6,3,246,41.0,42
test,313,9,3,420,46.666666666666664,50
test,314,12,3,616,51.333333333333336,52
test,315,5,4,368,73.6,78
test,316,8,2,112,14.0,17
test,317,16,2,608,38.0,41
test,318,12,2,320,26.666666666666668,30
test,319,9,2,450,50.0,52
test,320,9,2,450,50.0,52
test,321,3,3,128,42.666666666666664,44
test,322,3,2,64,21.333333333333332,22
test,323,7,4,594,84.85714285714286,87
test,324,3,3,38,12.666666666666666,13
test,325,20,2,1264,63.2,67
test,326,8,2,316,39.5,42
test,327,12,3,592,49.333333333333336,50
test,328,8,2,390,48.75,49
test,329,5,3,158,31.6,32
test,330,7,3,150,21.428571428571427,26
test,331,3,3,90,30.0,32
test,332,12,2,552,46.0,47
test,333,5,2,250,50.0,52
test,334,18,2,788,43.77777777777778,46
test,335,8,3,340,42.5,46
test,336,15,2,1224,81.6,86
test,337,5,3,112,22.4,24
test,338,1,3,18,18.0,18
test,339,1,4,42,42.0,42
test,340,1,4,54,54.0,54
test,341,1,3,42,42.0,42
test,342,16,2,1048,65.5,68
test,343,12,2,528,44.0,49
test,344,12,2,304,25.333333333333332,28
test,345,6,2,160,26.666666666666668,30
test,346,16,2,512,32.0,44
test,347,11,3,718,65.27272727272727,80
test,348,16,3,368,23.0,26
test,349,10,2,132,13.2,15
test,350,6,3,192,32.0,32
test,351,12,2,432,36.0,39
test,352,8,2,240,30.0,32
test,353,20,2,640,32.0,34
test,354,5,2,250,50.0,52
test,355,12,2,222,18.5,20
test,356,4,3,110,27.5,29
test,357,9,2,420,46.666666666666664,54
test,358,4,3,166,41.5,46
test,359,18,2,1304,72.44444444444444,76
test,360,23,2,1060,46.08695652173913,56
test,361,20,2,1028,51.4,56
test,362,12,2,456,38.0,38
test,363,12,2,228,19.0,22
test,364,14,3,640,45.714285714285715,48
test,365,4,3,100,25.0,26
test,366,4,3,200,50.0,56
test,367,6,2,132,22.0,23
test,368,14,3,904,64.57142857142857,66
test,369,5,3,170,34.0,38
test,370,20,2,1024,51.2,55
test,371,14,2,688,49.142857142857146,51
test,372,16,2,364,22.75,26
test,373,8,3,276,34.5,37
test,374,23,2,1012,44.0,56
test,375,5,3,158,31.6,32
test,376,5,4,306,61.2,66
test,377,18,2,356,19.77777777777778,23
test,378,10,2,260,26.0,29
test,379,24,2,1928,80.33333333333333,92
test,380,12,3,334,27.833333333333332,32
test,381,18,2,900,50.0,58
test,382,20,2,1008,50.4,52
test,383,8,2,352,44.0,50
test,384,12,2,384,32.0,36
test,385,12,2,344,28.666666666666668,30
test,386,5,3,170,34.0,36
test,387,8,3,244,30.5,32
test,388,6,3,236,39.333333333333336,40
test,389,9,2,396,44.0,46
test,390,8,4,468,58.5,62
test,391,12,2,300,25.0,27
test,392,2,4,80,40.0,40
test,393,4,3,112,28.0,32
test,394,5,2,250,50.0,52
test,395,8,2,168,21.0,22
test,396,3,3,128,42.666666666666664,44
test,397,5,2,250,50.0,52
test,398,2,3,52,26.0,26
test,399,2,3,112,56.0,56
test,400,3,3,78,26.0,27
test,401,12,2,576,48.0,49
test,402,14,3,460,32.857142857142854,38
test,403,14,3,364,26.0,32
test,404,19,2,1002,52.73684210526316,54
test,405,5,2,76,15.2,20
test,406,5,2,310,62.0,64
test,407,22,2,1028,46.72727272727273,49
test,408,9,2,252,28.0,32
test,409,12,3,648,54.0,54
test,410,9,2,222,24.666666666666668,32
test,411,12,3,664,55.333333333333336,57
test,412,16,2,520,32.5,35
test,413,5,3,158,31.6,32
test,414,4,2,216,54.0,54
test,415,3,3,54,18.0,18
test,416,5,2,250,50.0,52
test,417,4,3,136,34.0,38
test,418,5,3,182,36.4,38
test,419,5,2,250,50.0,52
test,420,12,2,384,32.0,32
test,421,4,3,232,58.0,58
test,422,4,3,232,58.0,58
test,423,6,3,324,54.0,54
test,424,13,3,604,46.46153846153846,51
test,425,8,2,212,26.5,29
test,426,16,2,916,57.25,58
test,427,14,2,512,36.57142857142857,37
test,428,8,4,444,55.5,59
test,429,9,3,288,32.0,38
test,430,6,3,204,34.0,36
test,431,9,2,222,24.666666666666668,32
test,432,3,3,64,21.333333333333332,22
test,433,12,2,192,16.0,18
test,434,2,3,116,58.0,58
test,435,2,3,116,58.0,58
test,436,4,3,156,39.0,39
test,437,4,3,216,54.0,54
test,438,3,3,128,42.666666666666664,44
test,439,6,3,312,52.0,56
test,440,10,3,420,42.0,43
test,441,4,3,108,27.0,29
test,442,7,3,318,45.42857142857143,48
test,443,16,2,736,46.0,50
test,444,2,3,100,50.0,50
test,445,3,3,66,22.0,23
test,446,4,2,168,42.0,42
test,447,4,3,232,58.0,58
test,448,3,3,66,22.0,22
test,449,3,4,126,42.0,42
test,450,3,3,128,42.666666666666664,44
test,451,4,2,168,42.0,42
test,452,3,4,160,53.333333333333336,54
test,453,16,3,460,28.75,34
test,454,3,3,128,42.666666666666664,44
test,455,14,2,292,20.857142857142858,22
test,456,2,3,52,26.0,26
test,457,4,3,72,18.0,18
test,458,20,2,912,45.6,49
test,459,8,2,112,14.0,16
test,460,6,3,312,52.0,56
test,461,16,2,524,32.75,36
test,462,5,4,438,87.6,91
test,463,8,2,352,44.0,50
test,464,7,3,280,40.0,41
test,465,14,2,360,25.714285714285715,29
test,466,5,4,182,36.4,42
test,467,3,4,156,52.0,52
test,468,24,2,716,29.833333333333332,31
test,469,20,2,1000,50.0,52
test,470,12,2,248,20.666666666666668,23
test,471,8,2,394,49.25,56
test,472,16,2,272,17.0,19
test,473,6,3,192,32.0,32
test,474,24,2,708,29.5,31
test,475,12,3,208,17.333333333333332,19
test,476,8,3,204,25.5,30
test,477,10,2,160,16.0,18
test,478,3,3,128,42.666666666666664,44
test,479,3,3,112,37.333333333333336,44
test,480,5,3,210,42.0,42
test,481,2,2,28,14.0,14
test,482,6,2,208,34.666666666666664,36
test,483,5,3,194,38.8,42
test,484,4,3,168,42.0,42
test,485,6,3,188,31.333333333333332,32
test,486,4,3,216,54.0,54
test,487,10,2,184,18.4,20
test,488,16,2,520,32.5,35
test,489,10,3,500,50.0,52
test,490,10,3,500,50.0,52
test,491,3,3,128,42.666666666666664,44
test,492,3,3,96,32.0,32
test,493,14,2,340,24.285714285714285,26
test,494,12,2,628,52.333333333333336,57
test,495,12,2,712,59.333333333333336,61
test,496,22,2,1004,45.63636363636363,47
test,497,4,3,232,58.0,58
test,498,24,2,1208,50.333333333333336,53
test,499,6,3,216,36.0,38
test,500,16,2,452,28.25,29
test,501,20,2,508,25.4,28
test,502,20,2,920,46.0,48
test,503,20,2,436,21.8,22
test,504,12,3,320,26.666666666666668,33
test,505,3,4,174,58.0,58
test,506,3,4,54,18.0,18
test,507,8,2,400,50.0,56
test,508,12,2,384,32.0,36
test,509,8,3,340,42.5,47
test,510,10,2,452,45.2,58
test,511,28,2,1928,68.85714285714286,86
test,512,12,2,416,34.666666666666664,38
test,513,24,2,642,26.75,28
test,514,60,2,2744,45.733333333333334,49
test,515,5,2,250,50.0,52
test,516,16,3,1036,64.75,72
test,517,8,2,390,48.75,49
test,518,7,3,168,24.0,24
test,519,8,2,112,14.0,17
test,520,27,2,1336,49.48148148148148,60
test,521,12,2,250,20.833333333333332,22
test,522,5,2,310,62.0,64
test,523,18,2,692,38.44444444444444,46
test,524,24,2,920,38.333333333333336,40
test,525,16,2,516,32.25,35
test,526,80,2,2488,31.1,34
test,527,10,3,280,28.0,30
test,528,72,2,3912,54.333333333333336,60
test,529,80,2,1784,22.3,26
test,530,64,2,2440,38.125,42
test,531,16,2,662,41.375,44
test,532,9,2,346,38.44444444444444,40
test,533,24,2,732,30.5,33
test,534,64,2,2712,42.375,48
test,535,16,3,312,19.5,22
test,536,20,2,504,25.2,26
test,537,23,2,1036,45.04347826086956,56
test,538,40,2,908,22.7,25
test,539,24,2,564,23.5,27
test,540,12,2,388,32.333333333333336,38
test,541,6,3,270,45.0,47
test,542,2,3,52,26.0,26
test,543,17,2,772,45.411764705882355,56
test,544,4,3,104,26.0,26
test,545,6,3,400,66.66666666666667,70
test,546,12,2,408,34.0,34
test,547,12,2,380,31.666666666666668,33
test,548,9,2,396,44.0,46
test,549,34,2,808,23.764705882352942,31
test,550,4,3,200,50.0,50
test,551,6,3,144,24.0,26
test,552,5,3,182,36.4,38
test,553,12,2,216,18.0,20
test,554,6,3,192,32.0,32
test,555,4,3,232,58.0,58
test,556,2,3,32,16.0,16
test,557,18,3,952,52.888888888888886,57
test,558,18,2,412,22.88888888888889,28
test,559,4,3,200,50.0,50
test,560,16,2,500,31.25,34
test,561,2,3,52,26.0,26
test,562,20,2,1252,62.6,65
test,563,6,3,180,30.0,35
test,564,12,3,588,49.0,52
test,565,36,2,1432,39.77777777777778,43
test,566,32,2,1784,55.75,61
test,567,40,2,2316,57.9,70
test,568,30,2,1400,46.666666666666664,51
test,569,24,2,488,20.333333333333332,24
test,570,36,2,1742,48.388888888888886,56
test,571,28,3,1344,48.0,50
test,572,20,2,824,41.2,43
test,573,32,2,1432,44.75,50
test,574,48,2,2144,44.666666666666664,47
test,575,28,2,1216,43.42857142857143,47
test,576,28,2,560,20.0,23
test,577,32,2,1788,55.875,61
test,578,36,2,688,19.11111111111111,22
test,579,36,2,1724,47.888888888888886,56
test,580,32,2,1392,43.5,47
test,581,24,2,588,24.5,26
test,582,27,2,1638,60.666666666666664,64
test,583,22,2,568,25.818181818181817,31
test,584,32,2,1476,46.125,49
test,585,32,2,1300,40.625,45
test,586,28,3,1136,40.57142857142857,42
test,587,24,2,520,21.666666666666668,25
test,588,28,2,1136,40.57142857142857,43
test,589,28,2,588,21.0,23
test,590,22,2,328,14.909090909090908,16
test,591,22,2,1052,47.81818181818182,51
test,592,36,2,1920,53.333333333333336,56
test,593,44,2,2768,62.90909090909091,69
test,594,16,2,244,15.25,20
test,595,24,2,1420,59.166666666666664,63
test,596,32,2,1360,42.5,47
test,597,36,2,1852,51.44444444444444,55
test,598,28,2,1384,49.42857142857143,52
test,599,24,2,816,34.0,39
test,600,14,3,848,60.57142857142857,62
test,601,12,2,776,64.66666666666667,70
test,602,12,3,648,54.0,56
test,603,14,2,688,49.142857142857146,50
test,604,2,4,160,80.0,80
test,605,19,2,918,48.31578947368421,51
test,606,20,2,960,48.0,50
test,607,38,2,1620,42.63157894736842,46
test,608,12,3,760,63.333333333333336,68
test,609,15,2,1120,74.66666666666667,76
test,610,9,3,286,31.77777777777778,34
test,611,14,2,624,44.57142857142857,47
test,612,5,4,414,82.8,86
test,613,12,3,616,51.333333333333336,54
test,614,4,4,296,74.0,74
test,615,4,4,222,55.5,59
test,616,4,4,284,71.0,74
test,617,10,2,500,50.0,52
test,618,8,3,240,30.0,30
test,619,10,3,364,36.4,50
test,620,7,3,168,24.0,24
test,621,4,2,72,18.0,18
test,622,3,3,96,32.0,32
test,623,5,2,250,50.0,52
test,624,6,2,176,29.333333333333332,30
test,625,2,3,36,18.0,18
test,626,8,3,224,28.0,28
test,627,7,3,208,29.714285714285715,30
test,628,6,3,264,44.0,44
test,629,4,3,232,58.0,58
test,630,4,2,68,17.0,17
test,631,20,2,976,48.8,51
test,632,3,3,128,42.666666666666664,44
test,633,8,3,396,49.5,50
test,634,8,2,292,36.5,38
test,635,8,2,352,44.0,46
test,636,7,3,316,45.142857142857146,50
test,637,4,3,232,58.0,58
test,638,5,2,262,52.4,56
test,639,12,2,384,32.0,32
test,640,16,2,592,37.0,38
test,641,4,3,156,39.0,40
test,642,8,2,180,22.5,29
test,643,6,2,258,43.0,44
test,644,4,2,72,18.0,18
test,645,4,3,232,58.0,58
test,646,5,3,238,47.6,54
test,647,3,3,142,47.333333333333336,48
test,648,24,2,1468,61.166666666666664,66
test,649,6,3,272,45.333333333333336,46
test,650,4,3,200,50.0,50
test,651,4,3,128,32.0,32
test,652,5,2,250,50.0,52
test,653,6,3,132,22.0,23
test,654,6,2,204,34.0,36
test,655,4,2,72,18.0,18
test,656,14,2,688,49.142857142857146,51
test,657,5,2,106,21.2,26
test,658,5,3,150,30.0,34
test,659,17,2,628,36.94117647058823,39
test,660,6,3,348,58.0,58
test,661,4,3,104,26.0,26
test,662,12,2,208,17.333333333333332,18
test,663,6,2,216,36.0,38
test,664,4,3,232,58.0,58
test,665,6,2,258,43.0,44
test,666,6,3,444,74.0,78
test,667,5,2,250,50.0,52
test,668,4,2,216,54.0,54
test,669,5,3,182,36.4,38
test,670,7,2,192,27.428571428571427,38
test,671,4,2,72,18.0,18
test,672,14,2,704,50.285714285714285,51
test,673,9,2,210,23.333333333333332,29
test,674,4,3,232,58.0,58
test,675,20,2,496,24.8,26
test,676,12,2,264,22.0,23
test,677,28,2,1492,53.285714285714285,55
test,678,6,2,208,34.666666666666664,36
test,679,8,2,164,20.5,22
test,680,12,2,504,42.0,43
test,681,14,2,262,18.714285714285715,20
test,682,10,2,500,50.0,50
test,683,17,2,796,46.8235294117647,50
test,684,4,3,126,31.5,36
test,685,10,3,428,42.8,45
test,686,10,2,296,29.6,32
test,687,20,2,904,45.2,46
test,688,24,2,1248,52.0,56
test,689,12,2,536,44.666666666666664,49
test,690,5,2,310,62.0,64
test,691,4,3,106,26.5,28
test,692,16,2,776,48.5,60
test,693,7,3,168,24.0,24
test,694,12,2,696,58.0,59
test,695,20,2,952,47.6,52
test,696,8,3,272,34.0,34
test,697,4,3,200,50.0,50
test,698,3,3,112,37.333333333333336,44
test,699,6,3,152,25.333333333333332,30
test,700,2,3,36,18.0,18
test,701,3,3,46,15.333333333333334,16
test,702,10,2,360,36.0,36
test,703,3,3,42,14.0,15
test,704,8,2,196,24.5,26
test,705,6,2,140,23.333333333333332,24
test,706,6,2,216,36.0,38
test,707,6,3,156,26.0,29
test,708,8,3,348,43.5,44
test,709,12,2,256,21.333333333333332,22
test,710,9,2,172,19.11111111111111,22
test,711,5,2,106,21.2,26
test,712,12,2,208,17.333333333333332,18
test,713,4,3,106,26.5,28
test,714,9,2,172,19.11111111111111,22
test,715,13,3,220,16.923076923076923,19
test,716,10,2,316,31.6,34
test,717,42,2,1548,36.857142857142854,39
test,718,9,2,204,22.666666666666668,26
test,719,14,3,670,47.857142857142854,51
test,720,10,2,336,33.6,36
test,721,2,2,52,26.0,26
test,722,6,2,152,25.333333333333332,28
test,723,8,2,126,15.75,16
test,724,2,2,28,14.0,14
test,725,18,2,856,47.55555555555556,50
test,726,24,2,624,26.0,28
test,727,8,2,188,23.5,26
test,728,20,2,448,22.4,24
test,729,22,2,344,15.636363636363637,17
test,730,20,2,376,18.8,22
test,731,24,2,856,35.666666666666664,40
test,732,10,2,220,22.0,24
test,733,9,2,172,19.11111111111111,22
test,734,9,2,172,19.11111111111111,22
test,735,46,2,2120,46.08695652173913,68
test,736,20,2,896,44.8,48
test,737,20,2,1284,64.2,68
test,738,9,3,844,93.77777777777777,104
test,739,16,2,776,48.5,50
test,740,6,3,432,72.0,78
test,741,6,2,176,29.333333333333332,34
test,742,8,3,648,81.0,90
test,743,14,2,738,52.714285714285715,61
test,744,14,2,442,31.571428571428573,36
test,745,34,2,2060,60.588235294117645,66
test,746,3,3,126,42.0,42
test,747,4,4,364,91.0,91
test,748,12,2,644,53.666666666666664,56
test,749,26,2,1888,72.61538461538461,80
test,750,3,3,146,48.666666666666664,50
test,751,2,4,160,80.0,80
test,752,28,2,1384,49.42857142857143,50
test,753,24,3,984,41.0,44
test,754,12,2,584,48.666666666666664,50
test,755,6,2,208,34.666666666666664,36
test,756,10,2,256,25.6,28
test,757,3,3,146,48.666666666666664,50
test,758,3,3,242,80.66666666666667,84
test,759,28,2,1488,53.142857142857146,62
test,760,3,4,178,59.333333333333336,61
test,761,4,3,130,32.5,38
test,762,11,2,288,26.181818181818183,28
test,763,12,2,716,59.666666666666664,60
test,764,32,2,1272,39.75,49
test,765,5,2,190,38.0,44
test,766,20,2,432,21.6,26
test,767,18,2,848,47.111111111111114,48
test,768,32,2,1870,58.4375,63
test,769,44,2,1664,37.81818181818182,41
test,770,20,2,704,35.2,37
test,771,20,2,392,19.6,22
test,772,12,2,252,21.0,22
test,773,6,3,148,24.666666666666668,27
test,774,28,2,1440,51.42857142857143,54
test,775,16,2,724,45.25,49
test,776,56,2,5088,90.85714285714286,98
test,777,22,2,1384,62.90909090909091,68
test,778,28,2,642,22.928571428571427,27
test,779,7,3,314,44.857142857142854,50
test,780,7,3,218,31.142857142857142,36
test,781,14,3,448,32.0,37
test,782,6,3,196,32.666666666666664,34
test,783,26,2,588,22.615384615384617,25
test,784,8,2,132,16.5,19
test,785,20,2,492,24.6,30
test,786,14,2,292,20.857142857142858,23
test,787,20,2,952,47.6,50
test,788,6,3,124,20.666666666666668,22
test,789,8,3,160,20.0,23
test,790,5,3,226,45.2,51
test,791,24,2,1520,63.333333333333336,65
test,792,36,2,1704,47.333333333333336,50
test,793,6,2,200,33.333333333333336,36
test,794,9,2,166,18.444444444444443,22
test,795,3,3,60,20.0,21
test,796,28,3,2216,79.14285714285714,92
test,797,28,2,484,17.285714285714285,19
test,798,14,2,260,18.571428571428573,22
test,799,16,2,348,21.75,22
test,800,14,2,212,15.142857142857142,18
test,801,16,3,768,48.0,54
test,802,12,2,336,28.0,30
test,803,24,2,616,25.666666666666668,27
test,804,24,2,984,41.0,47
test,805,15,2,702,46.8,49
test,806,12,2,304,25.333333333333332,28
test,807,24,2,968,40.333333333333336,46
test,808,7,2,144,20.571428571428573,21
test,809,14,2,288,20.571428571428573,22
test,810,28,2,1088,38.857142857142854,42
test,811,24,2,416,17.333333333333332,19
test,812,5,2,250,50.0,52
test,813,40,2,1890,47.25,51
test,814,23,3,500,21.73913043478261,24
test,815,20,2,500,25.0,30
test,816,7,4,266,38.0,40
test,817,14,2,932,66.57142857142857,76
test,818,5,4,130,26.0,26
test,819,16,2,284,17.75,19
test,820,24,2,732,30.5,32
test,821,68,2,3064,45.05882352941177,48
test,822,24,2,616,25.666666666666668,29
test,823,15,2,442,29.466666666666665,30
test,824,16,2,304,19.0,23
test,825,4,3,148,37.0,38
test,826,4,4,114,28.5,30
test,827,12,2,328,27.333333333333332,28
test,828,28,2,1188,42.42857142857143,45
test,829,16,2,636,39.75,42
test,830,12,2,468,39.0,44
test,831,5,2,76,15.2,20
test,832,28,2,1152,41.142857142857146,45
test,833,18,2,888,49.333333333333336,51
test,834,80,2,3580,44.75,49
test,835,30,2,680,22.666666666666668,23
test,836,28,2,800,28.571428571428573,31
test,837,14,2,374,26.714285714285715,30
test,838,20,2,428,21.4,23
test,839,28,2,1280,45.714285714285715,48
test,840,10,2,196,19.6,24
test,841,6,2,200,33.333333333333336,34
test,842,6,2,276,46.0,46
test,843,18,2,676,37.55555555555556,41
test,844,24,2,568,23.666666666666668,27
test,845,16,2,592,37.0,40
test,846,36,2,672,18.666666666666668,20
test,847,22,2,316,14.363636363636363,16
test,848,22,2,344,15.636363636363637,17
test,849,10,3,220,22.0,25
test,850,4,3,100,25.0,26
test,851,5,2,106,21.2,26
test,852,14,2,424,30.285714285714285,32
test,853,16,2,268,16.75,18
test,854,9,2,172,19.11111111111111,22
test,855,14,2,288,20.571428571428573,24
test,856,4,3,104,26.0,26
test,857,4,3,104,26.0,26
test,858,7,3,294,42.0,42
test,859,8,3,140,17.5,21
test,860,3,3,64,21.333333333333332,22
test,861,4,2,56,14.0,14
test,862,8,2,304,38.0,38
test,863,3,3,66,22.0,23
test,864,8,4,342,42.75,46
test,865,6,3,288,48.0,50
test,866,4,3,232,58.0,58
test,867,9,3,480,53.333333333333336,56
test,868,3,3,66,22.0,23
test,869,2,2,52,26.0,26
test,870,4,4,224,56.0,56
test,871,8,2,316,39.5,40
test,872,4,3,232,58.0,58
test,873,8,2,178,22.25,26
test,874,16,2,276,17.25,18
test,875,16,2,328,20.5,22
test,876,26,2,1528,58.76923076923077,61
test,877,18,3,964,53.55555555555556,56
test,878,32,3,2728,85.25,88
test,879,28,2,1232,44.0,45
test,880,20,2,1558,77.9,82
test,881,20,2,1004,50.2,53
test,882,6,2,96,16.0,17
test,883,3,3,64,21.333333333333332,22
test,884,5,2,154,30.8,44
test,885,16,2,292,18.25,21
test,886,4,3,232,58.0,58
test,887,28,2,2072,74.0,86
test,888,22,2,556,25.272727272727273,27
test,889,52,2,1212,23.307692307692307,29
test,890,48,2,876,18.25,20
test,891,64,2,2360,36.875,39
test,892,24,2,1044,43.5,45
test,893,9,3,252,28.0,32
test,894,3,3,128,42.666666666666664,44
test,895,4,3,96,24.0,26
test,896,40,2,1200,30.0,33
test,897,2,3,92,46.0,46
test,898,8,3,224,28.0,28
test,899,8,2,312,39.0,40
test,900,7,3,168,24.0,24
test,901,16,2,276,17.25,19
test,902,8,3,240,30.0,30
test,903,3,3,128,42.666666666666664,44
test,904,14,3,872,62.285714285714285,66
test,905,7,2,232,33.142857142857146,38
test,906,15,2,534,35.6,44
test,907,6,2,256,42.666666666666664,44
test,908,14,2,408,29.142857142857142,30
test,909,22,2,960,43.63636363636363,48
test,910,10,2,500,50.0,52
test,911,46,2,2128,46.26086956521739,68
test,912,36,2,1208,33.55555555555556,37
test,913,28,3,1480,52.857142857142854,56
test,914,28,2,684,24.428571428571427,29
test,915,10,3,656,65.6,69
test,916,28,2,1616,57.714285714285715,62
test,917,10,2,404,40.4,46
test,918,10,2,144,14.4,18
test,919,17,2,796,46.8235294117647,50
test,920,24,2,584,24.333333333333332,28
test,921,15,2,858,57.2,58
test,922,22,2,500,22.727272727272727,25
test,923,5,3,206,41.2,44
test,924,80,2,5514,68.925,76
test,925,68,2,4778,70.26470588235294,76
test,926,68,2,4790,70.44117647058823,76
test,927,12,2,192,16.0,18
test,928,28,2,736,26.285714285714285,31
test,929,42,2,2952,70.28571428571429,75
test,930,72,2,3700,51.388888888888886,58
test,931,8,3,228,28.5,32
test,932,28,2,1662,59.357142857142854,64
test,933,20,2,612,30.6,31
test,934,28,2,1264,45.142857142857146,49
test,935,24,2,424,17.666666666666668,21
test,936,30,2,1440,48.0,51
test,937,38,2,2012,52.94736842105263,55
test,938,12,3,334,27.833333333333332,31
test,939,28,2,608,21.714285714285715,23
test,940,34,2,1588,46.705882352941174,52
test,941,42,2,984,23.428571428571427,26
test,942,10,2,138,13.8,15
test,943,34,3,1728,50.8235294117647,58
test,944,6,3,208,34.666666666666664,37
test,945,16,2,680,42.5,47
test,946,14,3,460,32.857142857142854,34
test,947,5,3,78,15.6,18
test,948,6,3,248,41.333333333333336,43
test,949,4,3,136,34.0,34
test,950,5,2,250,50.0,52
test,951,10,2,444,44.4,46
test,952,8,2,252,31.5,38
test,953,6,2,172,28.666666666666668,34
test,954,11,2,692,62.90909090909091,68
test,955,8,3,330,41.25,43
test,956,6,3,148,24.666666666666668,27
test,957,8,2,252,31.5,38
test,958,10,2,428,42.8,44
test,959,10,3,548,54.8,56
test,960,8,2,288,36.0,42
test,961,5,2,202,40.4,44
test,962,10,2,268,26.8,34
test,963,6,3,144,24.0,26
test,964,6,3,216,36.0,42
test,965,22,2,644,29.272727272727273,32
test,966,52,2,1128,21.692307692307693,24
test,967,48,3,1680,35.0,38
test,968,30,2,1200,40.0,42
test,969,30,2,1356,45.2,49
test,970,48,3,1696,35.333333333333336,38
test,971,34,2,1904,56.0,60
test,972,72,2,3864,53.666666666666664,59
test,973,8,2,204,25.5,28
test,974,30,2,1252,41.733333333333334,46
test,975,36,2,1644,45.666666666666664,51
test,976,20,2,936,46.8,50
test,977,10,3,500,50.0,52
test,978,12,2,252,21.0,24
test,979,36,2,1634,45.388888888888886,50
test,980,30,2,656,21.866666666666667,24
test,981,36,2,1176,32.666666666666664,36
test,982,6,3,220,36.666666666666664,38
test,983,20,2,944,47.2,50
test,984,6,3,340,56.666666666666664,60
test,985,32,2,1744,54.5,58
test,986,66,2,3684,55.81818181818182,60
test,987,22,2,1368,62.18181818181818,71
test,988,26,2,1056,40.61538461538461,43
test,989,40,2,2032,50.8,52
test,990,12,2,572,47.666666666666664,48
test,991,13,2,442,34.0,38
test,992,38,2,1812,47.68421052631579,51
test,993,14,2,368,26.285714285714285,30
test,994,20,2,492,24.6,30
test,995,40,2,2032,50.8,55
test,996,12,3,680,56.666666666666664,58
test,997,30,2,958,31.933333333333334,42
test,998,28,2,1628,58.142857142857146,61
test,999,18,2,628,34.888888888888886,39
test,1000,36,2,1656,46.0,47
test,1001,24,2,1316,54.833333333333336,59
test,1002,28,2,1464,52.285714285714285,56
test,1003,20,2,956,47.8,53
test,1004,6,3,308,51.333333333333336,52
test,1005,8,2,240,30.0,30
test,1006,48,2,3544,73.83333333333333,80
test,1007,22,3,454,20.636363636363637,26
test,1008,32,3,1572,49.125,60
test,1009,18,2,944,52.44444444444444,57
test,1010,8,2,208,26.0,26
test,1011,5,2,250,50.0,52
test,1012,28,2,1192,42.57142857142857,48
test,1013,20,2,476,23.8,27
test,1014,12,2,344,28.666666666666668,30
test,1015,20,2,616,30.8,33
test,1016,23,2,1232,53.56521739130435,59
test,1017,15,3,610,40.666666666666664,44
test,1018,24,2,592,24.666666666666668,27
test,1019,26,2,848,32.61538461538461,38
test,1020,26,2,1380,53.07692307692308,55
test,1021,44,2,2240,50.90909090909091,54
test,1022,24,2,792,33.0,37
test,1023,24,2,1374,57.25,60
test,1024,4,3,196,49.0,50
test,1025,24,2,1036,43.166666666666664,49
test,1026,20,2,992,49.6,52
test,1027,15,3,748,49.86666666666667,54
test,1028,22,2,1164,52.90909090909091,56
test,1029,22,2,992,45.09090909090909,47
test,1030,22,2,588,26.727272727272727,31
test,1031,20,2,1024,51.2,55
test,1032,24,3,1196,49.833333333333336,56
test,1033,38,2,2016,53.05263157894737,58
test,1034,18,2,900,50.0,53
test,1035,5,2,250,50.0,52
test,1036,36,2,1288,35.77777777777778,39
test,1037,44,2,2764,62.81818181818182,66
test,1038,62,2,3120,50.32258064516129,56
test,1039,18,2,900,50.0,52
test,1040,22,3,988,44.90909090909091,50
test,1041,13,2,634,48.76923076923077,51
test,1042,18,2,292,16.22222222222222,18
test,1043,56,2,2684,47.92857142857143,55
test,1044,14,2,352,25.142857142857142,32
test,1045,24,2,896,37.333333333333336,41
test,1046,32,2,2552,79.75,84
test,1047,20,2,592,29.6,33
test,1048,12,3,776,64.66666666666667,66
test,1049,12,3,380,31.666666666666668,36
test,1050,20,2,1208,60.4,64
test,1051,6,2,116,19.333333333333332,20
test,1052,40,2,2224,55.6,62
test,1053,8,2,280,35.0,38
test,1054,14,3,616,44.0,47
test,1055,24,2,660,27.5,30
test,1056,28,2,692,24.714285714285715,28
test,1057,30,2,1442,48.06666666666667,54
test,1058,33,2,1804,54.666666666666664,64
test,1059,30,2,1384,46.13333333333333,50
test,1060,4,4,144,36.0,40
test,1061,36,2,1896,52.666666666666664,56
test,1062,32,2,1064,33.25,39
test,1063,60,2,3072,51.2,59
test,1064,12,2,524,43.666666666666664,47
test,1065,32,3,1300,40.625,45
test,1066,28,2,648,23.142857142857142,29
test,1067,18,2,652,36.22222222222222,42
test,1068,10,3,240,24.0,26
test,1069,12,2,544,45.333333333333336,46
test,1070,20,2,896,44.8,48
test,1071,36,2,2376,66.0,73
test,1072,20,2,752,37.6,39
test,1073,12,2,572,47.666666666666664,49
test,1074,39,2,1830,46.92307692307692,49
test,1075,5,2,154,30.8,44
test,1076,16,2,928,58.0,60
test,1077,22,2,1004,45.63636363636363,48
test,1078,20,2,1144,57.2,61
test,1079,12,3,580,48.333333333333336,54
test,1080,4,3,60,15.0,15
test,1081,3,3,54,18.0,18
test,1082,4,3,108,27.0,27
test,1083,4,2,80,20.0,20
test,1084,3,3,64,21.333333333333332,22
test,1085,10,2,206,20.6,26
test,1086,2,3,64,32.0,32
test,1087,10,2,212,21.2,26
test,1088,24,2,540,22.5,26
test,1089,16,2,260,16.25,18
test,1090,5,2,106,21.2,26
test,1091,6,3,84,14.0,15
test,1092,4,3,52,13.0,13
test,1093,26,2,548,21.076923076923077,24
test,1094,24,2,424,17.666666666666668,18
test,1095,2,3,24,12.0,12
test,1096,12,3,300,25.0,30
test,1097,6,3,124,20.666666666666668,22
test,1098,4,3,112,28.0,32
test,1099,22,2,592,26.90909090909091,30
test,1100,6,3,200,33.333333333333336,35
test,1101,1,4,14,14.0,14
test,1102,22,2,366,16.636363636363637,21
test,1103,64,2,1548,24.1875,36
test,1104,6,3,112,18.666666666666668,20
test,1105,6,3,180,30.0,35
test,1106,12,3,428,35.666666666666664,38
test,1107,20,2,768,38.4,44
test,1108,20,2,424,21.2,24
test,1109,16,2,352,22.0,23
test,1110,12,2,512,42.666666666666664,44
test,1111,20,2,1776,88.8,98
test,1112,4,3,196,49.0,50
test,1113,6,3,102,17.0,18
test,1114,2,3,36,18.0,18
test,1115,24,2,684,28.5,35
test,1116,10,3,472,47.2,50
test,1117,6,2,270,45.0,50
test,1118,8,2,112,14.0,17
test,1119,8,2,132,16.5,19
test,1120,7,3,314,44.857142857142854,50
test,1121,4,3,100,25.0,26
test,1122,4,2,168,42.0,42
test,1123,4,2,104,26.0,26
test,1124,4,2,168,42.0,42
test,1125,4,3,150,37.5,40
test,1126,16,2,288,18.0,21
test,1127,6,3,264,44.0,44
test,1128,6,3,288,48.0,48
test,1129,4,3,104,26.0,26
test,1130,6,2,132,22.0,23
test,1131,10,2,152,15.2,20
test,1132,4,3,84,21.0,21
test,1133,4,3,84,21.0,21
test,1134,5,2,64,12.8,14
test,1135,12,3,224,18.666666666666668,21
test,1136,4,2,168,42.0,42
test,1137,4,2,216,54.0,54
test,1138,4,2,56,14.0,14
test,1139,12,3,428,35.666666666666664,38
test,1140,24,2,1824,76.0,84
test,1141,24,2,592,24.666666666666668,30
test,1142,2,2,16,8.0,8
test,1143,4,3,120,30.0,32
test,1144,26,2,1104,42.46153846153846,49
test,1145,28,2,792,28.285714285714285,31
test,1146,40,2,2040,51.0,54
test,1147,6,3,208,34.666666666666664,37
test,1148,56,2,5248,93.71428571428571,98
test,1149,20,2,1376,68.8,71
test,1150,13,2,952,73.23076923076923,80
test,1151,56,2,5600,100.0,106
test,1152,6,3,268,44.666666666666664,50
test,1153,6,3,292,48.666666666666664,50
test,1154,6,2,268,44.666666666666664,49
test,1155,8,2,420,52.5,57
test,1156,6,3,296,49.333333333333336,51
test,1157,3,3,64,21.333333333333332,22
test,1158,4,3,104,26.0,26
test,1159,4,2,56,14.0,14
test,1160,3,3,64,21.333333333333332,22
test,1161,4,3,104,26.0,26
test,1162,3,3,64,21.333333333333332,22
test,1163,4,3,104,26.0,26
test,1164,4,3,200,50.0,50
test,1165,3,3,112,37.333333333333336,44
test,1166,4,3,232,58.0,58
test,1167,4,3,104,26.0,26
test,1168,4,3,232,58.0,58
test,1169,4,3,232,58.0,58
test,1170,3,3,134,44.666666666666664,50
test,1171,6,2,268,44.666666666666664,47
test,1172,4,3,52,13.0,14
test,1173,3,3,112,37.333333333333336,44
test,1174,4,2,168,42.0,42
test,1175,28,2,552,19.714285714285715,23
test,1176,4,2,168,42.0,42
test,1177,22,2,556,25.272727272727273,30
test,1178,28,2,840,30.0,33
test,1179,24,2,552,23.0,26
test,1180,14,2,464,33.142857142857146,41
test,1181,22,2,1648,74.9090909090909,76
test,1182,12,3,864,72.0,80
test,1183,6,2,248,41.333333333333336,43
test,1184,22,2,1672,76.0,81
test,1185,21,2,1230,58.57142857142857,61
test,1186,24,2,1448,60.333333333333336,66
test,1187,12,3,588,49.0,56
test,1188,10,3,728,72.8,86
test,1189,17,3,356,20.941176470588236,22
test,1190,40,2,736,18.4,22
test,1191,24,2,560,23.333333333333332,26
test,1192,36,2,664,18.444444444444443,21
test,1193,17,3,356,20.941176470588236,22
test,1194,32,2,1380,43.125,47
test,1195,33,2,1400,42.42424242424242,45
test,1196,23,2,476,20.695652173913043,22
test,1197,3,3,64,21.333333333333332,22
test,1198,1,4,26,26.0,26
test,1199,10,2,232,23.2,24
test,1200,40,2,1160,29.0,31
test,1201,7,3,210,30.0,34
test,1202,8,3,208,26.0,26
test,1203,10,2,220,22.0,24
test,1204,26,2,580,22.307692307692307,24
test,1205,5,3,106,21.2,24
test,1206,10,3,490,49.0,52
test,1207,33,3,594,18.0,18
test,1208,33,3,594,18.0,18
test,1209,34,3,1664,48.94117647058823,51
test,1210,10,2,660,66.0,70
test,1211,4,2,88,22.0,23
test,1212,36,2,1496,41.55555555555556,51
test,1213,54,2,3152,58.370370370370374,72
test,1214,30,2,1542,51.4,56
test,1215,18,2,956,53.111111111111114,56
test,1216,10,2,254,25.4,44
test,1217,54,2,2920,54.074074074074076,59
test,1218,24,2,912,38.0,39
test,1219,20,2,1344,67.2,69
test,1220,28,2,1064,38.0,40
test,1221,35,2,2224,63.542857142857144,70
test,1222,78,2,5276,67.64102564102564,73
test,1223,8,2,138,17.25,18
test,1224,4,3,224,56.0,58
test,1225,28,3,1344,48.0,50
test,1226,12,2,420,35.0,37
test,1227,28,2,1040,37.142857142857146,39
test,1228,16,3,748,46.75,51
test,1229,11,2,434,39.45454545454545,42
test,1230,4,3,176,44.0,44
test,1231,8,3,276,34.5,42
test,1232,8,3,348,43.5,48
test,1233,16,2,824,51.5,56
test,1234,6,2,164,27.333333333333332,29
test,1235,11,2,158,14.363636363636363,17
test,1236,10,2,560,56.0,57
test,1237,8,3,360,45.0,47
test,1238,8,3,420,52.5,56
test,1239,1,7,94,94.0,94
test,1240,10,2,560,56.0,57
test,1241,4,3,174,43.5,48
test,1242,6,2,172,28.666666666666668,30
test,1243,9,2,114,12.666666666666666,15
test,1244,16,3,852,53.25,56
test,1245,8,2,134,16.75,17
test,1246,6,2,208,34.666666666666664,36
test,1247,2,4,124,62.0,62
test,1248,10,2,584,58.4,60
test,1249,14,3,516,36.857142857142854,39
test,1250,10,3,536,53.6,62
test,1251,20,2,368,18.4,24
test,1252,5,4,394,78.8,85
test,1253,14,3,668,47.714285714285715,50
test,1254,8,3,412,51.5,52
test,1255,12,2,578,48.166666666666664,53
test,1256,12,2,632,52.666666666666664,55
test,1257,14,2,332,23.714285714285715,26
test,1258,13,2,552,42.46153846153846,46
test,1259,34,2,1844,54.23529411764706,58
test,1260,17,3,736,43.294117647058826,46
test,1261,54,3,3468,64.22222222222223,71
test,1262,2,3,68,34.0,34
test,1263,14,3,440,31.428571428571427,32
test,1264,16,2,1232,77.0,80
test,1265,43,2,1764,41.02325581395349,43
test,1266,30,2,1700,56.666666666666664,60
test,1267,37,2,3206,86.64864864864865,93
test,1268,12,3,624,52.0,55
test,1269,12,3,600,50.0,54
test,1270,7,3,316,45.142857142857146,47
test,1271,10,3,464,46.4,50
test,1272,34,2,684,20.11764705882353,22
test,1273,22,2,952,43.27272727272727,50
test,1274,48,2,2388,49.75,54
test,1275,36,2,1576,43.77777777777778,46
test,1276,36,2,1268,35.22222222222222,38
test,1277,10,3,614,61.4,63
test,1278,28,2,1496,53.42857142857143,56
test,1279,68,2,3000,44.11764705882353,50
test,1280,6,3,200,33.333333333333336,35
test,1281,36,2,352,9.777777777777779,11
test,1282,80,2,4168,52.1,59
test,1283,48,2,2264,47.166666666666664,51
test,1284,20,2,1020,51.0,54
test,1285,9,2,456,50.666666666666664,53
test,1286,20,3,988,49.4,53
test,1287,10,2,472,47.2,48
test,1288,14,2,652,46.57142857142857,50
test,1289,20,2,776,38.8,40
test,1290,4,3,200,50.0,50
test,1291,4,3,232,58.0,58
test,1292,14,2,348,24.857142857142858,27
test,1293,4,3,104,26.0,26
test,1294,4,3,232,58.0,58
test,1295,4,3,232,58.0,58
test,1296,18,2,800,44.44444444444444,50
test,1297,4,2,168,42.0,42
test,1298,4,3,104,26.0,26
test,1299,4,3,200,50.0,50
test,1300,4,3,200,50.0,50
test,1301,4,3,200,50.0,50
test,1302,4,3,200,50.0,50
test,1303,4,3,200,50.0,50
test,1304,4,3,232,58.0,58
test,1305,4,2,56,14.0,14
test,1306,4,3,104,26.0,26
test,1307,4,3,104,26.0,26
test,1308,8,2,160,20.0,20
test,1309,4,3,104,26.0,26
test,1310,4,3,104,26.0,26
test,1311,4,3,72,18.0,18
test,1312,12,2,252,21.0,25
test,1313,4,2,104,26.0,26
test,1314,4,3,104,26.0,26
test,1315,4,3,104,26.0,26
test,1316,4,2,104,26.0,26
test,1317,4,3,104,26.0,26
test,1318,4,3,104,26.0,26
test,1319,4,3,104,26.0,26
test,1320,26,2,1024,39.38461538461539,44
test,1321,8,2,76,9.5,10
test,1322,4,2,56,14.0,14
test,1323,4,3,104,26.0,26
test,1324,4,3,104,26.0,26
test,1325,20,2,664,33.2,40
test,1326,4,3,200,50.0,50
test,1327,8,2,148,18.5,20
test,1328,4,2,168,42.0,42
test,1329,12,2,220,18.333333333333332,21
test,1330,4,3,200,50.0,50
test,1331,4,3,200,50.0,50
test,1332,4,3,72,18.0,18
test,1333,4,3,200,50.0,50
test,1334,4,2,104,26.0,26
test,1335,8,3,172,21.5,22
test,1336,4,3,88,22.0,22
test,1337,4,3,200,50.0,50
test,1338,4,3,232,58.0,58
test,1339,4,3,232,58.0,58
test,1340,4,3,232,58.0,58
test,1341,4,3,104,26.0,26
test,1342,4,2,104,26.0,26
test,1343,4,3,200,50.0,50
test,1344,4,3,232,58.0,58
test,1345,4,3,200,50.0,50
test,1346,4,3,256,64.0,64
test,1347,4,3,200,50.0,50
test,1348,4,3,104,26.0,26
test,1349,4,3,104,26.0,26
test,1350,4,3,104,26.0,26
test,1351,4,3,104,26.0,26
test,1352,4,3,104,26.0,26
test,1353,4,3,104,26.0,26
test,1354,4,3,104,26.0,26
test,1355,4,3,232,58.0,58
test,1356,9,2,400,44.44444444444444,50
test,1357,4,3,104,26.0,26
test,1358,4,3,232,58.0,58
test,1359,4,3,104,26.0,26
test,1360,8,2,148,18.5,20
test,1361,4,3,104,26.0,26
test,1362,4,3,232,58.0,58
test,1363,4,3,232,58.0,58
test,1364,4,3,200,50.0,50
test,1365,4,2,104,26.0,26
test,1366,4,3,168,42.0,42
test,1367,4,3,200,50.0,50
test,1368,4,3,232,58.0,58
test,1369,8,2,76,9.5,10
test,1370,4,2,72,18.0,18
test,1371,4,2,104,26.0,26
test,1372,4,2,104,26.0,26
test,1373,8,2,160,20.0,20
test,1374,4,3,200,50.0,50
test,1375,4,3,104,26.0,26
test,1376,4,3,232,58.0,58
test,1377,4,3,104,26.0,26
test,1378,4,3,232,58.0,58
test,1379,4,3,200,50.0,50
test,1380,24,2,1036,43.166666666666664,49
test,1381,32,2,456,14.25,16
test,1382,28,2,712,25.428571428571427,30
test,1383,24,2,1308,54.5,64
test,1384,24,2,624,26.0,29
test,1385,28,2,760,27.142857142857142,30
test,1386,4,3,232,58.0,58
test,1387,4,3,232,58.0,58
test,1388,4,3,200,50.0,50
test,1389,4,2,104,26.0,26
test,1390,4,3,104,26.0,26
test,1391,4,3,232,58.0,58
test,1392,4,3,104,26.0,26
test,1393,4,2,56,14.0,14
test,1394,4,3,104,26.0,26
test,1395,8,4,604,75.5,80
test,1396,4,3,232,58.0,58
test,1397,4,2,104,26.0,26
test,1398,4,3,104,26.0,26
test,1399,4,3,104,26.0,26
test,1400,2,4,100,50.0,50
test,1401,4,3,232,58.0,58
test,1402,4,3,104,26.0,26
test,1403,4,3,200,50.0,50
test,1404,4,3,104,26.0,26
test,1405,3,3,128,42.666666666666664,44
test,1406,3,3,128,42.666666666666664,44
test,1407,3,3,64,21.333333333333332,22
test,1408,3,3,128,42.666666666666664,44
test,1409,3,3,64,21.333333333333332,22
test,1410,4,3,72,18.0,18
test,1411,4,3,104,26.0,26
test,1412,4,3,104,26.0,26
test,1413,2,3,40,20.0,20
test,1414,4,3,168,42.0,42
test,1415,4,3,104,26.0,26
test,1416,26,2,1580,60.76923076923077,65
test,1417,4,2,104,26.0,26
test,1418,4,2,72,18.0,18
test,1419,4,3,116,29.0,31
test,1420,4,3,104,26.0,26
test,1421,4,3,104,26.0,26
test,1422,4,3,200,50.0,50
test,1423,4,3,104,26.0,26
test,1424,4,3,232,58.0,58
test,1425,2,3,24,12.0,12
test,1426,4,3,136,34.0,34
test,1427,4,3,232,58.0,58
test,1428,4,3,104,26.0,26
test,1429,4,3,72,18.0,18
test,1430,4,3,104,26.0,26
test,1431,4,2,56,14.0,14
test,1432,4,3,48,12.0,12
test,1433,9,2,324,36.0,40
test,1434,4,3,104,26.0,26
test,1435,9,2,360,40.0,44
test,1436,4,3,104,26.0,26
test,1437,30,2,968,32.266666666666666,34
test,1438,24,2,1672,69.66666666666667,73
test,1439,8,2,224,28.0,30
test,1440,4,2,168,42.0,42
test,1441,4,3,48,12.0,12
test,1442,4,2,56,14.0,14
test,1443,4,2,72,18.0,18
test,1444,4,3,72,18.0,18
test,1445,4,3,104,26.0,26
test,1446,4,3,104,26.0,26
test,1447,8,2,400,50.0,50
test,1448,4,2,56,14.0,14
test,1449,8,2,304,38.0,38
test,1450,4,2,168,42.0,42
test,1451,4,3,104,26.0,26
test,1452,4,3,168,42.0,42
test,1453,4,2,72,18.0,18
test,1454,32,2,1008,31.5,32
test,1455,4,3,168,42.0,42
test,1456,8,2,144,18.0,18
test,1457,4,3,168,42.0,42
test,1458,4,2,72,18.0,18
test,1459,5,2,310,62.0,64
test,1460,4,2,104,26.0,26
test,1461,4,3,232,58.0,58
test,1462,19,3,510,26.842105263157894,34
test,1463,4,3,104,26.0,26
test,1464,4,3,232,58.0,58
test,1465,28,2,1580,56.42857142857143,59
test,1466,4,3,200,50.0,50
test,1467,19,2,840,44.21052631578947,46
test,1468,4,3,104,26.0,26
test,1469,4,3,104,26.0,26
test,1470,4,2,104,26.0,26
test,1471,4,3,72,18.0,18
test,1472,4,3,104,26.0,26
test,1473,4,2,72,18.0,18
test,1474,4,3,72,18.0,18
test,1475,4,2,104,26.0,26
test,1476,4,3,72,18.0,18
test,1477,4,2,56,14.0,14
test,1478,4,3,104,26.0,26
test,1479,4,3,150,37.5,40
test,1480,4,2,72,18.0,18
test,1481,4,3,104,26.0,26
test,1482,4,3,200,50.0,50
test,1483,8,2,256,32.0,32
test,1484,4,3,104,26.0,26
test,1485,4,3,168,42.0,42
test,1486,4,3,168,42.0,42
test,1487,5,2,250,50.0,52
test,1488,4,2,104,26.0,26
test,1489,8,2,364,45.5,47
test,1490,4,3,104,26.0,26
test,1491,4,3,104,26.0,26
test,1492,8,2,400,50.0,50
test,1493,4,2,168,42.0,42
test,1494,4,3,104,26.0,26
test,1495,27,2,472,17.48148148148148,19
test,1496,4,4,248,62.0,62
test,1497,4,2,56,14.0,14
test,1498,4,2,104,26.0,26
test,1499,4,3,72,18.0,18
test,1500,4,3,232,58.0,58
test,1501,8,2,132,16.5,18
test,1502,4,2,168,42.0,42
test,1503,8,2,132,16.5,18
test,1504,8,3,268,33.5,38
test,1505,40,2,1248,31.2,32
test,1506,10,2,212,21.2,26
test,1507,10,2,206,20.6,26
test,1508,10,2,158,15.8,20
test,1509,10,2,452,45.2,48
test,1510,10,2,260,26.0,44
test,1511,5,3,254,50.8,53
test,1512,20,2,800,40.0,43
test,1513,8,2,304,38.0,40
test,1514,4,3,204,51.0,56
test,1515,8,3,336,42.0,45
test,1516,5,2,76,15.2,20
test,1517,5,2,154,30.8,44
test,1518,5,2,154,30.8,44
test,1519,10,2,220,22.0,22
test,1520,10,2,196,19.6,22
test,1521,10,3,232,23.2,26
test,1522,1,3,18,18.0,18
test,1523,1,4,18,18.0,18
test,1524,4,3,232,58.0,58
test,1525,4,3,152,38.0,38
test,1526,4,3,212,53.0,54
test,1527,4,4,268,67.0,72
test,1528,4,3,100,25.0,26
test,1529,4,3,124,31.0,31
test,1530,4,3,148,37.0,38
test,1531,4,2,72,18.0,18
test,1532,2,3,92,46.0,46
test,1533,2,4,160,80.0,80
test,1534,2,2,52,26.0,26
test,1535,4,4,172,43.0,43
test,1536,32,2,1932,60.375,64
test,1537,16,2,692,43.25,46
test,1538,2,3,56,28.0,28
test,1539,4,3,106,26.5,28
test,1540,4,3,104,26.0,26
test,1541,4,3,180,45.0,45
test,1542,4,3,136,34.0,38
test,1543,4,3,200,50.0,50
test,1544,4,3,68,17.0,18
test,1545,4,3,132,33.0,35
test,1546,3,3,120,40.0,44
test,1547,3,3,64,21.333333333333332,22
test,1548,3,3,242,80.66666666666667,84
test,1549,2,4,76,38.0,38
test,1550,3,4,204,68.0,68
test,1551,2,2,52,26.0,26
test,1552,2,3,128,64.0,64
test,1553,2,4,128,64.0,64
test,1554,2,3,116,58.0,58
test,1555,3,3,64,21.333333333333332,22
test,1556,3,4,140,46.666666666666664,48
test,1557,3,3,192,64.0,68
test,1558,3,2,64,21.333333333333332,22
test,1559,3,3,50,16.666666666666668,18
test,1560,2,3,116,58.0,58
test,1561,2,3,92,46.0,46
test,1562,1,4,16,16.0,16
test,1563,3,3,70,23.333333333333332,25
test,1564,3,4,102,34.0,34
test,1565,3,3,66,22.0,23
test,1566,5,2,76,15.2,20
test,1567,5,2,106,21.2,26
test,1568,5,2,76,15.2,20
test,1569,4,3,228,57.0,59
test,1570,5,2,250,50.0,52
test,1571,5,2,310,62.0,64
test,1572,4,3,208,52.0,53
test,1573,4,4,228,57.0,58
test,1574,4,3,128,32.0,32
test,1575,2,4,164,82.0,82
test,1576,4,3,256,64.0,64
test,1577,3,4,102,34.0,34
test,1578,2,3,92,46.0,46
test,1579,3,4,78,26.0,26
test,1580,6,4,720,120.0,122
test,1581,6,3,144,24.0,26
test,1582,6,3,344,57.333333333333336,60
test,1583,6,3,354,59.0,68
test,1584,6,2,152,25.333333333333332,28
test,1585,6,2,270,45.0,50
test,1586,6,2,348,58.0,58
test,1587,3,3,82,27.333333333333332,28
test,1588,6,3,124,20.666666666666668,22
test,1589,8,2,632,79.0,82
test,1590,8,2,536,67.0,70
test,1591,10,3,500,50.0,52
test,1592,14,2,646,46.142857142857146,49
test,1593,12,2,848,70.66666666666667,72
test,1594,10,2,508,50.8,54
test,1595,10,3,288,28.8,30
test,1596,11,2,232,21.09090909090909,28
test,1597,2,3,112,56.0,56
test,1598,14,2,618,44.142857142857146,56
test,1599,6,3,264,44.0,44
test,1600,7,2,182,26.0,26
test,1601,7,3,318,45.42857142857143,48
test,1602,8,3,400,50.0,52
test,1603,8,2,312,39.0,40
test,1604,8,2,296,37.0,40
test,1605,12,2,628,52.333333333333336,56
test,1606,8,2,304,38.0,42
test,1607,2,3,52,26.0,26
test,1608,2,3,52,26.0,26
test,1609,2,2,52,26.0,26
test,1610,14,2,496,35.42857142857143,44
test,1611,9,2,348,38.666666666666664,43
test,1612,9,2,376,41.77777777777778,43
test,1613,14,3,740,52.857142857142854,58
test,1614,14,2,460,32.857142857142854,44
test,1615,12,2,442,36.833333333333336,39
test,1616,14,2,448,32.0,44
test,1617,14,2,728,52.0,56
test,1618,14,3,628,44.857142857142854,50
test,1619,1,4,46,46.0,46
test,1620,1,4,26,26.0,26
test,1621,3,3,96,32.0,36
test,1622,3,3,48,16.0,17
test,1623,4,3,104,26.0,26
test,1624,4,3,136,34.0,34
test,1625,4,3,152,38.0,44
test,1626,4,3,156,39.0,39
test,1627,4,3,104,26.0,26
test,1628,4,3,136,34.0,34
test,1629,4,3,68,17.0,18
test,1630,4,3,100,25.0,26
test,1631,5,3,134,26.8,30
test,1632,5,3,150,30.0,34
test,1633,5,2,76,15.2,20
test,1634,6,3,264,44.0,44
test,1635,6,3,144,24.0,26
test,1636,6,3,264,44.0,44
test,1637,6,3,318,53.0,62
test,1638,6,3,324,54.0,54
test,1639,3,4,156,52.0,56
test,1640,40,2,2000,50.0,52
test,1641,6,3,144,24.0,26
test,1642,6,3,210,35.0,36
test,1643,7,3,238,34.0,38
test,1644,8,2,312,39.0,40
test,1645,9,2,204,22.666666666666668,24
test,1646,8,2,224,28.0,30
test,1647,8,3,396,49.5,52
test,1648,8,2,256,32.0,32
test,1649,8,3,376,47.0,52
test,1650,9,2,276,30.666666666666668,34
test,1651,10,2,160,16.0,18
test,1652,8,2,218,27.25,38
test,1653,9,3,276,30.666666666666668,38
test,1654,10,2,364,36.4,38
test,1655,9,2,276,30.666666666666668,34
test,1656,8,2,262,32.75,38
test,1657,10,2,218,21.8,22
test,1658,9,2,324,36.0,40
test,1659,8,2,220,27.5,28
test,1660,10,2,212,21.2,26
test,1661,10,2,348,34.8,36
test,1662,3,3,58,19.333333333333332,20
test,1663,6,2,264,44.0,44
test,1664,8,3,400,50.0,52
test,1665,9,2,276,30.666666666666668,34
test,1666,8,2,124,15.5,16
test,1667,8,3,228,28.5,32
test,1668,10,2,360,36.0,36
test,1669,8,2,224,28.0,30
test,1670,8,3,384,48.0,48
test,1671,14,2,448,32.0,44
test,1672,21,2,1350,64.28571428571429,67
test,1673,2,3,52,26.0,26
test,1674,2,3,52,26.0,26
test,1675,4,3,112,28.0,28
test,1676,2,3,40,20.0,20
test,1677,2,3,52,26.0,26
test,1678,4,3,120,30.0,30
test,1679,2,3,52,26.0,26
test,1680,12,3,334,27.833333333333332,29
test,1681,12,3,298,24.833333333333332,26
test,1682,12,3,712,59.333333333333336,61
test,1683,12,2,224,18.666666666666668,20
test,1684,4,3,232,58.0,60
test,1685,10,3,836,83.6,86
test,1686,10,2,206,20.6,26
test,1687,2,3,34,17.0,17
test,1688,4,2,16,4.0,4
test,1689,5,2,310,62.0,64
test,1690,13,2,338,26.0,28
test,1691,13,2,342,26.307692307692307,29
test,1692,3,3,128,42.666666666666664,44
test,1693,3,3,64,21.333333333333332,22
test,1694,4,3,104,26.0,26
test,1695,8,2,250,31.25,38
test,1696,10,2,496,49.6,50
test,1697,20,2,952,47.6,50
test,1698,12,3,324,27.0,32
test,1699,12,3,584,48.666666666666664,50
test,1700,12,2,516,43.0,44
test,1701,12,2,268,22.333333333333332,24
test,1702,12,2,512,42.666666666666664,44
test,1703,12,2,368,30.666666666666668,33
test,1704,12,2,808,67.33333333333333,70
test,1705,12,2,328,27.333333333333332,29
test,1706,12,2,336,28.0,32
test,1707,12,2,328,27.333333333333332,29
test,1708,12,2,260,21.666666666666668,24
test,1709,12,2,336,28.0,32
test,1710,13,2,356,27.384615384615383,30
test,1711,12,2,348,29.0,31
test,1712,14,2,880,62.857142857142854,68
test,1713,15,2,472,31.466666666666665,33
test,1714,13,3,1210,93.07692307692308,96
test,1715,13,2,812,62.46153846153846,70
test,1716,14,3,430,30.714285714285715,32
test,1717,14,2,400,28.571428571428573,31
test,1718,14,3,396,28.285714285714285,31
test,1719,14,3,776,55.42857142857143,60
test,1720,20,2,440,22.0,24
test,1721,20,2,1088,54.4,58
test,1722,16,2,672,42.0,46
test,1723,16,2,1204,75.25,77
test,1724,20,2,460,23.0,31
test,1725,20,2,364,18.2,20
test,1726,20,2,428,21.4,22
test,1727,20,2,448,22.4,23
test,1728,20,2,484,24.2,26
test,1729,17,2,748,44.0,46
test,1730,10,2,158,15.8,20
test,1731,10,2,500,50.0,52
test,1732,10,2,452,45.2,48
test,1733,10,2,452,45.2,48
test,1734,10,2,212,21.2,26
test,1735,10,2,158,15.8,20
test,1736,10,2,206,20.6,26
test,1737,10,2,158,15.8,20
test,1738,10,2,158,15.8,20
test,1739,10,2,206,20.6,26
test,1740,10,2,158,15.8,20
test,1741,10,2,308,30.8,44
test,1742,10,2,308,30.8,44
test,1743,10,2,212,21.2,26
test,1744,10,2,212,21.2,26
test,1745,10,2,158,15.8,20
test,1746,10,2,158,15.8,20
test,1747,10,2,152,15.2,20
test,1748,10,2,152,15.2,20
test,1749,10,2,308,30.8,44
test,1750,10,2,350,35.0,44
test,1751,10,2,500,50.0,52
test,1752,10,2,158,15.8,20
test,1753,10,2,152,15.2,20
test,1754,10,2,206,20.6,26
test,1755,10,2,158,15.8,20
test,1756,10,2,500,50.0,52
test,1757,10,2,308,30.8,44
test,1758,10,2,302,30.2,44
test,1759,10,2,356,35.6,44
test,1760,10,2,212,21.2,26
test,1761,10,2,212,21.2,26
test,1762,10,2,260,26.0,44
test,1763,10,2,158,15.8,20
test,1764,10,2,212,21.2,26
test,1765,10,2,158,15.8,20
test,1766,10,2,212,21.2,26
test,1767,10,2,158,15.8,20
test,1768,10,2,158,15.8,20
test,1769,10,2,158,15.8,20
test,1770,10,2,158,15.8,20
test,1771,10,2,152,15.2,20
test,1772,10,2,452,45.2,48
test,1773,10,2,212,21.2,26
test,1774,10,2,452,45.2,48
test,1775,10,2,212,21.2,26
test,1776,10,2,158,15.8,20
test,1777,10,2,212,21.2,26
test,1778,10,2,212,21.2,26
test,1779,10,2,120,12.0,14
test,1780,10,2,152,15.2,20
test,1781,10,2,212,21.2,26
test,1782,10,2,152,15.2,20
test,1783,10,2,206,20.6,26
test,1784,10,2,206,20.6,26
test,1785,10,2,452,45.2,48
test,1786,10,2,500,50.0,52
test,1787,10,2,308,30.8,44
test,1788,10,2,158,15.8,20
test,1789,10,2,302,30.2,44
test,1790,10,2,254,25.4,44
test,1791,10,2,152,15.2,20
test,1792,10,2,158,15.8,20
test,1793,10,2,158,15.8,20
test,1794,10,2,158,15.8,20
test,1795,10,2,452,45.2,48
test,1796,10,2,356,35.6,44
test,1797,10,2,158,15.8,20
test,1798,10,2,152,15.2,20
test,1799,10,2,158,15.8,20
test,1800,10,2,152,15.2,20
test,1801,10,2,206,20.6,26
test,1802,10,2,158,15.8,20
test,1803,10,2,158,15.8,20
test,1804,10,2,308,30.8,44
test,1805,10,2,212,21.2,26
test,1806,10,2,206,20.6,26
test,1807,10,2,206,20.6,26
test,1808,10,2,152,15.2,20
test,1809,10,2,152,15.2,20
test,1810,10,2,158,15.8,20
test,1811,10,2,212,21.2,26
test,1812,10,2,158,15.8,20
test,1813,10,2,206,20.6,26
test,1814,10,2,158,15.8,20
test,1815,10,2,500,50.0,52
test,1816,10,2,356,35.6,44
test,1817,10,2,308,30.8,44
test,1818,10,2,308,30.8,44
test,1819,10,2,158,15.8,20
test,1820,10,2,158,15.8,20
test,1821,10,2,158,15.8,20
test,1822,10,2,158,15.8,20
test,1823,10,2,120,12.0,14
test,1824,10,2,152,15.2,20
test,1825,10,2,500,50.0,52
test,1826,10,2,330,33.0,35
test,1827,9,3,480,53.333333333333336,56
test,1828,7,3,270,38.57142857142857,42
test,1829,26,3,1364,52.46153846153846,61
test,1830,8,3,208,26.0,26
test,1831,8,3,208,26.0,26
test,1832,10,3,388,38.8,42
test,1833,20,2,1008,50.4,53
test,1834,4,4,186,46.5,48
test,1835,11,2,440,40.0,44
test,1836,22,2,1212,55.09090909090909,58
test,1837,8,3,204,25.5,26
test,1838,11,2,488,44.36363636363637,48
test,1839,5,2,238,47.6,49
test,1840,10,3,830,83.0,85
test,1841,1,4,12,12.0,12
test,1842,4,2,88,22.0,24
test,1843,6,3,108,18.0,20
test,1844,9,2,284,31.555555555555557,36
test,1845,20,2,1000,50.0,52
test,1846,2,3,16,8.0,8
test,1847,16,2,284,17.75,19
test,1848,9,2,284,31.555555555555557,36
test,1849,20,2,1136,56.8,58
test,1850,5,2,250,50.0,52
test,1851,4,2,104,26.0,26
test,1852,4,3,56,14.0,14
test,1853,4,3,72,18.0,18
test,1854,8,2,96,12.0,12
test,1855,4,2,168,42.0,42
test,1856,4,3,232,58.0,58
test,1857,5,2,250,50.0,52
test,1858,4,3,200,50.0,50
test,1859,4,3,188,47.0,47
test,1860,4,3,200,50.0,50
test,1861,4,3,168,42.0,42
test,1862,4,3,168,42.0,42
test,1863,4,3,232,58.0,58
test,1864,4,3,168,42.0,42
test,1865,8,2,304,38.0,38
test,1866,4,3,104,26.0,26
test,1867,4,3,72,18.0,18
test,1868,8,2,448,56.0,56
test,1869,4,2,48,12.0,12
test,1870,4,2,56,14.0,14
test,1871,8,2,96,12.0,12
test,1872,4,3,48,12.0,12
test,1873,4,4,280,70.0,70
test,1874,5,3,370,74.0,86
test,1875,4,3,232,58.0,58
test,1876,4,2,72,18.0,18
test,1877,4,2,56,14.0,14
test,1878,8,2,256,32.0,32
test,1879,5,3,370,74.0,86
test,1880,4,2,72,18.0,18
test,1881,8,2,160,20.0,20
test,1882,10,2,380,38.0,38
test,1883,4,3,200,50.0,50
test,1884,4,3,104,26.0,26
test,1885,4,3,104,26.0,26
test,1886,4,3,104,26.0,26
test,1887,4,2,168,42.0,42
test,1888,4,3,184,46.0,46
test,1889,4,3,168,42.0,42
test,1890,4,3,168,42.0,42
test,1891,4,3,128,32.0,32
test,1892,8,2,304,38.0,38
test,1893,4,3,72,18.0,18
test,1894,4,3,104,26.0,26
test,1895,4,2,72,18.0,18
test,1896,4,3,104,26.0,26
test,1897,4,2,72,18.0,18
test,1898,4,3,72,18.0,18
test,1899,4,2,104,26.0,26
test,1900,8,2,144,18.0,18
test,1901,5,2,250,50.0,52
test,1902,4,2,56,14.0,14
test,1903,4,2,48,12.0,12
test,1904,2,3,24,12.0,12
test,1905,4,2,168,42.0,42
test,1906,4,3,232,58.0,58
test,1907,8,2,376,47.0,50
test,1908,5,3,466,93.2,98
test,1909,2,4,112,56.0,56
test,1910,4,3,104,26.0,26
test,1911,4,3,104,26.0,26
test,1912,4,2,104,26.0,26
test,1913,4,2,104,26.0,26
test,1914,4,3,104,26.0,26
test,1915,8,2,144,18.0,18
test,1916,8,2,304,38.0,38
test,1917,20,2,608,30.4,32
test,1918,4,3,72,18.0,18
test,1919,4,3,168,42.0,42
test,1920,5,2,310,62.0,64
test,1921,4,3,200,50.0,50
test,1922,4,2,168,42.0,42
test,1923,4,3,104,26.0,26
test,1924,8,2,144,18.0,18
test,1925,4,4,304,76.0,76
test,1926,4,3,104,26.0,26
test,1927,5,3,466,93.2,98
test,1928,4,3,200,50.0,50
test,1929,4,3,200,50.0,50
test,1930,4,3,232,58.0,58
test,1931,29,2,716,24.689655172413794,29
test,1932,4,3,72,18.0,18
test,1933,8,2,304,38.0,38
test,1934,8,2,160,20.0,20
test,1935,2,3,24,12.0,12
test,1936,4,3,104,26.0,26
test,1937,8,2,400,50.0,50
test,1938,8,2,448,56.0,56
test,1939,4,3,72,18.0,18
test,1940,4,2,72,18.0,18
test,1941,4,2,104,26.0,26
test,1942,5,2,250,50.0,52
test,1943,4,2,104,26.0,26
test,1944,4,3,72,18.0,18
test,1945,4,2,104,26.0,26
test,1946,8,2,144,18.0,18
test,1947,4,3,72,18.0,18
test,1948,4,3,64,16.0,16
test,1949,4,2,72,18.0,18
test,1950,4,3,104,26.0,26
test,1951,8,2,160,20.0,20
test,1952,4,3,200,50.0,50
test,1953,4,2,48,12.0,12
test,1954,4,2,32,8.0,8
test,1955,4,2,104,26.0,26
test,1956,8,2,192,24.0,24
test,1957,29,2,1028,35.44827586206897,40
test,1958,4,3,104,26.0,26
test,1959,4,3,104,26.0,26
test,1960,4,3,72,18.0,18
test,1961,4,2,104,26.0,26
test,1962,4,2,168,42.0,42
test,1963,4,2,104,26.0,26
test,1964,4,2,72,18.0,18
test,1965,5,2,250,50.0,52
test,1966,4,3,200,50.0,50
test,1967,4,2,168,42.0,42
test,1968,4,2,72,18.0,18
test,1969,4,3,72,18.0,18
test,1970,4,3,72,18.0,18
test,1971,4,3,72,18.0,18
test,1972,4,3,168,42.0,42
test,1973,4,2,72,18.0,18
test,1974,4,2,104,26.0,26
test,1975,4,3,152,38.0,38
test,1976,4,3,104,26.0,26
test,1977,4,2,72,18.0,18
test,1978,4,3,72,18.0,18
test,1979,4,3,104,26.0,26
test,1980,4,3,104,26.0,26
test,1981,4,3,104,26.0,26
test,1982,4,3,136,34.0,34
test,1983,4,3,104,26.0,26
test,1984,4,3,104,26.0,26
test,1985,4,3,104,26.0,26
test,1986,4,3,72,18.0,18
test,1987,4,3,200,50.0,50
test,1988,4,2,56,14.0,14
test,1989,4,2,56,14.0,14
test,1990,4,3,56,14.0,14
test,1991,4,3,232,58.0,58
test,1992,4,3,104,26.0,26
test,1993,4,3,104,26.0,26
test,1994,4,3,104,26.0,26
test,1995,4,2,72,18.0,18
test,1996,4,2,72,18.0,18
test,1997,4,2,72,18.0,18
test,1998,4,2,104,26.0,26
test,1999,4,2,72,18.0,18
test,2000,4,3,72,18.0,18
test,2001,4,2,168,42.0,42
test,2002,4,3,200,50.0,50
test,2003,4,3,104,26.0,26
test,2004,4,3,168,42.0,42
test,2005,4,2,168,42.0,42
test,2006,4,2,72,18.0,18
test,2007,4,3,72,18.0,18
test,2008,4,2,72,18.0,18
test,2009,4,3,64,16.0,16
test,2010,2,3,40,20.0,20
test,2011,4,3,104,26.0,26
test,2012,4,3,232,58.0,58
test,2013,4,3,232,58.0,58
test,2014,4,3,104,26.0,26
test,2015,4,2,56,14.0,14
test,2016,4,2,104,26.0,26
test,2017,4,3,72,18.0,18
test,2018,4,2,168,42.0,42
test,2019,4,3,104,26.0,26
test,2020,4,3,104,26.0,26
test,2021,4,2,104,26.0,26
test,2022,4,3,104,26.0,26
test,2023,4,3,232,58.0,58
test,2024,4,3,168,42.0,42
test,2025,4,3,136,34.0,34
test,2026,2,4,100,50.0,50
test,2027,20,2,536,26.8,29
test,2028,20,2,428,21.4,22
test,2029,18,2,324,18.0,22
test,2030,20,2,608,30.4,32
test,2031,16,2,648,40.5,42
test,2032,16,2,524,32.75,35
test,2033,20,2,552,27.6,31
test,2034,16,2,444,27.75,33
test,2035,20,2,448,22.4,23
test,2036,22,2,564,25.636363636363637,30
test,2037,23,2,1200,52.17391304347826,55
test,2038,24,2,648,27.0,33
test,2039,22,2,584,26.545454545454547,28
test,2040,24,3,1712,71.33333333333333,78
test,2041,23,2,886,38.52173913043478,50
test,2042,24,3,632,26.333333333333332,27
test,2043,30,3,1564,52.13333333333333,56
test,2044,28,2,744,26.571428571428573,28
test,2045,30,3,1588,52.93333333333333,57
test,2046,28,2,568,20.285714285714285,24
test,2047,28,2,424,15.142857142857142,16
test,2048,24,2,504,21.0,23
test,2049,30,2,1644,54.8,58
test,2050,28,2,608,21.714285714285715,24
test,2051,30,2,876,29.2,31
test,2052,28,2,744,26.571428571428573,28
test,2053,29,2,1354,46.689655172413794,51
test,2054,28,2,680,24.285714285714285,28
test,2055,32,2,768,24.0,25
test,2056,36,2,1452,40.333333333333336,41
test,2057,16,2,452,28.25,33
test,2058,36,2,1648,45.77777777777778,49
test,2059,40,2,936,23.4,30
test,2060,40,2,1676,41.9,50
test,2061,36,2,1480,41.111111111111114,45
test,2062,36,2,1600,44.44444444444444,52
test,2063,32,2,552,17.25,20
test,2064,36,2,504,14.0,15
test,2065,32,2,1896,59.25,63
test,2066,40,2,2176,54.4,60
test,2067,32,2,1104,34.5,40
test,2068,20,2,912,45.6,51
test,2069,10,2,356,35.6,44
test,2070,10,2,356,35.6,44
test,2071,10,2,192,19.2,20
test,2072,10,2,212,21.2,23
test,2073,9,2,252,28.0,32
test,2074,10,2,156,15.6,20
test,2075,5,2,250,50.0,52
test,2076,6,3,264,44.0,44
test,2077,10,2,356,35.6,44
test,2078,8,2,344,43.0,46
test,2079,4,3,150,37.5,40
test,2080,3,3,96,32.0,32
test,2081,3,3,64,21.333333333333332,22
test,2082,3,3,64,21.333333333333332,22
test,2083,3,3,132,44.0,44
test,2084,8,2,146,18.25,19
test,2085,5,2,250,50.0,52
test,2086,3,3,64,21.333333333333332,22
test,2087,3,3,64,21.333333333333332,22
test,2088,10,3,244,24.4,28
test,2089,5,2,52,10.4,16
test,2090,3,3,64,21.333333333333332,22
test,2091,2,3,100,50.0,50
test,2092,12,2,308,25.666666666666668,27
test,2093,3,3,96,32.0,32
test,2094,32,2,616,19.25,21
test,2095,5,2,76,15.2,20
test,2096,5,2,76,15.2,20
test,2097,19,3,966,50.8421052631579,59
test,2098,12,2,328,27.333333333333332,31
test,2099,20,2,1016,50.8,52
test,2100,16,2,1036,64.75,70
test,2101,14,2,522,37.285714285714285,39
test,2102,14,2,558,39.857142857142854,43
test,2103,10,2,112,11.2,13
test,2104,32,2,632,19.75,22
test,2105,22,2,1154,52.45454545454545,56
test,2106,14,3,508,36.285714285714285,44
test,2107,12,2,392,32.666666666666664,34
test,2108,12,3,348,29.0,32
test,2109,3,3,60,20.0,20
test,2110,10,2,216,21.6,22
test,2111,18,2,592,32.888888888888886,42
test,2112,32,2,624,19.5,22
test,2113,14,2,616,44.0,47
test,2114,6,2,192,32.0,32
test,2115,5,2,52,10.4,16
test,2116,10,2,192,19.2,20
test,2117,15,2,750,50.0,52
test,2118,10,2,436,43.6,45
test,2119,10,2,500,50.0,52
test,2120,2,3,76,38.0,38
test,2121,4,3,224,56.0,56
test,2122,4,3,236,59.0,62
test,2123,4,3,320,80.0,80
test,2124,4,3,112,28.0,28
test,2125,4,2,112,28.0,28
test,2126,4,3,232,58.0,58
test,2127,4,3,118,29.5,31
test,2128,4,3,112,28.0,28
test,2129,4,3,176,44.0,46
test,2130,4,3,182,45.5,47
test,2131,4,4,152,38.0,38
test,2132,5,3,176,35.2,39
test,2133,8,3,224,28.0,28
test,2134,7,2,160,22.857142857142858,24
test,2135,4,3,224,56.0,61
test,2136,2,4,108,54.0,54
test,2137,3,3,96,32.0,32
test,2138,4,2,104,26.0,26
test,2139,5,3,108,21.6,22
test,2140,4,3,192,48.0,50
test,2141,4,4,320,80.0,80
test,2142,4,3,172,43.0,44
test,2143,10,3,540,54.0,56
test,2144,3,3,54,18.0,18
test,2145,4,3,88,22.0,24
test,2146,4,2,104,26.0,26
test,2147,3,3,174,58.0,58
test,2148,4,4,214,53.5,56
test,2149,8,2,212,26.5,28
test,2150,3,3,96,32.0,32
test,2151,2,3,24,12.0,12
test,2152,15,2,750,50.0,52
test,2153,20,2,1012,50.6,54
test,2154,10,2,500,50.0,52
test,2155,4,3,104,26.0,29
test,2156,8,2,188,23.5,25
test,2157,6,2,292,48.666666666666664,50
test,2158,3,3,96,32.0,32
test,2159,4,3,140,35.0,35
test,2160,22,2,1076,48.90909090909091,52
test,2161,12,2,432,36.0,38
test,2162,20,2,464,23.2,26
test,2163,2,4,84,42.0,42
test,2164,5,3,158,31.6,32
test,2165,2,4,108,54.0,54
test,2166,6,2,192,32.0,32
test,2167,2,4,112,56.0,56
test,2168,3,4,126,42.0,42
test,2169,8,2,316,39.5,40
test,2170,4,4,188,47.0,50
test,2171,8,2,316,39.5,40
test,2172,4,3,228,57.0,58
test,2173,4,2,104,26.0,26
test,2174,5,3,262,52.4,54
test,2175,4,2,104,26.0,26
test,2176,4,3,104,26.0,26
test,2177,24,2,1232,51.333333333333336,55
test,2178,8,2,208,26.0,26
test,2179,2,3,116,58.0,58
test,2180,4,4,174,43.5,45
test,2181,2,3,40,20.0,20
test,2182,2,3,36,18.0,18
test,2183,6,2,270,45.0,50
test,2184,6,2,270,45.0,50
test,2185,15,2,768,51.2,54
test,2186,16,3,768,48.0,50
test,2187,5,2,190,38.0,41
test,2188,2,4,84,42.0,42
test,2189,4,2,104,26.0,26
test,2190,4,2,112,28.0,28
test,2191,4,3,112,28.0,28
test,2192,3,3,96,32.0,32
test,2193,4,2,104,26.0,26
test,2194,4,3,88,22.0,25
test,2195,6,3,132,22.0,23
test,2196,8,3,386,48.25,49
test,2197,5,3,108,21.6,22
test,2198,11,2,446,40.54545454545455,44
test,2199,9,2,224,24.88888888888889,25
test,2200,14,2,618,44.142857142857146,49
test,2201,35,2,796,22.742857142857144,30
test,2202,14,2,556,39.714285714285715,43
test,2203,6,2,264,44.0,44
test,2204,6,4,492,82.0,86
test,2205,4,3,260,65.0,68
test,2206,6,2,264,44.0,44
test,2207,4,3,104,26.0,26
test,2208,12,3,588,49.0,52
test,2209,5,3,230,46.0,50
test,2210,5,3,244,48.8,50
test,2211,4,3,236,59.0,62
test,2212,10,3,560,56.0,56
test,2213,8,2,224,28.0,28
test,2214,6,2,264,44.0,44
test,2215,14,2,588,42.0,44
test,2216,14,2,588,42.0,44
test,2217,6,3,270,45.0,50
test,2218,6,3,270,45.0,50
test,2219,4,2,72,18.0,18
test,2220,4,3,124,31.0,31
test,2221,12,2,470,39.166666666666664,41
test,2222,4,3,152,38.0,41
test,2223,2,4,108,54.0,54
test,2224,12,2,480,40.0,41
test,2225,4,4,364,91.0,91
test,2226,8,3,392,49.0,50
test,2227,4,2,56,14.0,14
test,2228,14,2,640,45.714285714285715,50
test,2229,6,3,188,31.333333333333332,32
test,2230,6,3,292,48.666666666666664,50
test,2231,12,2,528,44.0,44
test,2232,8,2,216,27.0,28
test,2233,12,2,574,47.833333333333336,50
test,2234,6,3,192,32.0,32
test,2235,8,3,212,26.5,28
test,2236,10,3,262,26.2,28
test,2237,4,4,128,32.0,32
test,2238,16,2,640,40.0,42
test,2239,12,3,584,48.666666666666664,50
test,2240,6,2,192,32.0,32
test,2241,7,4,352,50.285714285714285,51
test,2242,6,2,192,32.0,32
test,2243,14,2,704,50.285714285714285,51
test,2244,42,2,2220,52.857142857142854,58
test,2245,24,2,1168,48.666666666666664,52
test,2246,12,3,616,51.333333333333336,56
test,2247,4,3,142,35.5,37
test,2248,4,3,84,21.0,21
test,2249,10,2,500,50.0,52
test,2250,13,3,508,39.07692307692308,50
test,2251,5,3,114,22.8,26
test,2252,7,2,150,21.428571428571427,23
test,2253,14,3,840,60.0,70
test,2254,6,3,192,32.0,32
test,2255,14,2,596,42.57142857142857,50
test,2256,13,2,640,49.23076923076923,52
test,2257,5,2,232,46.4,50
test,2258,42,2,1656,39.42857142857143,45
test,2259,10,2,500,50.0,52
test,2260,10,2,500,50.0,52
test,2261,6,4,408,68.0,70
test,2262,5,3,150,30.0,34
test,2263,8,3,412,51.5,53
test,2264,4,3,232,58.0,58
test,2265,12,2,432,36.0,38
test,2266,21,2,1088,51.80952380952381,55
test,2267,8,2,380,47.5,49
test,2268,8,3,224,28.0,28
test,2269,8,3,520,65.0,67
test,2270,11,2,374,34.0,36
test,2271,4,3,90,22.5,26
test,2272,7,3,156,22.285714285714285,24
test,2273,8,3,208,26.0,26
test,2274,8,3,206,25.75,26
test,2275,20,2,488,24.4,26
test,2276,12,2,392,32.666666666666664,36
test,2277,4,3,76,19.0,21
test,2278,5,2,254,50.8,52
test,2279,14,2,688,49.142857142857146,50
test,2280,8,2,240,30.0,32
test,2281,18,2,896,49.77777777777778,55
test,2282,10,3,488,48.8,56
test,2283,9,2,450,50.0,55
test,2284,13,2,856,65.84615384615384,68
test,2285,9,2,466,51.77777777777778,53
test,2286,14,2,712,50.857142857142854,56
