split,group,sample_index_a,sample_index_b,mpid_a,mpid_b,reduced_group,primary_valid
train,55:1,0,13321,mp-aaaaaaab,mp-aaacicbc,55:1,False
train,55:1,0,15491,mp-aaaaaaab,mp-aaacpjas,55:1,False
train,55:2,1,3876,mp-aaaaaaad,mp-aaaaarnc,55:1,False
train,60:1,2,98,mp-aaaaaaae,mp-aaaaaagd,60:1,False
train,52:3,9,8866,mp-aaaaaaat,mp-aaabghft,52:1,False
train,52:3,9,9203,mp-aaaaaaat,mp-aaabglwt,52:1,False
train,20:1,10,24,mp-aaaaaaav,mp-aaaaaabt,20:1,False
train,20:1,10,102,mp-aaaaaaav,mp-aaaaaagk,20:1,False
train,20:1,10,3497,mp-aaaaaaav,mp-aaaaapux,20:1,False
train,20:1,10,15372,mp-aaaaaaav,mp-aaacpirn,20:1,False
train,6:8,11,8993,mp-aaaaaaay,mp-aaabgivy,6:1,False
train,6:8,11,9149,mp-aaaaaaay,mp-aaabglfe,6:1,False
train,6:8,11,9402,mp-aaaaaaay,mp-aaabgzwf,6:1,False
train,7:8,12,94,mp-aaaaaaaz,mp-aaaaaafy,7:1,False
train,14:1,14,18,mp-aaaaaabb,mp-aaaaaabi,14:1,False
train,14:1,14,12922,mp-aaaaaabb,mp-aaacfsie,14:1,False
train,14:1,14,13328,mp-aaaaaabb,mp-aaaciczr,14:1,False
train,58:1,15,3264,mp-aaaaaabc,mp-aaaaaovo,58:1,False
train,29:1,16,12554,mp-aaaaaabe,mp-aaacevqw,29:1,False
train,29:1,16,12872,mp-aaaaaabe,mp-aaacfmhk,29:1,False
train,14:1,18,12922,mp-aaaaaabi,mp-aaacfsie,14:1,False
train,14:1,18,13328,mp-aaaaaabi,mp-aaaciczr,14:1,False
train,21:1,19,3476,mp-aaaaaabk,mp-aaaaapth,21:1,False
train,21:1,19,13327,mp-aaaaaabk,mp-aaacicrm,21:1,False
train,90:1,20,3710,mp-aaaaaabl,mp-aaaaaquh,90:1,False
train,81:1,22,92,mp-aaaaaabn,mp-aaaaaafv,81:1,False
train,20:1,24,102,mp-aaaaaabt,mp-aaaaaagk,20:1,False
train,20:1,24,3497,mp-aaaaaabt,mp-aaaaapux,20:1,False
train,20:1,24,15372,mp-aaaaaabt,mp-aaacpirn,20:1,False
train,6:4,26,27,mp-aaaaaabv,mp-aaaaaabw,6:1,False
train,6:4,26,9075,mp-aaaaaabv,mp-aaabgkei,6:1,False
train,6:4,26,12463,mp-aaaaaabv,mp-aaacejdg,6:1,False
train,6:4,26,12515,mp-aaaaaabv,mp-aaacetde,6:1,False
train,6:4,26,12745,mp-aaaaaabv,mp-aaacfjrq,6:1,False
train,6:4,26,12746,mp-aaaaaabv,mp-aaacfjsl,6:1,False
train,6:4,26,13006,mp-aaaaaabv,mp-aaacfybg,6:1,False
train,6:4,27,9075,mp-aaaaaabw,mp-aaabgkei,6:1,False
train,6:4,27,12463,mp-aaaaaabw,mp-aaacejdg,6:1,False
train,6:4,27,12515,mp-aaaaaabw,mp-aaacetde,6:1,False
train,6:4,27,12745,mp-aaaaaabw,mp-aaacfjrq,6:1,False
train,6:4,27,12746,mp-aaaaaabw,mp-aaacfjsl,6:1,False
train,6:4,27,13006,mp-aaaaaabw,mp-aaacfybg,6:1,False
train,73:1,29,2334,mp-aaaaaaby,mp-aaaaakis,73:1,False
train,3:1,30,81,mp-aaaaaabz,mp-aaaaaaff,3:1,False
train,15:1,31,9918,mp-aaaaaacb,mp-aaabmjhe,15:1,False
train,50:1,33,2382,mp-aaaaaacd,mp-aaaaakpm,50:1,False
train,50:1,33,9526,mp-aaaaaacd,mp-aaabjmjf,50:1,False
train,50:1,33,13163,mp-aaaaaacd,mp-aaacgexp,50:1,False
train,50:1,33,13325,mp-aaaaaacd,mp-aaacicpg,50:1,False
train,56:2,34,12743,mp-aaaaaace,mp-aaacfjod,56:1,False
train,56:2,34,13342,mp-aaaaaace,mp-aaacifyr,56:1,False
train,56:2,34,13903,mp-aaaaaace,mp-aaackkoe,56:1,False
train,19:1,35,3315,mp-aaaaaacg,mp-aaaaapar,19:1,False
train,19:1,35,12552,mp-aaaaaacg,mp-aaacevqn,19:1,False
train,19:1,35,13323,mp-aaaaaacg,mp-aaacicel,19:1,False
train,59:1,36,60,mp-aaaaaacl,mp-aaaaaadt,59:1,False
train,59:1,36,9043,mp-aaaaaacl,mp-aaabgjqg,59:1,False
train,6:2,38,104,mp-aaaaaaco,mp-aaaaaagn,6:1,False
train,6:2,38,9033,mp-aaaaaaco,mp-aaabgjle,6:1,False
train,6:2,38,9701,mp-aaaaaaco,mp-aaabjzkj,6:1,False
train,6:2,38,11566,mp-aaaaaaco,mp-aaacbjfs,6:1,False
train,6:2,38,12465,mp-aaaaaaco,mp-aaacejee,6:1,False
train,6:2,38,13258,mp-aaaaaaco,mp-aaachfcj,6:1,False
train,6:2,38,13333,mp-aaaaaaco,mp-aaacidof,6:1,False
train,6:2,38,13933,mp-aaaaaaco,mp-aaackmai,6:1,False
train,37:1,40,4032,mp-aaaaaacs,mp-aaaaasrs,37:1,False
train,37:1,40,9744,mp-aaaaaacs,mp-aaabkkjz,37:1,False
train,37:1,40,11932,mp-aaaaaacs,mp-aaacdnbz,37:1,False
train,70:1,41,100,mp-aaaaaact,mp-aaaaaagg,70:1,False
train,22:1,43,2333,mp-aaaaaacv,mp-aaaaakir,22:1,False
train,41:1,45,2875,mp-aaaaaacx,mp-aaaaamue,41:1,False
train,38:1,46,59,mp-aaaaaacy,mp-aaaaaadr,38:1,False
train,38:1,46,9746,mp-aaaaaacy,mp-aaabkkks,38:1,False
train,38:1,46,15098,mp-aaaaaacy,mp-aaacpcor,38:1,False
train,51:2,48,64,mp-aaaaaadc,mp-aaaaaaea,51:1,False
train,51:2,48,9697,mp-aaaaaadc,mp-aaabjzis,51:1,False
train,51:2,48,15101,mp-aaaaaadc,mp-aaacpczl,51:1,False
train,50:2,50,71,mp-aaaaaadg,mp-aaaaaaen,50:1,False
train,49:1,51,13322,mp-aaaaaadh,mp-aaacicde,49:1,False
train,49:1,51,15724,mp-aaaaaadh,mp-aaacpkew,49:1,False
train,24:2,55,13350,mp-aaaaaadl,mp-aaacigzx,24:1,False
train,24:1,56,2873,mp-aaaaaadm,mp-aaaaamub,24:1,False
train,14:2,57,91,mp-aaaaaado,mp-aaaaaaft,14:1,False
train,14:2,57,3482,mp-aaaaaado,mp-aaaaaptp,14:1,False
train,38:1,59,9746,mp-aaaaaadr,mp-aaabkkks,38:1,False
train,38:1,59,15098,mp-aaaaaadr,mp-aaacpcor,38:1,False
train,59:1,60,9043,mp-aaaaaadt,mp-aaabgjqg,59:1,False
train,51:2,64,9697,mp-aaaaaaea,mp-aaabjzis,51:1,False
train,51:2,64,15101,mp-aaaaaaea,mp-aaacpczl,51:1,False
train,52:4,65,13399,mp-aaaaaaeb,mp-aaaciokx,52:1,False
train,52:4,65,15093,mp-aaaaaaeb,mp-aaacpcai,52:1,False
train,92:1,66,12774,mp-aaaaaaee,mp-aaacfkcz,92:1,False
train,92:1,66,13507,mp-aaaaaaee,mp-aaacjhca,92:1,False
train,14:4,67,101,mp-aaaaaaef,mp-aaaaaagj,14:1,False
train,14:4,67,12600,mp-aaaaaaef,mp-aaacewcu,14:1,False
train,14:4,67,12654,mp-aaaaaaef,mp-aaaceyyj,14:1,False
train,12:1,68,13326,mp-aaaaaaeg,mp-aaacicqx,12:1,False
train,12:1,68,13329,mp-aaaaaaeg,mp-aaacidek,12:1,False
train,80:1,73,9074,mp-aaaaaaer,mp-aaabgkdt,80:1,False
train,80:1,73,10160,mp-aaaaaaer,mp-aaabqwjg,80:1,False
train,80:1,73,12257,mp-aaaaaaer,mp-aaacdxyu,80:1,False
train,80:1,73,12980,mp-aaaaaaer,mp-aaacfxxd,80:1,False
train,80:1,73,15743,mp-aaaaaaer,mp-aaacpkij,80:1,False
train,56:1,74,3494,mp-aaaaaaes,mp-aaaaaput,56:1,False
train,56:1,74,9455,mp-aaaaaaes,mp-aaabimdq,56:1,False
train,56:1,74,18703,mp-aaaaaaes,mp-aaaeinrv,56:1,False
train,15:2,78,2410,mp-aaaaaafa,mp-aaaaaksr,15:1,False
train,13:1,80,12550,mp-aaaaaafe,mp-aaacevps,13:1,False
train,38:2,84,3461,mp-aaaaaafj,mp-aaaaapsj,38:1,False
train,31:4,86,12734,mp-aaaaaafm,mp-aaacfixt,31:1,False
train,31:4,86,13445,mp-aaaaaafm,mp-aaacitsi,31:1,False
train,23:1,88,2872,mp-aaaaaafq,mp-aaaaamua,23:1,False
train,32:4,90,12728,mp-aaaaaafs,mp-aaacfiua,32:1,False
train,32:4,90,13441,mp-aaaaaafs,mp-aaacitih,32:1,False
train,14:2,91,3482,mp-aaaaaaft,mp-aaaaaptp,14:1,False
train,57:1,95,3263,mp-aaaaaaga,mp-aaaaaovn,57:1,False
train,5:12,99,9702,mp-aaaaaage,mp-aaabjznd,5:1,False
train,14:4,101,12600,mp-aaaaaagj,mp-aaacewcu,14:1,False
train,14:4,101,12654,mp-aaaaaagj,mp-aaaceyyj,14:1,False
train,20:1,102,3497,mp-aaaaaagk,mp-aaaaapux,20:1,False
train,20:1,102,15372,mp-aaaaaagk,mp-aaacpirn,20:1,False
train,14:8,103,9342,mp-aaaaaagm,mp-aaabgnlo,14:1,False
train,14:8,103,13657,mp-aaaaaagm,mp-aaacjkpl,14:1,False
train,6:2,104,9033,mp-aaaaaagn,mp-aaabgjle,6:1,False
train,6:2,104,9701,mp-aaaaaagn,mp-aaabjzkj,6:1,False
train,6:2,104,11566,mp-aaaaaagn,mp-aaacbjfs,6:1,False
train,6:2,104,12465,mp-aaaaaagn,mp-aaacejee,6:1,False
train,6:2,104,13258,mp-aaaaaagn,mp-aaachfcj,6:1,False
train,6:2,104,13333,mp-aaaaaagn,mp-aaacidof,6:1,False
train,6:2,104,13933,mp-aaaaaagn,mp-aaackmai,6:1,False
train,51:1|92:1,107,249,mp-aaaaaagv,mp-aaaaaatz,51:1|92:1,False
train,30:1|39:1,109,1080,mp-aaaaaagx,mp-aaaaadsu,30:1|39:1,False
train,48:1|58:1,112,3689,mp-aaaaaahb,mp-aaaaaqsh,48:1|58:1,False
train,28:2|52:2,122,3362,mp-aaaaaahv,mp-aaaaapeu,28:1|52:1,False
train,39:1|51:1,126,12558,mp-aaaaaaih,mp-aaacevrd,39:1|51:1,False
train,8:6|32:3,131,348,mp-aaaaaaip,mp-aaaaabcf,8:2|32:1,False
train,8:6|32:3,131,5417,mp-aaaaaaip,mp-aaaabexp,8:2|32:1,False
train,8:16|51:8,134,4287,mp-aaaaaaiw,mp-aaaaauni,8:2|51:1,False
train,8:16|51:8,134,8642,mp-aaaaaaiw,mp-aaabfwog,8:2|51:1,False
train,7:4|16:4,136,137,mp-aaaaaajb,mp-aaaaaajc,7:1|16:1,False
train,25:1|46:1,138,819,mp-aaaaaaje,mp-aaaaacve,25:1|46:1,False
train,9:3|22:1,142,9722,mp-aaaaaajm,mp-aaabkddz,9:3|22:1,False
train,7:1|73:1,145,639,mp-aaaaaajr,mp-aaaaaced,7:1|73:1,False
train,7:1|73:1,145,12866,mp-aaaaaajr,mp-aaacflvr,7:1|73:1,False
train,7:1|73:1,145,12867,mp-aaaaaajr,mp-aaacflvt,7:1|73:1,False
train,9:18|60:6,148,4949,mp-aaaaaaju,mp-aaaabbjz,9:3|60:1,False
train,7:1|57:1,149,4161,mp-aaaaaajw,mp-aaaaatlc,7:1|57:1,False
train,8:24|92:8,161,16862,mp-aaaaaali,mp-aaacqexu,8:3|92:1,False
train,52:1|62:1,172,3484,mp-aaaaaane,mp-aaaaapts,52:1|62:1,False
train,7:1|59:1,173,12843,mp-aaaaaanf,mp-aaacfloh,7:1|59:1,False
train,7:1|59:1,173,12844,mp-aaaaaanf,mp-aaacfloi,7:1|59:1,False
train,7:1|59:1,173,12847,mp-aaaaaanf,mp-aaacflor,7:1|59:1,False
train,8:8|72:4,177,353,mp-aaaaaano,mp-aaaaabcn,8:2|72:1,False
train,8:8|72:4,177,10007,mp-aaaaaano,mp-aaabmzlx,8:2|72:1,False
train,52:3|80:3,180,13485,mp-aaaaaanu,mp-aaaciysr,52:1|80:1,False
train,16:1|48:1,184,1058,mp-aaaaaaog,mp-aaaaadqz,16:1|48:1,False
train,30:2|34:2,188,9115,mp-aaaaaaoq,mp-aaabgkst,30:1|34:1,False
train,8:4|22:2,192,1142,mp-aaaaaapa,mp-aaaaadyf,8:2|22:1,False
train,8:4|22:2,192,7388,mp-aaaaaapa,mp-aaaabzie,8:2|22:1,False
train,28:1|30:1,211,645,mp-aaaaaaqn,mp-aaaaacfe,28:1|30:1,False
train,28:1|30:1,211,8941,mp-aaaaaaqn,mp-aaabgicl,28:1|30:1,False
train,8:8|22:4,212,633,mp-aaaaaaqo,mp-aaaaacdj,8:2|22:1,False
train,8:8|22:4,212,3011,mp-aaaaaaqo,mp-aaaaanov,8:2|22:1,False
train,8:8|22:4,212,6266,mp-aaaaaaqo,mp-aaaabljq,8:2|22:1,False
train,8:8|22:4,212,7954,mp-aaaaaaqo,mp-aaabfnyk,8:2|22:1,False
train,8:8|22:4,212,14047,mp-aaaaaaqo,mp-aaacktbj,8:2|22:1,False
train,8:8|22:4,212,18629,mp-aaaaaaqo,mp-aaadaxgi,8:2|22:1,False
train,8:8|22:4,212,18659,mp-aaaaaaqo,mp-aaadbslf,8:2|22:1,False
train,8:8|22:4,212,18671,mp-aaaaaaqo,mp-aaadcdgv,8:2|22:1,False
train,41:1|44:1,213,3777,mp-aaaaaaqq,mp-aaaaaray,41:1|44:1,False
train,24:6|78:2,219,15492,mp-aaaaaare,mp-aaacpjbd,24:3|78:1,False
train,9:6|13:2,227,15154,mp-aaaaaasa,mp-aaacphwg,9:3|13:1,False
train,8:4|32:2,228,13488,mp-aaaaaasc,mp-aaacizyu,8:2|32:1,False
train,7:8|32:6,232,4281,mp-aaaaaasi,mp-aaaaaumu,7:4|32:3,False
train,29:1|79:1,250,18164,mp-aaaaaauc,mp-aaacrtdl,29:1|79:1,False
train,16:6|31:4,259,7330,mp-aaaaaaut,mp-aaaabwgm,16:3|31:2,False
train,16:2|22:2,264,7978,mp-aaaaaauz,mp-aaabfofm,16:1|22:1,False
train,21:1|51:1,266,4120,mp-aaaaaavd,mp-aaaaatfj,21:1|51:1,False
train,6:6|7:8,273,856,mp-aaaaaavr,mp-aaaaacyj,6:3|7:4,False
train,6:6|7:8,273,8938,mp-aaaaaavr,mp-aaabgibt,6:3|7:4,False
train,6:6|7:8,273,14140,mp-aaaaaavr,mp-aaackvtb,6:3|7:4,False
train,22:1|28:1,279,12566,mp-aaaaaavz,mp-aaacevsz,22:1|28:1,False
train,28:2|33:2,287,1007,mp-aaaaaaws,mp-aaaaadmh,28:1|33:1,False
train,22:2|52:2,290,8931,mp-aaaaaaxb,mp-aaabghzs,22:1|52:1,False
train,16:3|80:3,307,3030,mp-aaaaaayk,mp-aaaaanrw,16:1|80:1,False
train,7:2|13:2,316,4180,mp-aaaaaazl,mp-aaaaatmw,7:1|13:1,False
train,28:2|34:2,317,9277,mp-aaaaaazm,mp-aaabgmsv,28:1|34:1,False
train,16:2|48:2,321,15133,mp-aaaaaazw,mp-aaacpgig,16:1|48:1,False
train,34:4|50:4,326,15099,mp-aaaaabap,mp-aaacpcpc,34:1|50:1,False
train,8:8|50:4,331,4116,mp-aaaaabav,mp-aaaaatfe,8:2|50:1,False
train,8:8|50:4,331,18625,mp-aaaaabav,mp-aaadatvw,8:2|50:1,False
train,8:8|50:4,331,18660,mp-aaaaabav,mp-aaadbtbi,8:2|50:1,False
train,33:1|57:1,334,5311,mp-aaaaabbg,mp-aaaabeig,33:1|57:1,False
train,8:16|34:8,343,9733,mp-aaaaabby,mp-aaabkhur,8:2|34:1,False
train,8:6|32:3,348,5417,mp-aaaaabcf,mp-aaaabexp,8:2|32:1,False
train,8:8|72:4,353,10007,mp-aaaaabcn,mp-aaabmzlx,8:2|72:1,False
train,15:1|67:1,356,12671,mp-aaaaabcq,mp-aaacfaal,15:1|67:1,False
train,13:1|25:1,366,3920,mp-aaaaabdr,mp-aaaaarwd,13:1|25:1,False
train,52:1|93:1,379,777,mp-aaaaabfb,mp-aaaaacsk,52:1|93:1,False
train,28:3|31:1,385,15589,mp-aaaaabfj,mp-aaacpjnu,28:3|31:1,False
train,14:1|28:3,392,17651,mp-aaaaabfw,mp-aaacrjrp,14:1|28:3,False
train,3:4|8:4,397,8460,mp-aaaaabgj,mp-aaabftxo,3:1|8:1,False
train,8:4|50:2,402,7838,mp-aaaaabgy,mp-aaabfhwm,8:2|50:1,False
train,8:4|50:2,402,10334,mp-aaaaabgy,mp-aaabqyzf,8:2|50:1,False
train,8:4|50:2,402,13268,mp-aaaaabgy,mp-aaachhki,8:2|50:1,False
train,14:4|20:2,403,1160,mp-aaaaabhe,mp-aaaaadzv,14:2|20:1,False
train,7:1|67:1,414,12672,mp-aaaaabhz,mp-aaacfaam,7:1|67:1,False
train,8:6|31:4,415,563,mp-aaaaabic,mp-aaaaabvv,8:3|31:2,False
train,6:1|41:1,422,12828,mp-aaaaabja,mp-aaacflhi,6:1|41:1,False
train,6:1|41:1,422,12829,mp-aaaaabja,mp-aaacflhj,6:1|41:1,False
train,15:16|48:8,423,3943,mp-aaaaabjd,mp-aaaaarxw,15:2|48:1,False
train,6:4|20:2,424,689,mp-aaaaabjh,mp-aaaaacip,6:2|20:1,False
train,6:4|20:2,424,9998,mp-aaaaabjh,mp-aaabmyvk,6:2|20:1,False
train,7:1|23:1,427,12677,mp-aaaaabjp,mp-aaacfakn,7:1|23:1,False
train,7:1|23:1,427,12989,mp-aaaaabjp,mp-aaacfxyx,7:1|23:1,False
train,32:1|52:1,434,1121,mp-aaaaabkc,mp-aaaaadwm,32:1|52:1,False
train,32:1|52:1,434,9913,mp-aaaaabkc,mp-aaabmhda,32:1|52:1,False
train,32:1|52:1,434,15057,mp-aaaaabkc,mp-aaacotan,32:1|52:1,False
train,30:1|52:1,437,937,mp-aaaaabkm,mp-aaaaadfs,30:1|52:1,False
train,8:1|19:2,445,17919,mp-aaaaablj,mp-aaacrqiq,8:1|19:2,False
train,16:12|69:8,447,992,mp-aaaaablm,mp-aaaaadkv,16:3|69:2,False
train,5:2|7:2,451,1140,mp-aaaaablw,mp-aaaaadyb,5:1|7:1,False
train,5:2|7:2,451,2674,mp-aaaaablw,mp-aaaaalvj,5:1|7:1,False
train,5:2|7:2,451,9438,mp-aaaaablw,mp-aaabifjz,5:1|7:1,False
train,5:2|7:2,451,9447,mp-aaaaablw,mp-aaabikuu,5:1|7:1,False
train,7:8|14:6,455,888,mp-aaaaabma,mp-aaaaadbv,7:4|14:3,False
train,7:8|14:6,455,3813,mp-aaaaabma,mp-aaaaarel,7:4|14:3,False
train,7:8|14:6,455,7477,mp-aaaaabma,mp-aaaaciiz,7:4|14:3,False
train,7:1|74:1,457,9069,mp-aaaaabmd,mp-aaabgkbk,7:1|74:1,False
train,7:1|74:1,457,12667,mp-aaaaabmd,mp-aaacezzw,7:1|74:1,False
train,15:1|39:1,460,4664,mp-aaaaabmg,mp-aaaaaytn,15:1|39:1,False
train,14:1|41:3,463,17754,mp-aaaaabmq,mp-aaacrlps,14:1|41:3,False
train,51:1|66:1,464,12803,mp-aaaaabmt,mp-aaacfkmu,51:1|66:1,False
train,28:1|80:1,465,13338,mp-aaaaabmu,mp-aaaciece,28:1|80:1,False
train,7:4|20:6,478,4167,mp-aaaaaboh,mp-aaaaatls,7:2|20:3,False
train,22:2|28:2,479,13438,mp-aaaaaboi,mp-aaacitct,22:1|28:1,False
train,34:1|48:1,483,1155,mp-aaaaabop,mp-aaaaadzn,34:1|48:1,False
train,51:1|57:1,490,3324,mp-aaaaaboz,mp-aaaaapbl,51:1|57:1,False
train,16:1|38:1,501,3468,mp-aaaaabpv,mp-aaaaapst,16:1|38:1,False
train,8:2|56:1,511,12710,mp-aaaaabqn,mp-aaacfhmc,8:2|56:1,False
train,16:1|80:1,517,3533,mp-aaaaabrf,mp-aaaaapya,16:1|80:1,False
train,3:1|9:1,523,12810,mp-aaaaabru,mp-aaacfkqb,3:1|9:1,False
train,8:6|13:4,525,2348,mp-aaaaabrz,mp-aaaaaklc,8:3|13:2,False
train,8:6|13:4,525,10249,mp-aaaaabrz,mp-aaabqxzl,8:3|13:2,False
train,8:6|13:4,525,10281,mp-aaaaabrz,mp-aaabqyia,8:3|13:2,False
train,15:1|68:1,526,12699,mp-aaaaabsa,mp-aaacfapc,15:1|68:1,False
train,31:1|51:1,532,9997,mp-aaaaabsm,mp-aaabmyvg,31:1|51:1,False
train,31:1|51:1,532,18067,mp-aaaaabsm,mp-aaacrrvd,31:1|51:1,False
train,14:6|24:3,557,3639,mp-aaaaabva,mp-aaaaaqol,14:2|24:1,False
train,34:1|56:1,570,3495,mp-aaaaabwf,mp-aaaaapuu,34:1|56:1,False
train,16:12|66:8,574,2922,mp-aaaaabww,mp-aaaaanck,16:3|66:2,False
train,8:4|78:2,579,2615,mp-aaaaabxl,mp-aaaaalqq,8:2|78:1,False
train,8:4|78:2,579,5203,mp-aaaaabxl,mp-aaaabdtv,8:2|78:1,False
train,12:1|16:1,586,4129,mp-aaaaabyp,mp-aaaaathg,12:1|16:1,False
train,40:2|52:2,588,9096,mp-aaaaabyt,mp-aaabgkno,40:1|52:1,False
train,8:1|37:2,613,10181,mp-aaaaacbq,mp-aaabqxag,8:1|37:2,False
train,20:1|34:1,624,12741,mp-aaaaaccl,mp-aaacfjlv,20:1|34:1,False
train,16:2|42:1,632,8488,mp-aaaaacde,mp-aaabfugm,16:2|42:1,False
train,16:2|42:1,632,18605,mp-aaaaacde,mp-aaacsmob,16:2|42:1,False
train,8:8|22:4,633,3011,mp-aaaaacdj,mp-aaaaanov,8:2|22:1,False
train,8:8|22:4,633,6266,mp-aaaaacdj,mp-aaaabljq,8:2|22:1,False
train,8:8|22:4,633,7954,mp-aaaaacdj,mp-aaabfnyk,8:2|22:1,False
train,8:8|22:4,633,14047,mp-aaaaacdj,mp-aaacktbj,8:2|22:1,False
train,8:8|22:4,633,18629,mp-aaaaacdj,mp-aaadaxgi,8:2|22:1,False
train,8:8|22:4,633,18659,mp-aaaaacdj,mp-aaadbslf,8:2|22:1,False
train,8:8|22:4,633,18671,mp-aaaaacdj,mp-aaadcdgv,8:2|22:1,False
train,7:1|73:1,639,12866,mp-aaaaaced,mp-aaacflvr,7:1|73:1,False
train,7:1|73:1,639,12867,mp-aaaaaced,mp-aaacflvt,7:1|73:1,False
train,28:1|30:1,645,8941,mp-aaaaacfe,mp-aaabgicl,28:1|30:1,False
train,20:1|52:1,658,3498,mp-aaaaacgl,mp-aaaaapuy,20:1|52:1,False
train,4:1|34:1,669,3708,mp-aaaaachh,mp-aaaaaqtz,4:1|34:1,False
train,31:4|34:4,688,839,mp-aaaaacim,mp-aaaaacwt,31:1|34:1,False
train,31:4|34:4,688,8963,mp-aaaaacim,mp-aaabgilc,31:1|34:1,False
train,6:4|20:2,689,9998,mp-aaaaacip,mp-aaabmyvk,6:2|20:1,False
train,8:12|33:8,691,692,mp-aaaaaciv,mp-aaaaaciw,8:3|33:2,False
train,8:12|33:8,691,940,mp-aaaaaciv,mp-aaaaadga,8:3|33:2,False
train,8:12|33:8,692,940,mp-aaaaaciw,mp-aaaaadga,8:3|33:2,False
train,8:5|41:2,696,3405,mp-aaaaacjj,mp-aaaaapla,8:5|41:2,False
train,44:1|73:1,700,17566,mp-aaaaacjp,mp-aaacrhqq,44:1|73:1,False
train,51:1|59:1,711,761,mp-aaaaaclg,mp-aaaaacqr,51:1|59:1,False
train,52:2|79:1,719,8892,mp-aaaaacly,mp-aaabghnx,52:2|79:1,False
train,33:1|68:1,727,12700,mp-aaaaacmy,mp-aaacfape,33:1|68:1,False
train,16:2|73:1,728,3260,mp-aaaaacna,mp-aaaaaove,16:2|73:1,False
train,16:2|73:1,728,8036,mp-aaaaacna,mp-aaabfpbp,16:2|73:1,False
train,16:2|73:1,728,15100,mp-aaaaacna,mp-aaacpcsb,16:2|73:1,False
train,33:1|62:1,739,12859,mp-aaaaacow,mp-aaacflva,33:1|62:1,False
train,51:1|90:1,744,3475,mp-aaaaacpj,mp-aaaaaptd,51:1|90:1,False
train,33:1|90:1,746,5134,mp-aaaaacpl,mp-aaaabdke,33:1|90:1,False
train,4:1|8:1,756,763,mp-aaaaacqk,mp-aaaaacra,4:1|8:1,False
train,9:1|55:1,760,2825,mp-aaaaacqq,mp-aaaaamnf,9:1|55:1,False
train,25:1|28:1,764,3769,mp-aaaaacrd,mp-aaaaarai,25:1|28:1,False
train,52:1|80:1,769,1168,mp-aaaaacrr,mp-aaaaaeba,52:1|80:1,False
train,52:1|80:1,769,4165,mp-aaaaacrr,mp-aaaaatll,52:1|80:1,False
train,52:1|80:1,769,17955,mp-aaaaacrr,mp-aaacrqne,52:1|80:1,False
train,8:16|22:8,783,10438,mp-aaaaacsu,mp-aaabrbfn,8:2|22:1,False
train,8:16|22:8,783,16668,mp-aaaaacsu,mp-aaacptmf,8:2|22:1,False
train,8:16|22:8,783,18614,mp-aaaaacsu,mp-aaacyiat,8:2|22:1,False
train,16:1|50:1,800,3259,mp-aaaaacue,mp-aaaaaovd,16:1|50:1,False
train,6:1|74:1,814,4163,mp-aaaaacuw,mp-aaaaatlg,6:1|74:1,False
train,6:1|74:1,814,12768,mp-aaaaacuw,mp-aaacfkbm,6:1|74:1,False
train,6:1|74:1,814,12771,mp-aaaaacuw,mp-aaacfkbr,6:1|74:1,False
train,30:1|47:1,823,16518,mp-aaaaacvo,mp-aaacppji,30:1|47:1,False
train,30:1|47:1,823,17358,mp-aaaaacvo,mp-aaacrdzp,30:1|47:1,False
train,7:1|29:3,833,4229,mp-aaaaacwj,mp-aaaaatym,7:1|29:3,False
train,7:1|29:3,833,18172,mp-aaaaacwj,mp-aaacrtez,7:1|29:3,False
train,7:1|29:3,833,18181,mp-aaaaacwj,mp-aaacrtgc,7:1|29:3,False
train,31:4|34:4,839,8963,mp-aaaaacwt,mp-aaabgilc,31:1|34:1,False
train,13:1|22:1,843,13359,mp-aaaaacxd,mp-aaacijsl,13:1|22:1,False
train,13:1|22:1,843,17491,mp-aaaaacxd,mp-aaacrgia,13:1|22:1,False
train,38:1|52:1,845,3485,mp-aaaaacxi,mp-aaaaaptt,38:1|52:1,False
train,8:3|57:2,849,7349,mp-aaaaacxs,mp-aaaabwwm,8:3|57:2,False
train,8:3|57:2,849,7899,mp-aaaaacxs,mp-aaabfmop,8:3|57:2,False
train,6:6|7:8,856,8938,mp-aaaaacyj,mp-aaabgibt,6:3|7:4,False
train,6:6|7:8,856,14140,mp-aaaaacyj,mp-aaackvtb,6:3|7:4,False
train,8:1|30:1,857,959,mp-aaaaacyk,mp-aaaaadht,8:1|30:1,False
train,8:1|30:1,857,4174,mp-aaaaacyk,mp-aaaaatmf,8:1|30:1,False
train,15:1|66:1,865,12698,mp-aaaaaczm,mp-aaacfapb,15:1|66:1,False
train,33:1|71:1,867,12812,mp-aaaaaczp,mp-aaacfkqi,33:1|71:1,False
train,51:1|67:1,873,12813,mp-aaaaadaw,mp-aaacfkqj,51:1|67:1,False
train,21:1|33:1,875,4119,mp-aaaaaday,mp-aaaaatfi,21:1|33:1,False
train,16:8|27:4,885,18640,mp-aaaaadbq,mp-aaadbdgn,16:2|27:1,False
train,7:8|14:6,888,3813,mp-aaaaadbv,mp-aaaaarel,7:4|14:3,False
train,7:8|14:6,888,7477,mp-aaaaadbv,mp-aaaaciiz,7:4|14:3,False
train,16:2|26:2,903,7544,mp-aaaaadct,mp-aaabctvn,16:1|26:1,False
train,29:1|79:3,904,15581,mp-aaaaadcx,mp-aaacpjne,29:1|79:3,False
train,33:1|92:1,905,5479,mp-aaaaadcy,mp-aaaabffb,33:1|92:1,False
train,7:1|39:1,908,4152,mp-aaaaaddi,mp-aaaaatju,7:1|39:1,False
train,7:1|39:1,908,4153,mp-aaaaaddi,mp-aaaaatjv,7:1|39:1,False
train,7:1|39:1,908,12559,mp-aaaaaddi,mp-aaacevrf,7:1|39:1,False
train,13:3|21:1,910,12602,mp-aaaaaddp,mp-aaacewcy,13:3|21:1,False
train,34:12|51:8,929,9914,mp-aaaaadfc,mp-aaabmhdi,34:3|51:2,False
train,34:2|50:2,932,2947,mp-aaaaadfk,mp-aaaaanfs,34:1|50:1,False
train,34:2|50:2,932,9582,mp-aaaaadfk,mp-aaabjudp,34:1|50:1,False
train,13:1|33:1,934,12382,mp-aaaaadfo,mp-aaacegyd,13:1|33:1,False
train,34:1|90:1,939,3480,mp-aaaaadfz,mp-aaaaaptm,34:1|90:1,False
train,33:1|93:1,941,5418,mp-aaaaadgc,mp-aaaabexr,33:1|93:1,False
train,24:2|34:2,942,9450,mp-aaaaadgf,mp-aaabikvz,24:1|34:1,False
train,51:1|68:1,943,12806,mp-aaaaadgh,mp-aaacfknb,51:1|68:1,False
train,5:2|78:2,944,13900,mp-aaaaadgi,mp-aaackknt,5:1|78:1,False
train,34:1|82:1,947,5514,mp-aaaaadgr,mp-aaaabfjy,34:1|82:1,False
train,8:1|30:1,959,4174,mp-aaaaadht,mp-aaaaatmf,8:1|30:1,False
train,52:1|92:1,976,3741,mp-aaaaadjh,mp-aaaaaqyh,52:1|92:1,False
train,47:3|51:1,978,18573,mp-aaaaadjl,mp-aaacryfh,47:3|51:1,False
train,6:1|42:1,991,1174,mp-aaaaadkr,mp-aaaaaebq,6:1|42:1,False
train,7:2|42:2,1012,12647,mp-aaaaadmp,mp-aaacewol,7:1|42:1,False
train,7:2|42:2,1012,13410,mp-aaaaadmp,mp-aaaciqas,7:1|42:1,False
train,8:1|38:1,1060,12860,mp-aaaaadrc,mp-aaacflvf,8:1|38:1,False
train,6:2|20:1,1064,12849,mp-aaaaadrm,mp-aaacflov,6:2|20:1,False
train,6:2|20:1,1064,12851,mp-aaaaadrm,mp-aaacflox,6:2|20:1,False
train,6:2|92:1,1066,12772,mp-aaaaadrq,mp-aaacfkby,6:2|92:1,False
train,15:1|31:1,1068,11633,mp-aaaaadru,mp-aaacdhil,15:1|31:1,False
train,15:1|31:1,1068,11635,mp-aaaaadru,mp-aaacdhjc,15:1|31:1,False
train,16:4|31:4,1075,8251,mp-aaaaadsl,mp-aaabfrpe,16:1|31:1,False
train,52:1|59:1,1086,2375,mp-aaaaadtk,mp-aaaaakoh,52:1|59:1,False
train,31:1|33:1,1087,3276,mp-aaaaadtm,mp-aaaaaowm,31:1|33:1,False
train,31:1|33:1,1087,13345,mp-aaaaadtm,mp-aaacigsk,31:1|33:1,False
train,16:4|60:2,1088,2567,mp-aaaaadtp,mp-aaaaalkc,16:2|60:1,False
train,62:1|81:1,1090,3799,mp-aaaaadtt,mp-aaaaarcy,62:1|81:1,False
train,13:2|40:4,1097,4071,mp-aaaaaduj,mp-aaaaasxh,13:1|40:2,False
train,8:4|40:2,1106,10250,mp-aaaaadva,mp-aaabqxzn,8:2|40:1,False
train,22:1|45:1,1111,3795,mp-aaaaadvj,mp-aaaaarct,22:1|45:1,False
train,13:1|28:3,1113,9900,mp-aaaaadvt,mp-aaabmglc,13:1|28:3,False
train,49:1|52:1,1115,1208,mp-aaaaadvx,mp-aaaaaeel,49:1|52:1,False
train,33:1|60:1,1117,12826,mp-aaaaadwc,mp-aaacfkyo,33:1|60:1,False
train,32:1|52:1,1121,9913,mp-aaaaadwm,mp-aaabmhda,32:1|52:1,False
train,32:1|52:1,1121,15057,mp-aaaaadwm,mp-aaacotan,32:1|52:1,False
train,13:3|72:1,1123,12725,mp-aaaaadwo,mp-aaacfisw,13:3|72:1,False
train,13:1|51:1,1128,18512,mp-aaaaadwy,mp-aaacrxtu,13:1|51:1,False
train,6:2|38:1,1130,12783,mp-aaaaadxe,mp-aaacfkhc,6:2|38:1,False
train,6:2|38:1,1130,17595,mp-aaaaadxe,mp-aaacrijp,6:2|38:1,False
train,7:1|11:3,1133,12642,mp-aaaaadxn,mp-aaacewod,7:1|11:3,False
train,7:1|11:3,1133,12643,mp-aaaaadxn,mp-aaacewoe,7:1|11:3,False
train,47:1|48:1,1135,18243,mp-aaaaadxq,mp-aaacrurk,47:1|48:1,False
train,47:1|48:1,1135,18248,mp-aaaaadxq,mp-aaacruru,47:1|48:1,False
train,47:1|48:1,1135,18249,mp-aaaaadxq,mp-aaacrurw,47:1|48:1,False
train,5:2|7:2,1140,2674,mp-aaaaadyb,mp-aaaaalvj,5:1|7:1,False
train,5:2|7:2,1140,9438,mp-aaaaadyb,mp-aaabifjz,5:1|7:1,False
train,5:2|7:2,1140,9447,mp-aaaaadyb,mp-aaabikuu,5:1|7:1,False
train,8:4|22:2,1142,7388,mp-aaaaadyf,mp-aaaabzie,8:2|22:1,False
train,23:1|78:1,1151,17421,mp-aaaaadza,mp-aaacrfei,23:1|78:1,False
train,8:1|41:1,1156,9723,mp-aaaaadzo,mp-aaabkdht,8:1|41:1,False
train,52:1|80:1,1168,4165,mp-aaaaaeba,mp-aaaaatll,52:1|80:1,False
train,52:1|80:1,1168,17955,mp-aaaaaeba,mp-aaacrqne,52:1|80:1,False
train,3:1|46:1,1172,1173,mp-aaaaaebn,mp-aaaaaebo,3:1|46:1,False
train,48:1|79:1,1180,18244,mp-aaaaaecb,mp-aaacrurm,48:1|79:1,False
train,8:3|60:2,1183,2658,mp-aaaaaech,mp-aaaaalty,8:3|60:2,False
train,6:1|40:1,1195,12870,mp-aaaaaedn,mp-aaacflxm,6:1|40:1,False
train,6:1|40:1,1195,12871,mp-aaaaaedn,mp-aaacflyc,6:1|40:1,False
train,15:1|21:1,1201,4662,mp-aaaaaedz,mp-aaaaaytk,15:1|21:1,False
train,15:1|21:1,1201,12854,mp-aaaaaedz,mp-aaacflsk,15:1|21:1,False
train,16:12|51:8,1203,16597,mp-aaaaaeeb,mp-aaacprvd,16:3|51:2,False
train,16:4|42:2,1205,13088,mp-aaaaaeeh,mp-aaacfzcz,16:2|42:1,False
train,7:1|72:1,1214,12669,mp-aaaaaeeu,mp-aaacfaac,7:1|72:1,False
train,7:1|72:1,1214,12674,mp-aaaaaeeu,mp-aaacfadg,7:1|72:1,False
train,7:1|21:1,1228,4118,mp-aaaaaefx,mp-aaaaatfh,7:1|21:1,False
train,7:1|21:1,1228,12855,mp-aaaaaefx,mp-aaacflso,7:1|21:1,False
train,8:16|12:8|14:4,1241,8665,mp-aaaaaehj,mp-aaabfwwv,8:4|12:2|14:1,False
train,8:8|13:4|30:2,1245,7376,mp-aaaaaehw,mp-aaaabypu,8:4|13:2|30:1,False
train,8:6|13:2|57:2,1249,13720,mp-aaaaaeii,mp-aaacjlto,8:3|13:1|57:1,False
train,8:8|15:2|71:2,1256,8102,mp-aaaaaejc,mp-aaabfpws,8:4|15:1|71:1,False
train,8:12|32:4|48:4,1259,4124,mp-aaaaaejn,mp-aaaaatgd,8:3|32:1|48:1,False
train,5:4|6:4|66:2,1261,5394,mp-aaaaaeju,mp-aaaabeuo,5:2|6:2|66:1,False
train,7:8|30:4|32:4,1267,13235,mp-aaaaaekp,mp-aaacgpix,7:2|30:1|32:1,False
train,8:3|22:1|56:1,1274,1874,mp-aaaaaeli,mp-aaaaahlc,8:3|22:1|56:1,False
train,8:3|22:1|56:1,1274,2060,mp-aaaaaeli,mp-aaaaaiof,8:3|22:1|56:1,False
train,8:3|22:1|56:1,1274,2113,mp-aaaaaeli,mp-aaaaaiwg,8:3|22:1|56:1,False
train,8:3|22:1|56:1,1274,5170,mp-aaaaaeli,mp-aaaabdow,8:3|22:1|56:1,False
train,8:3|22:1|56:1,1274,7500,mp-aaaaaeli,mp-aaabcsqd,8:3|22:1|56:1,False
train,8:3|22:1|56:1,1274,9857,mp-aaaaaeli,mp-aaabkrkj,8:3|22:1|56:1,False
train,8:6|12:2|32:2,1292,1487,mp-aaaaaenf,mp-aaaaafop,8:3|12:1|32:1,False
train,3:4|6:2|8:6,1296,8258,mp-aaaaaenm,mp-aaabfrqn,3:2|6:1|8:3,False
train,8:2|11:1|81:1,1298,17774,mp-aaaaaeno,mp-aaacrmab,8:2|11:1|81:1,False
train,6:2|8:6|11:4,1300,5312,mp-aaaaaeoc,mp-aaaabeih,6:1|8:3|11:2,False
train,14:2|66:1|78:2,1319,18109,mp-aaaaaerc,mp-aaacrsof,14:2|66:1|78:2,False
train,8:20|11:8|14:8,1327,4701,mp-aaaaaesv,mp-aaaaazcs,8:5|11:2|14:2,False
train,8:20|11:8|14:8,1327,7969,mp-aaaaaesv,mp-aaabfocl,8:5|11:2|14:2,False
train,8:20|11:8|14:8,1327,8013,mp-aaaaaesv,mp-aaabfouq,8:5|11:2|14:2,False
train,8:8|60:2|73:2,1331,1786,mp-aaaaaetf,mp-aaaaagzm,8:4|60:1|73:1,False
train,6:2|8:6|20:2,1332,1545,mp-aaaaaeth,mp-aaaaafwb,6:1|8:3|20:1,False
train,6:2|8:6|20:2,1332,13712,mp-aaaaaeth,mp-aaacjlni,6:1|8:3|20:1,False
train,4:4|9:16|11:8,1362,1515,mp-aaaaaexq,mp-aaaaafsh,4:1|9:4|11:2,False
train,8:3|38:1|40:1,1364,13454,mp-aaaaaexv,mp-aaaciuzm,8:3|38:1|40:1,False
train,8:6|31:2|57:2,1367,8284,mp-aaaaaeyi,mp-aaabfryl,8:3|31:1|57:1,False
train,8:12|38:4|72:4,1377,1775,mp-aaaaaezy,mp-aaaaagxt,8:3|38:1|72:1,False
train,8:6|14:2|20:2,1379,1380,mp-aaaaafac,mp-aaaaafah,8:3|14:1|20:1,False
train,8:6|20:2|22:2,1400,8146,mp-aaaaafck,mp-aaabfqmt,8:3|20:1|22:1,False
train,8:6|20:2|22:2,1400,10292,mp-aaaaafck,mp-aaabqykz,8:3|20:1|22:1,False
train,8:8|68:2|73:2,1402,1993,mp-aaaaafcm,mp-aaaaaidr,8:4|68:1|73:1,False
train,8:16|41:4|51:4,1418,1451,mp-aaaaafeh,mp-aaaaafiy,8:4|41:1|51:1,False
train,8:20|14:4|39:8,1423,7974,mp-aaaaaffk,mp-aaabfodw,8:5|14:1|39:2,False
train,32:2|51:2|52:5,1432,18044,mp-aaaaaffy,mp-aaacrrfj,32:2|51:2|52:5,False
train,32:2|51:2|52:5,1432,18051,mp-aaaaaffy,mp-aaacrrgp,32:2|51:2|52:5,False
train,8:2|9:2|39:2,1458,3344,mp-aaaaafjx,mp-aaaaapdb,8:1|9:1|39:1,False
train,8:24|11:8|41:8,1467,8527,mp-aaaaaflf,mp-aaabfuuy,8:3|11:1|41:1,False
train,8:10|20:2|32:4,1475,7993,mp-aaaaafmp,mp-aaabfonu,8:5|20:1|32:2,False
train,8:6|38:2|72:2,1479,4156,mp-aaaaafnd,mp-aaaaatkf,8:3|38:1|72:1,False
train,8:6|38:2|72:2,1479,7852,mp-aaaaafnd,mp-aaabfiyu,8:3|38:1|72:1,False
train,3:2|8:6|41:2,1482,7882,mp-aaaaafnn,mp-aaabfllk,3:1|8:3|41:1,False
train,22:1|28:2|50:1,1484,17477,mp-aaaaafnw,mp-aaacrfyb,22:1|28:2|50:1,False
train,8:14|13:8|38:2,1493,8166,mp-aaaaafps,mp-aaabfqtb,8:7|13:4|38:1,False
train,8:12|11:4|73:4,1516,1783,mp-aaaaafsk,mp-aaaaagyt,8:3|11:1|73:1,False
train,8:12|11:4|73:4,1516,10303,mp-aaaaafsk,mp-aaabqypm,8:3|11:1|73:1,False
train,5:8|8:20|20:8,1517,13109,mp-aaaaafsl,mp-aaacgafw,5:2|8:5|20:2,False
train,8:20|11:10|15:6,1535,8350,mp-aaaaafvc,mp-aaabfstl,8:10|11:5|15:3,False
train,8:15|22:6|56:3,1542,8142,mp-aaaaafvr,mp-aaabfqli,8:5|22:2|56:1,False
train,13:1|28:2|40:1,1543,17345,mp-aaaaafvs,mp-aaacrduq,13:1|28:2|40:1,False
train,6:2|8:6|20:2,1545,13712,mp-aaaaafwb,mp-aaacjlni,6:1|8:3|20:1,False
train,8:12|13:3|15:3,1546,1941,mp-aaaaafwd,mp-aaaaahxb,8:4|13:1|15:1,False
train,8:12|13:3|15:3,1546,8647,mp-aaaaafwd,mp-aaabfwqh,8:4|13:1|15:1,False
train,8:4|20:1|92:1,1548,18292,mp-aaaaafwi,mp-aaacrvdv,8:4|20:1|92:1,False
train,8:12|20:4|22:4,1569,16927,mp-aaaaafyp,mp-aaacqpce,8:3|20:1|22:1,False
train,8:8|13:2|15:2,1578,4127,mp-aaaaafzv,mp-aaaaatgy,8:4|13:1|15:1,False
train,8:8|13:2|15:2,1578,7790,mp-aaaaafzv,mp-aaabfbra,8:4|13:1|15:1,False
train,8:12|15:4|37:4,1608,3004,mp-aaaaagdb,mp-aaaaannm,8:3|15:1|37:1,False
train,6:4|8:12|37:8,1609,8106,mp-aaaaagde,mp-aaabfqau,6:1|8:3|37:2,False
train,7:4|8:4|73:4,1615,2069,mp-aaaaagef,mp-aaaaaipp,7:1|8:1|73:1,False
train,8:16|14:4|20:8,1621,1709,mp-aaaaageu,mp-aaaaagqj,8:4|14:1|20:2,False
train,8:8|15:2|47:6,1624,8435,mp-aaaaagfm,mp-aaabftrm,8:4|15:1|47:3,False
train,8:8|15:2|47:6,1624,18580,mp-aaaaagfm,mp-aaacryge,8:4|15:1|47:3,False
train,15:4|16:12|50:4,1638,4296,mp-aaaaagho,mp-aaaaaupn,15:1|16:3|50:1,False
train,9:6|19:1|33:1,1643,2515,mp-aaaaagic,mp-aaaaalfd,9:6|19:1|33:1,False
train,8:16|38:8|50:4,1649,16820,mp-aaaaagix,mp-aaacpyox,8:4|38:2|50:1,False
train,47:2|50:2|67:2,1657,17966,mp-aaaaagjv,mp-aaacrqoy,47:1|50:1|67:1,False
train,8:12|12:4|14:4,1659,9442,mp-aaaaagkf,mp-aaabijjf,8:3|12:1|14:1,False
train,8:12|12:4|14:4,1659,9443,mp-aaaaagkf,mp-aaabijkc,8:3|12:1|14:1,False
train,8:8|15:2|65:2,1667,14008,mp-aaaaagky,mp-aaacksfl,8:4|15:1|65:1,False
train,8:3|19:1|41:1,1668,1925,mp-aaaaagla,mp-aaaaahtu,8:3|19:1|41:1,False
train,8:3|19:1|41:1,1668,2444,mp-aaaaagla,mp-aaaaakxr,8:3|19:1|41:1,False
train,8:3|19:1|41:1,1668,11565,mp-aaaaagla,mp-aaacbgit,8:3|19:1|41:1,False
train,8:12|14:4|20:4,1671,1827,mp-aaaaaglo,mp-aaaaaher,8:3|14:1|20:1,False
train,8:12|14:4|20:4,1671,15134,mp-aaaaaglo,mp-aaacpgje,8:3|14:1|20:1,False
train,9:20|13:4|56:4,1677,8123,mp-aaaaagmi,mp-aaabfqgs,9:5|13:1|56:1,False
train,8:6|11:2|41:2,1688,1719,mp-aaaaagnz,mp-aaaaagrq,8:3|11:1|41:1,False
train,8:6|11:2|41:2,1688,13557,mp-aaaaagnz,mp-aaacjjcx,8:3|11:1|41:1,False
train,8:14|22:4|57:4,1690,2719,mp-aaaaagod,mp-aaaaambq,8:7|22:2|57:2,False
train,8:18|14:6|20:6,1692,4788,mp-aaaaagoj,mp-aaaaazzc,8:3|14:1|20:1,False
train,16:6|33:2|47:6,1693,8122,mp-aaaaagol,mp-aaabfqgp,16:3|33:1|47:3,False
train,8:6|11:2|41:2,1719,13557,mp-aaaaagrq,mp-aaacjjcx,8:3|11:1|41:1,False
train,16:6|47:6|51:2,1720,14130,mp-aaaaagrr,mp-aaackvnz,16:3|47:3|51:1,False
train,8:3|38:1|72:1,1733,4155,mp-aaaaagtb,mp-aaaaatke,8:3|38:1|72:1,False
train,9:6|15:1|19:1,1749,9940,mp-aaaaagvg,mp-aaabmljl,9:6|15:1|19:1,False
train,6:4|8:12|20:4,1756,7906,mp-aaaaagvy,mp-aaabfnlj,6:1|8:3|20:1,False
train,16:4|27:4|33:4,1757,4615,mp-aaaaagvz,mp-aaaaayfj,16:1|27:1|33:1,False
train,8:6|22:2|38:2,1765,7867,mp-aaaaagwx,mp-aaabfkig,8:3|22:1|38:1,False
train,8:4|9:4|21:4,1771,1772,mp-aaaaagxh,mp-aaaaagxi,8:1|9:1|21:1,False
train,5:4|7:4|9:32,1776,16847,mp-aaaaagxu,mp-aaacqbnj,5:1|7:1|9:8,False
train,8:12|11:4|41:4,1778,1794,mp-aaaaagyb,mp-aaaaahaq,8:3|11:1|41:1,False
train,8:12|11:4|41:4,1778,14211,mp-aaaaagyb,mp-aaackxtl,8:3|11:1|41:1,False
train,8:12|11:4|41:4,1778,16613,mp-aaaaagyb,mp-aaacpsjv,8:3|11:1|41:1,False
train,8:12|11:4|73:4,1783,10303,mp-aaaaagyt,mp-aaabqypm,8:3|11:1|73:1,False
train,8:12|11:4|41:4,1794,14211,mp-aaaaahaq,mp-aaackxtl,8:3|11:1|41:1,False
train,8:12|11:4|41:4,1794,16613,mp-aaaaahaq,mp-aaacpsjv,8:3|11:1|41:1,False
train,8:20|13:8|14:4,1795,1845,mp-aaaaahav,mp-aaaaahhu,8:5|13:2|14:1,False
train,8:28|14:4|15:8,1801,4890,mp-aaaaahbl,mp-aaaabawj,8:7|14:1|15:2,False
train,8:28|14:4|15:8,1801,4908,mp-aaaaahbl,mp-aaaabbbp,8:7|14:1|15:2,False
train,9:6|20:1|50:1,1803,2747,mp-aaaaahby,mp-aaaaamei,9:6|20:1|50:1,False
train,8:8|32:2|90:2,1807,3169,mp-aaaaahcg,mp-aaaaaolg,8:4|32:1|90:1,False
train,6:6|13:6|21:2,1810,8992,mp-aaaaahco,mp-aaabgivo,6:3|13:3|21:1,False
train,8:8|14:2|40:2,1817,3851,mp-aaaaahdk,mp-aaaaarjk,8:4|14:1|40:1,False
train,8:8|14:2|40:2,1817,13135,mp-aaaaahdk,mp-aaacgbtk,8:4|14:1|40:1,False
train,13:4|16:8|30:2,1824,13895,mp-aaaaaheg,mp-aaackkni,13:2|16:4|30:1,False
train,8:12|14:4|20:4,1827,15134,mp-aaaaaher,mp-aaacpgje,8:3|14:1|20:1,False
train,8:14|16:2|52:4,1838,8343,mp-aaaaahgs,mp-aaabfsro,8:7|16:1|52:2,False
train,8:14|40:4|57:4,1860,8340,mp-aaaaahji,mp-aaabfsqn,8:7|40:2|57:2,False
train,3:12|5:4|7:8,1868,2093,mp-aaaaahkj,mp-aaaaaitm,3:3|5:1|7:2,False
train,8:3|22:1|56:1,1874,2060,mp-aaaaahlc,mp-aaaaaiof,8:3|22:1|56:1,False
train,8:3|22:1|56:1,1874,2113,mp-aaaaahlc,mp-aaaaaiwg,8:3|22:1|56:1,False
train,8:3|22:1|56:1,1874,5170,mp-aaaaahlc,mp-aaaabdow,8:3|22:1|56:1,False
train,8:3|22:1|56:1,1874,7500,mp-aaaaahlc,mp-aaabcsqd,8:3|22:1|56:1,False
train,8:3|22:1|56:1,1874,9857,mp-aaaaahlc,mp-aaabkrkj,8:3|22:1|56:1,False
train,8:12|22:4|48:4,1883,4402,mp-aaaaahmi,mp-aaaaavnq,8:3|22:1|48:1,False
train,8:12|22:4|48:4,1883,5431,mp-aaaaahmi,mp-aaaabezk,8:3|22:1|48:1,False
train,16:12|38:4|40:4,1916,8509,mp-aaaaahrt,mp-aaabfuou,16:3|38:1|40:1,False
train,8:3|19:1|41:1,1925,2444,mp-aaaaahtu,mp-aaaaakxr,8:3|19:1|41:1,False
train,8:3|19:1|41:1,1925,11565,mp-aaaaahtu,mp-aaacbgit,8:3|19:1|41:1,False
train,8:8|41:2|57:2,1934,7747,mp-aaaaahvr,mp-aaabewwa,8:4|41:1|57:1,False
train,15:2|16:6|48:2,1940,3053,mp-aaaaahwy,mp-aaaaanuw,15:1|16:3|48:1,False
train,8:12|13:3|15:3,1941,8647,mp-aaaaahxb,mp-aaabfwqh,8:4|13:1|15:1,False
train,16:4|30:1|31:2,1945,13541,mp-aaaaahxu,mp-aaacjitl,16:4|30:1|31:2,False
train,8:8|39:2|73:2,1951,8562,mp-aaaaahyv,mp-aaabfvjd,8:4|39:1|73:1,False
train,8:8|39:2|41:2,1956,13834,mp-aaaaahzf,mp-aaackief,8:4|39:1|41:1,False
train,9:12|19:4|40:2,1977,4244,mp-aaaaaibq,mp-aaaaaucy,9:6|19:2|40:1,False
train,8:14|19:12|22:4,1980,8654,mp-aaaaaibv,mp-aaabfwtg,8:7|19:6|22:2,False
train,8:14|41:4|48:4,1983,8683,mp-aaaaaicm,mp-aaabfxew,8:7|41:2|48:2,False
train,8:14|41:4|48:4,1983,9867,mp-aaaaaicm,mp-aaabkwpb,8:7|41:2|48:2,False
train,8:8|71:2|73:2,1987,4086,mp-aaaaaidd,mp-aaaaatas,8:4|71:1|73:1,False
train,6:6|7:2|13:10,1989,9159,mp-aaaaaidk,mp-aaabglid,6:3|7:1|13:5,False
train,16:12|30:4|56:8,2014,16659,mp-aaaaaigx,mp-aaacpthf,16:3|30:1|56:2,False
train,8:8|12:4|14:2,2031,2670,mp-aaaaaiix,mp-aaaaalva,8:4|12:2|14:1,False
train,8:8|12:4|14:2,2031,7971,mp-aaaaaiix,mp-aaabfocy,8:4|12:2|14:1,False
train,8:8|12:4|14:2,2031,13133,mp-aaaaaiix,mp-aaacgbbc,8:4|12:2|14:1,False
train,15:4|34:12|50:4,2047,9194,mp-aaaaailm,mp-aaabglti,15:1|34:3|50:1,False
train,16:8|29:4|47:12,2052,9860,mp-aaaaaimf,mp-aaabkrzf,16:2|29:1|47:3,False
train,8:3|22:1|56:1,2060,2113,mp-aaaaaiof,mp-aaaaaiwg,8:3|22:1|56:1,False
train,8:3|22:1|56:1,2060,5170,mp-aaaaaiof,mp-aaaabdow,8:3|22:1|56:1,False
train,8:3|22:1|56:1,2060,7500,mp-aaaaaiof,mp-aaabcsqd,8:3|22:1|56:1,False
train,8:3|22:1|56:1,2060,9857,mp-aaaaaiof,mp-aaabkrkj,8:3|22:1|56:1,False
train,16:8|27:8|51:8,2087,16694,mp-aaaaaisf,mp-aaacpudm,16:1|27:1|51:1,False
train,22:2|32:2|62:2,2095,3411,mp-aaaaaitr,mp-aaaaapmc,22:1|32:1|62:1,False
train,9:12|19:4|20:4,2098,9831,mp-aaaaaity,mp-aaabkqhp,9:3|19:1|20:1,False
train,8:18|22:6|56:6,2100,8429,mp-aaaaaiuf,mp-aaabftqj,8:3|22:1|56:1,False
train,8:8|48:4|50:2,2108,9949,mp-aaaaaivm,mp-aaabmlun,8:4|48:2|50:1,False
train,8:8|48:4|50:2,2108,14157,mp-aaaaaivm,mp-aaackwfm,8:4|48:2|50:1,False
train,8:3|22:1|56:1,2113,5170,mp-aaaaaiwg,mp-aaaabdow,8:3|22:1|56:1,False
train,8:3|22:1|56:1,2113,7500,mp-aaaaaiwg,mp-aaabcsqd,8:3|22:1|56:1,False
train,8:3|22:1|56:1,2113,9857,mp-aaaaaiwg,mp-aaabkrkj,8:3|22:1|56:1,False
train,8:16|14:4|52:4|62:8,2123,4831,mp-aaaaaiyx,mp-aaaabajc,8:4|14:1|52:1|62:2,False
train,8:32|13:8|14:8|56:4,2134,4862,mp-aaaaajah,mp-aaaabapn,8:8|13:2|14:2|56:1,False
train,8:6|51:1|56:2|60:1,2142,4363,mp-aaaaajbm,mp-aaaaavds,8:6|51:1|56:2|60:1,False
train,8:24|15:6|22:4|37:2,2145,8690,mp-aaaaajbp,mp-aaabfxha,8:12|15:3|22:2|37:1,False
train,8:6|41:1|56:2|60:1,2155,4036,mp-aaaaajdf,mp-aaaaassb,8:6|41:1|56:2|60:1,False
train,8:6|41:1|56:2|65:1,2173,18469,mp-aaaaajgo,mp-aaacrxas,8:6|41:1|56:2|65:1,False
train,3:12|8:44|13:12|14:12,2187,4381,mp-aaaaajji,mp-aaaaavhv,3:3|8:11|13:3|14:3,False
train,3:3|8:12|13:3|14:3,2188,8504,mp-aaaaajjj,mp-aaabfumz,3:1|8:4|13:1|14:1,False
train,8:24|11:2|15:6|50:4,2231,5646,mp-aaaaajqz,mp-aaaabgul,8:12|11:1|15:3|50:2,False
train,6:4|8:12|20:2|56:2,2240,9859,mp-aaaaajsq,mp-aaabkrya,6:2|8:6|20:1|56:1,False
train,8:16|11:4|15:4|48:4,2266,16759,mp-aaaaajxc,mp-aaacpwlw,8:4|11:1|15:1|48:1,False
train,8:6|51:1|56:2|59:1,2268,3516,mp-aaaaajxk,mp-aaaaapwt,8:6|51:1|56:2|59:1,False
train,25:4|51:2,2299,5354,mp-aaaaakfw,mp-aaaabeou,25:2|51:1,False
train,7:2|39:2,2300,12959,mp-aaaaakfx,mp-aaacfxfx,7:1|39:1,False
train,7:1|8:3|19:1,2304,9972,mp-aaaaakge,mp-aaabmngt,7:1|8:3|19:1,False
train,8:6|14:3,2305,2308,mp-aaaaakgg,mp-aaaaakgo,8:2|14:1,False
train,8:6|14:3,2305,2339,mp-aaaaakgg,mp-aaaaakjg,8:2|14:1,False
train,8:6|14:3,2305,3557,mp-aaaaakgg,mp-aaaaaqbj,8:2|14:1,False
train,8:6|14:3,2305,7803,mp-aaaaakgg,mp-aaabfcna,8:2|14:1,False
train,8:6|14:3,2305,9755,mp-aaaaakgg,mp-aaabkmcr,8:2|14:1,False
train,8:6|14:3,2308,2339,mp-aaaaakgo,mp-aaaaakjg,8:2|14:1,False
train,8:6|14:3,2308,3557,mp-aaaaakgo,mp-aaaaaqbj,8:2|14:1,False
train,8:6|14:3,2308,7803,mp-aaaaakgo,mp-aaabfcna,8:2|14:1,False
train,8:6|14:3,2308,9755,mp-aaaaakgo,mp-aaabkmcr,8:2|14:1,False
train,8:8|14:4,2310,2344,mp-aaaaakhd,mp-aaaaakkj,8:2|14:1,False
train,8:8|14:4,2310,2359,mp-aaaaakhd,mp-aaaaakmp,8:2|14:1,False
train,8:8|14:4,2310,3033,mp-aaaaakhd,mp-aaaaansc,8:2|14:1,False
train,8:8|14:4,2310,3589,mp-aaaaakhd,mp-aaaaaqfc,8:2|14:1,False
train,8:8|14:4,2310,7926,mp-aaaaakhd,mp-aaabfnrd,8:2|14:1,False
train,8:8|14:4,2310,7936,mp-aaaaakhd,mp-aaabfntn,8:2|14:1,False
train,8:8|14:4,2310,7984,mp-aaaaakhd,mp-aaabfojt,8:2|14:1,False
train,8:8|14:4,2310,8056,mp-aaaaakhd,mp-aaabfpfv,8:2|14:1,False
train,8:8|14:4,2310,8072,mp-aaaaakhd,mp-aaabfpjf,8:2|14:1,False
train,8:8|14:4,2310,8091,mp-aaaaakhd,mp-aaabfpst,8:2|14:1,False
train,8:8|14:4,2310,8241,mp-aaaaakhd,mp-aaabfrmc,8:2|14:1,False
train,8:8|14:4,2310,8540,mp-aaaaakhd,mp-aaabfvbn,8:2|14:1,False
train,8:8|14:4,2310,9431,mp-aaaaakhd,mp-aaabidoy,8:2|14:1,False
train,8:4|14:2,2311,2791,mp-aaaaakhf,mp-aaaaamjg,8:2|14:1,False
train,8:4|14:2,2311,7810,mp-aaaaakhf,mp-aaabfcwo,8:2|14:1,False
train,8:4|14:2,2311,13155,mp-aaaaakhf,mp-aaacgdcp,8:2|14:1,False
train,51:1|81:1,2319,12695,mp-aaaaakhq,mp-aaacfaox,51:1|81:1,False
train,33:2|46:2|56:1,2323,2755,mp-aaaaakhu,mp-aaaaamev,33:2|46:2|56:1,False
train,8:4|11:4|47:4,2331,14064,mp-aaaaakip,mp-aaacktxp,8:1|11:1|47:1,False
train,8:6|14:3,2339,3557,mp-aaaaakjg,mp-aaaaaqbj,8:2|14:1,False
train,8:6|14:3,2339,7803,mp-aaaaakjg,mp-aaabfcna,8:2|14:1,False
train,8:6|14:3,2339,9755,mp-aaaaakjg,mp-aaabkmcr,8:2|14:1,False
train,8:8|14:4,2344,2359,mp-aaaaakkj,mp-aaaaakmp,8:2|14:1,False
train,8:8|14:4,2344,3033,mp-aaaaakkj,mp-aaaaansc,8:2|14:1,False
train,8:8|14:4,2344,3589,mp-aaaaakkj,mp-aaaaaqfc,8:2|14:1,False
train,8:8|14:4,2344,7926,mp-aaaaakkj,mp-aaabfnrd,8:2|14:1,False
train,8:8|14:4,2344,7936,mp-aaaaakkj,mp-aaabfntn,8:2|14:1,False
train,8:8|14:4,2344,7984,mp-aaaaakkj,mp-aaabfojt,8:2|14:1,False
train,8:8|14:4,2344,8056,mp-aaaaakkj,mp-aaabfpfv,8:2|14:1,False
train,8:8|14:4,2344,8072,mp-aaaaakkj,mp-aaabfpjf,8:2|14:1,False
train,8:8|14:4,2344,8091,mp-aaaaakkj,mp-aaabfpst,8:2|14:1,False
train,8:8|14:4,2344,8241,mp-aaaaakkj,mp-aaabfrmc,8:2|14:1,False
train,8:8|14:4,2344,8540,mp-aaaaakkj,mp-aaabfvbn,8:2|14:1,False
train,8:8|14:4,2344,9431,mp-aaaaakkj,mp-aaabidoy,8:2|14:1,False
train,8:6|13:4,2348,10249,mp-aaaaaklc,mp-aaabqxzl,8:3|13:2,False
train,8:6|13:4,2348,10281,mp-aaaaaklc,mp-aaabqyia,8:3|13:2,False
train,8:8|14:4,2359,3033,mp-aaaaakmp,mp-aaaaansc,8:2|14:1,False
train,8:8|14:4,2359,3589,mp-aaaaakmp,mp-aaaaaqfc,8:2|14:1,False
train,8:8|14:4,2359,7926,mp-aaaaakmp,mp-aaabfnrd,8:2|14:1,False
train,8:8|14:4,2359,7936,mp-aaaaakmp,mp-aaabfntn,8:2|14:1,False
train,8:8|14:4,2359,7984,mp-aaaaakmp,mp-aaabfojt,8:2|14:1,False
train,8:8|14:4,2359,8056,mp-aaaaakmp,mp-aaabfpfv,8:2|14:1,False
train,8:8|14:4,2359,8072,mp-aaaaakmp,mp-aaabfpjf,8:2|14:1,False
train,8:8|14:4,2359,8091,mp-aaaaakmp,mp-aaabfpst,8:2|14:1,False
train,8:8|14:4,2359,8241,mp-aaaaakmp,mp-aaabfrmc,8:2|14:1,False
train,8:8|14:4,2359,8540,mp-aaaaakmp,mp-aaabfvbn,8:2|14:1,False
train,8:8|14:4,2359,9431,mp-aaaaakmp,mp-aaabidoy,8:2|14:1,False
train,8:2|9:2|57:2,2366,2703,mp-aaaaaknc,mp-aaaaalzz,8:1|9:1|57:1,False
train,6:1|76:1,2378,12834,mp-aaaaakos,mp-aaacflkl,6:1|76:1,False
train,6:1|76:1,2378,12835,mp-aaaaakos,mp-aaacflkm,6:1|76:1,False
train,50:1,2382,9526,mp-aaaaakpm,mp-aaabjmjf,50:1,False
train,50:1,2382,13163,mp-aaaaakpm,mp-aaacgexp,50:1,False
train,50:1,2382,13325,mp-aaaaakpm,mp-aaacicpg,50:1,False
train,65:1,2383,3740,mp-aaaaakpn,mp-aaaaaqyg,65:1,False
train,13:1|22:1|28:2,2392,17494,mp-aaaaakql,mp-aaacrgin,13:1|22:1|28:2,False
train,67:1,2407,3534,mp-aaaaaksi,mp-aaaaapyb,67:1,False
train,5:4|8:12|60:4,2408,4233,mp-aaaaaksk,mp-aaaaatzu,5:1|8:3|60:1,False
train,8:3|19:1|41:1,2444,11565,mp-aaaaakxr,mp-aaacbgit,8:3|19:1|41:1,False
train,8:12|13:4|62:4,2455,16259,mp-aaaaakyv,mp-aaacpnyv,8:3|13:1|62:1,False
train,37:8|51:8,2474,3422,mp-aaaaalai,mp-aaaaapnj,37:1|51:1,False
train,9:8|50:4,2477,2478,mp-aaaaalau,mp-aaaaalav,9:2|50:1,False
train,8:2|56:2,2491,12752,mp-aaaaalbz,mp-aaacfjwm,8:1|56:1,False
train,8:2|56:2,2491,15083,mp-aaaaalbz,mp-aaacpbjm,8:1|56:1,False
train,8:13|13:6|20:4,2501,8803,mp-aaaaaldr,mp-aaabfyql,8:13|13:6|20:4,False
train,5:2|8:6|71:2,2509,10495,mp-aaaaaleu,mp-aaabrgyn,5:1|8:3|71:1,False
train,15:1|32:1,2526,2800,mp-aaaaalfy,mp-aaaaamkb,15:1|32:1,False
train,9:8|32:4,2529,13842,mp-aaaaalgd,mp-aaackigq,9:2|32:1,False
train,7:4|8:4|41:4,2530,10259,mp-aaaaalge,mp-aaabqydb,7:1|8:1|41:1,False
train,7:4|8:4|41:4,2530,10296,mp-aaaaalge,mp-aaabqymy,7:1|8:1|41:1,False
train,8:4|9:4|51:4,2537,10173,mp-aaaaalgr,mp-aaabqwwz,8:1|9:1|51:1,False
train,9:6|37:3|81:1,2540,14931,mp-aaaaalgx,mp-aaacljuy,9:6|37:3|81:1,False
train,9:6|39:1|55:3,2541,14844,mp-aaaaalha,mp-aaaclirn,9:6|39:1|55:3,False
train,8:8|13:1|16:2|19:1,2554,9890,mp-aaaaalib,mp-aaabmcex,8:8|13:1|16:2|19:1,False
train,8:8|66:2|73:2,2569,8402,mp-aaaaalkh,mp-aaabftig,8:4|66:1|73:1,False
train,51:1,2581,3470,mp-aaaaalmn,mp-aaaaapsw,51:1,False
train,51:1,2581,3471,mp-aaaaalmn,mp-aaaaapsx,51:1,False
train,7:2|22:4,2593,2772,mp-aaaaalnq,mp-aaaaamgo,7:1|22:2,False
train,16:2|19:1|50:1,2596,8510,mp-aaaaalnu,mp-aaabfuow,16:2|19:1|50:1,False
train,16:2|37:1|50:1,2597,12607,mp-aaaaalnv,mp-aaacewfj,16:2|37:1|50:1,False
train,7:4|20:2|32:2,2600,13227,mp-aaaaalob,mp-aaacgowc,7:2|20:1|32:1,False
train,8:4|13:1|15:1,2609,7866,mp-aaaaalpw,mp-aaabfkha,8:4|13:1|15:1,False
train,8:4|78:2,2615,5203,mp-aaaaalqq,mp-aaaabdtv,8:2|78:1,False
train,13:1|16:2|47:1,2624,13896,mp-aaaaalrh,mp-aaackknk,13:1|16:2|47:1,False
train,13:2|30:1|34:4,2631,18492,mp-aaaaalsd,mp-aaacrxgg,13:2|30:1|34:4,False
train,9:6|32:1|37:2,2656,2915,mp-aaaaaltt,mp-aaaaanay,9:6|32:1|37:2,False
train,8:6|13:2|39:2,2664,10420,mp-aaaaalui,mp-aaabrare,8:3|13:1|39:1,False
train,8:8|12:4|14:2,2670,7971,mp-aaaaalva,mp-aaabfocy,8:4|12:2|14:1,False
train,8:8|12:4|14:2,2670,13133,mp-aaaaalva,mp-aaacgbbc,8:4|12:2|14:1,False
train,5:2|7:2,2674,9438,mp-aaaaalvj,mp-aaabifjz,5:1|7:1,False
train,5:2|7:2,2674,9447,mp-aaaaalvj,mp-aaabikuu,5:1|7:1,False
train,8:14|14:4|39:4,2676,8805,mp-aaaaalvr,mp-aaabfyrj,8:7|14:2|39:2,False
train,8:14|14:4|39:4,2676,8809,mp-aaaaalvr,mp-aaabfysd,8:7|14:2|39:2,False
train,5:12|6:3,2684,9357,mp-aaaaalxb,mp-aaabgnqt,5:4|6:1,False
train,5:12|6:3,2684,10047,mp-aaaaalxb,mp-aaabnqry,5:4|6:1,False
train,8:16|14:8,2691,3833,mp-aaaaalxz,mp-aaaaarhk,8:2|14:1,False
train,8:16|14:8,2691,8279,mp-aaaaalxz,mp-aaabfrxp,8:2|14:1,False
train,6:1|14:1,2692,12694,mp-aaaaalyc,mp-aaacfaok,6:1|14:1,False
train,3:4|4:2|8:8|14:2,2694,7938,mp-aaaaalyk,mp-aaabfntv,3:2|4:1|8:4|14:1,False
train,7:2|74:1,2701,12649,mp-aaaaalzp,mp-aaacewqf,7:2|74:1,False
train,16:6|19:2|42:6,2704,14113,mp-aaaaamae,mp-aaackvdk,16:3|19:1|42:3,False
train,9:6|55:2|78:1,2730,3035,mp-aaaaamdb,mp-aaaaansg,9:6|55:2|78:1,False
train,8:6|32:2|48:2,2766,10011,mp-aaaaamgh,mp-aaabnasd,8:3|32:1|48:1,False
train,8:6|30:2|32:2,2773,13142,mp-aaaaamgr,mp-aaacgbvb,8:3|30:1|32:1,False
train,8:4|14:2,2791,7810,mp-aaaaamjg,mp-aaabfcwo,8:2|14:1,False
train,8:4|14:2,2791,13155,mp-aaaaamjg,mp-aaacgdcp,8:2|14:1,False
train,9:6|57:2,2792,13959,mp-aaaaamji,mp-aaackqva,9:3|57:1,False
train,8:8|13:2|14:2|19:2,2793,3086,mp-aaaaamjj,mp-aaaaaoaq,8:4|13:1|14:1|19:1,False
train,9:6|19:2|72:1,2816,2817,mp-aaaaamlq,mp-aaaaamlr,9:6|19:2|72:1,False
train,3:2|16:2|19:2,2820,10104,mp-aaaaammg,mp-aaabpcif,3:1|16:1|19:1,False
train,9:12|19:4|72:2,2857,4342,mp-aaaaamsk,mp-aaaaauxk,9:6|19:2|72:1,False
train,34:2|51:2|52:1,2865,9346,mp-aaaaamtg,mp-aaabgnms,34:2|51:2|52:1,False
train,16:4|51:4|77:4,2871,3038,mp-aaaaamty,mp-aaaaanso,16:1|51:1|77:1,False
train,13:2|33:2,2934,3644,mp-aaaaandp,mp-aaaaaqpd,13:1|33:1,False
train,15:2|31:2,2935,13051,mp-aaaaandq,mp-aaacfyil,15:1|31:1,False
train,30:2|52:2,2936,7675,mp-aaaaands,mp-aaabeuyr,30:1|52:1,False
train,16:2|29:2|47:2,2941,13531,mp-aaaaanet,mp-aaacjikh,16:1|29:1|47:1,False
train,16:2|29:2|47:2,2941,16932,mp-aaaaanet,mp-aaacqpdy,16:1|29:1|47:1,False
train,7:2|29:1|73:1,2944,12586,mp-aaaaanfj,mp-aaacewah,7:2|29:1|73:1,False
train,34:2|50:2,2947,9582,mp-aaaaanfs,mp-aaabjudp,34:1|50:1,False
train,33:2|46:2|60:2,2953,2954,mp-aaaaangf,mp-aaaaangg,33:1|46:1|60:1,False
train,16:4|29:2|74:1,2966,8323,mp-aaaaanhg,mp-aaabfsnl,16:4|29:2|74:1,False
train,8:8|22:4,3011,6266,mp-aaaaanov,mp-aaaabljq,8:2|22:1,False
train,8:8|22:4,3011,7954,mp-aaaaanov,mp-aaabfnyk,8:2|22:1,False
train,8:8|22:4,3011,14047,mp-aaaaanov,mp-aaacktbj,8:2|22:1,False
train,8:8|22:4,3011,18629,mp-aaaaanov,mp-aaadaxgi,8:2|22:1,False
train,8:8|22:4,3011,18659,mp-aaaaanov,mp-aaadbslf,8:2|22:1,False
train,8:8|22:4,3011,18671,mp-aaaaanov,mp-aaadcdgv,8:2|22:1,False
train,8:12|34:4|80:4,3024,3546,mp-aaaaanqy,mp-aaaaapzi,8:3|34:1|80:1,False
train,8:12|34:4|80:4,3024,8308,mp-aaaaanqy,mp-aaabfshs,8:3|34:1|80:1,False
train,8:8|14:4,3033,3589,mp-aaaaansc,mp-aaaaaqfc,8:2|14:1,False
train,8:8|14:4,3033,7926,mp-aaaaansc,mp-aaabfnrd,8:2|14:1,False
train,8:8|14:4,3033,7936,mp-aaaaansc,mp-aaabfntn,8:2|14:1,False
train,8:8|14:4,3033,7984,mp-aaaaansc,mp-aaabfojt,8:2|14:1,False
train,8:8|14:4,3033,8056,mp-aaaaansc,mp-aaabfpfv,8:2|14:1,False
train,8:8|14:4,3033,8072,mp-aaaaansc,mp-aaabfpjf,8:2|14:1,False
train,8:8|14:4,3033,8091,mp-aaaaansc,mp-aaabfpst,8:2|14:1,False
train,8:8|14:4,3033,8241,mp-aaaaansc,mp-aaabfrmc,8:2|14:1,False
train,8:8|14:4,3033,8540,mp-aaaaansc,mp-aaabfvbn,8:2|14:1,False
train,8:8|14:4,3033,9431,mp-aaaaansc,mp-aaabidoy,8:2|14:1,False
train,30:3|52:3,3040,9300,mp-aaaaansz,mp-aaabgmzb,30:1|52:1,False
train,30:3|52:3,3040,13486,mp-aaaaansz,mp-aaaciyup,30:1|52:1,False
train,16:12|65:8,3051,16909,mp-aaaaanup,mp-aaacqozp,16:3|65:2,False
train,9:6|19:1|21:1|37:2,3056,3057,mp-aaaaanvo,mp-aaaaanvp,9:6|19:1|21:1|37:2,False
train,29:2|32:2|68:2,3073,18150,mp-aaaaanxe,mp-aaacrszb,29:1|32:1|68:1,False
train,8:10|13:4|14:2,3098,3099,mp-aaaaaobz,mp-aaaaaoca,8:5|13:2|14:1,False
train,19:4|34:8|51:4,3117,7745,mp-aaaaaoei,mp-aaabewsw,19:1|34:2|51:1,False
train,29:3|34:4|51:1,3192,18188,mp-aaaaaonm,mp-aaacrtif,29:3|34:4|51:1,False
train,52:1,3226,3486,mp-aaaaaors,mp-aaaaaptu,52:1,False
train,52:1,3226,15092,mp-aaaaaors,mp-aaacpbzo,52:1,False
train,32:1|51:1,3228,18023,mp-aaaaaosd,mp-aaacrrcw,32:1|51:1,False
train,32:1|51:1,3228,18024,mp-aaaaaosd,mp-aaacrrcx,32:1|51:1,False
train,16:2|73:1,3260,8036,mp-aaaaaove,mp-aaabfpbp,16:2|73:1,False
train,16:2|73:1,3260,15100,mp-aaaaaove,mp-aaacpcsb,16:2|73:1,False
train,22:2|34:2,3265,4170,mp-aaaaaovr,mp-aaaaatlw,22:1|34:1,False
train,22:2|34:2,3265,9029,mp-aaaaaovr,mp-aaabgjkn,22:1|34:1,False
train,6:1|44:1,3266,12857,mp-aaaaaovu,mp-aaacflue,6:1|44:1,False
train,6:1|13:1|68:3,3270,8952,mp-aaaaaowc,mp-aaabgigz,6:1|13:1|68:3,False
train,31:1|33:1,3276,13345,mp-aaaaaowm,mp-aaacigsk,31:1|33:1,False
train,22:2|33:2,3277,9039,mp-aaaaaowq,mp-aaabgjpc,22:1|33:1,False
train,49:1|51:1,3312,3313,mp-aaaaapai,mp-aaaaapaj,49:1|51:1,False
train,49:1|51:1,3312,5102,mp-aaaaapai,mp-aaaabdfk,49:1|51:1,False
train,49:1|51:1,3312,5175,mp-aaaaapai,mp-aaaabdps,49:1|51:1,False
train,49:1|51:1,3312,9995,mp-aaaaapai,mp-aaabmysr,49:1|51:1,False
train,49:1|51:1,3312,17890,mp-aaaaapai,mp-aaacrqcv,49:1|51:1,False
train,49:1|51:1,3312,17891,mp-aaaaapai,mp-aaacrqcz,49:1|51:1,False
train,49:1|51:1,3313,5102,mp-aaaaapaj,mp-aaaabdfk,49:1|51:1,False
train,49:1|51:1,3313,5175,mp-aaaaapaj,mp-aaaabdps,49:1|51:1,False
train,49:1|51:1,3313,9995,mp-aaaaapaj,mp-aaabmysr,49:1|51:1,False
train,49:1|51:1,3313,17890,mp-aaaaapaj,mp-aaacrqcv,49:1|51:1,False
train,49:1|51:1,3313,17891,mp-aaaaapaj,mp-aaacrqcz,49:1|51:1,False
train,19:1,3315,12552,mp-aaaaapar,mp-aaacevqn,19:1,False
train,19:1,3315,13323,mp-aaaaapar,mp-aaacicel,19:1,False
train,3:1|15:1|30:1,3328,9116,mp-aaaaapbq,mp-aaabgksz,3:1|15:1|30:1,False
train,25:2|34:2,3340,9449,mp-aaaaapcm,mp-aaabikvu,25:1|34:1,False
train,11:1|16:2|23:1,3346,3347,mp-aaaaapdg,mp-aaaaapdh,11:1|16:2|23:1,False
train,3:4|8:8|66:4,3356,12012,mp-aaaaapeh,mp-aaacdowk,3:1|8:2|66:1,False
train,16:4|30:4,3369,8086,mp-aaaaapfl,mp-aaabfppy,16:1|30:1,False
train,5:4|6:4|20:2,3373,4490,mp-aaaaapft,mp-aaaaaxch,5:2|6:2|20:1,False
train,5:2|8:6|9:4|13:2|56:2,3428,8476,mp-aaaaapog,mp-aaabfuel,5:1|8:3|9:2|13:1|56:1,False
train,33:1|59:1,3465,12840,mp-aaaaapso,mp-aaacflmd,33:1|59:1,False
train,51:1,3470,3471,mp-aaaaapsw,mp-aaaaapsx,51:1,False
train,21:1,3476,13327,mp-aaaaapth,mp-aaacicrm,21:1,False
train,52:1,3486,15092,mp-aaaaaptu,mp-aaacpbzo,52:1,False
train,69:1,3487,3488,mp-aaaaapua,mp-aaaaapub,69:1,False
train,6:2|8:6|19:4,3489,7922,mp-aaaaapuc,mp-aaabfnqm,6:1|8:3|19:2,False
train,56:1,3494,9455,mp-aaaaaput,mp-aaabimdq,56:1,False
train,56:1,3494,18703,mp-aaaaaput,mp-aaaeinrv,56:1,False
train,20:1,3497,15372,mp-aaaaapux,mp-aaacpirn,20:1,False
train,29:1|48:1|51:1,3499,9030,mp-aaaaapuz,mp-aaabgjky,29:1|48:1|51:1,False
train,9:3|21:1,3504,8541,mp-aaaaapvi,mp-aaabfvbo,9:3|21:1,False
train,14:6|23:3,3509,3638,mp-aaaaapvz,mp-aaaaaqok,14:2|23:1,False
train,8:1|46:1,3514,9441,mp-aaaaapwq,mp-aaabiijz,8:1|46:1,False
train,66:1,3524,3525,mp-aaaaapxm,mp-aaaaapxn,66:1,False
train,23:1|26:1|51:1,3527,8904,mp-aaaaapxs,mp-aaabghse,23:1|26:1|51:1,False
train,12:1|34:1,3529,4128,mp-aaaaapxw,mp-aaaaathf,12:1|34:1,False
train,26:2|52:2,3530,5527,mp-aaaaapxx,mp-aaaabfmf,26:1|52:1,False
train,51:2|56:2|79:2,3535,9038,mp-aaaaapyf,mp-aaabgjop,51:1|56:1|79:1,False
train,8:12|34:4|80:4,3546,8308,mp-aaaaapzi,mp-aaabfshs,8:3|34:1|80:1,False
train,8:6|14:3,3557,7803,mp-aaaaaqbj,mp-aaabfcna,8:2|14:1,False
train,8:6|14:3,3557,9755,mp-aaaaaqbj,mp-aaabkmcr,8:2|14:1,False
train,80:3,3558,9079,mp-aaaaaqbt,mp-aaabgkgm,80:1,False
train,13:1|23:1|28:2,3577,18523,mp-aaaaaqdf,mp-aaacrxvc,13:1|23:1|28:2,False
train,8:8|14:4,3589,7926,mp-aaaaaqfc,mp-aaabfnrd,8:2|14:1,False
train,8:8|14:4,3589,7936,mp-aaaaaqfc,mp-aaabfntn,8:2|14:1,False
train,8:8|14:4,3589,7984,mp-aaaaaqfc,mp-aaabfojt,8:2|14:1,False
train,8:8|14:4,3589,8056,mp-aaaaaqfc,mp-aaabfpfv,8:2|14:1,False
train,8:8|14:4,3589,8072,mp-aaaaaqfc,mp-aaabfpjf,8:2|14:1,False
train,8:8|14:4,3589,8091,mp-aaaaaqfc,mp-aaabfpst,8:2|14:1,False
train,8:8|14:4,3589,8241,mp-aaaaaqfc,mp-aaabfrmc,8:2|14:1,False
train,8:8|14:4,3589,8540,mp-aaaaaqfc,mp-aaabfvbn,8:2|14:1,False
train,8:8|14:4,3589,9431,mp-aaaaaqfc,mp-aaabidoy,8:2|14:1,False
train,6:1|7:2|48:1,3594,15138,mp-aaaaaqfx,mp-aaacpgod,6:1|7:2|48:1,False
train,6:1|7:2|48:1,3594,15139,mp-aaaaaqfx,mp-aaacpgom,6:1|7:2|48:1,False
train,7:2|38:1|58:1,3635,17588,mp-aaaaaqny,mp-aaacrigm,7:2|38:1|58:1,False
train,47:2|51:2|56:2,3646,16910,mp-aaaaaqph,mp-aaacqpai,47:1|51:1|56:1,False
train,12:6|79:2,3667,13621,mp-aaaaaqqt,mp-aaacjkcq,12:3|79:1,False
train,20:1|80:2,3686,12848,mp-aaaaaqsd,mp-aaacflot,20:1|80:2,False
train,48:2|68:1,3691,13383,mp-aaaaaqsm,mp-aaacimsq,48:2|68:1,False
train,48:2|67:1,3693,12818,mp-aaaaaqsr,mp-aaacfksu,48:2|67:1,False
train,3:2|48:1|82:1,3694,3695,mp-aaaaaqsu,mp-aaaaaqsv,3:2|48:1|82:1,False
train,48:2|69:1,3699,12775,mp-aaaaaqtb,mp-aaacfkdd,48:2|69:1,False
train,8:14|39:6|73:2,3703,16681,mp-aaaaaqtl,mp-aaacptum,8:7|39:3|73:1,False
train,34:2|73:1,3704,8918,mp-aaaaaqto,mp-aaabghvo,34:2|73:1,False
train,15:4|74:2,3705,3706,mp-aaaaaqts,mp-aaaaaqtt,15:2|74:1,False
train,67:1|80:2,3745,12824,mp-aaaaaqyv,mp-aaacfkub,67:1|80:2,False
train,67:1|80:2,3745,13384,mp-aaaaaqyv,mp-aaacimvg,67:1|80:2,False
train,57:1|80:2,3747,13374,mp-aaaaaqyx,mp-aaacimkd,57:1|80:2,False
train,57:1|80:2,3747,13388,mp-aaaaaqyx,mp-aaacimxk,57:1|80:2,False
train,80:1|81:1,3754,17433,mp-aaaaaqzh,mp-aaacrfpf,80:1|81:1,False
train,40:1|77:1,3762,12962,mp-aaaaaqzs,mp-aaacfxgf,40:1|77:1,False
train,41:1|44:3,3778,17742,mp-aaaaaraz,mp-aaacrlhk,41:1|44:3,False
train,28:3|50:1,3780,3781,mp-aaaaarbe,mp-aaaaarbf,28:3|50:1,False
train,22:1|46:1,3790,13334,mp-aaaaarcc,mp-aaacidph,22:1|46:1,False
train,7:8|14:6,3813,7477,mp-aaaaarel,mp-aaaaciiz,7:4|14:3,False
train,7:8|72:6,3826,10405,mp-aaaaargm,mp-aaabraim,7:4|72:3,False
train,7:8|40:6,3827,10247,mp-aaaaargn,mp-aaabqxyr,7:4|40:3,False
train,8:16|14:8,3833,8279,mp-aaaaarhk,mp-aaabfrxp,8:2|14:1,False
train,52:2|78:2,3836,9337,mp-aaaaarht,mp-aaabgnlg,52:1|78:1,False
train,6:5|14:5,3846,9012,mp-aaaaarin,mp-aaabgjdz,6:1|14:1,False
train,6:2|8:4,3850,13520,mp-aaaaariz,mp-aaacjhrg,6:1|8:2,False
train,8:8|14:2|40:2,3851,13135,mp-aaaaarjk,mp-aaacgbtk,8:4|14:1|40:1,False
train,7:1|15:1|20:3,3875,12883,mp-aaaaarmu,mp-aaacfrii,7:1|15:1|20:3,False
train,24:1|77:3,3929,18222,mp-aaaaarwt,mp-aaacruca,24:1|77:3,False
train,32:1,3936,12553,mp-aaaaarxd,mp-aaacevqp,32:1,False
train,32:1,3936,18037,mp-aaaaarxd,mp-aaacrrej,32:1,False
train,47:1|51:1|52:2,3972,3973,mp-aaaaashj,mp-aaaaashk,47:1|51:1|52:2,False
train,47:1|51:1|52:2,3972,18553,mp-aaaaashj,mp-aaacrybj,47:1|51:1|52:2,False
train,47:1|51:1|52:2,3973,18553,mp-aaaaashk,mp-aaacrybj,47:1|51:1|52:2,False
train,3:2|30:1|32:1,3981,8878,mp-aaaaasjj,mp-aaabghir,3:2|30:1|32:1,False
train,16:8|29:4|67:4,3989,8696,mp-aaaaaskz,mp-aaabfxhz,16:2|29:1|67:1,False
train,16:8|29:4|68:4,3990,8607,mp-aaaaasla,mp-aaabfwdu,16:2|29:1|68:1,False
train,16:8|29:4|69:4,3991,16578,mp-aaaaaslb,mp-aaacprem,16:2|29:1|69:1,False
train,37:1,4032,9744,mp-aaaaasrs,mp-aaabkkjz,37:1,False
train,37:1,4032,11932,mp-aaaaasrs,mp-aaacdnbz,37:1,False
train,8:8|41:2|65:2,4042,10392,mp-aaaaassl,mp-aaabraan,8:4|41:1|65:1,False
train,8:8|41:2|65:2,4042,10660,mp-aaaaassl,mp-aaabsjxh,8:4|41:1|65:1,False
train,25:1|79:1,4050,4051,mp-aaaaastm,mp-aaaaastn,25:1|79:1,False
train,13:1|29:3,4074,12761,mp-aaaaasxl,mp-aaacfjyp,13:1|29:3,False
train,48:2|52:2,4075,10009,mp-aaaaasxn,mp-aaabmznu,48:1|52:1,False
train,48:2|52:2,4075,12747,mp-aaaaasxn,mp-aaacfjvj,48:1|52:1,False
train,48:2|52:2,4075,13426,mp-aaaaasxn,mp-aaacirqm,48:1|52:1,False
train,8:12|14:6,4077,8585,mp-aaaaasxv,mp-aaabfvte,8:2|14:1,False
train,8:12|14:6,4077,8618,mp-aaaaasxv,mp-aaabfwhs,8:2|14:1,False
train,8:12|14:6,4077,9433,mp-aaaaasxv,mp-aaabidqf,8:2|14:1,False
train,8:12|14:6,4077,9741,mp-aaaaasxv,mp-aaabkjyt,8:2|14:1,False
train,14:2|16:8|19:2|57:2,4103,10723,mp-aaaaatdc,mp-aaabxbbm,14:1|16:4|19:1|57:1,False
train,8:8|33:2|62:2,4105,4236,mp-aaaaatdh,mp-aaaaauak,8:4|33:1|62:1,False
train,8:8|65:2|73:2,4106,7985,mp-aaaaatdk,mp-aaabfokn,8:4|65:1|73:1,False
train,47:1|52:2|69:1,4110,17447,mp-aaaaatef,mp-aaacrfre,47:1|52:2|69:1,False
train,8:8|50:4,4116,18625,mp-aaaaatfe,mp-aaadatvw,8:2|50:1,False
train,8:8|50:4,4116,18660,mp-aaaaatfe,mp-aaadbtbi,8:2|50:1,False
train,8:2|50:1,4117,18639,mp-aaaaatff,mp-aaadbddi,8:2|50:1,False
train,7:1|21:1,4118,12855,mp-aaaaatfh,mp-aaacflso,7:1|21:1,False
train,8:6|56:2|67:1|73:1,4121,4122,mp-aaaaatga,mp-aaaaatgb,8:6|56:2|67:1|73:1,False
train,8:8|13:2|15:2,4127,7790,mp-aaaaatgy,mp-aaabfbra,8:4|13:1|15:1,False
train,12:1|52:1,4130,12786,mp-aaaaathh,mp-aaacfkhm,12:1|52:1,False
train,7:1|42:1,4131,4132,mp-aaaaathi,mp-aaaaathk,7:1|42:1,False
train,7:1|42:1,4131,4663,mp-aaaaathi,mp-aaaaaytm,7:1|42:1,False
train,7:1|42:1,4131,13351,mp-aaaaathi,mp-aaacihgo,7:1|42:1,False
train,7:1|42:1,4132,4663,mp-aaaaathk,mp-aaaaaytm,7:1|42:1,False
train,7:1|42:1,4132,13351,mp-aaaaathk,mp-aaacihgo,7:1|42:1,False
train,8:6|56:2|57:1|73:1,4137,4138,mp-aaaaatid,mp-aaaaatie,8:6|56:2|57:1|73:1,False
train,8:3|68:2,4142,18148,mp-aaaaatio,mp-aaacrsyy,8:3|68:2,False
train,7:4|77:2,4148,13078,mp-aaaaatiy,mp-aaacfzab,7:2|77:1,False
train,7:1|39:1,4152,4153,mp-aaaaatju,mp-aaaaatjv,7:1|39:1,False
train,7:1|39:1,4152,12559,mp-aaaaatju,mp-aaacevrf,7:1|39:1,False
train,7:1|39:1,4153,12559,mp-aaaaatjv,mp-aaacevrf,7:1|39:1,False
train,8:6|38:2|72:2,4156,7852,mp-aaaaatkf,mp-aaabfiyu,8:3|38:1|72:1,False
train,7:1|28:1,4157,12831,mp-aaaaatkm,mp-aaacflih,7:1|28:1,False
train,7:1|28:1,4157,12832,mp-aaaaatkm,mp-aaacflim,7:1|28:1,False
train,7:1|29:1,4158,12801,mp-aaaaatkn,mp-aaacfkms,7:1|29:1,False
train,7:1|29:1,4158,12802,mp-aaaaatkn,mp-aaacfkmt,7:1|29:1,False
train,7:2|40:2,4160,12921,mp-aaaaatkw,mp-aaacfsge,7:1|40:1,False
train,7:2|40:2,4160,12963,mp-aaaaatkw,mp-aaacfxgk,7:1|40:1,False
train,7:2|40:2,4160,13784,mp-aaaaatkw,mp-aaackgiq,7:1|40:1,False
train,6:1|74:1,4163,12768,mp-aaaaatlg,mp-aaacfkbm,6:1|74:1,False
train,6:1|74:1,4163,12771,mp-aaaaatlg,mp-aaacfkbr,6:1|74:1,False
train,52:1|80:1,4165,17955,mp-aaaaatll,mp-aaacrqne,52:1|80:1,False
train,7:2|20:3,4166,12880,mp-aaaaatlq,mp-aaacfrhs,7:2|20:3,False
train,22:2|34:2,4170,9029,mp-aaaaatlw,mp-aaabgjkn,22:1|34:1,False
train,7:1|78:1,4178,4179,mp-aaaaatms,mp-aaaaatmt,7:1|78:1,False
train,8:16|51:4|59:4,4183,16922,mp-aaaaatnm,mp-aaacqpbk,8:4|51:1|59:1,False
train,29:2|50:2|71:2,4185,13500,mp-aaaaatns,mp-aaacjbal,29:1|50:1|71:1,False
train,8:6|30:2|50:2,4209,4411,mp-aaaaatsw,mp-aaaaavqq,8:3|30:1|50:1,False
train,7:1|29:3,4229,18172,mp-aaaaatym,mp-aaacrtez,7:1|29:3,False
train,7:1|29:3,4229,18181,mp-aaaaatym,mp-aaacrtgc,7:1|29:3,False
train,7:2|8:6|37:2,4253,7459,mp-aaaaaufi,mp-aaaaceoa,7:1|8:3|37:1,False
train,8:16|51:8,4287,8642,mp-aaaaauni,mp-aaabfwog,8:2|51:1,False
train,3:4|9:12|78:2,4318,16609,mp-aaaaaury,mp-aaacpsgn,3:2|9:6|78:1,False
train,8:4|48:1|92:1,4321,7776,mp-aaaaausm,mp-aaabfbco,8:4|48:1|92:1,False
train,8:6|22:2|30:2,4343,13568,mp-aaaaauxy,mp-aaacjjjq,8:3|22:1|30:1,False
train,8:14|20:4|51:4,4344,4594,mp-aaaaauyb,mp-aaaaayce,8:7|20:2|51:2,False
train,8:14|20:4|51:4,4344,16616,mp-aaaaauyb,mp-aaacpsnr,8:7|20:2|51:2,False
train,8:8|13:2|73:2,4371,10485,mp-aaaaavfh,mp-aaabrgwa,8:4|13:1|73:1,False
train,8:16|12:6|15:4,4379,8699,mp-aaaaavhs,mp-aaabfxil,8:8|12:3|15:2,False
train,8:16|11:2|41:6,4399,9528,mp-aaaaavmx,mp-aaabjmwk,8:8|11:1|41:3,False
train,8:12|22:4|48:4,4402,5431,mp-aaaaavnq,mp-aaaabezk,8:3|22:1|48:1,False
train,9:8|12:2|56:2,4406,14017,mp-aaaaavoi,mp-aaackshv,9:4|12:1|56:1,False
train,8:8|11:8|22:2,4422,10511,mp-aaaaavuk,mp-aaabritn,8:4|11:4|22:1,False
train,5:2|8:12|19:3|41:3,4466,8517,mp-aaaaawom,mp-aaabfurk,5:2|8:12|19:3|41:3,False
train,9:8|12:2|38:2,4470,13838,mp-aaaaawrc,mp-aaackifi,9:4|12:1|38:1,False
train,9:6|11:1|37:2|67:1,4471,4472,mp-aaaaawrd,mp-aaaaawre,9:6|11:1|37:2|67:1,False
train,8:10|13:2|20:2|73:2,4518,18303,mp-aaaaaxhd,mp-aaacrvgf,8:5|13:1|20:1|73:1,False
train,3:1|16:2|39:1,4530,10375,mp-aaaaaxjg,mp-aaabqzrs,3:1|16:2|39:1,False
train,4:3|9:6,4551,8428,mp-aaaaaxpn,mp-aaabftqc,4:1|9:2,False
train,15:2|32:1|48:1,4590,18257,mp-aaaaaybs,mp-aaacrusn,15:2|32:1|48:1,False
train,8:14|20:4|51:4,4594,16616,mp-aaaaayce,mp-aaacpsnr,8:7|20:2|51:2,False
train,8:14|48:4|51:4,4595,16693,mp-aaaaaycf,mp-aaacpucz,8:7|48:2|51:2,False
train,29:2|34:1,4616,5673,mp-aaaaayfm,mp-aaaabgzp,29:2|34:1,False
train,29:2|34:1,4616,18189,mp-aaaaayfm,mp-aaacrtij,29:2|34:1,False
train,15:1|21:1,4662,12854,mp-aaaaaytk,mp-aaacflsk,15:1|21:1,False
train,7:1|42:1,4663,13351,mp-aaaaaytm,mp-aaacihgo,7:1|42:1,False
train,29:2|68:2|82:2,4671,13526,mp-aaaaayuh,mp-aaacjhwx,29:1|68:1|82:1,False
train,8:24|14:12,4699,8523,mp-aaaaazcm,mp-aaabfutv,8:2|14:1,False
train,8:24|14:12,4699,8714,mp-aaaaazcm,mp-aaabfxqg,8:2|14:1,False
train,8:24|14:12,4699,9434,mp-aaaaazcm,mp-aaabidql,8:2|14:1,False
train,8:20|11:8|14:8,4701,7969,mp-aaaaazcs,mp-aaabfocl,8:5|11:2|14:2,False
train,8:20|11:8|14:8,4701,8013,mp-aaaaazcs,mp-aaabfouq,8:5|11:2|14:2,False
train,9:18|11:6|32:3,4755,4776,mp-aaaaazph,mp-aaaaazus,9:6|11:2|32:1,False
train,8:16|11:8|92:4,4790,9897,mp-aaaaazzk,mp-aaabmclc,8:4|11:2|92:1,False
train,8:16|14:4|52:4|59:8,4822,7713,mp-aaaabags,mp-aaabevua,8:4|14:1|52:1|59:2,False
train,8:16|14:4|38:8,4832,4948,mp-aaaabajp,mp-aaaabbjy,8:4|14:1|38:2,False
train,9:18|11:6|22:3,4879,8150,mp-aaaabatf,mp-aaabfqno,9:6|11:2|22:1,False
train,8:28|14:4|15:8,4890,4908,mp-aaaabawj,mp-aaaabbbp,8:7|14:1|15:2,False
train,8:24|20:4|73:8,4900,7917,mp-aaaabazd,mp-aaabfnpe,8:6|20:1|73:2,False
train,8:24|15:8|19:2|39:2,4970,7681,mp-aaaabbpt,mp-aaabevat,8:12|15:4|19:1|39:1,False
train,8:6|38:1|56:2|74:1,4986,5037,mp-aaaabbts,mp-aaaabcfu,8:6|38:1|56:2|74:1,False
train,8:12|74:4,4989,8544,mp-aaaabbub,mp-aaabfvcs,8:3|74:1,False
train,8:7|23:2|30:2,4995,9716,mp-aaaabbvj,mp-aaabkclh,8:7|23:2|30:2,False
train,8:8|12:2|74:2,5009,9469,mp-aaaabbxz,mp-aaabipzl,8:4|12:1|74:1,False
train,8:8|23:2|68:2,5011,5020,mp-aaaabbye,mp-aaaabcbg,8:4|23:1|68:1,False
train,8:8|30:2|74:2,5015,16923,mp-aaaabbzq,mp-aaacqpbw,8:4|30:1|74:1,False
train,8:2|11:1|27:1,5016,13986,mp-aaaabbzt,mp-aaackrrp,8:2|11:1|27:1,False
train,8:6|20:1|56:2|74:1,5025,5061,mp-aaaabcbx,mp-aaaabcju,8:6|20:1|56:2|74:1,False
train,8:6|20:1|38:2|74:1,5026,13594,mp-aaaabccb,mp-aaacjjrj,8:6|20:1|38:2|74:1,False
train,8:10|15:2|23:2,5028,8208,mp-aaaabccu,mp-aaabfreh,8:5|15:1|23:1,False
train,8:10|15:2|23:2,5028,17425,mp-aaaabccu,mp-aaacrfgx,8:5|15:1|23:1,False
train,8:8|56:2|74:2,5032,8266,mp-aaaabceq,mp-aaabfrrr,8:4|56:1|74:1,False
train,8:8|56:2|74:2,5032,13846,mp-aaaabceq,mp-aaackihn,8:4|56:1|74:1,False
train,8:6|30:1|38:2|74:1,5071,13693,mp-aaaabcnq,mp-aaacjlhy,8:6|30:1|38:2|74:1,False
train,8:6|74:2,5092,10096,mp-aaaabctv,mp-aaabotbn,8:3|74:1,False
train,8:8|11:2|23:2|48:2,5094,8656,mp-aaaabcub,mp-aaabfwul,8:4|11:1|23:1|48:1,False
train,52:1|82:1,5097,5434,mp-aaaabdej,mp-aaaabezn,52:1|82:1,False
train,49:1|51:1,5102,5175,mp-aaaabdfk,mp-aaaabdps,49:1|51:1,False
train,49:1|51:1,5102,9995,mp-aaaabdfk,mp-aaabmysr,49:1|51:1,False
train,49:1|51:1,5102,17890,mp-aaaabdfk,mp-aaacrqcv,49:1|51:1,False
train,49:1|51:1,5102,17891,mp-aaaabdfk,mp-aaacrqcz,49:1|51:1,False
train,7:1|60:3|82:1,5112,13797,mp-aaaabdgs,mp-aaackgmv,7:1|60:3|82:1,False
train,16:4|49:4,5117,9585,mp-aaaabdhj,mp-aaabjwtc,16:1|49:1,False
train,7:1|68:1,5124,12702,mp-aaaabdis,mp-aaacfaph,7:1|68:1,False
train,8:8|23:2|82:3,5146,5544,mp-aaaabdln,mp-aaaabfoc,8:8|23:2|82:3,False
train,34:3|49:2,5148,12973,mp-aaaabdlr,mp-aaacfxhd,34:3|49:2,False
train,8:2|82:2,5154,9975,mp-aaaabdmf,mp-aaabmnpi,8:1|82:1,False
train,8:3|22:1|56:1,5170,7500,mp-aaaabdow,mp-aaabcsqd,8:3|22:1|56:1,False
train,8:3|22:1|56:1,5170,9857,mp-aaaabdow,mp-aaabkrkj,8:3|22:1|56:1,False
train,8:12|11:4|51:4,5174,5659,mp-aaaabdpr,mp-aaaabgwi,8:3|11:1|51:1,False
train,8:12|11:4|51:4,5174,10147,mp-aaaabdpr,mp-aaabqvod,8:3|11:1|51:1,False
train,49:1|51:1,5175,9995,mp-aaaabdps,mp-aaabmysr,49:1|51:1,False
train,49:1|51:1,5175,17890,mp-aaaabdps,mp-aaacrqcv,49:1|51:1,False
train,49:1|51:1,5175,17891,mp-aaaabdps,mp-aaacrqcz,49:1|51:1,False
train,16:4|49:2|81:2,5184,13589,mp-aaaabdqw,mp-aaacjjpl,16:2|49:1|81:1,False
train,16:2|47:1|49:1,5213,9954,mp-aaaabdvm,mp-aaabmmej,16:2|47:1|49:1,False
train,16:2|47:1|49:1,5213,13929,mp-aaaabdvm,mp-aaackkui,16:2|47:1|49:1,False
train,16:2|47:1|49:1,5213,17940,mp-aaaabdvm,mp-aaacrqkp,16:2|47:1|49:1,False
train,6:1|25:3|31:1,5214,5541,mp-aaaabdvo,mp-aaaabfnt,6:1|25:3|31:1,False
train,8:2|58:1,5222,13377,mp-aaaabdws,mp-aaacimmf,8:2|58:1,False
train,34:2|41:1|49:1,5247,13023,mp-aaaabdzz,mp-aaacfyci,34:2|41:1|49:1,False
train,33:1|49:1,5254,5562,mp-aaaabeaz,mp-aaaabfqt,33:1|49:1,False
train,8:3|40:1|82:1,5263,13452,mp-aaaabecf,mp-aaaciutd,8:3|40:1|82:1,False
train,15:1|49:1,5269,5298,mp-aaaabect,mp-aaaabegv,15:1|49:1,False
train,6:1|49:1|60:3,5279,9461,mp-aaaabeeb,mp-aaabinln,6:1|49:1|60:3,False
train,7:1|49:1,5288,5393,mp-aaaabefb,mp-aaaabeum,7:1|49:1,False
train,8:6|56:2|82:2,5300,5445,mp-aaaabegz,mp-aaaabfbj,8:3|56:1|82:1,False
train,8:6|56:2|82:2,5300,5662,mp-aaaabegz,mp-aaaabgxa,8:3|56:1|82:1,False
train,82:1,5306,5763,mp-aaaabehv,mp-aaaabhou,82:1,False
train,34:4|49:4,5307,13653,mp-aaaabehx,mp-aaacjkoa,34:1|49:1,False
train,8:8|31:4|82:2,5313,8737,mp-aaaabeii,mp-aaabfxxl,8:4|31:2|82:1,False
train,28:1|50:1|72:1,5321,9726,mp-aaaabejj,mp-aaabkfgz,28:1|50:1|72:1,False
train,28:1|50:1|72:1,5321,11562,mp-aaaabejj,mp-aaacapbk,28:1|50:1|72:1,False
train,16:2|82:2,5322,12879,mp-aaaabejm,mp-aaacfprv,16:1|82:1,False
train,16:2|41:1|49:1,5343,12986,mp-aaaabend,mp-aaacfxys,16:2|41:1|49:1,False
train,7:1|13:1|59:3,5357,13792,mp-aaaabepo,mp-aaackgls,7:1|13:1|59:3,False
train,8:4|82:4,5413,7846,mp-aaaabexa,mp-aaabfiri,8:1|82:1,False
train,22:1|28:1|51:1,5438,9417,mp-aaaabezw,mp-aaabhcno,22:1|28:1|51:1,False
train,8:6|56:2|82:2,5445,5662,mp-aaaabfbj,mp-aaaabgxa,8:3|56:1|82:1,False
train,16:1|82:1,5464,5528,mp-aaaabfdf,mp-aaaabfmi,16:1|82:1,False
train,16:1|82:1,5464,12838,mp-aaaabfdf,mp-aaacflkx,16:1|82:1,False
train,16:1|82:1,5464,13335,mp-aaaabfdf,mp-aaacidql,16:1|82:1,False
train,32:3|47:3|66:3,5467,8898,mp-aaaabfdl,mp-aaabghpu,32:1|47:1|66:1,False
train,20:2|49:4,5475,9415,mp-aaaabfei,mp-aaabhclt,20:1|49:2,False
train,6:1|72:1,5476,12675,mp-aaaabfep,mp-aaacfadi,6:1|72:1,False
train,6:1|72:1,5476,12684,mp-aaaabfep,mp-aaacfalg,6:1|72:1,False
train,6:1|72:1,5476,12793,mp-aaaabfep,mp-aaacfkjg,6:1|72:1,False
train,7:1|25:3|45:1,5501,9422,mp-aaaabfiw,mp-aaabhczs,7:1|25:3|45:1,False
train,47:2|50:2|66:2,5505,18116,mp-aaaabfji,mp-aaacrspp,47:1|50:1|66:1,False
train,49:2|51:2,5512,12721,mp-aaaabfju,mp-aaacfiqf,49:1|51:1,False
train,16:1|82:1,5528,12838,mp-aaaabfmi,mp-aaacflkx,16:1|82:1,False
train,16:1|82:1,5528,13335,mp-aaaabfmi,mp-aaacidql,16:1|82:1,False
train,8:6|11:4|16:2,5530,7401,mp-aaaabfmo,mp-aaaacads,8:3|11:2|16:1,False
train,8:6|55:4|82:2,5531,5597,mp-aaaabfmp,mp-aaaabfvt,8:3|55:2|82:1,False
train,23:6|50:2,5547,5658,mp-aaaabfow,mp-aaaabgwh,23:3|50:1,False
train,78:2|82:2,5558,13425,mp-aaaabfqi,mp-aaacirio,78:1|82:1,False
train,34:2|49:2,5566,5762,mp-aaaabfrh,mp-aaaabhot,34:1|49:1,False
train,8:16|82:12,5580,5748,mp-aaaabftc,mp-aaaabhmn,8:4|82:3,False
train,8:12|16:2|82:6,5624,5730,mp-aaaabgpb,mp-aaaabhkj,8:6|16:1|82:3,False
train,16:8|30:2|49:4,5627,8658,mp-aaaabgqe,mp-aaabfwuo,16:4|30:1|49:2,False
train,29:2|66:2|82:2,5635,13514,mp-aaaabgrl,mp-aaacjhlv,29:1|66:1|82:1,False
train,16:8|29:6|51:2,5649,9870,mp-aaaabgut,mp-aaabkyzr,16:4|29:3|51:1,False
train,29:2|50:2|66:2,5654,13501,mp-aaaabgvk,mp-aaacjbam,29:1|50:1|66:1,False
train,8:12|11:4|51:4,5659,10147,mp-aaaabgwi,mp-aaabqvod,8:3|11:1|51:1,False
train,29:2|34:1,5673,18189,mp-aaaabgzp,mp-aaacrtij,29:2|34:1,False
train,34:4|48:1|49:2,5675,7457,mp-aaaabgzw,mp-aaaacemc,34:4|48:1|49:2,False
train,34:4|48:1|49:2,5675,8953,mp-aaaabgzw,mp-aaabgihk,34:4|48:1|49:2,False
train,34:4|48:1|49:2,5675,9017,mp-aaaabgzw,mp-aaabgjfp,34:4|48:1|49:2,False
train,7:1|50:1|60:3,5681,13794,mp-aaaabhbq,mp-aaackgmf,7:1|50:1|60:3,False
train,22:1|28:2|49:1,5704,17489,mp-aaaabhfz,mp-aaacrgen,22:1|28:2|49:1,False
train,14:1|22:1,5727,13406,mp-aaaabhjq,mp-aaacipre,14:1|22:1,False
train,8:24|49:16,5738,16832,mp-aaaabhle,mp-aaacpzdb,8:3|49:2,False
train,8:2|47:1|49:1,5751,13930,mp-aaaabhno,mp-aaackkuj,8:2|47:1|49:1,False
train,8:24|72:8|82:8,5770,9893,mp-aaaabhqk,mp-aaabmcgs,8:3|72:1|82:1,False
train,22:1|28:1|50:1,5779,9527,mp-aaaabhsg,mp-aaabjmok,22:1|28:1|50:1,False
train,22:1|28:1|50:1,5779,11564,mp-aaaabhsg,mp-aaacapbm,22:1|28:1|50:1,False
train,53:6|83:2,5786,9065,mp-aaaabhuv,mp-aaabgjyr,53:3|83:1,False
train,53:6|83:2,5786,13696,mp-aaaabhuv,mp-aaacjlig,53:3|83:1,False
train,11:1|17:1,5788,5793,mp-aaaabhux,mp-aaaabhvi,11:1|17:1,False
train,28:2|83:2,5792,12620,mp-aaaabhvh,mp-aaacewhi,28:1|83:1,False
train,29:2|53:2,5794,5996,mp-aaaabhvj,mp-aaaabimk,29:1|53:1,False
train,29:2|53:2,5794,9077,mp-aaaabhvj,mp-aaabgkfy,29:1|53:1,False
train,29:2|53:2,5794,9160,mp-aaaabhvj,mp-aaabglif,29:1|53:1,False
train,29:2|53:2,5794,12739,mp-aaaabhvj,mp-aaacfjag,29:1|53:1,False
train,67:1|83:1,5796,12673,mp-aaaabhvm,mp-aaacfadd,67:1|83:1,False
train,45:2|83:2,5797,13403,mp-aaaabhvo,mp-aaaciouk,45:1|83:1,False
train,62:1|83:1,5800,13353,mp-aaaabhvt,mp-aaacihka,62:1|83:1,False
train,35:1|81:1,5802,9007,mp-aaaabhvv,mp-aaabgjbs,35:1|81:1,False
train,29:1|53:1,5810,13919,mp-aaaabhwp,mp-aaackkrx,29:1|53:1,False
train,19:1|53:1,5812,5814,mp-aaaabhws,mp-aaaabhwv,19:1|53:1,False
train,37:1|53:1,5816,5994,mp-aaaabhwx,mp-aaaabimg,37:1|53:1,False
train,35:1|55:1,5818,9303,mp-aaaabhxa,mp-aaabgnac,35:1|55:1,False
train,17:4|30:2,5821,8863,mp-aaaabhxd,mp-aaabghel,17:2|30:1,False
train,17:1|29:1,5822,9319,mp-aaaabhxi,mp-aaabgngk,17:1|29:1,False
train,17:1|29:1,5822,18160,mp-aaaabhxi,mp-aaacrtco,17:1|29:1,False
train,47:1|53:1,5823,5826,mp-aaaabhxj,mp-aaaabhxn,47:1|53:1,False
train,47:1|53:1,5823,5831,mp-aaaabhxj,mp-aaaabhxt,47:1|53:1,False
train,47:1|53:1,5823,9994,mp-aaaabhxj,mp-aaabmysa,47:1|53:1,False
train,29:2|35:2,5825,5964,mp-aaaabhxl,mp-aaaabijj,29:1|35:1,False
train,47:1|53:1,5826,5831,mp-aaaabhxn,mp-aaaabhxt,47:1|53:1,False
train,47:1|53:1,5826,9994,mp-aaaabhxn,mp-aaabmysa,47:1|53:1,False
train,78:2|83:2,5829,13419,mp-aaaabhxr,mp-aaacirba,78:1|83:1,False
train,47:1|53:1,5831,9994,mp-aaaabhxt,mp-aaabmysa,47:1|53:1,False
train,3:2|8:6|53:2,5841,7763,mp-aaaabhyx,mp-aaabfast,3:1|8:3|53:1,False
train,3:2|8:6|53:2,5841,13718,mp-aaaabhyx,mp-aaacjlsm,3:1|8:3|53:1,False
train,9:2|17:2|82:2,5847,9482,mp-aaaabhzg,mp-aaabixua,9:1|17:1|82:1,False
train,9:2|17:2|82:2,5847,15106,mp-aaaabhzg,mp-aaacpdmf,9:1|17:1|82:1,False
train,16:4|35:4|51:4,5851,14067,mp-aaaabhzn,mp-aaacktyo,16:1|35:1|51:1,False
train,8:4|17:1|47:1,5862,7865,mp-aaaabiaj,mp-aaabfkfm,8:4|17:1|47:1,False
train,16:1|47:3|53:1,5863,8443,mp-aaaabial,mp-aaabftsv,16:1|47:3|53:1,False
train,16:1|47:3|53:1,5863,9925,mp-aaaabial,mp-aaabmkmv,16:1|47:3|53:1,False
train,16:1|47:3|53:1,5863,9966,mp-aaaabial,mp-aaabmmvp,16:1|47:3|53:1,False
train,16:4|51:4|53:4,5883,11773,mp-aaaabicf,mp-aaacdjrl,16:1|51:1|53:1,False
train,16:4|51:4|53:4,5883,13866,mp-aaaabicf,mp-aaackish,16:1|51:1|53:1,False
train,8:8|23:2|83:2,5885,7789,mp-aaaabici,mp-aaabfbmg,8:4|23:1|83:1,False
train,7:2|40:2|53:2,5889,9410,mp-aaaabicq,mp-aaabhbhu,7:1|40:1|53:1,False
train,8:3|13:1|83:1,5899,18678,mp-aaaabids,mp-aaadckzv,8:3|13:1|83:1,False
train,8:18|38:2|73:4|83:4,5902,8621,mp-aaaabieb,mp-aaabfwip,8:9|38:1|73:2|83:2,False
train,8:6|51:1|56:2|83:1,5904,5919,mp-aaaabied,mp-aaaabifn,8:6|51:1|56:2|83:1,False
train,8:6|51:1|56:2|83:1,5904,7777,mp-aaaabied,mp-aaabfbct,8:6|51:1|56:2|83:1,False
train,8:6|56:2|73:1|83:1,5905,7774,mp-aaaabiee,mp-aaabfbam,8:6|56:2|73:1|83:1,False
train,8:6|56:2|73:1|83:1,5905,7878,mp-aaaabiee,mp-aaabfkwm,8:6|56:2|73:1|83:1,False
train,8:6|51:1|56:2|83:1,5919,7777,mp-aaaabifn,mp-aaabfbct,8:6|51:1|56:2|83:1,False
train,16:4|47:4|53:4|80:4,5922,8474,mp-aaaabiga,mp-aaabfucs,16:1|47:1|53:1|80:1,False
train,83:2,5929,9078,mp-aaaabigr,mp-aaabgkgk,83:1,False
train,83:2,5929,13907,mp-aaaabigr,mp-aaackkop,83:1,False
train,2:1,5930,9487,mp-aaaabigs,mp-aaabiyyy,2:1,False
train,2:1,5930,10248,mp-aaaabigs,mp-aaabqxys,2:1,False
train,35:8|90:2,5932,9180,mp-aaaabigu,mp-aaabglnx,35:4|90:1,False
train,59:1|83:1,5936,12658,mp-aaaabihf,mp-aaacezrh,59:1|83:1,False
train,59:1|83:1,5936,12874,mp-aaaabihf,mp-aaacfnpv,59:1|83:1,False
train,17:1|19:1,5946,5985,mp-aaaabiib,mp-aaaabilt,17:1|19:1,False
train,8:12|83:8,5948,5976,mp-aaaabiid,mp-aaaabiks,8:3|83:2,False
train,8:12|83:8,5948,8225,mp-aaaabiid,mp-aaabfrht,8:3|83:2,False
train,8:12|83:8,5948,14213,mp-aaaabiid,mp-aaackxua,8:3|83:2,False
train,8:12|83:8,5948,16533,mp-aaaabiid,mp-aaacppup,8:3|83:2,False
train,8:12|83:8,5948,16535,mp-aaaabiid,mp-aaacppwm,8:3|83:2,False
train,53:1|81:1,5949,9288,mp-aaaabiif,mp-aaabgmvm,53:1|81:1,False
train,12:1|17:2,5954,9186,mp-aaaabiis,mp-aaabglpb,12:1|17:2,False
train,17:8|90:2,5957,8881,mp-aaaabiix,mp-aaabghkh,17:4|90:1,False
train,29:1|35:2,5958,15013,mp-aaaabijb,mp-aaacnhnu,29:1|35:2,False
train,29:1|35:2,5958,15014,mp-aaaabijb,mp-aaacnhnw,29:1|35:2,False
train,35:1|47:1,5965,11395,mp-aaaabijn,mp-aaabxhmx,35:1|47:1,False
train,19:1|35:1,5972,9262,mp-aaaabikh,mp-aaabgmnj,19:1|35:1,False
train,8:12|83:8,5976,8225,mp-aaaabiks,mp-aaabfrht,8:3|83:2,False
train,8:12|83:8,5976,14213,mp-aaaabiks,mp-aaackxua,8:3|83:2,False
train,8:12|83:8,5976,16533,mp-aaaabiks,mp-aaacppup,8:3|83:2,False
train,8:12|83:8,5976,16535,mp-aaaabiks,mp-aaacppwm,8:3|83:2,False
train,17:6|65:2,5988,8966,mp-aaaabilx,mp-aaabgims,17:3|65:1,False
train,17:1|37:1,5989,5991,mp-aaaabilz,mp-aaaabimd,17:1|37:1,False
train,29:2|53:2,5996,9077,mp-aaaabimk,mp-aaabgkfy,29:1|53:1,False
train,29:2|53:2,5996,9160,mp-aaaabimk,mp-aaabglif,29:1|53:1,False
train,29:2|53:2,5996,12739,mp-aaaabimk,mp-aaacfjag,29:1|53:1,False
train,49:2|83:2,5998,9122,mp-aaaabimr,mp-aaabgkwb,49:1|83:1,False
train,8:12|11:4|17:4,6004,8109,mp-aaaabini,mp-aaabfqcc,8:3|11:1|17:1,False
train,29:2|53:4|80:1,6012,9009,mp-aaaabiof,mp-aaabgjde,29:2|53:4|80:1,False
train,17:16|30:4|56:4,6017,6067,mp-aaaabioz,mp-aaaabius,17:4|30:1|56:1,False
train,8:18|49:2|53:6,6023,6080,mp-aaaabiqa,mp-aaaabiwd,8:9|49:1|53:3,False
train,8:24|22:6|83:8,6036,8456,mp-aaaabirb,mp-aaabftwf,8:12|22:3|83:4,False
train,8:24|22:6|83:8,6036,10107,mp-aaaabirb,mp-aaabpdqe,8:12|22:3|83:4,False
train,8:6|56:2|83:2,6038,6050,mp-aaaabirm,mp-aaaabite,8:3|56:1|83:1,False
train,35:4|47:2|55:2,6043,9287,mp-aaaabisc,mp-aaabgmvk,35:2|47:1|55:1,False
train,47:2|53:4|80:1,6052,9184,mp-aaaabith,mp-aaabgloy,47:2|53:4|80:1,False
train,47:2|53:4|80:1,6052,18578,mp-aaaabith,mp-aaacryfy,47:2|53:4|80:1,False
train,19:4|30:2|35:8,6058,6070,mp-aaaabitr,mp-aaaabivf,19:2|30:1|35:4,False
train,1:4|8:8|15:2|37:2,6097,9774,mp-aaaabjah,mp-aaabkoyh,1:2|8:4|15:1|37:1,False
train,1:8|3:4|7:4,6102,16531,mp-aaaabjbq,mp-aaacppss,1:2|3:1|7:1,False
train,1:8|11:2|13:2,6104,14055,mp-aaaabjbs,mp-aaacktoe,1:4|11:1|13:1,False
train,1:10|4:2|13:2,6110,6111,mp-aaaabjch,mp-aaaabjci,1:5|4:1|13:1,False
train,1:1|17:1,6112,9711,mp-aaaabjck,mp-aaabkcan,1:1|17:1,False
train,1:1|17:1,6112,9996,mp-aaaabjck,mp-aaabmytd,1:1|17:1,False
train,1:4|38:2,6118,15096,mp-aaaabjdv,mp-aaacpcfu,1:2|38:1,False
train,1:8|7:2|17:6|50:1,6119,10032,mp-aaaabjdz,mp-aaabnpzv,1:8|7:2|17:6|50:1,False
train,1:2|8:4|13:2,6131,9535,mp-aaaabjfr,mp-aaabjoqo,1:1|8:2|13:1,False
train,1:2|8:4|13:2,6131,9536,mp-aaaabjfr,mp-aaabjoqp,1:1|8:2|13:1,False
train,1:2|8:4|13:2,6131,13571,mp-aaaabjfr,mp-aaacjjlo,1:1|8:2|13:1,False
train,1:3|3:1|56:1,6132,9708,mp-aaaabjgc,mp-aaabkacu,1:3|3:1|56:1,False
train,1:2|8:2|20:1,6144,9572,mp-aaaabjil,mp-aaabjqzr,1:2|8:2|20:1,False
train,1:2|8:2|20:1,6144,9573,mp-aaaabjil,mp-aaabjqzs,1:2|8:2|20:1,False
train,1:2|8:2|11:2,6149,9564,mp-aaaabjix,mp-aaabjqay,1:1|8:1|11:1,False
train,1:1|35:1,6151,9712,mp-aaaabjjj,mp-aaabkcar,1:1|35:1,False
train,1:4|8:8|15:2|19:2,6163,10048,mp-aaaabjln,mp-aaabnqse,1:2|8:4|15:1|19:1,False
train,1:4|8:8|15:2|19:2,6163,14228,mp-aaaabjln,mp-aaackyiy,1:2|8:4|15:1|19:1,False
train,1:24|8:12,6178,8298,mp-aaaabjot,mp-aaabfscg,1:2|8:1,False
train,1:24|8:12,6178,10082,mp-aaaabjot,mp-aaaboaqd,1:2|8:1,False
train,1:6|8:6|65:2,6190,9545,mp-aaaabjrt,mp-aaabjpel,1:3|8:3|65:1,False
train,1:2|40:1,6201,6221,mp-aaaabjtb,mp-aaaabjyc,1:2|40:1,False
train,1:2|90:1,6224,12780,mp-aaaabjyh,mp-aaacfkfm,1:2|90:1,False
train,1:4,6245,11823,mp-aaaabkgm,mp-aaacdknf,1:1,False
train,1:4|20:2,6263,16912,mp-aaaabksf,mp-aaacqpao,1:2|20:1,False
train,8:8|22:4,6266,7954,mp-aaaabljq,mp-aaabfnyk,8:2|22:1,False
train,8:8|22:4,6266,14047,mp-aaaabljq,mp-aaacktbj,8:2|22:1,False
train,8:8|22:4,6266,18629,mp-aaaabljq,mp-aaadaxgi,8:2|22:1,False
train,8:8|22:4,6266,18659,mp-aaaabljq,mp-aaadbslf,8:2|22:1,False
train,8:8|22:4,6266,18671,mp-aaaabljq,mp-aaadcdgv,8:2|22:1,False
train,8:10|23:4,6267,7755,mp-aaaablkh,mp-aaabexaq,8:5|23:2,False
train,8:18|15:4|40:4,6279,8670,mp-aaaabodo,mp-aaabfwyg,8:9|15:2|40:2,False
train,9:6|50:4|53:2,6284,8043,mp-aaaaboex,mp-aaabfpdd,9:3|50:2|53:1,False
train,17:16|19:4|79:4,6288,9050,mp-aaaabofl,mp-aaabgjsc,17:4|19:1|79:1,False
train,9:16|37:4|81:4,6296,16728,mp-aaaabogo,mp-aaacpvhj,9:4|37:1|81:1,False
train,9:13|19:1|51:4,6297,8636,mp-aaaabogp,mp-aaabfwmd,9:13|19:1|51:4,False
train,15:10|53:1|79:7,6336,9183,mp-aaaaboms,mp-aaabglog,15:10|53:1|79:7,False
train,8:23|14:10|37:6,6338,8765,mp-aaaabomy,mp-aaabfyef,8:23|14:10|37:6,False
train,35:12|51:4,6346,9150,mp-aaaabonv,mp-aaabglfh,35:3|51:1,False
train,17:9|51:2|55:3,6400,8854,mp-aaaabowr,mp-aaabghbg,17:9|51:2|55:3,False
train,17:6|77:2,6414,11302,mp-aaaaboyc,mp-aaabxhaa,17:3|77:1,False
train,3:1|16:2|50:1,6419,12663,mp-aaaaboyt,mp-aaacezyd,3:1|16:2|50:1,False
train,8:6|83:2|92:1,6451,7821,mp-aaaabpch,mp-aaabffny,8:6|83:2|92:1,False
train,16:1|52:2|83:2,6495,18348,mp-aaaabphm,mp-aaacrvpf,16:1|52:2|83:2,False
train,34:2|47:1|83:1,6499,18570,mp-aaaabphs,mp-aaacryep,34:2|47:1|83:1,False
train,8:15|14:3|20:9,6500,7933,mp-aaaabpht,mp-aaabfntd,8:5|14:1|20:3,False
train,8:15|14:3|20:9,6500,8455,mp-aaaabpht,mp-aaabftwb,8:5|14:1|20:3,False
train,8:12|41:4|56:2,6551,9753,mp-aaaabpqs,mp-aaabklor,8:6|41:2|56:1,False
train,34:8|57:4,6567,9234,mp-aaaabptn,mp-aaabgmeu,34:2|57:1,False
train,48:2|53:4,6579,8973,mp-aaaabpum,mp-aaabgipd,48:1|53:2,False
train,32:1|53:3|55:1,6611,9766,mp-aaaabpzl,mp-aaabkosw,32:1|53:3|55:1,False
train,53:8|55:4|80:2,6620,8902,mp-aaaabqbd,mp-aaabghqo,53:4|55:2|80:1,False
train,8:12|35:4|56:2,6646,7987,mp-aaaabqes,mp-aaabfolu,8:6|35:2|56:1,False
train,8:18|60:2|73:6,6684,13982,mp-aaaabqkb,mp-aaackrjf,8:9|60:1|73:3,False
train,8:2|38:1|80:1,6693,9883,mp-aaaabqlk,mp-aaablxck,8:2|38:1|80:1,False
train,16:2|17:18|51:2,6706,8389,mp-aaaabqoq,mp-aaabftef,16:1|17:9|51:1,False
train,16:2|24:1,6736,10348,mp-aaaabqty,mp-aaabqzgp,16:2|24:1,False
train,16:2|24:1,6736,18680,mp-aaaabqty,mp-aaadclgq,16:2|24:1,False
train,1:12|7:4,6787,10658,mp-aaaabrcz,mp-aaabsjkb,1:3|7:1,False
train,15:6|17:2|48:4,6812,9853,mp-aaaabrgw,mp-aaabkrhv,15:3|17:1|48:2,False
train,29:1|33:1|34:2,6906,18162,mp-aaaabrwd,mp-aaacrtdi,29:1|33:1|34:2,False
train,47:1|52:2|83:1,6908,18569,mp-aaaabrwq,mp-aaacryen,47:1|52:2|83:1,False
train,34:2|81:1|83:1,6910,17442,mp-aaaabrww,mp-aaacrfqe,34:2|81:1|83:1,False
train,51:3|79:1,6911,17668,mp-aaaabrwz,mp-aaacrjyw,51:3|79:1,False
train,16:2|47:1|83:1,6915,12379,mp-aaaabrxm,mp-aaacecim,16:2|47:1|83:1,False
train,8:16|15:4|80:12,6923,8019,mp-aaaabryr,mp-aaabfoww,8:4|15:1|80:3,False
train,52:6|81:4,6925,9991,mp-aaaabryt,mp-aaabmszz,52:3|81:2,False
train,1:2|9:4|37:2,6938,9977,mp-aaaabsau,mp-aaabmnql,1:1|9:2|37:1,False
train,46:1|53:6|55:2,6944,9058,mp-aaaabsck,mp-aaabgjve,46:1|53:6|55:2,False
train,14:1|20:3|35:2,6963,8955,mp-aaaabsfh,mp-aaabgiic,14:1|20:3|35:2,False
train,14:1|20:3|35:2,6963,9140,mp-aaaabsfh,mp-aaabglbs,14:1|20:3|35:2,False
train,14:1|20:3|35:2,6963,9154,mp-aaaabsfh,mp-aaabglgi,14:1|20:3|35:2,False
train,14:1|20:3|35:2,6963,9165,mp-aaaabsfh,mp-aaabglko,14:1|20:3|35:2,False
train,14:1|20:3|35:2,6963,9170,mp-aaaabsfh,mp-aaabglmc,14:1|20:3|35:2,False
train,8:12|34:4|80:8,7027,8138,mp-aaaabsuw,mp-aaabfqjm,8:3|34:1|80:2,False
train,8:12|34:4|80:8,7027,8365,mp-aaaabsuw,mp-aaabfsxp,8:3|34:1|80:2,False
train,7:2|35:2|72:2,7034,8987,mp-aaaabsvm,mp-aaabgitm,7:1|35:1|72:1,False
train,47:2|56:2|83:2,7043,16911,mp-aaaabswq,mp-aaacqpak,47:1|56:1|83:1,False
train,47:3|49:1,7049,17921,mp-aaaabsxb,mp-aaacrqit,47:3|49:1,False
train,3:2|47:1|50:1,7051,8870,mp-aaaabsxi,mp-aaabghhb,3:2|47:1|50:1,False
train,20:2|30:2,7101,13242,mp-aaaabtcl,mp-aaachcsy,20:1|30:1,False
train,20:2|30:2,7101,13247,mp-aaaabtcl,mp-aaachdeh,20:1|30:1,False
train,28:8|50:4|58:2,7109,7562,mp-aaaabtdm,mp-aaabdaqf,28:4|50:2|58:1,False
train,29:5|67:1,7131,9406,mp-aaaabtgj,mp-aaabhans,29:5|67:1,False
train,28:1|29:2|30:1,7133,17352,mp-aaaabtgr,mp-aaacrdyr,28:1|29:2|30:1,False
train,28:1|40:1|50:1,7178,8998,mp-aaaabtow,mp-aaabgiyg,28:1|40:1|50:1,False
train,28:1|40:1|50:1,7178,11563,mp-aaaabtow,mp-aaacapbl,28:1|40:1|50:1,False
train,8:18|16:3|80:9,7200,8664,mp-aaaabtsc,mp-aaabfwwq,8:6|16:1|80:3,False
train,16:2|47:4,7235,7333,mp-aaaabtyj,mp-aaaabwin,16:1|47:2,False
train,16:2|47:4,7235,7341,mp-aaaabtyj,mp-aaaabwnf,16:1|47:2,False
train,16:2|47:4,7235,7424,mp-aaaabtyj,mp-aaaacboy,16:1|47:2,False
train,16:2|47:4,7235,8174,mp-aaaabtyj,mp-aaabfqvh,16:1|47:2,False
train,16:2|47:4,7235,8633,mp-aaaabtyj,mp-aaabfwll,16:1|47:2,False
train,7:1|20:3|51:1,7262,12888,mp-aaaabucj,mp-aaacfriq,7:1|20:3|51:1,False
train,20:2|30:2|50:2,7263,13499,mp-aaaabucm,mp-aaacjazq,20:1|30:1|50:1,False
train,13:3|66:1,7267,8900,mp-aaaabude,mp-aaabghqj,13:3|66:1,False
train,46:3|49:1,7289,7574,mp-aaaabujh,mp-aaabdbce,46:3|49:1,False
train,46:3|49:1,7289,12722,mp-aaaabujh,mp-aaacfiqi,46:3|49:1,False
train,46:3|49:1,7289,17910,mp-aaaabujh,mp-aaacrqfj,46:3|49:1,False
train,34:2|52:1|83:2,7297,18353,mp-aaaabuly,mp-aaacrvqa,34:2|52:1|83:2,False
train,50:2|66:2|79:2,7301,13492,mp-aaaabumg,mp-aaacjaob,50:1|66:1|79:1,False
train,8:14|60:6|73:2,7304,16730,mp-aaaabumj,mp-aaacpvjr,8:7|60:3|73:1,False
train,3:2|49:1|77:1,7311,8856,mp-aaaabunj,mp-aaabghbk,3:2|49:1|77:1,False
train,3:1|16:1,7331,13336,mp-aaaabwhl,mp-aaacidye,3:1|16:1,False
train,16:2|47:4,7333,7341,mp-aaaabwin,mp-aaaabwnf,16:1|47:2,False
train,16:2|47:4,7333,7424,mp-aaaabwin,mp-aaaacboy,16:1|47:2,False
train,16:2|47:4,7333,8174,mp-aaaabwin,mp-aaabfqvh,16:1|47:2,False
train,16:2|47:4,7333,8633,mp-aaaabwin,mp-aaabfwll,16:1|47:2,False
train,8:2|27:1,7335,8254,mp-aaaabwje,mp-aaabfrpm,8:2|27:1,False
train,29:4|53:4,7337,9915,mp-aaaabwlq,mp-aaabmhyb,29:1|53:1,False
train,17:4|79:4,7339,15008,mp-aaaabwmu,mp-aaacltyy,17:1|79:1,False
train,16:2|47:4,7341,7424,mp-aaaabwnf,mp-aaaacboy,16:1|47:2,False
train,16:2|47:4,7341,8174,mp-aaaabwnf,mp-aaabfqvh,16:1|47:2,False
train,16:2|47:4,7341,8633,mp-aaaabwnf,mp-aaabfwll,16:1|47:2,False
train,8:3|57:2,7349,7899,mp-aaaabwwm,mp-aaabfmop,8:3|57:2,False
train,6:2|8:6|38:2,7361,7452,mp-aaaabxxy,mp-aaaacegx,6:1|8:3|38:1,False
train,8:7|41:1|83:3,7368,7396,mp-aaaabyjc,mp-aaaacabh,8:7|41:1|83:3,False
train,52:3|83:2,7375,8990,mp-aaaabypm,mp-aaabgive,52:3|83:2,False
train,7:2|8:2|15:2,7421,10175,mp-aaaacbje,mp-aaabqwxj,7:1|8:1|15:1,False
train,16:2|47:4,7424,8174,mp-aaaacboy,mp-aaabfqvh,16:1|47:2,False
train,16:2|47:4,7424,8633,mp-aaaacboy,mp-aaabfwll,16:1|47:2,False
train,8:8|22:3|30:2,7448,18626,mp-aaaacefj,mp-aaadavzn,8:8|22:3|30:2,False
train,8:4|11:1|17:1,7454,7794,mp-aaaacejn,mp-aaabfbwo,8:4|11:1|17:1,False
train,34:4|48:1|49:2,7457,8953,mp-aaaacemc,mp-aaabgihk,34:4|48:1|49:2,False
train,34:4|48:1|49:2,7457,9017,mp-aaaacemc,mp-aaabgjfp,34:4|48:1|49:2,False
train,1:8|5:2|11:2,7464,13994,mp-aaaacfhl,mp-aaackrzi,1:4|5:1|11:1,False
train,8:6|11:1|22:2|83:1,7472,17781,mp-aaaacgsf,mp-aaacrmbv,8:6|11:1|22:2|83:1,False
train,8:6|38:1|56:1|57:1|83:1,7478,18355,mp-aaaaciji,mp-aaacrvqp,8:6|38:1|56:1|57:1|83:1,False
train,1:2|8:4|49:2,7490,9705,mp-aaabcsjf,mp-aaabjzzb,1:1|8:2|49:1,False
train,35:2|40:2,7494,13417,mp-aaabcslm,mp-aaaciqsc,35:1|40:1,False
train,35:2|40:2,7494,13430,mp-aaabcslm,mp-aaaciscd,35:1|40:1,False
train,8:3|22:1|56:1,7500,9857,mp-aaabcsqd,mp-aaabkrkj,8:3|22:1|56:1,False
train,1:2|8:8|33:2|82:2,7503,18518,mp-aaabcsrn,mp-aaacrxuq,1:1|8:4|33:1|82:1,False
train,8:12|19:8|82:4,7518,8777,mp-aaabcsyp,mp-aaabfyhp,8:3|19:2|82:1,False
train,8:20|16:4|22:4,7530,8024,mp-aaabctlm,mp-aaabfoya,8:5|16:1|22:1,False
train,8:8|20:3|23:2,7551,15137,mp-aaabcudp,mp-aaacpgnp,8:8|20:3|23:2,False
train,8:16|15:4|82:6,7555,7722,mp-aaabcufv,mp-aaabewaa,8:8|15:2|82:3,False
train,46:3|49:1,7574,12722,mp-aaabdbce,mp-aaacfiqi,46:3|49:1,False
train,46:3|49:1,7574,17910,mp-aaabdbce,mp-aaacrqfj,46:3|49:1,False
train,8:4|42:2,7579,13798,mp-aaabdbga,mp-aaackgnr,8:2|42:1,False
train,8:22|11:4|41:8,7619,16895,mp-aaabetwk,mp-aaacqkir,8:11|11:2|41:4,False
train,53:4|82:2,7624,8887,mp-aaabetzp,mp-aaabghnb,53:2|82:1,False
train,53:4|82:2,7624,9103,mp-aaabetzp,mp-aaabgkpn,53:2|82:1,False
train,8:18|38:2|41:4|56:6,7625,7641,mp-aaabetzu,mp-aaabeuft,8:9|38:1|41:2|56:3,False
train,8:18|38:2|56:6|73:4,7626,7642,mp-aaabetzv,mp-aaabeufu,8:9|38:1|56:3|73:2,False
train,16:12|29:2|82:2|83:6,7729,18196,mp-aaabewfu,mp-aaacrtlm,16:6|29:1|82:1|83:3,False
train,34:32,7735,7741,mp-aaabewlx,mp-aaabewrl,34:1,False
train,17:4|47:2|55:2,7750,8897,mp-aaabewxw,mp-aaabghpe,17:2|47:1|55:1,False
train,5:8|8:24|30:12,7754,8620,mp-aaabexaf,mp-aaabfwin,5:2|8:6|30:3,False
train,13:3|22:1,7760,12572,mp-aaabexdj,mp-aaacevuj,13:3|22:1,False
train,13:3|22:1,7760,17496,mp-aaabexdj,mp-aaacrgit,13:3|22:1,False
train,3:2|8:6|53:2,7763,13718,mp-aaabfast,mp-aaacjlsm,3:1|8:3|53:1,False
train,6:1|8:4|19:4,7767,7779,mp-aaabfaul,mp-aaabfbdu,6:1|8:4|19:4,False
train,6:1|8:4|19:4,7767,7860,mp-aaabfaul,mp-aaabfjxx,6:1|8:4|19:4,False
train,6:1|8:4|19:4,7767,7863,mp-aaabfaul,mp-aaabfkeq,6:1|8:4|19:4,False
train,8:6|34:2|46:2,7769,7806,mp-aaabfayc,mp-aaabfcsi,8:3|34:1|46:1,False
train,8:6|56:2|73:1|83:1,7774,7878,mp-aaabfbam,mp-aaabfkwm,8:6|56:2|73:1|83:1,False
train,6:1|8:4|19:4,7779,7860,mp-aaabfbdu,mp-aaabfjxx,6:1|8:4|19:4,False
train,6:1|8:4|19:4,7779,7863,mp-aaabfbdu,mp-aaabfkeq,6:1|8:4|19:4,False
train,6:2|8:6|56:2,7780,9922,mp-aaabfbeh,mp-aaabmjtm,6:1|8:3|56:1,False
train,6:2|8:6|56:2,7780,9935,mp-aaabfbeh,mp-aaabmlaa,6:1|8:3|56:1,False
train,6:2|8:6|56:2,7780,9952,mp-aaabfbeh,mp-aaabmmau,6:1|8:3|56:1,False
train,6:2|8:6|56:2,7780,10515,mp-aaabfbeh,mp-aaabrjoj,6:1|8:3|56:1,False
train,8:4|50:4,7787,13593,mp-aaabfblc,mp-aaacjjqi,8:1|50:1,False
train,8:6|14:3,7803,9755,mp-aaabfcna,mp-aaabkmcr,8:2|14:1,False
train,6:1|8:4|11:4,7804,7807,mp-aaabfcnf,mp-aaabfctf,6:1|8:4|11:4,False
train,6:1|8:4|11:4,7804,7888,mp-aaabfcnf,mp-aaabflyz,6:1|8:4|11:4,False
train,6:1|8:4|11:4,7807,7888,mp-aaabfctf,mp-aaabflyz,6:1|8:4|11:4,False
train,8:4|14:2,7810,13155,mp-aaabfcwo,mp-aaacgdcp,8:2|14:1,False
train,8:4|50:2,7838,10334,mp-aaabfhwm,mp-aaabqyzf,8:2|50:1,False
train,8:4|50:2,7838,13268,mp-aaabfhwm,mp-aaachhki,8:2|50:1,False
train,6:1|8:4|19:4,7860,7863,mp-aaabfjxx,mp-aaabfkeq,6:1|8:4|19:4,False
train,8:6|13:2|83:2,7871,18644,mp-aaabfklq,mp-aaadbfsb,8:3|13:1|83:1,False
train,7:2|8:4|38:2|73:2,7881,13970,mp-aaabflgg,mp-aaackret,7:1|8:2|38:1|73:1,False
train,8:8|14:4,7926,7936,mp-aaabfnrd,mp-aaabfntn,8:2|14:1,False
train,8:8|14:4,7926,7984,mp-aaabfnrd,mp-aaabfojt,8:2|14:1,False
train,8:8|14:4,7926,8056,mp-aaabfnrd,mp-aaabfpfv,8:2|14:1,False
train,8:8|14:4,7926,8072,mp-aaabfnrd,mp-aaabfpjf,8:2|14:1,False
train,8:8|14:4,7926,8091,mp-aaabfnrd,mp-aaabfpst,8:2|14:1,False
train,8:8|14:4,7926,8241,mp-aaabfnrd,mp-aaabfrmc,8:2|14:1,False
train,8:8|14:4,7926,8540,mp-aaabfnrd,mp-aaabfvbn,8:2|14:1,False
train,8:8|14:4,7926,9431,mp-aaabfnrd,mp-aaabidoy,8:2|14:1,False
train,16:8|29:4|66:4,7931,8037,mp-aaabfnsi,mp-aaabfpbw,16:2|29:1|66:1,False
train,8:15|14:3|20:9,7933,8455,mp-aaabfntd,mp-aaabftwb,8:5|14:1|20:3,False
train,8:8|14:4,7936,7984,mp-aaabfntn,mp-aaabfojt,8:2|14:1,False
train,8:8|14:4,7936,8056,mp-aaabfntn,mp-aaabfpfv,8:2|14:1,False
train,8:8|14:4,7936,8072,mp-aaabfntn,mp-aaabfpjf,8:2|14:1,False
train,8:8|14:4,7936,8091,mp-aaabfntn,mp-aaabfpst,8:2|14:1,False
train,8:8|14:4,7936,8241,mp-aaabfntn,mp-aaabfrmc,8:2|14:1,False
train,8:8|14:4,7936,8540,mp-aaabfntn,mp-aaabfvbn,8:2|14:1,False
train,8:8|14:4,7936,9431,mp-aaabfntn,mp-aaabidoy,8:2|14:1,False
train,8:8|22:4,7954,14047,mp-aaabfnyk,mp-aaacktbj,8:2|22:1,False
train,8:8|22:4,7954,18629,mp-aaabfnyk,mp-aaadaxgi,8:2|22:1,False
train,8:8|22:4,7954,18659,mp-aaabfnyk,mp-aaadbslf,8:2|22:1,False
train,8:8|22:4,7954,18671,mp-aaabfnyk,mp-aaadcdgv,8:2|22:1,False
train,8:20|11:8|14:8,7969,8013,mp-aaabfocl,mp-aaabfouq,8:5|11:2|14:2,False
train,8:8|12:4|14:2,7971,13133,mp-aaabfocy,mp-aaacgbbc,8:4|12:2|14:1,False
train,8:8|14:4,7984,8056,mp-aaabfojt,mp-aaabfpfv,8:2|14:1,False
train,8:8|14:4,7984,8072,mp-aaabfojt,mp-aaabfpjf,8:2|14:1,False
train,8:8|14:4,7984,8091,mp-aaabfojt,mp-aaabfpst,8:2|14:1,False
train,8:8|14:4,7984,8241,mp-aaabfojt,mp-aaabfrmc,8:2|14:1,False
train,8:8|14:4,7984,8540,mp-aaabfojt,mp-aaabfvbn,8:2|14:1,False
train,8:8|14:4,7984,9431,mp-aaabfojt,mp-aaabidoy,8:2|14:1,False
train,1:4|8:20|15:4|22:4,7995,12317,mp-aaabfoou,mp-aaaceank,1:1|8:5|15:1|22:1,False
train,5:12|8:24|83:4,7996,8224,mp-aaabfopi,mp-aaabfrhs,5:3|8:6|83:1,False
train,5:12|8:24|83:4,7996,8320,mp-aaabfopi,mp-aaabfsmp,5:3|8:6|83:1,False
train,8:14|14:2|15:4,8001,13138,mp-aaabfoqw,mp-aaacgbue,8:7|14:1|15:2,False
train,8:5|73:2,8014,9532,mp-aaabfovb,mp-aaabjocm,8:5|73:2,False
train,8:5|73:2,8014,15095,mp-aaabfovb,mp-aaacpceo,8:5|73:2,False
train,8:5|73:2,8014,18608,mp-aaabfovb,mp-aaacsmuj,8:5|73:2,False
train,16:2|73:1,8036,15100,mp-aaabfpbp,mp-aaacpcsb,16:2|73:1,False
train,8:8|14:4,8056,8072,mp-aaabfpfv,mp-aaabfpjf,8:2|14:1,False
train,8:8|14:4,8056,8091,mp-aaabfpfv,mp-aaabfpst,8:2|14:1,False
train,8:8|14:4,8056,8241,mp-aaabfpfv,mp-aaabfrmc,8:2|14:1,False
train,8:8|14:4,8056,8540,mp-aaabfpfv,mp-aaabfvbn,8:2|14:1,False
train,8:8|14:4,8056,9431,mp-aaabfpfv,mp-aaabidoy,8:2|14:1,False
train,16:12|33:4|80:4|81:4,8066,16700,mp-aaabfphv,mp-aaacpuis,16:3|33:1|80:1|81:1,False
train,8:32|14:16,8068,8107,mp-aaabfpih,mp-aaabfqbc,8:2|14:1,False
train,8:32|14:16,8068,8567,mp-aaabfpih,mp-aaabfvlj,8:2|14:1,False
train,8:32|14:16,8068,9360,mp-aaabfpih,mp-aaabgoox,8:2|14:1,False
train,8:8|14:4,8072,8091,mp-aaabfpjf,mp-aaabfpst,8:2|14:1,False
train,8:8|14:4,8072,8241,mp-aaabfpjf,mp-aaabfrmc,8:2|14:1,False
train,8:8|14:4,8072,8540,mp-aaabfpjf,mp-aaabfvbn,8:2|14:1,False
train,8:8|14:4,8072,9431,mp-aaabfpjf,mp-aaabidoy,8:2|14:1,False
train,8:8|14:4,8091,8241,mp-aaabfpst,mp-aaabfrmc,8:2|14:1,False
train,8:8|14:4,8091,8540,mp-aaabfpst,mp-aaabfvbn,8:2|14:1,False
train,8:8|14:4,8091,9431,mp-aaabfpst,mp-aaabidoy,8:2|14:1,False
train,8:8|11:2|16:2|19:2,8096,8499,mp-aaabfpvk,mp-aaabfujw,8:4|11:1|16:1|19:1,False
train,8:32|14:16,8107,8567,mp-aaabfqbc,mp-aaabfvlj,8:2|14:1,False
train,8:32|14:16,8107,9360,mp-aaabfqbc,mp-aaabgoox,8:2|14:1,False
train,16:16|30:16,8115,8708,mp-aaabfqed,mp-aaabfxmj,16:1|30:1,False
train,8:12|34:4|80:8,8138,8365,mp-aaabfqjm,mp-aaabfsxp,8:3|34:1|80:2,False
train,8:6|20:2|22:2,8146,10292,mp-aaabfqmt,mp-aaabqykz,8:3|20:1|22:1,False
train,16:8|30:8,8148,8195,mp-aaabfqmv,mp-aaabfrbv,16:1|30:1,False
train,16:8|30:8,8148,8209,mp-aaabfqmv,mp-aaabfreq,16:1|30:1,False
train,16:8|30:8,8148,8752,mp-aaabfqmv,mp-aaabfybm,16:1|30:1,False
train,8:2|35:12|38:8,8152,10558,mp-aaabfqon,mp-aaabrthq,8:1|35:6|38:4,False
train,16:10|30:10,8158,8317,mp-aaabfqqr,mp-aaabfsky,16:1|30:1,False
train,16:10|30:10,8158,8775,mp-aaabfqqr,mp-aaabfygw,16:1|30:1,False
train,8:8|15:2|40:1|56:1,8164,8698,mp-aaabfqrz,mp-aaabfxii,8:8|15:2|40:1|56:1,False
train,8:8|14:2|30:4,8165,8422,mp-aaabfqsx,mp-aaabftpg,8:4|14:1|30:2,False
train,16:2|47:4,8174,8633,mp-aaabfqvh,mp-aaabfwll,16:1|47:2,False
train,8:12|17:4|34:4|83:4,8190,8192,mp-aaabfrao,mp-aaabfrbe,8:3|17:1|34:1|83:1,False
train,16:14|30:14,8194,8246,mp-aaabfrbs,mp-aaabfroe,16:1|30:1,False
train,16:14|30:14,8194,8267,mp-aaabfrbs,mp-aaabfrrz,16:1|30:1,False
train,16:14|30:14,8194,8767,mp-aaabfrbs,mp-aaabfyem,16:1|30:1,False
train,16:8|30:8,8195,8209,mp-aaabfrbv,mp-aaabfreq,16:1|30:1,False
train,16:8|30:8,8195,8752,mp-aaabfrbv,mp-aaabfybm,16:1|30:1,False
train,8:10|15:2|23:2,8208,17425,mp-aaabfreh,mp-aaacrfgx,8:5|15:1|23:1,False
train,16:8|30:8,8209,8752,mp-aaabfreq,mp-aaabfybm,16:1|30:1,False
train,16:22|30:22,8222,8261,mp-aaabfrhn,mp-aaabfrqu,16:1|30:1,False
train,5:12|8:24|83:4,8224,8320,mp-aaabfrhs,mp-aaabfsmp,5:3|8:6|83:1,False
train,8:12|83:8,8225,14213,mp-aaabfrht,mp-aaackxua,8:3|83:2,False
train,8:12|83:8,8225,16533,mp-aaabfrht,mp-aaacppup,8:3|83:2,False
train,8:12|83:8,8225,16535,mp-aaabfrht,mp-aaacppwm,8:3|83:2,False
train,8:8|41:2|66:2,8237,13847,mp-aaabfrlf,mp-aaackiil,8:4|41:1|66:1,False
train,8:8|41:2|66:2,8237,15077,mp-aaabfrlf,mp-aaacpbei,8:4|41:1|66:1,False
train,8:8|14:4,8241,8540,mp-aaabfrmc,mp-aaabfvbn,8:2|14:1,False
train,8:8|14:4,8241,9431,mp-aaabfrmc,mp-aaabidoy,8:2|14:1,False
train,16:14|30:14,8246,8267,mp-aaabfroe,mp-aaabfrrz,16:1|30:1,False
train,16:14|30:14,8246,8767,mp-aaabfroe,mp-aaabfyem,16:1|30:1,False
train,8:8|56:2|74:2,8266,13846,mp-aaabfrrr,mp-aaackihn,8:4|56:1|74:1,False
train,16:14|30:14,8267,8767,mp-aaabfrrz,mp-aaabfyem,16:1|30:1,False
train,8:12|49:4|83:4,8275,8749,mp-aaabfruy,mp-aaabfyaw,8:3|49:1|83:1,False
train,1:24|8:12,8298,10082,mp-aaabfscg,mp-aaaboaqd,1:2|8:1,False
train,16:10|30:10,8317,8775,mp-aaabfsky,mp-aaabfygw,16:1|30:1,False
train,8:12|11:8|78:4,8339,8720,mp-aaabfsqk,mp-aaabfxro,8:3|11:2|78:1,False
train,1:4|6:4|8:8|81:4,8372,8492,mp-aaabfszn,mp-aaabfuhv,1:1|6:1|8:2|81:1,False
train,9:2|81:2,8392,8433,mp-aaabftff,mp-aaabftqs,9:1|81:1,False
train,9:38|13:6|82:10,8401,8512,mp-aaabftid,mp-aaabfupj,9:19|13:3|82:5,False
train,8:8|83:4,8408,18641,mp-aaabftlh,mp-aaadbdvy,8:2|83:1,False
train,8:8|83:4,8408,18698,mp-aaabftlh,mp-aaadefoj,8:2|83:1,False
train,16:2|37:2,8419,10115,mp-aaabftoh,mp-aaabpnvv,16:1|37:1,False
train,16:2|22:1,8426,12776,mp-aaabftpu,mp-aaacfkdg,16:2|22:1,False
train,16:2|22:1,8426,12778,mp-aaabftpu,mp-aaacfkdm,16:2|22:1,False
train,8:8|15:2|47:6,8435,18580,mp-aaabftrm,mp-aaacryge,8:4|15:1|47:3,False
train,16:1|47:3|53:1,8443,9925,mp-aaabftsv,mp-aaabmkmv,16:1|47:3|53:1,False
train,16:1|47:3|53:1,8443,9966,mp-aaabftsv,mp-aaabmmvp,16:1|47:3|53:1,False
train,8:24|22:6|83:8,8456,10107,mp-aaabftwf,mp-aaabpdqe,8:12|22:3|83:4,False
train,16:2|42:1,8488,18605,mp-aaabfugm,mp-aaacsmob,16:2|42:1,False
train,8:24|14:12,8523,8714,mp-aaabfutv,mp-aaabfxqg,8:2|14:1,False
train,8:24|14:12,8523,9434,mp-aaabfutv,mp-aaabidql,8:2|14:1,False
train,8:8|14:4,8540,9431,mp-aaabfvbn,mp-aaabidoy,8:2|14:1,False
train,8:32|14:16,8567,9360,mp-aaabfvlj,mp-aaabgoox,8:2|14:1,False
train,8:12|14:6,8585,8618,mp-aaabfvte,mp-aaabfwhs,8:2|14:1,False
train,8:12|14:6,8585,9433,mp-aaabfvte,mp-aaabidqf,8:2|14:1,False
train,8:12|14:6,8585,9741,mp-aaabfvte,mp-aaabkjyt,8:2|14:1,False
train,8:12|14:6,8618,9433,mp-aaabfwhs,mp-aaabidqf,8:2|14:1,False
train,8:12|14:6,8618,9741,mp-aaabfwhs,mp-aaabkjyt,8:2|14:1,False
train,1:12|8:12|13:4,8652,12353,mp-aaabfwsa,mp-aaacebnx,1:3|8:3|13:1,False
train,8:14|41:4|48:4,8683,9867,mp-aaabfxew,mp-aaabkwpb,8:7|41:2|48:2,False
train,8:24|14:12,8714,9434,mp-aaabfxqg,mp-aaabidql,8:2|14:1,False
train,16:12|47:4|51:4|82:4,8718,9458,mp-aaabfxrc,mp-aaabimgl,16:3|47:1|51:1|82:1,False
train,9:4,8768,8787,mp-aaabfyet,mp-aaabfylb,9:1,False
train,9:4,8768,10497,mp-aaabfyet,mp-aaabrgzi,9:1,False
train,9:4,8787,10497,mp-aaabfylb,mp-aaabrgzi,9:1,False
train,8:20|32:4|39:8,8794,10562,mp-aaabfynx,mp-aaabrtkb,8:5|32:1|39:2,False
train,8:16|13:4|14:4|55:4,8797,16768,mp-aaabfyon,mp-aaacpwsb,8:4|13:1|14:1|55:1,False
train,8:14|14:4|39:4,8805,8809,mp-aaabfyrj,mp-aaabfysd,8:7|14:2|39:2,False
train,8:12|52:4|55:2,8822,16570,mp-aaabfzbe,mp-aaacpqyc,8:6|52:2|55:1,False
train,5:2|45:2,8851,13396,mp-aaabghaa,mp-aaacinpo,5:1|45:1,False
train,53:6|82:3,8852,9750,mp-aaabghao,mp-aaabkkvq,53:2|82:1,False
train,7:2|57:2,8864,12997,mp-aaabghew,mp-aaacfxzt,7:1|57:1,False
train,48:3|53:6,8865,8980,mp-aaabghfc,mp-aaabgirh,48:1|53:2,False
train,48:3|53:6,8865,9201,mp-aaabghfc,mp-aaabglvx,48:1|53:2,False
train,52:3,8866,9203,mp-aaabghft,mp-aaabglwt,52:1,False
train,48:4|53:8,8868,9148,mp-aaabghgq,mp-aaabglew,48:1|53:2,False
train,48:4|53:8,8868,9982,mp-aaabghgq,mp-aaabmscd,48:1|53:2,False
train,48:5|53:10,8873,9205,mp-aaabghhn,mp-aaabglxg,48:1|53:2,False
train,48:5|53:10,8873,9210,mp-aaabghhn,mp-aaabglyt,48:1|53:2,False
train,48:5|53:10,8873,9219,mp-aaabghhn,mp-aaabgmap,48:1|53:2,False
train,20:1|32:2,8883,12850,mp-aaabghlg,mp-aaacflow,20:1|32:2,False
train,6:1|81:1,8884,13344,mp-aaabghlp,mp-aaacigkl,6:1|81:1,False
train,6:1|81:1,8884,13357,mp-aaabghlp,mp-aaacijmg,6:1|81:1,False
train,6:1|81:1,8884,18602,mp-aaabghlp,mp-aaacskvl,6:1|81:1,False
train,53:16|80:8,8885,9025,mp-aaabghlv,mp-aaabgjis,53:2|80:1,False
train,53:4|82:2,8887,9103,mp-aaabghnb,mp-aaabgkpn,53:2|82:1,False
train,6:8|14:8,8888,9233,mp-aaabghnd,mp-aaabgmdt,6:1|14:1,False
train,48:8|53:16,8893,9144,mp-aaabghog,mp-aaabglds,48:1|53:2,False
train,48:8|53:16,8893,9152,mp-aaabghog,mp-aaabglfv,48:1|53:2,False
train,48:8|53:16,8893,9157,mp-aaabghog,mp-aaabglhe,48:1|53:2,False
train,48:8|53:16,8893,9161,mp-aaabghog,mp-aaabglig,48:1|53:2,False
train,48:8|53:16,8893,9163,mp-aaabghog,mp-aaabgljz,48:1|53:2,False
train,48:8|53:16,8893,9338,mp-aaabghog,mp-aaabgnli,48:1|53:2,False
train,48:8|53:16,8893,9343,mp-aaabghog,mp-aaabgnmd,48:1|53:2,False
train,48:8|53:16,8893,9344,mp-aaabghog,mp-aaabgnmh,48:1|53:2,False
train,48:8|53:16,8893,9347,mp-aaabghog,mp-aaabgnnk,48:1|53:2,False
train,48:8|53:16,8893,9350,mp-aaabghog,mp-aaabgnoi,48:1|53:2,False
train,35:12|55:4|82:4,8903,8910,mp-aaabghrx,mp-aaabghtx,35:3|55:1|82:1,False
train,17:6|47:1|55:2|79:1,8926,8995,mp-aaabghxo,mp-aaabgixk,17:6|47:1|55:2|79:1,False
train,38:4,8930,11457,mp-aaabghzm,mp-aaabxivy,38:1,False
train,6:6|7:8,8938,14140,mp-aaabgibt,mp-aaackvtb,6:3|7:4,False
train,34:4|48:1|49:2,8953,9017,mp-aaabgihk,mp-aaabgjfp,34:4|48:1|49:2,False
train,14:1|20:3|35:2,8955,9140,mp-aaabgiic,mp-aaabglbs,14:1|20:3|35:2,False
train,14:1|20:3|35:2,8955,9154,mp-aaabgiic,mp-aaabglgi,14:1|20:3|35:2,False
train,14:1|20:3|35:2,8955,9165,mp-aaabgiic,mp-aaabglko,14:1|20:3|35:2,False
train,14:1|20:3|35:2,8955,9170,mp-aaabgiic,mp-aaabglmc,14:1|20:3|35:2,False
train,48:3|53:6,8980,9201,mp-aaabgirh,mp-aaabglvx,48:1|53:2,False
train,6:8,8993,9149,mp-aaabgivy,mp-aaabglfe,6:1,False
train,6:8,8993,9402,mp-aaabgivy,mp-aaabgzwf,6:1,False
train,28:1|40:1|50:1,8998,11563,mp-aaabgiyg,mp-aaacapbl,28:1|40:1|50:1,False
train,13:10|42:2,9010,9281,mp-aaabgjdn,mp-aaabgmtp,13:5|42:1,False
train,6:2,9033,9701,mp-aaabgjle,mp-aaabjzkj,6:1,False
train,6:2,9033,11566,mp-aaabgjle,mp-aaacbjfs,6:1,False
train,6:2,9033,12465,mp-aaabgjle,mp-aaacejee,6:1,False
train,6:2,9033,13258,mp-aaabgjle,mp-aaachfcj,6:1,False
train,6:2,9033,13333,mp-aaabgjle,mp-aaacidof,6:1,False
train,6:2,9033,13933,mp-aaabgjle,mp-aaackmai,6:1,False
train,34:4|47:8,9049,10321,mp-aaabgjrn,mp-aaabqyus,34:1|47:2,False
train,53:6|83:2,9065,13696,mp-aaabgjyr,mp-aaacjlig,53:3|83:1,False
train,7:1|74:1,9069,12667,mp-aaabgkbk,mp-aaacezzw,7:1|74:1,False
train,34:2|55:4,9073,12877,mp-aaabgkdc,mp-aaacfopl,34:1|55:2,False
train,34:2|55:4,9073,13725,mp-aaabgkdc,mp-aaacjmag,34:1|55:2,False
train,34:2|55:4,9073,13726,mp-aaabgkdc,mp-aaacjmak,34:1|55:2,False
train,34:2|55:4,9073,13732,mp-aaabgkdc,mp-aaacjmax,34:1|55:2,False
train,34:2|55:4,9073,13733,mp-aaabgkdc,mp-aaacjmbc,34:1|55:2,False
train,80:1,9074,10160,mp-aaabgkdt,mp-aaabqwjg,80:1,False
train,80:1,9074,12257,mp-aaabgkdt,mp-aaacdxyu,80:1,False
train,80:1,9074,12980,mp-aaabgkdt,mp-aaacfxxd,80:1,False
train,80:1,9074,15743,mp-aaabgkdt,mp-aaacpkij,80:1,False
train,6:4,9075,12463,mp-aaabgkei,mp-aaacejdg,6:1,False
train,6:4,9075,12515,mp-aaabgkei,mp-aaacetde,6:1,False
train,6:4,9075,12745,mp-aaabgkei,mp-aaacfjrq,6:1,False
train,6:4,9075,12746,mp-aaabgkei,mp-aaacfjsl,6:1,False
train,6:4,9075,13006,mp-aaabgkei,mp-aaacfybg,6:1,False
train,29:2|53:2,9077,9160,mp-aaabgkfy,mp-aaabglif,29:1|53:1,False
train,29:2|53:2,9077,12739,mp-aaabgkfy,mp-aaacfjag,29:1|53:1,False
train,83:2,9078,13907,mp-aaabgkgk,mp-aaackkop,83:1,False
train,47:2|50:2|68:2,9120,18154,mp-aaabgkum,mp-aaacrtac,47:1|50:1|68:1,False
train,46:3|81:1,9125,9276,mp-aaabgkwv,mp-aaabgmss,46:3|81:1,False
train,14:1|20:3|35:2,9140,9154,mp-aaabglbs,mp-aaabglgi,14:1|20:3|35:2,False
train,14:1|20:3|35:2,9140,9165,mp-aaabglbs,mp-aaabglko,14:1|20:3|35:2,False
train,14:1|20:3|35:2,9140,9170,mp-aaabglbs,mp-aaabglmc,14:1|20:3|35:2,False
train,48:8|53:16,9144,9152,mp-aaabglds,mp-aaabglfv,48:1|53:2,False
train,48:8|53:16,9144,9157,mp-aaabglds,mp-aaabglhe,48:1|53:2,False
train,48:8|53:16,9144,9161,mp-aaabglds,mp-aaabglig,48:1|53:2,False
train,48:8|53:16,9144,9163,mp-aaabglds,mp-aaabgljz,48:1|53:2,False
train,48:8|53:16,9144,9338,mp-aaabglds,mp-aaabgnli,48:1|53:2,False
train,48:8|53:16,9144,9343,mp-aaabglds,mp-aaabgnmd,48:1|53:2,False
train,48:8|53:16,9144,9344,mp-aaabglds,mp-aaabgnmh,48:1|53:2,False
train,48:8|53:16,9144,9347,mp-aaabglds,mp-aaabgnnk,48:1|53:2,False
train,48:8|53:16,9144,9350,mp-aaabglds,mp-aaabgnoi,48:1|53:2,False
train,48:4|53:8,9148,9982,mp-aaabglew,mp-aaabmscd,48:1|53:2,False
train,6:8,9149,9402,mp-aaabglfe,mp-aaabgzwf,6:1,False
train,48:8|53:16,9152,9157,mp-aaabglfv,mp-aaabglhe,48:1|53:2,False
train,48:8|53:16,9152,9161,mp-aaabglfv,mp-aaabglig,48:1|53:2,False
train,48:8|53:16,9152,9163,mp-aaabglfv,mp-aaabgljz,48:1|53:2,False
train,48:8|53:16,9152,9338,mp-aaabglfv,mp-aaabgnli,48:1|53:2,False
train,48:8|53:16,9152,9343,mp-aaabglfv,mp-aaabgnmd,48:1|53:2,False
train,48:8|53:16,9152,9344,mp-aaabglfv,mp-aaabgnmh,48:1|53:2,False
train,48:8|53:16,9152,9347,mp-aaabglfv,mp-aaabgnnk,48:1|53:2,False
train,48:8|53:16,9152,9350,mp-aaabglfv,mp-aaabgnoi,48:1|53:2,False
train,14:1|20:3|35:2,9154,9165,mp-aaabglgi,mp-aaabglko,14:1|20:3|35:2,False
train,14:1|20:3|35:2,9154,9170,mp-aaabglgi,mp-aaabglmc,14:1|20:3|35:2,False
train,48:8|53:16,9157,9161,mp-aaabglhe,mp-aaabglig,48:1|53:2,False
train,48:8|53:16,9157,9163,mp-aaabglhe,mp-aaabgljz,48:1|53:2,False
train,48:8|53:16,9157,9338,mp-aaabglhe,mp-aaabgnli,48:1|53:2,False
train,48:8|53:16,9157,9343,mp-aaabglhe,mp-aaabgnmd,48:1|53:2,False
train,48:8|53:16,9157,9344,mp-aaabglhe,mp-aaabgnmh,48:1|53:2,False
train,48:8|53:16,9157,9347,mp-aaabglhe,mp-aaabgnnk,48:1|53:2,False
train,48:8|53:16,9157,9350,mp-aaabglhe,mp-aaabgnoi,48:1|53:2,False
train,29:2|53:2,9160,12739,mp-aaabglif,mp-aaacfjag,29:1|53:1,False
train,48:8|53:16,9161,9163,mp-aaabglig,mp-aaabgljz,48:1|53:2,False
train,48:8|53:16,9161,9338,mp-aaabglig,mp-aaabgnli,48:1|53:2,False
train,48:8|53:16,9161,9343,mp-aaabglig,mp-aaabgnmd,48:1|53:2,False
train,48:8|53:16,9161,9344,mp-aaabglig,mp-aaabgnmh,48:1|53:2,False
train,48:8|53:16,9161,9347,mp-aaabglig,mp-aaabgnnk,48:1|53:2,False
train,48:8|53:16,9161,9350,mp-aaabglig,mp-aaabgnoi,48:1|53:2,False
train,48:8|53:16,9163,9338,mp-aaabgljz,mp-aaabgnli,48:1|53:2,False
train,48:8|53:16,9163,9343,mp-aaabgljz,mp-aaabgnmd,48:1|53:2,False
train,48:8|53:16,9163,9344,mp-aaabgljz,mp-aaabgnmh,48:1|53:2,False
train,48:8|53:16,9163,9347,mp-aaabgljz,mp-aaabgnnk,48:1|53:2,False
train,48:8|53:16,9163,9350,mp-aaabgljz,mp-aaabgnoi,48:1|53:2,False
train,1:18|13:6,9164,15280,mp-aaabglkc,mp-aaacpijm,1:3|13:1,False
train,14:1|20:3|35:2,9165,9170,mp-aaabglko,mp-aaabglmc,14:1|20:3|35:2,False
train,17:12|19:4|50:2,9168,9328,mp-aaabgllt,mp-aaabgniz,17:6|19:2|50:1,False
train,32:1|35:3|55:1,9178,9769,mp-aaabglnr,mp-aaabkout,32:1|35:3|55:1,False
train,32:1|35:3|55:1,9178,13449,mp-aaabglnr,mp-aaaciuka,32:1|35:3|55:1,False
train,47:2|53:4|80:1,9184,18578,mp-aaabgloy,mp-aaacryfy,47:2|53:4|80:1,False
train,30:1|40:1,9189,9486,mp-aaabglps,mp-aaabiyym,30:1|40:1,False
train,48:5|53:10,9205,9210,mp-aaabglxg,mp-aaabglyt,48:1|53:2,False
train,48:5|53:10,9205,9219,mp-aaabglxg,mp-aaabgmap,48:1|53:2,False
train,40:4|53:8,9208,9309,mp-aaabglyo,mp-aaabgnch,40:1|53:2,False
train,48:5|53:10,9210,9219,mp-aaabglyt,mp-aaabgmap,48:1|53:2,False
train,47:3|52:6|83:3,9214,15155,mp-aaabgmaf,mp-aaacphye,47:1|52:2|83:1,False
train,48:13|53:26,9215,9359,mp-aaabgmai,mp-aaabgnrf,48:1|53:2,False
train,6:3|7:4,9220,9356,mp-aaabgmbc,mp-aaabgnqr,6:3|7:4,False
train,17:3|55:1|80:1,9224,18520,mp-aaabgmbv,mp-aaacrxuw,17:3|55:1|80:1,False
train,32:1|53:2|57:2,9226,9730,mp-aaabgmcb,mp-aaabkgqf,32:1|53:2|57:2,False
train,7:4,9243,9901,mp-aaabgmhv,mp-aaabmgld,7:1,False
train,7:4,9243,9902,mp-aaabgmhv,mp-aaabmgle,7:1,False
train,7:4,9243,12644,mp-aaabgmhv,mp-aaacewog,7:1,False
train,30:1|53:2,9270,9310,mp-aaabgmqe,mp-aaabgncu,30:1|53:2,False
train,48:7|53:14,9279,9285,mp-aaabgmsz,mp-aaabgmvb,48:1|53:2,False
train,48:7|53:14,9279,9293,mp-aaabgmsz,mp-aaabgmwu,48:1|53:2,False
train,48:7|53:14,9279,9301,mp-aaabgmsz,mp-aaabgmzd,48:1|53:2,False
train,48:7|53:14,9279,9304,mp-aaabgmsz,mp-aaabgnaf,48:1|53:2,False
train,48:7|53:14,9279,9341,mp-aaabgmsz,mp-aaabgnln,48:1|53:2,False
train,48:7|53:14,9279,9866,mp-aaabgmsz,mp-aaabkvvl,48:1|53:2,False
train,48:7|53:14,9285,9293,mp-aaabgmvb,mp-aaabgmwu,48:1|53:2,False
train,48:7|53:14,9285,9301,mp-aaabgmvb,mp-aaabgmzd,48:1|53:2,False
train,48:7|53:14,9285,9304,mp-aaabgmvb,mp-aaabgnaf,48:1|53:2,False
train,48:7|53:14,9285,9341,mp-aaabgmvb,mp-aaabgnln,48:1|53:2,False
train,48:7|53:14,9285,9866,mp-aaabgmvb,mp-aaabkvvl,48:1|53:2,False
train,48:7|53:14,9293,9301,mp-aaabgmwu,mp-aaabgmzd,48:1|53:2,False
train,48:7|53:14,9293,9304,mp-aaabgmwu,mp-aaabgnaf,48:1|53:2,False
train,48:7|53:14,9293,9341,mp-aaabgmwu,mp-aaabgnln,48:1|53:2,False
train,48:7|53:14,9293,9866,mp-aaabgmwu,mp-aaabkvvl,48:1|53:2,False
train,49:2|83:1,9296,17915,mp-aaabgmye,mp-aaacrqhp,49:2|83:1,False
train,30:3|52:3,9300,13486,mp-aaabgmzb,mp-aaaciyup,30:1|52:1,False
train,48:7|53:14,9301,9304,mp-aaabgmzd,mp-aaabgnaf,48:1|53:2,False
train,48:7|53:14,9301,9341,mp-aaabgmzd,mp-aaabgnln,48:1|53:2,False
train,48:7|53:14,9301,9866,mp-aaabgmzd,mp-aaabkvvl,48:1|53:2,False
train,48:7|53:14,9304,9341,mp-aaabgnaf,mp-aaabgnln,48:1|53:2,False
train,48:7|53:14,9304,9866,mp-aaabgnaf,mp-aaabkvvl,48:1|53:2,False
train,17:1|29:1,9319,18160,mp-aaabgngk,mp-aaacrtco,17:1|29:1,False
train,48:8|53:16,9338,9343,mp-aaabgnli,mp-aaabgnmd,48:1|53:2,False
train,48:8|53:16,9338,9344,mp-aaabgnli,mp-aaabgnmh,48:1|53:2,False
train,48:8|53:16,9338,9347,mp-aaabgnli,mp-aaabgnnk,48:1|53:2,False
train,48:8|53:16,9338,9350,mp-aaabgnli,mp-aaabgnoi,48:1|53:2,False
train,48:7|53:14,9341,9866,mp-aaabgnln,mp-aaabkvvl,48:1|53:2,False
train,14:8,9342,13657,mp-aaabgnlo,mp-aaacjkpl,14:1,False
train,48:8|53:16,9343,9344,mp-aaabgnmd,mp-aaabgnmh,48:1|53:2,False
train,48:8|53:16,9343,9347,mp-aaabgnmd,mp-aaabgnnk,48:1|53:2,False
train,48:8|53:16,9343,9350,mp-aaabgnmd,mp-aaabgnoi,48:1|53:2,False
train,48:8|53:16,9344,9347,mp-aaabgnmh,mp-aaabgnnk,48:1|53:2,False
train,48:8|53:16,9344,9350,mp-aaabgnmh,mp-aaabgnoi,48:1|53:2,False
train,48:8|53:16,9347,9350,mp-aaabgnnk,mp-aaabgnoi,48:1|53:2,False
train,6:1|42:2,9349,17822,mp-aaabgnof,mp-aaacrmys,6:1|42:2,False
train,5:12|6:3,9357,10047,mp-aaabgnqt,mp-aaabnqry,5:4|6:1,False
train,11:8|34:12|52:4,9379,16654,mp-aaabgqmv,mp-aaacptcm,11:2|34:3|52:1,False
train,8:20|14:10,9432,9742,mp-aaabidpv,mp-aaabkkib,8:2|14:1,False
train,8:12|14:6,9433,9741,mp-aaabidqf,mp-aaabkjyt,8:2|14:1,False
train,29:2|49:1|72:1,9437,18048,mp-aaabidtt,mp-aaacrrgg,29:2|49:1|72:1,False
train,5:2|7:2,9438,9447,mp-aaabifjz,mp-aaabikuu,5:1|7:1,False
train,8:12|12:4|14:4,9442,9443,mp-aaabijjf,mp-aaabijkc,8:3|12:1|14:1,False
train,37:4,9446,12995,mp-aaabijzd,mp-aaacfxzp,37:1,False
train,37:4,9446,13397,mp-aaabijzd,mp-aaacinsb,37:1,False
train,56:1,9455,18703,mp-aaabimdq,mp-aaaeinrv,56:1,False
train,6:1|8:4|55:4,9457,9862,mp-aaabimey,mp-aaabkspj,6:1|8:4|55:4,False
train,13:4|78:12,9462,15151,mp-aaabiocl,mp-aaacphva,13:1|78:3,False
train,8:2,9464,9475,mp-aaabiosy,mp-aaabitsv,8:1,False
train,8:2,9464,9478,mp-aaabiosy,mp-aaabivce,8:1,False
train,8:2,9464,12833,mp-aaabiosy,mp-aaacflio,8:1,False
train,8:2,9464,13339,mp-aaabiosy,mp-aaacievi,8:1,False
train,17:16|30:4|37:8,9468,9496,mp-aaabipws,mp-aaabjbnl,17:4|30:1|37:2,False
train,8:2,9475,9478,mp-aaabitsv,mp-aaabivce,8:1,False
train,8:2,9475,12833,mp-aaabitsv,mp-aaacflio,8:1,False
train,8:2,9475,13339,mp-aaabitsv,mp-aaacievi,8:1,False
train,6:12,9476,13862,mp-aaabiung,mp-aaackipy,6:1,False
train,54:1,9477,11680,mp-aaabiupx,mp-aaacdigm,54:1,False
train,54:1,9477,12178,mp-aaabiupx,mp-aaacdsqv,54:1,False
train,54:1,9477,12179,mp-aaabiupx,mp-aaacdsqw,54:1,False
train,8:2,9478,12833,mp-aaabivce,mp-aaacflio,8:1,False
train,8:2,9478,13339,mp-aaabivce,mp-aaacievi,8:1,False
train,36:1,9479,11860,mp-aaabivna,mp-aaacdlky,36:1,False
train,9:2|17:2|82:2,9482,15106,mp-aaabixua,mp-aaacpdmf,9:1|17:1|82:1,False
train,2:1,9487,10248,mp-aaabiyyy,mp-aaabqxys,2:1,False
train,53:1|55:1,9489,13332,mp-aaabizep,mp-aaacidmu,53:1|55:1,False
train,17:16|19:8|30:4,9508,9877,mp-aaabjemb,mp-aaableqw,17:4|19:2|30:1,False
train,50:1,9526,13163,mp-aaabjmjf,mp-aaacgexp,50:1,False
train,50:1,9526,13325,mp-aaabjmjf,mp-aaacicpg,50:1,False
train,22:1|28:1|50:1,9527,11564,mp-aaabjmok,mp-aaacapbm,22:1|28:1|50:1,False
train,8:10|52:2|82:4,9530,14206,mp-aaabjnla,mp-aaackxqy,8:5|52:1|82:2,False
train,48:9|53:18,9531,9887,mp-aaabjnrj,mp-aaabmcdi,48:1|53:2,False
train,8:5|73:2,9532,15095,mp-aaabjocm,mp-aaacpceo,8:5|73:2,False
train,8:5|73:2,9532,18608,mp-aaabjocm,mp-aaacsmuj,8:5|73:2,False
train,1:2|8:4|13:2,9535,9536,mp-aaabjoqo,mp-aaabjoqp,1:1|8:2|13:1,False
train,1:2|8:4|13:2,9535,13571,mp-aaabjoqo,mp-aaacjjlo,1:1|8:2|13:1,False
train,1:2|8:4|13:2,9536,13571,mp-aaabjoqp,mp-aaacjjlo,1:1|8:2|13:1,False
train,1:2|8:4|21:2,9537,9539,mp-aaabjoug,mp-aaabjowd,1:1|8:2|21:1,False
train,1:2|8:4|21:2,9537,10355,mp-aaabjoug,mp-aaabqzis,1:1|8:2|21:1,False
train,1:2|8:4|21:2,9537,13977,mp-aaabjoug,mp-aaackrgt,1:1|8:2|21:1,False
train,1:4|8:8|13:4,9538,9544,mp-aaabjoui,mp-aaabjpea,1:1|8:2|13:1,False
train,1:4|8:8|13:4,9538,9546,mp-aaabjoui,mp-aaabjpeq,1:1|8:2|13:1,False
train,1:2|8:4|21:2,9539,10355,mp-aaabjowd,mp-aaabqzis,1:1|8:2|21:1,False
train,1:2|8:4|21:2,9539,13977,mp-aaabjowd,mp-aaackrgt,1:1|8:2|21:1,False
train,1:12|8:12|71:4,9541,9550,mp-aaabjpdo,mp-aaabjpgm,1:3|8:3|71:1,False
train,1:6|8:6|60:2,9542,9543,mp-aaabjpdt,mp-aaabjpdz,1:3|8:3|60:1,False
train,1:4|8:8|13:4,9544,9546,mp-aaabjpea,mp-aaabjpeq,1:1|8:2|13:1,False
train,1:6|8:6|59:2,9547,9548,mp-aaabjpfr,mp-aaabjpfw,1:3|8:3|59:1,False
train,1:6|8:6|59:2,9547,9568,mp-aaabjpfr,mp-aaabjqov,1:3|8:3|59:1,False
train,1:6|8:6|59:2,9548,9568,mp-aaabjpfw,mp-aaabjqov,1:3|8:3|59:1,False
train,1:6|8:6|69:2,9549,9551,mp-aaabjpgj,mp-aaabjpgq,1:3|8:3|69:1,False
train,1:3|8:1|35:1,9552,9554,mp-aaabjpib,mp-aaabjpin,1:3|8:1|35:1,False
train,1:4|8:8|52:2,9553,9555,mp-aaabjpif,mp-aaabjpis,1:2|8:4|52:1,False
train,1:2|8:2|48:1,9556,9557,mp-aaabjpjo,mp-aaabjpkf,1:2|8:2|48:1,False
train,1:8|4:4|8:8,9561,10065,mp-aaabjpud,mp-aaabnrgy,1:2|4:1|8:2,False
train,1:2|8:4|67:2,9565,10373,mp-aaabjqhp,mp-aaabqzrj,1:1|8:2|67:1,False
train,1:2|8:4|67:2,9565,10389,mp-aaabjqhp,mp-aaabqzya,1:1|8:2|67:1,False
train,1:12|8:12|21:4,9566,9567,mp-aaabjqij,mp-aaabjqik,1:3|8:3|21:1,False
train,1:2|8:2|20:1,9572,9573,mp-aaabjqzr,mp-aaabjqzs,1:2|8:2|20:1,False
train,1:16|8:16|56:8,9574,9578,mp-aaabjrcv,mp-aaabjrmj,1:2|8:2|56:1,False
train,1:16|8:16|56:8,9574,9579,mp-aaabjrcv,mp-aaabjrne,1:2|8:2|56:1,False
train,1:4|8:8|92:2,9576,9577,mp-aaabjrie,mp-aaabjriz,1:2|8:4|92:1,False
train,1:16|8:16|56:8,9578,9579,mp-aaabjrmj,mp-aaabjrne,1:2|8:2|56:1,False
train,5:1|6:2|7:1,9583,12755,mp-aaabjvdy,mp-aaacfjxj,5:1|6:2|7:1,False
train,1:2,9693,9698,mp-aaabjzei,mp-aaabjzix,1:1,False
train,1:2,9693,10678,mp-aaabjzei,mp-aaabwjuw,1:1,False
train,1:2,9693,13432,mp-aaabjzei,mp-aaaciskb,1:1,False
train,51:2,9697,15101,mp-aaabjzis,mp-aaacpczl,51:1,False
train,1:2,9698,10678,mp-aaabjzix,mp-aaabwjuw,1:1,False
train,1:2,9698,13432,mp-aaabjzix,mp-aaaciskb,1:1,False
train,1:1|55:1,9699,13337,mp-aaabjzjz,mp-aaacieaw,1:1|55:1,False
train,6:2,9701,11566,mp-aaabjzkj,mp-aaacbjfs,6:1,False
train,6:2,9701,12465,mp-aaabjzkj,mp-aaacejee,6:1,False
train,6:2,9701,13258,mp-aaabjzkj,mp-aaachfcj,6:1,False
train,6:2,9701,13333,mp-aaabjzkj,mp-aaacidof,6:1,False
train,6:2,9701,13933,mp-aaabjzkj,mp-aaackmai,6:1,False
train,1:1|17:1,9711,9996,mp-aaabkcan,mp-aaabmytd,1:1|17:1,False
train,1:8|8:4,9720,10000,mp-aaabkdbw,mp-aaabmywu,1:2|8:1,False
train,1:8|8:4,9720,10062,mp-aaabkdbw,mp-aaabnrfz,1:2|8:1,False
train,28:1|50:1|72:1,9726,11562,mp-aaabkfgz,mp-aaacapbk,28:1|50:1|72:1,False
train,3:2|5:26|6:4,9735,9880,mp-aaabkhxe,mp-aaablhvb,3:1|5:13|6:2,False
train,55:4,9743,12740,mp-aaabkkix,mp-aaacfjci,55:1,False
train,55:4,9743,12878,mp-aaabkkix,mp-aaacfpfi,55:1,False
train,37:1,9744,11932,mp-aaabkkjz,mp-aaacdnbz,37:1,False
train,38:1,9746,15098,mp-aaabkkks,mp-aaacpcor,38:1,False
train,28:2|49:1|72:1,9747,18063,mp-aaabkkui,mp-aaacrrlh,28:2|49:1|72:1,False
train,32:1|35:3|55:1,9769,13449,mp-aaabkout,mp-aaaciuka,32:1|35:3|55:1,False
train,29:1|31:1|78:2,9847,10843,mp-aaabkrca,mp-aaabxcih,29:1|31:1|78:2,False
train,8:8|41:2|71:2,9855,10279,mp-aaabkrke,mp-aaabqyhq,8:4|41:1|71:1,False
train,1:4|6:2|8:10|11:2|13:2,9858,10077,mp-aaabkrks,mp-aaabnufw,1:2|6:1|8:5|11:1|13:1,False
train,48:15|53:30,9888,9984,mp-aaabmcdq,mp-aaabmsck,48:1|53:2,False
train,48:15|53:30,9888,9985,mp-aaabmcdq,mp-aaabmscl,48:1|53:2,False
train,48:15|53:30,9888,9986,mp-aaabmcdq,mp-aaabmscm,48:1|53:2,False
train,48:15|53:30,9888,9987,mp-aaabmcdq,mp-aaabmsds,48:1|53:2,False
train,7:4,9901,9902,mp-aaabmgld,mp-aaabmgle,7:1,False
train,7:4,9901,12644,mp-aaabmgld,mp-aaacewog,7:1,False
train,7:4,9902,12644,mp-aaabmgle,mp-aaacewog,7:1,False
train,55:8,9904,11570,mp-aaabmgll,mp-aaacbzxd,55:1,False
train,22:3|31:1,9905,11661,mp-aaabmglu,mp-aaacdhzh,22:3|31:1,False
train,32:1|52:1,9913,15057,mp-aaabmhda,mp-aaacotan,32:1|52:1,False
train,8:8|11:6|15:2,9919,15065,mp-aaabmjnx,mp-aaacouff,8:4|11:3|15:1,False
train,6:2|8:6|56:2,9922,9935,mp-aaabmjtm,mp-aaabmlaa,6:1|8:3|56:1,False
train,6:2|8:6|56:2,9922,9952,mp-aaabmjtm,mp-aaabmmau,6:1|8:3|56:1,False
train,6:2|8:6|56:2,9922,10515,mp-aaabmjtm,mp-aaabrjoj,6:1|8:3|56:1,False
train,9:8|81:2|83:2,9924,13958,mp-aaabmkht,mp-aaackqsd,9:4|81:1|83:1,False
train,9:8|81:2|83:2,9924,17479,mp-aaabmkht,mp-aaacrfyl,9:4|81:1|83:1,False
train,16:1|47:3|53:1,9925,9966,mp-aaabmkmv,mp-aaabmmvp,16:1|47:3|53:1,False
train,11:3|17:6|39:1,9928,14480,mp-aaabmkro,mp-aaaclgfn,11:3|17:6|39:1,False
train,6:2|8:6|56:2,9935,9952,mp-aaabmlaa,mp-aaabmmau,6:1|8:3|56:1,False
train,6:2|8:6|56:2,9935,10515,mp-aaabmlaa,mp-aaabrjoj,6:1|8:3|56:1,False
train,11:2|16:4|83:2,9939,15060,mp-aaabmlhz,mp-aaacothb,11:1|16:2|83:1,False
train,8:8|48:4|50:2,9949,14157,mp-aaabmlun,mp-aaackwfm,8:4|48:2|50:1,False
train,6:2|8:6|56:2,9952,10515,mp-aaabmmau,mp-aaabrjoj,6:1|8:3|56:1,False
train,16:2|47:1|49:1,9954,13929,mp-aaabmmej,mp-aaackkui,16:2|47:1|49:1,False
train,16:2|47:1|49:1,9954,17940,mp-aaabmmej,mp-aaacrqkp,16:2|47:1|49:1,False
train,52:4|82:1|83:2,9955,18365,mp-aaabmmjq,mp-aaacrvrq,52:4|82:1|83:2,False
train,8:8|14:2|20:4,9958,13111,mp-aaabmmks,mp-aaacgafy,8:4|14:1|20:2,False
train,8:8|14:2|20:4,9958,13112,mp-aaabmmks,mp-aaacgafz,8:4|14:1|20:2,False
train,16:4|47:2|71:2,9962,15061,mp-aaabmmpu,mp-aaacothx,16:2|47:1|71:1,False
train,9:6|11:3|13:1,9964,14574,mp-aaabmmts,mp-aaaclgxd,9:6|11:3|13:1,False
train,48:15|53:30,9984,9985,mp-aaabmsck,mp-aaabmscl,48:1|53:2,False
train,48:15|53:30,9984,9986,mp-aaabmsck,mp-aaabmscm,48:1|53:2,False
train,48:15|53:30,9984,9987,mp-aaabmsck,mp-aaabmsds,48:1|53:2,False
train,48:15|53:30,9985,9986,mp-aaabmscl,mp-aaabmscm,48:1|53:2,False
train,48:15|53:30,9985,9987,mp-aaabmscl,mp-aaabmsds,48:1|53:2,False
train,48:15|53:30,9986,9987,mp-aaabmscm,mp-aaabmsds,48:1|53:2,False
train,49:1|51:1,9995,17890,mp-aaabmysr,mp-aaacrqcv,49:1|51:1,False
train,49:1|51:1,9995,17891,mp-aaabmysr,mp-aaacrqcz,49:1|51:1,False
train,31:1|51:1,9997,18067,mp-aaabmyvg,mp-aaacrrvd,31:1|51:1,False
train,1:8|8:4,10000,10062,mp-aaabmywu,mp-aaabnrfz,1:2|8:1,False
train,8:25|11:8|13:6|14:6,10003,15066,mp-aaabmzbt,mp-aaacouif,8:25|11:8|13:6|14:6,False
train,8:2|19:4,10004,12563,mp-aaabmzem,mp-aaacevrv,8:1|19:2,False
train,52:4|82:4,10006,13674,mp-aaabmzja,mp-aaacjlac,52:1|82:1,False
train,48:2|52:2,10009,12747,mp-aaabmznu,mp-aaacfjvj,48:1|52:1,False
train,48:2|52:2,10009,13426,mp-aaabmznu,mp-aaacirqm,48:1|52:1,False
train,1:8|7:2|9:6|22:1,10041,11199,mp-aaabnqly,mp-aaabxghe,1:8|7:2|9:6|22:1,False
train,1:8|7:2|9:6|22:1,10041,16611,mp-aaabnqly,mp-aaacpshx,1:8|7:2|9:6|22:1,False
train,1:4|8:8|15:2|19:2,10048,14228,mp-aaabnqse,mp-aaackyiy,1:2|8:4|15:1|19:1,False
train,7:2|8:8|33:2,10110,17321,mp-aaabpikp,mp-aaacrddp,7:1|8:4|33:1,False
train,8:4|17:2|57:2,10114,17103,mp-aaabpnou,mp-aaacqrtq,8:2|17:1|57:1,False
train,8:6|37:4|40:2,10121,10417,mp-aaabqvan,mp-aaabraoy,8:3|37:2|40:1,False
train,8:8|29:4|30:2,10128,13312,mp-aaabqvcl,mp-aaachpbg,8:4|29:2|30:1,False
train,8:4|9:2|51:2,10131,10146,mp-aaabqvgr,mp-aaabqvob,8:2|9:1|51:1,False
train,8:20|22:4|69:8,10132,10537,mp-aaabqvhj,mp-aaabrslv,8:5|22:1|69:2,False
train,8:8|58:2|72:2,10135,10423,mp-aaabqvkv,mp-aaabrato,8:4|58:1|72:1,False
train,8:14|62:6|73:2,10139,10402,mp-aaabqvlm,mp-aaabragr,8:7|62:3|73:1,False
train,8:14|62:6|73:2,10139,16738,mp-aaabqvlm,mp-aaacpvri,8:7|62:3|73:1,False
train,8:10|22:2|31:4,10144,10501,mp-aaabqvnh,mp-aaabrhab,8:5|22:1|31:2,False
train,8:4|9:4|83:4,10153,10164,mp-aaabqwds,mp-aaabqwlk,8:1|9:1|83:1,False
train,8:4|9:4|83:4,10153,10476,mp-aaabqwds,mp-aaabrgab,8:1|9:1|83:1,False
train,8:4|9:4|83:4,10153,10517,mp-aaabqwds,mp-aaabrjrk,8:1|9:1|83:1,False
train,8:2|53:2|67:2,10154,10155,mp-aaabqwdv,mp-aaabqwef,8:1|53:1|67:1,False
train,80:1,10160,12257,mp-aaabqwjg,mp-aaacdxyu,80:1,False
train,80:1,10160,12980,mp-aaabqwjg,mp-aaacfxxd,80:1,False
train,80:1,10160,15743,mp-aaabqwjg,mp-aaacpkij,80:1,False
train,3:4|8:16|14:4|83:4,10163,10520,mp-aaabqwkd,mp-aaabrpki,3:1|8:4|14:1|83:1,False
train,8:4|9:4|83:4,10164,10476,mp-aaabqwlk,mp-aaabrgab,8:1|9:1|83:1,False
train,8:4|9:4|83:4,10164,10517,mp-aaabqwlk,mp-aaabrjrk,8:1|9:1|83:1,False
train,8:7|9:1|41:3,10168,10487,mp-aaabqwpf,mp-aaabrgwf,8:7|9:1|41:3,False
train,20:2|53:8|56:2,10169,10189,mp-aaabqwqg,mp-aaabqxcr,20:1|53:4|56:1,False
train,20:1|53:4|56:1,10170,10184,mp-aaabqwtr,mp-aaabqxbj,20:1|53:4|56:1,False
train,20:1|53:4|56:1,10170,10451,mp-aaabqwtr,mp-aaabrbyc,20:1|53:4|56:1,False
train,20:1|53:4|56:1,10170,10523,mp-aaabqwtr,mp-aaabrpqb,20:1|53:4|56:1,False
train,20:1|53:4|56:1,10170,15085,mp-aaabqwtr,mp-aaacpbjw,20:1|53:4|56:1,False
train,8:2|38:1|56:1,10171,18339,mp-aaabqwvj,mp-aaacrvoh,8:2|38:1|56:1,False
train,20:1|53:4|82:1,10174,10268,mp-aaabqwxi,mp-aaabqyeu,20:1|53:4|82:1,False
train,20:1|53:4|82:1,10174,10333,mp-aaabqwxi,mp-aaabqyyq,20:1|53:4|82:1,False
train,20:1|53:4|56:1,10184,10451,mp-aaabqxbj,mp-aaabrbyc,20:1|53:4|56:1,False
train,20:1|53:4|56:1,10184,10523,mp-aaabqxbj,mp-aaabrpqb,20:1|53:4|56:1,False
train,20:1|53:4|56:1,10184,15085,mp-aaabqxbj,mp-aaacpbjw,20:1|53:4|56:1,False
train,8:8|20:2|39:4,10190,10436,mp-aaabqxcx,mp-aaabrbay,8:4|20:1|39:2,False
train,8:8|58:1|90:3,10191,18238,mp-aaabqxdf,mp-aaacrumw,8:8|58:1|90:3,False
train,8:8|20:2|65:4,10193,10330,mp-aaabqxgq,mp-aaabqyye,8:4|20:1|65:2,False
train,8:2|34:1|69:2,10195,10256,mp-aaabqxgy,mp-aaabqych,8:2|34:1|69:2,False
train,9:8|39:2|56:1,10199,10536,mp-aaabqxjq,mp-aaabrsls,9:8|39:2|56:1,False
train,1:4|8:8|69:4,10200,10548,mp-aaabqxke,mp-aaabrsss,1:1|8:2|69:1,False
train,8:6|21:2|83:2,10201,13978,mp-aaabqxkj,mp-aaackrgx,8:3|21:1|83:1,False
train,8:2|35:2|39:2,10202,10564,mp-aaabqxlf,mp-aaabrtli,8:1|35:1|39:1,False
train,8:8|33:2|59:2,10208,10560,mp-aaabqxof,mp-aaabrtjr,8:4|33:1|59:1,False
train,8:8|21:4|38:2,10210,10429,mp-aaabqxok,mp-aaabrawo,8:4|21:2|38:1,False
train,8:8|40:2|72:2,10213,10322,mp-aaabqxpe,mp-aaabqyvc,8:4|40:1|72:1,False
train,8:6|39:2|83:2,10215,10534,mp-aaabqxpw,mp-aaabrskz,8:3|39:1|83:1,False
train,8:6|39:2|83:2,10215,18666,mp-aaabqxpw,mp-aaadbzwy,8:3|39:1|83:1,False
train,4:2|8:2|17:2,10219,15086,mp-aaabqxqh,mp-aaacpbkc,4:1|8:1|17:1,False
train,8:10|22:2|69:4,10223,10403,mp-aaabqxrk,mp-aaabragy,8:5|22:1|69:2,False
train,8:6|17:2|55:2,10225,10652,mp-aaabqxru,mp-aaabsiyn,8:3|17:1|55:1,False
train,8:14|51:2|60:6,10235,10579,mp-aaabqxuj,mp-aaabruda,8:7|51:1|60:3,False
train,8:2|38:2,10236,10305,mp-aaabqxuw,mp-aaabqyps,8:1|38:1,False
train,8:6|67:2|83:2,10238,15073,mp-aaabqxvo,mp-aaacpavy,8:3|67:1|83:1,False
train,8:4|11:6|29:2,10241,10657,mp-aaabqxxo,mp-aaabsjen,8:2|11:3|29:1,False
train,8:8|30:2|34:2,10242,10578,mp-aaabqxxu,mp-aaabrucz,8:4|30:1|34:1,False
train,7:8|8:4|72:8,10244,10505,mp-aaabqxxx,mp-aaabrhtz,7:2|8:1|72:2,False
train,8:6|13:4,10249,10281,mp-aaabqxzl,mp-aaabqyia,8:3|13:2,False
train,8:8|30:2|47:4,10253,13308,mp-aaabqybc,mp-aaachovw,8:4|30:1|47:2,False
train,7:4|8:4|41:4,10259,10296,mp-aaabqydb,mp-aaabqymy,7:1|8:1|41:1,False
train,8:12|13:8,10265,10343,mp-aaabqyel,mp-aaabqzdf,8:3|13:2,False
train,20:1|53:4|82:1,10268,10333,mp-aaabqyeu,mp-aaabqyyq,20:1|53:4|82:1,False
train,8:6|68:2|83:2,10283,10320,mp-aaabqyim,mp-aaabqyuh,8:3|68:1|83:1,False
train,7:4|8:6|40:6,10285,10339,mp-aaabqyjj,mp-aaabqzbo,7:2|8:3|40:3,False
train,7:4|8:6|40:6,10285,10406,mp-aaabqyjj,mp-aaabraiw,7:2|8:3|40:3,False
train,7:4|8:6|40:6,10285,13961,mp-aaabqyjj,mp-aaackqyi,7:2|8:3|40:3,False
train,38:4|53:12|56:2,10286,15084,mp-aaabqyjr,mp-aaacpbjo,38:2|53:6|56:1,False
train,7:4|8:6|72:6,10287,10481,mp-aaabqyjs,mp-aaabrghb,7:2|8:3|72:3,False
train,7:4|8:6|72:6,10287,10484,mp-aaabqyjs,mp-aaabrguq,7:2|8:3|72:3,False
train,7:4|8:6|72:6,10287,10507,mp-aaabqyjs,mp-aaabrhun,7:2|8:3|72:3,False
train,7:2|8:6|31:6,10300,10653,mp-aaabqyob,mp-aaabsjah,7:1|8:3|31:3,False
train,7:4|8:6|22:6,10301,10332,mp-aaabqyok,mp-aaabqyyo,7:2|8:3|22:3,False
train,7:4|8:6|22:6,10301,10674,mp-aaabqyok,mp-aaabwikt,7:2|8:3|22:3,False
train,8:8|33:2|73:2,10310,10433,mp-aaabqyqi,mp-aaabrayj,8:4|33:1|73:1,False
train,8:8|38:2|62:4,10319,10365,mp-aaabqyug,mp-aaabqzmq,8:4|38:1|62:2,False
train,8:6|57:2|83:2,10326,10540,mp-aaabqywp,mp-aaabrsok,8:3|57:1|83:1,False
train,8:3|37:1|73:1,10328,13505,mp-aaabqyxe,mp-aaacjgne,8:3|37:1|73:1,False
train,20:4|38:2|53:12,10329,10387,mp-aaabqyxg,mp-aaabqzwu,20:2|38:1|53:6,False
train,7:4|8:6|22:6,10332,10674,mp-aaabqyyo,mp-aaabwikt,7:2|8:3|22:3,False
train,8:4|50:2,10334,13268,mp-aaabqyzf,mp-aaachhki,8:2|50:1,False
train,7:2|8:11|22:6|38:2,10336,10642,mp-aaabqyzm,mp-aaabsert,7:2|8:11|22:6|38:2,False
train,7:2|8:11|22:6|38:2,10336,13974,mp-aaabqyzm,mp-aaackrft,7:2|8:11|22:6|38:2,False
train,7:4|8:6|40:6,10339,10406,mp-aaabqzbo,mp-aaabraiw,7:2|8:3|40:3,False
train,7:4|8:6|40:6,10339,13961,mp-aaabqzbo,mp-aaackqyi,7:2|8:3|40:3,False
train,1:2|8:4|66:2,10346,10644,mp-aaabqzge,mp-aaabsgaw,1:1|8:2|66:1,False
train,16:2|24:1,10348,18680,mp-aaabqzgp,mp-aaadclgq,16:2|24:1,False
train,8:4|20:3|48:1,10349,18390,mp-aaabqzhn,mp-aaacrwap,8:4|20:3|48:1,False
train,7:6|8:3|72:6,10352,10482,mp-aaabqzio,mp-aaabrgiu,7:2|8:1|72:2,False
train,1:2|8:4|21:2,10355,13977,mp-aaabqzis,mp-aaackrgt,1:1|8:2|21:1,False
train,8:2|17:2|66:2,10356,15076,mp-aaabqzix,mp-aaacpbdp,8:1|17:1|66:1,False
train,8:2|37:4,10369,13981,mp-aaabqzod,mp-aaackrht,8:1|37:2,False
train,1:2|8:4|67:2,10373,10389,mp-aaabqzrj,mp-aaabqzya,1:1|8:2|67:1,False
train,8:8|39:4|80:2,10383,10413,mp-aaabqzuw,mp-aaabramx,8:4|39:2|80:1,False
train,8:8|41:2|65:2,10392,10660,mp-aaabraan,mp-aaabsjxh,8:4|41:1|65:1,False
train,8:14|62:6|73:2,10402,16738,mp-aaabragr,mp-aaacpvri,8:7|62:3|73:1,False
train,7:4|8:6|40:6,10406,13961,mp-aaabraiw,mp-aaackqyi,7:2|8:3|40:3,False
train,20:2|38:4|53:12,10415,13975,mp-aaabranz,mp-aaackrfy,20:1|38:2|53:6,False
train,8:8|23:2|27:2,10435,10600,mp-aaabrayv,mp-aaabrwtd,8:4|23:1|27:1,False
train,8:16|22:8,10438,16668,mp-aaabrbfn,mp-aaacptmf,8:2|22:1,False
train,8:16|22:8,10438,18614,mp-aaabrbfn,mp-aaacyiat,8:2|22:1,False
train,8:2|35:2|59:2,10442,11950,mp-aaabrbjy,mp-aaacdnhq,8:1|35:1|59:1,False
train,8:6|52:1|74:1,10450,18635,mp-aaabrbxo,mp-aaadaziw,8:6|52:1|74:1,False
train,20:1|53:4|56:1,10451,10523,mp-aaabrbyc,mp-aaabrpqb,20:1|53:4|56:1,False
train,20:1|53:4|56:1,10451,15085,mp-aaabrbyc,mp-aaacpbjw,20:1|53:4|56:1,False
train,8:8|9:20|83:12,10471,10480,mp-aaabrfjx,mp-aaabrggf,8:2|9:5|83:3,False
train,8:4|9:4|74:2,10475,10477,mp-aaabrfxs,mp-aaabrgbg,8:2|9:2|74:1,False
train,8:4|9:4|83:4,10476,10517,mp-aaabrgab,mp-aaabrjrk,8:1|9:1|83:1,False
train,8:5|11:5|51:1,10478,13987,mp-aaabrgca,mp-aaackrsk,8:5|11:5|51:1,False
train,7:4|8:6|72:6,10481,10484,mp-aaabrghb,mp-aaabrguq,7:2|8:3|72:3,False
train,7:4|8:6|72:6,10481,10507,mp-aaabrghb,mp-aaabrhun,7:2|8:3|72:3,False
train,7:4|8:6|72:6,10484,10507,mp-aaabrguq,mp-aaabrhun,7:2|8:3|72:3,False
train,8:4|20:1|48:3,10489,18317,mp-aaabrgwh,mp-aaacrvlk,8:4|20:1|48:3,False
train,8:8|34:2|48:2,10509,10607,mp-aaabrhuq,mp-aaabryci,8:4|34:1|48:1,False
train,20:1|53:4|56:1,10523,15085,mp-aaabrpqb,mp-aaacpbjw,20:1|53:4|56:1,False
train,8:6|39:2|83:2,10534,18666,mp-aaabrskz,mp-aaadbzwy,8:3|39:1|83:1,False
train,8:2|34:1|66:2,10574,10575,mp-aaabrtyr,mp-aaabrtzw,8:2|34:1|66:2,False
train,8:16|20:6|73:4,10580,10581,mp-aaabrudp,mp-aaabrudy,8:8|20:3|73:2,False
train,8:18|56:8|73:4,10582,16766,mp-aaabruec,mp-aaacpwra,8:9|56:4|73:2,False
train,8:4|35:4|74:2,10626,14999,mp-aaabsbew,mp-aaaclrvi,8:2|35:2|74:1,False
train,7:2|8:11|22:6|38:2,10642,13974,mp-aaabsert,mp-aaackrft,7:2|8:11|22:6|38:2,False
train,8:12|20:6|74:2,10659,10668,mp-aaabsjsk,mp-aaabsmbx,8:6|20:3|74:1,False
train,16:2|28:1,10672,13795,mp-aaabwiat,mp-aaackgmj,16:2|28:1,False
train,16:2|28:1,10672,18676,mp-aaabwiat,mp-aaadcicf,16:2|28:1,False
train,16:4|28:2,10673,15108,mp-aaabwiax,mp-aaacpdqk,16:2|28:1,False
train,1:2,10678,13432,mp-aaabwjuw,mp-aaaciskb,1:1,False
train,8:8|11:2|12:1|15:2|56:1,10717,13108,mp-aaabxbag,mp-aaacgafn,8:8|11:2|12:1|15:2|56:1,False
train,13:2|27:1|44:1,10807,18534,mp-aaabxcep,mp-aaacrxxs,13:2|27:1|44:1,False
train,4:1|27:2|32:1,10813,18335,mp-aaabxcfa,mp-aaacrvnv,4:1|27:2|32:1,False
train,11:3|49:1,11007,15998,mp-aaabxffy,mp-aaacpmnf,11:3|49:1,False
train,11:1|48:3,11062,16020,mp-aaabxfsf,mp-aaacpmqh,11:1|48:3,False
train,22:1|28:2|30:1,11067,17465,mp-aaabxfsv,mp-aaacrfvc,22:1|28:2|30:1,False
train,29:3|72:1,11103,15790,mp-aaabxfwa,mp-aaacpkno,29:3|72:1,False
train,9:3|69:1,11107,16454,mp-aaabxfws,mp-aaacpoti,9:3|69:1,False
train,1:8|7:2|9:6|22:1,11199,16611,mp-aaabxghe,mp-aaacpshx,1:8|7:2|9:6|22:1,False
train,22:2|75:1|76:1,11214,17499,mp-aaabxgjt,mp-aaacrgkh,22:2|75:1|76:1,False
train,48:2|71:1,11257,12799,mp-aaabxgrk,mp-aaacfkmg,48:2|71:1,False
train,48:2|71:1,11257,13366,mp-aaabxgrk,mp-aaacilmc,48:2|71:1,False
train,4:1|14:1|28:2,11263,18340,mp-aaabxgts,mp-aaacrvoi,4:1|14:1|28:2,False
train,22:2|75:1|78:1,11281,17500,mp-aaabxgwz,mp-aaacrgkk,22:2|75:1|78:1,False
train,4:1|14:1|27:2,11288,18330,mp-aaabxgxx,mp-aaacrvnq,4:1|14:1|27:2,False
train,46:3|48:1,11315,15477,mp-aaabxhbd,mp-aaacpizf,46:3|48:1,False
train,47:1|49:1|68:2,11320,18139,mp-aaabxhbw,mp-aaacrswv,47:1|49:1|68:2,False
train,48:1|78:3,11329,13435,mp-aaabxhco,mp-aaacisto,48:1|78:3,False
train,13:1|29:1|46:2,11397,18535,mp-aaabxhnc,mp-aaacrxxw,13:1|29:1|46:2,False
train,16:8|20:4|50:2,11420,11422,mp-aaabxigw,mp-aaabxihk,16:4|20:2|50:1,False
train,16:3|20:1|50:1,11421,13936,mp-aaabxihc,mp-aaackpsf,16:3|20:1|50:1,False
train,44:3|73:1,11518,17567,mp-aaabxjto,mp-aaacrhqu,44:3|73:1,False
train,20:2|48:1|81:1,11528,18389,mp-aaabxjuv,mp-aaacrwao,20:2|48:1|81:1,False
train,6:2,11566,12465,mp-aaacbjfs,mp-aaacejee,6:1,False
train,6:2,11566,13258,mp-aaacbjfs,mp-aaachfcj,6:1,False
train,6:2,11566,13333,mp-aaacbjfs,mp-aaacidof,6:1,False
train,6:2,11566,13933,mp-aaacbjfs,mp-aaackmai,6:1,False
train,22:1|32:1|78:1,11586,12777,mp-aaaccspj,mp-aaacfkdk,22:1|32:1|78:1,False
train,13:1|31:1|38:1,11587,17591,mp-aaaccspk,mp-aaacrihw,13:1|31:1|38:1,False
train,15:1|31:1,11633,11635,mp-aaacdhil,mp-aaacdhjc,15:1|31:1,False
train,16:2|30:1|48:1,11637,17368,mp-aaacdhlo,mp-aaacrebb,16:2|30:1|48:1,False
train,14:1|81:3,11663,16436,mp-aaacdhzu,mp-aaacpoqy,14:1|81:3,False
train,14:1|81:3,11663,16450,mp-aaacdhzu,mp-aaacpota,14:1|81:3,False
train,33:3|43:1,11672,16390,mp-aaacdiek,mp-aaacponf,33:3|43:1,False
train,54:1,11680,12178,mp-aaacdigm,mp-aaacdsqv,54:1,False
train,54:1,11680,12179,mp-aaacdigm,mp-aaacdsqw,54:1,False
train,62:3|67:1,11693,12143,mp-aaacdiot,mp-aaacdsdx,62:3|67:1,False
train,33:3|50:1,11694,12132,mp-aaacdiou,mp-aaacdsbh,33:3|50:1,False
train,39:3|62:1,11701,12126,mp-aaacdiqn,mp-aaacdrzb,39:3|62:1,False
train,62:1|90:1,11721,17632,mp-aaacdiwe,mp-aaacrjgm,62:1|90:1,False
train,33:3|62:1,11723,12089,mp-aaacdiyk,mp-aaacdrms,33:3|62:1,False
train,6:2|8:2|13:2|21:2,11744,13759,mp-aaacdjgr,mp-aaacjmtf,6:1|8:1|13:1|21:1,False
train,1:3|57:1,11755,13039,mp-aaacdjlo,mp-aaacfydk,1:3|57:1,False
train,11:1|47:3,11769,16010,mp-aaacdjpu,mp-aaacpmpg,11:1|47:3,False
train,8:2|21:1|47:1,11770,13886,mp-aaacdjqf,mp-aaackkmo,8:2|21:1|47:1,False
train,16:4|51:4|53:4,11773,13866,mp-aaacdjrl,mp-aaackish,16:1|51:1|53:1,False
train,19:1|57:3,11776,15863,mp-aaacdjss,mp-aaacpkzd,19:1|57:3,False
train,19:3|39:1,11778,15899,mp-aaacdjtn,mp-aaacplcp,19:3|39:1,False
train,19:1|38:3,11779,11884,mp-aaacdjtu,mp-aaacdlxy,19:1|38:3,False
train,19:1|38:3,11779,15864,mp-aaacdjtu,mp-aaacpkze,19:1|38:3,False
train,51:1|78:3,11782,11783,mp-aaacdjwr,mp-aaacdjws,51:1|78:3,False
train,19:1|37:3,11797,15893,mp-aaacdkcq,mp-aaacplca,19:1|37:3,False
train,19:1|37:3,11797,15905,mp-aaacdkcq,mp-aaacpldb,19:1|37:3,False
train,32:1|33:3,11819,18028,mp-aaacdklk,mp-aaacrrdf,32:1|33:3,False
train,7:1|46:1,11828,12837,mp-aaacdkpf,mp-aaacflku,7:1|46:1,False
train,7:1|46:1,11828,12842,mp-aaacdkpf,mp-aaacflmq,7:1|46:1,False
train,61:1|66:3,11831,16128,mp-aaacdkqz,mp-aaacpngq,61:1|66:3,False
train,7:2|28:2,11837,18692,mp-aaacdksz,mp-aaaddkqj,7:1|28:1,False
train,7:2|76:1,11838,12791,mp-aaacdktb,mp-aaacfkix,7:2|76:1,False
train,7:2|76:1,11838,12792,mp-aaacdktb,mp-aaacfkja,7:2|76:1,False
train,7:2|76:1,11838,13378,mp-aaacdktb,mp-aaacimmt,7:2|76:1,False
train,45:3|78:1,11857,11858,mp-aaacdlju,mp-aaacdlka,45:3|78:1,False
train,42:1|75:3,11864,17639,mp-aaacdlls,mp-aaacrjlv,42:1|75:3,False
train,19:3|81:1,11880,11881,mp-aaacdltr,mp-aaacdluf,19:3|81:1,False
train,19:3|81:1,11880,15911,mp-aaacdltr,mp-aaacpldo,19:3|81:1,False
train,19:3|81:1,11881,15911,mp-aaacdluf,mp-aaacpldo,19:3|81:1,False
train,19:1|38:3,11884,15864,mp-aaacdlxy,mp-aaacpkze,19:1|38:3,False
train,37:3|81:1,11885,11888,mp-aaacdlxz,mp-aaacdlys,37:3|81:1,False
train,11:1|37:3,11893,11894,mp-aaacdmcw,mp-aaacdmdn,11:1|37:3,False
train,37:3|49:1,11896,11900,mp-aaacdmga,mp-aaacdmhi,37:3|49:1,False
train,37:3|49:1,11896,16212,mp-aaacdmga,mp-aaacpnsa,37:3|49:1,False
train,37:3|80:1,11898,11901,mp-aaacdmgd,mp-aaacdmhq,37:3|80:1,False
train,37:3|49:1,11900,16212,mp-aaacdmhi,mp-aaacpnsa,37:3|49:1,False
train,37:3|48:1,11902,11903,mp-aaacdmit,mp-aaacdmjc,37:3|48:1,False
train,37:3|48:1,11902,12235,mp-aaacdmit,mp-aaacdwzd,37:3|48:1,False
train,37:3|48:1,11903,12235,mp-aaacdmjc,mp-aaacdwzd,37:3|48:1,False
train,37:3|56:1,11904,11906,mp-aaacdmjl,mp-aaacdmkb,37:3|56:1,False
train,37:2,11909,11913,mp-aaacdmmz,mp-aaacdmpw,37:1,False
train,37:1|38:3,11912,11914,mp-aaacdmpr,mp-aaacdmql,37:1|38:3,False
train,37:1|38:3,11912,11915,mp-aaacdmpr,mp-aaacdmqo,37:1|38:3,False
train,37:1|38:3,11914,11915,mp-aaacdmql,mp-aaacdmqo,37:1|38:3,False
train,80:2,11916,15734,mp-aaacdmsm,mp-aaacpkhu,80:1,False
train,80:2,11916,15751,mp-aaacdmsm,mp-aaacpkjf,80:1,False
train,80:2,11916,15785,mp-aaacdmsm,mp-aaacpkmx,80:1,False
train,20:3|37:1,11920,11921,mp-aaacdmwt,mp-aaacdmxa,20:3|37:1,False
train,20:3|37:1,11920,11924,mp-aaacdmwt,mp-aaacdmxo,20:3|37:1,False
train,20:3|37:1,11921,11924,mp-aaacdmxa,mp-aaacdmxo,20:3|37:1,False
train,37:1|56:3,11923,11931,mp-aaacdmxh,mp-aaacdnbp,37:1|56:3,False
train,8:3|29:1|49:1,11926,17977,mp-aaacdmzb,mp-aaacrqsc,8:3|29:1|49:1,False
train,5:1|32:3,11940,15735,mp-aaacdnfn,mp-aaacpkhv,5:1|32:3,False
train,59:3|72:1,11941,16187,mp-aaacdngo,mp-aaacpnmz,59:3|72:1,False
train,59:3|68:1,11942,16185,mp-aaacdngp,mp-aaacpnmt,59:3|68:1,False
train,4:1|9:2,11945,13934,mp-aaacdngu,mp-aaackmci,4:1|9:2,False
train,59:1|62:3,11954,11956,mp-aaacdnmr,mp-aaacdnng,59:1|62:3,False
train,32:12|34:12|77:8,11963,16907,mp-aaacdnro,mp-aaacqoqp,32:3|34:3|77:2,False
train,59:1|68:3,11977,11981,mp-aaacdnzr,mp-aaacdoad,59:1|68:3,False
train,59:1|66:3,11978,16118,mp-aaacdnzu,mp-aaacpnfk,59:1|66:3,False
train,11:1|67:3,11994,16028,mp-aaacdogt,mp-aaacpmqz,11:1|67:3,False
train,60:3|67:1,12003,12005,mp-aaacdoko,mp-aaacdokq,60:3|67:1,False
train,11:3|79:1,12013,15988,mp-aaacdoxx,mp-aaacpmmc,11:3|79:1,False
train,11:3|81:1,12054,12251,mp-aaacdpwl,mp-aaacdxuz,11:3|81:1,False
train,11:3|81:1,12054,12258,mp-aaacdpwl,mp-aaacdxyv,11:3|81:1,False
train,14:2|16:8|29:4|30:2,12058,16599,mp-aaacdpww,mp-aaacprxu,14:1|16:4|29:2|30:1,False
train,1:3|72:1,12072,12263,mp-aaacdqcz,mp-aaacdyda,1:3|72:1,False
train,14:1|50:3,12082,16284,mp-aaacdrmk,mp-aaacpoaz,14:1|50:3,False
train,5:1|50:3,12130,12139,mp-aaacdsah,mp-aaacdscr,5:1|50:3,False
train,5:1|50:3,12130,16264,mp-aaacdsah,mp-aaacpnzc,5:1|50:3,False
train,50:1|83:3,12133,13255,mp-aaacdsbi,mp-aaachdmx,50:1|83:3,False
train,5:1|50:3,12139,16264,mp-aaacdscr,mp-aaacpnzc,5:1|50:3,False
train,62:3|69:1,12147,12167,mp-aaacdsei,mp-aaacdspp,62:3|69:1,False
train,79:3|81:1,12150,16441,mp-aaacdser,mp-aaacpork,79:3|81:1,False
train,16:1|90:3,12154,16281,mp-aaacdsfp,mp-aaacpoas,16:1|90:3,False
train,32:3|50:1,12168,16276,mp-aaacdspq,mp-aaacpoak,32:3|50:1,False
train,23:3|29:1,12177,16499,mp-aaacdsqt,mp-aaacppav,23:3|29:1,False
train,54:1,12178,12179,mp-aaacdsqv,mp-aaacdsqw,54:1,False
train,39:1|66:3,12188,12191,mp-aaacdsvz,mp-aaacdtpk,39:1|66:3,False
train,65:3|68:1,12201,16352,mp-aaacduhd,mp-aaacpoir,65:3|68:1,False
train,22:3|41:1,12209,12213,mp-aaacdvcr,mp-aaacdvns,22:3|41:1,False
train,30:1|81:3,12220,16437,mp-aaacdvtk,mp-aaacpora,30:1|81:3,False
train,30:1|81:3,12220,16451,mp-aaacdvtk,mp-aaacpotb,30:1|81:3,False
train,21:1|76:3,12222,16245,mp-aaacdvto,mp-aaacpnxl,21:1|76:3,False
train,59:1|67:3,12227,12233,mp-aaacdvzu,mp-aaacdwtt,59:1|67:3,False
train,11:4,12238,12645,mp-aaacdxfm,mp-aaacewoj,11:1,False
train,39:1|61:3,12241,12259,mp-aaacdxim,mp-aaacdxzc,39:1|61:3,False
train,19:3|49:1,12247,12248,mp-aaacdxqu,mp-aaacdxqv,19:3|49:1,False
train,19:3|49:1,12247,15886,mp-aaacdxqu,mp-aaacplba,19:3|49:1,False
train,19:3|49:1,12248,15886,mp-aaacdxqv,mp-aaacplba,19:3|49:1,False
train,11:3|81:1,12251,12258,mp-aaacdxuz,mp-aaacdxyv,11:3|81:1,False
train,19:3|48:1,12253,12265,mp-aaacdxvg,mp-aaacdygc,19:3|48:1,False
train,19:3|48:1,12253,15845,mp-aaacdxvg,mp-aaacpkvj,19:3|48:1,False
train,80:1,12257,12980,mp-aaacdxyu,mp-aaacfxxd,80:1,False
train,80:1,12257,15743,mp-aaacdxyu,mp-aaacpkij,80:1,False
train,19:3|48:1,12265,15845,mp-aaacdygc,mp-aaacpkvj,19:3|48:1,False
train,14:3|31:1,12270,15690,mp-aaacdyrn,mp-aaacpjwe,14:3|31:1,False
train,19:3|80:1,12272,12273,mp-aaacdyrt,mp-aaacdysq,19:3|80:1,False
train,31:3|79:1,12275,15703,mp-aaacdyto,mp-aaacpjxw,31:3|79:1,False
train,20:3|55:1,12308,15540,mp-aaaceakh,mp-aaacpjjz,20:3|55:1,False
train,8:22|41:8|47:4,12339,16865,mp-aaaceatf,mp-aaacqfrv,8:11|41:4|47:2,False
train,8:22|41:8|47:4,12339,16874,mp-aaaceatf,mp-aaacqhtj,8:11|41:4|47:2,False
train,1:16|5:4|20:2,12342,15130,mp-aaaceatq,mp-aaacpggi,1:8|5:2|20:1,False
train,32:1|47:3,12349,12350,mp-aaacebnm,mp-aaacebnn,32:1|47:3,False
train,32:1|47:3,12349,18575,mp-aaacebnm,mp-aaacryfk,32:1|47:3,False
train,32:1|47:3,12350,18575,mp-aaacebnn,mp-aaacryfk,32:1|47:3,False
train,13:3|29:1,12378,15229,mp-aaacecij,mp-aaacpigf,13:3|29:1,False
train,7:6|39:2|74:2,12391,12430,mp-aaacehqd,mp-aaacehwq,7:3|39:1|74:1,False
train,7:6|39:2|74:2,12391,12439,mp-aaacehqd,mp-aaacehxx,7:3|39:1|74:1,False
train,7:6|39:2|74:2,12391,12443,mp-aaacehqd,mp-aaacehyf,7:3|39:1|74:1,False
train,7:6|39:2|74:2,12391,12457,mp-aaacehqd,mp-aaacehzh,7:3|39:1|74:1,False
train,7:6|38:2|74:2,12393,12446,mp-aaacehuf,mp-aaacehyn,7:3|38:1|74:1,False
train,7:6|39:2|74:2,12430,12439,mp-aaacehwq,mp-aaacehxx,7:3|39:1|74:1,False
train,7:6|39:2|74:2,12430,12443,mp-aaacehwq,mp-aaacehyf,7:3|39:1|74:1,False
train,7:6|39:2|74:2,12430,12457,mp-aaacehwq,mp-aaacehzh,7:3|39:1|74:1,False
train,7:6|39:2|74:2,12439,12443,mp-aaacehxx,mp-aaacehyf,7:3|39:1|74:1,False
train,7:6|39:2|74:2,12439,12457,mp-aaacehxx,mp-aaacehzh,7:3|39:1|74:1,False
train,7:6|39:2|74:2,12443,12457,mp-aaacehyf,mp-aaacehzh,7:3|39:1|74:1,False
train,29:2,12462,13348,mp-aaaceieo,mp-aaacigyt,29:1,False
train,6:4,12463,12515,mp-aaacejdg,mp-aaacetde,6:1,False
train,6:4,12463,12745,mp-aaacejdg,mp-aaacfjrq,6:1,False
train,6:4,12463,12746,mp-aaacejdg,mp-aaacfjsl,6:1,False
train,6:4,12463,13006,mp-aaacejdg,mp-aaacfybg,6:1,False
train,6:2,12465,13258,mp-aaacejee,mp-aaachfcj,6:1,False
train,6:2,12465,13333,mp-aaacejee,mp-aaacidof,6:1,False
train,6:2,12465,13933,mp-aaacejee,mp-aaackmai,6:1,False
train,8:4|47:2|79:2,12482,12485,mp-aaacesvh,mp-aaacesvn,8:2|47:1|79:1,False
train,8:4|47:2|78:2,12490,12491,mp-aaaceswk,mp-aaaceswl,8:2|47:1|78:1,False
train,8:4|47:2|82:2,12493,12494,mp-aaaceswx,mp-aaaceswz,8:2|47:1|82:1,False
train,8:4|37:2|47:2,12504,12512,mp-aaacesye,mp-aaacetai,8:2|37:1|47:1,False
train,8:4|19:2|47:2,12507,12510,mp-aaaceszo,mp-aaacetac,8:2|19:1|47:1,False
train,6:4,12515,12745,mp-aaacetde,mp-aaacfjrq,6:1,False
train,6:4,12515,12746,mp-aaacetde,mp-aaacfjsl,6:1,False
train,6:4,12515,13006,mp-aaacetde,mp-aaacfybg,6:1,False
train,17:6|38:2|55:2,12537,17274,mp-aaacevef,mp-aaacrbir,17:3|38:1|55:1,False
train,17:3|37:1|82:1,12542,17159,mp-aaacevfx,mp-aaacqutj,17:3|37:1|82:1,False
train,6:1,12551,15136,mp-aaacevpy,mp-aaacpgnk,6:1,False
train,19:1,12552,13323,mp-aaacevqn,mp-aaacicel,19:1,False
train,32:1,12553,18037,mp-aaacevqp,mp-aaacrrej,32:1,False
train,29:1,12554,12872,mp-aaacevqw,mp-aaacfmhk,29:1,False
train,6:1|39:1,12555,12556,mp-aaacevqz,mp-aaacevra,6:1|39:1,False
train,6:1|39:1,12555,12557,mp-aaacevqz,mp-aaacevrc,6:1|39:1,False
train,6:1|39:1,12556,12557,mp-aaacevra,mp-aaacevrc,6:1|39:1,False
train,7:1|43:1,12560,12682,mp-aaacevrg,mp-aaacfakz,7:1|43:1,False
train,7:1|43:1,12560,12687,mp-aaacevrg,mp-aaacfanl,7:1|43:1,False
train,7:1|43:1,12560,12688,mp-aaacevrg,mp-aaacfanm,7:1|43:1,False
train,13:3|22:1,12572,17496,mp-aaacevuj,mp-aaacrgit,13:3|22:1,False
train,5:2|43:2,12574,12576,mp-aaacevzq,mp-aaacevzs,5:1|43:1,False
train,34:2|49:1|73:1,12587,17139,mp-aaacewai,mp-aaacqtwg,34:2|49:1|73:1,False
train,7:2|47:2,12598,18687,mp-aaacewcr,mp-aaaddbpm,7:1|47:1,False
train,14:4,12600,12654,mp-aaacewcu,mp-aaaceyyj,14:1,False
train,6:2|21:2,12601,12603,mp-aaacewcx,mp-aaacewcz,6:1|21:1,False
train,7:1|46:3,12612,12613,mp-aaacewgk,mp-aaacewgm,7:1|46:3,False
train,7:2|46:2,12615,12616,mp-aaacewgq,mp-aaacewgt,7:1|46:1,False
train,7:2|46:2,12615,12985,mp-aaacewgq,mp-aaacfxyo,7:1|46:1,False
train,7:2|46:2,12615,13442,mp-aaacewgq,mp-aaacitjg,7:1|46:1,False
train,7:2|46:2,12616,12985,mp-aaacewgt,mp-aaacfxyo,7:1|46:1,False
train,7:2|46:2,12616,13442,mp-aaacewgt,mp-aaacitjg,7:1|46:1,False
train,7:2|76:2,12617,12619,mp-aaacewgx,mp-aaacewhh,7:1|76:1,False
train,6:2|41:2,12626,12627,mp-aaacewjp,mp-aaacewka,6:1|41:1,False
train,6:2|41:2,12626,13796,mp-aaacewjp,mp-aaackgmn,6:1|41:1,False
train,6:2|41:2,12627,13796,mp-aaacewka,mp-aaackgmn,6:1|41:1,False
train,7:1|30:1,12635,12639,mp-aaacewnd,mp-aaacewnh,7:1|30:1,False
train,11:1|16:2|60:1,12636,17786,mp-aaacewne,mp-aaacrmed,11:1|16:2|60:1,False
train,7:1|11:3,12642,12643,mp-aaacewod,mp-aaacewoe,7:1|11:3,False
train,7:2|42:2,12647,13410,mp-aaacewol,mp-aaaciqas,7:1|42:1,False
train,59:1|83:1,12658,12874,mp-aaacezrh,mp-aaacfnpv,59:1|83:1,False
train,6:1|77:1,12665,12666,mp-aaacezyj,mp-aaacezzv,6:1|77:1,False
train,6:1|77:1,12665,12956,mp-aaacezyj,mp-aaacfxfj,6:1|77:1,False
train,6:1|77:1,12666,12956,mp-aaacezzv,mp-aaacfxfj,6:1|77:1,False
train,49:1|83:1,12668,18704,mp-aaacfaab,mp-aaaelngw,49:1|83:1,False
train,7:1|72:1,12669,12674,mp-aaacfaac,mp-aaacfadg,7:1|72:1,False
train,6:1|72:1,12675,12684,mp-aaacfadi,mp-aaacfalg,6:1|72:1,False
train,6:1|72:1,12675,12793,mp-aaacfadi,mp-aaacfkjg,6:1|72:1,False
train,7:1|23:1,12677,12989,mp-aaacfakn,mp-aaacfxyx,7:1|23:1,False
train,7:1|43:1,12682,12687,mp-aaacfakz,mp-aaacfanl,7:1|43:1,False
train,7:1|43:1,12682,12688,mp-aaacfakz,mp-aaacfanm,7:1|43:1,False
train,6:1|72:1,12684,12793,mp-aaacfalg,mp-aaacfkjg,6:1|72:1,False
train,7:1|43:1,12687,12688,mp-aaacfanl,mp-aaacfanm,7:1|43:1,False
train,5:1|43:1,12689,12690,mp-aaacfann,mp-aaacfano,5:1|43:1,False
train,5:1|43:1,12689,12691,mp-aaacfann,mp-aaacfanr,5:1|43:1,False
train,5:1|43:1,12689,12692,mp-aaacfann,mp-aaacfans,5:1|43:1,False
train,5:1|43:1,12690,12691,mp-aaacfano,mp-aaacfanr,5:1|43:1,False
train,5:1|43:1,12690,12692,mp-aaacfano,mp-aaacfans,5:1|43:1,False
train,5:1|43:1,12691,12692,mp-aaacfanr,mp-aaacfans,5:1|43:1,False
train,7:1|81:1,12697,12732,mp-aaacfapa,mp-aaacfius,7:1|81:1,False
train,6:1|78:1,12701,12846,mp-aaacfapg,mp-aaacfloq,6:1|78:1,False
train,6:1|78:1,12701,13046,mp-aaacfapg,mp-aaacfyee,6:1|78:1,False
train,6:1|78:1,12701,13047,mp-aaacfapg,mp-aaacfyef,6:1|78:1,False
train,6:1|48:1,12711,12714,mp-aaacfhmg,mp-aaacfhml,6:1|48:1,False
train,7:2|77:2,12720,13423,mp-aaacfiqe,mp-aaacireg,7:1|77:1,False
train,7:2|77:2,12720,15815,mp-aaacfiqe,mp-aaacpkqg,7:1|77:1,False
train,46:3|49:1,12722,17910,mp-aaacfiqi,mp-aaacrqfj,46:3|49:1,False
train,32:4,12728,13441,mp-aaacfiua,mp-aaacitih,32:1,False
train,31:4,12734,13445,mp-aaacfixt,mp-aaacitsi,31:1,False
train,55:4,12740,12878,mp-aaacfjci,mp-aaacfpfi,55:1,False
train,56:2,12743,13342,mp-aaacfjod,mp-aaacifyr,56:1,False
train,56:2,12743,13903,mp-aaacfjod,mp-aaackkoe,56:1,False
train,6:4,12745,12746,mp-aaacfjrq,mp-aaacfjsl,6:1,False
train,6:4,12745,13006,mp-aaacfjrq,mp-aaacfybg,6:1,False
train,6:4,12746,13006,mp-aaacfjsl,mp-aaacfybg,6:1,False
train,48:2|52:2,12747,13426,mp-aaacfjvj,mp-aaacirqm,48:1|52:1,False
train,20:4,12751,13437,mp-aaacfjwk,mp-aaacisvl,20:1,False
train,20:4,12751,15394,mp-aaacfjwk,mp-aaacpisq,20:1,False
train,8:2|56:2,12752,15083,mp-aaacfjwm,mp-aaacpbjm,8:1|56:1,False
train,46:2|56:2,12753,13400,mp-aaacfjwr,mp-aaacionf,46:1|56:1,False
train,5:2|6:1|7:1,12757,12758,mp-aaacfjxl,mp-aaacfjxm,5:2|6:1|7:1,False
train,5:2|6:1|7:1,12757,12759,mp-aaacfjxl,mp-aaacfjxn,5:2|6:1|7:1,False
train,5:2|6:1|7:1,12758,12759,mp-aaacfjxm,mp-aaacfjxn,5:2|6:1|7:1,False
train,7:2|13:1|31:1,12762,18530,mp-aaacfjyq,mp-aaacrxxe,7:2|13:1|31:1,False
train,6:1|74:1,12768,12771,mp-aaacfkbm,mp-aaacfkbr,6:1|74:1,False
train,92:1,12774,13507,mp-aaacfkcz,mp-aaacjhca,92:1,False
train,16:2|22:1,12776,12778,mp-aaacfkdg,mp-aaacfkdm,16:2|22:1,False
train,6:2|38:1,12783,17595,mp-aaacfkhc,mp-aaacrijp,6:2|38:1,False
train,62:1|80:2,12784,13365,mp-aaacfkhd,mp-aaacileo,62:1|80:2,False
train,7:2|46:1,12790,13093,mp-aaacfkiu,mp-aaacfztn,7:2|46:1,False
train,7:2|76:1,12791,12792,mp-aaacfkix,mp-aaacfkja,7:2|76:1,False
train,7:2|76:1,12791,13378,mp-aaacfkix,mp-aaacimmt,7:2|76:1,False
train,7:2|76:1,12792,13378,mp-aaacfkja,mp-aaacimmt,7:2|76:1,False
train,48:2|71:1,12799,13366,mp-aaacfkmg,mp-aaacilmc,48:2|71:1,False
train,7:1|29:1,12801,12802,mp-aaacfkms,mp-aaacfkmt,7:1|29:1,False
train,7:1|77:1,12807,12808,mp-aaacfkpf,mp-aaacfkpx,7:1|77:1,False
train,7:1|77:1,12807,12811,mp-aaacfkpf,mp-aaacfkqh,7:1|77:1,False
train,7:1|77:1,12808,12811,mp-aaacfkpx,mp-aaacfkqh,7:1|77:1,False
train,3:1|33:1|48:1,12809,13036,mp-aaacfkpy,mp-aaacfydb,3:1|33:1|48:1,False
train,67:1|80:2,12824,13384,mp-aaacfkub,mp-aaacimvg,67:1|80:2,False
train,6:1|41:1,12828,12829,mp-aaacflhi,mp-aaacflhj,6:1|41:1,False
train,7:1|28:1,12831,12832,mp-aaacflih,mp-aaacflim,7:1|28:1,False
train,8:2,12833,13339,mp-aaacflio,mp-aaacievi,8:1,False
train,6:1|76:1,12834,12835,mp-aaacflkl,mp-aaacflkm,6:1|76:1,False
train,7:1|46:1,12837,12842,mp-aaacflku,mp-aaacflmq,7:1|46:1,False
train,16:1|82:1,12838,13335,mp-aaacflkx,mp-aaacidql,16:1|82:1,False
train,59:2,12841,13347,mp-aaacflmo,mp-aaacigyq,59:1,False
train,59:2,12841,13352,mp-aaacflmo,mp-aaacihjc,59:1,False
train,7:1|59:1,12843,12844,mp-aaacfloh,mp-aaacfloi,7:1|59:1,False
train,7:1|59:1,12843,12847,mp-aaacfloh,mp-aaacflor,7:1|59:1,False
train,7:1|59:1,12844,12847,mp-aaacfloi,mp-aaacflor,7:1|59:1,False
train,6:1|78:1,12846,13046,mp-aaacfloq,mp-aaacfyee,6:1|78:1,False
train,6:1|78:1,12846,13047,mp-aaacfloq,mp-aaacfyef,6:1|78:1,False
train,6:2|20:1,12849,12851,mp-aaacflov,mp-aaacflox,6:2|20:1,False
train,6:1|50:1,12861,12862,mp-aaacflvg,mp-aaacflvi,6:1|50:1,False
train,7:1|73:1,12866,12867,mp-aaacflvr,mp-aaacflvt,7:1|73:1,False
train,6:1|40:1,12870,12871,mp-aaacflxm,mp-aaacflyc,6:1|40:1,False
train,12:1|28:1,12873,13038,mp-aaacfnmv,mp-aaacfydg,12:1|28:1,False
train,34:2|55:4,12877,13725,mp-aaacfopl,mp-aaacjmag,34:1|55:2,False
train,34:2|55:4,12877,13726,mp-aaacfopl,mp-aaacjmak,34:1|55:2,False
train,34:2|55:4,12877,13732,mp-aaacfopl,mp-aaacjmax,34:1|55:2,False
train,34:2|55:4,12877,13733,mp-aaacfopl,mp-aaacjmbc,34:1|55:2,False
train,7:1|15:1|56:3,12882,12906,mp-aaacfrib,mp-aaacfrot,7:1|15:1|56:3,False
train,20:3|33:1|51:1,12884,12919,mp-aaacfrim,mp-aaacfrpy,20:3|33:1|51:1,False
train,20:3|33:1|83:1,12885,12904,mp-aaacfrin,mp-aaacfrop,20:3|33:1|83:1,False
train,7:1|56:3|83:1,12889,12909,mp-aaacfrir,mp-aaacfrow,7:1|56:3|83:1,False
train,15:1|20:3|51:1,12890,13880,mp-aaacfris,mp-aaackklg,15:1|20:3|51:1,False
train,7:1|51:1|56:3,12894,12907,mp-aaacfriz,mp-aaacfrou,7:1|51:1|56:3,False
train,15:1|20:3|83:1,12895,12903,mp-aaacfrja,mp-aaacfroo,15:1|20:3|83:1,False
train,33:1|51:1|56:3,12898,12912,mp-aaacfrje,mp-aaacfrpa,33:1|51:1|56:3,False
train,33:1|56:3|83:1,12899,12913,mp-aaacfrjf,mp-aaacfrpc,33:1|56:3|83:1,False
train,51:1|56:3|83:1,12900,12914,mp-aaacfrka,mp-aaacfrpf,51:1|56:3|83:1,False
train,15:1|56:3|83:1,12902,12911,mp-aaacfrod,mp-aaacfroz,15:1|56:3|83:1,False
train,20:3|51:1|83:1,12905,12915,mp-aaacfroq,mp-aaacfrpt,20:3|51:1|83:1,False
train,7:1|33:1|56:3,12908,12916,mp-aaacfrov,mp-aaacfrpu,7:1|33:1|56:3,False
train,15:1|51:1|56:3,12910,12918,mp-aaacfroy,mp-aaacfrpx,15:1|51:1|56:3,False
train,5:2|40:2,12920,12929,mp-aaacfsfi,mp-aaacfsjm,5:1|40:1,False
train,7:2|40:2,12921,12963,mp-aaacfsge,mp-aaacfxgk,7:1|40:1,False
train,7:2|40:2,12921,13784,mp-aaacfsge,mp-aaackgiq,7:1|40:1,False
train,14:1,12922,13328,mp-aaacfsie,mp-aaaciczr,14:1,False
train,6:3|7:1,12923,12933,mp-aaacfsig,mp-aaacfslm,6:3|7:1,False
train,6:3|7:1,12923,12935,mp-aaacfsig,mp-aaacfslz,6:3|7:1,False
train,6:3|7:1,12923,12936,mp-aaacfsig,mp-aaacfsme,6:3|7:1,False
train,6:6|7:2,12930,12931,mp-aaacfsla,mp-aaacfslb,6:3|7:1,False
train,6:3|7:1,12933,12935,mp-aaacfslm,mp-aaacfslz,6:3|7:1,False
train,6:3|7:1,12933,12936,mp-aaacfslm,mp-aaacfsme,6:3|7:1,False
train,6:3|7:1,12935,12936,mp-aaacfslz,mp-aaacfsme,6:3|7:1,False
train,30:1|34:2|48:1,12960,17370,mp-aaacfxfy,mp-aaacrebm,30:1|34:2|48:1,False
train,7:2|40:2,12963,13784,mp-aaacfxgk,mp-aaackgiq,7:1|40:1,False
train,8:3|83:2,12966,12967,mp-aaacfxgp,mp-aaacfxgq,8:3|83:2,False
train,7:2|16:1|72:2,12975,13458,mp-aaacfxhf,mp-aaaciwdx,7:2|16:1|72:2,False
train,49:2|79:3,12978,17007,mp-aaacfxhr,mp-aaacqqrf,49:2|79:3,False
train,80:1,12980,15743,mp-aaacfxxd,mp-aaacpkij,80:1,False
train,7:2|46:2,12985,13442,mp-aaacfxyo,mp-aaacitjg,7:1|46:1,False
train,29:1|46:1,12991,18161,mp-aaacfxyz,mp-aaacrtcq,29:1|46:1,False
train,29:1|46:1,12991,18170,mp-aaacfxyz,mp-aaacrtej,29:1|46:1,False
train,37:4,12995,13397,mp-aaacfxzp,mp-aaacinsb,37:1,False
train,7:1|9:1|56:2,13013,18471,mp-aaacfybo,mp-aaacrxbv,7:1|9:1|56:2,False
train,7:1|9:1|56:2,13013,18472,mp-aaacfybo,mp-aaacrxbw,7:1|9:1|56:2,False
train,13:2|51:2,13017,13168,mp-aaacfybs,mp-aaacggrm,13:1|51:1,False
train,22:1|46:2,13027,13363,mp-aaacfycn,mp-aaacikuv,22:1|46:2,False
train,6:1|78:1,13046,13047,mp-aaacfyee,mp-aaacfyef,6:1|78:1,False
train,6:2|7:4,13059,13090,mp-aaacfyxb,mp-aaacfznq,6:1|7:2,False
train,8:4|58:2,13062,13064,mp-aaacfyxf,mp-aaacfyxk,8:2|58:1,False
train,29:2|50:2|68:2,13069,17056,mp-aaacfyyf,mp-aaacqrfk,29:1|50:1|68:1,False
train,30:2|31:2|68:2,13072,13073,mp-aaacfyyk,mp-aaacfyyo,30:1|31:1|68:1,False
train,29:2|57:2|82:2,13080,13184,mp-aaacfzaj,mp-aaacgima,29:1|57:1|82:1,False
train,46:2|51:2|57:2,13082,13180,mp-aaacfzan,mp-aaacgikg,46:1|51:1|57:1,False
train,20:2|50:2|80:2,13091,13092,mp-aaacfznr,mp-aaacfzoi,20:1|50:1|80:1,False
train,7:4|13:3|31:1,13097,18489,mp-aaacfzyw,mp-aaacrxfo,7:4|13:3|31:1,False
train,8:8|13:2|14:2|56:1,13103,18426,mp-aaacgaex,mp-aaacrwog,8:8|13:2|14:2|56:1,False
train,8:8|14:2|20:4,13111,13112,mp-aaacgafy,mp-aaacgafz,8:4|14:1|20:2,False
train,8:12|13:4|14:2|20:2,13114,13115,mp-aaacgagw,mp-aaacgagx,8:6|13:2|14:1|20:1,False
train,34:6|58:3,13150,13730,mp-aaacgdbw,mp-aaacjmar,34:2|58:1,False
train,34:8|58:4,13160,13727,mp-aaacgexh,mp-aaacjmal,34:2|58:1,False
train,34:8|58:4,13160,13735,mp-aaacgexh,mp-aaacjmcd,34:2|58:1,False
train,34:8|58:4,13160,13736,mp-aaacgexh,mp-aaacjmcm,34:2|58:1,False
train,50:1,13163,13325,mp-aaacgexp,mp-aaacicpg,50:1,False
train,29:2|32:6,13203,15647,mp-aaacgiya,mp-aaacpjsd,29:1|32:3,False
train,49:2|66:2|78:4,13208,13605,mp-aaacgjbh,mp-aaacjjvy,49:1|66:1|78:2,False
train,15:4|27:2|42:2,13210,17113,mp-aaacgjcn,mp-aaacqrva,15:2|27:1|42:1,False
train,50:3|83:1,13240,13254,mp-aaachcra,mp-aaachdmu,50:3|83:1,False
train,50:3|83:1,13240,16258,mp-aaachcra,mp-aaacpnyu,50:3|83:1,False
train,20:1|30:1,13241,13244,mp-aaachcrf,mp-aaachcwh,20:1|30:1,False
train,20:1|30:1,13241,13248,mp-aaachcrf,mp-aaachdff,20:1|30:1,False
train,20:1|30:1,13241,13252,mp-aaachcrf,mp-aaachdkd,20:1|30:1,False
train,20:1|30:1,13241,13256,mp-aaachcrf,mp-aaachdqt,20:1|30:1,False
train,20:1|30:1,13241,13823,mp-aaachcrf,mp-aaackhvl,20:1|30:1,False
train,20:2|30:2,13242,13247,mp-aaachcsy,mp-aaachdeh,20:1|30:1,False
train,20:3|30:1,13243,13250,mp-aaachcux,mp-aaachdij,20:3|30:1,False
train,20:3|30:1,13243,13257,mp-aaachcux,mp-aaachdra,20:3|30:1,False
train,20:1|30:1,13244,13248,mp-aaachcwh,mp-aaachdff,20:1|30:1,False
train,20:1|30:1,13244,13252,mp-aaachcwh,mp-aaachdkd,20:1|30:1,False
train,20:1|30:1,13244,13256,mp-aaachcwh,mp-aaachdqt,20:1|30:1,False
train,20:1|30:1,13244,13823,mp-aaachcwh,mp-aaackhvl,20:1|30:1,False
train,12:1|13:1,13245,13246,mp-aaachcxa,mp-aaachdah,12:1|13:1,False
train,20:1|30:1,13248,13252,mp-aaachdff,mp-aaachdkd,20:1|30:1,False
train,20:1|30:1,13248,13256,mp-aaachdff,mp-aaachdqt,20:1|30:1,False
train,20:1|30:1,13248,13823,mp-aaachdff,mp-aaackhvl,20:1|30:1,False
train,20:3|30:1,13250,13257,mp-aaachdij,mp-aaachdra,20:3|30:1,False
train,20:1|30:1,13252,13256,mp-aaachdkd,mp-aaachdqt,20:1|30:1,False
train,20:1|30:1,13252,13823,mp-aaachdkd,mp-aaackhvl,20:1|30:1,False
train,50:3|83:1,13254,16258,mp-aaachdmu,mp-aaacpnyu,50:3|83:1,False
train,20:1|30:1,13256,13823,mp-aaachdqt,mp-aaackhvl,20:1|30:1,False
train,6:2,13258,13333,mp-aaachfcj,mp-aaacidof,6:1,False
train,6:2,13258,13933,mp-aaachfcj,mp-aaackmai,6:1,False
train,8:8|30:2|83:4,13263,13294,mp-aaachgti,mp-aaachlkg,8:4|30:1|83:2,False
train,8:8|30:2|83:4,13263,13304,mp-aaachgti,mp-aaachorb,8:4|30:1|83:2,False
train,8:8|20:2|50:4,13264,13281,mp-aaachgtw,mp-aaachhty,8:4|20:1|50:2,False
train,8:8|20:2|50:4,13264,13296,mp-aaachgtw,mp-aaachlky,8:4|20:1|50:2,False
train,8:8|20:2|50:4,13264,18658,mp-aaachgtw,mp-aaadbskm,8:4|20:1|50:2,False
train,8:8|20:2|51:4,13265,13295,mp-aaachgza,mp-aaachlkn,8:4|20:1|51:2,False
train,8:8|20:2|51:4,13265,13302,mp-aaachgza,mp-aaachopr,8:4|20:1|51:2,False
train,8:8|20:2|50:4,13281,13296,mp-aaachhty,mp-aaachlky,8:4|20:1|50:2,False
train,8:8|20:2|50:4,13281,18658,mp-aaachhty,mp-aaadbskm,8:4|20:1|50:2,False
train,8:8|30:2|51:4,13282,13303,mp-aaachhue,mp-aaachoqh,8:4|30:1|51:2,False
train,8:24|20:6|83:12,13293,13297,mp-aaachlgz,mp-aaachlpz,8:4|20:1|83:2,False
train,8:8|30:2|83:4,13294,13304,mp-aaachlkg,mp-aaachorb,8:4|30:1|83:2,False
train,8:8|20:2|51:4,13295,13302,mp-aaachlkn,mp-aaachopr,8:4|20:1|51:2,False
train,8:8|20:2|50:4,13296,18658,mp-aaachlky,mp-aaadbskm,8:4|20:1|50:2,False
train,8:8|20:2|47:4,13309,13311,mp-aaachowq,mp-aaachpai,8:4|20:1|47:2,False
train,55:1,13321,15491,mp-aaacicbc,mp-aaacpjas,55:1,False
train,49:1,13322,15724,mp-aaacicde,mp-aaacpkew,49:1,False
train,8:1,13324,13330,mp-aaacicfr,mp-aaacidjj,8:1,False
train,8:1,13324,13413,mp-aaacicfr,mp-aaaciqmj,8:1,False
train,12:1,13326,13329,mp-aaacicqx,mp-aaacidek,12:1,False
train,8:1,13330,13413,mp-aaacidjj,mp-aaaciqmj,8:1,False
train,7:1|53:1,13331,13340,mp-aaacidma,mp-aaacifbn,7:1|53:1,False
train,6:2,13333,13933,mp-aaacidof,mp-aaackmai,6:1,False
train,7:1|35:1,13341,13346,mp-aaacifdb,mp-aaaciguy,7:1|35:1,False
train,56:2,13342,13903,mp-aaacifyr,mp-aaackkoe,56:1,False
train,6:1|81:1,13344,13357,mp-aaacigkl,mp-aaacijmg,6:1|81:1,False
train,6:1|81:1,13344,18602,mp-aaacigkl,mp-aaacskvl,6:1|81:1,False
train,59:2,13347,13352,mp-aaacigyq,mp-aaacihjc,59:1,False
train,6:1|81:1,13357,18602,mp-aaacijmg,mp-aaacskvl,6:1|81:1,False
train,13:1|22:1,13359,17491,mp-aaacijsl,mp-aaacrgia,13:1|22:1,False
train,12:1|41:2,13360,13362,mp-aaacikmd,mp-aaacikrk,12:1|41:2,False
train,12:1|41:2,13360,13380,mp-aaacikmd,mp-aaacimnk,12:1|41:2,False
train,12:1|41:2,13362,13380,mp-aaacikrk,mp-aaacimnk,12:1|41:2,False
train,57:1|80:2,13374,13388,mp-aaacimkd,mp-aaacimxk,57:1|80:2,False
train,1:3|16:1,13392,13395,mp-aaaciniz,mp-aaacinms,1:3|16:1,False
train,52:4,13399,15093,mp-aaaciokx,mp-aaacpcai,52:1,False
train,16:4,13405,13407,mp-aaacipiz,mp-aaacipve,16:1,False
train,16:4,13405,13793,mp-aaacipiz,mp-aaackglt,16:1,False
train,16:4,13405,15102,mp-aaacipiz,mp-aaacpdax,16:1,False
train,16:4,13407,13793,mp-aaacipve,mp-aaackglt,16:1,False
train,16:4,13407,15102,mp-aaacipve,mp-aaacpdax,16:1,False
train,11:2|31:2,13414,15105,mp-aaaciqmx,mp-aaacpdjh,11:1|31:1,False
train,35:2|40:2,13417,13430,mp-aaaciqsc,mp-aaaciscd,35:1|40:1,False
train,7:2|77:2,13423,15815,mp-aaacireg,mp-aaacpkqg,7:1|77:1,False
train,20:4,13437,15394,mp-aaacisvl,mp-aaacpisq,20:1,False
train,13:1|16:2|29:1,13439,13899,mp-aaaciteb,mp-aaackknr,13:1|16:2|29:1,False
train,49:2|52:3,13451,18059,mp-aaaciuqo,mp-aaacrrig,49:2|52:3,False
train,19:2|46:1|52:2,13455,16998,mp-aaacivcf,mp-aaacqqoc,19:2|46:1|52:2,False
train,13:3|44:2,13468,13476,mp-aaaciwvf,mp-aaacixse,13:3|44:2,False
train,20:2|30:2|82:2,13497,13914,mp-aaacjazi,mp-aaackkps,20:1|30:1|82:1,False
train,16:4|48:1|80:1,13513,15132,mp-aaacjhkq,mp-aaacpghs,16:4|48:1|80:1,False
train,7:4|74:2,13516,13963,mp-aaacjhoa,mp-aaackqyv,7:2|74:1,False
train,16:2|29:2|47:2,13531,16932,mp-aaacjikh,mp-aaacqpdy,16:1|29:1|47:1,False
train,13:2|16:4|30:1,13543,13892,mp-aaacjiuf,mp-aaackkna,13:2|16:4|30:1,False
train,13:2|16:4|30:1,13543,13893,mp-aaacjiuf,mp-aaackkne,13:2|16:4|30:1,False
train,13:2|16:4|30:1,13543,13894,mp-aaacjiuf,mp-aaackkng,13:2|16:4|30:1,False
train,13:2|16:4|30:1,13543,18490,mp-aaacjiuf,mp-aaacrxfq,13:2|16:4|30:1,False
train,28:2|33:4|66:4,13577,16993,mp-aaacjjmy,mp-aaacqqlz,28:1|33:2|66:2,False
train,16:4|82:4,13596,13619,mp-aaacjjsi,mp-aaacjkbw,16:1|82:1,False
train,16:4|82:4,13596,13638,mp-aaacjjsi,mp-aaacjkhx,16:1|82:1,False
train,16:4|82:4,13596,13772,mp-aaacjjsi,mp-aaacjwsk,16:1|82:1,False
train,16:4|82:4,13596,13777,mp-aaacjjsi,mp-aaackclz,16:1|82:1,False
train,8:6|38:2|49:1|73:1,13601,13748,mp-aaacjjui,mp-aaacjmjy,8:6|38:2|49:1|73:1,False
train,5:1|6:7,13618,13684,mp-aaacjkbn,mp-aaacjldl,5:1|6:7,False
train,5:1|6:7,13618,13717,mp-aaacjkbn,mp-aaacjlrq,5:1|6:7,False
train,5:1|6:7,13618,13824,mp-aaacjkbn,mp-aaackhwo,5:1|6:7,False
train,16:4|82:4,13619,13638,mp-aaacjkbw,mp-aaacjkhx,16:1|82:1,False
train,16:4|82:4,13619,13772,mp-aaacjkbw,mp-aaacjwsk,16:1|82:1,False
train,16:4|82:4,13619,13777,mp-aaacjkbw,mp-aaackclz,16:1|82:1,False
train,13:4|16:6,13627,18496,mp-aaacjkfd,mp-aaacrxhr,13:2|16:3,False
train,16:4|82:4,13638,13772,mp-aaacjkhx,mp-aaacjwsk,16:1|82:1,False
train,16:4|82:4,13638,13777,mp-aaacjkhx,mp-aaackclz,16:1|82:1,False
train,8:6|38:1|56:2|92:1,13639,13828,mp-aaacjkij,mp-aaackibv,8:6|38:1|56:2|92:1,False
train,8:6|19:2|78:1,13645,13721,mp-aaacjklm,mp-aaacjlvb,8:6|19:2|78:1,False
train,5:1|6:7,13684,13717,mp-aaacjldl,mp-aaacjlrq,5:1|6:7,False
train,5:1|6:7,13684,13824,mp-aaacjldl,mp-aaackhwo,5:1|6:7,False
train,8:6|51:1|69:1|82:2,13686,13762,mp-aaacjldu,mp-aaacjmvs,8:6|51:1|69:1|82:2,False
train,8:6|22:1|38:2|40:1,13716,16943,mp-aaacjlro,mp-aaacqpnr,8:6|22:1|38:2|40:1,False
train,5:1|6:7,13717,13824,mp-aaacjlrq,mp-aaackhwo,5:1|6:7,False
train,34:4|58:2,13724,13728,mp-aaacjmab,mp-aaacjmam,34:2|58:1,False
train,34:4|58:2,13724,13729,mp-aaacjmab,mp-aaacjmap,34:2|58:1,False
train,34:4|58:2,13724,13731,mp-aaacjmab,mp-aaacjmau,34:2|58:1,False
train,34:4|58:2,13724,13734,mp-aaacjmab,mp-aaacjmbv,34:2|58:1,False
train,34:4|58:2,13724,13737,mp-aaacjmab,mp-aaacjmcn,34:2|58:1,False
train,34:4|58:2,13724,13738,mp-aaacjmab,mp-aaacjmdg,34:2|58:1,False
train,34:4|58:2,13724,13739,mp-aaacjmab,mp-aaacjmdw,34:2|58:1,False
train,34:4|58:2,13724,13935,mp-aaacjmab,mp-aaacknhy,34:2|58:1,False
train,34:2|55:4,13725,13726,mp-aaacjmag,mp-aaacjmak,34:1|55:2,False
train,34:2|55:4,13725,13732,mp-aaacjmag,mp-aaacjmax,34:1|55:2,False
train,34:2|55:4,13725,13733,mp-aaacjmag,mp-aaacjmbc,34:1|55:2,False
train,34:2|55:4,13726,13732,mp-aaacjmak,mp-aaacjmax,34:1|55:2,False
train,34:2|55:4,13726,13733,mp-aaacjmak,mp-aaacjmbc,34:1|55:2,False
train,34:8|58:4,13727,13735,mp-aaacjmal,mp-aaacjmcd,34:2|58:1,False
train,34:8|58:4,13727,13736,mp-aaacjmal,mp-aaacjmcm,34:2|58:1,False
train,34:4|58:2,13728,13729,mp-aaacjmam,mp-aaacjmap,34:2|58:1,False
train,34:4|58:2,13728,13731,mp-aaacjmam,mp-aaacjmau,34:2|58:1,False
train,34:4|58:2,13728,13734,mp-aaacjmam,mp-aaacjmbv,34:2|58:1,False
train,34:4|58:2,13728,13737,mp-aaacjmam,mp-aaacjmcn,34:2|58:1,False
train,34:4|58:2,13728,13738,mp-aaacjmam,mp-aaacjmdg,34:2|58:1,False
train,34:4|58:2,13728,13739,mp-aaacjmam,mp-aaacjmdw,34:2|58:1,False
train,34:4|58:2,13728,13935,mp-aaacjmam,mp-aaacknhy,34:2|58:1,False
train,34:4|58:2,13729,13731,mp-aaacjmap,mp-aaacjmau,34:2|58:1,False
train,34:4|58:2,13729,13734,mp-aaacjmap,mp-aaacjmbv,34:2|58:1,False
train,34:4|58:2,13729,13737,mp-aaacjmap,mp-aaacjmcn,34:2|58:1,False
train,34:4|58:2,13729,13738,mp-aaacjmap,mp-aaacjmdg,34:2|58:1,False
train,34:4|58:2,13729,13739,mp-aaacjmap,mp-aaacjmdw,34:2|58:1,False
train,34:4|58:2,13729,13935,mp-aaacjmap,mp-aaacknhy,34:2|58:1,False
train,34:4|58:2,13731,13734,mp-aaacjmau,mp-aaacjmbv,34:2|58:1,False
train,34:4|58:2,13731,13737,mp-aaacjmau,mp-aaacjmcn,34:2|58:1,False
train,34:4|58:2,13731,13738,mp-aaacjmau,mp-aaacjmdg,34:2|58:1,False
train,34:4|58:2,13731,13739,mp-aaacjmau,mp-aaacjmdw,34:2|58:1,False
train,34:4|58:2,13731,13935,mp-aaacjmau,mp-aaacknhy,34:2|58:1,False
train,34:2|55:4,13732,13733,mp-aaacjmax,mp-aaacjmbc,34:1|55:2,False
train,34:4|58:2,13734,13737,mp-aaacjmbv,mp-aaacjmcn,34:2|58:1,False
train,34:4|58:2,13734,13738,mp-aaacjmbv,mp-aaacjmdg,34:2|58:1,False
train,34:4|58:2,13734,13739,mp-aaacjmbv,mp-aaacjmdw,34:2|58:1,False
train,34:4|58:2,13734,13935,mp-aaacjmbv,mp-aaacknhy,34:2|58:1,False
train,34:8|58:4,13735,13736,mp-aaacjmcd,mp-aaacjmcm,34:2|58:1,False
train,34:4|58:2,13737,13738,mp-aaacjmcn,mp-aaacjmdg,34:2|58:1,False
train,34:4|58:2,13737,13739,mp-aaacjmcn,mp-aaacjmdw,34:2|58:1,False
train,34:4|58:2,13737,13935,mp-aaacjmcn,mp-aaacknhy,34:2|58:1,False
train,34:4|58:2,13738,13739,mp-aaacjmdg,mp-aaacjmdw,34:2|58:1,False
train,34:4|58:2,13738,13935,mp-aaacjmdg,mp-aaacknhy,34:2|58:1,False
train,34:4|58:2,13739,13935,mp-aaacjmdw,mp-aaacknhy,34:2|58:1,False
train,16:4|82:4,13772,13777,mp-aaacjwsk,mp-aaackclz,16:1|82:1,False
train,33:1|40:1|77:1,13782,13783,mp-aaackgio,mp-aaackgip,33:1|40:1|77:1,False
train,16:4,13793,15102,mp-aaackglt,mp-aaacpdax,16:1,False
train,16:2|28:1,13795,18676,mp-aaackgmj,mp-aaadcicf,16:2|28:1,False
train,3:1|12:1,13802,13816,mp-aaackhiv,mp-aaackhrd,3:1|12:1,False
train,3:1|12:1,13802,13821,mp-aaackhiv,mp-aaackhus,3:1|12:1,False
train,12:1|22:1,13805,13817,mp-aaackhkw,mp-aaackhri,12:1|22:1,False
train,12:1|40:1,13806,13814,mp-aaackhln,mp-aaackhqw,12:1|40:1,False
train,12:1|40:1,13806,13819,mp-aaackhln,mp-aaackhuk,12:1|40:1,False
train,12:1|30:1,13807,13808,mp-aaackhmx,mp-aaackhna,12:1|30:1,False
train,12:1|30:1,13807,13812,mp-aaackhmx,mp-aaackhqc,12:1|30:1,False
train,12:1|30:1,13808,13812,mp-aaackhna,mp-aaackhqc,12:1|30:1,False
train,20:1|30:3,13809,13820,mp-aaackhnc,mp-aaackhuq,20:1|30:3,False
train,12:1|31:1,13810,13811,mp-aaackhpp,mp-aaackhpq,12:1|31:1,False
train,12:1|31:1,13810,13815,mp-aaackhpp,mp-aaackhqx,12:1|31:1,False
train,12:1|31:1,13811,13815,mp-aaackhpq,mp-aaackhqx,12:1|31:1,False
train,12:1|40:1,13814,13819,mp-aaackhqw,mp-aaackhuk,12:1|40:1,False
train,3:1|12:1,13816,13821,mp-aaackhrd,mp-aaackhus,3:1|12:1,False
train,12:1|72:1,13818,13822,mp-aaackhua,mp-aaackhva,12:1|72:1,False
train,8:8|41:2|66:2,13847,15077,mp-aaackiil,mp-aaacpbei,8:4|41:1|66:1,False
train,38:2|46:1|79:1,13878,16287,mp-aaackkja,mp-aaacpobn,38:2|46:1|79:1,False
train,13:2|16:4|30:1,13892,13893,mp-aaackkna,mp-aaackkne,13:2|16:4|30:1,False
train,13:2|16:4|30:1,13892,13894,mp-aaackkna,mp-aaackkng,13:2|16:4|30:1,False
train,13:2|16:4|30:1,13892,18490,mp-aaackkna,mp-aaacrxfq,13:2|16:4|30:1,False
train,13:2|16:4|30:1,13893,13894,mp-aaackkne,mp-aaackkng,13:2|16:4|30:1,False
train,13:2|16:4|30:1,13893,18490,mp-aaackkne,mp-aaacrxfq,13:2|16:4|30:1,False
train,13:2|16:4|30:1,13894,18490,mp-aaackkng,mp-aaacrxfq,13:2|16:4|30:1,False
train,48:1,13912,15421,mp-aaackkoz,mp-aaacpiuw,48:1,False
train,8:2|31:1|47:1,13922,13924,mp-aaackktf,mp-aaackktk,8:2|31:1|47:1,False
train,16:2|47:1|49:1,13929,17940,mp-aaackkui,mp-aaacrqkp,16:2|47:1|49:1,False
train,52:1|55:2|80:1,13932,15966,mp-aaacklue,mp-aaacpltp,52:1|55:2|80:1,False
train,9:8|81:2|83:2,13958,17479,mp-aaackqsd,mp-aaacrfyl,9:4|81:1|83:1,False
train,8:8|22:4,14047,18629,mp-aaacktbj,mp-aaadaxgi,8:2|22:1,False
train,8:8|22:4,14047,18659,mp-aaacktbj,mp-aaadbslf,8:2|22:1,False
train,8:8|22:4,14047,18671,mp-aaacktbj,mp-aaadcdgv,8:2|22:1,False
train,33:4|34:4|67:4,14070,17226,mp-aaacktzl,mp-aaacqzax,33:1|34:1|67:1,False
train,1:4|8:8|49:4,14199,16552,mp-aaackxor,mp-aaacpqkn,1:1|8:2|49:1,False
train,6:12|7:8,14202,16538,mp-aaackxpf,mp-aaacppxr,6:3|7:2,False
train,8:12|11:4|41:4,14211,16613,mp-aaackxtl,mp-aaacpsjv,8:3|11:1|41:1,False
train,8:12|83:8,14213,16533,mp-aaackxua,mp-aaacppup,8:3|83:2,False
train,8:12|83:8,14213,16535,mp-aaackxua,mp-aaacppwm,8:3|83:2,False
train,7:4|29:11|46:1,14218,16545,mp-aaackxxg,mp-aaacpqdc,7:4|29:11|46:1,False
train,8:3|29:3,15002,15052,mp-aaacltws,mp-aaacnhwy,8:1|29:1,False
train,29:1|35:2,15013,15014,mp-aaacnhnu,mp-aaacnhnw,29:1|35:2,False
train,16:2|17:2|29:1|56:2,15019,15020,mp-aaacnhpq,mp-aaacnhpt,16:2|17:2|29:1|56:2,False
train,29:1|53:2,15035,17249,mp-aaacnhtb,mp-aaacrakm,29:1|53:2,False
train,17:2|29:1,15047,15049,mp-aaacnhwm,mp-aaacnhwo,17:2|29:1,False
train,8:5|49:2|56:2,15062,18495,mp-aaacotib,mp-aaacrxhn,8:5|49:2|56:2,False
train,8:5|73:2,15095,18608,mp-aaacpceo,mp-aaacsmuj,8:5|73:2,False
train,19:3|45:1,15114,15907,mp-aaacpesz,mp-aaacplde,19:3|45:1,False
train,6:1|7:2|48:1,15138,15139,mp-aaacpgod,mp-aaacpgom,6:1|7:2|48:1,False
train,89:3,15164,15174,mp-aaacpicf,mp-aaacpicr,89:1,False
train,40:1|89:3,15165,15178,mp-aaacpicg,mp-aaacpide,40:1|89:3,False
train,58:3|89:1,15195,15288,mp-aaacpieg,mp-aaacpikc,58:3|89:1,False
train,13:3|50:1,15210,15249,mp-aaacpifb,mp-aaacpihs,13:3|50:1,False
train,8:3|13:1|51:1,15213,18686,mp-aaacpife,mp-aaadcwvn,8:3|13:1|51:1,False
train,47:3|79:1,15214,15260,mp-aaacpifh,mp-aaacpiig,47:3|79:1,False
train,13:4,15219,18609,mp-aaacpifo,mp-aaacsndk,13:1,False
train,39:3|89:1,15237,15268,mp-aaacpihb,mp-aaacpiis,39:3|89:1,False
train,47:1|78:1,15257,18561,mp-aaacpiib,mp-aaacrybv,47:1|78:1,False
train,46:1|47:1,15265,18560,mp-aaacpiio,mp-aaacrybs,46:1|47:1,False
train,47:1|79:1,15269,18571,mp-aaacpiit,mp-aaacryeu,47:1|79:1,False
train,11:1|56:3,15306,15331,mp-aaacpils,mp-aaacpins,11:1|56:3,False
train,38:3|56:1,15312,15320,mp-aaacpimm,mp-aaacpimx,38:3|56:1,False
train,38:1|56:3,15316,15326,mp-aaacpims,mp-aaacpinh,38:1|56:3,False
train,4:1|32:3,15353,15359,mp-aaacpiqe,mp-aaacpiql,4:1|32:3,False
train,78:3|83:1,15362,15389,mp-aaacpiqx,mp-aaacpisj,78:3|83:1,False
train,79:1|83:3,15367,15400,mp-aaacpire,mp-aaacpisy,79:1|83:3,False
train,79:1|83:3,15367,15406,mp-aaacpire,mp-aaacpitk,79:1|83:3,False
train,20:2|78:1|79:1,15380,18320,mp-aaacpiry,mp-aaacrvmn,20:2|78:1|79:1,False
train,20:1|47:3,15384,15410,mp-aaacpisd,mp-aaacpitr,20:1|47:3,False
train,20:3|39:1,15396,15412,mp-aaacpist,mp-aaacpitu,20:3|39:1,False
train,20:3|39:1,15396,15413,mp-aaacpist,mp-aaacpitv,20:3|39:1,False
train,79:1|83:3,15400,15406,mp-aaacpisy,mp-aaacpitk,79:1|83:3,False
train,20:3|39:1,15412,15413,mp-aaacpitu,mp-aaacpitv,20:3|39:1,False
train,46:1|48:3,15455,15463,mp-aaacpixx,mp-aaacpiyl,46:1|48:3,False
train,47:3|48:1,15458,15469,mp-aaacpiyd,mp-aaacpiyx,47:3|48:1,False
train,47:3|48:1,15458,18253,mp-aaacpiyd,mp-aaacruse,47:3|48:1,False
train,48:1|83:3,15459,15479,mp-aaacpiyf,mp-aaacpizh,48:1|83:3,False
train,48:1|80:3,15464,15472,mp-aaacpiyp,mp-aaacpiza,48:1|80:3,False
train,47:3|48:1,15469,18253,mp-aaacpiyx,mp-aaacruse,47:3|48:1,False
train,55:1|57:3,15539,15547,mp-aaacpjjw,mp-aaacpjkn,55:1|57:3,False
train,55:1|56:3,15542,15546,mp-aaacpjkd,mp-aaacpjkm,55:1|56:3,False
train,55:1|56:3,15542,15549,mp-aaacpjkd,mp-aaacpjks,55:1|56:3,False
train,55:1|56:3,15546,15549,mp-aaacpjkm,mp-aaacpjks,55:1|56:3,False
train,31:1|47:3,15553,18073,mp-aaacpjlf,mp-aaacrrvn,31:1|47:3,False
train,14:1|31:3,15554,15560,mp-aaacpjll,mp-aaacpjlu,14:1|31:3,False
train,31:1|32:3,15556,15562,mp-aaacpjln,mp-aaacpjlx,31:1|32:3,False
train,31:3|50:1,15558,15563,mp-aaacpjlq,mp-aaacpjly,31:3|50:1,False
train,31:3|50:1,15558,15588,mp-aaacpjlq,mp-aaacpjnr,31:3|50:1,False
train,31:3|50:1,15563,15588,mp-aaacpjly,mp-aaacpjnr,31:3|50:1,False
train,31:1|80:3,15564,15577,mp-aaacpjlz,mp-aaacpjmz,31:1|80:3,False
train,38:3|55:1,15568,15572,mp-aaacpjmg,mp-aaacpjmo,38:3|55:1,False
train,38:3|55:1,15568,15590,mp-aaacpjmg,mp-aaacpjnv,38:3|55:1,False
train,29:3|31:1,15569,15571,mp-aaacpjmh,mp-aaacpjmn,29:3|31:1,False
train,38:3|55:1,15572,15590,mp-aaacpjmo,mp-aaacpjnv,38:3|55:1,False
train,29:1|46:2|50:1,15596,17092,mp-aaacpjor,mp-aaacqrqo,29:1|46:2|50:1,False
train,29:1|82:3,15637,15667,mp-aaacpjrk,mp-aaacpjtp,29:1|82:3,False
train,47:1|49:1|66:2,15662,18117,mp-aaacpjta,mp-aaacrspv,47:1|49:1|66:2,False
train,31:1|46:3,15672,15691,mp-aaacpjun,mp-aaacpjwg,31:1|46:3,False
train,31:3|78:1,15673,15676,mp-aaacpjuo,mp-aaacpjuw,31:3|78:1,False
train,15:1|31:3,15675,15702,mp-aaacpjuq,mp-aaacpjxs,15:1|31:3,False
train,31:1|50:3,15681,15695,mp-aaacpjvo,mp-aaacpjws,31:1|50:3,False
train,31:3|82:1,15714,15719,mp-aaacpjzs,mp-aaacpkaj,31:3|82:1,False
train,31:3|82:1,15714,15722,mp-aaacpjzs,mp-aaacpkcv,31:3|82:1,False
train,31:3|82:1,15719,15722,mp-aaacpkaj,mp-aaacpkcv,31:3|82:1,False
train,80:2,15734,15751,mp-aaacpkhu,mp-aaacpkjf,80:1,False
train,80:2,15734,15785,mp-aaacpkhu,mp-aaacpkmx,80:1,False
train,50:1|72:3,15737,15766,mp-aaacpkhy,mp-aaacpkkv,50:1|72:3,False
train,32:1|79:3,15748,18032,mp-aaacpkiy,mp-aaacrrdv,32:1|79:3,False
train,80:2,15751,15785,mp-aaacpkjf,mp-aaacpkmx,80:1,False
train,72:3|82:1,15789,15813,mp-aaacpknn,mp-aaacpkqe,72:3|82:1,False
train,19:3|31:1,15832,15834,mp-aaacpkso,mp-aaacpktf,19:3|31:1,False
train,19:3|31:1,15832,15843,mp-aaacpkso,mp-aaacpkva,19:3|31:1,False
train,19:3|31:1,15834,15843,mp-aaacpktf,mp-aaacpkva,19:3|31:1,False
train,19:1|20:3,15857,15868,mp-aaacpkyi,mp-aaacpkzo,19:1|20:3,False
train,19:1|20:3,15857,15889,mp-aaacpkyi,mp-aaacplbq,19:1|20:3,False
train,19:1|80:3,15859,15878,mp-aaacpkys,mp-aaacplan,19:1|80:3,False
train,19:1|80:3,15859,15879,mp-aaacpkys,mp-aaacplao,19:1|80:3,False
train,19:1|20:3,15868,15889,mp-aaacpkzo,mp-aaacplbq,19:1|20:3,False
train,19:1|89:3,15873,15874,mp-aaacplae,mp-aaacplaf,19:1|89:3,False
train,39:3|57:1,15875,15940,mp-aaacplaj,mp-aaacplhb,39:3|57:1,False
train,19:1|80:3,15878,15879,mp-aaacplan,mp-aaacplao,19:1|80:3,False
train,57:1|59:3,15881,15917,mp-aaacplaq,mp-aaacplea,57:1|59:3,False
train,57:1|60:3,15891,15913,mp-aaacplbu,mp-aaacplds,57:1|60:3,False
train,19:1|37:3,15893,15905,mp-aaacplca,mp-aaacpldb,19:1|37:3,False
train,19:3|37:1,15896,15910,mp-aaacplck,mp-aaacpldn,19:3|37:1,False
train,11:3|47:1,15987,15995,mp-aaacpmmb,mp-aaacpmms,11:3|47:1,False
train,11:3|48:1,15990,15994,mp-aaacpmmi,mp-aaacpmmp,11:3|48:1,False
train,11:3|31:1,15992,15997,mp-aaacpmmm,mp-aaacpmnd,11:3|31:1,False
train,11:3|30:1,16007,16009,mp-aaacpmox,mp-aaacpmpa,11:3|30:1,False
train,11:1|89:3,16012,16013,mp-aaacpmpj,mp-aaacpmpl,11:1|89:3,False
train,11:1|20:3,16021,16023,mp-aaacpmqj,mp-aaacpmqm,11:1|20:3,False
train,11:1|80:3,16026,16027,mp-aaacpmqr,mp-aaacpmqw,11:1|80:3,False
train,8:1|82:3,16078,16088,mp-aaacpnbp,mp-aaacpncq,8:1|82:3,False
train,61:3|68:1,16106,16108,mp-aaacpnel,mp-aaacpnes,61:3|68:1,False
train,61:3|72:1,16109,16114,mp-aaacpnev,mp-aaacpnfd,61:3|72:1,False
train,33:3|61:1,16121,16122,mp-aaacpnfy,mp-aaacpnfz,33:3|61:1,False
train,59:3|66:1,16182,16184,mp-aaacpnmn,mp-aaacpnmq,59:3|66:1,False
train,59:3|62:1,16189,16190,mp-aaacpnni,mp-aaacpnnj,59:3|62:1,False
train,39:1|59:3,16193,16194,mp-aaacpnnq,mp-aaacpnnr,39:1|59:3,False
train,38:1|62:3,16208,16336,mp-aaacpnpd,mp-aaacpogs,38:1|62:3,False
train,78:1|79:1,16210,17688,mp-aaacpnpj,mp-aaacrkhx,78:1|79:1,False
train,51:1|79:3,16219,16221,mp-aaacpnur,mp-aaacpnuz,51:1|79:3,False
train,32:1|50:3,16257,16261,mp-aaacpnyt,mp-aaacpnyx,32:1|50:3,False
train,15:1|50:3,16265,16266,mp-aaacpnze,mp-aaacpnzf,15:1|50:3,False
train,50:3|51:1,16268,17626,mp-aaacpnzh,mp-aaacrjfo,50:3|51:1,False
train,34:1|50:3,16272,16274,mp-aaacpnzn,mp-aaacpnzz,34:1|50:3,False
train,50:3|52:1,16277,16283,mp-aaacpoal,mp-aaacpoay,50:3|52:1,False
train,20:1|38:3,16293,16294,mp-aaacpobx,mp-aaacpobz,20:1|38:3,False
train,20:1|38:3,16293,16295,mp-aaacpobx,mp-aaacpocc,20:1|38:3,False
train,20:1|38:3,16294,16295,mp-aaacpobz,mp-aaacpocc,20:1|38:3,False
train,20:3|38:1,16305,16308,mp-aaacpodr,mp-aaacpodv,20:3|38:1,False
train,20:3|38:1,16305,16311,mp-aaacpodr,mp-aaacpoej,20:3|38:1,False
train,20:3|38:1,16308,16311,mp-aaacpodv,mp-aaacpoej,20:3|38:1,False
train,73:3|78:1,16323,16334,mp-aaacpofs,mp-aaacpogh,73:3|78:1,False
train,65:3|67:1,16353,16355,mp-aaacpoiv,mp-aaacpoje,65:3|67:1,False
train,39:1|65:3,16363,16364,mp-aaacpojy,mp-aaacpokg,39:1|65:3,False
train,65:1|67:3,16374,16381,mp-aaacpokw,mp-aaacpoli,65:1|67:3,False
train,42:1|43:3,16388,16389,mp-aaacponb,mp-aaacponc,42:1|43:3,False
train,42:1|43:3,16388,17532,mp-aaacponb,mp-aaacrgxv,42:1|43:3,False
train,42:1|43:3,16389,17532,mp-aaacponc,mp-aaacrgxv,42:1|43:3,False
train,22:3|90:1,16412,16414,mp-aaacpoov,mp-aaacpopa,22:3|90:1,False
train,43:1|78:1,16421,17530,mp-aaacpopm,mp-aaacrgxp,43:1|78:1,False
train,47:1|81:3,16432,16448,mp-aaacpoqs,mp-aaacposv,47:1|81:3,False
train,32:1|81:3,16435,16452,mp-aaacpoqx,mp-aaacpote,32:1|81:3,False
train,14:1|81:3,16436,16450,mp-aaacpoqy,mp-aaacpota,14:1|81:3,False
train,30:1|81:3,16437,16451,mp-aaacpora,mp-aaacpotb,30:1|81:3,False
train,81:3|83:1,16439,17443,mp-aaacpore,mp-aaacrfqf,81:3|83:1,False
train,29:1|81:3,16442,16449,mp-aaacporv,mp-aaacposw,29:1|81:3,False
train,5:1|81:3,16443,16473,mp-aaacposc,mp-aaacpowe,5:1|81:3,False
train,49:1|81:3,16474,17445,mp-aaacpowk,mp-aaacrfqs,49:1|81:3,False
train,49:3|81:1,16498,17454,mp-aaacppak,mp-aaacrfst,49:3|81:1,False
train,54:4,16500,16504,mp-aaacppbd,mp-aaacppbt,54:1,False
train,30:1|47:1,16518,17358,mp-aaacppji,mp-aaacrdzp,30:1|47:1,False
train,8:12|83:8,16533,16535,mp-aaacppup,mp-aaacppwm,8:3|83:2,False
train,8:16|22:8,16668,18614,mp-aaacptmf,mp-aaacyiat,8:2|22:1,False
train,8:14|51:2|62:6,16689,16716,mp-aaacpubb,mp-aaacpusr,8:7|51:1|62:3,False
train,8:22|41:8|47:4,16865,16874,mp-aaacqfrv,mp-aaacqhtj,8:11|41:4|47:2,False
train,8:6|56:2|59:1|73:1,16945,16949,mp-aaacqpny,mp-aaacqpoo,8:6|56:2|59:1|73:1,False
train,8:6|31:1|38:2|41:1,16946,17602,mp-aaacqpof,mp-aaacriwp,8:6|31:1|38:2|41:1,False
train,29:1|34:2|67:1,17042,17932,mp-aaacqrcl,mp-aaacrqjv,29:1|34:2|67:1,False
train,8:6|56:2|65:1|73:1,17085,17086,mp-aaacqrpo,mp-aaacqrpp,8:6|56:2|65:1|73:1,False
train,51:1|62:1|78:1,17109,17623,mp-aaacqrui,mp-aaacrjfk,51:1|62:1|78:1,False
train,40:1|49:1,17119,17341,mp-aaacqsbs,mp-aaacrdsz,40:1|49:1,False
train,1:2|8:8|15:2|82:2,17170,17708,mp-aaacqvpu,mp-aaacrkuk,1:1|8:4|15:1|82:1,False
train,31:1|46:1,17237,18075,mp-aaacqzuv,mp-aaacrrvu,31:1|46:1,False
train,6:2|22:1|40:1,17326,17328,mp-aaacrdpm,mp-aaacrdpu,6:2|22:1|40:1,False
train,7:2|22:1|40:1,17327,17330,mp-aaacrdps,mp-aaacrdqa,7:2|22:1|40:1,False
train,22:1|40:1,17333,17339,mp-aaacrdqm,mp-aaacrdrw,22:1|40:1,False
train,30:1|33:2|50:1,17356,17372,mp-aaacrdzm,mp-aaacrecd,30:1|33:2|50:1,False
train,30:1|32:1|33:2,17360,17364,mp-aaacrdzs,mp-aaacreac,30:1|32:1|33:2,False
train,29:3|30:1,17373,17375,mp-aaacrecs,mp-aaacredd,29:3|30:1,False
train,39:1|90:1,17397,17402,mp-aaacrerb,mp-aaacrerj,39:1|90:1,False
train,39:1|90:1,17397,17408,mp-aaacrerb,mp-aaacresh,39:1|90:1,False
train,39:1|90:1,17402,17408,mp-aaacrerj,mp-aaacresh,39:1|90:1,False
train,6:1|7:1|23:2,17440,17455,mp-aaacrfpx,mp-aaacrfsy,6:1|7:1|23:2,False
train,7:2|22:1|41:1,17474,17484,mp-aaacrfxk,mp-aaacrfzz,7:2|22:1|41:1,False
train,40:3|90:1,17515,17521,mp-aaacrgsv,mp-aaacrguz,40:3|90:1,False
train,43:3|46:1,17531,17535,mp-aaacrgxq,mp-aaacrgya,43:3|46:1,False
train,34:1|50:1|52:1|82:1,17606,17607,mp-aaacrjch,mp-aaacrjcm,34:1|50:1|52:1|82:1,False
train,50:1|52:2|82:1,17611,17612,mp-aaacrjdj,mp-aaacrjds,50:1|52:2|82:1,False
train,50:1|83:1,17616,17621,mp-aaacrjep,mp-aaacrjfg,50:1|83:1,False
train,33:1|34:1|62:2,17640,17643,mp-aaacrjme,mp-aaacrjnk,33:1|34:1|62:2,False
train,51:1|52:1,17659,17662,mp-aaacrjye,mp-aaacrjyh,51:1|52:1,False
train,51:1|52:1,17659,17665,mp-aaacrjye,mp-aaacrjyl,51:1|52:1,False
train,51:1|52:1,17662,17665,mp-aaacrjyh,mp-aaacrjyl,51:1|52:1,False
train,16:1|34:1|82:2,17701,17705,mp-aaacrkqg,mp-aaacrkqx,16:1|34:1|82:2,False
train,11:1|16:2|59:1,17778,17783,mp-aaacrmat,mp-aaacrmce,11:1|16:2|59:1,False
train,11:1|51:1|52:2,17779,17780,mp-aaacrmau,mp-aaacrmbb,11:1|51:1|52:2,False
train,11:1|52:2|83:1,17792,17793,mp-aaacrmjj,mp-aaacrmjm,11:1|52:2|83:1,False
train,11:1|16:2|83:1,17795,17796,mp-aaacrmkg,mp-aaacrmkj,11:1|16:2|83:1,False
train,42:1|46:1,17815,17818,mp-aaacrmvl,mp-aaacrmvu,42:1|46:1,False
train,17:2|19:1|37:1,17870,17871,mp-aaacrpqh,mp-aaacrpql,17:2|19:1|37:1,False
train,11:4|17:5|19:1,17877,17879,mp-aaacrpta,mp-aaacrptj,11:4|17:5|19:1,False
train,16:2|19:1|83:1,17884,17885,mp-aaacrpvd,mp-aaacrpvn,16:2|19:1|83:1,False
train,49:1|51:1,17890,17891,mp-aaacrqcv,mp-aaacrqcz,49:1|51:1,False
train,31:1|49:1|51:2,17892,17894,mp-aaacrqda,mp-aaacrqdi,31:1|49:1|51:2,False
train,47:1|49:1|52:2,17918,17925,mp-aaacrqio,mp-aaacrqiy,47:1|49:1|52:2,False
train,47:1|49:1|52:2,17918,17928,mp-aaacrqio,mp-aaacrqje,47:1|49:1|52:2,False
train,47:1|49:1|52:2,17925,17928,mp-aaacrqiy,mp-aaacrqje,47:1|49:1|52:2,False
train,29:1|49:1|52:2,17950,17984,mp-aaacrqlr,mp-aaacrqul,29:1|49:1|52:2,False
train,11:1|17:5|19:4,17952,17958,mp-aaacrqlx,mp-aaacrqns,11:1|17:5|19:4,False
train,34:1|52:1|80:2,17961,17963,mp-aaacrqny,mp-aaacrqoi,34:1|52:1|80:2,False
train,30:2|31:1|72:1,17993,17999,mp-aaacrqxp,mp-aaacrqzm,30:2|31:1|72:1,False
train,7:2|22:1|72:1,18004,18011,mp-aaacrrav,mp-aaacrrby,7:2|22:1|72:1,False
train,32:1|51:1,18023,18024,mp-aaacrrcw,mp-aaacrrcx,32:1|51:1,False
train,32:1|51:2|52:4,18036,18038,mp-aaacrrei,mp-aaacrrek,32:1|51:2|52:4,False
train,32:1|51:2|52:4,18036,18041,mp-aaacrrei,mp-aaacrrfe,32:1|51:2|52:4,False
train,32:1|51:2|52:4,18038,18041,mp-aaacrrek,mp-aaacrrfe,32:1|51:2|52:4,False
train,32:2|51:2|52:5,18044,18051,mp-aaacrrfj,mp-aaacrrgp,32:2|51:2|52:5,False
train,29:1|31:1|52:2,18069,18078,mp-aaacrrvf,mp-aaacrrwh,29:1|31:1|52:2,False
train,29:1|31:1|52:2,18069,18081,mp-aaacrrvf,mp-aaacrrwr,29:1|31:1|52:2,False
train,29:1|31:1|52:2,18078,18081,mp-aaacrrwh,mp-aaacrrwr,29:1|31:1|52:2,False
train,16:2|31:2|34:2|47:2,18080,18084,mp-aaacrrwm,mp-aaacrrxl,16:1|31:1|34:1|47:1,False
train,16:2|47:1|68:1,18137,18141,mp-aaacrswp,mp-aaacrsxg,16:2|47:1|68:1,False
train,29:1|46:1,18161,18170,mp-aaacrtcq,mp-aaacrtej,29:1|46:1,False
train,7:1|29:3,18172,18181,mp-aaacrtez,mp-aaacrtgc,7:1|29:3,False
train,29:5|32:2,18173,18183,mp-aaacrtfe,mp-aaacrtgz,29:5|32:2,False
train,47:1|48:1,18243,18248,mp-aaacrurk,mp-aaacruru,47:1|48:1,False
train,47:1|48:1,18243,18249,mp-aaacrurk,mp-aaacrurw,47:1|48:1,False
train,48:1|50:1|79:1,18245,18246,mp-aaacruro,mp-aaacrurr,48:1|50:1|79:1,False
train,33:2|48:1|50:1,18247,18258,mp-aaacrurt,mp-aaacrusp,33:2|48:1|50:1,False
train,47:1|48:1,18248,18249,mp-aaacruru,mp-aaacrurw,47:1|48:1,False
train,34:2|48:1|80:1,18250,18252,mp-aaacrurx,mp-aaacrusb,34:2|48:1|80:1,False
train,34:5|48:1|80:4,18251,18260,mp-aaacrurz,mp-aaacrusy,34:5|48:1|80:4,False
train,16:2|48:1|82:1,18263,18267,mp-aaacrutd,mp-aaacruul,16:2|48:1|82:1,False
train,34:1|48:2|52:1,18277,18278,mp-aaacruzz,mp-aaacrvaa,34:1|48:2|52:1,False
train,34:1|48:2|52:1,18277,18280,mp-aaacruzz,mp-aaacrvam,34:1|48:2|52:1,False
train,34:1|48:2|52:1,18278,18280,mp-aaacrvaa,mp-aaacrvam,34:1|48:2|52:1,False
train,51:3|52:6|83:1,18366,18371,mp-aaacrvrv,mp-aaacrvsg,51:3|52:6|83:1,False
train,8:8|17:1|74:1|82:1|83:3,18385,18387,mp-aaacrvyc,mp-aaacrvzc,8:8|17:1|74:1|82:1|83:3,False
train,8:6|38:1|50:2|56:1,18401,18403,mp-aaacrweq,mp-aaacrwew,8:6|38:1|50:2|56:1,False
train,7:1|9:1|56:2,18471,18472,mp-aaacrxbv,mp-aaacrxbw,7:1|9:1|56:2,False
train,13:1|49:1|51:2,18527,18528,mp-aaacrxwc,mp-aaacrxxa,13:1|49:1|51:2,False
train,34:2|47:1|51:1,18552,18557,mp-aaacrybg,mp-aaacrybo,34:2|47:1|51:1,False
train,16:2|47:1|51:1,18558,18562,mp-aaacrybq,mp-aaacrybz,16:2|47:1|51:1,False
train,8:8|50:4,18625,18660,mp-aaadatvw,mp-aaadbtbi,8:2|50:1,False
train,8:8|22:4,18629,18659,mp-aaadaxgi,mp-aaadbslf,8:2|22:1,False
train,8:8|22:4,18629,18671,mp-aaadaxgi,mp-aaadcdgv,8:2|22:1,False
train,16:8|20:1|22:4,18631,18665,mp-aaadaxrp,mp-aaadbyos,16:8|20:1|22:4,False
train,8:8|83:4,18641,18698,mp-aaadbdvy,mp-aaadefoj,8:2|83:1,False
train,16:8|20:2|27:4,18647,18673,mp-aaadbjlt,mp-aaadcehk,16:4|20:1|27:2,False
train,8:8|22:4,18659,18671,mp-aaadbslf,mp-aaadcdgv,8:2|22:1,False
valid,91:1,1,415,mp-aaaaaack,mp-aaaaapxc,91:1,False
valid,74:1,3,335,mp-aaaaaadn,mp-aaaaamuj,74:1,False
valid,11:1,5,1477,mp-aaaaaaex,mp-aaacdlra,11:1,False
valid,11:1,5,1480,mp-aaaaaaex,mp-aaacdmey,11:1,False
valid,32:8,6,1701,mp-aaaaaaey,mp-aaacjluo,32:1,False
valid,32:8,6,1712,mp-aaaaaaey,mp-aaackcnn,32:1,False
valid,20:2,7,1662,mp-aaaaaafc,mp-aaaciohv,20:1,False
valid,8:3|92:1,13,322,mp-aaaaaaol,mp-aaaaamaw,8:3|92:1,False
valid,48:1|52:1,17,123,mp-aaaaaapq,mp-aaaaadnw,48:1|52:1,False
valid,48:1|52:1,17,2255,mp-aaaaaapq,mp-aaacrurq,48:1|52:1,False
valid,27:2|34:2,19,1160,mp-aaaaaaqk,mp-aaabikvs,27:1|34:1,True
valid,7:1|27:1,21,1594,mp-aaaaaarg,mp-aaacfkss,7:1|27:1,True
valid,9:1|19:1,22,331,mp-aaaaaarv,mp-aaaaamne,9:1|19:1,True
valid,15:1|50:1,24,303,mp-aaaaaash,mp-aaaaaldm,15:1|50:1,False
valid,7:1|22:1,26,1564,mp-aaaaaasy,mp-aaacevrj,7:1|22:1,True
valid,7:1|22:1,26,1565,mp-aaaaaasy,mp-aaacevro,7:1|22:1,True
valid,34:1|80:1,41,48,mp-aaaaabfo,mp-aaaaabkv,34:1|80:1,True
valid,7:1|31:1,42,150,mp-aaaaabfy,mp-aaaaaeft,7:1|31:1,True
valid,8:8|40:4,49,151,mp-aaaaablb,mp-aaaaaefy,8:2|40:1,False
valid,8:8|40:4,49,1003,mp-aaaaablb,mp-aaabfrjx,8:2|40:1,False
valid,8:8|40:4,49,1271,mp-aaaaablb,mp-aaabqymn,8:2|40:1,False
valid,8:8|40:4,49,1276,mp-aaaaablb,mp-aaabqyzx,8:2|40:1,False
valid,8:8|40:4,49,1285,mp-aaaaablb,mp-aaabqzzr,8:2|40:1,False
valid,8:8|40:4,49,1286,mp-aaaaablb,mp-aaabraab,8:2|40:1,False
valid,20:2|32:4,52,500,mp-aaaaabnk,mp-aaaaatra,20:1|32:2,False
valid,6:1|73:1,56,1605,mp-aaaaabpu,mp-aaacflvd,6:1|73:1,True
valid,6:1|73:1,56,1608,mp-aaaaabpu,mp-aaacflvs,6:1|73:1,True
valid,6:1|73:1,56,1609,mp-aaaaabpu,mp-aaacflvv,6:1|73:1,True
valid,6:1|90:1,59,1563,mp-aaaaabsu,mp-aaacevrh,6:1|90:1,True
valid,51:1|60:1,61,81,mp-aaaaabur,mp-aaaaacja,51:1|60:1,True
valid,22:1|77:1,62,487,mp-aaaaabvn,mp-aaaaasqk,22:1|77:1,True
valid,7:1|13:1,69,90,mp-aaaaabze,mp-aaaaacnk,7:1|13:1,False
valid,15:16|30:8,72,147,mp-aaaaacbo,mp-aaaaaeda,15:2|30:1,True
valid,15:16|30:8,72,431,mp-aaaaacbo,mp-aaaaaqib,15:2|30:1,True
valid,37:8|52:4,73,1103,mp-aaaaacbt,mp-aaabgjiv,37:2|52:1,False
valid,50:1|51:1,83,411,mp-aaaaackn,mp-aaaaaptb,50:1|51:1,True
valid,50:1|51:1,83,550,mp-aaaaackn,mp-aaaaayfl,50:1|51:1,True
valid,50:1|51:1,83,2187,mp-aaaaackn,mp-aaacrjdk,50:1|51:1,True
valid,50:1|51:1,83,2188,mp-aaaaackn,mp-aaacrjdo,50:1|51:1,True
valid,34:4|42:2,84,1635,mp-aaaaackw,mp-aaacfzcx,34:2|42:1,False
valid,5:1|7:1,85,496,mp-aaaaaclb,mp-aaaaatlu,5:1|7:1,False
valid,5:1|7:1,85,1231,mp-aaaaaclb,mp-aaabmznt,5:1|7:1,False
valid,5:1|7:1,85,1656,mp-aaaaaclb,mp-aaaciimb,5:1|7:1,False
valid,6:2|56:1,92,1624,mp-aaaaacot,mp-aaacfydh,6:2|56:1,True
valid,16:2|41:1,96,1196,mp-aaaaacri,mp-aaabjzpz,16:2|41:1,False
valid,16:2|41:1,96,1547,mp-aaaaacri,mp-aaaceqby,16:2|41:1,False
valid,8:8|51:4,97,1651,mp-aaaaacrz,mp-aaachmwo,8:2|51:1,False
valid,16:1|57:1,120,1593,mp-aaaaadmk,mp-aaacfkpq,16:1|57:1,True
valid,48:1|52:1,123,2255,mp-aaaaadnw,mp-aaacrurq,48:1|52:1,False
valid,8:6|52:2,129,1734,mp-aaaaadue,mp-aaackrdt,8:3|52:1,True
valid,8:6|52:2,129,2308,mp-aaaaadue,mp-aaadbsgu,8:3|52:1,True
valid,33:1|66:1,136,1610,mp-aaaaadxb,mp-aaacfmij,33:1|66:1,True
valid,8:8|32:4,137,313,mp-aaaaadxh,mp-aaaaalom,8:2|32:1,False
valid,8:8|32:4,137,423,mp-aaaaadxh,mp-aaaaaqdt,8:2|32:1,False
valid,9:18|59:6,139,2062,mp-aaaaadxz,mp-aaacptmt,9:3|59:1,True
valid,24:2|51:4,141,695,mp-aaaaadyo,mp-aaaabhhi,24:1|51:2,True
valid,7:2|41:2,143,1573,mp-aaaaadzx,mp-aaacewit,7:1|41:1,True
valid,7:2|41:2,143,1574,mp-aaaaadzx,mp-aaacewiv,7:1|41:1,True
valid,8:3|58:2,144,633,mp-aaaaaear,mp-aaaabdvt,8:3|58:2,True
valid,9:2|20:1,146,975,mp-aaaaaebl,mp-aaabfobj,9:2|20:1,True
valid,15:16|30:8,147,431,mp-aaaaaeda,mp-aaaaaqib,15:2|30:1,True
valid,8:8|40:4,151,1003,mp-aaaaaefy,mp-aaabfrjx,8:2|40:1,False
valid,8:8|40:4,151,1271,mp-aaaaaefy,mp-aaabqymn,8:2|40:1,False
valid,8:8|40:4,151,1276,mp-aaaaaefy,mp-aaabqyzx,8:2|40:1,False
valid,8:8|40:4,151,1285,mp-aaaaaefy,mp-aaabqzzr,8:2|40:1,False
valid,8:8|40:4,151,1286,mp-aaaaaefy,mp-aaabraab,8:2|40:1,False
valid,8:12|16:3|20:3,158,1001,mp-aaaaaeoo,mp-aaabfray,8:4|16:1|20:1,False
valid,8:8|11:4|16:2,161,215,mp-aaaaaeqx,mp-aaaaahbm,8:4|11:2|16:1,True
valid,8:12|38:4|40:4,178,203,mp-aaaaafjm,mp-aaaaagmt,8:3|38:1|40:1,False
valid,9:8|13:2|81:2,182,1012,mp-aaaaafoh,mp-aaabfsib,9:4|13:1|81:1,False
valid,8:8|67:2|73:2,200,252,mp-aaaaaglc,mp-aaaaaiwf,8:4|67:1|73:1,True
valid,8:8|14:2|48:4,206,1065,mp-aaaaagsg,mp-aaabfxqw,8:4|14:1|48:2,True
valid,8:8|16:2|48:2,242,332,mp-aaaaaikl,mp-aaaaamnj,8:4|16:1|48:1,True
valid,8:12|20:6|92:2,250,519,mp-aaaaaivg,mp-aaaaavce,8:6|20:3|92:1,True
valid,5:3|8:15|15:3|56:3,253,542,mp-aaaaaiyi,mp-aaaaaxlg,5:1|8:5|15:1|56:1,True
valid,8:6|39:1|56:2|73:1,266,477,mp-aaaaajuj,mp-aaaaasij,8:6|39:1|56:2|73:1,True
valid,37:2|52:2|79:2,280,352,mp-aaaaakkf,mp-aaaaanim,37:1|52:1|79:1,True
valid,8:8|9:2|12:2|20:2|33:2,282,1024,mp-aaaaakkp,mp-aaabftme,8:4|9:1|12:1|20:1|33:1,True
valid,8:8|32:4,313,423,mp-aaaaalom,mp-aaaaaqdt,8:2|32:1,False
valid,29:2|32:2|67:2,365,1678,mp-aaaaanxd,mp-aaacizwf,29:1|32:1|67:1,True
valid,6:1|21:1,390,1603,mp-aaaaaovk,mp-aaacflsm,6:1|21:1,False
valid,50:1|51:1,411,550,mp-aaaaaptb,mp-aaaaayfl,50:1|51:1,True
valid,50:1|51:1,411,2187,mp-aaaaaptb,mp-aaacrjdk,50:1|51:1,True
valid,50:1|51:1,411,2188,mp-aaaaaptb,mp-aaacrjdo,50:1|51:1,True
valid,68:1,416,417,mp-aaaaapxo,mp-aaaaapxp,68:1,False
valid,66:1|80:2,445,1658,mp-aaaaaqvf,mp-aaacikup,66:1|80:2,True
valid,28:3|41:1,453,1569,mp-aaaaarav,mp-aaacewci,28:3|41:1,False
valid,28:3|41:1,453,1575,mp-aaaaarav,mp-aaacewjq,28:3|41:1,False
valid,7:2,470,1267,mp-aaaaarxn,mp-aaabqydu,7:1,False
valid,7:2,470,1657,mp-aaaaarxn,mp-aaacijze,7:1,False
valid,8:14|38:4|73:4,473,508,mp-aaaaaseo,mp-aaaaaufo,8:7|38:2|73:2,True
valid,5:1|7:1,496,1231,mp-aaaaatlu,mp-aaabmznt,5:1|7:1,False
valid,5:1|7:1,496,1656,mp-aaaaatlu,mp-aaaciimb,5:1|7:1,False
valid,50:1|51:1,550,2187,mp-aaaaayfl,mp-aaacrjdk,50:1|51:1,True
valid,50:1|51:1,550,2188,mp-aaaaayfl,mp-aaacrjdo,50:1|51:1,True
valid,8:20|14:4|71:8,558,585,mp-aaaaazcr,mp-aaaabaxv,8:5|14:1|71:2,True
valid,16:12|29:6|38:3|50:3,559,565,mp-aaaaazdk,mp-aaaaazqg,16:4|29:2|38:1|50:1,True
valid,3:2|8:8|24:2|37:2,596,614,mp-aaaabbsv,mp-aaaabcml,3:1|8:4|24:1|37:1,True
valid,8:8|23:2|71:2,605,615,mp-aaaabccn,mp-aaaabcod,8:4|23:1|71:1,True
valid,8:6|28:2|56:2,609,613,mp-aaaabcic,mp-aaaabcmb,8:3|28:1|56:1,True
valid,8:8|48:2|49:4,619,1222,mp-aaaabdhr,mp-aaabmlfk,8:4|48:1|49:2,True
valid,34:2|51:1|81:1,622,917,mp-aaaabdji,mp-aaaacduk,34:2|51:1|81:1,False
valid,34:2|51:1|81:1,622,1732,mp-aaaabdji,mp-aaackqrs,34:2|51:1|81:1,False
valid,51:1|93:1,627,661,mp-aaaabdrj,mp-aaaabfan,51:1|93:1,True
valid,34:6|42:6|49:2,631,1754,mp-aaaabdvc,mp-aaackvxm,34:3|42:3|49:1,True
valid,28:2|40:1|49:1,653,2154,mp-aaaaberw,mp-aaacrdua,28:2|40:1|49:1,True
valid,7:3|11:1,683,1133,mp-aaaabgoh,mp-aaabglzu,7:3|11:1,True
valid,7:3|11:1,683,1661,mp-aaaabgoh,mp-aaaciofh,7:3|11:1,True
valid,8:6|29:3|39:1|56:2,689,2278,mp-aaaabgwl,mp-aaacrxgr,8:6|29:3|39:1|56:2,True
valid,8:8|23:2|49:2,693,1736,mp-aaaabhff,mp-aaackset,8:4|23:1|49:1,True
valid,40:1|46:1|50:1,700,1439,mp-aaaabhor,mp-aaaccspz,40:1|46:1|50:1,True
valid,8:8|15:2|82:3,703,969,mp-aaaabhra,mp-aaabfnma,8:8|15:2|82:3,False
valid,17:1|55:1,705,1153,mp-aaaabhvl,mp-aaabgqrh,17:1|55:1,True
valid,17:2|48:1,707,1881,mp-aaaabhwb,mp-aaacpglg,17:2|48:1,True
valid,20:2|35:4,708,1148,mp-aaaabhwi,mp-aaabgmxy,20:1|35:2,True
valid,47:2|53:2,709,1091,mp-aaaabhwo,mp-aaabghyv,47:1|53:1,False
valid,29:1|35:1,710,905,mp-aaaabhxh,mp-aaaabwqq,29:1|35:1,False
valid,29:1|35:1,710,1131,mp-aaaabhxh,mp-aaabglss,29:1|35:1,False
valid,19:4|35:12|52:2,714,733,mp-aaaabhzf,mp-aaaabiql,19:2|35:6|52:1,True
valid,17:3|55:1|82:1,722,1220,mp-aaaabicb,mp-aaabmkok,17:3|55:1|82:1,True
valid,8:2|9:2|83:2,724,1253,mp-aaaabidm,mp-aaabqvvp,8:1|9:1|83:1,False
valid,8:2|9:2|83:2,724,1257,mp-aaaabidm,mp-aaabqwuk,8:1|9:1|83:1,False
valid,8:2|9:2|83:2,724,1294,mp-aaaabidm,mp-aaabrgch,8:1|9:1|83:1,False
valid,8:2|9:2|83:2,724,2306,mp-aaaabidm,mp-aaadbqhr,8:1|9:1|83:1,False
valid,35:4|46:1|53:2|55:2,726,951,mp-aaaabiel,mp-aaabexho,35:4|46:1|53:2|55:2,True
valid,35:6|37:2|52:1,732,1129,mp-aaaabipj,mp-aaabglro,35:6|37:2|52:1,True
valid,1:8|12:4,741,742,mp-aaaabjbz,mp-aaaabjca,1:2|12:1,False
valid,1:8|12:4,741,1106,mp-aaaabjbz,mp-aaabgjup,1:2|12:1,False
valid,1:8|12:4,742,1106,mp-aaaabjca,mp-aaabgjup,1:2|12:1,False
valid,1:8|20:4,743,1880,mp-aaaabjcb,mp-aaacpgks,1:2|20:1,False
valid,1:8|5:2|11:1|19:1,744,1097,mp-aaaabjdu,mp-aaabgiwq,1:8|5:2|11:1|19:1,True
valid,1:8|5:2|11:1|19:1,744,1151,mp-aaaabjdu,mp-aaabgnhm,1:8|5:2|11:1|19:1,True
valid,1:1|11:1,748,1596,mp-aaaabjic,mp-aaacfkye,1:1|11:1,True
valid,1:6|8:6|39:2,754,1176,mp-aaaabjqa,mp-aaabjpon,1:3|8:3|39:1,True
valid,1:6|8:6|39:2,754,1177,mp-aaaabjqa,mp-aaabjpqc,1:3|8:3|39:1,True
valid,1:2|22:1,759,768,mp-aaaabjth,mp-aaaabkpa,1:2|22:1,True
valid,1:2|24:2,766,1587,mp-aaaabkmv,mp-aaacfjcy,1:1|24:1,False
valid,50:4|53:12|55:4,780,1098,mp-aaaabond,mp-aaabgjcc,50:1|53:3|55:1,False
valid,9:13|11:5|40:2,781,988,mp-aaaabonn,mp-aaabfpkq,9:13|11:5|40:2,True
valid,52:2|81:1|83:1,782,2165,mp-aaaabopi,mp-aaacrfps,52:2|81:1|83:1,True
valid,17:2|40:2,783,1671,mp-aaaabopk,mp-aaacitvy,17:1|40:1,True
valid,8:2|17:2|39:2,801,963,mp-aaaabpkj,mp-aaabfktk,8:1|17:1|39:1,True
valid,8:16|57:6|75:2,806,921,mp-aaaabppp,mp-aaabcsup,8:8|57:3|75:1,True
valid,27:1|41:1|50:1,878,1714,mp-aaaabtfk,mp-aaackgmi,27:1|41:1|50:1,True
valid,3:2|31:1|77:1,902,1132,mp-aaaabunh,mp-aaabglzk,3:2|31:1|77:1,True
valid,29:1|35:1,905,1131,mp-aaaabwqq,mp-aaabglss,29:1|35:1,False
valid,34:2|51:1|81:1,917,1732,mp-aaaacduk,mp-aaackqrs,34:2|51:1|81:1,False
valid,35:4|79:4,924,1126,mp-aaabctpe,mp-aaabglkm,35:1|79:1,True
valid,5:48|8:6,932,1293,mp-aaabeebx,mp-aaabrert,5:8|8:1,True
valid,8:14|19:4|30:12,936,1043,mp-aaabetxg,mp-aaabfvci,8:7|19:2|30:6,True
valid,7:2|35:2|40:2,945,1127,mp-aaabevqu,mp-aaabglld,7:1|35:1|40:1,True
valid,16:2|29:4,967,2305,mp-aaabfnlm,mp-aaadbigz,16:1|29:2,False
valid,16:2|81:1|83:1,973,2163,mp-aaabfnzq,mp-aaacrfpo,16:2|81:1|83:1,True
valid,8:8|40:4,1003,1271,mp-aaabfrjx,mp-aaabqymn,8:2|40:1,False
valid,8:8|40:4,1003,1276,mp-aaabfrjx,mp-aaabqyzx,8:2|40:1,False
valid,8:8|40:4,1003,1285,mp-aaabfrjx,mp-aaabqzzr,8:2|40:1,False
valid,8:8|40:4,1003,1286,mp-aaabfrjx,mp-aaabraab,8:2|40:1,False
valid,8:8|9:8|19:4|53:4,1036,1254,mp-aaabfusr,mp-aaabqvzq,8:2|9:2|19:1|53:1,True
valid,52:1|83:1,1081,2266,mp-aaabghhq,mp-aaacrvob,52:1|83:1,False
valid,52:1|83:1,1081,2268,mp-aaabghhq,mp-aaacrvpj,52:1|83:1,False
valid,48:6|53:12,1082,1083,mp-aaabghje,mp-aaabghks,48:1|53:2,False
valid,48:6|53:12,1082,1085,mp-aaabghje,mp-aaabghmh,48:1|53:2,False
valid,48:6|53:12,1082,1135,mp-aaabghje,mp-aaabgmcr,48:1|53:2,False
valid,48:6|53:12,1082,1136,mp-aaabghje,mp-aaabgmex,48:1|53:2,False
valid,48:6|53:12,1082,1138,mp-aaabghje,mp-aaabgmfv,48:1|53:2,False
valid,48:6|53:12,1082,1140,mp-aaabghje,mp-aaabgmjd,48:1|53:2,False
valid,48:6|53:12,1082,1143,mp-aaabghje,mp-aaabgmna,48:1|53:2,False
valid,48:6|53:12,1082,1145,mp-aaabghje,mp-aaabgmpf,48:1|53:2,False
valid,48:6|53:12,1083,1085,mp-aaabghks,mp-aaabghmh,48:1|53:2,False
valid,48:6|53:12,1083,1135,mp-aaabghks,mp-aaabgmcr,48:1|53:2,False
valid,48:6|53:12,1083,1136,mp-aaabghks,mp-aaabgmex,48:1|53:2,False
valid,48:6|53:12,1083,1138,mp-aaabghks,mp-aaabgmfv,48:1|53:2,False
valid,48:6|53:12,1083,1140,mp-aaabghks,mp-aaabgmjd,48:1|53:2,False
valid,48:6|53:12,1083,1143,mp-aaabghks,mp-aaabgmna,48:1|53:2,False
valid,48:6|53:12,1083,1145,mp-aaabghks,mp-aaabgmpf,48:1|53:2,False
valid,48:6|53:12,1085,1135,mp-aaabghmh,mp-aaabgmcr,48:1|53:2,False
valid,48:6|53:12,1085,1136,mp-aaabghmh,mp-aaabgmex,48:1|53:2,False
valid,48:6|53:12,1085,1138,mp-aaabghmh,mp-aaabgmfv,48:1|53:2,False
valid,48:6|53:12,1085,1140,mp-aaabghmh,mp-aaabgmjd,48:1|53:2,False
valid,48:6|53:12,1085,1143,mp-aaabghmh,mp-aaabgmna,48:1|53:2,False
valid,48:6|53:12,1085,1145,mp-aaabghmh,mp-aaabgmpf,48:1|53:2,False
valid,1:8|5:2|11:1|19:1,1097,1151,mp-aaabgiwq,mp-aaabgnhm,1:8|5:2|11:1|19:1,True
valid,20:2|47:2|83:2,1100,1676,mp-aaabgjfs,mp-aaacizqa,20:1|47:1|83:1,True
valid,7:3|11:1,1133,1661,mp-aaabglzu,mp-aaaciofh,7:3|11:1,True
valid,48:6|53:12,1135,1136,mp-aaabgmcr,mp-aaabgmex,48:1|53:2,False
valid,48:6|53:12,1135,1138,mp-aaabgmcr,mp-aaabgmfv,48:1|53:2,False
valid,48:6|53:12,1135,1140,mp-aaabgmcr,mp-aaabgmjd,48:1|53:2,False
valid,48:6|53:12,1135,1143,mp-aaabgmcr,mp-aaabgmna,48:1|53:2,False
valid,48:6|53:12,1135,1145,mp-aaabgmcr,mp-aaabgmpf,48:1|53:2,False
valid,48:6|53:12,1136,1138,mp-aaabgmex,mp-aaabgmfv,48:1|53:2,False
valid,48:6|53:12,1136,1140,mp-aaabgmex,mp-aaabgmjd,48:1|53:2,False
valid,48:6|53:12,1136,1143,mp-aaabgmex,mp-aaabgmna,48:1|53:2,False
valid,48:6|53:12,1136,1145,mp-aaabgmex,mp-aaabgmpf,48:1|53:2,False
valid,17:2|47:2,1137,1141,mp-aaabgmfn,mp-aaabgmmc,17:1|47:1,False
valid,48:6|53:12,1138,1140,mp-aaabgmfv,mp-aaabgmjd,48:1|53:2,False
valid,48:6|53:12,1138,1143,mp-aaabgmfv,mp-aaabgmna,48:1|53:2,False
valid,48:6|53:12,1138,1145,mp-aaabgmfv,mp-aaabgmpf,48:1|53:2,False
valid,48:6|53:12,1140,1143,mp-aaabgmjd,mp-aaabgmna,48:1|53:2,False
valid,48:6|53:12,1140,1145,mp-aaabgmjd,mp-aaabgmpf,48:1|53:2,False
valid,48:6|53:12,1143,1145,mp-aaabgmna,mp-aaabgmpf,48:1|53:2,False
valid,48:10|53:20,1152,1170,mp-aaabgnpf,mp-aaabjnrk,48:1|53:2,False
valid,53:1,1159,1205,mp-aaabifhc,mp-aaabkkjv,53:1,True
valid,53:1,1159,1227,mp-aaabifhc,mp-aaabmyvf,53:1,True
valid,53:1,1159,1875,mp-aaabifhc,mp-aaacpfaj,53:1,True
valid,1:6|8:6|57:2,1171,1173,mp-aaabjpdq,mp-aaabjpec,1:3|8:3|57:1,True
valid,1:6|8:6|57:2,1171,1178,mp-aaabjpdq,mp-aaabjpqr,1:3|8:3|57:1,True
valid,1:6|8:6|62:2,1172,1174,mp-aaabjpdy,mp-aaabjpef,1:3|8:3|62:1,True
valid,1:6|8:6|57:2,1173,1178,mp-aaabjpec,mp-aaabjpqr,1:3|8:3|57:1,True
valid,1:6|8:6|39:2,1176,1177,mp-aaabjpon,mp-aaabjpqc,1:3|8:3|39:1,True
valid,1:2|8:4|39:2,1180,1261,mp-aaabjqgt,mp-aaabqxon,1:1|8:2|39:1,False
valid,1:2|8:4|39:2,1180,1300,mp-aaabjqgt,mp-aaabrslj,1:1|8:2|39:1,False
valid,34:1|35:6|82:4,1182,1215,mp-aaabjxil,mp-aaablhrd,34:1|35:6|82:4,True
valid,16:2|41:1,1196,1547,mp-aaabjzpz,mp-aaaceqby,16:2|41:1,False
valid,53:1,1205,1227,mp-aaabkkjv,mp-aaabmyvf,53:1,True
valid,53:1,1205,1875,mp-aaabkkjv,mp-aaacpfaj,53:1,True
valid,53:1,1227,1875,mp-aaabmyvf,mp-aaacpfaj,53:1,True
valid,5:1|7:1,1231,1656,mp-aaabmznt,mp-aaaciimb,5:1|7:1,False
valid,8:2|29:2,1243,1664,mp-aaabocjt,mp-aaacioqq,8:1|29:1,False
valid,8:2|35:2|67:2,1251,1282,mp-aaabqvjp,mp-aaabqzsf,8:1|35:1|67:1,True
valid,8:8|56:2|57:4,1252,1281,mp-aaabqvna,mp-aaabqzry,8:4|56:1|57:2,True
valid,8:2|9:2|83:2,1253,1257,mp-aaabqvvp,mp-aaabqwuk,8:1|9:1|83:1,False
valid,8:2|9:2|83:2,1253,1294,mp-aaabqvvp,mp-aaabrgch,8:1|9:1|83:1,False
valid,8:2|9:2|83:2,1253,2306,mp-aaabqvvp,mp-aaadbqhr,8:1|9:1|83:1,False
valid,8:2|9:2|83:2,1257,1294,mp-aaabqwuk,mp-aaabrgch,8:1|9:1|83:1,False
valid,8:2|9:2|83:2,1257,2306,mp-aaabqwuk,mp-aaadbqhr,8:1|9:1|83:1,False
valid,1:2|8:4|39:2,1261,1300,mp-aaabqxon,mp-aaabrslj,1:1|8:2|39:1,False
valid,8:6|69:2|83:2,1263,1277,mp-aaabqxwl,mp-aaabqzeu,8:3|69:1|83:1,True
valid,8:8|20:2|69:4,1266,1870,mp-aaabqyan,mp-aaacpbhw,8:4|20:1|69:2,True
valid,7:2,1267,1657,mp-aaabqydu,mp-aaacijze,7:1,False
valid,8:12|52:4,1268,2310,mp-aaabqyji,mp-aaadbwea,8:3|52:1,True
valid,4:4|8:6|11:4,1269,1287,mp-aaabqyjn,mp-aaabraav,4:2|8:3|11:2,True
valid,8:8|40:4,1271,1276,mp-aaabqymn,mp-aaabqyzx,8:2|40:1,False
valid,8:8|40:4,1271,1285,mp-aaabqymn,mp-aaabqzzr,8:2|40:1,False
valid,8:8|40:4,1271,1286,mp-aaabqymn,mp-aaabraab,8:2|40:1,False
valid,8:8|40:4,1276,1285,mp-aaabqyzx,mp-aaabqzzr,8:2|40:1,False
valid,8:8|40:4,1276,1286,mp-aaabqyzx,mp-aaabraab,8:2|40:1,False
valid,8:8|40:4,1285,1286,mp-aaabqzzr,mp-aaabraab,8:2|40:1,False
valid,8:8|38:2|71:4,1289,1291,mp-aaabrbfg,mp-aaabrbhu,8:4|38:1|71:2,True
valid,8:2|9:2|83:2,1294,2306,mp-aaabrgch,mp-aaadbqhr,8:1|9:1|83:1,False
valid,17:24|56:6|57:4,1307,1308,mp-aaabrxxa,mp-aaabrxye,17:12|56:3|57:2,True
valid,8:4|22:1|50:1,1311,2167,mp-aaabsaua,mp-aaacrfuf,8:4|22:1|50:1,True
valid,38:2|78:1|79:1,1334,2185,mp-aaabxcgp,mp-aaacrivk,38:2|78:1|79:1,True
valid,8:18|11:6|15:4|23:2,1353,2076,mp-aaabxdbo,mp-aaacpxdi,8:9|11:3|15:2|23:1,True
valid,16:4|20:2|50:1,1413,1414,mp-aaabxihe,mp-aaabxihf,16:4|20:2|50:1,False
valid,16:4|20:2|50:1,1413,1419,mp-aaabxihe,mp-aaabxile,16:4|20:2|50:1,False
valid,16:4|20:2|50:1,1414,1419,mp-aaabxihf,mp-aaabxile,16:4|20:2|50:1,False
valid,16:6|20:2|50:2,1415,1416,mp-aaabxihm,mp-aaabxiht,16:3|20:1|50:1,False
valid,16:6|20:2|50:2,1415,1417,mp-aaabxihm,mp-aaabxiif,16:3|20:1|50:1,False
valid,16:6|20:2|50:2,1415,1418,mp-aaabxihm,mp-aaabxiik,16:3|20:1|50:1,False
valid,16:6|20:2|50:2,1416,1417,mp-aaabxiht,mp-aaabxiif,16:3|20:1|50:1,False
valid,16:6|20:2|50:2,1416,1418,mp-aaabxiht,mp-aaabxiik,16:3|20:1|50:1,False
valid,16:6|20:2|50:2,1417,1418,mp-aaabxiif,mp-aaabxiik,16:3|20:1|50:1,False
valid,1:1|81:3,1444,1446,mp-aaacdhpy,mp-aaacdhqh,1:1|81:3,True
valid,39:3|65:1,1450,1451,mp-aaacdicq,mp-aaacdide,39:3|65:1,True
valid,46:3|51:1,1465,2017,mp-aaacdjyo,mp-aaacpnvc,46:3|51:1,True
valid,44:1|77:1,1474,2221,mp-aaacdllt,mp-aaacrqlo,44:1|77:1,True
valid,75:3|77:1,1475,2016,mp-aaacdlmc,mp-aaacpnuc,75:3|77:1,True
valid,11:1,1477,1480,mp-aaacdlra,mp-aaacdmey,11:1,False
valid,37:3|38:1,1479,2014,mp-aaacdmah,mp-aaacpnsz,37:3|38:1,True
valid,37:3|38:1,1479,2015,mp-aaacdmah,mp-aaacpntf,37:3|38:1,True
valid,13:1|37:3,1481,1482,mp-aaacdmka,mp-aaacdmke,13:1|37:3,True
valid,11:3|20:1,1496,1987,mp-aaacdpji,mp-aaacpmmq,11:3|20:1,True
valid,59:3,1520,1873,mp-aaacdvzs,mp-aaacpdll,59:1,False
valid,7:6|57:2|74:2,1536,1545,mp-aaacehuq,mp-aaacehzi,7:3|57:1|74:1,False
valid,7:6|42:2|57:2,1537,1540,mp-aaacehva,mp-aaacehvs,7:3|42:1|57:1,True
valid,7:6|42:2|57:2,1537,1543,mp-aaacehva,mp-aaacehxr,7:3|42:1|57:1,True
valid,7:6|42:2|57:2,1540,1543,mp-aaacehvs,mp-aaacehxr,7:3|42:1|57:1,True
valid,8:4|47:2|83:2,1550,1551,mp-aaacesuv,mp-aaacesuy,8:2|47:1|83:1,False
valid,8:4|47:2|83:2,1550,1552,mp-aaacesuv,mp-aaacesuz,8:2|47:1|83:1,False
valid,8:4|47:2|83:2,1550,1553,mp-aaacesuv,mp-aaacesva,8:2|47:1|83:1,False
valid,8:4|47:2|83:2,1551,1552,mp-aaacesuy,mp-aaacesuz,8:2|47:1|83:1,False
valid,8:4|47:2|83:2,1551,1553,mp-aaacesuy,mp-aaacesva,8:2|47:1|83:1,False
valid,8:4|47:2|83:2,1552,1553,mp-aaacesuz,mp-aaacesva,8:2|47:1|83:1,False
valid,7:1|22:1,1564,1565,mp-aaacevrj,mp-aaacevro,7:1|22:1,True
valid,7:2|43:2,1567,1568,mp-aaacevyk,mp-aaacevzp,7:1|43:1,False
valid,28:3|41:1,1569,1575,mp-aaacewci,mp-aaacewjq,28:3|41:1,False
valid,7:2|41:2,1573,1574,mp-aaacewit,mp-aaacewiv,7:1|41:1,True
valid,28:1|41:3,1576,1577,mp-aaacewkg,mp-aaacewki,28:1|41:3,True
valid,28:1|41:3,1576,1578,mp-aaacewkg,mp-aaacewlx,28:1|41:3,True
valid,28:1|41:3,1577,1578,mp-aaacewki,mp-aaacewlx,28:1|41:3,True
valid,7:1|76:1,1599,1600,mp-aaacflit,mp-aaacfliu,7:1|76:1,False
valid,6:1|46:1,1601,1602,mp-aaacflkf,mp-aaacflkk,6:1|46:1,True
valid,6:1|73:1,1605,1608,mp-aaacflvd,mp-aaacflvs,6:1|73:1,True
valid,6:1|73:1,1605,1609,mp-aaacflvd,mp-aaacflvv,6:1|73:1,True
valid,6:1|73:1,1608,1609,mp-aaacflvs,mp-aaacflvv,6:1|73:1,True
valid,15:1|33:1|56:3,1612,1614,mp-aaacfrkc,mp-aaacfrox,15:1|33:1|56:3,True
valid,15:1|20:3|33:1,1613,1721,mp-aaacfrmg,mp-aaackkou,15:1|20:3|33:1,True
valid,4:3|7:2,1618,1674,mp-aaacfxgo,mp-aaacixnk,4:3|7:2,False
valid,29:2|50:2|67:2,1632,1641,mp-aaacfyzs,mp-aaacgifi,29:1|50:1|67:1,True
valid,8:8|20:2|29:4,1652,1654,mp-aaachpay,mp-aaachpmb,8:4|20:1|29:2,True
valid,9:6|19:1|37:2|49:1,1682,2116,mp-aaacjizl,mp-aaacqrsl,9:6|19:1|37:2|49:1,True
valid,13:2|78:6,1693,1704,mp-aaacjkla,mp-aaacjmhs,13:1|78:3,False
valid,32:8,1701,1712,mp-aaacjluo,mp-aaackcnn,32:1,False
valid,28:2|33:4|68:4,1710,2104,mp-aaacjwim,mp-aaacqqtc,28:1|33:2|68:2,True
valid,80:4,1723,1961,mp-aaackkua,mp-aaacpknt,80:1,False
valid,8:6|52:2,1734,2308,mp-aaackrdt,mp-aaadbsgu,8:3|52:1,True
valid,20:1|56:3,1898,1900,mp-aaacpimc,mp-aaacpine,20:1|56:3,False
valid,20:2|49:1|81:1,1913,2273,mp-aaacpiul,mp-aaacrwde,20:2|49:1|81:1,True
valid,58:3|72:1,1923,1926,mp-aaacpjdv,mp-aaacpjfv,58:3|72:1,True
valid,37:3|55:1,1929,1935,mp-aaacpjkj,mp-aaacpjnc,37:3|55:1,True
valid,37:3|55:1,1929,1983,mp-aaacpjkj,mp-aaacplul,37:3|55:1,True
valid,37:3|55:1,1935,1983,mp-aaacpjnc,mp-aaacplul,37:3|55:1,True
valid,31:3|47:1,1948,1950,mp-aaacpjve,mp-aaacpjwj,31:3|47:1,False
valid,11:1|19:3,1965,1966,mp-aaacpksy,mp-aaacpkuv,11:1|19:3,True
valid,19:3|30:1,1972,1973,mp-aaacplab,mp-aaacplad,19:3|30:1,True
valid,19:3|30:1,1972,1974,mp-aaacplab,mp-aaacplcr,19:3|30:1,True
valid,19:3|30:1,1973,1974,mp-aaacplad,mp-aaacplcr,19:3|30:1,True
valid,11:1|39:3,1990,1992,mp-aaacpmst,mp-aaacpmte,11:1|39:3,True
valid,61:1|62:3,2005,2006,mp-aaacpnjt,mp-aaacpnka,61:1|62:3,True
valid,37:3|38:1,2014,2015,mp-aaacpnsz,mp-aaacpntf,37:3|38:1,True
valid,73:1|76:3,2029,2176,mp-aaacpohf,mp-aaacrhqo,73:1|76:3,True
valid,21:1|65:3,2031,2033,mp-aaacpojp,mp-aaacpoka,21:1|65:3,True
valid,32:2|52:5|83:2,2105,2238,mp-aaacqqvv,mp-aaacrrgz,32:2|52:5|83:2,True
valid,3:1|79:1,2109,2210,mp-aaacqrfe,mp-aaacrohn,3:1|79:1,True
valid,8:6|29:3|56:2|59:1,2146,2279,mp-aaacrcsv,mp-aaacrxju,8:6|29:3|56:2|59:1,True
valid,50:1|51:1,2187,2188,mp-aaacrjdk,mp-aaacrjdo,50:1|51:1,True
valid,11:1|16:2|57:1,2200,2201,mp-aaacrlum,mp-aaacrluo,11:1|16:2|57:1,True
valid,11:1|34:2|51:1,2203,2204,mp-aaacrmas,mp-aaacrmax,11:1|34:2|51:1,True
valid,16:6|29:6|67:2,2229,2239,mp-aaacrqxu,mp-aaacrrqx,16:3|29:3|67:1,True
valid,52:1|83:1,2266,2268,mp-aaacrvob,mp-aaacrvpj,52:1|83:1,False
