pair_index,target_tv,predicted_tv,contrast_error_tv,contrast_cosine,contrast_mse,zero_mse,mse_ratio,tv_ratio,informative,passed,arm,step,split,group,sample_index_a,sample_index_b,mpid_a,mpid_b,reduced_group,primary_valid,measurement_source
0,0.2116293776424527,0.0001042343792505,0.211621338058535,0.1015597034960145,0.3378286957740783,0.3378577530384063,0.999913995567464,0.9999620110213088,True,False,frozen,0,train,15:16|48:8,423,3943,mp-aaaaabjd,mp-aaaaarxw,15:2|48:1,False,recorded_during_training
1,0.2833879719401011,0.0140790826244483,0.2858152750250156,-0.2768456348490696,1.2828105688095093,1.2531861066818235,1.023639315796538,1.0085653003135486,True,False,frozen,0,train,8:3|60:2,1183,2658,mp-aaaaaech,mp-aaaaalty,8:3|60:2,False,recorded_during_training
2,0.1626892907661385,0.0045088253682479,0.1627728242310695,0.1035993752303814,0.2203034162521362,0.2212611436843872,0.9956715064547568,1.0005134539866611,True,False,frozen,0,train,16:6|19:2|42:6,2704,14113,mp-aaaaamae,mp-aaackvdk,16:3|19:1|42:3,False,recorded_during_training
3,0.4171052366407366,0.035460198660985,0.419267959058061,0.0287604303108414,2.3210220336914062,2.3175158500671387,1.001512905995515,1.0051850761566612,True,False,frozen,0,train,8:3|68:2,4142,18148,mp-aaaaatio,mp-aaacrsyy,8:3|68:2,False,recorded_during_training
4,0.2721211942498485,0.0141143432538228,0.2679511940441443,0.3484648053046297,0.6003556847572327,0.6183542609214783,0.970892775708501,0.9846759447855596,True,False,frozen,0,train,8:16|11:2|41:6,4399,9528,mp-aaaaavmx,mp-aaabjmwk,8:8|11:1|41:3,False,recorded_during_training
5,0.2394487393903546,0.0018268226413056,0.2399597747134976,-0.2646048575156093,0.8425261974334717,0.8398832082748413,1.003146853196481,1.002134215968078,True,False,frozen,0,train,28:2|83:2,5792,12620,mp-aaaabhvh,mp-aaacewhi,28:1|83:1,False,recorded_during_training
6,0.3213603106123628,0.0026000212974395,0.3209896561756977,0.2093739225560223,0.8814976215362549,0.8843270540237427,0.9968004682491464,0.998846607921312,True,False,frozen,0,train,8:8|23:2|83:2,5885,7789,mp-aaaabici,mp-aaabfbmg,8:4|23:1|83:1,False,recorded_during_training
7,0.7221765882568434,0.0111576400886406,0.7262400262479787,0.070866132677921,15.486669540405272,15.503423690795898,0.9989193257744372,1.0056266542798673,True,False,frozen,0,train,8:12|11:4|17:4,6004,8109,mp-aaaabini,mp-aaabfqcc,8:3|11:1|17:1,False,recorded_during_training
8,0.2874588755028924,0.022453073175825,0.2937166388646517,0.0151666604992109,1.3380248546600342,1.333327293395996,1.0035231869078998,1.021769247342987,True,False,frozen,0,train,8:6|37:4|40:2,10121,10417,mp-aaabqvan,mp-aaabraoy,8:3|37:2|40:1,False,recorded_during_training
9,0.3300182820821646,0.0082573830477485,0.3337078957738413,-0.1238168221420062,2.036417961120605,2.026646614074707,1.0048214360500929,1.0111800281741907,True,False,frozen,0,train,8:18|56:8|73:4,10582,16766,mp-aaabruec,mp-aaacpwra,8:9|56:4|73:2,False,recorded_during_training
10,0.1434457298446432,0.0018211868482467,0.1435313454812785,-0.0018293653218293,0.1721574962139129,0.1721307337284088,1.000155477670515,1.000596850367927,True,False,frozen,0,train,59:1|68:3,11977,11981,mp-aaacdnzr,mp-aaacdoad,59:1|68:3,False,recorded_during_training
11,0.1017820875745201,0.0019801995003945,0.1017193340771882,0.0089909539097467,0.098049595952034,0.0980513766407966,0.9999818392273144,0.9993834524440666,True,False,frozen,0,train,62:3|69:1,12147,12167,mp-aaacdsei,mp-aaacdspp,62:3|69:1,False,recorded_during_training
12,0.2569476258940995,0.0011488450109027,0.2571577660855837,-0.0910898777817465,0.5867340564727783,0.586344838142395,1.0006638044799991,1.0008178327811086,True,False,frozen,0,train,48:2|71:1,12799,13366,mp-aaacfkmg,mp-aaacilmc,48:2|71:1,False,recorded_during_training
13,0.3711048242627939,0.0025005471316035,0.370542737946117,0.2893366615419595,1.2462341785430908,1.2508291006088257,0.9963264989090048,0.9984853704939204,True,False,frozen,0,train,15:1|20:3|83:1,12895,12903,mp-aaacfrja,mp-aaacfroo,15:1|20:3|83:1,False,recorded_during_training
14,0.3156082618079381,0.0019042966705455,0.3155998165275377,-0.0015840048782683,2.3338770866394043,2.3338234424591064,1.0000229855349474,0.9999732412568924,True,False,frozen,0,train,46:2|51:2|57:2,13082,13180,mp-aaacfzan,mp-aaacgikg,46:1|51:1|57:1,False,recorded_during_training
15,0.2423462098959135,0.0066833390810643,0.2444697249666205,-0.2244479126132788,0.5832269787788391,0.575656533241272,1.01315097649451,1.0087623201188871,True,False,frozen,0,train,19:3|31:1,15832,15834,mp-aaacpkso,mp-aaacpktf,19:3|31:1,False,recorded_during_training
0,0.2116293776424527,0.0002841356617864,0.2116156011987868,0.0499001009314563,0.3378135561943054,0.3378577530384063,0.9998691850528708,0.9999349029713204,True,False,frozen,100,train,15:16|48:8,423,3943,mp-aaaaabjd,mp-aaaaarxw,15:2|48:1,False,recorded_during_training
1,0.2833879719401011,0.2086178819319215,0.1007645033406774,0.9164170536809488,0.2040828466415405,1.2531861066818235,0.162851188305869,0.3555708545102815,True,False,frozen,100,train,8:3|60:2,1183,2658,mp-aaaaaech,mp-aaaaalty,8:3|60:2,False,recorded_during_training
2,0.1626892907661385,0.0139182224520482,0.1613003025995567,0.2280444154000896,0.2143853604793548,0.2212611436843872,0.968924578936281,0.9914623257619428,True,False,frozen,100,train,16:6|19:2|42:6,2704,14113,mp-aaaaamae,mp-aaackvdk,16:3|19:1|42:3,False,recorded_during_training
3,0.4171052366407366,0.3299795560728498,0.1359172283418601,0.9542055398407112,0.207948163151741,2.3175158500671387,0.0897289065555762,0.3258583599585184,True,False,frozen,100,train,8:3|68:2,4142,18148,mp-aaaaatio,mp-aaacrsyy,8:3|68:2,False,recorded_during_training
4,0.2721211942498485,0.224218426020812,0.1167193395008467,0.8949350376017002,0.1235296353697776,0.6183542609214783,0.1997716247409575,0.4289241042859776,True,False,frozen,100,train,8:16|11:2|41:6,4399,9528,mp-aaaaavmx,mp-aaabjmwk,8:8|11:1|41:3,False,recorded_during_training
5,0.2394487393903546,0.0224558079507914,0.2223899543760126,0.7181744658327885,0.6740479469299316,0.8398832082748413,0.802549616766904,0.9287580922005508,True,False,frozen,100,train,28:2|83:2,5792,12620,mp-aaaabhvh,mp-aaacewhi,28:1|83:1,False,recorded_during_training
6,0.3213603106123628,0.2258161914051584,0.1599866600755035,0.8475098887172948,0.2508397400379181,0.8843270540237427,0.283650419713591,0.4978420009945958,True,False,frozen,100,train,8:8|23:2|83:2,5885,7789,mp-aaaabici,mp-aaabfbmg,8:4|23:1|83:1,False,recorded_during_training
7,0.7221765882568434,0.5976608966038839,0.2471914193038173,0.937526439462532,1.8980075120925903,15.503423690795898,0.1224250559068061,0.3422866696641006,True,False,frozen,100,train,8:12|11:4|17:4,6004,8109,mp-aaaabini,mp-aaabfqcc,8:3|11:1|17:1,False,recorded_during_training
8,0.2874588755028924,0.2520101179709897,0.0555430586903966,0.9714573718439544,0.0768166407942771,1.333327293395996,0.0576127415787196,0.1932208862684352,True,False,frozen,100,train,8:6|37:4|40:2,10121,10417,mp-aaabqvan,mp-aaabraoy,8:3|37:2|40:1,False,recorded_during_training
9,0.3300182820821646,0.121620401408677,0.2224188746243953,0.7575655383273796,0.8826099038124084,2.026646614074707,0.4355026168266518,0.6739592522605149,True,False,frozen,100,train,8:18|56:8|73:4,10582,16766,mp-aaabruec,mp-aaacpwra,8:9|56:4|73:2,False,recorded_during_training
10,0.1434457298446432,0.0027309073570904,0.1433438960198145,0.0740159352870478,0.1717052459716797,0.1721307337284088,0.9975281128040708,0.9992900881403796,True,False,frozen,100,train,59:1|68:3,11977,11981,mp-aaacdnzr,mp-aaacdoad,59:1|68:3,False,recorded_during_training
11,0.1017820875745201,0.0030218714373404,0.1016620570831037,0.0300075880202967,0.0979630947113037,0.0980513766407966,0.9990996360018852,0.9988207110477222,True,False,frozen,100,train,62:3|69:1,12147,12167,mp-aaacdsei,mp-aaacdspp,62:3|69:1,False,recorded_during_training
12,0.2569476258940995,0.0043203378736507,0.2555875690595712,0.4067365789110714,0.5787926316261292,0.586344838142395,0.9871198550324208,0.9947068713719552,True,False,frozen,100,train,48:2|71:1,12799,13366,mp-aaacfkmg,mp-aaacilmc,48:2|71:1,False,recorded_during_training
13,0.3711048242627939,0.2358387800066452,0.1788762377173256,0.8410234628314922,0.3665440082550049,1.2508291006088257,0.293040838334025,0.4820100037035798,True,False,frozen,100,train,15:1|20:3|83:1,12895,12903,mp-aaacfrja,mp-aaacfroo,15:1|20:3|83:1,False,recorded_during_training
14,0.3156082618079381,0.1746438833019965,0.2025338459593513,0.8975308244067891,0.480401873588562,2.3338234424591064,0.2058432805364108,0.6417254250543108,True,False,frozen,100,train,46:2|51:2|57:2,13082,13180,mp-aaacfzan,mp-aaacgikg,46:1|51:1|57:1,False,recorded_during_training
15,0.2423462098959135,0.0836412543776532,0.1736205100296501,0.5869490150847403,0.378203272819519,0.575656533241272,0.6569946677926517,0.71641520659316,True,False,frozen,100,train,19:3|31:1,15832,15834,mp-aaacpkso,mp-aaacpktf,19:3|31:1,False,recorded_during_training
0,0.2116293776424527,0.0003208535272278,0.2116109459319659,0.0299984071986904,0.337822675704956,0.3378577530384063,0.999896177213236,0.9999129057095376,True,False,frozen,200,train,15:16|48:8,423,3943,mp-aaaaabjd,mp-aaaaarxw,15:2|48:1,False,recorded_during_training
1,0.2833879719401011,0.2254402798874188,0.0789081883612645,0.9745850609145044,0.0728418976068496,1.2531861066818235,0.0581253631990222,0.2784457922509963,True,False,frozen,200,train,8:3|60:2,1183,2658,mp-aaaaaech,mp-aaaaalty,8:3|60:2,False,recorded_during_training
2,0.1626892907661385,0.0398532594772405,0.1470324808251462,0.4352303488595717,0.1810685992240905,0.2212611436843872,0.8183479313583033,0.9037625041742998,True,False,frozen,200,train,16:6|19:2|42:6,2704,14113,mp-aaaaamae,mp-aaackvdk,16:3|19:1|42:3,False,recorded_during_training
3,0.4171052366407366,0.3451498971180111,0.1138053595568973,0.9631995196355688,0.167445957660675,2.3175158500671387,0.0722523462593898,0.2728456743277974,True,False,frozen,200,train,8:3|68:2,4142,18148,mp-aaaaatio,mp-aaacrsyy,8:3|68:2,False,recorded_during_training
4,0.2721211942498485,0.2196385726934195,0.0813937439732299,0.9541586729488076,0.0578529722988605,0.6183542609214783,0.0935595918958291,0.2991084329083833,True,False,frozen,200,train,8:16|11:2|41:6,4399,9528,mp-aaaaavmx,mp-aaabjmwk,8:8|11:1|41:3,False,recorded_during_training
5,0.2394487393903546,0.1424844817522057,0.1143106129334796,0.9367462519754248,0.1029044091701507,0.8398832082748413,0.1225222842370204,0.477390748535652,True,False,frozen,200,train,28:2|83:2,5792,12620,mp-aaaabhvh,mp-aaacewhi,28:1|83:1,False,recorded_during_training
6,0.3213603106123628,0.2000470350658787,0.1392446385034844,0.9149161010576088,0.1829336285591125,0.8843270540237427,0.2068619609981999,0.433297560106751,True,False,frozen,200,train,8:8|23:2|83:2,5885,7789,mp-aaaabici,mp-aaabfbmg,8:4|23:1|83:1,False,recorded_during_training
7,0.7221765882568434,0.7042806117723046,0.0752173537665328,0.989044253071787,0.3396223187446594,15.503423690795898,0.0219062786077559,0.1041536862169528,True,False,frozen,200,train,8:12|11:4|17:4,6004,8109,mp-aaaabini,mp-aaabfqcc,8:3|11:1|17:1,False,recorded_during_training
8,0.2874588755028924,0.2546631641054357,0.0398883425013405,0.9913333383101136,0.030394323170185,1.333327293395996,0.0227958456417482,0.1387619096177087,True,False,frozen,200,train,8:6|37:4|40:2,10121,10417,mp-aaabqvan,mp-aaabraoy,8:3|37:2|40:1,False,recorded_during_training
9,0.3300182820821646,0.2079238425945426,0.13798501609023,0.9074526111209904,0.3829666972160339,2.026646614074707,0.1889657005599284,0.4181132488165486,True,False,frozen,200,train,8:18|56:8|73:4,10582,16766,mp-aaabruec,mp-aaacpwra,8:9|56:4|73:2,False,recorded_during_training
10,0.1434457298446432,0.0041204052848797,0.1423753512671055,0.2848955609600036,0.1685357093811035,0.1721307337284088,0.979114570248811,0.9925380938233788,True,False,frozen,200,train,59:1|68:3,11977,11981,mp-aaacdnzr,mp-aaacdoad,59:1|68:3,False,recorded_during_training
11,0.1017820875745201,0.0022520454604091,0.1016441777715044,0.0825415181488744,0.097654215991497,0.0980513766407966,0.9959494638126848,0.998645048394054,True,False,frozen,200,train,62:3|69:1,12147,12167,mp-aaacdsei,mp-aaacdspp,62:3|69:1,False,recorded_during_training
12,0.2569476258940995,0.092911752560667,0.1878997021690338,0.6956634913049732,0.3044226765632629,0.586344838142395,0.5191871007643002,0.7312762728015101,True,False,frozen,200,train,48:2|71:1,12799,13366,mp-aaacfkmg,mp-aaacilmc,48:2|71:1,False,recorded_during_training
13,0.3711048242627939,0.25843027216861,0.1392994935438665,0.8862827830502062,0.2683271169662475,1.2508291006088257,0.2145194070362151,0.375364275634485,True,False,frozen,200,train,15:1|20:3|83:1,12895,12903,mp-aaacfrja,mp-aaacfroo,15:1|20:3|83:1,False,recorded_during_training
14,0.3156082618079381,0.155613688253311,0.1635005605752439,0.9411632951992898,0.281535804271698,2.3338234424591064,0.1206328632876568,0.5180490511833986,True,False,frozen,200,train,46:2|51:2|57:2,13082,13180,mp-aaacfzan,mp-aaacgikg,46:1|51:1|57:1,False,recorded_during_training
15,0.2423462098959135,0.1200308499740003,0.1426292190428739,0.6877774200420091,0.3038972020149231,0.575656533241272,0.5279141023620628,0.588534968647261,True,False,frozen,200,train,19:3|31:1,15832,15834,mp-aaacpkso,mp-aaacpktf,19:3|31:1,False,recorded_during_training
0,0.2116293776424527,0.000373205228243,0.2116035713050905,0.0628639968868342,0.3377706408500671,0.3378577530384063,0.9997421631217404,0.9998780588137164,True,False,frozen,300,train,15:16|48:8,423,3943,mp-aaaaabjd,mp-aaaaarxw,15:2|48:1,False,recorded_during_training
1,0.2833879719401011,0.2698634587694046,0.0633431669463577,0.9875585145003646,0.0385065823793411,1.2531861066818235,0.0307269464399813,0.2235210143631164,True,False,frozen,300,train,8:3|60:2,1183,2658,mp-aaaaaech,mp-aaaaalty,8:3|60:2,False,recorded_during_training
2,0.1626892907661385,0.0720727224324946,0.1076098906996776,0.6488405222449786,0.1282896250486374,0.2212611436843872,0.5798109099157199,0.6614442179501779,True,False,frozen,300,train,16:6|19:2|42:6,2704,14113,mp-aaaaamae,mp-aaackvdk,16:3|19:1|42:3,False,recorded_during_training
3,0.4171052366407366,0.3566773429216505,0.114728604379203,0.965162089041762,0.1608542203903198,2.3175158500671387,0.0694080346357328,0.2750591320866626,True,False,frozen,300,train,8:3|68:2,4142,18148,mp-aaaaatio,mp-aaacrsyy,8:3|68:2,False,recorded_during_training
4,0.2721211942498485,0.24875097796982,0.0548387325547707,0.976716934173332,0.0286081992089748,0.6183542609214783,0.0462650636001805,0.2015231952290365,True,False,frozen,300,train,8:16|11:2|41:6,4399,9528,mp-aaaaavmx,mp-aaabjmwk,8:8|11:1|41:3,False,recorded_during_training
5,0.2394487393903546,0.1358723094680058,0.1114930138466334,0.9397494468870584,0.0990456044673919,0.8398832082748413,0.1179278303120694,0.4656237244367994,True,False,frozen,300,train,28:2|83:2,5792,12620,mp-aaaabhvh,mp-aaacewhi,28:1|83:1,False,recorded_during_training
6,0.3213603106123628,0.1711924183201603,0.1700885356241173,0.9007729134257018,0.2657647728919983,0.8843270540237427,0.3005276969450976,0.5292767339563741,True,False,frozen,300,train,8:8|23:2|83:2,5885,7789,mp-aaaabici,mp-aaabfbmg,8:4|23:1|83:1,False,recorded_during_training
7,0.7221765882568434,0.7198724639100647,0.022704914656856,0.999647381558384,0.0119969509541988,15.503423690795898,0.0007738259105516,0.0314395606643247,True,True,frozen,300,train,8:12|11:4|17:4,6004,8109,mp-aaaabini,mp-aaabfqcc,8:3|11:1|17:1,False,recorded_during_training
8,0.2874588755028924,0.2824093902423503,0.0298415182316955,0.9937924675818286,0.0178851094096899,1.333327293395996,0.0134138928215714,0.1038114345208147,True,False,frozen,300,train,8:6|37:4|40:2,10121,10417,mp-aaabqvan,mp-aaabraoy,8:3|37:2|40:1,False,recorded_during_training
9,0.3300182820821646,0.2930433432927524,0.1003036026669272,0.9530793273079508,0.2244213372468948,2.026646614074707,0.1107353081135743,0.3039334731218154,True,False,frozen,300,train,8:18|56:8|73:4,10582,16766,mp-aaabruec,mp-aaacpwra,8:9|56:4|73:2,False,recorded_during_training
10,0.1434457298446432,0.0271558035879664,0.1219490605929607,0.5183911820364056,0.1267518252134323,0.1721307337284088,0.736369516750122,0.8501407516629172,True,False,frozen,300,train,59:1|68:3,11977,11981,mp-aaacdnzr,mp-aaacdoad,59:1|68:3,False,recorded_during_training
11,0.1017820875745201,0.0125973363394962,0.0942935516622753,0.3655250295568883,0.0853761956095695,0.0980513766407966,0.8707291884573776,0.9264257975966352,True,False,frozen,300,train,62:3|69:1,12147,12167,mp-aaacdsei,mp-aaacdspp,62:3|69:1,False,recorded_during_training
12,0.2569476258940995,0.1377225110244921,0.1392520254299256,0.8301941815043755,0.1825334727764129,0.586344838142395,0.3113073756301822,0.5419471183879244,True,False,frozen,300,train,48:2|71:1,12799,13366,mp-aaacfkmg,mp-aaacilmc,48:2|71:1,False,recorded_during_training
13,0.3711048242627939,0.2777027261871048,0.1099184136803153,0.91517349213386,0.2032888233661651,1.2508291006088257,0.1625232601857574,0.2961923599313755,True,False,frozen,300,train,15:1|20:3|83:1,12895,12903,mp-aaacfrja,mp-aaacfroo,15:1|20:3|83:1,False,recorded_during_training
14,0.3156082618079381,0.1735425473905962,0.1527105391721335,0.9444348892066876,0.2527244687080383,2.3338234424591064,0.108287741099107,0.4838610317022206,True,False,frozen,300,train,46:2|51:2|57:2,13082,13180,mp-aaacfzan,mp-aaacgikg,46:1|51:1|57:1,False,recorded_during_training
15,0.2423462098959135,0.1717858973764237,0.0920129243980341,0.9046736269490774,0.1067456603050232,0.575656533241272,0.1854328998995021,0.3796755246865763,True,False,frozen,300,train,19:3|31:1,15832,15834,mp-aaacpkso,mp-aaacpktf,19:3|31:1,False,recorded_during_training
0,0.2116293776424527,0.0004416523042891,0.2115277718811512,0.1711112511066389,0.3375244438648224,0.3378577530384063,0.9990134630015548,0.9995198882006204,True,False,frozen,400,train,15:16|48:8,423,3943,mp-aaaaabjd,mp-aaaaarxw,15:2|48:1,False,recorded_during_training
1,0.2833879719401011,0.2572253253227083,0.042165410313161,0.993349375472692,0.0166315212845802,1.2531861066818235,0.0132713897767483,0.1487904021631284,True,False,frozen,400,train,8:3|60:2,1183,2658,mp-aaaaaech,mp-aaaaalty,8:3|60:2,False,recorded_during_training
2,0.1626892907661385,0.0897628171442193,0.0832454498813604,0.7601377933997084,0.0939925983548164,0.2212611436843872,0.4248039072277868,0.5116836485630972,True,False,frozen,400,train,16:6|19:2|42:6,2704,14113,mp-aaaaamae,mp-aaackvdk,16:3|19:1|42:3,False,recorded_during_training
3,0.4171052366407366,0.3499894354782435,0.1049917874111878,0.9690460080495208,0.1413878351449966,2.3175158500671387,0.0610083573499187,0.2517153422881141,True,False,frozen,400,train,8:3|68:2,4142,18148,mp-aaaaatio,mp-aaacrsyy,8:3|68:2,False,recorded_during_training
4,0.2721211942498485,0.2662417607054692,0.0165682770868613,0.994784741035746,0.006449282169342,0.6183542609214783,0.0104297529376303,0.0608856547632566,True,False,frozen,400,train,8:16|11:2|41:6,4399,9528,mp-aaaaavmx,mp-aaabjmwk,8:8|11:1|41:3,False,recorded_during_training
5,0.2394487393903546,0.1400449282587317,0.1023639427699549,0.9425752746854734,0.0936998203396797,0.8398832082748413,0.1115629166252096,0.4274983573961483,True,False,frozen,400,train,28:2|83:2,5792,12620,mp-aaaabhvh,mp-aaacewhi,28:1|83:1,False,recorded_during_training
6,0.3213603106123628,0.296058372437308,0.0374388173215791,0.966623147740981,0.0580470487475395,0.8843270540237427,0.065639797497342,0.1165010615350671,True,False,frozen,400,train,8:8|23:2|83:2,5885,7789,mp-aaaabici,mp-aaabfbmg,8:4|23:1|83:1,False,recorded_during_training
7,0.7221765882568434,0.7322508870317606,0.0144563859255058,0.9999287057649716,0.0043507507070899,15.503423690795898,0.0002806316071767,0.0200177991928538,True,True,frozen,400,train,8:12|11:4|17:4,6004,8109,mp-aaaabini,mp-aaabfqcc,8:3|11:1|17:1,False,recorded_during_training
8,0.2874588755028924,0.2852916141489023,0.0105510539214952,0.9988093680621034,0.0032003603409975,1.333327293395996,0.0024002811289088,0.03670456827272,True,True,frozen,400,train,8:6|37:4|40:2,10121,10417,mp-aaabqvan,mp-aaabraoy,8:3|37:2|40:1,False,recorded_during_training
9,0.3300182820821646,0.2769789285806974,0.0726991227250346,0.9589846723693556,0.1629287153482437,2.026646614074707,0.0803932536717216,0.2202881678746959,True,False,frozen,400,train,8:18|56:8|73:4,10582,16766,mp-aaabruec,mp-aaacpwra,8:9|56:4|73:2,False,recorded_during_training
10,0.1434457298446432,0.0541130367275108,0.0987697467918415,0.6930495856186686,0.0894830375909805,0.1721307337284088,0.5198550871930203,0.6885513211080784,True,False,frozen,400,train,59:1|68:3,11977,11981,mp-aaacdnzr,mp-aaacdoad,59:1|68:3,False,recorded_during_training
11,0.1017820875745201,0.0268596399082881,0.0827884675437715,0.54486421324043,0.0690709203481674,0.0980513766407966,0.704436008085875,0.813389364638033,True,False,frozen,400,train,62:3|69:1,12147,12167,mp-aaacdsei,mp-aaacdspp,62:3|69:1,False,recorded_during_training
12,0.2569476258940995,0.1438388292745998,0.1304866583215442,0.8431065466692028,0.1696129143238067,0.586344838142395,0.2892716082589882,0.5078336795971181,True,False,frozen,400,train,48:2|71:1,12799,13366,mp-aaacfkmg,mp-aaacilmc,48:2|71:1,False,recorded_during_training
13,0.3711048242627939,0.2814607506380664,0.1038282030867474,0.9181906355760684,0.1962928771972656,1.2508291006088257,0.1569302130096929,0.2797813348101953,True,False,frozen,400,train,15:1|20:3|83:1,12895,12903,mp-aaacfrja,mp-aaacfroo,15:1|20:3|83:1,False,recorded_during_training
14,0.3156082618079381,0.1787097220912556,0.148328600147849,0.9460282458027748,0.2453406155109405,2.3338234424591064,0.1051238971412634,0.4699769242356325,True,False,frozen,400,train,46:2|51:2|57:2,13082,13180,mp-aaacfzan,mp-aaacgikg,46:1|51:1|57:1,False,recorded_during_training
15,0.2423462098959135,0.2089893054781271,0.0484067420020721,0.941355250260768,0.0655898004770279,0.575656533241272,0.1139391228789156,0.1997421045819641,True,False,frozen,400,train,19:3|31:1,15832,15834,mp-aaacpkso,mp-aaacpktf,19:3|31:1,False,recorded_during_training
0,0.2116293776424527,0.0005044789741077,0.2114357722847444,0.248406487984554,0.3372464776039123,0.3378577530384063,0.9981907313684628,0.9990851678539858,True,False,frozen,500,train,15:16|48:8,423,3943,mp-aaaaabjd,mp-aaaaarxw,15:2|48:1,False,recorded_during_training
1,0.2833879719401011,0.2506902841268958,0.0470462552015069,0.9913335511521696,0.0238402262330055,1.2531861066818235,0.0190236917772169,0.1660135921769149,True,False,frozen,500,train,8:3|60:2,1183,2658,mp-aaaaaech,mp-aaaaalty,8:3|60:2,False,recorded_during_training
2,0.1626892907661385,0.1095528547862159,0.0715501899953778,0.8218233335635952,0.0718317180871963,0.2212611436843872,0.3246467811341472,0.4397965573421137,True,False,frozen,500,train,16:6|19:2|42:6,2704,14113,mp-aaaaamae,mp-aaackvdk,16:3|19:1|42:3,False,recorded_during_training
3,0.4171052366407366,0.3825325511940738,0.0617354518154931,0.9854405676038503,0.0675538703799247,2.3175158500671387,0.0291492592717187,0.1480092945192808,True,False,frozen,500,train,8:3|68:2,4142,18148,mp-aaaaatio,mp-aaacrsyy,8:3|68:2,False,recorded_during_training
4,0.2721211942498485,0.2624696250835399,0.0238427311172557,0.9942407767496864,0.0072584729641675,0.6183542609214783,0.0117383730053884,0.0876180599713395,True,False,frozen,500,train,8:16|11:2|41:6,4399,9528,mp-aaaaavmx,mp-aaabjmwk,8:8|11:1|41:3,False,recorded_during_training
5,0.2394487393903546,0.0809849537190956,0.1656042838445017,0.8976277797284169,0.2752193212509155,0.8398832082748413,0.3276876100621521,0.6916064134066291,True,False,frozen,500,train,28:2|83:2,5792,12620,mp-aaaabhvh,mp-aaacewhi,28:1|83:1,False,recorded_during_training
6,0.3213603106123628,0.2910840559355456,0.0432321829883513,0.9693740962117746,0.0543801188468933,0.8843270540237427,0.0614932208615131,0.1345286943056873,True,False,frozen,500,train,8:8|23:2|83:2,5885,7789,mp-aaaabici,mp-aaabfbmg,8:4|23:1|83:1,False,recorded_during_training
7,0.7221765882568434,0.7186770254945998,0.0251500351321567,0.9995741194066986,0.0211295373737812,15.503423690795898,0.0013628949189026,0.034825326022909,True,True,frozen,500,train,8:12|11:4|17:4,6004,8109,mp-aaaabini,mp-aaabfqcc,8:3|11:1|17:1,False,recorded_during_training
8,0.2874588755028924,0.2792004827804204,0.0154669255941852,0.9982831738242368,0.0047307182103395,1.333327293395996,0.0035480547302758,0.0538056985268824,True,True,frozen,500,train,8:6|37:4|40:2,10121,10417,mp-aaabqvan,mp-aaabraoy,8:3|37:2|40:1,False,recorded_during_training
9,0.3300182820821646,0.2765267231252881,0.0754706359495447,0.9582455564398428,0.165889099240303,2.026646614074707,0.0818539838609416,0.2286862275428571,True,False,frozen,500,train,8:18|56:8|73:4,10582,16766,mp-aaabruec,mp-aaacpwra,8:9|56:4|73:2,False,recorded_during_training
10,0.1434457298446432,0.0634123065831886,0.0893894968416191,0.7303261774141,0.0803736448287963,0.1721307337284088,0.4669337258249968,0.6231589949622837,True,False,frozen,500,train,59:1|68:3,11977,11981,mp-aaacdnzr,mp-aaacdoad,59:1|68:3,False,recorded_during_training
11,0.1017820875745201,0.032670014057814,0.0765684319317614,0.6083038294807259,0.0617864057421684,0.0980513766407966,0.630143174516743,0.7522780653884859,True,False,frozen,500,train,62:3|69:1,12147,12167,mp-aaacdsei,mp-aaacdspp,62:3|69:1,False,recorded_during_training
12,0.2569476258940995,0.1315525671941344,0.1339703424615237,0.8405641937204364,0.1747153252363205,0.586344838142395,0.2979736732906831,0.5213916337827514,True,False,frozen,500,train,48:2|71:1,12799,13366,mp-aaacfkmg,mp-aaacilmc,48:2|71:1,False,recorded_during_training
13,0.3711048242627939,0.2843946654318703,0.1076398482502103,0.9173636042423632,0.1983242481946945,1.2508291006088257,0.1585542326271131,0.2900524089495164,True,False,frozen,500,train,15:1|20:3|83:1,12895,12903,mp-aaacfrja,mp-aaacfroo,15:1|20:3|83:1,False,recorded_during_training
14,0.3156082618079381,0.1744607260155248,0.1642619911878569,0.9365589196909428,0.2957268059253692,2.3338234424591064,0.1267134439329169,0.5204616325532623,True,False,frozen,500,train,46:2|51:2|57:2,13082,13180,mp-aaacfzan,mp-aaacgikg,46:1|51:1|57:1,False,recorded_during_training
15,0.2423462098959135,0.2202874720656211,0.0386360593234087,0.9533856926134092,0.0524234995245933,0.575656533241272,0.0910673231300258,0.1594250611140266,True,False,frozen,500,train,19:3|31:1,15832,15834,mp-aaacpkso,mp-aaacpktf,19:3|31:1,False,recorded_during_training
0,0.2116293776424527,0.0010572196379143,0.210894055429776,0.325253106670265,0.3353789746761322,0.3378577530384063,0.9926632485417838,0.9965254246793704,True,False,frozen,600,train,15:16|48:8,423,3943,mp-aaaaabjd,mp-aaaaarxw,15:2|48:1,False,recorded_during_training
1,0.2833879719401011,0.2577491842190706,0.0405042909868935,0.9936952207111466,0.0159086249768733,1.2531861066818235,0.0126945430467595,0.1429287584423478,True,False,frozen,600,train,8:3|60:2,1183,2658,mp-aaaaaech,mp-aaaaalty,8:3|60:2,False,recorded_during_training
2,0.1626892907661385,0.1307057947924477,0.0456206803719396,0.9224428426853386,0.0333756357431411,0.2212611436843872,0.1508427335562771,0.2804160013059381,True,False,frozen,600,train,16:6|19:2|42:6,2704,14113,mp-aaaaamae,mp-aaackvdk,16:3|19:1|42:3,False,recorded_during_training
3,0.4171052366407366,0.3924940683286282,0.0497706104341064,0.987989645661202,0.0555284544825553,2.3175158500671387,0.0239603342867953,0.119323868563595,True,False,frozen,600,train,8:3|68:2,4142,18148,mp-aaaaatio,mp-aaacrsyy,8:3|68:2,False,recorded_during_training
4,0.2721211942498485,0.2693941647174398,0.0159938199993376,0.9964836009169168,0.004357585683465,0.6183542609214783,0.0070470698737828,0.0587746207840501,True,True,frozen,600,train,8:16|11:2|41:6,4399,9528,mp-aaaaavmx,mp-aaabjmwk,8:8|11:1|41:3,False,recorded_during_training
5,0.2394487393903546,0.0855978682605282,0.1566244970987682,0.8449166386118665,0.3019127249717712,0.8398832082748413,0.3594698905719449,0.6541044964259993,True,False,frozen,600,train,28:2|83:2,5792,12620,mp-aaaabhvh,mp-aaacewhi,28:1|83:1,False,recorded_during_training
6,0.3213603106123628,0.2944495138794565,0.0415946619309153,0.9702161869378052,0.0519756078720092,0.8843270540237427,0.0587741917829122,0.1294331022136968,True,False,frozen,600,train,8:8|23:2|83:2,5885,7789,mp-aaaabici,mp-aaabfbmg,8:4|23:1|83:1,False,recorded_during_training
7,0.7221765882568434,0.7203778221200778,0.0139527625333144,0.9999067208201998,0.0044408030807971,15.503423690795898,0.0002864401547274,0.0193204304323863,True,True,frozen,600,train,8:12|11:4|17:4,6004,8109,mp-aaaabini,mp-aaabfqcc,8:3|11:1|17:1,False,recorded_during_training
8,0.2874588755028924,0.2786500663720879,0.0143316007079057,0.9987004041909776,0.0041647581383585,1.333327293395996,0.003123582753452,0.0498561774543695,True,True,frozen,600,train,8:6|37:4|40:2,10121,10417,mp-aaabqvan,mp-aaabraoy,8:3|37:2|40:1,False,recorded_during_training
9,0.3300182820821646,0.2742013819255682,0.0753535660364015,0.9585686683764092,0.1648671925067901,2.026646614074707,0.0813497485757094,0.2283314898828567,True,False,frozen,600,train,8:18|56:8|73:4,10582,16766,mp-aaabruec,mp-aaacpwra,8:9|56:4|73:2,False,recorded_during_training
10,0.1434457298446432,0.0758616332264399,0.0759835324193591,0.8185614868043949,0.0569547787308692,0.1721307337284088,0.3308809385587912,0.5297022957856746,True,False,frozen,600,train,59:1|68:3,11977,11981,mp-aaacdnzr,mp-aaacdoad,59:1|68:3,False,recorded_during_training
11,0.1017820875745201,0.0407957033329751,0.0701163388025349,0.6996138913511842,0.0502643473446369,0.0980513766407966,0.5126327550583641,0.6888868215755455,True,False,frozen,600,train,62:3|69:1,12147,12167,mp-aaacdsei,mp-aaacdspp,62:3|69:1,False,recorded_during_training
12,0.2569476258940995,0.1438826835970346,0.1259526759227398,0.847976779209293,0.1653070151805877,0.586344838142395,0.2819279789420481,0.4901881287459376,True,False,frozen,600,train,48:2|71:1,12799,13366,mp-aaacfkmg,mp-aaacilmc,48:2|71:1,False,recorded_during_training
13,0.3711048242627939,0.2895370484459629,0.1095111902312222,0.9293430899299155,0.1707001328468322,1.2508291006088257,0.136469588662229,0.2950950326468218,True,False,frozen,600,train,15:1|20:3|83:1,12895,12903,mp-aaacfrja,mp-aaacfroo,15:1|20:3|83:1,False,recorded_during_training
14,0.3156082618079381,0.1812122619754177,0.1454379541981438,0.9469198847640948,0.241201564669609,2.3338234424591064,0.1033503907285546,0.4608179563013133,True,False,frozen,600,train,46:2|51:2|57:2,13082,13180,mp-aaacfzan,mp-aaacgikg,46:1|51:1|57:1,False,recorded_during_training
15,0.2423462098959135,0.2185442855668355,0.0392172470644567,0.9613945285200012,0.044605579227209,0.575656533241272,0.0774864466074144,0.1618232324792714,True,False,frozen,600,train,19:3|31:1,15832,15834,mp-aaacpkso,mp-aaacpktf,19:3|31:1,False,recorded_during_training
0,0.2116293776424527,0.0128252428844461,0.2024258080831487,0.2865559564791762,0.3101294636726379,0.3378577530384063,0.917929101474204,0.9565109075978412,True,False,frozen,700,train,15:16|48:8,423,3943,mp-aaaaabjd,mp-aaaaarxw,15:2|48:1,False,recorded_during_training
1,0.2833879719401011,0.2704161089009815,0.0325193527368625,0.995867335186182,0.0109089016914367,1.2531861066818235,0.0087049334757798,0.1147520570976671,True,False,frozen,700,train,8:3|60:2,1183,2658,mp-aaaaaech,mp-aaaaalty,8:3|60:2,False,recorded_during_training
2,0.1626892907661385,0.1541786232774029,0.0220889957490726,0.9821903297244052,0.0078311776742339,0.2212611436843872,0.0353933706742676,0.135774122839007,True,False,frozen,700,train,16:6|19:2|42:6,2704,14113,mp-aaaaamae,mp-aaackvdk,16:3|19:1|42:3,False,recorded_during_training
3,0.4171052366407366,0.3929718117355403,0.0465610538698708,0.9891117505121207,0.0502221770584583,2.3175158500671387,0.0216706940998929,0.1116290321475275,True,False,frozen,700,train,8:3|68:2,4142,18148,mp-aaaaatio,mp-aaacrsyy,8:3|68:2,False,recorded_during_training
4,0.2721211942498485,0.265409971684889,0.0136664124231487,0.9968887657283404,0.0039142998866736,0.6183542609214783,0.0063301898831271,0.0502217861450397,True,True,frozen,700,train,8:16|11:2|41:6,4399,9528,mp-aaaaavmx,mp-aaabjmwk,8:8|11:1|41:3,False,recorded_during_training
5,0.2394487393903546,0.1554699439377564,0.0884769397821934,0.9553115303664186,0.0733892917633056,0.8398832082748413,0.0873803536494682,0.3695026334549055,True,False,frozen,700,train,28:2|83:2,5792,12620,mp-aaaabhvh,mp-aaacewhi,28:1|83:1,False,recorded_during_training
6,0.3213603106123628,0.2998829183365821,0.0297300410958065,0.9727685054855636,0.0475336089730262,0.8843270540237427,0.0537511645230635,0.0925131079166403,True,False,frozen,700,train,8:8|23:2|83:2,5885,7789,mp-aaaabici,mp-aaabfbmg,8:4|23:1|83:1,False,recorded_during_training
7,0.7221765882568434,0.7247825757495576,0.0085450000697875,0.9999571106668854,0.0014136149547994,15.503423690795898,9.118082450643796e-05,0.0118322861869741,True,True,frozen,700,train,8:12|11:4|17:4,6004,8109,mp-aaaabini,mp-aaabfqcc,8:3|11:1|17:1,False,recorded_during_training
8,0.2874588755028924,0.282862616360146,0.0098193817990168,0.998932565764238,0.002868594136089,1.333327293395996,0.0021514553480584,0.0341592576741227,True,True,frozen,700,train,8:6|37:4|40:2,10121,10417,mp-aaabqvan,mp-aaabraoy,8:3|37:2|40:1,False,recorded_during_training
9,0.3300182820821646,0.2840054310453901,0.0705904773299757,0.959654444837964,0.161283403635025,2.026646614074707,0.0795814142016373,0.2138986873230277,True,False,frozen,700,train,8:18|56:8|73:4,10582,16766,mp-aaabruec,mp-aaacpwra,8:9|56:4|73:2,False,recorded_during_training
10,0.1434457298446432,0.0906269048414358,0.0602685451899276,0.8671906954857341,0.042696613818407,0.1721307337284088,0.2480475908838836,0.4201487576883648,True,False,frozen,700,train,59:1|68:3,11977,11981,mp-aaacdnzr,mp-aaacdoad,59:1|68:3,False,recorded_during_training
11,0.1017820875745201,0.0475357759602843,0.0645436475028304,0.7471734272992065,0.0436052419245243,0.0980513766407966,0.4447183039996328,0.6341356228872258,True,False,frozen,700,train,62:3|69:1,12147,12167,mp-aaacdsei,mp-aaacdspp,62:3|69:1,False,recorded_during_training
12,0.2569476258940995,0.1477407438380424,0.1238718442066897,0.8507254700961799,0.1619879603385925,0.586344838142395,0.2762673938629497,0.4820898569335032,True,False,frozen,700,train,48:2|71:1,12799,13366,mp-aaacfkmg,mp-aaacilmc,48:2|71:1,False,recorded_during_training
13,0.3711048242627939,0.2994593382828965,0.1030642455069097,0.9351014674930108,0.1571341007947921,1.2508291006088257,0.1256239567166362,0.2777227316072989,True,False,frozen,700,train,15:1|20:3|83:1,12895,12903,mp-aaacfrja,mp-aaacfroo,15:1|20:3|83:1,False,recorded_during_training
14,0.3156082618079381,0.1874753137928593,0.1429975628650055,0.947562259711602,0.2384035140275955,2.3338234424591064,0.1021514779954366,0.4530856133038304,True,False,frozen,700,train,46:2|51:2|57:2,13082,13180,mp-aaacfzan,mp-aaacgikg,46:1|51:1|57:1,False,recorded_during_training
15,0.2423462098959135,0.2291146842874454,0.0292843077807205,0.96562412889138,0.0389104895293712,0.575656533241272,0.06759323881948,0.120836665006224,True,False,frozen,700,train,19:3|31:1,15832,15834,mp-aaacpkso,mp-aaacpktf,19:3|31:1,False,recorded_during_training
0,0.2116293776424527,0.0267898453600423,0.190552431435492,0.4386540081545936,0.2728539705276489,0.3378577530384063,0.8076001455459627,0.9004063309085089,True,False,frozen,800,train,15:16|48:8,423,3943,mp-aaaaabjd,mp-aaaaarxw,15:2|48:1,False,recorded_during_training
1,0.2833879719401011,0.251971520903151,0.0479320966286813,0.9900198897210184,0.0382396541535854,1.2531861066818235,0.0305139467711113,0.1691394885271017,True,False,frozen,800,train,8:3|60:2,1183,2658,mp-aaaaaech,mp-aaaaalty,8:3|60:2,False,recorded_during_training
2,0.1626892907661385,0.1505296077375533,0.0261599391378695,0.9839763618954102,0.0073600141331553,0.2212611436843872,0.0332639251998709,0.1607969339264851,True,False,frozen,800,train,16:6|19:2|42:6,2704,14113,mp-aaaaamae,mp-aaackvdk,16:3|19:1|42:3,False,recorded_during_training
3,0.4171052366407366,0.3678485248307188,0.0788098850734533,0.983086884015146,0.0936343595385551,2.3175158500671387,0.0404028993095527,0.1889448468884467,True,False,frozen,800,train,8:3|68:2,4142,18148,mp-aaaaatio,mp-aaacrsyy,8:3|68:2,False,recorded_during_training
4,0.2721211942498485,0.2711863587710468,0.0316083441257433,0.9933277703111276,0.0082971788942813,0.6183542609214783,0.0134181640180126,0.1161553925003065,True,False,frozen,800,train,8:16|11:2|41:6,4399,9528,mp-aaaaavmx,mp-aaabjmwk,8:8|11:1|41:3,False,recorded_during_training
5,0.2394487393903546,0.1569334130156647,0.0900241655516538,0.9565607087123036,0.0716486126184463,0.8398832082748413,0.0853078284129717,0.3759642493038748,True,False,frozen,800,train,28:2|83:2,5792,12620,mp-aaaabhvh,mp-aaacewhi,28:1|83:1,False,recorded_during_training
6,0.3213603106123628,0.196909335749785,0.1292657287636185,0.9576133593636016,0.1453571170568466,0.8843270540237427,0.1643703157055557,0.4022454686992876,True,False,frozen,800,train,8:8|23:2|83:2,5885,7789,mp-aaaabici,mp-aaabfbmg,8:4|23:1|83:1,False,recorded_during_training
7,0.7221765882568434,0.507268280989857,0.2413044228799581,0.989502808908077,1.7348812818527222,15.503423690795898,0.1119031071106371,0.3341349287747026,True,False,frozen,800,train,8:12|11:4|17:4,6004,8109,mp-aaaabini,mp-aaabfqcc,8:3|11:1|17:1,False,recorded_during_training
8,0.2874588755028924,0.2674206170436111,0.0516154780585924,0.984143477209918,0.0472161583602428,1.333327293395996,0.0354122791861425,0.179557781850688,True,False,frozen,800,train,8:6|37:4|40:2,10121,10417,mp-aaabqvan,mp-aaabraoy,8:3|37:2|40:1,False,recorded_during_training
9,0.3300182820821646,0.2920908150839008,0.1244055955124334,0.9342419926380916,0.2910025119781494,2.026646614074707,0.1435881864934852,0.3769657690705153,True,False,frozen,800,train,8:18|56:8|73:4,10582,16766,mp-aaabruec,mp-aaacpwra,8:9|56:4|73:2,False,recorded_during_training
10,0.1434457298446432,0.094342883628645,0.0537307641513642,0.9065931380311244,0.0312771052122116,0.1721307337284088,0.181705524253218,0.3745720713300881,True,False,frozen,800,train,59:1|68:3,11977,11981,mp-aaacdnzr,mp-aaacdoad,59:1|68:3,False,recorded_during_training
11,0.1017820875745201,0.0507672496015914,0.0548341265749456,0.7968606252068311,0.0362693518400192,0.0980513766407966,0.3699015055432529,0.5387404393213951,True,False,frozen,800,train,62:3|69:1,12147,12167,mp-aaacdsei,mp-aaacdspp,62:3|69:1,False,recorded_during_training
12,0.2569476258940995,0.1490668594115121,0.1243492735880025,0.8467004634507607,0.1661220341920852,0.586344838142395,0.283317978407345,0.4839479374650959,True,False,frozen,800,train,48:2|71:1,12799,13366,mp-aaacfkmg,mp-aaacilmc,48:2|71:1,False,recorded_during_training
13,0.3711048242627939,0.2982711288597031,0.1003700752443848,0.935534145765132,0.1563230007886886,1.2508291006088257,0.1249755068159194,0.2704628683924324,True,False,frozen,800,train,15:1|20:3|83:1,12895,12903,mp-aaacfrja,mp-aaacfroo,15:1|20:3|83:1,False,recorded_during_training
14,0.3156082618079381,0.1915870778365445,0.1413493525094793,0.9481807697961704,0.2358906120061874,2.3338234424591064,0.1010747461503059,0.447863283742226,True,False,frozen,800,train,46:2|51:2|57:2,13082,13180,mp-aaacfzan,mp-aaacgikg,46:1|51:1|57:1,False,recorded_during_training
15,0.2423462098959135,0.2186189348463898,0.0371514396934884,0.963284439014176,0.0435807555913925,0.575656533241272,0.0757061773380877,0.1532990332691598,True,False,frozen,800,train,19:3|31:1,15832,15834,mp-aaacpkso,mp-aaacpktf,19:3|31:1,False,recorded_during_training
0,0.2116293776424527,0.0273545507415065,0.1948163197521353,0.4046736493439847,0.2825360000133514,0.3378577530384063,0.8362572635153761,0.9205542345887204,True,False,frozen,900,train,15:16|48:8,423,3943,mp-aaaaabjd,mp-aaaaarxw,15:2|48:1,False,recorded_during_training
1,0.2833879719401011,0.2844327631405008,0.0102391684644658,0.9996414701716432,0.0009050929802469,1.2531861066818235,0.0007222334938291,0.0361312740070352,True,True,frozen,900,train,8:3|60:2,1183,2658,mp-aaaaaech,mp-aaaaalty,8:3|60:2,False,recorded_during_training
2,0.1626892907661385,0.1599989996684598,0.0121750808248179,0.9955859885930792,0.0019498422043398,0.2212611436843872,0.0088124022676168,0.0748363999098093,True,True,frozen,900,train,16:6|19:2|42:6,2704,14113,mp-aaaaamae,mp-aaackvdk,16:3|19:1|42:3,False,recorded_during_training
3,0.4171052366407366,0.3886148506986124,0.0492477370963477,0.9890315981987652,0.0511815175414085,2.3175158500671387,0.0220846461697018,0.1180702920274436,True,False,frozen,900,train,8:3|68:2,4142,18148,mp-aaaaatio,mp-aaacrsyy,8:3|68:2,False,recorded_during_training
4,0.2721211942498485,0.2755110628093575,0.0126767869749642,0.9989752512101698,0.0013115599285811,0.6183542609214783,0.0021210493910507,0.0465850776890425,True,True,frozen,900,train,8:16|11:2|41:6,4399,9528,mp-aaaaavmx,mp-aaabjmwk,8:8|11:1|41:3,False,recorded_during_training
5,0.2394487393903546,0.1578105027450576,0.0889345287900411,0.956516797878949,0.0714809745550155,0.8398832082748413,0.0851082315383358,0.3714136437572057,True,False,frozen,900,train,28:2|83:2,5792,12620,mp-aaaabhvh,mp-aaacewhi,28:1|83:1,False,recorded_during_training
6,0.3213603106123628,0.3000662964958369,0.0306800830331699,0.9730963302651724,0.0470475628972053,0.8843270540237427,0.0532015419896248,0.0954694217674485,True,False,frozen,900,train,8:8|23:2|83:2,5885,7789,mp-aaaabici,mp-aaabfbmg,8:4|23:1|83:1,False,recorded_during_training
7,0.7221765882568434,0.7262343640680413,0.0091349647694372,0.9999490270826804,0.0016994971083477,15.503423690795898,0.0001096207613391,0.0126492120043475,True,True,frozen,900,train,8:12|11:4|17:4,6004,8109,mp-aaaabini,mp-aaabfqcc,8:3|11:1|17:1,False,recorded_during_training
8,0.2874588755028924,0.2853541845118901,0.0082477916808034,0.9994981196716722,0.0014988369075581,1.333327293395996,0.0011241327729372,0.0286920752277154,True,True,frozen,900,train,8:6|37:4|40:2,10121,10417,mp-aaabqvan,mp-aaabraoy,8:3|37:2|40:1,False,recorded_during_training
9,0.3300182820821646,0.3051016128339654,0.0475427886941872,0.968106228344886,0.1272427141666412,2.026646614074707,0.0627848551804556,0.1440610756295935,True,False,frozen,900,train,8:18|56:8|73:4,10582,16766,mp-aaabruec,mp-aaacpwra,8:9|56:4|73:2,False,recorded_during_training
10,0.1434457298446432,0.1048035895511194,0.0465173528001248,0.9172357235565164,0.0273181796073913,0.1721307337284088,0.1587059963997742,0.3242853785226283,True,False,frozen,900,train,59:1|68:3,11977,11981,mp-aaacdnzr,mp-aaacdoad,59:1|68:3,False,recorded_during_training
11,0.1017820875745201,0.0572142187401993,0.0512791008660258,0.7999639588785961,0.0353299081325531,0.0980513766407966,0.36032036818801,0.5038126264455094,True,False,frozen,900,train,62:3|69:1,12147,12167,mp-aaacdsei,mp-aaacdspp,62:3|69:1,False,recorded_during_training
12,0.2569476258940995,0.1477066161038394,0.122903496942051,0.8508935410112033,0.1618207544088363,0.586344838142395,0.2759822273212165,0.4783212007286866,True,False,frozen,900,train,48:2|71:1,12799,13366,mp-aaacfkmg,mp-aaacilmc,48:2|71:1,False,recorded_during_training
13,0.3711048242627939,0.3063359551692457,0.0973902120956395,0.9376989059282264,0.1512985825538635,1.2508291006088257,0.1209586365397325,0.262433161005403,True,False,frozen,900,train,15:1|20:3|83:1,12895,12903,mp-aaacfrja,mp-aaacfroo,15:1|20:3|83:1,False,recorded_during_training
14,0.3156082618079381,0.1711214970014225,0.1542370564711745,0.9442962095421092,0.2527676820755005,2.3338234424591064,0.1083062572244813,0.4886977786564878,True,False,frozen,900,train,46:2|51:2|57:2,13082,13180,mp-aaacfzan,mp-aaacgikg,46:1|51:1|57:1,False,recorded_during_training
15,0.2423462098959135,0.2333180420215654,0.0321430260270432,0.9652167127757572,0.0397646278142929,0.575656533241272,0.0690770025494118,0.1326326747212118,True,False,frozen,900,train,19:3|31:1,15832,15834,mp-aaacpkso,mp-aaacpktf,19:3|31:1,False,recorded_during_training
0,0.2116293776424527,0.0283651660478199,0.194692321721277,0.4056136893638123,0.2823232412338257,0.3378577530384063,0.8356275346498627,0.9199683138992604,True,False,frozen,1000,train,15:16|48:8,423,3943,mp-aaaaabjd,mp-aaaaarxw,15:2|48:1,False,recorded_during_training
1,0.2833879719401011,0.2889727540260267,0.0167837770805547,0.9989123228086036,0.0034771487116813,1.2531861066818235,0.0027746467129995,0.0592254391237971,True,True,frozen,1000,train,8:3|60:2,1183,2658,mp-aaaaaech,mp-aaaaalty,8:3|60:2,False,recorded_during_training
2,0.1626892907661385,0.1394874076286214,0.0426857671045581,0.9753271672832076,0.0139622902497649,0.2212611436843872,0.0631032182934076,0.262376010759785,True,False,frozen,1000,train,16:6|19:2|42:6,2704,14113,mp-aaaaamae,mp-aaackvdk,16:3|19:1|42:3,False,recorded_during_training
3,0.4171052366407366,0.4014271002278988,0.0550980510326937,0.9882182520948976,0.0563867539167404,2.3175158500671387,0.0243306874967465,0.1320962821671574,True,False,frozen,1000,train,8:3|68:2,4142,18148,mp-aaaaatio,mp-aaacrsyy,8:3|68:2,False,recorded_during_training
4,0.2721211942498485,0.2783569490472359,0.0168481008874437,0.9982574665815064,0.0030277841724455,0.6183542609214783,0.0048965202696808,0.0619139605567605,True,True,frozen,1000,train,8:16|11:2|41:6,4399,9528,mp-aaaaavmx,mp-aaabjmwk,8:8|11:1|41:3,False,recorded_during_training
5,0.2394487393903546,0.1637324614026702,0.08561705241409,0.9580836261047366,0.0697084963321685,0.8398832082748413,0.0829978449924639,0.3575590025325429,True,False,frozen,1000,train,28:2|83:2,5792,12620,mp-aaaabhvh,mp-aaacewhi,28:1|83:1,False,recorded_during_training
6,0.3213603106123628,0.3096316480953121,0.0356156405086878,0.972552610250584,0.0484272837638855,0.8843270540237427,0.0547617349752428,0.1108277510711295,True,False,frozen,1000,train,8:8|23:2|83:2,5885,7789,mp-aaaabici,mp-aaabfbmg,8:4|23:1|83:1,False,recorded_during_training
7,0.7221765882568434,0.727986788056139,0.0095655575669546,0.9999538282442004,0.0024542389437556,15.503423690795898,0.0001583030298793,0.0132454550902066,True,True,frozen,1000,train,8:12|11:4|17:4,6004,8109,mp-aaaabini,mp-aaabfqcc,8:3|11:1|17:1,False,recorded_during_training
8,0.2874588755028924,0.2899871164665164,0.010457313534868,0.999546036567922,0.0013487229589372,1.333327293395996,0.0010115468014624,0.0363784681080852,True,True,frozen,1000,train,8:6|37:4|40:2,10121,10417,mp-aaabqvan,mp-aaabraoy,8:3|37:2|40:1,False,recorded_during_training
9,0.3300182820821646,0.3216345835987297,0.0491952631925372,0.9704680811840328,0.1247273832559585,2.026646614074707,0.061543725674594,0.1490682967081473,True,False,frozen,1000,train,8:18|56:8|73:4,10582,16766,mp-aaabruec,mp-aaacpwra,8:9|56:4|73:2,False,recorded_during_training
10,0.1434457298446432,0.1046323806272653,0.0490324701633326,0.9242165959712704,0.0251039564609527,0.1721307337284088,0.1458423833861201,0.3418189598005919,True,False,frozen,1000,train,59:1|68:3,11977,11981,mp-aaacdnzr,mp-aaacdoad,59:1|68:3,False,recorded_during_training
11,0.1017820875745201,0.0515618361450265,0.0574400719162326,0.7919193592270054,0.0370899140834808,0.0980513766407966,0.3782702023588792,0.5643436216041229,True,False,frozen,1000,train,62:3|69:1,12147,12167,mp-aaacdsei,mp-aaacdspp,62:3|69:1,False,recorded_during_training
12,0.2569476258940995,0.1239284976297767,0.1451103311379142,0.8273423585861722,0.1897259354591369,0.586344838142395,0.3235739843130701,0.564746728571531,True,False,frozen,1000,train,48:2|71:1,12799,13366,mp-aaacfkmg,mp-aaacilmc,48:2|71:1,False,recorded_during_training
13,0.3711048242627939,0.3073504634722148,0.0962314693231327,0.9379833670436608,0.150500938296318,1.2508291006088257,0.1203209441026464,0.2593107473455733,True,False,frozen,1000,train,15:1|20:3|83:1,12895,12903,mp-aaacfrja,mp-aaacfroo,15:1|20:3|83:1,False,recorded_during_training
14,0.3156082618079381,0.2066593748354535,0.1277489734025039,0.9504089443995708,0.2261876761913299,2.3338234424591064,0.0969172183620712,0.4047706884183055,True,False,frozen,1000,train,46:2|51:2|57:2,13082,13180,mp-aaacfzan,mp-aaacgikg,46:1|51:1|57:1,False,recorded_during_training
15,0.2423462098959135,0.232138374514264,0.0389553349663884,0.9627995452015092,0.0428136773407459,0.575656533241272,0.0743736496825297,0.1607424972031524,True,False,frozen,1000,train,19:3|31:1,15832,15834,mp-aaacpkso,mp-aaacpktf,19:3|31:1,False,recorded_during_training
0,0.2116293776424527,0.0273551938872742,0.1946641097378005,0.4066730923334004,0.2819844186306,0.3378577530384063,0.8346246788616541,0.9198350054531894,True,False,frozen,1100,train,15:16|48:8,423,3943,mp-aaaaabjd,mp-aaaaarxw,15:2|48:1,False,recorded_during_training
1,0.2833879719401011,0.282977081596897,0.0051445641674092,0.9999310991978356,0.0002019121748162,1.2531861066818235,0.0001611190658272,0.0181537844820621,True,True,frozen,1100,train,8:3|60:2,1183,2658,mp-aaaaaech,mp-aaaaalty,8:3|60:2,False,recorded_during_training
2,0.1626892907661385,0.1583804603505996,0.0084655748287332,0.9972403808145964,0.0012263350654393,0.2212611436843872,0.0055424782002782,0.0520352310153116,True,True,frozen,1100,train,16:6|19:2|42:6,2704,14113,mp-aaaaamae,mp-aaackvdk,16:3|19:1|42:3,False,recorded_during_training
3,0.4171052366407366,0.3940482611048317,0.0463200553217184,0.989393145884216,0.0489313565194606,2.3175158500671387,0.0211137095429328,0.111051243793458,True,False,frozen,1100,train,8:3|68:2,4142,18148,mp-aaaaatio,mp-aaacrsyy,8:3|68:2,False,recorded_during_training
4,0.2721211942498485,0.2722842273205401,0.0050156418664641,0.9998422711312718,0.0001950508449226,0.6183542609214783,0.0003154354344255,0.0184316472676474,True,True,frozen,1100,train,8:16|11:2|41:6,4399,9528,mp-aaaaavmx,mp-aaabjmwk,8:8|11:1|41:3,False,recorded_during_training
5,0.2394487393903546,0.1634083973780598,0.0807453213668019,0.9590001393405236,0.0674741342663765,0.8398832082748413,0.0803375202666231,0.3372133909428068,True,False,frozen,1100,train,28:2|83:2,5792,12620,mp-aaaabhvh,mp-aaacewhi,28:1|83:1,False,recorded_during_training
6,0.3213603106123628,0.3038522338762135,0.0275830605546474,0.9736601608894996,0.0459844097495079,0.8843270540237427,0.0519993248428576,0.0858321940941835,True,False,frozen,1100,train,8:8|23:2|83:2,5885,7789,mp-aaaabici,mp-aaabfbmg,8:4|23:1|83:1,False,recorded_during_training
7,0.7221765882568434,0.7230425320372404,0.0032473208935215,0.9999942561715393,0.0001947885029949,15.503423690795898,1.2564224966035548e-05,0.0044965745862238,True,True,frozen,1100,train,8:12|11:4|17:4,6004,8109,mp-aaaabini,mp-aaabfqcc,8:3|11:1|17:1,False,recorded_during_training
8,0.2874588755028924,0.2880487728078629,0.0039020686268225,0.9999386274727716,0.0001652773644309,1.333327293395996,0.0001239585848497,0.0135743543141469,True,True,frozen,1100,train,8:6|37:4|40:2,10121,10417,mp-aaabqvan,mp-aaabraoy,8:3|37:2|40:1,False,recorded_during_training
9,0.3300182820821646,0.3086032694870226,0.0305861221665253,0.9782360653087742,0.0874522253870964,2.026646614074707,0.0431511960594195,0.0926800841867006,True,False,frozen,1100,train,8:18|56:8|73:4,10582,16766,mp-aaabruec,mp-aaacpwra,8:9|56:4|73:2,False,recorded_during_training
10,0.1434457298446432,0.1102791624719614,0.0369543699801795,0.9384750391566292,0.020541513338685,0.1721307337284088,0.1193366977166078,0.2576191708195317,True,False,frozen,1100,train,59:1|68:3,11977,11981,mp-aaacdnzr,mp-aaacdoad,59:1|68:3,False,recorded_during_training
11,0.1017820875745201,0.0586812040257314,0.0483796023234504,0.8112591331997575,0.0335532911121845,0.0980513766407966,0.3422011221229897,0.4753253099473824,True,False,frozen,1100,train,62:3|69:1,12147,12167,mp-aaacdsei,mp-aaacdspp,62:3|69:1,False,recorded_during_training
12,0.2569476258940995,0.1657256770920696,0.0994126297353261,0.9060501283095004,0.1050041913986206,0.586344838142395,0.1790826567712021,0.3868984170972605,True,False,frozen,1100,train,48:2|71:1,12799,13366,mp-aaacfkmg,mp-aaacilmc,48:2|71:1,False,recorded_during_training
13,0.3711048242627939,0.3208365319971165,0.076009812269028,0.94776346344854,0.1272650361061096,1.2508291006088257,0.101744543714377,0.2048203291887213,True,False,frozen,1100,train,15:1|20:3|83:1,12895,12903,mp-aaacfrja,mp-aaacfroo,15:1|20:3|83:1,False,recorded_during_training
14,0.3156082618079381,0.1802288200879047,0.1470656799626795,0.9470072354869408,0.2408512383699417,2.3338234424591064,0.103200282415606,0.4659753807464508,True,False,frozen,1100,train,46:2|51:2|57:2,13082,13180,mp-aaacfzan,mp-aaacgikg,46:1|51:1|57:1,False,recorded_during_training
15,0.2423462098959135,0.2295229326614247,0.0283280523349134,0.9660189294862774,0.038464069366455,0.575656533241272,0.0668177413880471,0.1168908411940099,True,False,frozen,1100,train,19:3|31:1,15832,15834,mp-aaacpkso,mp-aaacpktf,19:3|31:1,False,recorded_during_training
0,0.2116293776424527,0.0273447348845934,0.1946699385277384,0.4066811328162676,0.281984269618988,0.3378577530384063,0.8346242378132822,0.9198625478955608,True,False,frozen,1200,train,15:16|48:8,423,3943,mp-aaaaabjd,mp-aaaaarxw,15:2|48:1,False,recorded_during_training
1,0.2833879719401011,0.2878658424148739,0.0085413908552141,0.9998039156360288,0.0007636105292476,1.2531861066818235,0.0006093352975876,0.0301402730565412,True,True,frozen,1200,train,8:3|60:2,1183,2658,mp-aaaaaech,mp-aaaaalty,8:3|60:2,False,recorded_during_training
2,0.1626892907661385,0.1597330603071896,0.0070408641731773,0.9979431389913472,0.0009121238836087,0.2212611436843872,0.0041223861922625,0.0432779818512974,True,True,frozen,1200,train,16:6|19:2|42:6,2704,14113,mp-aaaaamae,mp-aaackvdk,16:3|19:1|42:3,False,recorded_during_training
3,0.4171052366407366,0.4244408185994395,0.010644384111945,0.9998561743777344,0.0009677361813373,2.3175158500671387,0.0004175747843577,0.0255196606920408,True,True,frozen,1200,train,8:3|68:2,4142,18148,mp-aaaaatio,mp-aaacrsyy,8:3|68:2,False,recorded_during_training
4,0.2721211942498485,0.2731937647850486,0.0043690199664183,0.9998957337010256,0.0001377113512717,0.6183542609214783,0.0002227062381142,0.0160554196392616,True,True,frozen,1200,train,8:16|11:2|41:6,4399,9528,mp-aaaaavmx,mp-aaabjmwk,8:8|11:1|41:3,False,recorded_during_training
5,0.2394487393903546,0.1703086967963543,0.077008988368874,0.9618982023431608,0.062875285744667,0.8398832082748413,0.074861939285363,0.3216094958985451,True,False,frozen,1200,train,28:2|83:2,5792,12620,mp-aaaabhvh,mp-aaacewhi,28:1|83:1,False,recorded_during_training
6,0.3213603106123628,0.3027882431975826,0.0285107695427626,0.9735882338000732,0.0460964068770408,0.8843270540237427,0.0521259715704719,0.0887190128999889,True,False,frozen,1200,train,8:8|23:2|83:2,5885,7789,mp-aaaabici,mp-aaabfbmg,8:4|23:1|83:1,False,recorded_during_training
7,0.7221765882568434,0.724782433180148,0.0049574209927909,0.9999799985215208,0.0006752656772732,15.503423690795898,4.355590679458541e-05,0.0068645551149157,True,True,frozen,1200,train,8:12|11:4|17:4,6004,8109,mp-aaaabini,mp-aaabfqcc,8:3|11:1|17:1,False,recorded_during_training
8,0.2874588755028924,0.2898451602686069,0.0050075205632769,0.999899995218304,0.0003275510680396,1.333327293395996,0.0002456644138779,0.0174199546092168,True,True,frozen,1200,train,8:6|37:4|40:2,10121,10417,mp-aaabqvan,mp-aaabraoy,8:3|37:2|40:1,False,recorded_during_training
9,0.3300182820821646,0.3193725479320903,0.0204511789741275,0.9890848482106498,0.0440175533294677,2.026646614074707,0.0217194023979185,0.061969836474198,True,False,frozen,1200,train,8:18|56:8|73:4,10582,16766,mp-aaabruec,mp-aaacpwra,8:9|56:4|73:2,False,recorded_during_training
10,0.1434457298446432,0.1132058639560611,0.034982108275166,0.945554860940954,0.0182331204414367,0.1721307337284088,0.1059260019782715,0.2438699870191526,True,False,frozen,1200,train,59:1|68:3,11977,11981,mp-aaacdnzr,mp-aaacdoad,59:1|68:3,False,recorded_during_training
11,0.1017820875745201,0.0600568751340802,0.047066964200269,0.8193924086342365,0.0322779789566993,0.0980513766407966,0.329194551494643,0.4624287565904832,True,False,frozen,1200,train,62:3|69:1,12147,12167,mp-aaacdsei,mp-aaacdspp,62:3|69:1,False,recorded_during_training
12,0.2569476258940995,0.1852992423219177,0.0852341961896456,0.9446482043867196,0.0631273537874221,0.586344838142395,0.1076625045210879,0.3317181697750918,True,False,frozen,1200,train,48:2|71:1,12799,13366,mp-aaacfkmg,mp-aaacilmc,48:2|71:1,False,recorded_during_training
13,0.3711048242627939,0.3566922640819996,0.0293208350263896,0.9847816700931844,0.0377955697476863,1.2508291006088257,0.0302164138404597,0.0790095765654244,True,False,frozen,1200,train,15:1|20:3|83:1,12895,12903,mp-aaacfrja,mp-aaacfroo,15:1|20:3|83:1,False,recorded_during_training
14,0.3156082618079381,0.2352127926706089,0.0981733322000764,0.9805059244738814,0.0909594297409057,2.3338234424591064,0.0389744262938174,0.3110607169714058,True,False,frozen,1200,train,46:2|51:2|57:2,13082,13180,mp-aaacfzan,mp-aaacgikg,46:1|51:1|57:1,False,recorded_during_training
15,0.2423462098959135,0.2287251507148084,0.028215392514312,0.9658722312874686,0.0386831983923912,0.575656533241272,0.0671984007105468,0.1164259697992818,True,False,frozen,1200,train,19:3|31:1,15832,15834,mp-aaacpkso,mp-aaacpktf,19:3|31:1,False,recorded_during_training
0,0.2116293776424527,0.0303220127889289,0.1852143383379143,0.453293667941518,0.2687273025512695,0.3378577530384063,0.795385928351692,0.8751825498009709,True,False,frozen,1300,train,15:16|48:8,423,3943,mp-aaaaabjd,mp-aaaaarxw,15:2|48:1,False,recorded_during_training
1,0.2833879719401011,0.2850165366359078,0.0062082280034019,0.9998579486559094,0.0003592163266148,1.2531861066818235,0.0002866424425706,0.0219071683279279,True,True,frozen,1300,train,8:3|60:2,1183,2658,mp-aaaaaech,mp-aaaaalty,8:3|60:2,False,recorded_during_training
2,0.1626892907661385,0.1623570675837982,0.0095830845639284,0.9969677832145576,0.0013577321078628,0.2212611436843872,0.0061363332271279,0.0589042125563375,True,True,frozen,1300,train,16:6|19:2|42:6,2704,14113,mp-aaaaamae,mp-aaackvdk,16:3|19:1|42:3,False,recorded_during_training
3,0.4171052366407366,0.4190791703344771,0.0065655626319554,0.9999181411796632,0.0003796921519096,2.3175158500671387,0.0001638358382311,0.0157407820741663,True,True,frozen,1300,train,8:3|68:2,4142,18148,mp-aaaaatio,mp-aaacrsyy,8:3|68:2,False,recorded_during_training
4,0.2721211942498485,0.2743964979578095,0.006612366901777,0.9997343425587528,0.0003949810925405,0.6183542609214783,0.0006387618190775,0.024299345444243,True,True,frozen,1300,train,8:16|11:2|41:6,4399,9528,mp-aaaaavmx,mp-aaabjmwk,8:8|11:1|41:3,False,recorded_during_training
5,0.2394487393903546,0.171094570786952,0.0790527282254096,0.962602365850284,0.0616472996771335,0.8398832082748413,0.0733998478237943,0.3301446832699175,True,False,frozen,1300,train,28:2|83:2,5792,12620,mp-aaaabhvh,mp-aaacewhi,28:1|83:1,False,recorded_during_training
6,0.3213603106123628,0.3011178066258129,0.0286000238927375,0.9735228068177484,0.046250857412815,0.8843270540237427,0.0523006247545756,0.0889967520825431,True,False,frozen,1300,train,8:8|23:2|83:2,5885,7789,mp-aaaabici,mp-aaabfbmg,8:4|23:1|83:1,False,recorded_during_training
7,0.7221765882568434,0.723583411010936,0.0050000760448662,0.9999824300269728,0.0005515981465578,15.503423690795898,3.557911836501519e-05,0.0069236196882749,True,True,frozen,1300,train,8:12|11:4|17:4,6004,8109,mp-aaaabini,mp-aaabfqcc,8:3|11:1|17:1,False,recorded_during_training
8,0.2874588755028924,0.292261713216881,0.0066388113595294,0.999842019011364,0.000697434763424,1.333327293395996,0.0005230784420888,0.0230948212954471,True,True,frozen,1300,train,8:6|37:4|40:2,10121,10417,mp-aaabqvan,mp-aaabraoy,8:3|37:2|40:1,False,recorded_during_training
9,0.3300182820821646,0.3234434908647614,0.021466581833252,0.989340543787428,0.0430981181561946,2.026646614074707,0.0212657292380851,0.0650466443792573,True,False,frozen,1300,train,8:18|56:8|73:4,10582,16766,mp-aaabruec,mp-aaacpwra,8:9|56:4|73:2,False,recorded_during_training
10,0.1434457298446432,0.1123852965038558,0.0383748245943245,0.9438675201194044,0.0188021678477525,0.1721307337284088,0.1092319043815789,0.2675215542204414,True,False,frozen,1300,train,59:1|68:3,11977,11981,mp-aaacdnzr,mp-aaacdoad,59:1|68:3,False,recorded_during_training
11,0.1017820875745201,0.0645897239969031,0.0441270006483023,0.8370064681936387,0.0293650198727846,0.0980513766407966,0.2994860539323278,0.4335438749573159,True,False,frozen,1300,train,62:3|69:1,12147,12167,mp-aaacdsei,mp-aaacdspp,62:3|69:1,False,recorded_during_training
12,0.2569476258940995,0.2039497933135408,0.0770385573346459,0.960124770449652,0.0471954271197319,0.586344838142395,0.0804909057769694,0.2998220242999919,True,False,frozen,1300,train,48:2|71:1,12799,13366,mp-aaacfkmg,mp-aaacilmc,48:2|71:1,False,recorded_during_training
13,0.3711048242627939,0.3532436431365866,0.0329000535308239,0.9846155253471292,0.0385133437812328,1.2508291006088257,0.0307902524513436,0.0886543407140568,True,False,frozen,1300,train,15:1|20:3|83:1,12895,12903,mp-aaacfrja,mp-aaacfroo,15:1|20:3|83:1,False,recorded_during_training
14,0.3156082618079381,0.2322579215398263,0.0983800896902948,0.9840573676750436,0.0791697204113006,2.3338234424591064,0.0339227548112555,0.3117158249493595,True,False,frozen,1300,train,46:2|51:2|57:2,13082,13180,mp-aaacfzan,mp-aaacgikg,46:1|51:1|57:1,False,recorded_during_training
15,0.2423462098959135,0.2279620800053692,0.0294698510205364,0.965623218481715,0.0389169231057167,0.575656533241272,0.0676044148871071,0.1216022773089523,True,False,frozen,1300,train,19:3|31:1,15832,15834,mp-aaacpkso,mp-aaacpktf,19:3|31:1,False,recorded_during_training
0,0.2116293776424527,0.0356194840175589,0.1846724798153332,0.4775704238423677,0.260806143283844,0.3378577530384063,0.7719406789939687,0.8726221372126174,True,False,frozen,1400,train,15:16|48:8,423,3943,mp-aaaaabjd,mp-aaaaarxw,15:2|48:1,False,recorded_during_training
1,0.2833879719401011,0.2889864832672515,0.0080061852171979,0.9999161786667796,0.0006908983341418,1.2531861066818235,0.0005513134325843,0.0282516761822559,True,True,frozen,1400,train,8:3|60:2,1183,2658,mp-aaaaaech,mp-aaaaalty,8:3|60:2,False,recorded_during_training
2,0.1626892907661385,0.1623888117173919,0.0050265546451555,0.9983832820053968,0.0007217081147246,0.2212611436843872,0.003261793294145,0.0308966535011889,True,True,frozen,1400,train,16:6|19:2|42:6,2704,14113,mp-aaaaamae,mp-aaackvdk,16:3|19:1|42:3,False,recorded_during_training
3,0.4171052366407366,0.420951423157188,0.0076983247176336,0.9998955008228922,0.0005362955853343,2.3175158500671387,0.0002314096731285,0.0184565525468682,True,True,frozen,1400,train,8:3|68:2,4142,18148,mp-aaaaatio,mp-aaacrsyy,8:3|68:2,False,recorded_during_training
4,0.2721211942498485,0.2781918824998399,0.0077809463141136,0.9998059596510556,0.000603824853897,0.6183542609214783,0.0009765031019552,0.0285936798696008,True,True,frozen,1400,train,8:16|11:2|41:6,4399,9528,mp-aaaaavmx,mp-aaabjmwk,8:8|11:1|41:3,False,recorded_during_training
5,0.2394487393903546,0.1977902122942367,0.0608957794462838,0.9740608896589183,0.0430067256093025,0.8398832082748413,0.0512056023808837,0.2543165589483862,True,False,frozen,1400,train,28:2|83:2,5792,12620,mp-aaaabhvh,mp-aaacewhi,28:1|83:1,False,recorded_during_training
6,0.3213603106123628,0.2871619260356013,0.0509945028363247,0.9671034627215878,0.0585953518748283,0.8843270540237427,0.0662598205134807,0.1586832634657125,True,False,frozen,1400,train,8:8|23:2|83:2,5885,7789,mp-aaaabici,mp-aaabfbmg,8:4|23:1|83:1,False,recorded_during_training
7,0.7221765882568434,0.72183256126532,0.0043517698509742,0.9999901988301096,0.0005808902205899,15.503423690795898,3.746851225737962e-05,0.0060259082359321,True,True,frozen,1400,train,8:12|11:4|17:4,6004,8109,mp-aaaabini,mp-aaabfqcc,8:3|11:1|17:1,False,recorded_during_training
8,0.2874588755028924,0.2897102621489313,0.0037990309292599,0.9999621695851402,0.0001669774792389,1.333327293395996,0.0001252336767319,0.0132159110502806,True,True,frozen,1400,train,8:6|37:4|40:2,10121,10417,mp-aaabqvan,mp-aaabraoy,8:3|37:2|40:1,False,recorded_during_training
9,0.3300182820821646,0.3293931970652082,0.0230098797651479,0.9892396000252284,0.0438713878393173,2.026646614074707,0.0216472805543098,0.0697230457051441,True,False,frozen,1400,train,8:18|56:8|73:4,10582,16766,mp-aaabruec,mp-aaacpwra,8:9|56:4|73:2,False,recorded_during_training
10,0.1434457298446432,0.11412218468719,0.0325376579473442,0.9492409896463154,0.0170330516993999,0.1721307337284088,0.0989541572876522,0.2268290452604175,True,False,frozen,1400,train,59:1|68:3,11977,11981,mp-aaacdnzr,mp-aaacdoad,59:1|68:3,False,recorded_during_training
11,0.1017820875745201,0.0700108934308332,0.0360219620549173,0.8540367224512909,0.0265397112816572,0.0980513766407966,0.2706714805125411,0.3539125882886196,True,False,frozen,1400,train,62:3|69:1,12147,12167,mp-aaacdsei,mp-aaacdspp,62:3|69:1,False,recorded_during_training
12,0.2569476258940995,0.2065144785277652,0.0597793514811542,0.9675874649471886,0.0374305248260498,0.586344838142395,0.0638370501301483,0.2326518926693339,True,False,frozen,1400,train,48:2|71:1,12799,13366,mp-aaacfkmg,mp-aaacilmc,48:2|71:1,False,recorded_during_training
13,0.3711048242627939,0.3588039554201856,0.0218710902129046,0.9857578860103204,0.0353752225637435,1.2508291006088257,0.0282814195372694,0.0589350738200506,True,False,frozen,1400,train,15:1|20:3|83:1,12895,12903,mp-aaacfrja,mp-aaacfroo,15:1|20:3|83:1,False,recorded_during_training
14,0.3156082618079381,0.2701774194265454,0.0616291797941812,0.9893093447001998,0.0499015823006629,2.3338234424591064,0.0213819012153218,0.1952711232625633,True,False,frozen,1400,train,46:2|51:2|57:2,13082,13180,mp-aaacfzan,mp-aaacgikg,46:1|51:1|57:1,False,recorded_during_training
15,0.2423462098959135,0.2308386954232162,0.0272219793973533,0.9663242443638848,0.0381208360195159,0.575656533241272,0.0662214946208881,0.1123268212407575,True,False,frozen,1400,train,19:3|31:1,15832,15834,mp-aaacpkso,mp-aaacpktf,19:3|31:1,False,recorded_during_training
0,0.2116293776424527,0.0366309494504548,0.1846878914604985,0.4791221283773288,0.2603000998497009,0.3378577530384063,0.7704428787227239,0.8726949609639182,True,False,frozen,1500,train,15:16|48:8,423,3943,mp-aaaaabjd,mp-aaaaarxw,15:2|48:1,False,recorded_during_training
1,0.2833879719401011,0.2838750173110327,0.0045223316834324,0.9999329929905124,0.0001688076736172,1.2531861066818235,0.0001347027969087,0.0159580932545305,True,True,frozen,1500,train,8:3|60:2,1183,2658,mp-aaaaaech,mp-aaaaalty,8:3|60:2,False,recorded_during_training
2,0.1626892907661385,0.1614800453426141,0.0043567882275965,0.9984724151989508,0.0006772696506232,0.2212611436843872,0.0030609515947783,0.0267798095810701,True,True,frozen,1500,train,16:6|19:2|42:6,2704,14113,mp-aaaaamae,mp-aaackvdk,16:3|19:1|42:3,False,recorded_during_training
3,0.4171052366407366,0.4206269570795236,0.0059904389092686,0.9999412990361431,0.0004905370878987,2.3175158500671387,0.0002116650412054,0.0143619364683938,True,True,frozen,1500,train,8:3|68:2,4142,18148,mp-aaaaatio,mp-aaacrsyy,8:3|68:2,False,recorded_during_training
4,0.2721211942498485,0.2725242189579546,0.0028001467479441,0.999957000597754,5.323607547325082e-05,0.6183542609214783,8.609316509587537e-05,0.0102900722439619,True,True,frozen,1500,train,8:16|11:2|41:6,4399,9528,mp-aaaaavmx,mp-aaabjmwk,8:8|11:1|41:3,False,recorded_during_training
5,0.2394487393903546,0.1996706682025149,0.0505705957625366,0.9793193951461792,0.0344879105687141,0.8398832082748413,0.0410627456638333,0.2111959156322612,True,False,frozen,1500,train,28:2|83:2,5792,12620,mp-aaaabhvh,mp-aaacewhi,28:1|83:1,False,recorded_during_training
6,0.3213603106123628,0.3072825184564856,0.0186376829944485,0.9814266054961563,0.0325537957251071,0.8843270540237427,0.0368119414383913,0.0579962191315219,True,False,frozen,1500,train,8:8|23:2|83:2,5885,7789,mp-aaaabici,mp-aaabfbmg,8:4|23:1|83:1,False,recorded_during_training
7,0.7221765882568434,0.7229946486938257,0.0028123296480639,0.9999936536985904,0.0002177428395953,15.503423690795898,1.4044822868678544e-05,0.0038942409568444,True,True,frozen,1500,train,8:12|11:4|17:4,6004,8109,mp-aaaabini,mp-aaabfqcc,8:3|11:1|17:1,False,recorded_during_training
8,0.2874588755028924,0.2882827661321725,0.0025434791349736,0.9999773638950376,7.046416430966929e-05,1.333327293395996,5.284836263285097e-05,0.0088481496023526,True,True,frozen,1500,train,8:6|37:4|40:2,10121,10417,mp-aaabqvan,mp-aaabraoy,8:3|37:2|40:1,False,recorded_during_training
9,0.3300182820821646,0.3219519764132172,0.0186307433867085,0.9894896418169684,0.0424191579222679,2.026646614074707,0.0209307126499875,0.0564536705941341,True,False,frozen,1500,train,8:18|56:8|73:4,10582,16766,mp-aaabruec,mp-aaacpwra,8:9|56:4|73:2,False,recorded_during_training
10,0.1434457298446432,0.1195607083083842,0.0301162866053203,0.9653064829421724,0.0117372116073966,0.1721307337284088,0.0681877742176815,0.2099489935178788,True,False,frozen,1500,train,59:1|68:3,11977,11981,mp-aaacdnzr,mp-aaacdoad,59:1|68:3,False,recorded_during_training
11,0.1017820875745201,0.0796280151644168,0.0300061343239121,0.9131438876237548,0.0163135565817356,0.0980513766407966,0.1663776393624641,0.2948076133921216,True,False,frozen,1500,train,62:3|69:1,12147,12167,mp-aaacdsei,mp-aaacdspp,62:3|69:1,False,recorded_during_training
12,0.2569476258940995,0.2030289660897892,0.0662339170868904,0.9725680344396874,0.0371407978236675,0.586344838142395,0.0633429262229606,0.2577720531817196,True,False,frozen,1500,train,48:2|71:1,12799,13366,mp-aaacfkmg,mp-aaacilmc,48:2|71:1,False,recorded_during_training
13,0.3711048242627939,0.3563855435201049,0.0286497658749667,0.9858506906619228,0.0356276407837867,1.2508291006088257,0.0284832202628204,0.0772012757632023,True,False,frozen,1500,train,15:1|20:3|83:1,12895,12903,mp-aaacfrja,mp-aaacfroo,15:1|20:3|83:1,False,recorded_during_training
14,0.3156082618079381,0.2844055933929894,0.0471144640638385,0.9957005416804908,0.0208280496299266,2.3338234424591064,0.0089244324360631,0.1492814661883276,True,False,frozen,1500,train,46:2|51:2|57:2,13082,13180,mp-aaacfzan,mp-aaacgikg,46:1|51:1|57:1,False,recorded_during_training
15,0.2423462098959135,0.231238001688439,0.0272069344865713,0.9663042751209696,0.0381410792469978,0.575656533241272,0.0662566600820839,0.1122647410011344,True,False,frozen,1500,train,19:3|31:1,15832,15834,mp-aaacpkso,mp-aaacpktf,19:3|31:1,False,recorded_during_training
0,0.2116293776424527,0.0382506617111175,0.1847781693403476,0.4842440483638373,0.2586327195167541,0.3378577530384063,0.7655077238596143,0.8731215457833547,True,False,frozen,1600,train,15:16|48:8,423,3943,mp-aaaaabjd,mp-aaaaarxw,15:2|48:1,False,recorded_during_training
1,0.2833879719401011,0.2919139139584956,0.0131353575570472,0.9993788471618986,0.0028100397903472,1.2531861066818235,0.0022423164248027,0.0463511470410027,True,True,frozen,1600,train,8:3|60:2,1183,2658,mp-aaaaaech,mp-aaaaalty,8:3|60:2,False,recorded_during_training
2,0.1626892907661385,0.1607860752264969,0.0065890369587577,0.9980590986437254,0.0008589880890212,0.2212611436843872,0.0038822365044202,0.0405007417988523,True,True,frozen,1600,train,16:6|19:2|42:6,2704,14113,mp-aaaaamae,mp-aaackvdk,16:3|19:1|42:3,False,recorded_during_training
3,0.4171052366407366,0.4264266967527703,0.0177454145714648,0.999334050155776,0.0036156449932605,2.3175158500671387,0.0015601381941598,0.0425442142956105,True,True,frozen,1600,train,8:3|68:2,4142,18148,mp-aaaaatio,mp-aaacrsyy,8:3|68:2,False,recorded_during_training
4,0.2721211942498485,0.2761877287887841,0.0115726130264306,0.999158648716264,0.001125119626522,0.6183542609214783,0.0018195388915819,0.0425274226005536,True,True,frozen,1600,train,8:16|11:2|41:6,4399,9528,mp-aaaaavmx,mp-aaabjmwk,8:8|11:1|41:3,False,recorded_during_training
5,0.2394487393903546,0.1838248275902287,0.0637412704189728,0.9752073565641975,0.0526785254478454,0.8398832082748413,0.0627212509177907,0.2662000667920009,True,False,frozen,1600,train,28:2|83:2,5792,12620,mp-aaaabhvh,mp-aaacewhi,28:1|83:1,False,recorded_during_training
6,0.3213603106123628,0.3294739761617684,0.0222704114489324,0.9976482091998092,0.00532555161044,0.8843270540237427,0.006022151630676,0.0693004416335529,True,True,frozen,1600,train,8:8|23:2|83:2,5885,7789,mp-aaaabici,mp-aaabfbmg,8:4|23:1|83:1,False,recorded_during_training
7,0.7221765882568434,0.7328698391292967,0.0185501314453979,0.9998072176485844,0.0138256773352622,15.503423690795898,0.0008917822031446,0.0256864203950081,True,True,frozen,1600,train,8:12|11:4|17:4,6004,8109,mp-aaaabini,mp-aaabfqcc,8:3|11:1|17:1,False,recorded_during_training
8,0.2874588755028924,0.2908992918304136,0.0083824762728568,0.9995378922230984,0.0012638317421078,1.333327293395996,0.0009478781004241,0.0291606103940682,True,True,frozen,1600,train,8:6|37:4|40:2,10121,10417,mp-aaabqvan,mp-aaabraoy,8:3|37:2|40:1,False,recorded_during_training
9,0.3300182820821646,0.3184807951624293,0.0244929238983218,0.9889283810436976,0.0463951863348484,2.026646614074707,0.0228925881861405,0.074216869876996,True,False,frozen,1600,train,8:18|56:8|73:4,10582,16766,mp-aaabruec,mp-aaacpwra,8:9|56:4|73:2,False,recorded_during_training
10,0.1434457298446432,0.1237823199737135,0.0342972456558641,0.9639396625914486,0.0124903498217463,0.1721307337284088,0.0725631591244702,0.2390956195978036,True,False,frozen,1600,train,59:1|68:3,11977,11981,mp-aaacdnzr,mp-aaacdoad,59:1|68:3,False,recorded_during_training
11,0.1017820875745201,0.0819602779153569,0.033805278140278,0.9107444225678528,0.0170402433723211,0.0980513766407966,0.1737889253176596,0.3321338650627238,True,False,frozen,1600,train,62:3|69:1,12147,12167,mp-aaacdsei,mp-aaacdspp,62:3|69:1,False,recorded_during_training
12,0.2569476258940995,0.2181807295546605,0.0516034924986001,0.973501766150174,0.0306709390133619,0.586344838142395,0.0523087047385474,0.2008327273662706,True,False,frozen,1600,train,48:2|71:1,12799,13366,mp-aaacfkmg,mp-aaacilmc,48:2|71:1,False,recorded_during_training
13,0.3711048242627939,0.3620406631564634,0.0223724698161973,0.9863488189223958,0.0340248681604862,1.2508291006088257,0.0272018520706985,0.060286119590713,True,False,frozen,1600,train,15:1|20:3|83:1,12895,12903,mp-aaacfrja,mp-aaacfroo,15:1|20:3|83:1,False,recorded_during_training
14,0.3156082618079381,0.2921953875472809,0.0313024418344412,0.9971001032874272,0.0136564597487449,2.3338234424591064,0.0058515393668149,0.0991813131098898,True,True,frozen,1600,train,46:2|51:2|57:2,13082,13180,mp-aaacfzan,mp-aaacgikg,46:1|51:1|57:1,False,recorded_during_training
15,0.2423462098959135,0.2333287645058419,0.0284696727074162,0.9661758997188782,0.0384232625365257,0.575656533241272,0.0667468539272559,0.1174752133307299,True,False,frozen,1600,train,19:3|31:1,15832,15834,mp-aaacpkso,mp-aaacpktf,19:3|31:1,False,recorded_during_training
0,0.2116293776424527,0.0386366928763095,0.1846797717282129,0.4862703718879171,0.2579683661460876,0.3378577530384063,0.7635413537979778,0.8726565932648015,True,False,frozen,1700,train,15:16|48:8,423,3943,mp-aaaaabjd,mp-aaaaarxw,15:2|48:1,False,recorded_during_training
1,0.2833879719401011,0.283848907992251,0.001899465563838,0.9999861145867012,3.51355665770825e-05,1.2531861066818235,2.8036990188244408e-05,0.0067027035439581,True,True,frozen,1700,train,8:3|60:2,1183,2658,mp-aaaaaech,mp-aaaaalty,8:3|60:2,False,recorded_during_training
2,0.1626892907661385,0.1616285702984896,0.0028042732228641,0.9986172233149072,0.0006114909774623,0.2212611436843872,0.0027636618309025,0.0172369872021582,True,True,frozen,1700,train,16:6|19:2|42:6,2704,14113,mp-aaaaamae,mp-aaackvdk,16:3|19:1|42:3,False,recorded_during_training
3,0.4171052366407366,0.4175623527721335,0.0013233502824867,0.9999964097186492,1.708903982944321e-05,2.3175158500671387,7.373861037001381e-06,0.0031727011944148,True,True,frozen,1700,train,8:3|68:2,4142,18148,mp-aaaaatio,mp-aaacrsyy,8:3|68:2,False,recorded_during_training
4,0.2721211942498485,0.2725409737420534,0.0011383374992703,0.9999915353247808,1.0468854270584416e-05,0.6183542609214783,1.6930188618711245e-05,0.0041832004390853,True,True,frozen,1700,train,8:16|11:2|41:6,4399,9528,mp-aaaaavmx,mp-aaabjmwk,8:8|11:1|41:3,False,recorded_during_training
5,0.2394487393903546,0.2069671045249208,0.0479998880905725,0.9801490343258542,0.033014066517353,0.8398832082748413,0.0393079254259237,0.2004599740753784,True,False,frozen,1700,train,28:2|83:2,5792,12620,mp-aaaabhvh,mp-aaacewhi,28:1|83:1,False,recorded_during_training
6,0.3213603106123628,0.3195225795341692,0.0042995543106378,0.9993628861519168,0.0011264764470979,0.8843270540237427,0.001273823346207,0.0133792324959013,True,True,frozen,1700,train,8:8|23:2|83:2,5885,7789,mp-aaaabici,mp-aaabfbmg,8:4|23:1|83:1,False,recorded_during_training
7,0.7221765882568434,0.7233974023063974,0.0019858269050354,0.9999961835912856,0.0001185699366033,15.503423690795898,7.647984017472253e-06,0.0027497802301079,True,True,frozen,1700,train,8:12|11:4|17:4,6004,8109,mp-aaaabini,mp-aaabfqcc,8:3|11:1|17:1,False,recorded_during_training
8,0.2874588755028924,0.2876876687095482,0.0010282400172734,0.9999951757454192,1.288918974751141e-05,1.333327293395996,9.66693610139978e-06,0.0035769986766787,True,True,frozen,1700,train,8:6|37:4|40:2,10121,10417,mp-aaabqvan,mp-aaabraoy,8:3|37:2|40:1,False,recorded_during_training
9,0.3300182820821646,0.3216094395312225,0.0182326023196779,0.9895256361939168,0.0422333329916,2.026646614074707,0.020839021809869,0.0552472493482605,True,False,frozen,1700,train,8:18|56:8|73:4,10582,16766,mp-aaabruec,mp-aaacpwra,8:9|56:4|73:2,False,recorded_during_training
10,0.1434457298446432,0.1225405482884802,0.0281907883284695,0.9697441259636536,0.0102583626285195,0.1721307337284088,0.0595963452099459,0.1965258105556796,True,False,frozen,1700,train,59:1|68:3,11977,11981,mp-aaacdnzr,mp-aaacdoad,59:1|68:3,False,recorded_during_training
11,0.1017820875745201,0.0836229922376787,0.0265491029836084,0.925687923920858,0.0140318339690566,0.0980513766407966,0.1431069552491966,0.2608425865127834,True,False,frozen,1700,train,62:3|69:1,12147,12167,mp-aaacdsei,mp-aaacdspp,62:3|69:1,False,recorded_during_training
12,0.2569476258940995,0.2291878693730495,0.0470045130565495,0.9795409046419992,0.0237527005374431,0.586344838142395,0.0405097802390387,0.1829342181815773,True,False,frozen,1700,train,48:2|71:1,12799,13366,mp-aaacfkmg,mp-aaacilmc,48:2|71:1,False,recorded_during_training
13,0.3711048242627939,0.3610029528877874,0.0173302340829692,0.9867552208636964,0.0329148583114147,1.2508291006088257,0.0263144327993279,0.0466990266628737,True,False,frozen,1700,train,15:1|20:3|83:1,12895,12903,mp-aaacfrja,mp-aaacfroo,15:1|20:3|83:1,False,recorded_during_training
14,0.3156082618079381,0.3002738912302902,0.022663122932272,0.99798462035117,0.0093979034572839,2.3338234424591064,0.0040268270882486,0.07180776194656,True,True,frozen,1700,train,46:2|51:2|57:2,13082,13180,mp-aaacfzan,mp-aaacgikg,46:1|51:1|57:1,False,recorded_during_training
15,0.2423462098959135,0.2313013355127395,0.0271895489098596,0.966348743753794,0.0380914956331253,0.575656533241272,0.0661705260576973,0.1121930024056801,True,False,frozen,1700,train,19:3|31:1,15832,15834,mp-aaacpkso,mp-aaacpktf,19:3|31:1,False,recorded_during_training
0,0.2116293776424527,0.038824938391599,0.1846278188322685,0.4864677449974654,0.2579077482223511,0.3378577530384063,0.7633619353202562,0.8724111032646742,True,False,frozen,1800,train,15:16|48:8,423,3943,mp-aaaaabjd,mp-aaaaarxw,15:2|48:1,False,recorded_during_training
1,0.2833879719401011,0.2847343623346035,0.0021827619296175,0.9999885027777288,4.0452989196637645e-05,1.2531861066818235,3.2280113050206684e-05,0.0077023802904341,True,True,frozen,1800,train,8:3|60:2,1183,2658,mp-aaaaaech,mp-aaaaalty,8:3|60:2,False,recorded_during_training
2,0.1626892907661385,0.1617041969748243,0.002584902658782,0.9986582112270702,0.0005934078944846,0.2212611436843872,0.002681934498771,0.0158885852080934,True,True,frozen,1800,train,16:6|19:2|42:6,2704,14113,mp-aaaaamae,mp-aaackvdk,16:3|19:1|42:3,False,recorded_during_training
3,0.4171052366407366,0.4173889543270448,0.0013233815035178,0.999997022677595,1.3803315596305764e-05,2.3175158500671387,5.956082499244129e-06,0.0031727760461029,True,True,frozen,1800,train,8:3|68:2,4142,18148,mp-aaaaatio,mp-aaacrsyy,8:3|68:2,False,recorded_during_training
4,0.2721211942498485,0.2727741679082101,0.0009913341546052,0.9999942529602408,8.383229214814492e-06,0.6183542609214783,1.3557324246980544e-05,0.0036429876670873,True,True,frozen,1800,train,8:16|11:2|41:6,4399,9528,mp-aaaaavmx,mp-aaabjmwk,8:8|11:1|41:3,False,recorded_during_training
5,0.2394487393903546,0.2085288004307415,0.047180945660358,0.9805305340375652,0.0323874801397323,0.8398832082748413,0.0385618855343682,0.197039858219686,True,False,frozen,1800,train,28:2|83:2,5792,12620,mp-aaaabhvh,mp-aaacewhi,28:1|83:1,False,recorded_during_training
6,0.3213603106123628,0.3199531741920953,0.0040464506674187,0.9994201479667632,0.0010273351799696,0.8843270540237427,0.0011617140686754,0.0125916316788095,True,True,frozen,1800,train,8:8|23:2|83:2,5885,7789,mp-aaaabici,mp-aaabfbmg,8:4|23:1|83:1,False,recorded_during_training
7,0.7221765882568434,0.7238795129722098,0.002304784311284,0.9999971032256774,0.0001181514380732,15.503423690795898,7.620990074818086e-06,0.0031914414684186,True,True,frozen,1800,train,8:12|11:4|17:4,6004,8109,mp-aaaabini,mp-aaabfqcc,8:3|11:1|17:1,False,recorded_during_training
8,0.2874588755028924,0.2880826277480048,0.0010334412290058,0.9999964633371652,1.2426450666680466e-05,1.333327293395996,9.319880218629731e-06,0.0035950924360846,True,True,frozen,1800,train,8:6|37:4|40:2,10121,10417,mp-aaabqvan,mp-aaabraoy,8:3|37:2|40:1,False,recorded_during_training
9,0.3300182820821646,0.3223190471158901,0.0181172922435521,0.9895417634042056,0.0421813875436782,2.026646614074707,0.0208133905786711,0.0548978442322826,True,False,frozen,1800,train,8:18|56:8|73:4,10582,16766,mp-aaabruec,mp-aaacpwra,8:9|56:4|73:2,False,recorded_during_training
10,0.1434457298446432,0.1236256053106821,0.0251868383751663,0.9725300973707328,0.0093296961858868,0.1721307337284088,0.0542012224301991,0.1755844416034173,True,False,frozen,1800,train,59:1|68:3,11977,11981,mp-aaacdnzr,mp-aaacdoad,59:1|68:3,False,recorded_during_training
11,0.1017820875745201,0.0854233547963758,0.0253720386061786,0.9377360069634914,0.0118391877040266,0.0980513766407966,0.1207447371942426,0.2492780332060139,True,False,frozen,1800,train,62:3|69:1,12147,12167,mp-aaacdsei,mp-aaacdspp,62:3|69:1,False,recorded_during_training
12,0.2569476258940995,0.2333705570853368,0.0431901078491847,0.9840756682977894,0.0185258518904447,0.586344838142395,0.0315954890114436,0.168089149292181,True,False,frozen,1800,train,48:2|71:1,12799,13366,mp-aaacfkmg,mp-aaacilmc,48:2|71:1,False,recorded_during_training
13,0.3711048242627939,0.3611122019088668,0.0170140418406887,0.9867801842129726,0.0328545197844505,1.2508291006088257,0.0262661939736283,0.0458469972048664,True,False,frozen,1800,train,15:1|20:3|83:1,12895,12903,mp-aaacfrja,mp-aaacfroo,15:1|20:3|83:1,False,recorded_during_training
14,0.3156082618079381,0.3022011980688148,0.0193552912114682,0.9982490631066664,0.0082311267033219,2.3338234424591064,0.003526884919216,0.0613269472116888,True,True,frozen,1800,train,46:2|51:2|57:2,13082,13180,mp-aaacfzan,mp-aaacgikg,46:1|51:1|57:1,False,recorded_during_training
15,0.2423462098959135,0.2311201884188847,0.0271441184489447,0.966366571436974,0.038072645664215,0.575656533241272,0.0661377808914016,0.1120055414136782,True,False,frozen,1800,train,19:3|31:1,15832,15834,mp-aaacpkso,mp-aaacpktf,19:3|31:1,False,recorded_during_training
0,0.2116293776424527,0.0363544617378011,0.1846830582727534,0.4833378752838155,0.2590778470039367,0.3378577530384063,0.7668252235563936,0.8726721229827316,True,False,frozen,1900,train,15:16|48:8,423,3943,mp-aaaaabjd,mp-aaaaarxw,15:2|48:1,False,recorded_during_training
1,0.2833879719401011,0.2838846835738593,0.0039392417956776,0.9999459942318336,0.000135481765028,1.2531861066818235,0.0001081098524039,0.0139005257305353,True,True,frozen,1900,train,8:3|60:2,1183,2658,mp-aaaaaech,mp-aaaaalty,8:3|60:2,False,recorded_during_training
2,0.1626892907661385,0.1618663689350796,0.0054559875625272,0.9983897625222112,0.0007178283995017,0.2212611436843872,0.0032442587412712,0.0335362428395494,True,True,frozen,1900,train,16:6|19:2|42:6,2704,14113,mp-aaaaamae,mp-aaackvdk,16:3|19:1|42:3,False,recorded_during_training
3,0.4171052366407366,0.417470921916319,0.0046772996980593,0.9999553083153876,0.0002104428858729,2.3175158500671387,9.080537070191404e-05,0.011213716077336,True,True,frozen,1900,train,8:3|68:2,4142,18148,mp-aaaaatio,mp-aaacrsyy,8:3|68:2,False,recorded_during_training
4,0.2721211942498485,0.2732416188298998,0.0038440741207637,0.9999191031977496,0.0001032619766192,0.6183542609214783,0.0001669948493042,0.014126331215621,True,True,frozen,1900,train,8:16|11:2|41:6,4399,9528,mp-aaaaavmx,mp-aaabjmwk,8:8|11:1|41:3,False,recorded_during_training
5,0.2394487393903546,0.2081306356825791,0.048064349117709,0.9800484049569164,0.033182431012392,0.8398832082748413,0.0395083872203496,0.2007291800327815,True,False,frozen,1900,train,28:2|83:2,5792,12620,mp-aaaabhvh,mp-aaacewhi,28:1|83:1,False,recorded_during_training
6,0.3213603106123628,0.3199927023406808,0.0068795046927725,0.9993089158338684,0.0012219409691169,0.8843270540237427,0.001381774948032,0.0214074497241536,True,True,frozen,1900,train,8:8|23:2|83:2,5885,7789,mp-aaaabici,mp-aaabfbmg,8:4|23:1|83:1,False,recorded_during_training
7,0.7221765882568434,0.7225259437022764,0.0035346683101629,0.9999937743242374,0.000249807984801,15.503423690795898,1.6113085069675015e-05,0.0048944653809599,True,True,frozen,1900,train,8:12|11:4|17:4,6004,8109,mp-aaaabini,mp-aaabfqcc,8:3|11:1|17:1,False,recorded_during_training
8,0.2874588755028924,0.2871842286380843,0.0033169255314522,0.9999555592818992,0.0001200237165903,1.333327293395996,9.00181952209692e-05,0.0115387828107567,True,True,frozen,1900,train,8:6|37:4|40:2,10121,10417,mp-aaabqvan,mp-aaabraoy,8:3|37:2|40:1,False,recorded_during_training
9,0.3300182820821646,0.3216745437270774,0.0187059025951938,0.9894859663746352,0.0423935912549495,2.026646614074707,0.020918097393267,0.0566814131543678,True,False,frozen,1900,train,8:18|56:8|73:4,10582,16766,mp-aaabruec,mp-aaacpwra,8:9|56:4|73:2,False,recorded_during_training
10,0.1434457298446432,0.1287503716253581,0.021265951125045,0.9855042550890089,0.0049542654305696,0.1721307337284088,0.0287819921710586,0.1482508482342193,True,False,frozen,1900,train,59:1|68:3,11977,11981,mp-aaacdnzr,mp-aaacdoad,59:1|68:3,False,recorded_during_training
11,0.1017820875745201,0.0860423858194963,0.0237658362827914,0.9402956218834788,0.0113602327182888,0.0980513766407966,0.11586000225072,0.2334972375703264,True,False,frozen,1900,train,62:3|69:1,12147,12167,mp-aaacdsei,mp-aaacdspp,62:3|69:1,False,recorded_during_training
12,0.2569476258940995,0.232893951385364,0.043551970881964,0.9839118470955716,0.0187188256531953,0.586344838142395,0.0319246021035994,0.1694974636578815,True,False,frozen,1900,train,48:2|71:1,12799,13366,mp-aaacfkmg,mp-aaacilmc,48:2|71:1,False,recorded_during_training
13,0.3711048242627939,0.3636439250852277,0.019252166048794,0.9866404929092292,0.0332803539931774,1.2508291006088257,0.0266066355323669,0.0518779729879255,True,False,frozen,1900,train,15:1|20:3|83:1,12895,12903,mp-aaacfrja,mp-aaacfroo,15:1|20:3|83:1,False,recorded_during_training
14,0.3156082618079381,0.2920328508316743,0.045005248635789,0.9961228514384012,0.0182923395186662,2.3338234424591064,0.0078379277480356,0.1425984490329241,True,False,frozen,1900,train,46:2|51:2|57:2,13082,13180,mp-aaacfzan,mp-aaacgikg,46:1|51:1|57:1,False,recorded_during_training
15,0.2423462098959135,0.2309089633061205,0.0271984338621962,0.96625535915914,0.0382042750716209,0.575656533241272,0.0663664405170723,0.1122296646350599,True,False,frozen,1900,train,19:3|31:1,15832,15834,mp-aaacpkso,mp-aaacpktf,19:3|31:1,False,recorded_during_training
0,0.2116293776424527,0.0461267995411276,0.1771946832743083,0.5145674252834238,0.2484311312437057,0.3378577530384063,0.7353128025316177,0.8372877397658763,True,False,frozen,2000,train,15:16|48:8,423,3943,mp-aaaaabjd,mp-aaaaarxw,15:2|48:1,False,recorded_during_training
1,0.2833879719401011,0.2825238301985848,0.004995590078721,0.999924041721613,0.0002906580048147,1.2531861066818235,0.0002319352275492,0.0176280949559037,True,True,frozen,2000,train,8:3|60:2,1183,2658,mp-aaaaaech,mp-aaaaalty,8:3|60:2,False,recorded_during_training
2,0.1626892907661385,0.1618516606467892,0.0066682996766758,0.9981068366077984,0.0008369754068553,0.2212611436843872,0.0037827491665198,0.0409879448442695,True,True,frozen,2000,train,16:6|19:2|42:6,2704,14113,mp-aaaaamae,mp-aaackvdk,16:3|19:1|42:3,False,recorded_during_training
3,0.4171052366407366,0.4182160570894524,0.0039929683346002,0.9999740773440092,0.000141535361763,2.3175158500671387,6.107201457068335e-05,0.0095730477199439,True,True,frozen,2000,train,8:3|68:2,4142,18148,mp-aaaaatio,mp-aaacrsyy,8:3|68:2,False,recorded_during_training
4,0.2721211942498485,0.2708063404419363,0.0049144578164259,0.9998716475741636,0.0002076076052617,0.6183542609214783,0.0003357421762604,0.0180598127609044,True,True,frozen,2000,train,8:16|11:2|41:6,4399,9528,mp-aaaaavmx,mp-aaabjmwk,8:8|11:1|41:3,False,recorded_during_training
5,0.2394487393903546,0.2054097623977497,0.0486223794823956,0.98020285370323,0.033268354833126,0.8398832082748413,0.0396106917073158,0.2030596594753017,True,False,frozen,2000,train,28:2|83:2,5792,12620,mp-aaaabhvh,mp-aaacewhi,28:1|83:1,False,recorded_during_training
6,0.3213603106123628,0.3163923398474892,0.0078759726616866,0.9992967469980988,0.0013613230548799,0.8843270540237427,0.0015393886783015,0.0245082307976323,True,True,frozen,2000,train,8:8|23:2|83:2,5885,7789,mp-aaaabici,mp-aaabfbmg,8:4|23:1|83:1,False,recorded_during_training
7,0.7221765882568434,0.7226503806576474,0.0047600808300884,0.9999870743318388,0.0004511272418312,15.503423690795898,2.909855595955227e-05,0.0065912976237268,True,True,frozen,2000,train,8:12|11:4|17:4,6004,8109,mp-aaaabini,mp-aaabfqcc,8:3|11:1|17:1,False,recorded_during_training
8,0.2874588755028924,0.2865120768427829,0.0044859833029562,0.9999185906033468,0.000233887010836,1.333327293395996,0.0001754160527535,0.0156056524437044,True,True,frozen,2000,train,8:6|37:4|40:2,10121,10417,mp-aaabqvan,mp-aaabraoy,8:3|37:2|40:1,False,recorded_during_training
9,0.3300182820821646,0.3229680621713342,0.0187367611194204,0.9895144209353042,0.0422930791974067,2.026646614074707,0.0208685021373182,0.0567749186536143,True,False,frozen,2000,train,8:18|56:8|73:4,10582,16766,mp-aaabruec,mp-aaacpwra,8:9|56:4|73:2,False,recorded_during_training
10,0.1434457298446432,0.1298291794710913,0.0201463170305835,0.9877267250952192,0.004199409391731,0.1721307337284088,0.0243966274980093,0.1404455681769177,True,False,frozen,2000,train,59:1|68:3,11977,11981,mp-aaacdnzr,mp-aaacdoad,59:1|68:3,False,recorded_during_training
11,0.1017820875745201,0.0847565520389252,0.0239083913311333,0.9403008925608598,0.0113987103104591,0.0980513766407966,0.1162524250140556,0.2348978283003746,True,False,frozen,2000,train,62:3|69:1,12147,12167,mp-aaacdsei,mp-aaacdspp,62:3|69:1,False,recorded_during_training
12,0.2569476258940995,0.2351190958569162,0.0376486532488655,0.987323876092588,0.0147944781929254,0.586344838142395,0.0252317019448759,0.1465226740969476,True,False,frozen,2000,train,48:2|71:1,12799,13366,mp-aaacfkmg,mp-aaacilmc,48:2|71:1,False,recorded_during_training
13,0.3711048242627939,0.3632141314475987,0.0211062411257501,0.9864169616677908,0.0338765420019626,1.2508291006088257,0.0270832697971878,0.0568740683112325,True,False,frozen,2000,train,15:1|20:3|83:1,12895,12903,mp-aaacfrja,mp-aaacfroo,15:1|20:3|83:1,False,recorded_during_training
14,0.3156082618079381,0.2987102983674958,0.0264267062252656,0.997904082856595,0.0098038893193006,2.3338234424591064,0.0042007844899228,0.083732618638949,True,True,frozen,2000,train,46:2|51:2|57:2,13082,13180,mp-aaacfzan,mp-aaacgikg,46:1|51:1|57:1,False,recorded_during_training
15,0.2423462098959135,0.2321314492400006,0.0273616631565118,0.9662589240422886,0.0382016450166702,0.575656533241272,0.066361871725095,0.1129032022752226,True,False,frozen,2000,train,19:3|31:1,15832,15834,mp-aaacpkso,mp-aaacpktf,19:3|31:1,False,recorded_during_training
0,0.2116293776424527,0.0001042312651406,0.211621346120296,0.101530267918799,0.337828665971756,0.3378577530384063,0.9999139073577896,0.9999620491150796,True,False,joint,0,train,15:16|48:8,423,3943,mp-aaaaabjd,mp-aaaaarxw,15:2|48:1,False,recorded_during_training
1,0.2833879719401011,0.0140791186004207,0.285815321463815,-0.2768518416413254,1.2828112840652466,1.2531861066818235,1.023639886546352,1.0085654641835928,True,False,joint,0,train,8:3|60:2,1183,2658,mp-aaaaaech,mp-aaaaalty,8:3|60:2,False,recorded_during_training
2,0.1626892907661385,0.0045087999897077,0.1627728253952227,0.1035976961689621,0.2203034311532974,0.2212611436843872,0.995671573801246,1.0005134611423456,True,False,joint,0,train,16:6|19:2|42:6,2704,14113,mp-aaaaamae,mp-aaackvdk,16:3|19:1|42:3,False,recorded_during_training
3,0.4171052366407366,0.0354602003908439,0.4192679100090117,0.0287614482188894,2.321021556854248,2.3175158500671387,1.0015127002419455,1.0051849585627186,True,False,joint,0,train,8:3|68:2,4142,18148,mp-aaaaatio,mp-aaacrsyy,8:3|68:2,False,recorded_during_training
4,0.2721211942498485,0.0141142857473823,0.2679511999840542,0.3484648373639211,0.6003558039665222,0.6183542609214783,0.97089296849328,0.9846759666137378,True,False,joint,0,train,8:16|11:2|41:6,4399,9528,mp-aaaaavmx,mp-aaabjmwk,8:8|11:1|41:3,False,recorded_during_training
5,0.2394487393903546,0.0018268714775331,0.2399597901385277,-0.2646117631054319,0.842526376247406,0.8398832082748413,1.003147066099814,1.002134280387002,True,False,joint,0,train,28:2|83:2,5792,12620,mp-aaaabhvh,mp-aaacewhi,28:1|83:1,False,recorded_during_training
6,0.3213603106123628,0.0026000748039223,0.3209896409971406,0.2093709975804691,0.8814975619316101,0.8843270540237427,0.996800400848014,0.9988465606891036,True,False,joint,0,train,8:8|23:2|83:2,5885,7789,mp-aaaabici,mp-aaabfbmg,8:4|23:1|83:1,False,recorded_during_training
7,0.7221765882568434,0.0111576632334617,0.7262400004983647,0.0708717022328803,15.48666763305664,15.503423690795898,0.9989192027468612,1.0056266186243026,True,False,joint,0,train,8:12|11:4|17:4,6004,8109,mp-aaaabini,mp-aaabfqcc,8:3|11:1|17:1,False,recorded_during_training
8,0.2874588755028924,0.0224531985790008,0.2937166520434573,0.0151684802694954,1.338024616241455,1.333327293395996,1.0035230080931554,1.0217692931888684,True,False,joint,0,train,8:6|37:4|40:2,10121,10417,mp-aaabqvan,mp-aaabraoy,8:3|37:2|40:1,False,recorded_during_training
9,0.3300182820821646,0.0082572900664672,0.3337079029097367,-0.1238152147928745,2.036417961120605,2.026646614074707,1.0048214360500929,1.0111800497969183,True,False,joint,0,train,8:18|56:8|73:4,10582,16766,mp-aaabruec,mp-aaacpwra,8:9|56:4|73:2,False,recorded_during_training
10,0.1434457298446432,0.0018212422983197,0.143531341617745,-0.0018192841911041,0.1721574366092682,0.1721307337284088,1.0001551313950796,1.000596823434163,True,False,joint,0,train,59:1|68:3,11977,11981,mp-aaacdnzr,mp-aaacdoad,59:1|68:3,False,recorded_during_training
11,0.1017820875745201,0.0019802386232186,0.1017193306356603,0.0089886213344042,0.098049595952034,0.0980513766407966,0.9999818392273144,0.9993834186313592,True,False,joint,0,train,62:3|69:1,12147,12167,mp-aaacdsei,mp-aaacdspp,62:3|69:1,False,recorded_during_training
12,0.2569476258940995,0.0011488423915579,0.2571577946655452,-0.0911176541861635,0.5867342352867126,0.586344838142395,1.0006641094437725,1.000817944009852,True,False,joint,0,train,48:2|71:1,12799,13366,mp-aaacfkmg,mp-aaacilmc,48:2|71:1,False,recorded_during_training
13,0.3711048242627939,0.0025004961926242,0.3705427581077956,0.2893364432373005,1.24623441696167,1.2508291006088257,0.9963266895174414,0.9984854248227172,True,False,joint,0,train,15:1|20:3|83:1,12895,12903,mp-aaacfrja,mp-aaacfroo,15:1|20:3|83:1,False,recorded_during_training
14,0.3156082618079381,0.0019042943131353,0.3155998492111393,-0.0015934399222053,2.3338773250579834,2.3338234424591064,1.0000230876928806,0.9999733448143894,True,False,joint,0,train,46:2|51:2|57:2,13082,13180,mp-aaacfzan,mp-aaacgikg,46:1|51:1|57:1,False,recorded_during_training
15,0.2423462098959135,0.0066834050012403,0.2444697510727564,-0.224448414385901,0.5832270383834839,0.575656533241272,1.013151080036538,1.0087624278413725,True,False,joint,0,train,19:3|31:1,15832,15834,mp-aaacpkso,mp-aaacpktf,19:3|31:1,False,recorded_during_training
0,0.2116293776424527,0.0264832214015768,0.2032770376325743,0.4269436424740318,0.3035100996494293,0.3378577530384063,0.8983369389037743,0.9605331731212212,True,False,joint,100,train,15:16|48:8,423,3943,mp-aaaaabjd,mp-aaaaarxw,15:2|48:1,False,recorded_during_training
1,0.2833879719401011,0.2508898846767806,0.0562514113813676,0.986496398295162,0.0336216762661933,1.2531861066818235,0.0268289570774261,0.1984961146948656,True,False,joint,100,train,8:3|60:2,1183,2658,mp-aaaaaech,mp-aaaaalty,8:3|60:2,False,recorded_during_training
2,0.1626892907661385,0.1059080549530335,0.0960681452488643,0.7647523432127875,0.0925710499286651,0.2212611436843872,0.4183791531906342,0.5905007317719496,True,False,joint,100,train,16:6|19:2|42:6,2704,14113,mp-aaaaamae,mp-aaackvdk,16:3|19:1|42:3,False,recorded_during_training
3,0.4171052366407366,0.3716080805372144,0.0799546639818231,0.9647744803781932,0.1604421883821487,2.3175158500671387,0.0692302442624074,0.1916894274110736,True,False,joint,100,train,8:3|68:2,4142,18148,mp-aaaaatio,mp-aaacrsyy,8:3|68:2,False,recorded_during_training
4,0.2721211942498485,0.26906162680757,0.0273173504676833,0.9931577499363184,0.0084335356950759,0.6183542609214783,0.0136386796825952,0.1003867065297453,True,False,joint,100,train,8:16|11:2|41:6,4399,9528,mp-aaaaavmx,mp-aaabjmwk,8:8|11:1|41:3,False,recorded_during_training
5,0.2394487393903546,0.1418518751440842,0.1106130671951177,0.9410117637397022,0.0961720496416091,0.8398832082748413,0.1145064560097004,0.4619488391408647,True,False,joint,100,train,28:2|83:2,5792,12620,mp-aaaabhvh,mp-aaacewhi,28:1|83:1,False,recorded_during_training
6,0.3213603106123628,0.3145600502425623,0.0223719477467057,0.9946325509167422,0.0095929037779569,0.8843270540237427,0.0108476877805656,0.0696163994367419,True,False,joint,100,train,8:8|23:2|83:2,5885,7789,mp-aaaabici,mp-aaabfbmg,8:4|23:1|83:1,False,recorded_during_training
7,0.7221765882568434,0.7296334566289033,0.0201860349715161,0.9998422234958118,0.00586973503232,15.503423690795898,0.0003786089543437,0.0279516607153387,True,True,joint,100,train,8:12|11:4|17:4,6004,8109,mp-aaaabini,mp-aaabfqcc,8:3|11:1|17:1,False,recorded_during_training
8,0.2874588755028924,0.2846099129977375,0.0131617972621569,0.999239353217364,0.0020607414189726,1.333327293395996,0.0015455630655575,0.0457867138008215,True,True,joint,100,train,8:6|37:4|40:2,10121,10417,mp-aaabqvan,mp-aaabraoy,8:3|37:2|40:1,False,recorded_during_training
9,0.3300182820821646,0.297517940714215,0.059876855704033,0.9745980054714526,0.1017711162567138,2.026646614074707,0.0502165081716423,0.1814349657426719,True,False,joint,100,train,8:18|56:8|73:4,10582,16766,mp-aaabruec,mp-aaacpwra,8:9|56:4|73:2,False,recorded_during_training
10,0.1434457298446432,0.0123729380890154,0.1380503659385112,0.4178925742216404,0.157748281955719,0.1721307337284088,0.916444603115544,0.962387420580764,True,False,joint,100,train,59:1|68:3,11977,11981,mp-aaacdnzr,mp-aaacdoad,59:1|68:3,False,recorded_during_training
11,0.1017820875745201,0.0107317179042638,0.1000381081460091,0.2258603823194257,0.0936572104692459,0.0980513766407966,0.9551850639726516,0.982865556503406,True,False,joint,100,train,62:3|69:1,12147,12167,mp-aaacdsei,mp-aaacdspp,62:3|69:1,False,recorded_during_training
12,0.2569476258940995,0.13904260168988,0.1427248162397063,0.8205424709652743,0.1915725469589233,0.586344838142395,0.3267233452004903,0.5554626774350121,True,False,joint,100,train,48:2|71:1,12799,13366,mp-aaacfkmg,mp-aaacilmc,48:2|71:1,False,recorded_during_training
13,0.3711048242627939,0.3684300824060642,0.0439254864781091,0.990397380284521,0.0239098630845546,1.2508291006088257,0.0191152117207033,0.1183640944721423,True,False,joint,100,train,15:1|20:3|83:1,12895,12903,mp-aaacfrja,mp-aaacfroo,15:1|20:3|83:1,False,recorded_during_training
14,0.3156082618079381,0.2450366887812833,0.0936971618546067,0.9813642913182704,0.0866093710064888,2.3338234424591064,0.0371105069178798,0.2968780389900747,True,False,joint,100,train,46:2|51:2|57:2,13082,13180,mp-aaacfzan,mp-aaacgikg,46:1|51:1|57:1,False,recorded_during_training
15,0.2423462098959135,0.2272531635339874,0.0444525846273791,0.958159461406598,0.0473263226449489,0.575656533241272,0.0822127777799636,0.183425953500454,True,False,joint,100,train,19:3|31:1,15832,15834,mp-aaacpkso,mp-aaacpktf,19:3|31:1,False,recorded_during_training
0,0.2116293776424527,0.2125916717341169,0.0088354266525811,0.9989219402410058,0.0007334717083722,0.3378577530384063,0.0021709482815652,0.0417495281184856,True,True,joint,200,train,15:16|48:8,423,3943,mp-aaaaabjd,mp-aaaaarxw,15:2|48:1,False,recorded_during_training
1,0.2833879719401011,0.2771626476575193,0.0233700244103829,0.9971316659714288,0.0073298932984471,1.2531861066818235,0.0058490061925879,0.0824665360720482,True,True,joint,200,train,8:3|60:2,1183,2658,mp-aaaaaech,mp-aaaaalty,8:3|60:2,False,recorded_during_training
2,0.1626892907661385,0.1564115133951418,0.0150111557159107,0.9865300064100648,0.0059227482415735,0.2212611436843872,0.0267681353487982,0.0922688619836006,True,False,joint,200,train,16:6|19:2|42:6,2704,14113,mp-aaaaamae,mp-aaackvdk,16:3|19:1|42:3,False,recorded_during_training
3,0.4171052366407366,0.4148880799773451,0.0188757572577742,0.9994997147847902,0.0041886251419782,2.3175158500671387,0.0018073771283406,0.0452541843151981,True,True,joint,200,train,8:3|68:2,4142,18148,mp-aaaaatio,mp-aaacrsyy,8:3|68:2,False,recorded_during_training
4,0.2721211942498485,0.2716993812200599,0.0083612552380145,0.9996181624537046,0.0005259332829155,0.6183542609214783,0.0008505371696343,0.0307262183714277,True,True,joint,200,train,8:16|11:2|41:6,4399,9528,mp-aaaaavmx,mp-aaabjmwk,8:8|11:1|41:3,False,recorded_during_training
5,0.2394487393903546,0.1467551309178247,0.0942185273665927,0.953819168940152,0.0760294497013092,0.8398832082748413,0.0905238358765109,0.3934809914074997,True,False,joint,200,train,28:2|83:2,5792,12620,mp-aaaabhvh,mp-aaacewhi,28:1|83:1,False,recorded_during_training
6,0.3213603106123628,0.3190946522654485,0.006877044527755,0.9998324369987374,0.0003975426079705,0.8843270540237427,0.000449542515025,0.0213997942516629,True,True,joint,200,train,8:8|23:2|83:2,5885,7789,mp-aaaabici,mp-aaabfbmg,8:4|23:1|83:1,False,recorded_during_training
7,0.7221765882568434,0.7234871818219517,0.0184344380396623,0.9996632100889086,0.0126410918310284,15.503423690795898,0.0008153742091518,0.0255262194031498,True,True,joint,200,train,8:12|11:4|17:4,6004,8109,mp-aaaabini,mp-aaabfqcc,8:3|11:1|17:1,False,recorded_during_training
8,0.2874588755028924,0.2864090786050468,0.0055686922219848,0.9998639856106534,0.000479712645756,1.333327293395996,0.0003597861141312,0.0193721352741075,True,True,joint,200,train,8:6|37:4|40:2,10121,10417,mp-aaabqvan,mp-aaabraoy,8:3|37:2|40:1,False,recorded_during_training
9,0.3300182820821646,0.3169051881820905,0.0336258425693358,0.9815084592922156,0.0749471858143806,2.026646614074707,0.0369808852189057,0.1018908478560107,True,False,joint,200,train,8:18|56:8|73:4,10582,16766,mp-aaabruec,mp-aaacpwra,8:9|56:4|73:2,False,recorded_during_training
10,0.1434457298446432,0.1088612115205052,0.0516142427890571,0.9208581973938648,0.0262085571885108,0.1721307337284088,0.152259603040229,0.3598172134155347,True,False,joint,200,train,59:1|68:3,11977,11981,mp-aaacdnzr,mp-aaacdoad,59:1|68:3,False,recorded_during_training
11,0.1017820875745201,0.0590179312789587,0.0605721894012276,0.7669314229033315,0.040463201701641,0.0980513766407966,0.4126734686232379,0.5951163986185636,True,False,joint,200,train,62:3|69:1,12147,12167,mp-aaacdsei,mp-aaacdspp,62:3|69:1,False,recorded_during_training
12,0.2569476258940995,0.1918049049030514,0.0841933538371222,0.955446018113676,0.0511098802089691,0.586344838142395,0.0871669312735673,0.3276673740189464,True,False,joint,200,train,48:2|71:1,12799,13366,mp-aaacfkmg,mp-aaacilmc,48:2|71:1,False,recorded_during_training
13,0.3711048242627939,0.3654329004822898,0.0137426197539056,0.9986841508710848,0.0033037124667316,1.2508291006088257,0.0026412181049542,0.0370316386514393,True,True,joint,200,train,15:1|20:3|83:1,12895,12903,mp-aaacfrja,mp-aaacfroo,15:1|20:3|83:1,False,recorded_during_training
14,0.3156082618079381,0.2604291049368612,0.0647647188244491,0.9907847847309066,0.0430516675114631,2.3338234424591064,0.0184468399486554,0.2052060312155623,True,False,joint,200,train,46:2|51:2|57:2,13082,13180,mp-aaacfzan,mp-aaacgikg,46:1|51:1|57:1,False,recorded_during_training
15,0.2423462098959135,0.2299188494745294,0.0285163298159432,0.9656709789878386,0.0388461910188198,0.575656533241272,0.0674815428569771,0.1176677358733641,True,False,joint,200,train,19:3|31:1,15832,15834,mp-aaacpkso,mp-aaacpktf,19:3|31:1,False,recorded_during_training
0,0.2116293776424527,0.2117667043057736,0.0038527804762225,0.9998348986724596,0.0001152343975263,0.3378577530384063,0.000341073710726,0.018205319692107,True,True,joint,300,train,15:16|48:8,423,3943,mp-aaaaabjd,mp-aaaaarxw,15:2|48:1,False,recorded_during_training
1,0.2833879719401011,0.2817420774762809,0.0095283491054374,0.998585442053345,0.0035714558325707,1.2531861066818235,0.0028499005961909,0.0336229835028122,True,True,joint,300,train,8:3|60:2,1183,2658,mp-aaaaaech,mp-aaaaalty,8:3|60:2,False,recorded_during_training
2,0.1626892907661385,0.1623250256525352,0.0040512778214178,0.999541659885619,0.0002037836384261,0.2212611436843872,0.0009210096044553,0.0249019330180835,True,True,joint,300,train,16:6|19:2|42:6,2704,14113,mp-aaaaamae,mp-aaackvdk,16:3|19:1|42:3,False,recorded_during_training
3,0.4171052366407366,0.4151346552632731,0.008169639550033,0.9998956332871576,0.0008595288963988,2.3175158500671387,0.0003708837186049,0.0195865187784006,True,True,joint,300,train,8:3|68:2,4142,18148,mp-aaaaatio,mp-aaacrsyy,8:3|68:2,False,recorded_during_training
4,0.2721211942498485,0.2728717823629267,0.0032304555061273,0.9999329948192016,8.289569814223796e-05,0.6183542609214783,0.0001340585864463,0.0118713851562818,True,True,joint,300,train,8:16|11:2|41:6,4399,9528,mp-aaaaavmx,mp-aaabjmwk,8:8|11:1|41:3,False,recorded_during_training
5,0.2394487393903546,0.1577562495068036,0.0861436432233517,0.965371022799808,0.0572136342525482,0.8398832082748413,0.0681209407318282,0.3597581822425822,True,False,joint,300,train,28:2|83:2,5792,12620,mp-aaaabhvh,mp-aaacewhi,28:1|83:1,False,recorded_during_training
6,0.3213603106123628,0.3215524706281485,0.003733780187531,0.9999260751835664,0.0001314489200012,0.8843270540237427,0.0001486428798069,0.0116186724502978,True,True,joint,300,train,8:8|23:2|83:2,5885,7789,mp-aaaabici,mp-aaabfbmg,8:4|23:1|83:1,False,recorded_during_training
7,0.7221765882568434,0.7251275530573764,0.0081760833994337,0.9999765110274296,0.0009898169664666,15.503423690795898,6.384505682149693e-05,0.0113214462118867,True,True,joint,300,train,8:12|11:4|17:4,6004,8109,mp-aaaabini,mp-aaabfqcc,8:3|11:1|17:1,False,recorded_during_training
8,0.2874588755028924,0.2867581721307033,0.0030310919393912,0.999959876966468,0.0001358443550998,1.333327293395996,0.0001018837278533,0.0105444367793079,True,True,joint,300,train,8:6|37:4|40:2,10121,10417,mp-aaabqvan,mp-aaabraoy,8:3|37:2|40:1,False,recorded_during_training
9,0.3300182820821646,0.3190116514500687,0.0299856528851023,0.9819020791462671,0.0727075636386871,2.026646614074707,0.0358757975533306,0.0908605811045244,True,False,joint,300,train,8:18|56:8|73:4,10582,16766,mp-aaabruec,mp-aaacpwra,8:9|56:4|73:2,False,recorded_during_training
10,0.1434457298446432,0.1229748434510611,0.0284071233610916,0.9675917333801964,0.0109906308352947,0.1721307337284088,0.0638504850193455,0.1980339421177441,True,False,joint,300,train,59:1|68:3,11977,11981,mp-aaacdnzr,mp-aaacdoad,59:1|68:3,False,recorded_during_training
11,0.1017820875745201,0.0758932907674534,0.0306773860556859,0.8792532814305246,0.0222722794860601,0.0980513766407966,0.2271490747922168,0.3014026022331814,True,False,joint,300,train,62:3|69:1,12147,12167,mp-aaacdsei,mp-aaacdspp,62:3|69:1,False,recorded_during_training
12,0.2569476258940995,0.2242032626838295,0.0472869526070667,0.9835917594870304,0.0192045122385025,0.586344838142395,0.0327529313626167,0.1840334287679153,True,False,joint,300,train,48:2|71:1,12799,13366,mp-aaacfkmg,mp-aaacilmc,48:2|71:1,False,recorded_during_training
13,0.3711048242627939,0.3679346838963226,0.0117943726148084,0.9991432825596346,0.0021724333055317,1.2508291006088257,0.0017367946624157,0.0317817819755864,True,True,joint,300,train,15:1|20:3|83:1,12895,12903,mp-aaacfrja,mp-aaacfroo,15:1|20:3|83:1,False,recorded_during_training
14,0.3156082618079381,0.2851556179377894,0.0469714141188433,0.995315369338968,0.0218800939619541,2.3338234424591064,0.0093752138931724,0.148828214603037,True,False,joint,300,train,46:2|51:2|57:2,13082,13180,mp-aaacfzan,mp-aaacgikg,46:1|51:1|57:1,False,recorded_during_training
15,0.2423462098959135,0.2309741747443467,0.0279217091259624,0.966132716717818,0.0383348502218723,0.575656533241272,0.0665932687431261,0.1152141357521321,True,False,joint,300,train,19:3|31:1,15832,15834,mp-aaacpkso,mp-aaacpktf,19:3|31:1,False,recorded_during_training
0,0.2116293776424527,0.2116126494511263,0.0021615516724295,0.9999514383011304,3.598571493057534e-05,0.3378577530384063,0.0001065114374524,0.0102138545059728,True,True,joint,400,train,15:16|48:8,423,3943,mp-aaaaabjd,mp-aaaaarxw,15:2|48:1,False,recorded_during_training
1,0.2833879719401011,0.2839505861630869,0.0052006278421004,0.9999105213806484,0.0002430130407446,1.2531861066818235,0.0001939161625308,0.0183516181244264,True,True,joint,400,train,8:3|60:2,1183,2658,mp-aaaaaech,mp-aaaaalty,8:3|60:2,False,recorded_during_training
2,0.1626892907661385,0.1630488724040333,0.0020049725135322,0.9999273403873578,3.276404459029436e-05,0.2212611436843872,0.000148078618978,0.0123239366530545,True,True,joint,400,train,16:6|19:2|42:6,2704,14113,mp-aaaaamae,mp-aaackvdk,16:3|19:1|42:3,False,recorded_during_training
3,0.4171052366407366,0.4169990683383275,0.0052203117165845,0.9999412383507597,0.0003398817207198,2.3175158500671387,0.0001466577761312,0.0125155746272275,True,True,joint,400,train,8:3|68:2,4142,18148,mp-aaaaatio,mp-aaacrsyy,8:3|68:2,False,recorded_during_training
4,0.2721211942498485,0.2711224802060314,0.0045215037353045,0.9999159017615772,0.0001466213579988,0.6183542609214783,0.0002371154648151,0.0166157720561565,True,True,joint,400,train,8:16|11:2|41:6,4399,9528,mp-aaaaavmx,mp-aaabjmwk,8:8|11:1|41:3,False,recorded_during_training
5,0.2394487393903546,0.1844198837518433,0.0720875950444224,0.972681302749664,0.0452728271484375,0.8398832082748413,0.0539037174483223,0.3010564817670793,True,False,joint,400,train,28:2|83:2,5792,12620,mp-aaaabhvh,mp-aaacewhi,28:1|83:1,False,recorded_during_training
6,0.3213603106123628,0.3202475348491589,0.0031456366971269,0.99996607699559,8.322107896674424e-05,0.8843270540237427,9.410667533926863e-05,0.009788504035028,True,True,joint,400,train,8:8|23:2|83:2,5885,7789,mp-aaaabici,mp-aaabfbmg,8:4|23:1|83:1,False,recorded_during_training
7,0.7221765882568434,0.7237954062601659,0.0109794471372026,0.9999474623564952,0.0024531211238354,15.503423690795898,0.0001582309283911,0.015203272046944,True,True,joint,400,train,8:12|11:4|17:4,6004,8109,mp-aaaabini,mp-aaabfqcc,8:3|11:1|17:1,False,recorded_during_training
8,0.2874588755028924,0.2871591975902277,0.0024070579056569,0.9999783565412316,7.762702443869784e-05,1.333327293395996,5.822053206529745e-05,0.0083735730943982,True,True,joint,400,train,8:6|37:4|40:2,10121,10417,mp-aaabqvan,mp-aaabraoy,8:3|37:2|40:1,False,recorded_during_training
9,0.3300182820821646,0.3172470840650021,0.0317357502731283,0.981857479140656,0.0733057036995887,2.026646614074707,0.0361709353720048,0.0961636127335124,True,False,joint,400,train,8:18|56:8|73:4,10582,16766,mp-aaabruec,mp-aaacpwra,8:9|56:4|73:2,False,recorded_during_training
10,0.1434457298446432,0.1338773168963882,0.0147004056887283,0.990313399236312,0.0033258311450481,0.1721307337284088,0.0193215416736426,0.1024806085524426,True,False,joint,400,train,59:1|68:3,11977,11981,mp-aaacdnzr,mp-aaacdoad,59:1|68:3,False,recorded_during_training
11,0.1017820875745201,0.0968534661578814,0.0096680587339506,0.989716719950364,0.0020076178479939,0.0980513766407966,0.0204751622748624,0.0949878211809332,True,False,joint,400,train,62:3|69:1,12147,12167,mp-aaacdsei,mp-aaacdspp,62:3|69:1,False,recorded_during_training
12,0.2569476258940995,0.2447083862988393,0.0190880503693051,0.9957558710242362,0.0050296345725655,0.586344838142395,0.008577946364293,0.0742877086444545,True,True,joint,400,train,48:2|71:1,12799,13366,mp-aaacfkmg,mp-aaacilmc,48:2|71:1,False,recorded_during_training
13,0.3711048242627939,0.3674049318907748,0.0090341520147987,0.9993515904425258,0.0016307437326759,1.2508291006088257,0.0013037302473072,0.0243439357942738,True,True,joint,400,train,15:1|20:3|83:1,12895,12903,mp-aaacfrja,mp-aaacfroo,15:1|20:3|83:1,False,recorded_during_training
14,0.3156082618079381,0.2862326171555196,0.0396743427311321,0.9959888285498112,0.0187425967305898,2.3338234424591064,0.0080308546009123,0.1257075543709174,True,False,joint,400,train,46:2|51:2|57:2,13082,13180,mp-aaacfzan,mp-aaacgikg,46:1|51:1|57:1,False,recorded_during_training
15,0.2423462098959135,0.2314312660195128,0.0273608527890019,0.9662533086513267,0.0381993390619754,0.575656533241272,0.066357865942894,0.112899858432914,True,False,joint,400,train,19:3|31:1,15832,15834,mp-aaacpkso,mp-aaacpktf,19:3|31:1,False,recorded_during_training
0,0.2116293776424527,0.2121503965900046,0.0026887762122669,0.9999349979663588,4.4544685806613415e-05,0.3378577530384063,0.0001318444978871,0.0127051179860747,True,True,joint,500,train,15:16|48:8,423,3943,mp-aaaaabjd,mp-aaaaarxw,15:2|48:1,False,recorded_during_training
1,0.2833879719401011,0.284289994820142,0.0043774032284318,0.9999371639138676,0.0001585881109349,1.2531861066818235,0.0001265479325771,0.0154466796824992,True,True,joint,500,train,8:3|60:2,1183,2658,mp-aaaaaech,mp-aaaaalty,8:3|60:2,False,recorded_during_training
2,0.1626892907661385,0.1628087981371209,0.0022790129878558,0.9999233725511804,3.3997388527495787e-05,0.2212611436843872,0.0001536527740993,0.0140083774237595,True,True,joint,500,train,16:6|19:2|42:6,2704,14113,mp-aaaaamae,mp-aaackvdk,16:3|19:1|42:3,False,recorded_during_training
3,0.4171052366407366,0.4188755653478893,0.0048626680277266,0.9999631204756032,0.0001867380633484,2.3175158500671387,8.057682252444892e-05,0.0116581322902808,True,True,joint,500,train,8:3|68:2,4142,18148,mp-aaaaatio,mp-aaacrsyy,8:3|68:2,False,recorded_during_training
4,0.2721211942498485,0.2714131324171376,0.0055783923014587,0.999810357997137,0.000246852840064,0.6183542609214783,0.0003992094106317,0.0204996612514383,True,True,joint,500,train,8:16|11:2|41:6,4399,9528,mp-aaaaavmx,mp-aaabjmwk,8:8|11:1|41:3,False,recorded_during_training
5,0.2394487393903546,0.227251297688781,0.0231532950965629,0.9947637110044028,0.0089427437633275,0.8398832082748413,0.0106476039468587,0.0966941615792678,True,False,joint,500,train,28:2|83:2,5792,12620,mp-aaaabhvh,mp-aaacewhi,28:1|83:1,False,recorded_during_training
6,0.3213603106123628,0.321179390639827,0.003671794040656,0.9999465447015626,9.665964171290398e-05,0.8843270540237427,0.0001093030471849,0.0114257856972423,True,True,joint,500,train,8:8|23:2|83:2,5885,7789,mp-aaaabici,mp-aaabfbmg,8:4|23:1|83:1,False,recorded_during_training
7,0.7221765882568434,0.7315831009553051,0.0130718217776859,0.9999259477576474,0.0041526439599692,15.503423690795898,0.0002678533492208,0.0181005892329438,True,True,joint,500,train,8:12|11:4|17:4,6004,8109,mp-aaaabini,mp-aaabfqcc,8:3|11:1|17:1,False,recorded_during_training
8,0.2874588755028924,0.2884275895601149,0.0027759166491421,0.999963382723022,0.0001040323040797,1.333327293395996,7.802458150749043e-05,0.0096567435751838,True,True,joint,500,train,8:6|37:4|40:2,10121,10417,mp-aaabqvan,mp-aaabraoy,8:3|37:2|40:1,False,recorded_during_training
9,0.3300182820821646,0.3305221060322765,0.006515046613913,0.9998619659260276,0.0005629633669741,2.026646614074707,0.0002777807255909,0.0197414718142522,True,True,joint,500,train,8:18|56:8|73:4,10582,16766,mp-aaabruec,mp-aaacpwra,8:9|56:4|73:2,False,recorded_during_training
10,0.1434457298446432,0.1349352726737152,0.0120531001758763,0.9921932659034276,0.0026786013040691,0.1721307337284088,0.0155614354627425,0.0840255069909037,True,False,joint,500,train,59:1|68:3,11977,11981,mp-aaacdnzr,mp-aaacdoad,59:1|68:3,False,recorded_during_training
11,0.1017820875745201,0.0993211873098971,0.0090424669449475,0.9929557989116812,0.0013772526290267,0.0980513766407966,0.01404623449676,0.0888414372354773,True,False,joint,500,train,62:3|69:1,12147,12167,mp-aaacdsei,mp-aaacdspp,62:3|69:1,False,recorded_during_training
12,0.2569476258940995,0.2496709099241343,0.0099901251332994,0.998337677534966,0.0019524076487869,0.586344838142395,0.00332979421286,0.0388800055985606,True,True,joint,500,train,48:2|71:1,12799,13366,mp-aaacfkmg,mp-aaacilmc,48:2|71:1,False,recorded_during_training
13,0.3711048242627939,0.3662296923922099,0.0085125632331468,0.9994105065532588,0.0015588086098432,1.2508291006088257,0.0012462202942708,0.02293843323125,True,True,joint,500,train,15:1|20:3|83:1,12895,12903,mp-aaacfrja,mp-aaacfroo,15:1|20:3|83:1,False,recorded_during_training
14,0.3156082618079381,0.2972870640564906,0.0249780538920276,0.9979316574557626,0.0096497070044279,2.3338234424591064,0.0041347202315613,0.0791425856501435,True,True,joint,500,train,46:2|51:2|57:2,13082,13180,mp-aaacfzan,mp-aaacgikg,46:1|51:1|57:1,False,recorded_during_training
15,0.2423462098959135,0.2303940879967285,0.027120526317276,0.966328862361862,0.0381243266165256,0.575656533241272,0.0662275583008918,0.1119081925354811,True,False,joint,500,train,19:3|31:1,15832,15834,mp-aaacpkso,mp-aaacpktf,19:3|31:1,False,recorded_during_training
0,0.2116293776424527,0.211325351963751,0.0020321432874652,0.9999624631163238,2.980811768793501e-05,0.3378577530384063,8.822682747359223e-05,0.009602368584661,True,True,joint,600,train,15:16|48:8,423,3943,mp-aaaaabjd,mp-aaaaarxw,15:2|48:1,False,recorded_during_training
1,0.2833879719401011,0.2837102467899512,0.0042594188059865,0.999943756491747,0.000152219334268,1.2531861066818235,0.0001214658648515,0.0150303443608639,True,True,joint,600,train,8:3|60:2,1183,2658,mp-aaaaaech,mp-aaaaalty,8:3|60:2,False,recorded_during_training
2,0.1626892907661385,0.1625317197176627,0.0011160125141032,0.999980129009242,8.962990250438452e-06,0.2212611436843872,4.050865010091198e-05,0.006859778592971,True,True,joint,600,train,16:6|19:2|42:6,2704,14113,mp-aaaaamae,mp-aaackvdk,16:3|19:1|42:3,False,recorded_during_training
3,0.4171052366407366,0.4173516433138502,0.0066543897939936,0.999885033189887,0.000562276050914,2.3175158500671387,0.0002426201533412,0.0159537431071029,True,True,joint,600,train,8:3|68:2,4142,18148,mp-aaaaatio,mp-aaacrsyy,8:3|68:2,False,recorded_during_training
4,0.2721211942498485,0.2708546501344244,0.0051665041537489,0.9998835474660476,0.00019686986343,0.6183542609214783,0.0003183771437697,0.0189860410101145,True,True,joint,600,train,8:16|11:2|41:6,4399,9528,mp-aaaaavmx,mp-aaabjmwk,8:8|11:1|41:3,False,recorded_during_training
5,0.2394487393903546,0.2373807698313612,0.0050064481038134,0.9999025010269886,0.000286282156594,0.8398832082748413,0.0003408594835252,0.0209082249359928,True,True,joint,600,train,28:2|83:2,5792,12620,mp-aaaabhvh,mp-aaacewhi,28:1|83:1,False,recorded_during_training
6,0.3213603106123628,0.3190855422913046,0.0046953062596912,0.9999358851854222,0.0001648452598601,0.8843270540237427,0.0001864075729789,0.0146107223096225,True,True,joint,600,train,8:8|23:2|83:2,5885,7789,mp-aaaabici,mp-aaabfbmg,8:4|23:1|83:1,False,recorded_during_training
7,0.7221765882568434,0.7228043878434107,0.0093136408116549,0.999950632807694,0.0021721106022596,15.503423690795898,0.0001401052209873,0.0128966252341907,True,True,joint,600,train,8:12|11:4|17:4,6004,8109,mp-aaaabini,mp-aaabfqcc,8:3|11:1|17:1,False,recorded_during_training
8,0.2874588755028924,0.2862120117744382,0.0034528258128148,0.9999441898800336,0.0002613450342323,1.333327293395996,0.0001960096635888,0.0120115470665996,True,True,joint,600,train,8:6|37:4|40:2,10121,10417,mp-aaabqvan,mp-aaabraoy,8:3|37:2|40:1,False,recorded_during_training
9,0.3300182820821646,0.3270685287939159,0.0063210346493178,0.9999211173611228,0.000979398144409,2.026646614074707,0.0004832604449178,0.0191535893388601,True,True,joint,600,train,8:18|56:8|73:4,10582,16766,mp-aaabruec,mp-aaacpwra,8:9|56:4|73:2,False,recorded_during_training
10,0.1434457298446432,0.1365243532655427,0.0095454150130649,0.9938764383551126,0.0021017021499574,0.1721307337284088,0.0122099180340073,0.0665437376449125,True,False,joint,600,train,59:1|68:3,11977,11981,mp-aaacdnzr,mp-aaacdoad,59:1|68:3,False,recorded_during_training
11,0.1017820875745201,0.101324483617418,0.0055871364795621,0.996704477199116,0.0006452565430663,0.0980513766407966,0.0065808004453644,0.0548931213016382,True,True,joint,600,train,62:3|69:1,12147,12167,mp-aaacdsei,mp-aaacdspp,62:3|69:1,False,recorded_during_training
12,0.2569476258940995,0.2534774663072312,0.0072938483208417,0.999235900839916,0.0008957801037468,0.586344838142395,0.001527735976298,0.0283865176627393,True,True,joint,600,train,48:2|71:1,12799,13366,mp-aaacfkmg,mp-aaacilmc,48:2|71:1,False,recorded_during_training
13,0.3711048242627939,0.366922779387437,0.0075062758340536,0.999437326060548,0.0014389215502887,1.2508291006088257,0.0011503742194584,0.020226834423306,True,True,joint,600,train,15:1|20:3|83:1,12895,12903,mp-aaacfrja,mp-aaacfroo,15:1|20:3|83:1,False,recorded_during_training
14,0.3156082618079381,0.3090692351452162,0.0128349708011228,0.9993026489419256,0.0032924336846917,2.3338234424591064,0.0014107466849431,0.0406674106932393,True,True,joint,600,train,46:2|51:2|57:2,13082,13180,mp-aaacfzan,mp-aaacgikg,46:1|51:1|57:1,False,recorded_during_training
15,0.2423462098959135,0.2317227653443296,0.0268229661783152,0.9666512574156644,0.0377655699849128,0.575656533241272,0.0656043453068644,0.1106803617429609,True,False,joint,600,train,19:3|31:1,15832,15834,mp-aaacpkso,mp-aaacpktf,19:3|31:1,False,recorded_during_training
0,0.2116293776424527,0.2117836741672363,0.0041447850800295,0.9998294598868128,0.0001155387071776,0.3378577530384063,0.0003419744141981,0.0195851120775499,True,True,joint,700,train,15:16|48:8,423,3943,mp-aaaaabjd,mp-aaaaarxw,15:2|48:1,False,recorded_during_training
1,0.2833879719401011,0.2885075997373292,0.0081273474178829,0.9997812294101448,0.0009256518096663,1.2531861066818235,0.0007386387422672,0.0286792250293557,True,True,joint,700,train,8:3|60:2,1183,2658,mp-aaaaaech,mp-aaaaalty,8:3|60:2,False,recorded_during_training
2,0.1626892907661385,0.1619433392188511,0.0021953998948447,0.9999286874053428,3.644428215920925e-05,0.2212611436843872,0.000164711623344,0.0134944339882861,True,True,joint,700,train,16:6|19:2|42:6,2704,14113,mp-aaaaamae,mp-aaackvdk,16:3|19:1|42:3,False,recorded_during_training
3,0.4171052366407366,0.4215238999299799,0.0114257282855305,0.9996791625440152,0.0016911041457206,2.3175158500671387,0.0007297055360685,0.0273929149812421,True,True,joint,700,train,8:3|68:2,4142,18148,mp-aaaaatio,mp-aaacrsyy,8:3|68:2,False,recorded_during_training
4,0.2721211942498485,0.2731448651979917,0.0053149734053477,0.9998190514933896,0.0002238057059003,0.6183542609214783,0.0003619376788425,0.0195316407455854,True,True,joint,700,train,8:16|11:2|41:6,4399,9528,mp-aaaaavmx,mp-aaabjmwk,8:8|11:1|41:3,False,recorded_during_training
5,0.2394487393903546,0.2367386008554604,0.004446451406693,0.9999234176267898,0.0003799335099756,0.8398832082748413,0.0004523646933673,0.0185695335795624,True,True,joint,700,train,28:2|83:2,5792,12620,mp-aaaabhvh,mp-aaacewhi,28:1|83:1,False,recorded_during_training
6,0.3213603106123628,0.3235924088630781,0.0051695326956178,0.9998942019669635,0.000222918446525,0.8843270540237427,0.0002520769273208,0.0160864068302868,True,True,joint,700,train,8:8|23:2|83:2,5885,7789,mp-aaaabici,mp-aaabfbmg,8:4|23:1|83:1,False,recorded_during_training
7,0.7221765882568434,0.7310832817197479,0.013688664770143,0.9999097922690872,0.0054338714107871,15.503423690795898,0.0003504949306141,0.0189547334997166,True,True,joint,700,train,8:12|11:4|17:4,6004,8109,mp-aaaabini,mp-aaabfqcc,8:3|11:1|17:1,False,recorded_during_training
8,0.2874588755028924,0.2898330190868137,0.0049530262368477,0.9998955595880176,0.000353315292159,1.333327293395996,0.000264987669501,0.0172303820091926,True,True,joint,700,train,8:6|37:4|40:2,10121,10417,mp-aaabqvan,mp-aaabraoy,8:3|37:2|40:1,False,recorded_during_training
9,0.3300182820821646,0.3313637641622335,0.0061195330126793,0.9998474903766618,0.0006547682569362,2.026646614074707,0.000323079639237,0.0185430121448718,True,True,joint,700,train,8:18|56:8|73:4,10582,16766,mp-aaabruec,mp-aaacpwra,8:9|56:4|73:2,False,recorded_during_training
10,0.1434457298446432,0.1397111903929726,0.0086259372540098,0.9976585626983488,0.000805846939329,0.1721307337284088,0.004681598235679,0.0601338029605484,True,True,joint,700,train,59:1|68:3,11977,11981,mp-aaacdnzr,mp-aaacdoad,59:1|68:3,False,recorded_during_training
11,0.1017820875745201,0.1008737049839965,0.0053465661701466,0.9977554995464788,0.0004397605080157,0.0980513766407966,0.0044850008544681,0.0525295393084967,True,True,joint,700,train,62:3|69:1,12147,12167,mp-aaacdsei,mp-aaacdspp,62:3|69:1,False,recorded_during_training
12,0.2569476258940995,0.2548581700102659,0.0043264851992717,0.9997453504335212,0.0003171593998558,0.586344838142395,0.000540909340757,0.016838004181657,True,True,joint,700,train,48:2|71:1,12799,13366,mp-aaacfkmg,mp-aaacilmc,48:2|71:1,False,recorded_during_training
13,0.3711048242627939,0.3669070990495129,0.0078541665179372,0.9994316818642104,0.0014720236649736,1.2508291006088257,0.0011768383580596,0.0211642802907229,True,True,joint,700,train,15:1|20:3|83:1,12895,12903,mp-aaacfrja,mp-aaacfroo,15:1|20:3|83:1,False,recorded_during_training
14,0.3156082618079381,0.313797525431255,0.0086981136655595,0.9996974546508794,0.0015324477571994,2.3338234424591064,0.0006566254024703,0.0275598414811228,True,True,joint,700,train,46:2|51:2|57:2,13082,13180,mp-aaacfzan,mp-aaacgikg,46:1|51:1|57:1,False,recorded_during_training
15,0.2423462098959135,0.2433606930899259,0.007837023880711,0.9996171119713404,0.0004439592303242,0.575656533241272,0.000771222429848,0.0323381326412202,True,True,joint,700,train,19:3|31:1,15832,15834,mp-aaacpkso,mp-aaacpktf,19:3|31:1,False,recorded_during_training
0,0.2116293776424527,0.2128919563401723,0.004919284000266,0.999783950018065,0.0001639536640141,0.3378577530384063,0.0004852742390537,0.0232448068177812,True,True,joint,800,train,15:16|48:8,423,3943,mp-aaaaabjd,mp-aaaaarxw,15:2|48:1,False,recorded_during_training
1,0.2833879719401011,0.2868199554575312,0.0063078535456497,0.9998552816184758,0.00060784566449,1.2531861066818235,0.0004850402196841,0.0222587200948071,True,True,joint,800,train,8:3|60:2,1183,2658,mp-aaaaaech,mp-aaaaalty,8:3|60:2,False,recorded_during_training
2,0.1626892907661385,0.1629667097295168,0.0024917395494412,0.9998856219874362,5.0619022658793256e-05,0.2212611436843872,0.0002287750203939,0.0153159408201187,True,True,joint,800,train,16:6|19:2|42:6,2704,14113,mp-aaaaamae,mp-aaackvdk,16:3|19:1|42:3,False,recorded_during_training
3,0.4171052366407366,0.422734825775251,0.0092503491623574,0.999831315831952,0.0013272073119878,2.3175158500671387,0.0005726853224971,0.0221774946698284,True,True,joint,800,train,8:3|68:2,4142,18148,mp-aaaaatio,mp-aaacrsyy,8:3|68:2,False,recorded_during_training
4,0.2721211942498485,0.2743381031270928,0.0038707852020252,0.9999473042795164,0.0001189451868413,0.6183542609214783,0.0001923576731953,0.0142244899839416,True,True,joint,800,train,8:16|11:2|41:6,4399,9528,mp-aaaaavmx,mp-aaabjmwk,8:8|11:1|41:3,False,recorded_during_training
5,0.2394487393903546,0.2428295666177291,0.0046791533532086,0.9999603740419408,0.0004197230446152,0.8398832082748413,0.0004997397739113,0.0195413572237714,True,True,joint,800,train,28:2|83:2,5792,12620,mp-aaaabhvh,mp-aaacewhi,28:1|83:1,False,recorded_during_training
6,0.3213603106123628,0.3253199200707968,0.0048383252296844,0.999950595715176,0.0001918811612995,0.8843270540237427,0.000216979861044,0.015055764728584,True,True,joint,800,train,8:8|23:2|83:2,5885,7789,mp-aaaabici,mp-aaabfbmg,8:4|23:1|83:1,False,recorded_during_training
7,0.7221765882568434,0.7296836623949048,0.0100129325959414,0.9999736352992984,0.002339483005926,15.503423690795898,0.0001509010559593,0.0138649365802763,True,True,joint,800,train,8:12|11:4|17:4,6004,8109,mp-aaaabini,mp-aaabfqcc,8:3|11:1|17:1,False,recorded_during_training
8,0.2874588755028924,0.2903783286647012,0.0042536256403025,0.999929285609475,0.0002891056647058,1.333327293395996,0.0002168302307601,0.014797336255007,True,True,joint,800,train,8:6|37:4|40:2,10121,10417,mp-aaabqvan,mp-aaabraoy,8:3|37:2|40:1,False,recorded_during_training
9,0.3300182820821646,0.3338830295360822,0.0055765630786481,0.9999115584560592,0.0008850840968079,2.026646614074707,0.0004367234478182,0.0168977398569082,True,True,joint,800,train,8:18|56:8|73:4,10582,16766,mp-aaabruec,mp-aaacpwra,8:9|56:4|73:2,False,recorded_during_training
10,0.1434457298446432,0.1397218944972564,0.0062921045606572,0.9983321460770735,0.0005745252710767,0.1721307337284088,0.0033377262655674,0.0438640074366227,True,True,joint,800,train,59:1|68:3,11977,11981,mp-aaacdnzr,mp-aaacdoad,59:1|68:3,False,recorded_during_training
11,0.1017820875745201,0.100996359638998,0.0038692196491183,0.9984306219213102,0.0003080579626839,0.0980513766407966,0.0031418015048631,0.0380147405238223,True,True,joint,800,train,62:3|69:1,12147,12167,mp-aaacdsei,mp-aaacdspp,62:3|69:1,False,recorded_during_training
12,0.2569476258940995,0.2574499594011286,0.0060366361831256,0.99969495681742,0.0003877269627992,0.586344838142395,0.0006612609808718,0.0234936445204348,True,True,joint,800,train,48:2|71:1,12799,13366,mp-aaacfkmg,mp-aaacilmc,48:2|71:1,False,recorded_during_training
13,0.3711048242627939,0.3702054531117937,0.0092810112580181,0.9993698050658044,0.0016604703851044,1.2508291006088257,0.0013274958060187,0.0250091366407188,True,True,joint,800,train,15:1|20:3|83:1,12895,12903,mp-aaacfrja,mp-aaacfroo,15:1|20:3|83:1,False,recorded_during_training
14,0.3156082618079381,0.3155430437273026,0.0043736446405091,0.9999051725743678,0.0004635964578483,2.3338234424591064,0.0001986424720114,0.0138578268371526,True,True,joint,800,train,46:2|51:2|57:2,13082,13180,mp-aaacfzan,mp-aaacgikg,46:1|51:1|57:1,False,recorded_during_training
15,0.2423462098959135,0.244733622916101,0.0028596646952792,0.9999670758186964,6.378439866239205e-05,0.575656533241272,0.0001108028745947,0.0117999150740068,True,True,joint,800,train,19:3|31:1,15832,15834,mp-aaacpkso,mp-aaacpktf,19:3|31:1,False,recorded_during_training
0,0.2116293776424527,0.2110979009157745,0.0032787061408043,0.9998960013600734,7.522552914451808e-05,0.3378577530384063,0.0002226544410125,0.0154926795954754,True,True,joint,900,train,15:16|48:8,423,3943,mp-aaaaabjd,mp-aaaaarxw,15:2|48:1,False,recorded_during_training
1,0.2833879719401011,0.2843368079093125,0.0027728531686079,0.9999780592555608,5.995760147925466e-05,1.2531861066818235,4.784413197654251e-05,0.009784653701513,True,True,joint,900,train,8:3|60:2,1183,2658,mp-aaaaaech,mp-aaaaalty,8:3|60:2,False,recorded_during_training
2,0.1626892907661385,0.1623727689147927,0.0015673669986426,0.9999510745112988,2.2527288820128888e-05,0.2212611436843872,0.0001018131265391,0.0096341129232392,True,True,joint,900,train,16:6|19:2|42:6,2704,14113,mp-aaaaamae,mp-aaackvdk,16:3|19:1|42:3,False,recorded_during_training
3,0.4171052366407366,0.4183121665789713,0.0037535104988819,0.9999751666089964,0.0001170666073448,2.3175158500671387,5.051383244757708e-05,0.0089989531877178,True,True,joint,900,train,8:3|68:2,4142,18148,mp-aaaaatio,mp-aaacrsyy,8:3|68:2,False,recorded_during_training
4,0.2721211942498485,0.272873691797713,0.0032572768338923,0.9999367126016312,8.134281961247325e-05,0.6183542609214783,0.0001315472775933,0.011969949062114,True,True,joint,900,train,8:16|11:2|41:6,4399,9528,mp-aaaaavmx,mp-aaabjmwk,8:8|11:1|41:3,False,recorded_during_training
5,0.2394487393903546,0.2389282149961218,0.0023163851001299,0.9999666768172174,6.250085425563157e-05,0.8398832082748413,7.441612552775188e-05,0.0096738245773504,True,True,joint,900,train,28:2|83:2,5792,12620,mp-aaaabhvh,mp-aaacewhi,28:1|83:1,False,recorded_during_training
6,0.3213603106123628,0.3220550749060749,0.0019455160759207,0.9999852297182602,2.6944542696583085e-05,0.8843270540237427,3.0468979292201625e-05,0.0060540023508612,True,True,joint,900,train,8:8|23:2|83:2,5885,7789,mp-aaaabici,mp-aaabfbmg,8:4|23:1|83:1,False,recorded_during_training
7,0.7221765882568434,0.7241322726113708,0.0046566433666725,0.9999921550692018,0.0002593403914943,15.503423690795898,1.672794323800229e-05,0.0064480674704681,True,True,joint,900,train,8:12|11:4|17:4,6004,8109,mp-aaaabini,mp-aaabfqcc,8:3|11:1|17:1,False,recorded_during_training
8,0.2874588755028924,0.2875623775951794,0.0019164985019699,0.9999875861679332,3.317167283967137e-05,1.333327293395996,2.48788673298533e-05,0.0066670354102553,True,True,joint,900,train,8:6|37:4|40:2,10121,10417,mp-aaabqvan,mp-aaabraoy,8:3|37:2|40:1,False,recorded_during_training
9,0.3300182820821646,0.3313807113850089,0.0035086824032077,0.9999560261197428,0.0002313118020538,2.026646614074707,0.0001141352421519,0.0106317819154462,True,True,joint,900,train,8:18|56:8|73:4,10582,16766,mp-aaabruec,mp-aaacpwra,8:9|56:4|73:2,False,recorded_during_training
10,0.1434457298446432,0.1392556439969325,0.00653242794084,0.9983063570770832,0.0005840997910127,0.1721307337284088,0.0033933498008223,0.04553936842815,True,True,joint,900,train,59:1|68:3,11977,11981,mp-aaacdnzr,mp-aaacdoad,59:1|68:3,False,recorded_during_training
11,0.1017820875745201,0.1010767417554916,0.0034054924002475,0.998749298463406,0.000245138478931,0.0980513766407966,0.0025001023680583,0.0334586613558522,True,True,joint,900,train,62:3|69:1,12147,12167,mp-aaacdsei,mp-aaacdspp,62:3|69:1,False,recorded_during_training
12,0.2569476258940995,0.2583341461249802,0.0036315764700702,0.9998476333973538,0.0002663494669832,0.586344838142395,0.0004542539639763,0.0141335280193132,True,True,joint,900,train,48:2|71:1,12799,13366,mp-aaacfkmg,mp-aaacilmc,48:2|71:1,False,recorded_during_training
13,0.3711048242627939,0.3676202763484752,0.0068825536785297,0.9994603426863518,0.0013567609712481,1.2508291006088257,0.0010846893237355,0.0185461175079091,True,True,joint,900,train,15:1|20:3|83:1,12895,12903,mp-aaacfrja,mp-aaacfroo,15:1|20:3|83:1,False,recorded_during_training
14,0.3156082618079381,0.3126990516802834,0.0043086189371024,0.9999254548657076,0.0006025767652317,2.3338234424591064,0.000258192952504,0.0136517938802388,True,True,joint,900,train,46:2|51:2|57:2,13082,13180,mp-aaacfzan,mp-aaacgikg,46:1|51:1|57:1,False,recorded_during_training
15,0.2423462098959135,0.2450453371657204,0.0028925494643772,0.999982613255385,7.079836359480396e-05,0.575656533241272,0.0001229871624945,0.0119356084240787,True,True,joint,900,train,19:3|31:1,15832,15834,mp-aaacpkso,mp-aaacpktf,19:3|31:1,False,recorded_during_training
0,0.2116293776424527,0.2121450529957655,0.0032042431611216,0.999893857123609,7.33579508960247e-05,0.3378577530384063,0.0002171267352496,0.0151408240047618,True,True,joint,1000,train,15:16|48:8,423,3943,mp-aaaaabjd,mp-aaaaarxw,15:2|48:1,False,recorded_during_training
1,0.2833879719401011,0.2849447706298065,0.0042022256979521,0.9999360859750523,0.000186401681276,1.2531861066818235,0.0001487422181607,0.0148285252517363,True,True,joint,1000,train,8:3|60:2,1183,2658,mp-aaaaaech,mp-aaaaalty,8:3|60:2,False,recorded_during_training
2,0.1626892907661385,0.1629954183881636,0.0019593537726905,0.9999355448840976,2.975878487632144e-05,0.2212611436843872,0.00013449620833,0.0120435325734318,True,True,joint,1000,train,16:6|19:2|42:6,2704,14113,mp-aaaaamae,mp-aaackvdk,16:3|19:1|42:3,False,recorded_during_training
3,0.4171052366407366,0.419988355626856,0.0097369232053097,0.9998329715958402,0.0011159020941704,2.3175158500671387,0.0004815078585711,0.0233440444999648,True,True,joint,1000,train,8:3|68:2,4142,18148,mp-aaaaatio,mp-aaacrsyy,8:3|68:2,False,recorded_during_training
4,0.2721211942498485,0.2733449614022447,0.0031334459088157,0.9999373167100616,8.349440031452104e-05,0.6183542609214783,0.0001350268051684,0.0115148910670248,True,True,joint,1000,train,8:16|11:2|41:6,4399,9528,mp-aaaaavmx,mp-aaabjmwk,8:8|11:1|41:3,False,recorded_during_training
5,0.2394487393903546,0.2419161048892419,0.003075794171309,0.9999841313923604,0.0002255481667816,0.8398832082748413,0.000268547060543,0.012845313694865,True,True,joint,1000,train,28:2|83:2,5792,12620,mp-aaaabhvh,mp-aaacewhi,28:1|83:1,False,recorded_during_training
6,0.3213603106123628,0.3230169623725487,0.0032222214226749,0.9999603463435476,8.53448364068754e-05,0.8843270540237427,9.650822737871824e-05,0.0100268182356896,True,True,joint,1000,train,8:8|23:2|83:2,5885,7789,mp-aaaabici,mp-aaabfbmg,8:4|23:1|83:1,False,recorded_during_training
7,0.7221765882568434,0.723257248616676,0.0060122912466908,0.9999853224032508,0.0005746464594267,15.503423690795898,3.706577791380933e-05,0.0083252369911396,True,True,joint,1000,train,8:12|11:4|17:4,6004,8109,mp-aaaabini,mp-aaabfqcc,8:3|11:1|17:1,False,recorded_during_training
8,0.2874588755028924,0.2873215573781635,0.0052013307183358,0.9998366319484888,0.0004399337340146,1.333327293395996,0.000329951795177,0.0180941733290941,True,True,joint,1000,train,8:6|37:4|40:2,10121,10417,mp-aaabqvan,mp-aaabraoy,8:3|37:2|40:1,False,recorded_during_training
9,0.3300182820821646,0.3313174607212659,0.0055610769816212,0.9999309003240788,0.000286959199002,2.026646614074707,0.0001415931110086,0.0168508148898147,True,True,joint,1000,train,8:18|56:8|73:4,10582,16766,mp-aaabruec,mp-aaacpwra,8:9|56:4|73:2,False,recorded_during_training
10,0.1434457298446432,0.1407944767574349,0.007981062024271,0.9981114368719184,0.0006683714454993,0.1721307337284088,0.0038829291610057,0.0556381987314285,True,True,joint,1000,train,59:1|68:3,11977,11981,mp-aaacdnzr,mp-aaacdoad,59:1|68:3,False,recorded_during_training
11,0.1017820875745201,0.1014047076721453,0.0029443057239859,0.9989354894760788,0.0002094261290039,0.0980513766407966,0.0021358815773816,0.0289275430888591,True,True,joint,1000,train,62:3|69:1,12147,12167,mp-aaacdsei,mp-aaacdspp,62:3|69:1,False,recorded_during_training
12,0.2569476258940995,0.2560661306706606,0.0027529874714673,0.9998482912943568,0.0001784633204806,0.586344838142395,0.00030436580809,0.0107141969570171,True,True,joint,1000,train,48:2|71:1,12799,13366,mp-aaacfkmg,mp-aaacilmc,48:2|71:1,False,recorded_during_training
13,0.3711048242627939,0.3701441343531542,0.0087680785630581,0.999385644024154,0.0015587776433676,1.2508291006088257,0.001246195537511,0.0236269592573368,True,True,joint,1000,train,15:1|20:3|83:1,12895,12903,mp-aaacfrja,mp-aaacfroo,15:1|20:3|83:1,False,recorded_during_training
14,0.3156082618079381,0.3172402948148374,0.0051170611659472,0.9999421424650138,0.0005289931432344,2.3338234424591064,0.000226663737115,0.0162133308444922,True,True,joint,1000,train,46:2|51:2|57:2,13082,13180,mp-aaacfzan,mp-aaacgikg,46:1|51:1|57:1,False,recorded_during_training
15,0.2423462098959135,0.2434588839132629,0.0016699830339348,0.9999816865124168,2.4204180590459146e-05,0.575656533241272,4.20462188697415e-05,0.0068908980860566,True,True,joint,1000,train,19:3|31:1,15832,15834,mp-aaacpkso,mp-aaacpktf,19:3|31:1,False,recorded_during_training
0,0.2116293776424527,0.2116072964417981,0.0025433368917902,0.9999360694635412,4.332824755692855e-05,0.3378577530384063,0.0001282440529106,0.0120178820167735,True,True,joint,1100,train,15:16|48:8,423,3943,mp-aaaaabjd,mp-aaaaarxw,15:2|48:1,False,recorded_during_training
1,0.2833879719401011,0.2835965440650625,0.0027195003973474,0.9999711978140812,7.260178244905546e-05,1.2531861066818235,5.793375944877804e-05,0.0095963861088722,True,True,joint,1100,train,8:3|60:2,1183,2658,mp-aaaaaech,mp-aaaaalty,8:3|60:2,False,recorded_during_training
2,0.1626892907661385,0.1626497197139542,0.0018799483950715,0.9999326308687944,2.99011699098628e-05,0.2212611436843872,0.0001351397240923,0.0115554526436157,True,True,joint,1100,train,16:6|19:2|42:6,2704,14113,mp-aaaaamae,mp-aaackvdk,16:3|19:1|42:3,False,recorded_during_training
3,0.4171052366407366,0.4173186723107847,0.003113810483228,0.9999798463305184,0.000107746454887,2.3175158500671387,4.649221919408693e-05,0.0074652874375442,True,True,joint,1100,train,8:3|68:2,4142,18148,mp-aaaaatio,mp-aaacrsyy,8:3|68:2,False,recorded_during_training
4,0.2721211942498485,0.2727449457938746,0.0039178043857646,0.9999075722795504,0.0001183137646876,0.6183542609214783,0.0001913365398522,0.0143972776415477,True,True,joint,1100,train,8:16|11:2|41:6,4399,9528,mp-aaaaavmx,mp-aaabjmwk,8:8|11:1|41:3,False,recorded_during_training
5,0.2394487393903546,0.2387992627627682,0.0028779655985999,0.999948403054889,0.0001158330051111,0.8398832082748413,0.0001379156101348,0.0120191302987328,True,True,joint,1100,train,28:2|83:2,5792,12620,mp-aaaabhvh,mp-aaacewhi,28:1|83:1,False,recorded_during_training
6,0.3213603106123628,0.3213640322542233,0.0030713556811861,0.9999572034668908,7.653087959624827e-05,0.8843270540237427,8.654137544252213e-05,0.0095573584532997,True,True,joint,1100,train,8:8|23:2|83:2,5885,7789,mp-aaaabici,mp-aaabfbmg,8:4|23:1|83:1,False,recorded_during_training
7,0.7221765882568434,0.7257398781355278,0.0058495864493579,0.9999893795214492,0.0003316339571028,15.503423690795898,2.139101425059936e-05,0.0080999391900496,True,True,joint,1100,train,8:12|11:4|17:4,6004,8109,mp-aaaabini,mp-aaabfqcc,8:3|11:1|17:1,False,recorded_during_training
8,0.2874588755028924,0.2874162954872759,0.0025369127572787,0.9999666657591764,9.455591498408468e-05,1.333327293395996,7.091725748990703e-05,0.008825306760282,True,True,joint,1100,train,8:6|37:4|40:2,10121,10417,mp-aaabqvan,mp-aaabraoy,8:3|37:2|40:1,False,recorded_during_training
9,0.3300182820821646,0.3301305771531133,0.0029135463194052,0.9999802424605893,8.324524242198095e-05,2.026646614074707,4.107536155729236e-05,0.0088284391428952,True,True,joint,1100,train,8:18|56:8|73:4,10582,16766,mp-aaabruec,mp-aaacpwra,8:9|56:4|73:2,False,recorded_during_training
10,0.1434457298446432,0.1393007990925525,0.0064929336092518,0.9983678387779276,0.0005622766329906,0.1721307337284088,0.0032665673399025,0.0452640424799255,True,True,joint,1100,train,59:1|68:3,11977,11981,mp-aaacdnzr,mp-aaacdoad,59:1|68:3,False,recorded_during_training
11,0.1017820875745201,0.1014722676602559,0.0037866367717924,0.9990730227924988,0.0001817164302337,0.0980513766407966,0.0018532777046006,0.0372033710648749,True,True,joint,1100,train,62:3|69:1,12147,12167,mp-aaacdsei,mp-aaacdspp,62:3|69:1,False,recorded_during_training
12,0.2569476258940995,0.255256530996121,0.0047656290771556,0.9998084673640356,0.0002356794575462,0.586344838142395,0.0004019468446125,0.0185470835177895,True,True,joint,1100,train,48:2|71:1,12799,13366,mp-aaacfkmg,mp-aaacilmc,48:2|71:1,False,recorded_during_training
13,0.3711048242627939,0.3676957772710238,0.0063878137189803,0.9994728110427242,0.0013199767563492,1.2508291006088257,0.0010552814574802,0.0172129632959362,True,True,joint,1100,train,15:1|20:3|83:1,12895,12903,mp-aaacfrja,mp-aaacfroo,15:1|20:3|83:1,False,recorded_during_training
14,0.3156082618079381,0.3139613530847782,0.0039326927699221,0.9999363808207202,0.0003016884147655,2.3338234424591064,0.0001292678825985,0.0124606775101323,True,True,joint,1100,train,46:2|51:2|57:2,13082,13180,mp-aaacfzan,mp-aaacgikg,46:1|51:1|57:1,False,recorded_during_training
15,0.2423462098959135,0.2420649044288438,0.0017217458735103,0.9999784335288896,3.3920623536687344e-05,0.575656533241272,5.892510825108688e-05,0.0071044885506971,True,True,joint,1100,train,19:3|31:1,15832,15834,mp-aaacpkso,mp-aaacpktf,19:3|31:1,False,recorded_during_training
0,0.2116293776424527,0.211226272265776,0.0027820096346431,0.9998969359995264,7.347677455982193e-05,0.3378577530384063,0.0002174784325623,0.0131456684588627,True,True,joint,1200,train,15:16|48:8,423,3943,mp-aaaaabjd,mp-aaaaarxw,15:2|48:1,False,recorded_during_training
1,0.2833879719401011,0.2851532040389202,0.0042420394150894,0.9999120222085152,0.0002529873454477,1.2531861066818235,0.0002018753193151,0.014969017160637,True,True,joint,1200,train,8:3|60:2,1183,2658,mp-aaaaaech,mp-aaaaalty,8:3|60:2,False,recorded_during_training
2,0.1626892907661385,0.1620482742146123,0.0031010564125608,0.9998171406722464,8.45070680952631e-05,0.2212611436843872,0.0003819336133225,0.0190612203050202,True,True,joint,1200,train,16:6|19:2|42:6,2704,14113,mp-aaaaamae,mp-aaackvdk,16:3|19:1|42:3,False,recorded_during_training
3,0.4171052366407366,0.4166444935781328,0.0051510954497189,0.9999523239307336,0.0002621105813886,2.3175158500671387,0.0001130998009705,0.0123496302544762,True,True,joint,1200,train,8:3|68:2,4142,18148,mp-aaaaatio,mp-aaacrsyy,8:3|68:2,False,recorded_during_training
4,0.2721211942498485,0.2712851538699397,0.004767167335558,0.9998755355800888,0.0001716584083624,0.6183542609214783,0.0002776052810028,0.0175185448112544,True,True,joint,1200,train,8:16|11:2|41:6,4399,9528,mp-aaaaavmx,mp-aaabjmwk,8:8|11:1|41:3,False,recorded_during_training
5,0.2394487393903546,0.23830991415889,0.0024434834776911,0.999964272635332,7.236881356220692e-05,0.8398832082748413,8.616532971394415e-05,0.0102046203455169,True,True,joint,1200,train,28:2|83:2,5792,12620,mp-aaaabhvh,mp-aaacewhi,28:1|83:1,False,recorded_during_training
6,0.3213603106123628,0.319205062607125,0.0045141055429667,0.9999287203277496,0.0001645117881707,0.8843270540237427,0.0001860304820736,0.0140468670022285,True,True,joint,1200,train,8:8|23:2|83:2,5885,7789,mp-aaaabici,mp-aaabfbmg,8:4|23:1|83:1,False,recorded_during_training
7,0.7221765882568434,0.7234771342166368,0.0059545734814037,0.9999808740774386,0.0006278045475482,15.503423690795898,4.049457462231457e-05,0.0082453150354494,True,True,joint,1200,train,8:12|11:4|17:4,6004,8109,mp-aaaabini,mp-aaabfqcc,8:3|11:1|17:1,False,recorded_during_training
8,0.2874588755028924,0.287453552976217,0.0033178479312425,0.9999371253594193,0.0001680135028436,1.333327293395996,0.0001260106979552,0.0115419916168467,True,True,joint,1200,train,8:6|37:4|40:2,10121,10417,mp-aaabqvan,mp-aaabraoy,8:3|37:2|40:1,False,recorded_during_training
9,0.3300182820821646,0.3294794522005304,0.0057089373656253,0.9998944129926473,0.0004552598111331,2.026646614074707,0.0002246369978719,0.0172988518381658,True,True,joint,1200,train,8:18|56:8|73:4,10582,16766,mp-aaabruec,mp-aaacpwra,8:9|56:4|73:2,False,recorded_during_training
10,0.1434457298446432,0.1393542926689406,0.0072933229507725,0.9982272652484993,0.0006097594741731,0.1721307337284088,0.0035424206994625,0.050843778749437,True,True,joint,1200,train,59:1|68:3,11977,11981,mp-aaacdnzr,mp-aaacdoad,59:1|68:3,False,recorded_during_training
11,0.1017820875745201,0.1016672778464453,0.004102744444026,0.9994145349693656,0.0001148654264397,0.0980513766407966,0.0011714820370201,0.0403091009606399,True,True,joint,1200,train,62:3|69:1,12147,12167,mp-aaacdsei,mp-aaacdspp,62:3|69:1,False,recorded_during_training
12,0.2569476258940995,0.2541259307472501,0.0049672924506012,0.9998838580423244,0.0002236445143353,0.586344838142395,0.0003814214772382,0.0193319258479877,True,True,joint,1200,train,48:2|71:1,12799,13366,mp-aaacfkmg,mp-aaacilmc,48:2|71:1,False,recorded_during_training
13,0.3711048242627939,0.3698559789684168,0.0112810175719104,0.9991655884945742,0.0020867104176431,1.2508291006088257,0.0016682618086095,0.0303984665096186,True,True,joint,1200,train,15:1|20:3|83:1,12895,12903,mp-aaacfrja,mp-aaacfroo,15:1|20:3|83:1,False,recorded_during_training
14,0.3156082618079381,0.314205668069917,0.0054331270839611,0.999876597311714,0.0007633627392351,2.3338234424591064,0.0003270867561561,0.0172147809212531,True,True,joint,1200,train,46:2|51:2|57:2,13082,13180,mp-aaacfzan,mp-aaacgikg,46:1|51:1|57:1,False,recorded_during_training
15,0.2423462098959135,0.2365996118533075,0.0072227751297759,0.9998937493270924,0.0006242339732125,0.575656533241272,0.0010843861524471,0.0298035406985656,True,True,joint,1200,train,19:3|31:1,15832,15834,mp-aaacpkso,mp-aaacpktf,19:3|31:1,False,recorded_during_training
0,0.2116293776424527,0.2113274447765434,0.0027683447143544,0.9999135427493848,5.873509871889837e-05,0.3378577530384063,0.0001738456441821,0.0130810984051165,True,True,joint,1300,train,15:16|48:8,423,3943,mp-aaaaabjd,mp-aaaaarxw,15:2|48:1,False,recorded_during_training
1,0.2833879719401011,0.2813382011601675,0.0038475904268011,0.9999757150071577,0.0002114869712386,1.2531861066818235,0.0001687594285565,0.0135771126786369,True,True,joint,1300,train,8:3|60:2,1183,2658,mp-aaaaaech,mp-aaaaalty,8:3|60:2,False,recorded_during_training
2,0.1626892907661385,0.1619056210911367,0.0025474069698248,0.999880210977054,6.058612780179829e-05,0.2212611436843872,0.0002738218143182,0.0156581109784702,True,True,joint,1300,train,16:6|19:2|42:6,2704,14113,mp-aaaaamae,mp-aaackvdk,16:3|19:1|42:3,False,recorded_during_training
3,0.4171052366407366,0.415288379133699,0.0036791227948924,0.9999892681621806,0.0001800581667339,2.3175158500671387,7.769447045150808e-05,0.0088206104160264,True,True,joint,1300,train,8:3|68:2,4142,18148,mp-aaaaatio,mp-aaacrsyy,8:3|68:2,False,recorded_during_training
4,0.2721211942498485,0.2705271654431271,0.0030040369019843,0.999960331526702,9.108874655794352e-05,0.6183542609214783,0.0001473083510772,0.0110393345518916,True,True,joint,1300,train,8:16|11:2|41:6,4399,9528,mp-aaaaavmx,mp-aaabjmwk,8:8|11:1|41:3,False,recorded_during_training
5,0.2394487393903546,0.2388902251550462,0.0010706383327487,0.999993206919368,2.426814535283484e-05,0.8398832082748413,2.889466667952884e-05,0.0044712631834048,True,True,joint,1300,train,28:2|83:2,5792,12620,mp-aaaabhvh,mp-aaacewhi,28:1|83:1,False,recorded_during_training
6,0.3213603106123628,0.3200296796362636,0.0024599916300758,0.9999793819661428,6.420570571208373e-05,0.8843270540237427,7.26040274578775e-05,0.0076549329485903,True,True,joint,1300,train,8:8|23:2|83:2,5885,7789,mp-aaaabici,mp-aaabfbmg,8:4|23:1|83:1,False,recorded_during_training
7,0.7221765882568434,0.7245970938474784,0.0040811191083776,0.9999942779107232,0.0001987802825169,15.503423690795898,1.282170225632007e-05,0.0056511373737944,True,True,joint,1300,train,8:12|11:4|17:4,6004,8109,mp-aaaabini,mp-aaabfqcc,8:3|11:1|17:1,False,recorded_during_training
8,0.2874588755028924,0.2864018411005986,0.0027121114920021,0.9999802554749762,0.0001192607742268,1.333327293395996,8.944598585625664e-05,0.0094347808438944,True,True,joint,1300,train,8:6|37:4|40:2,10121,10417,mp-aaabqvan,mp-aaabraoy,8:3|37:2|40:1,False,recorded_during_training
9,0.3300182820821646,0.3288548672437628,0.002716051721336,0.999988269925094,0.0001007877435768,2.026646614074707,4.973128658782889e-05,0.0082300038173637,True,True,joint,1300,train,8:18|56:8|73:4,10582,16766,mp-aaabruec,mp-aaacpwra,8:9|56:4|73:2,False,recorded_during_training
10,0.1434457298446432,0.138350785057014,0.0064957332539279,0.998447425612101,0.0005613539251498,0.1721307337284088,0.0032612068338452,0.0452835595800798,True,True,joint,1300,train,59:1|68:3,11977,11981,mp-aaacdnzr,mp-aaacdoad,59:1|68:3,False,recorded_during_training
11,0.1017820875745201,0.1009226592370851,0.0019099140433809,0.9998565545274272,3.544742503436282e-05,0.0980513766407966,0.0003615188919195,0.0187647363980678,True,True,joint,1300,train,62:3|69:1,12147,12167,mp-aaacdsei,mp-aaacdspp,62:3|69:1,False,recorded_during_training
12,0.2569476258940995,0.2556043102813419,0.0035119732201565,0.999926182427826,9.93991270661354e-05,0.586344838142395,0.0001695233258657,0.013668050864202,True,True,joint,1300,train,48:2|71:1,12799,13366,mp-aaacfkmg,mp-aaacilmc,48:2|71:1,False,recorded_during_training
13,0.3711048242627939,0.3648438294524112,0.008820995745701,0.9994860242466554,0.0014903543051332,1.2508291006088257,0.0011914931499497,0.023769552883674,True,True,joint,1300,train,15:1|20:3|83:1,12895,12903,mp-aaacfrja,mp-aaacfroo,15:1|20:3|83:1,False,recorded_during_training
14,0.3156082618079381,0.3130612377590296,0.0038734197314624,0.9999845248985852,0.0004863946815021,2.3338234424591064,0.0002084110874255,0.012272871785022,True,True,joint,1300,train,46:2|51:2|57:2,13082,13180,mp-aaacfzan,mp-aaacgikg,46:1|51:1|57:1,False,recorded_during_training
15,0.2423462098959135,0.2419959094568184,0.001925801845573,0.999980449013578,2.804077666951344e-05,0.575656533241272,4.871095010705081e-05,0.0079464904625499,True,True,joint,1300,train,19:3|31:1,15832,15834,mp-aaacpkso,mp-aaacpktf,19:3|31:1,False,recorded_during_training
0,0.2116293776424527,0.2122656252759043,0.0014541191281978,0.9999796494946892,1.7081341866287403e-05,0.3378577530384063,5.055779159327346e-05,0.0068710646149257,True,True,joint,1400,train,15:16|48:8,423,3943,mp-aaaaabjd,mp-aaaaarxw,15:2|48:1,False,recorded_during_training
1,0.2833879719401011,0.2846990040717969,0.002345144869821,0.99998167250135,6.164414662634954e-05,1.2531861066818235,4.918993778950392e-05,0.0082753860503181,True,True,joint,1400,train,8:3|60:2,1183,2658,mp-aaaaaech,mp-aaaaalty,8:3|60:2,False,recorded_during_training
2,0.1626892907661385,0.16266686929157,0.0015657624462619,0.9999552488823764,1.9831186364172027e-05,0.2212611436843872,8.962796645605231e-05,0.0096242502434452,True,True,joint,1400,train,16:6|19:2|42:6,2704,14113,mp-aaaaamae,mp-aaackvdk,16:3|19:1|42:3,False,recorded_during_training
3,0.4171052366407366,0.417749226297019,0.004441411318794,0.99995039719309,0.0002314668090548,2.3175158500671387,9.987712017077728e-05,0.0106481792330494,True,True,joint,1400,train,8:3|68:2,4142,18148,mp-aaaaatio,mp-aaacrsyy,8:3|68:2,False,recorded_during_training
4,0.2721211942498485,0.2736674683460478,0.0028286876772654,0.99996411595376,6.06874018558301e-05,0.6183542609214783,9.814341986645822e-05,0.0103949553986899,True,True,joint,1400,train,8:16|11:2|41:6,4399,9528,mp-aaaaavmx,mp-aaabjmwk,8:8|11:1|41:3,False,recorded_during_training
5,0.2394487393903546,0.2398446869337931,0.0009219373459927,0.9999957202804454,9.967527148546653e-06,0.8398832082748413,1.186775381427188e-05,0.0038502493199173,True,True,joint,1400,train,28:2|83:2,5792,12620,mp-aaaabhvh,mp-aaacewhi,28:1|83:1,False,recorded_during_training
6,0.3213603106123628,0.3227487539356843,0.0021721401085414,0.9999839845200542,4.197913222014904e-05,0.8843270540237427,4.747014357317397e-05,0.0067592046584794,True,True,joint,1400,train,8:8|23:2|83:2,5885,7789,mp-aaaabici,mp-aaabfbmg,8:4|23:1|83:1,False,recorded_during_training
7,0.7221765882568434,0.7238021673139201,0.0029704577492566,0.999997397244774,8.092899952316657e-05,15.503423690795898,5.220072748912399e-06,0.0041132013936184,True,True,joint,1400,train,8:12|11:4|17:4,6004,8109,mp-aaaabini,mp-aaabfqcc,8:3|11:1|17:1,False,recorded_during_training
8,0.2874588755028924,0.2881126267413378,0.0031869172234166,0.9999504358803668,0.0001420328189851,1.333327293395996,0.0001065250967925,0.0110865153070725,True,True,joint,1400,train,8:6|37:4|40:2,10121,10417,mp-aaabqvan,mp-aaabraoy,8:3|37:2|40:1,False,recorded_during_training
9,0.3300182820821646,0.3309024745667557,0.0028778973337466,0.999975455366249,0.0001004087171168,2.026646614074707,4.9544265102502645e-05,0.0087204178980307,True,True,joint,1400,train,8:18|56:8|73:4,10582,16766,mp-aaabruec,mp-aaacpwra,8:9|56:4|73:2,False,recorded_during_training
10,0.1434457298446432,0.1395167153107195,0.0051186732491714,0.9986761382100712,0.0004593185149133,0.1721307337284088,0.0026684282635897,0.0356836920465682,True,True,joint,1400,train,59:1|68:3,11977,11981,mp-aaacdnzr,mp-aaacdoad,59:1|68:3,False,recorded_during_training
11,0.1017820875745201,0.1014624409144744,0.0016902946858863,0.9998617238108182,2.7776068236562423e-05,0.0980513766407966,0.0002832807573759,0.016606995652833,True,True,joint,1400,train,62:3|69:1,12147,12167,mp-aaacdsei,mp-aaacdspp,62:3|69:1,False,recorded_during_training
12,0.2569476258940995,0.2555906037450768,0.0042749777785502,0.9999141805934216,0.0001574297784827,0.586344838142395,0.0002684935011648,0.0166375453506317,True,True,joint,1400,train,48:2|71:1,12799,13366,mp-aaacfkmg,mp-aaacilmc,48:2|71:1,False,recorded_during_training
13,0.3711048242627939,0.3681483706018298,0.0063664063113364,0.999500974371428,0.0012553401757031,1.2508291006088257,0.0010036064679756,0.0171552776873311,True,True,joint,1400,train,15:1|20:3|83:1,12895,12903,mp-aaacfrja,mp-aaacfroo,15:1|20:3|83:1,False,recorded_during_training
14,0.3156082618079381,0.3144342312007211,0.0046892682148609,0.9999254247199196,0.0007190073374658,2.3338234424591064,0.0003080812902917,0.014857875354716,True,True,joint,1400,train,46:2|51:2|57:2,13082,13180,mp-aaacfzan,mp-aaacgikg,46:1|51:1|57:1,False,recorded_during_training
15,0.2423462098959135,0.2410483177918649,0.0023075721655914,0.9999920635800478,4.4058848288841546e-05,0.575656533241272,7.653669461678008e-05,0.0095218000998757,True,True,joint,1400,train,19:3|31:1,15832,15834,mp-aaacpkso,mp-aaacpktf,19:3|31:1,False,recorded_during_training
0,0.2116293776424527,0.2118373369594337,0.0033373477291434,0.999878143242256,8.234151755459607e-05,0.3378577530384063,0.0002437165251177,0.0157697752850827,True,True,joint,1500,train,15:16|48:8,423,3943,mp-aaaaabjd,mp-aaaaarxw,15:2|48:1,False,recorded_during_training
1,0.2833879719401011,0.2825187256123058,0.0027537014786389,0.9999658679329289,0.000107370353362,1.2531861066818235,8.567789954706067e-05,0.0097170725341194,True,True,joint,1500,train,8:3|60:2,1183,2658,mp-aaaaaech,mp-aaaaalty,8:3|60:2,False,recorded_during_training
2,0.1626892907661385,0.1622910758014768,0.0018086786731146,0.9999548923773208,2.4458653570036404e-05,0.2212611436843872,0.0001105420190945,0.0111173800352633,True,True,joint,1500,train,16:6|19:2|42:6,2704,14113,mp-aaaaamae,mp-aaackvdk,16:3|19:1|42:3,False,recorded_during_training
3,0.4171052366407366,0.4162088674961524,0.0034207554783733,0.9999830607095418,0.0001310977095272,2.3175158500671387,5.656820406360599e-05,0.0082011808480836,True,True,joint,1500,train,8:3|68:2,4142,18148,mp-aaaaatio,mp-aaacrsyy,8:3|68:2,False,recorded_during_training
4,0.2721211942498485,0.2706444462487525,0.0034115072389795,0.9999455508537464,9.59595199674368e-05,0.6183542609214783,0.0001551853460578,0.0125367200757147,True,True,joint,1500,train,8:16|11:2|41:6,4399,9528,mp-aaaaavmx,mp-aaabjmwk,8:8|11:1|41:3,False,recorded_during_training
5,0.2394487393903546,0.2371517460269387,0.0027798359806183,0.9999704501627324,0.0002097361139021,0.8398832082748413,0.0002497205704743,0.0116093155791754,True,True,joint,1500,train,28:2|83:2,5792,12620,mp-aaaabhvh,mp-aaacewhi,28:1|83:1,False,recorded_during_training
6,0.3213603106123628,0.3187096830342852,0.0033489718598502,0.9999773561146004,0.0001112512036343,0.8843270540237427,0.0001258032343668,0.0104212366905816,True,True,joint,1500,train,8:8|23:2|83:2,5885,7789,mp-aaaabici,mp-aaabfbmg,8:4|23:1|83:1,False,recorded_during_training
7,0.7221765882568434,0.7237467961924722,0.0031414960060374,0.9999964696803524,0.0001132343386416,15.503423690795898,7.3038279092415905e-06,0.0043500385599874,True,True,joint,1500,train,8:12|11:4|17:4,6004,8109,mp-aaaabini,mp-aaabfqcc,8:3|11:1|17:1,False,recorded_during_training
8,0.2874588755028924,0.2863045832619377,0.0029158101558834,0.9999653267024364,0.0001284627360291,1.333327293395996,9.634748847147815e-05,0.0101433992976645,True,True,joint,1500,train,8:6|37:4|40:2,10121,10417,mp-aaabqvan,mp-aaabraoy,8:3|37:2|40:1,False,recorded_during_training
9,0.3300182820821646,0.3285503740680724,0.0036446584763325,0.9999709418899996,0.0002068814501399,2.026646614074707,0.000102080672922,0.0110438077955485,True,True,joint,1500,train,8:18|56:8|73:4,10582,16766,mp-aaabruec,mp-aaacpwra,8:9|56:4|73:2,False,recorded_during_training
10,0.1434457298446432,0.1393602167242988,0.004915796249179,0.9988127884744464,0.0004226081364322,0.1721307337284088,0.0024551579330338,0.034269380165607,True,True,joint,1500,train,59:1|68:3,11977,11981,mp-aaacdnzr,mp-aaacdoad,59:1|68:3,False,recorded_during_training
11,0.1017820875745201,0.1013697822299946,0.0017014082445712,0.9998597779616288,2.8940699849044904e-05,0.0980513766407966,0.0002951585264842,0.0167161853830667,True,True,joint,1500,train,62:3|69:1,12147,12167,mp-aaacdsei,mp-aaacdspp,62:3|69:1,False,recorded_during_training
12,0.2569476258940995,0.2537861634627916,0.0039798522484488,0.9999629348679734,0.0002005210990319,0.586344838142395,0.0003419849310299,0.0154889629145247,True,True,joint,1500,train,48:2|71:1,12799,13366,mp-aaacfkmg,mp-aaacilmc,48:2|71:1,False,recorded_during_training
13,0.3711048242627939,0.3669170203075964,0.0066645521142945,0.9995022388611592,0.0012917767744511,1.2508291006088257,0.0010327364256415,0.0179586781916235,True,True,joint,1500,train,15:1|20:3|83:1,12895,12903,mp-aaacfrja,mp-aaacfroo,15:1|20:3|83:1,False,recorded_during_training
14,0.3156082618079381,0.3147235545357034,0.0029038342354397,0.9999751434390256,0.0001524063118267,2.3338234424591064,6.530327404124141e-05,0.0092007548180308,True,True,joint,1500,train,46:2|51:2|57:2,13082,13180,mp-aaacfzan,mp-aaacgikg,46:1|51:1|57:1,False,recorded_during_training
15,0.2423462098959135,0.2405362076005985,0.0027311155481584,0.9999867510646668,8.085188164841384e-05,0.575656533241272,0.0001404516008759,0.0112694791031863,True,True,joint,1500,train,19:3|31:1,15832,15834,mp-aaacpkso,mp-aaacpktf,19:3|31:1,False,recorded_during_training
0,0.2116293776424527,0.2129968166846083,0.0042450150596096,0.9998313149547068,0.0001338171277893,0.3378577530384063,0.0003960753500132,0.0200587229755103,True,True,joint,1600,train,15:16|48:8,423,3943,mp-aaaaabjd,mp-aaaaarxw,15:2|48:1,False,recorded_during_training
1,0.2833879719401011,0.2894038741255258,0.0074795528184381,0.999938655425776,0.0008599327993579,1.2531861066818235,0.0006861972014953,0.0263933319654762,True,True,joint,1600,train,8:3|60:2,1183,2658,mp-aaaaaech,mp-aaaaalty,8:3|60:2,False,recorded_during_training
2,0.1626892907661385,0.1620478220283985,0.0021170467953197,0.9999249681293954,3.763566201087088e-05,0.2212611436843872,0.0001700961198345,0.0130128220815896,True,True,joint,1600,train,16:6|19:2|42:6,2704,14113,mp-aaaaamae,mp-aaackvdk,16:3|19:1|42:3,False,recorded_during_training
3,0.4171052366407366,0.4213509151031758,0.0069589647730481,0.9999404528109924,0.0006883174064569,2.3175158500671387,0.0002970065583098,0.0166839544597759,True,True,joint,1600,train,8:3|68:2,4142,18148,mp-aaaaatio,mp-aaacrsyy,8:3|68:2,False,recorded_during_training
4,0.2721211942498485,0.2735168868298387,0.0043625457878988,0.9998901938815428,0.0001510758302174,0.6183542609214783,0.0002443192192001,0.0160316281130729,True,True,joint,1600,train,8:16|11:2|41:6,4399,9528,mp-aaaaavmx,mp-aaabjmwk,8:8|11:1|41:3,False,recorded_during_training
5,0.2394487393903546,0.2405612129077781,0.0024481882865075,0.9999816781315968,9.301960380980744e-05,0.8398832082748413,0.0001107530224361,0.0102242688466044,True,True,joint,1600,train,28:2|83:2,5792,12620,mp-aaaabhvh,mp-aaacewhi,28:1|83:1,False,recorded_during_training
6,0.3213603106123628,0.3237278159108427,0.0043274785462017,0.9999295270891102,0.0001689876808086,0.8843270540237427,0.0001910918364871,0.0134661263488188,True,True,joint,1600,train,8:8|23:2|83:2,5885,7789,mp-aaaabici,mp-aaabfbmg,8:4|23:1|83:1,False,recorded_during_training
7,0.7221765882568434,0.7261310723791894,0.0067629891512979,0.9999765966746276,0.0010195379145443,15.503423690795898,6.576211389679205e-05,0.0093647305399668,True,True,joint,1600,train,8:12|11:4|17:4,6004,8109,mp-aaaabini,mp-aaabfqcc,8:3|11:1|17:1,False,recorded_during_training
8,0.2874588755028924,0.290578368448223,0.0047466650264311,0.9999473589294536,0.0003259189543314,1.333327293395996,0.0002444403230517,0.016512501199092,True,True,joint,1600,train,8:6|37:4|40:2,10121,10417,mp-aaabqvan,mp-aaabraoy,8:3|37:2|40:1,False,recorded_during_training
9,0.3300182820821646,0.3335853472090093,0.00560261013743,0.9999553183750046,0.0005036808433942,2.026646614074707,0.0002485291909779,0.0169766659655392,True,True,joint,1600,train,8:18|56:8|73:4,10582,16766,mp-aaabruec,mp-aaacpwra,8:9|56:4|73:2,False,recorded_during_training
10,0.1434457298446432,0.1401133201622997,0.0048034221142643,0.9988327460717736,0.0004031143907923,0.1721307337284088,0.0023419082813436,0.0334859888786274,True,True,joint,1600,train,59:1|68:3,11977,11981,mp-aaacdnzr,mp-aaacdoad,59:1|68:3,False,recorded_during_training
11,0.1017820875745201,0.1018100689379934,0.0028253106988813,0.9997110670544348,5.666543438564986e-05,0.0980513766407966,0.0005779157450612,0.0277584275014285,True,True,joint,1600,train,62:3|69:1,12147,12167,mp-aaacdsei,mp-aaacdspp,62:3|69:1,False,recorded_during_training
12,0.2569476258940995,0.2535816658346448,0.0049487981887068,0.9999374417617704,0.0002609614457469,0.586344838142395,0.0004450647959547,0.0192599490712807,True,True,joint,1600,train,48:2|71:1,12799,13366,mp-aaacfkmg,mp-aaacilmc,48:2|71:1,False,recorded_during_training
13,0.3711048242627939,0.3708029143656404,0.0054421343954444,0.999884763456674,0.0002933946670964,1.2508291006088257,0.0002345601545036,0.0146646824283553,True,True,joint,1600,train,15:1|20:3|83:1,12895,12903,mp-aaacfrja,mp-aaacfroo,15:1|20:3|83:1,False,recorded_during_training
14,0.3156082618079381,0.3147725425060343,0.0051014832406508,0.9999490888395872,0.0004684094456024,2.3338234424591064,0.0002007047478745,0.0161639724240024,True,True,joint,1600,train,46:2|51:2|57:2,13082,13180,mp-aaacfzan,mp-aaacgikg,46:1|51:1|57:1,False,recorded_during_training
15,0.2423462098959135,0.2423456220731168,0.0022123640974314,0.9999731614562496,3.203360392944887e-05,0.575656533241272,5.564707786617405e-05,0.0091289403633818,True,True,joint,1600,train,19:3|31:1,15832,15834,mp-aaacpkso,mp-aaacpktf,19:3|31:1,False,recorded_during_training
0,0.2116293776424527,0.2122777509212028,0.0015592480577879,0.9999768586814568,1.9081522623309866e-05,0.3378577530384063,5.647797764504978e-05,0.0073678242366818,True,True,joint,1700,train,15:16|48:8,423,3943,mp-aaaaabjd,mp-aaaaarxw,15:2|48:1,False,recorded_during_training
1,0.2833879719401011,0.2820314014421683,0.002675817496879,0.9999769324595976,0.0001172753472928,1.2531861066818235,9.358174868648172e-05,0.0094422408917363,True,True,joint,1700,train,8:3|60:2,1183,2658,mp-aaaaaech,mp-aaaaalty,8:3|60:2,False,recorded_during_training
2,0.1626892907661385,0.1629411141620949,0.0014715813449583,0.99996263076833,1.6641664842609316e-05,0.2212611436843872,7.521277602337368e-05,0.0090453485784368,True,True,joint,1700,train,16:6|19:2|42:6,2704,14113,mp-aaaaamae,mp-aaackvdk,16:3|19:1|42:3,False,recorded_during_training
3,0.4171052366407366,0.4154682103935556,0.0036096186593113,0.9999748821942958,0.0001978121435968,2.3175158500671387,8.535524949746941e-05,0.0086539758847965,True,True,joint,1700,train,8:3|68:2,4142,18148,mp-aaaaatio,mp-aaacrsyy,8:3|68:2,False,recorded_during_training
4,0.2721211942498485,0.2714501102250324,0.0025712584997563,0.9999678595012272,4.873225771007128e-05,0.6183542609214783,7.88096092965381e-05,0.0094489461096351,True,True,joint,1700,train,8:16|11:2|41:6,4399,9528,mp-aaaaavmx,mp-aaabjmwk,8:8|11:1|41:3,False,recorded_during_training
5,0.2394487393903546,0.2406118520593736,0.0018721349479164,0.9999850569198284,4.787474244949408e-05,0.8398832082748413,5.700166639577305e-05,0.0078185207935653,True,True,joint,1700,train,28:2|83:2,5792,12620,mp-aaaabhvh,mp-aaacewhi,28:1|83:1,False,recorded_during_training
6,0.3213603106123628,0.3219483754232897,0.0020688906965915,0.9999814332981604,3.351383929839358e-05,0.8843270540237427,3.789756193243613e-05,0.0064379160346503,True,True,joint,1700,train,8:8|23:2|83:2,5885,7789,mp-aaaabici,mp-aaabfbmg,8:4|23:1|83:1,False,recorded_during_training
7,0.7221765882568434,0.72455064151427,0.0032769670010566,0.999996474864403,0.0001621520204935,15.503423690795898,1.0459110434412562e-05,0.0045376256366416,True,True,joint,1700,train,8:12|11:4|17:4,6004,8109,mp-aaaabini,mp-aaabfqcc,8:3|11:1|17:1,False,recorded_during_training
8,0.2874588755028924,0.2862568769575659,0.0024737941992896,0.999977659393834,0.0001094535837182,1.333327293395996,8.209055965508536e-05,0.0086057325416091,True,True,joint,1700,train,8:6|37:4|40:2,10121,10417,mp-aaabqvan,mp-aaabraoy,8:3|37:2|40:1,False,recorded_during_training
9,0.3300182820821646,0.3287455835240962,0.0035546243168482,0.9999680491332952,0.0002735462330747,2.026646614074707,0.0001349748057579,0.0107709921232887,True,True,joint,1700,train,8:18|56:8|73:4,10582,16766,mp-aaabruec,mp-aaacpwra,8:9|56:4|73:2,False,recorded_during_training
10,0.1434457298446432,0.140437518611634,0.0043936164915976,0.9988710032661842,0.0003886318008881,0.1721307337284088,0.0022577711282012,0.0306291201303523,True,True,joint,1700,train,59:1|68:3,11977,11981,mp-aaacdnzr,mp-aaacdoad,59:1|68:3,False,recorded_during_training
11,0.1017820875745201,0.1015689890250541,0.0028570561335072,0.9997022294457216,5.902090560994111e-05,0.0980513766407966,0.0006019385717159,0.0280703235863135,True,True,joint,1700,train,62:3|69:1,12147,12167,mp-aaacdsei,mp-aaacdspp,62:3|69:1,False,recorded_during_training
12,0.2569476258940995,0.255713833583286,0.0021711074805352,0.9999690600023744,4.755609552375972e-05,0.586344838142395,8.11060188990879e-05,0.0084496109780368,True,True,joint,1700,train,48:2|71:1,12799,13366,mp-aaacfkmg,mp-aaacilmc,48:2|71:1,False,recorded_during_training
13,0.3711048242627939,0.3702035896785673,0.0039721742286573,0.9999547752464792,0.0001359164598397,1.2508291006088257,0.0001086610950877,0.0107036448166583,True,True,joint,1700,train,15:1|20:3|83:1,12895,12903,mp-aaacfrja,mp-aaacfroo,15:1|20:3|83:1,False,recorded_during_training
14,0.3156082618079381,0.3134909786458593,0.0036315494799055,0.9999553299121297,0.0006398720433935,2.3338234424591064,0.0002741732865273,0.0115065095542887,True,True,joint,1700,train,46:2|51:2|57:2,13082,13180,mp-aaacfzan,mp-aaacgikg,46:1|51:1|57:1,False,recorded_during_training
15,0.2423462098959135,0.2428349008641817,0.0022045071473257,0.999958871757079,4.840404290007427e-05,0.575656533241272,8.408493625101782e-05,0.0090965200085968,True,True,joint,1700,train,19:3|31:1,15832,15834,mp-aaacpkso,mp-aaacpktf,19:3|31:1,False,recorded_during_training
0,0.2116293776424527,0.2109246161126066,0.0030821466551742,0.9999015764380498,7.187052688095719e-05,0.3378577530384063,0.0002127242196889,0.0145638884804619,True,True,joint,1800,train,15:16|48:8,423,3943,mp-aaaaabjd,mp-aaaaarxw,15:2|48:1,False,recorded_during_training
1,0.2833879719401011,0.2839564181796277,0.0020307124451619,0.9999813667093852,4.9800633860286325e-05,1.2531861066818235,3.973921638195308e-05,0.0071658385190433,True,True,joint,1800,train,8:3|60:2,1183,2658,mp-aaaaaech,mp-aaaaalty,8:3|60:2,False,recorded_during_training
2,0.1626892907661385,0.162483375519514,0.0013290443457663,0.999971978106554,1.244182749360334e-05,0.2212611436843872,5.623141635456199e-05,0.0081692183886693,True,True,joint,1800,train,16:6|19:2|42:6,2704,14113,mp-aaaaamae,mp-aaackvdk,16:3|19:1|42:3,False,recorded_during_training
3,0.4171052366407366,0.4180881043266709,0.002034852733459,0.9999931375362188,3.5399174521444365e-05,2.3175158500671387,1.5274620244957052e-05,0.0048785115954123,True,True,joint,1800,train,8:3|68:2,4142,18148,mp-aaaaatio,mp-aaacrsyy,8:3|68:2,False,recorded_during_training
4,0.2721211942498485,0.2732866686321813,0.0033459294893418,0.9999324494744716,0.0001024311859509,0.6183542609214783,0.0001656512980089,0.0122957327839367,True,True,joint,1800,train,8:16|11:2|41:6,4399,9528,mp-aaaaavmx,mp-aaabjmwk,8:8|11:1|41:3,False,recorded_during_training
5,0.2394487393903546,0.2393696795916184,0.0031278326059691,0.9999479235738096,9.572487033437936e-05,0.8398832082748413,0.0001139740256636,0.0130626396861922,True,True,joint,1800,train,28:2|83:2,5792,12620,mp-aaaabhvh,mp-aaacewhi,28:1|83:1,False,recorded_during_training
6,0.3213603106123628,0.3247866378205799,0.0051982423301524,0.9999033493127314,0.0002604688052088,0.8843270540237427,0.0002945389989186,0.01617574466569,True,True,joint,1800,train,8:8|23:2|83:2,5885,7789,mp-aaaabici,mp-aaabfbmg,8:4|23:1|83:1,False,recorded_during_training
7,0.7221765882568434,0.7253380258551942,0.0047659520859042,0.999987700250678,0.0005862695397809,15.503423690795898,3.781548846716821e-05,0.0065994275685509,True,True,joint,1800,train,8:12|11:4|17:4,6004,8109,mp-aaaabini,mp-aaabfqcc,8:3|11:1|17:1,False,recorded_during_training
8,0.2874588755028924,0.2898357142186114,0.0026909539640485,0.9999830998109478,0.0001303797034779,1.333327293395996,9.778522057092083e-05,0.0093611789141693,True,True,joint,1800,train,8:6|37:4|40:2,10121,10417,mp-aaabqvan,mp-aaabraoy,8:3|37:2|40:1,False,recorded_during_training
9,0.3300182820821646,0.3320879708971915,0.0039192207095766,0.999967357451471,0.0002526175230741,2.026646614074707,0.0001246480374623,0.0118757684721261,True,True,joint,1800,train,8:18|56:8|73:4,10582,16766,mp-aaabruec,mp-aaacpwra,8:9|56:4|73:2,False,recorded_during_training
10,0.1434457298446432,0.1404024002738424,0.0045665283121252,0.9989396007603386,0.0003649516729637,0.1721307337284088,0.0021202005304853,0.0318345364276157,True,True,joint,1800,train,59:1|68:3,11977,11981,mp-aaacdnzr,mp-aaacdoad,59:1|68:3,False,recorded_during_training
11,0.1017820875745201,0.101726504830367,0.0019520174605531,0.999830221149386,3.338434180477634e-05,0.0980513766407966,0.0003404780529199,0.0191783987445138,True,True,joint,1800,train,62:3|69:1,12147,12167,mp-aaacdsei,mp-aaacdspp,62:3|69:1,False,recorded_during_training
12,0.2569476258940995,0.2558083753392566,0.0035012261068914,0.9999348164676436,9.06448985915631e-05,0.586344838142395,0.0001545931552475,0.013626224779109,True,True,joint,1800,train,48:2|71:1,12799,13366,mp-aaacfkmg,mp-aaacilmc,48:2|71:1,False,recorded_during_training
13,0.3711048242627939,0.3685350145897246,0.0038980135402297,0.9999813850714804,0.0001521472004242,1.2508291006088257,0.0001216370808371,0.0105038072409143,True,True,joint,1800,train,15:1|20:3|83:1,12895,12903,mp-aaacfrja,mp-aaacfroo,15:1|20:3|83:1,False,recorded_during_training
14,0.3156082618079381,0.3160244738937763,0.0030414930624829,0.9999801155019472,9.72678535617888e-05,2.3338234424591064,4.167746873743777e-05,0.0096369247276986,True,True,joint,1800,train,46:2|51:2|57:2,13082,13180,mp-aaacfzan,mp-aaacgikg,46:1|51:1|57:1,False,recorded_during_training
15,0.2423462098959135,0.2420314631544897,0.0016120270975079,0.9999846055888688,2.153058449039236e-05,0.575656533241272,3.740178951702847e-05,0.0066517528712345,True,True,joint,1800,train,19:3|31:1,15832,15834,mp-aaacpkso,mp-aaacpktf,19:3|31:1,False,recorded_during_training
0,0.2116293776424527,0.2064667703089071,0.0156940428952339,0.9975478436453392,0.0018770035821944,0.3378577530384063,0.0055556031060831,0.074158148883039,True,True,joint,1900,train,15:16|48:8,423,3943,mp-aaaaabjd,mp-aaaaarxw,15:2|48:1,False,recorded_during_training
1,0.2833879719401011,0.2892606723926292,0.0171613873935712,0.9988216371483184,0.0038967381697148,1.2531861066818235,0.0031094648663418,0.0605579244457085,True,True,joint,1900,train,8:3|60:2,1183,2658,mp-aaaaaech,mp-aaaaalty,8:3|60:2,False,recorded_during_training
2,0.1626892907661385,0.1607230143854394,0.0143220297177322,0.9972466780259238,0.0012514132540673,0.2212611436843872,0.0056558202367983,0.0880330207986446,True,True,joint,1900,train,16:6|19:2|42:6,2704,14113,mp-aaaaamae,mp-aaackvdk,16:3|19:1|42:3,False,recorded_during_training
3,0.4171052366407366,0.4176884659764255,0.0155946278212013,0.9994005756720774,0.0027933632954955,2.3175158500671387,0.0012053265117537,0.0373877536201575,True,True,joint,1900,train,8:3|68:2,4142,18148,mp-aaaaatio,mp-aaacrsyy,8:3|68:2,False,recorded_during_training
4,0.2721211942498485,0.2764074829844958,0.0188077379132209,0.9980364151608982,0.0027314152102917,0.6183542609214783,0.0044172335874606,0.0691152997658559,True,True,joint,1900,train,8:16|11:2|41:6,4399,9528,mp-aaaaavmx,mp-aaabjmwk,8:8|11:1|41:3,False,recorded_during_training
5,0.2394487393903546,0.1654414532094961,0.1123083725833566,0.9441328548258936,0.0949773639440536,0.8398832082748413,0.1130840133584067,0.4690288738595909,True,False,joint,1900,train,28:2|83:2,5792,12620,mp-aaaabhvh,mp-aaacewhi,28:1|83:1,False,recorded_during_training
6,0.3213603106123628,0.323386158348967,0.022719551262071,0.9974599762565602,0.004492140840739,0.8843270540237427,0.0050797279358349,0.0706980623051371,True,True,joint,1900,train,8:8|23:2|83:2,5885,7789,mp-aaaabici,mp-aaabfbmg,8:4|23:1|83:1,False,recorded_during_training
7,0.7221765882568434,0.7350887746196122,0.0171868091910027,0.9998185306071784,0.0099154422059655,15.503423690795898,0.0006395646796295,0.023798624146052,True,True,joint,1900,train,8:12|11:4|17:4,6004,8109,mp-aaaabini,mp-aaabfqcc,8:3|11:1|17:1,False,recorded_during_training
8,0.2874588755028924,0.2862129450247721,0.0173292039030172,0.9982227876400463,0.0048562507145106,1.333327293395996,0.0036422045348983,0.0602841149806241,True,True,joint,1900,train,8:6|37:4|40:2,10121,10417,mp-aaabqvan,mp-aaabraoy,8:3|37:2|40:1,False,recorded_during_training
9,0.3300182820821646,0.3390764770516625,0.0213941945181659,0.9990616512264416,0.0067135663703083,2.026646614074707,0.0033126477619155,0.0648273010306726,True,True,joint,1900,train,8:18|56:8|73:4,10582,16766,mp-aaabruec,mp-aaacpwra,8:9|56:4|73:2,False,recorded_during_training
10,0.1434457298446432,0.138618283197502,0.0114969002797806,0.9973569365633708,0.0009351390763185,0.1721307337284088,0.0054327257896551,0.0801480831268537,True,True,joint,1900,train,59:1|68:3,11977,11981,mp-aaacdnzr,mp-aaacdoad,59:1|68:3,False,recorded_during_training
11,0.1017820875745201,0.1010027439683654,0.0096369166803924,0.9964202772343536,0.0007023733342066,0.0980513766407966,0.0071633194583257,0.0946818532616238,True,True,joint,1900,train,62:3|69:1,12147,12167,mp-aaacdsei,mp-aaacdspp,62:3|69:1,False,recorded_during_training
12,0.2569476258940995,0.2568091353750787,0.0126078305183909,0.9990124522270926,0.0011584137100726,0.586344838142395,0.0019756526104034,0.0490677058195014,True,True,joint,1900,train,48:2|71:1,12799,13366,mp-aaacfkmg,mp-aaacilmc,48:2|71:1,False,recorded_during_training
13,0.3711048242627939,0.371107473337247,0.0361740471235307,0.9957908254328156,0.0105436742305755,1.2508291006088257,0.0084293483621731,0.0974766285924499,True,True,joint,1900,train,15:1|20:3|83:1,12895,12903,mp-aaacfrja,mp-aaacfroo,15:1|20:3|83:1,False,recorded_during_training
14,0.3156082618079381,0.3130233627816778,0.0336165076805627,0.9977359910011806,0.0124242957681417,2.3338234424591064,0.0053235799855752,0.1065133957140195,True,False,joint,1900,train,46:2|51:2|57:2,13082,13180,mp-aaacfzan,mp-aaacgikg,46:1|51:1|57:1,False,recorded_during_training
15,0.2423462098959135,0.2425771650032402,0.0085430809431272,0.999494606803506,0.0005830094451084,0.575656533241272,0.001012773088539,0.0352515558085125,True,True,joint,1900,train,19:3|31:1,15832,15834,mp-aaacpkso,mp-aaacpktf,19:3|31:1,False,recorded_during_training
0,0.2116293776424527,0.2117707832803717,0.000382716488616,0.9999971562418172,1.9260960471001454e-06,0.3378577530384063,5.700908236612804e-06,0.0018084279832958,True,True,joint,2000,train,15:16|48:8,423,3943,mp-aaaaabjd,mp-aaaaarxw,15:2|48:1,False,recorded_during_training
1,0.2833879719401011,0.2838281684093431,0.0007539495604191,0.9999978892306588,5.29130875293049e-06,1.2531861066818235,4.222284882283587e-06,0.0026604853948372,True,True,joint,2000,train,8:3|60:2,1183,2658,mp-aaaaaech,mp-aaaaalty,8:3|60:2,False,recorded_during_training
2,0.1626892907661385,0.1626624339260161,0.000239661138039,0.999999159257252,3.892498057211924e-07,0.2212611436843872,1.7592325486504249e-06,0.0014731217826967,True,True,joint,2000,train,16:6|19:2|42:6,2704,14113,mp-aaaaamae,mp-aaackvdk,16:3|19:1|42:3,False,recorded_during_training
3,0.4171052366407366,0.4176054855347502,0.0007978295213888,0.9999985841262458,6.562777343788184e-06,2.3175158500671387,2.831815516428101e-06,0.0019127775230404,True,True,joint,2000,train,8:3|68:2,4142,18148,mp-aaaaatio,mp-aaacrsyy,8:3|68:2,False,recorded_during_training
4,0.2721211942498485,0.272242288491725,0.0003211657240171,0.999999062663978,1.1592128430493176e-06,0.6183542609214783,1.874674302917952e-06,0.0011802304664381,True,True,joint,2000,train,8:16|11:2|41:6,4399,9528,mp-aaaaavmx,mp-aaabjmwk,8:8|11:1|41:3,False,recorded_during_training
5,0.2394487393903546,0.2387771743815392,0.0042331233853474,0.9998888771325616,0.0001867046230472,0.8398832082748413,0.0002222983162513,0.0176786204685191,True,True,joint,2000,train,28:2|83:2,5792,12620,mp-aaaabhvh,mp-aaacewhi,28:1|83:1,False,recorded_during_training
6,0.3213603106123628,0.3217262138027763,0.0005999153913762,0.999997114629437,5.108355253469199e-06,0.8843270540237427,5.776545261423211e-06,0.0018667998864984,True,True,joint,2000,train,8:8|23:2|83:2,5885,7789,mp-aaaabici,mp-aaabfbmg,8:4|23:1|83:1,False,recorded_during_training
7,0.7221765882568434,0.7237788702145735,0.0017291851650043,0.9999992383129735,2.361831320740748e-05,15.503423690795898,1.523425643164822e-06,0.002394407674137,True,True,joint,2000,train,8:12|11:4|17:4,6004,8109,mp-aaaabini,mp-aaabfqcc,8:3|11:1|17:1,False,recorded_during_training
8,0.2874588755028924,0.2879255877492142,0.0006198079256307,0.9999984248515954,4.2088145164598245e-06,1.333327293395996,3.156625186708612e-06,0.0021561620755193,True,True,joint,2000,train,8:6|37:4|40:2,10121,10417,mp-aaabqvan,mp-aaabraoy,8:3|37:2|40:1,False,recorded_during_training
9,0.3300182820821646,0.3305303182248735,0.0006000925757234,0.9999986744533936,5.437365416582907e-06,2.026646614074707,2.6829371133681388e-06,0.001818361612991,True,True,joint,2000,train,8:18|56:8|73:4,10582,16766,mp-aaabruec,mp-aaacpwra,8:9|56:4|73:2,False,recorded_during_training
10,0.1434457298446432,0.1415941280265542,0.0030112157955954,0.9993522971931984,0.0002229530073236,0.1721307337284088,0.0012952539183121,0.0209920211557133,True,True,joint,2000,train,59:1|68:3,11977,11981,mp-aaacdnzr,mp-aaacdoad,59:1|68:3,False,recorded_during_training
11,0.1017820875745201,0.1017591564823305,0.0009790953777155,0.999895039201826,2.058271820715163e-05,0.0980513766407966,0.0002099176871585,0.0096195254100945,True,True,joint,2000,train,62:3|69:1,12147,12167,mp-aaacdsei,mp-aaacdspp,62:3|69:1,False,recorded_during_training
12,0.2569476258940995,0.2569001771917101,0.0002492397034075,0.9999996758559114,4.04717411583988e-07,0.586344838142395,6.902378690092631e-07,0.0009700019704024,True,True,joint,2000,train,48:2|71:1,12799,13366,mp-aaacfkmg,mp-aaacilmc,48:2|71:1,False,recorded_during_training
13,0.3711048242627939,0.3715529658747982,0.0013366270972809,0.9999892765951524,2.6827108740690164e-05,1.2508291006088257,2.144746130996824e-05,0.0036017507989453,True,True,joint,2000,train,15:1|20:3|83:1,12895,12903,mp-aaacfrja,mp-aaacfroo,15:1|20:3|83:1,False,recorded_during_training
14,0.3156082618079381,0.3157195466737903,0.0006746484687027,0.99999884196365,5.476568730955478e-06,2.3338234424591064,2.3466079872712733e-06,0.0021376134605543,True,True,joint,2000,train,46:2|51:2|57:2,13082,13180,mp-aaacfzan,mp-aaacgikg,46:1|51:1|57:1,False,recorded_during_training
15,0.2423462098959135,0.2427394907062989,0.0006762607590644,0.9999956768445278,4.977301614417229e-06,0.575656533241272,8.646304396811419e-06,0.002790473840523,True,True,joint,2000,train,19:3|31:1,15832,15834,mp-aaacpkso,mp-aaacpktf,19:3|31:1,False,recorded_during_training
0,0.2116293776424527,0.0001042326330207,0.211621348186668,0.1015070846659058,0.3378286957740783,0.3378577530384063,0.999913995567464,0.999962058879187,True,False,g2_only,0,train,15:16|48:8,423,3943,mp-aaaaabjd,mp-aaaaarxw,15:2|48:1,False,recomputed_endpoint
1,0.2833879719401011,0.0140791042031196,0.2858153276865778,-0.2768497423317148,1.2828110456466677,1.2531861066818235,1.023639696296414,1.0085654861420503,True,False,g2_only,0,train,8:3|60:2,1183,2658,mp-aaaaaech,mp-aaaaalty,8:3|60:2,False,recomputed_endpoint
2,0.1626892907661385,0.0045087886974215,0.1627728643943555,0.1035967227459305,0.2203034609556198,0.2212611436843872,0.9956717084942242,1.0005137008577727,True,False,g2_only,0,train,16:6|19:2|42:6,2704,14113,mp-aaaaamae,mp-aaackvdk,16:3|19:1|42:3,False,recomputed_endpoint
3,0.4171052366407366,0.0354601932785954,0.4192679764712466,0.0287607008687068,2.321021795272827,2.3175158500671387,1.0015128031187304,1.0051851179043645,True,False,g2_only,0,train,8:3|68:2,4142,18148,mp-aaaaatio,mp-aaacrsyy,8:3|68:2,False,recomputed_endpoint
4,0.2721211942498485,0.0141143355040185,0.267951182685465,0.3484643531469093,0.6003557443618774,0.6183542609214783,0.9708928721008904,0.9846759030443076,True,False,g2_only,0,train,8:16|11:2|41:6,4399,9528,mp-aaaaavmx,mp-aaabjmwk,8:8|11:1|41:3,False,recomputed_endpoint
5,0.2394487393903546,0.0018268202547915,0.2399597658077255,-0.2645888638686877,0.8425259590148926,0.8398832082748413,1.0031465693253705,1.0021341787752651,True,False,g2_only,0,train,28:2|83:2,5792,12620,mp-aaaabhvh,mp-aaacewhi,28:1|83:1,False,recomputed_endpoint
6,0.3213603106123628,0.0026000881307481,0.3209896308371753,0.2093796366484463,0.8814974427223206,0.8843270540237427,0.9968002660457496,0.9988465290736086,True,False,g2_only,0,train,8:8|23:2|83:2,5885,7789,mp-aaaabici,mp-aaabfbmg,8:4|23:1|83:1,False,recomputed_endpoint
7,0.7221765882568434,0.0111576154522481,0.7262400048712152,0.0708678208969885,15.486668586730955,15.503423690795898,0.9989192642606493,1.0056266246794014,True,False,g2_only,0,train,8:12|11:4|17:4,6004,8109,mp-aaaabini,mp-aaabfqcc,8:3|11:1|17:1,False,recomputed_endpoint
8,0.2874588755028924,0.0224531370229215,0.293716644038426,0.0151682936637389,1.338024377822876,1.333327293395996,1.003522829278411,1.021769265341298,True,False,g2_only,0,train,8:6|37:4|40:2,10121,10417,mp-aaabqvan,mp-aaabraoy,8:3|37:2|40:1,False,recomputed_endpoint
9,0.3300182820821646,0.0082572850988071,0.3337078490476415,-0.1238178581873243,2.036417961120605,2.026646614074707,1.0048214360500929,1.01117988658749,True,False,g2_only,0,train,8:18|56:8|73:4,10582,16766,mp-aaabruec,mp-aaacpwra,8:9|56:4|73:2,False,recomputed_endpoint
10,0.1434457298446432,0.0018212615177617,0.1435313629326629,-0.0018310329252893,0.1721574962139129,0.1721307337284088,1.000155477670515,1.0005969720263714,True,False,g2_only,0,train,59:1|68:3,11977,11981,mp-aaacdnzr,mp-aaacdoad,59:1|68:3,False,recomputed_endpoint
11,0.1017820875745201,0.0019801818889391,0.1017193351067362,0.0089925165397587,0.0980495885014534,0.0980513766407966,0.999981763240818,0.9993834625592846,True,False,g2_only,0,train,62:3|69:1,12147,12167,mp-aaacdsei,mp-aaacdspp,62:3|69:1,False,recomputed_endpoint
12,0.2569476258940995,0.0011487883748486,0.2571577904745936,-0.0911174235392258,0.5867341756820679,0.586344838142395,1.0006640077891813,1.0008179276993234,True,False,g2_only,0,train,48:2|71:1,12799,13366,mp-aaacfkmg,mp-aaacilmc,48:2|71:1,False,recomputed_endpoint
13,0.3711048242627939,0.0025004754893416,0.3705427329516269,0.2893497377794768,1.2462341785430908,1.2508291006088257,0.9963264989090048,0.9984853570354856,True,False,g2_only,0,train,15:1|20:3|83:1,12895,12903,mp-aaacfrja,mp-aaacfroo,15:1|20:3|83:1,False,recomputed_endpoint
14,0.3156082618079381,0.0019041790546907,0.3155997808680695,-0.0015243886091118,2.333876132965088,2.3338234424591064,1.0000225769032152,0.9999731282704072,True,False,g2_only,0,train,46:2|51:2|57:2,13082,13180,mp-aaacfzan,mp-aaacgikg,46:1|51:1|57:1,False,recomputed_endpoint
15,0.2423462098959135,0.0066833430028054,0.2444697238825028,-0.2244483159229667,0.5832270383834839,0.575656533241272,1.013151080036538,1.008762315645462,True,False,g2_only,0,train,19:3|31:1,15832,15834,mp-aaacpkso,mp-aaacpktf,19:3|31:1,False,recomputed_endpoint
0,0.2116293776424527,0.0545567070344077,0.1679478830977814,0.7109154102102444,0.2032132893800735,0.3378577530384063,0.6014758801671574,0.7935943722403651,True,False,g2_only,2000,train,15:16|48:8,423,3943,mp-aaaaabjd,mp-aaaaarxw,15:2|48:1,False,recomputed_endpoint
1,0.2833879719401011,0.3050836603183597,0.063365323214839,0.9890334259171648,0.0681607127189636,1.2531861066818235,0.0543899364631794,0.2235991978806791,True,False,g2_only,2000,train,8:3|60:2,1183,2658,mp-aaaaaech,mp-aaaaalty,8:3|60:2,False,recomputed_endpoint
2,0.1626892907661385,0.1571139677325845,0.0190176407704711,0.9921830200200372,0.0037462189793586,0.2212611436843872,0.0169312104103664,0.1168954679248588,True,False,g2_only,2000,train,16:6|19:2|42:6,2704,14113,mp-aaaaamae,mp-aaackvdk,16:3|19:1|42:3,False,recomputed_endpoint
3,0.4171052366407366,0.3938110693925658,0.0395512431394102,0.996263038274974,0.0208836272358894,2.3175158500671387,0.0090112122578511,0.0948231757000854,True,True,g2_only,2000,train,8:3|68:2,4142,18148,mp-aaaaatio,mp-aaacrsyy,8:3|68:2,False,recomputed_endpoint
4,0.2721211942498485,0.2732215117207346,0.0208784708497518,0.9967667203457126,0.0040604104287922,0.6183542609214783,0.0065664792585748,0.0767248979165592,True,True,g2_only,2000,train,8:16|11:2|41:6,4399,9528,mp-aaaaavmx,mp-aaabjmwk,8:8|11:1|41:3,False,recomputed_endpoint
5,0.2394487393903546,0.2259856439122813,0.0264163666070089,0.9974723804943096,0.0047522787936031,0.8398832082748413,0.0056582614663348,0.1103215939840235,True,False,g2_only,2000,train,28:2|83:2,5792,12620,mp-aaaabhvh,mp-aaacewhi,28:1|83:1,False,recomputed_endpoint
6,0.3213603106123628,0.2877236444304998,0.0490151602074746,0.992299716615018,0.0216325409710407,0.8843270540237427,0.0244621499168337,0.1525240005963232,True,False,g2_only,2000,train,8:8|23:2|83:2,5885,7789,mp-aaaabici,mp-aaabfbmg,8:4|23:1|83:1,False,recomputed_endpoint
7,0.7221765882568434,0.7171296538405372,0.016154270557898,0.9998065413808196,0.0104549918323755,15.503423690795898,0.000674366645774,0.022368864929408,True,True,g2_only,2000,train,8:12|11:4|17:4,6004,8109,mp-aaaabini,mp-aaabfqcc,8:3|11:1|17:1,False,recomputed_endpoint
8,0.2874588755028924,0.2790515253238066,0.017465580570386,0.9985622893717542,0.0044249803759157,1.333327293395996,0.0033187503157197,0.0607585364683245,True,True,g2_only,2000,train,8:6|37:4|40:2,10121,10417,mp-aaabqvan,mp-aaabraoy,8:3|37:2|40:1,False,recomputed_endpoint
9,0.3300182820821646,0.295939344692556,0.0424566856071351,0.9951870873874312,0.055727906525135,2.026646614074707,0.0274975943699875,0.1286494958378235,True,False,g2_only,2000,train,8:18|56:8|73:4,10582,16766,mp-aaabruec,mp-aaacpwra,8:9|56:4|73:2,False,recomputed_endpoint
10,0.1434457298446432,0.1388098193861466,0.023859318950393,0.9871564916184588,0.0043984903022646,0.1721307337284088,0.0255531955682284,0.1663299352043002,True,False,g2_only,2000,train,59:1|68:3,11977,11981,mp-aaacdnzr,mp-aaacdoad,59:1|68:3,False,recomputed_endpoint
11,0.1017820875745201,0.0857241069905399,0.0262811291740376,0.9623394865639636,0.0080784931778907,0.0980513766407966,0.0823904105649193,0.2582097675565542,True,False,g2_only,2000,train,62:3|69:1,12147,12167,mp-aaacdsei,mp-aaacdspp,62:3|69:1,False,recomputed_endpoint
12,0.2569476258940995,0.2073663275472936,0.0913718540827757,0.9521606863434088,0.055249448865652,0.586344838142395,0.0942268871005813,0.3556049750015377,True,False,g2_only,2000,train,48:2|71:1,12799,13366,mp-aaacfkmg,mp-aaacilmc,48:2|71:1,False,recomputed_endpoint
13,0.3711048242627939,0.3432533202889978,0.0406343705011487,0.9836597021810934,0.0417109467089176,1.2508291006088257,0.0333466391920489,0.1094956676509651,True,False,g2_only,2000,train,15:1|20:3|83:1,12895,12903,mp-aaacfrja,mp-aaacfroo,15:1|20:3|83:1,False,recomputed_endpoint
14,0.3156082618079381,0.2908956919738443,0.0375844762408519,0.9964500734534698,0.0170793198049068,2.3338234424591064,0.0073181713295803,0.1190858440319403,True,False,g2_only,2000,train,46:2|51:2|57:2,13082,13180,mp-aaacfzan,mp-aaacgikg,46:1|51:1|57:1,False,recomputed_endpoint
15,0.2423462098959135,0.2267023646185606,0.0299450083170285,0.965472216805556,0.0394821465015411,0.575656533241272,0.0685862909941008,0.1235629322607922,True,False,g2_only,2000,train,19:3|31:1,15832,15834,mp-aaacpkso,mp-aaacpktf,19:3|31:1,False,recomputed_endpoint
0,0.2116293776424527,0.0001042654912453,0.2116213549678605,0.1013883544726817,0.3378287255764007,0.3378577530384063,0.9999140837771384,0.999962090921962,True,False,non_g2,0,train,15:16|48:8,423,3943,mp-aaaaabjd,mp-aaaaarxw,15:2|48:1,False,recorded_during_training
1,0.2833879719401011,0.0140790675468451,0.285815357518004,-0.2768516289296224,1.282811164855957,1.2531861066818235,1.023639791421383,1.008565591409137,True,False,non_g2,0,train,8:3|60:2,1183,2658,mp-aaaaaech,mp-aaaaalty,8:3|60:2,False,recorded_during_training
2,0.1626892907661385,0.0045087868347764,0.1627728453022427,0.1035962307365123,0.220303475856781,0.2212611436843872,0.9956717758407132,1.0005135835045489,True,False,non_g2,0,train,16:6|19:2|42:6,2704,14113,mp-aaaaamae,mp-aaackvdk,16:3|19:1|42:3,False,recorded_during_training
3,0.4171052366407366,0.035460210669953,0.4192679623504318,0.028760381963339,2.321021795272827,2.3175158500671387,1.0015128031187304,1.005185084050043,True,False,non_g2,0,train,8:3|68:2,4142,18148,mp-aaaaatio,mp-aaacrsyy,8:3|68:2,False,recorded_during_training
4,0.2721211942498485,0.0141142921856953,0.2679511825572263,0.3484655145831671,0.6003556847572327,0.6183542609214783,0.970892775708501,0.9846759025730516,True,False,non_g2,0,train,8:16|11:2|41:6,4399,9528,mp-aaaaavmx,mp-aaabjmwk,8:8|11:1|41:3,False,recorded_during_training
5,0.2394487393903546,0.0018268804997205,0.2399597853072919,-0.26458869316558,0.8425261974334717,0.8398832082748413,1.003146853196481,1.0021342602105086,True,False,non_g2,0,train,28:2|83:2,5792,12620,mp-aaaabhvh,mp-aaacewhi,28:1|83:1,False,recorded_during_training
6,0.3213603106123628,0.0026000677939919,0.3209896615485377,0.209366339292649,0.8814976811408997,0.8843270540237427,0.9968005356502788,0.9988466246403644,True,False,non_g2,0,train,8:8|23:2|83:2,5885,7789,mp-aaaabici,mp-aaabfbmg,8:4|23:1|83:1,False,recorded_during_training
7,0.7221765882568434,0.0111576336130383,0.7262399820538121,0.0708711923445635,15.48666763305664,15.503423690795898,0.9989192027468612,1.0056265930840775,True,False,non_g2,0,train,8:12|11:4|17:4,6004,8109,mp-aaaabini,mp-aaabfqcc,8:3|11:1|17:1,False,recorded_during_training
8,0.2874588755028924,0.0224531231567652,0.2937166474017374,0.0151676202111975,1.3380247354507446,1.333327293395996,1.0035230975005276,1.0217692770414462,True,False,non_g2,0,train,8:6|37:4|40:2,10121,10417,mp-aaabqvan,mp-aaabraoy,8:3|37:2|40:1,False,recorded_during_training
9,0.3300182820821646,0.0082573166364454,0.3337078638214734,-0.1238188119628705,2.036418199539185,2.026646614074707,1.004821553692003,1.0111799313541974,True,False,non_g2,0,train,8:18|56:8|73:4,10582,16766,mp-aaabruec,mp-aaacpwra,8:9|56:4|73:2,False,recorded_during_training
10,0.1434457298446432,0.001821248253691,0.1435313340543871,-0.0018195743481202,0.1721574366092682,0.1721307337284088,1.0001551313950796,1.000596770707895,True,False,non_g2,0,train,59:1|68:3,11977,11981,mp-aaacdnzr,mp-aaacdoad,59:1|68:3,False,recorded_during_training
11,0.1017820875745201,0.001980231674679,0.1017193253751429,0.0089949269127859,0.0980495736002922,0.0980513766407966,0.9999816112678248,0.9993833669472418,True,False,non_g2,0,train,62:3|69:1,12147,12167,mp-aaacdsei,mp-aaacdspp,62:3|69:1,False,recorded_during_training
12,0.2569476258940995,0.0011488582240417,0.2571577876806259,-0.0911156455298172,0.5867341756820679,0.586344838142395,1.0006640077891813,1.0008179168256377,True,False,non_g2,0,train,48:2|71:1,12799,13366,mp-aaacfkmg,mp-aaacilmc,48:2|71:1,False,recorded_during_training
13,0.3711048242627939,0.002500509620404,0.3705427548881843,0.2893350172208069,1.2462345361709597,1.2508291006088257,0.9963267848216596,0.9984854161469712,True,False,non_g2,0,train,15:1|20:3|83:1,12895,12903,mp-aaacfrja,mp-aaacfroo,15:1|20:3|83:1,False,recorded_during_training
14,0.3156082618079381,0.0019042145249841,0.3155998086549516,-0.0015680429459729,2.333876848220825,2.3338234424591064,1.0000228833770144,0.9999732163127224,True,False,non_g2,0,train,46:2|51:2|57:2,13082,13180,mp-aaacfzan,mp-aaacgikg,46:1|51:1|57:1,False,recorded_during_training
15,0.2423462098959135,0.0066833765740739,0.2444696993625257,-0.2244445795797132,0.5832268595695496,0.575656533241272,1.0131507694104545,1.0087622144679889,True,False,non_g2,0,train,19:3|31:1,15832,15834,mp-aaacpkso,mp-aaacpktf,19:3|31:1,False,recorded_during_training
0,0.2116293776424527,0.0235749447383568,0.2042445157429711,0.4353937743201605,0.3068183064460754,0.3378577530384063,0.9081286538101068,0.9651047412143396,True,False,non_g2,100,train,15:16|48:8,423,3943,mp-aaaaabjd,mp-aaaaarxw,15:2|48:1,False,recorded_during_training
1,0.2833879719401011,0.2502422700183615,0.0527857292121893,0.9881387485571268,0.0295571703463792,1.2531861066818235,0.0235856192378644,0.1862666536296979,True,False,non_g2,100,train,8:3|60:2,1183,2658,mp-aaaaaech,mp-aaaaalty,8:3|60:2,False,recorded_during_training
2,0.1626892907661385,0.1138895250624045,0.0895485145738348,0.7868836952642622,0.0844159871339798,0.2212611436843872,0.3815219686941192,0.5504266086116165,True,False,non_g2,100,train,16:6|19:2|42:6,2704,14113,mp-aaaaamae,mp-aaackvdk,16:3|19:1|42:3,False,recorded_during_training
3,0.4171052366407366,0.3665111794979907,0.079756987567805,0.9652603168484862,0.1583153754472732,2.3175158500671387,0.0683125319046628,0.1912155028552224,True,False,non_g2,100,train,8:3|68:2,4142,18148,mp-aaaaatio,mp-aaacrsyy,8:3|68:2,False,recorded_during_training
4,0.2721211942498485,0.268885161351136,0.0243455099507627,0.9945326313422054,0.006746485363692,0.6183542609214783,0.0109103887367709,0.0894656883227181,True,False,non_g2,100,train,8:16|11:2|41:6,4399,9528,mp-aaaaavmx,mp-aaabjmwk,8:8|11:1|41:3,False,recorded_during_training
5,0.2394487393903546,0.1404147890307285,0.1124250813634262,0.9394259937933154,0.0986801460385322,0.8398832082748413,0.1174927002543911,0.4695162799756835,True,False,non_g2,100,train,28:2|83:2,5792,12620,mp-aaaabhvh,mp-aaacewhi,28:1|83:1,False,recorded_during_training
6,0.3213603106123628,0.3156257517517815,0.0224928537760433,0.9945176562676192,0.0096772741526365,0.8843270540237427,0.0109430940833533,0.0699926314272677,True,False,non_g2,100,train,8:8|23:2|83:2,5885,7789,mp-aaaabici,mp-aaabfbmg,8:4|23:1|83:1,False,recorded_during_training
7,0.7221765882568434,0.7271428051078175,0.0206232626712363,0.9996180859316578,0.0124508552253246,15.503423690795898,0.0008031035901261,0.0285570911693715,True,True,non_g2,100,train,8:12|11:4|17:4,6004,8109,mp-aaaabini,mp-aaabfqcc,8:3|11:1|17:1,False,recorded_during_training
8,0.2874588755028924,0.283259599445202,0.0109628295339376,0.9994350682586776,0.0015981388278305,1.333327293395996,0.0011986095505178,0.0381370361752054,True,True,non_g2,100,train,8:6|37:4|40:2,10121,10417,mp-aaabqvan,mp-aaabraoy,8:3|37:2|40:1,False,recorded_during_training
9,0.3300182820821646,0.297661509339548,0.0545551787492399,0.9755385849422415,0.097938634455204,2.026646614074707,0.04832546225624,0.1653095652914688,True,False,non_g2,100,train,8:18|56:8|73:4,10582,16766,mp-aaabruec,mp-aaacpwra,8:9|56:4|73:2,False,recorded_during_training
10,0.1434457298446432,0.0140493195692101,0.1375252555960173,0.4401763211122133,0.1557152569293975,0.1721307337284088,0.9046336674256448,0.9587267306246208,True,False,non_g2,100,train,59:1|68:3,11977,11981,mp-aaacdnzr,mp-aaacdoad,59:1|68:3,False,recorded_during_training
11,0.1017820875745201,0.0093736806911692,0.100402195888364,0.2187214747890564,0.0941579416394233,0.0980513766407966,0.9602918884490876,0.9864426863406024,True,False,non_g2,100,train,62:3|69:1,12147,12167,mp-aaacdsei,mp-aaacdspp,62:3|69:1,False,recorded_during_training
12,0.2569476258940995,0.1473077509693894,0.1405643992528666,0.8264294005952747,0.1860819458961486,0.586344838142395,0.317359229230493,0.5470546721875533,True,False,non_g2,100,train,48:2|71:1,12799,13366,mp-aaacfkmg,mp-aaacilmc,48:2|71:1,False,recorded_during_training
13,0.3711048242627939,0.3647777865610919,0.047018704493233,0.988002720065109,0.0299359895288944,1.2508291006088257,0.0239329173860149,0.126699254278455,True,False,non_g2,100,train,15:1|20:3|83:1,12895,12903,mp-aaacfrja,mp-aaacfroo,15:1|20:3|83:1,False,recorded_during_training
14,0.3156082618079381,0.2489579696598411,0.0963215176611811,0.9812716364738808,0.0872840359807014,2.3338234424591064,0.037399588329069,0.3051932706368667,True,False,non_g2,100,train,46:2|51:2|57:2,13082,13180,mp-aaacfzan,mp-aaacgikg,46:1|51:1|57:1,False,recorded_during_training
15,0.2423462098959135,0.2242883279647003,0.0409371449974287,0.9594643107002668,0.0457291491329669,0.575656533241272,0.0794382526599429,0.1689200958208137,True,False,non_g2,100,train,19:3|31:1,15832,15834,mp-aaacpkso,mp-aaacpktf,19:3|31:1,False,recorded_during_training
0,0.2116293776424527,0.2126139318570494,0.0073214070988569,0.999310813785087,0.0004687874170485,0.3378577530384063,0.0013875289610278,0.0345954195037443,True,True,non_g2,200,train,15:16|48:8,423,3943,mp-aaaaabjd,mp-aaaaarxw,15:2|48:1,False,recorded_during_training
1,0.2833879719401011,0.2751666731999194,0.0258926227667188,0.9961233593632486,0.0096978535875678,1.2531861066818235,0.0077385581725332,0.0913681077903748,True,True,non_g2,200,train,8:3|60:2,1183,2658,mp-aaaaaech,mp-aaaaalty,8:3|60:2,False,recorded_during_training
2,0.1626892907661385,0.1552827573759714,0.0152060299151344,0.9881026771585292,0.0052560684271156,0.2212611436843872,0.023755045009679,0.093466692512617,True,False,non_g2,200,train,16:6|19:2|42:6,2704,14113,mp-aaaaamae,mp-aaackvdk,16:3|19:1|42:3,False,recorded_during_training
3,0.4171052366407366,0.3841981879990044,0.0787391184568946,0.9662650835064348,0.1558577418327331,2.3175158500671387,0.0672520715783747,0.1887751855887502,True,False,non_g2,200,train,8:3|68:2,4142,18148,mp-aaaaatio,mp-aaacrsyy,8:3|68:2,False,recorded_during_training
4,0.2721211942498485,0.2741028423106399,0.0141329328807842,0.9986868350328774,0.0016295198583975,0.6183542609214783,0.0026352528985071,0.0519361710128614,True,True,non_g2,200,train,8:16|11:2|41:6,4399,9528,mp-aaaaavmx,mp-aaabjmwk,8:8|11:1|41:3,False,recorded_during_training
5,0.2394487393903546,0.1604414478366607,0.0921825291112554,0.9614023687495404,0.0636351481080055,0.8398832082748413,0.0757666631277401,0.3849781349693283,True,False,non_g2,200,train,28:2|83:2,5792,12620,mp-aaaabhvh,mp-aaacewhi,28:1|83:1,False,recorded_during_training
6,0.3213603106123628,0.3212447937098659,0.0143822626255314,0.9990510700068316,0.0016922041540965,0.8843270540237427,0.0019135501355487,0.0447543213974543,True,True,non_g2,200,train,8:8|23:2|83:2,5885,7789,mp-aaaabici,mp-aaabfbmg,8:4|23:1|83:1,False,recorded_during_training
7,0.7221765882568434,0.736424954385555,0.0210629296592088,0.9997682225650448,0.0123888663947582,15.503423690795898,0.0007991051939136,0.0291658993128669,True,True,non_g2,200,train,8:12|11:4|17:4,6004,8109,mp-aaaabini,mp-aaabfqcc,8:3|11:1|17:1,False,recorded_during_training
8,0.2874588755028924,0.2912663937686588,0.0067506513785176,0.999858417772589,0.0006230592844076,1.333327293395996,0.0004672965801372,0.0234838857095914,True,True,non_g2,200,train,8:6|37:4|40:2,10121,10417,mp-aaabqvan,mp-aaabraoy,8:3|37:2|40:1,False,recorded_during_training
9,0.3300182820821646,0.3217067372539759,0.0318889333331071,0.981668645012031,0.073878712952137,2.026646614074707,0.0364536729980758,0.0966277781094799,True,False,non_g2,200,train,8:18|56:8|73:4,10582,16766,mp-aaabruec,mp-aaacpwra,8:9|56:4|73:2,False,recorded_during_training
10,0.1434457298446432,0.1116652756159481,0.0439298916418096,0.9314342628581284,0.0228715427219867,0.1721307337284088,0.1328730914380109,0.3062474685679889,True,False,non_g2,200,train,59:1|68:3,11977,11981,mp-aaacdnzr,mp-aaacdoad,59:1|68:3,False,recorded_during_training
11,0.1017820875745201,0.0535941626279736,0.0613678056296294,0.7672551307473032,0.0405850335955619,0.0980513766407966,0.4139159998155048,0.6029332576294305,True,False,non_g2,200,train,62:3|69:1,12147,12167,mp-aaacdsei,mp-aaacdspp,62:3|69:1,False,recorded_during_training
12,0.2569476258940995,0.1945904157200004,0.0790333634663227,0.958626029976927,0.0475399456918239,0.586344838142395,0.0810784756670421,0.3075854979835314,True,False,non_g2,200,train,48:2|71:1,12799,13366,mp-aaacfkmg,mp-aaacilmc,48:2|71:1,False,recorded_during_training
13,0.3711048242627939,0.367669357711577,0.0163749848201391,0.9982610061731696,0.0044531309977173,1.2508291006088257,0.0035601434245092,0.0441249580968619,True,True,non_g2,200,train,15:1|20:3|83:1,12895,12903,mp-aaacfrja,mp-aaacfroo,15:1|20:3|83:1,False,recorded_during_training
14,0.3156082618079381,0.2529841884766028,0.074632002733324,0.985062456893124,0.0700509026646614,2.3338234424591064,0.0300155107666799,0.2364703709142474,True,False,non_g2,200,train,46:2|51:2|57:2,13082,13180,mp-aaacfzan,mp-aaacgikg,46:1|51:1|57:1,False,recorded_during_training
15,0.2423462098959135,0.2311838295912593,0.0284860669374893,0.9656905743728692,0.0388480611145496,0.575656533241272,0.0674847914880998,0.1175428613045938,True,False,non_g2,200,train,19:3|31:1,15832,15834,mp-aaacpkso,mp-aaacpktf,19:3|31:1,False,recorded_during_training
0,0.2116293776424527,0.2130387791694374,0.00406471548024,0.9998427248532968,0.0001147497823694,0.3378577530384063,0.0003396393344166,0.0192067638506565,True,True,non_g2,300,train,15:16|48:8,423,3943,mp-aaaaabjd,mp-aaaaarxw,15:2|48:1,False,recorded_during_training
1,0.2833879719401011,0.2819562215050837,0.0144142906834758,0.9982517300449356,0.0043913340196013,1.2531861066818235,0.0035041355758632,0.0508641583649237,True,True,non_g2,300,train,8:3|60:2,1183,2658,mp-aaaaaech,mp-aaaaalty,8:3|60:2,False,recorded_during_training
2,0.1626892907661385,0.163907907277462,0.0063135243690339,0.9992059658083404,0.0003541252226568,0.2212611436843872,0.0016004853665676,0.0388072523968987,True,True,non_g2,300,train,16:6|19:2|42:6,2704,14113,mp-aaaaamae,mp-aaackvdk,16:3|19:1|42:3,False,recorded_during_training
3,0.4171052366407366,0.4175482698967698,0.0127932883119683,0.9997453909092704,0.0013400417519733,2.3175158500671387,0.0005782233385521,0.030671607997546,True,True,non_g2,300,train,8:3|68:2,4142,18148,mp-aaaaatio,mp-aaacrsyy,8:3|68:2,False,recorded_during_training
4,0.2721211942498485,0.2724319795640895,0.0074019410446908,0.9997052938682282,0.0003721810353454,0.6183542609214783,0.0006018896591588,0.027200898721232,True,True,non_g2,300,train,8:16|11:2|41:6,4399,9528,mp-aaaaavmx,mp-aaabjmwk,8:8|11:1|41:3,False,recorded_during_training
5,0.2394487393903546,0.1889211715313195,0.0723737186997368,0.9730733338096486,0.0448580980300903,0.8398832082748413,0.0534099236514454,0.3022514083139591,True,False,non_g2,300,train,28:2|83:2,5792,12620,mp-aaaabhvh,mp-aaacewhi,28:1|83:1,False,recorded_during_training
6,0.3213603106123628,0.323723505662997,0.0055774568653532,0.999866544777685,0.0002493991341907,0.8843270540237427,0.0002820213777877,0.0173557738188802,True,True,non_g2,300,train,8:8|23:2|83:2,5885,7789,mp-aaaabici,mp-aaabfbmg,8:4|23:1|83:1,False,recorded_during_training
7,0.7221765882568434,0.7262833130951805,0.0092117485763338,0.9999697062242578,0.001001015654765,15.503423690795898,6.456739328870657e-05,0.0127555347627216,True,True,non_g2,300,train,8:12|11:4|17:4,6004,8109,mp-aaaabini,mp-aaabfqcc,8:3|11:1|17:1,False,recorded_during_training
8,0.2874588755028924,0.2882782011576523,0.0057154510776911,0.9998252657224322,0.0004813630075659,1.333327293395996,0.0003610238910957,0.0198826738874987,True,True,non_g2,300,train,8:6|37:4|40:2,10121,10417,mp-aaabqvan,mp-aaabraoy,8:3|37:2|40:1,False,recorded_during_training
9,0.3300182820821646,0.3301092680349029,0.007503673944484,0.9998997626568156,0.0006104746717028,2.026646614074707,0.0003012240355389,0.0227371462488124,True,True,non_g2,300,train,8:18|56:8|73:4,10582,16766,mp-aaabruec,mp-aaacpwra,8:9|56:4|73:2,False,recorded_during_training
10,0.1434457298446432,0.1286140354673364,0.0254993039317525,0.97538322303751,0.0083853621035814,0.1721307337284088,0.0487150779059131,0.1777627257316703,True,False,non_g2,300,train,59:1|68:3,11977,11981,mp-aaacdnzr,mp-aaacdoad,59:1|68:3,False,recorded_during_training
11,0.1017820875745201,0.0803597827971316,0.0277907562690415,0.903148178481822,0.0181819945573806,0.0980513766407966,0.1854333430114801,0.2730417201228506,True,False,non_g2,300,train,62:3|69:1,12147,12167,mp-aaacdsei,mp-aaacdspp,62:3|69:1,False,recorded_during_training
12,0.2569476258940995,0.2338933544440351,0.0363618132125793,0.9884131355759148,0.0135492710396647,0.586344838142395,0.0231080247633633,0.1415144938041413,True,False,non_g2,300,train,48:2|71:1,12799,13366,mp-aaacfkmg,mp-aaacilmc,48:2|71:1,False,recorded_during_training
13,0.3711048242627939,0.3681726166021235,0.0120595096506903,0.9989539048192504,0.0026204132009297,1.2508291006088257,0.0020949410272388,0.0324962351935111,True,True,non_g2,300,train,15:1|20:3|83:1,12895,12903,mp-aaacfrja,mp-aaacfroo,15:1|20:3|83:1,False,recorded_during_training
14,0.3156082618079381,0.272429095512507,0.058971297154585,0.9892535297870902,0.0500374771654605,2.3338234424591064,0.021440129640971,0.1868496623528561,True,False,non_g2,300,train,46:2|51:2|57:2,13082,13180,mp-aaacfzan,mp-aaacgikg,46:1|51:1|57:1,False,recorded_during_training
15,0.2423462098959135,0.2314527787839324,0.0276182551660895,0.9661451076182832,0.0383178405463695,0.575656533241272,0.066563720436939,0.1139619851201775,True,False,non_g2,300,train,19:3|31:1,15832,15834,mp-aaacpkso,mp-aaacpktf,19:3|31:1,False,recorded_during_training
0,0.2116293776424527,0.2125418457580963,0.0043878746481595,0.9998156995744876,0.000130312735564,0.3378577530384063,0.0003857029604682,0.020733769087451,True,True,non_g2,400,train,15:16|48:8,423,3943,mp-aaaaabjd,mp-aaaaarxw,15:2|48:1,False,recorded_during_training
1,0.2833879719401011,0.283436365117609,0.0075448543042284,0.9987064604914536,0.0033030381891876,1.2531861066818235,0.0026357124225813,0.0266237633607935,True,True,non_g2,400,train,8:3|60:2,1183,2658,mp-aaaaaech,mp-aaaaalty,8:3|60:2,False,recorded_during_training
2,0.1626892907661385,0.1629431055334862,0.0011790057469625,0.9999802431534676,9.196490282192826e-06,0.2212611436843872,4.156396432313007e-05,0.0072469782209407,True,True,non_g2,400,train,16:6|19:2|42:6,2704,14113,mp-aaaaamae,mp-aaackvdk,16:3|19:1|42:3,False,recorded_during_training
3,0.4171052366407366,0.4208209610412723,0.0051561630461947,0.9999730359012412,0.0001965928531717,2.3175158500671387,8.482912993499294e-05,0.0123617796979035,True,True,non_g2,400,train,8:3|68:2,4142,18148,mp-aaaaatio,mp-aaacrsyy,8:3|68:2,False,recorded_during_training
4,0.2721211942498485,0.2743818357107557,0.004048036113545,0.99993253629067,0.0001277843839488,0.6183542609214783,0.0002066523868671,0.014875857518942,True,True,non_g2,400,train,8:16|11:2|41:6,4399,9528,mp-aaaaavmx,mp-aaabjmwk,8:8|11:1|41:3,False,recorded_during_training
5,0.2394487393903546,0.2135042054087534,0.0398481364627514,0.9898515256482692,0.0170422345399856,0.8398832082748413,0.0202911956949242,0.1664161463710615,True,False,non_g2,400,train,28:2|83:2,5792,12620,mp-aaaabhvh,mp-aaacewhi,28:1|83:1,False,recorded_during_training
6,0.3213603106123628,0.3239318271237152,0.0034556557814084,0.999973140110112,8.556743705412373e-05,0.8843270540237427,9.675994493755066e-05,0.0107532127250674,True,True,non_g2,400,train,8:8|23:2|83:2,5885,7789,mp-aaaabici,mp-aaabfbmg,8:4|23:1|83:1,False,recorded_during_training
7,0.7221765882568434,0.7264727092461669,0.009550058288454,0.9999240166063446,0.0023609723430126,15.503423690795898,0.0001522871586367,0.0132239931946637,True,True,non_g2,400,train,8:12|11:4|17:4,6004,8109,mp-aaaabini,mp-aaabfqcc,8:3|11:1|17:1,False,recorded_during_training
8,0.2874588755028924,0.289266737769509,0.0027257689808948,0.999982265999083,0.0001046779725584,1.333327293395996,7.850883506014826e-05,0.009482291949157,True,True,non_g2,400,train,8:6|37:4|40:2,10121,10417,mp-aaabqvan,mp-aaabraoy,8:3|37:2|40:1,False,recorded_during_training
9,0.3300182820821646,0.3340864832653096,0.0049344073713655,0.999949799237142,0.0006591213168576,2.026646614074707,0.0003252275518978,0.0149519212700374,True,True,non_g2,400,train,8:18|56:8|73:4,10582,16766,mp-aaabruec,mp-aaacpwra,8:9|56:4|73:2,False,recorded_during_training
10,0.1434457298446432,0.1360470737958508,0.011779994055189,0.9922343944594052,0.0026718717999756,0.1721307337284088,0.0155223401544977,0.0821216084155811,True,False,non_g2,400,train,59:1|68:3,11977,11981,mp-aaacdnzr,mp-aaacdoad,59:1|68:3,False,recorded_during_training
11,0.1017820875745201,0.0980330193905274,0.0088799965404859,0.9910978091691404,0.0017382255755364,0.0980513766407966,0.0177277018955515,0.0872451798945906,True,False,non_g2,400,train,62:3|69:1,12147,12167,mp-aaacdsei,mp-aaacdspp,62:3|69:1,False,recorded_during_training
12,0.2569476258940995,0.2459489109014612,0.0169104771430284,0.9970416485220448,0.0034737954847514,0.586344838142395,0.0059244923102876,0.0658129339945644,True,True,non_g2,400,train,48:2|71:1,12799,13366,mp-aaacfkmg,mp-aaacilmc,48:2|71:1,False,recorded_during_training
13,0.3711048242627939,0.3739199512488653,0.0132307686228827,0.9992949173464984,0.002276211977005,1.2508291006088257,0.0018197625686011,0.0356523757112721,True,True,non_g2,400,train,15:1|20:3|83:1,12895,12903,mp-aaacfrja,mp-aaacfroo,15:1|20:3|83:1,False,recorded_during_training
14,0.3156082618079381,0.2911071300432013,0.0392608555912374,0.9963454172917112,0.0179065205156803,2.3338234424591064,0.0076726114709056,0.1243974266273469,True,False,non_g2,400,train,46:2|51:2|57:2,13082,13180,mp-aaacfzan,mp-aaacgikg,46:1|51:1|57:1,False,recorded_during_training
15,0.2423462098959135,0.2324912323675789,0.0276283907479637,0.9662269346012456,0.0382593795657157,0.575656533241272,0.0664621651217851,0.1140038078574862,True,False,non_g2,400,train,19:3|31:1,15832,15834,mp-aaacpkso,mp-aaacpktf,19:3|31:1,False,recorded_during_training
0,0.2116293776424527,0.2111695957719348,0.0055740570365969,0.9996597311491644,0.0002300662745255,0.3378577530384063,0.000680956030923,0.0263387677962854,True,True,non_g2,500,train,15:16|48:8,423,3943,mp-aaaaabjd,mp-aaaaarxw,15:2|48:1,False,recorded_during_training
1,0.2833879719401011,0.2760806363247639,0.0269244108411612,0.9975653029066706,0.0076962877064943,1.2531861066818235,0.006141376500632,0.0950090106394924,True,True,non_g2,500,train,8:3|60:2,1183,2658,mp-aaaaaech,mp-aaaaalty,8:3|60:2,False,recorded_during_training
2,0.1626892907661385,0.1622554754430893,0.0067948038049507,0.9991571188293022,0.0003753317287191,0.2212611436843872,0.0016963291541806,0.0417655260094417,True,True,non_g2,500,train,16:6|19:2|42:6,2704,14113,mp-aaaaamae,mp-aaackvdk,16:3|19:1|42:3,False,recorded_during_training
3,0.4171052366407366,0.4203266211447953,0.0233386071643053,0.9980631179386692,0.0095446463674306,2.3175158500671387,0.0041184815918968,0.0559537620583927,True,True,non_g2,500,train,8:3|68:2,4142,18148,mp-aaaaatio,mp-aaacrsyy,8:3|68:2,False,recorded_during_training
4,0.2721211942498485,0.2700254759047311,0.013680010054486,0.998864940426481,0.0014323442010208,0.6183542609214783,0.0023163812260085,0.0502717551721668,True,True,non_g2,500,train,8:16|11:2|41:6,4399,9528,mp-aaaaavmx,mp-aaabjmwk,8:8|11:1|41:3,False,recorded_during_training
5,0.2394487393903546,0.2343922742802533,0.0123198783621774,0.998914305634246,0.002173388376832,0.8398832082748413,0.0025877269070496,0.0514510053113842,True,True,non_g2,500,train,28:2|83:2,5792,12620,mp-aaaabhvh,mp-aaacewhi,28:1|83:1,False,recorded_during_training
6,0.3213603106123628,0.3240543339886699,0.0135666800013041,0.9990289149603068,0.0017271729884669,0.8843270540237427,0.0019530930107907,0.0422164142655088,True,True,non_g2,500,train,8:8|23:2|83:2,5885,7789,mp-aaaabici,mp-aaabfbmg,8:4|23:1|83:1,False,recorded_during_training
7,0.7221765882568434,0.728557158965117,0.0144583379784251,0.9998517443887538,0.0048580663278698,15.503423690795898,0.000313354419305,0.0200205022061487,True,True,non_g2,500,train,8:12|11:4|17:4,6004,8109,mp-aaaabini,mp-aaabfqcc,8:3|11:1|17:1,False,recorded_during_training
8,0.2874588755028924,0.2814904010335795,0.0192677596137116,0.9968927803990464,0.0090641789138317,1.333327293395996,0.0067981649807416,0.0670278820927126,True,True,non_g2,500,train,8:6|37:4|40:2,10121,10417,mp-aaabqvan,mp-aaabraoy,8:3|37:2|40:1,False,recorded_during_training
9,0.3300182820821646,0.3371975677873706,0.021828719342011,0.9980739819111014,0.0114519000053405,2.026646614074707,0.0056506644650375,0.0661439699773248,True,True,non_g2,500,train,8:18|56:8|73:4,10582,16766,mp-aaabruec,mp-aaacpwra,8:9|56:4|73:2,False,recorded_during_training
10,0.1434457298446432,0.1336167615793329,0.0169860379613737,0.991532212147296,0.0029375788290053,0.1721307337284088,0.0170659751769857,0.1184143855642844,True,False,non_g2,500,train,59:1|68:3,11977,11981,mp-aaacdnzr,mp-aaacdoad,59:1|68:3,False,recorded_during_training
11,0.1017820875745201,0.0984548791452653,0.0105611509411573,0.994064853081911,0.0012225998798385,0.0980513766407966,0.0124689721014058,0.1037623730543452,True,False,non_g2,500,train,62:3|69:1,12147,12167,mp-aaacdsei,mp-aaacdspp,62:3|69:1,False,recorded_during_training
12,0.2569476258940995,0.25732202835934,0.0114681414343067,0.9988878971859694,0.0013857471058145,0.586344838142395,0.002363365404912,0.0446322140335062,True,True,non_g2,500,train,48:2|71:1,12799,13366,mp-aaacfkmg,mp-aaacilmc,48:2|71:1,False,recorded_during_training
13,0.3711048242627939,0.3657885628817894,0.014881766284553,0.9989955784257476,0.0025326267350465,1.2508291006088257,0.0020247584052959,0.0401012471721863,True,True,non_g2,500,train,15:1|20:3|83:1,12895,12903,mp-aaacfrja,mp-aaacfroo,15:1|20:3|83:1,False,recorded_during_training
14,0.3156082618079381,0.2992524369838065,0.0251938307701493,0.9983817198245556,0.007547449786216,2.3338234424591064,0.0032339420578719,0.079826271422137,True,True,non_g2,500,train,46:2|51:2|57:2,13082,13180,mp-aaacfzan,mp-aaacgikg,46:1|51:1|57:1,False,recorded_during_training
15,0.2423462098959135,0.2321177530361637,0.0282838842390447,0.9659251272880915,0.0385638996958732,0.575656533241272,0.0669911613418798,0.1167085891344968,True,False,non_g2,500,train,19:3|31:1,15832,15834,mp-aaacpkso,mp-aaacpktf,19:3|31:1,False,recorded_during_training
0,0.2116293776424527,0.2122728650138015,0.003820254123525,0.9998504565861592,0.0001045690514729,0.3378577530384063,0.0003095061472839,0.0180516248078721,True,True,non_g2,600,train,15:16|48:8,423,3943,mp-aaaaabjd,mp-aaaaarxw,15:2|48:1,False,recorded_during_training
1,0.2833879719401011,0.2851812097411539,0.002925446451286,0.999983871946244,6.386985478457063e-05,1.2531861066818235,5.0965977394758014e-05,0.0103231143906995,True,True,non_g2,600,train,8:3|60:2,1183,2658,mp-aaaaaech,mp-aaaaalty,8:3|60:2,False,recorded_during_training
2,0.1626892907661385,0.1626726838003378,0.0013954140304122,0.9999445031304198,2.4558743461966515e-05,0.2212611436843872,0.0001109943800028,0.0085771720058579,True,True,non_g2,600,train,16:6|19:2|42:6,2704,14113,mp-aaaaamae,mp-aaackvdk,16:3|19:1|42:3,False,recorded_during_training
3,0.4171052366407366,0.4193262946851064,0.0029314272267129,0.999990555677024,8.108603651635349e-05,2.3175158500671387,3.4988341725474894e-05,0.0070280278673121,True,True,non_g2,600,train,8:3|68:2,4142,18148,mp-aaaaatio,mp-aaacrsyy,8:3|68:2,False,recorded_during_training
4,0.2721211942498485,0.2736554142220484,0.0022711807750965,0.9999813070045284,3.972572449129075e-05,0.6183542609214783,6.42442803452038e-05,0.0083462105234305,True,True,non_g2,600,train,8:16|11:2|41:6,4399,9528,mp-aaaaavmx,mp-aaabjmwk,8:8|11:1|41:3,False,recorded_during_training
5,0.2394487393903546,0.2399317826275364,0.0026942103504552,0.9999589508236072,9.120629692915828e-05,0.8398832082748413,0.0001085940235863,0.0112517207537396,True,True,non_g2,600,train,28:2|83:2,5792,12620,mp-aaaabhvh,mp-aaacewhi,28:1|83:1,False,recorded_during_training
6,0.3213603106123628,0.3228813236835322,0.0017281427333273,0.9999931287806878,2.3581784262205477e-05,0.8843270540237427,2.6666360771059645e-05,0.0053775860809765,True,True,non_g2,600,train,8:8|23:2|83:2,5885,7789,mp-aaaabici,mp-aaabfbmg,8:4|23:1|83:1,False,recorded_during_training
7,0.7221765882568434,0.7268381472520105,0.0058891028591006,0.9999882934294628,0.0004126602725591,15.503423690795898,2.661736406031011e-05,0.0081546576763384,True,True,non_g2,600,train,8:12|11:4|17:4,6004,8109,mp-aaaabini,mp-aaabfqcc,8:3|11:1|17:1,False,recorded_during_training
8,0.2874588755028924,0.2882337544410234,0.0013836015442905,0.9999940255668962,2.70947548415279e-05,1.333327293395996,2.032115818503747e-05,0.0048132156012576,True,True,non_g2,600,train,8:6|37:4|40:2,10121,10417,mp-aaabqvan,mp-aaabraoy,8:3|37:2|40:1,False,recorded_during_training
9,0.3300182820821646,0.3325465179500497,0.0029394784055511,0.999979679864533,0.0002105850580846,2.026646614074707,0.0001039081291342,0.0089070168688998,True,True,non_g2,600,train,8:18|56:8|73:4,10582,16766,mp-aaabruec,mp-aaacpwra,8:9|56:4|73:2,False,recorded_during_training
10,0.1434457298446432,0.1394703694077179,0.0056454198036135,0.99839253547911,0.0005541275022551,0.1721307337284088,0.0032192246570531,0.039355788490377,True,True,non_g2,600,train,59:1|68:3,11977,11981,mp-aaacdnzr,mp-aaacdoad,59:1|68:3,False,recorded_during_training
11,0.1017820875745201,0.1014050967412458,0.0045013961423592,0.9974403412342298,0.0005017513176426,0.0980513766407966,0.0051172286900239,0.0442258186054939,True,True,non_g2,600,train,62:3|69:1,12147,12167,mp-aaacdsei,mp-aaacdspp,62:3|69:1,False,recorded_during_training
12,0.2569476258940995,0.2558057259884663,0.0039326517726294,0.9997023297949466,0.0003516047727316,0.586344838142395,0.0005996552708566,0.0153052660398983,True,True,non_g2,600,train,48:2|71:1,12799,13366,mp-aaacfkmg,mp-aaacilmc,48:2|71:1,False,recorded_during_training
13,0.3711048242627939,0.3681971598558675,0.0066436439750177,0.99944152318933,0.0013982118107378,1.2508291006088257,0.0011178280150799,0.0179023379397328,True,True,non_g2,600,train,15:1|20:3|83:1,12895,12903,mp-aaacfrja,mp-aaacfroo,15:1|20:3|83:1,False,recorded_during_training
14,0.3156082618079381,0.3116179189892136,0.0078642345833941,0.9995726957328324,0.0020202442537993,2.3338234424591064,0.0008656371416299,0.0249177082321751,True,True,non_g2,600,train,46:2|51:2|57:2,13082,13180,mp-aaacfzan,mp-aaacgikg,46:1|51:1|57:1,False,recorded_during_training
15,0.2423462098959135,0.2324261213229874,0.0269512201089128,0.9665368314251176,0.037884596735239,0.575656533241272,0.0658111122650294,0.1112095795535166,True,False,non_g2,600,train,19:3|31:1,15832,15834,mp-aaacpkso,mp-aaacpktf,19:3|31:1,False,recorded_during_training
0,0.2116293776424527,0.2120045340707292,0.0012209546599706,0.9999836138973712,1.1229351002839394e-05,0.3378577530384063,3.3236919685436034e-05,0.0057693061028295,True,True,non_g2,700,train,15:16|48:8,423,3943,mp-aaaaabjd,mp-aaaaarxw,15:2|48:1,False,recorded_during_training
1,0.2833879719401011,0.2845510865448659,0.0022058181679085,0.9999888645153991,3.41527811542619e-05,1.2531861066818235,2.7252760760882807e-05,0.0077837395596125,True,True,non_g2,700,train,8:3|60:2,1183,2658,mp-aaaaaech,mp-aaaaalty,8:3|60:2,False,recorded_during_training
2,0.1626892907661385,0.1630552476854063,0.00151526479749,0.9999602405772072,1.7880658560898155e-05,0.2212611436843872,8.081246559225782e-05,0.0093138570483305,True,True,non_g2,700,train,16:6|19:2|42:6,2704,14113,mp-aaaaamae,mp-aaackvdk,16:3|19:1|42:3,False,recorded_during_training
3,0.4171052366407366,0.4176371170956372,0.0029301730617135,0.9999877033447548,6.226979166967794e-05,2.3175158500671387,2.6869197752357976e-05,0.0070250210362075,True,True,non_g2,700,train,8:3|68:2,4142,18148,mp-aaaaatio,mp-aaacrsyy,8:3|68:2,False,recorded_during_training
4,0.2721211942498485,0.2727863299926412,0.002288650620585,0.9999710985430096,3.6441124393604696e-05,0.6183542609214783,5.893243840399795e-05,0.0084104092916911,True,True,non_g2,700,train,8:16|11:2|41:6,4399,9528,mp-aaaaavmx,mp-aaabjmwk,8:8|11:1|41:3,False,recorded_during_training
5,0.2394487393903546,0.2391287757491227,0.0012568499951157,0.9999910507698254,1.5044963220134376e-05,0.8398832082748413,1.7913161106098815e-05,0.0052489313508843,True,True,non_g2,700,train,28:2|83:2,5792,12620,mp-aaaabhvh,mp-aaacewhi,28:1|83:1,False,recorded_during_training
6,0.3213603106123628,0.3220564119400251,0.0018741875099976,0.9999859267190092,2.698679600143805e-05,0.8843270540237427,3.051675947111022e-05,0.0058320441202784,True,True,non_g2,700,train,8:8|23:2|83:2,5885,7789,mp-aaaabici,mp-aaabfbmg,8:4|23:1|83:1,False,recorded_during_training
7,0.7221765882568434,0.7250832278000416,0.0050797780054381,0.9999887047674052,0.0003503474581521,15.503423690795898,2.2598070280443628e-05,0.0070339832224407,True,True,non_g2,700,train,8:12|11:4|17:4,6004,8109,mp-aaaabini,mp-aaabfqcc,8:3|11:1|17:1,False,recorded_during_training
8,0.2874588755028924,0.288462232099107,0.0016615507228436,0.99999338212532,2.5678862584754825e-05,1.333327293395996,1.9259234181991835e-05,0.0057801336623783,True,True,non_g2,700,train,8:6|37:4|40:2,10121,10417,mp-aaabqvan,mp-aaabraoy,8:3|37:2|40:1,False,recorded_during_training
9,0.3300182820821646,0.331035298270308,0.0027538819745132,0.9999841348140612,7.060357165755704e-05,2.026646614074707,3.483763334329111e-05,0.0083446345976298,True,True,non_g2,700,train,8:18|56:8|73:4,10582,16766,mp-aaabruec,mp-aaacpwra,8:9|56:4|73:2,False,recorded_during_training
10,0.1434457298446432,0.1398572400370881,0.0054503684136193,0.9984905218907796,0.0005204360932111,0.1721307337284088,0.0030234931434866,0.0379960311089238,True,True,non_g2,700,train,59:1|68:3,11977,11981,mp-aaacdnzr,mp-aaacdoad,59:1|68:3,False,recorded_during_training
11,0.1017820875745201,0.1004557918237196,0.0036047870609081,0.9981453952731768,0.0003633694141171,0.0980513766407966,0.0037059083366913,0.0354167137539688,True,True,non_g2,700,train,62:3|69:1,12147,12167,mp-aaacdsei,mp-aaacdspp,62:3|69:1,False,recorded_during_training
12,0.2569476258940995,0.2562381192110479,0.0023577435931656,0.999804051433174,0.000229807512369,0.586344838142395,0.0003919323534885,0.0091759695578483,True,True,non_g2,700,train,48:2|71:1,12799,13366,mp-aaacfkmg,mp-aaacilmc,48:2|71:1,False,recorded_during_training
13,0.3711048242627939,0.3695223568860228,0.0076096616145022,0.999428047466958,0.0014433643082156,1.2508291006088257,0.0011539260699268,0.0205054235811107,True,True,non_g2,700,train,15:1|20:3|83:1,12895,12903,mp-aaacfrja,mp-aaacfroo,15:1|20:3|83:1,False,recorded_during_training
14,0.3156082618079381,0.3153156241351098,0.0057697178599482,0.9998256749708536,0.0008758617914281,2.3338234424591064,0.0003752905106246,0.0182812636998058,True,True,non_g2,700,train,46:2|51:2|57:2,13082,13180,mp-aaacfzan,mp-aaacgikg,46:1|51:1|57:1,False,recorded_during_training
15,0.2423462098959135,0.2424553114251466,0.0069647005584556,0.9997443029931986,0.0003030856605619,0.575656533241272,0.0005265043355894,0.0287386403172839,True,True,non_g2,700,train,19:3|31:1,15832,15834,mp-aaacpkso,mp-aaacpktf,19:3|31:1,False,recorded_during_training
0,0.2116293776424527,0.2115897012990899,0.0021092861915121,0.9999556626846052,3.108991586486809e-05,0.3378577530384063,9.202072643078848e-05,0.0099668874662373,True,True,non_g2,800,train,15:16|48:8,423,3943,mp-aaaaabjd,mp-aaaaarxw,15:2|48:1,False,recorded_during_training
1,0.2833879719401011,0.282578920072865,0.0025100023144659,0.9999879346768684,6.764540739823133e-05,1.2531861066818235,5.397874029847195e-05,0.0088571236714185,True,True,non_g2,800,train,8:3|60:2,1183,2658,mp-aaaaaech,mp-aaaaalty,8:3|60:2,False,recorded_during_training
2,0.1626892907661385,0.1627681649697478,0.0012460212165024,0.999975668961928,1.0862538147193844e-05,0.2212611436843872,4.909374491297242e-05,0.0076589012751523,True,True,non_g2,800,train,16:6|19:2|42:6,2704,14113,mp-aaaaamae,mp-aaackvdk,16:3|19:1|42:3,False,recorded_during_training
3,0.4171052366407366,0.4180453812650739,0.0035601164511263,0.9999804781768352,9.05962660908699e-05,2.3175158500671387,3.909197259136127e-05,0.0085352955043159,True,True,non_g2,800,train,8:3|68:2,4142,18148,mp-aaaaatio,mp-aaacrsyy,8:3|68:2,False,recorded_during_training
4,0.2721211942498485,0.2711655021960268,0.003540879570437,0.9999468095806424,8.732352580409497e-05,0.6183542609214783,0.0001412192513624,0.0130121418149663,True,True,non_g2,800,train,8:16|11:2|41:6,4399,9528,mp-aaaaavmx,mp-aaabjmwk,8:8|11:1|41:3,False,recorded_during_training
5,0.2394487393903546,0.2408688705909298,0.0035427606926532,0.9999298790050908,0.0002185772173106,0.8398832082748413,0.0002602471571727,0.014795486924146,True,True,non_g2,800,train,28:2|83:2,5792,12620,mp-aaaabhvh,mp-aaacewhi,28:1|83:1,False,recorded_during_training
6,0.3213603106123628,0.3205902176225663,0.0024438876637304,0.9999783789875252,4.478930350160226e-05,0.8843270540237427,5.064789468761378e-05,0.0076048210778536,True,True,non_g2,800,train,8:8|23:2|83:2,5885,7789,mp-aaaabici,mp-aaabfbmg,8:4|23:1|83:1,False,recorded_during_training
7,0.7221765882568434,0.7245954565279931,0.0052091056406311,0.9999862638561696,0.0004328184586483,15.503423690795898,2.7917604993621827e-05,0.0072130635710645,True,True,non_g2,800,train,8:12|11:4|17:4,6004,8109,mp-aaaabini,mp-aaabfqcc,8:3|11:1|17:1,False,recorded_during_training
8,0.2874588755028924,0.2878871422032034,0.0018900305592808,0.9999856179053062,4.114835974178277e-05,1.333327293395996,3.08614096070722e-05,0.0065749598302516,True,True,non_g2,800,train,8:6|37:4|40:2,10121,10417,mp-aaabqvan,mp-aaabraoy,8:3|37:2|40:1,False,recorded_during_training
9,0.3300182820821646,0.3288881001271875,0.0039562298834425,0.9999708078744454,0.000282482302282,2.026646614074707,0.0001393840940597,0.0119879112711022,True,True,non_g2,800,train,8:18|56:8|73:4,10582,16766,mp-aaabruec,mp-aaacpwra,8:9|56:4|73:2,False,recorded_during_training
10,0.1434457298446432,0.1395616472229335,0.0049995349069718,0.998529192437026,0.0005060000694356,0.1721307337284088,0.0029396265180282,0.034853145593016,True,True,non_g2,800,train,59:1|68:3,11977,11981,mp-aaacdnzr,mp-aaacdoad,59:1|68:3,False,recorded_during_training
11,0.1017820875745201,0.1008988195226265,0.003108907133992,0.9985964116778492,0.000275054393569,0.0980513766407966,0.0028052068516758,0.0305447373705696,True,True,non_g2,800,train,62:3|69:1,12147,12167,mp-aaacdsei,mp-aaacdspp,62:3|69:1,False,recorded_during_training
12,0.2569476258940995,0.2566826915863203,0.002420642398647,0.999837228731014,0.0001993638434214,0.586344838142395,0.0003400112535364,0.0094207618779272,True,True,non_g2,800,train,48:2|71:1,12799,13366,mp-aaacfkmg,mp-aaacilmc,48:2|71:1,False,recorded_during_training
13,0.3711048242627939,0.3658754787621205,0.0090104114697382,0.9994050832789648,0.0015864097513258,1.2508291006088257,0.0012682865713259,0.0242799631819327,True,True,non_g2,800,train,15:1|20:3|83:1,12895,12903,mp-aaacfrja,mp-aaacfroo,15:1|20:3|83:1,False,recorded_during_training
14,0.3156082618079381,0.3150942426254914,0.0024978238179755,0.99994930683995,0.0002399665681878,2.3338234424591064,0.0001028212176731,0.007914316956302,True,True,non_g2,800,train,46:2|51:2|57:2,13082,13180,mp-aaacfzan,mp-aaacgikg,46:1|51:1|57:1,False,recorded_during_training
15,0.2423462098959135,0.2430760421557352,0.0014136394747765,0.999984233170042,1.829258144425694e-05,0.575656533241272,3.177690235053766e-05,0.0058331404290734,True,True,non_g2,800,train,19:3|31:1,15832,15834,mp-aaacpkso,mp-aaacpktf,19:3|31:1,False,recorded_during_training
0,0.2116293776424527,0.212103132304037,0.0009281218791556,0.9999918527427996,6.275735358940437e-06,0.3378577530384063,1.857508168009108e-05,0.0043856003806983,True,True,non_g2,900,train,15:16|48:8,423,3943,mp-aaaaabjd,mp-aaaaarxw,15:2|48:1,False,recorded_during_training
1,0.2833879719401011,0.2858425115642831,0.0035332877611153,0.99996525426599,0.0001740864536259,1.2531861066818235,0.0001389150842781,0.0124680230319098,True,True,non_g2,900,train,8:3|60:2,1183,2658,mp-aaaaaech,mp-aaaaalty,8:3|60:2,False,recorded_during_training
2,0.1626892907661385,0.1627616319747176,0.0007128558063413,0.9999920524829552,3.525674401316792e-06,0.2212611436843872,1.5934448962018868e-05,0.0043817008666299,True,True,non_g2,900,train,16:6|19:2|42:6,2704,14113,mp-aaaaamae,mp-aaackvdk,16:3|19:1|42:3,False,recorded_during_training
3,0.4171052366407366,0.4194809426148822,0.0036861390024114,0.9999823106639526,0.0001493023737566,2.3175158500671387,6.442345313510121e-05,0.0088374316086239,True,True,non_g2,900,train,8:3|68:2,4142,18148,mp-aaaaatio,mp-aaacrsyy,8:3|68:2,False,recorded_during_training
4,0.2721211942498485,0.2736049964848916,0.0037888269605446,0.9999209949982834,0.000111092973384,0.6183542609214783,0.0001796591054754,0.0139233071168499,True,True,non_g2,900,train,8:16|11:2|41:6,4399,9528,mp-aaaaavmx,mp-aaabjmwk,8:8|11:1|41:3,False,recorded_during_training
5,0.2394487393903546,0.2399018519645324,0.0018942666793009,0.999979151091152,4.670150883612223e-05,0.8398832082748413,5.560476549120356e-05,0.0079109486402968,True,True,non_g2,900,train,28:2|83:2,5792,12620,mp-aaaabhvh,mp-aaacewhi,28:1|83:1,False,recorded_during_training
6,0.3213603106123628,0.3215827247563538,0.0026985847448486,0.9999704288167156,5.231159957475029e-05,0.8843270540237427,5.915413232777317e-05,0.0083973803103015,True,True,non_g2,900,train,8:8|23:2|83:2,5885,7789,mp-aaaabici,mp-aaabfbmg,8:4|23:1|83:1,False,recorded_during_training
7,0.7221765882568434,0.7243395627771179,0.0048152549603628,0.9999914225431142,0.0003029592044185,15.503423690795898,1.954143874674896e-05,0.0066676974006948,True,True,non_g2,900,train,8:12|11:4|17:4,6004,8109,mp-aaaabini,mp-aaabfqcc,8:3|11:1|17:1,False,recorded_during_training
8,0.2874588755028924,0.2883809907119143,0.0029403725713166,0.9999567899150792,0.0001447607937734,1.333327293395996,0.000108571087152,0.0102288460085729,True,True,non_g2,900,train,8:6|37:4|40:2,10121,10417,mp-aaabqvan,mp-aaabraoy,8:3|37:2|40:1,False,recorded_during_training
9,0.3300182820821646,0.331011952688641,0.0058276828804082,0.9999064797781456,0.0003859907737933,2.026646614074707,0.0001904578583718,0.0176586667976088,True,True,non_g2,900,train,8:18|56:8|73:4,10582,16766,mp-aaabruec,mp-aaacpwra,8:9|56:4|73:2,False,recorded_during_training
10,0.1434457298446432,0.1401733625474435,0.0051506447415476,0.998586285113136,0.0004896509926766,0.1721307337284088,0.0028446459389942,0.0359065741944777,True,True,non_g2,900,train,59:1|68:3,11977,11981,mp-aaacdnzr,mp-aaacdoad,59:1|68:3,False,recorded_during_training
11,0.1017820875745201,0.1013650566668502,0.0028489438894894,0.9989530741489184,0.0002063116407953,0.0980513766407966,0.002104117737695,0.0279906215069872,True,True,non_g2,900,train,62:3|69:1,12147,12167,mp-aaacdsei,mp-aaacdspp,62:3|69:1,False,recorded_during_training
12,0.2569476258940995,0.2561417269826052,0.0017891084498842,0.9998769542596204,0.0001453083241358,0.586344838142395,0.0002478205906889,0.0069629304558027,True,True,non_g2,900,train,48:2|71:1,12799,13366,mp-aaacfkmg,mp-aaacilmc,48:2|71:1,False,recorded_during_training
13,0.3711048242627939,0.3697882213612615,0.0068760213232721,0.9994615934275408,0.0013680540723726,1.2508291006088257,0.0010937178162122,0.018528515054827,True,True,non_g2,900,train,15:1|20:3|83:1,12895,12903,mp-aaacfrja,mp-aaacfroo,15:1|20:3|83:1,False,recorded_during_training
14,0.3156082618079381,0.3161031932049809,0.0029246606954984,0.9999576414924668,0.0002796242188196,2.3338234424591064,0.0001198137844245,0.0092667431414651,True,True,non_g2,900,train,46:2|51:2|57:2,13082,13180,mp-aaacfzan,mp-aaacgikg,46:1|51:1|57:1,False,recorded_during_training
15,0.2423462098959135,0.2426994291417941,0.0013515032442228,0.9999869620342682,1.5886937035247684e-05,0.575656533241272,2.759794446489687e-05,0.0055767459487124,True,True,non_g2,900,train,19:3|31:1,15832,15834,mp-aaacpkso,mp-aaacpktf,19:3|31:1,False,recorded_during_training
0,0.2116293776424527,0.210141685216513,0.0033961234488515,0.9999128697108264,9.170403791358694e-05,0.3378577530384063,0.0002714279518196,0.016047504777854,True,True,non_g2,1000,train,15:16|48:8,423,3943,mp-aaaaabjd,mp-aaaaarxw,15:2|48:1,False,recorded_during_training
1,0.2833879719401011,0.2779408607741516,0.0071356917499088,0.999916403774454,0.0011782952351495,1.2531861066818235,0.0009402396251179,0.0251799386581483,True,True,non_g2,1000,train,8:3|60:2,1183,2658,mp-aaaaaech,mp-aaaaalty,8:3|60:2,False,recorded_during_training
2,0.1626892907661385,0.1613696510030422,0.0024139100278262,0.9999326381555336,4.571614772430621e-05,0.2212611436843872,0.0002066162497538,0.0148375471824764,True,True,non_g2,1000,train,16:6|19:2|42:6,2704,14113,mp-aaaaamae,mp-aaackvdk,16:3|19:1|42:3,False,recorded_during_training
3,0.4171052366407366,0.4099528478668617,0.0097177745999488,0.9998804024751022,0.0020317721646279,2.3175158500671387,0.0008767025971231,0.0232981361687362,True,True,non_g2,1000,train,8:3|68:2,4142,18148,mp-aaaaatio,mp-aaacrsyy,8:3|68:2,False,recorded_during_training
4,0.2721211942498485,0.2674464344927401,0.0064080079318955,0.9998828357274584,0.0004397852753754,0.6183542609214783,0.0007112189616355,0.0235483603162936,True,True,non_g2,1000,train,8:16|11:2|41:6,4399,9528,mp-aaaaavmx,mp-aaabjmwk,8:8|11:1|41:3,False,recorded_during_training
5,0.2394487393903546,0.2364101447892608,0.0036495217500487,0.9999305045111768,0.0004445356898941,0.8398832082748413,0.0005292827449273,0.0152413487719357,True,True,non_g2,1000,train,28:2|83:2,5792,12620,mp-aaaabhvh,mp-aaacewhi,28:1|83:1,False,recorded_during_training
6,0.3213603106123628,0.3164814910246605,0.0061068551272001,0.999944023243754,0.0003373518702574,0.8843270540237427,0.0003814786268524,0.0190031404798037,True,True,non_g2,1000,train,8:8|23:2|83:2,5885,7789,mp-aaaabici,mp-aaabfbmg,8:4|23:1|83:1,False,recorded_during_training
7,0.7221765882568434,0.718267561402314,0.0121087766021048,0.9999651813618554,0.0038144523277878,15.503423690795898,0.0002460393525884,0.0167670578069173,True,True,non_g2,1000,train,8:12|11:4|17:4,6004,8109,mp-aaaabini,mp-aaabfqcc,8:3|11:1|17:1,False,recorded_during_training
8,0.2874588755028924,0.2824866140325639,0.0063583134479188,0.9999284269585252,0.0009099848102778,1.333327293395996,0.0006824916993636,0.0221190368075966,True,True,non_g2,1000,train,8:6|37:4|40:2,10121,10417,mp-aaabqvan,mp-aaabraoy,8:3|37:2|40:1,False,recorded_during_training
9,0.3300182820821646,0.3244996043931678,0.0077987034301258,0.9999032895023048,0.0019310093484818,2.026646614074707,0.0009528100928259,0.0236311254665105,True,True,non_g2,1000,train,8:18|56:8|73:4,10582,16766,mp-aaabruec,mp-aaacpwra,8:9|56:4|73:2,False,recorded_during_training
10,0.1434457298446432,0.1382826753514336,0.0065562981420725,0.9986731395905136,0.0005020790267735,0.1721307337284088,0.0029168470725614,0.0457057742267636,True,True,non_g2,1000,train,59:1|68:3,11977,11981,mp-aaacdnzr,mp-aaacdoad,59:1|68:3,False,recorded_during_training
11,0.1017820875745201,0.1006801712258038,0.0049542505782937,0.9991922378067648,0.0001718140556477,0.0980513766407966,0.0017522860110075,0.0486750733488986,True,True,non_g2,1000,train,62:3|69:1,12147,12167,mp-aaacdsei,mp-aaacdspp,62:3|69:1,False,recorded_during_training
12,0.2569476258940995,0.2530183432827471,0.004755857939017,0.9998412731850432,0.0002901686821132,0.586344838142395,0.0004948771835914,0.0185090557753474,True,True,non_g2,1000,train,48:2|71:1,12799,13366,mp-aaacfkmg,mp-aaacilmc,48:2|71:1,False,recorded_during_training
13,0.3711048242627939,0.3626268437080853,0.0115655535796221,0.9993897979403626,0.0020302445627748,1.2508291006088257,0.0016231190670145,0.0311651932916726,True,True,non_g2,1000,train,15:1|20:3|83:1,12895,12903,mp-aaacfrja,mp-aaacfroo,15:1|20:3|83:1,False,recorded_during_training
14,0.3156082618079381,0.3118224962599925,0.0053971974339219,0.9999642341101936,0.0007114211912266,2.3338234424591064,0.0003048307675224,0.0171009383689911,True,True,non_g2,1000,train,46:2|51:2|57:2,13082,13180,mp-aaacfzan,mp-aaacgikg,46:1|51:1|57:1,False,recorded_during_training
15,0.2423462098959135,0.2396013147699704,0.0040889675328799,0.9999727842247012,0.0001787628279998,0.575656533241272,0.0003105373042382,0.0168724220388513,True,True,non_g2,1000,train,19:3|31:1,15832,15834,mp-aaacpkso,mp-aaacpktf,19:3|31:1,False,recorded_during_training
0,0.2116293776424527,0.2123073003385798,0.0028875468761953,0.9999081539647982,6.440895231207833e-05,0.3378577530384063,0.0001906392608511,0.0136443574534051,True,True,non_g2,1100,train,15:16|48:8,423,3943,mp-aaaaabjd,mp-aaaaarxw,15:2|48:1,False,recorded_during_training
1,0.2833879719401011,0.2876462582171371,0.0060389807749743,0.999941070998438,0.000459662056528,1.2531861066818235,0.0003667947275166,0.021309940339496,True,True,non_g2,1100,train,8:3|60:2,1183,2658,mp-aaaaaech,mp-aaaaalty,8:3|60:2,False,recorded_during_training
2,0.1626892907661385,0.1621400148724205,0.0017666628700681,0.9999534483447364,2.3555361622129567e-05,0.2212611436843872,0.0001064595492452,0.0108591220832576,True,True,non_g2,1100,train,16:6|19:2|42:6,2704,14113,mp-aaaaamae,mp-aaackvdk,16:3|19:1|42:3,False,recorded_during_training
3,0.4171052366407366,0.4185222249097933,0.0038696065673775,0.999974552672716,0.0001466289977543,2.3175158500671387,6.326990072152375e-05,0.0092772907828787,True,True,non_g2,1100,train,8:3|68:2,4142,18148,mp-aaaaatio,mp-aaacrsyy,8:3|68:2,False,recorded_during_training
4,0.2721211942498485,0.2725321646421434,0.005370273637709,0.999824859220283,0.0002181359159294,0.6183542609214783,0.0003527685175232,0.0197348598756269,True,True,non_g2,1100,train,8:16|11:2|41:6,4399,9528,mp-aaaaavmx,mp-aaabjmwk,8:8|11:1|41:3,False,recorded_during_training
5,0.2394487393903546,0.2407069836190203,0.002630437418702,0.9999849193139474,8.983760926639661e-05,0.8398832082748413,0.0001069644069333,0.0109853884610094,True,True,non_g2,1100,train,28:2|83:2,5792,12620,mp-aaaabhvh,mp-aaacewhi,28:1|83:1,False,recorded_during_training
6,0.3213603106123628,0.3242257190984219,0.0050457378354167,0.9999059928964866,0.0002139298885595,0.8843270540237427,0.0002419126358128,0.0157011854569156,True,True,non_g2,1100,train,8:8|23:2|83:2,5885,7789,mp-aaaabici,mp-aaabfbmg,8:4|23:1|83:1,False,recorded_during_training
7,0.7221765882568434,0.7264712513513132,0.0055682978506865,0.999991270368739,0.0004111318557988,15.503423690795898,2.651877830333481e-05,0.0077104380579922,True,True,non_g2,1100,train,8:12|11:4|17:4,6004,8109,mp-aaaabini,mp-aaabfqcc,8:3|11:1|17:1,False,recorded_during_training
8,0.2874588755028924,0.2884451688186686,0.0037864804477578,0.9999487344132874,0.0001698919804766,1.333327293395996,0.0001274195625621,0.0131722509563625,True,True,non_g2,1100,train,8:6|37:4|40:2,10121,10417,mp-aaabqvan,mp-aaabraoy,8:3|37:2|40:1,False,recorded_during_training
9,0.3300182820821646,0.3316489724093117,0.0060190772928763,0.9999118886821624,0.0003842134319711,2.026646614074707,0.0001895808718218,0.0182386177362675,True,True,non_g2,1100,train,8:18|56:8|73:4,10582,16766,mp-aaabruec,mp-aaacpwra,8:9|56:4|73:2,False,recorded_during_training
10,0.1434457298446432,0.1402850204304968,0.0060167157226942,0.9986533114787076,0.0004633545759133,0.1721307337284088,0.0026918759124357,0.0419441954055415,True,True,non_g2,1100,train,59:1|68:3,11977,11981,mp-aaacdnzr,mp-aaacdoad,59:1|68:3,False,recorded_during_training
11,0.1017820875745201,0.1017251332984869,0.0051954561606635,0.999041782450674,0.0001879347109934,0.0980513766407966,0.0019166963017961,0.051044896842577,True,True,non_g2,1100,train,62:3|69:1,12147,12167,mp-aaacdsei,mp-aaacdspp,62:3|69:1,False,recorded_during_training
12,0.2569476258940995,0.2553308527276385,0.0053784959891345,0.9998349280486386,0.0002366971748415,0.586344838142395,0.0004036825421562,0.0209322657503411,True,True,non_g2,1100,train,48:2|71:1,12799,13366,mp-aaacfkmg,mp-aaacilmc,48:2|71:1,False,recorded_during_training
13,0.3711048242627939,0.3694833906363328,0.007805094064416,0.9994393545473376,0.0014113821089267,1.2508291006088257,0.0011283572697819,0.0210320468884257,True,True,non_g2,1100,train,15:1|20:3|83:1,12895,12903,mp-aaacfrja,mp-aaacfroo,15:1|20:3|83:1,False,recorded_during_training
14,0.3156082618079381,0.317490381468815,0.003951018112275,0.9999735850383312,0.0001571046159369,2.3338234424591064,6.731641009289412e-05,0.0125187410799766,True,True,non_g2,1100,train,46:2|51:2|57:2,13082,13180,mp-aaacfzan,mp-aaacgikg,46:1|51:1|57:1,False,recorded_during_training
15,0.2423462098959135,0.2417026712610095,0.0024513401403964,0.999937495520736,8.667356451041996e-05,0.575656533241272,0.0001505647195948,0.0101150339485372,True,True,non_g2,1100,train,19:3|31:1,15832,15834,mp-aaacpkso,mp-aaacpktf,19:3|31:1,False,recorded_during_training
0,0.2116293776424527,0.2119599250800092,0.0053801928462462,0.999698346721652,0.0002070249756798,0.3378577530384063,0.0006127578065561,0.0254227126034272,True,True,non_g2,1200,train,15:16|48:8,423,3943,mp-aaaaabjd,mp-aaaaarxw,15:2|48:1,False,recorded_during_training
1,0.2833879719401011,0.2835981308127202,0.0034680582203918,0.9999505527888918,0.0001261433935724,1.2531861066818235,0.0001006581487776,0.0122378455113998,True,True,non_g2,1200,train,8:3|60:2,1183,2658,mp-aaaaaech,mp-aaaaalty,8:3|60:2,False,recorded_during_training
2,0.1626892907661385,0.1625062589591834,0.0028050759865436,0.9998834198621044,5.454782512970269e-05,0.2212611436843872,0.0002465314253618,0.0172419215384981,True,True,non_g2,1200,train,16:6|19:2|42:6,2704,14113,mp-aaaaamae,mp-aaackvdk,16:3|19:1|42:3,False,recorded_during_training
3,0.4171052366407366,0.416483633520329,0.0058761834941378,0.9999309458808444,0.0003299883392173,2.3175158500671387,0.0001423888165458,0.0140880117964071,True,True,non_g2,1200,train,8:3|68:2,4142,18148,mp-aaaaatio,mp-aaacrsyy,8:3|68:2,False,recorded_during_training
4,0.2721211942498485,0.2720695243688169,0.0031592764817105,0.9999367225944664,7.82685456215404e-05,0.6183542609214783,0.0001265755741779,0.0116098141139637,True,True,non_g2,1200,train,8:16|11:2|41:6,4399,9528,mp-aaaaavmx,mp-aaabjmwk,8:8|11:1|41:3,False,recorded_during_training
5,0.2394487393903546,0.2379551088088192,0.0020567626343108,0.9999842204047866,9.38550365390256e-05,0.8398832082748413,0.00011174772351,0.008589573866822,True,True,non_g2,1200,train,28:2|83:2,5792,12620,mp-aaaabhvh,mp-aaacewhi,28:1|83:1,False,recorded_during_training
6,0.3213603106123628,0.3219047867771678,0.002172397437107,0.9999785021808132,3.85338171327021e-05,0.8843270540237427,4.357416971172696e-05,0.0067600054062914,True,True,non_g2,1200,train,8:8|23:2|83:2,5885,7789,mp-aaaabici,mp-aaabfbmg,8:4|23:1|83:1,False,recorded_during_training
7,0.7221765882568434,0.7263239179991103,0.0070157011176377,0.9999717572354252,0.0013627159642055,15.503423690795898,8.789774383929034e-05,0.0097146615269983,True,True,non_g2,1200,train,8:12|11:4|17:4,6004,8109,mp-aaaabini,mp-aaabfqcc,8:3|11:1|17:1,False,recorded_during_training
8,0.2874588755028924,0.2867228756422832,0.0028133893163442,0.999965349820954,0.0001001624041236,1.333327293395996,7.512214339254933e-05,0.0097871019338761,True,True,non_g2,1200,train,8:6|37:4|40:2,10121,10417,mp-aaabqvan,mp-aaabraoy,8:3|37:2|40:1,False,recorded_during_training
9,0.3300182820821646,0.3308396435527356,0.0027221289415138,0.9999793431311168,8.500961848767474e-05,2.026646614074707,4.194595046679464e-05,0.0082484186158998,True,True,non_g2,1200,train,8:18|56:8|73:4,10582,16766,mp-aaabruec,mp-aaacpwra,8:9|56:4|73:2,False,recorded_during_training
10,0.1434457298446432,0.1380626513390552,0.0069944388995963,0.9987089172771026,0.0005288374377414,0.1721307337284088,0.0030723010719042,0.0487601750653129,True,True,non_g2,1200,train,59:1|68:3,11977,11981,mp-aaacdnzr,mp-aaacdoad,59:1|68:3,False,recorded_during_training
11,0.1017820875745201,0.1008249139040344,0.0052352258303471,0.9991177968553736,0.0001845694641815,0.0980513766407966,0.0018823750415836,0.0514356303265464,True,True,non_g2,1200,train,62:3|69:1,12147,12167,mp-aaacdsei,mp-aaacdspp,62:3|69:1,False,recorded_during_training
12,0.2569476258940995,0.2476040591718629,0.0123337979894131,0.9996817130725604,0.0016131964512169,0.586344838142395,0.0027512759493674,0.0480012140470077,True,True,non_g2,1200,train,48:2|71:1,12799,13366,mp-aaacfkmg,mp-aaacilmc,48:2|71:1,False,recorded_during_training
13,0.3711048242627939,0.363738597629208,0.0100937573326618,0.9993423084595592,0.001890861429274,1.2508291006088257,0.0015116864712803,0.0271992080747353,True,True,non_g2,1200,train,15:1|20:3|83:1,12895,12903,mp-aaacfrja,mp-aaacfroo,15:1|20:3|83:1,False,recorded_during_training
14,0.3156082618079381,0.3107106161860429,0.0074678129694802,0.9999412497769709,0.0016995379701256,2.3338234424591064,0.0007282204554149,0.0236616523493443,True,True,non_g2,1200,train,46:2|51:2|57:2,13082,13180,mp-aaacfzan,mp-aaacgikg,46:1|51:1|57:1,False,recorded_during_training
15,0.2423462098959135,0.2381342189764836,0.0051632806134875,0.9999425394806986,0.0003602750366553,0.575656533241272,0.0006258506867399,0.0213053903987406,True,True,non_g2,1200,train,19:3|31:1,15832,15834,mp-aaacpkso,mp-aaacpktf,19:3|31:1,False,recorded_during_training
0,0.2116293776424527,0.2118416722951224,0.0022539357365758,0.9999299570678888,4.737693234346807e-05,0.3378577530384063,0.0001402274534693,0.0106503915556745,True,True,non_g2,1300,train,15:16|48:8,423,3943,mp-aaaaabjd,mp-aaaaarxw,15:2|48:1,False,recorded_during_training
1,0.2833879719401011,0.2840618795793261,0.0023017165825649,0.9999755529349996,6.308753654593602e-05,1.2531861066818235,5.034171397972062e-05,0.0081221392947879,True,True,non_g2,1300,train,8:3|60:2,1183,2658,mp-aaaaaech,mp-aaaaalty,8:3|60:2,False,recorded_during_training
2,0.1626892907661385,0.1628023717785254,0.0023323111818172,0.9999036901159036,4.356283170636743e-05,0.2212611436843872,0.0001968842381494,0.0143359846910257,True,True,non_g2,1300,train,16:6|19:2|42:6,2704,14113,mp-aaaaamae,mp-aaackvdk,16:3|19:1|42:3,False,recorded_during_training
3,0.4171052366407366,0.4168248821742963,0.0032864712304672,0.9999800291507052,0.0001238875411218,2.3175158500671387,5.345704156379953e-05,0.0078792375203333,True,True,non_g2,1300,train,8:3|68:2,4142,18148,mp-aaaaatio,mp-aaacrsyy,8:3|68:2,False,recorded_during_training
4,0.2721211942498485,0.2726669840976683,0.0022080259950598,0.9999720696002916,3.498700971249491e-05,0.6183542609214783,5.65808500459864e-05,0.0081141272407931,True,True,non_g2,1300,train,8:16|11:2|41:6,4399,9528,mp-aaaaavmx,mp-aaabjmwk,8:8|11:1|41:3,False,recorded_during_training
5,0.2394487393903546,0.238111475147889,0.0025842599425232,0.999979059598686,0.0001104541297536,0.8398832082748413,0.0001315112966486,0.0107925393514404,True,True,non_g2,1300,train,28:2|83:2,5792,12620,mp-aaaabhvh,mp-aaacewhi,28:1|83:1,False,recorded_during_training
6,0.3213603106123628,0.3207093216124121,0.0026712152548498,0.999972513415216,5.547730688704178e-05,0.8843270540237427,6.273392477886615e-05,0.008312212699072,True,True,non_g2,1300,train,8:8|23:2|83:2,5885,7789,mp-aaaabici,mp-aaabfbmg,8:4|23:1|83:1,False,recorded_during_training
7,0.7221765882568434,0.7259546465451194,0.004774887327926,0.9999905926320748,0.0004195678629912,15.503423690795898,2.7062916640814857e-05,0.0066118002238918,True,True,non_g2,1300,train,8:12|11:4|17:4,6004,8109,mp-aaaabini,mp-aaabfqcc,8:3|11:1|17:1,False,recorded_during_training
8,0.2874588755028924,0.2888812760963333,0.0023600855709844,0.999979681856942,7.194006320787594e-05,1.333327293395996,5.395529182084316e-05,0.0082101676869625,True,True,non_g2,1300,train,8:6|37:4|40:2,10121,10417,mp-aaabqvan,mp-aaabraoy,8:3|37:2|40:1,False,recorded_during_training
9,0.3300182820821646,0.3302482017807051,0.0024442029734927,0.9999833548380456,6.933252007002011e-05,2.026646614074707,3.421046352556872e-05,0.0074062653683054,True,True,non_g2,1300,train,8:18|56:8|73:4,10582,16766,mp-aaabruec,mp-aaacpwra,8:9|56:4|73:2,False,recorded_during_training
10,0.1434457298446432,0.140183518721642,0.0041151166542476,0.9989154174995158,0.0003759469254873,0.1721307337284088,0.0021840778653772,0.0286876204590021,True,True,non_g2,1300,train,59:1|68:3,11977,11981,mp-aaacdnzr,mp-aaacdoad,59:1|68:3,False,recorded_during_training
11,0.1017820875745201,0.1015006482316493,0.0028269713666304,0.9996830412940972,6.329088500933722e-05,0.0980513766407966,0.0006454869597721,0.0277747434150501,True,True,non_g2,1300,train,62:3|69:1,12147,12167,mp-aaacdsei,mp-aaacdspp,62:3|69:1,False,recorded_during_training
12,0.2569476258940995,0.2558769904717337,0.0023689009540248,0.999967580035034,5.668616722687148e-05,0.586344838142395,9.667718301479296e-05,0.0092193922624574,True,True,non_g2,1300,train,48:2|71:1,12799,13366,mp-aaacfkmg,mp-aaacilmc,48:2|71:1,False,recorded_during_training
13,0.3711048242627939,0.3686184456529418,0.0066817678649258,0.9994762324717936,0.0013099738862365,1.2508291006088257,0.0010472844656387,0.0180050687247174,True,True,non_g2,1300,train,15:1|20:3|83:1,12895,12903,mp-aaacfrja,mp-aaacfroo,15:1|20:3|83:1,False,recorded_during_training
14,0.3156082618079381,0.3123276909973356,0.0044928415081813,0.9999505653925882,0.0008282072376459,2.3338234424591064,0.0003548714193963,0.0142355003080223,True,True,non_g2,1300,train,46:2|51:2|57:2,13082,13180,mp-aaacfzan,mp-aaacgikg,46:1|51:1|57:1,False,recorded_during_training
15,0.2423462098959135,0.2414067419631465,0.0019064747502852,0.999984739565713,3.9641381590627134e-05,0.575656533241272,6.8862905745938e-05,0.0078667405242445,True,True,non_g2,1300,train,19:3|31:1,15832,15834,mp-aaacpkso,mp-aaacpktf,19:3|31:1,False,recorded_during_training
0,0.2116293776424527,0.2124789459412568,0.0014857369338869,0.9999767913717728,2.32483034778852e-05,0.3378577530384063,6.881092195993627e-05,0.0070204663947797,True,True,non_g2,1400,train,15:16|48:8,423,3943,mp-aaaaabjd,mp-aaaaarxw,15:2|48:1,False,recorded_during_training
1,0.2833879719401011,0.2867788684882271,0.0041682231978938,0.9999788835289748,0.0002847459982149,1.2531861066818235,0.0002272176468416,0.0147085395662978,True,True,non_g2,1400,train,8:3|60:2,1183,2658,mp-aaaaaech,mp-aaaaalty,8:3|60:2,False,recorded_during_training
2,0.1626892907661385,0.1628267652413342,0.0010177202930208,0.9999790610757272,9.327328371000476e-06,0.2212611436843872,4.215529313319119e-05,0.0062556071652176,True,True,non_g2,1400,train,16:6|19:2|42:6,2704,14113,mp-aaaaamae,mp-aaackvdk,16:3|19:1|42:3,False,recorded_during_training
3,0.4171052366407366,0.4194753839210534,0.0037961517225539,0.9999822742795134,0.000193537416635,2.3175158500671387,8.35107197344408e-05,0.009101184519109,True,True,non_g2,1400,train,8:3|68:2,4142,18148,mp-aaaaatio,mp-aaacrsyy,8:3|68:2,False,recorded_during_training
4,0.2721211942498485,0.2742410232081056,0.0028690492640635,0.9999819024846514,6.611761637032032e-05,0.6183542609214783,0.0001069251407304,0.0105432774980007,True,True,non_g2,1400,train,8:16|11:2|41:6,4399,9528,mp-aaaaavmx,mp-aaabjmwk,8:8|11:1|41:3,False,recorded_during_training
5,0.2394487393903546,0.239944777720666,0.0010037822285084,0.999990960343502,3.42846178682521e-05,0.8398832082748413,4.08206968903144e-05,0.0041920547632205,True,True,non_g2,1400,train,28:2|83:2,5792,12620,mp-aaaabhvh,mp-aaacewhi,28:1|83:1,False,recorded_during_training
6,0.3213603106123628,0.324121379949247,0.0032618250270388,0.9999836887753262,8.690153481438756e-05,0.8843270540237427,9.82685471613474e-05,0.0101500556208181,True,True,non_g2,1400,train,8:8|23:2|83:2,5885,7789,mp-aaaabici,mp-aaabfbmg,8:4|23:1|83:1,False,recorded_during_training
7,0.7221765882568434,0.7292044688000487,0.0098607602629954,0.999959901652416,0.0031668050214648,15.503423690795898,0.0002042648826881,0.0136542231129326,True,True,non_g2,1400,train,8:12|11:4|17:4,6004,8109,mp-aaaabini,mp-aaabfqcc,8:3|11:1|17:1,False,recorded_during_training
8,0.2874588755028924,0.2885048320663372,0.0023896580998723,0.9999817565111756,8.203067409340292e-05,1.333327293395996,6.152328426763851e-05,0.0083130433725234,True,True,non_g2,1400,train,8:6|37:4|40:2,10121,10417,mp-aaabqvan,mp-aaabraoy,8:3|37:2|40:1,False,recorded_during_training
9,0.3300182820821646,0.3328575775794888,0.0037245329713186,0.9999709672960851,0.000359593599569,2.026646614074707,0.0001774328080049,0.0112858383111981,True,True,non_g2,1400,train,8:18|56:8|73:4,10582,16766,mp-aaabruec,mp-aaacpwra,8:9|56:4|73:2,False,recorded_during_training
10,0.1434457298446432,0.1406634613961159,0.0046970709674951,0.9988913079895104,0.0003818260447587,0.1721307337284088,0.0022182328308739,0.0327445855138543,True,True,non_g2,1400,train,59:1|68:3,11977,11981,mp-aaacdnzr,mp-aaacdoad,59:1|68:3,False,recorded_during_training
11,0.1017820875745201,0.101880233540669,0.0022509688933496,0.9997826805241792,4.289006392355077e-05,0.0980513766407966,0.000437424393139,0.0221155701065924,True,True,non_g2,1400,train,62:3|69:1,12147,12167,mp-aaacdsei,mp-aaacdspp,62:3|69:1,False,recorded_during_training
12,0.2569476258940995,0.2548738874029368,0.0028600828954949,0.999970635481112,9.08591173356399e-05,0.586344838142395,0.0001549585012524,0.0111309956087073,True,True,non_g2,1400,train,48:2|71:1,12799,13366,mp-aaacfkmg,mp-aaacilmc,48:2|71:1,False,recorded_during_training
13,0.3711048242627939,0.3680634948666466,0.0068254539048311,0.9994889331995224,0.00129422894679,1.2508291006088257,0.0010346968631927,0.0183922532356996,True,True,non_g2,1400,train,15:1|20:3|83:1,12895,12903,mp-aaacfrja,mp-aaacfroo,15:1|20:3|83:1,False,recorded_during_training
14,0.3156082618079381,0.3168888848413189,0.0030654315451101,0.999979559464128,0.0001169453753391,2.3338234424591064,5.01089213569236e-05,0.009712773447533,True,True,non_g2,1400,train,46:2|51:2|57:2,13082,13180,mp-aaacfzan,mp-aaacgikg,46:1|51:1|57:1,False,recorded_during_training
15,0.2423462098959135,0.2411807594180572,0.0019748916238313,0.9999867681316216,3.883659519487992e-05,0.575656533241272,6.746487350053672e-05,0.0081490509988976,True,True,non_g2,1400,train,19:3|31:1,15832,15834,mp-aaacpkso,mp-aaacpktf,19:3|31:1,False,recorded_during_training
0,0.2116293776424527,0.2116903664573328,0.0013023420991657,0.9999769385602552,1.5583413187414408e-05,0.3378577530384063,4.612418406051184e-05,0.0061538814396841,True,True,non_g2,1500,train,15:16|48:8,423,3943,mp-aaaaabjd,mp-aaaaarxw,15:2|48:1,False,recorded_during_training
1,0.2833879719401011,0.2833554992691915,0.0017522311725315,0.9999875590121596,3.225525506422855e-05,1.2531861066818235,2.573859931278185e-05,0.0061831529423623,True,True,non_g2,1500,train,8:3|60:2,1183,2658,mp-aaaaaech,mp-aaaaalty,8:3|60:2,False,recorded_during_training
2,0.1626892907661385,0.1626127281342633,0.0013439573813229,0.999961770205231,1.6992722521536052e-05,0.2212611436843872,7.679939748379374e-05,0.0082608841368353,True,True,non_g2,1500,train,16:6|19:2|42:6,2704,14113,mp-aaaaamae,mp-aaackvdk,16:3|19:1|42:3,False,recorded_during_training
3,0.4171052366407366,0.415789427324853,0.0034522114935953,0.9999818691540876,0.0001423097564838,2.3175158500671387,6.140616318967568e-05,0.0082765959051451,True,True,non_g2,1500,train,8:3|68:2,4142,18148,mp-aaaaatio,mp-aaacrsyy,8:3|68:2,False,recorded_during_training
4,0.2721211942498485,0.2718851784386515,0.0013408409952262,0.9999910312182616,1.4169497262628283e-05,0.6183542609214783,2.291485343937429e-05,0.0049273670098446,True,True,non_g2,1500,train,8:16|11:2|41:6,4399,9528,mp-aaaaavmx,mp-aaabjmwk,8:8|11:1|41:3,False,recorded_during_training
5,0.2394487393903546,0.2399193310702685,0.0014496703224722,0.9999872395303272,3.0373183108167723e-05,0.8398832082748413,3.6163579422614766e-05,0.0060541990163036,True,True,non_g2,1500,train,28:2|83:2,5792,12620,mp-aaaabhvh,mp-aaacewhi,28:1|83:1,False,recorded_during_training
6,0.3213603106123628,0.3204573518953566,0.0015606868466875,0.9999946603904776,1.958776920218952e-05,0.8843270540237427,2.214991513949953e-05,0.0048565015502804,True,True,non_g2,1500,train,8:8|23:2|83:2,5885,7789,mp-aaaabici,mp-aaabfbmg,8:4|23:1|83:1,False,recorded_during_training
7,0.7221765882568434,0.7240423845516375,0.0042370740713408,0.9999911992673236,0.0002799198264256,15.503423690795898,1.805535551426588e-05,0.0058670886598084,True,True,non_g2,1500,train,8:12|11:4|17:4,6004,8109,mp-aaaabini,mp-aaabfqcc,8:3|11:1|17:1,False,recorded_during_training
8,0.2874588755028924,0.2854957924523091,0.0030629898402878,0.9999757317657432,0.0001363743067486,1.333327293395996,0.0001022811933904,0.0106554018724568,True,True,non_g2,1500,train,8:6|37:4|40:2,10121,10417,mp-aaabqvan,mp-aaabraoy,8:3|37:2|40:1,False,recorded_during_training
9,0.3300182820821646,0.3290261822698994,0.0024788416344563,0.9999850753522102,0.0001391252444591,2.026646614074707,6.864800379747351e-05,0.0075112251927884,True,True,non_g2,1500,train,8:18|56:8|73:4,10582,16766,mp-aaabruec,mp-aaacpwra,8:9|56:4|73:2,False,recorded_during_training
10,0.1434457298446432,0.1412447196262292,0.0038880496376805,0.9991260016533872,0.0003019144933205,0.1721307337284088,0.0017539836540572,0.0271046732579033,True,True,non_g2,1500,train,59:1|68:3,11977,11981,mp-aaacdnzr,mp-aaacdoad,59:1|68:3,False,recorded_during_training
11,0.1017820875745201,0.1018065970170027,0.0031338505923486,0.9996270442235996,7.343693869188428e-05,0.0980513766407966,0.0007489638718782,0.030789804640764,True,True,non_g2,1500,train,62:3|69:1,12147,12167,mp-aaacdsei,mp-aaacdspp,62:3|69:1,False,recorded_during_training
12,0.2569476258940995,0.2597760199569165,0.0035861787036992,0.9999591433221212,0.0001481970830354,0.586344838142395,0.0002527473141999,0.0139568470081031,True,True,non_g2,1500,train,48:2|71:1,12799,13366,mp-aaacfkmg,mp-aaacilmc,48:2|71:1,False,recorded_during_training
13,0.3711048242627939,0.3702506696297405,0.0069322250526155,0.999517671849726,0.0012400930281728,1.2508291006088257,0.000991416835097,0.0186799647953555,True,True,non_g2,1500,train,15:1|20:3|83:1,12895,12903,mp-aaacfrja,mp-aaacfroo,15:1|20:3|83:1,False,recorded_during_training
14,0.3156082618079381,0.3154522612530854,0.0039674168292549,0.9999606876648558,0.00022442440968,2.3338234424591064,9.61616914103822e-05,0.0125707001664908,True,True,non_g2,1500,train,46:2|51:2|57:2,13082,13180,mp-aaacfzan,mp-aaacgikg,46:1|51:1|57:1,False,recorded_during_training
15,0.2423462098959135,0.2430443579833081,0.0014093724785197,0.9999787271864627,2.5632714823586863e-05,0.575656533241272,4.452779277820435e-05,0.0058155334020908,True,True,non_g2,1500,train,19:3|31:1,15832,15834,mp-aaacpkso,mp-aaacpktf,19:3|31:1,False,recorded_during_training
0,0.2116293776424527,0.2118654231890104,0.0019414322940747,0.9999574485405336,2.8871205358882435e-05,0.3378577530384063,8.545373045087548e-05,0.0091737371989761,True,True,non_g2,1600,train,15:16|48:8,423,3943,mp-aaaaabjd,mp-aaaaarxw,15:2|48:1,False,recorded_during_training
1,0.2833879719401011,0.2830377823668186,0.0025149118412173,0.9999759540883678,6.816007226007059e-05,1.2531861066818235,5.4389425398709765e-05,0.0088744480720194,True,True,non_g2,1600,train,8:3|60:2,1183,2658,mp-aaaaaech,mp-aaaaalty,8:3|60:2,False,recorded_during_training
2,0.1626892907661385,0.1627280726388562,0.0006631914002355,0.9999937042397788,2.7948942715738667e-06,0.2212611436843872,1.263165427527835e-05,0.0040764293526169,True,True,non_g2,1600,train,16:6|19:2|42:6,2704,14113,mp-aaaaamae,mp-aaackvdk,16:3|19:1|42:3,False,recorded_during_training
3,0.4171052366407366,0.4167880478771621,0.0034873663350936,0.9999648444871978,0.0001704217866063,2.3175158500671387,7.353640606228202e-05,0.0083608788112563,True,True,non_g2,1600,train,8:3|68:2,4142,18148,mp-aaaaatio,mp-aaacrsyy,8:3|68:2,False,recorded_during_training
4,0.2721211942498485,0.2720998252914341,0.0019634244160897,0.9999774193222348,2.7925754693569612e-05,0.6183542609214783,4.516141710086117e-05,0.0072152572367701,True,True,non_g2,1600,train,8:16|11:2|41:6,4399,9528,mp-aaaaavmx,mp-aaabjmwk,8:8|11:1|41:3,False,recorded_during_training
5,0.2394487393903546,0.2384599084834917,0.0014558872426277,0.9999844753031956,7.595554052386433e-05,0.8398832082748413,9.043583652527177e-05,0.006080162486278,True,True,non_g2,1600,train,28:2|83:2,5792,12620,mp-aaaabhvh,mp-aaacewhi,28:1|83:1,False,recorded_during_training
6,0.3213603106123628,0.3214868696054509,0.0016673610630277,0.9999882757049656,2.1093741452204995e-05,0.8843270540237427,2.385287361302266e-05,0.0051884473843411,True,True,non_g2,1600,train,8:8|23:2|83:2,5885,7789,mp-aaaabici,mp-aaabfbmg,8:4|23:1|83:1,False,recorded_during_training
7,0.7221765882568434,0.7236346640436295,0.0066122037403602,0.9999676671598418,0.0010741910664364,15.503423690795898,6.928734503167821e-05,0.0091559375475192,True,True,non_g2,1600,train,8:12|11:4|17:4,6004,8109,mp-aaaabini,mp-aaabfqcc,8:3|11:1|17:1,False,recorded_during_training
8,0.2874588755028924,0.288235758242763,0.0023649964182084,0.9999609368790392,0.0001121107998187,1.333327293395996,8.408348075829018e-05,0.0082272513383731,True,True,non_g2,1600,train,8:6|37:4|40:2,10121,10417,mp-aaabqvan,mp-aaabraoy,8:3|37:2|40:1,False,recorded_during_training
9,0.3300182820821646,0.3304485065050357,0.0020040825070282,0.9999905006653278,3.954106796300039e-05,2.026646614074707,1.951058842148136e-05,0.0060726408682088,True,True,non_g2,1600,train,8:18|56:8|73:4,10582,16766,mp-aaabruec,mp-aaacpwra,8:9|56:4|73:2,False,recorded_during_training
10,0.1434457298446432,0.142360563640068,0.0027823242689919,0.9995601419718418,0.0001524902327219,0.1721307337284088,0.0008858977674637,0.0193963547887085,True,True,non_g2,1600,train,59:1|68:3,11977,11981,mp-aaacdnzr,mp-aaacdoad,59:1|68:3,False,recorded_during_training
11,0.1017820875745201,0.1019252370040249,0.0014776106156659,0.9998657367058558,2.659579513419885e-05,0.0980513766407966,0.0002712434648585,0.0145173934911105,True,True,non_g2,1600,train,62:3|69:1,12147,12167,mp-aaacdsei,mp-aaacdspp,62:3|69:1,False,recorded_during_training
12,0.2569476258940995,0.2597888917953241,0.0034465674252714,0.9999723884453288,0.0001388981036143,0.586344838142395,0.0002368880811748,0.0134135017331975,True,True,non_g2,1600,train,48:2|71:1,12799,13366,mp-aaacfkmg,mp-aaacilmc,48:2|71:1,False,recorded_during_training
13,0.3711048242627939,0.3707024908414951,0.002891967196966,0.9999427045554627,0.0001433411525795,1.2508291006088257,0.0001145969121679,0.0077928579956107,True,True,non_g2,1600,train,15:1|20:3|83:1,12895,12903,mp-aaacfrja,mp-aaacfroo,15:1|20:3|83:1,False,recorded_during_training
14,0.3156082618079381,0.3151594908849802,0.0018336761131649,0.999990890197548,5.050019171903841e-05,2.3338234424591064,2.163839423338181e-05,0.0058099750071842,True,True,non_g2,1600,train,46:2|51:2|57:2,13082,13180,mp-aaacfzan,mp-aaacgikg,46:1|51:1|57:1,False,recorded_during_training
15,0.2423462098959135,0.2446018082082446,0.0025409924528503,0.999973887555558,8.571318176109344e-05,0.575656533241272,0.0001488963936159,0.0104849688135897,True,True,non_g2,1600,train,19:3|31:1,15832,15834,mp-aaacpkso,mp-aaacpktf,19:3|31:1,False,recorded_during_training
0,0.2116293776424527,0.2108183859818382,0.0016947486932394,0.99996779204327,3.453771932981908e-05,0.3378577530384063,0.0001022256231186,0.0080080975151888,True,True,non_g2,1700,train,15:16|48:8,423,3943,mp-aaaaabjd,mp-aaaaarxw,15:2|48:1,False,recorded_during_training
1,0.2833879719401011,0.277273943580326,0.008711933563859,0.999862240770982,0.0012240118812769,1.2531861066818235,0.0009767199578344,0.0307420724465343,True,True,non_g2,1700,train,8:3|60:2,1183,2658,mp-aaaaaech,mp-aaaaalty,8:3|60:2,False,recorded_during_training
2,0.1626892907661385,0.1628717399435117,0.0023474987247027,0.9999046310036708,4.264483141014352e-05,0.2212611436843872,0.0001927352932378,0.0144293377495708,True,True,non_g2,1700,train,16:6|19:2|42:6,2704,14113,mp-aaaaamae,mp-aaackvdk,16:3|19:1|42:3,False,recorded_during_training
3,0.4171052366407366,0.4147479397224742,0.0055870448029509,0.9999480520363287,0.000372860522475,2.3175158500671387,0.0001608880139759,0.0133948085810372,True,True,non_g2,1700,train,8:3|68:2,4142,18148,mp-aaaaatio,mp-aaacrsyy,8:3|68:2,False,recorded_during_training
4,0.2721211942498485,0.2708659232482659,0.0048644224295912,0.9998679689810984,0.000192204301129,0.6183542609214783,0.0003108320153606,0.0178759410600153,True,True,non_g2,1700,train,8:16|11:2|41:6,4399,9528,mp-aaaaavmx,mp-aaabjmwk,8:8|11:1|41:3,False,recorded_during_training
5,0.2394487393903546,0.2421909305703593,0.003327097845613,0.999975687493062,0.0002784203097689,0.8398832082748413,0.0003314988405838,0.0138948229758233,True,True,non_g2,1700,train,28:2|83:2,5792,12620,mp-aaaabhvh,mp-aaacewhi,28:1|83:1,False,recorded_during_training
6,0.3213603106123628,0.319307156109744,0.003450611830658,0.9999572075859464,0.0001079497815226,0.8843270540237427,0.0001220699751652,0.0107375171006115,True,True,non_g2,1700,train,8:8|23:2|83:2,5885,7789,mp-aaaabici,mp-aaabfbmg,8:4|23:1|83:1,False,recorded_during_training
7,0.7221765882568434,0.7215904716722434,0.0048226974759018,0.9999943529259722,0.0004124361439608,15.503423690795898,2.6602907343986197e-05,0.0066780030733793,True,True,non_g2,1700,train,8:12|11:4|17:4,6004,8109,mp-aaaabini,mp-aaabfqcc,8:3|11:1|17:1,False,recorded_during_training
8,0.2874588755028924,0.2831345367321773,0.0057245600902717,0.9999381086839418,0.0006305592833086,1.333327293395996,0.0004729216047941,0.0199143619422326,True,True,non_g2,1700,train,8:6|37:4|40:2,10121,10417,mp-aaabqvan,mp-aaabraoy,8:3|37:2|40:1,False,recorded_during_training
9,0.3300182820821646,0.3254892833720078,0.0081470205113873,0.9998544472914904,0.001875992049463,2.026646614074707,0.000925663130629,0.0246865733012906,True,True,non_g2,1700,train,8:18|56:8|73:4,10582,16766,mp-aaabruec,mp-aaacpwra,8:9|56:4|73:2,False,recorded_during_training
10,0.1434457298446432,0.1427912168946932,0.0024839646930558,0.9996756582981142,0.0001133504920289,0.1721307337284088,0.0006585139653667,0.0173164073670657,True,True,non_g2,1700,train,59:1|68:3,11977,11981,mp-aaacdnzr,mp-aaacdoad,59:1|68:3,False,recorded_during_training
11,0.1017820875745201,0.1016477885702897,0.0015489281634017,0.9998595413584962,2.7677730031427927e-05,0.0980513766407966,0.0002822778320882,0.0152180820841166,True,True,non_g2,1700,train,62:3|69:1,12147,12167,mp-aaacdsei,mp-aaacdspp,62:3|69:1,False,recorded_during_training
12,0.2569476258940995,0.258071366668446,0.0020493878109846,0.999982594093254,4.602596163749695e-05,0.586344838142395,7.849640457876676e-05,0.0079758970484875,True,True,non_g2,1700,train,48:2|71:1,12799,13366,mp-aaacfkmg,mp-aaacilmc,48:2|71:1,False,recorded_during_training
13,0.3711048242627939,0.3706313799486906,0.0035124161806479,0.999949728437182,0.0001277554547414,1.2508291006088257,0.000102136618567,0.009464754837465,True,True,non_g2,1700,train,15:1|20:3|83:1,12895,12903,mp-aaacfrja,mp-aaacfroo,15:1|20:3|83:1,False,recorded_during_training
14,0.3156082618079381,0.317668980678718,0.0036385634957696,0.9999801300427484,0.000417657312937,2.3338234424591064,0.0001789584016248,0.0115287333573791,True,True,non_g2,1700,train,46:2|51:2|57:2,13082,13180,mp-aaacfzan,mp-aaacgikg,46:1|51:1|57:1,False,recorded_during_training
15,0.2423462098959135,0.2406588678459229,0.0024962752831925,0.999987760160904,7.033717702142894e-05,0.575656533241272,0.000122186013638,0.0103004510954169,True,True,non_g2,1700,train,19:3|31:1,15832,15834,mp-aaacpkso,mp-aaacpktf,19:3|31:1,False,recorded_during_training
0,0.2116293776424527,0.2130091461440315,0.0026822409398619,0.9999420827544234,5.448055162560195e-05,0.3378577530384063,0.0001612529271139,0.012674237243156,True,True,non_g2,1800,train,15:16|48:8,423,3943,mp-aaaaabjd,mp-aaaaarxw,15:2|48:1,False,recorded_during_training
1,0.2833879719401011,0.2847388595090478,0.0039355631259923,0.999930741921302,0.0002173372340621,1.2531861066818235,0.0001734277398251,0.0138875446937605,True,True,non_g2,1800,train,8:3|60:2,1183,2658,mp-aaaaaech,mp-aaaaalty,8:3|60:2,False,recorded_during_training
2,0.1626892907661385,0.1645142445631791,0.0026278532750438,0.9999422890711216,6.213842425495386e-05,0.2212611436843872,0.000280837490127,0.0161525891634831,True,True,non_g2,1800,train,16:6|19:2|42:6,2704,14113,mp-aaaaamae,mp-aaackvdk,16:3|19:1|42:3,False,recorded_during_training
3,0.4171052366407366,0.4220622362208814,0.0065195224208309,0.9999492283441224,0.0006800100090913,2.3175158500671387,0.0002934219453436,0.0156304017502576,True,True,non_g2,1800,train,8:3|68:2,4142,18148,mp-aaaaatio,mp-aaacrsyy,8:3|68:2,False,recorded_during_training
4,0.2721211942498485,0.2753081673167799,0.0052427686900955,0.9998795604968684,0.0002615494886413,0.6183542609214783,0.0004229767710366,0.0192663004605289,True,True,non_g2,1800,train,8:16|11:2|41:6,4399,9528,mp-aaaaavmx,mp-aaabjmwk,8:8|11:1|41:3,False,recorded_during_training
5,0.2394487393903546,0.2458687109101447,0.00838663434115,0.9998735708256667,0.0013067342806607,0.8398832082748413,0.0015558523706466,0.0350247587959858,True,True,non_g2,1800,train,28:2|83:2,5792,12620,mp-aaaabhvh,mp-aaacewhi,28:1|83:1,False,recorded_during_training
6,0.3213603106123628,0.3253865613844482,0.0056027394787179,0.999924872367736,0.0002871620235964,0.8843270540237427,0.0003247237798389,0.017434447545939,True,True,non_g2,1800,train,8:8|23:2|83:2,5885,7789,mp-aaaabici,mp-aaabfbmg,8:4|23:1|83:1,False,recorded_during_training
7,0.7221765882568434,0.7262990731198897,0.0068017995456557,0.9999767504299584,0.0012415158562362,15.503423690795898,8.008010881965929e-05,0.0094184714047205,True,True,non_g2,1800,train,8:12|11:4|17:4,6004,8109,mp-aaaabini,mp-aaabfqcc,8:3|11:1|17:1,False,recorded_during_training
8,0.2874588755028924,0.291369209353661,0.0049121940986935,0.9999267836780074,0.0003897505812346,1.333327293395996,0.0002923142600958,0.0170883368624468,True,True,non_g2,1800,train,8:6|37:4|40:2,10121,10417,mp-aaabqvan,mp-aaabraoy,8:3|37:2|40:1,False,recorded_during_training
9,0.3300182820821646,0.3335323833623533,0.0056824961382062,0.999910724890564,0.0006822099094279,2.026646614074707,0.0003366200622694,0.0172187313452879,True,True,non_g2,1800,train,8:18|56:8|73:4,10582,16766,mp-aaabruec,mp-aaacpwra,8:9|56:4|73:2,False,recorded_during_training
10,0.1434457298446432,0.1443993461939499,0.0036425997227524,0.9996832215823206,0.0001529530563857,0.1721307337284088,0.0008885865590224,0.0253935737696587,True,True,non_g2,1800,train,59:1|68:3,11977,11981,mp-aaacdnzr,mp-aaacdoad,59:1|68:3,False,recorded_during_training
11,0.1017820875745201,0.1026900704455329,0.0028906521924909,0.9997450631053124,6.117673183325678e-05,0.0980513766407966,0.0006239252719252,0.0284004018916841,True,True,non_g2,1800,train,62:3|69:1,12147,12167,mp-aaacdsei,mp-aaacdspp,62:3|69:1,False,recorded_during_training
12,0.2569476258940995,0.2620691634074319,0.0064527384529355,0.9999517720011376,0.0004286018665879,0.586344838142395,0.0007309723539919,0.025113049519263,True,True,non_g2,1800,train,48:2|71:1,12799,13366,mp-aaacfkmg,mp-aaacilmc,48:2|71:1,False,recorded_during_training
13,0.3711048242627939,0.3764166054904763,0.0064037690246649,0.9999628865964856,0.0004252073704265,1.2508291006088257,0.0003399404204935,0.0172559573629531,True,True,non_g2,1800,train,15:1|20:3|83:1,12895,12903,mp-aaacfrja,mp-aaacfroo,15:1|20:3|83:1,False,recorded_during_training
14,0.3156082618079381,0.3193313105402922,0.006129613288067,0.999976224986252,0.0010620887624099,2.3338234424591064,0.0004550853089773,0.0194215869158621,True,True,non_g2,1800,train,46:2|51:2|57:2,13082,13180,mp-aaacfzan,mp-aaacgikg,46:1|51:1|57:1,False,recorded_during_training
15,0.2423462098959135,0.2477144638178288,0.0057102727078017,0.9999591043361782,0.0003664395189844,0.575656533241272,0.0006365592985128,0.0235624593025585,True,True,non_g2,1800,train,19:3|31:1,15832,15834,mp-aaacpkso,mp-aaacpktf,19:3|31:1,False,recorded_during_training
0,0.2116293776424527,0.2111502011393895,0.0016120013809768,0.9999710471780768,2.47969692281913e-05,0.3378577530384063,7.339470237159979e-05,0.0076170964491532,True,True,non_g2,1900,train,15:16|48:8,423,3943,mp-aaaaabjd,mp-aaaaarxw,15:2|48:1,False,recorded_during_training
1,0.2833879719401011,0.2853855911234859,0.0034400810800434,0.9999655417534052,0.0001484930398873,1.2531861066818235,0.0001184924083467,0.0121391217012222,True,True,non_g2,1900,train,8:3|60:2,1183,2658,mp-aaaaaech,mp-aaaaalty,8:3|60:2,False,recorded_during_training
2,0.1626892907661385,0.1628357138542924,0.0010149210283998,0.999984391782773,6.911266154929763e-06,0.2212611436843872,3.123578790132341e-05,0.0062384009643189,True,True,non_g2,1900,train,16:6|19:2|42:6,2704,14113,mp-aaaaamae,mp-aaackvdk,16:3|19:1|42:3,False,recorded_during_training
3,0.4171052366407366,0.4177740489321877,0.0045058477946895,0.9999387526314804,0.0002891211188398,2.3175158500671387,0.0001247547536002,0.0108026641693078,True,True,non_g2,1900,train,8:3|68:2,4142,18148,mp-aaaaatio,mp-aaacrsyy,8:3|68:2,False,recorded_during_training
4,0.2721211942498485,0.2709623383809685,0.0025209737098066,0.999968962278275,4.849188917432912e-05,0.6183542609214783,7.842088627652694e-05,0.0092641578938978,True,True,non_g2,1900,train,8:16|11:2|41:6,4399,9528,mp-aaaaavmx,mp-aaabjmwk,8:8|11:1|41:3,False,recorded_during_training
5,0.2394487393903546,0.2400491228690953,0.0014383257584995,0.9999913415975596,2.7088986826129258e-05,0.8398832082748413,3.225327826445213e-05,0.006006821176681,True,True,non_g2,1900,train,28:2|83:2,5792,12620,mp-aaaabhvh,mp-aaacewhi,28:1|83:1,False,recorded_during_training
6,0.3213603106123628,0.3219518267285366,0.0024267824771868,0.9999719804348862,5.098150722915307e-05,0.8843270540237427,5.765005944032138e-05,0.0075515936381893,True,True,non_g2,1900,train,8:8|23:2|83:2,5885,7789,mp-aaaabici,mp-aaabfbmg,8:4|23:1|83:1,False,recorded_during_training
7,0.7221765882568434,0.7255235590585585,0.0054916246320431,0.9999861854839756,0.0006563318893313,15.503423690795898,4.233464184565846e-05,0.0076042684314906,True,True,non_g2,1900,train,8:12|11:4|17:4,6004,8109,mp-aaaabini,mp-aaabfqcc,8:3|11:1|17:1,False,recorded_during_training
8,0.2874588755028924,0.2871227406938601,0.001996957249986,0.9999812190561256,5.258007149677724e-05,1.333327293395996,3.943523226233173e-05,0.0069469319619806,True,True,non_g2,1900,train,8:6|37:4|40:2,10121,10417,mp-aaabqvan,mp-aaabraoy,8:3|37:2|40:1,False,recorded_during_training
9,0.3300182820821646,0.330619396635484,0.0031968071934898,0.9999761063537884,9.960168245015666e-05,2.026646614074707,4.914605326771839e-05,0.0096867578769284,True,True,non_g2,1900,train,8:18|56:8|73:4,10582,16766,mp-aaabruec,mp-aaacpwra,8:9|56:4|73:2,False,recorded_during_training
10,0.1434457298446432,0.1424660300135656,0.0018926397842733,0.9997405227939254,8.940816042013466e-05,0.1721307337284088,0.0005194200854404,0.0131941172896756,True,True,non_g2,1900,train,59:1|68:3,11977,11981,mp-aaacdnzr,mp-aaacdoad,59:1|68:3,False,recorded_during_training
11,0.1017820875745201,0.1018725082385572,0.0018939603837679,0.9998409888033896,3.128768366877921e-05,0.0980513766407966,0.0003190947923495,0.0186079931046935,True,True,non_g2,1900,train,62:3|69:1,12147,12167,mp-aaacdsei,mp-aaacdspp,62:3|69:1,False,recorded_during_training
12,0.2569476258940995,0.2557754129520617,0.0021309971343725,0.9999784537212274,4.077529229107313e-05,0.586344838142395,6.954148760011898e-05,0.0082935077798729,True,True,non_g2,1900,train,48:2|71:1,12799,13366,mp-aaacfkmg,mp-aaacilmc,48:2|71:1,False,recorded_during_training
13,0.3711048242627939,0.3706872704794932,0.0021280213618055,0.9999879394470692,3.4661581594264135e-05,1.2508291006088257,2.7710885185988267e-05,0.0057342864405843,True,True,non_g2,1900,train,15:1|20:3|83:1,12895,12903,mp-aaacfrja,mp-aaacfroo,15:1|20:3|83:1,False,recorded_during_training
14,0.3156082618079381,0.3175071321020368,0.0028935701411683,0.999978591993512,0.000364698265912,2.3338234424591064,0.00015626643356,0.0091682331907051,True,True,non_g2,1900,train,46:2|51:2|57:2,13082,13180,mp-aaacfzan,mp-aaacgikg,46:1|51:1|57:1,False,recorded_during_training
15,0.2423462098959135,0.2404269345897773,0.0026037676616397,0.9999732273204708,9.402581781614572e-05,0.575656533241272,0.0001633366641158,0.0107439999278636,True,True,non_g2,1900,train,19:3|31:1,15832,15834,mp-aaacpkso,mp-aaacpktf,19:3|31:1,False,recorded_during_training
0,0.2116293776424527,0.2117012741800863,0.0032223438337268,0.9998778058279756,8.260575850727037e-05,0.3378577530384063,0.0002444986322331,0.0152263540611598,True,True,non_g2,2000,train,15:16|48:8,423,3943,mp-aaaaabjd,mp-aaaaarxw,15:2|48:1,False,recorded_during_training
1,0.2833879719401011,0.2859136908822393,0.0053585616554983,0.9998849881875472,0.0004093011666554,1.2531861066818235,0.000326608445843,0.0189089241113978,True,True,non_g2,2000,train,8:3|60:2,1183,2658,mp-aaaaaech,mp-aaaaalty,8:3|60:2,False,recorded_during_training
2,0.1626892907661385,0.1635633037658408,0.001980050234124,0.9999559076089376,2.880081592593342e-05,0.2212611436843872,0.0001301666232323,0.0121707472249684,True,True,non_g2,2000,train,16:6|19:2|42:6,2704,14113,mp-aaaaamae,mp-aaackvdk,16:3|19:1|42:3,False,recorded_during_training
3,0.4171052366407366,0.4201418230513809,0.0079791542623297,0.9998714958700048,0.0006931799580343,2.3175158500671387,0.0002991047323427,0.0191298347788484,True,True,non_g2,2000,train,8:3|68:2,4142,18148,mp-aaaaatio,mp-aaacrsyy,8:3|68:2,False,recorded_during_training
4,0.2721211942498485,0.2728898792684049,0.0037760497016279,0.9999162126939176,0.0001096955602406,0.6183542609214783,0.0001773992146139,0.0138763528215334,True,True,non_g2,2000,train,8:16|11:2|41:6,4399,9528,mp-aaaaavmx,mp-aaabjmwk,8:8|11:1|41:3,False,recorded_during_training
5,0.2394487393903546,0.2437527121946914,0.0048692172713344,0.9999674232034216,0.0005427343421615,0.8398832082748413,0.0006462021586029,0.0203351134097915,True,True,non_g2,2000,train,28:2|83:2,5792,12620,mp-aaaabhvh,mp-aaacewhi,28:1|83:1,False,recorded_during_training
6,0.3213603106123628,0.3222964502576815,0.0033505933909054,0.9999497865965048,9.406682511325926e-05,0.8843270540237427,0.000106371081474,0.0104262825254332,True,True,non_g2,2000,train,8:8|23:2|83:2,5885,7789,mp-aaaabici,mp-aaabfbmg,8:4|23:1|83:1,False,recorded_during_training
7,0.7221765882568434,0.7248164235409149,0.0048731223707818,0.999989417059365,0.0003651018487289,15.503423690795898,2.354975623517979e-05,0.0067478265704297,True,True,non_g2,2000,train,8:12|11:4|17:4,6004,8109,mp-aaaabini,mp-aaabfqcc,8:3|11:1|17:1,False,recorded_during_training
8,0.2874588755028924,0.2901864748050116,0.0043005409139311,0.9999154692897948,0.0002631916722748,1.333327293395996,0.0001973946483946,0.0149605431608525,True,True,non_g2,2000,train,8:6|37:4|40:2,10121,10417,mp-aaabqvan,mp-aaabraoy,8:3|37:2|40:1,False,recorded_during_training
9,0.3300182820821646,0.3321290827959728,0.0042807536162854,0.9999497343790764,0.0003173311124555,2.026646614074707,0.0001565794007952,0.0129712620442635,True,True,non_g2,2000,train,8:18|56:8|73:4,10582,16766,mp-aaabruec,mp-aaacpwra,8:9|56:4|73:2,False,recorded_during_training
10,0.1434457298446432,0.1450813696583281,0.0045818892613169,0.9996537359343246,0.0001914620224852,0.1721307337284088,0.0011123058522907,0.0319416218682795,True,True,non_g2,2000,train,59:1|68:3,11977,11981,mp-aaacdnzr,mp-aaacdoad,59:1|68:3,False,recorded_during_training
11,0.1017820875745201,0.1028509415955341,0.0043844212336807,0.9994106724144124,0.0001344388001598,0.0980513766407966,0.0013711056873005,0.0430765504831161,True,True,non_g2,2000,train,62:3|69:1,12147,12167,mp-aaacdsei,mp-aaacdspp,62:3|69:1,False,recorded_during_training
12,0.2569476258940995,0.263698926748475,0.0095654737378936,0.9998295427544516,0.0009064837358891,0.586344838142395,0.0015459908178965,0.0372273287391105,True,True,non_g2,2000,train,48:2|71:1,12799,13366,mp-aaacfkmg,mp-aaacilmc,48:2|71:1,False,recorded_during_training
13,0.3711048242627939,0.3761045615037801,0.0063232133581649,0.9999423294423349,0.0004755154950544,1.2508291006088257,0.0003801602431722,0.0170388875184421,True,True,non_g2,2000,train,15:1|20:3|83:1,12895,12903,mp-aaacfrja,mp-aaacfroo,15:1|20:3|83:1,False,recorded_during_training
14,0.3156082618079381,0.3186070006777299,0.0117894979193806,0.9996710956480156,0.0051787756383419,2.3338234424591064,0.0022190091778687,0.0373548456933459,True,True,non_g2,2000,train,46:2|51:2|57:2,13082,13180,mp-aaacfzan,mp-aaacgikg,46:1|51:1|57:1,False,recorded_during_training
15,0.2423462098959135,0.2464594430675788,0.0046659343533974,0.9999412352967668,0.0002329120034119,0.575656533241272,0.0004046023799999,0.0192531765006824,True,True,non_g2,2000,train,19:3|31:1,15832,15834,mp-aaacpkso,mp-aaacpktf,19:3|31:1,False,recorded_during_training
0,0.2116293776424527,0.00010427364031784236,0.21162134984558634,0.10142027948392615,0.33782869577407837,0.33785775303840637,0.9999139955674639,0.9999620667179774,True,False,last_layer,0,train,15:16|48:8,423,3943,mp-aaaaabjd,mp-aaaaarxw,15:2|48:1,False,recorded_during_training
1,0.2833879719401011,0.014079073411267018,0.2858153102097276,-0.27684953344879193,1.2828110456466675,1.2531861066818237,1.023639696296414,1.0085654244709423,True,False,last_layer,0,train,8:3|60:2,1183,2658,mp-aaaaaech,mp-aaaaalty,8:3|60:2,False,recorded_during_training
2,0.16268929076613858,0.004508792655542493,0.16277283808449283,0.10359776554498006,0.22030344605445862,0.2212611436843872,0.995671641147735,1.0005135391393054,True,False,last_layer,0,train,16:6|19:2|42:6,2704,14113,mp-aaaaamae,mp-aaackvdk,16:3|19:1|42:3,False,recorded_during_training
3,0.4171052366407366,0.035460154600514215,0.4192679536329251,0.02876007885184254,2.3210220336914062,2.3175158500671387,1.001512905995515,1.0051850631500254,True,False,last_layer,0,train,8:3|68:2,4142,18148,mp-aaaaatio,mp-aaacrsyy,8:3|68:2,False,recorded_during_training
4,0.2721211942498485,0.014114272828919638,0.26795118299105525,0.3484647723157916,0.6003557443618774,0.6183542609214783,0.9708928721008905,0.9846759041673008,True,False,last_layer,0,train,8:16|11:2|41:6,4399,9528,mp-aaaaavmx,mp-aaabjmwk,8:8|11:1|41:3,False,recorded_during_training
5,0.2394487393903546,0.0018268947023898363,0.23995978984748945,-0.26462713670123894,0.8425265550613403,0.8398832082748413,1.0031472790031468,1.0021342791715504,True,False,last_layer,0,train,28:2|83:2,5792,12620,mp-aaaabhvh,mp-aaacewhi,28:1|83:1,False,recorded_during_training
6,0.3213603106123628,0.0026000617986028374,0.3209896460652999,0.20937345212007274,0.8814975023269653,0.8843270540237427,0.9968003334468818,0.9988465764600595,True,False,last_layer,0,train,8:8|23:2|83:2,5885,7789,mp-aaaabici,mp-aaabfbmg,8:4|23:1|83:1,False,recorded_during_training
7,0.7221765882568434,0.011157608074427117,0.7262400189138134,0.07086574986445342,15.486669540405273,15.503423690795898,0.9989193257744371,1.0056266441242274,True,False,last_layer,0,train,8:12|11:4|17:4,6004,8109,mp-aaaabini,mp-aaabfqcc,8:3|11:1|17:1,False,recorded_during_training
8,0.2874588755028924,0.022453116409565155,0.2937166108522149,0.015168469053827056,1.3380244970321655,1.333327293395996,1.0035229186857832,1.0217691498944848,True,False,last_layer,0,train,8:6|37:4|40:2,10121,10417,mp-aaabqvan,mp-aaabraoy,8:3|37:2|40:1,False,recorded_during_training
9,0.33001828208216466,0.008257312016212381,0.33370786991144996,-0.12381828948726073,2.0364179611206055,2.026646614074707,1.0048214360500929,1.0111799498076495,True,False,last_layer,0,train,8:18|56:8|73:4,10582,16766,mp-aaabruec,mp-aaacpwra,8:9|56:4|73:2,False,recorded_during_training
10,0.1434457298446432,0.0018212783979834057,0.14353132107407873,-0.0018092190063441907,0.1721574068069458,0.1721307337284088,1.000154958257362,1.0005966802185622,True,False,last_layer,0,train,59:1|68:3,11977,11981,mp-aaacdnzr,mp-aaacdoad,59:1|68:3,False,recorded_during_training
11,0.10178208757452012,0.001980238754185848,0.10171934403797422,0.008992164875846696,0.0980495810508728,0.09805137664079666,0.9999816872543215,0.999383550307907,True,False,last_layer,0,train,62:3|69:1,12147,12167,mp-aaacdsei,mp-aaacdspp,62:3|69:1,False,recorded_during_training
12,0.2569476258940995,0.0011488049640320241,0.2571577873895876,-0.09110530766930365,0.5867341756820679,0.586344838142395,1.0006640077891813,1.0008179156929622,True,False,last_layer,0,train,48:2|71:1,12799,13366,mp-aaacfkmg,mp-aaacilmc,48:2|71:1,False,recorded_during_training
13,0.3711048242627939,0.0025004701078614744,0.37054273580653074,0.28934725018240465,1.2462342977523804,1.2508291006088257,0.9963265942132232,0.9984853647284706,True,False,last_layer,0,train,15:1|20:3|83:1,12895,12903,mp-aaacfrja,mp-aaacfroo,15:1|20:3|83:1,False,recorded_during_training
14,0.3156082618079381,0.0019042926141992211,0.31559987149375957,-0.0015506149409781394,2.333876609802246,2.3338234424591064,1.0000227812190812,0.9999734154165342,True,False,last_layer,0,train,46:2|51:2|57:2,13082,13180,mp-aaacfzan,mp-aaacgikg,46:1|51:1|57:1,False,recorded_during_training
15,0.2423462098959135,0.006683361752948258,0.24446972831356106,-0.2244481582098791,0.5832270383834839,0.575656533241272,1.013151080036538,1.0087623339294625,True,False,last_layer,0,train,19:3|31:1,15832,15834,mp-aaacpkso,mp-aaacpktf,19:3|31:1,False,recorded_during_training
0,0.2116293776424527,0.0002557606712798588,0.21160329850761173,0.09744697551249966,0.3377801179885864,0.33785775303840637,0.9997702137981983,0.9998767697796426,True,False,last_layer,100,train,15:16|48:8,423,3943,mp-aaaaabjd,mp-aaaaarxw,15:2|48:1,False,recorded_during_training
1,0.2833879719401011,0.2298463995436677,0.08091627325912754,0.96617599825576,0.08404475450515747,1.2531861066818237,0.06706486295773778,0.28553178423617276,True,False,last_layer,100,train,8:3|60:2,1183,2658,mp-aaaaaech,mp-aaaaalty,8:3|60:2,False,recorded_during_training
2,0.16268929076613858,0.020073020597919822,0.1608110810047947,0.23455659113851732,0.2124413251876831,0.2212611436843872,0.9601384212797665,0.9884552341921278,True,False,last_layer,100,train,16:6|19:2|42:6,2704,14113,mp-aaaaamae,mp-aaackvdk,16:3|19:1|42:3,False,recorded_during_training
3,0.4171052366407366,0.3332036425020988,0.11844914478126611,0.9617728101956855,0.17384351789951324,2.3175158500671387,0.07501287117172337,0.28397904024228154,True,False,last_layer,100,train,8:3|68:2,4142,18148,mp-aaaaatio,mp-aaacrsyy,8:3|68:2,False,recorded_during_training
4,0.2721211942498485,0.24105975140901137,0.0774150927802566,0.9570062648494582,0.05219833180308342,0.6183542609214783,0.0844149302461293,0.28448755339937914,True,False,last_layer,100,train,8:16|11:2|41:6,4399,9528,mp-aaaaavmx,mp-aaabjmwk,8:8|11:1|41:3,False,recorded_during_training
5,0.2394487393903546,0.08100085830099601,0.17230018995891783,0.7901320499585079,0.31557756662368774,0.8398832082748413,0.37573982134003914,0.7195702528967182,True,False,last_layer,100,train,28:2|83:2,5792,12620,mp-aaaabhvh,mp-aaacewhi,28:1|83:1,False,recorded_during_training
6,0.3213603106123628,0.2641366609027216,0.10146266551643635,0.9254026835837684,0.12706319987773895,0.8843270540237427,0.14368349277520523,0.3157286763978285,True,False,last_layer,100,train,8:8|23:2|83:2,5885,7789,mp-aaaabici,mp-aaabfbmg,8:4|23:1|83:1,False,recorded_during_training
7,0.7221765882568434,0.7373163009970369,0.13836371939308378,0.9824335611555566,0.6012446284294128,15.503423690795898,0.038781409862800875,0.19159264041923563,True,False,last_layer,100,train,8:12|11:4|17:4,6004,8109,mp-aaaabini,mp-aaabfqcc,8:3|11:1|17:1,False,recorded_during_training
8,0.2874588755028924,0.2678047471345373,0.03953746722294582,0.9880852666043151,0.03182394430041313,1.333327293395996,0.02386806634652867,0.1375412992685557,True,False,last_layer,100,train,8:6|37:4|40:2,10121,10417,mp-aaabqvan,mp-aaabraoy,8:3|37:2|40:1,False,recorded_during_training
9,0.33001828208216466,0.21630654410192562,0.14410416271958582,0.8931019254577678,0.41263267397880554,2.026646614074707,0.20360366287498946,0.4366550901677265,True,False,last_layer,100,train,8:18|56:8|73:4,10582,16766,mp-aaabruec,mp-aaacpwra,8:9|56:4|73:2,False,recorded_during_training
10,0.1434457298446432,0.0026508595910854638,0.14298790545126394,0.1627186726460777,0.171099454164505,0.1721307337284088,0.9940087424159187,0.9968083790721751,True,False,last_layer,100,train,59:1|68:3,11977,11981,mp-aaacdnzr,mp-aaacdoad,59:1|68:3,False,recorded_during_training
11,0.10178208757452012,0.004329613837398938,0.10169326345339869,0.046999791318954105,0.09783728420734406,0.09805137664079666,0.9978165280204385,0.9991273108732772,True,False,last_layer,100,train,62:3|69:1,12147,12167,mp-aaacdsei,mp-aaacdspp,62:3|69:1,False,recorded_during_training
12,0.2569476258940995,0.008257836831035092,0.2538001767388778,0.4625325316781206,0.5681878328323364,0.586344838142395,0.969033571835335,0.987750619822738,True,False,last_layer,100,train,48:2|71:1,12799,13366,mp-aaacfkmg,mp-aaacilmc,48:2|71:1,False,recorded_during_training
13,0.3711048242627939,0.2894165752150002,0.14549489069687382,0.8984832722321562,0.24223819375038147,1.2508291006088257,0.19366210270649684,0.39205874239415217,True,False,last_layer,100,train,15:1|20:3|83:1,12895,12903,mp-aaacfrja,mp-aaacfroo,15:1|20:3|83:1,False,recorded_during_training
14,0.3156082618079381,0.16449544446095388,0.17465943921411053,0.9314211067659733,0.3095707893371582,2.3338234424591064,0.13264533370655032,0.5534057892324716,True,False,last_layer,100,train,46:2|51:2|57:2,13082,13180,mp-aaacfzan,mp-aaacgikg,46:1|51:1|57:1,False,recorded_during_training
15,0.2423462098959135,0.09963504849793026,0.1592857722548615,0.635058342554547,0.344138503074646,0.575656533241272,0.5978191563933992,0.6572653738767937,True,False,last_layer,100,train,19:3|31:1,15832,15834,mp-aaacpkso,mp-aaacpktf,19:3|31:1,False,recorded_during_training
0,0.2116293776424527,0.004451225213415455,0.21044093313764733,0.2756913161229533,0.33346664905548096,0.33785775303840637,0.9870030983648131,0.9943843122441477,True,False,last_layer,200,train,15:16|48:8,423,3943,mp-aaaaabjd,mp-aaaaarxw,15:2|48:1,False,recorded_during_training
1,0.2833879719401011,0.2611178500150899,0.050033298746420485,0.9901928807199593,0.025283826515078545,1.2531861066818237,0.02017563582956155,0.17655406615844613,True,False,last_layer,200,train,8:3|60:2,1183,2658,mp-aaaaaech,mp-aaaaalty,8:3|60:2,False,recorded_during_training
2,0.16268929076613858,0.07353912210965063,0.11459368326177355,0.6272858548106172,0.13421283662319183,0.2212611436843872,0.6065811393194126,0.7043713985236978,True,False,last_layer,200,train,16:6|19:2|42:6,2704,14113,mp-aaaaamae,mp-aaackvdk,16:3|19:1|42:3,False,recorded_during_training
3,0.4171052366407366,0.35333294556063777,0.10053515281155967,0.969572863082207,0.13895751535892487,2.3175158500671387,0.05995968284527558,0.24103066559711683,True,False,last_layer,200,train,8:3|68:2,4142,18148,mp-aaaaatio,mp-aaacrsyy,8:3|68:2,False,recorded_during_training
4,0.2721211942498485,0.2741729970414326,0.023395227487299053,0.9966894491422642,0.004238484427332878,0.6183542609214783,0.0068544598059640475,0.08597355877329677,True,True,last_layer,200,train,8:16|11:2|41:6,4399,9528,mp-aaaaavmx,mp-aaabjmwk,8:8|11:1|41:3,False,recorded_during_training
5,0.2394487393903546,0.14362412619206566,0.11157120634703688,0.9389495384600518,0.0998445600271225,0.8398832082748413,0.11887910014561169,0.4659502765857165,True,False,last_layer,200,train,28:2|83:2,5792,12620,mp-aaaabhvh,mp-aaacewhi,28:1|83:1,False,recorded_during_training
6,0.3213603106123628,0.2896666766096132,0.058954612144134444,0.9555550274293942,0.0771203339099884,0.8843270540237427,0.08720793235838045,0.18345330831861115,True,False,last_layer,200,train,8:8|23:2|83:2,5885,7789,mp-aaaabici,mp-aaabfbmg,8:4|23:1|83:1,False,recorded_during_training
7,0.7221765882568434,0.7024364673626362,0.04567408798822292,0.9935293460102841,0.20166389644145966,15.503423690795898,0.013007700780388518,0.06324504107571381,True,False,last_layer,200,train,8:12|11:4|17:4,6004,8109,mp-aaaabini,mp-aaabfqcc,8:3|11:1|17:1,False,recorded_during_training
8,0.2874588755028924,0.2852157467150329,0.0154837992763186,0.9976800005647126,0.0063027688302099705,1.333327293395996,0.004727098036189422,0.05386439799164525,True,True,last_layer,200,train,8:6|37:4|40:2,10121,10417,mp-aaabqvan,mp-aaabraoy,8:3|37:2|40:1,False,recorded_during_training
9,0.33001828208216466,0.28595835124291824,0.06862149658308425,0.9612056394898082,0.15420587360858917,2.026646614074707,0.07608917733247439,0.20793240953238934,True,False,last_layer,200,train,8:18|56:8|73:4,10582,16766,mp-aaabruec,mp-aaacpwra,8:9|56:4|73:2,False,recorded_during_training
10,0.1434457298446432,0.025294422070260225,0.12605631018584518,0.46538136340756636,0.13486416637897491,0.1721307337284088,0.7834984692028688,0.8787735286534399,True,False,last_layer,200,train,59:1|68:3,11977,11981,mp-aaacdnzr,mp-aaacdoad,59:1|68:3,False,recorded_during_training
11,0.10178208757452012,0.013931778478081469,0.09445152574039639,0.35826754498232005,0.0855170339345932,0.09805137664079666,0.8721655612024498,0.9279778789292701,True,False,last_layer,200,train,62:3|69:1,12147,12167,mp-aaacdsei,mp-aaacdspp,62:3|69:1,False,recorded_during_training
12,0.2569476258940995,0.14330098806522074,0.13505794086108835,0.8322266691102032,0.18036404252052307,0.586344838142395,0.3076074534772681,0.5256243967661809,True,False,last_layer,200,train,48:2|71:1,12799,13366,mp-aaacfkmg,mp-aaacilmc,48:2|71:1,False,recorded_during_training
13,0.3711048242627939,0.3175261404201706,0.08006076398898898,0.9467871380791228,0.1295928657054901,1.2508291006088257,0.10360557300946419,0.21573625227866833,True,False,last_layer,200,train,15:1|20:3|83:1,12895,12903,mp-aaacfrja,mp-aaacfroo,15:1|20:3|83:1,False,recorded_during_training
14,0.3156082618079381,0.16962973737037146,0.15267688943509938,0.9444853194376177,0.2523609399795532,2.3338234424591064,0.10813197579061301,0.48375441301980293,True,False,last_layer,200,train,46:2|51:2|57:2,13082,13180,mp-aaacfzan,mp-aaacgikg,46:1|51:1|57:1,False,recorded_during_training
15,0.2423462098959135,0.22129365436848047,0.05683267999228292,0.9478678769116292,0.05880891531705856,0.575656533241272,0.10215972879857907,0.2345102901204532,True,False,last_layer,200,train,19:3|31:1,15832,15834,mp-aaacpkso,mp-aaacpktf,19:3|31:1,False,recorded_during_training
0,0.2116293776424527,0.1280858014692967,0.11806281435144683,0.7756255883777888,0.13461826741695404,0.33785775303840637,0.39844658352904855,0.5578753558067616,True,False,last_layer,300,train,15:16|48:8,423,3943,mp-aaaaabjd,mp-aaaaarxw,15:2|48:1,False,recorded_during_training
1,0.2833879719401011,0.2651640958513468,0.0336257319406883,0.9952726455372437,0.013830375857651234,1.2531861066818237,0.011036170752220669,0.11865617199799738,True,False,last_layer,300,train,8:3|60:2,1183,2658,mp-aaaaaech,mp-aaaaalty,8:3|60:2,False,recorded_during_training
2,0.16268929076613858,0.09997583298900281,0.07844010310145677,0.8172371652200487,0.07497735321521759,0.2212611436843872,0.3388636249759573,0.482146690369511,True,False,last_layer,300,train,16:6|19:2|42:6,2704,14113,mp-aaaaamae,mp-aaackvdk,16:3|19:1|42:3,False,recorded_during_training
3,0.4171052366407366,0.3891208452725152,0.05418642329868817,0.9881424661591829,0.05548781901597977,2.3175158500671387,0.02394280022480635,0.12991067610441034,True,False,last_layer,300,train,8:3|68:2,4142,18148,mp-aaaaatio,mp-aaacrsyy,8:3|68:2,False,recorded_during_training
4,0.2721211942498485,0.2691382526890038,0.020650823661412687,0.9975565987592588,0.0030273618176579475,0.6183542609214783,0.0048958372392332835,0.07588833247017174,True,True,last_layer,300,train,8:16|11:2|41:6,4399,9528,mp-aaaaavmx,mp-aaabjmwk,8:8|11:1|41:3,False,recorded_during_training
5,0.2394487393903546,0.14109698357333933,0.10492671412002785,0.9417602457027269,0.09506117552518845,0.8398832082748413,0.11318380292475244,0.4382011548157454,True,False,last_layer,300,train,28:2|83:2,5792,12620,mp-aaaabhvh,mp-aaacewhi,28:1|83:1,False,recorded_during_training
6,0.3213603106123628,0.28252100743166864,0.05778170225822521,0.9569228316222148,0.07465731352567673,0.8843270540237427,0.08442274064327371,0.179803480237246,True,False,last_layer,300,train,8:8|23:2|83:2,5885,7789,mp-aaaabici,mp-aaabfbmg,8:4|23:1|83:1,False,recorded_during_training
7,0.7221765882568434,0.7234369805442427,0.025585195696798735,0.9996458056896385,0.011069104075431824,15.503423690795898,0.0007139780409925421,0.035427894109050395,True,True,last_layer,300,train,8:12|11:4|17:4,6004,8109,mp-aaaabini,mp-aaabfqcc,8:3|11:1|17:1,False,recorded_during_training
8,0.2874588755028924,0.2760793878093102,0.021010958165184057,0.997368201142254,0.009210409596562386,1.333327293395996,0.006907838489605499,0.07309204883107756,True,True,last_layer,300,train,8:6|37:4|40:2,10121,10417,mp-aaabqvan,mp-aaabraoy,8:3|37:2|40:1,False,recorded_during_training
9,0.33001828208216466,0.29692879613870105,0.049814654701577865,0.9699131814376792,0.1249082013964653,2.026646614074707,0.061632946034597076,0.15094513669753457,True,False,last_layer,300,train,8:18|56:8|73:4,10582,16766,mp-aaabruec,mp-aaacpwra,8:9|56:4|73:2,False,recorded_during_training
10,0.1434457298446432,0.07307287508926663,0.0829421275751514,0.7736938021613612,0.06920526176691055,0.1721307337284088,0.4020505825305082,0.5782125941635256,True,False,last_layer,300,train,59:1|68:3,11977,11981,mp-aaacdnzr,mp-aaacdoad,59:1|68:3,False,recorded_during_training
11,0.10178208757452012,0.03575960276236856,0.07602542394977263,0.6605055490506941,0.055747225880622864,0.09805137664079666,0.5685511799069211,0.7469430600360829,True,False,last_layer,300,train,62:3|69:1,12147,12167,mp-aaacdsei,mp-aaacdspp,62:3|69:1,False,recorded_during_training
12,0.2569476258940995,0.1599349383338904,0.11637828637958592,0.864925926056839,0.14772695302963257,0.586344838142395,0.25194551639210777,0.45292610108626197,True,False,last_layer,300,train,48:2|71:1,12799,13366,mp-aaacfkmg,mp-aaacilmc,48:2|71:1,False,recorded_during_training
13,0.3711048242627939,0.33602673762297286,0.05702113913758211,0.9655977863668291,0.08478399366140366,1.2508291006088257,0.06778223629441951,0.15365237908414578,True,False,last_layer,300,train,15:1|20:3|83:1,12895,12903,mp-aaacfrja,mp-aaacfroo,15:1|20:3|83:1,False,recorded_during_training
14,0.3156082618079381,0.18019099937369276,0.1488675471819505,0.9457000824671045,0.24748557806015015,2.3338234424591064,0.10604297375613778,0.47168456975484097,True,False,last_layer,300,train,46:2|51:2|57:2,13082,13180,mp-aaacfzan,mp-aaacgikg,46:1|51:1|57:1,False,recorded_during_training
15,0.2423462098959135,0.22168886186075554,0.03536452768851461,0.9623474058715377,0.042638301849365234,0.575656533241272,0.07406899667982134,0.14592564787253534,True,False,last_layer,300,train,19:3|31:1,15832,15834,mp-aaacpkso,mp-aaacpktf,19:3|31:1,False,recorded_during_training
0,0.2116293776424527,0.17610380607925435,0.05328469403013969,0.9274242945927178,0.047434717416763306,0.33785775303840637,0.1403984872040841,0.25178306822866553,True,False,last_layer,400,train,15:16|48:8,423,3943,mp-aaaaabjd,mp-aaaaarxw,15:2|48:1,False,recorded_during_training
1,0.2833879719401011,0.21865481053322355,0.09043625067937455,0.9738083916321232,0.12516385316848755,1.2531861066818237,0.0998765087652427,0.31912522631161566,True,False,last_layer,400,train,8:3|60:2,1183,2658,mp-aaaaaech,mp-aaaaalty,8:3|60:2,False,recorded_during_training
2,0.16268929076613858,0.15724622543348232,0.04669213401939487,0.9618367450397147,0.01707456074655056,0.2212611436843872,0.07716926913704364,0.2870018905332468,True,False,last_layer,400,train,16:6|19:2|42:6,2704,14113,mp-aaaaamae,mp-aaackvdk,16:3|19:1|42:3,False,recorded_during_training
3,0.4171052366407366,0.3857442898606678,0.07178674613419389,0.989127520883709,0.08242476731538773,2.3175158500671387,0.03556599939240971,0.1721070363737141,True,False,last_layer,400,train,8:3|68:2,4142,18148,mp-aaaaatio,mp-aaacrsyy,8:3|68:2,False,recorded_during_training
4,0.2721211942498485,0.24374132091725187,0.10065821020907606,0.9292795808632379,0.0897378921508789,0.6183542609214783,0.14512375481516132,0.3699021330791918,True,False,last_layer,400,train,8:16|11:2|41:6,4399,9528,mp-aaaaavmx,mp-aaabjmwk,8:8|11:1|41:3,False,recorded_during_training
5,0.2394487393903546,0.14277907114907684,0.10283636757044157,0.9430734432580355,0.09297289699316025,0.8398832082748413,0.11069741135095539,0.42947132581389563,True,False,last_layer,400,train,28:2|83:2,5792,12620,mp-aaaabhvh,mp-aaacewhi,28:1|83:1,False,recorded_during_training
6,0.3213603106123628,0.20669335768998565,0.1728599329837408,0.8171714353878639,0.3092678189277649,0.8843270540237427,0.34972108737437946,0.537900690518846,True,False,last_layer,400,train,8:8|23:2|83:2,5885,7789,mp-aaaabici,mp-aaabfbmg,8:4|23:1|83:1,False,recorded_during_training
7,0.7221765882568434,0.7015953155994161,0.03762587567937814,0.9993915735541754,0.05617925524711609,15.503423690795898,0.0036236676728681996,0.052100658330946105,True,True,last_layer,400,train,8:12|11:4|17:4,6004,8109,mp-aaaabini,mp-aaabfqcc,8:3|11:1|17:1,False,recorded_during_training
8,0.2874588755028924,0.27894068297488417,0.023212381154287698,0.9972549741500519,0.009450838901102543,1.333327293395996,0.007088161284864405,0.080750267716309,True,True,last_layer,400,train,8:6|37:4|40:2,10121,10417,mp-aaabqvan,mp-aaabraoy,8:3|37:2|40:1,False,recorded_during_training
9,0.33001828208216466,0.31107615564395985,0.07630743798144124,0.9537793544546845,0.18307781219482422,2.026646614074707,0.09033534061803412,0.23122185080171703,True,False,last_layer,400,train,8:18|56:8|73:4,10582,16766,mp-aaabruec,mp-aaacpwra,8:9|56:4|73:2,False,recorded_during_training
10,0.1434457298446432,0.08590293906585345,0.06788544215194037,0.8473790718704367,0.048980407416820526,0.1721307337284088,0.28455352717024235,0.4732482606869002,True,False,last_layer,400,train,59:1|68:3,11977,11981,mp-aaacdnzr,mp-aaacdoad,59:1|68:3,False,recorded_during_training
11,0.10178208757452012,0.052294813008074925,0.05890459571105566,0.7731963436654872,0.03951018303632736,0.09805137664079666,0.402953883871205,0.5787324382389823,True,False,last_layer,400,train,62:3|69:1,12147,12167,mp-aaacdsei,mp-aaacdspp,62:3|69:1,False,recorded_during_training
12,0.2569476258940995,0.1866614830835509,0.08475824724930803,0.9539097684664973,0.052944034337997437,0.586344838142395,0.0902950463514439,0.3298658508883869,True,False,last_layer,400,train,48:2|71:1,12799,13366,mp-aaacfkmg,mp-aaacilmc,48:2|71:1,False,recorded_during_training
13,0.3711048242627939,0.3402098688966362,0.04921379747221266,0.9825539915555382,0.04799468815326691,1.2508291006088257,0.038370300251174265,0.13261427568336442,True,False,last_layer,400,train,15:1|20:3|83:1,12895,12903,mp-aaacfrja,mp-aaacfroo,15:1|20:3|83:1,False,recorded_during_training
14,0.3156082618079381,0.17809616256171523,0.14807967918160614,0.9463870521836463,0.24353933334350586,2.3338234424591064,0.10435208118695259,0.46918822192214765,True,False,last_layer,400,train,46:2|51:2|57:2,13082,13180,mp-aaacfzan,mp-aaacgikg,46:1|51:1|57:1,False,recorded_during_training
15,0.2423462098959135,0.23139429331935446,0.03795383105683925,0.9590978804217285,0.046953827142715454,0.575656533241272,0.08156569834852537,0.15660996337900326,True,False,last_layer,400,train,19:3|31:1,15832,15834,mp-aaacpkso,mp-aaacpktf,19:3|31:1,False,recorded_during_training
0,0.2116293776424527,0.20802349969289935,0.013709646876236548,0.9923970597082805,0.005117950960993767,0.33785775303840637,0.015148241870927195,0.06478139769138744,True,False,last_layer,500,train,15:16|48:8,423,3943,mp-aaaaabjd,mp-aaaaarxw,15:2|48:1,False,recorded_during_training
1,0.2833879719401011,0.28409839840360007,0.009340300615164665,0.9996799942288721,0.000889052520506084,1.2531861066818237,0.000709433751113081,0.03295941091366749,True,True,last_layer,500,train,8:3|60:2,1183,2658,mp-aaaaaech,mp-aaaaalty,8:3|60:2,False,recorded_during_training
2,0.16268929076613858,0.1560034809699573,0.016456217406812357,0.98684704733047,0.005784653127193451,0.2212611436843872,0.026144008075113426,0.10115120257342397,True,False,last_layer,500,train,16:6|19:2|42:6,2704,14113,mp-aaaaamae,mp-aaackvdk,16:3|19:1|42:3,False,recorded_during_training
3,0.4171052366407366,0.4218124347623302,0.008721912931775933,0.9998937824508253,0.0007991057354956865,2.3175158500671387,0.0003448113355826828,0.020910581228900608,True,True,last_layer,500,train,8:3|68:2,4142,18148,mp-aaaaatio,mp-aaacrsyy,8:3|68:2,False,recorded_during_training
4,0.2721211942498485,0.2730323313613212,0.010704881654021392,0.9993371601545348,0.0008216209826059639,0.6183542609214783,0.0013287221169650798,0.03933865454152273,True,True,last_layer,500,train,8:16|11:2|41:6,4399,9528,mp-aaaaavmx,mp-aaabjmwk,8:8|11:1|41:3,False,recorded_during_training
5,0.2394487393903546,0.14648983652978131,0.0993176999147991,0.9498947754667305,0.0820569172501564,0.8398832082748413,0.09770039029438995,0.4147764576571406,True,False,last_layer,500,train,28:2|83:2,5792,12620,mp-aaaabhvh,mp-aaacewhi,28:1|83:1,False,recorded_during_training
6,0.3213603106123628,0.2917651402015373,0.05555181985099367,0.9608684696196007,0.06786754727363586,0.8843270540237427,0.07674485018278514,0.1728645947134474,True,False,last_layer,500,train,8:8|23:2|83:2,5885,7789,mp-aaaabici,mp-aaabfbmg,8:4|23:1|83:1,False,recorded_during_training
7,0.7221765882568434,0.7273501715901105,0.007738133914422463,0.9999733289550657,0.0010658474639058113,15.503423690795898,6.874916696875062e-05,0.010715016299684283,True,True,last_layer,500,train,8:12|11:4|17:4,6004,8109,mp-aaaabini,mp-aaabfqcc,8:3|11:1|17:1,False,recorded_during_training
8,0.2874588755028924,0.29044689622694797,0.007145957439044892,0.9997654125666304,0.0007562990067526698,1.333327293395996,0.0005672268245753597,0.024859060018736452,True,True,last_layer,500,train,8:6|37:4|40:2,10121,10417,mp-aaabqvan,mp-aaabraoy,8:3|37:2|40:1,False,recorded_during_training
9,0.33001828208216466,0.3037500404775457,0.04427792359137328,0.9803646834815426,0.08291629701852798,2.026646614074707,0.04091305136410501,0.1341680930887017,True,False,last_layer,500,train,8:18|56:8|73:4,10582,16766,mp-aaabruec,mp-aaacpwra,8:9|56:4|73:2,False,recorded_during_training
10,0.1434457298446432,0.11066191220891852,0.04145959628198881,0.9317963201323062,0.022695165127515793,0.1721307337284088,0.13184841914009768,0.28902635391719933,True,False,last_layer,500,train,59:1|68:3,11977,11981,mp-aaacdnzr,mp-aaacdoad,59:1|68:3,False,recorded_during_training
11,0.10178208757452012,0.06325311299355008,0.04361007194955846,0.8318438331853434,0.03021853044629097,0.09805137664079666,0.30819078203250655,0.4284650962540849,True,False,last_layer,500,train,62:3|69:1,12147,12167,mp-aaacdsei,mp-aaacdspp,62:3|69:1,False,recorded_during_training
12,0.2569476258940995,0.19533913767715916,0.0817564321829849,0.9566671527042462,0.04993040859699249,0.586344838142395,0.08515536481088078,0.31818325582303947,True,False,last_layer,500,train,48:2|71:1,12799,13366,mp-aaacfkmg,mp-aaacilmc,48:2|71:1,False,recorded_during_training
13,0.3711048242627939,0.35880965760634354,0.02520427648160961,0.9856643159422456,0.035633157938718796,1.2508291006088257,0.028487631061169583,0.06791686562328673,True,False,last_layer,500,train,15:1|20:3|83:1,12895,12903,mp-aaacfrja,mp-aaacfroo,15:1|20:3|83:1,False,recorded_during_training
14,0.3156082618079381,0.17916787917747,0.1479474983031821,0.946624705377893,0.24248847365379333,2.3338234424591064,0.10390180732707344,0.4687694088097568,True,False,last_layer,500,train,46:2|51:2|57:2,13082,13180,mp-aaacfzan,mp-aaacgikg,46:1|51:1|57:1,False,recorded_during_training
15,0.2423462098959135,0.23018655305807556,0.02932626449094755,0.9656643307472667,0.038871344178915024,0.575656533241272,0.06752523759271412,0.12100979216280312,True,False,last_layer,500,train,19:3|31:1,15832,15834,mp-aaacpkso,mp-aaacpktf,19:3|31:1,False,recorded_during_training
0,0.2116293776424527,0.21080306368503443,0.008075388981183096,0.9958384963605029,0.0028126495890319347,0.33785775303840637,0.008324952035989546,0.0381581662770206,True,True,last_layer,600,train,15:16|48:8,423,3943,mp-aaaaabjd,mp-aaaaarxw,15:2|48:1,False,recorded_during_training
1,0.2833879719401011,0.2842168114614765,0.00362383234033814,0.9999593004953089,0.00010222232958767563,1.2531861066818237,8.156995121685407e-05,0.012787530520540578,True,True,last_layer,600,train,8:3|60:2,1183,2658,mp-aaaaaech,mp-aaaaalty,8:3|60:2,False,recorded_during_training
2,0.16268929076613858,0.16119161143069505,0.010598948207189096,0.9958470436235557,0.0018349976744502783,0.2212611436843872,0.008293357088797155,0.06514840747830658,True,True,last_layer,600,train,16:6|19:2|42:6,2704,14113,mp-aaaaamae,mp-aaackvdk,16:3|19:1|42:3,False,recorded_during_training
3,0.4171052366407366,0.41758198068745855,0.0031395299473331306,0.9999835065113039,8.0200465163216e-05,2.3175158500671387,3.4606220777688564e-05,0.007526949248151703,True,True,last_layer,600,train,8:3|68:2,4142,18148,mp-aaaaatio,mp-aaacrsyy,8:3|68:2,False,recorded_during_training
4,0.2721211942498485,0.27344425601620514,0.003224784672397618,0.9999371310168325,8.279416215373203e-05,0.6183542609214783,0.0001338943828580582,0.011850545788200448,True,True,last_layer,600,train,8:16|11:2|41:6,4399,9528,mp-aaaaavmx,mp-aaabjmwk,8:8|11:1|41:3,False,recorded_during_training
5,0.2394487393903546,0.14989264432516336,0.09570680078064697,0.9533478494585967,0.0765589028596878,0.8398832082748413,0.0911542249034164,0.3996964069400409,True,False,last_layer,600,train,28:2|83:2,5792,12620,mp-aaaabhvh,mp-aaacewhi,28:1|83:1,False,recorded_during_training
6,0.3213603106123628,0.29260920830093795,0.05283669400542834,0.9632699315731135,0.06379618495702744,0.8843270540237427,0.07214094001393585,0.1644157422699345,True,False,last_layer,600,train,8:8|23:2|83:2,5885,7789,mp-aaaabici,mp-aaabfbmg,8:4|23:1|83:1,False,recorded_during_training
7,0.7221765882568434,0.7236968896149989,0.005178354765135396,0.9999879306443019,0.00043724628631025553,15.503423690795898,2.8203208209412525e-05,0.007170482745272413,True,True,last_layer,600,train,8:12|11:4|17:4,6004,8109,mp-aaaabini,mp-aaabfqcc,8:3|11:1|17:1,False,recorded_during_training
8,0.2874588755028924,0.2873420098510646,0.002342760314141046,0.9999757526825712,6.53000024612993e-05,1.333327293395996,4.897522370143615e-05,0.008149897302849058,True,True,last_layer,600,train,8:6|37:4|40:2,10121,10417,mp-aaabqvan,mp-aaabraoy,8:3|37:2|40:1,False,recorded_during_training
9,0.33001828208216466,0.31855569615794366,0.029650919339417214,0.9818958911155451,0.07271794229745865,2.026646614074707,0.03588091865273661,0.08984629321849213,True,False,last_layer,600,train,8:18|56:8|73:4,10582,16766,mp-aaabruec,mp-aaacpwra,8:9|56:4|73:2,False,recorded_during_training
10,0.1434457298446432,0.11141355216881266,0.03740275651514935,0.9359678133589581,0.02134079858660698,0.1721307337284088,0.12398017555818301,0.2607449978166506,True,False,last_layer,600,train,59:1|68:3,11977,11981,mp-aaacdnzr,mp-aaacdoad,59:1|68:3,False,recorded_during_training
11,0.10178208757452012,0.06710274180875331,0.037914599755822564,0.8496292686210386,0.027273204177618027,0.09805137664079666,0.27815218013237303,0.3725075861512789,True,False,last_layer,600,train,62:3|69:1,12147,12167,mp-aaacdsei,mp-aaacdspp,62:3|69:1,False,recorded_during_training
12,0.2569476258940995,0.192807112694652,0.08150466931702027,0.9571645110964937,0.04916303977370262,0.586344838142395,0.08384663183777066,0.31720343409832585,True,False,last_layer,600,train,48:2|71:1,12799,13366,mp-aaacfkmg,mp-aaacilmc,48:2|71:1,False,recorded_during_training
13,0.3711048242627939,0.36819042118122525,0.021242039423860604,0.996451811778784,0.0089368661865592,1.2508291006088257,0.007144753973351988,0.05723999806808839,True,True,last_layer,600,train,15:1|20:3|83:1,12895,12903,mp-aaacfrja,mp-aaacfroo,15:1|20:3|83:1,False,recorded_during_training
14,0.3156082618079381,0.1831091394311528,0.1457502688345329,0.9469941318122147,0.24086841940879822,2.3338234424591064,0.10320764417166006,0.46180752049903095,True,False,last_layer,600,train,46:2|51:2|57:2,13082,13180,mp-aaacfzan,mp-aaacgikg,46:1|51:1|57:1,False,recorded_during_training
15,0.2423462098959135,0.22961953841955562,0.02880312693274334,0.9658784450665814,0.03861507773399353,0.575656533241272,0.06708006511551046,0.11885115490402817,True,False,last_layer,600,train,19:3|31:1,15832,15834,mp-aaacpkso,mp-aaacpktf,19:3|31:1,False,recorded_during_training
0,0.2116293776424527,0.20998934466751962,0.0070254498579060964,0.9961168655906237,0.0026229240465909243,0.33785775303840637,0.0077633975334369795,0.033196949951700826,True,True,last_layer,700,train,15:16|48:8,423,3943,mp-aaaaabjd,mp-aaaaarxw,15:2|48:1,False,recorded_during_training
1,0.2833879719401011,0.2842352514126105,0.012496583280153573,0.9993420911032345,0.001767492387443781,1.2531861066818237,0.0014103989647026437,0.044097084271434564,True,True,last_layer,700,train,8:3|60:2,1183,2658,mp-aaaaaech,mp-aaaaalty,8:3|60:2,False,recorded_during_training
2,0.16268929076613858,0.1611539451587305,0.01078176717783208,0.9963298359872826,0.001626202487386763,0.2212611436843872,0.0073496975578614095,0.0662721383015344,True,True,last_layer,700,train,16:6|19:2|42:6,2704,14113,mp-aaaaamae,mp-aaackvdk,16:3|19:1|42:3,False,recorded_during_training
3,0.4171052366407366,0.4152958936763582,0.010872843693533696,0.999665623560332,0.0015694639878347516,2.3175158500671387,0.0006772182325265582,0.0260673871685259,True,True,last_layer,700,train,8:3|68:2,4142,18148,mp-aaaaatio,mp-aaacrsyy,8:3|68:2,False,recorded_during_training
4,0.2721211942498485,0.271360475103279,0.010217030053240705,0.9992649841494304,0.0009099473827518523,0.6183542609214783,0.0014715632126409846,0.03754588128060295,True,True,last_layer,700,train,8:16|11:2|41:6,4399,9528,mp-aaaaavmx,mp-aaabjmwk,8:8|11:1|41:3,False,recorded_during_training
5,0.2394487393903546,0.15650990110951213,0.08862792979006784,0.9560770242425447,0.07223060727119446,0.8398832082748413,0.08600077553587414,0.3701332068638901,True,False,last_layer,700,train,28:2|83:2,5792,12620,mp-aaaabhvh,mp-aaacewhi,28:1|83:1,False,recorded_during_training
6,0.3213603106123628,0.317591897437012,0.026109072866745464,0.9951748473764864,0.008648581802845001,0.8843270540237427,0.00977984532248948,0.08124548055419088,True,True,last_layer,700,train,8:8|23:2|83:2,5885,7789,mp-aaaabici,mp-aaabfbmg,8:4|23:1|83:1,False,recorded_during_training
7,0.7221765882568434,0.7278243912644129,0.00980929979979095,0.9999554329676348,0.002171639818698168,15.503423690795898,0.0001400748545617979,0.013582965661443257,True,True,last_layer,700,train,8:12|11:4|17:4,6004,8109,mp-aaaabini,mp-aaabfqcc,8:3|11:1|17:1,False,recorded_during_training
8,0.2874588755028924,0.2895087557211138,0.008891924158929143,0.9995184224523879,0.0014661039458587766,1.333327293395996,0.0010995829404531255,0.03093285654643032,True,True,last_layer,700,train,8:6|37:4|40:2,10121,10417,mp-aaabqvan,mp-aaabraoy,8:3|37:2|40:1,False,recorded_during_training
9,0.33001828208216466,0.32567994719360627,0.031097177444138424,0.9817515038913123,0.07472662627696991,2.026646614074707,0.036872055422986195,0.09422865075213063,True,False,last_layer,700,train,8:18|56:8|73:4,10582,16766,mp-aaabruec,mp-aaacpwra,8:9|56:4|73:2,False,recorded_during_training
10,0.1434457298446432,0.11351267147718147,0.037797612570855676,0.9375550991144563,0.020828040316700935,0.1721307337284088,0.12100128701922469,0.26349764898398736,True,False,last_layer,700,train,59:1|68:3,11977,11981,mp-aaacdnzr,mp-aaacdoad,59:1|68:3,False,recorded_during_training
11,0.10178208757452012,0.072077289421145,0.036793324687437234,0.8785909699772271,0.022363360971212387,0.09805137664079666,0.22807799071642576,0.361491157867035,True,False,last_layer,700,train,62:3|69:1,12147,12167,mp-aaacdsei,mp-aaacdspp,62:3|69:1,False,recorded_during_training
12,0.2569476258940995,0.19582292179965322,0.08124981241248008,0.9577437049368899,0.04856494069099426,0.586344838142395,0.08282658519661117,0.31621157085906315,True,False,last_layer,700,train,48:2|71:1,12799,13366,mp-aaacfkmg,mp-aaacilmc,48:2|71:1,False,recorded_during_training
13,0.3711048242627939,0.3743890205983007,0.011839217609995956,0.9995814294996672,0.0011475159553810954,1.2508291006088257,0.0009174042679551956,0.031902623830112595,True,True,last_layer,700,train,15:1|20:3|83:1,12895,12903,mp-aaacfrja,mp-aaacfroo,15:1|20:3|83:1,False,recorded_during_training
14,0.3156082618079381,0.1911394917295297,0.14260886781190152,0.9479760777714281,0.23750683665275574,2.3338234424591064,0.10176726839391895,0.4518540389119644,True,False,last_layer,700,train,46:2|51:2|57:2,13082,13180,mp-aaacfzan,mp-aaacgikg,46:1|51:1|57:1,False,recorded_during_training
15,0.2423462098959135,0.22874112594776363,0.030144005528327966,0.9654364521070103,0.03911403939127922,0.575656533241272,0.06794683484446021,0.1243840600654521,True,False,last_layer,700,train,19:3|31:1,15832,15834,mp-aaacpkso,mp-aaacpktf,19:3|31:1,False,recorded_during_training
0,0.2116293776424527,0.20997603587557023,0.006563353735032251,0.9963241887033942,0.0024794996716082096,0.33785775303840637,0.007338886407991797,0.03101343399554395,True,True,last_layer,800,train,15:16|48:8,423,3943,mp-aaaaabjd,mp-aaaaarxw,15:2|48:1,False,recorded_during_training
1,0.2833879719401011,0.2846578636946333,0.0054082218467783605,0.9999043445418809,0.00028627202846109867,1.2531861066818237,0.00022843536720901534,0.01908416158157016,True,True,last_layer,800,train,8:3|60:2,1183,2658,mp-aaaaaech,mp-aaaaalty,8:3|60:2,False,recorded_during_training
2,0.16268929076613858,0.15988159909829847,0.007438688127876958,0.9973452847236043,0.0011784560047090054,0.2212611436843872,0.005326086564887264,0.04572328081858731,True,True,last_layer,800,train,16:6|19:2|42:6,2704,14113,mp-aaaaamae,mp-aaackvdk,16:3|19:1|42:3,False,recorded_during_training
3,0.4171052366407366,0.4192401520177498,0.006555863315355737,0.9999378885327195,0.0003416301333345473,2.3175158500671387,0.00014741221007168095,0.01571752819061936,True,True,last_layer,800,train,8:3|68:2,4142,18148,mp-aaaaatio,mp-aaacrsyy,8:3|68:2,False,recorded_during_training
4,0.2721211942498485,0.27180148514048597,0.005648390241503876,0.9998246131358368,0.00021967450447846204,0.6183542609214783,0.0003552567166774281,0.020756892005691398,True,True,last_layer,800,train,8:16|11:2|41:6,4399,9528,mp-aaaaavmx,mp-aaabjmwk,8:8|11:1|41:3,False,recorded_during_training
5,0.2394487393903546,0.16585023466450366,0.08325970016058193,0.9683206932047352,0.05244060605764389,0.8398832082748413,0.06243797416233538,0.34771408850413754,True,False,last_layer,800,train,28:2|83:2,5792,12620,mp-aaaabhvh,mp-aaacewhi,28:1|83:1,False,recorded_during_training
6,0.3213603106123628,0.3224923687989758,0.006098964574903221,0.9997602662552035,0.0004277293337509036,0.8843270540237427,0.0004836777658273698,0.01897858688050631,True,True,last_layer,800,train,8:8|23:2|83:2,5885,7789,mp-aaaabici,mp-aaabfbmg,8:4|23:1|83:1,False,recorded_during_training
7,0.7221765882568434,0.7261184339897326,0.005653541682669072,0.9999862863916752,0.0005734942387789488,15.503423690795898,3.699145751395686e-05,0.00782847543744852,True,True,last_layer,800,train,8:12|11:4|17:4,6004,8109,mp-aaaabini,mp-aaabfqcc,8:3|11:1|17:1,False,recorded_during_training
8,0.2874588755028924,0.288793507409455,0.003401076642720824,0.9999545325379143,0.00014573616499546915,1.333327293395996,0.0001093026188823285,0.011831524202447534,True,True,last_layer,800,train,8:6|37:4|40:2,10121,10417,mp-aaabqvan,mp-aaabraoy,8:3|37:2|40:1,False,recorded_during_training
9,0.33001828208216466,0.3297764010080755,0.009311283286024263,0.9993657221370464,0.0028128218837082386,2.026646614074707,0.001387919267312654,0.02821444687026773,True,True,last_layer,800,train,8:18|56:8|73:4,10582,16766,mp-aaabruec,mp-aaacpwra,8:9|56:4|73:2,False,recorded_during_training
10,0.1434457298446432,0.11977472383803445,0.029565451422158162,0.9575792775592291,0.0142940953373909,0.1721307337284088,0.08304208683583722,0.20610896855680952,True,False,last_layer,800,train,59:1|68:3,11977,11981,mp-aaacdnzr,mp-aaacdoad,59:1|68:3,False,recorded_during_training
11,0.10178208757452012,0.083688251182366,0.024517276836149904,0.9433388676940648,0.010816850699484348,0.09805137664079666,0.11031819307454512,0.24088007448461393,True,False,last_layer,800,train,62:3|69:1,12147,12167,mp-aaacdsei,mp-aaacdspp,62:3|69:1,False,recorded_during_training
12,0.2569476258940995,0.19861458915870855,0.0813021210569076,0.9600456565954947,0.045918047428131104,0.586344838142395,0.078312358941548,0.31641514792752407,True,False,last_layer,800,train,48:2|71:1,12799,13366,mp-aaacfkmg,mp-aaacilmc,48:2|71:1,False,recorded_during_training
13,0.3711048242627939,0.371875446571039,0.00798552730858404,0.9997816411754064,0.0005462206318043172,1.2508291006088257,0.0004366868595705449,0.021518252489569293,True,True,last_layer,800,train,15:1|20:3|83:1,12895,12903,mp-aaacfrja,mp-aaacfroo,15:1|20:3|83:1,False,recorded_during_training
14,0.3156082618079381,0.18916266636041712,0.14138900473336946,0.9482143235013191,0.237643763422966,2.3338234424591064,0.10182593897187235,0.447988921213384,True,False,last_layer,800,train,46:2|51:2|57:2,13082,13180,mp-aaacfzan,mp-aaacgikg,46:1|51:1|57:1,False,recorded_during_training
15,0.2423462098959135,0.2302535500647025,0.029040498084981436,0.9658018453059356,0.038705889135599136,0.575656533241272,0.06723781786625974,0.11983062618331926,True,False,last_layer,800,train,19:3|31:1,15832,15834,mp-aaacpkso,mp-aaacpktf,19:3|31:1,False,recorded_during_training
0,0.2116293776424527,0.20979213748955772,0.015905262821775068,0.9961550292617306,0.002597844460979104,0.33785775303840637,0.007689166335880388,0.07515621412754409,True,True,last_layer,900,train,15:16|48:8,423,3943,mp-aaaaabjd,mp-aaaaarxw,15:2|48:1,False,recorded_during_training
1,0.2833879719401011,0.2786289697387474,0.011660064758871158,0.9994252850071799,0.0017288876697421074,1.2531861066818237,0.0013795937096045875,0.04114523520192209,True,True,last_layer,900,train,8:3|60:2,1183,2658,mp-aaaaaech,mp-aaaaalty,8:3|60:2,False,recorded_during_training
2,0.16268929076613858,0.16149968204263132,0.015768217024742626,0.994697543225211,0.002341120271012187,0.2212611436843872,0.010580801635698057,0.0969222801973426,True,False,last_layer,900,train,16:6|19:2|42:6,2704,14113,mp-aaaaamae,mp-aaackvdk,16:3|19:1|42:3,False,recorded_during_training
3,0.4171052366407366,0.4165055454307378,0.012149638611418823,0.9996030763962875,0.0018407667521387339,2.3175158500671387,0.000794284428339684,0.029128472970680098,True,True,last_layer,900,train,8:3|68:2,4142,18148,mp-aaaaatio,mp-aaacrsyy,8:3|68:2,False,recorded_during_training
4,0.2721211942498485,0.27044515513500755,0.009284801261514986,0.999433319874828,0.0007180549437180161,0.6183542609214783,0.001161235539394461,0.03412009596352914,True,True,last_layer,900,train,8:16|11:2|41:6,4399,9528,mp-aaaaavmx,mp-aaabjmwk,8:8|11:1|41:3,False,recorded_during_training
5,0.2394487393903546,0.1696486362360048,0.08079523976691405,0.9709605580257331,0.04905218258500099,0.8398832082748413,0.05840357576115426,0.3374218631203561,True,False,last_layer,900,train,28:2|83:2,5792,12620,mp-aaaabhvh,mp-aaacewhi,28:1|83:1,False,recorded_during_training
6,0.3213603106123628,0.3224288867643281,0.01230988290649293,0.9991602420339247,0.0014985230518504977,0.8843270540237427,0.001694534895242801,0.03830554832062502,True,True,last_layer,900,train,8:8|23:2|83:2,5885,7789,mp-aaaabici,mp-aaabfbmg,8:4|23:1|83:1,False,recorded_during_training
7,0.7221765882568434,0.7231112986766277,0.016273129425059096,0.9998593811222682,0.0062170871533453465,15.503423690795898,0.0004010138197433331,0.02253344914481156,True,True,last_layer,900,train,8:12|11:4|17:4,6004,8109,mp-aaaabini,mp-aaabfqcc,8:3|11:1|17:1,False,recorded_during_training
8,0.2874588755028924,0.2832151262536051,0.007383881808930681,0.9998689733266224,0.0008556742686778307,1.333327293395996,0.0006417586086447094,0.0256867414374074,True,True,last_layer,900,train,8:6|37:4|40:2,10121,10417,mp-aaabqvan,mp-aaabraoy,8:3|37:2|40:1,False,recorded_during_training
9,0.33001828208216466,0.3252138277096037,0.010689096576470547,0.999781267502566,0.0018880830612033606,2.026646614074707,0.0009316291493992852,0.03238940736564795,True,True,last_layer,900,train,8:18|56:8|73:4,10582,16766,mp-aaabruec,mp-aaacpwra,8:9|56:4|73:2,False,recorded_during_training
10,0.1434457298446432,0.12904432167644586,0.027868319042937628,0.9792363952552628,0.007101135794073343,0.1721307337284088,0.04125431664793605,0.19427778765614007,True,False,last_layer,900,train,59:1|68:3,11977,11981,mp-aaacdnzr,mp-aaacdoad,59:1|68:3,False,recorded_during_training
11,0.10178208757452012,0.08707594315296774,0.028222511303056308,0.9460442558413324,0.010297699831426144,0.09805137664079666,0.10502351098191043,0.2772836751102506,True,False,last_layer,900,train,62:3|69:1,12147,12167,mp-aaacdsei,mp-aaacdspp,62:3|69:1,False,recorded_during_training
12,0.2569476258940995,0.19428616976925284,0.08213425158711729,0.9598105962286716,0.04672645404934883,0.586344838142395,0.07969108110064273,0.3196536698921234,True,False,last_layer,900,train,48:2|71:1,12799,13366,mp-aaacfkmg,mp-aaacilmc,48:2|71:1,False,recorded_during_training
13,0.3711048242627939,0.38260521418624194,0.03588339777612504,0.9963326562773812,0.011709298938512802,1.2508291006088257,0.009361230029596724,0.0966934284602956,True,True,last_layer,900,train,15:1|20:3|83:1,12895,12903,mp-aaacfrja,mp-aaacfroo,15:1|20:3|83:1,False,recorded_during_training
14,0.3156082618079381,0.23874137581492505,0.09975930124642218,0.9795385491809955,0.09695243835449219,2.3338234424591064,0.04154231917918144,0.31608583588705363,True,False,last_layer,900,train,46:2|51:2|57:2,13082,13180,mp-aaacfzan,mp-aaacgikg,46:1|51:1|57:1,False,recorded_during_training
15,0.2423462098959135,0.22710355677097027,0.029343963123181993,0.9655994859328116,0.03906804323196411,0.575656533241272,0.06786693275587254,0.12108282252808938,True,False,last_layer,900,train,19:3|31:1,15832,15834,mp-aaacpkso,mp-aaacpktf,19:3|31:1,False,recorded_during_training
0,0.2116293776424527,0.2114272916498976,0.0024009995787537264,0.9999339768195901,4.869604163104668e-05,0.33785775303840637,0.00014413178680410836,0.011345303782966318,True,True,last_layer,1000,train,15:16|48:8,423,3943,mp-aaaaabjd,mp-aaaaarxw,15:2|48:1,False,recorded_during_training
1,0.2833879719401011,0.2845549742089588,0.0022166742749050172,0.9999866966352283,3.78135300707072e-05,1.2531861066818237,3.0173914208823753e-05,0.007822047843913252,True,True,last_layer,1000,train,8:3|60:2,1183,2658,mp-aaaaaech,mp-aaaaalty,8:3|60:2,False,recorded_during_training
2,0.16268929076613858,0.16099034638682497,0.0046114006436255295,0.9980141627524903,0.0008779469644650817,0.2212611436843872,0.003967922021217646,0.02834483217616513,True,True,last_layer,1000,train,16:6|19:2|42:6,2704,14113,mp-aaaaamae,mp-aaackvdk,16:3|19:1|42:3,False,recorded_during_training
3,0.4171052366407366,0.4179908266850134,0.0017723289917057627,0.9999955436317294,2.3008225980447605e-05,2.3175158500671387,9.927969200202474e-06,0.004249117095675102,True,True,last_layer,1000,train,8:3|68:2,4142,18148,mp-aaaaatio,mp-aaacrsyy,8:3|68:2,False,recorded_during_training
4,0.2721211942498485,0.2726625420449409,0.0016048255669147693,0.9999857232259395,1.7663354810792953e-05,0.6183542609214783,2.8565105679826366e-05,0.005897466279092161,True,True,last_layer,1000,train,8:16|11:2|41:6,4399,9528,mp-aaaaavmx,mp-aaabjmwk,8:8|11:1|41:3,False,recorded_during_training
5,0.2394487393903546,0.22098376854410162,0.03253126854906441,0.992279548665188,0.013002106919884682,0.8398832082748413,0.015480851137137992,0.1358590094560123,True,False,last_layer,1000,train,28:2|83:2,5792,12620,mp-aaaabhvh,mp-aaacewhi,28:1|83:1,False,recorded_during_training
6,0.3213603106123628,0.3221657886133471,0.0024066575315373484,0.9999723261012912,4.973190516466275e-05,0.8843270540237427,5.623700523282592e-05,0.007488969396847365,True,True,last_layer,1000,train,8:8|23:2|83:2,5885,7789,mp-aaaabici,mp-aaabfbmg,8:4|23:1|83:1,False,recorded_during_training
7,0.7221765882568434,0.7250158522620893,0.0036913896729799944,0.9999938722913193,0.00019004328351002187,15.503423690795898,1.2258149380439567e-05,0.005111477903057064,True,True,last_layer,1000,train,8:12|11:4|17:4,6004,8109,mp-aaaabini,mp-aaabfqcc,8:3|11:1|17:1,False,recorded_during_training
8,0.2874588755028924,0.28811223427631205,0.0012934921710296976,0.999994414446576,1.610834624443669e-05,1.333327293395996,1.2081314411114013e-05,0.004499746855152095,True,True,last_layer,1000,train,8:6|37:4|40:2,10121,10417,mp-aaabqvan,mp-aaabraoy,8:3|37:2|40:1,False,recorded_during_training
9,0.33001828208216466,0.33129108313528377,0.002059737807712736,0.9999914224941768,3.9944046875461936e-05,2.026646614074707,1.9709428668055646e-05,0.006241283951656723,True,True,last_layer,1000,train,8:18|56:8|73:4,10582,16766,mp-aaabruec,mp-aaacpwra,8:9|56:4|73:2,False,recorded_during_training
10,0.1434457298446432,0.13311125460946016,0.014457078143450985,0.9905765727587986,0.0032289940863847733,0.1721307337284088,0.018758963123224365,0.1007843046921544,True,False,last_layer,1000,train,59:1|68:3,11977,11981,mp-aaacdnzr,mp-aaacdoad,59:1|68:3,False,recorded_during_training
11,0.10178208757452012,0.09354146271243735,0.012537701742076024,0.974236235414211,0.0049921367317438126,0.09805137664079666,0.05091347926742634,0.12318180969609707,True,False,last_layer,1000,train,62:3|69:1,12147,12167,mp-aaacdsei,mp-aaacdspp,62:3|69:1,False,recorded_during_training
12,0.2569476258940995,0.2027677581935734,0.0809204774180472,0.9652112708238118,0.04008682817220688,0.586344838142395,0.06836732510378425,0.3149298505345927,True,False,last_layer,1000,train,48:2|71:1,12799,13366,mp-aaacfkmg,mp-aaacilmc,48:2|71:1,False,recorded_during_training
13,0.3711048242627939,0.3714082883229821,0.0044375674242118635,0.9998990436309471,0.000253942416748032,1.2508291006088257,0.00020301927467503643,0.011957719582404156,True,True,last_layer,1000,train,15:1|20:3|83:1,12895,12903,mp-aaacfrja,mp-aaacfroo,15:1|20:3|83:1,False,recorded_during_training
14,0.3156082618079381,0.28604841757601207,0.04066934120442056,0.9955044945186295,0.020937196910381317,2.3338234424591064,0.008971200018592744,0.1288601919716845,True,False,last_layer,1000,train,46:2|51:2|57:2,13082,13180,mp-aaacfzan,mp-aaacgikg,46:1|51:1|57:1,False,recorded_during_training
15,0.2423462098959135,0.2296522523058968,0.028335818521810552,0.9660670488935272,0.038407303392887115,0.575656533241272,0.0667191305493091,0.11692288703000822,True,False,last_layer,1000,train,19:3|31:1,15832,15834,mp-aaacpkso,mp-aaacpktf,19:3|31:1,False,recorded_during_training
0,0.2116293776424527,0.19526064348019645,0.03248865011698854,0.9838687386584275,0.010841719806194305,0.33785775303840637,0.032089598976767775,0.15351673042236144,True,False,last_layer,1100,train,15:16|48:8,423,3943,mp-aaaaabjd,mp-aaaaarxw,15:2|48:1,False,recorded_during_training
1,0.2833879719401011,0.28391050347909186,0.002949720218566654,0.9999729291613358,6.786353333154693e-05,1.2531861066818237,5.415279739354553e-05,0.010408769992503872,True,True,last_layer,1100,train,8:3|60:2,1183,2658,mp-aaaaaech,mp-aaaaalty,8:3|60:2,False,recorded_during_training
2,0.16268929076613858,0.16135777239105664,0.005284435086650774,0.9981512313235736,0.0008176775882020593,0.2212611436843872,0.0036955317801683984,0.03248176362294802,True,True,last_layer,1100,train,16:6|19:2|42:6,2704,14113,mp-aaaaamae,mp-aaackvdk,16:3|19:1|42:3,False,recorded_during_training
3,0.4171052366407366,0.4183264146169705,0.0028567416597553574,0.9999873028135784,6.26755936536938e-05,2.3175158500671387,2.704429989200638e-05,0.006848970976156652,True,True,last_layer,1100,train,8:3|68:2,4142,18148,mp-aaaaatio,mp-aaacrsyy,8:3|68:2,False,recorded_during_training
4,0.2721211942498485,0.2729643340697976,0.002638512207226995,0.9999627117153768,4.885286762146279e-05,0.6183542609214783,7.900465915551663e-05,0.009696092266905315,True,True,last_layer,1100,train,8:16|11:2|41:6,4399,9528,mp-aaaaavmx,mp-aaabjmwk,8:8|11:1|41:3,False,recorded_during_training
5,0.2394487393903546,0.2331315807714418,0.011957360187807353,0.9972463978955486,0.004619420040398836,0.8398832082748413,0.00550007428995674,0.04993703545172648,True,True,last_layer,1100,train,28:2|83:2,5792,12620,mp-aaaabhvh,mp-aaacewhi,28:1|83:1,False,recorded_during_training
6,0.3213603106123628,0.3218060584279101,0.0028073482192212396,0.9999671621453745,5.8090379752684385e-05,0.8843270540237427,6.56887963433546e-05,0.008735827438901039,True,True,last_layer,1100,train,8:8|23:2|83:2,5885,7789,mp-aaaabici,mp-aaabfbmg,8:4|23:1|83:1,False,recorded_during_training
7,0.7221765882568434,0.7241295008275728,0.003127917676053471,0.9999953012127769,0.00014644561451859772,15.503423690795898,9.44601769514561e-06,0.0043312366073836525,True,True,last_layer,1100,train,8:12|11:4|17:4,6004,8109,mp-aaaabini,mp-aaabfqcc,8:3|11:1|17:1,False,recorded_during_training
8,0.2874588755028924,0.2882540588688691,0.0022137136080964126,0.9999865009545235,4.358221485745162e-05,1.333327293395996,3.268680921279826e-05,0.007700974980242481,True,True,last_layer,1100,train,8:6|37:4|40:2,10121,10417,mp-aaabqvan,mp-aaabraoy,8:3|37:2|40:1,False,recorded_during_training
9,0.33001828208216466,0.3303204639375963,0.002653044546377714,0.9999879839356055,5.410707672126591e-05,2.026646614074707,2.6697834908908985e-05,0.008039083561186424,True,True,last_layer,1100,train,8:18|56:8|73:4,10582,16766,mp-aaabruec,mp-aaacpwra,8:9|56:4|73:2,False,recorded_during_training
10,0.1434457298446432,0.1354154982421676,0.013131769390497539,0.9920494076260358,0.002727131126448512,0.1721307337284088,0.01584337129911636,0.09154520949992523,True,False,last_layer,1100,train,59:1|68:3,11977,11981,mp-aaacdnzr,mp-aaacdoad,59:1|68:3,False,recorded_during_training
11,0.10178208757452012,0.09779341726016355,0.010097150052843062,0.9905209298498271,0.0018506484339013696,0.09805137664079666,0.018874272828224244,0.09920360540306661,True,False,last_layer,1100,train,62:3|69:1,12147,12167,mp-aaacdsei,mp-aaacdspp,62:3|69:1,False,recorded_during_training
12,0.2569476258940995,0.2041137137346496,0.08156888898583503,0.9656728734292612,0.03956759721040726,0.586344838142395,0.06748178654690942,0.3174533670120521,True,False,last_layer,1100,train,48:2|71:1,12799,13366,mp-aaacfkmg,mp-aaacilmc,48:2|71:1,False,recorded_during_training
13,0.3711048242627939,0.37085559094543896,0.007502773616771208,0.9998046679133717,0.0004926243564113975,1.2508291006088257,0.0003938382598962709,0.020217397150995266,True,True,last_layer,1100,train,15:1|20:3|83:1,12895,12903,mp-aaacfrja,mp-aaacfroo,15:1|20:3|83:1,False,recorded_during_training
14,0.3156082618079381,0.29066979732169784,0.038034314572996664,0.9963679944746905,0.016936002299189568,2.3338234424591064,0.007256762440154605,0.12051114997788703,True,False,last_layer,1100,train,46:2|51:2|57:2,13082,13180,mp-aaacfzan,mp-aaacgikg,46:1|51:1|57:1,False,recorded_during_training
15,0.2423462098959135,0.23044431854742697,0.02832181848299342,0.9660489299311104,0.03842536360025406,0.575656533241272,0.06675050378373633,0.11686511827503927,True,False,last_layer,1100,train,19:3|31:1,15832,15834,mp-aaacpkso,mp-aaacpktf,19:3|31:1,False,recorded_during_training
0,0.2116293776424527,0.2094643529771929,0.004288474014970234,0.9988791065681467,0.0007570821326225996,0.33785775303840637,0.0022408310178293803,0.02026407705179571,True,True,last_layer,1200,train,15:16|48:8,423,3943,mp-aaaaabjd,mp-aaaaarxw,15:2|48:1,False,recorded_during_training
1,0.2833879719401011,0.28368938203539074,0.0011803510574281972,0.999994558269202,1.3835649042448495e-05,1.2531861066818237,1.1040378574801166e-05,0.0041651416937261,True,True,last_layer,1200,train,8:3|60:2,1183,2658,mp-aaaaaech,mp-aaaaalty,8:3|60:2,False,recorded_during_training
2,0.16268929076613858,0.16132590147390147,0.0030023447652638424,0.9984712604415268,0.0006760015385225415,0.2212611436843872,0.0030552203033299336,0.01845447079598885,True,True,last_layer,1200,train,16:6|19:2|42:6,2704,14113,mp-aaaaamae,mp-aaackvdk,16:3|19:1|42:3,False,recorded_during_training
3,0.4171052366407366,0.41781919951485236,0.0010403748978120575,0.9999982666254177,9.308983862865716e-06,2.3175158500671387,4.01679404375855e-06,0.002494274361527997,True,True,last_layer,1200,train,8:3|68:2,4142,18148,mp-aaaaatio,mp-aaacrsyy,8:3|68:2,False,recorded_during_training
4,0.2721211942498485,0.27237702445165723,0.0006534089239949026,0.9999965760843704,4.242846443958115e-06,0.6183542609214783,6.861514041538872e-06,0.00240116880934667,True,True,last_layer,1200,train,8:16|11:2|41:6,4399,9528,mp-aaaaavmx,mp-aaabjmwk,8:8|11:1|41:3,False,recorded_during_training
5,0.2394487393903546,0.2391353785933461,0.002391755086136982,0.9999317493463603,0.00011468349839560688,0.8398832082748413,0.00013654695946496186,0.009988589174561868,True,True,last_layer,1200,train,28:2|83:2,5792,12620,mp-aaaabhvh,mp-aaacewhi,28:1|83:1,False,recorded_during_training
6,0.3213603106123628,0.32178238551352933,0.0008197183975653388,0.9999939085664795,1.091057674784679e-05,0.8843270540237427,1.2337716796294982e-05,0.0025507767154050167,True,True,last_layer,1200,train,8:8|23:2|83:2,5885,7789,mp-aaaabici,mp-aaabfbmg,8:4|23:1|83:1,False,recorded_during_training
7,0.7221765882568434,0.7246860004432989,0.00287440754426882,0.9999959666333951,0.0001382139016641304,15.503423690795898,8.915056726869013e-06,0.003980200398363692,True,True,last_layer,1200,train,8:12|11:4|17:4,6004,8109,mp-aaaabini,mp-aaabfqcc,8:3|11:1|17:1,False,recorded_during_training
8,0.2874588755028924,0.28758371176994757,0.0008855239459037989,0.9999971700581012,8.334152880706824e-06,1.333327293395996,6.250642975649036e-06,0.0030805239335700693,True,True,last_layer,1200,train,8:6|37:4|40:2,10121,10417,mp-aaabqvan,mp-aaabraoy,8:3|37:2|40:1,False,recorded_during_training
9,0.33001828208216466,0.33065551645040614,0.001075912359283393,0.9999969980531968,1.2213031368446536e-05,2.026646614074707,6.026226419361504e-06,0.0032601598690084783,True,True,last_layer,1200,train,8:18|56:8|73:4,10582,16766,mp-aaabruec,mp-aaacpwra,8:9|56:4|73:2,False,recorded_during_training
10,0.1434457298446432,0.1361145626512581,0.009984620730037364,0.9933593465203087,0.002278554020449519,0.1721307337284088,0.013237345656381535,0.06960556261138662,True,False,last_layer,1200,train,59:1|68:3,11977,11981,mp-aaacdnzr,mp-aaacdoad,59:1|68:3,False,recorded_during_training
11,0.10178208757452012,0.09830188897672087,0.006410075466874332,0.9919223981065671,0.0015776869840919971,0.09805137664079666,0.016090411355178892,0.06297842400001054,True,False,last_layer,1200,train,62:3|69:1,12147,12167,mp-aaacdsei,mp-aaacdspp,62:3|69:1,False,recorded_during_training
12,0.2569476258940995,0.2053182074939066,0.08046589565690354,0.966728285736871,0.03837014362215996,0.586344838142395,0.06543955216476502,0.3131606893696983,True,False,last_layer,1200,train,48:2|71:1,12799,13366,mp-aaacfkmg,mp-aaacilmc,48:2|71:1,False,recorded_during_training
13,0.3711048242627939,0.37077308631899086,0.003571309447885085,0.999913325291965,0.00021854517399333417,1.2508291006088257,0.0001747202506617091,0.009623451958566027,True,True,last_layer,1200,train,15:1|20:3|83:1,12895,12903,mp-aaacfrja,mp-aaacfroo,15:1|20:3|83:1,False,recorded_during_training
14,0.3156082618079381,0.3030541498619641,0.018995725428794685,0.9982200718614448,0.00830338429659605,2.3338234424591064,0.0035578459559249816,0.06018766847223551,True,True,last_layer,1200,train,46:2|51:2|57:2,13082,13180,mp-aaacfzan,mp-aaacgikg,46:1|51:1|57:1,False,recorded_during_training
15,0.2423462098959135,0.23080636498548301,0.02769892988931133,0.9662631344687793,0.03818650543689728,0.575656533241272,0.06633557205003068,0.11429487550561605,True,False,last_layer,1200,train,19:3|31:1,15832,15834,mp-aaacpkso,mp-aaacpktf,19:3|31:1,False,recorded_during_training
0,0.2116293776424527,0.21050199328919916,0.007939949006754432,0.9991222893900203,0.0005930971819907427,0.33785775303840637,0.001755464175845986,0.03751817963651982,True,True,last_layer,1300,train,15:16|48:8,423,3943,mp-aaaaabjd,mp-aaaaarxw,15:2|48:1,False,recorded_during_training
1,0.2833879719401011,0.2859178860899192,0.009213911966980959,0.9996465300783011,0.0010780016891658306,1.2531861066818237,0.0008602087777849332,0.03251341933781324,True,True,last_layer,1300,train,8:3|60:2,1183,2658,mp-aaaaaech,mp-aaaaalty,8:3|60:2,False,recorded_during_training
2,0.16268929076613858,0.16148357429119642,0.012172193190053804,0.9960836474186583,0.0017310248222202063,0.2212611436843872,0.007823446961339882,0.07481865052538092,True,True,last_layer,1300,train,16:6|19:2|42:6,2704,14113,mp-aaaaamae,mp-aaackvdk,16:3|19:1|42:3,False,recorded_during_training
3,0.4171052366407366,0.41830608052063667,0.0071369127964260315,0.9998691252505038,0.0006078141741454601,2.3175158500671387,0.0002622696945644845,0.0171105806628202,True,True,last_layer,1300,train,8:3|68:2,4142,18148,mp-aaaaatio,mp-aaacrsyy,8:3|68:2,False,recorded_during_training
4,0.2721211942498485,0.27251907395577746,0.00892148971536244,0.9994513971372512,0.0007041353383101523,0.6183542609214783,0.0011387248100479524,0.03278498663052008,True,True,last_layer,1300,train,8:16|11:2|41:6,4399,9528,mp-aaaaavmx,mp-aaabjmwk,8:8|11:1|41:3,False,recorded_during_training
5,0.2394487393903546,0.18968810036585637,0.10757155826013332,0.9606148054494623,0.08288954198360443,0.8398832082748413,0.09869174805133128,0.44924670947950907,True,False,last_layer,1300,train,28:2|83:2,5792,12620,mp-aaaabhvh,mp-aaacewhi,28:1|83:1,False,recorded_during_training
6,0.3213603106123628,0.3208778730273707,0.01575314165677355,0.9987373801015719,0.0022345660254359245,0.8843270540237427,0.002526854759524218,0.04902018431198119,True,True,last_layer,1300,train,8:8|23:2|83:2,5885,7789,mp-aaaabici,mp-aaabfbmg,8:4|23:1|83:1,False,recorded_during_training
7,0.7221765882568434,0.7243104219117811,0.008086620076340978,0.9999417878597925,0.002040986903011799,15.503423690795898,0.00013164749565758793,0.011197566090947492,True,True,last_layer,1300,train,8:12|11:4|17:4,6004,8109,mp-aaaabini,mp-aaabfqcc,8:3|11:1|17:1,False,recorded_during_training
8,0.2874588755028924,0.29040072735597633,0.006314719821293835,0.9998388232621519,0.0005402349052019417,1.333327293395996,0.00040517801433881905,0.021967385109423407,True,True,last_layer,1300,train,8:6|37:4|40:2,10121,10417,mp-aaabqvan,mp-aaabraoy,8:3|37:2|40:1,False,recorded_during_training
9,0.33001828208216466,0.327956912348327,0.009416251916718466,0.9997335552152516,0.0011926565784960985,2.026646614074707,0.0005884876871050467,0.02853251600883766,True,True,last_layer,1300,train,8:18|56:8|73:4,10582,16766,mp-aaabruec,mp-aaacpwra,8:9|56:4|73:2,False,recorded_during_training
10,0.1434457298446432,0.13838069911859918,0.012910822984096626,0.994916871226002,0.0017699014861136675,0.1721307337284088,0.010282309543316373,0.09000493077123664,True,False,last_layer,1300,train,59:1|68:3,11977,11981,mp-aaacdnzr,mp-aaacdoad,59:1|68:3,False,recorded_during_training
11,0.10178208757452012,0.09830904103364446,0.009408748857367755,0.9916707939298361,0.0016267364844679832,0.09805137664079666,0.016590654208022002,0.09244012459932212,True,False,last_layer,1300,train,62:3|69:1,12147,12167,mp-aaacdsei,mp-aaacdspp,62:3|69:1,False,recorded_during_training
12,0.2569476258940995,0.20499007508556133,0.08026419183676126,0.9665482070028586,0.03861870989203453,0.586344838142395,0.06586347722337396,0.3123756896272784,True,False,last_layer,1300,train,48:2|71:1,12799,13366,mp-aaacfkmg,mp-aaacilmc,48:2|71:1,False,recorded_during_training
13,0.3711048242627939,0.37198333976391496,0.012805161654419805,0.9995119088033058,0.0012485433835536242,1.2508291006088257,0.000998172638409125,0.03450551115808715,True,True,last_layer,1300,train,15:1|20:3|83:1,12895,12903,mp-aaacfrja,mp-aaacfroo,15:1|20:3|83:1,False,recorded_during_training
14,0.3156082618079381,0.2972243863832773,0.028597976376659062,0.997970438405126,0.010560872033238411,2.3338234424591064,0.0045251375237325645,0.09061225524591059,True,True,last_layer,1300,train,46:2|51:2|57:2,13082,13180,mp-aaacfzan,mp-aaacgikg,46:1|51:1|57:1,False,recorded_during_training
15,0.2423462098959135,0.23011884565809737,0.0273936146654421,0.9660900428859909,0.038409944623708725,0.575656533241272,0.06672371875541654,0.11303504468754648,True,False,last_layer,1300,train,19:3|31:1,15832,15834,mp-aaacpkso,mp-aaacpktf,19:3|31:1,False,recorded_during_training
0,0.2116293776424527,0.2105692855493544,0.0019079604015814766,0.9997284090545184,0.00018900958821177483,0.33785775303840637,0.0005594354029528188,0.009015574410491207,True,True,last_layer,1400,train,15:16|48:8,423,3943,mp-aaaaabjd,mp-aaaaarxw,15:2|48:1,False,recorded_during_training
1,0.2833879719401011,0.28060092607938714,0.004140161920986429,0.9999697615995319,0.0003771168121602386,1.2531861066818237,0.0003009264227791078,0.014609518860812918,True,True,last_layer,1400,train,8:3|60:2,1183,2658,mp-aaaaaech,mp-aaaaalty,8:3|60:2,False,recorded_during_training
2,0.16268929076613858,0.16136312413800624,0.002470103256200673,0.9986736741907153,0.0005883596022613347,0.2212611436843872,0.0026591185079499835,0.015182949317489982,True,True,last_layer,1400,train,16:6|19:2|42:6,2704,14113,mp-aaaaamae,mp-aaackvdk,16:3|19:1|42:3,False,recorded_during_training
3,0.4171052366407366,0.412663181191931,0.006074827640816238,0.9999688705378372,0.0007693234365433455,2.3175158500671387,0.00033196037754005354,0.014564256468562735,True,True,last_layer,1400,train,8:3|68:2,4142,18148,mp-aaaaatio,mp-aaacrsyy,8:3|68:2,False,recorded_during_training
4,0.2721211942498485,0.27056567932800135,0.002448846771812896,0.9999770096666349,6.764047429896891e-05,0.6183542609214783,0.00010938790038928548,0.008999103427293074,True,True,last_layer,1400,train,8:16|11:2|41:6,4399,9528,mp-aaaaavmx,mp-aaabjmwk,8:8|11:1|41:3,False,recorded_during_training
5,0.2394487393903546,0.23664825278683566,0.005136853054864332,0.9997932121452401,0.00037247667205519974,0.8398832082748413,0.0004434862709307928,0.021452829812104883,True,True,last_layer,1400,train,28:2|83:2,5792,12620,mp-aaaabhvh,mp-aaacewhi,28:1|83:1,False,recorded_during_training
6,0.3213603106123628,0.31907450552409955,0.003112350916694595,0.9999863711822826,9.359051182400435e-05,0.8843270540237427,0.00010583246480831017,0.009684926277186832,True,True,last_layer,1400,train,8:8|23:2|83:2,5885,7789,mp-aaaabici,mp-aaabfbmg,8:4|23:1|83:1,False,recorded_during_training
7,0.7221765882568434,0.7213707923984742,0.006314452013711502,0.9999870919915875,0.0009328440646640956,15.503423690795898,6.017019745244453e-05,0.008743639874775,True,True,last_layer,1400,train,8:12|11:4|17:4,6004,8109,mp-aaaabini,mp-aaabfqcc,8:3|11:1|17:1,False,recorded_during_training
8,0.2874588755028924,0.28465356634947625,0.0039765179665778305,0.9999804432415511,0.0003040518204215914,1.333327293395996,0.00022803989832621577,0.01383334558594215,True,True,last_layer,1400,train,8:6|37:4|40:2,10121,10417,mp-aaabqvan,mp-aaabraoy,8:3|37:2|40:1,False,recorded_during_training
9,0.33001828208216466,0.3267624943055125,0.005005935056033195,0.9999437357700981,0.0009732322650961578,2.026646614074707,0.00048021804015422795,0.015168659822266657,True,True,last_layer,1400,train,8:18|56:8|73:4,10582,16766,mp-aaabruec,mp-aaacpwra,8:9|56:4|73:2,False,recorded_during_training
10,0.1434457298446432,0.1368288613441706,0.00958960755188798,0.9962715892982966,0.001302451128140092,0.1721307337284088,0.007566639030279882,0.06685181609988575,True,True,last_layer,1400,train,59:1|68:3,11977,11981,mp-aaacdnzr,mp-aaacdoad,59:1|68:3,False,recorded_during_training
11,0.10178208757452012,0.1006545417635607,0.005915009056479903,0.9962376629272741,0.0007391905528493226,0.09805137664079666,0.00753880851216692,0.058114440344419226,True,True,last_layer,1400,train,62:3|69:1,12147,12167,mp-aaacdsei,mp-aaacdspp,62:3|69:1,False,recorded_during_training
12,0.2569476258940995,0.20321697518876292,0.07829701349434615,0.9677382893744737,0.03735977038741112,0.586344838142395,0.06371637977707961,0.30471973898142235,True,False,last_layer,1400,train,48:2|71:1,12799,13366,mp-aaacfkmg,mp-aaacilmc,48:2|71:1,False,recorded_during_training
13,0.3711048242627939,0.3690724844673241,0.0038685173869552614,0.9999255203438289,0.00022293969232123345,1.2508291006088257,0.00017823353503106082,0.01042432524190473,True,True,last_layer,1400,train,15:1|20:3|83:1,12895,12903,mp-aaacfrja,mp-aaacfroo,15:1|20:3|83:1,False,recorded_during_training
14,0.3156082618079381,0.30421189589242204,0.016936740716118948,0.9984147286685522,0.007421229965984821,2.3338234424591064,0.003179859209129037,0.05366380657812348,True,True,last_layer,1400,train,46:2|51:2|57:2,13082,13180,mp-aaacfzan,mp-aaacgikg,46:1|51:1|57:1,False,recorded_during_training
15,0.2423462098959135,0.22970418978860607,0.027102817809975477,0.9663399424431589,0.03815024718642235,0.575656533241272,0.06627258614023691,0.11183512142243117,True,False,last_layer,1400,train,19:3|31:1,15832,15834,mp-aaacpkso,mp-aaacpktf,19:3|31:1,False,recorded_during_training
0,0.2116293776424527,0.21130986701473375,0.005065584632006903,0.9993718859303347,0.0004287980846129358,0.33785775303840637,0.0012691675143065065,0.02393611269114629,True,True,last_layer,1500,train,15:16|48:8,423,3943,mp-aaaaabjd,mp-aaaaarxw,15:2|48:1,False,recorded_during_training
1,0.2833879719401011,0.2820637308586811,0.011720578030690376,0.9995405854305571,0.0011817478807643056,1.2531861066818237,0.0009429947191908537,0.04135877027684054,True,True,last_layer,1500,train,8:3|60:2,1183,2658,mp-aaaaaech,mp-aaaaalty,8:3|60:2,False,recorded_during_training
2,0.16268929076613858,0.16204976004883065,0.006001576486596605,0.998284912522102,0.0007662181160412729,0.2212611436843872,0.0034629583092738,0.03688980668815938,True,True,last_layer,1500,train,16:6|19:2|42:6,2704,14113,mp-aaaaamae,mp-aaackvdk,16:3|19:1|42:3,False,recorded_during_training
3,0.4171052366407366,0.4187969595969747,0.010297900649547387,0.9997842852107084,0.0010393173433840275,2.3175158500671387,0.0004484618059263406,0.02468897473569058,True,True,last_layer,1500,train,8:3|68:2,4142,18148,mp-aaaaatio,mp-aaacrsyy,8:3|68:2,False,recorded_during_training
4,0.2721211942498485,0.27211536718004936,0.0090556387522156,0.9994834907414991,0.0006475665140897036,0.6183542609214783,0.001047241937210383,0.033277961965362944,True,True,last_layer,1500,train,8:16|11:2|41:6,4399,9528,mp-aaaaavmx,mp-aaabjmwk,8:8|11:1|41:3,False,recorded_during_training
5,0.2394487393903546,0.2379087617591722,0.004879493222688325,0.999899863677258,0.00018220818310510367,0.8398832082748413,0.00021694466719886883,0.02037802844613714,True,True,last_layer,1500,train,28:2|83:2,5792,12620,mp-aaaabhvh,mp-aaacewhi,28:1|83:1,False,recorded_during_training
6,0.3213603106123628,0.31830586032413066,0.009109394493520995,0.9996444952521965,0.0006799318362027407,0.8843270540237427,0.0007688692018512934,0.028346358254890715,True,True,last_layer,1500,train,8:8|23:2|83:2,5885,7789,mp-aaaabici,mp-aaabfbmg,8:4|23:1|83:1,False,recorded_during_training
7,0.7221765882568434,0.7251046995953061,0.006707701963080126,0.9999805962447673,0.0006093580741435289,15.503423690795898,3.930474237798802e-05,0.00928817421133918,True,True,last_layer,1500,train,8:12|11:4|17:4,6004,8109,mp-aaaabini,mp-aaabfqcc,8:3|11:1|17:1,False,recorded_during_training
8,0.2874588755028924,0.2866016535278497,0.005916259043754479,0.9998418685483407,0.00043008054490201175,1.333327293395996,0.00032256186986661983,0.020581236301729533,True,True,last_layer,1500,train,8:6|37:4|40:2,10121,10417,mp-aaabqvan,mp-aaabraoy,8:3|37:2|40:1,False,recorded_during_training
9,0.33001828208216466,0.329270745982285,0.006649843975537806,0.9999045355663585,0.0004803194315172732,2.026646614074707,0.00023700206448501606,0.020149926039194986,True,True,last_layer,1500,train,8:18|56:8|73:4,10582,16766,mp-aaabruec,mp-aaacpwra,8:9|56:4|73:2,False,recorded_during_training
10,0.1434457298446432,0.13587570424576256,0.014123446160027697,0.9958187179127647,0.0015775224892422557,0.1721307337284088,0.00916467649368939,0.09845846352710456,True,True,last_layer,1500,train,59:1|68:3,11977,11981,mp-aaacdnzr,mp-aaacdoad,59:1|68:3,False,recorded_during_training
11,0.10178208757452012,0.09797698781335384,0.009334945095133662,0.9960483557510679,0.0008465435821563005,0.09805137664079666,0.008633673602131513,0.09171500916896648,True,True,last_layer,1500,train,62:3|69:1,12147,12167,mp-aaacdsei,mp-aaacdspp,62:3|69:1,False,recorded_during_training
12,0.2569476258940995,0.2077884409811972,0.07836107590218688,0.9676435068823542,0.03735470771789551,0.586344838142395,0.06370774549024655,0.30496905986001704,True,False,last_layer,1500,train,48:2|71:1,12799,13366,mp-aaacfkmg,mp-aaacilmc,48:2|71:1,False,recorded_during_training
13,0.3711048242627939,0.36813630214987825,0.007667119222752206,0.9998093540176897,0.000505753792822361,1.2508291006088257,0.00040433484684373875,0.020660252094493972,True,True,last_layer,1500,train,15:1|20:3|83:1,12895,12903,mp-aaacfrja,mp-aaacfroo,15:1|20:3|83:1,False,recorded_during_training
14,0.3156082618079381,0.3085496520693596,0.016482402522342454,0.9984529238035632,0.007393998093903065,2.3338234424591064,0.0031681908577077906,0.052224242888713544,True,True,last_layer,1500,train,46:2|51:2|57:2,13082,13180,mp-aaacfzan,mp-aaacgikg,46:1|51:1|57:1,False,recorded_during_training
15,0.2423462098959135,0.2329313171167655,0.027465196225023192,0.9662103047608438,0.03826441243290901,0.575656533241272,0.06647090795175853,0.11333041369542919,True,False,last_layer,1500,train,19:3|31:1,15832,15834,mp-aaacpkso,mp-aaacpktf,19:3|31:1,False,recorded_during_training
0,0.2116293776424527,0.21096124306450292,0.0018904358115605646,0.9997305633558519,0.00018305341654922813,0.33785775303840637,0.0005418061740569835,0.008932766483651674,True,True,last_layer,1600,train,15:16|48:8,423,3943,mp-aaaaabjd,mp-aaaaarxw,15:2|48:1,False,recorded_during_training
1,0.2833879719401011,0.2827939543037701,0.004050181470802272,0.9999516465252032,0.0001846879458753392,1.2531861066818237,0.00014737471544777535,0.01429200203196467,True,True,last_layer,1600,train,8:3|60:2,1183,2658,mp-aaaaaech,mp-aaaaalty,8:3|60:2,False,recorded_during_training
2,0.16268929076613858,0.161923619612935,0.003657021195976995,0.998562966919956,0.000635594769846648,0.2212611436843872,0.0028726000384110702,0.022478561303914363,True,True,last_layer,1600,train,16:6|19:2|42:6,2704,14113,mp-aaaaamae,mp-aaackvdk,16:3|19:1|42:3,False,recorded_during_training
3,0.4171052366407366,0.4183771739706401,0.006614583892798009,0.9999131915165411,0.0004281451692804694,2.3175158500671387,0.0001847431461010573,0.01585830939469916,True,True,last_layer,1600,train,8:3|68:2,4142,18148,mp-aaaaatio,mp-aaacrsyy,8:3|68:2,False,recorded_during_training
4,0.2721211942498485,0.27208562954876925,0.001916721879410943,0.9999772243836911,2.851139652193524e-05,0.6183542609214783,4.6108514687757216e-05,0.007043633204296105,True,True,last_layer,1600,train,8:16|11:2|41:6,4399,9528,mp-aaaaavmx,mp-aaabjmwk,8:8|11:1|41:3,False,recorded_during_training
5,0.2394487393903546,0.24010104083572514,0.0020877269853372127,0.999977931933128,8.92061143531464e-05,0.8398832082748413,0.00010621252273441668,0.008718889022563424,True,True,last_layer,1600,train,28:2|83:2,5792,12620,mp-aaaabhvh,mp-aaacewhi,28:1|83:1,False,recorded_during_training
6,0.3213603106123628,0.3216716851816841,0.0019485946464214976,0.9999823979267439,3.113183629466221e-05,0.8843270540237427,3.520398494313889e-05,0.006063582160187689,True,True,last_layer,1600,train,8:8|23:2|83:2,5885,7789,mp-aaaabici,mp-aaabfbmg,8:4|23:1|83:1,False,recorded_during_training
7,0.7221765882568434,0.7258026259067947,0.0067722183292744376,0.9999761317307755,0.000905029708519578,15.503423690795898,5.8376119144371816e-05,0.009377510209270154,True,True,last_layer,1600,train,8:12|11:4|17:4,6004,8109,mp-aaaabini,mp-aaabfqcc,8:3|11:1|17:1,False,recorded_during_training
8,0.2874588755028924,0.2874742835526334,0.0019070008864687793,0.999986299313787,3.768012174987234e-05,1.333327293395996,2.8260219329869673e-05,0.006633995499817472,True,True,last_layer,1600,train,8:6|37:4|40:2,10121,10417,mp-aaabqvan,mp-aaabraoy,8:3|37:2|40:1,False,recorded_during_training
9,0.33001828208216466,0.32987855573594516,0.0029606415279204157,0.9999672454043349,0.00013281367137096822,2.026646614074707,6.55337099465691e-05,0.00897114399008751,True,True,last_layer,1600,train,8:18|56:8|73:4,10582,16766,mp-aaabruec,mp-aaacpwra,8:9|56:4|73:2,False,recorded_during_training
10,0.1434457298446432,0.13853837892895626,0.007492346955928042,0.997975461045807,0.0007069002604112029,0.1721307337284088,0.004106763766699349,0.05223123033388668,True,True,last_layer,1600,train,59:1|68:3,11977,11981,mp-aaacdnzr,mp-aaacdoad,59:1|68:3,False,recorded_during_training
11,0.10178208757452012,0.1007571789573376,0.004084213253008784,0.9983939695081635,0.0003194869786966592,0.09805137664079666,0.003258363009701272,0.0401270336493984,True,True,last_layer,1600,train,62:3|69:1,12147,12167,mp-aaacdsei,mp-aaacdspp,62:3|69:1,False,recorded_during_training
12,0.2569476258940995,0.20964365345609792,0.07535364018063717,0.9695194878612279,0.03520157188177109,0.586344838142395,0.06003561316117925,0.29326459008301575,True,False,last_layer,1600,train,48:2|71:1,12799,13366,mp-aaacfkmg,mp-aaacilmc,48:2|71:1,False,recorded_during_training
13,0.3711048242627939,0.3697208345858485,0.0035056905947143946,0.9999292842775901,0.0001907279947772622,1.2508291006088257,0.00015248125797875,0.009446631694100203,True,True,last_layer,1600,train,15:1|20:3|83:1,12895,12903,mp-aaacfrja,mp-aaacfroo,15:1|20:3|83:1,False,recorded_during_training
14,0.3156082618079381,0.3068453149285233,0.01381863483129564,0.9985195078506158,0.0069708130322396755,2.3338234424591064,0.002986863918418207,0.04378413528257034,True,True,last_layer,1600,train,46:2|51:2|57:2,13082,13180,mp-aaacfzan,mp-aaacgikg,46:1|51:1|57:1,False,recorded_during_training
15,0.2423462098959135,0.22839974455553147,0.027085135560241724,0.9662885524494678,0.0383504182100296,0.575656533241272,0.06662031262651541,0.11176215865671948,True,False,last_layer,1600,train,19:3|31:1,15832,15834,mp-aaacpkso,mp-aaacpktf,19:3|31:1,False,recorded_during_training
0,0.2116293776424527,0.211278465128089,0.0015483414700838694,0.9997426431575215,0.00017395219765603542,0.33785775303840637,0.0005148681541023012,0.007316287971605663,True,True,last_layer,1700,train,15:16|48:8,423,3943,mp-aaaaabjd,mp-aaaaarxw,15:2|48:1,False,recorded_during_training
1,0.2833879719401011,0.2850908268933381,0.002405738841389393,0.9999871301608985,6.904681504238397e-05,1.2531861066818237,5.5097016057100715e-05,0.008489205892965306,True,True,last_layer,1700,train,8:3|60:2,1183,2658,mp-aaaaaech,mp-aaaaalty,8:3|60:2,False,recorded_during_training
2,0.16268929076613858,0.16162123917456483,0.002203307732997928,0.9986999681508495,0.0005749564152210951,0.2212611436843872,0.002598542182540773,0.013543040987037817,True,True,last_layer,1700,train,16:6|19:2|42:6,2704,14113,mp-aaaaamae,mp-aaackvdk,16:3|19:1|42:3,False,recorded_during_training
3,0.4171052366407366,0.41911204413635517,0.0027933863053846153,0.9999921481659267,0.00010011722042690963,2.3175158500671387,4.3200231154410107e-05,0.00669707800334003,True,True,last_layer,1700,train,8:3|68:2,4142,18148,mp-aaaaatio,mp-aaacrsyy,8:3|68:2,False,recorded_during_training
4,0.2721211942498485,0.2726326177116789,0.0011847588311866275,0.9999921270987253,1.2005688404315151e-05,0.6183542609214783,1.941555053962779e-05,0.004353791090960888,True,True,last_layer,1700,train,8:16|11:2|41:6,4399,9528,mp-aaaaavmx,mp-aaabjmwk,8:8|11:1|41:3,False,recorded_during_training
5,0.2394487393903546,0.2383217539609177,0.0017983075958909467,0.9999899929141443,7.404790812870488e-05,0.8398832082748413,8.816452978123313e-05,0.007510198635705933,True,True,last_layer,1700,train,28:2|83:2,5792,12620,mp-aaaabhvh,mp-aaacewhi,28:1|83:1,False,recorded_during_training
6,0.3213603106123628,0.3219099513028709,0.0011401229806438096,0.9999946968463899,1.0812255823111627e-05,0.8843270540237427,1.2226535164694098e-05,0.003547802709274419,True,True,last_layer,1700,train,8:8|23:2|83:2,5885,7789,mp-aaaabici,mp-aaabfbmg,8:4|23:1|83:1,False,recorded_during_training
7,0.7221765882568434,0.722511876456096,0.005322152422863269,0.999984744167975,0.0005594111862592399,15.503423690795898,3.608307412712666e-05,0.0073695997757413255,True,True,last_layer,1700,train,8:12|11:4|17:4,6004,8109,mp-aaaabini,mp-aaabfqcc,8:3|11:1|17:1,False,recorded_during_training
8,0.2874588755028924,0.2892601629998204,0.002220922304186246,0.9999945779849275,7.485981041099876e-05,1.333327293395996,5.6145112142968426e-05,0.007726052292874495,True,True,last_layer,1700,train,8:6|37:4|40:2,10121,10417,mp-aaabqvan,mp-aaabraoy,8:3|37:2|40:1,False,recorded_during_training
9,0.33001828208216466,0.33177847950742034,0.0021242116638404696,0.9999933063475063,0.00010112259769812226,2.026646614074707,4.989651229565306e-05,0.006436648450014065,True,True,last_layer,1700,train,8:18|56:8|73:4,10582,16766,mp-aaabruec,mp-aaacpwra,8:9|56:4|73:2,False,recorded_during_training
10,0.1434457298446432,0.13953848976700556,0.0058296521323484285,0.9983040155445915,0.000585668720304966,0.1721307337284088,0.0034024645548135835,0.04064012319266769,True,True,last_layer,1700,train,59:1|68:3,11977,11981,mp-aaacdnzr,mp-aaacdoad,59:1|68:3,False,recorded_during_training
11,0.10178208757452012,0.10111796497221803,0.002929971167077383,0.9986224967080427,0.0002699874166864902,0.09805137664079666,0.0027535300975484248,0.028786707336221556,True,True,last_layer,1700,train,62:3|69:1,12147,12167,mp-aaacdsei,mp-aaacdspp,62:3|69:1,False,recorded_during_training
12,0.2569476258940995,0.21175254876620642,0.0741594243730006,0.9707948792224752,0.03377709910273552,0.586344838142395,0.05760620185511497,0.2886168888112836,True,False,last_layer,1700,train,48:2|71:1,12799,13366,mp-aaacfkmg,mp-aaacilmc,48:2|71:1,False,recorded_during_training
13,0.3711048242627939,0.3697214258687609,0.003241172201875031,0.9999366875878238,0.0001764768094290048,1.2508291006088257,0.00014108786671425126,0.008733845506626531,True,True,last_layer,1700,train,15:1|20:3|83:1,12895,12903,mp-aaacfrja,mp-aaacfroo,15:1|20:3|83:1,False,recorded_during_training
14,0.3156082618079381,0.3074671856354598,0.013803482048615479,0.9987006129365721,0.006365942303091288,2.3338234424591064,0.002727688044980649,0.04373612392002438,True,True,last_layer,1700,train,46:2|51:2|57:2,13082,13180,mp-aaacfzan,mp-aaacgikg,46:1|51:1|57:1,False,recorded_during_training
15,0.2423462098959135,0.23227262073288557,0.027055878341627704,0.9663816511965174,0.038067422807216644,0.575656533241272,0.06612870802121452,0.11164143377050573,True,False,last_layer,1700,train,19:3|31:1,15832,15834,mp-aaacpkso,mp-aaacpktf,19:3|31:1,False,recorded_during_training
0,0.2116293776424527,0.21143912926800112,0.002381263587153626,0.9997116674378301,0.00019505586533341557,0.33785775303840637,0.0005773313282860861,0.011252046448753276,True,True,last_layer,1800,train,15:16|48:8,423,3943,mp-aaaaabjd,mp-aaaaarxw,15:2|48:1,False,recorded_during_training
1,0.2833879719401011,0.28404062921640616,0.0021665930109975307,0.9999842909205409,4.039147825096734e-05,1.2531861066818237,3.223102940226139e-05,0.007645324521590765,True,True,last_layer,1800,train,8:3|60:2,1183,2658,mp-aaaaaech,mp-aaaaalty,8:3|60:2,False,recorded_during_training
2,0.16268929076613858,0.16207217168994248,0.003294923109933734,0.998648885902521,0.0005978242843411863,0.2212611436843872,0.0027018945775401882,0.02025285803642783,True,True,last_layer,1800,train,16:6|19:2|42:6,2704,14113,mp-aaaaamae,mp-aaackvdk,16:3|19:1|42:3,False,recorded_during_training
3,0.4171052366407366,0.41774865862231536,0.0037256849957998384,0.9999742587125728,0.00012421581777743995,2.3175158500671387,5.3598691794855e-05,0.008932242198169441,True,True,last_layer,1800,train,8:3|68:2,4142,18148,mp-aaaaatio,mp-aaacrsyy,8:3|68:2,False,recorded_during_training
4,0.2721211942498485,0.27239297732353407,0.0021169357039525494,0.9999684882913189,3.920138260582462e-05,0.6183542609214783,6.339631677706286e-05,0.007779385614517338,True,True,last_layer,1800,train,8:16|11:2|41:6,4399,9528,mp-aaaaavmx,mp-aaabjmwk,8:8|11:1|41:3,False,recorded_during_training
5,0.2394487393903546,0.2386621407349594,0.0016083460650406778,0.9999915405135809,4.728599014924839e-05,0.8398832082748413,5.6300673335731985e-05,0.006716870045486924,True,True,last_layer,1800,train,28:2|83:2,5792,12620,mp-aaaabhvh,mp-aaacewhi,28:1|83:1,False,recorded_during_training
6,0.3213603106123628,0.32205837229651024,0.0022246766844773447,0.9999763837431301,4.195905785309151e-05,0.8843270540237427,4.74474434115469e-05,0.0069226865017591906,True,True,last_layer,1800,train,8:8|23:2|83:2,5885,7789,mp-aaaabici,mp-aaabfbmg,8:4|23:1|83:1,False,recorded_during_training
7,0.7221765882568434,0.7245814310211074,0.005075209430543737,0.9999887095985082,0.00035249494249001145,15.503423690795898,2.2736587061042608e-05,0.007027657103637275,True,True,last_layer,1800,train,8:12|11:4|17:4,6004,8109,mp-aaaabini,mp-aaabfqcc,8:3|11:1|17:1,False,recorded_during_training
8,0.2874588755028924,0.2875258967986234,0.0018833081401474772,0.9999835359856369,4.9219666834687814e-05,1.333327293395996,3.691491734885656e-05,0.006551574157704264,True,True,last_layer,1800,train,8:6|37:4|40:2,10121,10417,mp-aaabqvan,mp-aaabraoy,8:3|37:2|40:1,False,recorded_during_training
9,0.33001828208216466,0.33122538141799396,0.0021369100537640406,0.9999854546305383,7.360765448538586e-05,2.026646614074707,3.631992572074162e-05,0.0064751262877976385,True,True,last_layer,1800,train,8:18|56:8|73:4,10582,16766,mp-aaabruec,mp-aaacpwra,8:9|56:4|73:2,False,recorded_during_training
10,0.1434457298446432,0.138859102151784,0.0067544123241845,0.9982535005522241,0.0006063434411771595,0.1721307337284088,0.0035225751267281523,0.04708688318223043,True,True,last_layer,1800,train,59:1|68:3,11977,11981,mp-aaacdnzr,mp-aaacdoad,59:1|68:3,False,recorded_during_training
11,0.10178208757452012,0.1010742027649485,0.0035982019060156745,0.9985944102738714,0.0002762204094324261,0.09805137664079666,0.0028170987383923977,0.03535201519011131,True,True,last_layer,1800,train,62:3|69:1,12147,12167,mp-aaacdsei,mp-aaacdspp,62:3|69:1,False,recorded_during_training
12,0.2569476258940995,0.2405170831461021,0.025877964172963175,0.9903503322926037,0.011299846693873405,0.586344838142395,0.019271674207404235,0.10071299192944765,True,False,last_layer,1800,train,48:2|71:1,12799,13366,mp-aaacfkmg,mp-aaacilmc,48:2|71:1,False,recorded_during_training
13,0.3711048242627939,0.3735725243161596,0.0051178726405041175,0.999928574540191,0.0002904827706515789,1.2508291006088257,0.00023223218144684192,0.01379090840619186,True,True,last_layer,1800,train,15:1|20:3|83:1,12895,12903,mp-aaacfrja,mp-aaacfroo,15:1|20:3|83:1,False,recorded_during_training
14,0.3156082618079381,0.31068296165949505,0.008994957615414023,0.9990340316270014,0.004598535597324371,2.3338234424591064,0.001970387096840102,0.02850038704274434,True,True,last_layer,1800,train,46:2|51:2|57:2,13082,13180,mp-aaacfzan,mp-aaacgikg,46:1|51:1|57:1,False,recorded_during_training
15,0.2423462098959135,0.23194115168780627,0.027023652936804865,0.9663824026802214,0.038054291158914566,0.575656533241272,0.06610589641821205,0.11150846117383635,True,False,last_layer,1800,train,19:3|31:1,15832,15834,mp-aaacpkso,mp-aaacpktf,19:3|31:1,False,recorded_during_training
0,0.2116293776424527,0.21186241917166626,0.0013038819075745778,0.9998903266778009,7.490102871088311e-05,0.33785775303840637,0.00022169397634740277,0.00616115740687705,True,True,last_layer,1900,train,15:16|48:8,423,3943,mp-aaaaabjd,mp-aaaaarxw,15:2|48:1,False,recorded_during_training
1,0.2833879719401011,0.28404994863308275,0.001238867043184655,0.999995809449402,1.1325992090860382e-05,1.2531861066818237,9.037757465129624e-06,0.004371628882846554,True,True,last_layer,1900,train,8:3|60:2,1183,2658,mp-aaaaaech,mp-aaaaalty,8:3|60:2,False,recorded_during_training
2,0.16268929076613858,0.1621250484167831,0.0021567475487245247,0.9987970396737026,0.0005327190738171339,0.2212611436843872,0.002407648559283498,0.013256850150172394,True,True,last_layer,1900,train,16:6|19:2|42:6,2704,14113,mp-aaaaamae,mp-aaackvdk,16:3|19:1|42:3,False,recorded_during_training
3,0.4171052366407366,0.41766995067303014,0.0010246331570442635,0.9999978247502397,1.0136205673916265e-05,2.3175158500671387,4.373737367803814e-06,0.0024565339080765513,True,True,last_layer,1900,train,8:3|68:2,4142,18148,mp-aaaaatio,mp-aaacrsyy,8:3|68:2,False,recorded_during_training
4,0.2721211942498485,0.2723419922525636,0.0007163520125459399,0.9999969076361497,3.830638888757676e-06,0.6183542609214783,6.194893656993995e-06,0.00263247416108361,True,True,last_layer,1900,train,8:16|11:2|41:6,4399,9528,mp-aaaaavmx,mp-aaabjmwk,8:8|11:1|41:3,False,recorded_during_training
5,0.2394487393903546,0.2396169996500248,0.0004982630052836612,0.9999991841218664,2.874155597965e-06,0.8398832082748413,3.422089606802174e-06,0.0020808754581555003,True,True,last_layer,1900,train,28:2|83:2,5792,12620,mp-aaaabhvh,mp-aaacewhi,28:1|83:1,False,recorded_during_training
6,0.3213603106123628,0.3216123530614823,0.0005876371756130538,0.9999984367195754,2.803718416544143e-06,0.8843270540237427,3.170454193148396e-06,0.0018285928791059842,True,True,last_layer,1900,train,8:8|23:2|83:2,5885,7789,mp-aaaabici,mp-aaabfbmg,8:4|23:1|83:1,False,recorded_during_training
7,0.7221765882568434,0.7239314347418713,0.002105140246612791,0.9999977583305371,6.970678805373609e-05,15.503423690795898,4.496218992913143e-06,0.0029149937575435416,True,True,last_layer,1900,train,8:12|11:4|17:4,6004,8109,mp-aaaabini,mp-aaabfqcc,8:3|11:1|17:1,False,recorded_during_training
8,0.2874588755028924,0.2879837241190941,0.0010313347550763297,0.9999971744841859,8.545091077394318e-06,1.333327293395996,6.408847339822991e-06,0.003587764522045354,True,True,last_layer,1900,train,8:6|37:4|40:2,10121,10417,mp-aaabqvan,mp-aaabraoy,8:3|37:2|40:1,False,recorded_during_training
9,0.33001828208216466,0.33055835111076703,0.0008849686571466009,0.9999983124224538,6.930205017852131e-06,2.026646614074707,3.419542889087356e-06,0.0026815746435716256,True,True,last_layer,1900,train,8:18|56:8|73:4,10582,16766,mp-aaabruec,mp-aaacpwra,8:9|56:4|73:2,False,recorded_during_training
10,0.1434457298446432,0.13933905547382608,0.005259091419631545,0.9984110862168505,0.0005465770373120904,0.1721307337284088,0.0031753599457403706,0.03666258608971718,True,True,last_layer,1900,train,59:1|68:3,11977,11981,mp-aaacdnzr,mp-aaacdoad,59:1|68:3,False,recorded_during_training
11,0.10178208757452012,0.10100566229448305,0.0025720415258092544,0.9988260004051455,0.0002302113571204245,0.09805137664079666,0.0023478646094259883,0.025270080297047602,True,True,last_layer,1900,train,62:3|69:1,12147,12167,mp-aaacdsei,mp-aaacdspp,62:3|69:1,False,recorded_during_training
12,0.2569476258940995,0.24643960189982295,0.012565329403997794,0.9971336325036901,0.0033567207865417004,0.586344838142395,0.005724823633096458,0.04890229812505282,True,True,last_layer,1900,train,48:2|71:1,12799,13366,mp-aaacfkmg,mp-aaacilmc,48:2|71:1,False,recorded_during_training
13,0.3711048242627939,0.37089012586034187,0.0020359682323132233,0.9999571209436972,0.00010800282325362787,1.2508291006088257,8.634498765743363e-05,0.005486234883520335,True,True,last_layer,1900,train,15:1|20:3|83:1,12895,12903,mp-aaacfrja,mp-aaacfroo,15:1|20:3|83:1,False,recorded_during_training
14,0.3156082618079381,0.31301211035315646,0.00389342628295708,0.9997081696883321,0.0013625032734125853,2.3338234424591064,0.000583807347473098,0.012336262240582301,True,True,last_layer,1900,train,46:2|51:2|57:2,13082,13180,mp-aaacfzan,mp-aaacgikg,46:1|51:1|57:1,False,recorded_during_training
15,0.2423462098959135,0.2325631710041307,0.0269531474100404,0.9664796710605442,0.037951208651065826,0.575656533241272,0.06592682695248685,0.11121753223050877,True,False,last_layer,1900,train,19:3|31:1,15832,15834,mp-aaacpkso,mp-aaacpktf,19:3|31:1,False,recorded_during_training
0,0.2116293776424527,0.21201305905287882,0.002960175859584524,0.999893937061175,7.276875112438574e-05,0.33785775303840637,0.00021538280672846858,0.013987546968009959,True,True,last_layer,2000,train,15:16|48:8,423,3943,mp-aaaaabjd,mp-aaaaarxw,15:2|48:1,False,recorded_during_training
1,0.2833879719401011,0.2825393215209715,0.0026683593935104,0.9999856067045273,8.01107962615788e-05,1.2531861066818237,6.392569773510778e-05,0.009415923249115185,True,True,last_layer,2000,train,8:3|60:2,1183,2658,mp-aaaaaech,mp-aaaaalty,8:3|60:2,False,recorded_during_training
2,0.16268929076613858,0.16107272024964914,0.003922862582840025,0.9997706746140594,0.00011603014718275517,0.2212611436843872,0.0005244036311602171,0.024112604857802433,True,True,last_layer,2000,train,16:6|19:2|42:6,2704,14113,mp-aaaaamae,mp-aaackvdk,16:3|19:1|42:3,False,recorded_during_training
3,0.4171052366407366,0.41620160580117727,0.0027890527296108303,0.9999901145185865,9.14603442652151e-05,2.3175158500671387,3.94648193075208e-05,0.006686688357291262,True,True,last_layer,2000,train,8:3|68:2,4142,18148,mp-aaaaatio,mp-aaacrsyy,8:3|68:2,False,recorded_during_training
4,0.2721211942498485,0.27234210022572825,0.0022101305413571026,0.9999651153345649,4.31414955528453e-05,0.6183542609214783,6.976825143657192e-05,0.00812186109740452,True,True,last_layer,2000,train,8:16|11:2|41:6,4399,9528,mp-aaaaavmx,mp-aaabjmwk,8:8|11:1|41:3,False,recorded_during_training
5,0.2394487393903546,0.23876809593639337,0.0016328277706634253,0.9999903933557633,3.9137143176048994e-05,0.8398832082748413,4.659831604020098e-05,0.006819111993743068,True,True,last_layer,2000,train,28:2|83:2,5792,12620,mp-aaaabhvh,mp-aaacewhi,28:1|83:1,False,recorded_during_training
6,0.3213603106123628,0.32077433774520614,0.0021221675151537056,0.9999810630338385,3.795911106863059e-05,0.8843270540237427,4.292429016608086e-05,0.006603701344169865,True,True,last_layer,2000,train,8:8|23:2|83:2,5885,7789,mp-aaaabici,mp-aaabfbmg,8:4|23:1|83:1,False,recorded_during_training
7,0.7221765882568434,0.7210623295349734,0.005370982743400532,0.9999894645476087,0.0007713449886068702,15.503423690795898,4.975320316278292e-05,0.007437215261110531,True,True,last_layer,2000,train,8:12|11:4|17:4,6004,8109,mp-aaaabini,mp-aaabfqcc,8:3|11:1|17:1,False,recorded_during_training
8,0.2874588755028924,0.2870651466787848,0.0026128816459305426,0.9999778666516836,8.644803892821074e-05,1.333327293395996,6.483632290165369e-05,0.009089584175682381,True,True,last_layer,2000,train,8:6|37:4|40:2,10121,10417,mp-aaabqvan,mp-aaabraoy,8:3|37:2|40:1,False,recorded_during_training
9,0.33001828208216466,0.3293514690652728,0.002867216395657124,0.9999853018654653,0.00011459526285761967,2.026646614074707,5.65442746958328e-05,0.008688053211983186,True,True,last_layer,2000,train,8:18|56:8|73:4,10582,16766,mp-aaabruec,mp-aaacpwra,8:9|56:4|73:2,False,recorded_during_training
10,0.1434457298446432,0.13840346641511303,0.006763288440296833,0.9983337060884235,0.0005906781880185008,0.1721307337284088,0.003431567246732848,0.047148761051456274,True,True,last_layer,2000,train,59:1|68:3,11977,11981,mp-aaacdnzr,mp-aaacdoad,59:1|68:3,False,recorded_during_training
11,0.10178208757452012,0.10116723512078352,0.003782144982551472,0.9987051311023669,0.00025608274154365063,0.09805137664079666,0.0026117200014619804,0.037159239633224865,True,True,last_layer,2000,train,62:3|69:1,12147,12167,mp-aaacdsei,mp-aaacdspp,62:3|69:1,False,recorded_during_training
12,0.2569476258940995,0.2464939737077998,0.013424496679988351,0.9971956479185534,0.003284354228526354,0.586344838142395,0.00560140384100856,0.0522460428784862,True,True,last_layer,2000,train,48:2|71:1,12799,13366,mp-aaacfkmg,mp-aaacilmc,48:2|71:1,False,recorded_during_training
13,0.3711048242627939,0.3719804254644714,0.003566771425731474,0.999948888054679,0.00013167926226742566,1.2508291006088257,0.00010527358389993676,0.009611223548001369,True,True,last_layer,2000,train,15:1|20:3|83:1,12895,12903,mp-aaacfrja,mp-aaacfroo,15:1|20:3|83:1,False,recorded_during_training
14,0.3156082618079381,0.31453615834743687,0.005123738769725605,0.9998366902143755,0.0007691605133004487,2.3338234424591064,0.0003295709946635888,0.016234488730981423,True,True,last_layer,2000,train,46:2|51:2|57:2,13082,13180,mp-aaacfzan,mp-aaacgikg,46:1|51:1|57:1,False,recorded_during_training
15,0.2423462098959135,0.24275438861786824,0.01249515681683988,0.9990818787276211,0.001056925393640995,0.575656533241272,0.0018360347405247137,0.051559117933829,True,True,last_layer,2000,train,19:3|31:1,15832,15834,mp-aaacpkso,mp-aaacpktf,19:3|31:1,False,recorded_during_training
