pair_index,target_tv,predicted_tv,contrast_error_tv,contrast_cosine,contrast_mse,zero_mse,mse_ratio,tv_ratio,informative,passed,arm,step,split,group,sample_index_a,sample_index_b,mpid_a,mpid_b,reduced_group,primary_valid,measurement_source
0,0.2116293776424527,0.0001042343792505,0.211621338058535,0.1015597034960145,0.3378286957740783,0.3378577530384063,0.999913995567464,0.9999620110213088,True,False,frozen,0,train,15:16|48:8,423,3943,mp-aaaaabjd,mp-aaaaarxw,15:2|48:1,False,recorded_during_training
1,0.2833879719401011,0.0140790826244483,0.2858152750250156,-0.2768456348490696,1.2828105688095093,1.2531861066818235,1.023639315796538,1.0085653003135486,True,False,frozen,0,train,8:3|60:2,1183,2658,mp-aaaaaech,mp-aaaaalty,8:3|60:2,False,recorded_during_training
2,0.1626892907661385,0.0045088253682479,0.1627728242310695,0.1035993752303814,0.2203034162521362,0.2212611436843872,0.9956715064547568,1.0005134539866611,True,False,frozen,0,train,16:6|19:2|42:6,2704,14113,mp-aaaaamae,mp-aaackvdk,16:3|19:1|42:3,False,recorded_during_training
3,0.4171052366407366,0.035460198660985,0.419267959058061,0.0287604303108414,2.3210220336914062,2.3175158500671387,1.001512905995515,1.0051850761566612,True,False,frozen,0,train,8:3|68:2,4142,18148,mp-aaaaatio,mp-aaacrsyy,8:3|68:2,False,recorded_during_training
4,0.2721211942498485,0.0141143432538228,0.2679511940441443,0.3484648053046297,0.6003556847572327,0.6183542609214783,0.970892775708501,0.9846759447855596,True,False,frozen,0,train,8:16|11:2|41:6,4399,9528,mp-aaaaavmx,mp-aaabjmwk,8:8|11:1|41:3,False,recorded_during_training
5,0.2394487393903546,0.0018268226413056,0.2399597747134976,-0.2646048575156093,0.8425261974334717,0.8398832082748413,1.003146853196481,1.002134215968078,True,False,frozen,0,train,28:2|83:2,5792,12620,mp-aaaabhvh,mp-aaacewhi,28:1|83:1,False,recorded_during_training
6,0.3213603106123628,0.0026000212974395,0.3209896561756977,0.2093739225560223,0.8814976215362549,0.8843270540237427,0.9968004682491464,0.998846607921312,True,False,frozen,0,train,8:8|23:2|83:2,5885,7789,mp-aaaabici,mp-aaabfbmg,8:4|23:1|83:1,False,recorded_during_training
7,0.7221765882568434,0.0111576400886406,0.7262400262479787,0.070866132677921,15.486669540405272,15.503423690795898,0.9989193257744372,1.0056266542798673,True,False,frozen,0,train,8:12|11:4|17:4,6004,8109,mp-aaaabini,mp-aaabfqcc,8:3|11:1|17:1,False,recorded_during_training
8,0.2874588755028924,0.022453073175825,0.2937166388646517,0.0151666604992109,1.3380248546600342,1.333327293395996,1.0035231869078998,1.021769247342987,True,False,frozen,0,train,8:6|37:4|40:2,10121,10417,mp-aaabqvan,mp-aaabraoy,8:3|37:2|40:1,False,recorded_during_training
9,0.3300182820821646,0.0082573830477485,0.3337078957738413,-0.1238168221420062,2.036417961120605,2.026646614074707,1.0048214360500929,1.0111800281741907,True,False,frozen,0,train,8:18|56:8|73:4,10582,16766,mp-aaabruec,mp-aaacpwra,8:9|56:4|73:2,False,recorded_during_training
10,0.1434457298446432,0.0018211868482467,0.1435313454812785,-0.0018293653218293,0.1721574962139129,0.1721307337284088,1.000155477670515,1.000596850367927,True,False,frozen,0,train,59:1|68:3,11977,11981,mp-aaacdnzr,mp-aaacdoad,59:1|68:3,False,recorded_during_training
11,0.1017820875745201,0.0019801995003945,0.1017193340771882,0.0089909539097467,0.098049595952034,0.0980513766407966,0.9999818392273144,0.9993834524440666,True,False,frozen,0,train,62:3|69:1,12147,12167,mp-aaacdsei,mp-aaacdspp,62:3|69:1,False,recorded_during_training
12,0.2569476258940995,0.0011488450109027,0.2571577660855837,-0.0910898777817465,0.5867340564727783,0.586344838142395,1.0006638044799991,1.0008178327811086,True,False,frozen,0,train,48:2|71:1,12799,13366,mp-aaacfkmg,mp-aaacilmc,48:2|71:1,False,recorded_during_training
13,0.3711048242627939,0.0025005471316035,0.370542737946117,0.2893366615419595,1.2462341785430908,1.2508291006088257,0.9963264989090048,0.9984853704939204,True,False,frozen,0,train,15:1|20:3|83:1,12895,12903,mp-aaacfrja,mp-aaacfroo,15:1|20:3|83:1,False,recorded_during_training
14,0.3156082618079381,0.0019042966705455,0.3155998165275377,-0.0015840048782683,2.3338770866394043,2.3338234424591064,1.0000229855349474,0.9999732412568924,True,False,frozen,0,train,46:2|51:2|57:2,13082,13180,mp-aaacfzan,mp-aaacgikg,46:1|51:1|57:1,False,recorded_during_training
15,0.2423462098959135,0.0066833390810643,0.2444697249666205,-0.2244479126132788,0.5832269787788391,0.575656533241272,1.01315097649451,1.0087623201188871,True,False,frozen,0,train,19:3|31:1,15832,15834,mp-aaacpkso,mp-aaacpktf,19:3|31:1,False,recorded_during_training
0,0.2116293776424527,0.0002841356617864,0.2116156011987868,0.0499001009314563,0.3378135561943054,0.3378577530384063,0.9998691850528708,0.9999349029713204,True,False,frozen,100,train,15:16|48:8,423,3943,mp-aaaaabjd,mp-aaaaarxw,15:2|48:1,False,recorded_during_training
1,0.2833879719401011,0.2086178819319215,0.1007645033406774,0.9164170536809488,0.2040828466415405,1.2531861066818235,0.162851188305869,0.3555708545102815,True,False,frozen,100,train,8:3|60:2,1183,2658,mp-aaaaaech,mp-aaaaalty,8:3|60:2,False,recorded_during_training
2,0.1626892907661385,0.0139182224520482,0.1613003025995567,0.2280444154000896,0.2143853604793548,0.2212611436843872,0.968924578936281,0.9914623257619428,True,False,frozen,100,train,16:6|19:2|42:6,2704,14113,mp-aaaaamae,mp-aaackvdk,16:3|19:1|42:3,False,recorded_during_training
3,0.4171052366407366,0.3299795560728498,0.1359172283418601,0.9542055398407112,0.207948163151741,2.3175158500671387,0.0897289065555762,0.3258583599585184,True,False,frozen,100,train,8:3|68:2,4142,18148,mp-aaaaatio,mp-aaacrsyy,8:3|68:2,False,recorded_during_training
4,0.2721211942498485,0.224218426020812,0.1167193395008467,0.8949350376017002,0.1235296353697776,0.6183542609214783,0.1997716247409575,0.4289241042859776,True,False,frozen,100,train,8:16|11:2|41:6,4399,9528,mp-aaaaavmx,mp-aaabjmwk,8:8|11:1|41:3,False,recorded_during_training
5,0.2394487393903546,0.0224558079507914,0.2223899543760126,0.7181744658327885,0.6740479469299316,0.8398832082748413,0.802549616766904,0.9287580922005508,True,False,frozen,100,train,28:2|83:2,5792,12620,mp-aaaabhvh,mp-aaacewhi,28:1|83:1,False,recorded_during_training
6,0.3213603106123628,0.2258161914051584,0.1599866600755035,0.8475098887172948,0.2508397400379181,0.8843270540237427,0.283650419713591,0.4978420009945958,True,False,frozen,100,train,8:8|23:2|83:2,5885,7789,mp-aaaabici,mp-aaabfbmg,8:4|23:1|83:1,False,recorded_during_training
7,0.7221765882568434,0.5976608966038839,0.2471914193038173,0.937526439462532,1.8980075120925903,15.503423690795898,0.1224250559068061,0.3422866696641006,True,False,frozen,100,train,8:12|11:4|17:4,6004,8109,mp-aaaabini,mp-aaabfqcc,8:3|11:1|17:1,False,recorded_during_training
8,0.2874588755028924,0.2520101179709897,0.0555430586903966,0.9714573718439544,0.0768166407942771,1.333327293395996,0.0576127415787196,0.1932208862684352,True,False,frozen,100,train,8:6|37:4|40:2,10121,10417,mp-aaabqvan,mp-aaabraoy,8:3|37:2|40:1,False,recorded_during_training
9,0.3300182820821646,0.121620401408677,0.2224188746243953,0.7575655383273796,0.8826099038124084,2.026646614074707,0.4355026168266518,0.6739592522605149,True,False,frozen,100,train,8:18|56:8|73:4,10582,16766,mp-aaabruec,mp-aaacpwra,8:9|56:4|73:2,False,recorded_during_training
10,0.1434457298446432,0.0027309073570904,0.1433438960198145,0.0740159352870478,0.1717052459716797,0.1721307337284088,0.9975281128040708,0.9992900881403796,True,False,frozen,100,train,59:1|68:3,11977,11981,mp-aaacdnzr,mp-aaacdoad,59:1|68:3,False,recorded_during_training
11,0.1017820875745201,0.0030218714373404,0.1016620570831037,0.0300075880202967,0.0979630947113037,0.0980513766407966,0.9990996360018852,0.9988207110477222,True,False,frozen,100,train,62:3|69:1,12147,12167,mp-aaacdsei,mp-aaacdspp,62:3|69:1,False,recorded_during_training
12,0.2569476258940995,0.0043203378736507,0.2555875690595712,0.4067365789110714,0.5787926316261292,0.586344838142395,0.9871198550324208,0.9947068713719552,True,False,frozen,100,train,48:2|71:1,12799,13366,mp-aaacfkmg,mp-aaacilmc,48:2|71:1,False,recorded_during_training
13,0.3711048242627939,0.2358387800066452,0.1788762377173256,0.8410234628314922,0.3665440082550049,1.2508291006088257,0.293040838334025,0.4820100037035798,True,False,frozen,100,train,15:1|20:3|83:1,12895,12903,mp-aaacfrja,mp-aaacfroo,15:1|20:3|83:1,False,recorded_during_training
14,0.3156082618079381,0.1746438833019965,0.2025338459593513,0.8975308244067891,0.480401873588562,2.3338234424591064,0.2058432805364108,0.6417254250543108,True,False,frozen,100,train,46:2|51:2|57:2,13082,13180,mp-aaacfzan,mp-aaacgikg,46:1|51:1|57:1,False,recorded_during_training
15,0.2423462098959135,0.0836412543776532,0.1736205100296501,0.5869490150847403,0.378203272819519,0.575656533241272,0.6569946677926517,0.71641520659316,True,False,frozen,100,train,19:3|31:1,15832,15834,mp-aaacpkso,mp-aaacpktf,19:3|31:1,False,recorded_during_training
0,0.2116293776424527,0.0003208535272278,0.2116109459319659,0.0299984071986904,0.337822675704956,0.3378577530384063,0.999896177213236,0.9999129057095376,True,False,frozen,200,train,15:16|48:8,423,3943,mp-aaaaabjd,mp-aaaaarxw,15:2|48:1,False,recorded_during_training
1,0.2833879719401011,0.2254402798874188,0.0789081883612645,0.9745850609145044,0.0728418976068496,1.2531861066818235,0.0581253631990222,0.2784457922509963,True,False,frozen,200,train,8:3|60:2,1183,2658,mp-aaaaaech,mp-aaaaalty,8:3|60:2,False,recorded_during_training
2,0.1626892907661385,0.0398532594772405,0.1470324808251462,0.4352303488595717,0.1810685992240905,0.2212611436843872,0.8183479313583033,0.9037625041742998,True,False,frozen,200,train,16:6|19:2|42:6,2704,14113,mp-aaaaamae,mp-aaackvdk,16:3|19:1|42:3,False,recorded_during_training
3,0.4171052366407366,0.3451498971180111,0.1138053595568973,0.9631995196355688,0.167445957660675,2.3175158500671387,0.0722523462593898,0.2728456743277974,True,False,frozen,200,train,8:3|68:2,4142,18148,mp-aaaaatio,mp-aaacrsyy,8:3|68:2,False,recorded_during_training
4,0.2721211942498485,0.2196385726934195,0.0813937439732299,0.9541586729488076,0.0578529722988605,0.6183542609214783,0.0935595918958291,0.2991084329083833,True,False,frozen,200,train,8:16|11:2|41:6,4399,9528,mp-aaaaavmx,mp-aaabjmwk,8:8|11:1|41:3,False,recorded_during_training
5,0.2394487393903546,0.1424844817522057,0.1143106129334796,0.9367462519754248,0.1029044091701507,0.8398832082748413,0.1225222842370204,0.477390748535652,True,False,frozen,200,train,28:2|83:2,5792,12620,mp-aaaabhvh,mp-aaacewhi,28:1|83:1,False,recorded_during_training
6,0.3213603106123628,0.2000470350658787,0.1392446385034844,0.9149161010576088,0.1829336285591125,0.8843270540237427,0.2068619609981999,0.433297560106751,True,False,frozen,200,train,8:8|23:2|83:2,5885,7789,mp-aaaabici,mp-aaabfbmg,8:4|23:1|83:1,False,recorded_during_training
7,0.7221765882568434,0.7042806117723046,0.0752173537665328,0.989044253071787,0.3396223187446594,15.503423690795898,0.0219062786077559,0.1041536862169528,True,False,frozen,200,train,8:12|11:4|17:4,6004,8109,mp-aaaabini,mp-aaabfqcc,8:3|11:1|17:1,False,recorded_during_training
8,0.2874588755028924,0.2546631641054357,0.0398883425013405,0.9913333383101136,0.030394323170185,1.333327293395996,0.0227958456417482,0.1387619096177087,True,False,frozen,200,train,8:6|37:4|40:2,10121,10417,mp-aaabqvan,mp-aaabraoy,8:3|37:2|40:1,False,recorded_during_training
9,0.3300182820821646,0.2079238425945426,0.13798501609023,0.9074526111209904,0.3829666972160339,2.026646614074707,0.1889657005599284,0.4181132488165486,True,False,frozen,200,train,8:18|56:8|73:4,10582,16766,mp-aaabruec,mp-aaacpwra,8:9|56:4|73:2,False,recorded_during_training
10,0.1434457298446432,0.0041204052848797,0.1423753512671055,0.2848955609600036,0.1685357093811035,0.1721307337284088,0.979114570248811,0.9925380938233788,True,False,frozen,200,train,59:1|68:3,11977,11981,mp-aaacdnzr,mp-aaacdoad,59:1|68:3,False,recorded_during_training
11,0.1017820875745201,0.0022520454604091,0.1016441777715044,0.0825415181488744,0.097654215991497,0.0980513766407966,0.9959494638126848,0.998645048394054,True,False,frozen,200,train,62:3|69:1,12147,12167,mp-aaacdsei,mp-aaacdspp,62:3|69:1,False,recorded_during_training
12,0.2569476258940995,0.092911752560667,0.1878997021690338,0.6956634913049732,0.3044226765632629,0.586344838142395,0.5191871007643002,0.7312762728015101,True,False,frozen,200,train,48:2|71:1,12799,13366,mp-aaacfkmg,mp-aaacilmc,48:2|71:1,False,recorded_during_training
13,0.3711048242627939,0.25843027216861,0.1392994935438665,0.8862827830502062,0.2683271169662475,1.2508291006088257,0.2145194070362151,0.375364275634485,True,False,frozen,200,train,15:1|20:3|83:1,12895,12903,mp-aaacfrja,mp-aaacfroo,15:1|20:3|83:1,False,recorded_during_training
14,0.3156082618079381,0.155613688253311,0.1635005605752439,0.9411632951992898,0.281535804271698,2.3338234424591064,0.1206328632876568,0.5180490511833986,True,False,frozen,200,train,46:2|51:2|57:2,13082,13180,mp-aaacfzan,mp-aaacgikg,46:1|51:1|57:1,False,recorded_during_training
15,0.2423462098959135,0.1200308499740003,0.1426292190428739,0.6877774200420091,0.3038972020149231,0.575656533241272,0.5279141023620628,0.588534968647261,True,False,frozen,200,train,19:3|31:1,15832,15834,mp-aaacpkso,mp-aaacpktf,19:3|31:1,False,recorded_during_training
0,0.2116293776424527,0.000373205228243,0.2116035713050905,0.0628639968868342,0.3377706408500671,0.3378577530384063,0.9997421631217404,0.9998780588137164,True,False,frozen,300,train,15:16|48:8,423,3943,mp-aaaaabjd,mp-aaaaarxw,15:2|48:1,False,recorded_during_training
1,0.2833879719401011,0.2698634587694046,0.0633431669463577,0.9875585145003646,0.0385065823793411,1.2531861066818235,0.0307269464399813,0.2235210143631164,True,False,frozen,300,train,8:3|60:2,1183,2658,mp-aaaaaech,mp-aaaaalty,8:3|60:2,False,recorded_during_training
2,0.1626892907661385,0.0720727224324946,0.1076098906996776,0.6488405222449786,0.1282896250486374,0.2212611436843872,0.5798109099157199,0.6614442179501779,True,False,frozen,300,train,16:6|19:2|42:6,2704,14113,mp-aaaaamae,mp-aaackvdk,16:3|19:1|42:3,False,recorded_during_training
3,0.4171052366407366,0.3566773429216505,0.114728604379203,0.965162089041762,0.1608542203903198,2.3175158500671387,0.0694080346357328,0.2750591320866626,True,False,frozen,300,train,8:3|68:2,4142,18148,mp-aaaaatio,mp-aaacrsyy,8:3|68:2,False,recorded_during_training
4,0.2721211942498485,0.24875097796982,0.0548387325547707,0.976716934173332,0.0286081992089748,0.6183542609214783,0.0462650636001805,0.2015231952290365,True,False,frozen,300,train,8:16|11:2|41:6,4399,9528,mp-aaaaavmx,mp-aaabjmwk,8:8|11:1|41:3,False,recorded_during_training
5,0.2394487393903546,0.1358723094680058,0.1114930138466334,0.9397494468870584,0.0990456044673919,0.8398832082748413,0.1179278303120694,0.4656237244367994,True,False,frozen,300,train,28:2|83:2,5792,12620,mp-aaaabhvh,mp-aaacewhi,28:1|83:1,False,recorded_during_training
6,0.3213603106123628,0.1711924183201603,0.1700885356241173,0.9007729134257018,0.2657647728919983,0.8843270540237427,0.3005276969450976,0.5292767339563741,True,False,frozen,300,train,8:8|23:2|83:2,5885,7789,mp-aaaabici,mp-aaabfbmg,8:4|23:1|83:1,False,recorded_during_training
7,0.7221765882568434,0.7198724639100647,0.022704914656856,0.999647381558384,0.0119969509541988,15.503423690795898,0.0007738259105516,0.0314395606643247,True,True,frozen,300,train,8:12|11:4|17:4,6004,8109,mp-aaaabini,mp-aaabfqcc,8:3|11:1|17:1,False,recorded_during_training
8,0.2874588755028924,0.2824093902423503,0.0298415182316955,0.9937924675818286,0.0178851094096899,1.333327293395996,0.0134138928215714,0.1038114345208147,True,False,frozen,300,train,8:6|37:4|40:2,10121,10417,mp-aaabqvan,mp-aaabraoy,8:3|37:2|40:1,False,recorded_during_training
9,0.3300182820821646,0.2930433432927524,0.1003036026669272,0.9530793273079508,0.2244213372468948,2.026646614074707,0.1107353081135743,0.3039334731218154,True,False,frozen,300,train,8:18|56:8|73:4,10582,16766,mp-aaabruec,mp-aaacpwra,8:9|56:4|73:2,False,recorded_during_training
10,0.1434457298446432,0.0271558035879664,0.1219490605929607,0.5183911820364056,0.1267518252134323,0.1721307337284088,0.736369516750122,0.8501407516629172,True,False,frozen,300,train,59:1|68:3,11977,11981,mp-aaacdnzr,mp-aaacdoad,59:1|68:3,False,recorded_during_training
11,0.1017820875745201,0.0125973363394962,0.0942935516622753,0.3655250295568883,0.0853761956095695,0.0980513766407966,0.8707291884573776,0.9264257975966352,True,False,frozen,300,train,62:3|69:1,12147,12167,mp-aaacdsei,mp-aaacdspp,62:3|69:1,False,recorded_during_training
12,0.2569476258940995,0.1377225110244921,0.1392520254299256,0.8301941815043755,0.1825334727764129,0.586344838142395,0.3113073756301822,0.5419471183879244,True,False,frozen,300,train,48:2|71:1,12799,13366,mp-aaacfkmg,mp-aaacilmc,48:2|71:1,False,recorded_during_training
13,0.3711048242627939,0.2777027261871048,0.1099184136803153,0.91517349213386,0.2032888233661651,1.2508291006088257,0.1625232601857574,0.2961923599313755,True,False,frozen,300,train,15:1|20:3|83:1,12895,12903,mp-aaacfrja,mp-aaacfroo,15:1|20:3|83:1,False,recorded_during_training
14,0.3156082618079381,0.1735425473905962,0.1527105391721335,0.9444348892066876,0.2527244687080383,2.3338234424591064,0.108287741099107,0.4838610317022206,True,False,frozen,300,train,46:2|51:2|57:2,13082,13180,mp-aaacfzan,mp-aaacgikg,46:1|51:1|57:1,False,recorded_during_training
15,0.2423462098959135,0.1717858973764237,0.0920129243980341,0.9046736269490774,0.1067456603050232,0.575656533241272,0.1854328998995021,0.3796755246865763,True,False,frozen,300,train,19:3|31:1,15832,15834,mp-aaacpkso,mp-aaacpktf,19:3|31:1,False,recorded_during_training
0,0.2116293776424527,0.0004416523042891,0.2115277718811512,0.1711112511066389,0.3375244438648224,0.3378577530384063,0.9990134630015548,0.9995198882006204,True,False,frozen,400,train,15:16|48:8,423,3943,mp-aaaaabjd,mp-aaaaarxw,15:2|48:1,False,recorded_during_training
1,0.2833879719401011,0.2572253253227083,0.042165410313161,0.993349375472692,0.0166315212845802,1.2531861066818235,0.0132713897767483,0.1487904021631284,True,False,frozen,400,train,8:3|60:2,1183,2658,mp-aaaaaech,mp-aaaaalty,8:3|60:2,False,recorded_during_training
2,0.1626892907661385,0.0897628171442193,0.0832454498813604,0.7601377933997084,0.0939925983548164,0.2212611436843872,0.4248039072277868,0.5116836485630972,True,False,frozen,400,train,16:6|19:2|42:6,2704,14113,mp-aaaaamae,mp-aaackvdk,16:3|19:1|42:3,False,recorded_during_training
3,0.4171052366407366,0.3499894354782435,0.1049917874111878,0.9690460080495208,0.1413878351449966,2.3175158500671387,0.0610083573499187,0.2517153422881141,True,False,frozen,400,train,8:3|68:2,4142,18148,mp-aaaaatio,mp-aaacrsyy,8:3|68:2,False,recorded_during_training
4,0.2721211942498485,0.2662417607054692,0.0165682770868613,0.994784741035746,0.006449282169342,0.6183542609214783,0.0104297529376303,0.0608856547632566,True,False,frozen,400,train,8:16|11:2|41:6,4399,9528,mp-aaaaavmx,mp-aaabjmwk,8:8|11:1|41:3,False,recorded_during_training
5,0.2394487393903546,0.1400449282587317,0.1023639427699549,0.9425752746854734,0.0936998203396797,0.8398832082748413,0.1115629166252096,0.4274983573961483,True,False,frozen,400,train,28:2|83:2,5792,12620,mp-aaaabhvh,mp-aaacewhi,28:1|83:1,False,recorded_during_training
6,0.3213603106123628,0.296058372437308,0.0374388173215791,0.966623147740981,0.0580470487475395,0.8843270540237427,0.065639797497342,0.1165010615350671,True,False,frozen,400,train,8:8|23:2|83:2,5885,7789,mp-aaaabici,mp-aaabfbmg,8:4|23:1|83:1,False,recorded_during_training
7,0.7221765882568434,0.7322508870317606,0.0144563859255058,0.9999287057649716,0.0043507507070899,15.503423690795898,0.0002806316071767,0.0200177991928538,True,True,frozen,400,train,8:12|11:4|17:4,6004,8109,mp-aaaabini,mp-aaabfqcc,8:3|11:1|17:1,False,recorded_during_training
8,0.2874588755028924,0.2852916141489023,0.0105510539214952,0.9988093680621034,0.0032003603409975,1.333327293395996,0.0024002811289088,0.03670456827272,True,True,frozen,400,train,8:6|37:4|40:2,10121,10417,mp-aaabqvan,mp-aaabraoy,8:3|37:2|40:1,False,recorded_during_training
9,0.3300182820821646,0.2769789285806974,0.0726991227250346,0.9589846723693556,0.1629287153482437,2.026646614074707,0.0803932536717216,0.2202881678746959,True,False,frozen,400,train,8:18|56:8|73:4,10582,16766,mp-aaabruec,mp-aaacpwra,8:9|56:4|73:2,False,recorded_during_training
10,0.1434457298446432,0.0541130367275108,0.0987697467918415,0.6930495856186686,0.0894830375909805,0.1721307337284088,0.5198550871930203,0.6885513211080784,True,False,frozen,400,train,59:1|68:3,11977,11981,mp-aaacdnzr,mp-aaacdoad,59:1|68:3,False,recorded_during_training
11,0.1017820875745201,0.0268596399082881,0.0827884675437715,0.54486421324043,0.0690709203481674,0.0980513766407966,0.704436008085875,0.813389364638033,True,False,frozen,400,train,62:3|69:1,12147,12167,mp-aaacdsei,mp-aaacdspp,62:3|69:1,False,recorded_during_training
12,0.2569476258940995,0.1438388292745998,0.1304866583215442,0.8431065466692028,0.1696129143238067,0.586344838142395,0.2892716082589882,0.5078336795971181,True,False,frozen,400,train,48:2|71:1,12799,13366,mp-aaacfkmg,mp-aaacilmc,48:2|71:1,False,recorded_during_training
13,0.3711048242627939,0.2814607506380664,0.1038282030867474,0.9181906355760684,0.1962928771972656,1.2508291006088257,0.1569302130096929,0.2797813348101953,True,False,frozen,400,train,15:1|20:3|83:1,12895,12903,mp-aaacfrja,mp-aaacfroo,15:1|20:3|83:1,False,recorded_during_training
14,0.3156082618079381,0.1787097220912556,0.148328600147849,0.9460282458027748,0.2453406155109405,2.3338234424591064,0.1051238971412634,0.4699769242356325,True,False,frozen,400,train,46:2|51:2|57:2,13082,13180,mp-aaacfzan,mp-aaacgikg,46:1|51:1|57:1,False,recorded_during_training
15,0.2423462098959135,0.2089893054781271,0.0484067420020721,0.941355250260768,0.0655898004770279,0.575656533241272,0.1139391228789156,0.1997421045819641,True,False,frozen,400,train,19:3|31:1,15832,15834,mp-aaacpkso,mp-aaacpktf,19:3|31:1,False,recorded_during_training
0,0.2116293776424527,0.0005044789741077,0.2114357722847444,0.248406487984554,0.3372464776039123,0.3378577530384063,0.9981907313684628,0.9990851678539858,True,False,frozen,500,train,15:16|48:8,423,3943,mp-aaaaabjd,mp-aaaaarxw,15:2|48:1,False,recorded_during_training
1,0.2833879719401011,0.2506902841268958,0.0470462552015069,0.9913335511521696,0.0238402262330055,1.2531861066818235,0.0190236917772169,0.1660135921769149,True,False,frozen,500,train,8:3|60:2,1183,2658,mp-aaaaaech,mp-aaaaalty,8:3|60:2,False,recorded_during_training
2,0.1626892907661385,0.1095528547862159,0.0715501899953778,0.8218233335635952,0.0718317180871963,0.2212611436843872,0.3246467811341472,0.4397965573421137,True,False,frozen,500,train,16:6|19:2|42:6,2704,14113,mp-aaaaamae,mp-aaackvdk,16:3|19:1|42:3,False,recorded_during_training
3,0.4171052366407366,0.3825325511940738,0.0617354518154931,0.9854405676038503,0.0675538703799247,2.3175158500671387,0.0291492592717187,0.1480092945192808,True,False,frozen,500,train,8:3|68:2,4142,18148,mp-aaaaatio,mp-aaacrsyy,8:3|68:2,False,recorded_during_training
4,0.2721211942498485,0.2624696250835399,0.0238427311172557,0.9942407767496864,0.0072584729641675,0.6183542609214783,0.0117383730053884,0.0876180599713395,True,False,frozen,500,train,8:16|11:2|41:6,4399,9528,mp-aaaaavmx,mp-aaabjmwk,8:8|11:1|41:3,False,recorded_during_training
5,0.2394487393903546,0.0809849537190956,0.1656042838445017,0.8976277797284169,0.2752193212509155,0.8398832082748413,0.3276876100621521,0.6916064134066291,True,False,frozen,500,train,28:2|83:2,5792,12620,mp-aaaabhvh,mp-aaacewhi,28:1|83:1,False,recorded_during_training
6,0.3213603106123628,0.2910840559355456,0.0432321829883513,0.9693740962117746,0.0543801188468933,0.8843270540237427,0.0614932208615131,0.1345286943056873,True,False,frozen,500,train,8:8|23:2|83:2,5885,7789,mp-aaaabici,mp-aaabfbmg,8:4|23:1|83:1,False,recorded_during_training
7,0.7221765882568434,0.7186770254945998,0.0251500351321567,0.9995741194066986,0.0211295373737812,15.503423690795898,0.0013628949189026,0.034825326022909,True,True,frozen,500,train,8:12|11:4|17:4,6004,8109,mp-aaaabini,mp-aaabfqcc,8:3|11:1|17:1,False,recorded_during_training
8,0.2874588755028924,0.2792004827804204,0.0154669255941852,0.9982831738242368,0.0047307182103395,1.333327293395996,0.0035480547302758,0.0538056985268824,True,True,frozen,500,train,8:6|37:4|40:2,10121,10417,mp-aaabqvan,mp-aaabraoy,8:3|37:2|40:1,False,recorded_during_training
9,0.3300182820821646,0.2765267231252881,0.0754706359495447,0.9582455564398428,0.165889099240303,2.026646614074707,0.0818539838609416,0.2286862275428571,True,False,frozen,500,train,8:18|56:8|73:4,10582,16766,mp-aaabruec,mp-aaacpwra,8:9|56:4|73:2,False,recorded_during_training
10,0.1434457298446432,0.0634123065831886,0.0893894968416191,0.7303261774141,0.0803736448287963,0.1721307337284088,0.4669337258249968,0.6231589949622837,True,False,frozen,500,train,59:1|68:3,11977,11981,mp-aaacdnzr,mp-aaacdoad,59:1|68:3,False,recorded_during_training
11,0.1017820875745201,0.032670014057814,0.0765684319317614,0.6083038294807259,0.0617864057421684,0.0980513766407966,0.630143174516743,0.7522780653884859,True,False,frozen,500,train,62:3|69:1,12147,12167,mp-aaacdsei,mp-aaacdspp,62:3|69:1,False,recorded_during_training
12,0.2569476258940995,0.1315525671941344,0.1339703424615237,0.8405641937204364,0.1747153252363205,0.586344838142395,0.2979736732906831,0.5213916337827514,True,False,frozen,500,train,48:2|71:1,12799,13366,mp-aaacfkmg,mp-aaacilmc,48:2|71:1,False,recorded_during_training
13,0.3711048242627939,0.2843946654318703,0.1076398482502103,0.9173636042423632,0.1983242481946945,1.2508291006088257,0.1585542326271131,0.2900524089495164,True,False,frozen,500,train,15:1|20:3|83:1,12895,12903,mp-aaacfrja,mp-aaacfroo,15:1|20:3|83:1,False,recorded_during_training
14,0.3156082618079381,0.1744607260155248,0.1642619911878569,0.9365589196909428,0.2957268059253692,2.3338234424591064,0.1267134439329169,0.5204616325532623,True,False,frozen,500,train,46:2|51:2|57:2,13082,13180,mp-aaacfzan,mp-aaacgikg,46:1|51:1|57:1,False,recorded_during_training
15,0.2423462098959135,0.2202874720656211,0.0386360593234087,0.9533856926134092,0.0524234995245933,0.575656533241272,0.0910673231300258,0.1594250611140266,True,False,frozen,500,train,19:3|31:1,15832,15834,mp-aaacpkso,mp-aaacpktf,19:3|31:1,False,recorded_during_training
0,0.2116293776424527,0.0010572196379143,0.210894055429776,0.325253106670265,0.3353789746761322,0.3378577530384063,0.9926632485417838,0.9965254246793704,True,False,frozen,600,train,15:16|48:8,423,3943,mp-aaaaabjd,mp-aaaaarxw,15:2|48:1,False,recorded_during_training
1,0.2833879719401011,0.2577491842190706,0.0405042909868935,0.9936952207111466,0.0159086249768733,1.2531861066818235,0.0126945430467595,0.1429287584423478,True,False,frozen,600,train,8:3|60:2,1183,2658,mp-aaaaaech,mp-aaaaalty,8:3|60:2,False,recorded_during_training
2,0.1626892907661385,0.1307057947924477,0.0456206803719396,0.9224428426853386,0.0333756357431411,0.2212611436843872,0.1508427335562771,0.2804160013059381,True,False,frozen,600,train,16:6|19:2|42:6,2704,14113,mp-aaaaamae,mp-aaackvdk,16:3|19:1|42:3,False,recorded_during_training
3,0.4171052366407366,0.3924940683286282,0.0497706104341064,0.987989645661202,0.0555284544825553,2.3175158500671387,0.0239603342867953,0.119323868563595,True,False,frozen,600,train,8:3|68:2,4142,18148,mp-aaaaatio,mp-aaacrsyy,8:3|68:2,False,recorded_during_training
4,0.2721211942498485,0.2693941647174398,0.0159938199993376,0.9964836009169168,0.004357585683465,0.6183542609214783,0.0070470698737828,0.0587746207840501,True,True,frozen,600,train,8:16|11:2|41:6,4399,9528,mp-aaaaavmx,mp-aaabjmwk,8:8|11:1|41:3,False,recorded_during_training
5,0.2394487393903546,0.0855978682605282,0.1566244970987682,0.8449166386118665,0.3019127249717712,0.8398832082748413,0.3594698905719449,0.6541044964259993,True,False,frozen,600,train,28:2|83:2,5792,12620,mp-aaaabhvh,mp-aaacewhi,28:1|83:1,False,recorded_during_training
6,0.3213603106123628,0.2944495138794565,0.0415946619309153,0.9702161869378052,0.0519756078720092,0.8843270540237427,0.0587741917829122,0.1294331022136968,True,False,frozen,600,train,8:8|23:2|83:2,5885,7789,mp-aaaabici,mp-aaabfbmg,8:4|23:1|83:1,False,recorded_during_training
7,0.7221765882568434,0.7203778221200778,0.0139527625333144,0.9999067208201998,0.0044408030807971,15.503423690795898,0.0002864401547274,0.0193204304323863,True,True,frozen,600,train,8:12|11:4|17:4,6004,8109,mp-aaaabini,mp-aaabfqcc,8:3|11:1|17:1,False,recorded_during_training
8,0.2874588755028924,0.2786500663720879,0.0143316007079057,0.9987004041909776,0.0041647581383585,1.333327293395996,0.003123582753452,0.0498561774543695,True,True,frozen,600,train,8:6|37:4|40:2,10121,10417,mp-aaabqvan,mp-aaabraoy,8:3|37:2|40:1,False,recorded_during_training
9,0.3300182820821646,0.2742013819255682,0.0753535660364015,0.9585686683764092,0.1648671925067901,2.026646614074707,0.0813497485757094,0.2283314898828567,True,False,frozen,600,train,8:18|56:8|73:4,10582,16766,mp-aaabruec,mp-aaacpwra,8:9|56:4|73:2,False,recorded_during_training
10,0.1434457298446432,0.0758616332264399,0.0759835324193591,0.8185614868043949,0.0569547787308692,0.1721307337284088,0.3308809385587912,0.5297022957856746,True,False,frozen,600,train,59:1|68:3,11977,11981,mp-aaacdnzr,mp-aaacdoad,59:1|68:3,False,recorded_during_training
11,0.1017820875745201,0.0407957033329751,0.0701163388025349,0.6996138913511842,0.0502643473446369,0.0980513766407966,0.5126327550583641,0.6888868215755455,True,False,frozen,600,train,62:3|69:1,12147,12167,mp-aaacdsei,mp-aaacdspp,62:3|69:1,False,recorded_during_training
12,0.2569476258940995,0.1438826835970346,0.1259526759227398,0.847976779209293,0.1653070151805877,0.586344838142395,0.2819279789420481,0.4901881287459376,True,False,frozen,600,train,48:2|71:1,12799,13366,mp-aaacfkmg,mp-aaacilmc,48:2|71:1,False,recorded_during_training
13,0.3711048242627939,0.2895370484459629,0.1095111902312222,0.9293430899299155,0.1707001328468322,1.2508291006088257,0.136469588662229,0.2950950326468218,True,False,frozen,600,train,15:1|20:3|83:1,12895,12903,mp-aaacfrja,mp-aaacfroo,15:1|20:3|83:1,False,recorded_during_training
14,0.3156082618079381,0.1812122619754177,0.1454379541981438,0.9469198847640948,0.241201564669609,2.3338234424591064,0.1033503907285546,0.4608179563013133,True,False,frozen,600,train,46:2|51:2|57:2,13082,13180,mp-aaacfzan,mp-aaacgikg,46:1|51:1|57:1,False,recorded_during_training
15,0.2423462098959135,0.2185442855668355,0.0392172470644567,0.9613945285200012,0.044605579227209,0.575656533241272,0.0774864466074144,0.1618232324792714,True,False,frozen,600,train,19:3|31:1,15832,15834,mp-aaacpkso,mp-aaacpktf,19:3|31:1,False,recorded_during_training
0,0.2116293776424527,0.0128252428844461,0.2024258080831487,0.2865559564791762,0.3101294636726379,0.3378577530384063,0.917929101474204,0.9565109075978412,True,False,frozen,700,train,15:16|48:8,423,3943,mp-aaaaabjd,mp-aaaaarxw,15:2|48:1,False,recorded_during_training
1,0.2833879719401011,0.2704161089009815,0.0325193527368625,0.995867335186182,0.0109089016914367,1.2531861066818235,0.0087049334757798,0.1147520570976671,True,False,frozen,700,train,8:3|60:2,1183,2658,mp-aaaaaech,mp-aaaaalty,8:3|60:2,False,recorded_during_training
2,0.1626892907661385,0.1541786232774029,0.0220889957490726,0.9821903297244052,0.0078311776742339,0.2212611436843872,0.0353933706742676,0.135774122839007,True,False,frozen,700,train,16:6|19:2|42:6,2704,14113,mp-aaaaamae,mp-aaackvdk,16:3|19:1|42:3,False,recorded_during_training
3,0.4171052366407366,0.3929718117355403,0.0465610538698708,0.9891117505121207,0.0502221770584583,2.3175158500671387,0.0216706940998929,0.1116290321475275,True,False,frozen,700,train,8:3|68:2,4142,18148,mp-aaaaatio,mp-aaacrsyy,8:3|68:2,False,recorded_during_training
4,0.2721211942498485,0.265409971684889,0.0136664124231487,0.9968887657283404,0.0039142998866736,0.6183542609214783,0.0063301898831271,0.0502217861450397,True,True,frozen,700,train,8:16|11:2|41:6,4399,9528,mp-aaaaavmx,mp-aaabjmwk,8:8|11:1|41:3,False,recorded_during_training
5,0.2394487393903546,0.1554699439377564,0.0884769397821934,0.9553115303664186,0.0733892917633056,0.8398832082748413,0.0873803536494682,0.3695026334549055,True,False,frozen,700,train,28:2|83:2,5792,12620,mp-aaaabhvh,mp-aaacewhi,28:1|83:1,False,recorded_during_training
6,0.3213603106123628,0.2998829183365821,0.0297300410958065,0.9727685054855636,0.0475336089730262,0.8843270540237427,0.0537511645230635,0.0925131079166403,True,False,frozen,700,train,8:8|23:2|83:2,5885,7789,mp-aaaabici,mp-aaabfbmg,8:4|23:1|83:1,False,recorded_during_training
7,0.7221765882568434,0.7247825757495576,0.0085450000697875,0.9999571106668854,0.0014136149547994,15.503423690795898,9.118082450643796e-05,0.0118322861869741,True,True,frozen,700,train,8:12|11:4|17:4,6004,8109,mp-aaaabini,mp-aaabfqcc,8:3|11:1|17:1,False,recorded_during_training
8,0.2874588755028924,0.282862616360146,0.0098193817990168,0.998932565764238,0.002868594136089,1.333327293395996,0.0021514553480584,0.0341592576741227,True,True,frozen,700,train,8:6|37:4|40:2,10121,10417,mp-aaabqvan,mp-aaabraoy,8:3|37:2|40:1,False,recorded_during_training
9,0.3300182820821646,0.2840054310453901,0.0705904773299757,0.959654444837964,0.161283403635025,2.026646614074707,0.0795814142016373,0.2138986873230277,True,False,frozen,700,train,8:18|56:8|73:4,10582,16766,mp-aaabruec,mp-aaacpwra,8:9|56:4|73:2,False,recorded_during_training
10,0.1434457298446432,0.0906269048414358,0.0602685451899276,0.8671906954857341,0.042696613818407,0.1721307337284088,0.2480475908838836,0.4201487576883648,True,False,frozen,700,train,59:1|68:3,11977,11981,mp-aaacdnzr,mp-aaacdoad,59:1|68:3,False,recorded_during_training
11,0.1017820875745201,0.0475357759602843,0.0645436475028304,0.7471734272992065,0.0436052419245243,0.0980513766407966,0.4447183039996328,0.6341356228872258,True,False,frozen,700,train,62:3|69:1,12147,12167,mp-aaacdsei,mp-aaacdspp,62:3|69:1,False,recorded_during_training
12,0.2569476258940995,0.1477407438380424,0.1238718442066897,0.8507254700961799,0.1619879603385925,0.586344838142395,0.2762673938629497,0.4820898569335032,True,False,frozen,700,train,48:2|71:1,12799,13366,mp-aaacfkmg,mp-aaacilmc,48:2|71:1,False,recorded_during_training
13,0.3711048242627939,0.2994593382828965,0.1030642455069097,0.9351014674930108,0.1571341007947921,1.2508291006088257,0.1256239567166362,0.2777227316072989,True,False,frozen,700,train,15:1|20:3|83:1,12895,12903,mp-aaacfrja,mp-aaacfroo,15:1|20:3|83:1,False,recorded_during_training
14,0.3156082618079381,0.1874753137928593,0.1429975628650055,0.947562259711602,0.2384035140275955,2.3338234424591064,0.1021514779954366,0.4530856133038304,True,False,frozen,700,train,46:2|51:2|57:2,13082,13180,mp-aaacfzan,mp-aaacgikg,46:1|51:1|57:1,False,recorded_during_training
15,0.2423462098959135,0.2291146842874454,0.0292843077807205,0.96562412889138,0.0389104895293712,0.575656533241272,0.06759323881948,0.120836665006224,True,False,frozen,700,train,19:3|31:1,15832,15834,mp-aaacpkso,mp-aaacpktf,19:3|31:1,False,recorded_during_training
0,0.2116293776424527,0.0267898453600423,0.190552431435492,0.4386540081545936,0.2728539705276489,0.3378577530384063,0.8076001455459627,0.9004063309085089,True,False,frozen,800,train,15:16|48:8,423,3943,mp-aaaaabjd,mp-aaaaarxw,15:2|48:1,False,recorded_during_training
1,0.2833879719401011,0.251971520903151,0.0479320966286813,0.9900198897210184,0.0382396541535854,1.2531861066818235,0.0305139467711113,0.1691394885271017,True,False,frozen,800,train,8:3|60:2,1183,2658,mp-aaaaaech,mp-aaaaalty,8:3|60:2,False,recorded_during_training
2,0.1626892907661385,0.1505296077375533,0.0261599391378695,0.9839763618954102,0.0073600141331553,0.2212611436843872,0.0332639251998709,0.1607969339264851,True,False,frozen,800,train,16:6|19:2|42:6,2704,14113,mp-aaaaamae,mp-aaackvdk,16:3|19:1|42:3,False,recorded_during_training
3,0.4171052366407366,0.3678485248307188,0.0788098850734533,0.983086884015146,0.0936343595385551,2.3175158500671387,0.0404028993095527,0.1889448468884467,True,False,frozen,800,train,8:3|68:2,4142,18148,mp-aaaaatio,mp-aaacrsyy,8:3|68:2,False,recorded_during_training
4,0.2721211942498485,0.2711863587710468,0.0316083441257433,0.9933277703111276,0.0082971788942813,0.6183542609214783,0.0134181640180126,0.1161553925003065,True,False,frozen,800,train,8:16|11:2|41:6,4399,9528,mp-aaaaavmx,mp-aaabjmwk,8:8|11:1|41:3,False,recorded_during_training
5,0.2394487393903546,0.1569334130156647,0.0900241655516538,0.9565607087123036,0.0716486126184463,0.8398832082748413,0.0853078284129717,0.3759642493038748,True,False,frozen,800,train,28:2|83:2,5792,12620,mp-aaaabhvh,mp-aaacewhi,28:1|83:1,False,recorded_during_training
6,0.3213603106123628,0.196909335749785,0.1292657287636185,0.9576133593636016,0.1453571170568466,0.8843270540237427,0.1643703157055557,0.4022454686992876,True,False,frozen,800,train,8:8|23:2|83:2,5885,7789,mp-aaaabici,mp-aaabfbmg,8:4|23:1|83:1,False,recorded_during_training
7,0.7221765882568434,0.507268280989857,0.2413044228799581,0.989502808908077,1.7348812818527222,15.503423690795898,0.1119031071106371,0.3341349287747026,True,False,frozen,800,train,8:12|11:4|17:4,6004,8109,mp-aaaabini,mp-aaabfqcc,8:3|11:1|17:1,False,recorded_during_training
8,0.2874588755028924,0.2674206170436111,0.0516154780585924,0.984143477209918,0.0472161583602428,1.333327293395996,0.0354122791861425,0.179557781850688,True,False,frozen,800,train,8:6|37:4|40:2,10121,10417,mp-aaabqvan,mp-aaabraoy,8:3|37:2|40:1,False,recorded_during_training
9,0.3300182820821646,0.2920908150839008,0.1244055955124334,0.9342419926380916,0.2910025119781494,2.026646614074707,0.1435881864934852,0.3769657690705153,True,False,frozen,800,train,8:18|56:8|73:4,10582,16766,mp-aaabruec,mp-aaacpwra,8:9|56:4|73:2,False,recorded_during_training
10,0.1434457298446432,0.094342883628645,0.0537307641513642,0.9065931380311244,0.0312771052122116,0.1721307337284088,0.181705524253218,0.3745720713300881,True,False,frozen,800,train,59:1|68:3,11977,11981,mp-aaacdnzr,mp-aaacdoad,59:1|68:3,False,recorded_during_training
11,0.1017820875745201,0.0507672496015914,0.0548341265749456,0.7968606252068311,0.0362693518400192,0.0980513766407966,0.3699015055432529,0.5387404393213951,True,False,frozen,800,train,62:3|69:1,12147,12167,mp-aaacdsei,mp-aaacdspp,62:3|69:1,False,recorded_during_training
12,0.2569476258940995,0.1490668594115121,0.1243492735880025,0.8467004634507607,0.1661220341920852,0.586344838142395,0.283317978407345,0.4839479374650959,True,False,frozen,800,train,48:2|71:1,12799,13366,mp-aaacfkmg,mp-aaacilmc,48:2|71:1,False,recorded_during_training
13,0.3711048242627939,0.2982711288597031,0.1003700752443848,0.935534145765132,0.1563230007886886,1.2508291006088257,0.1249755068159194,0.2704628683924324,True,False,frozen,800,train,15:1|20:3|83:1,12895,12903,mp-aaacfrja,mp-aaacfroo,15:1|20:3|83:1,False,recorded_during_training
14,0.3156082618079381,0.1915870778365445,0.1413493525094793,0.9481807697961704,0.2358906120061874,2.3338234424591064,0.1010747461503059,0.447863283742226,True,False,frozen,800,train,46:2|51:2|57:2,13082,13180,mp-aaacfzan,mp-aaacgikg,46:1|51:1|57:1,False,recorded_during_training
15,0.2423462098959135,0.2186189348463898,0.0371514396934884,0.963284439014176,0.0435807555913925,0.575656533241272,0.0757061773380877,0.1532990332691598,True,False,frozen,800,train,19:3|31:1,15832,15834,mp-aaacpkso,mp-aaacpktf,19:3|31:1,False,recorded_during_training
0,0.2116293776424527,0.0273545507415065,0.1948163197521353,0.4046736493439847,0.2825360000133514,0.3378577530384063,0.8362572635153761,0.9205542345887204,True,False,frozen,900,train,15:16|48:8,423,3943,mp-aaaaabjd,mp-aaaaarxw,15:2|48:1,False,recorded_during_training
1,0.2833879719401011,0.2844327631405008,0.0102391684644658,0.9996414701716432,0.0009050929802469,1.2531861066818235,0.0007222334938291,0.0361312740070352,True,True,frozen,900,train,8:3|60:2,1183,2658,mp-aaaaaech,mp-aaaaalty,8:3|60:2,False,recorded_during_training
2,0.1626892907661385,0.1599989996684598,0.0121750808248179,0.9955859885930792,0.0019498422043398,0.2212611436843872,0.0088124022676168,0.0748363999098093,True,True,frozen,900,train,16:6|19:2|42:6,2704,14113,mp-aaaaamae,mp-aaackvdk,16:3|19:1|42:3,False,recorded_during_training
3,0.4171052366407366,0.3886148506986124,0.0492477370963477,0.9890315981987652,0.0511815175414085,2.3175158500671387,0.0220846461697018,0.1180702920274436,True,False,frozen,900,train,8:3|68:2,4142,18148,mp-aaaaatio,mp-aaacrsyy,8:3|68:2,False,recorded_during_training
4,0.2721211942498485,0.2755110628093575,0.0126767869749642,0.9989752512101698,0.0013115599285811,0.6183542609214783,0.0021210493910507,0.0465850776890425,True,True,frozen,900,train,8:16|11:2|41:6,4399,9528,mp-aaaaavmx,mp-aaabjmwk,8:8|11:1|41:3,False,recorded_during_training
5,0.2394487393903546,0.1578105027450576,0.0889345287900411,0.956516797878949,0.0714809745550155,0.8398832082748413,0.0851082315383358,0.3714136437572057,True,False,frozen,900,train,28:2|83:2,5792,12620,mp-aaaabhvh,mp-aaacewhi,28:1|83:1,False,recorded_during_training
6,0.3213603106123628,0.3000662964958369,0.0306800830331699,0.9730963302651724,0.0470475628972053,0.8843270540237427,0.0532015419896248,0.0954694217674485,True,False,frozen,900,train,8:8|23:2|83:2,5885,7789,mp-aaaabici,mp-aaabfbmg,8:4|23:1|83:1,False,recorded_during_training
7,0.7221765882568434,0.7262343640680413,0.0091349647694372,0.9999490270826804,0.0016994971083477,15.503423690795898,0.0001096207613391,0.0126492120043475,True,True,frozen,900,train,8:12|11:4|17:4,6004,8109,mp-aaaabini,mp-aaabfqcc,8:3|11:1|17:1,False,recorded_during_training
8,0.2874588755028924,0.2853541845118901,0.0082477916808034,0.9994981196716722,0.0014988369075581,1.333327293395996,0.0011241327729372,0.0286920752277154,True,True,frozen,900,train,8:6|37:4|40:2,10121,10417,mp-aaabqvan,mp-aaabraoy,8:3|37:2|40:1,False,recorded_during_training
9,0.3300182820821646,0.3051016128339654,0.0475427886941872,0.968106228344886,0.1272427141666412,2.026646614074707,0.0627848551804556,0.1440610756295935,True,False,frozen,900,train,8:18|56:8|73:4,10582,16766,mp-aaabruec,mp-aaacpwra,8:9|56:4|73:2,False,recorded_during_training
10,0.1434457298446432,0.1048035895511194,0.0465173528001248,0.9172357235565164,0.0273181796073913,0.1721307337284088,0.1587059963997742,0.3242853785226283,True,False,frozen,900,train,59:1|68:3,11977,11981,mp-aaacdnzr,mp-aaacdoad,59:1|68:3,False,recorded_during_training
11,0.1017820875745201,0.0572142187401993,0.0512791008660258,0.7999639588785961,0.0353299081325531,0.0980513766407966,0.36032036818801,0.5038126264455094,True,False,frozen,900,train,62:3|69:1,12147,12167,mp-aaacdsei,mp-aaacdspp,62:3|69:1,False,recorded_during_training
12,0.2569476258940995,0.1477066161038394,0.122903496942051,0.8508935410112033,0.1618207544088363,0.586344838142395,0.2759822273212165,0.4783212007286866,True,False,frozen,900,train,48:2|71:1,12799,13366,mp-aaacfkmg,mp-aaacilmc,48:2|71:1,False,recorded_during_training
13,0.3711048242627939,0.3063359551692457,0.0973902120956395,0.9376989059282264,0.1512985825538635,1.2508291006088257,0.1209586365397325,0.262433161005403,True,False,frozen,900,train,15:1|20:3|83:1,12895,12903,mp-aaacfrja,mp-aaacfroo,15:1|20:3|83:1,False,recorded_during_training
14,0.3156082618079381,0.1711214970014225,0.1542370564711745,0.9442962095421092,0.2527676820755005,2.3338234424591064,0.1083062572244813,0.4886977786564878,True,False,frozen,900,train,46:2|51:2|57:2,13082,13180,mp-aaacfzan,mp-aaacgikg,46:1|51:1|57:1,False,recorded_during_training
15,0.2423462098959135,0.2333180420215654,0.0321430260270432,0.9652167127757572,0.0397646278142929,0.575656533241272,0.0690770025494118,0.1326326747212118,True,False,frozen,900,train,19:3|31:1,15832,15834,mp-aaacpkso,mp-aaacpktf,19:3|31:1,False,recorded_during_training
0,0.2116293776424527,0.0283651660478199,0.194692321721277,0.4056136893638123,0.2823232412338257,0.3378577530384063,0.8356275346498627,0.9199683138992604,True,False,frozen,1000,train,15:16|48:8,423,3943,mp-aaaaabjd,mp-aaaaarxw,15:2|48:1,False,recorded_during_training
1,0.2833879719401011,0.2889727540260267,0.0167837770805547,0.9989123228086036,0.0034771487116813,1.2531861066818235,0.0027746467129995,0.0592254391237971,True,True,frozen,1000,train,8:3|60:2,1183,2658,mp-aaaaaech,mp-aaaaalty,8:3|60:2,False,recorded_during_training
2,0.1626892907661385,0.1394874076286214,0.0426857671045581,0.9753271672832076,0.0139622902497649,0.2212611436843872,0.0631032182934076,0.262376010759785,True,False,frozen,1000,train,16:6|19:2|42:6,2704,14113,mp-aaaaamae,mp-aaackvdk,16:3|19:1|42:3,False,recorded_during_training
3,0.4171052366407366,0.4014271002278988,0.0550980510326937,0.9882182520948976,0.0563867539167404,2.3175158500671387,0.0243306874967465,0.1320962821671574,True,False,frozen,1000,train,8:3|68:2,4142,18148,mp-aaaaatio,mp-aaacrsyy,8:3|68:2,False,recorded_during_training
4,0.2721211942498485,0.2783569490472359,0.0168481008874437,0.9982574665815064,0.0030277841724455,0.6183542609214783,0.0048965202696808,0.0619139605567605,True,True,frozen,1000,train,8:16|11:2|41:6,4399,9528,mp-aaaaavmx,mp-aaabjmwk,8:8|11:1|41:3,False,recorded_during_training
5,0.2394487393903546,0.1637324614026702,0.08561705241409,0.9580836261047366,0.0697084963321685,0.8398832082748413,0.0829978449924639,0.3575590025325429,True,False,frozen,1000,train,28:2|83:2,5792,12620,mp-aaaabhvh,mp-aaacewhi,28:1|83:1,False,recorded_during_training
6,0.3213603106123628,0.3096316480953121,0.0356156405086878,0.972552610250584,0.0484272837638855,0.8843270540237427,0.0547617349752428,0.1108277510711295,True,False,frozen,1000,train,8:8|23:2|83:2,5885,7789,mp-aaaabici,mp-aaabfbmg,8:4|23:1|83:1,False,recorded_during_training
7,0.7221765882568434,0.727986788056139,0.0095655575669546,0.9999538282442004,0.0024542389437556,15.503423690795898,0.0001583030298793,0.0132454550902066,True,True,frozen,1000,train,8:12|11:4|17:4,6004,8109,mp-aaaabini,mp-aaabfqcc,8:3|11:1|17:1,False,recorded_during_training
8,0.2874588755028924,0.2899871164665164,0.010457313534868,0.999546036567922,0.0013487229589372,1.333327293395996,0.0010115468014624,0.0363784681080852,True,True,frozen,1000,train,8:6|37:4|40:2,10121,10417,mp-aaabqvan,mp-aaabraoy,8:3|37:2|40:1,False,recorded_during_training
9,0.3300182820821646,0.3216345835987297,0.0491952631925372,0.9704680811840328,0.1247273832559585,2.026646614074707,0.061543725674594,0.1490682967081473,True,False,frozen,1000,train,8:18|56:8|73:4,10582,16766,mp-aaabruec,mp-aaacpwra,8:9|56:4|73:2,False,recorded_during_training
10,0.1434457298446432,0.1046323806272653,0.0490324701633326,0.9242165959712704,0.0251039564609527,0.1721307337284088,0.1458423833861201,0.3418189598005919,True,False,frozen,1000,train,59:1|68:3,11977,11981,mp-aaacdnzr,mp-aaacdoad,59:1|68:3,False,recorded_during_training
11,0.1017820875745201,0.0515618361450265,0.0574400719162326,0.7919193592270054,0.0370899140834808,0.0980513766407966,0.3782702023588792,0.5643436216041229,True,False,frozen,1000,train,62:3|69:1,12147,12167,mp-aaacdsei,mp-aaacdspp,62:3|69:1,False,recorded_during_training
12,0.2569476258940995,0.1239284976297767,0.1451103311379142,0.8273423585861722,0.1897259354591369,0.586344838142395,0.3235739843130701,0.564746728571531,True,False,frozen,1000,train,48:2|71:1,12799,13366,mp-aaacfkmg,mp-aaacilmc,48:2|71:1,False,recorded_during_training
13,0.3711048242627939,0.3073504634722148,0.0962314693231327,0.9379833670436608,0.150500938296318,1.2508291006088257,0.1203209441026464,0.2593107473455733,True,False,frozen,1000,train,15:1|20:3|83:1,12895,12903,mp-aaacfrja,mp-aaacfroo,15:1|20:3|83:1,False,recorded_during_training
14,0.3156082618079381,0.2066593748354535,0.1277489734025039,0.9504089443995708,0.2261876761913299,2.3338234424591064,0.0969172183620712,0.4047706884183055,True,False,frozen,1000,train,46:2|51:2|57:2,13082,13180,mp-aaacfzan,mp-aaacgikg,46:1|51:1|57:1,False,recorded_during_training
15,0.2423462098959135,0.232138374514264,0.0389553349663884,0.9627995452015092,0.0428136773407459,0.575656533241272,0.0743736496825297,0.1607424972031524,True,False,frozen,1000,train,19:3|31:1,15832,15834,mp-aaacpkso,mp-aaacpktf,19:3|31:1,False,recorded_during_training
0,0.2116293776424527,0.0273551938872742,0.1946641097378005,0.4066730923334004,0.2819844186306,0.3378577530384063,0.8346246788616541,0.9198350054531894,True,False,frozen,1100,train,15:16|48:8,423,3943,mp-aaaaabjd,mp-aaaaarxw,15:2|48:1,False,recorded_during_training
1,0.2833879719401011,0.282977081596897,0.0051445641674092,0.9999310991978356,0.0002019121748162,1.2531861066818235,0.0001611190658272,0.0181537844820621,True,True,frozen,1100,train,8:3|60:2,1183,2658,mp-aaaaaech,mp-aaaaalty,8:3|60:2,False,recorded_during_training
2,0.1626892907661385,0.1583804603505996,0.0084655748287332,0.9972403808145964,0.0012263350654393,0.2212611436843872,0.0055424782002782,0.0520352310153116,True,True,frozen,1100,train,16:6|19:2|42:6,2704,14113,mp-aaaaamae,mp-aaackvdk,16:3|19:1|42:3,False,recorded_during_training
3,0.4171052366407366,0.3940482611048317,0.0463200553217184,0.989393145884216,0.0489313565194606,2.3175158500671387,0.0211137095429328,0.111051243793458,True,False,frozen,1100,train,8:3|68:2,4142,18148,mp-aaaaatio,mp-aaacrsyy,8:3|68:2,False,recorded_during_training
4,0.2721211942498485,0.2722842273205401,0.0050156418664641,0.9998422711312718,0.0001950508449226,0.6183542609214783,0.0003154354344255,0.0184316472676474,True,True,frozen,1100,train,8:16|11:2|41:6,4399,9528,mp-aaaaavmx,mp-aaabjmwk,8:8|11:1|41:3,False,recorded_during_training
5,0.2394487393903546,0.1634083973780598,0.0807453213668019,0.9590001393405236,0.0674741342663765,0.8398832082748413,0.0803375202666231,0.3372133909428068,True,False,frozen,1100,train,28:2|83:2,5792,12620,mp-aaaabhvh,mp-aaacewhi,28:1|83:1,False,recorded_during_training
6,0.3213603106123628,0.3038522338762135,0.0275830605546474,0.9736601608894996,0.0459844097495079,0.8843270540237427,0.0519993248428576,0.0858321940941835,True,False,frozen,1100,train,8:8|23:2|83:2,5885,7789,mp-aaaabici,mp-aaabfbmg,8:4|23:1|83:1,False,recorded_during_training
7,0.7221765882568434,0.7230425320372404,0.0032473208935215,0.9999942561715393,0.0001947885029949,15.503423690795898,1.2564224966035548e-05,0.0044965745862238,True,True,frozen,1100,train,8:12|11:4|17:4,6004,8109,mp-aaaabini,mp-aaabfqcc,8:3|11:1|17:1,False,recorded_during_training
8,0.2874588755028924,0.2880487728078629,0.0039020686268225,0.9999386274727716,0.0001652773644309,1.333327293395996,0.0001239585848497,0.0135743543141469,True,True,frozen,1100,train,8:6|37:4|40:2,10121,10417,mp-aaabqvan,mp-aaabraoy,8:3|37:2|40:1,False,recorded_during_training
9,0.3300182820821646,0.3086032694870226,0.0305861221665253,0.9782360653087742,0.0874522253870964,2.026646614074707,0.0431511960594195,0.0926800841867006,True,False,frozen,1100,train,8:18|56:8|73:4,10582,16766,mp-aaabruec,mp-aaacpwra,8:9|56:4|73:2,False,recorded_during_training
10,0.1434457298446432,0.1102791624719614,0.0369543699801795,0.9384750391566292,0.020541513338685,0.1721307337284088,0.1193366977166078,0.2576191708195317,True,False,frozen,1100,train,59:1|68:3,11977,11981,mp-aaacdnzr,mp-aaacdoad,59:1|68:3,False,recorded_during_training
11,0.1017820875745201,0.0586812040257314,0.0483796023234504,0.8112591331997575,0.0335532911121845,0.0980513766407966,0.3422011221229897,0.4753253099473824,True,False,frozen,1100,train,62:3|69:1,12147,12167,mp-aaacdsei,mp-aaacdspp,62:3|69:1,False,recorded_during_training
12,0.2569476258940995,0.1657256770920696,0.0994126297353261,0.9060501283095004,0.1050041913986206,0.586344838142395,0.1790826567712021,0.3868984170972605,True,False,frozen,1100,train,48:2|71:1,12799,13366,mp-aaacfkmg,mp-aaacilmc,48:2|71:1,False,recorded_during_training
13,0.3711048242627939,0.3208365319971165,0.076009812269028,0.94776346344854,0.1272650361061096,1.2508291006088257,0.101744543714377,0.2048203291887213,True,False,frozen,1100,train,15:1|20:3|83:1,12895,12903,mp-aaacfrja,mp-aaacfroo,15:1|20:3|83:1,False,recorded_during_training
14,0.3156082618079381,0.1802288200879047,0.1470656799626795,0.9470072354869408,0.2408512383699417,2.3338234424591064,0.103200282415606,0.4659753807464508,True,False,frozen,1100,train,46:2|51:2|57:2,13082,13180,mp-aaacfzan,mp-aaacgikg,46:1|51:1|57:1,False,recorded_during_training
15,0.2423462098959135,0.2295229326614247,0.0283280523349134,0.9660189294862774,0.038464069366455,0.575656533241272,0.0668177413880471,0.1168908411940099,True,False,frozen,1100,train,19:3|31:1,15832,15834,mp-aaacpkso,mp-aaacpktf,19:3|31:1,False,recorded_during_training
0,0.2116293776424527,0.0273447348845934,0.1946699385277384,0.4066811328162676,0.281984269618988,0.3378577530384063,0.8346242378132822,0.9198625478955608,True,False,frozen,1200,train,15:16|48:8,423,3943,mp-aaaaabjd,mp-aaaaarxw,15:2|48:1,False,recorded_during_training
1,0.2833879719401011,0.2878658424148739,0.0085413908552141,0.9998039156360288,0.0007636105292476,1.2531861066818235,0.0006093352975876,0.0301402730565412,True,True,frozen,1200,train,8:3|60:2,1183,2658,mp-aaaaaech,mp-aaaaalty,8:3|60:2,False,recorded_during_training
2,0.1626892907661385,0.1597330603071896,0.0070408641731773,0.9979431389913472,0.0009121238836087,0.2212611436843872,0.0041223861922625,0.0432779818512974,True,True,frozen,1200,train,16:6|19:2|42:6,2704,14113,mp-aaaaamae,mp-aaackvdk,16:3|19:1|42:3,False,recorded_during_training
3,0.4171052366407366,0.4244408185994395,0.010644384111945,0.9998561743777344,0.0009677361813373,2.3175158500671387,0.0004175747843577,0.0255196606920408,True,True,frozen,1200,train,8:3|68:2,4142,18148,mp-aaaaatio,mp-aaacrsyy,8:3|68:2,False,recorded_during_training
4,0.2721211942498485,0.2731937647850486,0.0043690199664183,0.9998957337010256,0.0001377113512717,0.6183542609214783,0.0002227062381142,0.0160554196392616,True,True,frozen,1200,train,8:16|11:2|41:6,4399,9528,mp-aaaaavmx,mp-aaabjmwk,8:8|11:1|41:3,False,recorded_during_training
5,0.2394487393903546,0.1703086967963543,0.077008988368874,0.9618982023431608,0.062875285744667,0.8398832082748413,0.074861939285363,0.3216094958985451,True,False,frozen,1200,train,28:2|83:2,5792,12620,mp-aaaabhvh,mp-aaacewhi,28:1|83:1,False,recorded_during_training
6,0.3213603106123628,0.3027882431975826,0.0285107695427626,0.9735882338000732,0.0460964068770408,0.8843270540237427,0.0521259715704719,0.0887190128999889,True,False,frozen,1200,train,8:8|23:2|83:2,5885,7789,mp-aaaabici,mp-aaabfbmg,8:4|23:1|83:1,False,recorded_during_training
7,0.7221765882568434,0.724782433180148,0.0049574209927909,0.9999799985215208,0.0006752656772732,15.503423690795898,4.355590679458541e-05,0.0068645551149157,True,True,frozen,1200,train,8:12|11:4|17:4,6004,8109,mp-aaaabini,mp-aaabfqcc,8:3|11:1|17:1,False,recorded_during_training
8,0.2874588755028924,0.2898451602686069,0.0050075205632769,0.999899995218304,0.0003275510680396,1.333327293395996,0.0002456644138779,0.0174199546092168,True,True,frozen,1200,train,8:6|37:4|40:2,10121,10417,mp-aaabqvan,mp-aaabraoy,8:3|37:2|40:1,False,recorded_during_training
9,0.3300182820821646,0.3193725479320903,0.0204511789741275,0.9890848482106498,0.0440175533294677,2.026646614074707,0.0217194023979185,0.061969836474198,True,False,frozen,1200,train,8:18|56:8|73:4,10582,16766,mp-aaabruec,mp-aaacpwra,8:9|56:4|73:2,False,recorded_during_training
10,0.1434457298446432,0.1132058639560611,0.034982108275166,0.945554860940954,0.0182331204414367,0.1721307337284088,0.1059260019782715,0.2438699870191526,True,False,frozen,1200,train,59:1|68:3,11977,11981,mp-aaacdnzr,mp-aaacdoad,59:1|68:3,False,recorded_during_training
11,0.1017820875745201,0.0600568751340802,0.047066964200269,0.8193924086342365,0.0322779789566993,0.0980513766407966,0.329194551494643,0.4624287565904832,True,False,frozen,1200,train,62:3|69:1,12147,12167,mp-aaacdsei,mp-aaacdspp,62:3|69:1,False,recorded_during_training
12,0.2569476258940995,0.1852992423219177,0.0852341961896456,0.9446482043867196,0.0631273537874221,0.586344838142395,0.1076625045210879,0.3317181697750918,True,False,frozen,1200,train,48:2|71:1,12799,13366,mp-aaacfkmg,mp-aaacilmc,48:2|71:1,False,recorded_during_training
13,0.3711048242627939,0.3566922640819996,0.0293208350263896,0.9847816700931844,0.0377955697476863,1.2508291006088257,0.0302164138404597,0.0790095765654244,True,False,frozen,1200,train,15:1|20:3|83:1,12895,12903,mp-aaacfrja,mp-aaacfroo,15:1|20:3|83:1,False,recorded_during_training
14,0.3156082618079381,0.2352127926706089,0.0981733322000764,0.9805059244738814,0.0909594297409057,2.3338234424591064,0.0389744262938174,0.3110607169714058,True,False,frozen,1200,train,46:2|51:2|57:2,13082,13180,mp-aaacfzan,mp-aaacgikg,46:1|51:1|57:1,False,recorded_during_training
15,0.2423462098959135,0.2287251507148084,0.028215392514312,0.9658722312874686,0.0386831983923912,0.575656533241272,0.0671984007105468,0.1164259697992818,True,False,frozen,1200,train,19:3|31:1,15832,15834,mp-aaacpkso,mp-aaacpktf,19:3|31:1,False,recorded_during_training
0,0.2116293776424527,0.0303220127889289,0.1852143383379143,0.453293667941518,0.2687273025512695,0.3378577530384063,0.795385928351692,0.8751825498009709,True,False,frozen,1300,train,15:16|48:8,423,3943,mp-aaaaabjd,mp-aaaaarxw,15:2|48:1,False,recorded_during_training
1,0.2833879719401011,0.2850165366359078,0.0062082280034019,0.9998579486559094,0.0003592163266148,1.2531861066818235,0.0002866424425706,0.0219071683279279,True,True,frozen,1300,train,8:3|60:2,1183,2658,mp-aaaaaech,mp-aaaaalty,8:3|60:2,False,recorded_during_training
2,0.1626892907661385,0.1623570675837982,0.0095830845639284,0.9969677832145576,0.0013577321078628,0.2212611436843872,0.0061363332271279,0.0589042125563375,True,True,frozen,1300,train,16:6|19:2|42:6,2704,14113,mp-aaaaamae,mp-aaackvdk,16:3|19:1|42:3,False,recorded_during_training
3,0.4171052366407366,0.4190791703344771,0.0065655626319554,0.9999181411796632,0.0003796921519096,2.3175158500671387,0.0001638358382311,0.0157407820741663,True,True,frozen,1300,train,8:3|68:2,4142,18148,mp-aaaaatio,mp-aaacrsyy,8:3|68:2,False,recorded_during_training
4,0.2721211942498485,0.2743964979578095,0.006612366901777,0.9997343425587528,0.0003949810925405,0.6183542609214783,0.0006387618190775,0.024299345444243,True,True,frozen,1300,train,8:16|11:2|41:6,4399,9528,mp-aaaaavmx,mp-aaabjmwk,8:8|11:1|41:3,False,recorded_during_training
5,0.2394487393903546,0.171094570786952,0.0790527282254096,0.962602365850284,0.0616472996771335,0.8398832082748413,0.0733998478237943,0.3301446832699175,True,False,frozen,1300,train,28:2|83:2,5792,12620,mp-aaaabhvh,mp-aaacewhi,28:1|83:1,False,recorded_during_training
6,0.3213603106123628,0.3011178066258129,0.0286000238927375,0.9735228068177484,0.046250857412815,0.8843270540237427,0.0523006247545756,0.0889967520825431,True,False,frozen,1300,train,8:8|23:2|83:2,5885,7789,mp-aaaabici,mp-aaabfbmg,8:4|23:1|83:1,False,recorded_during_training
7,0.7221765882568434,0.723583411010936,0.0050000760448662,0.9999824300269728,0.0005515981465578,15.503423690795898,3.557911836501519e-05,0.0069236196882749,True,True,frozen,1300,train,8:12|11:4|17:4,6004,8109,mp-aaaabini,mp-aaabfqcc,8:3|11:1|17:1,False,recorded_during_training
8,0.2874588755028924,0.292261713216881,0.0066388113595294,0.999842019011364,0.000697434763424,1.333327293395996,0.0005230784420888,0.0230948212954471,True,True,frozen,1300,train,8:6|37:4|40:2,10121,10417,mp-aaabqvan,mp-aaabraoy,8:3|37:2|40:1,False,recorded_during_training
9,0.3300182820821646,0.3234434908647614,0.021466581833252,0.989340543787428,0.0430981181561946,2.026646614074707,0.0212657292380851,0.0650466443792573,True,False,frozen,1300,train,8:18|56:8|73:4,10582,16766,mp-aaabruec,mp-aaacpwra,8:9|56:4|73:2,False,recorded_during_training
10,0.1434457298446432,0.1123852965038558,0.0383748245943245,0.9438675201194044,0.0188021678477525,0.1721307337284088,0.1092319043815789,0.2675215542204414,True,False,frozen,1300,train,59:1|68:3,11977,11981,mp-aaacdnzr,mp-aaacdoad,59:1|68:3,False,recorded_during_training
11,0.1017820875745201,0.0645897239969031,0.0441270006483023,0.8370064681936387,0.0293650198727846,0.0980513766407966,0.2994860539323278,0.4335438749573159,True,False,frozen,1300,train,62:3|69:1,12147,12167,mp-aaacdsei,mp-aaacdspp,62:3|69:1,False,recorded_during_training
12,0.2569476258940995,0.2039497933135408,0.0770385573346459,0.960124770449652,0.0471954271197319,0.586344838142395,0.0804909057769694,0.2998220242999919,True,False,frozen,1300,train,48:2|71:1,12799,13366,mp-aaacfkmg,mp-aaacilmc,48:2|71:1,False,recorded_during_training
13,0.3711048242627939,0.3532436431365866,0.0329000535308239,0.9846155253471292,0.0385133437812328,1.2508291006088257,0.0307902524513436,0.0886543407140568,True,False,frozen,1300,train,15:1|20:3|83:1,12895,12903,mp-aaacfrja,mp-aaacfroo,15:1|20:3|83:1,False,recorded_during_training
14,0.3156082618079381,0.2322579215398263,0.0983800896902948,0.9840573676750436,0.0791697204113006,2.3338234424591064,0.0339227548112555,0.3117158249493595,True,False,frozen,1300,train,46:2|51:2|57:2,13082,13180,mp-aaacfzan,mp-aaacgikg,46:1|51:1|57:1,False,recorded_during_training
15,0.2423462098959135,0.2279620800053692,0.0294698510205364,0.965623218481715,0.0389169231057167,0.575656533241272,0.0676044148871071,0.1216022773089523,True,False,frozen,1300,train,19:3|31:1,15832,15834,mp-aaacpkso,mp-aaacpktf,19:3|31:1,False,recorded_during_training
0,0.2116293776424527,0.0356194840175589,0.1846724798153332,0.4775704238423677,0.260806143283844,0.3378577530384063,0.7719406789939687,0.8726221372126174,True,False,frozen,1400,train,15:16|48:8,423,3943,mp-aaaaabjd,mp-aaaaarxw,15:2|48:1,False,recorded_during_training
1,0.2833879719401011,0.2889864832672515,0.0080061852171979,0.9999161786667796,0.0006908983341418,1.2531861066818235,0.0005513134325843,0.0282516761822559,True,True,frozen,1400,train,8:3|60:2,1183,2658,mp-aaaaaech,mp-aaaaalty,8:3|60:2,False,recorded_during_training
2,0.1626892907661385,0.1623888117173919,0.0050265546451555,0.9983832820053968,0.0007217081147246,0.2212611436843872,0.003261793294145,0.0308966535011889,True,True,frozen,1400,train,16:6|19:2|42:6,2704,14113,mp-aaaaamae,mp-aaackvdk,16:3|19:1|42:3,False,recorded_during_training
3,0.4171052366407366,0.420951423157188,0.0076983247176336,0.9998955008228922,0.0005362955853343,2.3175158500671387,0.0002314096731285,0.0184565525468682,True,True,frozen,1400,train,8:3|68:2,4142,18148,mp-aaaaatio,mp-aaacrsyy,8:3|68:2,False,recorded_during_training
4,0.2721211942498485,0.2781918824998399,0.0077809463141136,0.9998059596510556,0.000603824853897,0.6183542609214783,0.0009765031019552,0.0285936798696008,True,True,frozen,1400,train,8:16|11:2|41:6,4399,9528,mp-aaaaavmx,mp-aaabjmwk,8:8|11:1|41:3,False,recorded_during_training
5,0.2394487393903546,0.1977902122942367,0.0608957794462838,0.9740608896589183,0.0430067256093025,0.8398832082748413,0.0512056023808837,0.2543165589483862,True,False,frozen,1400,train,28:2|83:2,5792,12620,mp-aaaabhvh,mp-aaacewhi,28:1|83:1,False,recorded_during_training
6,0.3213603106123628,0.2871619260356013,0.0509945028363247,0.9671034627215878,0.0585953518748283,0.8843270540237427,0.0662598205134807,0.1586832634657125,True,False,frozen,1400,train,8:8|23:2|83:2,5885,7789,mp-aaaabici,mp-aaabfbmg,8:4|23:1|83:1,False,recorded_during_training
7,0.7221765882568434,0.72183256126532,0.0043517698509742,0.9999901988301096,0.0005808902205899,15.503423690795898,3.746851225737962e-05,0.0060259082359321,True,True,frozen,1400,train,8:12|11:4|17:4,6004,8109,mp-aaaabini,mp-aaabfqcc,8:3|11:1|17:1,False,recorded_during_training
8,0.2874588755028924,0.2897102621489313,0.0037990309292599,0.9999621695851402,0.0001669774792389,1.333327293395996,0.0001252336767319,0.0132159110502806,True,True,frozen,1400,train,8:6|37:4|40:2,10121,10417,mp-aaabqvan,mp-aaabraoy,8:3|37:2|40:1,False,recorded_during_training
9,0.3300182820821646,0.3293931970652082,0.0230098797651479,0.9892396000252284,0.0438713878393173,2.026646614074707,0.0216472805543098,0.0697230457051441,True,False,frozen,1400,train,8:18|56:8|73:4,10582,16766,mp-aaabruec,mp-aaacpwra,8:9|56:4|73:2,False,recorded_during_training
10,0.1434457298446432,0.11412218468719,0.0325376579473442,0.9492409896463154,0.0170330516993999,0.1721307337284088,0.0989541572876522,0.2268290452604175,True,False,frozen,1400,train,59:1|68:3,11977,11981,mp-aaacdnzr,mp-aaacdoad,59:1|68:3,False,recorded_during_training
11,0.1017820875745201,0.0700108934308332,0.0360219620549173,0.8540367224512909,0.0265397112816572,0.0980513766407966,0.2706714805125411,0.3539125882886196,True,False,frozen,1400,train,62:3|69:1,12147,12167,mp-aaacdsei,mp-aaacdspp,62:3|69:1,False,recorded_during_training
12,0.2569476258940995,0.2065144785277652,0.0597793514811542,0.9675874649471886,0.0374305248260498,0.586344838142395,0.0638370501301483,0.2326518926693339,True,False,frozen,1400,train,48:2|71:1,12799,13366,mp-aaacfkmg,mp-aaacilmc,48:2|71:1,False,recorded_during_training
13,0.3711048242627939,0.3588039554201856,0.0218710902129046,0.9857578860103204,0.0353752225637435,1.2508291006088257,0.0282814195372694,0.0589350738200506,True,False,frozen,1400,train,15:1|20:3|83:1,12895,12903,mp-aaacfrja,mp-aaacfroo,15:1|20:3|83:1,False,recorded_during_training
14,0.3156082618079381,0.2701774194265454,0.0616291797941812,0.9893093447001998,0.0499015823006629,2.3338234424591064,0.0213819012153218,0.1952711232625633,True,False,frozen,1400,train,46:2|51:2|57:2,13082,13180,mp-aaacfzan,mp-aaacgikg,46:1|51:1|57:1,False,recorded_during_training
15,0.2423462098959135,0.2308386954232162,0.0272219793973533,0.9663242443638848,0.0381208360195159,0.575656533241272,0.0662214946208881,0.1123268212407575,True,False,frozen,1400,train,19:3|31:1,15832,15834,mp-aaacpkso,mp-aaacpktf,19:3|31:1,False,recorded_during_training
0,0.2116293776424527,0.0366309494504548,0.1846878914604985,0.4791221283773288,0.2603000998497009,0.3378577530384063,0.7704428787227239,0.8726949609639182,True,False,frozen,1500,train,15:16|48:8,423,3943,mp-aaaaabjd,mp-aaaaarxw,15:2|48:1,False,recorded_during_training
1,0.2833879719401011,0.2838750173110327,0.0045223316834324,0.9999329929905124,0.0001688076736172,1.2531861066818235,0.0001347027969087,0.0159580932545305,True,True,frozen,1500,train,8:3|60:2,1183,2658,mp-aaaaaech,mp-aaaaalty,8:3|60:2,False,recorded_during_training
2,0.1626892907661385,0.1614800453426141,0.0043567882275965,0.9984724151989508,0.0006772696506232,0.2212611436843872,0.0030609515947783,0.0267798095810701,True,True,frozen,1500,train,16:6|19:2|42:6,2704,14113,mp-aaaaamae,mp-aaackvdk,16:3|19:1|42:3,False,recorded_during_training
3,0.4171052366407366,0.4206269570795236,0.0059904389092686,0.9999412990361431,0.0004905370878987,2.3175158500671387,0.0002116650412054,0.0143619364683938,True,True,frozen,1500,train,8:3|68:2,4142,18148,mp-aaaaatio,mp-aaacrsyy,8:3|68:2,False,recorded_during_training
4,0.2721211942498485,0.2725242189579546,0.0028001467479441,0.999957000597754,5.323607547325082e-05,0.6183542609214783,8.609316509587537e-05,0.0102900722439619,True,True,frozen,1500,train,8:16|11:2|41:6,4399,9528,mp-aaaaavmx,mp-aaabjmwk,8:8|11:1|41:3,False,recorded_during_training
5,0.2394487393903546,0.1996706682025149,0.0505705957625366,0.9793193951461792,0.0344879105687141,0.8398832082748413,0.0410627456638333,0.2111959156322612,True,False,frozen,1500,train,28:2|83:2,5792,12620,mp-aaaabhvh,mp-aaacewhi,28:1|83:1,False,recorded_during_training
6,0.3213603106123628,0.3072825184564856,0.0186376829944485,0.9814266054961563,0.0325537957251071,0.8843270540237427,0.0368119414383913,0.0579962191315219,True,False,frozen,1500,train,8:8|23:2|83:2,5885,7789,mp-aaaabici,mp-aaabfbmg,8:4|23:1|83:1,False,recorded_during_training
7,0.7221765882568434,0.7229946486938257,0.0028123296480639,0.9999936536985904,0.0002177428395953,15.503423690795898,1.4044822868678544e-05,0.0038942409568444,True,True,frozen,1500,train,8:12|11:4|17:4,6004,8109,mp-aaaabini,mp-aaabfqcc,8:3|11:1|17:1,False,recorded_during_training
8,0.2874588755028924,0.2882827661321725,0.0025434791349736,0.9999773638950376,7.046416430966929e-05,1.333327293395996,5.284836263285097e-05,0.0088481496023526,True,True,frozen,1500,train,8:6|37:4|40:2,10121,10417,mp-aaabqvan,mp-aaabraoy,8:3|37:2|40:1,False,recorded_during_training
9,0.3300182820821646,0.3219519764132172,0.0186307433867085,0.9894896418169684,0.0424191579222679,2.026646614074707,0.0209307126499875,0.0564536705941341,True,False,frozen,1500,train,8:18|56:8|73:4,10582,16766,mp-aaabruec,mp-aaacpwra,8:9|56:4|73:2,False,recorded_during_training
10,0.1434457298446432,0.1195607083083842,0.0301162866053203,0.9653064829421724,0.0117372116073966,0.1721307337284088,0.0681877742176815,0.2099489935178788,True,False,frozen,1500,train,59:1|68:3,11977,11981,mp-aaacdnzr,mp-aaacdoad,59:1|68:3,False,recorded_during_training
11,0.1017820875745201,0.0796280151644168,0.0300061343239121,0.9131438876237548,0.0163135565817356,0.0980513766407966,0.1663776393624641,0.2948076133921216,True,False,frozen,1500,train,62:3|69:1,12147,12167,mp-aaacdsei,mp-aaacdspp,62:3|69:1,False,recorded_during_training
12,0.2569476258940995,0.2030289660897892,0.0662339170868904,0.9725680344396874,0.0371407978236675,0.586344838142395,0.0633429262229606,0.2577720531817196,True,False,frozen,1500,train,48:2|71:1,12799,13366,mp-aaacfkmg,mp-aaacilmc,48:2|71:1,False,recorded_during_training
13,0.3711048242627939,0.3563855435201049,0.0286497658749667,0.9858506906619228,0.0356276407837867,1.2508291006088257,0.0284832202628204,0.0772012757632023,True,False,frozen,1500,train,15:1|20:3|83:1,12895,12903,mp-aaacfrja,mp-aaacfroo,15:1|20:3|83:1,False,recorded_during_training
14,0.3156082618079381,0.2844055933929894,0.0471144640638385,0.9957005416804908,0.0208280496299266,2.3338234424591064,0.0089244324360631,0.1492814661883276,True,False,frozen,1500,train,46:2|51:2|57:2,13082,13180,mp-aaacfzan,mp-aaacgikg,46:1|51:1|57:1,False,recorded_during_training
15,0.2423462098959135,0.231238001688439,0.0272069344865713,0.9663042751209696,0.0381410792469978,0.575656533241272,0.0662566600820839,0.1122647410011344,True,False,frozen,1500,train,19:3|31:1,15832,15834,mp-aaacpkso,mp-aaacpktf,19:3|31:1,False,recorded_during_training
0,0.2116293776424527,0.0382506617111175,0.1847781693403476,0.4842440483638373,0.2586327195167541,0.3378577530384063,0.7655077238596143,0.8731215457833547,True,False,frozen,1600,train,15:16|48:8,423,3943,mp-aaaaabjd,mp-aaaaarxw,15:2|48:1,False,recorded_during_training
1,0.2833879719401011,0.2919139139584956,0.0131353575570472,0.9993788471618986,0.0028100397903472,1.2531861066818235,0.0022423164248027,0.0463511470410027,True,True,frozen,1600,train,8:3|60:2,1183,2658,mp-aaaaaech,mp-aaaaalty,8:3|60:2,False,recorded_during_training
2,0.1626892907661385,0.1607860752264969,0.0065890369587577,0.9980590986437254,0.0008589880890212,0.2212611436843872,0.0038822365044202,0.0405007417988523,True,True,frozen,1600,train,16:6|19:2|42:6,2704,14113,mp-aaaaamae,mp-aaackvdk,16:3|19:1|42:3,False,recorded_during_training
3,0.4171052366407366,0.4264266967527703,0.0177454145714648,0.999334050155776,0.0036156449932605,2.3175158500671387,0.0015601381941598,0.0425442142956105,True,True,frozen,1600,train,8:3|68:2,4142,18148,mp-aaaaatio,mp-aaacrsyy,8:3|68:2,False,recorded_during_training
4,0.2721211942498485,0.2761877287887841,0.0115726130264306,0.999158648716264,0.001125119626522,0.6183542609214783,0.0018195388915819,0.0425274226005536,True,True,frozen,1600,train,8:16|11:2|41:6,4399,9528,mp-aaaaavmx,mp-aaabjmwk,8:8|11:1|41:3,False,recorded_during_training
5,0.2394487393903546,0.1838248275902287,0.0637412704189728,0.9752073565641975,0.0526785254478454,0.8398832082748413,0.0627212509177907,0.2662000667920009,True,False,frozen,1600,train,28:2|83:2,5792,12620,mp-aaaabhvh,mp-aaacewhi,28:1|83:1,False,recorded_during_training
6,0.3213603106123628,0.3294739761617684,0.0222704114489324,0.9976482091998092,0.00532555161044,0.8843270540237427,0.006022151630676,0.0693004416335529,True,True,frozen,1600,train,8:8|23:2|83:2,5885,7789,mp-aaaabici,mp-aaabfbmg,8:4|23:1|83:1,False,recorded_during_training
7,0.7221765882568434,0.7328698391292967,0.0185501314453979,0.9998072176485844,0.0138256773352622,15.503423690795898,0.0008917822031446,0.0256864203950081,True,True,frozen,1600,train,8:12|11:4|17:4,6004,8109,mp-aaaabini,mp-aaabfqcc,8:3|11:1|17:1,False,recorded_during_training
8,0.2874588755028924,0.2908992918304136,0.0083824762728568,0.9995378922230984,0.0012638317421078,1.333327293395996,0.0009478781004241,0.0291606103940682,True,True,frozen,1600,train,8:6|37:4|40:2,10121,10417,mp-aaabqvan,mp-aaabraoy,8:3|37:2|40:1,False,recorded_during_training
9,0.3300182820821646,0.3184807951624293,0.0244929238983218,0.9889283810436976,0.0463951863348484,2.026646614074707,0.0228925881861405,0.074216869876996,True,False,frozen,1600,train,8:18|56:8|73:4,10582,16766,mp-aaabruec,mp-aaacpwra,8:9|56:4|73:2,False,recorded_during_training
10,0.1434457298446432,0.1237823199737135,0.0342972456558641,0.9639396625914486,0.0124903498217463,0.1721307337284088,0.0725631591244702,0.2390956195978036,True,False,frozen,1600,train,59:1|68:3,11977,11981,mp-aaacdnzr,mp-aaacdoad,59:1|68:3,False,recorded_during_training
11,0.1017820875745201,0.0819602779153569,0.033805278140278,0.9107444225678528,0.0170402433723211,0.0980513766407966,0.1737889253176596,0.3321338650627238,True,False,frozen,1600,train,62:3|69:1,12147,12167,mp-aaacdsei,mp-aaacdspp,62:3|69:1,False,recorded_during_training
12,0.2569476258940995,0.2181807295546605,0.0516034924986001,0.973501766150174,0.0306709390133619,0.586344838142395,0.0523087047385474,0.2008327273662706,True,False,frozen,1600,train,48:2|71:1,12799,13366,mp-aaacfkmg,mp-aaacilmc,48:2|71:1,False,recorded_during_training
13,0.3711048242627939,0.3620406631564634,0.0223724698161973,0.9863488189223958,0.0340248681604862,1.2508291006088257,0.0272018520706985,0.060286119590713,True,False,frozen,1600,train,15:1|20:3|83:1,12895,12903,mp-aaacfrja,mp-aaacfroo,15:1|20:3|83:1,False,recorded_during_training
14,0.3156082618079381,0.2921953875472809,0.0313024418344412,0.9971001032874272,0.0136564597487449,2.3338234424591064,0.0058515393668149,0.0991813131098898,True,True,frozen,1600,train,46:2|51:2|57:2,13082,13180,mp-aaacfzan,mp-aaacgikg,46:1|51:1|57:1,False,recorded_during_training
15,0.2423462098959135,0.2333287645058419,0.0284696727074162,0.9661758997188782,0.0384232625365257,0.575656533241272,0.0667468539272559,0.1174752133307299,True,False,frozen,1600,train,19:3|31:1,15832,15834,mp-aaacpkso,mp-aaacpktf,19:3|31:1,False,recorded_during_training
0,0.2116293776424527,0.0386366928763095,0.1846797717282129,0.4862703718879171,0.2579683661460876,0.3378577530384063,0.7635413537979778,0.8726565932648015,True,False,frozen,1700,train,15:16|48:8,423,3943,mp-aaaaabjd,mp-aaaaarxw,15:2|48:1,False,recorded_during_training
1,0.2833879719401011,0.283848907992251,0.001899465563838,0.9999861145867012,3.51355665770825e-05,1.2531861066818235,2.8036990188244408e-05,0.0067027035439581,True,True,frozen,1700,train,8:3|60:2,1183,2658,mp-aaaaaech,mp-aaaaalty,8:3|60:2,False,recorded_during_training
2,0.1626892907661385,0.1616285702984896,0.0028042732228641,0.9986172233149072,0.0006114909774623,0.2212611436843872,0.0027636618309025,0.0172369872021582,True,True,frozen,1700,train,16:6|19:2|42:6,2704,14113,mp-aaaaamae,mp-aaackvdk,16:3|19:1|42:3,False,recorded_during_training
3,0.4171052366407366,0.4175623527721335,0.0013233502824867,0.9999964097186492,1.708903982944321e-05,2.3175158500671387,7.373861037001381e-06,0.0031727011944148,True,True,frozen,1700,train,8:3|68:2,4142,18148,mp-aaaaatio,mp-aaacrsyy,8:3|68:2,False,recorded_during_training
4,0.2721211942498485,0.2725409737420534,0.0011383374992703,0.9999915353247808,1.0468854270584416e-05,0.6183542609214783,1.6930188618711245e-05,0.0041832004390853,True,True,frozen,1700,train,8:16|11:2|41:6,4399,9528,mp-aaaaavmx,mp-aaabjmwk,8:8|11:1|41:3,False,recorded_during_training
5,0.2394487393903546,0.2069671045249208,0.0479998880905725,0.9801490343258542,0.033014066517353,0.8398832082748413,0.0393079254259237,0.2004599740753784,True,False,frozen,1700,train,28:2|83:2,5792,12620,mp-aaaabhvh,mp-aaacewhi,28:1|83:1,False,recorded_during_training
6,0.3213603106123628,0.3195225795341692,0.0042995543106378,0.9993628861519168,0.0011264764470979,0.8843270540237427,0.001273823346207,0.0133792324959013,True,True,frozen,1700,train,8:8|23:2|83:2,5885,7789,mp-aaaabici,mp-aaabfbmg,8:4|23:1|83:1,False,recorded_during_training
7,0.7221765882568434,0.7233974023063974,0.0019858269050354,0.9999961835912856,0.0001185699366033,15.503423690795898,7.647984017472253e-06,0.0027497802301079,True,True,frozen,1700,train,8:12|11:4|17:4,6004,8109,mp-aaaabini,mp-aaabfqcc,8:3|11:1|17:1,False,recorded_during_training
8,0.2874588755028924,0.2876876687095482,0.0010282400172734,0.9999951757454192,1.288918974751141e-05,1.333327293395996,9.66693610139978e-06,0.0035769986766787,True,True,frozen,1700,train,8:6|37:4|40:2,10121,10417,mp-aaabqvan,mp-aaabraoy,8:3|37:2|40:1,False,recorded_during_training
9,0.3300182820821646,0.3216094395312225,0.0182326023196779,0.9895256361939168,0.0422333329916,2.026646614074707,0.020839021809869,0.0552472493482605,True,False,frozen,1700,train,8:18|56:8|73:4,10582,16766,mp-aaabruec,mp-aaacpwra,8:9|56:4|73:2,False,recorded_during_training
10,0.1434457298446432,0.1225405482884802,0.0281907883284695,0.9697441259636536,0.0102583626285195,0.1721307337284088,0.0595963452099459,0.1965258105556796,True,False,frozen,1700,train,59:1|68:3,11977,11981,mp-aaacdnzr,mp-aaacdoad,59:1|68:3,False,recorded_during_training
11,0.1017820875745201,0.0836229922376787,0.0265491029836084,0.925687923920858,0.0140318339690566,0.0980513766407966,0.1431069552491966,0.2608425865127834,True,False,frozen,1700,train,62:3|69:1,12147,12167,mp-aaacdsei,mp-aaacdspp,62:3|69:1,False,recorded_during_training
12,0.2569476258940995,0.2291878693730495,0.0470045130565495,0.9795409046419992,0.0237527005374431,0.586344838142395,0.0405097802390387,0.1829342181815773,True,False,frozen,1700,train,48:2|71:1,12799,13366,mp-aaacfkmg,mp-aaacilmc,48:2|71:1,False,recorded_during_training
13,0.3711048242627939,0.3610029528877874,0.0173302340829692,0.9867552208636964,0.0329148583114147,1.2508291006088257,0.0263144327993279,0.0466990266628737,True,False,frozen,1700,train,15:1|20:3|83:1,12895,12903,mp-aaacfrja,mp-aaacfroo,15:1|20:3|83:1,False,recorded_during_training
14,0.3156082618079381,0.3002738912302902,0.022663122932272,0.99798462035117,0.0093979034572839,2.3338234424591064,0.0040268270882486,0.07180776194656,True,True,frozen,1700,train,46:2|51:2|57:2,13082,13180,mp-aaacfzan,mp-aaacgikg,46:1|51:1|57:1,False,recorded_during_training
15,0.2423462098959135,0.2313013355127395,0.0271895489098596,0.966348743753794,0.0380914956331253,0.575656533241272,0.0661705260576973,0.1121930024056801,True,False,frozen,1700,train,19:3|31:1,15832,15834,mp-aaacpkso,mp-aaacpktf,19:3|31:1,False,recorded_during_training
0,0.2116293776424527,0.038824938391599,0.1846278188322685,0.4864677449974654,0.2579077482223511,0.3378577530384063,0.7633619353202562,0.8724111032646742,True,False,frozen,1800,train,15:16|48:8,423,3943,mp-aaaaabjd,mp-aaaaarxw,15:2|48:1,False,recorded_during_training
1,0.2833879719401011,0.2847343623346035,0.0021827619296175,0.9999885027777288,4.0452989196637645e-05,1.2531861066818235,3.2280113050206684e-05,0.0077023802904341,True,True,frozen,1800,train,8:3|60:2,1183,2658,mp-aaaaaech,mp-aaaaalty,8:3|60:2,False,recorded_during_training
2,0.1626892907661385,0.1617041969748243,0.002584902658782,0.9986582112270702,0.0005934078944846,0.2212611436843872,0.002681934498771,0.0158885852080934,True,True,frozen,1800,train,16:6|19:2|42:6,2704,14113,mp-aaaaamae,mp-aaackvdk,16:3|19:1|42:3,False,recorded_during_training
3,0.4171052366407366,0.4173889543270448,0.0013233815035178,0.999997022677595,1.3803315596305764e-05,2.3175158500671387,5.956082499244129e-06,0.0031727760461029,True,True,frozen,1800,train,8:3|68:2,4142,18148,mp-aaaaatio,mp-aaacrsyy,8:3|68:2,False,recorded_during_training
4,0.2721211942498485,0.2727741679082101,0.0009913341546052,0.9999942529602408,8.383229214814492e-06,0.6183542609214783,1.3557324246980544e-05,0.0036429876670873,True,True,frozen,1800,train,8:16|11:2|41:6,4399,9528,mp-aaaaavmx,mp-aaabjmwk,8:8|11:1|41:3,False,recorded_during_training
5,0.2394487393903546,0.2085288004307415,0.047180945660358,0.9805305340375652,0.0323874801397323,0.8398832082748413,0.0385618855343682,0.197039858219686,True,False,frozen,1800,train,28:2|83:2,5792,12620,mp-aaaabhvh,mp-aaacewhi,28:1|83:1,False,recorded_during_training
6,0.3213603106123628,0.3199531741920953,0.0040464506674187,0.9994201479667632,0.0010273351799696,0.8843270540237427,0.0011617140686754,0.0125916316788095,True,True,frozen,1800,train,8:8|23:2|83:2,5885,7789,mp-aaaabici,mp-aaabfbmg,8:4|23:1|83:1,False,recorded_during_training
7,0.7221765882568434,0.7238795129722098,0.002304784311284,0.9999971032256774,0.0001181514380732,15.503423690795898,7.620990074818086e-06,0.0031914414684186,True,True,frozen,1800,train,8:12|11:4|17:4,6004,8109,mp-aaaabini,mp-aaabfqcc,8:3|11:1|17:1,False,recorded_during_training
8,0.2874588755028924,0.2880826277480048,0.0010334412290058,0.9999964633371652,1.2426450666680466e-05,1.333327293395996,9.319880218629731e-06,0.0035950924360846,True,True,frozen,1800,train,8:6|37:4|40:2,10121,10417,mp-aaabqvan,mp-aaabraoy,8:3|37:2|40:1,False,recorded_during_training
9,0.3300182820821646,0.3223190471158901,0.0181172922435521,0.9895417634042056,0.0421813875436782,2.026646614074707,0.0208133905786711,0.0548978442322826,True,False,frozen,1800,train,8:18|56:8|73:4,10582,16766,mp-aaabruec,mp-aaacpwra,8:9|56:4|73:2,False,recorded_during_training
10,0.1434457298446432,0.1236256053106821,0.0251868383751663,0.9725300973707328,0.0093296961858868,0.1721307337284088,0.0542012224301991,0.1755844416034173,True,False,frozen,1800,train,59:1|68:3,11977,11981,mp-aaacdnzr,mp-aaacdoad,59:1|68:3,False,recorded_during_training
11,0.1017820875745201,0.0854233547963758,0.0253720386061786,0.9377360069634914,0.0118391877040266,0.0980513766407966,0.1207447371942426,0.2492780332060139,True,False,frozen,1800,train,62:3|69:1,12147,12167,mp-aaacdsei,mp-aaacdspp,62:3|69:1,False,recorded_during_training
12,0.2569476258940995,0.2333705570853368,0.0431901078491847,0.9840756682977894,0.0185258518904447,0.586344838142395,0.0315954890114436,0.168089149292181,True,False,frozen,1800,train,48:2|71:1,12799,13366,mp-aaacfkmg,mp-aaacilmc,48:2|71:1,False,recorded_during_training
13,0.3711048242627939,0.3611122019088668,0.0170140418406887,0.9867801842129726,0.0328545197844505,1.2508291006088257,0.0262661939736283,0.0458469972048664,True,False,frozen,1800,train,15:1|20:3|83:1,12895,12903,mp-aaacfrja,mp-aaacfroo,15:1|20:3|83:1,False,recorded_during_training
14,0.3156082618079381,0.3022011980688148,0.0193552912114682,0.9982490631066664,0.0082311267033219,2.3338234424591064,0.003526884919216,0.0613269472116888,True,True,frozen,1800,train,46:2|51:2|57:2,13082,13180,mp-aaacfzan,mp-aaacgikg,46:1|51:1|57:1,False,recorded_during_training
15,0.2423462098959135,0.2311201884188847,0.0271441184489447,0.966366571436974,0.038072645664215,0.575656533241272,0.0661377808914016,0.1120055414136782,True,False,frozen,1800,train,19:3|31:1,15832,15834,mp-aaacpkso,mp-aaacpktf,19:3|31:1,False,recorded_during_training
0,0.2116293776424527,0.0363544617378011,0.1846830582727534,0.4833378752838155,0.2590778470039367,0.3378577530384063,0.7668252235563936,0.8726721229827316,True,False,frozen,1900,train,15:16|48:8,423,3943,mp-aaaaabjd,mp-aaaaarxw,15:2|48:1,False,recorded_during_training
1,0.2833879719401011,0.2838846835738593,0.0039392417956776,0.9999459942318336,0.000135481765028,1.2531861066818235,0.0001081098524039,0.0139005257305353,True,True,frozen,1900,train,8:3|60:2,1183,2658,mp-aaaaaech,mp-aaaaalty,8:3|60:2,False,recorded_during_training
2,0.1626892907661385,0.1618663689350796,0.0054559875625272,0.9983897625222112,0.0007178283995017,0.2212611436843872,0.0032442587412712,0.0335362428395494,True,True,frozen,1900,train,16:6|19:2|42:6,2704,14113,mp-aaaaamae,mp-aaackvdk,16:3|19:1|42:3,False,recorded_during_training
3,0.4171052366407366,0.417470921916319,0.0046772996980593,0.9999553083153876,0.0002104428858729,2.3175158500671387,9.080537070191404e-05,0.011213716077336,True,True,frozen,1900,train,8:3|68:2,4142,18148,mp-aaaaatio,mp-aaacrsyy,8:3|68:2,False,recorded_during_training
4,0.2721211942498485,0.2732416188298998,0.0038440741207637,0.9999191031977496,0.0001032619766192,0.6183542609214783,0.0001669948493042,0.014126331215621,True,True,frozen,1900,train,8:16|11:2|41:6,4399,9528,mp-aaaaavmx,mp-aaabjmwk,8:8|11:1|41:3,False,recorded_during_training
5,0.2394487393903546,0.2081306356825791,0.048064349117709,0.9800484049569164,0.033182431012392,0.8398832082748413,0.0395083872203496,0.2007291800327815,True,False,frozen,1900,train,28:2|83:2,5792,12620,mp-aaaabhvh,mp-aaacewhi,28:1|83:1,False,recorded_during_training
6,0.3213603106123628,0.3199927023406808,0.0068795046927725,0.9993089158338684,0.0012219409691169,0.8843270540237427,0.001381774948032,0.0214074497241536,True,True,frozen,1900,train,8:8|23:2|83:2,5885,7789,mp-aaaabici,mp-aaabfbmg,8:4|23:1|83:1,False,recorded_during_training
7,0.7221765882568434,0.7225259437022764,0.0035346683101629,0.9999937743242374,0.000249807984801,15.503423690795898,1.6113085069675015e-05,0.0048944653809599,True,True,frozen,1900,train,8:12|11:4|17:4,6004,8109,mp-aaaabini,mp-aaabfqcc,8:3|11:1|17:1,False,recorded_during_training
8,0.2874588755028924,0.2871842286380843,0.0033169255314522,0.9999555592818992,0.0001200237165903,1.333327293395996,9.00181952209692e-05,0.0115387828107567,True,True,frozen,1900,train,8:6|37:4|40:2,10121,10417,mp-aaabqvan,mp-aaabraoy,8:3|37:2|40:1,False,recorded_during_training
9,0.3300182820821646,0.3216745437270774,0.0187059025951938,0.9894859663746352,0.0423935912549495,2.026646614074707,0.020918097393267,0.0566814131543678,True,False,frozen,1900,train,8:18|56:8|73:4,10582,16766,mp-aaabruec,mp-aaacpwra,8:9|56:4|73:2,False,recorded_during_training
10,0.1434457298446432,0.1287503716253581,0.021265951125045,0.9855042550890089,0.0049542654305696,0.1721307337284088,0.0287819921710586,0.1482508482342193,True,False,frozen,1900,train,59:1|68:3,11977,11981,mp-aaacdnzr,mp-aaacdoad,59:1|68:3,False,recorded_during_training
11,0.1017820875745201,0.0860423858194963,0.0237658362827914,0.9402956218834788,0.0113602327182888,0.0980513766407966,0.11586000225072,0.2334972375703264,True,False,frozen,1900,train,62:3|69:1,12147,12167,mp-aaacdsei,mp-aaacdspp,62:3|69:1,False,recorded_during_training
12,0.2569476258940995,0.232893951385364,0.043551970881964,0.9839118470955716,0.0187188256531953,0.586344838142395,0.0319246021035994,0.1694974636578815,True,False,frozen,1900,train,48:2|71:1,12799,13366,mp-aaacfkmg,mp-aaacilmc,48:2|71:1,False,recorded_during_training
13,0.3711048242627939,0.3636439250852277,0.019252166048794,0.9866404929092292,0.0332803539931774,1.2508291006088257,0.0266066355323669,0.0518779729879255,True,False,frozen,1900,train,15:1|20:3|83:1,12895,12903,mp-aaacfrja,mp-aaacfroo,15:1|20:3|83:1,False,recorded_during_training
14,0.3156082618079381,0.2920328508316743,0.045005248635789,0.9961228514384012,0.0182923395186662,2.3338234424591064,0.0078379277480356,0.1425984490329241,True,False,frozen,1900,train,46:2|51:2|57:2,13082,13180,mp-aaacfzan,mp-aaacgikg,46:1|51:1|57:1,False,recorded_during_training
15,0.2423462098959135,0.2309089633061205,0.0271984338621962,0.96625535915914,0.0382042750716209,0.575656533241272,0.0663664405170723,0.1122296646350599,True,False,frozen,1900,train,19:3|31:1,15832,15834,mp-aaacpkso,mp-aaacpktf,19:3|31:1,False,recorded_during_training
0,0.2116293776424527,0.0461267995411276,0.1771946832743083,0.5145674252834238,0.2484311312437057,0.3378577530384063,0.7353128025316177,0.8372877397658763,True,False,frozen,2000,train,15:16|48:8,423,3943,mp-aaaaabjd,mp-aaaaarxw,15:2|48:1,False,recorded_during_training
1,0.2833879719401011,0.2825238301985848,0.004995590078721,0.999924041721613,0.0002906580048147,1.2531861066818235,0.0002319352275492,0.0176280949559037,True,True,frozen,2000,train,8:3|60:2,1183,2658,mp-aaaaaech,mp-aaaaalty,8:3|60:2,False,recorded_during_training
2,0.1626892907661385,0.1618516606467892,0.0066682996766758,0.9981068366077984,0.0008369754068553,0.2212611436843872,0.0037827491665198,0.0409879448442695,True,True,frozen,2000,train,16:6|19:2|42:6,2704,14113,mp-aaaaamae,mp-aaackvdk,16:3|19:1|42:3,False,recorded_during_training
3,0.4171052366407366,0.4182160570894524,0.0039929683346002,0.9999740773440092,0.000141535361763,2.3175158500671387,6.107201457068335e-05,0.0095730477199439,True,True,frozen,2000,train,8:3|68:2,4142,18148,mp-aaaaatio,mp-aaacrsyy,8:3|68:2,False,recorded_during_training
4,0.2721211942498485,0.2708063404419363,0.0049144578164259,0.9998716475741636,0.0002076076052617,0.6183542609214783,0.0003357421762604,0.0180598127609044,True,True,frozen,2000,train,8:16|11:2|41:6,4399,9528,mp-aaaaavmx,mp-aaabjmwk,8:8|11:1|41:3,False,recorded_during_training
5,0.2394487393903546,0.2054097623977497,0.0486223794823956,0.98020285370323,0.033268354833126,0.8398832082748413,0.0396106917073158,0.2030596594753017,True,False,frozen,2000,train,28:2|83:2,5792,12620,mp-aaaabhvh,mp-aaacewhi,28:1|83:1,False,recorded_during_training
6,0.3213603106123628,0.3163923398474892,0.0078759726616866,0.9992967469980988,0.0013613230548799,0.8843270540237427,0.0015393886783015,0.0245082307976323,True,True,frozen,2000,train,8:8|23:2|83:2,5885,7789,mp-aaaabici,mp-aaabfbmg,8:4|23:1|83:1,False,recorded_during_training
7,0.7221765882568434,0.7226503806576474,0.0047600808300884,0.9999870743318388,0.0004511272418312,15.503423690795898,2.909855595955227e-05,0.0065912976237268,True,True,frozen,2000,train,8:12|11:4|17:4,6004,8109,mp-aaaabini,mp-aaabfqcc,8:3|11:1|17:1,False,recorded_during_training
8,0.2874588755028924,0.2865120768427829,0.0044859833029562,0.9999185906033468,0.000233887010836,1.333327293395996,0.0001754160527535,0.0156056524437044,True,True,frozen,2000,train,8:6|37:4|40:2,10121,10417,mp-aaabqvan,mp-aaabraoy,8:3|37:2|40:1,False,recorded_during_training
9,0.3300182820821646,0.3229680621713342,0.0187367611194204,0.9895144209353042,0.0422930791974067,2.026646614074707,0.0208685021373182,0.0567749186536143,True,False,frozen,2000,train,8:18|56:8|73:4,10582,16766,mp-aaabruec,mp-aaacpwra,8:9|56:4|73:2,False,recorded_during_training
10,0.1434457298446432,0.1298291794710913,0.0201463170305835,0.9877267250952192,0.004199409391731,0.1721307337284088,0.0243966274980093,0.1404455681769177,True,False,frozen,2000,train,59:1|68:3,11977,11981,mp-aaacdnzr,mp-aaacdoad,59:1|68:3,False,recorded_during_training
11,0.1017820875745201,0.0847565520389252,0.0239083913311333,0.9403008925608598,0.0113987103104591,0.0980513766407966,0.1162524250140556,0.2348978283003746,True,False,frozen,2000,train,62:3|69:1,12147,12167,mp-aaacdsei,mp-aaacdspp,62:3|69:1,False,recorded_during_training
12,0.2569476258940995,0.2351190958569162,0.0376486532488655,0.987323876092588,0.0147944781929254,0.586344838142395,0.0252317019448759,0.1465226740969476,True,False,frozen,2000,train,48:2|71:1,12799,13366,mp-aaacfkmg,mp-aaacilmc,48:2|71:1,False,recorded_during_training
13,0.3711048242627939,0.3632141314475987,0.0211062411257501,0.9864169616677908,0.0338765420019626,1.2508291006088257,0.0270832697971878,0.0568740683112325,True,False,frozen,2000,train,15:1|20:3|83:1,12895,12903,mp-aaacfrja,mp-aaacfroo,15:1|20:3|83:1,False,recorded_during_training
14,0.3156082618079381,0.2987102983674958,0.0264267062252656,0.997904082856595,0.0098038893193006,2.3338234424591064,0.0042007844899228,0.083732618638949,True,True,frozen,2000,train,46:2|51:2|57:2,13082,13180,mp-aaacfzan,mp-aaacgikg,46:1|51:1|57:1,False,recorded_during_training
15,0.2423462098959135,0.2321314492400006,0.0273616631565118,0.9662589240422886,0.0382016450166702,0.575656533241272,0.066361871725095,0.1129032022752226,True,False,frozen,2000,train,19:3|31:1,15832,15834,mp-aaacpkso,mp-aaacpktf,19:3|31:1,False,recorded_during_training
0,0.2116293776424527,0.0001042312651406,0.211621346120296,0.101530267918799,0.337828665971756,0.3378577530384063,0.9999139073577896,0.9999620491150796,True,False,joint,0,train,15:16|48:8,423,3943,mp-aaaaabjd,mp-aaaaarxw,15:2|48:1,False,recorded_during_training
1,0.2833879719401011,0.0140791186004207,0.285815321463815,-0.2768518416413254,1.2828112840652466,1.2531861066818235,1.023639886546352,1.0085654641835928,True,False,joint,0,train,8:3|60:2,1183,2658,mp-aaaaaech,mp-aaaaalty,8:3|60:2,False,recorded_during_training
2,0.1626892907661385,0.0045087999897077,0.1627728253952227,0.1035976961689621,0.2203034311532974,0.2212611436843872,0.995671573801246,1.0005134611423456,True,False,joint,0,train,16:6|19:2|42:6,2704,14113,mp-aaaaamae,mp-aaackvdk,16:3|19:1|42:3,False,recorded_during_training
3,0.4171052366407366,0.0354602003908439,0.4192679100090117,0.0287614482188894,2.321021556854248,2.3175158500671387,1.0015127002419455,1.0051849585627186,True,False,joint,0,train,8:3|68:2,4142,18148,mp-aaaaatio,mp-aaacrsyy,8:3|68:2,False,recorded_during_training
4,0.2721211942498485,0.0141142857473823,0.2679511999840542,0.3484648373639211,0.6003558039665222,0.6183542609214783,0.97089296849328,0.9846759666137378,True,False,joint,0,train,8:16|11:2|41:6,4399,9528,mp-aaaaavmx,mp-aaabjmwk,8:8|11:1|41:3,False,recorded_during_training
5,0.2394487393903546,0.0018268714775331,0.2399597901385277,-0.2646117631054319,0.842526376247406,0.8398832082748413,1.003147066099814,1.002134280387002,True,False,joint,0,train,28:2|83:2,5792,12620,mp-aaaabhvh,mp-aaacewhi,28:1|83:1,False,recorded_during_training
6,0.3213603106123628,0.0026000748039223,0.3209896409971406,0.2093709975804691,0.8814975619316101,0.8843270540237427,0.996800400848014,0.9988465606891036,True,False,joint,0,train,8:8|23:2|83:2,5885,7789,mp-aaaabici,mp-aaabfbmg,8:4|23:1|83:1,False,recorded_during_training
7,0.7221765882568434,0.0111576632334617,0.7262400004983647,0.0708717022328803,15.48666763305664,15.503423690795898,0.9989192027468612,1.0056266186243026,True,False,joint,0,train,8:12|11:4|17:4,6004,8109,mp-aaaabini,mp-aaabfqcc,8:3|11:1|17:1,False,recorded_during_training
8,0.2874588755028924,0.0224531985790008,0.2937166520434573,0.0151684802694954,1.338024616241455,1.333327293395996,1.0035230080931554,1.0217692931888684,True,False,joint,0,train,8:6|37:4|40:2,10121,10417,mp-aaabqvan,mp-aaabraoy,8:3|37:2|40:1,False,recorded_during_training
9,0.3300182820821646,0.0082572900664672,0.3337079029097367,-0.1238152147928745,2.036417961120605,2.026646614074707,1.0048214360500929,1.0111800497969183,True,False,joint,0,train,8:18|56:8|73:4,10582,16766,mp-aaabruec,mp-aaacpwra,8:9|56:4|73:2,False,recorded_during_training
10,0.1434457298446432,0.0018212422983197,0.143531341617745,-0.0018192841911041,0.1721574366092682,0.1721307337284088,1.0001551313950796,1.000596823434163,True,False,joint,0,train,59:1|68:3,11977,11981,mp-aaacdnzr,mp-aaacdoad,59:1|68:3,False,recorded_during_training
11,0.1017820875745201,0.0019802386232186,0.1017193306356603,0.0089886213344042,0.098049595952034,0.0980513766407966,0.9999818392273144,0.9993834186313592,True,False,joint,0,train,62:3|69:1,12147,12167,mp-aaacdsei,mp-aaacdspp,62:3|69:1,False,recorded_during_training
12,0.2569476258940995,0.0011488423915579,0.2571577946655452,-0.0911176541861635,0.5867342352867126,0.586344838142395,1.0006641094437725,1.000817944009852,True,False,joint,0,train,48:2|71:1,12799,13366,mp-aaacfkmg,mp-aaacilmc,48:2|71:1,False,recorded_during_training
13,0.3711048242627939,0.0025004961926242,0.3705427581077956,0.2893364432373005,1.24623441696167,1.2508291006088257,0.9963266895174414,0.9984854248227172,True,False,joint,0,train,15:1|20:3|83:1,12895,12903,mp-aaacfrja,mp-aaacfroo,15:1|20:3|83:1,False,recorded_during_training
14,0.3156082618079381,0.0019042943131353,0.3155998492111393,-0.0015934399222053,2.3338773250579834,2.3338234424591064,1.0000230876928806,0.9999733448143894,True,False,joint,0,train,46:2|51:2|57:2,13082,13180,mp-aaacfzan,mp-aaacgikg,46:1|51:1|57:1,False,recorded_during_training
15,0.2423462098959135,0.0066834050012403,0.2444697510727564,-0.224448414385901,0.5832270383834839,0.575656533241272,1.013151080036538,1.0087624278413725,True,False,joint,0,train,19:3|31:1,15832,15834,mp-aaacpkso,mp-aaacpktf,19:3|31:1,False,recorded_during_training
0,0.2116293776424527,0.0264832214015768,0.2032770376325743,0.4269436424740318,0.3035100996494293,0.3378577530384063,0.8983369389037743,0.9605331731212212,True,False,joint,100,train,15:16|48:8,423,3943,mp-aaaaabjd,mp-aaaaarxw,15:2|48:1,False,recorded_during_training
1,0.2833879719401011,0.2508898846767806,0.0562514113813676,0.986496398295162,0.0336216762661933,1.2531861066818235,0.0268289570774261,0.1984961146948656,True,False,joint,100,train,8:3|60:2,1183,2658,mp-aaaaaech,mp-aaaaalty,8:3|60:2,False,recorded_during_training
2,0.1626892907661385,0.1059080549530335,0.0960681452488643,0.7647523432127875,0.0925710499286651,0.2212611436843872,0.4183791531906342,0.5905007317719496,True,False,joint,100,train,16:6|19:2|42:6,2704,14113,mp-aaaaamae,mp-aaackvdk,16:3|19:1|42:3,False,recorded_during_training
3,0.4171052366407366,0.3716080805372144,0.0799546639818231,0.9647744803781932,0.1604421883821487,2.3175158500671387,0.0692302442624074,0.1916894274110736,True,False,joint,100,train,8:3|68:2,4142,18148,mp-aaaaatio,mp-aaacrsyy,8:3|68:2,False,recorded_during_training
4,0.2721211942498485,0.26906162680757,0.0273173504676833,0.9931577499363184,0.0084335356950759,0.6183542609214783,0.0136386796825952,0.1003867065297453,True,False,joint,100,train,8:16|11:2|41:6,4399,9528,mp-aaaaavmx,mp-aaabjmwk,8:8|11:1|41:3,False,recorded_during_training
5,0.2394487393903546,0.1418518751440842,0.1106130671951177,0.9410117637397022,0.0961720496416091,0.8398832082748413,0.1145064560097004,0.4619488391408647,True,False,joint,100,train,28:2|83:2,5792,12620,mp-aaaabhvh,mp-aaacewhi,28:1|83:1,False,recorded_during_training
6,0.3213603106123628,0.3145600502425623,0.0223719477467057,0.9946325509167422,0.0095929037779569,0.8843270540237427,0.0108476877805656,0.0696163994367419,True,False,joint,100,train,8:8|23:2|83:2,5885,7789,mp-aaaabici,mp-aaabfbmg,8:4|23:1|83:1,False,recorded_during_training
7,0.7221765882568434,0.7296334566289033,0.0201860349715161,0.9998422234958118,0.00586973503232,15.503423690795898,0.0003786089543437,0.0279516607153387,True,True,joint,100,train,8:12|11:4|17:4,6004,8109,mp-aaaabini,mp-aaabfqcc,8:3|11:1|17:1,False,recorded_during_training
8,0.2874588755028924,0.2846099129977375,0.0131617972621569,0.999239353217364,0.0020607414189726,1.333327293395996,0.0015455630655575,0.0457867138008215,True,True,joint,100,train,8:6|37:4|40:2,10121,10417,mp-aaabqvan,mp-aaabraoy,8:3|37:2|40:1,False,recorded_during_training
9,0.3300182820821646,0.297517940714215,0.059876855704033,0.9745980054714526,0.1017711162567138,2.026646614074707,0.0502165081716423,0.1814349657426719,True,False,joint,100,train,8:18|56:8|73:4,10582,16766,mp-aaabruec,mp-aaacpwra,8:9|56:4|73:2,False,recorded_during_training
10,0.1434457298446432,0.0123729380890154,0.1380503659385112,0.4178925742216404,0.157748281955719,0.1721307337284088,0.916444603115544,0.962387420580764,True,False,joint,100,train,59:1|68:3,11977,11981,mp-aaacdnzr,mp-aaacdoad,59:1|68:3,False,recorded_during_training
11,0.1017820875745201,0.0107317179042638,0.1000381081460091,0.2258603823194257,0.0936572104692459,0.0980513766407966,0.9551850639726516,0.982865556503406,True,False,joint,100,train,62:3|69:1,12147,12167,mp-aaacdsei,mp-aaacdspp,62:3|69:1,False,recorded_during_training
12,0.2569476258940995,0.13904260168988,0.1427248162397063,0.8205424709652743,0.1915725469589233,0.586344838142395,0.3267233452004903,0.5554626774350121,True,False,joint,100,train,48:2|71:1,12799,13366,mp-aaacfkmg,mp-aaacilmc,48:2|71:1,False,recorded_during_training
13,0.3711048242627939,0.3684300824060642,0.0439254864781091,0.990397380284521,0.0239098630845546,1.2508291006088257,0.0191152117207033,0.1183640944721423,True,False,joint,100,train,15:1|20:3|83:1,12895,12903,mp-aaacfrja,mp-aaacfroo,15:1|20:3|83:1,False,recorded_during_training
14,0.3156082618079381,0.2450366887812833,0.0936971618546067,0.9813642913182704,0.0866093710064888,2.3338234424591064,0.0371105069178798,0.2968780389900747,True,False,joint,100,train,46:2|51:2|57:2,13082,13180,mp-aaacfzan,mp-aaacgikg,46:1|51:1|57:1,False,recorded_during_training
15,0.2423462098959135,0.2272531635339874,0.0444525846273791,0.958159461406598,0.0473263226449489,0.575656533241272,0.0822127777799636,0.183425953500454,True,False,joint,100,train,19:3|31:1,15832,15834,mp-aaacpkso,mp-aaacpktf,19:3|31:1,False,recorded_during_training
0,0.2116293776424527,0.2125916717341169,0.0088354266525811,0.9989219402410058,0.0007334717083722,0.3378577530384063,0.0021709482815652,0.0417495281184856,True,True,joint,200,train,15:16|48:8,423,3943,mp-aaaaabjd,mp-aaaaarxw,15:2|48:1,False,recorded_during_training
1,0.2833879719401011,0.2771626476575193,0.0233700244103829,0.9971316659714288,0.0073298932984471,1.2531861066818235,0.0058490061925879,0.0824665360720482,True,True,joint,200,train,8:3|60:2,1183,2658,mp-aaaaaech,mp-aaaaalty,8:3|60:2,False,recorded_during_training
2,0.1626892907661385,0.1564115133951418,0.0150111557159107,0.9865300064100648,0.0059227482415735,0.2212611436843872,0.0267681353487982,0.0922688619836006,True,False,joint,200,train,16:6|19:2|42:6,2704,14113,mp-aaaaamae,mp-aaackvdk,16:3|19:1|42:3,False,recorded_during_training
3,0.4171052366407366,0.4148880799773451,0.0188757572577742,0.9994997147847902,0.0041886251419782,2.3175158500671387,0.0018073771283406,0.0452541843151981,True,True,joint,200,train,8:3|68:2,4142,18148,mp-aaaaatio,mp-aaacrsyy,8:3|68:2,False,recorded_during_training
4,0.2721211942498485,0.2716993812200599,0.0083612552380145,0.9996181624537046,0.0005259332829155,0.6183542609214783,0.0008505371696343,0.0307262183714277,True,True,joint,200,train,8:16|11:2|41:6,4399,9528,mp-aaaaavmx,mp-aaabjmwk,8:8|11:1|41:3,False,recorded_during_training
5,0.2394487393903546,0.1467551309178247,0.0942185273665927,0.953819168940152,0.0760294497013092,0.8398832082748413,0.0905238358765109,0.3934809914074997,True,False,joint,200,train,28:2|83:2,5792,12620,mp-aaaabhvh,mp-aaacewhi,28:1|83:1,False,recorded_during_training
6,0.3213603106123628,0.3190946522654485,0.006877044527755,0.9998324369987374,0.0003975426079705,0.8843270540237427,0.000449542515025,0.0213997942516629,True,True,joint,200,train,8:8|23:2|83:2,5885,7789,mp-aaaabici,mp-aaabfbmg,8:4|23:1|83:1,False,recorded_during_training
7,0.7221765882568434,0.7234871818219517,0.0184344380396623,0.9996632100889086,0.0126410918310284,15.503423690795898,0.0008153742091518,0.0255262194031498,True,True,joint,200,train,8:12|11:4|17:4,6004,8109,mp-aaaabini,mp-aaabfqcc,8:3|11:1|17:1,False,recorded_during_training
8,0.2874588755028924,0.2864090786050468,0.0055686922219848,0.9998639856106534,0.000479712645756,1.333327293395996,0.0003597861141312,0.0193721352741075,True,True,joint,200,train,8:6|37:4|40:2,10121,10417,mp-aaabqvan,mp-aaabraoy,8:3|37:2|40:1,False,recorded_during_training
9,0.3300182820821646,0.3169051881820905,0.0336258425693358,0.9815084592922156,0.0749471858143806,2.026646614074707,0.0369808852189057,0.1018908478560107,True,False,joint,200,train,8:18|56:8|73:4,10582,16766,mp-aaabruec,mp-aaacpwra,8:9|56:4|73:2,False,recorded_during_training
10,0.1434457298446432,0.1088612115205052,0.0516142427890571,0.9208581973938648,0.0262085571885108,0.1721307337284088,0.152259603040229,0.3598172134155347,True,False,joint,200,train,59:1|68:3,11977,11981,mp-aaacdnzr,mp-aaacdoad,59:1|68:3,False,recorded_during_training
11,0.1017820875745201,0.0590179312789587,0.0605721894012276,0.7669314229033315,0.040463201701641,0.0980513766407966,0.4126734686232379,0.5951163986185636,True,False,joint,200,train,62:3|69:1,12147,12167,mp-aaacdsei,mp-aaacdspp,62:3|69:1,False,recorded_during_training
12,0.2569476258940995,0.1918049049030514,0.0841933538371222,0.955446018113676,0.0511098802089691,0.586344838142395,0.0871669312735673,0.3276673740189464,True,False,joint,200,train,48:2|71:1,12799,13366,mp-aaacfkmg,mp-aaacilmc,48:2|71:1,False,recorded_during_training
13,0.3711048242627939,0.3654329004822898,0.0137426197539056,0.9986841508710848,0.0033037124667316,1.2508291006088257,0.0026412181049542,0.0370316386514393,True,True,joint,200,train,15:1|20:3|83:1,12895,12903,mp-aaacfrja,mp-aaacfroo,15:1|20:3|83:1,False,recorded_during_training
14,0.3156082618079381,0.2604291049368612,0.0647647188244491,0.9907847847309066,0.0430516675114631,2.3338234424591064,0.0184468399486554,0.2052060312155623,True,False,joint,200,train,46:2|51:2|57:2,13082,13180,mp-aaacfzan,mp-aaacgikg,46:1|51:1|57:1,False,recorded_during_training
15,0.2423462098959135,0.2299188494745294,0.0285163298159432,0.9656709789878386,0.0388461910188198,0.575656533241272,0.0674815428569771,0.1176677358733641,True,False,joint,200,train,19:3|31:1,15832,15834,mp-aaacpkso,mp-aaacpktf,19:3|31:1,False,recorded_during_training
0,0.2116293776424527,0.2117667043057736,0.0038527804762225,0.9998348986724596,0.0001152343975263,0.3378577530384063,0.000341073710726,0.018205319692107,True,True,joint,300,train,15:16|48:8,423,3943,mp-aaaaabjd,mp-aaaaarxw,15:2|48:1,False,recorded_during_training
1,0.2833879719401011,0.2817420774762809,0.0095283491054374,0.998585442053345,0.0035714558325707,1.2531861066818235,0.0028499005961909,0.0336229835028122,True,True,joint,300,train,8:3|60:2,1183,2658,mp-aaaaaech,mp-aaaaalty,8:3|60:2,False,recorded_during_training
2,0.1626892907661385,0.1623250256525352,0.0040512778214178,0.999541659885619,0.0002037836384261,0.2212611436843872,0.0009210096044553,0.0249019330180835,True,True,joint,300,train,16:6|19:2|42:6,2704,14113,mp-aaaaamae,mp-aaackvdk,16:3|19:1|42:3,False,recorded_during_training
3,0.4171052366407366,0.4151346552632731,0.008169639550033,0.9998956332871576,0.0008595288963988,2.3175158500671387,0.0003708837186049,0.0195865187784006,True,True,joint,300,train,8:3|68:2,4142,18148,mp-aaaaatio,mp-aaacrsyy,8:3|68:2,False,recorded_during_training
4,0.2721211942498485,0.2728717823629267,0.0032304555061273,0.9999329948192016,8.289569814223796e-05,0.6183542609214783,0.0001340585864463,0.0118713851562818,True,True,joint,300,train,8:16|11:2|41:6,4399,9528,mp-aaaaavmx,mp-aaabjmwk,8:8|11:1|41:3,False,recorded_during_training
5,0.2394487393903546,0.1577562495068036,0.0861436432233517,0.965371022799808,0.0572136342525482,0.8398832082748413,0.0681209407318282,0.3597581822425822,True,False,joint,300,train,28:2|83:2,5792,12620,mp-aaaabhvh,mp-aaacewhi,28:1|83:1,False,recorded_during_training
6,0.3213603106123628,0.3215524706281485,0.003733780187531,0.9999260751835664,0.0001314489200012,0.8843270540237427,0.0001486428798069,0.0116186724502978,True,True,joint,300,train,8:8|23:2|83:2,5885,7789,mp-aaaabici,mp-aaabfbmg,8:4|23:1|83:1,False,recorded_during_training
7,0.7221765882568434,0.7251275530573764,0.0081760833994337,0.9999765110274296,0.0009898169664666,15.503423690795898,6.384505682149693e-05,0.0113214462118867,True,True,joint,300,train,8:12|11:4|17:4,6004,8109,mp-aaaabini,mp-aaabfqcc,8:3|11:1|17:1,False,recorded_during_training
8,0.2874588755028924,0.2867581721307033,0.0030310919393912,0.999959876966468,0.0001358443550998,1.333327293395996,0.0001018837278533,0.0105444367793079,True,True,joint,300,train,8:6|37:4|40:2,10121,10417,mp-aaabqvan,mp-aaabraoy,8:3|37:2|40:1,False,recorded_during_training
9,0.3300182820821646,0.3190116514500687,0.0299856528851023,0.9819020791462671,0.0727075636386871,2.026646614074707,0.0358757975533306,0.0908605811045244,True,False,joint,300,train,8:18|56:8|73:4,10582,16766,mp-aaabruec,mp-aaacpwra,8:9|56:4|73:2,False,recorded_during_training
10,0.1434457298446432,0.1229748434510611,0.0284071233610916,0.9675917333801964,0.0109906308352947,0.1721307337284088,0.0638504850193455,0.1980339421177441,True,False,joint,300,train,59:1|68:3,11977,11981,mp-aaacdnzr,mp-aaacdoad,59:1|68:3,False,recorded_during_training
11,0.1017820875745201,0.0758932907674534,0.0306773860556859,0.8792532814305246,0.0222722794860601,0.0980513766407966,0.2271490747922168,0.3014026022331814,True,False,joint,300,train,62:3|69:1,12147,12167,mp-aaacdsei,mp-aaacdspp,62:3|69:1,False,recorded_during_training
12,0.2569476258940995,0.2242032626838295,0.0472869526070667,0.9835917594870304,0.0192045122385025,0.586344838142395,0.0327529313626167,0.1840334287679153,True,False,joint,300,train,48:2|71:1,12799,13366,mp-aaacfkmg,mp-aaacilmc,48:2|71:1,False,recorded_during_training
13,0.3711048242627939,0.3679346838963226,0.0117943726148084,0.9991432825596346,0.0021724333055317,1.2508291006088257,0.0017367946624157,0.0317817819755864,True,True,joint,300,train,15:1|20:3|83:1,12895,12903,mp-aaacfrja,mp-aaacfroo,15:1|20:3|83:1,False,recorded_during_training
14,0.3156082618079381,0.2851556179377894,0.0469714141188433,0.995315369338968,0.0218800939619541,2.3338234424591064,0.0093752138931724,0.148828214603037,True,False,joint,300,train,46:2|51:2|57:2,13082,13180,mp-aaacfzan,mp-aaacgikg,46:1|51:1|57:1,False,recorded_during_training
15,0.2423462098959135,0.2309741747443467,0.0279217091259624,0.966132716717818,0.0383348502218723,0.575656533241272,0.0665932687431261,0.1152141357521321,True,False,joint,300,train,19:3|31:1,15832,15834,mp-aaacpkso,mp-aaacpktf,19:3|31:1,False,recorded_during_training
0,0.2116293776424527,0.2116126494511263,0.0021615516724295,0.9999514383011304,3.598571493057534e-05,0.3378577530384063,0.0001065114374524,0.0102138545059728,True,True,joint,400,train,15:16|48:8,423,3943,mp-aaaaabjd,mp-aaaaarxw,15:2|48:1,False,recorded_during_training
1,0.2833879719401011,0.2839505861630869,0.0052006278421004,0.9999105213806484,0.0002430130407446,1.2531861066818235,0.0001939161625308,0.0183516181244264,True,True,joint,400,train,8:3|60:2,1183,2658,mp-aaaaaech,mp-aaaaalty,8:3|60:2,False,recorded_during_training
2,0.1626892907661385,0.1630488724040333,0.0020049725135322,0.9999273403873578,3.276404459029436e-05,0.2212611436843872,0.000148078618978,0.0123239366530545,True,True,joint,400,train,16:6|19:2|42:6,2704,14113,mp-aaaaamae,mp-aaackvdk,16:3|19:1|42:3,False,recorded_during_training
3,0.4171052366407366,0.4169990683383275,0.0052203117165845,0.9999412383507597,0.0003398817207198,2.3175158500671387,0.0001466577761312,0.0125155746272275,True,True,joint,400,train,8:3|68:2,4142,18148,mp-aaaaatio,mp-aaacrsyy,8:3|68:2,False,recorded_during_training
4,0.2721211942498485,0.2711224802060314,0.0045215037353045,0.9999159017615772,0.0001466213579988,0.6183542609214783,0.0002371154648151,0.0166157720561565,True,True,joint,400,train,8:16|11:2|41:6,4399,9528,mp-aaaaavmx,mp-aaabjmwk,8:8|11:1|41:3,False,recorded_during_training
5,0.2394487393903546,0.1844198837518433,0.0720875950444224,0.972681302749664,0.0452728271484375,0.8398832082748413,0.0539037174483223,0.3010564817670793,True,False,joint,400,train,28:2|83:2,5792,12620,mp-aaaabhvh,mp-aaacewhi,28:1|83:1,False,recorded_during_training
6,0.3213603106123628,0.3202475348491589,0.0031456366971269,0.99996607699559,8.322107896674424e-05,0.8843270540237427,9.410667533926863e-05,0.009788504035028,True,True,joint,400,train,8:8|23:2|83:2,5885,7789,mp-aaaabici,mp-aaabfbmg,8:4|23:1|83:1,False,recorded_during_training
7,0.7221765882568434,0.7237954062601659,0.0109794471372026,0.9999474623564952,0.0024531211238354,15.503423690795898,0.0001582309283911,0.015203272046944,True,True,joint,400,train,8:12|11:4|17:4,6004,8109,mp-aaaabini,mp-aaabfqcc,8:3|11:1|17:1,False,recorded_during_training
8,0.2874588755028924,0.2871591975902277,0.0024070579056569,0.9999783565412316,7.762702443869784e-05,1.333327293395996,5.822053206529745e-05,0.0083735730943982,True,True,joint,400,train,8:6|37:4|40:2,10121,10417,mp-aaabqvan,mp-aaabraoy,8:3|37:2|40:1,False,recorded_during_training
9,0.3300182820821646,0.3172470840650021,0.0317357502731283,0.981857479140656,0.0733057036995887,2.026646614074707,0.0361709353720048,0.0961636127335124,True,False,joint,400,train,8:18|56:8|73:4,10582,16766,mp-aaabruec,mp-aaacpwra,8:9|56:4|73:2,False,recorded_during_training
10,0.1434457298446432,0.1338773168963882,0.0147004056887283,0.990313399236312,0.0033258311450481,0.1721307337284088,0.0193215416736426,0.1024806085524426,True,False,joint,400,train,59:1|68:3,11977,11981,mp-aaacdnzr,mp-aaacdoad,59:1|68:3,False,recorded_during_training
11,0.1017820875745201,0.0968534661578814,0.0096680587339506,0.989716719950364,0.0020076178479939,0.0980513766407966,0.0204751622748624,0.0949878211809332,True,False,joint,400,train,62:3|69:1,12147,12167,mp-aaacdsei,mp-aaacdspp,62:3|69:1,False,recorded_during_training
12,0.2569476258940995,0.2447083862988393,0.0190880503693051,0.9957558710242362,0.0050296345725655,0.586344838142395,0.008577946364293,0.0742877086444545,True,True,joint,400,train,48:2|71:1,12799,13366,mp-aaacfkmg,mp-aaacilmc,48:2|71:1,False,recorded_during_training
13,0.3711048242627939,0.3674049318907748,0.0090341520147987,0.9993515904425258,0.0016307437326759,1.2508291006088257,0.0013037302473072,0.0243439357942738,True,True,joint,400,train,15:1|20:3|83:1,12895,12903,mp-aaacfrja,mp-aaacfroo,15:1|20:3|83:1,False,recorded_during_training
14,0.3156082618079381,0.2862326171555196,0.0396743427311321,0.9959888285498112,0.0187425967305898,2.3338234424591064,0.0080308546009123,0.1257075543709174,True,False,joint,400,train,46:2|51:2|57:2,13082,13180,mp-aaacfzan,mp-aaacgikg,46:1|51:1|57:1,False,recorded_during_training
15,0.2423462098959135,0.2314312660195128,0.0273608527890019,0.9662533086513267,0.0381993390619754,0.575656533241272,0.066357865942894,0.112899858432914,True,False,joint,400,train,19:3|31:1,15832,15834,mp-aaacpkso,mp-aaacpktf,19:3|31:1,False,recorded_during_training
0,0.2116293776424527,0.2121503965900046,0.0026887762122669,0.9999349979663588,4.4544685806613415e-05,0.3378577530384063,0.0001318444978871,0.0127051179860747,True,True,joint,500,train,15:16|48:8,423,3943,mp-aaaaabjd,mp-aaaaarxw,15:2|48:1,False,recorded_during_training
1,0.2833879719401011,0.284289994820142,0.0043774032284318,0.9999371639138676,0.0001585881109349,1.2531861066818235,0.0001265479325771,0.0154466796824992,True,True,joint,500,train,8:3|60:2,1183,2658,mp-aaaaaech,mp-aaaaalty,8:3|60:2,False,recorded_during_training
2,0.1626892907661385,0.1628087981371209,0.0022790129878558,0.9999233725511804,3.3997388527495787e-05,0.2212611436843872,0.0001536527740993,0.0140083774237595,True,True,joint,500,train,16:6|19:2|42:6,2704,14113,mp-aaaaamae,mp-aaackvdk,16:3|19:1|42:3,False,recorded_during_training
3,0.4171052366407366,0.4188755653478893,0.0048626680277266,0.9999631204756032,0.0001867380633484,2.3175158500671387,8.057682252444892e-05,0.0116581322902808,True,True,joint,500,train,8:3|68:2,4142,18148,mp-aaaaatio,mp-aaacrsyy,8:3|68:2,False,recorded_during_training
4,0.2721211942498485,0.2714131324171376,0.0055783923014587,0.999810357997137,0.000246852840064,0.6183542609214783,0.0003992094106317,0.0204996612514383,True,True,joint,500,train,8:16|11:2|41:6,4399,9528,mp-aaaaavmx,mp-aaabjmwk,8:8|11:1|41:3,False,recorded_during_training
5,0.2394487393903546,0.227251297688781,0.0231532950965629,0.9947637110044028,0.0089427437633275,0.8398832082748413,0.0106476039468587,0.0966941615792678,True,False,joint,500,train,28:2|83:2,5792,12620,mp-aaaabhvh,mp-aaacewhi,28:1|83:1,False,recorded_during_training
6,0.3213603106123628,0.321179390639827,0.003671794040656,0.9999465447015626,9.665964171290398e-05,0.8843270540237427,0.0001093030471849,0.0114257856972423,True,True,joint,500,train,8:8|23:2|83:2,5885,7789,mp-aaaabici,mp-aaabfbmg,8:4|23:1|83:1,False,recorded_during_training
7,0.7221765882568434,0.7315831009553051,0.0130718217776859,0.9999259477576474,0.0041526439599692,15.503423690795898,0.0002678533492208,0.0181005892329438,True,True,joint,500,train,8:12|11:4|17:4,6004,8109,mp-aaaabini,mp-aaabfqcc,8:3|11:1|17:1,False,recorded_during_training
8,0.2874588755028924,0.2884275895601149,0.0027759166491421,0.999963382723022,0.0001040323040797,1.333327293395996,7.802458150749043e-05,0.0096567435751838,True,True,joint,500,train,8:6|37:4|40:2,10121,10417,mp-aaabqvan,mp-aaabraoy,8:3|37:2|40:1,False,recorded_during_training
9,0.3300182820821646,0.3305221060322765,0.006515046613913,0.9998619659260276,0.0005629633669741,2.026646614074707,0.0002777807255909,0.0197414718142522,True,True,joint,500,train,8:18|56:8|73:4,10582,16766,mp-aaabruec,mp-aaacpwra,8:9|56:4|73:2,False,recorded_during_training
10,0.1434457298446432,0.1349352726737152,0.0120531001758763,0.9921932659034276,0.0026786013040691,0.1721307337284088,0.0155614354627425,0.0840255069909037,True,False,joint,500,train,59:1|68:3,11977,11981,mp-aaacdnzr,mp-aaacdoad,59:1|68:3,False,recorded_during_training
11,0.1017820875745201,0.0993211873098971,0.0090424669449475,0.9929557989116812,0.0013772526290267,0.0980513766407966,0.01404623449676,0.0888414372354773,True,False,joint,500,train,62:3|69:1,12147,12167,mp-aaacdsei,mp-aaacdspp,62:3|69:1,False,recorded_during_training
12,0.2569476258940995,0.2496709099241343,0.0099901251332994,0.998337677534966,0.0019524076487869,0.586344838142395,0.00332979421286,0.0388800055985606,True,True,joint,500,train,48:2|71:1,12799,13366,mp-aaacfkmg,mp-aaacilmc,48:2|71:1,False,recorded_during_training
13,0.3711048242627939,0.3662296923922099,0.0085125632331468,0.9994105065532588,0.0015588086098432,1.2508291006088257,0.0012462202942708,0.02293843323125,True,True,joint,500,train,15:1|20:3|83:1,12895,12903,mp-aaacfrja,mp-aaacfroo,15:1|20:3|83:1,False,recorded_during_training
14,0.3156082618079381,0.2972870640564906,0.0249780538920276,0.9979316574557626,0.0096497070044279,2.3338234424591064,0.0041347202315613,0.0791425856501435,True,True,joint,500,train,46:2|51:2|57:2,13082,13180,mp-aaacfzan,mp-aaacgikg,46:1|51:1|57:1,False,recorded_during_training
15,0.2423462098959135,0.2303940879967285,0.027120526317276,0.966328862361862,0.0381243266165256,0.575656533241272,0.0662275583008918,0.1119081925354811,True,False,joint,500,train,19:3|31:1,15832,15834,mp-aaacpkso,mp-aaacpktf,19:3|31:1,False,recorded_during_training
0,0.2116293776424527,0.211325351963751,0.0020321432874652,0.9999624631163238,2.980811768793501e-05,0.3378577530384063,8.822682747359223e-05,0.009602368584661,True,True,joint,600,train,15:16|48:8,423,3943,mp-aaaaabjd,mp-aaaaarxw,15:2|48:1,False,recorded_during_training
1,0.2833879719401011,0.2837102467899512,0.0042594188059865,0.999943756491747,0.000152219334268,1.2531861066818235,0.0001214658648515,0.0150303443608639,True,True,joint,600,train,8:3|60:2,1183,2658,mp-aaaaaech,mp-aaaaalty,8:3|60:2,False,recorded_during_training
2,0.1626892907661385,0.1625317197176627,0.0011160125141032,0.999980129009242,8.962990250438452e-06,0.2212611436843872,4.050865010091198e-05,0.006859778592971,True,True,joint,600,train,16:6|19:2|42:6,2704,14113,mp-aaaaamae,mp-aaackvdk,16:3|19:1|42:3,False,recorded_during_training
3,0.4171052366407366,0.4173516433138502,0.0066543897939936,0.999885033189887,0.000562276050914,2.3175158500671387,0.0002426201533412,0.0159537431071029,True,True,joint,600,train,8:3|68:2,4142,18148,mp-aaaaatio,mp-aaacrsyy,8:3|68:2,False,recorded_during_training
4,0.2721211942498485,0.2708546501344244,0.0051665041537489,0.9998835474660476,0.00019686986343,0.6183542609214783,0.0003183771437697,0.0189860410101145,True,True,joint,600,train,8:16|11:2|41:6,4399,9528,mp-aaaaavmx,mp-aaabjmwk,8:8|11:1|41:3,False,recorded_during_training
5,0.2394487393903546,0.2373807698313612,0.0050064481038134,0.9999025010269886,0.000286282156594,0.8398832082748413,0.0003408594835252,0.0209082249359928,True,True,joint,600,train,28:2|83:2,5792,12620,mp-aaaabhvh,mp-aaacewhi,28:1|83:1,False,recorded_during_training
6,0.3213603106123628,0.3190855422913046,0.0046953062596912,0.9999358851854222,0.0001648452598601,0.8843270540237427,0.0001864075729789,0.0146107223096225,True,True,joint,600,train,8:8|23:2|83:2,5885,7789,mp-aaaabici,mp-aaabfbmg,8:4|23:1|83:1,False,recorded_during_training
7,0.7221765882568434,0.7228043878434107,0.0093136408116549,0.999950632807694,0.0021721106022596,15.503423690795898,0.0001401052209873,0.0128966252341907,True,True,joint,600,train,8:12|11:4|17:4,6004,8109,mp-aaaabini,mp-aaabfqcc,8:3|11:1|17:1,False,recorded_during_training
8,0.2874588755028924,0.2862120117744382,0.0034528258128148,0.9999441898800336,0.0002613450342323,1.333327293395996,0.0001960096635888,0.0120115470665996,True,True,joint,600,train,8:6|37:4|40:2,10121,10417,mp-aaabqvan,mp-aaabraoy,8:3|37:2|40:1,False,recorded_during_training
9,0.3300182820821646,0.3270685287939159,0.0063210346493178,0.9999211173611228,0.000979398144409,2.026646614074707,0.0004832604449178,0.0191535893388601,True,True,joint,600,train,8:18|56:8|73:4,10582,16766,mp-aaabruec,mp-aaacpwra,8:9|56:4|73:2,False,recorded_during_training
10,0.1434457298446432,0.1365243532655427,0.0095454150130649,0.9938764383551126,0.0021017021499574,0.1721307337284088,0.0122099180340073,0.0665437376449125,True,False,joint,600,train,59:1|68:3,11977,11981,mp-aaacdnzr,mp-aaacdoad,59:1|68:3,False,recorded_during_training
11,0.1017820875745201,0.101324483617418,0.0055871364795621,0.996704477199116,0.0006452565430663,0.0980513766407966,0.0065808004453644,0.0548931213016382,True,True,joint,600,train,62:3|69:1,12147,12167,mp-aaacdsei,mp-aaacdspp,62:3|69:1,False,recorded_during_training
12,0.2569476258940995,0.2534774663072312,0.0072938483208417,0.999235900839916,0.0008957801037468,0.586344838142395,0.001527735976298,0.0283865176627393,True,True,joint,600,train,48:2|71:1,12799,13366,mp-aaacfkmg,mp-aaacilmc,48:2|71:1,False,recorded_during_training
13,0.3711048242627939,0.366922779387437,0.0075062758340536,0.999437326060548,0.0014389215502887,1.2508291006088257,0.0011503742194584,0.020226834423306,True,True,joint,600,train,15:1|20:3|83:1,12895,12903,mp-aaacfrja,mp-aaacfroo,15:1|20:3|83:1,False,recorded_during_training
14,0.3156082618079381,0.3090692351452162,0.0128349708011228,0.9993026489419256,0.0032924336846917,2.3338234424591064,0.0014107466849431,0.0406674106932393,True,True,joint,600,train,46:2|51:2|57:2,13082,13180,mp-aaacfzan,mp-aaacgikg,46:1|51:1|57:1,False,recorded_during_training
15,0.2423462098959135,0.2317227653443296,0.0268229661783152,0.9666512574156644,0.0377655699849128,0.575656533241272,0.0656043453068644,0.1106803617429609,True,False,joint,600,train,19:3|31:1,15832,15834,mp-aaacpkso,mp-aaacpktf,19:3|31:1,False,recorded_during_training
0,0.2116293776424527,0.2117836741672363,0.0041447850800295,0.9998294598868128,0.0001155387071776,0.3378577530384063,0.0003419744141981,0.0195851120775499,True,True,joint,700,train,15:16|48:8,423,3943,mp-aaaaabjd,mp-aaaaarxw,15:2|48:1,False,recorded_during_training
1,0.2833879719401011,0.2885075997373292,0.0081273474178829,0.9997812294101448,0.0009256518096663,1.2531861066818235,0.0007386387422672,0.0286792250293557,True,True,joint,700,train,8:3|60:2,1183,2658,mp-aaaaaech,mp-aaaaalty,8:3|60:2,False,recorded_during_training
2,0.1626892907661385,0.1619433392188511,0.0021953998948447,0.9999286874053428,3.644428215920925e-05,0.2212611436843872,0.000164711623344,0.0134944339882861,True,True,joint,700,train,16:6|19:2|42:6,2704,14113,mp-aaaaamae,mp-aaackvdk,16:3|19:1|42:3,False,recorded_during_training
3,0.4171052366407366,0.4215238999299799,0.0114257282855305,0.9996791625440152,0.0016911041457206,2.3175158500671387,0.0007297055360685,0.0273929149812421,True,True,joint,700,train,8:3|68:2,4142,18148,mp-aaaaatio,mp-aaacrsyy,8:3|68:2,False,recorded_during_training
4,0.2721211942498485,0.2731448651979917,0.0053149734053477,0.9998190514933896,0.0002238057059003,0.6183542609214783,0.0003619376788425,0.0195316407455854,True,True,joint,700,train,8:16|11:2|41:6,4399,9528,mp-aaaaavmx,mp-aaabjmwk,8:8|11:1|41:3,False,recorded_during_training
5,0.2394487393903546,0.2367386008554604,0.004446451406693,0.9999234176267898,0.0003799335099756,0.8398832082748413,0.0004523646933673,0.0185695335795624,True,True,joint,700,train,28:2|83:2,5792,12620,mp-aaaabhvh,mp-aaacewhi,28:1|83:1,False,recorded_during_training
6,0.3213603106123628,0.3235924088630781,0.0051695326956178,0.9998942019669635,0.000222918446525,0.8843270540237427,0.0002520769273208,0.0160864068302868,True,True,joint,700,train,8:8|23:2|83:2,5885,7789,mp-aaaabici,mp-aaabfbmg,8:4|23:1|83:1,False,recorded_during_training
7,0.7221765882568434,0.7310832817197479,0.013688664770143,0.9999097922690872,0.0054338714107871,15.503423690795898,0.0003504949306141,0.0189547334997166,True,True,joint,700,train,8:12|11:4|17:4,6004,8109,mp-aaaabini,mp-aaabfqcc,8:3|11:1|17:1,False,recorded_during_training
8,0.2874588755028924,0.2898330190868137,0.0049530262368477,0.9998955595880176,0.000353315292159,1.333327293395996,0.000264987669501,0.0172303820091926,True,True,joint,700,train,8:6|37:4|40:2,10121,10417,mp-aaabqvan,mp-aaabraoy,8:3|37:2|40:1,False,recorded_during_training
9,0.3300182820821646,0.3313637641622335,0.0061195330126793,0.9998474903766618,0.0006547682569362,2.026646614074707,0.000323079639237,0.0185430121448718,True,True,joint,700,train,8:18|56:8|73:4,10582,16766,mp-aaabruec,mp-aaacpwra,8:9|56:4|73:2,False,recorded_during_training
10,0.1434457298446432,0.1397111903929726,0.0086259372540098,0.9976585626983488,0.000805846939329,0.1721307337284088,0.004681598235679,0.0601338029605484,True,True,joint,700,train,59:1|68:3,11977,11981,mp-aaacdnzr,mp-aaacdoad,59:1|68:3,False,recorded_during_training
11,0.1017820875745201,0.1008737049839965,0.0053465661701466,0.9977554995464788,0.0004397605080157,0.0980513766407966,0.0044850008544681,0.0525295393084967,True,True,joint,700,train,62:3|69:1,12147,12167,mp-aaacdsei,mp-aaacdspp,62:3|69:1,False,recorded_during_training
12,0.2569476258940995,0.2548581700102659,0.0043264851992717,0.9997453504335212,0.0003171593998558,0.586344838142395,0.000540909340757,0.016838004181657,True,True,joint,700,train,48:2|71:1,12799,13366,mp-aaacfkmg,mp-aaacilmc,48:2|71:1,False,recorded_during_training
13,0.3711048242627939,0.3669070990495129,0.0078541665179372,0.9994316818642104,0.0014720236649736,1.2508291006088257,0.0011768383580596,0.0211642802907229,True,True,joint,700,train,15:1|20:3|83:1,12895,12903,mp-aaacfrja,mp-aaacfroo,15:1|20:3|83:1,False,recorded_during_training
14,0.3156082618079381,0.313797525431255,0.0086981136655595,0.9996974546508794,0.0015324477571994,2.3338234424591064,0.0006566254024703,0.0275598414811228,True,True,joint,700,train,46:2|51:2|57:2,13082,13180,mp-aaacfzan,mp-aaacgikg,46:1|51:1|57:1,False,recorded_during_training
15,0.2423462098959135,0.2433606930899259,0.007837023880711,0.9996171119713404,0.0004439592303242,0.575656533241272,0.000771222429848,0.0323381326412202,True,True,joint,700,train,19:3|31:1,15832,15834,mp-aaacpkso,mp-aaacpktf,19:3|31:1,False,recorded_during_training
0,0.2116293776424527,0.2128919563401723,0.004919284000266,0.999783950018065,0.0001639536640141,0.3378577530384063,0.0004852742390537,0.0232448068177812,True,True,joint,800,train,15:16|48:8,423,3943,mp-aaaaabjd,mp-aaaaarxw,15:2|48:1,False,recorded_during_training
1,0.2833879719401011,0.2868199554575312,0.0063078535456497,0.9998552816184758,0.00060784566449,1.2531861066818235,0.0004850402196841,0.0222587200948071,True,True,joint,800,train,8:3|60:2,1183,2658,mp-aaaaaech,mp-aaaaalty,8:3|60:2,False,recorded_during_training
2,0.1626892907661385,0.1629667097295168,0.0024917395494412,0.9998856219874362,5.0619022658793256e-05,0.2212611436843872,0.0002287750203939,0.0153159408201187,True,True,joint,800,train,16:6|19:2|42:6,2704,14113,mp-aaaaamae,mp-aaackvdk,16:3|19:1|42:3,False,recorded_during_training
3,0.4171052366407366,0.422734825775251,0.0092503491623574,0.999831315831952,0.0013272073119878,2.3175158500671387,0.0005726853224971,0.0221774946698284,True,True,joint,800,train,8:3|68:2,4142,18148,mp-aaaaatio,mp-aaacrsyy,8:3|68:2,False,recorded_during_training
4,0.2721211942498485,0.2743381031270928,0.0038707852020252,0.9999473042795164,0.0001189451868413,0.6183542609214783,0.0001923576731953,0.0142244899839416,True,True,joint,800,train,8:16|11:2|41:6,4399,9528,mp-aaaaavmx,mp-aaabjmwk,8:8|11:1|41:3,False,recorded_during_training
5,0.2394487393903546,0.2428295666177291,0.0046791533532086,0.9999603740419408,0.0004197230446152,0.8398832082748413,0.0004997397739113,0.0195413572237714,True,True,joint,800,train,28:2|83:2,5792,12620,mp-aaaabhvh,mp-aaacewhi,28:1|83:1,False,recorded_during_training
6,0.3213603106123628,0.3253199200707968,0.0048383252296844,0.999950595715176,0.0001918811612995,0.8843270540237427,0.000216979861044,0.015055764728584,True,True,joint,800,train,8:8|23:2|83:2,5885,7789,mp-aaaabici,mp-aaabfbmg,8:4|23:1|83:1,False,recorded_during_training
7,0.7221765882568434,0.7296836623949048,0.0100129325959414,0.9999736352992984,0.002339483005926,15.503423690795898,0.0001509010559593,0.0138649365802763,True,True,joint,800,train,8:12|11:4|17:4,6004,8109,mp-aaaabini,mp-aaabfqcc,8:3|11:1|17:1,False,recorded_during_training
8,0.2874588755028924,0.2903783286647012,0.0042536256403025,0.999929285609475,0.0002891056647058,1.333327293395996,0.0002168302307601,0.014797336255007,True,True,joint,800,train,8:6|37:4|40:2,10121,10417,mp-aaabqvan,mp-aaabraoy,8:3|37:2|40:1,False,recorded_during_training
9,0.3300182820821646,0.3338830295360822,0.0055765630786481,0.9999115584560592,0.0008850840968079,2.026646614074707,0.0004367234478182,0.0168977398569082,True,True,joint,800,train,8:18|56:8|73:4,10582,16766,mp-aaabruec,mp-aaacpwra,8:9|56:4|73:2,False,recorded_during_training
10,0.1434457298446432,0.1397218944972564,0.0062921045606572,0.9983321460770735,0.0005745252710767,0.1721307337284088,0.0033377262655674,0.0438640074366227,True,True,joint,800,train,59:1|68:3,11977,11981,mp-aaacdnzr,mp-aaacdoad,59:1|68:3,False,recorded_during_training
11,0.1017820875745201,0.100996359638998,0.0038692196491183,0.9984306219213102,0.0003080579626839,0.0980513766407966,0.0031418015048631,0.0380147405238223,True,True,joint,800,train,62:3|69:1,12147,12167,mp-aaacdsei,mp-aaacdspp,62:3|69:1,False,recorded_during_training
12,0.2569476258940995,0.2574499594011286,0.0060366361831256,0.99969495681742,0.0003877269627992,0.586344838142395,0.0006612609808718,0.0234936445204348,True,True,joint,800,train,48:2|71:1,12799,13366,mp-aaacfkmg,mp-aaacilmc,48:2|71:1,False,recorded_during_training
13,0.3711048242627939,0.3702054531117937,0.0092810112580181,0.9993698050658044,0.0016604703851044,1.2508291006088257,0.0013274958060187,0.0250091366407188,True,True,joint,800,train,15:1|20:3|83:1,12895,12903,mp-aaacfrja,mp-aaacfroo,15:1|20:3|83:1,False,recorded_during_training
14,0.3156082618079381,0.3155430437273026,0.0043736446405091,0.9999051725743678,0.0004635964578483,2.3338234424591064,0.0001986424720114,0.0138578268371526,True,True,joint,800,train,46:2|51:2|57:2,13082,13180,mp-aaacfzan,mp-aaacgikg,46:1|51:1|57:1,False,recorded_during_training
15,0.2423462098959135,0.244733622916101,0.0028596646952792,0.9999670758186964,6.378439866239205e-05,0.575656533241272,0.0001108028745947,0.0117999150740068,True,True,joint,800,train,19:3|31:1,15832,15834,mp-aaacpkso,mp-aaacpktf,19:3|31:1,False,recorded_during_training
0,0.2116293776424527,0.2110979009157745,0.0032787061408043,0.9998960013600734,7.522552914451808e-05,0.3378577530384063,0.0002226544410125,0.0154926795954754,True,True,joint,900,train,15:16|48:8,423,3943,mp-aaaaabjd,mp-aaaaarxw,15:2|48:1,False,recorded_during_training
1,0.2833879719401011,0.2843368079093125,0.0027728531686079,0.9999780592555608,5.995760147925466e-05,1.2531861066818235,4.784413197654251e-05,0.009784653701513,True,True,joint,900,train,8:3|60:2,1183,2658,mp-aaaaaech,mp-aaaaalty,8:3|60:2,False,recorded_during_training
2,0.1626892907661385,0.1623727689147927,0.0015673669986426,0.9999510745112988,2.2527288820128888e-05,0.2212611436843872,0.0001018131265391,0.0096341129232392,True,True,joint,900,train,16:6|19:2|42:6,2704,14113,mp-aaaaamae,mp-aaackvdk,16:3|19:1|42:3,False,recorded_during_training
3,0.4171052366407366,0.4183121665789713,0.0037535104988819,0.9999751666089964,0.0001170666073448,2.3175158500671387,5.051383244757708e-05,0.0089989531877178,True,True,joint,900,train,8:3|68:2,4142,18148,mp-aaaaatio,mp-aaacrsyy,8:3|68:2,False,recorded_during_training
4,0.2721211942498485,0.272873691797713,0.0032572768338923,0.9999367126016312,8.134281961247325e-05,0.6183542609214783,0.0001315472775933,0.011969949062114,True,True,joint,900,train,8:16|11:2|41:6,4399,9528,mp-aaaaavmx,mp-aaabjmwk,8:8|11:1|41:3,False,recorded_during_training
5,0.2394487393903546,0.2389282149961218,0.0023163851001299,0.9999666768172174,6.250085425563157e-05,0.8398832082748413,7.441612552775188e-05,0.0096738245773504,True,True,joint,900,train,28:2|83:2,5792,12620,mp-aaaabhvh,mp-aaacewhi,28:1|83:1,False,recorded_during_training
6,0.3213603106123628,0.3220550749060749,0.0019455160759207,0.9999852297182602,2.6944542696583085e-05,0.8843270540237427,3.0468979292201625e-05,0.0060540023508612,True,True,joint,900,train,8:8|23:2|83:2,5885,7789,mp-aaaabici,mp-aaabfbmg,8:4|23:1|83:1,False,recorded_during_training
7,0.7221765882568434,0.7241322726113708,0.0046566433666725,0.9999921550692018,0.0002593403914943,15.503423690795898,1.672794323800229e-05,0.0064480674704681,True,True,joint,900,train,8:12|11:4|17:4,6004,8109,mp-aaaabini,mp-aaabfqcc,8:3|11:1|17:1,False,recorded_during_training
8,0.2874588755028924,0.2875623775951794,0.0019164985019699,0.9999875861679332,3.317167283967137e-05,1.333327293395996,2.48788673298533e-05,0.0066670354102553,True,True,joint,900,train,8:6|37:4|40:2,10121,10417,mp-aaabqvan,mp-aaabraoy,8:3|37:2|40:1,False,recorded_during_training
9,0.3300182820821646,0.3313807113850089,0.0035086824032077,0.9999560261197428,0.0002313118020538,2.026646614074707,0.0001141352421519,0.0106317819154462,True,True,joint,900,train,8:18|56:8|73:4,10582,16766,mp-aaabruec,mp-aaacpwra,8:9|56:4|73:2,False,recorded_during_training
10,0.1434457298446432,0.1392556439969325,0.00653242794084,0.9983063570770832,0.0005840997910127,0.1721307337284088,0.0033933498008223,0.04553936842815,True,True,joint,900,train,59:1|68:3,11977,11981,mp-aaacdnzr,mp-aaacdoad,59:1|68:3,False,recorded_during_training
11,0.1017820875745201,0.1010767417554916,0.0034054924002475,0.998749298463406,0.000245138478931,0.0980513766407966,0.0025001023680583,0.0334586613558522,True,True,joint,900,train,62:3|69:1,12147,12167,mp-aaacdsei,mp-aaacdspp,62:3|69:1,False,recorded_during_training
12,0.2569476258940995,0.2583341461249802,0.0036315764700702,0.9998476333973538,0.0002663494669832,0.586344838142395,0.0004542539639763,0.0141335280193132,True,True,joint,900,train,48:2|71:1,12799,13366,mp-aaacfkmg,mp-aaacilmc,48:2|71:1,False,recorded_during_training
13,0.3711048242627939,0.3676202763484752,0.0068825536785297,0.9994603426863518,0.0013567609712481,1.2508291006088257,0.0010846893237355,0.0185461175079091,True,True,joint,900,train,15:1|20:3|83:1,12895,12903,mp-aaacfrja,mp-aaacfroo,15:1|20:3|83:1,False,recorded_during_training
14,0.3156082618079381,0.3126990516802834,0.0043086189371024,0.9999254548657076,0.0006025767652317,2.3338234424591064,0.000258192952504,0.0136517938802388,True,True,joint,900,train,46:2|51:2|57:2,13082,13180,mp-aaacfzan,mp-aaacgikg,46:1|51:1|57:1,False,recorded_during_training
15,0.2423462098959135,0.2450453371657204,0.0028925494643772,0.999982613255385,7.079836359480396e-05,0.575656533241272,0.0001229871624945,0.0119356084240787,True,True,joint,900,train,19:3|31:1,15832,15834,mp-aaacpkso,mp-aaacpktf,19:3|31:1,False,recorded_during_training
0,0.2116293776424527,0.2121450529957655,0.0032042431611216,0.999893857123609,7.33579508960247e-05,0.3378577530384063,0.0002171267352496,0.0151408240047618,True,True,joint,1000,train,15:16|48:8,423,3943,mp-aaaaabjd,mp-aaaaarxw,15:2|48:1,False,recorded_during_training
1,0.2833879719401011,0.2849447706298065,0.0042022256979521,0.9999360859750523,0.000186401681276,1.2531861066818235,0.0001487422181607,0.0148285252517363,True,True,joint,1000,train,8:3|60:2,1183,2658,mp-aaaaaech,mp-aaaaalty,8:3|60:2,False,recorded_during_training
2,0.1626892907661385,0.1629954183881636,0.0019593537726905,0.9999355448840976,2.975878487632144e-05,0.2212611436843872,0.00013449620833,0.0120435325734318,True,True,joint,1000,train,16:6|19:2|42:6,2704,14113,mp-aaaaamae,mp-aaackvdk,16:3|19:1|42:3,False,recorded_during_training
3,0.4171052366407366,0.419988355626856,0.0097369232053097,0.9998329715958402,0.0011159020941704,2.3175158500671387,0.0004815078585711,0.0233440444999648,True,True,joint,1000,train,8:3|68:2,4142,18148,mp-aaaaatio,mp-aaacrsyy,8:3|68:2,False,recorded_during_training
4,0.2721211942498485,0.2733449614022447,0.0031334459088157,0.9999373167100616,8.349440031452104e-05,0.6183542609214783,0.0001350268051684,0.0115148910670248,True,True,joint,1000,train,8:16|11:2|41:6,4399,9528,mp-aaaaavmx,mp-aaabjmwk,8:8|11:1|41:3,False,recorded_during_training
5,0.2394487393903546,0.2419161048892419,0.003075794171309,0.9999841313923604,0.0002255481667816,0.8398832082748413,0.000268547060543,0.012845313694865,True,True,joint,1000,train,28:2|83:2,5792,12620,mp-aaaabhvh,mp-aaacewhi,28:1|83:1,False,recorded_during_training
6,0.3213603106123628,0.3230169623725487,0.0032222214226749,0.9999603463435476,8.53448364068754e-05,0.8843270540237427,9.650822737871824e-05,0.0100268182356896,True,True,joint,1000,train,8:8|23:2|83:2,5885,7789,mp-aaaabici,mp-aaabfbmg,8:4|23:1|83:1,False,recorded_during_training
7,0.7221765882568434,0.723257248616676,0.0060122912466908,0.9999853224032508,0.0005746464594267,15.503423690795898,3.706577791380933e-05,0.0083252369911396,True,True,joint,1000,train,8:12|11:4|17:4,6004,8109,mp-aaaabini,mp-aaabfqcc,8:3|11:1|17:1,False,recorded_during_training
8,0.2874588755028924,0.2873215573781635,0.0052013307183358,0.9998366319484888,0.0004399337340146,1.333327293395996,0.000329951795177,0.0180941733290941,True,True,joint,1000,train,8:6|37:4|40:2,10121,10417,mp-aaabqvan,mp-aaabraoy,8:3|37:2|40:1,False,recorded_during_training
9,0.3300182820821646,0.3313174607212659,0.0055610769816212,0.9999309003240788,0.000286959199002,2.026646614074707,0.0001415931110086,0.0168508148898147,True,True,joint,1000,train,8:18|56:8|73:4,10582,16766,mp-aaabruec,mp-aaacpwra,8:9|56:4|73:2,False,recorded_during_training
10,0.1434457298446432,0.1407944767574349,0.007981062024271,0.9981114368719184,0.0006683714454993,0.1721307337284088,0.0038829291610057,0.0556381987314285,True,True,joint,1000,train,59:1|68:3,11977,11981,mp-aaacdnzr,mp-aaacdoad,59:1|68:3,False,recorded_during_training
11,0.1017820875745201,0.1014047076721453,0.0029443057239859,0.9989354894760788,0.0002094261290039,0.0980513766407966,0.0021358815773816,0.0289275430888591,True,True,joint,1000,train,62:3|69:1,12147,12167,mp-aaacdsei,mp-aaacdspp,62:3|69:1,False,recorded_during_training
12,0.2569476258940995,0.2560661306706606,0.0027529874714673,0.9998482912943568,0.0001784633204806,0.586344838142395,0.00030436580809,0.0107141969570171,True,True,joint,1000,train,48:2|71:1,12799,13366,mp-aaacfkmg,mp-aaacilmc,48:2|71:1,False,recorded_during_training
13,0.3711048242627939,0.3701441343531542,0.0087680785630581,0.999385644024154,0.0015587776433676,1.2508291006088257,0.001246195537511,0.0236269592573368,True,True,joint,1000,train,15:1|20:3|83:1,12895,12903,mp-aaacfrja,mp-aaacfroo,15:1|20:3|83:1,False,recorded_during_training
14,0.3156082618079381,0.3172402948148374,0.0051170611659472,0.9999421424650138,0.0005289931432344,2.3338234424591064,0.000226663737115,0.0162133308444922,True,True,joint,1000,train,46:2|51:2|57:2,13082,13180,mp-aaacfzan,mp-aaacgikg,46:1|51:1|57:1,False,recorded_during_training
15,0.2423462098959135,0.2434588839132629,0.0016699830339348,0.9999816865124168,2.4204180590459146e-05,0.575656533241272,4.20462188697415e-05,0.0068908980860566,True,True,joint,1000,train,19:3|31:1,15832,15834,mp-aaacpkso,mp-aaacpktf,19:3|31:1,False,recorded_during_training
0,0.2116293776424527,0.2116072964417981,0.0025433368917902,0.9999360694635412,4.332824755692855e-05,0.3378577530384063,0.0001282440529106,0.0120178820167735,True,True,joint,1100,train,15:16|48:8,423,3943,mp-aaaaabjd,mp-aaaaarxw,15:2|48:1,False,recorded_during_training
1,0.2833879719401011,0.2835965440650625,0.0027195003973474,0.9999711978140812,7.260178244905546e-05,1.2531861066818235,5.793375944877804e-05,0.0095963861088722,True,True,joint,1100,train,8:3|60:2,1183,2658,mp-aaaaaech,mp-aaaaalty,8:3|60:2,False,recorded_during_training
2,0.1626892907661385,0.1626497197139542,0.0018799483950715,0.9999326308687944,2.99011699098628e-05,0.2212611436843872,0.0001351397240923,0.0115554526436157,True,True,joint,1100,train,16:6|19:2|42:6,2704,14113,mp-aaaaamae,mp-aaackvdk,16:3|19:1|42:3,False,recorded_during_training
3,0.4171052366407366,0.4173186723107847,0.003113810483228,0.9999798463305184,0.000107746454887,2.3175158500671387,4.649221919408693e-05,0.0074652874375442,True,True,joint,1100,train,8:3|68:2,4142,18148,mp-aaaaatio,mp-aaacrsyy,8:3|68:2,False,recorded_during_training
4,0.2721211942498485,0.2727449457938746,0.0039178043857646,0.9999075722795504,0.0001183137646876,0.6183542609214783,0.0001913365398522,0.0143972776415477,True,True,joint,1100,train,8:16|11:2|41:6,4399,9528,mp-aaaaavmx,mp-aaabjmwk,8:8|11:1|41:3,False,recorded_during_training
5,0.2394487393903546,0.2387992627627682,0.0028779655985999,0.999948403054889,0.0001158330051111,0.8398832082748413,0.0001379156101348,0.0120191302987328,True,True,joint,1100,train,28:2|83:2,5792,12620,mp-aaaabhvh,mp-aaacewhi,28:1|83:1,False,recorded_during_training
6,0.3213603106123628,0.3213640322542233,0.0030713556811861,0.9999572034668908,7.653087959624827e-05,0.8843270540237427,8.654137544252213e-05,0.0095573584532997,True,True,joint,1100,train,8:8|23:2|83:2,5885,7789,mp-aaaabici,mp-aaabfbmg,8:4|23:1|83:1,False,recorded_during_training
7,0.7221765882568434,0.7257398781355278,0.0058495864493579,0.9999893795214492,0.0003316339571028,15.503423690795898,2.139101425059936e-05,0.0080999391900496,True,True,joint,1100,train,8:12|11:4|17:4,6004,8109,mp-aaaabini,mp-aaabfqcc,8:3|11:1|17:1,False,recorded_during_training
8,0.2874588755028924,0.2874162954872759,0.0025369127572787,0.9999666657591764,9.455591498408468e-05,1.333327293395996,7.091725748990703e-05,0.008825306760282,True,True,joint,1100,train,8:6|37:4|40:2,10121,10417,mp-aaabqvan,mp-aaabraoy,8:3|37:2|40:1,False,recorded_during_training
9,0.3300182820821646,0.3301305771531133,0.0029135463194052,0.9999802424605893,8.324524242198095e-05,2.026646614074707,4.107536155729236e-05,0.0088284391428952,True,True,joint,1100,train,8:18|56:8|73:4,10582,16766,mp-aaabruec,mp-aaacpwra,8:9|56:4|73:2,False,recorded_during_training
10,0.1434457298446432,0.1393007990925525,0.0064929336092518,0.9983678387779276,0.0005622766329906,0.1721307337284088,0.0032665673399025,0.0452640424799255,True,True,joint,1100,train,59:1|68:3,11977,11981,mp-aaacdnzr,mp-aaacdoad,59:1|68:3,False,recorded_during_training
11,0.1017820875745201,0.1014722676602559,0.0037866367717924,0.9990730227924988,0.0001817164302337,0.0980513766407966,0.0018532777046006,0.0372033710648749,True,True,joint,1100,train,62:3|69:1,12147,12167,mp-aaacdsei,mp-aaacdspp,62:3|69:1,False,recorded_during_training
12,0.2569476258940995,0.255256530996121,0.0047656290771556,0.9998084673640356,0.0002356794575462,0.586344838142395,0.0004019468446125,0.0185470835177895,True,True,joint,1100,train,48:2|71:1,12799,13366,mp-aaacfkmg,mp-aaacilmc,48:2|71:1,False,recorded_during_training
13,0.3711048242627939,0.3676957772710238,0.0063878137189803,0.9994728110427242,0.0013199767563492,1.2508291006088257,0.0010552814574802,0.0172129632959362,True,True,joint,1100,train,15:1|20:3|83:1,12895,12903,mp-aaacfrja,mp-aaacfroo,15:1|20:3|83:1,False,recorded_during_training
14,0.3156082618079381,0.3139613530847782,0.0039326927699221,0.9999363808207202,0.0003016884147655,2.3338234424591064,0.0001292678825985,0.0124606775101323,True,True,joint,1100,train,46:2|51:2|57:2,13082,13180,mp-aaacfzan,mp-aaacgikg,46:1|51:1|57:1,False,recorded_during_training
15,0.2423462098959135,0.2420649044288438,0.0017217458735103,0.9999784335288896,3.3920623536687344e-05,0.575656533241272,5.892510825108688e-05,0.0071044885506971,True,True,joint,1100,train,19:3|31:1,15832,15834,mp-aaacpkso,mp-aaacpktf,19:3|31:1,False,recorded_during_training
0,0.2116293776424527,0.211226272265776,0.0027820096346431,0.9998969359995264,7.347677455982193e-05,0.3378577530384063,0.0002174784325623,0.0131456684588627,True,True,joint,1200,train,15:16|48:8,423,3943,mp-aaaaabjd,mp-aaaaarxw,15:2|48:1,False,recorded_during_training
1,0.2833879719401011,0.2851532040389202,0.0042420394150894,0.9999120222085152,0.0002529873454477,1.2531861066818235,0.0002018753193151,0.014969017160637,True,True,joint,1200,train,8:3|60:2,1183,2658,mp-aaaaaech,mp-aaaaalty,8:3|60:2,False,recorded_during_training
2,0.1626892907661385,0.1620482742146123,0.0031010564125608,0.9998171406722464,8.45070680952631e-05,0.2212611436843872,0.0003819336133225,0.0190612203050202,True,True,joint,1200,train,16:6|19:2|42:6,2704,14113,mp-aaaaamae,mp-aaackvdk,16:3|19:1|42:3,False,recorded_during_training
3,0.4171052366407366,0.4166444935781328,0.0051510954497189,0.9999523239307336,0.0002621105813886,2.3175158500671387,0.0001130998009705,0.0123496302544762,True,True,joint,1200,train,8:3|68:2,4142,18148,mp-aaaaatio,mp-aaacrsyy,8:3|68:2,False,recorded_during_training
4,0.2721211942498485,0.2712851538699397,0.004767167335558,0.9998755355800888,0.0001716584083624,0.6183542609214783,0.0002776052810028,0.0175185448112544,True,True,joint,1200,train,8:16|11:2|41:6,4399,9528,mp-aaaaavmx,mp-aaabjmwk,8:8|11:1|41:3,False,recorded_during_training
5,0.2394487393903546,0.23830991415889,0.0024434834776911,0.999964272635332,7.236881356220692e-05,0.8398832082748413,8.616532971394415e-05,0.0102046203455169,True,True,joint,1200,train,28:2|83:2,5792,12620,mp-aaaabhvh,mp-aaacewhi,28:1|83:1,False,recorded_during_training
6,0.3213603106123628,0.319205062607125,0.0045141055429667,0.9999287203277496,0.0001645117881707,0.8843270540237427,0.0001860304820736,0.0140468670022285,True,True,joint,1200,train,8:8|23:2|83:2,5885,7789,mp-aaaabici,mp-aaabfbmg,8:4|23:1|83:1,False,recorded_during_training
7,0.7221765882568434,0.7234771342166368,0.0059545734814037,0.9999808740774386,0.0006278045475482,15.503423690795898,4.049457462231457e-05,0.0082453150354494,True,True,joint,1200,train,8:12|11:4|17:4,6004,8109,mp-aaaabini,mp-aaabfqcc,8:3|11:1|17:1,False,recorded_during_training
8,0.2874588755028924,0.287453552976217,0.0033178479312425,0.9999371253594193,0.0001680135028436,1.333327293395996,0.0001260106979552,0.0115419916168467,True,True,joint,1200,train,8:6|37:4|40:2,10121,10417,mp-aaabqvan,mp-aaabraoy,8:3|37:2|40:1,False,recorded_during_training
9,0.3300182820821646,0.3294794522005304,0.0057089373656253,0.9998944129926473,0.0004552598111331,2.026646614074707,0.0002246369978719,0.0172988518381658,True,True,joint,1200,train,8:18|56:8|73:4,10582,16766,mp-aaabruec,mp-aaacpwra,8:9|56:4|73:2,False,recorded_during_training
10,0.1434457298446432,0.1393542926689406,0.0072933229507725,0.9982272652484993,0.0006097594741731,0.1721307337284088,0.0035424206994625,0.050843778749437,True,True,joint,1200,train,59:1|68:3,11977,11981,mp-aaacdnzr,mp-aaacdoad,59:1|68:3,False,recorded_during_training
11,0.1017820875745201,0.1016672778464453,0.004102744444026,0.9994145349693656,0.0001148654264397,0.0980513766407966,0.0011714820370201,0.0403091009606399,True,True,joint,1200,train,62:3|69:1,12147,12167,mp-aaacdsei,mp-aaacdspp,62:3|69:1,False,recorded_during_training
12,0.2569476258940995,0.2541259307472501,0.0049672924506012,0.9998838580423244,0.0002236445143353,0.586344838142395,0.0003814214772382,0.0193319258479877,True,True,joint,1200,train,48:2|71:1,12799,13366,mp-aaacfkmg,mp-aaacilmc,48:2|71:1,False,recorded_during_training
13,0.3711048242627939,0.3698559789684168,0.0112810175719104,0.9991655884945742,0.0020867104176431,1.2508291006088257,0.0016682618086095,0.0303984665096186,True,True,joint,1200,train,15:1|20:3|83:1,12895,12903,mp-aaacfrja,mp-aaacfroo,15:1|20:3|83:1,False,recorded_during_training
14,0.3156082618079381,0.314205668069917,0.0054331270839611,0.999876597311714,0.0007633627392351,2.3338234424591064,0.0003270867561561,0.0172147809212531,True,True,joint,1200,train,46:2|51:2|57:2,13082,13180,mp-aaacfzan,mp-aaacgikg,46:1|51:1|57:1,False,recorded_during_training
15,0.2423462098959135,0.2365996118533075,0.0072227751297759,0.9998937493270924,0.0006242339732125,0.575656533241272,0.0010843861524471,0.0298035406985656,True,True,joint,1200,train,19:3|31:1,15832,15834,mp-aaacpkso,mp-aaacpktf,19:3|31:1,False,recorded_during_training
0,0.2116293776424527,0.2113274447765434,0.0027683447143544,0.9999135427493848,5.873509871889837e-05,0.3378577530384063,0.0001738456441821,0.0130810984051165,True,True,joint,1300,train,15:16|48:8,423,3943,mp-aaaaabjd,mp-aaaaarxw,15:2|48:1,False,recorded_during_training
1,0.2833879719401011,0.2813382011601675,0.0038475904268011,0.9999757150071577,0.0002114869712386,1.2531861066818235,0.0001687594285565,0.0135771126786369,True,True,joint,1300,train,8:3|60:2,1183,2658,mp-aaaaaech,mp-aaaaalty,8:3|60:2,False,recorded_during_training
2,0.1626892907661385,0.1619056210911367,0.0025474069698248,0.999880210977054,6.058612780179829e-05,0.2212611436843872,0.0002738218143182,0.0156581109784702,True,True,joint,1300,train,16:6|19:2|42:6,2704,14113,mp-aaaaamae,mp-aaackvdk,16:3|19:1|42:3,False,recorded_during_training
3,0.4171052366407366,0.415288379133699,0.0036791227948924,0.9999892681621806,0.0001800581667339,2.3175158500671387,7.769447045150808e-05,0.0088206104160264,True,True,joint,1300,train,8:3|68:2,4142,18148,mp-aaaaatio,mp-aaacrsyy,8:3|68:2,False,recorded_during_training
4,0.2721211942498485,0.2705271654431271,0.0030040369019843,0.999960331526702,9.108874655794352e-05,0.6183542609214783,0.0001473083510772,0.0110393345518916,True,True,joint,1300,train,8:16|11:2|41:6,4399,9528,mp-aaaaavmx,mp-aaabjmwk,8:8|11:1|41:3,False,recorded_during_training
5,0.2394487393903546,0.2388902251550462,0.0010706383327487,0.999993206919368,2.426814535283484e-05,0.8398832082748413,2.889466667952884e-05,0.0044712631834048,True,True,joint,1300,train,28:2|83:2,5792,12620,mp-aaaabhvh,mp-aaacewhi,28:1|83:1,False,recorded_during_training
6,0.3213603106123628,0.3200296796362636,0.0024599916300758,0.9999793819661428,6.420570571208373e-05,0.8843270540237427,7.26040274578775e-05,0.0076549329485903,True,True,joint,1300,train,8:8|23:2|83:2,5885,7789,mp-aaaabici,mp-aaabfbmg,8:4|23:1|83:1,False,recorded_during_training
7,0.7221765882568434,0.7245970938474784,0.0040811191083776,0.9999942779107232,0.0001987802825169,15.503423690795898,1.282170225632007e-05,0.0056511373737944,True,True,joint,1300,train,8:12|11:4|17:4,6004,8109,mp-aaaabini,mp-aaabfqcc,8:3|11:1|17:1,False,recorded_during_training
8,0.2874588755028924,0.2864018411005986,0.0027121114920021,0.9999802554749762,0.0001192607742268,1.333327293395996,8.944598585625664e-05,0.0094347808438944,True,True,joint,1300,train,8:6|37:4|40:2,10121,10417,mp-aaabqvan,mp-aaabraoy,8:3|37:2|40:1,False,recorded_during_training
9,0.3300182820821646,0.3288548672437628,0.002716051721336,0.999988269925094,0.0001007877435768,2.026646614074707,4.973128658782889e-05,0.0082300038173637,True,True,joint,1300,train,8:18|56:8|73:4,10582,16766,mp-aaabruec,mp-aaacpwra,8:9|56:4|73:2,False,recorded_during_training
10,0.1434457298446432,0.138350785057014,0.0064957332539279,0.998447425612101,0.0005613539251498,0.1721307337284088,0.0032612068338452,0.0452835595800798,True,True,joint,1300,train,59:1|68:3,11977,11981,mp-aaacdnzr,mp-aaacdoad,59:1|68:3,False,recorded_during_training
11,0.1017820875745201,0.1009226592370851,0.0019099140433809,0.9998565545274272,3.544742503436282e-05,0.0980513766407966,0.0003615188919195,0.0187647363980678,True,True,joint,1300,train,62:3|69:1,12147,12167,mp-aaacdsei,mp-aaacdspp,62:3|69:1,False,recorded_during_training
12,0.2569476258940995,0.2556043102813419,0.0035119732201565,0.999926182427826,9.93991270661354e-05,0.586344838142395,0.0001695233258657,0.013668050864202,True,True,joint,1300,train,48:2|71:1,12799,13366,mp-aaacfkmg,mp-aaacilmc,48:2|71:1,False,recorded_during_training
13,0.3711048242627939,0.3648438294524112,0.008820995745701,0.9994860242466554,0.0014903543051332,1.2508291006088257,0.0011914931499497,0.023769552883674,True,True,joint,1300,train,15:1|20:3|83:1,12895,12903,mp-aaacfrja,mp-aaacfroo,15:1|20:3|83:1,False,recorded_during_training
14,0.3156082618079381,0.3130612377590296,0.0038734197314624,0.9999845248985852,0.0004863946815021,2.3338234424591064,0.0002084110874255,0.012272871785022,True,True,joint,1300,train,46:2|51:2|57:2,13082,13180,mp-aaacfzan,mp-aaacgikg,46:1|51:1|57:1,False,recorded_during_training
15,0.2423462098959135,0.2419959094568184,0.001925801845573,0.999980449013578,2.804077666951344e-05,0.575656533241272,4.871095010705081e-05,0.0079464904625499,True,True,joint,1300,train,19:3|31:1,15832,15834,mp-aaacpkso,mp-aaacpktf,19:3|31:1,False,recorded_during_training
0,0.2116293776424527,0.2122656252759043,0.0014541191281978,0.9999796494946892,1.7081341866287403e-05,0.3378577530384063,5.055779159327346e-05,0.0068710646149257,True,True,joint,1400,train,15:16|48:8,423,3943,mp-aaaaabjd,mp-aaaaarxw,15:2|48:1,False,recorded_during_training
1,0.2833879719401011,0.2846990040717969,0.002345144869821,0.99998167250135,6.164414662634954e-05,1.2531861066818235,4.918993778950392e-05,0.0082753860503181,True,True,joint,1400,train,8:3|60:2,1183,2658,mp-aaaaaech,mp-aaaaalty,8:3|60:2,False,recorded_during_training
2,0.1626892907661385,0.16266686929157,0.0015657624462619,0.9999552488823764,1.9831186364172027e-05,0.2212611436843872,8.962796645605231e-05,0.0096242502434452,True,True,joint,1400,train,16:6|19:2|42:6,2704,14113,mp-aaaaamae,mp-aaackvdk,16:3|19:1|42:3,False,recorded_during_training
3,0.4171052366407366,0.417749226297019,0.004441411318794,0.99995039719309,0.0002314668090548,2.3175158500671387,9.987712017077728e-05,0.0106481792330494,True,True,joint,1400,train,8:3|68:2,4142,18148,mp-aaaaatio,mp-aaacrsyy,8:3|68:2,False,recorded_during_training
4,0.2721211942498485,0.2736674683460478,0.0028286876772654,0.99996411595376,6.06874018558301e-05,0.6183542609214783,9.814341986645822e-05,0.0103949553986899,True,True,joint,1400,train,8:16|11:2|41:6,4399,9528,mp-aaaaavmx,mp-aaabjmwk,8:8|11:1|41:3,False,recorded_during_training
5,0.2394487393903546,0.2398446869337931,0.0009219373459927,0.9999957202804454,9.967527148546653e-06,0.8398832082748413,1.186775381427188e-05,0.0038502493199173,True,True,joint,1400,train,28:2|83:2,5792,12620,mp-aaaabhvh,mp-aaacewhi,28:1|83:1,False,recorded_during_training
6,0.3213603106123628,0.3227487539356843,0.0021721401085414,0.9999839845200542,4.197913222014904e-05,0.8843270540237427,4.747014357317397e-05,0.0067592046584794,True,True,joint,1400,train,8:8|23:2|83:2,5885,7789,mp-aaaabici,mp-aaabfbmg,8:4|23:1|83:1,False,recorded_during_training
7,0.7221765882568434,0.7238021673139201,0.0029704577492566,0.999997397244774,8.092899952316657e-05,15.503423690795898,5.220072748912399e-06,0.0041132013936184,True,True,joint,1400,train,8:12|11:4|17:4,6004,8109,mp-aaaabini,mp-aaabfqcc,8:3|11:1|17:1,False,recorded_during_training
8,0.2874588755028924,0.2881126267413378,0.0031869172234166,0.9999504358803668,0.0001420328189851,1.333327293395996,0.0001065250967925,0.0110865153070725,True,True,joint,1400,train,8:6|37:4|40:2,10121,10417,mp-aaabqvan,mp-aaabraoy,8:3|37:2|40:1,False,recorded_during_training
9,0.3300182820821646,0.3309024745667557,0.0028778973337466,0.999975455366249,0.0001004087171168,2.026646614074707,4.9544265102502645e-05,0.0087204178980307,True,True,joint,1400,train,8:18|56:8|73:4,10582,16766,mp-aaabruec,mp-aaacpwra,8:9|56:4|73:2,False,recorded_during_training
10,0.1434457298446432,0.1395167153107195,0.0051186732491714,0.9986761382100712,0.0004593185149133,0.1721307337284088,0.0026684282635897,0.0356836920465682,True,True,joint,1400,train,59:1|68:3,11977,11981,mp-aaacdnzr,mp-aaacdoad,59:1|68:3,False,recorded_during_training
11,0.1017820875745201,0.1014624409144744,0.0016902946858863,0.9998617238108182,2.7776068236562423e-05,0.0980513766407966,0.0002832807573759,0.016606995652833,True,True,joint,1400,train,62:3|69:1,12147,12167,mp-aaacdsei,mp-aaacdspp,62:3|69:1,False,recorded_during_training
12,0.2569476258940995,0.2555906037450768,0.0042749777785502,0.9999141805934216,0.0001574297784827,0.586344838142395,0.0002684935011648,0.0166375453506317,True,True,joint,1400,train,48:2|71:1,12799,13366,mp-aaacfkmg,mp-aaacilmc,48:2|71:1,False,recorded_during_training
13,0.3711048242627939,0.3681483706018298,0.0063664063113364,0.999500974371428,0.0012553401757031,1.2508291006088257,0.0010036064679756,0.0171552776873311,True,True,joint,1400,train,15:1|20:3|83:1,12895,12903,mp-aaacfrja,mp-aaacfroo,15:1|20:3|83:1,False,recorded_during_training
14,0.3156082618079381,0.3144342312007211,0.0046892682148609,0.9999254247199196,0.0007190073374658,2.3338234424591064,0.0003080812902917,0.014857875354716,True,True,joint,1400,train,46:2|51:2|57:2,13082,13180,mp-aaacfzan,mp-aaacgikg,46:1|51:1|57:1,False,recorded_during_training
15,0.2423462098959135,0.2410483177918649,0.0023075721655914,0.9999920635800478,4.4058848288841546e-05,0.575656533241272,7.653669461678008e-05,0.0095218000998757,True,True,joint,1400,train,19:3|31:1,15832,15834,mp-aaacpkso,mp-aaacpktf,19:3|31:1,False,recorded_during_training
0,0.2116293776424527,0.2118373369594337,0.0033373477291434,0.999878143242256,8.234151755459607e-05,0.3378577530384063,0.0002437165251177,0.0157697752850827,True,True,joint,1500,train,15:16|48:8,423,3943,mp-aaaaabjd,mp-aaaaarxw,15:2|48:1,False,recorded_during_training
1,0.2833879719401011,0.2825187256123058,0.0027537014786389,0.9999658679329289,0.000107370353362,1.2531861066818235,8.567789954706067e-05,0.0097170725341194,True,True,joint,1500,train,8:3|60:2,1183,2658,mp-aaaaaech,mp-aaaaalty,8:3|60:2,False,recorded_during_training
2,0.1626892907661385,0.1622910758014768,0.0018086786731146,0.9999548923773208,2.4458653570036404e-05,0.2212611436843872,0.0001105420190945,0.0111173800352633,True,True,joint,1500,train,16:6|19:2|42:6,2704,14113,mp-aaaaamae,mp-aaackvdk,16:3|19:1|42:3,False,recorded_during_training
3,0.4171052366407366,0.4162088674961524,0.0034207554783733,0.9999830607095418,0.0001310977095272,2.3175158500671387,5.656820406360599e-05,0.0082011808480836,True,True,joint,1500,train,8:3|68:2,4142,18148,mp-aaaaatio,mp-aaacrsyy,8:3|68:2,False,recorded_during_training
4,0.2721211942498485,0.2706444462487525,0.0034115072389795,0.9999455508537464,9.59595199674368e-05,0.6183542609214783,0.0001551853460578,0.0125367200757147,True,True,joint,1500,train,8:16|11:2|41:6,4399,9528,mp-aaaaavmx,mp-aaabjmwk,8:8|11:1|41:3,False,recorded_during_training
5,0.2394487393903546,0.2371517460269387,0.0027798359806183,0.9999704501627324,0.0002097361139021,0.8398832082748413,0.0002497205704743,0.0116093155791754,True,True,joint,1500,train,28:2|83:2,5792,12620,mp-aaaabhvh,mp-aaacewhi,28:1|83:1,False,recorded_during_training
6,0.3213603106123628,0.3187096830342852,0.0033489718598502,0.9999773561146004,0.0001112512036343,0.8843270540237427,0.0001258032343668,0.0104212366905816,True,True,joint,1500,train,8:8|23:2|83:2,5885,7789,mp-aaaabici,mp-aaabfbmg,8:4|23:1|83:1,False,recorded_during_training
7,0.7221765882568434,0.7237467961924722,0.0031414960060374,0.9999964696803524,0.0001132343386416,15.503423690795898,7.3038279092415905e-06,0.0043500385599874,True,True,joint,1500,train,8:12|11:4|17:4,6004,8109,mp-aaaabini,mp-aaabfqcc,8:3|11:1|17:1,False,recorded_during_training
8,0.2874588755028924,0.2863045832619377,0.0029158101558834,0.9999653267024364,0.0001284627360291,1.333327293395996,9.634748847147815e-05,0.0101433992976645,True,True,joint,1500,train,8:6|37:4|40:2,10121,10417,mp-aaabqvan,mp-aaabraoy,8:3|37:2|40:1,False,recorded_during_training
9,0.3300182820821646,0.3285503740680724,0.0036446584763325,0.9999709418899996,0.0002068814501399,2.026646614074707,0.000102080672922,0.0110438077955485,True,True,joint,1500,train,8:18|56:8|73:4,10582,16766,mp-aaabruec,mp-aaacpwra,8:9|56:4|73:2,False,recorded_during_training
10,0.1434457298446432,0.1393602167242988,0.004915796249179,0.9988127884744464,0.0004226081364322,0.1721307337284088,0.0024551579330338,0.034269380165607,True,True,joint,1500,train,59:1|68:3,11977,11981,mp-aaacdnzr,mp-aaacdoad,59:1|68:3,False,recorded_during_training
11,0.1017820875745201,0.1013697822299946,0.0017014082445712,0.9998597779616288,2.8940699849044904e-05,0.0980513766407966,0.0002951585264842,0.0167161853830667,True,True,joint,1500,train,62:3|69:1,12147,12167,mp-aaacdsei,mp-aaacdspp,62:3|69:1,False,recorded_during_training
12,0.2569476258940995,0.2537861634627916,0.0039798522484488,0.9999629348679734,0.0002005210990319,0.586344838142395,0.0003419849310299,0.0154889629145247,True,True,joint,1500,train,48:2|71:1,12799,13366,mp-aaacfkmg,mp-aaacilmc,48:2|71:1,False,recorded_during_training
13,0.3711048242627939,0.3669170203075964,0.0066645521142945,0.9995022388611592,0.0012917767744511,1.2508291006088257,0.0010327364256415,0.0179586781916235,True,True,joint,1500,train,15:1|20:3|83:1,12895,12903,mp-aaacfrja,mp-aaacfroo,15:1|20:3|83:1,False,recorded_during_training
14,0.3156082618079381,0.3147235545357034,0.0029038342354397,0.9999751434390256,0.0001524063118267,2.3338234424591064,6.530327404124141e-05,0.0092007548180308,True,True,joint,1500,train,46:2|51:2|57:2,13082,13180,mp-aaacfzan,mp-aaacgikg,46:1|51:1|57:1,False,recorded_during_training
15,0.2423462098959135,0.2405362076005985,0.0027311155481584,0.9999867510646668,8.085188164841384e-05,0.575656533241272,0.0001404516008759,0.0112694791031863,True,True,joint,1500,train,19:3|31:1,15832,15834,mp-aaacpkso,mp-aaacpktf,19:3|31:1,False,recorded_during_training
0,0.2116293776424527,0.2129968166846083,0.0042450150596096,0.9998313149547068,0.0001338171277893,0.3378577530384063,0.0003960753500132,0.0200587229755103,True,True,joint,1600,train,15:16|48:8,423,3943,mp-aaaaabjd,mp-aaaaarxw,15:2|48:1,False,recorded_during_training
1,0.2833879719401011,0.2894038741255258,0.0074795528184381,0.999938655425776,0.0008599327993579,1.2531861066818235,0.0006861972014953,0.0263933319654762,True,True,joint,1600,train,8:3|60:2,1183,2658,mp-aaaaaech,mp-aaaaalty,8:3|60:2,False,recorded_during_training
2,0.1626892907661385,0.1620478220283985,0.0021170467953197,0.9999249681293954,3.763566201087088e-05,0.2212611436843872,0.0001700961198345,0.0130128220815896,True,True,joint,1600,train,16:6|19:2|42:6,2704,14113,mp-aaaaamae,mp-aaackvdk,16:3|19:1|42:3,False,recorded_during_training
3,0.4171052366407366,0.4213509151031758,0.0069589647730481,0.9999404528109924,0.0006883174064569,2.3175158500671387,0.0002970065583098,0.0166839544597759,True,True,joint,1600,train,8:3|68:2,4142,18148,mp-aaaaatio,mp-aaacrsyy,8:3|68:2,False,recorded_during_training
4,0.2721211942498485,0.2735168868298387,0.0043625457878988,0.9998901938815428,0.0001510758302174,0.6183542609214783,0.0002443192192001,0.0160316281130729,True,True,joint,1600,train,8:16|11:2|41:6,4399,9528,mp-aaaaavmx,mp-aaabjmwk,8:8|11:1|41:3,False,recorded_during_training
5,0.2394487393903546,0.2405612129077781,0.0024481882865075,0.9999816781315968,9.301960380980744e-05,0.8398832082748413,0.0001107530224361,0.0102242688466044,True,True,joint,1600,train,28:2|83:2,5792,12620,mp-aaaabhvh,mp-aaacewhi,28:1|83:1,False,recorded_during_training
6,0.3213603106123628,0.3237278159108427,0.0043274785462017,0.9999295270891102,0.0001689876808086,0.8843270540237427,0.0001910918364871,0.0134661263488188,True,True,joint,1600,train,8:8|23:2|83:2,5885,7789,mp-aaaabici,mp-aaabfbmg,8:4|23:1|83:1,False,recorded_during_training
7,0.7221765882568434,0.7261310723791894,0.0067629891512979,0.9999765966746276,0.0010195379145443,15.503423690795898,6.576211389679205e-05,0.0093647305399668,True,True,joint,1600,train,8:12|11:4|17:4,6004,8109,mp-aaaabini,mp-aaabfqcc,8:3|11:1|17:1,False,recorded_during_training
8,0.2874588755028924,0.290578368448223,0.0047466650264311,0.9999473589294536,0.0003259189543314,1.333327293395996,0.0002444403230517,0.016512501199092,True,True,joint,1600,train,8:6|37:4|40:2,10121,10417,mp-aaabqvan,mp-aaabraoy,8:3|37:2|40:1,False,recorded_during_training
9,0.3300182820821646,0.3335853472090093,0.00560261013743,0.9999553183750046,0.0005036808433942,2.026646614074707,0.0002485291909779,0.0169766659655392,True,True,joint,1600,train,8:18|56:8|73:4,10582,16766,mp-aaabruec,mp-aaacpwra,8:9|56:4|73:2,False,recorded_during_training
10,0.1434457298446432,0.1401133201622997,0.0048034221142643,0.9988327460717736,0.0004031143907923,0.1721307337284088,0.0023419082813436,0.0334859888786274,True,True,joint,1600,train,59:1|68:3,11977,11981,mp-aaacdnzr,mp-aaacdoad,59:1|68:3,False,recorded_during_training
11,0.1017820875745201,0.1018100689379934,0.0028253106988813,0.9997110670544348,5.666543438564986e-05,0.0980513766407966,0.0005779157450612,0.0277584275014285,True,True,joint,1600,train,62:3|69:1,12147,12167,mp-aaacdsei,mp-aaacdspp,62:3|69:1,False,recorded_during_training
12,0.2569476258940995,0.2535816658346448,0.0049487981887068,0.9999374417617704,0.0002609614457469,0.586344838142395,0.0004450647959547,0.0192599490712807,True,True,joint,1600,train,48:2|71:1,12799,13366,mp-aaacfkmg,mp-aaacilmc,48:2|71:1,False,recorded_during_training
13,0.3711048242627939,0.3708029143656404,0.0054421343954444,0.999884763456674,0.0002933946670964,1.2508291006088257,0.0002345601545036,0.0146646824283553,True,True,joint,1600,train,15:1|20:3|83:1,12895,12903,mp-aaacfrja,mp-aaacfroo,15:1|20:3|83:1,False,recorded_during_training
14,0.3156082618079381,0.3147725425060343,0.0051014832406508,0.9999490888395872,0.0004684094456024,2.3338234424591064,0.0002007047478745,0.0161639724240024,True,True,joint,1600,train,46:2|51:2|57:2,13082,13180,mp-aaacfzan,mp-aaacgikg,46:1|51:1|57:1,False,recorded_during_training
15,0.2423462098959135,0.2423456220731168,0.0022123640974314,0.9999731614562496,3.203360392944887e-05,0.575656533241272,5.564707786617405e-05,0.0091289403633818,True,True,joint,1600,train,19:3|31:1,15832,15834,mp-aaacpkso,mp-aaacpktf,19:3|31:1,False,recorded_during_training
0,0.2116293776424527,0.2122777509212028,0.0015592480577879,0.9999768586814568,1.9081522623309866e-05,0.3378577530384063,5.647797764504978e-05,0.0073678242366818,True,True,joint,1700,train,15:16|48:8,423,3943,mp-aaaaabjd,mp-aaaaarxw,15:2|48:1,False,recorded_during_training
1,0.2833879719401011,0.2820314014421683,0.002675817496879,0.9999769324595976,0.0001172753472928,1.2531861066818235,9.358174868648172e-05,0.0094422408917363,True,True,joint,1700,train,8:3|60:2,1183,2658,mp-aaaaaech,mp-aaaaalty,8:3|60:2,False,recorded_during_training
2,0.1626892907661385,0.1629411141620949,0.0014715813449583,0.99996263076833,1.6641664842609316e-05,0.2212611436843872,7.521277602337368e-05,0.0090453485784368,True,True,joint,1700,train,16:6|19:2|42:6,2704,14113,mp-aaaaamae,mp-aaackvdk,16:3|19:1|42:3,False,recorded_during_training
3,0.4171052366407366,0.4154682103935556,0.0036096186593113,0.9999748821942958,0.0001978121435968,2.3175158500671387,8.535524949746941e-05,0.0086539758847965,True,True,joint,1700,train,8:3|68:2,4142,18148,mp-aaaaatio,mp-aaacrsyy,8:3|68:2,False,recorded_during_training
4,0.2721211942498485,0.2714501102250324,0.0025712584997563,0.9999678595012272,4.873225771007128e-05,0.6183542609214783,7.88096092965381e-05,0.0094489461096351,True,True,joint,1700,train,8:16|11:2|41:6,4399,9528,mp-aaaaavmx,mp-aaabjmwk,8:8|11:1|41:3,False,recorded_during_training
5,0.2394487393903546,0.2406118520593736,0.0018721349479164,0.9999850569198284,4.787474244949408e-05,0.8398832082748413,5.700166639577305e-05,0.0078185207935653,True,True,joint,1700,train,28:2|83:2,5792,12620,mp-aaaabhvh,mp-aaacewhi,28:1|83:1,False,recorded_during_training
6,0.3213603106123628,0.3219483754232897,0.0020688906965915,0.9999814332981604,3.351383929839358e-05,0.8843270540237427,3.789756193243613e-05,0.0064379160346503,True,True,joint,1700,train,8:8|23:2|83:2,5885,7789,mp-aaaabici,mp-aaabfbmg,8:4|23:1|83:1,False,recorded_during_training
7,0.7221765882568434,0.72455064151427,0.0032769670010566,0.999996474864403,0.0001621520204935,15.503423690795898,1.0459110434412562e-05,0.0045376256366416,True,True,joint,1700,train,8:12|11:4|17:4,6004,8109,mp-aaaabini,mp-aaabfqcc,8:3|11:1|17:1,False,recorded_during_training
8,0.2874588755028924,0.2862568769575659,0.0024737941992896,0.999977659393834,0.0001094535837182,1.333327293395996,8.209055965508536e-05,0.0086057325416091,True,True,joint,1700,train,8:6|37:4|40:2,10121,10417,mp-aaabqvan,mp-aaabraoy,8:3|37:2|40:1,False,recorded_during_training
9,0.3300182820821646,0.3287455835240962,0.0035546243168482,0.9999680491332952,0.0002735462330747,2.026646614074707,0.0001349748057579,0.0107709921232887,True,True,joint,1700,train,8:18|56:8|73:4,10582,16766,mp-aaabruec,mp-aaacpwra,8:9|56:4|73:2,False,recorded_during_training
10,0.1434457298446432,0.140437518611634,0.0043936164915976,0.9988710032661842,0.0003886318008881,0.1721307337284088,0.0022577711282012,0.0306291201303523,True,True,joint,1700,train,59:1|68:3,11977,11981,mp-aaacdnzr,mp-aaacdoad,59:1|68:3,False,recorded_during_training
11,0.1017820875745201,0.1015689890250541,0.0028570561335072,0.9997022294457216,5.902090560994111e-05,0.0980513766407966,0.0006019385717159,0.0280703235863135,True,True,joint,1700,train,62:3|69:1,12147,12167,mp-aaacdsei,mp-aaacdspp,62:3|69:1,False,recorded_during_training
12,0.2569476258940995,0.255713833583286,0.0021711074805352,0.9999690600023744,4.755609552375972e-05,0.586344838142395,8.11060188990879e-05,0.0084496109780368,True,True,joint,1700,train,48:2|71:1,12799,13366,mp-aaacfkmg,mp-aaacilmc,48:2|71:1,False,recorded_during_training
13,0.3711048242627939,0.3702035896785673,0.0039721742286573,0.9999547752464792,0.0001359164598397,1.2508291006088257,0.0001086610950877,0.0107036448166583,True,True,joint,1700,train,15:1|20:3|83:1,12895,12903,mp-aaacfrja,mp-aaacfroo,15:1|20:3|83:1,False,recorded_during_training
14,0.3156082618079381,0.3134909786458593,0.0036315494799055,0.9999553299121297,0.0006398720433935,2.3338234424591064,0.0002741732865273,0.0115065095542887,True,True,joint,1700,train,46:2|51:2|57:2,13082,13180,mp-aaacfzan,mp-aaacgikg,46:1|51:1|57:1,False,recorded_during_training
15,0.2423462098959135,0.2428349008641817,0.0022045071473257,0.999958871757079,4.840404290007427e-05,0.575656533241272,8.408493625101782e-05,0.0090965200085968,True,True,joint,1700,train,19:3|31:1,15832,15834,mp-aaacpkso,mp-aaacpktf,19:3|31:1,False,recorded_during_training
0,0.2116293776424527,0.2109246161126066,0.0030821466551742,0.9999015764380498,7.187052688095719e-05,0.3378577530384063,0.0002127242196889,0.0145638884804619,True,True,joint,1800,train,15:16|48:8,423,3943,mp-aaaaabjd,mp-aaaaarxw,15:2|48:1,False,recorded_during_training
1,0.2833879719401011,0.2839564181796277,0.0020307124451619,0.9999813667093852,4.9800633860286325e-05,1.2531861066818235,3.973921638195308e-05,0.0071658385190433,True,True,joint,1800,train,8:3|60:2,1183,2658,mp-aaaaaech,mp-aaaaalty,8:3|60:2,False,recorded_during_training
2,0.1626892907661385,0.162483375519514,0.0013290443457663,0.999971978106554,1.244182749360334e-05,0.2212611436843872,5.623141635456199e-05,0.0081692183886693,True,True,joint,1800,train,16:6|19:2|42:6,2704,14113,mp-aaaaamae,mp-aaackvdk,16:3|19:1|42:3,False,recorded_during_training
3,0.4171052366407366,0.4180881043266709,0.002034852733459,0.9999931375362188,3.5399174521444365e-05,2.3175158500671387,1.5274620244957052e-05,0.0048785115954123,True,True,joint,1800,train,8:3|68:2,4142,18148,mp-aaaaatio,mp-aaacrsyy,8:3|68:2,False,recorded_during_training
4,0.2721211942498485,0.2732866686321813,0.0033459294893418,0.9999324494744716,0.0001024311859509,0.6183542609214783,0.0001656512980089,0.0122957327839367,True,True,joint,1800,train,8:16|11:2|41:6,4399,9528,mp-aaaaavmx,mp-aaabjmwk,8:8|11:1|41:3,False,recorded_during_training
5,0.2394487393903546,0.2393696795916184,0.0031278326059691,0.9999479235738096,9.572487033437936e-05,0.8398832082748413,0.0001139740256636,0.0130626396861922,True,True,joint,1800,train,28:2|83:2,5792,12620,mp-aaaabhvh,mp-aaacewhi,28:1|83:1,False,recorded_during_training
6,0.3213603106123628,0.3247866378205799,0.0051982423301524,0.9999033493127314,0.0002604688052088,0.8843270540237427,0.0002945389989186,0.01617574466569,True,True,joint,1800,train,8:8|23:2|83:2,5885,7789,mp-aaaabici,mp-aaabfbmg,8:4|23:1|83:1,False,recorded_during_training
7,0.7221765882568434,0.7253380258551942,0.0047659520859042,0.999987700250678,0.0005862695397809,15.503423690795898,3.781548846716821e-05,0.0065994275685509,True,True,joint,1800,train,8:12|11:4|17:4,6004,8109,mp-aaaabini,mp-aaabfqcc,8:3|11:1|17:1,False,recorded_during_training
8,0.2874588755028924,0.2898357142186114,0.0026909539640485,0.9999830998109478,0.0001303797034779,1.333327293395996,9.778522057092083e-05,0.0093611789141693,True,True,joint,1800,train,8:6|37:4|40:2,10121,10417,mp-aaabqvan,mp-aaabraoy,8:3|37:2|40:1,False,recorded_during_training
9,0.3300182820821646,0.3320879708971915,0.0039192207095766,0.999967357451471,0.0002526175230741,2.026646614074707,0.0001246480374623,0.0118757684721261,True,True,joint,1800,train,8:18|56:8|73:4,10582,16766,mp-aaabruec,mp-aaacpwra,8:9|56:4|73:2,False,recorded_during_training
10,0.1434457298446432,0.1404024002738424,0.0045665283121252,0.9989396007603386,0.0003649516729637,0.1721307337284088,0.0021202005304853,0.0318345364276157,True,True,joint,1800,train,59:1|68:3,11977,11981,mp-aaacdnzr,mp-aaacdoad,59:1|68:3,False,recorded_during_training
11,0.1017820875745201,0.101726504830367,0.0019520174605531,0.999830221149386,3.338434180477634e-05,0.0980513766407966,0.0003404780529199,0.0191783987445138,True,True,joint,1800,train,62:3|69:1,12147,12167,mp-aaacdsei,mp-aaacdspp,62:3|69:1,False,recorded_during_training
12,0.2569476258940995,0.2558083753392566,0.0035012261068914,0.9999348164676436,9.06448985915631e-05,0.586344838142395,0.0001545931552475,0.013626224779109,True,True,joint,1800,train,48:2|71:1,12799,13366,mp-aaacfkmg,mp-aaacilmc,48:2|71:1,False,recorded_during_training
13,0.3711048242627939,0.3685350145897246,0.0038980135402297,0.9999813850714804,0.0001521472004242,1.2508291006088257,0.0001216370808371,0.0105038072409143,True,True,joint,1800,train,15:1|20:3|83:1,12895,12903,mp-aaacfrja,mp-aaacfroo,15:1|20:3|83:1,False,recorded_during_training
14,0.3156082618079381,0.3160244738937763,0.0030414930624829,0.9999801155019472,9.72678535617888e-05,2.3338234424591064,4.167746873743777e-05,0.0096369247276986,True,True,joint,1800,train,46:2|51:2|57:2,13082,13180,mp-aaacfzan,mp-aaacgikg,46:1|51:1|57:1,False,recorded_during_training
15,0.2423462098959135,0.2420314631544897,0.0016120270975079,0.9999846055888688,2.153058449039236e-05,0.575656533241272,3.740178951702847e-05,0.0066517528712345,True,True,joint,1800,train,19:3|31:1,15832,15834,mp-aaacpkso,mp-aaacpktf,19:3|31:1,False,recorded_during_training
0,0.2116293776424527,0.2064667703089071,0.0156940428952339,0.9975478436453392,0.0018770035821944,0.3378577530384063,0.0055556031060831,0.074158148883039,True,True,joint,1900,train,15:16|48:8,423,3943,mp-aaaaabjd,mp-aaaaarxw,15:2|48:1,False,recorded_during_training
1,0.2833879719401011,0.2892606723926292,0.0171613873935712,0.9988216371483184,0.0038967381697148,1.2531861066818235,0.0031094648663418,0.0605579244457085,True,True,joint,1900,train,8:3|60:2,1183,2658,mp-aaaaaech,mp-aaaaalty,8:3|60:2,False,recorded_during_training
2,0.1626892907661385,0.1607230143854394,0.0143220297177322,0.9972466780259238,0.0012514132540673,0.2212611436843872,0.0056558202367983,0.0880330207986446,True,True,joint,1900,train,16:6|19:2|42:6,2704,14113,mp-aaaaamae,mp-aaackvdk,16:3|19:1|42:3,False,recorded_during_training
3,0.4171052366407366,0.4176884659764255,0.0155946278212013,0.9994005756720774,0.0027933632954955,2.3175158500671387,0.0012053265117537,0.0373877536201575,True,True,joint,1900,train,8:3|68:2,4142,18148,mp-aaaaatio,mp-aaacrsyy,8:3|68:2,False,recorded_during_training
4,0.2721211942498485,0.2764074829844958,0.0188077379132209,0.9980364151608982,0.0027314152102917,0.6183542609214783,0.0044172335874606,0.0691152997658559,True,True,joint,1900,train,8:16|11:2|41:6,4399,9528,mp-aaaaavmx,mp-aaabjmwk,8:8|11:1|41:3,False,recorded_during_training
5,0.2394487393903546,0.1654414532094961,0.1123083725833566,0.9441328548258936,0.0949773639440536,0.8398832082748413,0.1130840133584067,0.4690288738595909,True,False,joint,1900,train,28:2|83:2,5792,12620,mp-aaaabhvh,mp-aaacewhi,28:1|83:1,False,recorded_during_training
6,0.3213603106123628,0.323386158348967,0.022719551262071,0.9974599762565602,0.004492140840739,0.8843270540237427,0.0050797279358349,0.0706980623051371,True,True,joint,1900,train,8:8|23:2|83:2,5885,7789,mp-aaaabici,mp-aaabfbmg,8:4|23:1|83:1,False,recorded_during_training
7,0.7221765882568434,0.7350887746196122,0.0171868091910027,0.9998185306071784,0.0099154422059655,15.503423690795898,0.0006395646796295,0.023798624146052,True,True,joint,1900,train,8:12|11:4|17:4,6004,8109,mp-aaaabini,mp-aaabfqcc,8:3|11:1|17:1,False,recorded_during_training
8,0.2874588755028924,0.2862129450247721,0.0173292039030172,0.9982227876400463,0.0048562507145106,1.333327293395996,0.0036422045348983,0.0602841149806241,True,True,joint,1900,train,8:6|37:4|40:2,10121,10417,mp-aaabqvan,mp-aaabraoy,8:3|37:2|40:1,False,recorded_during_training
9,0.3300182820821646,0.3390764770516625,0.0213941945181659,0.9990616512264416,0.0067135663703083,2.026646614074707,0.0033126477619155,0.0648273010306726,True,True,joint,1900,train,8:18|56:8|73:4,10582,16766,mp-aaabruec,mp-aaacpwra,8:9|56:4|73:2,False,recorded_during_training
10,0.1434457298446432,0.138618283197502,0.0114969002797806,0.9973569365633708,0.0009351390763185,0.1721307337284088,0.0054327257896551,0.0801480831268537,True,True,joint,1900,train,59:1|68:3,11977,11981,mp-aaacdnzr,mp-aaacdoad,59:1|68:3,False,recorded_during_training
11,0.1017820875745201,0.1010027439683654,0.0096369166803924,0.9964202772343536,0.0007023733342066,0.0980513766407966,0.0071633194583257,0.0946818532616238,True,True,joint,1900,train,62:3|69:1,12147,12167,mp-aaacdsei,mp-aaacdspp,62:3|69:1,False,recorded_during_training
12,0.2569476258940995,0.2568091353750787,0.0126078305183909,0.9990124522270926,0.0011584137100726,0.586344838142395,0.0019756526104034,0.0490677058195014,True,True,joint,1900,train,48:2|71:1,12799,13366,mp-aaacfkmg,mp-aaacilmc,48:2|71:1,False,recorded_during_training
13,0.3711048242627939,0.371107473337247,0.0361740471235307,0.9957908254328156,0.0105436742305755,1.2508291006088257,0.0084293483621731,0.0974766285924499,True,True,joint,1900,train,15:1|20:3|83:1,12895,12903,mp-aaacfrja,mp-aaacfroo,15:1|20:3|83:1,False,recorded_during_training
14,0.3156082618079381,0.3130233627816778,0.0336165076805627,0.9977359910011806,0.0124242957681417,2.3338234424591064,0.0053235799855752,0.1065133957140195,True,False,joint,1900,train,46:2|51:2|57:2,13082,13180,mp-aaacfzan,mp-aaacgikg,46:1|51:1|57:1,False,recorded_during_training
15,0.2423462098959135,0.2425771650032402,0.0085430809431272,0.999494606803506,0.0005830094451084,0.575656533241272,0.001012773088539,0.0352515558085125,True,True,joint,1900,train,19:3|31:1,15832,15834,mp-aaacpkso,mp-aaacpktf,19:3|31:1,False,recorded_during_training
0,0.2116293776424527,0.2117707832803717,0.000382716488616,0.9999971562418172,1.9260960471001454e-06,0.3378577530384063,5.700908236612804e-06,0.0018084279832958,True,True,joint,2000,train,15:16|48:8,423,3943,mp-aaaaabjd,mp-aaaaarxw,15:2|48:1,False,recorded_during_training
1,0.2833879719401011,0.2838281684093431,0.0007539495604191,0.9999978892306588,5.29130875293049e-06,1.2531861066818235,4.222284882283587e-06,0.0026604853948372,True,True,joint,2000,train,8:3|60:2,1183,2658,mp-aaaaaech,mp-aaaaalty,8:3|60:2,False,recorded_during_training
2,0.1626892907661385,0.1626624339260161,0.000239661138039,0.999999159257252,3.892498057211924e-07,0.2212611436843872,1.7592325486504249e-06,0.0014731217826967,True,True,joint,2000,train,16:6|19:2|42:6,2704,14113,mp-aaaaamae,mp-aaackvdk,16:3|19:1|42:3,False,recorded_during_training
3,0.4171052366407366,0.4176054855347502,0.0007978295213888,0.9999985841262458,6.562777343788184e-06,2.3175158500671387,2.831815516428101e-06,0.0019127775230404,True,True,joint,2000,train,8:3|68:2,4142,18148,mp-aaaaatio,mp-aaacrsyy,8:3|68:2,False,recorded_during_training
4,0.2721211942498485,0.272242288491725,0.0003211657240171,0.999999062663978,1.1592128430493176e-06,0.6183542609214783,1.874674302917952e-06,0.0011802304664381,True,True,joint,2000,train,8:16|11:2|41:6,4399,9528,mp-aaaaavmx,mp-aaabjmwk,8:8|11:1|41:3,False,recorded_during_training
5,0.2394487393903546,0.2387771743815392,0.0042331233853474,0.9998888771325616,0.0001867046230472,0.8398832082748413,0.0002222983162513,0.0176786204685191,True,True,joint,2000,train,28:2|83:2,5792,12620,mp-aaaabhvh,mp-aaacewhi,28:1|83:1,False,recorded_during_training
6,0.3213603106123628,0.3217262138027763,0.0005999153913762,0.999997114629437,5.108355253469199e-06,0.8843270540237427,5.776545261423211e-06,0.0018667998864984,True,True,joint,2000,train,8:8|23:2|83:2,5885,7789,mp-aaaabici,mp-aaabfbmg,8:4|23:1|83:1,False,recorded_during_training
7,0.7221765882568434,0.7237788702145735,0.0017291851650043,0.9999992383129735,2.361831320740748e-05,15.503423690795898,1.523425643164822e-06,0.002394407674137,True,True,joint,2000,train,8:12|11:4|17:4,6004,8109,mp-aaaabini,mp-aaabfqcc,8:3|11:1|17:1,False,recorded_during_training
8,0.2874588755028924,0.2879255877492142,0.0006198079256307,0.9999984248515954,4.2088145164598245e-06,1.333327293395996,3.156625186708612e-06,0.0021561620755193,True,True,joint,2000,train,8:6|37:4|40:2,10121,10417,mp-aaabqvan,mp-aaabraoy,8:3|37:2|40:1,False,recorded_during_training
9,0.3300182820821646,0.3305303182248735,0.0006000925757234,0.9999986744533936,5.437365416582907e-06,2.026646614074707,2.6829371133681388e-06,0.001818361612991,True,True,joint,2000,train,8:18|56:8|73:4,10582,16766,mp-aaabruec,mp-aaacpwra,8:9|56:4|73:2,False,recorded_during_training
10,0.1434457298446432,0.1415941280265542,0.0030112157955954,0.9993522971931984,0.0002229530073236,0.1721307337284088,0.0012952539183121,0.0209920211557133,True,True,joint,2000,train,59:1|68:3,11977,11981,mp-aaacdnzr,mp-aaacdoad,59:1|68:3,False,recorded_during_training
11,0.1017820875745201,0.1017591564823305,0.0009790953777155,0.999895039201826,2.058271820715163e-05,0.0980513766407966,0.0002099176871585,0.0096195254100945,True,True,joint,2000,train,62:3|69:1,12147,12167,mp-aaacdsei,mp-aaacdspp,62:3|69:1,False,recorded_during_training
12,0.2569476258940995,0.2569001771917101,0.0002492397034075,0.9999996758559114,4.04717411583988e-07,0.586344838142395,6.902378690092631e-07,0.0009700019704024,True,True,joint,2000,train,48:2|71:1,12799,13366,mp-aaacfkmg,mp-aaacilmc,48:2|71:1,False,recorded_during_training
13,0.3711048242627939,0.3715529658747982,0.0013366270972809,0.9999892765951524,2.6827108740690164e-05,1.2508291006088257,2.144746130996824e-05,0.0036017507989453,True,True,joint,2000,train,15:1|20:3|83:1,12895,12903,mp-aaacfrja,mp-aaacfroo,15:1|20:3|83:1,False,recorded_during_training
14,0.3156082618079381,0.3157195466737903,0.0006746484687027,0.99999884196365,5.476568730955478e-06,2.3338234424591064,2.3466079872712733e-06,0.0021376134605543,True,True,joint,2000,train,46:2|51:2|57:2,13082,13180,mp-aaacfzan,mp-aaacgikg,46:1|51:1|57:1,False,recorded_during_training
15,0.2423462098959135,0.2427394907062989,0.0006762607590644,0.9999956768445278,4.977301614417229e-06,0.575656533241272,8.646304396811419e-06,0.002790473840523,True,True,joint,2000,train,19:3|31:1,15832,15834,mp-aaacpkso,mp-aaacpktf,19:3|31:1,False,recorded_during_training
0,0.2116293776424527,0.0001042326330207,0.211621348186668,0.1015070846659058,0.3378286957740783,0.3378577530384063,0.999913995567464,0.999962058879187,True,False,g2_only,0,train,15:16|48:8,423,3943,mp-aaaaabjd,mp-aaaaarxw,15:2|48:1,False,recomputed_endpoint
1,0.2833879719401011,0.0140791042031196,0.2858153276865778,-0.2768497423317148,1.2828110456466677,1.2531861066818235,1.023639696296414,1.0085654861420503,True,False,g2_only,0,train,8:3|60:2,1183,2658,mp-aaaaaech,mp-aaaaalty,8:3|60:2,False,recomputed_endpoint
2,0.1626892907661385,0.0045087886974215,0.1627728643943555,0.1035967227459305,0.2203034609556198,0.2212611436843872,0.9956717084942242,1.0005137008577727,True,False,g2_only,0,train,16:6|19:2|42:6,2704,14113,mp-aaaaamae,mp-aaackvdk,16:3|19:1|42:3,False,recomputed_endpoint
3,0.4171052366407366,0.0354601932785954,0.4192679764712466,0.0287607008687068,2.321021795272827,2.3175158500671387,1.0015128031187304,1.0051851179043645,True,False,g2_only,0,train,8:3|68:2,4142,18148,mp-aaaaatio,mp-aaacrsyy,8:3|68:2,False,recomputed_endpoint
4,0.2721211942498485,0.0141143355040185,0.267951182685465,0.3484643531469093,0.6003557443618774,0.6183542609214783,0.9708928721008904,0.9846759030443076,True,False,g2_only,0,train,8:16|11:2|41:6,4399,9528,mp-aaaaavmx,mp-aaabjmwk,8:8|11:1|41:3,False,recomputed_endpoint
5,0.2394487393903546,0.0018268202547915,0.2399597658077255,-0.2645888638686877,0.8425259590148926,0.8398832082748413,1.0031465693253705,1.0021341787752651,True,False,g2_only,0,train,28:2|83:2,5792,12620,mp-aaaabhvh,mp-aaacewhi,28:1|83:1,False,recomputed_endpoint
6,0.3213603106123628,0.0026000881307481,0.3209896308371753,0.2093796366484463,0.8814974427223206,0.8843270540237427,0.9968002660457496,0.9988465290736086,True,False,g2_only,0,train,8:8|23:2|83:2,5885,7789,mp-aaaabici,mp-aaabfbmg,8:4|23:1|83:1,False,recomputed_endpoint
7,0.7221765882568434,0.0111576154522481,0.7262400048712152,0.0708678208969885,15.486668586730955,15.503423690795898,0.9989192642606493,1.0056266246794014,True,False,g2_only,0,train,8:12|11:4|17:4,6004,8109,mp-aaaabini,mp-aaabfqcc,8:3|11:1|17:1,False,recomputed_endpoint
8,0.2874588755028924,0.0224531370229215,0.293716644038426,0.0151682936637389,1.338024377822876,1.333327293395996,1.003522829278411,1.021769265341298,True,False,g2_only,0,train,8:6|37:4|40:2,10121,10417,mp-aaabqvan,mp-aaabraoy,8:3|37:2|40:1,False,recomputed_endpoint
9,0.3300182820821646,0.0082572850988071,0.3337078490476415,-0.1238178581873243,2.036417961120605,2.026646614074707,1.0048214360500929,1.01117988658749,True,False,g2_only,0,train,8:18|56:8|73:4,10582,16766,mp-aaabruec,mp-aaacpwra,8:9|56:4|73:2,False,recomputed_endpoint
10,0.1434457298446432,0.0018212615177617,0.1435313629326629,-0.0018310329252893,0.1721574962139129,0.1721307337284088,1.000155477670515,1.0005969720263714,True,False,g2_only,0,train,59:1|68:3,11977,11981,mp-aaacdnzr,mp-aaacdoad,59:1|68:3,False,recomputed_endpoint
11,0.1017820875745201,0.0019801818889391,0.1017193351067362,0.0089925165397587,0.0980495885014534,0.0980513766407966,0.999981763240818,0.9993834625592846,True,False,g2_only,0,train,62:3|69:1,12147,12167,mp-aaacdsei,mp-aaacdspp,62:3|69:1,False,recomputed_endpoint
12,0.2569476258940995,0.0011487883748486,0.2571577904745936,-0.0911174235392258,0.5867341756820679,0.586344838142395,1.0006640077891813,1.0008179276993234,True,False,g2_only,0,train,48:2|71:1,12799,13366,mp-aaacfkmg,mp-aaacilmc,48:2|71:1,False,recomputed_endpoint
13,0.3711048242627939,0.0025004754893416,0.3705427329516269,0.2893497377794768,1.2462341785430908,1.2508291006088257,0.9963264989090048,0.9984853570354856,True,False,g2_only,0,train,15:1|20:3|83:1,12895,12903,mp-aaacfrja,mp-aaacfroo,15:1|20:3|83:1,False,recomputed_endpoint
14,0.3156082618079381,0.0019041790546907,0.3155997808680695,-0.0015243886091118,2.333876132965088,2.3338234424591064,1.0000225769032152,0.9999731282704072,True,False,g2_only,0,train,46:2|51:2|57:2,13082,13180,mp-aaacfzan,mp-aaacgikg,46:1|51:1|57:1,False,recomputed_endpoint
15,0.2423462098959135,0.0066833430028054,0.2444697238825028,-0.2244483159229667,0.5832270383834839,0.575656533241272,1.013151080036538,1.008762315645462,True,False,g2_only,0,train,19:3|31:1,15832,15834,mp-aaacpkso,mp-aaacpktf,19:3|31:1,False,recomputed_endpoint
0,0.2116293776424527,0.0545567070344077,0.1679478830977814,0.7109154102102444,0.2032132893800735,0.3378577530384063,0.6014758801671574,0.7935943722403651,True,False,g2_only,2000,train,15:16|48:8,423,3943,mp-aaaaabjd,mp-aaaaarxw,15:2|48:1,False,recomputed_endpoint
1,0.2833879719401011,0.3050836603183597,0.063365323214839,0.9890334259171648,0.0681607127189636,1.2531861066818235,0.0543899364631794,0.2235991978806791,True,False,g2_only,2000,train,8:3|60:2,1183,2658,mp-aaaaaech,mp-aaaaalty,8:3|60:2,False,recomputed_endpoint
2,0.1626892907661385,0.1571139677325845,0.0190176407704711,0.9921830200200372,0.0037462189793586,0.2212611436843872,0.0169312104103664,0.1168954679248588,True,False,g2_only,2000,train,16:6|19:2|42:6,2704,14113,mp-aaaaamae,mp-aaackvdk,16:3|19:1|42:3,False,recomputed_endpoint
3,0.4171052366407366,0.3938110693925658,0.0395512431394102,0.996263038274974,0.0208836272358894,2.3175158500671387,0.0090112122578511,0.0948231757000854,True,True,g2_only,2000,train,8:3|68:2,4142,18148,mp-aaaaatio,mp-aaacrsyy,8:3|68:2,False,recomputed_endpoint
4,0.2721211942498485,0.2732215117207346,0.0208784708497518,0.9967667203457126,0.0040604104287922,0.6183542609214783,0.0065664792585748,0.0767248979165592,True,True,g2_only,2000,train,8:16|11:2|41:6,4399,9528,mp-aaaaavmx,mp-aaabjmwk,8:8|11:1|41:3,False,recomputed_endpoint
5,0.2394487393903546,0.2259856439122813,0.0264163666070089,0.9974723804943096,0.0047522787936031,0.8398832082748413,0.0056582614663348,0.1103215939840235,True,False,g2_only,2000,train,28:2|83:2,5792,12620,mp-aaaabhvh,mp-aaacewhi,28:1|83:1,False,recomputed_endpoint
6,0.3213603106123628,0.2877236444304998,0.0490151602074746,0.992299716615018,0.0216325409710407,0.8843270540237427,0.0244621499168337,0.1525240005963232,True,False,g2_only,2000,train,8:8|23:2|83:2,5885,7789,mp-aaaabici,mp-aaabfbmg,8:4|23:1|83:1,False,recomputed_endpoint
7,0.7221765882568434,0.7171296538405372,0.016154270557898,0.9998065413808196,0.0104549918323755,15.503423690795898,0.000674366645774,0.022368864929408,True,True,g2_only,2000,train,8:12|11:4|17:4,6004,8109,mp-aaaabini,mp-aaabfqcc,8:3|11:1|17:1,False,recomputed_endpoint
8,0.2874588755028924,0.2790515253238066,0.017465580570386,0.9985622893717542,0.0044249803759157,1.333327293395996,0.0033187503157197,0.0607585364683245,True,True,g2_only,2000,train,8:6|37:4|40:2,10121,10417,mp-aaabqvan,mp-aaabraoy,8:3|37:2|40:1,False,recomputed_endpoint
9,0.3300182820821646,0.295939344692556,0.0424566856071351,0.9951870873874312,0.055727906525135,2.026646614074707,0.0274975943699875,0.1286494958378235,True,False,g2_only,2000,train,8:18|56:8|73:4,10582,16766,mp-aaabruec,mp-aaacpwra,8:9|56:4|73:2,False,recomputed_endpoint
10,0.1434457298446432,0.1388098193861466,0.023859318950393,0.9871564916184588,0.0043984903022646,0.1721307337284088,0.0255531955682284,0.1663299352043002,True,False,g2_only,2000,train,59:1|68:3,11977,11981,mp-aaacdnzr,mp-aaacdoad,59:1|68:3,False,recomputed_endpoint
11,0.1017820875745201,0.0857241069905399,0.0262811291740376,0.9623394865639636,0.0080784931778907,0.0980513766407966,0.0823904105649193,0.2582097675565542,True,False,g2_only,2000,train,62:3|69:1,12147,12167,mp-aaacdsei,mp-aaacdspp,62:3|69:1,False,recomputed_endpoint
12,0.2569476258940995,0.2073663275472936,0.0913718540827757,0.9521606863434088,0.055249448865652,0.586344838142395,0.0942268871005813,0.3556049750015377,True,False,g2_only,2000,train,48:2|71:1,12799,13366,mp-aaacfkmg,mp-aaacilmc,48:2|71:1,False,recomputed_endpoint
13,0.3711048242627939,0.3432533202889978,0.0406343705011487,0.9836597021810934,0.0417109467089176,1.2508291006088257,0.0333466391920489,0.1094956676509651,True,False,g2_only,2000,train,15:1|20:3|83:1,12895,12903,mp-aaacfrja,mp-aaacfroo,15:1|20:3|83:1,False,recomputed_endpoint
14,0.3156082618079381,0.2908956919738443,0.0375844762408519,0.9964500734534698,0.0170793198049068,2.3338234424591064,0.0073181713295803,0.1190858440319403,True,False,g2_only,2000,train,46:2|51:2|57:2,13082,13180,mp-aaacfzan,mp-aaacgikg,46:1|51:1|57:1,False,recomputed_endpoint
15,0.2423462098959135,0.2267023646185606,0.0299450083170285,0.965472216805556,0.0394821465015411,0.575656533241272,0.0685862909941008,0.1235629322607922,True,False,g2_only,2000,train,19:3|31:1,15832,15834,mp-aaacpkso,mp-aaacpktf,19:3|31:1,False,recomputed_endpoint
0,0.2116293776424527,0.00010426549124531448,0.2116213549678605,0.10138835447268173,0.33782872557640076,0.33785775303840637,0.9999140837771383,0.9999620909219619,True,False,non_g2,0,train,15:16|48:8,423,3943,mp-aaaaabjd,mp-aaaaarxw,15:2|48:1,False,recorded_during_training
1,0.2833879719401011,0.014079067546845181,0.285815357518004,-0.2768516289296224,1.282811164855957,1.2531861066818237,1.023639791421383,1.008565591409137,True,False,non_g2,0,train,8:3|60:2,1183,2658,mp-aaaaaech,mp-aaaaalty,8:3|60:2,False,recorded_during_training
2,0.16268929076613858,0.0045087868347764015,0.16277284530224279,0.10359623073651233,0.220303475856781,0.2212611436843872,0.9956717758407132,1.0005135835045487,True,False,non_g2,0,train,16:6|19:2|42:6,2704,14113,mp-aaaaamae,mp-aaackvdk,16:3|19:1|42:3,False,recorded_during_training
3,0.4171052366407366,0.035460210669953085,0.41926796235043184,0.02876038196333909,2.321021795272827,2.3175158500671387,1.0015128031187304,1.005185084050043,True,False,non_g2,0,train,8:3|68:2,4142,18148,mp-aaaaatio,mp-aaacrsyy,8:3|68:2,False,recorded_during_training
4,0.2721211942498485,0.014114292185695376,0.2679511825572263,0.3484655145831671,0.6003556847572327,0.6183542609214783,0.970892775708501,0.9846759025730517,True,False,non_g2,0,train,8:16|11:2|41:6,4399,9528,mp-aaaaavmx,mp-aaabjmwk,8:8|11:1|41:3,False,recorded_during_training
5,0.2394487393903546,0.0018268804997205734,0.2399597853072919,-0.26458869316558004,0.8425261974334717,0.8398832082748413,1.003146853196481,1.0021342602105086,True,False,non_g2,0,train,28:2|83:2,5792,12620,mp-aaaabhvh,mp-aaacewhi,28:1|83:1,False,recorded_during_training
6,0.3213603106123628,0.0026000677939919115,0.3209896615485377,0.20936633929264908,0.8814976811408997,0.8843270540237427,0.9968005356502787,0.9988466246403644,True,False,non_g2,0,train,8:8|23:2|83:2,5885,7789,mp-aaaabici,mp-aaabfbmg,8:4|23:1|83:1,False,recorded_during_training
7,0.7221765882568434,0.011157633613038342,0.7262399820538121,0.07087119234456353,15.48666763305664,15.503423690795898,0.9989192027468613,1.0056265930840775,True,False,non_g2,0,train,8:12|11:4|17:4,6004,8109,mp-aaaabini,mp-aaabfqcc,8:3|11:1|17:1,False,recorded_during_training
8,0.2874588755028924,0.022453123156765287,0.2937166474017374,0.015167620211197552,1.3380247354507446,1.333327293395996,1.0035230975005276,1.0217692770414462,True,False,non_g2,0,train,8:6|37:4|40:2,10121,10417,mp-aaabqvan,mp-aaabraoy,8:3|37:2|40:1,False,recorded_during_training
9,0.33001828208216466,0.008257316636445466,0.33370786382147344,-0.12381881196287059,2.0364181995391846,2.026646614074707,1.004821553692003,1.0111799313541974,True,False,non_g2,0,train,8:18|56:8|73:4,10582,16766,mp-aaabruec,mp-aaacpwra,8:9|56:4|73:2,False,recorded_during_training
10,0.1434457298446432,0.0018212482536910102,0.14353133405438712,-0.0018195743481202815,0.1721574366092682,0.1721307337284088,1.0001551313950796,1.000596770707895,True,False,non_g2,0,train,59:1|68:3,11977,11981,mp-aaacdnzr,mp-aaacdoad,59:1|68:3,False,recorded_during_training
11,0.10178208757452012,0.0019802316746790893,0.10171932537514294,0.008994926912785937,0.0980495736002922,0.09805137664079666,0.9999816112678248,0.9993833669472418,True,False,non_g2,0,train,62:3|69:1,12147,12167,mp-aaacdsei,mp-aaacdspp,62:3|69:1,False,recorded_during_training
12,0.2569476258940995,0.00114885822404176,0.2571577876806259,-0.09111564552981724,0.5867341756820679,0.586344838142395,1.0006640077891813,1.0008179168256377,True,False,non_g2,0,train,48:2|71:1,12799,13366,mp-aaacfkmg,mp-aaacilmc,48:2|71:1,False,recorded_during_training
13,0.3711048242627939,0.0025005096204040456,0.37054275488818433,0.28933501722080696,1.2462345361709595,1.2508291006088257,0.9963267848216596,0.9984854161469711,True,False,non_g2,0,train,15:1|20:3|83:1,12895,12903,mp-aaacfrja,mp-aaacfroo,15:1|20:3|83:1,False,recorded_during_training
14,0.3156082618079381,0.001904214524984127,0.31559980865495163,-0.0015680429459729202,2.333876848220825,2.3338234424591064,1.0000228833770144,0.9999732163127224,True,False,non_g2,0,train,46:2|51:2|57:2,13082,13180,mp-aaacfzan,mp-aaacgikg,46:1|51:1|57:1,False,recorded_during_training
15,0.2423462098959135,0.006683376574073918,0.24446969936252572,-0.2244445795797132,0.5832268595695496,0.575656533241272,1.0131507694104545,1.0087622144679889,True,False,non_g2,0,train,19:3|31:1,15832,15834,mp-aaacpkso,mp-aaacpktf,19:3|31:1,False,recorded_during_training
0,0.2116293776424527,0.023574944738356862,0.2042445157429711,0.4353937743201605,0.30681830644607544,0.33785775303840637,0.9081286538101067,0.9651047412143396,True,False,non_g2,100,train,15:16|48:8,423,3943,mp-aaaaabjd,mp-aaaaarxw,15:2|48:1,False,recorded_during_training
1,0.2833879719401011,0.2502422700183615,0.05278572921218938,0.9881387485571269,0.02955717034637928,1.2531861066818237,0.023585619237864456,0.18626665362969796,True,False,non_g2,100,train,8:3|60:2,1183,2658,mp-aaaaaech,mp-aaaaalty,8:3|60:2,False,recorded_during_training
2,0.16268929076613858,0.11388952506240457,0.08954851457383484,0.7868836952642622,0.0844159871339798,0.2212611436843872,0.38152196869411925,0.5504266086116165,True,False,non_g2,100,train,16:6|19:2|42:6,2704,14113,mp-aaaaamae,mp-aaackvdk,16:3|19:1|42:3,False,recorded_during_training
3,0.4171052366407366,0.3665111794979907,0.07975698756780503,0.9652603168484862,0.15831537544727325,2.3175158500671387,0.06831253190466285,0.19121550285522249,True,False,non_g2,100,train,8:3|68:2,4142,18148,mp-aaaaatio,mp-aaacrsyy,8:3|68:2,False,recorded_during_training
4,0.2721211942498485,0.26888516135113605,0.02434550995076279,0.9945326313422054,0.006746485363692045,0.6183542609214783,0.010910388736770988,0.08946568832271816,True,False,non_g2,100,train,8:16|11:2|41:6,4399,9528,mp-aaaaavmx,mp-aaabjmwk,8:8|11:1|41:3,False,recorded_during_training
5,0.2394487393903546,0.14041478903072857,0.11242508136342622,0.9394259937933154,0.09868014603853226,0.8398832082748413,0.1174927002543911,0.4695162799756835,True,False,non_g2,100,train,28:2|83:2,5792,12620,mp-aaaabhvh,mp-aaacewhi,28:1|83:1,False,recorded_during_training
6,0.3213603106123628,0.31562575175178154,0.022492853776043376,0.9945176562676191,0.009677274152636528,0.8843270540237427,0.010943094083353363,0.0699926314272677,True,False,non_g2,100,train,8:8|23:2|83:2,5885,7789,mp-aaaabici,mp-aaabfbmg,8:4|23:1|83:1,False,recorded_during_training
7,0.7221765882568434,0.7271428051078175,0.020623262671236375,0.9996180859316578,0.01245085522532463,15.503423690795898,0.0008031035901261267,0.028557091169371548,True,True,non_g2,100,train,8:12|11:4|17:4,6004,8109,mp-aaaabini,mp-aaabfqcc,8:3|11:1|17:1,False,recorded_during_training
8,0.2874588755028924,0.28325959944520207,0.010962829533937679,0.9994350682586776,0.001598138827830553,1.333327293395996,0.0011986095505178475,0.038137036175205426,True,True,non_g2,100,train,8:6|37:4|40:2,10121,10417,mp-aaabqvan,mp-aaabraoy,8:3|37:2|40:1,False,recorded_during_training
9,0.33001828208216466,0.29766150933954805,0.054555178749239985,0.9755385849422417,0.09793863445520401,2.026646614074707,0.04832546225624008,0.16530956529146887,True,False,non_g2,100,train,8:18|56:8|73:4,10582,16766,mp-aaabruec,mp-aaacpwra,8:9|56:4|73:2,False,recorded_during_training
10,0.1434457298446432,0.014049319569210184,0.13752525559601736,0.44017632111221333,0.15571525692939758,0.1721307337284088,0.9046336674256447,0.9587267306246207,True,False,non_g2,100,train,59:1|68:3,11977,11981,mp-aaacdnzr,mp-aaacdoad,59:1|68:3,False,recorded_during_training
11,0.10178208757452012,0.009373680691169284,0.10040219588836408,0.21872147478905643,0.09415794163942337,0.09805137664079666,0.9602918884490875,0.9864426863406024,True,False,non_g2,100,train,62:3|69:1,12147,12167,mp-aaacdsei,mp-aaacdspp,62:3|69:1,False,recorded_during_training
12,0.2569476258940995,0.14730775096938942,0.14056439925286668,0.8264294005952747,0.18608194589614868,0.586344838142395,0.31735922923049303,0.5470546721875533,True,False,non_g2,100,train,48:2|71:1,12799,13366,mp-aaacfkmg,mp-aaacilmc,48:2|71:1,False,recorded_during_training
13,0.3711048242627939,0.36477778656109194,0.04701870449323309,0.988002720065109,0.029935989528894424,1.2508291006088257,0.023932917386014965,0.12669925427845502,True,False,non_g2,100,train,15:1|20:3|83:1,12895,12903,mp-aaacfrja,mp-aaacfroo,15:1|20:3|83:1,False,recorded_during_training
14,0.3156082618079381,0.24895796965984118,0.09632151766118113,0.9812716364738809,0.08728403598070145,2.3338234424591064,0.03739958832906909,0.3051932706368667,True,False,non_g2,100,train,46:2|51:2|57:2,13082,13180,mp-aaacfzan,mp-aaacgikg,46:1|51:1|57:1,False,recorded_during_training
15,0.2423462098959135,0.22428832796470033,0.04093714499742873,0.9594643107002669,0.045729149132966995,0.575656533241272,0.07943825265994292,0.1689200958208137,True,False,non_g2,100,train,19:3|31:1,15832,15834,mp-aaacpkso,mp-aaacpktf,19:3|31:1,False,recorded_during_training
0,0.2116293776424527,0.21261393185704947,0.00732140709885698,0.999310813785087,0.0004687874170485884,0.33785775303840637,0.0013875289610278633,0.03459541950374432,True,True,non_g2,200,train,15:16|48:8,423,3943,mp-aaaaabjd,mp-aaaaarxw,15:2|48:1,False,recorded_during_training
1,0.2833879719401011,0.2751666731999194,0.025892622766718887,0.9961233593632486,0.009697853587567806,1.2531861066818237,0.007738558172533293,0.09136810779037487,True,True,non_g2,200,train,8:3|60:2,1183,2658,mp-aaaaaech,mp-aaaaalty,8:3|60:2,False,recorded_during_training
2,0.16268929076613858,0.15528275737597141,0.015206029915134422,0.9881026771585291,0.005256068427115679,0.2212611436843872,0.023755045009679038,0.09346669251261705,True,False,non_g2,200,train,16:6|19:2|42:6,2704,14113,mp-aaaaamae,mp-aaackvdk,16:3|19:1|42:3,False,recorded_during_training
3,0.4171052366407366,0.3841981879990044,0.07873911845689463,0.9662650835064349,0.15585774183273315,2.3175158500671387,0.06725207157837472,0.1887751855887502,True,False,non_g2,200,train,8:3|68:2,4142,18148,mp-aaaaatio,mp-aaacrsyy,8:3|68:2,False,recorded_during_training
4,0.2721211942498485,0.27410284231063997,0.01413293288078421,0.9986868350328774,0.0016295198583975434,0.6183542609214783,0.0026352528985071036,0.05193617101286141,True,True,non_g2,200,train,8:16|11:2|41:6,4399,9528,mp-aaaaavmx,mp-aaabjmwk,8:8|11:1|41:3,False,recorded_during_training
5,0.2394487393903546,0.1604414478366607,0.09218252911125546,0.9614023687495404,0.06363514810800552,0.8398832082748413,0.07576666312774015,0.38497813496932837,True,False,non_g2,200,train,28:2|83:2,5792,12620,mp-aaaabhvh,mp-aaacewhi,28:1|83:1,False,recorded_during_training
6,0.3213603106123628,0.3212447937098659,0.014382262625531439,0.9990510700068316,0.0016922041540965438,0.8843270540237427,0.0019135501355487322,0.04475432139745433,True,True,non_g2,200,train,8:8|23:2|83:2,5885,7789,mp-aaaabici,mp-aaabfbmg,8:4|23:1|83:1,False,recorded_during_training
7,0.7221765882568434,0.736424954385555,0.021062929659208862,0.9997682225650448,0.012388866394758224,15.503423690795898,0.0007991051939136044,0.029165899312866943,True,True,non_g2,200,train,8:12|11:4|17:4,6004,8109,mp-aaaabini,mp-aaabfqcc,8:3|11:1|17:1,False,recorded_during_training
8,0.2874588755028924,0.2912663937686588,0.0067506513785176026,0.999858417772589,0.0006230592844076455,1.333327293395996,0.0004672965801372806,0.02348388570959145,True,True,non_g2,200,train,8:6|37:4|40:2,10121,10417,mp-aaabqvan,mp-aaabraoy,8:3|37:2|40:1,False,recorded_during_training
9,0.33001828208216466,0.3217067372539759,0.03188893333310716,0.981668645012031,0.073878712952137,2.026646614074707,0.03645367299807585,0.09662777810947992,True,False,non_g2,200,train,8:18|56:8|73:4,10582,16766,mp-aaabruec,mp-aaacpwra,8:9|56:4|73:2,False,recorded_during_training
10,0.1434457298446432,0.11166527561594819,0.043929891641809604,0.9314342628581285,0.02287154272198677,0.1721307337284088,0.1328730914380109,0.30624746856798896,True,False,non_g2,200,train,59:1|68:3,11977,11981,mp-aaacdnzr,mp-aaacdoad,59:1|68:3,False,recorded_during_training
11,0.10178208757452012,0.053594162627973674,0.0613678056296294,0.7672551307473032,0.04058503359556198,0.09805137664079666,0.4139159998155048,0.6029332576294305,True,False,non_g2,200,train,62:3|69:1,12147,12167,mp-aaacdsei,mp-aaacdspp,62:3|69:1,False,recorded_during_training
12,0.2569476258940995,0.19459041572000046,0.07903336346632273,0.958626029976927,0.04753994569182396,0.586344838142395,0.08107847566704218,0.30758549798353146,True,False,non_g2,200,train,48:2|71:1,12799,13366,mp-aaacfkmg,mp-aaacilmc,48:2|71:1,False,recorded_during_training
13,0.3711048242627939,0.36766935771157705,0.016374984820139105,0.9982610061731695,0.0044531309977173805,1.2508291006088257,0.0035601434245092906,0.04412495809686197,True,True,non_g2,200,train,15:1|20:3|83:1,12895,12903,mp-aaacfrja,mp-aaacfroo,15:1|20:3|83:1,False,recorded_during_training
14,0.3156082618079381,0.25298418847660287,0.07463200273332404,0.9850624568931241,0.07005090266466141,2.3338234424591064,0.030015510766679965,0.23647037091424747,True,False,non_g2,200,train,46:2|51:2|57:2,13082,13180,mp-aaacfzan,mp-aaacgikg,46:1|51:1|57:1,False,recorded_during_training
15,0.2423462098959135,0.23118382959125938,0.02848606693748934,0.9656905743728691,0.03884806111454964,0.575656533241272,0.06748479148809981,0.11754286130459382,True,False,non_g2,200,train,19:3|31:1,15832,15834,mp-aaacpkso,mp-aaacpktf,19:3|31:1,False,recorded_during_training
0,0.2116293776424527,0.21303877916943748,0.004064715480240011,0.9998427248532967,0.00011474978236947209,0.33785775303840637,0.0003396393344166584,0.01920676385065658,True,True,non_g2,300,train,15:16|48:8,423,3943,mp-aaaaabjd,mp-aaaaarxw,15:2|48:1,False,recorded_during_training
1,0.2833879719401011,0.2819562215050837,0.014414290683475883,0.9982517300449355,0.004391334019601345,1.2531861066818237,0.0035041355758632566,0.05086415836492379,True,True,non_g2,300,train,8:3|60:2,1183,2658,mp-aaaaaech,mp-aaaaalty,8:3|60:2,False,recorded_during_training
2,0.16268929076613858,0.16390790727746207,0.006313524369033985,0.9992059658083403,0.00035412522265687585,0.2212611436843872,0.0016004853665676135,0.03880725239689872,True,True,non_g2,300,train,16:6|19:2|42:6,2704,14113,mp-aaaaamae,mp-aaackvdk,16:3|19:1|42:3,False,recorded_during_training
3,0.4171052366407366,0.41754826989676985,0.012793288311968354,0.9997453909092703,0.001340041751973331,2.3175158500671387,0.000578223338552144,0.030671607997546046,True,True,non_g2,300,train,8:3|68:2,4142,18148,mp-aaaaatio,mp-aaacrsyy,8:3|68:2,False,recorded_during_training
4,0.2721211942498485,0.2724319795640895,0.00740194104469083,0.9997052938682282,0.00037218103534542024,0.6183542609214783,0.0006018896591588,0.027200898721232006,True,True,non_g2,300,train,8:16|11:2|41:6,4399,9528,mp-aaaaavmx,mp-aaabjmwk,8:8|11:1|41:3,False,recorded_during_training
5,0.2394487393903546,0.1889211715313195,0.07237371869973686,0.9730733338096486,0.04485809803009033,0.8398832082748413,0.05340992365144545,0.30225140831395914,True,False,non_g2,300,train,28:2|83:2,5792,12620,mp-aaaabhvh,mp-aaacewhi,28:1|83:1,False,recorded_during_training
6,0.3213603106123628,0.323723505662997,0.00557745686535327,0.999866544777685,0.0002493991341907531,0.8843270540237427,0.00028202137778774453,0.017355773818880246,True,True,non_g2,300,train,8:8|23:2|83:2,5885,7789,mp-aaaabici,mp-aaabfbmg,8:4|23:1|83:1,False,recorded_during_training
7,0.7221765882568434,0.7262833130951805,0.009211748576333889,0.9999697062242578,0.0010010156547650695,15.503423690795898,6.456739328870657e-05,0.012755534762721656,True,True,non_g2,300,train,8:12|11:4|17:4,6004,8109,mp-aaaabini,mp-aaabfqcc,8:3|11:1|17:1,False,recorded_during_training
8,0.2874588755028924,0.28827820115765235,0.005715451077691114,0.9998252657224322,0.0004813630075659603,1.333327293395996,0.00036102389109572984,0.019882673887498755,True,True,non_g2,300,train,8:6|37:4|40:2,10121,10417,mp-aaabqvan,mp-aaabraoy,8:3|37:2|40:1,False,recorded_during_training
9,0.33001828208216466,0.3301092680349029,0.007503673944484035,0.9998997626568157,0.000610474671702832,2.026646614074707,0.00030122403553890055,0.022737146248812498,True,True,non_g2,300,train,8:18|56:8|73:4,10582,16766,mp-aaabruec,mp-aaacpwra,8:9|56:4|73:2,False,recorded_during_training
10,0.1434457298446432,0.1286140354673364,0.025499303931752593,0.9753832230375099,0.008385362103581429,0.1721307337284088,0.04871507790591315,0.17776272573167037,True,False,non_g2,300,train,59:1|68:3,11977,11981,mp-aaacdnzr,mp-aaacdoad,59:1|68:3,False,recorded_during_training
11,0.10178208757452012,0.08035978279713163,0.027790756269041594,0.903148178481822,0.018181994557380676,0.09805137664079666,0.18543334301148012,0.2730417201228506,True,False,non_g2,300,train,62:3|69:1,12147,12167,mp-aaacdsei,mp-aaacdspp,62:3|69:1,False,recorded_during_training
12,0.2569476258940995,0.23389335444403514,0.036361813212579364,0.9884131355759149,0.013549271039664745,0.586344838142395,0.02310802476336336,0.14151449380414133,True,False,non_g2,300,train,48:2|71:1,12799,13366,mp-aaacfkmg,mp-aaacilmc,48:2|71:1,False,recorded_during_training
13,0.3711048242627939,0.3681726166021235,0.012059509650690359,0.9989539048192505,0.002620413200929761,1.2508291006088257,0.0020949410272388985,0.03249623519351111,True,True,non_g2,300,train,15:1|20:3|83:1,12895,12903,mp-aaacfrja,mp-aaacfroo,15:1|20:3|83:1,False,recorded_during_training
14,0.3156082618079381,0.27242909551250705,0.058971297154585045,0.9892535297870902,0.05003747716546059,2.3338234424591064,0.021440129640971053,0.1868496623528561,True,False,non_g2,300,train,46:2|51:2|57:2,13082,13180,mp-aaacfzan,mp-aaacgikg,46:1|51:1|57:1,False,recorded_during_training
15,0.2423462098959135,0.23145277878393244,0.02761825516608951,0.9661451076182833,0.03831784054636955,0.575656533241272,0.06656372043693908,0.11396198512017752,True,False,non_g2,300,train,19:3|31:1,15832,15834,mp-aaacpkso,mp-aaacpktf,19:3|31:1,False,recorded_during_training
0,0.2116293776424527,0.21254184575809631,0.004387874648159595,0.9998156995744876,0.0001303127355640754,0.33785775303840637,0.0003857029604682831,0.020733769087451073,True,True,non_g2,400,train,15:16|48:8,423,3943,mp-aaaaabjd,mp-aaaaarxw,15:2|48:1,False,recorded_during_training
1,0.2833879719401011,0.28343636511760906,0.0075448543042284655,0.9987064604914536,0.003303038189187646,1.2531861066818237,0.002635712422581355,0.026623763360793588,True,True,non_g2,400,train,8:3|60:2,1183,2658,mp-aaaaaech,mp-aaaaalty,8:3|60:2,False,recorded_during_training
2,0.16268929076613858,0.16294310553348623,0.0011790057469625026,0.9999802431534677,9.196490282192826e-06,0.2212611436843872,4.156396432313007e-05,0.007246978220940745,True,True,non_g2,400,train,16:6|19:2|42:6,2704,14113,mp-aaaaamae,mp-aaackvdk,16:3|19:1|42:3,False,recorded_during_training
3,0.4171052366407366,0.4208209610412723,0.005156163046194706,0.9999730359012412,0.0001965928531717509,2.3175158500671387,8.482912993499294e-05,0.012361779697903532,True,True,non_g2,400,train,8:3|68:2,4142,18148,mp-aaaaatio,mp-aaacrsyy,8:3|68:2,False,recorded_during_training
4,0.2721211942498485,0.2743818357107557,0.004048036113545095,0.9999325362906699,0.00012778438394889235,0.6183542609214783,0.0002066523868671442,0.014875857518942036,True,True,non_g2,400,train,8:16|11:2|41:6,4399,9528,mp-aaaaavmx,mp-aaabjmwk,8:8|11:1|41:3,False,recorded_during_training
5,0.2394487393903546,0.21350420540875348,0.03984813646275143,0.9898515256482691,0.017042234539985657,0.8398832082748413,0.020291195694924286,0.16641614637106156,True,False,non_g2,400,train,28:2|83:2,5792,12620,mp-aaaabhvh,mp-aaacewhi,28:1|83:1,False,recorded_during_training
6,0.3213603106123628,0.32393182712371527,0.0034556557814084954,0.9999731401101121,8.556743705412373e-05,0.8843270540237427,9.675994493755066e-05,0.010753212725067473,True,True,non_g2,400,train,8:8|23:2|83:2,5885,7789,mp-aaaabici,mp-aaabfbmg,8:4|23:1|83:1,False,recorded_during_training
7,0.7221765882568434,0.7264727092461669,0.00955005828845401,0.9999240166063446,0.0023609723430126905,15.503423690795898,0.0001522871586367311,0.01322399319466379,True,True,non_g2,400,train,8:12|11:4|17:4,6004,8109,mp-aaaabini,mp-aaabfqcc,8:3|11:1|17:1,False,recorded_during_training
8,0.2874588755028924,0.28926673776950906,0.002725768980894827,0.999982265999083,0.00010467797255842015,1.333327293395996,7.850883506014826e-05,0.009482291949157092,True,True,non_g2,400,train,8:6|37:4|40:2,10121,10417,mp-aaabqvan,mp-aaabraoy,8:3|37:2|40:1,False,recorded_during_training
9,0.33001828208216466,0.33408648326530965,0.004934407371365523,0.999949799237142,0.000659121316857636,2.026646614074707,0.00032522755189787574,0.014951921270037409,True,True,non_g2,400,train,8:18|56:8|73:4,10582,16766,mp-aaabruec,mp-aaacpwra,8:9|56:4|73:2,False,recorded_during_training
10,0.1434457298446432,0.1360470737958508,0.011779994055189036,0.9922343944594051,0.0026718717999756336,0.1721307337284088,0.01552234015449771,0.08212160841558118,True,False,non_g2,400,train,59:1|68:3,11977,11981,mp-aaacdnzr,mp-aaacdoad,59:1|68:3,False,recorded_during_training
11,0.10178208757452012,0.09803301939052744,0.00887999654048599,0.9910978091691404,0.0017382255755364895,0.09805137664079666,0.017727701895551545,0.08724517989459067,True,False,non_g2,400,train,62:3|69:1,12147,12167,mp-aaacdsei,mp-aaacdspp,62:3|69:1,False,recorded_during_training
12,0.2569476258940995,0.2459489109014612,0.016910477143028402,0.9970416485220447,0.003473795484751463,0.586344838142395,0.005924492310287628,0.06581293399456442,True,True,non_g2,400,train,48:2|71:1,12799,13366,mp-aaacfkmg,mp-aaacilmc,48:2|71:1,False,recorded_during_training
13,0.3711048242627939,0.37391995124886535,0.01323076862288275,0.9992949173464984,0.002276211977005005,1.2508291006088257,0.0018197625686011676,0.03565237571127214,True,True,non_g2,400,train,15:1|20:3|83:1,12895,12903,mp-aaacfrja,mp-aaacfroo,15:1|20:3|83:1,False,recorded_during_training
14,0.3156082618079381,0.2911071300432013,0.03926085559123749,0.9963454172917111,0.017906520515680313,2.3338234424591064,0.007672611470905676,0.12439742662734694,True,False,non_g2,400,train,46:2|51:2|57:2,13082,13180,mp-aaacfzan,mp-aaacgikg,46:1|51:1|57:1,False,recorded_during_training
15,0.2423462098959135,0.23249123236757896,0.02762839074796375,0.9662269346012456,0.03825937956571579,0.575656533241272,0.0664621651217851,0.11400380785748623,True,False,non_g2,400,train,19:3|31:1,15832,15834,mp-aaacpkso,mp-aaacpktf,19:3|31:1,False,recorded_during_training
0,0.2116293776424527,0.21116959577193484,0.005574057036596969,0.9996597311491643,0.0002300662745255977,0.33785775303840637,0.000680956030923004,0.026338767796285467,True,True,non_g2,500,train,15:16|48:8,423,3943,mp-aaaaabjd,mp-aaaaarxw,15:2|48:1,False,recorded_during_training
1,0.2833879719401011,0.2760806363247639,0.02692441084116126,0.9975653029066706,0.007696287706494331,1.2531861066818237,0.006141376500632058,0.09500901063949246,True,True,non_g2,500,train,8:3|60:2,1183,2658,mp-aaaaaech,mp-aaaaalty,8:3|60:2,False,recorded_during_training
2,0.16268929076613858,0.16225547544308938,0.006794803804950789,0.9991571188293022,0.00037533172871917486,0.2212611436843872,0.0016963291541806276,0.04176552600944172,True,True,non_g2,500,train,16:6|19:2|42:6,2704,14113,mp-aaaaamae,mp-aaackvdk,16:3|19:1|42:3,False,recorded_during_training
3,0.4171052366407366,0.42032662114479535,0.02333860716430536,0.9980631179386691,0.009544646367430687,2.3175158500671387,0.004118481591896849,0.055953762058392705,True,True,non_g2,500,train,8:3|68:2,4142,18148,mp-aaaaatio,mp-aaacrsyy,8:3|68:2,False,recorded_during_training
4,0.2721211942498485,0.27002547590473114,0.013680010054486047,0.998864940426481,0.0014323442010208964,0.6183542609214783,0.0023163812260085367,0.05027175517216687,True,True,non_g2,500,train,8:16|11:2|41:6,4399,9528,mp-aaaaavmx,mp-aaabjmwk,8:8|11:1|41:3,False,recorded_during_training
5,0.2394487393903546,0.23439227428025333,0.012319878362177406,0.9989143056342459,0.0021733883768320084,0.8398832082748413,0.002587726907049669,0.05145100531138428,True,True,non_g2,500,train,28:2|83:2,5792,12620,mp-aaaabhvh,mp-aaacewhi,28:1|83:1,False,recorded_during_training
6,0.3213603106123628,0.3240543339886699,0.013566680001304121,0.9990289149603068,0.0017271729884669185,0.8843270540237427,0.0019530930107907192,0.042216414265508886,True,True,non_g2,500,train,8:8|23:2|83:2,5885,7789,mp-aaaabici,mp-aaabfbmg,8:4|23:1|83:1,False,recorded_during_training
7,0.7221765882568434,0.728557158965117,0.014458337978425106,0.9998517443887538,0.004858066327869892,15.503423690795898,0.00031335441930507505,0.020020502206148743,True,True,non_g2,500,train,8:12|11:4|17:4,6004,8109,mp-aaaabini,mp-aaabfqcc,8:3|11:1|17:1,False,recorded_during_training
8,0.2874588755028924,0.2814904010335795,0.019267759613711632,0.9968927803990463,0.00906417891383171,1.333327293395996,0.006798164980741652,0.06702788209271264,True,True,non_g2,500,train,8:6|37:4|40:2,10121,10417,mp-aaabqvan,mp-aaabraoy,8:3|37:2|40:1,False,recorded_during_training
9,0.33001828208216466,0.33719756778737064,0.021828719342011027,0.9980739819111014,0.011451900005340576,2.026646614074707,0.00565066446503753,0.06614396997732486,True,True,non_g2,500,train,8:18|56:8|73:4,10582,16766,mp-aaabruec,mp-aaacpwra,8:9|56:4|73:2,False,recorded_during_training
10,0.1434457298446432,0.1336167615793329,0.016986037961373768,0.9915322121472961,0.0029375788290053606,0.1721307337284088,0.017065975176985704,0.11841438556428446,True,False,non_g2,500,train,59:1|68:3,11977,11981,mp-aaacdnzr,mp-aaacdoad,59:1|68:3,False,recorded_during_training
11,0.10178208757452012,0.0984548791452653,0.010561150941157393,0.994064853081911,0.0012225998798385262,0.09805137664079666,0.012468972101405804,0.10376237305434524,True,False,non_g2,500,train,62:3|69:1,12147,12167,mp-aaacdsei,mp-aaacdspp,62:3|69:1,False,recorded_during_training
12,0.2569476258940995,0.25732202835934004,0.011468141434306744,0.9988878971859694,0.0013857471058145165,0.586344838142395,0.0023633654049120922,0.044632214033506264,True,True,non_g2,500,train,48:2|71:1,12799,13366,mp-aaacfkmg,mp-aaacilmc,48:2|71:1,False,recorded_during_training
13,0.3711048242627939,0.3657885628817894,0.014881766284553066,0.9989955784257475,0.002532626735046506,1.2508291006088257,0.00202475840529596,0.04010124717218632,True,True,non_g2,500,train,15:1|20:3|83:1,12895,12903,mp-aaacfrja,mp-aaacfroo,15:1|20:3|83:1,False,recorded_during_training
14,0.3156082618079381,0.29925243698380655,0.02519383077014936,0.9983817198245555,0.007547449786216021,2.3338234424591064,0.003233942057871958,0.07982627142213707,True,True,non_g2,500,train,46:2|51:2|57:2,13082,13180,mp-aaacfzan,mp-aaacgikg,46:1|51:1|57:1,False,recorded_during_training
15,0.2423462098959135,0.23211775303616378,0.02828388423904471,0.9659251272880917,0.03856389969587326,0.575656533241272,0.06699116134187982,0.11670858913449689,True,False,non_g2,500,train,19:3|31:1,15832,15834,mp-aaacpkso,mp-aaacpktf,19:3|31:1,False,recorded_during_training
0,0.2116293776424527,0.2122728650138015,0.0038202541235250465,0.9998504565861592,0.00010456905147293583,0.33785775303840637,0.000309506147283969,0.018051624807872167,True,True,non_g2,600,train,15:16|48:8,423,3943,mp-aaaaabjd,mp-aaaaarxw,15:2|48:1,False,recorded_during_training
1,0.2833879719401011,0.2851812097411539,0.0029254464512860068,0.9999838719462439,6.386985478457063e-05,1.2531861066818237,5.0965977394758014e-05,0.01032311439069951,True,True,non_g2,600,train,8:3|60:2,1183,2658,mp-aaaaaech,mp-aaaaalty,8:3|60:2,False,recorded_during_training
2,0.16268929076613858,0.16267268380033784,0.001395414030412212,0.9999445031304198,2.4558743461966515e-05,0.2212611436843872,0.00011099438000283394,0.008577172005857973,True,True,non_g2,600,train,16:6|19:2|42:6,2704,14113,mp-aaaaamae,mp-aaackvdk,16:3|19:1|42:3,False,recorded_during_training
3,0.4171052366407366,0.4193262946851064,0.0029314272267129127,0.9999905556770239,8.108603651635349e-05,2.3175158500671387,3.4988341725474894e-05,0.007028027867312118,True,True,non_g2,600,train,8:3|68:2,4142,18148,mp-aaaaatio,mp-aaacrsyy,8:3|68:2,False,recorded_during_training
4,0.2721211942498485,0.2736554142220484,0.0022711807750965818,0.9999813070045283,3.972572449129075e-05,0.6183542609214783,6.42442803452038e-05,0.008346210523430578,True,True,non_g2,600,train,8:16|11:2|41:6,4399,9528,mp-aaaaavmx,mp-aaabjmwk,8:8|11:1|41:3,False,recorded_during_training
5,0.2394487393903546,0.23993178262753645,0.0026942103504552506,0.9999589508236073,9.120629692915827e-05,0.8398832082748413,0.0001085940235863272,0.011251720753739654,True,True,non_g2,600,train,28:2|83:2,5792,12620,mp-aaaabhvh,mp-aaacewhi,28:1|83:1,False,recorded_during_training
6,0.3213603106123628,0.3228813236835322,0.0017281427333273314,0.9999931287806878,2.3581784262205474e-05,0.8843270540237427,2.6666360771059645e-05,0.005377586080976514,True,True,non_g2,600,train,8:8|23:2|83:2,5885,7789,mp-aaaabici,mp-aaabfbmg,8:4|23:1|83:1,False,recorded_during_training
7,0.7221765882568434,0.7268381472520105,0.005889102859100603,0.9999882934294629,0.00041266027255915105,15.503423690795898,2.661736406031011e-05,0.008154657676338483,True,True,non_g2,600,train,8:12|11:4|17:4,6004,8109,mp-aaaabini,mp-aaabfqcc,8:3|11:1|17:1,False,recorded_during_training
8,0.2874588755028924,0.2882337544410234,0.0013836015442905136,0.9999940255668962,2.70947548415279e-05,1.333327293395996,2.032115818503747e-05,0.0048132156012576895,True,True,non_g2,600,train,8:6|37:4|40:2,10121,10417,mp-aaabqvan,mp-aaabraoy,8:3|37:2|40:1,False,recorded_during_training
9,0.33001828208216466,0.33254651795004975,0.002939478405551199,0.999979679864533,0.00021058505808468908,2.026646614074707,0.00010390812913421245,0.008907016868899878,True,True,non_g2,600,train,8:18|56:8|73:4,10582,16766,mp-aaabruec,mp-aaacpwra,8:9|56:4|73:2,False,recorded_during_training
10,0.1434457298446432,0.13947036940771795,0.0056454198036135494,0.9983925354791099,0.0005541275022551417,0.1721307337284088,0.0032192246570531373,0.03935578849037708,True,True,non_g2,600,train,59:1|68:3,11977,11981,mp-aaacdnzr,mp-aaacdoad,59:1|68:3,False,recorded_during_training
11,0.10178208757452012,0.10140509674124587,0.004501396142359226,0.9974403412342298,0.0005017513176426291,0.09805137664079666,0.0051172286900239535,0.04422581860549395,True,True,non_g2,600,train,62:3|69:1,12147,12167,mp-aaacdsei,mp-aaacdspp,62:3|69:1,False,recorded_during_training
12,0.2569476258940995,0.2558057259884663,0.00393265177262947,0.9997023297949466,0.0003516047727316618,0.586344838142395,0.0005996552708566249,0.015305266039898362,True,True,non_g2,600,train,48:2|71:1,12799,13366,mp-aaacfkmg,mp-aaacilmc,48:2|71:1,False,recorded_during_training
13,0.3711048242627939,0.36819715985586754,0.00664364397501771,0.9994415231893299,0.0013982118107378483,1.2508291006088257,0.0011178280150799865,0.01790233793973286,True,True,non_g2,600,train,15:1|20:3|83:1,12895,12903,mp-aaacfrja,mp-aaacfroo,15:1|20:3|83:1,False,recorded_during_training
14,0.3156082618079381,0.31161791898921365,0.007864234583394136,0.9995726957328324,0.0020202442537993193,2.3338234424591064,0.0008656371416299707,0.02491770823217511,True,True,non_g2,600,train,46:2|51:2|57:2,13082,13180,mp-aaacfzan,mp-aaacgikg,46:1|51:1|57:1,False,recorded_during_training
15,0.2423462098959135,0.23242612132298746,0.02695122010891282,0.9665368314251175,0.03788459673523903,0.575656533241272,0.06581111226502949,0.1112095795535166,True,False,non_g2,600,train,19:3|31:1,15832,15834,mp-aaacpkso,mp-aaacpktf,19:3|31:1,False,recorded_during_training
0,0.2116293776424527,0.21200453407072928,0.00122095465997063,0.9999836138973711,1.1229351002839394e-05,0.33785775303840637,3.3236919685436034e-05,0.005769306102829588,True,True,non_g2,700,train,15:16|48:8,423,3943,mp-aaaaabjd,mp-aaaaarxw,15:2|48:1,False,recorded_during_training
1,0.2833879719401011,0.28455108654486594,0.0022058181679085465,0.9999888645153993,3.41527811542619e-05,1.2531861066818237,2.7252760760882807e-05,0.007783739559612586,True,True,non_g2,700,train,8:3|60:2,1183,2658,mp-aaaaaech,mp-aaaaalty,8:3|60:2,False,recorded_during_training
2,0.16268929076613858,0.16305524768540636,0.0015152647974900901,0.9999602405772072,1.7880658560898155e-05,0.2212611436843872,8.081246559225782e-05,0.009313857048330501,True,True,non_g2,700,train,16:6|19:2|42:6,2704,14113,mp-aaaaamae,mp-aaackvdk,16:3|19:1|42:3,False,recorded_during_training
3,0.4171052366407366,0.4176371170956372,0.0029301730617135036,0.9999877033447548,6.226979166967794e-05,2.3175158500671387,2.6869197752357976e-05,0.007025021036207552,True,True,non_g2,700,train,8:3|68:2,4142,18148,mp-aaaaatio,mp-aaacrsyy,8:3|68:2,False,recorded_during_training
4,0.2721211942498485,0.2727863299926412,0.002288650620585031,0.9999710985430095,3.6441124393604696e-05,0.6183542609214783,5.893243840399795e-05,0.008410409291691198,True,True,non_g2,700,train,8:16|11:2|41:6,4399,9528,mp-aaaaavmx,mp-aaabjmwk,8:8|11:1|41:3,False,recorded_during_training
5,0.2394487393903546,0.23912877574912272,0.0012568499951157719,0.9999910507698254,1.5044963220134377e-05,0.8398832082748413,1.7913161106098815e-05,0.005248931350884363,True,True,non_g2,700,train,28:2|83:2,5792,12620,mp-aaaabhvh,mp-aaacewhi,28:1|83:1,False,recorded_during_training
6,0.3213603106123628,0.3220564119400251,0.0018741875099976824,0.9999859267190091,2.698679600143805e-05,0.8843270540237427,3.051675947111022e-05,0.005832044120278436,True,True,non_g2,700,train,8:8|23:2|83:2,5885,7789,mp-aaaabici,mp-aaabfbmg,8:4|23:1|83:1,False,recorded_during_training
7,0.7221765882568434,0.7250832278000416,0.005079778005438129,0.9999887047674052,0.00035034745815210044,15.503423690795898,2.2598070280443628e-05,0.007033983222440737,True,True,non_g2,700,train,8:12|11:4|17:4,6004,8109,mp-aaaabini,mp-aaabfqcc,8:3|11:1|17:1,False,recorded_during_training
8,0.2874588755028924,0.28846223209910704,0.0016615507228436854,0.9999933821253201,2.5678862584754825e-05,1.333327293395996,1.9259234181991835e-05,0.005780133662378314,True,True,non_g2,700,train,8:6|37:4|40:2,10121,10417,mp-aaabqvan,mp-aaabraoy,8:3|37:2|40:1,False,recorded_during_training
9,0.33001828208216466,0.331035298270308,0.002753881974513206,0.9999841348140613,7.060357165755704e-05,2.026646614074707,3.483763334329111e-05,0.008344634597629873,True,True,non_g2,700,train,8:18|56:8|73:4,10582,16766,mp-aaabruec,mp-aaacpwra,8:9|56:4|73:2,False,recorded_during_training
10,0.1434457298446432,0.1398572400370881,0.005450368413619344,0.9984905218907795,0.000520436093211174,0.1721307337284088,0.0030234931434866717,0.037996031108923814,True,True,non_g2,700,train,59:1|68:3,11977,11981,mp-aaacdnzr,mp-aaacdoad,59:1|68:3,False,recorded_during_training
11,0.10178208757452012,0.10045579182371966,0.0036047870609081656,0.9981453952731768,0.00036336941411718726,0.09805137664079666,0.0037059083366913033,0.03541671375396882,True,True,non_g2,700,train,62:3|69:1,12147,12167,mp-aaacdsei,mp-aaacdspp,62:3|69:1,False,recorded_during_training
12,0.2569476258940995,0.2562381192110479,0.002357743593165651,0.999804051433174,0.00022980751236900687,0.586344838142395,0.0003919323534885416,0.009175969557848303,True,True,non_g2,700,train,48:2|71:1,12799,13366,mp-aaacfkmg,mp-aaacilmc,48:2|71:1,False,recorded_during_training
13,0.3711048242627939,0.36952235688602286,0.007609661614502272,0.9994280474669579,0.0014433643082156777,1.2508291006088257,0.0011539260699268492,0.020505423581110797,True,True,non_g2,700,train,15:1|20:3|83:1,12895,12903,mp-aaacfrja,mp-aaacfroo,15:1|20:3|83:1,False,recorded_during_training
14,0.3156082618079381,0.31531562413510983,0.005769717859948287,0.9998256749708537,0.0008758617914281785,2.3338234424591064,0.0003752905106246166,0.018281263699805872,True,True,non_g2,700,train,46:2|51:2|57:2,13082,13180,mp-aaacfzan,mp-aaacgikg,46:1|51:1|57:1,False,recorded_during_training
15,0.2423462098959135,0.24245531142514665,0.006964700558455661,0.9997443029931986,0.0003030856605619192,0.575656533241272,0.0005265043355894451,0.028738640317283962,True,True,non_g2,700,train,19:3|31:1,15832,15834,mp-aaacpkso,mp-aaacpktf,19:3|31:1,False,recorded_during_training
0,0.2116293776424527,0.21158970129908994,0.002109286191512183,0.9999556626846051,3.108991586486809e-05,0.33785775303840637,9.202072643078848e-05,0.009966887466237398,True,True,non_g2,800,train,15:16|48:8,423,3943,mp-aaaaabjd,mp-aaaaarxw,15:2|48:1,False,recorded_during_training
1,0.2833879719401011,0.282578920072865,0.0025100023144659644,0.9999879346768685,6.764540739823133e-05,1.2531861066818237,5.397874029847195e-05,0.008857123671418545,True,True,non_g2,800,train,8:3|60:2,1183,2658,mp-aaaaaech,mp-aaaaalty,8:3|60:2,False,recorded_during_training
2,0.16268929076613858,0.16276816496974789,0.0012460212165024132,0.9999756689619281,1.0862538147193845e-05,0.2212611436843872,4.9093744912972423e-05,0.007658901275152368,True,True,non_g2,800,train,16:6|19:2|42:6,2704,14113,mp-aaaaamae,mp-aaackvdk,16:3|19:1|42:3,False,recorded_during_training
3,0.4171052366407366,0.41804538126507396,0.003560116451126305,0.9999804781768352,9.05962660908699e-05,2.3175158500671387,3.909197259136127e-05,0.008535295504315915,True,True,non_g2,800,train,8:3|68:2,4142,18148,mp-aaaaatio,mp-aaacrsyy,8:3|68:2,False,recorded_during_training
4,0.2721211942498485,0.27116550219602686,0.0035408795704370277,0.9999468095806424,8.732352580409497e-05,0.6183542609214783,0.00014121925136242208,0.013012141814966327,True,True,non_g2,800,train,8:16|11:2|41:6,4399,9528,mp-aaaaavmx,mp-aaabjmwk,8:8|11:1|41:3,False,recorded_during_training
5,0.2394487393903546,0.24086887059092987,0.0035427606926532462,0.9999298790050907,0.00021857721731066704,0.8398832082748413,0.00026024715717276294,0.014795486924146048,True,True,non_g2,800,train,28:2|83:2,5792,12620,mp-aaaabhvh,mp-aaacewhi,28:1|83:1,False,recorded_during_training
6,0.3213603106123628,0.32059021762256634,0.002443887663730493,0.9999783789875251,4.478930350160226e-05,0.8843270540237427,5.064789468761378e-05,0.007604821077853651,True,True,non_g2,800,train,8:8|23:2|83:2,5885,7789,mp-aaaabici,mp-aaabfbmg,8:4|23:1|83:1,False,recorded_during_training
7,0.7221765882568434,0.7245954565279931,0.005209105640631151,0.9999862638561697,0.0004328184586483985,15.503423690795898,2.7917604993621827e-05,0.007213063571064593,True,True,non_g2,800,train,8:12|11:4|17:4,6004,8109,mp-aaaabini,mp-aaabfqcc,8:3|11:1|17:1,False,recorded_during_training
8,0.2874588755028924,0.28788714220320344,0.0018900305592808309,0.9999856179053062,4.114835974178277e-05,1.333327293395996,3.08614096070722e-05,0.006574959830251662,True,True,non_g2,800,train,8:6|37:4|40:2,10121,10417,mp-aaabqvan,mp-aaabraoy,8:3|37:2|40:1,False,recorded_during_training
9,0.33001828208216466,0.3288881001271875,0.003956229883442575,0.9999708078744454,0.00028248230228200555,2.026646614074707,0.00013938409405972173,0.011987911271102223,True,True,non_g2,800,train,8:18|56:8|73:4,10582,16766,mp-aaabruec,mp-aaacpwra,8:9|56:4|73:2,False,recorded_during_training
10,0.1434457298446432,0.13956164722293352,0.004999534906971803,0.9985291924370261,0.0005060000694356859,0.1721307337284088,0.0029396265180282244,0.03485314559301609,True,True,non_g2,800,train,59:1|68:3,11977,11981,mp-aaacdnzr,mp-aaacdoad,59:1|68:3,False,recorded_during_training
11,0.10178208757452012,0.10089881952262658,0.0031089071339920338,0.9985964116778493,0.0002750543935690075,0.09805137664079666,0.0028052068516758026,0.030544737370569612,True,True,non_g2,800,train,62:3|69:1,12147,12167,mp-aaacdsei,mp-aaacdspp,62:3|69:1,False,recorded_during_training
12,0.2569476258940995,0.2566826915863203,0.0024206423986470327,0.999837228731014,0.00019936384342145175,0.586344838142395,0.00034001125353649966,0.009420761877927201,True,True,non_g2,800,train,48:2|71:1,12799,13366,mp-aaacfkmg,mp-aaacilmc,48:2|71:1,False,recorded_during_training
13,0.3711048242627939,0.36587547876212057,0.009010411469738244,0.9994050832789649,0.0015864097513258457,1.2508291006088257,0.0012682865713259152,0.02427996318193271,True,True,non_g2,800,train,15:1|20:3|83:1,12895,12903,mp-aaacfrja,mp-aaacfroo,15:1|20:3|83:1,False,recorded_during_training
14,0.3156082618079381,0.31509424262549146,0.0024978238179755863,0.9999493068399501,0.00023996656818781048,2.3338234424591064,0.00010282121767315962,0.007914316956302066,True,True,non_g2,800,train,46:2|51:2|57:2,13082,13180,mp-aaacfzan,mp-aaacgikg,46:1|51:1|57:1,False,recorded_during_training
15,0.2423462098959135,0.2430760421557352,0.0014136394747765735,0.9999842331700419,1.829258144425694e-05,0.575656533241272,3.177690235053766e-05,0.005833140429073451,True,True,non_g2,800,train,19:3|31:1,15832,15834,mp-aaacpkso,mp-aaacpktf,19:3|31:1,False,recorded_during_training
0,0.2116293776424527,0.212103132304037,0.0009281218791556967,0.9999918527427996,6.2757353589404374e-06,0.33785775303840637,1.8575081680091077e-05,0.004385600380698356,True,True,non_g2,900,train,15:16|48:8,423,3943,mp-aaaaabjd,mp-aaaaarxw,15:2|48:1,False,recorded_during_training
1,0.2833879719401011,0.2858425115642831,0.003533287761115389,0.99996525426599,0.00017408645362593234,1.2531861066818237,0.00013891508427816605,0.0124680230319098,True,True,non_g2,900,train,8:3|60:2,1183,2658,mp-aaaaaech,mp-aaaaalty,8:3|60:2,False,recorded_during_training
2,0.16268929076613858,0.1627616319747176,0.0007128558063413948,0.9999920524829552,3.5256744013167918e-06,0.2212611436843872,1.5934448962018868e-05,0.00438170086662991,True,True,non_g2,900,train,16:6|19:2|42:6,2704,14113,mp-aaaaamae,mp-aaackvdk,16:3|19:1|42:3,False,recorded_during_training
3,0.4171052366407366,0.4194809426148822,0.003686139002411437,0.9999823106639526,0.00014930237375665456,2.3175158500671387,6.442345313510121e-05,0.008837431608623995,True,True,non_g2,900,train,8:3|68:2,4142,18148,mp-aaaaatio,mp-aaacrsyy,8:3|68:2,False,recorded_during_training
4,0.2721211942498485,0.27360499648489167,0.003788826960544611,0.9999209949982834,0.00011109297338407487,0.6183542609214783,0.00017965910547543233,0.013923307116849906,True,True,non_g2,900,train,8:16|11:2|41:6,4399,9528,mp-aaaaavmx,mp-aaabjmwk,8:8|11:1|41:3,False,recorded_during_training
5,0.2394487393903546,0.2399018519645324,0.0018942666793009266,0.9999791510911519,4.670150883612223e-05,0.8398832082748413,5.560476549120356e-05,0.007910948640296876,True,True,non_g2,900,train,28:2|83:2,5792,12620,mp-aaaabhvh,mp-aaacewhi,28:1|83:1,False,recorded_during_training
6,0.3213603106123628,0.32158272475635385,0.002698584744848631,0.9999704288167156,5.231159957475029e-05,0.8843270540237427,5.915413232777317e-05,0.008397380310301504,True,True,non_g2,900,train,8:8|23:2|83:2,5885,7789,mp-aaaabici,mp-aaabfbmg,8:4|23:1|83:1,False,recorded_during_training
7,0.7221765882568434,0.7243395627771179,0.004815254960362836,0.9999914225431142,0.0003029592044185847,15.503423690795898,1.954143874674896e-05,0.006667697400694859,True,True,non_g2,900,train,8:12|11:4|17:4,6004,8109,mp-aaaabini,mp-aaabfqcc,8:3|11:1|17:1,False,recorded_during_training
8,0.2874588755028924,0.28838099071191436,0.0029403725713166295,0.9999567899150793,0.0001447607937734574,1.333327293395996,0.00010857108715201533,0.010228846008572951,True,True,non_g2,900,train,8:6|37:4|40:2,10121,10417,mp-aaabqvan,mp-aaabraoy,8:3|37:2|40:1,False,recorded_during_training
9,0.33001828208216466,0.33101195268864103,0.005827682880408247,0.9999064797781457,0.0003859907737933099,2.026646614074707,0.0001904578583718895,0.017658666797608892,True,True,non_g2,900,train,8:18|56:8|73:4,10582,16766,mp-aaabruec,mp-aaacpwra,8:9|56:4|73:2,False,recorded_during_training
10,0.1434457298446432,0.1401733625474435,0.005150644741547694,0.9985862851131359,0.0004896509926766157,0.1721307337284088,0.0028446459389942324,0.03590657419447776,True,True,non_g2,900,train,59:1|68:3,11977,11981,mp-aaacdnzr,mp-aaacdoad,59:1|68:3,False,recorded_during_training
11,0.10178208757452012,0.10136505666685025,0.0028489438894894192,0.9989530741489185,0.00020631164079532027,0.09805137664079666,0.0021041177376950695,0.027990621506987216,True,True,non_g2,900,train,62:3|69:1,12147,12167,mp-aaacdsei,mp-aaacdspp,62:3|69:1,False,recorded_during_training
12,0.2569476258940995,0.2561417269826052,0.0017891084498842247,0.9998769542596204,0.00014530832413583994,0.586344838142395,0.00024782059068890707,0.006962930455802704,True,True,non_g2,900,train,48:2|71:1,12799,13366,mp-aaacfkmg,mp-aaacilmc,48:2|71:1,False,recorded_during_training
13,0.3711048242627939,0.36978822136126155,0.006876021323272141,0.9994615934275408,0.0013680540723726153,1.2508291006088257,0.0010937178162122483,0.018528515054827097,True,True,non_g2,900,train,15:1|20:3|83:1,12895,12903,mp-aaacfrja,mp-aaacfroo,15:1|20:3|83:1,False,recorded_during_training
14,0.3156082618079381,0.3161031932049809,0.00292466069549846,0.9999576414924667,0.00027962421881966293,2.3338234424591064,0.00011981378442450988,0.009266743141465188,True,True,non_g2,900,train,46:2|51:2|57:2,13082,13180,mp-aaacfzan,mp-aaacgikg,46:1|51:1|57:1,False,recorded_during_training
15,0.2423462098959135,0.2426994291417941,0.0013515032442228403,0.9999869620342682,1.5886937035247684e-05,0.575656533241272,2.759794446489687e-05,0.0055767459487124,True,True,non_g2,900,train,19:3|31:1,15832,15834,mp-aaacpkso,mp-aaacpktf,19:3|31:1,False,recorded_during_training
0,0.2116293776424527,0.210141685216513,0.00339612344885154,0.9999128697108263,9.170403791358694e-05,0.33785775303840637,0.0002714279518196002,0.016047504777854056,True,True,non_g2,1000,train,15:16|48:8,423,3943,mp-aaaaabjd,mp-aaaaarxw,15:2|48:1,False,recorded_during_training
1,0.2833879719401011,0.2779408607741516,0.007135691749908801,0.9999164037744539,0.0011782952351495624,1.2531861066818237,0.0009402396251179669,0.025179938658148313,True,True,non_g2,1000,train,8:3|60:2,1183,2658,mp-aaaaaech,mp-aaaaalty,8:3|60:2,False,recorded_during_training
2,0.16268929076613858,0.16136965100304224,0.002413910027826205,0.9999326381555336,4.571614772430621e-05,0.2212611436843872,0.0002066162497538065,0.01483754718247641,True,True,non_g2,1000,train,16:6|19:2|42:6,2704,14113,mp-aaaaamae,mp-aaackvdk,16:3|19:1|42:3,False,recorded_during_training
3,0.4171052366407366,0.4099528478668617,0.009717774599948825,0.9998804024751022,0.0020317721646279097,2.3175158500671387,0.0008767025971231433,0.02329813616873622,True,True,non_g2,1000,train,8:3|68:2,4142,18148,mp-aaaaatio,mp-aaacrsyy,8:3|68:2,False,recorded_during_training
4,0.2721211942498485,0.2674464344927401,0.006408007931895554,0.9998828357274584,0.0004397852753754705,0.6183542609214783,0.0007112189616355157,0.0235483603162936,True,True,non_g2,1000,train,8:16|11:2|41:6,4399,9528,mp-aaaaavmx,mp-aaabjmwk,8:8|11:1|41:3,False,recorded_during_training
5,0.2394487393903546,0.2364101447892608,0.0036495217500487342,0.9999305045111769,0.00044453568989410996,0.8398832082748413,0.0005292827449273652,0.015241348771935706,True,True,non_g2,1000,train,28:2|83:2,5792,12620,mp-aaaabhvh,mp-aaacewhi,28:1|83:1,False,recorded_during_training
6,0.3213603106123628,0.3164814910246605,0.006106855127200106,0.9999440232437539,0.0003373518702574074,0.8843270540237427,0.00038147862685240216,0.019003140479803775,True,True,non_g2,1000,train,8:8|23:2|83:2,5885,7789,mp-aaaabici,mp-aaabfbmg,8:4|23:1|83:1,False,recorded_during_training
7,0.7221765882568434,0.718267561402314,0.012108776602104854,0.9999651813618554,0.003814452327787876,15.503423690795898,0.000246039352588451,0.016767057806917365,True,True,non_g2,1000,train,8:12|11:4|17:4,6004,8109,mp-aaaabini,mp-aaabfqcc,8:3|11:1|17:1,False,recorded_during_training
8,0.2874588755028924,0.2824866140325639,0.0063583134479188175,0.9999284269585251,0.0009099848102778196,1.333327293395996,0.0006824916993636878,0.02211903680759664,True,True,non_g2,1000,train,8:6|37:4|40:2,10121,10417,mp-aaabqvan,mp-aaabraoy,8:3|37:2|40:1,False,recorded_during_training
9,0.33001828208216466,0.32449960439316783,0.007798703430125897,0.9999032895023048,0.0019310093484818935,2.026646614074707,0.0009528100928259375,0.02363112546651053,True,True,non_g2,1000,train,8:18|56:8|73:4,10582,16766,mp-aaabruec,mp-aaacpwra,8:9|56:4|73:2,False,recorded_during_training
10,0.1434457298446432,0.13828267535143368,0.006556298142072592,0.9986731395905136,0.000502079026773572,0.1721307337284088,0.0029168470725614982,0.045705774226763626,True,True,non_g2,1000,train,59:1|68:3,11977,11981,mp-aaacdnzr,mp-aaacdoad,59:1|68:3,False,recorded_during_training
11,0.10178208757452012,0.10068017122580386,0.004954250578293795,0.9991922378067648,0.00017181405564770103,0.09805137664079666,0.0017522860110075558,0.04867507334889867,True,True,non_g2,1000,train,62:3|69:1,12147,12167,mp-aaacdsei,mp-aaacdspp,62:3|69:1,False,recorded_during_training
12,0.2569476258940995,0.2530183432827471,0.004755857939017005,0.9998412731850433,0.00029016868211328983,0.586344838142395,0.0004948771835914445,0.018509055775347477,True,True,non_g2,1000,train,48:2|71:1,12799,13366,mp-aaacfkmg,mp-aaacilmc,48:2|71:1,False,recorded_during_training
13,0.3711048242627939,0.3626268437080853,0.01156555357962219,0.9993897979403626,0.0020302445627748966,1.2508291006088257,0.0016231190670145906,0.03116519329167267,True,True,non_g2,1000,train,15:1|20:3|83:1,12895,12903,mp-aaacfrja,mp-aaacfroo,15:1|20:3|83:1,False,recorded_during_training
14,0.3156082618079381,0.3118224962599925,0.005397197433921974,0.9999642341101936,0.000711421191226691,2.3338234424591064,0.0003048307675224479,0.017100938368991153,True,True,non_g2,1000,train,46:2|51:2|57:2,13082,13180,mp-aaacfzan,mp-aaacgikg,46:1|51:1|57:1,False,recorded_during_training
15,0.2423462098959135,0.23960131476997049,0.004088967532879906,0.9999727842247012,0.00017876282799988985,0.575656533241272,0.0003105373042382651,0.01687242203885135,True,True,non_g2,1000,train,19:3|31:1,15832,15834,mp-aaacpkso,mp-aaacpktf,19:3|31:1,False,recorded_during_training
0,0.2116293776424527,0.2123073003385798,0.0028875468761953016,0.9999081539647982,6.440895231207833e-05,0.33785775303840637,0.00019063926085116824,0.013644357453405191,True,True,non_g2,1100,train,15:16|48:8,423,3943,mp-aaaaabjd,mp-aaaaarxw,15:2|48:1,False,recorded_during_training
1,0.2833879719401011,0.2876462582171371,0.006038980774974334,0.9999410709984379,0.0004596620565280318,1.2531861066818237,0.00036679472751666663,0.021309940339496045,True,True,non_g2,1100,train,8:3|60:2,1183,2658,mp-aaaaaech,mp-aaaaalty,8:3|60:2,False,recorded_during_training
2,0.16268929076613858,0.16214001487242058,0.001766662870068103,0.9999534483447363,2.3555361622129567e-05,0.2212611436843872,0.00010645954924525547,0.010859122083257667,True,True,non_g2,1100,train,16:6|19:2|42:6,2704,14113,mp-aaaaamae,mp-aaackvdk,16:3|19:1|42:3,False,recorded_during_training
3,0.4171052366407366,0.4185222249097933,0.0038696065673775593,0.999974552672716,0.0001466289977543056,2.3175158500671387,6.326990072152375e-05,0.009277290782878735,True,True,non_g2,1100,train,8:3|68:2,4142,18148,mp-aaaaatio,mp-aaacrsyy,8:3|68:2,False,recorded_during_training
4,0.2721211942498485,0.27253216464214347,0.005370273637709033,0.999824859220283,0.00021813591592945158,0.6183542609214783,0.0003527685175232448,0.01973485987562699,True,True,non_g2,1100,train,8:16|11:2|41:6,4399,9528,mp-aaaaavmx,mp-aaabjmwk,8:8|11:1|41:3,False,recorded_during_training
5,0.2394487393903546,0.24070698361902032,0.0026304374187020585,0.9999849193139474,8.983760926639661e-05,0.8398832082748413,0.00010696440693334873,0.010985388461009441,True,True,non_g2,1100,train,28:2|83:2,5792,12620,mp-aaaabhvh,mp-aaacewhi,28:1|83:1,False,recorded_during_training
6,0.3213603106123628,0.3242257190984219,0.00504573783541673,0.9999059928964866,0.00021392988855950534,0.8843270540237427,0.00024191263581286034,0.01570118545691566,True,True,non_g2,1100,train,8:8|23:2|83:2,5885,7789,mp-aaaabici,mp-aaabfbmg,8:4|23:1|83:1,False,recorded_during_training
7,0.7221765882568434,0.7264712513513132,0.005568297850686577,0.999991270368739,0.0004111318557988852,15.503423690795898,2.6518778303334815e-05,0.007710438057992267,True,True,non_g2,1100,train,8:12|11:4|17:4,6004,8109,mp-aaaabini,mp-aaabfqcc,8:3|11:1|17:1,False,recorded_during_training
8,0.2874588755028924,0.28844516881866866,0.0037864804477578673,0.9999487344132874,0.00016989198047667742,1.333327293395996,0.00012741956256213813,0.013172250956362513,True,True,non_g2,1100,train,8:6|37:4|40:2,10121,10417,mp-aaabqvan,mp-aaabraoy,8:3|37:2|40:1,False,recorded_during_training
9,0.33001828208216466,0.3316489724093117,0.006019077292876318,0.9999118886821623,0.00038421343197114766,2.026646614074707,0.00018958087182188173,0.018238617736267556,True,True,non_g2,1100,train,8:18|56:8|73:4,10582,16766,mp-aaabruec,mp-aaacpwra,8:9|56:4|73:2,False,recorded_during_training
10,0.1434457298446432,0.14028502043049684,0.006016715722694244,0.9986533114787075,0.00046335457591339946,0.1721307337284088,0.0026918759124357726,0.04194419540554159,True,True,non_g2,1100,train,59:1|68:3,11977,11981,mp-aaacdnzr,mp-aaacdoad,59:1|68:3,False,recorded_during_training
11,0.10178208757452012,0.10172513329848698,0.005195456160663525,0.999041782450674,0.0001879347109934315,0.09805137664079666,0.0019166963017961003,0.05104489684257708,True,True,non_g2,1100,train,62:3|69:1,12147,12167,mp-aaacdsei,mp-aaacdspp,62:3|69:1,False,recorded_during_training
12,0.2569476258940995,0.25533085272763856,0.005378495989134535,0.9998349280486386,0.00023669717484153807,0.586344838142395,0.000403682542156286,0.020932265750341173,True,True,non_g2,1100,train,48:2|71:1,12799,13366,mp-aaacfkmg,mp-aaacilmc,48:2|71:1,False,recorded_during_training
13,0.3711048242627939,0.36948339063633284,0.007805094064416096,0.9994393545473377,0.001411382108926773,1.2508291006088257,0.0011283572697819392,0.021032046888425797,True,True,non_g2,1100,train,15:1|20:3|83:1,12895,12903,mp-aaacfrja,mp-aaacfroo,15:1|20:3|83:1,False,recorded_during_training
14,0.3156082618079381,0.31749038146881503,0.003951018112275051,0.9999735850383312,0.0001571046159369871,2.3338234424591064,6.731641009289412e-05,0.01251874107997662,True,True,non_g2,1100,train,46:2|51:2|57:2,13082,13180,mp-aaacfzan,mp-aaacgikg,46:1|51:1|57:1,False,recorded_during_training
15,0.2423462098959135,0.24170267126100953,0.0024513401403964963,0.999937495520736,8.667356451041996e-05,0.575656533241272,0.00015056471959485764,0.010115033948537239,True,True,non_g2,1100,train,19:3|31:1,15832,15834,mp-aaacpkso,mp-aaacpktf,19:3|31:1,False,recorded_during_training
0,0.2116293776424527,0.21195992508000927,0.005380192846246246,0.9996983467216521,0.00020702497567981482,0.33785775303840637,0.000612757806556184,0.025422712603427242,True,True,non_g2,1200,train,15:16|48:8,423,3943,mp-aaaaabjd,mp-aaaaarxw,15:2|48:1,False,recorded_during_training
1,0.2833879719401011,0.28359813081272023,0.0034680582203918675,0.9999505527888918,0.00012614339357241988,1.2531861066818237,0.0001006581487776156,0.01223784551139983,True,True,non_g2,1200,train,8:3|60:2,1183,2658,mp-aaaaaech,mp-aaaaalty,8:3|60:2,False,recorded_during_training
2,0.16268929076613858,0.16250625895918347,0.0028050759865436703,0.9998834198621043,5.454782512970269e-05,0.2212611436843872,0.0002465314253618392,0.017241921538498132,True,True,non_g2,1200,train,16:6|19:2|42:6,2704,14113,mp-aaaaamae,mp-aaackvdk,16:3|19:1|42:3,False,recorded_during_training
3,0.4171052366407366,0.416483633520329,0.0058761834941378766,0.9999309458808444,0.0003299883392173797,2.3175158500671387,0.00014238881654588033,0.01408801179640711,True,True,non_g2,1200,train,8:3|68:2,4142,18148,mp-aaaaatio,mp-aaacrsyy,8:3|68:2,False,recorded_during_training
4,0.2721211942498485,0.27206952436881693,0.003159276481710549,0.9999367225944665,7.82685456215404e-05,0.6183542609214783,0.0001265755741779862,0.011609814113963701,True,True,non_g2,1200,train,8:16|11:2|41:6,4399,9528,mp-aaaaavmx,mp-aaabjmwk,8:8|11:1|41:3,False,recorded_during_training
5,0.2394487393903546,0.2379551088088192,0.0020567626343108714,0.9999842204047866,9.38550365390256e-05,0.8398832082748413,0.00011174772351004392,0.008589573866822041,True,True,non_g2,1200,train,28:2|83:2,5792,12620,mp-aaaabhvh,mp-aaacewhi,28:1|83:1,False,recorded_during_training
6,0.3213603106123628,0.32190478677716783,0.0021723974371070653,0.9999785021808131,3.85338171327021e-05,0.8843270540237427,4.357416971172696e-05,0.006760005406291429,True,True,non_g2,1200,train,8:8|23:2|83:2,5885,7789,mp-aaaabici,mp-aaabfbmg,8:4|23:1|83:1,False,recorded_during_training
7,0.7221765882568434,0.7263239179991103,0.007015701117637718,0.9999717572354253,0.001362715964205563,15.503423690795898,8.789774383929034e-05,0.009714661526998396,True,True,non_g2,1200,train,8:12|11:4|17:4,6004,8109,mp-aaaabini,mp-aaabfqcc,8:3|11:1|17:1,False,recorded_during_training
8,0.2874588755028924,0.28672287564228327,0.002813389316344228,0.999965349820954,0.0001001624041236937,1.333327293395996,7.512214339254933e-05,0.009787101933876172,True,True,non_g2,1200,train,8:6|37:4|40:2,10121,10417,mp-aaabqvan,mp-aaabraoy,8:3|37:2|40:1,False,recorded_during_training
9,0.33001828208216466,0.33083964355273565,0.0027221289415138017,0.9999793431311169,8.500961848767474e-05,2.026646614074707,4.1945950466794644e-05,0.00824841861589981,True,True,non_g2,1200,train,8:18|56:8|73:4,10582,16766,mp-aaabruec,mp-aaacpwra,8:9|56:4|73:2,False,recorded_during_training
10,0.1434457298446432,0.13806265133905526,0.006994438899596389,0.9987089172771026,0.0005288374377414584,0.1721307337284088,0.003072301071904267,0.048760175065312945,True,True,non_g2,1200,train,59:1|68:3,11977,11981,mp-aaacdnzr,mp-aaacdoad,59:1|68:3,False,recorded_during_training
11,0.10178208757452012,0.10082491390403447,0.00523522583034719,0.9991177968553736,0.00018456946418154985,0.09805137664079666,0.0018823750415836102,0.05143563032654641,True,True,non_g2,1200,train,62:3|69:1,12147,12167,mp-aaacdsei,mp-aaacdspp,62:3|69:1,False,recorded_during_training
12,0.2569476258940995,0.2476040591718629,0.012333797989413142,0.9996817130725605,0.0016131964512169361,0.586344838142395,0.0027512759493674745,0.04800121404700776,True,True,non_g2,1200,train,48:2|71:1,12799,13366,mp-aaacfkmg,mp-aaacilmc,48:2|71:1,False,recorded_during_training
13,0.3711048242627939,0.363738597629208,0.010093757332661824,0.9993423084595592,0.0018908614292740822,1.2508291006088257,0.001511686471280312,0.027199208074735342,True,True,non_g2,1200,train,15:1|20:3|83:1,12895,12903,mp-aaacfrja,mp-aaacfroo,15:1|20:3|83:1,False,recorded_during_training
14,0.3156082618079381,0.3107106161860429,0.007467812969480292,0.9999412497769707,0.0016995379701256752,2.3338234424591064,0.0007282204554149578,0.02366165234934437,True,True,non_g2,1200,train,46:2|51:2|57:2,13082,13180,mp-aaacfzan,mp-aaacgikg,46:1|51:1|57:1,False,recorded_during_training
15,0.2423462098959135,0.23813421897648368,0.005163280613487586,0.9999425394806986,0.0003602750366553664,0.575656533241272,0.0006258506867399109,0.02130539039874067,True,True,non_g2,1200,train,19:3|31:1,15832,15834,mp-aaacpkso,mp-aaacpktf,19:3|31:1,False,recorded_during_training
0,0.2116293776424527,0.2118416722951224,0.0022539357365758406,0.9999299570678888,4.737693234346807e-05,0.33785775303840637,0.00014022745346939676,0.010650391555674559,True,True,non_g2,1300,train,15:16|48:8,423,3943,mp-aaaaabjd,mp-aaaaarxw,15:2|48:1,False,recorded_during_training
1,0.2833879719401011,0.28406187957932616,0.00230171658256495,0.9999755529349997,6.308753654593602e-05,1.2531861066818237,5.034171397972062e-05,0.008122139294787913,True,True,non_g2,1300,train,8:3|60:2,1183,2658,mp-aaaaaech,mp-aaaaalty,8:3|60:2,False,recorded_during_training
2,0.16268929076613858,0.1628023717785254,0.0023323111818172038,0.9999036901159036,4.356283170636743e-05,0.2212611436843872,0.00019688423814940873,0.014335984691025776,True,True,non_g2,1300,train,16:6|19:2|42:6,2704,14113,mp-aaaaamae,mp-aaackvdk,16:3|19:1|42:3,False,recorded_during_training
3,0.4171052366407366,0.41682488217429636,0.003286471230467214,0.9999800291507053,0.00012388754112180322,2.3175158500671387,5.345704156379953e-05,0.007879237520333354,True,True,non_g2,1300,train,8:3|68:2,4142,18148,mp-aaaaatio,mp-aaacrsyy,8:3|68:2,False,recorded_during_training
4,0.2721211942498485,0.2726669840976683,0.00220802599505987,0.9999720696002917,3.498700971249491e-05,0.6183542609214783,5.65808500459864e-05,0.008114127240793188,True,True,non_g2,1300,train,8:16|11:2|41:6,4399,9528,mp-aaaaavmx,mp-aaabjmwk,8:8|11:1|41:3,False,recorded_during_training
5,0.2394487393903546,0.238111475147889,0.002584259942523204,0.999979059598686,0.00011045412975363433,0.8398832082748413,0.0001315112966486283,0.01079253935144042,True,True,non_g2,1300,train,28:2|83:2,5792,12620,mp-aaaabhvh,mp-aaacewhi,28:1|83:1,False,recorded_during_training
6,0.3213603106123628,0.32070932161241217,0.0026712152548498125,0.9999725134152161,5.547730688704178e-05,0.8843270540237427,6.273392477886615e-05,0.008312212699072025,True,True,non_g2,1300,train,8:8|23:2|83:2,5885,7789,mp-aaaabici,mp-aaabfbmg,8:4|23:1|83:1,False,recorded_during_training
7,0.7221765882568434,0.7259546465451194,0.004774887327926081,0.9999905926320747,0.0004195678629912436,15.503423690795898,2.7062916640814857e-05,0.006611800223891893,True,True,non_g2,1300,train,8:12|11:4|17:4,6004,8109,mp-aaaabini,mp-aaabfqcc,8:3|11:1|17:1,False,recorded_during_training
8,0.2874588755028924,0.2888812760963333,0.002360085570984438,0.999979681856942,7.194006320787594e-05,1.333327293395996,5.395529182084316e-05,0.008210167686962552,True,True,non_g2,1300,train,8:6|37:4|40:2,10121,10417,mp-aaabqvan,mp-aaabraoy,8:3|37:2|40:1,False,recorded_during_training
9,0.33001828208216466,0.33024820178070513,0.002444202973492793,0.9999833548380457,6.933252007002011e-05,2.026646614074707,3.421046352556872e-05,0.007406265368305443,True,True,non_g2,1300,train,8:18|56:8|73:4,10582,16766,mp-aaabruec,mp-aaacpwra,8:9|56:4|73:2,False,recorded_during_training
10,0.1434457298446432,0.14018351872164203,0.004115116654247686,0.9989154174995158,0.0003759469254873693,0.1721307337284088,0.002184077865377287,0.028687620459002177,True,True,non_g2,1300,train,59:1|68:3,11977,11981,mp-aaacdnzr,mp-aaacdoad,59:1|68:3,False,recorded_during_training
11,0.10178208757452012,0.10150064823164939,0.0028269713666304597,0.9996830412940971,6.329088500933722e-05,0.09805137664079666,0.0006454869597721029,0.027774743415050145,True,True,non_g2,1300,train,62:3|69:1,12147,12167,mp-aaacdsei,mp-aaacdspp,62:3|69:1,False,recorded_during_training
12,0.2569476258940995,0.25587699047173373,0.0023689009540248662,0.9999675800350339,5.6686167226871476e-05,0.586344838142395,9.667718301479296e-05,0.009219392262457427,True,True,non_g2,1300,train,48:2|71:1,12799,13366,mp-aaacfkmg,mp-aaacilmc,48:2|71:1,False,recorded_during_training
13,0.3711048242627939,0.3686184456529418,0.006681767864925803,0.9994762324717937,0.0013099738862365484,1.2508291006088257,0.001047284465638779,0.01800506872471747,True,True,non_g2,1300,train,15:1|20:3|83:1,12895,12903,mp-aaacfrja,mp-aaacfroo,15:1|20:3|83:1,False,recorded_during_training
14,0.3156082618079381,0.3123276909973356,0.0044928415081813,0.9999505653925882,0.0008282072376459837,2.3338234424591064,0.0003548714193963692,0.014235500308022345,True,True,non_g2,1300,train,46:2|51:2|57:2,13082,13180,mp-aaacfzan,mp-aaacgikg,46:1|51:1|57:1,False,recorded_during_training
15,0.2423462098959135,0.2414067419631465,0.0019064747502852697,0.999984739565713,3.9641381590627134e-05,0.575656533241272,6.8862905745938e-05,0.007866740524244598,True,True,non_g2,1300,train,19:3|31:1,15832,15834,mp-aaacpkso,mp-aaacpktf,19:3|31:1,False,recorded_during_training
0,0.2116293776424527,0.21247894594125682,0.001485736933886983,0.9999767913717728,2.32483034778852e-05,0.33785775303840637,6.881092195993627e-05,0.007020466394779707,True,True,non_g2,1400,train,15:16|48:8,423,3943,mp-aaaaabjd,mp-aaaaarxw,15:2|48:1,False,recorded_during_training
1,0.2833879719401011,0.2867788684882271,0.004168223197893894,0.9999788835289749,0.0002847459982149303,1.2531861066818237,0.0002272176468416798,0.014708539566297892,True,True,non_g2,1400,train,8:3|60:2,1183,2658,mp-aaaaaech,mp-aaaaalty,8:3|60:2,False,recorded_during_training
2,0.16268929076613858,0.16282676524133421,0.0010177202930208296,0.9999790610757271,9.327328371000476e-06,0.2212611436843872,4.215529313319119e-05,0.0062556071652176215,True,True,non_g2,1400,train,16:6|19:2|42:6,2704,14113,mp-aaaaamae,mp-aaackvdk,16:3|19:1|42:3,False,recorded_during_training
3,0.4171052366407366,0.41947538392105344,0.0037961517225539865,0.9999822742795134,0.00019353741663508117,2.3175158500671387,8.35107197344408e-05,0.009101184519109044,True,True,non_g2,1400,train,8:3|68:2,4142,18148,mp-aaaaatio,mp-aaacrsyy,8:3|68:2,False,recorded_during_training
4,0.2721211942498485,0.2742410232081056,0.0028690492640635057,0.9999819024846514,6.611761637032032e-05,0.6183542609214783,0.00010692514073047888,0.010543277498000702,True,True,non_g2,1400,train,8:16|11:2|41:6,4399,9528,mp-aaaaavmx,mp-aaabjmwk,8:8|11:1|41:3,False,recorded_during_training
5,0.2394487393903546,0.23994477772066602,0.0010037822285084985,0.9999909603435021,3.42846178682521e-05,0.8398832082748413,4.08206968903144e-05,0.004192054763220577,True,True,non_g2,1400,train,28:2|83:2,5792,12620,mp-aaaabhvh,mp-aaacewhi,28:1|83:1,False,recorded_during_training
6,0.3213603106123628,0.32412137994924706,0.003261825027038867,0.9999836887753262,8.690153481438756e-05,0.8843270540237427,9.826854716134739e-05,0.01015005562081811,True,True,non_g2,1400,train,8:8|23:2|83:2,5885,7789,mp-aaaabici,mp-aaabfbmg,8:4|23:1|83:1,False,recorded_during_training
7,0.7221765882568434,0.7292044688000487,0.009860760262995427,0.999959901652416,0.0031668050214648247,15.503423690795898,0.0002042648826881316,0.013654223112932637,True,True,non_g2,1400,train,8:12|11:4|17:4,6004,8109,mp-aaaabini,mp-aaabfqcc,8:3|11:1|17:1,False,recorded_during_training
8,0.2874588755028924,0.28850483206633726,0.0023896580998723493,0.9999817565111756,8.203067409340292e-05,1.333327293395996,6.152328426763851e-05,0.008313043372523402,True,True,non_g2,1400,train,8:6|37:4|40:2,10121,10417,mp-aaabqvan,mp-aaabraoy,8:3|37:2|40:1,False,recorded_during_training
9,0.33001828208216466,0.33285757757948886,0.0037245329713186948,0.9999709672960851,0.00035959359956905246,2.026646614074707,0.00017743280800497612,0.011285838311198159,True,True,non_g2,1400,train,8:18|56:8|73:4,10582,16766,mp-aaabruec,mp-aaacpwra,8:9|56:4|73:2,False,recorded_during_training
10,0.1434457298446432,0.14066346139611596,0.004697070967495165,0.9988913079895105,0.0003818260447587818,0.1721307337284088,0.0022182328308739696,0.03274458551385433,True,True,non_g2,1400,train,59:1|68:3,11977,11981,mp-aaacdnzr,mp-aaacdoad,59:1|68:3,False,recorded_during_training
11,0.10178208757452012,0.101880233540669,0.0022509688933496363,0.9997826805241792,4.289006392355077e-05,0.09805137664079666,0.00043742439313906905,0.022115570106592493,True,True,non_g2,1400,train,62:3|69:1,12147,12167,mp-aaacdsei,mp-aaacdspp,62:3|69:1,False,recorded_during_training
12,0.2569476258940995,0.2548738874029368,0.0028600828954949975,0.9999706354811121,9.08591173356399e-05,0.586344838142395,0.0001549585012524227,0.01113099560870734,True,True,non_g2,1400,train,48:2|71:1,12799,13366,mp-aaacfkmg,mp-aaacilmc,48:2|71:1,False,recorded_during_training
13,0.3711048242627939,0.3680634948666466,0.006825453904831136,0.9994889331995225,0.0012942289467900991,1.2508291006088257,0.0010346968631927008,0.01839225323569969,True,True,non_g2,1400,train,15:1|20:3|83:1,12895,12903,mp-aaacfrja,mp-aaacfroo,15:1|20:3|83:1,False,recorded_during_training
14,0.3156082618079381,0.31688888484131894,0.0030654315451101866,0.9999795594641281,0.00011694537533912808,2.3338234424591064,5.01089213569236e-05,0.009712773447533006,True,True,non_g2,1400,train,46:2|51:2|57:2,13082,13180,mp-aaacfzan,mp-aaacgikg,46:1|51:1|57:1,False,recorded_during_training
15,0.2423462098959135,0.24118075941805728,0.001974891623831354,0.9999867681316217,3.883659519487992e-05,0.575656533241272,6.746487350053672e-05,0.008149050998897654,True,True,non_g2,1400,train,19:3|31:1,15832,15834,mp-aaacpkso,mp-aaacpktf,19:3|31:1,False,recorded_during_training
0,0.2116293776424527,0.21169036645733286,0.0013023420991657986,0.9999769385602552,1.5583413187414408e-05,0.33785775303840637,4.6124184060511835e-05,0.0061538814396841545,True,True,non_g2,1500,train,15:16|48:8,423,3943,mp-aaaaabjd,mp-aaaaarxw,15:2|48:1,False,recorded_during_training
1,0.2833879719401011,0.28335549926919157,0.0017522311725315376,0.9999875590121595,3.225525506422855e-05,1.2531861066818237,2.573859931278185e-05,0.006183152942362358,True,True,non_g2,1500,train,8:3|60:2,1183,2658,mp-aaaaaech,mp-aaaaalty,8:3|60:2,False,recorded_during_training
2,0.16268929076613858,0.1626127281342633,0.00134395738132298,0.999961770205231,1.6992722521536052e-05,0.2212611436843872,7.679939748379374e-05,0.0082608841368353,True,True,non_g2,1500,train,16:6|19:2|42:6,2704,14113,mp-aaaaamae,mp-aaackvdk,16:3|19:1|42:3,False,recorded_during_training
3,0.4171052366407366,0.415789427324853,0.003452211493595314,0.9999818691540876,0.00014230975648388267,2.3175158500671387,6.140616318967568e-05,0.008276595905145137,True,True,non_g2,1500,train,8:3|68:2,4142,18148,mp-aaaaatio,mp-aaacrsyy,8:3|68:2,False,recorded_during_training
4,0.2721211942498485,0.27188517843865156,0.0013408409952262446,0.9999910312182616,1.4169497262628283e-05,0.6183542609214783,2.291485343937429e-05,0.004927367009844699,True,True,non_g2,1500,train,8:16|11:2|41:6,4399,9528,mp-aaaaavmx,mp-aaabjmwk,8:8|11:1|41:3,False,recorded_during_training
5,0.2394487393903546,0.23991933107026853,0.0014496703224722296,0.9999872395303272,3.0373183108167723e-05,0.8398832082748413,3.6163579422614766e-05,0.006054199016303632,True,True,non_g2,1500,train,28:2|83:2,5792,12620,mp-aaaabhvh,mp-aaacewhi,28:1|83:1,False,recorded_during_training
6,0.3213603106123628,0.3204573518953566,0.0015606868466875312,0.9999946603904776,1.958776920218952e-05,0.8843270540237427,2.2149915139499534e-05,0.004856501550280401,True,True,non_g2,1500,train,8:8|23:2|83:2,5885,7789,mp-aaaabici,mp-aaabfbmg,8:4|23:1|83:1,False,recorded_during_training
7,0.7221765882568434,0.7240423845516375,0.004237074071340885,0.9999911992673235,0.00027991982642561197,15.503423690795898,1.8055355514265876e-05,0.005867088659808454,True,True,non_g2,1500,train,8:12|11:4|17:4,6004,8109,mp-aaaabini,mp-aaabfqcc,8:3|11:1|17:1,False,recorded_during_training
8,0.2874588755028924,0.28549579245230916,0.0030629898402878553,0.9999757317657433,0.00013637430674862117,1.333327293395996,0.00010228119339046501,0.010655401872456833,True,True,non_g2,1500,train,8:6|37:4|40:2,10121,10417,mp-aaabqvan,mp-aaabraoy,8:3|37:2|40:1,False,recorded_during_training
9,0.33001828208216466,0.32902618226989944,0.00247884163445633,0.9999850753522102,0.00013912524445913732,2.026646614074707,6.864800379747351e-05,0.00751122519278848,True,True,non_g2,1500,train,8:18|56:8|73:4,10582,16766,mp-aaabruec,mp-aaacpwra,8:9|56:4|73:2,False,recorded_during_training
10,0.1434457298446432,0.1412447196262292,0.003888049637680524,0.9991260016533872,0.0003019144933205098,0.1721307337284088,0.0017539836540572487,0.027104673257903313,True,True,non_g2,1500,train,59:1|68:3,11977,11981,mp-aaacdnzr,mp-aaacdoad,59:1|68:3,False,recorded_during_training
11,0.10178208757452012,0.10180659701700279,0.003133850592348608,0.9996270442235996,7.343693869188428e-05,0.09805137664079666,0.0007489638718782563,0.03078980464076401,True,True,non_g2,1500,train,62:3|69:1,12147,12167,mp-aaacdsei,mp-aaacdspp,62:3|69:1,False,recorded_during_training
12,0.2569476258940995,0.25977601995691657,0.003586178703699261,0.9999591433221212,0.00014819708303548396,0.586344838142395,0.0002527473141999316,0.013956847008103115,True,True,non_g2,1500,train,48:2|71:1,12799,13366,mp-aaacfkmg,mp-aaacilmc,48:2|71:1,False,recorded_during_training
13,0.3711048242627939,0.3702506696297405,0.006932225052615593,0.9995176718497261,0.0012400930281728506,1.2508291006088257,0.0009914168350970173,0.018679964795355535,True,True,non_g2,1500,train,15:1|20:3|83:1,12895,12903,mp-aaacfrja,mp-aaacfroo,15:1|20:3|83:1,False,recorded_during_training
14,0.3156082618079381,0.31545226125308545,0.003967416829254944,0.9999606876648558,0.0002244244096800685,2.3338234424591064,9.616169141038221e-05,0.012570700166490877,True,True,non_g2,1500,train,46:2|51:2|57:2,13082,13180,mp-aaacfzan,mp-aaacgikg,46:1|51:1|57:1,False,recorded_during_training
15,0.2423462098959135,0.24304435798330815,0.0014093724785197992,0.9999787271864629,2.5632714823586866e-05,0.575656533241272,4.452779277820435e-05,0.005815533402090826,True,True,non_g2,1500,train,19:3|31:1,15832,15834,mp-aaacpkso,mp-aaacpktf,19:3|31:1,False,recorded_during_training
0,0.2116293776424527,0.21186542318901047,0.0019414322940747297,0.9999574485405337,2.8871205358882435e-05,0.33785775303840637,8.545373045087548e-05,0.0091737371989761,True,True,non_g2,1600,train,15:16|48:8,423,3943,mp-aaaaabjd,mp-aaaaarxw,15:2|48:1,False,recorded_during_training
1,0.2833879719401011,0.28303778236681865,0.0025149118412173266,0.9999759540883678,6.816007226007059e-05,1.2531861066818237,5.4389425398709765e-05,0.008874448072019429,True,True,non_g2,1600,train,8:3|60:2,1183,2658,mp-aaaaaech,mp-aaaaalty,8:3|60:2,False,recorded_during_training
2,0.16268929076613858,0.16272807263885625,0.0006631914002355188,0.9999937042397788,2.7948942715738667e-06,0.2212611436843872,1.263165427527835e-05,0.004076429352616936,True,True,non_g2,1600,train,16:6|19:2|42:6,2704,14113,mp-aaaaamae,mp-aaackvdk,16:3|19:1|42:3,False,recorded_during_training
3,0.4171052366407366,0.41678804787716217,0.0034873663350936113,0.9999648444871978,0.0001704217866063118,2.3175158500671387,7.353640606228202e-05,0.008360878811256375,True,True,non_g2,1600,train,8:3|68:2,4142,18148,mp-aaaaatio,mp-aaacrsyy,8:3|68:2,False,recorded_during_training
4,0.2721211942498485,0.27209982529143417,0.001963424416089765,0.9999774193222348,2.7925754693569615e-05,0.6183542609214783,4.5161417100861164e-05,0.007215257236770187,True,True,non_g2,1600,train,8:16|11:2|41:6,4399,9528,mp-aaaaavmx,mp-aaabjmwk,8:8|11:1|41:3,False,recorded_during_training
5,0.2394487393903546,0.23845990848349174,0.0014558872426277958,0.9999844753031955,7.595554052386433e-05,0.8398832082748413,9.043583652527177e-05,0.006080162486278019,True,True,non_g2,1600,train,28:2|83:2,5792,12620,mp-aaaabhvh,mp-aaacewhi,28:1|83:1,False,recorded_during_training
6,0.3213603106123628,0.3214868696054509,0.0016673610630277835,0.9999882757049656,2.1093741452204995e-05,0.8843270540237427,2.385287361302266e-05,0.005188447384341182,True,True,non_g2,1600,train,8:8|23:2|83:2,5885,7789,mp-aaaabici,mp-aaabfbmg,8:4|23:1|83:1,False,recorded_during_training
7,0.7221765882568434,0.7236346640436295,0.006612203740360201,0.9999676671598418,0.0010741910664364696,15.503423690795898,6.928734503167821e-05,0.009155937547519276,True,True,non_g2,1600,train,8:12|11:4|17:4,6004,8109,mp-aaaabini,mp-aaabfqcc,8:3|11:1|17:1,False,recorded_during_training
8,0.2874588755028924,0.28823575824276304,0.0023649964182084204,0.9999609368790392,0.00011211079981876537,1.333327293395996,8.408348075829018e-05,0.008227251338373178,True,True,non_g2,1600,train,8:6|37:4|40:2,10121,10417,mp-aaabqvan,mp-aaabraoy,8:3|37:2|40:1,False,recorded_during_training
9,0.33001828208216466,0.33044850650503577,0.0020040825070282153,0.9999905006653278,3.954106796300039e-05,2.026646614074707,1.951058842148136e-05,0.006072640868208807,True,True,non_g2,1600,train,8:18|56:8|73:4,10582,16766,mp-aaabruec,mp-aaacpwra,8:9|56:4|73:2,False,recorded_during_training
10,0.1434457298446432,0.142360563640068,0.0027823242689919425,0.9995601419718418,0.00015249023272190243,0.1721307337284088,0.0008858977674637956,0.01939635478870858,True,True,non_g2,1600,train,59:1|68:3,11977,11981,mp-aaacdnzr,mp-aaacdoad,59:1|68:3,False,recorded_during_training
11,0.10178208757452012,0.1019252370040249,0.0014776106156659807,0.9998657367058558,2.6595795134198852e-05,0.09805137664079666,0.00027124346485853443,0.014517393491110534,True,True,non_g2,1600,train,62:3|69:1,12147,12167,mp-aaacdsei,mp-aaacdspp,62:3|69:1,False,recorded_during_training
12,0.2569476258940995,0.25978889179532416,0.003446567425271496,0.9999723884453288,0.00013889810361433774,0.586344838142395,0.00023688808117486329,0.013413501733197539,True,True,non_g2,1600,train,48:2|71:1,12799,13366,mp-aaacfkmg,mp-aaacilmc,48:2|71:1,False,recorded_during_training
13,0.3711048242627939,0.3707024908414951,0.00289196719696605,0.9999427045554629,0.00014334115257952362,1.2508291006088257,0.00011459691216790054,0.0077928579956107885,True,True,non_g2,1600,train,15:1|20:3|83:1,12895,12903,mp-aaacfrja,mp-aaacfroo,15:1|20:3|83:1,False,recorded_during_training
14,0.3156082618079381,0.3151594908849802,0.0018336761131649837,0.9999908901975479,5.050019171903841e-05,2.3338234424591064,2.163839423338181e-05,0.005809975007184249,True,True,non_g2,1600,train,46:2|51:2|57:2,13082,13180,mp-aaacfzan,mp-aaacgikg,46:1|51:1|57:1,False,recorded_during_training
15,0.2423462098959135,0.24460180820824462,0.0025409924528503325,0.9999738875555579,8.571318176109344e-05,0.575656533241272,0.00014889639361596356,0.010484968813589766,True,True,non_g2,1600,train,19:3|31:1,15832,15834,mp-aaacpkso,mp-aaacpktf,19:3|31:1,False,recorded_during_training
0,0.2116293776424527,0.21081838598183822,0.0016947486932394895,0.9999677920432699,3.453771932981908e-05,0.33785775303840637,0.00010222562311865303,0.008008097515188856,True,True,non_g2,1700,train,15:16|48:8,423,3943,mp-aaaaabjd,mp-aaaaarxw,15:2|48:1,False,recorded_during_training
1,0.2833879719401011,0.277273943580326,0.00871193356385902,0.999862240770982,0.0012240118812769651,1.2531861066818237,0.0009767199578344307,0.03074207244653431,True,True,non_g2,1700,train,8:3|60:2,1183,2658,mp-aaaaaech,mp-aaaaalty,8:3|60:2,False,recorded_during_training
2,0.16268929076613858,0.16287173994351178,0.0023474987247027457,0.9999046310036708,4.2644831410143524e-05,0.2212611436843872,0.00019273529323780974,0.014429337749570812,True,True,non_g2,1700,train,16:6|19:2|42:6,2704,14113,mp-aaaaamae,mp-aaackvdk,16:3|19:1|42:3,False,recorded_during_training
3,0.4171052366407366,0.41474793972247426,0.0055870448029509134,0.9999480520363287,0.0003728605224750936,2.3175158500671387,0.00016088801397595265,0.013394808581037254,True,True,non_g2,1700,train,8:3|68:2,4142,18148,mp-aaaaatio,mp-aaacrsyy,8:3|68:2,False,recorded_during_training
4,0.2721211942498485,0.27086592324826597,0.004864422429591286,0.9998679689810985,0.00019220430112909526,0.6183542609214783,0.0003108320153606936,0.017875941060015374,True,True,non_g2,1700,train,8:16|11:2|41:6,4399,9528,mp-aaaaavmx,mp-aaabjmwk,8:8|11:1|41:3,False,recorded_during_training
5,0.2394487393903546,0.24219093057035934,0.003327097845613025,0.9999756874930619,0.0002784203097689897,0.8398832082748413,0.00033149884058389237,0.013894822975823302,True,True,non_g2,1700,train,28:2|83:2,5792,12620,mp-aaaabhvh,mp-aaacewhi,28:1|83:1,False,recorded_during_training
6,0.3213603106123628,0.31930715610974403,0.00345061183065809,0.9999572075859465,0.00010794978152262047,0.8843270540237427,0.00012206997516523135,0.010737517100611566,True,True,non_g2,1700,train,8:8|23:2|83:2,5885,7789,mp-aaaabici,mp-aaabfbmg,8:4|23:1|83:1,False,recorded_during_training
7,0.7221765882568434,0.7215904716722434,0.004822697475901805,0.9999943529259722,0.00041243614396080375,15.503423690795898,2.6602907343986194e-05,0.006678003073379338,True,True,non_g2,1700,train,8:12|11:4|17:4,6004,8109,mp-aaaabini,mp-aaabfqcc,8:3|11:1|17:1,False,recorded_during_training
8,0.2874588755028924,0.28313453673217737,0.00572456009027178,0.9999381086839418,0.0006305592833086848,1.333327293395996,0.0004729216047941574,0.0199143619422326,True,True,non_g2,1700,train,8:6|37:4|40:2,10121,10417,mp-aaabqvan,mp-aaabraoy,8:3|37:2|40:1,False,recorded_during_training
9,0.33001828208216466,0.3254892833720078,0.008147020511387382,0.9998544472914903,0.0018759920494630933,2.026646614074707,0.0009256631306290183,0.024686573301290676,True,True,non_g2,1700,train,8:18|56:8|73:4,10582,16766,mp-aaabruec,mp-aaacpwra,8:9|56:4|73:2,False,recorded_during_training
10,0.1434457298446432,0.1427912168946932,0.0024839646930558956,0.9996756582981142,0.00011335049202898517,0.1721307337284088,0.0006585139653667645,0.0173164073670657,True,True,non_g2,1700,train,59:1|68:3,11977,11981,mp-aaacdnzr,mp-aaacdoad,59:1|68:3,False,recorded_during_training
11,0.10178208757452012,0.10164778857028978,0.001548928163401797,0.9998595413584962,2.7677730031427927e-05,0.09805137664079666,0.00028227783208820275,0.015218082084116655,True,True,non_g2,1700,train,62:3|69:1,12147,12167,mp-aaacdsei,mp-aaacdspp,62:3|69:1,False,recorded_during_training
12,0.2569476258940995,0.258071366668446,0.0020493878109846264,0.999982594093254,4.602596163749695e-05,0.586344838142395,7.849640457876676e-05,0.00797589704848753,True,True,non_g2,1700,train,48:2|71:1,12799,13366,mp-aaacfkmg,mp-aaacilmc,48:2|71:1,False,recorded_during_training
13,0.3711048242627939,0.37063137994869066,0.0035124161806479037,0.9999497284371819,0.00012775545474141836,1.2508291006088257,0.00010213661856702483,0.009464754837465072,True,True,non_g2,1700,train,15:1|20:3|83:1,12895,12903,mp-aaacfrja,mp-aaacfroo,15:1|20:3|83:1,False,recorded_during_training
14,0.3156082618079381,0.31766898067871807,0.003638563495769631,0.9999801300427485,0.00041765731293708086,2.3338234424591064,0.00017895840162484748,0.01152873335737916,True,True,non_g2,1700,train,46:2|51:2|57:2,13082,13180,mp-aaacfzan,mp-aaacgikg,46:1|51:1|57:1,False,recorded_during_training
15,0.2423462098959135,0.24065886784592294,0.0024962752831925172,0.9999877601609041,7.033717702142894e-05,0.575656533241272,0.0001221860136380123,0.010300451095416987,True,True,non_g2,1700,train,19:3|31:1,15832,15834,mp-aaacpkso,mp-aaacpktf,19:3|31:1,False,recorded_during_training
0,0.2116293776424527,0.21300914614403155,0.002682240939861913,0.9999420827544234,5.448055162560195e-05,0.33785775303840637,0.00016125292711399999,0.012674237243156061,True,True,non_g2,1800,train,15:16|48:8,423,3943,mp-aaaaabjd,mp-aaaaarxw,15:2|48:1,False,recorded_during_training
1,0.2833879719401011,0.28473885950904787,0.003935563125992303,0.999930741921302,0.00021733723406214267,1.2531861066818237,0.00017342773982517766,0.013887544693760507,True,True,non_g2,1800,train,8:3|60:2,1183,2658,mp-aaaaaech,mp-aaaaalty,8:3|60:2,False,recorded_during_training
2,0.16268929076613858,0.1645142445631791,0.00262785327504389,0.9999422890711216,6.213842425495386e-05,0.2212611436843872,0.0002808374901270047,0.016152589163483153,True,True,non_g2,1800,train,16:6|19:2|42:6,2704,14113,mp-aaaaamae,mp-aaackvdk,16:3|19:1|42:3,False,recorded_during_training
3,0.4171052366407366,0.42206223622088146,0.006519522420830981,0.9999492283441224,0.0006800100090913475,2.3175158500671387,0.000293421945343609,0.0156304017502576,True,True,non_g2,1800,train,8:3|68:2,4142,18148,mp-aaaaatio,mp-aaacrsyy,8:3|68:2,False,recorded_during_training
4,0.2721211942498485,0.2753081673167799,0.005242768690095545,0.9998795604968683,0.00026154948864132166,0.6183542609214783,0.000422976771036651,0.019266300460528955,True,True,non_g2,1800,train,8:16|11:2|41:6,4399,9528,mp-aaaaavmx,mp-aaabjmwk,8:8|11:1|41:3,False,recorded_during_training
5,0.2394487393903546,0.24586871091014473,0.008386634341150057,0.9998735708256669,0.0013067342806607485,0.8398832082748413,0.001555852370646677,0.03502475879598589,True,True,non_g2,1800,train,28:2|83:2,5792,12620,mp-aaaabhvh,mp-aaacewhi,28:1|83:1,False,recorded_during_training
6,0.3213603106123628,0.3253865613844482,0.005602739478717922,0.999924872367736,0.0002871620235964656,0.8843270540237427,0.0003247237798389868,0.017434447545939057,True,True,non_g2,1800,train,8:8|23:2|83:2,5885,7789,mp-aaaabici,mp-aaabfbmg,8:4|23:1|83:1,False,recorded_during_training
7,0.7221765882568434,0.7262990731198897,0.00680179954565574,0.9999767504299584,0.0012415158562362194,15.503423690795898,8.008010881965929e-05,0.009418471404720569,True,True,non_g2,1800,train,8:12|11:4|17:4,6004,8109,mp-aaaabini,mp-aaabfqcc,8:3|11:1|17:1,False,recorded_during_training
8,0.2874588755028924,0.29136920935366106,0.00491219409869359,0.9999267836780074,0.00038975058123469353,1.333327293395996,0.00029231426009588044,0.01708833686244683,True,True,non_g2,1800,train,8:6|37:4|40:2,10121,10417,mp-aaabqvan,mp-aaabraoy,8:3|37:2|40:1,False,recorded_during_training
9,0.33001828208216466,0.33353238336235336,0.005682496138206261,0.9999107248905641,0.000682209909427911,2.026646614074707,0.00033662006226940717,0.017218731345287987,True,True,non_g2,1800,train,8:18|56:8|73:4,10582,16766,mp-aaabruec,mp-aaacpwra,8:9|56:4|73:2,False,recorded_during_training
10,0.1434457298446432,0.1443993461939499,0.003642599722752493,0.9996832215823206,0.00015295305638574064,0.1721307337284088,0.0008885865590224748,0.02539357376965879,True,True,non_g2,1800,train,59:1|68:3,11977,11981,mp-aaacdnzr,mp-aaacdoad,59:1|68:3,False,recorded_during_training
11,0.10178208757452012,0.10269007044553291,0.002890652192490961,0.9997450631053123,6.117673183325678e-05,0.09805137664079666,0.0006239252719252767,0.02840040189168413,True,True,non_g2,1800,train,62:3|69:1,12147,12167,mp-aaacdsei,mp-aaacdspp,62:3|69:1,False,recorded_during_training
12,0.2569476258940995,0.2620691634074319,0.006452738452935591,0.9999517720011376,0.0004286018665879965,0.586344838142395,0.000730972353991986,0.02511304951926303,True,True,non_g2,1800,train,48:2|71:1,12799,13366,mp-aaacfkmg,mp-aaacilmc,48:2|71:1,False,recorded_during_training
13,0.3711048242627939,0.3764166054904763,0.006403769024664996,0.9999628865964855,0.0004252073704265058,1.2508291006088257,0.00033994042049352813,0.017255957362953156,True,True,non_g2,1800,train,15:1|20:3|83:1,12895,12903,mp-aaacfrja,mp-aaacfroo,15:1|20:3|83:1,False,recorded_during_training
14,0.3156082618079381,0.3193313105402922,0.006129613288067048,0.9999762249862519,0.001062088762409985,2.3338234424591064,0.00045508530897730716,0.019421586915862155,True,True,non_g2,1800,train,46:2|51:2|57:2,13082,13180,mp-aaacfzan,mp-aaacgikg,46:1|51:1|57:1,False,recorded_during_training
15,0.2423462098959135,0.2477144638178288,0.005710272707801778,0.9999591043361782,0.0003664395189844072,0.575656533241272,0.0006365592985128569,0.023562459302558566,True,True,non_g2,1800,train,19:3|31:1,15832,15834,mp-aaacpkso,mp-aaacpktf,19:3|31:1,False,recorded_during_training
0,0.2116293776424527,0.21115020113938954,0.0016120013809768352,0.9999710471780769,2.47969692281913e-05,0.33785775303840637,7.339470237159979e-05,0.007617096449153233,True,True,non_g2,1900,train,15:16|48:8,423,3943,mp-aaaaabjd,mp-aaaaarxw,15:2|48:1,False,recorded_during_training
1,0.2833879719401011,0.28538559112348594,0.0034400810800434556,0.9999655417534051,0.00014849303988739848,1.2531861066818237,0.00011849240834673565,0.012139121701222293,True,True,non_g2,1900,train,8:3|60:2,1183,2658,mp-aaaaaech,mp-aaaaalty,8:3|60:2,False,recorded_during_training
2,0.16268929076613858,0.1628357138542924,0.00101492102839984,0.999984391782773,6.911266154929763e-06,0.2212611436843872,3.123578790132341e-05,0.00623840096431892,True,True,non_g2,1900,train,16:6|19:2|42:6,2704,14113,mp-aaaaamae,mp-aaackvdk,16:3|19:1|42:3,False,recorded_during_training
3,0.4171052366407366,0.4177740489321877,0.004505847794689544,0.9999387526314805,0.00028912111883983016,2.3175158500671387,0.0001247547536002631,0.010802664169307818,True,True,non_g2,1900,train,8:3|68:2,4142,18148,mp-aaaaatio,mp-aaacrsyy,8:3|68:2,False,recorded_during_training
4,0.2721211942498485,0.2709623383809685,0.00252097370980664,0.999968962278275,4.849188917432912e-05,0.6183542609214783,7.842088627652694e-05,0.009264157893897835,True,True,non_g2,1900,train,8:16|11:2|41:6,4399,9528,mp-aaaaavmx,mp-aaabjmwk,8:8|11:1|41:3,False,recorded_during_training
5,0.2394487393903546,0.2400491228690953,0.001438325758499559,0.9999913415975596,2.7088986826129258e-05,0.8398832082748413,3.225327826445213e-05,0.00600682117668103,True,True,non_g2,1900,train,28:2|83:2,5792,12620,mp-aaaabhvh,mp-aaacewhi,28:1|83:1,False,recorded_during_training
6,0.3213603106123628,0.3219518267285366,0.002426782477186862,0.9999719804348862,5.098150722915307e-05,0.8843270540237427,5.7650059440321384e-05,0.007551593638189317,True,True,non_g2,1900,train,8:8|23:2|83:2,5885,7789,mp-aaaabici,mp-aaabfbmg,8:4|23:1|83:1,False,recorded_during_training
7,0.7221765882568434,0.7255235590585585,0.005491624632043113,0.9999861854839757,0.0006563318893313408,15.503423690795898,4.233464184565846e-05,0.007604268431490618,True,True,non_g2,1900,train,8:12|11:4|17:4,6004,8109,mp-aaaabini,mp-aaabfqcc,8:3|11:1|17:1,False,recorded_during_training
8,0.2874588755028924,0.2871227406938601,0.0019969572499860533,0.9999812190561257,5.2580071496777236e-05,1.333327293395996,3.9435232262331734e-05,0.006946931961980628,True,True,non_g2,1900,train,8:6|37:4|40:2,10121,10417,mp-aaabqvan,mp-aaabraoy,8:3|37:2|40:1,False,recorded_during_training
9,0.33001828208216466,0.330619396635484,0.0031968071934898035,0.9999761063537883,9.960168245015666e-05,2.026646614074707,4.914605326771839e-05,0.009686757876928449,True,True,non_g2,1900,train,8:18|56:8|73:4,10582,16766,mp-aaabruec,mp-aaacpwra,8:9|56:4|73:2,False,recorded_during_training
10,0.1434457298446432,0.14246603001356561,0.0018926397842733422,0.9997405227939254,8.940816042013466e-05,0.1721307337284088,0.0005194200854404337,0.0131941172896756,True,True,non_g2,1900,train,59:1|68:3,11977,11981,mp-aaacdnzr,mp-aaacdoad,59:1|68:3,False,recorded_during_training
11,0.10178208757452012,0.1018725082385572,0.0018939603837679897,0.9998409888033896,3.128768366877921e-05,0.09805137664079666,0.00031909479234951615,0.01860799310469359,True,True,non_g2,1900,train,62:3|69:1,12147,12167,mp-aaacdsei,mp-aaacdspp,62:3|69:1,False,recorded_during_training
12,0.2569476258940995,0.25577541295206174,0.002130997134372592,0.9999784537212274,4.077529229107313e-05,0.586344838142395,6.954148760011898e-05,0.008293507779872925,True,True,non_g2,1900,train,48:2|71:1,12799,13366,mp-aaacfkmg,mp-aaacilmc,48:2|71:1,False,recorded_during_training
13,0.3711048242627939,0.37068727047949324,0.0021280213618055654,0.9999879394470692,3.4661581594264135e-05,1.2508291006088257,2.7710885185988267e-05,0.005734286440584318,True,True,non_g2,1900,train,15:1|20:3|83:1,12895,12903,mp-aaacfrja,mp-aaacfroo,15:1|20:3|83:1,False,recorded_during_training
14,0.3156082618079381,0.31750713210203685,0.0028935701411683112,0.9999785919935119,0.00036469826591201127,2.3338234424591064,0.00015626643356008777,0.009168233190705189,True,True,non_g2,1900,train,46:2|51:2|57:2,13082,13180,mp-aaacfzan,mp-aaacgikg,46:1|51:1|57:1,False,recorded_during_training
15,0.2423462098959135,0.24042693458977737,0.002603767661639722,0.9999732273204707,9.402581781614572e-05,0.575656533241272,0.00016333666411588724,0.010743999927863644,True,True,non_g2,1900,train,19:3|31:1,15832,15834,mp-aaacpkso,mp-aaacpktf,19:3|31:1,False,recorded_during_training
0,0.2116293776424527,0.21170127418008633,0.0032223438337268817,0.9998778058279757,8.260575850727037e-05,0.33785775303840637,0.0002444986322331933,0.015226354061159804,True,True,non_g2,2000,train,15:16|48:8,423,3943,mp-aaaaabjd,mp-aaaaarxw,15:2|48:1,False,recorded_during_training
1,0.2833879719401011,0.2859136908822393,0.005358561655498306,0.9998849881875473,0.00040930116665549576,1.2531861066818237,0.00032660844584308406,0.01890892411139782,True,True,non_g2,2000,train,8:3|60:2,1183,2658,mp-aaaaaech,mp-aaaaalty,8:3|60:2,False,recorded_during_training
2,0.16268929076613858,0.16356330376584083,0.0019800502341240644,0.9999559076089375,2.880081592593342e-05,0.2212611436843872,0.00013016662323239036,0.012170747224968437,True,True,non_g2,2000,train,16:6|19:2|42:6,2704,14113,mp-aaaaamae,mp-aaackvdk,16:3|19:1|42:3,False,recorded_during_training
3,0.4171052366407366,0.4201418230513809,0.007979154262329757,0.9998714958700048,0.0006931799580343068,2.3175158500671387,0.0002991047323427045,0.019129834778848404,True,True,non_g2,2000,train,8:3|68:2,4142,18148,mp-aaaaatio,mp-aaacrsyy,8:3|68:2,False,recorded_during_training
4,0.2721211942498485,0.2728898792684049,0.003776049701627926,0.9999162126939175,0.00010969556024065241,0.6183542609214783,0.00017739921461393813,0.013876352821533409,True,True,non_g2,2000,train,8:16|11:2|41:6,4399,9528,mp-aaaaavmx,mp-aaabjmwk,8:8|11:1|41:3,False,recorded_during_training
5,0.2394487393903546,0.2437527121946914,0.004869217271334492,0.9999674232034216,0.000542734342161566,0.8398832082748413,0.0006462021586029411,0.02033511340979159,True,True,non_g2,2000,train,28:2|83:2,5792,12620,mp-aaaabhvh,mp-aaacewhi,28:1|83:1,False,recorded_during_training
6,0.3213603106123628,0.3222964502576815,0.0033505933909054875,0.9999497865965048,9.406682511325926e-05,0.8843270540237427,0.00010637108147404221,0.010426282525433274,True,True,non_g2,2000,train,8:8|23:2|83:2,5885,7789,mp-aaaabici,mp-aaabfbmg,8:4|23:1|83:1,False,recorded_during_training
7,0.7221765882568434,0.7248164235409149,0.004873122370781857,0.999989417059365,0.0003651018487289548,15.503423690795898,2.354975623517979e-05,0.0067478265704297834,True,True,non_g2,2000,train,8:12|11:4|17:4,6004,8109,mp-aaaabini,mp-aaabfqcc,8:3|11:1|17:1,False,recorded_during_training
8,0.2874588755028924,0.2901864748050116,0.004300540913931172,0.9999154692897949,0.00026319167227484286,1.333327293395996,0.0001973946483946124,0.014960543160852588,True,True,non_g2,2000,train,8:6|37:4|40:2,10121,10417,mp-aaabqvan,mp-aaabraoy,8:3|37:2|40:1,False,recorded_during_training
9,0.33001828208216466,0.33212908279597286,0.004280753616285438,0.9999497343790765,0.00031733111245557666,2.026646614074707,0.00015657940079526813,0.012971262044263531,True,True,non_g2,2000,train,8:18|56:8|73:4,10582,16766,mp-aaabruec,mp-aaacpwra,8:9|56:4|73:2,False,recorded_during_training
10,0.1434457298446432,0.14508136965832819,0.004581889261316974,0.9996537359343246,0.0001914620224852115,0.1721307337284088,0.001112305852290759,0.031941621868279535,True,True,non_g2,2000,train,59:1|68:3,11977,11981,mp-aaacdnzr,mp-aaacdoad,59:1|68:3,False,recorded_during_training
11,0.10178208757452012,0.1028509415955341,0.004384421233680769,0.9994106724144124,0.00013443880015984178,0.09805137664079666,0.0013711056873005213,0.043076550483116184,True,True,non_g2,2000,train,62:3|69:1,12147,12167,mp-aaacdsei,mp-aaacdspp,62:3|69:1,False,recorded_during_training
12,0.2569476258940995,0.26369892674847506,0.009565473737893626,0.9998295427544516,0.0009064837358891964,0.586344838142395,0.0015459908178965755,0.03722732873911051,True,True,non_g2,2000,train,48:2|71:1,12799,13366,mp-aaacfkmg,mp-aaacilmc,48:2|71:1,False,recorded_during_training
13,0.3711048242627939,0.37610456150378013,0.006323213358164992,0.9999423294423349,0.0004755154950544238,1.2508291006088257,0.00038016024317228666,0.017038887518442163,True,True,non_g2,2000,train,15:1|20:3|83:1,12895,12903,mp-aaacfrja,mp-aaacfroo,15:1|20:3|83:1,False,recorded_during_training
14,0.3156082618079381,0.31860700067772996,0.011789497919380665,0.9996710956480157,0.005178775638341904,2.3338234424591064,0.00221900917786871,0.037354845693345975,True,True,non_g2,2000,train,46:2|51:2|57:2,13082,13180,mp-aaacfzan,mp-aaacgikg,46:1|51:1|57:1,False,recorded_during_training
15,0.2423462098959135,0.24645944306757883,0.004665934353397461,0.9999412352967667,0.00023291200341191143,0.575656533241272,0.00040460237999990215,0.01925317650068246,True,True,non_g2,2000,train,19:3|31:1,15832,15834,mp-aaacpkso,mp-aaacpktf,19:3|31:1,False,recorded_during_training
