pair_index,target_tv,predicted_tv,contrast_error_tv,contrast_cosine,contrast_mse,zero_mse,mse_ratio,tv_ratio,informative,passed,arm,step,split,group,sample_index_a,sample_index_b,mpid_a,mpid_b,reduced_group,primary_valid
0,0.2116293776424527,0.00010423437925055623,0.211621338058535,0.10155970349601458,0.33782869577407837,0.33785775303840637,0.9999139955674639,0.9999620110213088,True,False,frozen,0,train,15:16|48:8,423,3943,mp-aaaaabjd,mp-aaaaarxw,15:2|48:1,False
1,0.2833879719401011,0.014079082624448347,0.2858152750250156,-0.27684563484906966,1.2828105688095093,1.2531861066818237,1.023639315796538,1.0085653003135486,True,False,frozen,0,train,8:3|60:2,1183,2658,mp-aaaaaech,mp-aaaaalty,8:3|60:2,False
2,0.16268929076613858,0.004508825368247926,0.16277282423106954,0.10359937523038146,0.22030341625213623,0.2212611436843872,0.9956715064547569,1.0005134539866611,True,False,frozen,0,train,16:6|19:2|42:6,2704,14113,mp-aaaaamae,mp-aaackvdk,16:3|19:1|42:3,False
3,0.4171052366407366,0.03546019866098504,0.419267959058061,0.028760430310841453,2.3210220336914062,2.3175158500671387,1.001512905995515,1.0051850761566612,True,False,frozen,0,train,8:3|68:2,4142,18148,mp-aaaaatio,mp-aaacrsyy,8:3|68:2,False
4,0.2721211942498485,0.01411434325382288,0.26795119404414436,0.34846480530462975,0.6003556847572327,0.6183542609214783,0.970892775708501,0.9846759447855596,True,False,frozen,0,train,8:16|11:2|41:6,4399,9528,mp-aaaaavmx,mp-aaabjmwk,8:8|11:1|41:3,False
5,0.2394487393903546,0.0018268226413056254,0.2399597747134976,-0.2646048575156093,0.8425261974334717,0.8398832082748413,1.003146853196481,1.002134215968078,True,False,frozen,0,train,28:2|83:2,5792,12620,mp-aaaabhvh,mp-aaacewhi,28:1|83:1,False
6,0.3213603106123628,0.0026000212974395254,0.32098965617569775,0.20937392255602233,0.8814976215362549,0.8843270540237427,0.9968004682491464,0.9988466079213119,True,False,frozen,0,train,8:8|23:2|83:2,5885,7789,mp-aaaabici,mp-aaabfbmg,8:4|23:1|83:1,False
7,0.7221765882568434,0.011157640088640619,0.7262400262479787,0.07086613267792105,15.486669540405273,15.503423690795898,0.9989193257744371,1.0056266542798673,True,False,frozen,0,train,8:12|11:4|17:4,6004,8109,mp-aaaabini,mp-aaabfqcc,8:3|11:1|17:1,False
8,0.2874588755028924,0.02245307317582501,0.2937166388646517,0.015166660499210902,1.3380248546600342,1.333327293395996,1.0035231869078998,1.021769247342987,True,False,frozen,0,train,8:6|37:4|40:2,10121,10417,mp-aaabqvan,mp-aaabraoy,8:3|37:2|40:1,False
9,0.33001828208216466,0.00825738304774859,0.3337078957738413,-0.12381682214200625,2.0364179611206055,2.026646614074707,1.0048214360500929,1.0111800281741907,True,False,frozen,0,train,8:18|56:8|73:4,10582,16766,mp-aaabruec,mp-aaacpwra,8:9|56:4|73:2,False
10,0.1434457298446432,0.0018211868482467253,0.14353134548127855,-0.00182936532182933,0.17215749621391296,0.1721307337284088,1.000155477670515,1.000596850367927,True,False,frozen,0,train,59:1|68:3,11977,11981,mp-aaacdnzr,mp-aaacdoad,59:1|68:3,False
11,0.10178208757452012,0.0019801995003945194,0.10171933407718825,0.00899095390974677,0.098049595952034,0.09805137664079666,0.9999818392273145,0.9993834524440666,True,False,frozen,0,train,62:3|69:1,12147,12167,mp-aaacdsei,mp-aaacdspp,62:3|69:1,False
12,0.2569476258940995,0.0011488450109027326,0.2571577660855837,-0.09108987778174656,0.5867340564727783,0.586344838142395,1.0006638044799991,1.0008178327811086,True,False,frozen,0,train,48:2|71:1,12799,13366,mp-aaacfkmg,mp-aaacilmc,48:2|71:1,False
13,0.3711048242627939,0.0025005471316035255,0.37054273794611703,0.2893366615419595,1.2462341785430908,1.2508291006088257,0.9963264989090049,0.9984853704939205,True,False,frozen,0,train,15:1|20:3|83:1,12895,12903,mp-aaacfrja,mp-aaacfroo,15:1|20:3|83:1,False
14,0.3156082618079381,0.001904296670545591,0.31559981652753777,-0.0015840048782683313,2.3338770866394043,2.3338234424591064,1.0000229855349474,0.9999732412568925,True,False,frozen,0,train,46:2|51:2|57:2,13082,13180,mp-aaacfzan,mp-aaacgikg,46:1|51:1|57:1,False
15,0.2423462098959135,0.006683339081064332,0.24446972496662056,-0.2244479126132788,0.5832269787788391,0.575656533241272,1.0131509764945101,1.0087623201188873,True,False,frozen,0,train,19:3|31:1,15832,15834,mp-aaacpkso,mp-aaacpktf,19:3|31:1,False
0,0.2116293776424527,0.00028413566178642213,0.21161560119878686,0.04990010093145638,0.3378135561943054,0.33785775303840637,0.9998691850528707,0.9999349029713204,True,False,frozen,100,train,15:16|48:8,423,3943,mp-aaaaabjd,mp-aaaaarxw,15:2|48:1,False
1,0.2833879719401011,0.20861788193192154,0.10076450334067744,0.9164170536809487,0.20408284664154053,1.2531861066818237,0.162851188305869,0.35557085451028153,True,False,frozen,100,train,8:3|60:2,1183,2658,mp-aaaaaech,mp-aaaaalty,8:3|60:2,False
2,0.16268929076613858,0.013918222452048212,0.16130030259955674,0.2280444154000896,0.21438536047935486,0.2212611436843872,0.968924578936281,0.9914623257619429,True,False,frozen,100,train,16:6|19:2|42:6,2704,14113,mp-aaaaamae,mp-aaackvdk,16:3|19:1|42:3,False
3,0.4171052366407366,0.3299795560728498,0.13591722834186015,0.9542055398407111,0.20794816315174103,2.3175158500671387,0.0897289065555762,0.3258583599585184,True,False,frozen,100,train,8:3|68:2,4142,18148,mp-aaaaatio,mp-aaacrsyy,8:3|68:2,False
4,0.2721211942498485,0.224218426020812,0.11671933950084679,0.8949350376017002,0.12352963536977768,0.6183542609214783,0.1997716247409575,0.4289241042859776,True,False,frozen,100,train,8:16|11:2|41:6,4399,9528,mp-aaaaavmx,mp-aaabjmwk,8:8|11:1|41:3,False
5,0.2394487393903546,0.022455807950791495,0.2223899543760126,0.7181744658327885,0.6740479469299316,0.8398832082748413,0.802549616766904,0.9287580922005507,True,False,frozen,100,train,28:2|83:2,5792,12620,mp-aaaabhvh,mp-aaacewhi,28:1|83:1,False
6,0.3213603106123628,0.2258161914051584,0.15998666007550355,0.8475098887172948,0.2508397400379181,0.8843270540237427,0.283650419713591,0.49784200099459586,True,False,frozen,100,train,8:8|23:2|83:2,5885,7789,mp-aaaabici,mp-aaabfbmg,8:4|23:1|83:1,False
7,0.7221765882568434,0.5976608966038839,0.24719141930381738,0.9375264394625321,1.8980075120925903,15.503423690795898,0.12242505590680612,0.34228666966410065,True,False,frozen,100,train,8:12|11:4|17:4,6004,8109,mp-aaaabini,mp-aaabfqcc,8:3|11:1|17:1,False
8,0.2874588755028924,0.2520101179709897,0.05554305869039666,0.9714573718439543,0.07681664079427719,1.333327293395996,0.057612741578719616,0.19322088626843525,True,False,frozen,100,train,8:6|37:4|40:2,10121,10417,mp-aaabqvan,mp-aaabraoy,8:3|37:2|40:1,False
9,0.33001828208216466,0.12162040140867703,0.22241887462439536,0.7575655383273796,0.8826099038124084,2.026646614074707,0.4355026168266518,0.6739592522605149,True,False,frozen,100,train,8:18|56:8|73:4,10582,16766,mp-aaabruec,mp-aaacpwra,8:9|56:4|73:2,False
10,0.1434457298446432,0.002730907357090473,0.14334389601981457,0.07401593528704781,0.1717052459716797,0.1721307337284088,0.9975281128040709,0.9992900881403795,True,False,frozen,100,train,59:1|68:3,11977,11981,mp-aaacdnzr,mp-aaacdoad,59:1|68:3,False
11,0.10178208757452012,0.003021871437340451,0.10166205708310372,0.03000758802029673,0.09796309471130371,0.09805137664079666,0.9990996360018853,0.9988207110477222,True,False,frozen,100,train,62:3|69:1,12147,12167,mp-aaacdsei,mp-aaacdspp,62:3|69:1,False
12,0.2569476258940995,0.004320337873650715,0.25558756905957125,0.40673657891107146,0.5787926316261292,0.586344838142395,0.9871198550324207,0.9947068713719551,True,False,frozen,100,train,48:2|71:1,12799,13366,mp-aaacfkmg,mp-aaacilmc,48:2|71:1,False
13,0.3711048242627939,0.23583878000664527,0.17887623771732564,0.8410234628314922,0.3665440082550049,1.2508291006088257,0.29304083833402506,0.4820100037035798,True,False,frozen,100,train,15:1|20:3|83:1,12895,12903,mp-aaacfrja,mp-aaacfroo,15:1|20:3|83:1,False
14,0.3156082618079381,0.17464388330199654,0.2025338459593513,0.8975308244067891,0.480401873588562,2.3338234424591064,0.20584328053641088,0.6417254250543108,True,False,frozen,100,train,46:2|51:2|57:2,13082,13180,mp-aaacfzan,mp-aaacgikg,46:1|51:1|57:1,False
15,0.2423462098959135,0.08364125437765324,0.17362051002965018,0.5869490150847403,0.37820327281951904,0.575656533241272,0.6569946677926517,0.71641520659316,True,False,frozen,100,train,19:3|31:1,15832,15834,mp-aaacpkso,mp-aaacpktf,19:3|31:1,False
0,0.2116293776424527,0.0003208535272278823,0.21161094593196594,0.029998407198690496,0.33782267570495605,0.33785775303840637,0.9998961772132359,0.9999129057095376,True,False,frozen,200,train,15:16|48:8,423,3943,mp-aaaaabjd,mp-aaaaarxw,15:2|48:1,False
1,0.2833879719401011,0.22544027988741888,0.07890818836126456,0.9745850609145043,0.07284189760684967,1.2531861066818237,0.05812536319902227,0.2784457922509963,True,False,frozen,200,train,8:3|60:2,1183,2658,mp-aaaaaech,mp-aaaaalty,8:3|60:2,False
2,0.16268929076613858,0.0398532594772405,0.1470324808251462,0.43523034885957174,0.18106859922409058,0.2212611436843872,0.8183479313583033,0.9037625041742998,True,False,frozen,200,train,16:6|19:2|42:6,2704,14113,mp-aaaaamae,mp-aaackvdk,16:3|19:1|42:3,False
3,0.4171052366407366,0.34514989711801114,0.1138053595568973,0.9631995196355687,0.16744595766067505,2.3175158500671387,0.07225234625938982,0.27284567432779744,True,False,frozen,200,train,8:3|68:2,4142,18148,mp-aaaaatio,mp-aaacrsyy,8:3|68:2,False
4,0.2721211942498485,0.21963857269341958,0.08139374397322996,0.9541586729488076,0.05785297229886055,0.6183542609214783,0.09355959189582913,0.29910843290838335,True,False,frozen,200,train,8:16|11:2|41:6,4399,9528,mp-aaaaavmx,mp-aaabjmwk,8:8|11:1|41:3,False
5,0.2394487393903546,0.14248448175220574,0.11431061293347966,0.9367462519754247,0.10290440917015076,0.8398832082748413,0.12252228423702045,0.47739074853565205,True,False,frozen,200,train,28:2|83:2,5792,12620,mp-aaaabhvh,mp-aaacewhi,28:1|83:1,False
6,0.3213603106123628,0.20004703506587873,0.13924463850348445,0.9149161010576089,0.18293362855911255,0.8843270540237427,0.20686196099819998,0.433297560106751,True,False,frozen,200,train,8:8|23:2|83:2,5885,7789,mp-aaaabici,mp-aaabfbmg,8:4|23:1|83:1,False
7,0.7221765882568434,0.7042806117723046,0.07521735376653282,0.989044253071787,0.3396223187446594,15.503423690795898,0.02190627860775598,0.10415368621695285,True,False,frozen,200,train,8:12|11:4|17:4,6004,8109,mp-aaaabini,mp-aaabfqcc,8:3|11:1|17:1,False
8,0.2874588755028924,0.25466316410543577,0.039888342501340546,0.9913333383101135,0.03039432317018509,1.333327293395996,0.022795845641748236,0.13876190961770873,True,False,frozen,200,train,8:6|37:4|40:2,10121,10417,mp-aaabqvan,mp-aaabraoy,8:3|37:2|40:1,False
9,0.33001828208216466,0.20792384259454266,0.13798501609023006,0.9074526111209903,0.38296669721603394,2.026646614074707,0.18896570055992842,0.41811324881654865,True,False,frozen,200,train,8:18|56:8|73:4,10582,16766,mp-aaabruec,mp-aaacpwra,8:9|56:4|73:2,False
10,0.1434457298446432,0.00412040528487978,0.14237535126710554,0.2848955609600036,0.16853570938110352,0.1721307337284088,0.979114570248811,0.9925380938233789,True,False,frozen,200,train,59:1|68:3,11977,11981,mp-aaacdnzr,mp-aaacdoad,59:1|68:3,False
11,0.10178208757452012,0.0022520454604091356,0.10164417777150447,0.0825415181488744,0.09765421599149704,0.09805137664079666,0.9959494638126848,0.9986450483940539,True,False,frozen,200,train,62:3|69:1,12147,12167,mp-aaacdsei,mp-aaacdspp,62:3|69:1,False
12,0.2569476258940995,0.09291175256066708,0.18789970216903384,0.6956634913049732,0.30442267656326294,0.586344838142395,0.5191871007643002,0.7312762728015101,True,False,frozen,200,train,48:2|71:1,12799,13366,mp-aaacfkmg,mp-aaacilmc,48:2|71:1,False
13,0.3711048242627939,0.25843027216861003,0.1392994935438665,0.8862827830502062,0.26832711696624756,1.2508291006088257,0.21451940703621514,0.37536427563448505,True,False,frozen,200,train,15:1|20:3|83:1,12895,12903,mp-aaacfrja,mp-aaacfroo,15:1|20:3|83:1,False
14,0.3156082618079381,0.155613688253311,0.16350056057524398,0.9411632951992898,0.281535804271698,2.3338234424591064,0.12063286328765682,0.5180490511833986,True,False,frozen,200,train,46:2|51:2|57:2,13082,13180,mp-aaacfzan,mp-aaacgikg,46:1|51:1|57:1,False
15,0.2423462098959135,0.12003084997400038,0.14262921904287396,0.6877774200420091,0.3038972020149231,0.575656533241272,0.5279141023620628,0.588534968647261,True,False,frozen,200,train,19:3|31:1,15832,15834,mp-aaacpkso,mp-aaacpktf,19:3|31:1,False
0,0.2116293776424527,0.00037320522824302316,0.21160357130509055,0.06286399688683421,0.33777064085006714,0.33785775303840637,0.9997421631217404,0.9998780588137165,True,False,frozen,300,train,15:16|48:8,423,3943,mp-aaaaabjd,mp-aaaaarxw,15:2|48:1,False
1,0.2833879719401011,0.26986345876940465,0.06334316694635778,0.9875585145003646,0.038506582379341125,1.2531861066818237,0.030726946439981327,0.22352101436311642,True,False,frozen,300,train,8:3|60:2,1183,2658,mp-aaaaaech,mp-aaaaalty,8:3|60:2,False
2,0.16268929076613858,0.07207272243249463,0.10760989069967763,0.6488405222449786,0.1282896250486374,0.2212611436843872,0.5798109099157199,0.6614442179501779,True,False,frozen,300,train,16:6|19:2|42:6,2704,14113,mp-aaaaamae,mp-aaackvdk,16:3|19:1|42:3,False
3,0.4171052366407366,0.35667734292165054,0.11472860437920307,0.965162089041762,0.16085422039031982,2.3175158500671387,0.06940803463573285,0.27505913208666266,True,False,frozen,300,train,8:3|68:2,4142,18148,mp-aaaaatio,mp-aaacrsyy,8:3|68:2,False
4,0.2721211942498485,0.24875097796982004,0.054838732554770786,0.976716934173332,0.028608199208974838,0.6183542609214783,0.04626506360018056,0.20152319522903653,True,False,frozen,300,train,8:16|11:2|41:6,4399,9528,mp-aaaaavmx,mp-aaabjmwk,8:8|11:1|41:3,False
5,0.2394487393903546,0.13587230946800588,0.11149301384663346,0.9397494468870584,0.09904560446739197,0.8398832082748413,0.11792783031206945,0.4656237244367994,True,False,frozen,300,train,28:2|83:2,5792,12620,mp-aaaabhvh,mp-aaacewhi,28:1|83:1,False
6,0.3213603106123628,0.1711924183201603,0.1700885356241173,0.9007729134257018,0.2657647728919983,0.8843270540237427,0.3005276969450976,0.5292767339563741,True,False,frozen,300,train,8:8|23:2|83:2,5885,7789,mp-aaaabici,mp-aaabfbmg,8:4|23:1|83:1,False
7,0.7221765882568434,0.7198724639100647,0.02270491465685609,0.999647381558384,0.011996950954198837,15.503423690795898,0.0007738259105516937,0.03143956066432473,True,True,frozen,300,train,8:12|11:4|17:4,6004,8109,mp-aaaabini,mp-aaabfqcc,8:3|11:1|17:1,False
8,0.2874588755028924,0.28240939024235034,0.029841518231695563,0.9937924675818286,0.017885109409689903,1.333327293395996,0.013413892821571495,0.10381143452081479,True,False,frozen,300,train,8:6|37:4|40:2,10121,10417,mp-aaabqvan,mp-aaabraoy,8:3|37:2|40:1,False
9,0.33001828208216466,0.2930433432927524,0.10030360266692728,0.9530793273079508,0.22442133724689484,2.026646614074707,0.11073530811357432,0.3039334731218154,True,False,frozen,300,train,8:18|56:8|73:4,10582,16766,mp-aaabruec,mp-aaacpwra,8:9|56:4|73:2,False
10,0.1434457298446432,0.02715580358796643,0.12194906059296073,0.5183911820364056,0.1267518252134323,0.1721307337284088,0.736369516750122,0.8501407516629172,True,False,frozen,300,train,59:1|68:3,11977,11981,mp-aaacdnzr,mp-aaacdoad,59:1|68:3,False
11,0.10178208757452012,0.012597336339496223,0.09429355166227538,0.3655250295568883,0.08537619560956955,0.09805137664079666,0.8707291884573776,0.9264257975966352,True,False,frozen,300,train,62:3|69:1,12147,12167,mp-aaacdsei,mp-aaacdspp,62:3|69:1,False
12,0.2569476258940995,0.13772251102449218,0.13925202542992565,0.8301941815043755,0.18253347277641296,0.586344838142395,0.31130737563018224,0.5419471183879244,True,False,frozen,300,train,48:2|71:1,12799,13366,mp-aaacfkmg,mp-aaacilmc,48:2|71:1,False
13,0.3711048242627939,0.2777027261871048,0.1099184136803153,0.91517349213386,0.20328882336616516,1.2508291006088257,0.16252326018575744,0.2961923599313755,True,False,frozen,300,train,15:1|20:3|83:1,12895,12903,mp-aaacfrja,mp-aaacfroo,15:1|20:3|83:1,False
14,0.3156082618079381,0.17354254739059627,0.1527105391721335,0.9444348892066876,0.25272446870803833,2.3338234424591064,0.108287741099107,0.48386103170222067,True,False,frozen,300,train,46:2|51:2|57:2,13082,13180,mp-aaacfzan,mp-aaacgikg,46:1|51:1|57:1,False
15,0.2423462098959135,0.1717858973764237,0.0920129243980341,0.9046736269490774,0.1067456603050232,0.575656533241272,0.1854328998995021,0.3796755246865763,True,False,frozen,300,train,19:3|31:1,15832,15834,mp-aaacpkso,mp-aaacpktf,19:3|31:1,False
0,0.2116293776424527,0.000441652304289164,0.21152777188115124,0.17111125110663897,0.3375244438648224,0.33785775303840637,0.9990134630015547,0.9995198882006205,True,False,frozen,400,train,15:16|48:8,423,3943,mp-aaaaabjd,mp-aaaaarxw,15:2|48:1,False
1,0.2833879719401011,0.25722532532270836,0.04216541031316101,0.9933493754726919,0.01663152128458023,1.2531861066818237,0.013271389776748356,0.14879040216312847,True,False,frozen,400,train,8:3|60:2,1183,2658,mp-aaaaaech,mp-aaaaalty,8:3|60:2,False
2,0.16268929076613858,0.0897628171442193,0.0832454498813604,0.7601377933997084,0.09399259835481644,0.2212611436843872,0.4248039072277868,0.5116836485630972,True,False,frozen,400,train,16:6|19:2|42:6,2704,14113,mp-aaaaamae,mp-aaackvdk,16:3|19:1|42:3,False
3,0.4171052366407366,0.34998943547824357,0.10499178741118786,0.9690460080495209,0.14138783514499664,2.3175158500671387,0.06100835734991872,0.25171534228811415,True,False,frozen,400,train,8:3|68:2,4142,18148,mp-aaaaatio,mp-aaacrsyy,8:3|68:2,False
4,0.2721211942498485,0.26624176070546923,0.01656827708686137,0.994784741035746,0.006449282169342041,0.6183542609214783,0.010429752937630364,0.060885654763256636,True,False,frozen,400,train,8:16|11:2|41:6,4399,9528,mp-aaaaavmx,mp-aaabjmwk,8:8|11:1|41:3,False
5,0.2394487393903546,0.14004492825873172,0.10236394276995497,0.9425752746854734,0.09369982033967972,0.8398832082748413,0.11156291662520966,0.4274983573961483,True,False,frozen,400,train,28:2|83:2,5792,12620,mp-aaaabhvh,mp-aaacewhi,28:1|83:1,False
6,0.3213603106123628,0.29605837243730804,0.037438817321579165,0.966623147740981,0.05804704874753952,0.8843270540237427,0.06563979749734204,0.11650106153506713,True,False,frozen,400,train,8:8|23:2|83:2,5885,7789,mp-aaaabici,mp-aaabfbmg,8:4|23:1|83:1,False
7,0.7221765882568434,0.7322508870317606,0.0144563859255058,0.9999287057649715,0.004350750707089901,15.503423690795898,0.0002806316071767337,0.020017799192853868,True,True,frozen,400,train,8:12|11:4|17:4,6004,8109,mp-aaaabini,mp-aaabfqcc,8:3|11:1|17:1,False
8,0.2874588755028924,0.28529161414890236,0.010551053921495246,0.9988093680621034,0.0032003603409975767,1.333327293395996,0.0024002811289088903,0.03670456827272005,True,True,frozen,400,train,8:6|37:4|40:2,10121,10417,mp-aaabqvan,mp-aaabraoy,8:3|37:2|40:1,False
9,0.33001828208216466,0.2769789285806974,0.07269912272503465,0.9589846723693556,0.1629287153482437,2.026646614074707,0.08039325367172166,0.22028816787469593,True,False,frozen,400,train,8:18|56:8|73:4,10582,16766,mp-aaabruec,mp-aaacpwra,8:9|56:4|73:2,False
10,0.1434457298446432,0.05411303672751089,0.09876974679184158,0.6930495856186686,0.08948303759098053,0.1721307337284088,0.5198550871930203,0.6885513211080784,True,False,frozen,400,train,59:1|68:3,11977,11981,mp-aaacdnzr,mp-aaacdoad,59:1|68:3,False
11,0.10178208757452012,0.026859639908288102,0.08278846754377156,0.54486421324043,0.06907092034816742,0.09805137664079666,0.704436008085875,0.813389364638033,True,False,frozen,400,train,62:3|69:1,12147,12167,mp-aaacdsei,mp-aaacdspp,62:3|69:1,False
12,0.2569476258940995,0.1438388292745998,0.13048665832154427,0.8431065466692028,0.16961291432380676,0.586344838142395,0.28927160825898823,0.5078336795971181,True,False,frozen,400,train,48:2|71:1,12799,13366,mp-aaacfkmg,mp-aaacilmc,48:2|71:1,False
13,0.3711048242627939,0.2814607506380664,0.10382820308674745,0.9181906355760683,0.19629287719726562,1.2508291006088257,0.15693021300969293,0.27978133481019535,True,False,frozen,400,train,15:1|20:3|83:1,12895,12903,mp-aaacfrja,mp-aaacfroo,15:1|20:3|83:1,False
14,0.3156082618079381,0.17870972209125568,0.148328600147849,0.9460282458027747,0.24534061551094055,2.3338234424591064,0.10512389714126348,0.4699769242356325,True,False,frozen,400,train,46:2|51:2|57:2,13082,13180,mp-aaacfzan,mp-aaacgikg,46:1|51:1|57:1,False
15,0.2423462098959135,0.2089893054781271,0.04840674200207218,0.941355250260768,0.0655898004770279,0.575656533241272,0.11393912287891568,0.19974210458196412,True,False,frozen,400,train,19:3|31:1,15832,15834,mp-aaacpkso,mp-aaacpktf,19:3|31:1,False
0,0.2116293776424527,0.0005044789741077693,0.21143577228474442,0.24840648798455406,0.33724647760391235,0.33785775303840637,0.9981907313684628,0.9990851678539858,True,False,frozen,500,train,15:16|48:8,423,3943,mp-aaaaabjd,mp-aaaaarxw,15:2|48:1,False
1,0.2833879719401011,0.25069028412689587,0.04704625520150696,0.9913335511521695,0.023840226233005524,1.2531861066818237,0.019023691777216942,0.16601359217691491,True,False,frozen,500,train,8:3|60:2,1183,2658,mp-aaaaaech,mp-aaaaalty,8:3|60:2,False
2,0.16268929076613858,0.1095528547862159,0.07155018999537788,0.8218233335635952,0.07183171808719635,0.2212611436843872,0.3246467811341472,0.4397965573421137,True,False,frozen,500,train,16:6|19:2|42:6,2704,14113,mp-aaaaamae,mp-aaackvdk,16:3|19:1|42:3,False
3,0.4171052366407366,0.3825325511940738,0.061735451815493114,0.9854405676038503,0.06755387037992477,2.3175158500671387,0.02914925927171878,0.14800929451928083,True,False,frozen,500,train,8:3|68:2,4142,18148,mp-aaaaatio,mp-aaacrsyy,8:3|68:2,False
4,0.2721211942498485,0.2624696250835399,0.023842731117255767,0.9942407767496863,0.007258472964167595,0.6183542609214783,0.011738373005388431,0.08761805997133956,True,False,frozen,500,train,8:16|11:2|41:6,4399,9528,mp-aaaaavmx,mp-aaabjmwk,8:8|11:1|41:3,False
5,0.2394487393903546,0.08098495371909564,0.16560428384450177,0.8976277797284169,0.2752193212509155,0.8398832082748413,0.32768761006215213,0.6916064134066291,True,False,frozen,500,train,28:2|83:2,5792,12620,mp-aaaabhvh,mp-aaacewhi,28:1|83:1,False
6,0.3213603106123628,0.29108405593554565,0.0432321829883513,0.9693740962117746,0.05438011884689331,0.8843270540237427,0.06149322086151319,0.13452869430568737,True,False,frozen,500,train,8:8|23:2|83:2,5885,7789,mp-aaaabici,mp-aaabfbmg,8:4|23:1|83:1,False
7,0.7221765882568434,0.7186770254945998,0.025150035132156745,0.9995741194066986,0.021129537373781204,15.503423690795898,0.0013628949189026826,0.03482532602290908,True,True,frozen,500,train,8:12|11:4|17:4,6004,8109,mp-aaaabini,mp-aaabfqcc,8:3|11:1|17:1,False
8,0.2874588755028924,0.2792004827804204,0.015466925594185277,0.9982831738242369,0.004730718210339546,1.333327293395996,0.0035480547302758395,0.053805698526882495,True,True,frozen,500,train,8:6|37:4|40:2,10121,10417,mp-aaabqvan,mp-aaabraoy,8:3|37:2|40:1,False
9,0.33001828208216466,0.27652672312528814,0.07547063594954473,0.9582455564398427,0.16588909924030304,2.026646614074707,0.08185398386094161,0.22868622754285717,True,False,frozen,500,train,8:18|56:8|73:4,10582,16766,mp-aaabruec,mp-aaacpwra,8:9|56:4|73:2,False
10,0.1434457298446432,0.06341230658318864,0.08938949684161912,0.7303261774141,0.08037364482879639,0.1721307337284088,0.46693372582499687,0.6231589949622837,True,False,frozen,500,train,59:1|68:3,11977,11981,mp-aaacdnzr,mp-aaacdoad,59:1|68:3,False
11,0.10178208757452012,0.032670014057814,0.07656843193176144,0.6083038294807259,0.061786405742168427,0.09805137664079666,0.630143174516743,0.7522780653884859,True,False,frozen,500,train,62:3|69:1,12147,12167,mp-aaacdsei,mp-aaacdspp,62:3|69:1,False
12,0.2569476258940995,0.13155256719413444,0.13397034246152373,0.8405641937204364,0.1747153252363205,0.586344838142395,0.29797367329068314,0.5213916337827514,True,False,frozen,500,train,48:2|71:1,12799,13366,mp-aaacfkmg,mp-aaacilmc,48:2|71:1,False
13,0.3711048242627939,0.2843946654318703,0.10763984825021033,0.9173636042423631,0.19832424819469452,1.2508291006088257,0.15855423262711318,0.29005240894951645,True,False,frozen,500,train,15:1|20:3|83:1,12895,12903,mp-aaacfrja,mp-aaacfroo,15:1|20:3|83:1,False
14,0.3156082618079381,0.17446072601552487,0.1642619911878569,0.9365589196909427,0.29572680592536926,2.3338234424591064,0.12671344393291697,0.5204616325532623,True,False,frozen,500,train,46:2|51:2|57:2,13082,13180,mp-aaacfzan,mp-aaacgikg,46:1|51:1|57:1,False
15,0.2423462098959135,0.22028747206562116,0.038636059323408745,0.9533856926134091,0.05242349952459335,0.575656533241272,0.0910673231300258,0.15942506111402668,True,False,frozen,500,train,19:3|31:1,15832,15834,mp-aaacpkso,mp-aaacpktf,19:3|31:1,False
0,0.2116293776424527,0.0010572196379143861,0.21089405542977602,0.325253106670265,0.3353789746761322,0.33785775303840637,0.9926632485417838,0.9965254246793703,True,False,frozen,600,train,15:16|48:8,423,3943,mp-aaaaabjd,mp-aaaaarxw,15:2|48:1,False
1,0.2833879719401011,0.25774918421907067,0.040504290986893565,0.9936952207111466,0.015908624976873398,1.2531861066818237,0.012694543046759535,0.14292875844234784,True,False,frozen,600,train,8:3|60:2,1183,2658,mp-aaaaaech,mp-aaaaalty,8:3|60:2,False
2,0.16268929076613858,0.1307057947924477,0.04562068037193967,0.9224428426853386,0.033375635743141174,0.2212611436843872,0.15084273355627714,0.28041600130593813,True,False,frozen,600,train,16:6|19:2|42:6,2704,14113,mp-aaaaamae,mp-aaackvdk,16:3|19:1|42:3,False
3,0.4171052366407366,0.3924940683286282,0.049770610434106466,0.9879896456612021,0.05552845448255539,2.3175158500671387,0.023960334286795375,0.11932386856359505,True,False,frozen,600,train,8:3|68:2,4142,18148,mp-aaaaatio,mp-aaacrsyy,8:3|68:2,False
4,0.2721211942498485,0.2693941647174398,0.01599381999933769,0.9964836009169167,0.004357585683465004,0.6183542609214783,0.007047069873782842,0.05877462078405013,True,True,frozen,600,train,8:16|11:2|41:6,4399,9528,mp-aaaaavmx,mp-aaabjmwk,8:8|11:1|41:3,False
5,0.2394487393903546,0.08559786826052829,0.15662449709876824,0.8449166386118665,0.30191272497177124,0.8398832082748413,0.35946989057194495,0.6541044964259993,True,False,frozen,600,train,28:2|83:2,5792,12620,mp-aaaabhvh,mp-aaacewhi,28:1|83:1,False
6,0.3213603106123628,0.2944495138794565,0.04159466193091532,0.9702161869378051,0.05197560787200928,0.8843270540237427,0.05877419178291227,0.12943310221369683,True,False,frozen,600,train,8:8|23:2|83:2,5885,7789,mp-aaaabici,mp-aaabfbmg,8:4|23:1|83:1,False
7,0.7221765882568434,0.7203778221200778,0.013952762533314456,0.9999067208201998,0.0044408030807971954,15.503423690795898,0.00028644015472747606,0.019320430432386338,True,True,frozen,600,train,8:12|11:4|17:4,6004,8109,mp-aaaabini,mp-aaabfqcc,8:3|11:1|17:1,False
8,0.2874588755028924,0.2786500663720879,0.014331600707905734,0.9987004041909777,0.004164758138358593,1.333327293395996,0.003123582753452019,0.04985617745436957,True,True,frozen,600,train,8:6|37:4|40:2,10121,10417,mp-aaabqvan,mp-aaabraoy,8:3|37:2|40:1,False
9,0.33001828208216466,0.2742013819255682,0.07535356603640153,0.9585686683764092,0.16486719250679016,2.026646614074707,0.0813497485757094,0.2283314898828567,True,False,frozen,600,train,8:18|56:8|73:4,10582,16766,mp-aaabruec,mp-aaacpwra,8:9|56:4|73:2,False
10,0.1434457298446432,0.0758616332264399,0.07598353241935918,0.8185614868043949,0.05695477873086929,0.1721307337284088,0.33088093855879125,0.5297022957856746,True,False,frozen,600,train,59:1|68:3,11977,11981,mp-aaacdnzr,mp-aaacdoad,59:1|68:3,False
11,0.10178208757452012,0.04079570333297511,0.07011633880253498,0.6996138913511842,0.05026434734463692,0.09805137664079666,0.5126327550583641,0.6888868215755455,True,False,frozen,600,train,62:3|69:1,12147,12167,mp-aaacdsei,mp-aaacdspp,62:3|69:1,False
12,0.2569476258940995,0.1438826835970346,0.12595267592273984,0.847976779209293,0.16530701518058777,0.586344838142395,0.28192797894204813,0.4901881287459376,True,False,frozen,600,train,48:2|71:1,12799,13366,mp-aaacfkmg,mp-aaacilmc,48:2|71:1,False
13,0.3711048242627939,0.28953704844596295,0.10951119023122224,0.9293430899299157,0.17070013284683228,1.2508291006088257,0.136469588662229,0.29509503264682185,True,False,frozen,600,train,15:1|20:3|83:1,12895,12903,mp-aaacfrja,mp-aaacfroo,15:1|20:3|83:1,False
14,0.3156082618079381,0.18121226197541773,0.14543795419814387,0.9469198847640948,0.24120156466960907,2.3338234424591064,0.10335039072855462,0.4608179563013133,True,False,frozen,600,train,46:2|51:2|57:2,13082,13180,mp-aaacfzan,mp-aaacgikg,46:1|51:1|57:1,False
15,0.2423462098959135,0.21854428556683558,0.03921724706445673,0.9613945285200013,0.04460557922720909,0.575656533241272,0.0774864466074144,0.16182323247927147,True,False,frozen,600,train,19:3|31:1,15832,15834,mp-aaacpkso,mp-aaacpktf,19:3|31:1,False
0,0.2116293776424527,0.012825242884446197,0.2024258080831487,0.28655595647917625,0.31012946367263794,0.33785775303840637,0.9179291014742041,0.9565109075978411,True,False,frozen,700,train,15:16|48:8,423,3943,mp-aaaaabjd,mp-aaaaarxw,15:2|48:1,False
1,0.2833879719401011,0.27041610890098156,0.03251935273686257,0.9958673351861821,0.010908901691436768,1.2531861066818237,0.008704933475779804,0.11475205709766712,True,False,frozen,700,train,8:3|60:2,1183,2658,mp-aaaaaech,mp-aaaaalty,8:3|60:2,False
2,0.16268929076613858,0.15417862327740295,0.022088995749072637,0.9821903297244053,0.007831177674233913,0.2212611436843872,0.03539337067426766,0.13577412283900706,True,False,frozen,700,train,16:6|19:2|42:6,2704,14113,mp-aaaaamae,mp-aaackvdk,16:3|19:1|42:3,False
3,0.4171052366407366,0.3929718117355403,0.04656105386987086,0.9891117505121209,0.05022217705845833,2.3175158500671387,0.021670694099892945,0.11162903214752752,True,False,frozen,700,train,8:3|68:2,4142,18148,mp-aaaaatio,mp-aaacrsyy,8:3|68:2,False
4,0.2721211942498485,0.265409971684889,0.0136664124231487,0.9968887657283405,0.003914299886673689,0.6183542609214783,0.006330189883127119,0.05022178614503971,True,True,frozen,700,train,8:16|11:2|41:6,4399,9528,mp-aaaaavmx,mp-aaabjmwk,8:8|11:1|41:3,False
5,0.2394487393903546,0.15546994393775648,0.0884769397821934,0.9553115303664186,0.07338929176330566,0.8398832082748413,0.08738035364946829,0.3695026334549055,True,False,frozen,700,train,28:2|83:2,5792,12620,mp-aaaabhvh,mp-aaacewhi,28:1|83:1,False
6,0.3213603106123628,0.2998829183365821,0.02973004109580657,0.9727685054855635,0.047533608973026276,0.8843270540237427,0.05375116452306352,0.0925131079166403,True,False,frozen,700,train,8:8|23:2|83:2,5885,7789,mp-aaaabici,mp-aaabfbmg,8:4|23:1|83:1,False
7,0.7221765882568434,0.7247825757495576,0.008545000069787534,0.9999571106668854,0.0014136149547994137,15.503423690795898,9.118082450643797e-05,0.011832286186974105,True,True,frozen,700,train,8:12|11:4|17:4,6004,8109,mp-aaaabini,mp-aaabfqcc,8:3|11:1|17:1,False
8,0.2874588755028924,0.282862616360146,0.009819381799016869,0.9989325657642381,0.0028685941360890865,1.333327293395996,0.0021514553480584293,0.034159257674122735,True,True,frozen,700,train,8:6|37:4|40:2,10121,10417,mp-aaabqvan,mp-aaabraoy,8:3|37:2|40:1,False
9,0.33001828208216466,0.2840054310453901,0.0705904773299757,0.9596544448379639,0.16128340363502502,2.026646614074707,0.0795814142016373,0.21389868732302772,True,False,frozen,700,train,8:18|56:8|73:4,10582,16766,mp-aaabruec,mp-aaacpwra,8:9|56:4|73:2,False
10,0.1434457298446432,0.09062690484143587,0.060268545189927636,0.8671906954857341,0.04269661381840706,0.1721307337284088,0.24804759088388365,0.4201487576883648,True,False,frozen,700,train,59:1|68:3,11977,11981,mp-aaacdnzr,mp-aaacdoad,59:1|68:3,False
11,0.10178208757452012,0.047535775960284354,0.06454364750283048,0.7471734272992065,0.04360524192452431,0.09805137664079666,0.44471830399963286,0.6341356228872258,True,False,frozen,700,train,62:3|69:1,12147,12167,mp-aaacdsei,mp-aaacdspp,62:3|69:1,False
12,0.2569476258940995,0.14774074383804248,0.12387184420668973,0.8507254700961799,0.16198796033859253,0.586344838142395,0.2762673938629497,0.48208985693350326,True,False,frozen,700,train,48:2|71:1,12799,13366,mp-aaacfkmg,mp-aaacilmc,48:2|71:1,False
13,0.3711048242627939,0.2994593382828965,0.10306424550690974,0.9351014674930109,0.15713410079479218,1.2508291006088257,0.12562395671663626,0.2777227316072989,True,False,frozen,700,train,15:1|20:3|83:1,12895,12903,mp-aaacfrja,mp-aaacfroo,15:1|20:3|83:1,False
14,0.3156082618079381,0.1874753137928593,0.14299756286500553,0.9475622597116019,0.23840351402759552,2.3338234424591064,0.1021514779954366,0.45308561330383046,True,False,frozen,700,train,46:2|51:2|57:2,13082,13180,mp-aaacfzan,mp-aaacgikg,46:1|51:1|57:1,False
15,0.2423462098959135,0.2291146842874454,0.029284307780720553,0.9656241288913799,0.03891048952937126,0.575656533241272,0.06759323881948007,0.12083666500622403,True,False,frozen,700,train,19:3|31:1,15832,15834,mp-aaacpkso,mp-aaacpktf,19:3|31:1,False
0,0.2116293776424527,0.026789845360042364,0.19055243143549205,0.4386540081545936,0.2728539705276489,0.33785775303840637,0.8076001455459627,0.9004063309085089,True,False,frozen,800,train,15:16|48:8,423,3943,mp-aaaaabjd,mp-aaaaarxw,15:2|48:1,False
1,0.2833879719401011,0.251971520903151,0.047932096628681364,0.9900198897210183,0.038239654153585434,1.2531861066818237,0.030513946771111345,0.16913948852710173,True,False,frozen,800,train,8:3|60:2,1183,2658,mp-aaaaaech,mp-aaaaalty,8:3|60:2,False
2,0.16268929076613858,0.1505296077375533,0.026159939137869515,0.9839763618954102,0.007360014133155346,0.2212611436843872,0.03326392519987091,0.16079693392648514,True,False,frozen,800,train,16:6|19:2|42:6,2704,14113,mp-aaaaamae,mp-aaackvdk,16:3|19:1|42:3,False
3,0.4171052366407366,0.36784852483071884,0.07880988507345332,0.9830868840151459,0.09363435953855515,2.3175158500671387,0.04040289930955275,0.18894484688844673,True,False,frozen,800,train,8:3|68:2,4142,18148,mp-aaaaatio,mp-aaacrsyy,8:3|68:2,False
4,0.2721211942498485,0.2711863587710468,0.031608344125743315,0.9933277703111277,0.008297178894281387,0.6183542609214783,0.013418164018012654,0.11615539250030656,True,False,frozen,800,train,8:16|11:2|41:6,4399,9528,mp-aaaaavmx,mp-aaabjmwk,8:8|11:1|41:3,False
5,0.2394487393903546,0.15693341301566477,0.09002416555165382,0.9565607087123036,0.07164861261844635,0.8398832082748413,0.08530782841297171,0.3759642493038748,True,False,frozen,800,train,28:2|83:2,5792,12620,mp-aaaabhvh,mp-aaacewhi,28:1|83:1,False
6,0.3213603106123628,0.19690933574978509,0.12926572876361853,0.9576133593636016,0.14535711705684662,0.8843270540237427,0.16437031570555571,0.4022454686992876,True,False,frozen,800,train,8:8|23:2|83:2,5885,7789,mp-aaaabici,mp-aaabfbmg,8:4|23:1|83:1,False
7,0.7221765882568434,0.507268280989857,0.24130442287995812,0.989502808908077,1.7348812818527222,15.503423690795898,0.1119031071106371,0.33413492877470263,True,False,frozen,800,train,8:12|11:4|17:4,6004,8109,mp-aaaabini,mp-aaabfqcc,8:3|11:1|17:1,False
8,0.2874588755028924,0.2674206170436111,0.05161547805859246,0.984143477209918,0.047216158360242844,1.333327293395996,0.03541227918614257,0.17955778185068808,True,False,frozen,800,train,8:6|37:4|40:2,10121,10417,mp-aaabqvan,mp-aaabraoy,8:3|37:2|40:1,False
9,0.33001828208216466,0.2920908150839008,0.12440559551243346,0.9342419926380916,0.2910025119781494,2.026646614074707,0.14358818649348523,0.3769657690705153,True,False,frozen,800,train,8:18|56:8|73:4,10582,16766,mp-aaabruec,mp-aaacpwra,8:9|56:4|73:2,False
10,0.1434457298446432,0.09434288362864507,0.05373076415136424,0.9065931380311243,0.03127710521221161,0.1721307337284088,0.18170552425321806,0.3745720713300881,True,False,frozen,800,train,59:1|68:3,11977,11981,mp-aaacdnzr,mp-aaacdoad,59:1|68:3,False
11,0.10178208757452012,0.0507672496015914,0.054834126574945685,0.7968606252068311,0.036269351840019226,0.09805137664079666,0.3699015055432529,0.5387404393213951,True,False,frozen,800,train,62:3|69:1,12147,12167,mp-aaacdsei,mp-aaacdspp,62:3|69:1,False
12,0.2569476258940995,0.1490668594115121,0.12434927358800252,0.8467004634507607,0.16612203419208527,0.586344838142395,0.283317978407345,0.48394793746509596,True,False,frozen,800,train,48:2|71:1,12799,13366,mp-aaacfkmg,mp-aaacilmc,48:2|71:1,False
13,0.3711048242627939,0.2982711288597031,0.1003700752443848,0.935534145765132,0.15632300078868866,1.2508291006088257,0.12497550681591943,0.27046286839243244,True,False,frozen,800,train,15:1|20:3|83:1,12895,12903,mp-aaacfrja,mp-aaacfroo,15:1|20:3|83:1,False
14,0.3156082618079381,0.1915870778365445,0.14134935250947933,0.9481807697961703,0.23589061200618744,2.3338234424591064,0.10107474615030598,0.447863283742226,True,False,frozen,800,train,46:2|51:2|57:2,13082,13180,mp-aaacfzan,mp-aaacgikg,46:1|51:1|57:1,False
15,0.2423462098959135,0.21861893484638983,0.03715143969348844,0.963284439014176,0.04358075559139252,0.575656533241272,0.07570617733808771,0.15329903326915986,True,False,frozen,800,train,19:3|31:1,15832,15834,mp-aaacpkso,mp-aaacpktf,19:3|31:1,False
0,0.2116293776424527,0.0273545507415065,0.19481631975213531,0.4046736493439847,0.28253600001335144,0.33785775303840637,0.8362572635153761,0.9205542345887204,True,False,frozen,900,train,15:16|48:8,423,3943,mp-aaaaabjd,mp-aaaaarxw,15:2|48:1,False
1,0.2833879719401011,0.2844327631405008,0.01023916846446582,0.9996414701716431,0.0009050929802469909,1.2531861066818237,0.000722233493829172,0.03613127400703528,True,True,frozen,900,train,8:3|60:2,1183,2658,mp-aaaaaech,mp-aaaaalty,8:3|60:2,False
2,0.16268929076613858,0.15999899966845987,0.012175080824817996,0.9955859885930791,0.0019498422043398023,0.2212611436843872,0.008812402267616898,0.07483639990980932,True,True,frozen,900,train,16:6|19:2|42:6,2704,14113,mp-aaaaamae,mp-aaackvdk,16:3|19:1|42:3,False
3,0.4171052366407366,0.38861485069861246,0.04924773709634778,0.9890315981987653,0.05118151754140854,2.3175158500671387,0.02208464616970184,0.11807029202744368,True,False,frozen,900,train,8:3|68:2,4142,18148,mp-aaaaatio,mp-aaacrsyy,8:3|68:2,False
4,0.2721211942498485,0.27551106280935755,0.012676786974964216,0.9989752512101698,0.0013115599285811186,0.6183542609214783,0.0021210493910507186,0.0465850776890425,True,True,frozen,900,train,8:16|11:2|41:6,4399,9528,mp-aaaaavmx,mp-aaabjmwk,8:8|11:1|41:3,False
5,0.2394487393903546,0.1578105027450576,0.08893452879004116,0.956516797878949,0.07148097455501556,0.8398832082748413,0.08510823153833587,0.3714136437572057,True,False,frozen,900,train,28:2|83:2,5792,12620,mp-aaaabhvh,mp-aaacewhi,28:1|83:1,False
6,0.3213603106123628,0.30006629649583694,0.030680083033169936,0.9730963302651725,0.04704756289720535,0.8843270540237427,0.05320154198962481,0.09546942176744855,True,False,frozen,900,train,8:8|23:2|83:2,5885,7789,mp-aaaabici,mp-aaabfbmg,8:4|23:1|83:1,False
7,0.7221765882568434,0.7262343640680413,0.009134964769437204,0.9999490270826803,0.001699497108347714,15.503423690795898,0.0001096207613391018,0.012649212004347526,True,True,frozen,900,train,8:12|11:4|17:4,6004,8109,mp-aaaabini,mp-aaabfqcc,8:3|11:1|17:1,False
8,0.2874588755028924,0.2853541845118901,0.008247791680803473,0.9994981196716722,0.0014988369075581431,1.333327293395996,0.0011241327729372378,0.02869207522771543,True,True,frozen,900,train,8:6|37:4|40:2,10121,10417,mp-aaabqvan,mp-aaabraoy,8:3|37:2|40:1,False
9,0.33001828208216466,0.3051016128339654,0.047542788694187266,0.9681062283448859,0.12724271416664124,2.026646614074707,0.06278485518045564,0.14406107562959355,True,False,frozen,900,train,8:18|56:8|73:4,10582,16766,mp-aaabruec,mp-aaacpwra,8:9|56:4|73:2,False
10,0.1434457298446432,0.10480358955111946,0.04651735280012481,0.9172357235565164,0.027318179607391357,0.1721307337284088,0.15870599639977429,0.32428537852262834,True,False,frozen,900,train,59:1|68:3,11977,11981,mp-aaacdnzr,mp-aaacdoad,59:1|68:3,False
11,0.10178208757452012,0.057214218740199385,0.05127910086602583,0.7999639588785961,0.0353299081325531,0.09805137664079666,0.36032036818801005,0.5038126264455094,True,False,frozen,900,train,62:3|69:1,12147,12167,mp-aaacdsei,mp-aaacdspp,62:3|69:1,False
12,0.2569476258940995,0.1477066161038394,0.12290349694205105,0.8508935410112033,0.16182075440883636,0.586344838142395,0.2759822273212165,0.47832120072868667,True,False,frozen,900,train,48:2|71:1,12799,13366,mp-aaacfkmg,mp-aaacilmc,48:2|71:1,False
13,0.3711048242627939,0.3063359551692457,0.09739021209563958,0.9376989059282265,0.15129858255386353,1.2508291006088257,0.12095863653973257,0.26243316100540304,True,False,frozen,900,train,15:1|20:3|83:1,12895,12903,mp-aaacfrja,mp-aaacfroo,15:1|20:3|83:1,False
14,0.3156082618079381,0.17112149700142254,0.15423705647117458,0.9442962095421091,0.2527676820755005,2.3338234424591064,0.10830625722448133,0.4886977786564878,True,False,frozen,900,train,46:2|51:2|57:2,13082,13180,mp-aaacfzan,mp-aaacgikg,46:1|51:1|57:1,False
15,0.2423462098959135,0.23331804202156547,0.03214302602704322,0.9652167127757573,0.03976462781429291,0.575656533241272,0.0690770025494118,0.13263267472121182,True,False,frozen,900,train,19:3|31:1,15832,15834,mp-aaacpkso,mp-aaacpktf,19:3|31:1,False
0,0.2116293776424527,0.028365166047819912,0.19469232172127704,0.40561368936381237,0.2823232412338257,0.33785775303840637,0.8356275346498627,0.9199683138992604,True,False,frozen,1000,train,15:16|48:8,423,3943,mp-aaaaabjd,mp-aaaaarxw,15:2|48:1,False
1,0.2833879719401011,0.28897275402602673,0.016783777080554785,0.9989123228086035,0.003477148711681366,1.2531861066818237,0.0027746467129995023,0.059225439123797116,True,True,frozen,1000,train,8:3|60:2,1183,2658,mp-aaaaaech,mp-aaaaalty,8:3|60:2,False
2,0.16268929076613858,0.13948740762862144,0.04268576710455818,0.9753271672832076,0.01396229024976492,0.2212611436843872,0.06310321829340763,0.26237601075978506,True,False,frozen,1000,train,16:6|19:2|42:6,2704,14113,mp-aaaaamae,mp-aaackvdk,16:3|19:1|42:3,False
3,0.4171052366407366,0.40142710022789885,0.05509805103269372,0.9882182520948976,0.05638675391674042,2.3175158500671387,0.024330687496746523,0.13209628216715744,True,False,frozen,1000,train,8:3|68:2,4142,18148,mp-aaaaatio,mp-aaacrsyy,8:3|68:2,False
4,0.2721211942498485,0.27835694904723596,0.016848100887443707,0.9982574665815064,0.0030277841724455357,0.6183542609214783,0.004896520269680844,0.06191396055676059,True,True,frozen,1000,train,8:16|11:2|41:6,4399,9528,mp-aaaaavmx,mp-aaabjmwk,8:8|11:1|41:3,False
5,0.2394487393903546,0.16373246140267028,0.08561705241409001,0.9580836261047366,0.06970849633216858,0.8398832082748413,0.08299784499246393,0.3575590025325429,True,False,frozen,1000,train,28:2|83:2,5792,12620,mp-aaaabhvh,mp-aaacewhi,28:1|83:1,False
6,0.3213603106123628,0.3096316480953121,0.03561564050868782,0.972552610250584,0.0484272837638855,0.8843270540237427,0.05476173497524289,0.11082775107112955,True,False,frozen,1000,train,8:8|23:2|83:2,5885,7789,mp-aaaabici,mp-aaabfbmg,8:4|23:1|83:1,False
7,0.7221765882568434,0.727986788056139,0.009565557566954652,0.9999538282442003,0.0024542389437556267,15.503423690795898,0.0001583030298793075,0.013245455090206614,True,True,frozen,1000,train,8:12|11:4|17:4,6004,8109,mp-aaaabini,mp-aaabfqcc,8:3|11:1|17:1,False
8,0.2874588755028924,0.2899871164665164,0.010457313534868007,0.9995460365679221,0.0013487229589372873,1.333327293395996,0.0010115468014624365,0.036378468108085205,True,True,frozen,1000,train,8:6|37:4|40:2,10121,10417,mp-aaabqvan,mp-aaabraoy,8:3|37:2|40:1,False
9,0.33001828208216466,0.32163458359872976,0.0491952631925372,0.9704680811840329,0.12472738325595856,2.026646614074707,0.061543725674594006,0.14906829670814736,True,False,frozen,1000,train,8:18|56:8|73:4,10582,16766,mp-aaabruec,mp-aaacpwra,8:9|56:4|73:2,False
10,0.1434457298446432,0.10463238062726532,0.049032470163332675,0.9242165959712704,0.02510395646095276,0.1721307337284088,0.14584238338612013,0.34181895980059196,True,False,frozen,1000,train,59:1|68:3,11977,11981,mp-aaacdnzr,mp-aaacdoad,59:1|68:3,False
11,0.10178208757452012,0.05156183614502652,0.05744007191623268,0.7919193592270054,0.037089914083480835,0.09805137664079666,0.3782702023588792,0.5643436216041229,True,False,frozen,1000,train,62:3|69:1,12147,12167,mp-aaacdsei,mp-aaacdspp,62:3|69:1,False
12,0.2569476258940995,0.12392849762977676,0.14511033113791427,0.8273423585861722,0.18972593545913696,0.586344838142395,0.3235739843130701,0.564746728571531,True,False,frozen,1000,train,48:2|71:1,12799,13366,mp-aaacfkmg,mp-aaacilmc,48:2|71:1,False
13,0.3711048242627939,0.30735046347221484,0.09623146932313276,0.9379833670436608,0.15050093829631805,1.2508291006088257,0.12032094410264646,0.25931074734557336,True,False,frozen,1000,train,15:1|20:3|83:1,12895,12903,mp-aaacfrja,mp-aaacfroo,15:1|20:3|83:1,False
14,0.3156082618079381,0.2066593748354535,0.1277489734025039,0.9504089443995709,0.22618767619132996,2.3338234424591064,0.0969172183620712,0.4047706884183055,True,False,frozen,1000,train,46:2|51:2|57:2,13082,13180,mp-aaacfzan,mp-aaacgikg,46:1|51:1|57:1,False
15,0.2423462098959135,0.232138374514264,0.03895533496638848,0.9627995452015093,0.042813677340745926,0.575656533241272,0.07437364968252978,0.16074249720315248,True,False,frozen,1000,train,19:3|31:1,15832,15834,mp-aaacpkso,mp-aaacpktf,19:3|31:1,False
0,0.2116293776424527,0.027355193887274254,0.19466410973780057,0.40667309233340043,0.2819844186306,0.33785775303840637,0.8346246788616541,0.9198350054531894,True,False,frozen,1100,train,15:16|48:8,423,3943,mp-aaaaabjd,mp-aaaaarxw,15:2|48:1,False
1,0.2833879719401011,0.28297708159689705,0.005144564167409271,0.9999310991978355,0.00020191217481624335,1.2531861066818237,0.0001611190658272336,0.01815378448206215,True,True,frozen,1100,train,8:3|60:2,1183,2658,mp-aaaaaech,mp-aaaaalty,8:3|60:2,False
2,0.16268929076613858,0.1583804603505996,0.008465574828733224,0.9972403808145964,0.0012263350654393435,0.2212611436843872,0.005542478200278222,0.05203523101531162,True,True,frozen,1100,train,16:6|19:2|42:6,2704,14113,mp-aaaaamae,mp-aaackvdk,16:3|19:1|42:3,False
3,0.4171052366407366,0.3940482611048317,0.046320055321718456,0.989393145884216,0.04893135651946068,2.3175158500671387,0.02111370954293285,0.11105124379345806,True,False,frozen,1100,train,8:3|68:2,4142,18148,mp-aaaaatio,mp-aaacrsyy,8:3|68:2,False
4,0.2721211942498485,0.27228422732054014,0.005015641866464193,0.9998422711312718,0.00019505084492266178,0.6183542609214783,0.0003154354344255587,0.018431647267647497,True,True,frozen,1100,train,8:16|11:2|41:6,4399,9528,mp-aaaaavmx,mp-aaabjmwk,8:8|11:1|41:3,False
5,0.2394487393903546,0.1634083973780598,0.0807453213668019,0.9590001393405235,0.0674741342663765,0.8398832082748413,0.08033752026662311,0.3372133909428068,True,False,frozen,1100,train,28:2|83:2,5792,12620,mp-aaaabhvh,mp-aaacewhi,28:1|83:1,False
6,0.3213603106123628,0.3038522338762135,0.02758306055464743,0.9736601608894996,0.045984409749507904,0.8843270540237427,0.05199932484285763,0.08583219409418352,True,False,frozen,1100,train,8:8|23:2|83:2,5885,7789,mp-aaaabici,mp-aaabfbmg,8:4|23:1|83:1,False
7,0.7221765882568434,0.7230425320372404,0.0032473208935215325,0.9999942561715393,0.00019478850299492478,15.503423690795898,1.2564224966035547e-05,0.004496574586223802,True,True,frozen,1100,train,8:12|11:4|17:4,6004,8109,mp-aaaabini,mp-aaabfqcc,8:3|11:1|17:1,False
8,0.2874588755028924,0.2880487728078629,0.003902068626822519,0.9999386274727715,0.0001652773644309491,1.333327293395996,0.0001239585848497755,0.013574354314146952,True,True,frozen,1100,train,8:6|37:4|40:2,10121,10417,mp-aaabqvan,mp-aaabraoy,8:3|37:2|40:1,False
9,0.33001828208216466,0.30860326948702266,0.030586122166525342,0.9782360653087742,0.0874522253870964,2.026646614074707,0.043151196059419514,0.09268008418670065,True,False,frozen,1100,train,8:18|56:8|73:4,10582,16766,mp-aaabruec,mp-aaacpwra,8:9|56:4|73:2,False
10,0.1434457298446432,0.11027916247196146,0.036954369980179536,0.9384750391566293,0.020541513338685036,0.1721307337284088,0.11933669771660783,0.2576191708195317,True,False,frozen,1100,train,59:1|68:3,11977,11981,mp-aaacdnzr,mp-aaacdoad,59:1|68:3,False
11,0.10178208757452012,0.058681204025731404,0.0483796023234504,0.8112591331997575,0.033553291112184525,0.09805137664079666,0.34220112212298975,0.4753253099473824,True,False,frozen,1100,train,62:3|69:1,12147,12167,mp-aaacdsei,mp-aaacdspp,62:3|69:1,False
12,0.2569476258940995,0.16572567709206965,0.09941262973532616,0.9060501283095005,0.1050041913986206,0.586344838142395,0.17908265677120214,0.3868984170972605,True,False,frozen,1100,train,48:2|71:1,12799,13366,mp-aaacfkmg,mp-aaacilmc,48:2|71:1,False
13,0.3711048242627939,0.3208365319971165,0.07600981226902803,0.9477634634485399,0.12726503610610962,1.2508291006088257,0.10174454371437706,0.20482032918872134,True,False,frozen,1100,train,15:1|20:3|83:1,12895,12903,mp-aaacfrja,mp-aaacfroo,15:1|20:3|83:1,False
14,0.3156082618079381,0.18022882008790475,0.1470656799626795,0.9470072354869407,0.2408512383699417,2.3338234424591064,0.10320028241560605,0.46597538074645084,True,False,frozen,1100,train,46:2|51:2|57:2,13082,13180,mp-aaacfzan,mp-aaacgikg,46:1|51:1|57:1,False
15,0.2423462098959135,0.22952293266142476,0.028328052334913423,0.9660189294862774,0.03846406936645508,0.575656533241272,0.06681774138804715,0.11689084119400994,True,False,frozen,1100,train,19:3|31:1,15832,15834,mp-aaacpkso,mp-aaacpktf,19:3|31:1,False
0,0.2116293776424527,0.027344734884593436,0.1946699385277384,0.4066811328162676,0.28198426961898804,0.33785775303840637,0.8346242378132822,0.9198625478955609,True,False,frozen,1200,train,15:16|48:8,423,3943,mp-aaaaabjd,mp-aaaaarxw,15:2|48:1,False
1,0.2833879719401011,0.2878658424148739,0.008541390855214104,0.9998039156360288,0.0007636105292476714,1.2531861066818237,0.0006093352975876451,0.03014027305654127,True,True,frozen,1200,train,8:3|60:2,1183,2658,mp-aaaaaech,mp-aaaaalty,8:3|60:2,False
2,0.16268929076613858,0.1597330603071896,0.007040864173177397,0.9979431389913471,0.0009121238836087286,0.2212611436843872,0.004122386192262508,0.043277981851297435,True,True,frozen,1200,train,16:6|19:2|42:6,2704,14113,mp-aaaaamae,mp-aaackvdk,16:3|19:1|42:3,False
3,0.4171052366407366,0.4244408185994395,0.010644384111945016,0.9998561743777343,0.0009677361813373864,2.3175158500671387,0.0004175747843577212,0.02551966069204088,True,True,frozen,1200,train,8:3|68:2,4142,18148,mp-aaaaatio,mp-aaacrsyy,8:3|68:2,False
4,0.2721211942498485,0.27319376478504864,0.004369019966418364,0.9998957337010255,0.00013771135127171874,0.6183542609214783,0.00022270623811421593,0.016055419639261694,True,True,frozen,1200,train,8:16|11:2|41:6,4399,9528,mp-aaaaavmx,mp-aaabjmwk,8:8|11:1|41:3,False
5,0.2394487393903546,0.1703086967963543,0.07700898836887404,0.9618982023431608,0.06287528574466705,0.8398832082748413,0.074861939285363,0.3216094958985451,True,False,frozen,1200,train,28:2|83:2,5792,12620,mp-aaaabhvh,mp-aaacewhi,28:1|83:1,False
6,0.3213603106123628,0.3027882431975826,0.02851076954276266,0.9735882338000731,0.04609640687704086,0.8843270540237427,0.052125971570471996,0.08871901289998892,True,False,frozen,1200,train,8:8|23:2|83:2,5885,7789,mp-aaaabici,mp-aaabfbmg,8:4|23:1|83:1,False
7,0.7221765882568434,0.724782433180148,0.004957420992790951,0.9999799985215208,0.0006752656772732735,15.503423690795898,4.355590679458541e-05,0.006864555114915793,True,True,frozen,1200,train,8:12|11:4|17:4,6004,8109,mp-aaaabini,mp-aaabfqcc,8:3|11:1|17:1,False
8,0.2874588755028924,0.28984516026860696,0.005007520563276913,0.9998999952183039,0.000327551068039611,1.333327293395996,0.0002456644138779576,0.017419954609216883,True,True,frozen,1200,train,8:6|37:4|40:2,10121,10417,mp-aaabqvan,mp-aaabraoy,8:3|37:2|40:1,False
9,0.33001828208216466,0.31937254793209036,0.020451178974127515,0.9890848482106498,0.04401755332946777,2.026646614074707,0.021719402397918586,0.06196983647419807,True,False,frozen,1200,train,8:18|56:8|73:4,10582,16766,mp-aaabruec,mp-aaacpwra,8:9|56:4|73:2,False
10,0.1434457298446432,0.11320586395606114,0.03498210827516601,0.945554860940954,0.018233120441436768,0.1721307337284088,0.10592600197827157,0.2438699870191526,True,False,frozen,1200,train,59:1|68:3,11977,11981,mp-aaacdnzr,mp-aaacdoad,59:1|68:3,False
11,0.10178208757452012,0.0600568751340802,0.04706696420026901,0.8193924086342365,0.03227797895669937,0.09805137664079666,0.329194551494643,0.4624287565904832,True,False,frozen,1200,train,62:3|69:1,12147,12167,mp-aaacdsei,mp-aaacdspp,62:3|69:1,False
12,0.2569476258940995,0.18529924232191775,0.08523419618964567,0.9446482043867196,0.06312735378742218,0.586344838142395,0.10766250452108794,0.33171816977509183,True,False,frozen,1200,train,48:2|71:1,12799,13366,mp-aaacfkmg,mp-aaacilmc,48:2|71:1,False
13,0.3711048242627939,0.3566922640819996,0.029320835026389602,0.9847816700931843,0.037795569747686386,1.2508291006088257,0.030216413840459786,0.07900957656542446,True,False,frozen,1200,train,15:1|20:3|83:1,12895,12903,mp-aaacfrja,mp-aaacfroo,15:1|20:3|83:1,False
14,0.3156082618079381,0.2352127926706089,0.0981733322000764,0.9805059244738814,0.09095942974090576,2.3338234424591064,0.038974426293817456,0.31106071697140586,True,False,frozen,1200,train,46:2|51:2|57:2,13082,13180,mp-aaacfzan,mp-aaacgikg,46:1|51:1|57:1,False
15,0.2423462098959135,0.22872515071480848,0.028215392514312043,0.9658722312874686,0.038683198392391205,0.575656533241272,0.06719840071054681,0.11642596979928185,True,False,frozen,1200,train,19:3|31:1,15832,15834,mp-aaacpkso,mp-aaacpktf,19:3|31:1,False
0,0.2116293776424527,0.030322012788928987,0.18521433833791434,0.45329366794151804,0.26872730255126953,0.33785775303840637,0.795385928351692,0.8751825498009709,True,False,frozen,1300,train,15:16|48:8,423,3943,mp-aaaaabjd,mp-aaaaarxw,15:2|48:1,False
1,0.2833879719401011,0.28501653663590787,0.006208228003401928,0.9998579486559094,0.0003592163266148418,1.2531861066818237,0.00028664244257061865,0.021907168327927985,True,True,frozen,1300,train,8:3|60:2,1183,2658,mp-aaaaaech,mp-aaaaalty,8:3|60:2,False
2,0.16268929076613858,0.1623570675837982,0.009583084563928423,0.9969677832145575,0.0013577321078628302,0.2212611436843872,0.00613633322712792,0.0589042125563375,True,True,frozen,1300,train,16:6|19:2|42:6,2704,14113,mp-aaaaamae,mp-aaackvdk,16:3|19:1|42:3,False
3,0.4171052366407366,0.41907917033447717,0.006565562631955402,0.9999181411796632,0.0003796921519096941,2.3175158500671387,0.0001638358382311363,0.015740782074166303,True,True,frozen,1300,train,8:3|68:2,4142,18148,mp-aaaaatio,mp-aaacrsyy,8:3|68:2,False
4,0.2721211942498485,0.2743964979578095,0.006612366901777023,0.9997343425587527,0.00039498109254054725,0.6183542609214783,0.0006387618190775335,0.024299345444243007,True,True,frozen,1300,train,8:16|11:2|41:6,4399,9528,mp-aaaaavmx,mp-aaabjmwk,8:8|11:1|41:3,False
5,0.2394487393903546,0.171094570786952,0.07905272822540965,0.9626023658502839,0.06164729967713356,0.8398832082748413,0.07339984782379438,0.3301446832699175,True,False,frozen,1300,train,28:2|83:2,5792,12620,mp-aaaabhvh,mp-aaacewhi,28:1|83:1,False
6,0.3213603106123628,0.3011178066258129,0.028600023892737525,0.9735228068177485,0.046250857412815094,0.8843270540237427,0.05230062475457563,0.08899675208254319,True,False,frozen,1300,train,8:8|23:2|83:2,5885,7789,mp-aaaabici,mp-aaabfbmg,8:4|23:1|83:1,False
7,0.7221765882568434,0.723583411010936,0.005000076044866297,0.9999824300269728,0.0005515981465578079,15.503423690795898,3.557911836501519e-05,0.006923619688274928,True,True,frozen,1300,train,8:12|11:4|17:4,6004,8109,mp-aaaabini,mp-aaabfqcc,8:3|11:1|17:1,False
8,0.2874588755028924,0.292261713216881,0.006638811359529484,0.9998420190113639,0.0006974347634240985,1.333327293395996,0.0005230784420888334,0.023094821295447127,True,True,frozen,1300,train,8:6|37:4|40:2,10121,10417,mp-aaabqvan,mp-aaabraoy,8:3|37:2|40:1,False
9,0.33001828208216466,0.32344349086476143,0.021466581833252008,0.989340543787428,0.04309811815619469,2.026646614074707,0.02126572923808511,0.06504664437925736,True,False,frozen,1300,train,8:18|56:8|73:4,10582,16766,mp-aaabruec,mp-aaacpwra,8:9|56:4|73:2,False
10,0.1434457298446432,0.11238529650385587,0.03837482459432451,0.9438675201194044,0.01880216784775257,0.1721307337284088,0.10923190438157891,0.2675215542204414,True,False,frozen,1300,train,59:1|68:3,11977,11981,mp-aaacdnzr,mp-aaacdoad,59:1|68:3,False
11,0.10178208757452012,0.0645897239969031,0.04412700064830233,0.8370064681936387,0.029365019872784615,0.09805137664079666,0.2994860539323278,0.4335438749573159,True,False,frozen,1300,train,62:3|69:1,12147,12167,mp-aaacdsei,mp-aaacdspp,62:3|69:1,False
12,0.2569476258940995,0.2039497933135408,0.07703855733464593,0.960124770449652,0.0471954271197319,0.586344838142395,0.08049090577696942,0.29982202429999194,True,False,frozen,1300,train,48:2|71:1,12799,13366,mp-aaacfkmg,mp-aaacilmc,48:2|71:1,False
13,0.3711048242627939,0.3532436431365866,0.032900053530823925,0.9846155253471293,0.038513343781232834,1.2508291006088257,0.030790252451343623,0.08865434071405685,True,False,frozen,1300,train,15:1|20:3|83:1,12895,12903,mp-aaacfrja,mp-aaacfroo,15:1|20:3|83:1,False
14,0.3156082618079381,0.23225792153982638,0.09838008969029488,0.9840573676750437,0.07916972041130066,2.3338234424591064,0.033922754811255555,0.31171582494935957,True,False,frozen,1300,train,46:2|51:2|57:2,13082,13180,mp-aaacfzan,mp-aaacgikg,46:1|51:1|57:1,False
15,0.2423462098959135,0.22796208000536922,0.029469851020536453,0.965623218481715,0.038916923105716705,0.575656533241272,0.0676044148871071,0.12160227730895239,True,False,frozen,1300,train,19:3|31:1,15832,15834,mp-aaacpkso,mp-aaacpktf,19:3|31:1,False
0,0.2116293776424527,0.03561948401755899,0.1846724798153332,0.4775704238423677,0.260806143283844,0.33785775303840637,0.7719406789939687,0.8726221372126174,True,False,frozen,1400,train,15:16|48:8,423,3943,mp-aaaaabjd,mp-aaaaarxw,15:2|48:1,False
1,0.2833879719401011,0.2889864832672515,0.00800618521719798,0.9999161786667795,0.0006908983341418207,1.2531861066818237,0.0005513134325843875,0.02825167618225598,True,True,frozen,1400,train,8:3|60:2,1183,2658,mp-aaaaaech,mp-aaaaalty,8:3|60:2,False
2,0.16268929076613858,0.16238881171739195,0.0050265546451555565,0.9983832820053968,0.0007217081147246063,0.2212611436843872,0.003261793294145085,0.030896653501188913,True,True,frozen,1400,train,16:6|19:2|42:6,2704,14113,mp-aaaaamae,mp-aaackvdk,16:3|19:1|42:3,False
3,0.4171052366407366,0.42095142315718803,0.007698324717633653,0.9998955008228922,0.000536295585334301,2.3175158500671387,0.00023140967312856327,0.018456552546868205,True,True,frozen,1400,train,8:3|68:2,4142,18148,mp-aaaaatio,mp-aaacrsyy,8:3|68:2,False
4,0.2721211942498485,0.27819188249983995,0.007780946314113635,0.9998059596510556,0.0006038248538970947,0.6183542609214783,0.0009765031019552907,0.02859367986960085,True,True,frozen,1400,train,8:16|11:2|41:6,4399,9528,mp-aaaaavmx,mp-aaabjmwk,8:8|11:1|41:3,False
5,0.2394487393903546,0.19779021229423677,0.06089577944628388,0.9740608896589185,0.04300672560930252,0.8398832082748413,0.05120560238088378,0.25431655894838623,True,False,frozen,1400,train,28:2|83:2,5792,12620,mp-aaaabhvh,mp-aaacewhi,28:1|83:1,False
6,0.3213603106123628,0.2871619260356013,0.050994502836324784,0.9671034627215878,0.05859535187482834,0.8843270540237427,0.0662598205134807,0.15868326346571254,True,False,frozen,1400,train,8:8|23:2|83:2,5885,7789,mp-aaaabici,mp-aaabfbmg,8:4|23:1|83:1,False
7,0.7221765882568434,0.72183256126532,0.004351769850974296,0.9999901988301095,0.0005808902205899358,15.503423690795898,3.746851225737962e-05,0.006025908235932154,True,True,frozen,1400,train,8:12|11:4|17:4,6004,8109,mp-aaaabini,mp-aaabfqcc,8:3|11:1|17:1,False
8,0.2874588755028924,0.28971026214893136,0.003799030929259928,0.9999621695851402,0.00016697747923899442,1.333327293395996,0.0001252336767319158,0.013215911050280658,True,True,frozen,1400,train,8:6|37:4|40:2,10121,10417,mp-aaabqvan,mp-aaabraoy,8:3|37:2|40:1,False
9,0.33001828208216466,0.3293931970652082,0.0230098797651479,0.9892396000252283,0.04387138783931732,2.026646614074707,0.02164728055430986,0.0697230457051441,True,False,frozen,1400,train,8:18|56:8|73:4,10582,16766,mp-aaabruec,mp-aaacpwra,8:9|56:4|73:2,False
10,0.1434457298446432,0.11412218468719004,0.0325376579473442,0.9492409896463154,0.017033051699399948,0.1721307337284088,0.09895415728765222,0.22682904526041753,True,False,frozen,1400,train,59:1|68:3,11977,11981,mp-aaacdnzr,mp-aaacdoad,59:1|68:3,False
11,0.10178208757452012,0.07001089343083322,0.03602196205491737,0.8540367224512909,0.02653971128165722,0.09805137664079666,0.2706714805125411,0.35391258828861966,True,False,frozen,1400,train,62:3|69:1,12147,12167,mp-aaacdsei,mp-aaacdspp,62:3|69:1,False
12,0.2569476258940995,0.20651447852776528,0.05977935148115421,0.9675874649471886,0.037430524826049805,0.586344838142395,0.06383705013014837,0.23265189266933398,True,False,frozen,1400,train,48:2|71:1,12799,13366,mp-aaacfkmg,mp-aaacilmc,48:2|71:1,False
13,0.3711048242627939,0.3588039554201856,0.021871090212904676,0.9857578860103205,0.03537522256374359,1.2508291006088257,0.02828141953726943,0.058935073820050636,True,False,frozen,1400,train,15:1|20:3|83:1,12895,12903,mp-aaacfrja,mp-aaacfroo,15:1|20:3|83:1,False
14,0.3156082618079381,0.2701774194265454,0.061629179794181255,0.9893093447001998,0.049901582300662994,2.3338234424591064,0.021381901215321852,0.19527112326256338,True,False,frozen,1400,train,46:2|51:2|57:2,13082,13180,mp-aaacfzan,mp-aaacgikg,46:1|51:1|57:1,False
15,0.2423462098959135,0.23083869542321622,0.02722197939735338,0.9663242443638849,0.03812083601951599,0.575656533241272,0.06622149462088811,0.11232682124075753,True,False,frozen,1400,train,19:3|31:1,15832,15834,mp-aaacpkso,mp-aaacpktf,19:3|31:1,False
0,0.2116293776424527,0.036630949450454864,0.18468789146049858,0.47912212837732887,0.2603000998497009,0.33785775303840637,0.7704428787227239,0.8726949609639182,True,False,frozen,1500,train,15:16|48:8,423,3943,mp-aaaaabjd,mp-aaaaarxw,15:2|48:1,False
1,0.2833879719401011,0.2838750173110327,0.004522331683432412,0.9999329929905123,0.00016880767361726612,1.2531861066818237,0.00013470279690877977,0.01595809325453052,True,True,frozen,1500,train,8:3|60:2,1183,2658,mp-aaaaaech,mp-aaaaalty,8:3|60:2,False
2,0.16268929076613858,0.16148004534261418,0.004356788227596553,0.9984724151989508,0.0006772696506232023,0.2212611436843872,0.0030609515947783304,0.026779809581070197,True,True,frozen,1500,train,16:6|19:2|42:6,2704,14113,mp-aaaaamae,mp-aaackvdk,16:3|19:1|42:3,False
3,0.4171052366407366,0.4206269570795236,0.005990438909268647,0.9999412990361431,0.0004905370878987014,2.3175158500671387,0.00021166504120543147,0.014361936468393862,True,True,frozen,1500,train,8:3|68:2,4142,18148,mp-aaaaatio,mp-aaacrsyy,8:3|68:2,False
4,0.2721211942498485,0.27252421895795464,0.0028001467479441544,0.999957000597754,5.323607547325082e-05,0.6183542609214783,8.609316509587537e-05,0.010290072243961989,True,True,frozen,1500,train,8:16|11:2|41:6,4399,9528,mp-aaaaavmx,mp-aaabjmwk,8:8|11:1|41:3,False
5,0.2394487393903546,0.1996706682025149,0.05057059576253664,0.9793193951461793,0.03448791056871414,0.8398832082748413,0.0410627456638333,0.21119591563226126,True,False,frozen,1500,train,28:2|83:2,5792,12620,mp-aaaabhvh,mp-aaacewhi,28:1|83:1,False
6,0.3213603106123628,0.3072825184564856,0.018637682994448568,0.9814266054961563,0.03255379572510719,0.8843270540237427,0.036811941438391386,0.057996219131521996,True,False,frozen,1500,train,8:8|23:2|83:2,5885,7789,mp-aaaabici,mp-aaabfbmg,8:4|23:1|83:1,False
7,0.7221765882568434,0.7229946486938257,0.0028123296480639937,0.9999936536985904,0.00021774283959530294,15.503423690795898,1.4044822868678544e-05,0.003894240956844455,True,True,frozen,1500,train,8:12|11:4|17:4,6004,8109,mp-aaaabini,mp-aaabfqcc,8:3|11:1|17:1,False
8,0.2874588755028924,0.2882827661321725,0.0025434791349736585,0.9999773638950377,7.046416430966929e-05,1.333327293395996,5.284836263285097e-05,0.008848149602352653,True,True,frozen,1500,train,8:6|37:4|40:2,10121,10417,mp-aaabqvan,mp-aaabraoy,8:3|37:2|40:1,False
9,0.33001828208216466,0.32195197641321727,0.01863074338670856,0.9894896418169685,0.042419157922267914,2.026646614074707,0.020930712649987554,0.05645367059413412,True,False,frozen,1500,train,8:18|56:8|73:4,10582,16766,mp-aaabruec,mp-aaacpwra,8:9|56:4|73:2,False
10,0.1434457298446432,0.11956070830838428,0.030116286605320397,0.9653064829421724,0.011737211607396603,0.1721307337284088,0.06818777421768155,0.20994899351787885,True,False,frozen,1500,train,59:1|68:3,11977,11981,mp-aaacdnzr,mp-aaacdoad,59:1|68:3,False
11,0.10178208757452012,0.07962801516441687,0.030006134323912192,0.9131438876237548,0.01631355658173561,0.09805137664079666,0.16637763936246416,0.29480761339212164,True,False,frozen,1500,train,62:3|69:1,12147,12167,mp-aaacdsei,mp-aaacdspp,62:3|69:1,False
12,0.2569476258940995,0.20302896608978926,0.06623391708689041,0.9725680344396874,0.037140797823667526,0.586344838142395,0.06334292622296064,0.25777205318171964,True,False,frozen,1500,train,48:2|71:1,12799,13366,mp-aaacfkmg,mp-aaacilmc,48:2|71:1,False
13,0.3711048242627939,0.3563855435201049,0.028649765874966704,0.9858506906619228,0.035627640783786774,1.2508291006088257,0.028483220262820443,0.07720127576320236,True,False,frozen,1500,train,15:1|20:3|83:1,12895,12903,mp-aaacfrja,mp-aaacfroo,15:1|20:3|83:1,False
14,0.3156082618079381,0.28440559339298943,0.04711446406383857,0.9957005416804909,0.02082804962992668,2.3338234424591064,0.00892443243606318,0.14928146618832763,True,False,frozen,1500,train,46:2|51:2|57:2,13082,13180,mp-aaacfzan,mp-aaacgikg,46:1|51:1|57:1,False
15,0.2423462098959135,0.231238001688439,0.0272069344865713,0.9663042751209697,0.03814107924699783,0.575656533241272,0.06625666008208397,0.11226474100113447,True,False,frozen,1500,train,19:3|31:1,15832,15834,mp-aaacpkso,mp-aaacpktf,19:3|31:1,False
0,0.2116293776424527,0.03825066171111757,0.18477816934034763,0.4842440483638373,0.25863271951675415,0.33785775303840637,0.7655077238596143,0.8731215457833547,True,False,frozen,1600,train,15:16|48:8,423,3943,mp-aaaaabjd,mp-aaaaarxw,15:2|48:1,False
1,0.2833879719401011,0.29191391395849564,0.0131353575570472,0.9993788471618986,0.0028100397903472185,1.2531861066818237,0.0022423164248027132,0.046351147041002794,True,True,frozen,1600,train,8:3|60:2,1183,2658,mp-aaaaaech,mp-aaaaalty,8:3|60:2,False
2,0.16268929076613858,0.1607860752264969,0.006589036958757788,0.9980590986437254,0.0008589880890212953,0.2212611436843872,0.0038822365044202194,0.040500741798852324,True,True,frozen,1600,train,16:6|19:2|42:6,2704,14113,mp-aaaaamae,mp-aaackvdk,16:3|19:1|42:3,False
3,0.4171052366407366,0.42642669675277034,0.017745414571464835,0.9993340501557759,0.003615644993260503,2.3175158500671387,0.0015601381941598186,0.04254421429561052,True,True,frozen,1600,train,8:3|68:2,4142,18148,mp-aaaaatio,mp-aaacrsyy,8:3|68:2,False
4,0.2721211942498485,0.27618772878878417,0.011572613026430645,0.999158648716264,0.0011251196265220642,0.6183542609214783,0.0018195388915819852,0.04252742260055361,True,True,frozen,1600,train,8:16|11:2|41:6,4399,9528,mp-aaaaavmx,mp-aaabjmwk,8:8|11:1|41:3,False
5,0.2394487393903546,0.18382482759022878,0.06374127041897282,0.9752073565641975,0.05267852544784546,0.8398832082748413,0.06272125091779078,0.2662000667920009,True,False,frozen,1600,train,28:2|83:2,5792,12620,mp-aaaabhvh,mp-aaacewhi,28:1|83:1,False
6,0.3213603106123628,0.32947397616176843,0.022270411448932492,0.9976482091998091,0.005325551610440016,0.8843270540237427,0.006022151630676035,0.06930044163355294,True,True,frozen,1600,train,8:8|23:2|83:2,5885,7789,mp-aaaabici,mp-aaabfbmg,8:4|23:1|83:1,False
7,0.7221765882568434,0.7328698391292967,0.018550131445397966,0.9998072176485843,0.013825677335262299,15.503423690795898,0.0008917822031446095,0.025686420395008125,True,True,frozen,1600,train,8:12|11:4|17:4,6004,8109,mp-aaaabini,mp-aaabfqcc,8:3|11:1|17:1,False
8,0.2874588755028924,0.29089929183041363,0.00838247627285682,0.9995378922230985,0.0012638317421078682,1.333327293395996,0.0009478781004241486,0.029160610394068268,True,True,frozen,1600,train,8:6|37:4|40:2,10121,10417,mp-aaabqvan,mp-aaabraoy,8:3|37:2|40:1,False
9,0.33001828208216466,0.31848079516242933,0.024492923898321806,0.9889283810436977,0.046395186334848404,2.026646614074707,0.02289258818614056,0.07421686987699609,True,False,frozen,1600,train,8:18|56:8|73:4,10582,16766,mp-aaabruec,mp-aaacpwra,8:9|56:4|73:2,False
10,0.1434457298446432,0.12378231997371358,0.03429724565586412,0.9639396625914486,0.01249034982174635,0.1721307337284088,0.07256315912447027,0.2390956195978036,True,False,frozen,1600,train,59:1|68:3,11977,11981,mp-aaacdnzr,mp-aaacdoad,59:1|68:3,False
11,0.10178208757452012,0.08196027791535698,0.033805278140278006,0.9107444225678528,0.01704024337232113,0.09805137664079666,0.17378892531765966,0.33213386506272385,True,False,frozen,1600,train,62:3|69:1,12147,12167,mp-aaacdsei,mp-aaacdspp,62:3|69:1,False
12,0.2569476258940995,0.2181807295546605,0.05160349249860019,0.973501766150174,0.03067093901336193,0.586344838142395,0.05230870473854744,0.20083272736627067,True,False,frozen,1600,train,48:2|71:1,12799,13366,mp-aaacfkmg,mp-aaacilmc,48:2|71:1,False
13,0.3711048242627939,0.36204066315646344,0.022372469816197338,0.9863488189223958,0.03402486816048622,1.2508291006088257,0.027201852070698574,0.06028611959071304,True,False,frozen,1600,train,15:1|20:3|83:1,12895,12903,mp-aaacfrja,mp-aaacfroo,15:1|20:3|83:1,False
14,0.3156082618079381,0.2921953875472809,0.0313024418344412,0.9971001032874273,0.013656459748744965,2.3338234424591064,0.005851539366814915,0.09918131310988984,True,True,frozen,1600,train,46:2|51:2|57:2,13082,13180,mp-aaacfzan,mp-aaacgikg,46:1|51:1|57:1,False
15,0.2423462098959135,0.23332876450584195,0.028469672707416294,0.9661758997188782,0.038423262536525726,0.575656533241272,0.06674685392725593,0.11747521333072994,True,False,frozen,1600,train,19:3|31:1,15832,15834,mp-aaacpkso,mp-aaacpktf,19:3|31:1,False
0,0.2116293776424527,0.03863669287630955,0.18467977172821293,0.48627037188791716,0.25796836614608765,0.33785775303840637,0.7635413537979778,0.8726565932648015,True,False,frozen,1700,train,15:16|48:8,423,3943,mp-aaaaabjd,mp-aaaaarxw,15:2|48:1,False
1,0.2833879719401011,0.28384890799225104,0.001899465563838021,0.9999861145867012,3.51355665770825e-05,1.2531861066818237,2.8036990188244408e-05,0.006702703543958123,True,True,frozen,1700,train,8:3|60:2,1183,2658,mp-aaaaaech,mp-aaaaalty,8:3|60:2,False
2,0.16268929076613858,0.16162857029848965,0.00280427322286414,0.9986172233149073,0.0006114909774623811,0.2212611436843872,0.0027636618309025292,0.017236987202158292,True,True,frozen,1700,train,16:6|19:2|42:6,2704,14113,mp-aaaaamae,mp-aaackvdk,16:3|19:1|42:3,False
3,0.4171052366407366,0.4175623527721335,0.0013233502824867571,0.9999964097186492,1.708903982944321e-05,2.3175158500671387,7.373861037001381e-06,0.0031727011944148583,True,True,frozen,1700,train,8:3|68:2,4142,18148,mp-aaaaatio,mp-aaacrsyy,8:3|68:2,False
4,0.2721211942498485,0.27254097374205344,0.001138337499270392,0.9999915353247809,1.0468854270584416e-05,0.6183542609214783,1.6930188618711245e-05,0.0041832004390853356,True,True,frozen,1700,train,8:16|11:2|41:6,4399,9528,mp-aaaaavmx,mp-aaabjmwk,8:8|11:1|41:3,False
5,0.2394487393903546,0.20696710452492084,0.04799988809057254,0.9801490343258542,0.03301406651735306,0.8398832082748413,0.03930792542592376,0.20045997407537847,True,False,frozen,1700,train,28:2|83:2,5792,12620,mp-aaaabhvh,mp-aaacewhi,28:1|83:1,False
6,0.3213603106123628,0.3195225795341692,0.0042995543106378875,0.9993628861519168,0.0011264764470979571,0.8843270540237427,0.001273823346207062,0.013379232495901386,True,True,frozen,1700,train,8:8|23:2|83:2,5885,7789,mp-aaaabici,mp-aaabfbmg,8:4|23:1|83:1,False
7,0.7221765882568434,0.7233974023063974,0.0019858269050354593,0.9999961835912855,0.00011856993660330772,15.503423690795898,7.647984017472253e-06,0.0027497802301079256,True,True,frozen,1700,train,8:12|11:4|17:4,6004,8109,mp-aaaabini,mp-aaabfqcc,8:3|11:1|17:1,False
8,0.2874588755028924,0.2876876687095482,0.0010282400172734185,0.9999951757454193,1.288918974751141e-05,1.333327293395996,9.666936101399779e-06,0.0035769986766787877,True,True,frozen,1700,train,8:6|37:4|40:2,10121,10417,mp-aaabqvan,mp-aaabraoy,8:3|37:2|40:1,False
9,0.33001828208216466,0.32160943953122256,0.018232602319677937,0.9895256361939168,0.04223333299160004,2.026646614074707,0.020839021809869025,0.05524724934826055,True,False,frozen,1700,train,8:18|56:8|73:4,10582,16766,mp-aaabruec,mp-aaacpwra,8:9|56:4|73:2,False
10,0.1434457298446432,0.12254054828848027,0.02819078832846955,0.9697441259636537,0.010258362628519535,0.1721307337284088,0.05959634520994593,0.19652581055567964,True,False,frozen,1700,train,59:1|68:3,11977,11981,mp-aaacdnzr,mp-aaacdoad,59:1|68:3,False
11,0.10178208757452012,0.08362299223767877,0.026549102983608464,0.9256879239208579,0.014031833969056606,0.09805137664079666,0.1431069552491966,0.2608425865127834,True,False,frozen,1700,train,62:3|69:1,12147,12167,mp-aaacdsei,mp-aaacdspp,62:3|69:1,False
12,0.2569476258940995,0.22918786937304958,0.04700451305654951,0.9795409046419993,0.02375270053744316,0.586344838142395,0.040509780239038735,0.18293421818157737,True,False,frozen,1700,train,48:2|71:1,12799,13366,mp-aaacfkmg,mp-aaacilmc,48:2|71:1,False
13,0.3711048242627939,0.3610029528877874,0.017330234082969298,0.9867552208636964,0.03291485831141472,1.2508291006088257,0.026314432799327915,0.046699026662873774,True,False,frozen,1700,train,15:1|20:3|83:1,12895,12903,mp-aaacfrja,mp-aaacfroo,15:1|20:3|83:1,False
14,0.3156082618079381,0.30027389123029025,0.022663122932272017,0.99798462035117,0.009397903457283974,2.3338234424591064,0.0040268270882486195,0.07180776194656004,True,True,frozen,1700,train,46:2|51:2|57:2,13082,13180,mp-aaacfzan,mp-aaacgikg,46:1|51:1|57:1,False
15,0.2423462098959135,0.23130133551273957,0.027189548909859695,0.9663487437537939,0.038091495633125305,0.575656533241272,0.06617052605769734,0.11219300240568018,True,False,frozen,1700,train,19:3|31:1,15832,15834,mp-aaacpkso,mp-aaacpktf,19:3|31:1,False
0,0.2116293776424527,0.03882493839159906,0.18462781883226853,0.4864677449974654,0.2579077482223511,0.33785775303840637,0.7633619353202562,0.8724111032646742,True,False,frozen,1800,train,15:16|48:8,423,3943,mp-aaaaabjd,mp-aaaaarxw,15:2|48:1,False
1,0.2833879719401011,0.2847343623346035,0.002182761929617527,0.9999885027777288,4.0452989196637645e-05,1.2531861066818237,3.2280113050206684e-05,0.007702380290434101,True,True,frozen,1800,train,8:3|60:2,1183,2658,mp-aaaaaech,mp-aaaaalty,8:3|60:2,False
2,0.16268929076613858,0.1617041969748243,0.0025849026587820845,0.9986582112270702,0.0005934078944846988,0.2212611436843872,0.0026819344987710613,0.015888585208093456,True,True,frozen,1800,train,16:6|19:2|42:6,2704,14113,mp-aaaaamae,mp-aaackvdk,16:3|19:1|42:3,False
3,0.4171052366407366,0.4173889543270448,0.0013233815035178509,0.999997022677595,1.3803315596305765e-05,2.3175158500671387,5.956082499244129e-06,0.003172776046102996,True,True,frozen,1800,train,8:3|68:2,4142,18148,mp-aaaaatio,mp-aaacrsyy,8:3|68:2,False
4,0.2721211942498485,0.2727741679082101,0.0009913341546052834,0.9999942529602407,8.383229214814492e-06,0.6183542609214783,1.3557324246980544e-05,0.0036429876670873657,True,True,frozen,1800,train,8:16|11:2|41:6,4399,9528,mp-aaaaavmx,mp-aaabjmwk,8:8|11:1|41:3,False
5,0.2394487393903546,0.2085288004307415,0.04718094566035802,0.9805305340375651,0.03238748013973236,0.8398832082748413,0.03856188553436821,0.19703985821968603,True,False,frozen,1800,train,28:2|83:2,5792,12620,mp-aaaabhvh,mp-aaacewhi,28:1|83:1,False
6,0.3213603106123628,0.31995317419209535,0.004046450667418711,0.9994201479667633,0.0010273351799696684,0.8843270540237427,0.001161714068675418,0.01259163167880957,True,True,frozen,1800,train,8:8|23:2|83:2,5885,7789,mp-aaaabici,mp-aaabfbmg,8:4|23:1|83:1,False
7,0.7221765882568434,0.7238795129722098,0.0023047843112840027,0.9999971032256774,0.00011815143807325512,15.503423690795898,7.620990074818086e-06,0.003191441468418666,True,True,frozen,1800,train,8:12|11:4|17:4,6004,8109,mp-aaaabini,mp-aaabfqcc,8:3|11:1|17:1,False
8,0.2874588755028924,0.28808262774800486,0.0010334412290058381,0.9999964633371653,1.2426450666680466e-05,1.333327293395996,9.319880218629733e-06,0.003595092436084617,True,True,frozen,1800,train,8:6|37:4|40:2,10121,10417,mp-aaabqvan,mp-aaabraoy,8:3|37:2|40:1,False
9,0.33001828208216466,0.3223190471158901,0.018117292243552185,0.9895417634042057,0.042181387543678284,2.026646614074707,0.020813390578671147,0.05489784423228263,True,False,frozen,1800,train,8:18|56:8|73:4,10582,16766,mp-aaabruec,mp-aaacpwra,8:9|56:4|73:2,False
10,0.1434457298446432,0.12362560531068212,0.02518683837516633,0.9725300973707329,0.00932969618588686,0.1721307337284088,0.0542012224301991,0.17558444160341732,True,False,frozen,1800,train,59:1|68:3,11977,11981,mp-aaacdnzr,mp-aaacdoad,59:1|68:3,False
11,0.10178208757452012,0.08542335479637586,0.02537203860617865,0.9377360069634914,0.011839187704026699,0.09805137664079666,0.12074473719424268,0.24927803320601397,True,False,frozen,1800,train,62:3|69:1,12147,12167,mp-aaacdsei,mp-aaacdspp,62:3|69:1,False
12,0.2569476258940995,0.23337055708533683,0.043190107849184756,0.9840756682977894,0.018525851890444756,0.586344838142395,0.03159548901144366,0.168089149292181,True,False,frozen,1800,train,48:2|71:1,12799,13366,mp-aaacfkmg,mp-aaacilmc,48:2|71:1,False
13,0.3711048242627939,0.36111220190886684,0.017014041840688776,0.9867801842129726,0.03285451978445053,1.2508291006088257,0.02626619397362837,0.04584699720486647,True,False,frozen,1800,train,15:1|20:3|83:1,12895,12903,mp-aaacfrja,mp-aaacfroo,15:1|20:3|83:1,False
14,0.3156082618079381,0.30220119806881485,0.019355291211468284,0.9982490631066663,0.008231126703321934,2.3338234424591064,0.0035268849192160606,0.06132694721168882,True,True,frozen,1800,train,46:2|51:2|57:2,13082,13180,mp-aaacfzan,mp-aaacgikg,46:1|51:1|57:1,False
15,0.2423462098959135,0.2311201884188847,0.02714411844894471,0.9663665714369739,0.03807264566421509,0.575656533241272,0.0661377808914016,0.11200554141367829,True,False,frozen,1800,train,19:3|31:1,15832,15834,mp-aaacpkso,mp-aaacpktf,19:3|31:1,False
0,0.2116293776424527,0.0363544617378011,0.18468305827275344,0.48333787528381555,0.25907784700393677,0.33785775303840637,0.7668252235563936,0.8726721229827316,True,False,frozen,1900,train,15:16|48:8,423,3943,mp-aaaaabjd,mp-aaaaarxw,15:2|48:1,False
1,0.2833879719401011,0.2838846835738593,0.003939241795677617,0.9999459942318336,0.00013548176502808928,1.2531861066818237,0.00010810985240397919,0.013900525730535391,True,True,frozen,1900,train,8:3|60:2,1183,2658,mp-aaaaaech,mp-aaaaalty,8:3|60:2,False
2,0.16268929076613858,0.16186636893507966,0.005455987562527298,0.9983897625222113,0.0007178283995017409,0.2212611436843872,0.0032442587412712214,0.03353624283954948,True,True,frozen,1900,train,16:6|19:2|42:6,2704,14113,mp-aaaaamae,mp-aaackvdk,16:3|19:1|42:3,False
3,0.4171052366407366,0.41747092191631907,0.004677299698059301,0.9999553083153876,0.00021044288587290794,2.3175158500671387,9.080537070191403e-05,0.011213716077336086,True,True,frozen,1900,train,8:3|68:2,4142,18148,mp-aaaaatio,mp-aaacrsyy,8:3|68:2,False
4,0.2721211942498485,0.27324161882989983,0.0038440741207637075,0.9999191031977497,0.00010326197661925107,0.6183542609214783,0.00016699484930429517,0.014126331215621025,True,True,frozen,1900,train,8:16|11:2|41:6,4399,9528,mp-aaaaavmx,mp-aaabjmwk,8:8|11:1|41:3,False
5,0.2394487393903546,0.20813063568257917,0.04806434911770907,0.9800484049569164,0.033182431012392044,0.8398832082748413,0.039508387220349696,0.2007291800327815,True,False,frozen,1900,train,28:2|83:2,5792,12620,mp-aaaabhvh,mp-aaacewhi,28:1|83:1,False
6,0.3213603106123628,0.3199927023406808,0.006879504692772542,0.9993089158338684,0.0012219409691169858,0.8843270540237427,0.0013817749480320419,0.021407449724153604,True,True,frozen,1900,train,8:8|23:2|83:2,5885,7789,mp-aaaabici,mp-aaabfbmg,8:4|23:1|83:1,False
7,0.7221765882568434,0.7225259437022764,0.003534668310162914,0.9999937743242374,0.0002498079848010093,15.503423690795898,1.6113085069675015e-05,0.004894465380959986,True,True,frozen,1900,train,8:12|11:4|17:4,6004,8109,mp-aaaabini,mp-aaabfqcc,8:3|11:1|17:1,False
8,0.2874588755028924,0.28718422863808435,0.0033169255314522417,0.9999555592818993,0.00012002371659036726,1.333327293395996,9.00181952209692e-05,0.011538782810756758,True,True,frozen,1900,train,8:6|37:4|40:2,10121,10417,mp-aaabqvan,mp-aaabraoy,8:3|37:2|40:1,False
9,0.33001828208216466,0.3216745437270774,0.01870590259519389,0.9894859663746352,0.04239359125494957,2.026646614074707,0.020918097393267023,0.05668141315436786,True,False,frozen,1900,train,8:18|56:8|73:4,10582,16766,mp-aaabruec,mp-aaacpwra,8:9|56:4|73:2,False
10,0.1434457298446432,0.12875037162535818,0.021265951125045035,0.9855042550890089,0.004954265430569649,0.1721307337284088,0.02878199217105868,0.14825084823421938,True,False,frozen,1900,train,59:1|68:3,11977,11981,mp-aaacdnzr,mp-aaacdoad,59:1|68:3,False
11,0.10178208757452012,0.0860423858194963,0.023765836282791497,0.9402956218834789,0.011360232718288898,0.09805137664079666,0.11586000225072003,0.23349723757032645,True,False,frozen,1900,train,62:3|69:1,12147,12167,mp-aaacdsei,mp-aaacdspp,62:3|69:1,False
12,0.2569476258940995,0.23289395138536406,0.04355197088196405,0.9839118470955717,0.01871882565319538,0.586344838142395,0.031924602103599445,0.1694974636578815,True,False,frozen,1900,train,48:2|71:1,12799,13366,mp-aaacfkmg,mp-aaacilmc,48:2|71:1,False
13,0.3711048242627939,0.3636439250852277,0.019252166048794095,0.9866404929092291,0.033280353993177414,1.2508291006088257,0.02660663553236698,0.05187797298792559,True,False,frozen,1900,train,15:1|20:3|83:1,12895,12903,mp-aaacfrja,mp-aaacfroo,15:1|20:3|83:1,False
14,0.3156082618079381,0.2920328508316743,0.04500524863578903,0.9961228514384013,0.018292339518666267,2.3338234424591064,0.007837927748035631,0.1425984490329241,True,False,frozen,1900,train,46:2|51:2|57:2,13082,13180,mp-aaacfzan,mp-aaacgikg,46:1|51:1|57:1,False
15,0.2423462098959135,0.23090896330612054,0.027198433862196225,0.9662553591591401,0.03820427507162094,0.575656533241272,0.06636644051707231,0.11222966463505998,True,False,frozen,1900,train,19:3|31:1,15832,15834,mp-aaacpkso,mp-aaacpktf,19:3|31:1,False
0,0.2116293776424527,0.04612679954112764,0.17719468327430832,0.5145674252834238,0.24843113124370575,0.33785775303840637,0.7353128025316177,0.8372877397658763,True,False,frozen,2000,train,15:16|48:8,423,3943,mp-aaaaabjd,mp-aaaaarxw,15:2|48:1,False
1,0.2833879719401011,0.28252383019858485,0.004995590078721079,0.999924041721613,0.0002906580048147589,1.2531861066818237,0.00023193522754921123,0.01762809495590371,True,True,frozen,2000,train,8:3|60:2,1183,2658,mp-aaaaaech,mp-aaaaalty,8:3|60:2,False
2,0.16268929076613858,0.16185166064678924,0.006668299676675815,0.9981068366077985,0.0008369754068553448,0.2212611436843872,0.0037827491665198515,0.04098794484426952,True,True,frozen,2000,train,16:6|19:2|42:6,2704,14113,mp-aaaaamae,mp-aaackvdk,16:3|19:1|42:3,False
3,0.4171052366407366,0.4182160570894524,0.0039929683346002776,0.9999740773440092,0.0001415353617630899,2.3175158500671387,6.107201457068335e-05,0.00957304771994393,True,True,frozen,2000,train,8:3|68:2,4142,18148,mp-aaaaatio,mp-aaacrsyy,8:3|68:2,False
4,0.2721211942498485,0.2708063404419363,0.004914457816425966,0.9998716475741635,0.00020760760526172817,0.6183542609214783,0.00033574217626049674,0.018059812760904424,True,True,frozen,2000,train,8:16|11:2|41:6,4399,9528,mp-aaaaavmx,mp-aaabjmwk,8:8|11:1|41:3,False
5,0.2394487393903546,0.20540976239774977,0.04862237948239567,0.9802028537032301,0.03326835483312607,0.8398832082748413,0.03961069170731583,0.20305965947530172,True,False,frozen,2000,train,28:2|83:2,5792,12620,mp-aaaabhvh,mp-aaacewhi,28:1|83:1,False
6,0.3213603106123628,0.31639233984748927,0.007875972661686603,0.9992967469980988,0.0013613230548799038,0.8843270540237427,0.00153938867830154,0.024508230797632334,True,True,frozen,2000,train,8:8|23:2|83:2,5885,7789,mp-aaaabici,mp-aaabfbmg,8:4|23:1|83:1,False
7,0.7221765882568434,0.7226503806576474,0.004760080830088498,0.9999870743318389,0.00045112724183127284,15.503423690795898,2.909855595955227e-05,0.0065912976237268535,True,True,frozen,2000,train,8:12|11:4|17:4,6004,8109,mp-aaaabini,mp-aaabfqcc,8:3|11:1|17:1,False
8,0.2874588755028924,0.2865120768427829,0.004485983302956242,0.9999185906033468,0.00023388701083604246,1.333327293395996,0.0001754160527535068,0.015605652443704437,True,True,frozen,2000,train,8:6|37:4|40:2,10121,10417,mp-aaabqvan,mp-aaabraoy,8:3|37:2|40:1,False
9,0.33001828208216466,0.3229680621713342,0.018736761119420464,0.9895144209353042,0.04229307919740677,2.026646614074707,0.020868502137318227,0.056774918653614385,True,False,frozen,2000,train,8:18|56:8|73:4,10582,16766,mp-aaabruec,mp-aaacpwra,8:9|56:4|73:2,False
10,0.1434457298446432,0.1298291794710913,0.02014631703058356,0.9877267250952193,0.004199409391731024,0.1721307337284088,0.02439662749800935,0.14044556817691772,True,False,frozen,2000,train,59:1|68:3,11977,11981,mp-aaacdnzr,mp-aaacdoad,59:1|68:3,False
11,0.10178208757452012,0.08475655203892529,0.023908391331133316,0.9403008925608598,0.011398710310459137,0.09805137664079666,0.1162524250140556,0.2348978283003746,True,False,frozen,2000,train,62:3|69:1,12147,12167,mp-aaacdsei,mp-aaacdspp,62:3|69:1,False
12,0.2569476258940995,0.23511909585691626,0.03764865324886557,0.9873238760925881,0.014794478192925453,0.586344838142395,0.025231701944875968,0.14652267409694766,True,False,frozen,2000,train,48:2|71:1,12799,13366,mp-aaacfkmg,mp-aaacilmc,48:2|71:1,False
13,0.3711048242627939,0.36321413144759873,0.021106241125750103,0.9864169616677909,0.03387654200196266,1.2508291006088257,0.027083269797187857,0.05687406831123258,True,False,frozen,2000,train,15:1|20:3|83:1,12895,12903,mp-aaacfrja,mp-aaacfroo,15:1|20:3|83:1,False
14,0.3156082618079381,0.29871029836749585,0.02642670622526566,0.997904082856595,0.009803889319300652,2.3338234424591064,0.004200784489922886,0.08373261863894903,True,True,frozen,2000,train,46:2|51:2|57:2,13082,13180,mp-aaacfzan,mp-aaacgikg,46:1|51:1|57:1,False
15,0.2423462098959135,0.23213144924000062,0.027361663156511895,0.9662589240422886,0.03820164501667023,0.575656533241272,0.06636187172509508,0.11290320227522269,True,False,frozen,2000,train,19:3|31:1,15832,15834,mp-aaacpkso,mp-aaacpktf,19:3|31:1,False
0,0.2116293776424527,0.00010423126514069736,0.21162134612029604,0.10153026791879904,0.337828665971756,0.33785775303840637,0.9999139073577895,0.9999620491150797,True,False,joint,0,train,15:16|48:8,423,3943,mp-aaaaabjd,mp-aaaaarxw,15:2|48:1,False
1,0.2833879719401011,0.01407911860042077,0.28581532146381505,-0.2768518416413254,1.2828112840652466,1.2531861066818237,1.023639886546352,1.0085654641835928,True,False,joint,0,train,8:3|60:2,1183,2658,mp-aaaaaech,mp-aaaaalty,8:3|60:2,False
2,0.16268929076613858,0.004508799989707768,0.16277282539522275,0.10359769616896217,0.22030343115329742,0.2212611436843872,0.9956715738012459,1.0005134611423456,True,False,joint,0,train,16:6|19:2|42:6,2704,14113,mp-aaaaamae,mp-aaackvdk,16:3|19:1|42:3,False
3,0.4171052366407366,0.035460200390843966,0.41926791000901176,0.028761448218889422,2.321021556854248,2.3175158500671387,1.0015127002419457,1.0051849585627186,True,False,joint,0,train,8:3|68:2,4142,18148,mp-aaaaatio,mp-aaacrsyy,8:3|68:2,False
4,0.2721211942498485,0.014114285747382382,0.26795119998405426,0.34846483736392114,0.6003558039665222,0.6183542609214783,0.97089296849328,0.9846759666137378,True,False,joint,0,train,8:16|11:2|41:6,4399,9528,mp-aaaaavmx,mp-aaabjmwk,8:8|11:1|41:3,False
5,0.2394487393903546,0.0018268714775331318,0.23995979013852775,-0.26461176310543194,0.842526376247406,0.8398832082748413,1.0031470660998139,1.002134280387002,True,False,joint,0,train,28:2|83:2,5792,12620,mp-aaaabhvh,mp-aaacewhi,28:1|83:1,False
6,0.3213603106123628,0.0026000748039223254,0.32098964099714067,0.20937099758046915,0.8814975619316101,0.8843270540237427,0.9968004008480141,0.9988465606891037,True,False,joint,0,train,8:8|23:2|83:2,5885,7789,mp-aaaabici,mp-aaabfbmg,8:4|23:1|83:1,False
7,0.7221765882568434,0.01115766323346179,0.7262400004983647,0.07087170223288038,15.48666763305664,15.503423690795898,0.9989192027468613,1.0056266186243026,True,False,joint,0,train,8:12|11:4|17:4,6004,8109,mp-aaaabini,mp-aaabfqcc,8:3|11:1|17:1,False
8,0.2874588755028924,0.022453198579000855,0.2937166520434573,0.015168480269495436,1.338024616241455,1.333327293395996,1.0035230080931554,1.0217692931888684,True,False,joint,0,train,8:6|37:4|40:2,10121,10417,mp-aaabqvan,mp-aaabraoy,8:3|37:2|40:1,False
9,0.33001828208216466,0.008257290066467249,0.33370790290973673,-0.12381521479287455,2.0364179611206055,2.026646614074707,1.0048214360500929,1.0111800497969183,True,False,joint,0,train,8:18|56:8|73:4,10582,16766,mp-aaabruec,mp-aaacpwra,8:9|56:4|73:2,False
10,0.1434457298446432,0.001821242298319703,0.14353134161774506,-0.0018192841911041674,0.1721574366092682,0.1721307337284088,1.0001551313950796,1.0005968234341627,True,False,joint,0,train,59:1|68:3,11977,11981,mp-aaacdnzr,mp-aaacdoad,59:1|68:3,False
11,0.10178208757452012,0.001980238623218611,0.1017193306356603,0.008988621334404291,0.098049595952034,0.09805137664079666,0.9999818392273145,0.9993834186313592,True,False,joint,0,train,62:3|69:1,12147,12167,mp-aaacdsei,mp-aaacdspp,62:3|69:1,False
12,0.2569476258940995,0.0011488423915579915,0.2571577946655452,-0.09111765418616359,0.5867342352867126,0.586344838142395,1.0006641094437725,1.000817944009852,True,False,joint,0,train,48:2|71:1,12799,13366,mp-aaacfkmg,mp-aaacilmc,48:2|71:1,False
13,0.3711048242627939,0.0025004961926242686,0.3705427581077956,0.2893364432373005,1.24623441696167,1.2508291006088257,0.9963266895174414,0.9984854248227172,True,False,joint,0,train,15:1|20:3|83:1,12895,12903,mp-aaacfrja,mp-aaacfroo,15:1|20:3|83:1,False
14,0.3156082618079381,0.001904294313135324,0.31559984921113937,-0.0015934399222053061,2.3338773250579834,2.3338234424591064,1.0000230876928806,0.9999733448143894,True,False,joint,0,train,46:2|51:2|57:2,13082,13180,mp-aaacfzan,mp-aaacgikg,46:1|51:1|57:1,False
15,0.2423462098959135,0.006683405001240317,0.24446975107275648,-0.22444841438590105,0.5832270383834839,0.575656533241272,1.013151080036538,1.0087624278413723,True,False,joint,0,train,19:3|31:1,15832,15834,mp-aaacpkso,mp-aaacpktf,19:3|31:1,False
0,0.2116293776424527,0.026483221401576884,0.20327703763257432,0.4269436424740318,0.3035100996494293,0.33785775303840637,0.8983369389037743,0.9605331731212212,True,False,joint,100,train,15:16|48:8,423,3943,mp-aaaaabjd,mp-aaaaarxw,15:2|48:1,False
1,0.2833879719401011,0.25088988467678064,0.05625141138136769,0.986496398295162,0.03362167626619339,1.2531861066818237,0.02682895707742611,0.19849611469486567,True,False,joint,100,train,8:3|60:2,1183,2658,mp-aaaaaech,mp-aaaaalty,8:3|60:2,False
2,0.16268929076613858,0.10590805495303357,0.09606814524886431,0.7647523432127875,0.09257104992866516,0.2212611436843872,0.4183791531906342,0.5905007317719496,True,False,joint,100,train,16:6|19:2|42:6,2704,14113,mp-aaaaamae,mp-aaackvdk,16:3|19:1|42:3,False
3,0.4171052366407366,0.3716080805372144,0.07995466398182316,0.9647744803781931,0.16044218838214874,2.3175158500671387,0.0692302442624074,0.19168942741107362,True,False,joint,100,train,8:3|68:2,4142,18148,mp-aaaaatio,mp-aaacrsyy,8:3|68:2,False
4,0.2721211942498485,0.26906162680757006,0.027317350467683355,0.9931577499363183,0.008433535695075989,0.6183542609214783,0.013638679682595285,0.1003867065297453,True,False,joint,100,train,8:16|11:2|41:6,4399,9528,mp-aaaaavmx,mp-aaabjmwk,8:8|11:1|41:3,False
5,0.2394487393903546,0.14185187514408426,0.11061306719511776,0.9410117637397022,0.09617204964160919,0.8398832082748413,0.11450645600970044,0.46194883914086476,True,False,joint,100,train,28:2|83:2,5792,12620,mp-aaaabhvh,mp-aaacewhi,28:1|83:1,False
6,0.3213603106123628,0.3145600502425623,0.0223719477467057,0.9946325509167422,0.009592903777956963,0.8843270540237427,0.010847687780565638,0.06961639943674192,True,False,joint,100,train,8:8|23:2|83:2,5885,7789,mp-aaaabici,mp-aaabfbmg,8:4|23:1|83:1,False
7,0.7221765882568434,0.7296334566289033,0.020186034971516165,0.9998422234958118,0.005869735032320023,15.503423690795898,0.00037860895434372845,0.027951660715338732,True,True,joint,100,train,8:12|11:4|17:4,6004,8109,mp-aaaabini,mp-aaabfqcc,8:3|11:1|17:1,False
8,0.2874588755028924,0.2846099129977375,0.013161797262156938,0.9992393532173639,0.0020607414189726114,1.333327293395996,0.0015455630655575087,0.04578671380082159,True,True,joint,100,train,8:6|37:4|40:2,10121,10417,mp-aaabqvan,mp-aaabraoy,8:3|37:2|40:1,False
9,0.33001828208216466,0.297517940714215,0.059876855704033005,0.9745980054714526,0.10177111625671387,2.026646614074707,0.050216508171642374,0.18143496574267198,True,False,joint,100,train,8:18|56:8|73:4,10582,16766,mp-aaabruec,mp-aaacpwra,8:9|56:4|73:2,False
10,0.1434457298446432,0.012372938089015406,0.13805036593851128,0.41789257422164044,0.157748281955719,0.1721307337284088,0.916444603115544,0.9623874205807639,True,False,joint,100,train,59:1|68:3,11977,11981,mp-aaacdnzr,mp-aaacdoad,59:1|68:3,False
11,0.10178208757452012,0.01073171790426386,0.10003810814600911,0.2258603823194257,0.09365721046924591,0.09805137664079666,0.9551850639726516,0.9828655565034059,True,False,joint,100,train,62:3|69:1,12147,12167,mp-aaacdsei,mp-aaacdspp,62:3|69:1,False
12,0.2569476258940995,0.13904260168988003,0.14272481623970634,0.8205424709652743,0.19157254695892334,0.586344838142395,0.3267233452004903,0.5554626774350121,True,False,joint,100,train,48:2|71:1,12799,13366,mp-aaacfkmg,mp-aaacilmc,48:2|71:1,False
13,0.3711048242627939,0.36843008240606423,0.04392548647810912,0.990397380284521,0.023909863084554672,1.2508291006088257,0.019115211720703365,0.11836409447214236,True,False,joint,100,train,15:1|20:3|83:1,12895,12903,mp-aaacfrja,mp-aaacfroo,15:1|20:3|83:1,False
14,0.3156082618079381,0.24503668878128337,0.09369716185460675,0.9813642913182704,0.0866093710064888,2.3338234424591064,0.037110506917879836,0.2968780389900747,True,False,joint,100,train,46:2|51:2|57:2,13082,13180,mp-aaacfzan,mp-aaacgikg,46:1|51:1|57:1,False
15,0.2423462098959135,0.2272531635339874,0.04445258462737911,0.9581594614065979,0.04732632264494896,0.575656533241272,0.08221277777996366,0.18342595350045407,True,False,joint,100,train,19:3|31:1,15832,15834,mp-aaacpkso,mp-aaacpktf,19:3|31:1,False
0,0.2116293776424527,0.21259167173411697,0.00883542665258119,0.9989219402410058,0.0007334717083722353,0.33785775303840637,0.002170948281565281,0.04174952811848562,True,True,joint,200,train,15:16|48:8,423,3943,mp-aaaaabjd,mp-aaaaarxw,15:2|48:1,False
1,0.2833879719401011,0.2771626476575193,0.02337002441038294,0.9971316659714289,0.007329893298447132,1.2531861066818237,0.00584900619258792,0.08246653607204822,True,True,joint,200,train,8:3|60:2,1183,2658,mp-aaaaaech,mp-aaaaalty,8:3|60:2,False
2,0.16268929076613858,0.1564115133951418,0.015011155715910718,0.9865300064100648,0.005922748241573572,0.2212611436843872,0.026768135348798242,0.09226886198360065,True,False,joint,200,train,16:6|19:2|42:6,2704,14113,mp-aaaaamae,mp-aaackvdk,16:3|19:1|42:3,False
3,0.4171052366407366,0.4148880799773451,0.01887575725777424,0.9994997147847902,0.004188625141978264,2.3175158500671387,0.0018073771283406406,0.045254184315198155,True,True,joint,200,train,8:3|68:2,4142,18148,mp-aaaaatio,mp-aaacrsyy,8:3|68:2,False
4,0.2721211942498485,0.2716993812200599,0.008361255238014564,0.9996181624537046,0.0005259332829155028,0.6183542609214783,0.0008505371696343635,0.030726218371427787,True,True,joint,200,train,8:16|11:2|41:6,4399,9528,mp-aaaaavmx,mp-aaabjmwk,8:8|11:1|41:3,False
5,0.2394487393903546,0.14675513091782477,0.09421852736659275,0.953819168940152,0.0760294497013092,0.8398832082748413,0.09052383587651096,0.3934809914074997,True,False,joint,200,train,28:2|83:2,5792,12620,mp-aaaabhvh,mp-aaacewhi,28:1|83:1,False
6,0.3213603106123628,0.31909465226544853,0.006877044527755061,0.9998324369987374,0.00039754260797053576,0.8843270540237427,0.0004495425150250604,0.021399794251662947,True,True,joint,200,train,8:8|23:2|83:2,5885,7789,mp-aaaabici,mp-aaabfbmg,8:4|23:1|83:1,False
7,0.7221765882568434,0.7234871818219517,0.018434438039662382,0.9996632100889086,0.012641091831028461,15.503423690795898,0.0008153742091518306,0.025526219403149832,True,True,joint,200,train,8:12|11:4|17:4,6004,8109,mp-aaaabini,mp-aaabfqcc,8:3|11:1|17:1,False
8,0.2874588755028924,0.28640907860504683,0.005568692221984861,0.9998639856106534,0.00047971264575608075,1.333327293395996,0.0003597861141312487,0.01937213527410751,True,True,joint,200,train,8:6|37:4|40:2,10121,10417,mp-aaabqvan,mp-aaabraoy,8:3|37:2|40:1,False
9,0.33001828208216466,0.31690518818209057,0.03362584256933587,0.9815084592922155,0.07494718581438065,2.026646614074707,0.03698088521890571,0.10189084785601074,True,False,joint,200,train,8:18|56:8|73:4,10582,16766,mp-aaabruec,mp-aaacpwra,8:9|56:4|73:2,False
10,0.1434457298446432,0.10886121152050521,0.05161424278905713,0.9208581973938647,0.026208557188510895,0.1721307337284088,0.15225960304022906,0.35981721341553474,True,False,joint,200,train,59:1|68:3,11977,11981,mp-aaacdnzr,mp-aaacdoad,59:1|68:3,False
11,0.10178208757452012,0.05901793127895871,0.06057218940122766,0.7669314229033315,0.04046320170164108,0.09805137664079666,0.4126734686232379,0.5951163986185636,True,False,joint,200,train,62:3|69:1,12147,12167,mp-aaacdsei,mp-aaacdspp,62:3|69:1,False
12,0.2569476258940995,0.19180490490305147,0.08419335383712223,0.955446018113676,0.051109880208969116,0.586344838142395,0.08716693127356735,0.32766737401894647,True,False,joint,200,train,48:2|71:1,12799,13366,mp-aaacfkmg,mp-aaacilmc,48:2|71:1,False
13,0.3711048242627939,0.3654329004822898,0.013742619753905672,0.9986841508710849,0.0033037124667316675,1.2508291006088257,0.002641218104954247,0.03703163865143931,True,True,joint,200,train,15:1|20:3|83:1,12895,12903,mp-aaacfrja,mp-aaacfroo,15:1|20:3|83:1,False
14,0.3156082618079381,0.2604291049368612,0.06476471882444912,0.9907847847309066,0.043051667511463165,2.3338234424591064,0.01844683994865542,0.20520603121556233,True,False,joint,200,train,46:2|51:2|57:2,13082,13180,mp-aaacfzan,mp-aaacgikg,46:1|51:1|57:1,False
15,0.2423462098959135,0.22991884947452945,0.02851632981594321,0.9656709789878386,0.03884619101881981,0.575656533241272,0.06748154285697719,0.11766773587336411,True,False,joint,200,train,19:3|31:1,15832,15834,mp-aaacpkso,mp-aaacpktf,19:3|31:1,False
0,0.2116293776424527,0.2117667043057736,0.003852780476222506,0.9998348986724597,0.00011523439752636477,0.33785775303840637,0.00034107371072602074,0.01820531969210706,True,True,joint,300,train,15:16|48:8,423,3943,mp-aaaaabjd,mp-aaaaarxw,15:2|48:1,False
1,0.2833879719401011,0.2817420774762809,0.009528349105437428,0.998585442053345,0.0035714558325707912,1.2531861066818237,0.002849900596190987,0.033622983502812204,True,True,joint,300,train,8:3|60:2,1183,2658,mp-aaaaaech,mp-aaaaalty,8:3|60:2,False
2,0.16268929076613858,0.16232502565253526,0.004051277821417898,0.999541659885619,0.0002037836384261027,0.2212611436843872,0.000921009604455381,0.02490193301808353,True,True,joint,300,train,16:6|19:2|42:6,2704,14113,mp-aaaaamae,mp-aaackvdk,16:3|19:1|42:3,False
3,0.4171052366407366,0.4151346552632731,0.008169639550033025,0.9998956332871577,0.0008595288963988423,2.3175158500671387,0.00037088371860496304,0.01958651877840063,True,True,joint,300,train,8:3|68:2,4142,18148,mp-aaaaatio,mp-aaacrsyy,8:3|68:2,False
4,0.2721211942498485,0.27287178236292675,0.0032304555061273277,0.9999329948192017,8.289569814223796e-05,0.6183542609214783,0.00013405858644639383,0.0118713851562818,True,True,joint,300,train,8:16|11:2|41:6,4399,9528,mp-aaaaavmx,mp-aaabjmwk,8:8|11:1|41:3,False
5,0.2394487393903546,0.15775624950680367,0.08614364322335177,0.9653710227998081,0.05721363425254822,0.8398832082748413,0.06812094073182824,0.35975818224258227,True,False,joint,300,train,28:2|83:2,5792,12620,mp-aaaabhvh,mp-aaacewhi,28:1|83:1,False
6,0.3213603106123628,0.3215524706281485,0.0037337801875310106,0.9999260751835664,0.00013144892000127584,0.8843270540237427,0.00014864287980693923,0.011618672450297822,True,True,joint,300,train,8:8|23:2|83:2,5885,7789,mp-aaaabici,mp-aaabfbmg,8:4|23:1|83:1,False
7,0.7221765882568434,0.7251275530573764,0.008176083399433764,0.9999765110274295,0.0009898169664666057,15.503423690795898,6.384505682149693e-05,0.011321446211886788,True,True,joint,300,train,8:12|11:4|17:4,6004,8109,mp-aaaabini,mp-aaabfqcc,8:3|11:1|17:1,False
8,0.2874588755028924,0.2867581721307033,0.0030310919393912172,0.9999598769664679,0.0001358443550998345,1.333327293395996,0.00010188372785337482,0.010544436779307997,True,True,joint,300,train,8:6|37:4|40:2,10121,10417,mp-aaabqvan,mp-aaabraoy,8:3|37:2|40:1,False
9,0.33001828208216466,0.3190116514500687,0.029985652885102354,0.9819020791462673,0.07270756363868713,2.026646614074707,0.035875797553330604,0.09086058110452447,True,False,joint,300,train,8:18|56:8|73:4,10582,16766,mp-aaabruec,mp-aaacpwra,8:9|56:4|73:2,False
10,0.1434457298446432,0.12297484345106113,0.028407123361091635,0.9675917333801963,0.010990630835294724,0.1721307337284088,0.06385048501934554,0.19803394211774414,True,False,joint,300,train,59:1|68:3,11977,11981,mp-aaacdnzr,mp-aaacdoad,59:1|68:3,False
11,0.10178208757452012,0.07589329076745344,0.03067738605568593,0.8792532814305246,0.022272279486060143,0.09805137664079666,0.22714907479221683,0.30140260223318144,True,False,joint,300,train,62:3|69:1,12147,12167,mp-aaacdsei,mp-aaacdspp,62:3|69:1,False
12,0.2569476258940995,0.2242032626838295,0.04728695260706672,0.9835917594870305,0.019204512238502502,0.586344838142395,0.03275293136261677,0.18403342876791537,True,False,joint,300,train,48:2|71:1,12799,13366,mp-aaacfkmg,mp-aaacilmc,48:2|71:1,False
13,0.3711048242627939,0.36793468389632267,0.011794372614808424,0.9991432825596346,0.00217243330553174,1.2508291006088257,0.001736794662415781,0.031781781975586405,True,True,joint,300,train,15:1|20:3|83:1,12895,12903,mp-aaacfrja,mp-aaacfroo,15:1|20:3|83:1,False
14,0.3156082618079381,0.28515561793778943,0.04697141411884331,0.9953153693389681,0.021880093961954117,2.3338234424591064,0.009375213893172427,0.14882821460303705,True,False,joint,300,train,46:2|51:2|57:2,13082,13180,mp-aaacfzan,mp-aaacgikg,46:1|51:1|57:1,False
15,0.2423462098959135,0.23097417474434678,0.02792170912596248,0.966132716717818,0.03833485022187233,0.575656533241272,0.0665932687431261,0.11521413575213212,True,False,joint,300,train,19:3|31:1,15832,15834,mp-aaacpkso,mp-aaacpktf,19:3|31:1,False
0,0.2116293776424527,0.21161264945112634,0.0021615516724295958,0.9999514383011305,3.598571493057534e-05,0.33785775303840637,0.00010651143745244948,0.010213854505972852,True,True,joint,400,train,15:16|48:8,423,3943,mp-aaaaabjd,mp-aaaaarxw,15:2|48:1,False
1,0.2833879719401011,0.2839505861630869,0.005200627842100403,0.9999105213806483,0.00024301304074469954,1.2531861066818237,0.00019391616253083713,0.01835161812442641,True,True,joint,400,train,8:3|60:2,1183,2658,mp-aaaaaech,mp-aaaaalty,8:3|60:2,False
2,0.16268929076613858,0.16304887240403332,0.002004972513532266,0.9999273403873578,3.276404459029436e-05,0.2212611436843872,0.000148078618978079,0.012323936653054559,True,True,joint,400,train,16:6|19:2|42:6,2704,14113,mp-aaaaamae,mp-aaackvdk,16:3|19:1|42:3,False
3,0.4171052366407366,0.41699906833832756,0.005220311716584547,0.9999412383507597,0.000339881720719859,2.3175158500671387,0.00014665777613128843,0.012515574627227551,True,True,joint,400,train,8:3|68:2,4142,18148,mp-aaaaatio,mp-aaacrsyy,8:3|68:2,False
4,0.2721211942498485,0.27112248020603147,0.004521503735304577,0.9999159017615772,0.0001466213579988107,0.6183542609214783,0.0002371154648151271,0.016615772056156535,True,True,joint,400,train,8:16|11:2|41:6,4399,9528,mp-aaaaavmx,mp-aaabjmwk,8:8|11:1|41:3,False
5,0.2394487393903546,0.18441988375184337,0.07208759504442241,0.972681302749664,0.0452728271484375,0.8398832082748413,0.05390371744832233,0.3010564817670793,True,False,joint,400,train,28:2|83:2,5792,12620,mp-aaaabhvh,mp-aaacewhi,28:1|83:1,False
6,0.3213603106123628,0.3202475348491589,0.0031456366971269745,0.9999660769955899,8.322107896674424e-05,0.8843270540237427,9.410667533926865e-05,0.00978850403502803,True,True,joint,400,train,8:8|23:2|83:2,5885,7789,mp-aaaabici,mp-aaabfbmg,8:4|23:1|83:1,False
7,0.7221765882568434,0.7237954062601659,0.01097944713720267,0.9999474623564951,0.0024531211238354445,15.503423690795898,0.00015823092839111519,0.015203272046944022,True,True,joint,400,train,8:12|11:4|17:4,6004,8109,mp-aaaabini,mp-aaabfqcc,8:3|11:1|17:1,False
8,0.2874588755028924,0.2871591975902277,0.002407057905656984,0.9999783565412316,7.762702443869784e-05,1.333327293395996,5.822053206529745e-05,0.008373573094398208,True,True,joint,400,train,8:6|37:4|40:2,10121,10417,mp-aaabqvan,mp-aaabraoy,8:3|37:2|40:1,False
9,0.33001828208216466,0.3172470840650021,0.03173575027312836,0.981857479140656,0.07330570369958878,2.026646614074707,0.03617093537200489,0.09616361273351247,True,False,joint,400,train,8:18|56:8|73:4,10582,16766,mp-aaabruec,mp-aaacpwra,8:9|56:4|73:2,False
10,0.1434457298446432,0.13387731689638827,0.014700405688728324,0.9903133992363121,0.0033258311450481415,0.1721307337284088,0.019321541673642674,0.10248060855244268,True,False,joint,400,train,59:1|68:3,11977,11981,mp-aaacdnzr,mp-aaacdoad,59:1|68:3,False
11,0.10178208757452012,0.09685346615788148,0.009668058733950602,0.9897167199503641,0.00200761784799397,0.09805137664079666,0.020475162274862457,0.09498782118093321,True,False,joint,400,train,62:3|69:1,12147,12167,mp-aaacdsei,mp-aaacdspp,62:3|69:1,False
12,0.2569476258940995,0.2447083862988393,0.019088050369305165,0.9957558710242362,0.005029634572565556,0.586344838142395,0.008577946364293052,0.07428770864445454,True,True,joint,400,train,48:2|71:1,12799,13366,mp-aaacfkmg,mp-aaacilmc,48:2|71:1,False
13,0.3711048242627939,0.36740493189077483,0.009034152014798735,0.9993515904425258,0.00163074373267591,1.2508291006088257,0.0013037302473072985,0.024343935794273852,True,True,joint,400,train,15:1|20:3|83:1,12895,12903,mp-aaacfrja,mp-aaacfroo,15:1|20:3|83:1,False
14,0.3156082618079381,0.2862326171555196,0.03967434273113213,0.9959888285498113,0.018742596730589867,2.3338234424591064,0.008030854600912372,0.12570755437091746,True,False,joint,400,train,46:2|51:2|57:2,13082,13180,mp-aaacfzan,mp-aaacgikg,46:1|51:1|57:1,False
15,0.2423462098959135,0.2314312660195128,0.02736085278900191,0.9662533086513269,0.03819933906197548,0.575656533241272,0.06635786594289408,0.11289985843291406,True,False,joint,400,train,19:3|31:1,15832,15834,mp-aaacpkso,mp-aaacpktf,19:3|31:1,False
0,0.2116293776424527,0.21215039659000468,0.00268877621226693,0.9999349979663589,4.4544685806613415e-05,0.33785775303840637,0.00013184449788710263,0.012705117986074743,True,True,joint,500,train,15:16|48:8,423,3943,mp-aaaaabjd,mp-aaaaarxw,15:2|48:1,False
1,0.2833879719401011,0.28428999482014206,0.004377403228431831,0.9999371639138677,0.00015858811093494296,1.2531861066818237,0.00012654793257711044,0.015446679682499262,True,True,joint,500,train,8:3|60:2,1183,2658,mp-aaaaaech,mp-aaaaalty,8:3|60:2,False
2,0.16268929076613858,0.1628087981371209,0.002279012987855822,0.9999233725511805,3.3997388527495787e-05,0.2212611436843872,0.00015365277409932658,0.014008377423759507,True,True,joint,500,train,16:6|19:2|42:6,2704,14113,mp-aaaaamae,mp-aaackvdk,16:3|19:1|42:3,False
3,0.4171052366407366,0.4188755653478893,0.004862668027726613,0.9999631204756033,0.00018673806334845722,2.3175158500671387,8.057682252444892e-05,0.011658132290280865,True,True,joint,500,train,8:3|68:2,4142,18148,mp-aaaaatio,mp-aaacrsyy,8:3|68:2,False
4,0.2721211942498485,0.2714131324171376,0.0055783923014587344,0.999810357997137,0.00024685284006409347,0.6183542609214783,0.000399209410631748,0.020499661251438303,True,True,joint,500,train,8:16|11:2|41:6,4399,9528,mp-aaaaavmx,mp-aaabjmwk,8:8|11:1|41:3,False
5,0.2394487393903546,0.22725129768878105,0.023153295096562942,0.9947637110044028,0.008942743763327599,0.8398832082748413,0.01064760394685876,0.09669416157926783,True,False,joint,500,train,28:2|83:2,5792,12620,mp-aaaabhvh,mp-aaacewhi,28:1|83:1,False
6,0.3213603106123628,0.32117939063982703,0.0036717940406560956,0.9999465447015626,9.665964171290398e-05,0.8843270540237427,0.00010930304718497149,0.011425785697242355,True,True,joint,500,train,8:8|23:2|83:2,5885,7789,mp-aaaabici,mp-aaabfbmg,8:4|23:1|83:1,False
7,0.7221765882568434,0.7315831009553051,0.013071821777685955,0.9999259477576474,0.004152643959969282,15.503423690795898,0.0002678533492208325,0.018100589232943866,True,True,joint,500,train,8:12|11:4|17:4,6004,8109,mp-aaaabini,mp-aaabfqcc,8:3|11:1|17:1,False
8,0.2874588755028924,0.28842758956011494,0.0027759166491421183,0.9999633827230219,0.00010403230407973751,1.333327293395996,7.802458150749043e-05,0.009656743575183807,True,True,joint,500,train,8:6|37:4|40:2,10121,10417,mp-aaabqvan,mp-aaabraoy,8:3|37:2|40:1,False
9,0.33001828208216466,0.3305221060322765,0.006515046613913,0.9998619659260275,0.0005629633669741452,2.026646614074707,0.00027778072559096534,0.019741471814252246,True,True,joint,500,train,8:18|56:8|73:4,10582,16766,mp-aaabruec,mp-aaacpwra,8:9|56:4|73:2,False
10,0.1434457298446432,0.1349352726737152,0.012053100175876352,0.9921932659034275,0.0026786013040691614,0.1721307337284088,0.01556143546274258,0.0840255069909037,True,False,joint,500,train,59:1|68:3,11977,11981,mp-aaacdnzr,mp-aaacdoad,59:1|68:3,False
11,0.10178208757452012,0.09932118730989714,0.009042466944947591,0.9929557989116813,0.0013772526290267706,0.09805137664079666,0.01404623449676005,0.08884143723547738,True,False,joint,500,train,62:3|69:1,12147,12167,mp-aaacdsei,mp-aaacdspp,62:3|69:1,False
12,0.2569476258940995,0.24967090992413432,0.009990125133299443,0.9983376775349659,0.0019524076487869024,0.586344838142395,0.003329794212860038,0.038880005598560606,True,True,joint,500,train,48:2|71:1,12799,13366,mp-aaacfkmg,mp-aaacilmc,48:2|71:1,False
13,0.3711048242627939,0.3662296923922099,0.008512563233146864,0.9994105065532587,0.001558808609843254,1.2508291006088257,0.0012462202942708346,0.022938433231250003,True,True,joint,500,train,15:1|20:3|83:1,12895,12903,mp-aaacfrja,mp-aaacfroo,15:1|20:3|83:1,False
14,0.3156082618079381,0.29728706405649064,0.024978053892027674,0.9979316574557626,0.00964970700442791,2.3338234424591064,0.004134720231561387,0.07914258565014357,True,True,joint,500,train,46:2|51:2|57:2,13082,13180,mp-aaacfzan,mp-aaacgikg,46:1|51:1|57:1,False
15,0.2423462098959135,0.23039408799672856,0.027120526317276017,0.9663288623618621,0.03812432661652565,0.575656533241272,0.06622755830089189,0.11190819253548116,True,False,joint,500,train,19:3|31:1,15832,15834,mp-aaacpkso,mp-aaacpktf,19:3|31:1,False
0,0.2116293776424527,0.21132535196375102,0.00203214328746526,0.9999624631163238,2.980811768793501e-05,0.33785775303840637,8.822682747359223e-05,0.009602368584661063,True,True,joint,600,train,15:16|48:8,423,3943,mp-aaaaabjd,mp-aaaaarxw,15:2|48:1,False
1,0.2833879719401011,0.28371024678995127,0.00425941880598657,0.999943756491747,0.00015221933426801115,1.2531861066818237,0.0001214658648515154,0.01503034436086395,True,True,joint,600,train,8:3|60:2,1183,2658,mp-aaaaaech,mp-aaaaalty,8:3|60:2,False
2,0.16268929076613858,0.16253171971766278,0.001116012514103204,0.999980129009242,8.962990250438452e-06,0.2212611436843872,4.050865010091198e-05,0.006859778592971074,True,True,joint,600,train,16:6|19:2|42:6,2704,14113,mp-aaaaamae,mp-aaackvdk,16:3|19:1|42:3,False
3,0.4171052366407366,0.4173516433138502,0.006654389793993687,0.999885033189887,0.000562276050914079,2.3175158500671387,0.00024262015334125536,0.015953743107102927,True,True,joint,600,train,8:3|68:2,4142,18148,mp-aaaaatio,mp-aaacrsyy,8:3|68:2,False
4,0.2721211942498485,0.27085465013442445,0.005166504153748974,0.9998835474660477,0.0001968698634300381,0.6183542609214783,0.000318377143769755,0.01898604101011456,True,True,joint,600,train,8:16|11:2|41:6,4399,9528,mp-aaaaavmx,mp-aaabjmwk,8:8|11:1|41:3,False
5,0.2394487393903546,0.23738076983136125,0.0050064481038134545,0.9999025010269886,0.0002862821565940976,0.8398832082748413,0.00034085948352525624,0.020908224935992804,True,True,joint,600,train,28:2|83:2,5792,12620,mp-aaaabhvh,mp-aaacewhi,28:1|83:1,False
6,0.3213603106123628,0.3190855422913046,0.004695306259691279,0.9999358851854222,0.00016484525986015797,0.8843270540237427,0.00018640757297891302,0.01461072230962254,True,True,joint,600,train,8:8|23:2|83:2,5885,7789,mp-aaaabici,mp-aaabfbmg,8:4|23:1|83:1,False
7,0.7221765882568434,0.7228043878434107,0.009313640811654977,0.9999506328076939,0.002172110602259636,15.503423690795898,0.00014010522098736026,0.012896625234190733,True,True,joint,600,train,8:12|11:4|17:4,6004,8109,mp-aaaabini,mp-aaabfqcc,8:3|11:1|17:1,False
8,0.2874588755028924,0.2862120117744382,0.003452825812814808,0.9999441898800336,0.0002613450342323631,1.333327293395996,0.0001960096635888365,0.012011547066599675,True,True,joint,600,train,8:6|37:4|40:2,10121,10417,mp-aaabqvan,mp-aaabraoy,8:3|37:2|40:1,False
9,0.33001828208216466,0.3270685287939159,0.00632103464931788,0.9999211173611228,0.0009793981444090605,2.026646614074707,0.00048326044491788124,0.01915358933886012,True,True,joint,600,train,8:18|56:8|73:4,10582,16766,mp-aaabruec,mp-aaacpwra,8:9|56:4|73:2,False
10,0.1434457298446432,0.1365243532655427,0.00954541501306494,0.9938764383551126,0.0021017021499574184,0.1721307337284088,0.012209918034007365,0.06654373764491255,True,False,joint,600,train,59:1|68:3,11977,11981,mp-aaacdnzr,mp-aaacdoad,59:1|68:3,False
11,0.10178208757452012,0.10132448361741808,0.005587136479562105,0.9967044771991159,0.0006452565430663526,0.09805137664079666,0.006580800445364455,0.054893121301638294,True,True,joint,600,train,62:3|69:1,12147,12167,mp-aaacdsei,mp-aaacdspp,62:3|69:1,False
12,0.2569476258940995,0.2534774663072312,0.007293848320841789,0.9992359008399161,0.0008957801037468016,0.586344838142395,0.0015277359762980631,0.02838651766273932,True,True,joint,600,train,48:2|71:1,12799,13366,mp-aaacfkmg,mp-aaacilmc,48:2|71:1,False
13,0.3711048242627939,0.366922779387437,0.007506275834053611,0.999437326060548,0.0014389215502887964,1.2508291006088257,0.001150374219458453,0.02022683442330602,True,True,joint,600,train,15:1|20:3|83:1,12895,12903,mp-aaacfrja,mp-aaacfroo,15:1|20:3|83:1,False
14,0.3156082618079381,0.3090692351452162,0.012834970801122836,0.9993026489419257,0.0032924336846917868,2.3338234424591064,0.0014107466849431465,0.04066741069323938,True,True,joint,600,train,46:2|51:2|57:2,13082,13180,mp-aaacfzan,mp-aaacgikg,46:1|51:1|57:1,False
15,0.2423462098959135,0.23172276534432967,0.026822966178315255,0.9666512574156643,0.03776556998491287,0.575656533241272,0.0656043453068644,0.11068036174296098,True,False,joint,600,train,19:3|31:1,15832,15834,mp-aaacpkso,mp-aaacpktf,19:3|31:1,False
0,0.2116293776424527,0.2117836741672363,0.004144785080029578,0.9998294598868129,0.00011553870717762038,0.33785775303840637,0.00034197441419817407,0.01958511207754994,True,True,joint,700,train,15:16|48:8,423,3943,mp-aaaaabjd,mp-aaaaarxw,15:2|48:1,False
1,0.2833879719401011,0.2885075997373292,0.008127347417882902,0.9997812294101448,0.0009256518096663058,1.2531861066818237,0.0007386387422672913,0.02867922502935571,True,True,joint,700,train,8:3|60:2,1183,2658,mp-aaaaaech,mp-aaaaalty,8:3|60:2,False
2,0.16268929076613858,0.16194333921885118,0.0021953998948447406,0.9999286874053428,3.644428215920925e-05,0.2212611436843872,0.0001647116233440172,0.0134944339882861,True,True,joint,700,train,16:6|19:2|42:6,2704,14113,mp-aaaaamae,mp-aaackvdk,16:3|19:1|42:3,False
3,0.4171052366407366,0.42152389992997996,0.011425728285530568,0.9996791625440151,0.001691104145720601,2.3175158500671387,0.0007297055360685492,0.027392914981242106,True,True,joint,700,train,8:3|68:2,4142,18148,mp-aaaaatio,mp-aaacrsyy,8:3|68:2,False
4,0.2721211942498485,0.27314486519799175,0.0053149734053477005,0.9998190514933896,0.00022380570590030402,0.6183542609214783,0.00036193767884252354,0.019531640745585402,True,True,joint,700,train,8:16|11:2|41:6,4399,9528,mp-aaaaavmx,mp-aaabjmwk,8:8|11:1|41:3,False
5,0.2394487393903546,0.2367386008554604,0.004446451406693086,0.9999234176267898,0.00037993350997567177,0.8398832082748413,0.00045236469336739407,0.018569533579562442,True,True,joint,700,train,28:2|83:2,5792,12620,mp-aaaabhvh,mp-aaacewhi,28:1|83:1,False
6,0.3213603106123628,0.32359240886307816,0.005169532695617818,0.9998942019669635,0.00022291844652500004,0.8843270540237427,0.0002520769273208451,0.016086406830286854,True,True,joint,700,train,8:8|23:2|83:2,5885,7789,mp-aaaabici,mp-aaabfbmg,8:4|23:1|83:1,False
7,0.7221765882568434,0.7310832817197479,0.013688664770143077,0.9999097922690873,0.0054338714107871056,15.503423690795898,0.0003504949306141389,0.018954733499716665,True,True,joint,700,train,8:12|11:4|17:4,6004,8109,mp-aaaabini,mp-aaabfqcc,8:3|11:1|17:1,False
8,0.2874588755028924,0.2898330190868137,0.004953026236847791,0.9998955595880177,0.0003533152921590954,1.333327293395996,0.00026498766950101073,0.017230382009192663,True,True,joint,700,train,8:6|37:4|40:2,10121,10417,mp-aaabqvan,mp-aaabraoy,8:3|37:2|40:1,False
9,0.33001828208216466,0.33136376416223357,0.006119533012679312,0.9998474903766618,0.0006547682569362223,2.026646614074707,0.00032307963923703867,0.018543012144871817,True,True,joint,700,train,8:18|56:8|73:4,10582,16766,mp-aaabruec,mp-aaacpwra,8:9|56:4|73:2,False
10,0.1434457298446432,0.13971119039297264,0.008625937254009841,0.9976585626983488,0.0008058469393290579,0.1721307337284088,0.0046815982356790435,0.06013380296054847,True,True,joint,700,train,59:1|68:3,11977,11981,mp-aaacdnzr,mp-aaacdoad,59:1|68:3,False
11,0.10178208757452012,0.1008737049839965,0.005346566170146616,0.9977554995464789,0.00043976050801575184,0.09805137664079666,0.0044850008544681545,0.05252953930849678,True,True,joint,700,train,62:3|69:1,12147,12167,mp-aaacdsei,mp-aaacdspp,62:3|69:1,False
12,0.2569476258940995,0.2548581700102659,0.004326485199271701,0.9997453504335211,0.00031715939985588193,0.586344838142395,0.0005409093407570156,0.01683800418165706,True,True,joint,700,train,48:2|71:1,12799,13366,mp-aaacfkmg,mp-aaacilmc,48:2|71:1,False
13,0.3711048242627939,0.3669070990495129,0.007854166517937244,0.9994316818642103,0.0014720236649736762,1.2508291006088257,0.0011768383580596157,0.021164280290722925,True,True,joint,700,train,15:1|20:3|83:1,12895,12903,mp-aaacfrja,mp-aaacfroo,15:1|20:3|83:1,False
14,0.3156082618079381,0.31379752543125505,0.008698113665559504,0.9996974546508794,0.0015324477571994066,2.3338234424591064,0.0006566254024703321,0.027559841481122883,True,True,joint,700,train,46:2|51:2|57:2,13082,13180,mp-aaacfzan,mp-aaacgikg,46:1|51:1|57:1,False
15,0.2423462098959135,0.24336069308992592,0.007837023880711058,0.9996171119713403,0.00044395923032425344,0.575656533241272,0.0007712224298480759,0.03233813264122027,True,True,joint,700,train,19:3|31:1,15832,15834,mp-aaacpkso,mp-aaacpktf,19:3|31:1,False
0,0.2116293776424527,0.21289195634017233,0.004919284000266089,0.999783950018065,0.00016395366401411593,0.33785775303840637,0.0004852742390537307,0.023244806817781256,True,True,joint,800,train,15:16|48:8,423,3943,mp-aaaaabjd,mp-aaaaarxw,15:2|48:1,False
1,0.2833879719401011,0.28681995545753125,0.0063078535456497775,0.9998552816184758,0.0006078456644900143,1.2531861066818237,0.00048504021968410045,0.022258720094807165,True,True,joint,800,train,8:3|60:2,1183,2658,mp-aaaaaech,mp-aaaaalty,8:3|60:2,False
2,0.16268929076613858,0.16296670972951688,0.002491739549441263,0.9998856219874362,5.0619022658793256e-05,0.2212611436843872,0.0002287750203939901,0.015315940820118706,True,True,joint,800,train,16:6|19:2|42:6,2704,14113,mp-aaaaamae,mp-aaackvdk,16:3|19:1|42:3,False
3,0.4171052366407366,0.422734825775251,0.009250349162357452,0.9998313158319521,0.001327207311987877,2.3175158500671387,0.0005726853224971159,0.022177494669828404,True,True,joint,800,train,8:3|68:2,4142,18148,mp-aaaaatio,mp-aaacrsyy,8:3|68:2,False
4,0.2721211942498485,0.27433810312709284,0.0038707852020252176,0.9999473042795165,0.00011894518684130162,0.6183542609214783,0.0001923576731953754,0.014224489983941678,True,True,joint,800,train,8:16|11:2|41:6,4399,9528,mp-aaaaavmx,mp-aaabjmwk,8:8|11:1|41:3,False
5,0.2394487393903546,0.24282956661772914,0.004679153353208676,0.9999603740419408,0.0004197230446152389,0.8398832082748413,0.0004997397739113863,0.019541357223771462,True,True,joint,800,train,28:2|83:2,5792,12620,mp-aaaabhvh,mp-aaacewhi,28:1|83:1,False
6,0.3213603106123628,0.3253199200707968,0.004838325229684415,0.999950595715176,0.00019188116129953414,0.8843270540237427,0.00021697986104401423,0.015055764728584014,True,True,joint,800,train,8:8|23:2|83:2,5885,7789,mp-aaaabici,mp-aaabfbmg,8:4|23:1|83:1,False
7,0.7221765882568434,0.7296836623949048,0.010012932595941493,0.9999736352992984,0.002339483005926013,15.503423690795898,0.00015090105595933121,0.013864936580276368,True,True,joint,800,train,8:12|11:4|17:4,6004,8109,mp-aaaabini,mp-aaabfqcc,8:3|11:1|17:1,False
8,0.2874588755028924,0.29037832866470126,0.004253625640302516,0.999929285609475,0.00028910566470585763,1.333327293395996,0.00021683023076014818,0.014797336255007081,True,True,joint,800,train,8:6|37:4|40:2,10121,10417,mp-aaabqvan,mp-aaabraoy,8:3|37:2|40:1,False
9,0.33001828208216466,0.3338830295360822,0.005576563078648178,0.9999115584560592,0.0008850840968079865,2.026646614074707,0.0004367234478182984,0.016897739856908234,True,True,joint,800,train,8:18|56:8|73:4,10582,16766,mp-aaabruec,mp-aaacpwra,8:9|56:4|73:2,False
10,0.1434457298446432,0.13972189449725647,0.006292104560657208,0.9983321460770735,0.000574525271076709,0.1721307337284088,0.0033377262655674613,0.04386400743662275,True,True,joint,800,train,59:1|68:3,11977,11981,mp-aaacdnzr,mp-aaacdoad,59:1|68:3,False
11,0.10178208757452012,0.100996359638998,0.0038692196491183495,0.9984306219213102,0.0003080579626839608,0.09805137664079666,0.003141801504863174,0.03801474052382239,True,True,joint,800,train,62:3|69:1,12147,12167,mp-aaacdsei,mp-aaacdspp,62:3|69:1,False
12,0.2569476258940995,0.2574499594011286,0.006036636183125665,0.99969495681742,0.0003877269627992064,0.586344838142395,0.0006612609808718844,0.023493644520434894,True,True,joint,800,train,48:2|71:1,12799,13366,mp-aaacfkmg,mp-aaacilmc,48:2|71:1,False
13,0.3711048242627939,0.37020545311179376,0.009281011258018168,0.9993698050658043,0.0016604703851044178,1.2508291006088257,0.0013274958060187473,0.025009136640718847,True,True,joint,800,train,15:1|20:3|83:1,12895,12903,mp-aaacfrja,mp-aaacfroo,15:1|20:3|83:1,False
14,0.3156082618079381,0.3155430437273026,0.004373644640509156,0.9999051725743678,0.00046359645784832537,2.3338234424591064,0.0001986424720114399,0.013857826837152686,True,True,joint,800,train,46:2|51:2|57:2,13082,13180,mp-aaacfzan,mp-aaacgikg,46:1|51:1|57:1,False
15,0.2423462098959135,0.244733622916101,0.002859664695279207,0.9999670758186963,6.378439866239205e-05,0.575656533241272,0.00011080287459476885,0.011799915074006807,True,True,joint,800,train,19:3|31:1,15832,15834,mp-aaacpkso,mp-aaacpktf,19:3|31:1,False
0,0.2116293776424527,0.21109790091577452,0.0032787061408043883,0.9998960013600734,7.522552914451808e-05,0.33785775303840637,0.0002226544410125368,0.015492679595475416,True,True,joint,900,train,15:16|48:8,423,3943,mp-aaaaabjd,mp-aaaaarxw,15:2|48:1,False
1,0.2833879719401011,0.2843368079093125,0.0027728531686079805,0.9999780592555609,5.995760147925466e-05,1.2531861066818237,4.784413197654251e-05,0.009784653701513027,True,True,joint,900,train,8:3|60:2,1183,2658,mp-aaaaaech,mp-aaaaalty,8:3|60:2,False
2,0.16268929076613858,0.1623727689147927,0.001567366998642683,0.9999510745112988,2.2527288820128888e-05,0.2212611436843872,0.00010181312653911982,0.009634112923239246,True,True,joint,900,train,16:6|19:2|42:6,2704,14113,mp-aaaaamae,mp-aaackvdk,16:3|19:1|42:3,False
3,0.4171052366407366,0.4183121665789713,0.003753510498881951,0.9999751666089965,0.0001170666073448956,2.3175158500671387,5.051383244757708e-05,0.008998953187717817,True,True,joint,900,train,8:3|68:2,4142,18148,mp-aaaaatio,mp-aaacrsyy,8:3|68:2,False
4,0.2721211942498485,0.27287369179771304,0.0032572768338923197,0.9999367126016313,8.134281961247325e-05,0.6183542609214783,0.0001315472775933577,0.011969949062114016,True,True,joint,900,train,8:16|11:2|41:6,4399,9528,mp-aaaaavmx,mp-aaabjmwk,8:8|11:1|41:3,False
5,0.2394487393903546,0.23892821499612182,0.0023163851001299918,0.9999666768172174,6.250085425563157e-05,0.8398832082748413,7.441612552775188e-05,0.009673824577350436,True,True,joint,900,train,28:2|83:2,5792,12620,mp-aaaabhvh,mp-aaacewhi,28:1|83:1,False
6,0.3213603106123628,0.3220550749060749,0.0019455160759207502,0.9999852297182602,2.6944542696583085e-05,0.8843270540237427,3.0468979292201625e-05,0.006054002350861263,True,True,joint,900,train,8:8|23:2|83:2,5885,7789,mp-aaaabici,mp-aaabfbmg,8:4|23:1|83:1,False
7,0.7221765882568434,0.7241322726113708,0.004656643366672597,0.9999921550692018,0.00025934039149433374,15.503423690795898,1.672794323800229e-05,0.006448067470468114,True,True,joint,900,train,8:12|11:4|17:4,6004,8109,mp-aaaabini,mp-aaabfqcc,8:3|11:1|17:1,False
8,0.2874588755028924,0.28756237759517944,0.0019164985019699543,0.9999875861679333,3.317167283967137e-05,1.333327293395996,2.48788673298533e-05,0.006667035410255303,True,True,joint,900,train,8:6|37:4|40:2,10121,10417,mp-aaabqvan,mp-aaabraoy,8:3|37:2|40:1,False
9,0.33001828208216466,0.3313807113850089,0.0035086824032077857,0.9999560261197428,0.00023131180205382407,2.026646614074707,0.00011413524215193906,0.010631781915446215,True,True,joint,900,train,8:18|56:8|73:4,10582,16766,mp-aaabruec,mp-aaacpwra,8:9|56:4|73:2,False
10,0.1434457298446432,0.13925564399693258,0.00653242794084008,0.9983063570770833,0.0005840997910127044,0.1721307337284088,0.0033933498008223697,0.045539368428150005,True,True,joint,900,train,59:1|68:3,11977,11981,mp-aaacdnzr,mp-aaacdoad,59:1|68:3,False
11,0.10178208757452012,0.10107674175549164,0.0034054924002475673,0.998749298463406,0.00024513847893103957,0.09805137664079666,0.002500102368058377,0.033458661355852265,True,True,joint,900,train,62:3|69:1,12147,12167,mp-aaacdsei,mp-aaacdspp,62:3|69:1,False
12,0.2569476258940995,0.2583341461249802,0.0036315764700702857,0.9998476333973538,0.0002663494669832289,0.586344838142395,0.00045425396397630677,0.014133528019313297,True,True,joint,900,train,48:2|71:1,12799,13366,mp-aaacfkmg,mp-aaacilmc,48:2|71:1,False
13,0.3711048242627939,0.36762027634847527,0.006882553678529746,0.9994603426863518,0.0013567609712481499,1.2508291006088257,0.001084689323735563,0.01854611750790914,True,True,joint,900,train,15:1|20:3|83:1,12895,12903,mp-aaacfrja,mp-aaacfroo,15:1|20:3|83:1,False
14,0.3156082618079381,0.31269905168028345,0.0043086189371024375,0.9999254548657077,0.0006025767652317882,2.3338234424591064,0.00025819295250409526,0.013651793880238874,True,True,joint,900,train,46:2|51:2|57:2,13082,13180,mp-aaacfzan,mp-aaacgikg,46:1|51:1|57:1,False
15,0.2423462098959135,0.2450453371657204,0.0028925494643772254,0.999982613255385,7.079836359480396e-05,0.575656533241272,0.00012298716249456792,0.011935608424078764,True,True,joint,900,train,19:3|31:1,15832,15834,mp-aaacpkso,mp-aaacpktf,19:3|31:1,False
0,0.2116293776424527,0.21214505299576558,0.003204243161121667,0.999893857123609,7.33579508960247e-05,0.33785775303840637,0.00021712673524968852,0.01514082400476189,True,True,joint,1000,train,15:16|48:8,423,3943,mp-aaaaabjd,mp-aaaaarxw,15:2|48:1,False
1,0.2833879719401011,0.2849447706298065,0.004202225697952144,0.9999360859750523,0.0001864016812760383,1.2531861066818237,0.00014874221816070973,0.01482852525173636,True,True,joint,1000,train,8:3|60:2,1183,2658,mp-aaaaaech,mp-aaaaalty,8:3|60:2,False
2,0.16268929076613858,0.16299541838816367,0.0019593537726905197,0.9999355448840976,2.9758784876321442e-05,0.2212611436843872,0.00013449620833005441,0.012043532573431876,True,True,joint,1000,train,16:6|19:2|42:6,2704,14113,mp-aaaaamae,mp-aaackvdk,16:3|19:1|42:3,False
3,0.4171052366407366,0.419988355626856,0.009736923205309722,0.9998329715958402,0.0011159020941704512,2.3175158500671387,0.00048150785857111757,0.02334404449996484,True,True,joint,1000,train,8:3|68:2,4142,18148,mp-aaaaatio,mp-aaacrsyy,8:3|68:2,False
4,0.2721211942498485,0.27334496140224473,0.003133445908815702,0.9999373167100616,8.349440031452104e-05,0.6183542609214783,0.00013502680516844305,0.011514891067024803,True,True,joint,1000,train,8:16|11:2|41:6,4399,9528,mp-aaaaavmx,mp-aaabjmwk,8:8|11:1|41:3,False
5,0.2394487393903546,0.24191610488924198,0.0030757941713090986,0.9999841313923605,0.0002255481667816639,0.8398832082748413,0.0002685470605430369,0.012845313694865067,True,True,joint,1000,train,28:2|83:2,5792,12620,mp-aaaabhvh,mp-aaacewhi,28:1|83:1,False
6,0.3213603106123628,0.32301696237254873,0.00322222142267492,0.9999603463435477,8.53448364068754e-05,0.8843270540237427,9.650822737871824e-05,0.01002681823568962,True,True,joint,1000,train,8:8|23:2|83:2,5885,7789,mp-aaaabici,mp-aaabfbmg,8:4|23:1|83:1,False
7,0.7221765882568434,0.723257248616676,0.006012291246690893,0.9999853224032509,0.0005746464594267309,15.503423690795898,3.706577791380933e-05,0.008325236991139639,True,True,joint,1000,train,8:12|11:4|17:4,6004,8109,mp-aaaabini,mp-aaabfqcc,8:3|11:1|17:1,False
8,0.2874588755028924,0.28732155737816356,0.005201330718335839,0.9998366319484888,0.0004399337340146303,1.333327293395996,0.00032995179517709814,0.018094173329094177,True,True,joint,1000,train,8:6|37:4|40:2,10121,10417,mp-aaabqvan,mp-aaabraoy,8:3|37:2|40:1,False
9,0.33001828208216466,0.3313174607212659,0.005561076981621227,0.9999309003240787,0.0002869591990020126,2.026646614074707,0.0001415931110086638,0.016850814889814755,True,True,joint,1000,train,8:18|56:8|73:4,10582,16766,mp-aaabruec,mp-aaacpwra,8:9|56:4|73:2,False
10,0.1434457298446432,0.14079447675743495,0.007981062024271068,0.9981114368719185,0.0006683714454993606,0.1721307337284088,0.003882929161005785,0.055638198731428536,True,True,joint,1000,train,59:1|68:3,11977,11981,mp-aaacdnzr,mp-aaacdoad,59:1|68:3,False
11,0.10178208757452012,0.10140470767214538,0.0029443057239859627,0.9989354894760789,0.00020942612900398672,0.09805137664079666,0.0021358815773816465,0.028927543088859115,True,True,joint,1000,train,62:3|69:1,12147,12167,mp-aaacdsei,mp-aaacdspp,62:3|69:1,False
12,0.2569476258940995,0.25606613067066064,0.0027529874714673497,0.9998482912943567,0.0001784633204806596,0.586344838142395,0.00030436580809008407,0.010714196957017181,True,True,joint,1000,train,48:2|71:1,12799,13366,mp-aaacfkmg,mp-aaacilmc,48:2|71:1,False
13,0.3711048242627939,0.3701441343531542,0.008768078563058168,0.999385644024154,0.0015587776433676481,1.2508291006088257,0.0012461955375110256,0.02362695925733681,True,True,joint,1000,train,15:1|20:3|83:1,12895,12903,mp-aaacfrja,mp-aaacfroo,15:1|20:3|83:1,False
14,0.3156082618079381,0.3172402948148374,0.005117061165947234,0.9999421424650138,0.0005289931432344019,2.3338234424591064,0.00022666373711501144,0.01621333084449227,True,True,joint,1000,train,46:2|51:2|57:2,13082,13180,mp-aaacfzan,mp-aaacgikg,46:1|51:1|57:1,False
15,0.2423462098959135,0.24345888391326298,0.001669983033934841,0.9999816865124169,2.4204180590459146e-05,0.575656533241272,4.20462188697415e-05,0.006890898086056681,True,True,joint,1000,train,19:3|31:1,15832,15834,mp-aaacpkso,mp-aaacpktf,19:3|31:1,False
0,0.2116293776424527,0.2116072964417981,0.0025433368917902044,0.9999360694635411,4.3328247556928545e-05,0.33785775303840637,0.0001282440529106436,0.012017882016773519,True,True,joint,1100,train,15:16|48:8,423,3943,mp-aaaaabjd,mp-aaaaarxw,15:2|48:1,False
1,0.2833879719401011,0.2835965440650625,0.002719500397347474,0.9999711978140813,7.260178244905546e-05,1.2531861066818237,5.793375944877804e-05,0.009596386108872281,True,True,joint,1100,train,8:3|60:2,1183,2658,mp-aaaaaech,mp-aaaaalty,8:3|60:2,False
2,0.16268929076613858,0.16264971971395425,0.0018799483950715512,0.9999326308687944,2.99011699098628e-05,0.2212611436843872,0.000135139724092336,0.011555452643615773,True,True,joint,1100,train,16:6|19:2|42:6,2704,14113,mp-aaaaamae,mp-aaackvdk,16:3|19:1|42:3,False
3,0.4171052366407366,0.4173186723107847,0.003113810483228008,0.9999798463305184,0.00010774645488709211,2.3175158500671387,4.649221919408693e-05,0.007465287437544238,True,True,joint,1100,train,8:3|68:2,4142,18148,mp-aaaaatio,mp-aaacrsyy,8:3|68:2,False
4,0.2721211942498485,0.27274494579387465,0.003917804385764612,0.9999075722795505,0.00011831376468762755,0.6183542609214783,0.00019133653985227675,0.014397277641547735,True,True,joint,1100,train,8:16|11:2|41:6,4399,9528,mp-aaaaavmx,mp-aaabjmwk,8:8|11:1|41:3,False
5,0.2394487393903546,0.2387992627627682,0.0028779655985999852,0.999948403054889,0.00011583300511119887,0.8398832082748413,0.00013791561013480098,0.0120191302987328,True,True,joint,1100,train,28:2|83:2,5792,12620,mp-aaaabhvh,mp-aaacewhi,28:1|83:1,False
6,0.3213603106123628,0.3213640322542233,0.0030713556811861054,0.9999572034668908,7.653087959624827e-05,0.8843270540237427,8.654137544252213e-05,0.00955735845329977,True,True,joint,1100,train,8:8|23:2|83:2,5885,7789,mp-aaaabici,mp-aaabfbmg,8:4|23:1|83:1,False
7,0.7221765882568434,0.7257398781355278,0.0058495864493579575,0.9999893795214491,0.0003316339571028948,15.503423690795898,2.139101425059936e-05,0.008099939190049652,True,True,joint,1100,train,8:12|11:4|17:4,6004,8109,mp-aaaabini,mp-aaabfqcc,8:3|11:1|17:1,False
8,0.2874588755028924,0.2874162954872759,0.002536912757278742,0.9999666657591764,9.455591498408467e-05,1.333327293395996,7.091725748990703e-05,0.008825306760282014,True,True,joint,1100,train,8:6|37:4|40:2,10121,10417,mp-aaabqvan,mp-aaabraoy,8:3|37:2|40:1,False
9,0.33001828208216466,0.33013057715311334,0.0029135463194052136,0.9999802424605893,8.324524242198095e-05,2.026646614074707,4.107536155729236e-05,0.008828439142895205,True,True,joint,1100,train,8:18|56:8|73:4,10582,16766,mp-aaabruec,mp-aaacpwra,8:9|56:4|73:2,False
10,0.1434457298446432,0.13930079909255255,0.00649293360925185,0.9983678387779275,0.0005622766329906881,0.1721307337284088,0.0032665673399025824,0.04526404247992551,True,True,joint,1100,train,59:1|68:3,11977,11981,mp-aaacdnzr,mp-aaacdoad,59:1|68:3,False
11,0.10178208757452012,0.10147226766025597,0.003786636771792473,0.9990730227924988,0.00018171643023379147,0.09805137664079666,0.0018532777046006707,0.03720337106487498,True,True,joint,1100,train,62:3|69:1,12147,12167,mp-aaacdsei,mp-aaacdspp,62:3|69:1,False
12,0.2569476258940995,0.255256530996121,0.004765629077155609,0.9998084673640355,0.00023567945754621178,0.586344838142395,0.0004019468446125837,0.018547083517789553,True,True,joint,1100,train,48:2|71:1,12799,13366,mp-aaacfkmg,mp-aaacilmc,48:2|71:1,False
13,0.3711048242627939,0.36769577727102387,0.00638781371898034,0.9994728110427242,0.001319976756349206,1.2508291006088257,0.0010552814574802613,0.01721296329593624,True,True,joint,1100,train,15:1|20:3|83:1,12895,12903,mp-aaacfrja,mp-aaacfroo,15:1|20:3|83:1,False
14,0.3156082618079381,0.31396135308477824,0.0039326927699221415,0.9999363808207202,0.0003016884147655219,2.3338234424591064,0.00012926788259853898,0.012460677510132363,True,True,joint,1100,train,46:2|51:2|57:2,13082,13180,mp-aaacfzan,mp-aaacgikg,46:1|51:1|57:1,False
15,0.2423462098959135,0.24206490442884387,0.001721745873510372,0.9999784335288896,3.3920623536687344e-05,0.575656533241272,5.892510825108688e-05,0.007104488550697175,True,True,joint,1100,train,19:3|31:1,15832,15834,mp-aaacpkso,mp-aaacpktf,19:3|31:1,False
0,0.2116293776424527,0.21122627226577606,0.0027820096346431455,0.9998969359995263,7.347677455982193e-05,0.33785775303840637,0.00021747843256232565,0.013145668458862756,True,True,joint,1200,train,15:16|48:8,423,3943,mp-aaaaabjd,mp-aaaaarxw,15:2|48:1,False
1,0.2833879719401011,0.2851532040389202,0.0042420394150894936,0.9999120222085152,0.0002529873454477638,1.2531861066818237,0.00020187531931519867,0.014969017160637012,True,True,joint,1200,train,8:3|60:2,1183,2658,mp-aaaaaech,mp-aaaaalty,8:3|60:2,False
2,0.16268929076613858,0.16204827421461232,0.0031010564125608653,0.9998171406722465,8.45070680952631e-05,0.2212611436843872,0.0003819336133225734,0.019061220305020256,True,True,joint,1200,train,16:6|19:2|42:6,2704,14113,mp-aaaaamae,mp-aaackvdk,16:3|19:1|42:3,False
3,0.4171052366407366,0.4166444935781328,0.005151095449718923,0.9999523239307335,0.00026211058138869703,2.3175158500671387,0.00011309980097055373,0.012349630254476265,True,True,joint,1200,train,8:3|68:2,4142,18148,mp-aaaaatio,mp-aaacrsyy,8:3|68:2,False
4,0.2721211942498485,0.2712851538699397,0.004767167335558042,0.9998755355800887,0.0001716584083624184,0.6183542609214783,0.0002776052810028529,0.017518544811254432,True,True,joint,1200,train,8:16|11:2|41:6,4399,9528,mp-aaaaavmx,mp-aaabjmwk,8:8|11:1|41:3,False
5,0.2394487393903546,0.23830991415889002,0.0024434834776911885,0.9999642726353319,7.236881356220692e-05,0.8398832082748413,8.616532971394415e-05,0.010204620345516908,True,True,joint,1200,train,28:2|83:2,5792,12620,mp-aaaabhvh,mp-aaacewhi,28:1|83:1,False
6,0.3213603106123628,0.319205062607125,0.004514105542966718,0.9999287203277495,0.0001645117881707847,0.8843270540237427,0.00018603048207362414,0.014046867002228553,True,True,joint,1200,train,8:8|23:2|83:2,5885,7789,mp-aaaabici,mp-aaabfbmg,8:4|23:1|83:1,False
7,0.7221765882568434,0.7234771342166368,0.005954573481403713,0.9999808740774386,0.0006278045475482941,15.503423690795898,4.049457462231457e-05,0.008245315035449416,True,True,joint,1200,train,8:12|11:4|17:4,6004,8109,mp-aaaabini,mp-aaabfqcc,8:3|11:1|17:1,False
8,0.2874588755028924,0.287453552976217,0.003317847931242568,0.9999371253594191,0.000168013502843678,1.333327293395996,0.0001260106979552981,0.011541991616846716,True,True,joint,1200,train,8:6|37:4|40:2,10121,10417,mp-aaabqvan,mp-aaabraoy,8:3|37:2|40:1,False
9,0.33001828208216466,0.32947945220053043,0.005708937365625388,0.9998944129926473,0.0004552598111331463,2.026646614074707,0.0002246369978719755,0.017298851838165846,True,True,joint,1200,train,8:18|56:8|73:4,10582,16766,mp-aaabruec,mp-aaacpwra,8:9|56:4|73:2,False
10,0.1434457298446432,0.13935429266894062,0.007293322950772563,0.9982272652484993,0.0006097594741731882,0.1721307337284088,0.0035424206994625284,0.05084377874943708,True,True,joint,1200,train,59:1|68:3,11977,11981,mp-aaacdnzr,mp-aaacdoad,59:1|68:3,False
11,0.10178208757452012,0.10166727784644536,0.00410274444402603,0.9994145349693657,0.00011486542643979192,0.09805137664079666,0.0011714820370201653,0.040309100960639964,True,True,joint,1200,train,62:3|69:1,12147,12167,mp-aaacdsei,mp-aaacdspp,62:3|69:1,False
12,0.2569476258940995,0.2541259307472501,0.004967292450601235,0.9998838580423243,0.0002236445143353194,0.586344838142395,0.0003814214772382918,0.019331925847987777,True,True,joint,1200,train,48:2|71:1,12799,13366,mp-aaacfkmg,mp-aaacilmc,48:2|71:1,False
13,0.3711048242627939,0.3698559789684168,0.011281017571910468,0.9991655884945742,0.0020867104176431894,1.2508291006088257,0.0016682618086095926,0.030398466509618683,True,True,joint,1200,train,15:1|20:3|83:1,12895,12903,mp-aaacfrja,mp-aaacfroo,15:1|20:3|83:1,False
14,0.3156082618079381,0.314205668069917,0.005433127083961153,0.9998765973117141,0.0007633627392351627,2.3338234424591064,0.00032708675615616473,0.01721478092125312,True,True,joint,1200,train,46:2|51:2|57:2,13082,13180,mp-aaacfzan,mp-aaacgikg,46:1|51:1|57:1,False
15,0.2423462098959135,0.23659961185330758,0.007222775129775982,0.9998937493270924,0.0006242339732125401,0.575656533241272,0.001084386152447102,0.029803540698565615,True,True,joint,1200,train,19:3|31:1,15832,15834,mp-aaacpkso,mp-aaacpktf,19:3|31:1,False
0,0.2116293776424527,0.21132744477654342,0.002768344714354498,0.9999135427493848,5.873509871889837e-05,0.33785775303840637,0.0001738456441821585,0.01308109840511656,True,True,joint,1300,train,15:16|48:8,423,3943,mp-aaaaabjd,mp-aaaaarxw,15:2|48:1,False
1,0.2833879719401011,0.2813382011601675,0.003847590426801162,0.9999757150071577,0.00021148697123862803,1.2531861066818237,0.0001687594285565466,0.01357711267863696,True,True,joint,1300,train,8:3|60:2,1183,2658,mp-aaaaaech,mp-aaaaalty,8:3|60:2,False
2,0.16268929076613858,0.1619056210911367,0.002547406969824806,0.9998802109770539,6.0586127801798284e-05,0.2212611436843872,0.00027382181431828787,0.015658110978470204,True,True,joint,1300,train,16:6|19:2|42:6,2704,14113,mp-aaaaamae,mp-aaackvdk,16:3|19:1|42:3,False
3,0.4171052366407366,0.415288379133699,0.0036791227948924643,0.9999892681621806,0.00018005816673394293,2.3175158500671387,7.769447045150808e-05,0.008820610416026463,True,True,joint,1300,train,8:3|68:2,4142,18148,mp-aaaaatio,mp-aaacrsyy,8:3|68:2,False
4,0.2721211942498485,0.27052716544312716,0.003004036901984364,0.9999603315267019,9.108874655794352e-05,0.6183542609214783,0.00014730835107726448,0.01103933455189162,True,True,joint,1300,train,8:16|11:2|41:6,4399,9528,mp-aaaaavmx,mp-aaabjmwk,8:8|11:1|41:3,False
5,0.2394487393903546,0.2388902251550462,0.0010706383327487856,0.999993206919368,2.4268145352834836e-05,0.8398832082748413,2.8894666679528838e-05,0.00447126318340481,True,True,joint,1300,train,28:2|83:2,5792,12620,mp-aaaabhvh,mp-aaacewhi,28:1|83:1,False
6,0.3213603106123628,0.3200296796362636,0.0024599916300758196,0.9999793819661427,6.420570571208373e-05,0.8843270540237427,7.26040274578775e-05,0.007654932948590394,True,True,joint,1300,train,8:8|23:2|83:2,5885,7789,mp-aaaabici,mp-aaabfbmg,8:4|23:1|83:1,False
7,0.7221765882568434,0.7245970938474784,0.004081119108377607,0.9999942779107233,0.00019878028251696378,15.503423690795898,1.282170225632007e-05,0.00565113737379444,True,True,joint,1300,train,8:12|11:4|17:4,6004,8109,mp-aaaabini,mp-aaabfqcc,8:3|11:1|17:1,False
8,0.2874588755028924,0.28640184110059863,0.0027121114920021228,0.9999802554749762,0.00011926077422685921,1.333327293395996,8.944598585625664e-05,0.009434780843894429,True,True,joint,1300,train,8:6|37:4|40:2,10121,10417,mp-aaabqvan,mp-aaabraoy,8:3|37:2|40:1,False
9,0.33001828208216466,0.3288548672437628,0.0027160517213360436,0.999988269925094,0.00010078774357680231,2.026646614074707,4.973128658782889e-05,0.008230003817363754,True,True,joint,1300,train,8:18|56:8|73:4,10582,16766,mp-aaabruec,mp-aaacpwra,8:9|56:4|73:2,False
10,0.1434457298446432,0.13835078505701404,0.006495733253927938,0.998447425612101,0.0005613539251498878,0.1721307337284088,0.0032612068338452728,0.04528355958007984,True,True,joint,1300,train,59:1|68:3,11977,11981,mp-aaacdnzr,mp-aaacdoad,59:1|68:3,False
11,0.10178208757452012,0.1009226592370851,0.0019099140433809225,0.9998565545274272,3.544742503436282e-05,0.09805137664079666,0.00036151889191950474,0.018764736398067805,True,True,joint,1300,train,62:3|69:1,12147,12167,mp-aaacdsei,mp-aaacdspp,62:3|69:1,False
12,0.2569476258940995,0.2556043102813419,0.0035119732201565057,0.999926182427826,9.93991270661354e-05,0.586344838142395,0.00016952332586578708,0.013668050864202029,True,True,joint,1300,train,48:2|71:1,12799,13366,mp-aaacfkmg,mp-aaacilmc,48:2|71:1,False
13,0.3711048242627939,0.36484382945241123,0.008820995745701055,0.9994860242466554,0.0014903543051332235,1.2508291006088257,0.0011914931499497508,0.023769552883674078,True,True,joint,1300,train,15:1|20:3|83:1,12895,12903,mp-aaacfrja,mp-aaacfroo,15:1|20:3|83:1,False
14,0.3156082618079381,0.3130612377590296,0.0038734197314624907,0.9999845248985851,0.0004863946815021336,2.3338234424591064,0.00020841108742554603,0.012272871785022035,True,True,joint,1300,train,46:2|51:2|57:2,13082,13180,mp-aaacfzan,mp-aaacgikg,46:1|51:1|57:1,False
15,0.2423462098959135,0.24199590945681848,0.0019258018455730053,0.9999804490135781,2.8040776669513434e-05,0.575656533241272,4.871095010705081e-05,0.007946490462549952,True,True,joint,1300,train,19:3|31:1,15832,15834,mp-aaacpkso,mp-aaacpktf,19:3|31:1,False
0,0.2116293776424527,0.2122656252759043,0.0014541191281978172,0.9999796494946892,1.7081341866287403e-05,0.33785775303840637,5.055779159327346e-05,0.006871064614925758,True,True,joint,1400,train,15:16|48:8,423,3943,mp-aaaaabjd,mp-aaaaarxw,15:2|48:1,False
1,0.2833879719401011,0.28469900407179694,0.0023451448698210697,0.9999816725013501,6.164414662634954e-05,1.2531861066818237,4.918993778950392e-05,0.008275386050318169,True,True,joint,1400,train,8:3|60:2,1183,2658,mp-aaaaaech,mp-aaaaalty,8:3|60:2,False
2,0.16268929076613858,0.16266686929157004,0.0015657624462619424,0.9999552488823765,1.9831186364172027e-05,0.2212611436843872,8.962796645605231e-05,0.009624250243445239,True,True,joint,1400,train,16:6|19:2|42:6,2704,14113,mp-aaaaamae,mp-aaackvdk,16:3|19:1|42:3,False
3,0.4171052366407366,0.41774922629701905,0.004441411318794053,0.9999503971930901,0.00023146680905483663,2.3175158500671387,9.987712017077727e-05,0.010648179233049414,True,True,joint,1400,train,8:3|68:2,4142,18148,mp-aaaaatio,mp-aaacrsyy,8:3|68:2,False
4,0.2721211942498485,0.2736674683460478,0.002828687677265407,0.9999641159537601,6.06874018558301e-05,0.6183542609214783,9.814341986645822e-05,0.010394955398689905,True,True,joint,1400,train,8:16|11:2|41:6,4399,9528,mp-aaaaavmx,mp-aaabjmwk,8:8|11:1|41:3,False
5,0.2394487393903546,0.23984468693379313,0.0009219373459927738,0.9999957202804454,9.967527148546651e-06,0.8398832082748413,1.186775381427188e-05,0.0038502493199173257,True,True,joint,1400,train,28:2|83:2,5792,12620,mp-aaaabhvh,mp-aaacewhi,28:1|83:1,False
6,0.3213603106123628,0.32274875393568436,0.002172140108541498,0.9999839845200542,4.197913222014904e-05,0.8843270540237427,4.747014357317397e-05,0.006759204658479488,True,True,joint,1400,train,8:8|23:2|83:2,5885,7789,mp-aaaabici,mp-aaabfbmg,8:4|23:1|83:1,False
7,0.7221765882568434,0.7238021673139201,0.0029704577492566386,0.9999973972447741,8.092899952316657e-05,15.503423690795898,5.220072748912399e-06,0.0041132013936184125,True,True,joint,1400,train,8:12|11:4|17:4,6004,8109,mp-aaaabini,mp-aaabfqcc,8:3|11:1|17:1,False
8,0.2874588755028924,0.28811262674133786,0.0031869172234166854,0.9999504358803669,0.00014203281898517162,1.333327293395996,0.00010652509679256081,0.011086515307072572,True,True,joint,1400,train,8:6|37:4|40:2,10121,10417,mp-aaabqvan,mp-aaabraoy,8:3|37:2|40:1,False
9,0.33001828208216466,0.3309024745667557,0.0028778973337466596,0.999975455366249,0.00010040871711680666,2.026646614074707,4.9544265102502645e-05,0.00872041789803072,True,True,joint,1400,train,8:18|56:8|73:4,10582,16766,mp-aaabruec,mp-aaacpwra,8:9|56:4|73:2,False
10,0.1434457298446432,0.13951671531071952,0.005118673249171479,0.9986761382100711,0.00045931851491332054,0.1721307337284088,0.002668428263589709,0.035683692046568294,True,True,joint,1400,train,59:1|68:3,11977,11981,mp-aaacdnzr,mp-aaacdoad,59:1|68:3,False
11,0.10178208757452012,0.10146244091447443,0.0016902946858863288,0.9998617238108182,2.7776068236562423e-05,0.09805137664079666,0.00028328075737598074,0.016606995652833054,True,True,joint,1400,train,62:3|69:1,12147,12167,mp-aaacdsei,mp-aaacdspp,62:3|69:1,False
12,0.2569476258940995,0.2555906037450768,0.004274977778550237,0.9999141805934216,0.00015742977848276496,0.586344838142395,0.0002684935011648091,0.016637545350631736,True,True,joint,1400,train,48:2|71:1,12799,13366,mp-aaacfkmg,mp-aaacilmc,48:2|71:1,False
13,0.3711048242627939,0.3681483706018298,0.006366406311336448,0.999500974371428,0.001255340175703168,1.2508291006088257,0.0010036064679756383,0.01715527768733113,True,True,joint,1400,train,15:1|20:3|83:1,12895,12903,mp-aaacfrja,mp-aaacfroo,15:1|20:3|83:1,False
14,0.3156082618079381,0.3144342312007211,0.004689268214860931,0.9999254247199196,0.0007190073374658823,2.3338234424591064,0.0003080812902917273,0.014857875354716039,True,True,joint,1400,train,46:2|51:2|57:2,13082,13180,mp-aaacfzan,mp-aaacgikg,46:1|51:1|57:1,False
15,0.2423462098959135,0.24104831779186497,0.0023075721655914094,0.9999920635800478,4.4058848288841546e-05,0.575656533241272,7.653669461678008e-05,0.009521800099875712,True,True,joint,1400,train,19:3|31:1,15832,15834,mp-aaacpkso,mp-aaacpktf,19:3|31:1,False
0,0.2116293776424527,0.21183733695943374,0.003337347729143403,0.9998781432422559,8.234151755459607e-05,0.33785775303840637,0.0002437165251177048,0.015769775285082787,True,True,joint,1500,train,15:16|48:8,423,3943,mp-aaaaabjd,mp-aaaaarxw,15:2|48:1,False
1,0.2833879719401011,0.28251872561230584,0.002753701478638959,0.9999658679329289,0.00010737035336205736,1.2531861066818237,8.567789954706067e-05,0.009717072534119412,True,True,joint,1500,train,8:3|60:2,1183,2658,mp-aaaaaech,mp-aaaaalty,8:3|60:2,False
2,0.16268929076613858,0.16229107580147684,0.0018086786731146276,0.9999548923773209,2.4458653570036404e-05,0.2212611436843872,0.00011054201909452696,0.011117380035263377,True,True,joint,1500,train,16:6|19:2|42:6,2704,14113,mp-aaaaamae,mp-aaackvdk,16:3|19:1|42:3,False
3,0.4171052366407366,0.4162088674961524,0.003420755478373394,0.9999830607095418,0.0001310977095272392,2.3175158500671387,5.656820406360599e-05,0.008201180848083616,True,True,joint,1500,train,8:3|68:2,4142,18148,mp-aaaaatio,mp-aaacrsyy,8:3|68:2,False
4,0.2721211942498485,0.2706444462487525,0.0034115072389795387,0.9999455508537464,9.595951996743679e-05,0.6183542609214783,0.00015518534605783564,0.012536720075714713,True,True,joint,1500,train,8:16|11:2|41:6,4399,9528,mp-aaaaavmx,mp-aaabjmwk,8:8|11:1|41:3,False
5,0.2394487393903546,0.23715174602693878,0.0027798359806183726,0.9999704501627324,0.0002097361139021814,0.8398832082748413,0.0002497205704743032,0.011609315579175477,True,True,joint,1500,train,28:2|83:2,5792,12620,mp-aaaabhvh,mp-aaacewhi,28:1|83:1,False
6,0.3213603106123628,0.31870968303428526,0.0033489718598502805,0.9999773561146005,0.00011125120363431051,0.8843270540237427,0.00012580323436686764,0.010421236690581679,True,True,joint,1500,train,8:8|23:2|83:2,5885,7789,mp-aaaabici,mp-aaabfbmg,8:4|23:1|83:1,False
7,0.7221765882568434,0.7237467961924722,0.003141496006037414,0.9999964696803523,0.00011323433864163235,15.503423690795898,7.3038279092415905e-06,0.0043500385599874025,True,True,joint,1500,train,8:12|11:4|17:4,6004,8109,mp-aaaabini,mp-aaabfqcc,8:3|11:1|17:1,False
8,0.2874588755028924,0.28630458326193775,0.0029158101558834915,0.9999653267024365,0.0001284627360291779,1.333327293395996,9.634748847147815e-05,0.01014339929766459,True,True,joint,1500,train,8:6|37:4|40:2,10121,10417,mp-aaabqvan,mp-aaabraoy,8:3|37:2|40:1,False
9,0.33001828208216466,0.3285503740680724,0.003644658476332552,0.9999709418899996,0.00020688145013991743,2.026646614074707,0.00010208067292203874,0.011043807795548553,True,True,joint,1500,train,8:18|56:8|73:4,10582,16766,mp-aaabruec,mp-aaacpwra,8:9|56:4|73:2,False
10,0.1434457298446432,0.13936021672429888,0.004915796249179039,0.9988127884744464,0.0004226081364322454,0.1721307337284088,0.00245515793303388,0.034269380165607016,True,True,joint,1500,train,59:1|68:3,11977,11981,mp-aaacdnzr,mp-aaacdoad,59:1|68:3,False
11,0.10178208757452012,0.1013697822299946,0.001701408244571212,0.9998597779616288,2.8940699849044904e-05,0.09805137664079666,0.00029515852648420054,0.01671618538306674,True,True,joint,1500,train,62:3|69:1,12147,12167,mp-aaacdsei,mp-aaacdspp,62:3|69:1,False
12,0.2569476258940995,0.2537861634627916,0.0039798522484488785,0.9999629348679734,0.00020052109903190285,0.586344838142395,0.0003419849310299648,0.01548896291452472,True,True,joint,1500,train,48:2|71:1,12799,13366,mp-aaacfkmg,mp-aaacilmc,48:2|71:1,False
13,0.3711048242627939,0.36691702030759643,0.0066645521142945086,0.9995022388611593,0.0012917767744511366,1.2508291006088257,0.0010327364256415047,0.0179586781916235,True,True,joint,1500,train,15:1|20:3|83:1,12895,12903,mp-aaacfrja,mp-aaacfroo,15:1|20:3|83:1,False
14,0.3156082618079381,0.31472355453570344,0.0029038342354397173,0.9999751434390256,0.00015240631182678044,2.3338234424591064,6.530327404124141e-05,0.009200754818030815,True,True,joint,1500,train,46:2|51:2|57:2,13082,13180,mp-aaacfzan,mp-aaacgikg,46:1|51:1|57:1,False
15,0.2423462098959135,0.24053620760059857,0.0027311155481584137,0.9999867510646668,8.085188164841384e-05,0.575656533241272,0.0001404516008759112,0.011269479103186365,True,True,joint,1500,train,19:3|31:1,15832,15834,mp-aaacpkso,mp-aaacpktf,19:3|31:1,False
0,0.2116293776424527,0.21299681668460835,0.004245015059609614,0.9998313149547067,0.00013381712778937072,0.33785775303840637,0.00039607535001323147,0.02005872297551031,True,True,joint,1600,train,15:16|48:8,423,3943,mp-aaaaabjd,mp-aaaaarxw,15:2|48:1,False
1,0.2833879719401011,0.2894038741255258,0.007479552818438151,0.9999386554257761,0.0008599327993579209,1.2531861066818237,0.0006861972014953503,0.026393331965476226,True,True,joint,1600,train,8:3|60:2,1183,2658,mp-aaaaaech,mp-aaaaalty,8:3|60:2,False
2,0.16268929076613858,0.1620478220283985,0.002117046795319766,0.9999249681293954,3.7635662010870874e-05,0.2212611436843872,0.00017009611983455797,0.013012822081589642,True,True,joint,1600,train,16:6|19:2|42:6,2704,14113,mp-aaaaamae,mp-aaackvdk,16:3|19:1|42:3,False
3,0.4171052366407366,0.4213509151031758,0.006958964773048137,0.9999404528109923,0.0006883174064569175,2.3175158500671387,0.00029700655830982854,0.01668395445977599,True,True,joint,1600,train,8:3|68:2,4142,18148,mp-aaaaatio,mp-aaacrsyy,8:3|68:2,False
4,0.2721211942498485,0.27351688682983877,0.004362545787898853,0.9998901938815428,0.00015107583021745086,0.6183542609214783,0.00024431921920019766,0.016031628113072936,True,True,joint,1600,train,8:16|11:2|41:6,4399,9528,mp-aaaaavmx,mp-aaabjmwk,8:8|11:1|41:3,False
5,0.2394487393903546,0.2405612129077781,0.002448188286507502,0.9999816781315968,9.301960380980745e-05,0.8398832082748413,0.00011075302243614798,0.010224268846604415,True,True,joint,1600,train,28:2|83:2,5792,12620,mp-aaaabhvh,mp-aaacewhi,28:1|83:1,False
6,0.3213603106123628,0.32372781591084276,0.004327478546201746,0.9999295270891102,0.00016898768080864102,0.8843270540237427,0.00019109183648711938,0.013466126348818842,True,True,joint,1600,train,8:8|23:2|83:2,5885,7789,mp-aaaabici,mp-aaabfbmg,8:4|23:1|83:1,False
7,0.7221765882568434,0.7261310723791894,0.006762989151297916,0.9999765966746277,0.001019537914544344,15.503423690795898,6.576211389679205e-05,0.009364730539966835,True,True,joint,1600,train,8:12|11:4|17:4,6004,8109,mp-aaaabini,mp-aaabfqcc,8:3|11:1|17:1,False
8,0.2874588755028924,0.29057836844822305,0.004746665026431174,0.9999473589294535,0.0003259189543314278,1.333327293395996,0.0002444403230517463,0.01651250119909209,True,True,joint,1600,train,8:6|37:4|40:2,10121,10417,mp-aaabqvan,mp-aaabraoy,8:3|37:2|40:1,False
9,0.33001828208216466,0.33358534720900934,0.00560261013743002,0.9999553183750046,0.0005036808433942497,2.026646614074707,0.00024852919097798017,0.016976665965539258,True,True,joint,1600,train,8:18|56:8|73:4,10582,16766,mp-aaabruec,mp-aaacpwra,8:9|56:4|73:2,False
10,0.1434457298446432,0.14011332016229971,0.004803422114264322,0.9988327460717735,0.00040311439079232514,0.1721307337284088,0.0023419082813436838,0.033485988878627464,True,True,joint,1600,train,59:1|68:3,11977,11981,mp-aaacdnzr,mp-aaacdoad,59:1|68:3,False
11,0.10178208757452012,0.10181006893799349,0.002825310698881367,0.9997110670544348,5.666543438564986e-05,0.09805137664079666,0.0005779157450612767,0.027758427501428536,True,True,joint,1600,train,62:3|69:1,12147,12167,mp-aaacdsei,mp-aaacdspp,62:3|69:1,False
12,0.2569476258940995,0.2535816658346448,0.00494879818870686,0.9999374417617705,0.00026096144574694335,0.586344838142395,0.00044506479595471144,0.01925994907128077,True,True,joint,1600,train,48:2|71:1,12799,13366,mp-aaacfkmg,mp-aaacilmc,48:2|71:1,False
13,0.3711048242627939,0.3708029143656404,0.005442134395444498,0.9998847634566741,0.000293394667096436,1.2508291006088257,0.00023456015450362466,0.014664682428355362,True,True,joint,1600,train,15:1|20:3|83:1,12895,12903,mp-aaacfrja,mp-aaacfroo,15:1|20:3|83:1,False
14,0.3156082618079381,0.31477254250603437,0.00510148324065085,0.9999490888395872,0.0004684094456024468,2.3338234424591064,0.00020070474787454035,0.01616397242400243,True,True,joint,1600,train,46:2|51:2|57:2,13082,13180,mp-aaacfzan,mp-aaacgikg,46:1|51:1|57:1,False
15,0.2423462098959135,0.24234562207311683,0.0022123640974314185,0.9999731614562496,3.203360392944887e-05,0.575656533241272,5.564707786617405e-05,0.009128940363381867,True,True,joint,1600,train,19:3|31:1,15832,15834,mp-aaacpkso,mp-aaacpktf,19:3|31:1,False
0,0.2116293776424527,0.21227775092120282,0.0015592480577879542,0.9999768586814569,1.9081522623309866e-05,0.33785775303840637,5.647797764504978e-05,0.007367824236681826,True,True,joint,1700,train,15:16|48:8,423,3943,mp-aaaaabjd,mp-aaaaarxw,15:2|48:1,False
1,0.2833879719401011,0.2820314014421683,0.0026758174968790627,0.9999769324595975,0.00011727534729288891,1.2531861066818237,9.358174868648173e-05,0.009442240891736373,True,True,joint,1700,train,8:3|60:2,1183,2658,mp-aaaaaech,mp-aaaaalty,8:3|60:2,False
2,0.16268929076613858,0.1629411141620949,0.0014715813449583948,0.99996263076833,1.6641664842609316e-05,0.2212611436843872,7.521277602337368e-05,0.009045348578436873,True,True,joint,1700,train,16:6|19:2|42:6,2704,14113,mp-aaaaamae,mp-aaackvdk,16:3|19:1|42:3,False
3,0.4171052366407366,0.41546821039355564,0.003609618659311309,0.9999748821942958,0.00019781214359682053,2.3175158500671387,8.535524949746941e-05,0.008653975884796588,True,True,joint,1700,train,8:3|68:2,4142,18148,mp-aaaaatio,mp-aaacrsyy,8:3|68:2,False
4,0.2721211942498485,0.2714501102250324,0.002571258499756368,0.9999678595012271,4.873225771007128e-05,0.6183542609214783,7.88096092965381e-05,0.009448946109635118,True,True,joint,1700,train,8:16|11:2|41:6,4399,9528,mp-aaaaavmx,mp-aaabjmwk,8:8|11:1|41:3,False
5,0.2394487393903546,0.24061185205937363,0.0018721349479164928,0.9999850569198285,4.787474244949408e-05,0.8398832082748413,5.700166639577305e-05,0.007818520793565329,True,True,joint,1700,train,28:2|83:2,5792,12620,mp-aaaabhvh,mp-aaacewhi,28:1|83:1,False
6,0.3213603106123628,0.3219483754232897,0.002068890696591552,0.9999814332981605,3.351383929839358e-05,0.8843270540237427,3.789756193243613e-05,0.006437916034650364,True,True,joint,1700,train,8:8|23:2|83:2,5885,7789,mp-aaaabici,mp-aaabfbmg,8:4|23:1|83:1,False
7,0.7221765882568434,0.72455064151427,0.0032769670010566188,0.999996474864403,0.00016215202049352229,15.503423690795898,1.0459110434412562e-05,0.004537625636641601,True,True,joint,1700,train,8:12|11:4|17:4,6004,8109,mp-aaaabini,mp-aaabfqcc,8:3|11:1|17:1,False
8,0.2874588755028924,0.28625687695756596,0.002473794199289614,0.999977659393834,0.00010945358371827751,1.333327293395996,8.209055965508536e-05,0.008605732541609148,True,True,joint,1700,train,8:6|37:4|40:2,10121,10417,mp-aaabqvan,mp-aaabraoy,8:3|37:2|40:1,False
9,0.33001828208216466,0.3287455835240962,0.003554624316848276,0.9999680491332953,0.0002735462330747396,2.026646614074707,0.00013497480575794948,0.010770992123288737,True,True,joint,1700,train,8:18|56:8|73:4,10582,16766,mp-aaabruec,mp-aaacpwra,8:9|56:4|73:2,False
10,0.1434457298446432,0.140437518611634,0.0043936164915976406,0.9988710032661842,0.0003886318008881062,0.1721307337284088,0.0022577711282012946,0.03062912013035231,True,True,joint,1700,train,59:1|68:3,11977,11981,mp-aaacdnzr,mp-aaacdoad,59:1|68:3,False
11,0.10178208757452012,0.10156898902505418,0.0028570561335072853,0.9997022294457215,5.902090560994111e-05,0.09805137664079666,0.0006019385717159225,0.02807032358631357,True,True,joint,1700,train,62:3|69:1,12147,12167,mp-aaacdsei,mp-aaacdspp,62:3|69:1,False
12,0.2569476258940995,0.25571383358328603,0.0021711074805352837,0.9999690600023744,4.755609552375972e-05,0.586344838142395,8.11060188990879e-05,0.008449610978036832,True,True,joint,1700,train,48:2|71:1,12799,13366,mp-aaacfkmg,mp-aaacilmc,48:2|71:1,False
13,0.3711048242627939,0.37020358967856737,0.003972174228657366,0.9999547752464792,0.00013591645983979106,1.2508291006088257,0.0001086610950877585,0.01070364481665836,True,True,joint,1700,train,15:1|20:3|83:1,12895,12903,mp-aaacfrja,mp-aaacfroo,15:1|20:3|83:1,False
14,0.3156082618079381,0.3134909786458593,0.003631549479905516,0.9999553299121297,0.0006398720433935523,2.3338234424591064,0.0002741732865273352,0.011506509554288785,True,True,joint,1700,train,46:2|51:2|57:2,13082,13180,mp-aaacfzan,mp-aaacgikg,46:1|51:1|57:1,False
15,0.2423462098959135,0.2428349008641817,0.002204507147325785,0.999958871757079,4.840404290007427e-05,0.575656533241272,8.408493625101782e-05,0.009096520008596834,True,True,joint,1700,train,19:3|31:1,15832,15834,mp-aaacpkso,mp-aaacpktf,19:3|31:1,False
0,0.2116293776424527,0.2109246161126066,0.003082146655174256,0.9999015764380498,7.187052688095719e-05,0.33785775303840637,0.00021272421968895064,0.014563888480461985,True,True,joint,1800,train,15:16|48:8,423,3943,mp-aaaaabjd,mp-aaaaarxw,15:2|48:1,False
1,0.2833879719401011,0.2839564181796277,0.002030712445161953,0.9999813667093852,4.9800633860286325e-05,1.2531861066818237,3.973921638195308e-05,0.007165838519043351,True,True,joint,1800,train,8:3|60:2,1183,2658,mp-aaaaaech,mp-aaaaalty,8:3|60:2,False
2,0.16268929076613858,0.16248337551951408,0.001329044345766306,0.999971978106554,1.2441827493603341e-05,0.2212611436843872,5.623141635456199e-05,0.0081692183886693,True,True,joint,1800,train,16:6|19:2|42:6,2704,14113,mp-aaaaamae,mp-aaackvdk,16:3|19:1|42:3,False
3,0.4171052366407366,0.4180881043266709,0.002034852733459047,0.9999931375362189,3.5399174521444365e-05,2.3175158500671387,1.5274620244957052e-05,0.004878511595412353,True,True,joint,1800,train,8:3|68:2,4142,18148,mp-aaaaatio,mp-aaacrsyy,8:3|68:2,False
4,0.2721211942498485,0.2732866686321813,0.00334592948934187,0.9999324494744716,0.00010243118595099077,0.6183542609214783,0.00016565129800892242,0.012295732783936704,True,True,joint,1800,train,8:16|11:2|41:6,4399,9528,mp-aaaaavmx,mp-aaabjmwk,8:8|11:1|41:3,False
5,0.2394487393903546,0.23936967959161848,0.003127832605969161,0.9999479235738097,9.572487033437937e-05,0.8398832082748413,0.00011397402566364275,0.01306263968619229,True,True,joint,1800,train,28:2|83:2,5792,12620,mp-aaaabhvh,mp-aaacewhi,28:1|83:1,False
6,0.3213603106123628,0.3247866378205799,0.005198242330152425,0.9999033493127314,0.0002604688052088022,0.8843270540237427,0.00029453899891861623,0.01617574466569005,True,True,joint,1800,train,8:8|23:2|83:2,5885,7789,mp-aaaabici,mp-aaabfbmg,8:4|23:1|83:1,False
7,0.7221765882568434,0.7253380258551942,0.004765952085904246,0.999987700250678,0.0005862695397809148,15.503423690795898,3.781548846716821e-05,0.006599427568550902,True,True,joint,1800,train,8:12|11:4|17:4,6004,8109,mp-aaaabini,mp-aaabfqcc,8:3|11:1|17:1,False
8,0.2874588755028924,0.28983571421861143,0.0026909539640485036,0.9999830998109478,0.00013037970347795635,1.333327293395996,9.778522057092083e-05,0.009361178914169333,True,True,joint,1800,train,8:6|37:4|40:2,10121,10417,mp-aaabqvan,mp-aaabraoy,8:3|37:2|40:1,False
9,0.33001828208216466,0.33208797089719155,0.003919220709576621,0.999967357451471,0.0002526175230741501,2.026646614074707,0.00012464803746236046,0.011875768472126196,True,True,joint,1800,train,8:18|56:8|73:4,10582,16766,mp-aaabruec,mp-aaacpwra,8:9|56:4|73:2,False
10,0.1434457298446432,0.14040240027384243,0.004566528312125229,0.9989396007603386,0.00036495167296379805,0.1721307337284088,0.0021202005304853102,0.031834536427615794,True,True,joint,1800,train,59:1|68:3,11977,11981,mp-aaacdnzr,mp-aaacdoad,59:1|68:3,False
11,0.10178208757452012,0.10172650483036705,0.0019520174605531793,0.9998302211493859,3.338434180477634e-05,0.09805137664079666,0.0003404780529199217,0.019178398744513887,True,True,joint,1800,train,62:3|69:1,12147,12167,mp-aaacdsei,mp-aaacdspp,62:3|69:1,False
12,0.2569476258940995,0.2558083753392566,0.0035012261068914086,0.9999348164676436,9.06448985915631e-05,0.586344838142395,0.00015459315524757772,0.013626224779109004,True,True,joint,1800,train,48:2|71:1,12799,13366,mp-aaacfkmg,mp-aaacilmc,48:2|71:1,False
13,0.3711048242627939,0.3685350145897246,0.0038980135402297833,0.9999813850714804,0.00015214720042422414,1.2508291006088257,0.00012163708083715702,0.010503807240914353,True,True,joint,1800,train,15:1|20:3|83:1,12895,12903,mp-aaacfrja,mp-aaacfroo,15:1|20:3|83:1,False
14,0.3156082618079381,0.3160244738937763,0.003041493062482914,0.9999801155019473,9.72678535617888e-05,2.3338234424591064,4.167746873743777e-05,0.009636924727698669,True,True,joint,1800,train,46:2|51:2|57:2,13082,13180,mp-aaacfzan,mp-aaacgikg,46:1|51:1|57:1,False
15,0.2423462098959135,0.24203146315448976,0.001612027097507962,0.9999846055888687,2.1530584490392357e-05,0.575656533241272,3.740178951702847e-05,0.006651752871234586,True,True,joint,1800,train,19:3|31:1,15832,15834,mp-aaacpkso,mp-aaacpktf,19:3|31:1,False
0,0.2116293776424527,0.20646677030890714,0.015694042895233906,0.9975478436453393,0.0018770035821944475,0.33785775303840637,0.00555560310608316,0.07415814888303907,True,True,joint,1900,train,15:16|48:8,423,3943,mp-aaaaabjd,mp-aaaaarxw,15:2|48:1,False
1,0.2833879719401011,0.2892606723926292,0.017161387393571204,0.9988216371483184,0.0038967381697148085,1.2531861066818237,0.0031094648663418083,0.0605579244457085,True,True,joint,1900,train,8:3|60:2,1183,2658,mp-aaaaaech,mp-aaaaalty,8:3|60:2,False
2,0.16268929076613858,0.16072301438543946,0.014322029717732221,0.9972466780259238,0.0012514132540673018,0.2212611436843872,0.005655820236798337,0.08803302079864463,True,True,joint,1900,train,16:6|19:2|42:6,2704,14113,mp-aaaaamae,mp-aaackvdk,16:3|19:1|42:3,False
3,0.4171052366407366,0.4176884659764255,0.015594627821201357,0.9994005756720774,0.00279336329549551,2.3175158500671387,0.0012053265117537755,0.03738775362015751,True,True,joint,1900,train,8:3|68:2,4142,18148,mp-aaaaatio,mp-aaacrsyy,8:3|68:2,False
4,0.2721211942498485,0.2764074829844958,0.01880773791322099,0.9980364151608982,0.0027314152102917433,0.6183542609214783,0.004417233587460622,0.06911529976585594,True,True,joint,1900,train,8:16|11:2|41:6,4399,9528,mp-aaaaavmx,mp-aaabjmwk,8:8|11:1|41:3,False
5,0.2394487393903546,0.1654414532094961,0.11230837258335669,0.9441328548258935,0.09497736394405365,0.8398832082748413,0.11308401335840672,0.4690288738595909,True,False,joint,1900,train,28:2|83:2,5792,12620,mp-aaaabhvh,mp-aaacewhi,28:1|83:1,False
6,0.3213603106123628,0.323386158348967,0.022719551262071036,0.9974599762565602,0.004492140840739012,0.8843270540237427,0.005079727935834931,0.0706980623051371,True,True,joint,1900,train,8:8|23:2|83:2,5885,7789,mp-aaaabici,mp-aaabfbmg,8:4|23:1|83:1,False
7,0.7221765882568434,0.7350887746196122,0.017186809191002794,0.9998185306071785,0.009915442205965519,15.503423690795898,0.00063956467962958,0.02379862414605204,True,True,joint,1900,train,8:12|11:4|17:4,6004,8109,mp-aaaabini,mp-aaabfqcc,8:3|11:1|17:1,False
8,0.2874588755028924,0.2862129450247721,0.017329203903017287,0.9982227876400465,0.004856250714510679,1.333327293395996,0.0036422045348983795,0.060284114980624144,True,True,joint,1900,train,8:6|37:4|40:2,10121,10417,mp-aaabqvan,mp-aaabraoy,8:3|37:2|40:1,False
9,0.33001828208216466,0.33907647705166255,0.021394194518165932,0.9990616512264416,0.006713566370308399,2.026646614074707,0.0033126477619155963,0.06482730103067265,True,True,joint,1900,train,8:18|56:8|73:4,10582,16766,mp-aaabruec,mp-aaacpwra,8:9|56:4|73:2,False
10,0.1434457298446432,0.13861828319750202,0.011496900279780675,0.9973569365633708,0.0009351390763185918,0.1721307337284088,0.00543272578965516,0.08014808312685379,True,True,joint,1900,train,59:1|68:3,11977,11981,mp-aaacdnzr,mp-aaacdoad,59:1|68:3,False
11,0.10178208757452012,0.1010027439683654,0.00963691668039246,0.9964202772343537,0.0007023733342066407,0.09805137664079666,0.0071633194583257,0.09468185326162383,True,True,joint,1900,train,62:3|69:1,12147,12167,mp-aaacdsei,mp-aaacdspp,62:3|69:1,False
12,0.2569476258940995,0.25680913537507877,0.012607830518390983,0.9990124522270926,0.0011584137100726366,0.586344838142395,0.0019756526104034934,0.04906770581950144,True,True,joint,1900,train,48:2|71:1,12799,13366,mp-aaacfkmg,mp-aaacilmc,48:2|71:1,False
13,0.3711048242627939,0.37110747333724703,0.036174047123530784,0.9957908254328157,0.010543674230575562,1.2508291006088257,0.008429348362173184,0.09747662859244999,True,True,joint,1900,train,15:1|20:3|83:1,12895,12903,mp-aaacfrja,mp-aaacfroo,15:1|20:3|83:1,False
14,0.3156082618079381,0.31302336278167786,0.03361650768056279,0.9977359910011806,0.012424295768141747,2.3338234424591064,0.0053235799855752995,0.10651339571401953,True,False,joint,1900,train,46:2|51:2|57:2,13082,13180,mp-aaacfzan,mp-aaacgikg,46:1|51:1|57:1,False
15,0.2423462098959135,0.24257716500324022,0.00854308094312728,0.9994946068035061,0.0005830094451084733,0.575656533241272,0.0010127730885390986,0.035251555808512504,True,True,joint,1900,train,19:3|31:1,15832,15834,mp-aaacpkso,mp-aaacpktf,19:3|31:1,False
0,0.2116293776424527,0.2117707832803717,0.0003827164886160972,0.9999971562418171,1.9260960471001454e-06,0.33785775303840637,5.7009082366128035e-06,0.0018084279832958528,True,True,joint,2000,train,15:16|48:8,423,3943,mp-aaaaabjd,mp-aaaaarxw,15:2|48:1,False
1,0.2833879719401011,0.2838281684093431,0.000753949560419187,0.9999978892306588,5.29130875293049e-06,1.2531861066818237,4.222284882283587e-06,0.0026604853948372486,True,True,joint,2000,train,8:3|60:2,1183,2658,mp-aaaaaech,mp-aaaaalty,8:3|60:2,False
2,0.16268929076613858,0.1626624339260161,0.0002396611380390823,0.9999991592572521,3.892498057211924e-07,0.2212611436843872,1.7592325486504249e-06,0.0014731217826967396,True,True,joint,2000,train,16:6|19:2|42:6,2704,14113,mp-aaaaamae,mp-aaackvdk,16:3|19:1|42:3,False
3,0.4171052366407366,0.4176054855347502,0.0007978295213888487,0.9999985841262458,6.562777343788184e-06,2.3175158500671387,2.831815516428101e-06,0.0019127775230404014,True,True,joint,2000,train,8:3|68:2,4142,18148,mp-aaaaatio,mp-aaacrsyy,8:3|68:2,False
4,0.2721211942498485,0.27224228849172505,0.0003211657240171917,0.9999990626639779,1.1592128430493176e-06,0.6183542609214783,1.8746743029179518e-06,0.0011802304664381006,True,True,joint,2000,train,8:16|11:2|41:6,4399,9528,mp-aaaaavmx,mp-aaabjmwk,8:8|11:1|41:3,False
5,0.2394487393903546,0.23877717438153923,0.004233123385347426,0.9998888771325617,0.00018670462304726243,0.8398832082748413,0.00022229831625133011,0.017678620468519132,True,True,joint,2000,train,28:2|83:2,5792,12620,mp-aaaabhvh,mp-aaacewhi,28:1|83:1,False
6,0.3213603106123628,0.32172621380277633,0.0005999153913762711,0.999997114629437,5.108355253469199e-06,0.8843270540237427,5.776545261423211e-06,0.0018667998864984674,True,True,joint,2000,train,8:8|23:2|83:2,5885,7789,mp-aaaabici,mp-aaabfbmg,8:4|23:1|83:1,False
7,0.7221765882568434,0.7237788702145735,0.00172918516500431,0.9999992383129737,2.3618313207407482e-05,15.503423690795898,1.523425643164822e-06,0.002394407674137066,True,True,joint,2000,train,8:12|11:4|17:4,6004,8109,mp-aaaabini,mp-aaabfqcc,8:3|11:1|17:1,False
8,0.2874588755028924,0.2879255877492142,0.0006198079256307665,0.9999984248515954,4.2088145164598245e-06,1.333327293395996,3.156625186708612e-06,0.0021561620755193205,True,True,joint,2000,train,8:6|37:4|40:2,10121,10417,mp-aaabqvan,mp-aaabraoy,8:3|37:2|40:1,False
9,0.33001828208216466,0.33053031822487355,0.0006000925757234654,0.9999986744533937,5.437365416582907e-06,2.026646614074707,2.6829371133681388e-06,0.0018183616129910656,True,True,joint,2000,train,8:18|56:8|73:4,10582,16766,mp-aaabruec,mp-aaacpwra,8:9|56:4|73:2,False
10,0.1434457298446432,0.14159412802655424,0.00301121579559549,0.9993522971931983,0.0002229530073236674,0.1721307337284088,0.0012952539183121532,0.020992021155713334,True,True,joint,2000,train,59:1|68:3,11977,11981,mp-aaacdnzr,mp-aaacdoad,59:1|68:3,False
11,0.10178208757452012,0.10175915648233058,0.0009790953777155664,0.999895039201826,2.058271820715163e-05,0.09805137664079666,0.00020991768715858793,0.009619525410094563,True,True,joint,2000,train,62:3|69:1,12147,12167,mp-aaacdsei,mp-aaacdspp,62:3|69:1,False
12,0.2569476258940995,0.2569001771917101,0.0002492397034075111,0.9999996758559114,4.04717411583988e-07,0.586344838142395,6.902378690092631e-07,0.0009700019704024618,True,True,joint,2000,train,48:2|71:1,12799,13366,mp-aaacfkmg,mp-aaacilmc,48:2|71:1,False
13,0.3711048242627939,0.37155296587479825,0.0013366270972809957,0.9999892765951525,2.6827108740690164e-05,1.2508291006088257,2.1447461309968242e-05,0.003601750798945361,True,True,joint,2000,train,15:1|20:3|83:1,12895,12903,mp-aaacfrja,mp-aaacfroo,15:1|20:3|83:1,False
14,0.3156082618079381,0.3157195466737903,0.0006746484687027987,0.9999988419636499,5.476568730955478e-06,2.3338234424591064,2.3466079872712733e-06,0.0021376134605543148,True,True,joint,2000,train,46:2|51:2|57:2,13082,13180,mp-aaacfzan,mp-aaacgikg,46:1|51:1|57:1,False
15,0.2423462098959135,0.24273949070629897,0.000676260759064462,0.9999956768445278,4.977301614417229e-06,0.575656533241272,8.646304396811419e-06,0.0027904738405230794,True,True,joint,2000,train,19:3|31:1,15832,15834,mp-aaacpkso,mp-aaacpktf,19:3|31:1,False
