active_gradients,all_parameter_tensors_active,angle_pairs,angular_max_abs_error,backward,batch_label,batch_size,boundary_extra,boundary_missing,case_id,category,checked_tensors,counts_equal,cpu_geometry_seconds,device,dtype,feature_atol,feature_rtol,finite_gradients,geometry_status,global_relative_l2,gradient_tensors,h2d_and_record_validation_seconds,id,index,matched_records,max_abs_error,max_distance_error_A,max_normalized_error,max_relative_l2_above_floor,max_vector_error_A,n_atoms,n_edges,operation,parameter_tensors,parameters_unchanged,peak_allocated_MiB,peak_reserved_MiB,registered,repetition,route,sample,samples,seconds,split,status,tensors,tensors_below_absolute_floor
,,,,,,,0,0,0,gpu_geometry,,,,,torch.float32,,,,pass,,,,,,26,,0.0,,,0.0,,,,,,,,,,,cubic_self_images,,,,pass,,
,,,0.0,,,,,,1,cpu_gpu_features,4,True,,,torch.float32,2e-05,2e-05,,,,,,,,,7.152557373046875e-07,,0.01828872412443161,,,,,,,,,,,,A,cubic_self_images,,,,pass,,
,,,0.0,,,,,,2,gpu_rebuilt_features,4,True,,,torch.float32,0.0001,0.0001,,,,,,,,,2.384185791015625e-07,,0.0012677424820140004,,,,,,,,,,,,A,cubic_self_images,,,,pass,,
,,,0.0,,,,,,3,gpu_orthogonal,4,True,,,torch.float32,2e-05,2e-05,,,,,,,,,2.384185791015625e-07,,0.007376951165497303,,,,,rotation_1,,,,,,,A,cubic_self_images,,,,pass,,
,,,0.0,,,,,,4,gpu_orthogonal,4,True,,,torch.float32,2e-05,2e-05,,,,,,,,,2.384185791015625e-07,,0.00606665899977088,,,,,rotation_2,,,,,,,A,cubic_self_images,,,,pass,,
,,,0.0,,,,,,5,gpu_orthogonal,4,True,,,torch.float32,2e-05,2e-05,,,,,,,,,2.384185791015625e-07,,0.007344049867242575,,,,,reflection,,,,,,,A,cubic_self_images,,,,pass,,
,,,0.0,,,,,,6,gpu_orthogonal,4,True,,,torch.float32,2e-05,2e-05,,,,,,,,,2.980232238769531e-07,,0.008433546870946884,,,,,inversion,,,,,,,A,cubic_self_images,,,,pass,,
,,,0.0,,,,,,7,gpu_orthogonal,4,True,,,torch.float32,2e-05,2e-05,,,,,,,,,2.384185791015625e-07,,0.006415901239961386,,,,,improper_with_translation,,,,,,,A,cubic_self_images,,,,pass,,
,,,,,,,,,8,gpu_padding,,,,,torch.float32,,,,,,,,,,,,,,,,,,,,,,,,,A,cubic_self_images,,,,pass,,
,,,2.561137080192566e-09,,,,,,9,cpu_gpu_features,4,True,,,torch.float32,2e-05,2e-05,,,,,,,,,8.344650268554688e-07,,0.026455624029040337,,,,,,,,,,,,B+,cubic_self_images,,,,pass,,
,,,2.7939677238464355e-09,,,,,,10,gpu_rebuilt_features,4,True,,,torch.float32,0.0001,0.0001,,,,,,,,,4.76837158203125e-07,,0.0028232962358742952,,,,,,,,,,,,B+,cubic_self_images,,,,pass,,
,,,4.190951585769653e-09,,,,,,11,gpu_orthogonal,4,True,,,torch.float32,2e-05,2e-05,,,,,,,,,4.76837158203125e-07,,0.011333306320011616,,,,,rotation_1,,,,,,,B+,cubic_self_images,,,,pass,,
,,,2.0954757928848267e-09,,,,,,12,gpu_orthogonal,4,True,,,torch.float32,2e-05,2e-05,,,,,,,,,5.960464477539062e-07,,0.011465003713965416,,,,,rotation_2,,,,,,,B+,cubic_self_images,,,,pass,,
,,,4.190951585769653e-09,,,,,,13,gpu_orthogonal,4,True,,,torch.float32,2e-05,2e-05,,,,,,,,,3.5762786865234375e-07,,0.012526193633675575,,,,,reflection,,,,,,,B+,cubic_self_images,,,,pass,,
,,,1.6298145055770874e-09,,,,,,14,gpu_orthogonal,4,True,,,torch.float32,2e-05,2e-05,,,,,,,,,3.5762786865234375e-07,,0.010924000293016434,,,,,inversion,,,,,,,B+,cubic_self_images,,,,pass,,
,,,6.05359673500061e-09,,,,,,15,gpu_orthogonal,4,True,,,torch.float32,2e-05,2e-05,,,,,,,,,3.5762786865234375e-07,,0.011639206670224667,,,,,improper_with_translation,,,,,,,B+,cubic_self_images,,,,pass,,
,,,,,,,,,16,gpu_padding,,,,,torch.float32,,,,,,,,,,,,,,,,,,,,,,,,,B+,cubic_self_images,,,,pass,,
,,,,,,,0,0,17,gpu_geometry,,,,,torch.float32,,,,pass,,,,,,56,,4.76837158203125e-07,,,7.152557373046875e-07,,,,,,,,,,,skew,,,,pass,,
,,,0.0,,,,,,18,cpu_gpu_features,4,True,,,torch.float32,2e-05,2e-05,,,,,,,,,5.960464477539062e-07,,0.017004793509840965,,,,,,,,,,,,A,skew,,,,pass,,
,,,0.0,,,,,,19,gpu_rebuilt_features,4,True,,,torch.float32,0.0001,0.0001,,,,,,,,,4.76837158203125e-07,,0.00221714423969388,,,,,,,,,,,,A,skew,,,,pass,,
,,,0.0,,,,,,20,gpu_orthogonal,4,True,,,torch.float32,2e-05,2e-05,,,,,,,,,3.5762786865234375e-07,,0.0097470972687006,,,,,rotation_1,,,,,,,A,skew,,,,pass,,
,,,0.0,,,,,,21,gpu_orthogonal,4,True,,,torch.float32,2e-05,2e-05,,,,,,,,,3.5762786865234375e-07,,0.009837126359343529,,,,,rotation_2,,,,,,,A,skew,,,,pass,,
,,,0.0,,,,,,22,gpu_orthogonal,4,True,,,torch.float32,2e-05,2e-05,,,,,,,,,3.5762786865234375e-07,,0.0075681619346141815,,,,,reflection,,,,,,,A,skew,,,,pass,,
,,,0.0,,,,,,23,gpu_orthogonal,4,True,,,torch.float32,2e-05,2e-05,,,,,,,,,3.5762786865234375e-07,,0.009965438395738602,,,,,inversion,,,,,,,A,skew,,,,pass,,
,,,0.0,,,,,,24,gpu_orthogonal,4,True,,,torch.float32,2e-05,2e-05,,,,,,,,,3.5762786865234375e-07,,0.009866966865956783,,,,,improper_with_translation,,,,,,,A,skew,,,,pass,,
,,,,,,,,,25,gpu_padding,,,,,torch.float32,,,,,,,,,,,,,,,,,,,,,,,,,A,skew,,,,pass,,
,,,2.3865140974521637e-09,,,,,,26,cpu_gpu_features,4,True,,,torch.float32,2e-05,2e-05,,,,,,,,,5.960464477539062e-07,,0.01952987164258957,,,,,,,,,,,,B+,skew,,,,pass,,
,,,3.754394128918648e-09,,,,,,27,gpu_rebuilt_features,4,True,,,torch.float32,0.0001,0.0001,,,,,,,,,3.5762786865234375e-07,,0.002214418025687337,,,,,,,,,,,,B+,skew,,,,pass,,
,,,1.3969838619232178e-09,,,,,,28,gpu_orthogonal,4,True,,,torch.float32,2e-05,2e-05,,,,,,,,,3.5762786865234375e-07,,0.008712144568562508,,,,,rotation_1,,,,,,,B+,skew,,,,pass,,
,,,3.026798367500305e-09,,,,,,29,gpu_orthogonal,4,True,,,torch.float32,2e-05,2e-05,,,,,,,,,4.76837158203125e-07,,0.010296555235981941,,,,,rotation_2,,,,,,,B+,skew,,,,pass,,
,,,9.313225746154785e-10,,,,,,30,gpu_orthogonal,4,True,,,torch.float32,2e-05,2e-05,,,,,,,,,3.5762786865234375e-07,,0.009096646681427956,,,,,reflection,,,,,,,B+,skew,,,,pass,,
,,,9.313225746154785e-10,,,,,,31,gpu_orthogonal,4,True,,,torch.float32,2e-05,2e-05,,,,,,,,,3.5762786865234375e-07,,0.00990209449082613,,,,,inversion,,,,,,,B+,skew,,,,pass,,
,,,1.3969838619232178e-09,,,,,,32,gpu_orthogonal,4,True,,,torch.float32,2e-05,2e-05,,,,,,,,,4.76837158203125e-07,,0.009790360927581787,,,,,improper_with_translation,,,,,,,B+,skew,,,,pass,,
,,,,,,,,,33,gpu_padding,,,,,torch.float32,,,,,,,,,,,,,,,,,,,,,,,,,B+,skew,,,,pass,,
,,,0.0,,,,0,0,34,gpu_representation,4,True,,,torch.float32,0.0001,0.0001,,pass,,,,,,,2.384185791015625e-07,,0.0017001956002786756,,,,,permutation,,,,,,,A,skew,,,,pass,,
,,,9.313225746154785e-10,,,,0,0,35,gpu_representation,4,True,,,torch.float32,0.0001,0.0001,,pass,,,,,,,3.5762786865234375e-07,,0.002504021394997835,,,,,permutation,,,,,,,B+,skew,,,,pass,,
,,,0.0,,,,0,0,36,gpu_representation,4,True,,,torch.float32,0.0001,0.0001,,pass,,,,,,,3.5762786865234375e-07,,0.001921508926898241,,,,,integer_images,,,,,,,A,skew,,,,pass,,
,,,9.080395102500916e-09,,,,0,0,37,gpu_representation,4,True,,,torch.float32,0.0001,0.0001,,pass,,,,,,,4.917383193969727e-07,,0.004567237105220556,,,,,integer_images,,,,,,,B+,skew,,,,pass,,
,,,0.0,,,,0,0,38,gpu_representation,4,True,,,torch.float32,0.0001,0.0001,,pass,,,,,,,4.76837158203125e-07,,0.002989631611853838,,,,,basis_swap,,,,,,,A,skew,,,,pass,,
,,,2.0954757928848267e-09,,,,0,0,39,gpu_representation,4,True,,,torch.float32,0.0001,0.0001,,pass,,,,,,,4.76837158203125e-07,,0.00259840558283031,,,,,basis_swap,,,,,,,B+,skew,,,,pass,,
,,,0.0,,,,0,0,40,gpu_representation,4,True,,,torch.float32,0.0001,0.0001,,pass,,,,,,,3.5762786865234375e-07,,0.002347587840631604,,,,,basis_shear,,,,,,,A,skew,,,,pass,,
,,,3.6088749766349792e-09,,,,0,0,41,gpu_representation,4,True,,,torch.float32,0.0001,0.0001,,pass,,,,,,,4.76837158203125e-07,,0.0030142739415168762,,,,,basis_shear,,,,,,,B+,skew,,,,pass,,
,,,,,,,,,42,cpu_gpu_gradients,,,,,torch.float32,,,,,7.123723224805918e-07,35,,,,,1.7695128917694092e-08,,,1.9339627249728765e-06,,,,,,,,,,,A,skew,,,,pass,"{""input"": {""max_abs_error"": 2.2118911147117615e-09, ""max_normalized_error"": 0.0007431504256158022, ""pass"": true, ""relative_l2"": 7.299072793373599e-07, ""active"": true, ""above_absolute_floor"": true}, ""vectors"": {""max_abs_error"": 2.9274360713316128e-12, ""max_normalized_error"": 1.463032207525718e-06, ""pass"": true, ""relative_l2"": 2.5649833546291904e-06, ""active"": true, ""above_absolute_floor"": false}, ""distances"": {""max_abs_error"": 3.2014213502407074e-10, ""max_normalized_error"": 0.0001548181851355471, ""pass"": true, ""relative_l2"": 1.9339627249728765e-06, ""active"": true, ""above_absolute_floor"": true}, ""local_input.weight"": {""max_abs_error"": 1.7695128917694092e-08, ""max_normalized_error"": 0.006702384830026946, ""pass"": true, ""relative_l2"": 7.585615531983025e-07, ""active"": true, ""above_absolute_floor"": true}, ""local_input.bias"": {""max_abs_error"": 1.3969838619232178e-08, ""max_normalized_error"": 0.001565034351181412, ""pass"": true, ""relative_l2"": 8.086754920660177e-07, ""active"": true, ""above_absolute_floor"": true}, ""local_output.weight"": {""max_abs_error"": 2.7939677238464355e-09, ""max_normalized_error"": 0.000773289403089925, ""pass"": true, ""relative_l2"": 2.7897664065554264e-07, ""active"": true, ""above_absolute_floor"": true}, ""local_output.bias"": {""max_abs_error"": 9.313225746154785e-10, ""max_normalized_error"": 0.00037610752175070794, ""pass"": true, ""relative_l2"": 1.9949851828328438e-07, ""active"": true, ""above_absolute_floor"": true}, ""blocks.0.edge_mlp.0.weight"": {""max_abs_error"": 1.3460521586239338e-10, ""max_normalized_error"": 6.59274903898502e-05, ""pass"": true, ""relative_l2"": 1.1914687528521273e-06, ""active"": true, ""above_absolute_floor"": true}, ""blocks.0.edge_mlp.0.bias"": {""max_abs_error"": 2.0736479200422764e-10, ""max_normalized_error"": 9.980300080234949e-05, ""pass"": true, ""relative_l2"": 1.2524068094619806e-06, ""active"": true, ""above_absolute_floor"": true}, ""blocks.0.edge_mlp.2.weight"": {""max_abs_error"": 2.9103830456733704e-10, ""max_normalized_error"": 0.0001248625953689728, ""pass"": true, ""relative_l2"": 1.204714113240629e-06, ""active"": true, ""above_absolute_floor"": true}, ""blocks.0.edge_mlp.2.bias"": {""max_abs_error"": 1.1059455573558807e-09, ""max_normalized_error"": 0.00039524943161151326, ""pass"": true, ""relative_l2"": 1.3189177407000342e-06, ""active"": true, ""above_absolute_floor"": true}, ""blocks.0.angle_mlp.0.weight"": {""max_abs_error"": 8.003553375601768e-11, ""max_normalized_error"": 3.844932596829677e-05, ""pass"": true, ""relative_l2"": 1.4924677100671471e-06, ""active"": true, ""above_absolute_floor"": true}, ""blocks.0.angle_mlp.0.bias"": {""max_abs_error"": 1.1641532182693481e-10, ""max_normalized_error"": 5.583362232104369e-05, ""pass"": true, ""relative_l2"": 1.5240624684505228e-06, ""active"": true, ""above_absolute_floor"": true}, ""blocks.0.angle_mlp.2.weight"": {""max_abs_error"": 1.0186340659856796e-10, ""max_normalized_error"": 4.802784084289012e-05, ""pass"": true, ""relative_l2"": 1.5013459063598266e-06, ""active"": true, ""above_absolute_floor"": true}, ""blocks.0.angle_mlp.2.bias"": {""max_abs_error"": 4.94765117764473e-10, ""max_normalized_error"": 0.00019089739089416205, ""pass"": true, ""relative_l2"": 1.471033008719754e-06, ""active"": true, ""above_absolute_floor"": true}, ""blocks.0.update.0.weight"": {""max_abs_error"": 1.210719347000122e-08, ""max_normalized_error"": 0.0030708202832257546, ""pass"": true, ""relative_l2"": 9.697308103799343e-07, ""active"": true, ""above_absolute_floor"": true}, ""blocks.0.update.0.bias"": {""max_abs_error"": 3.841705620288849e-09, ""max_normalized_error"": 0.0014501609243892557, ""pass"": true, ""relative_l2"": 9.283374331384105e-07, ""active"": true, ""above_absolute_floor"": true}, ""blocks.0.update.2.weight"": {""max_abs_error"": 3.4924596548080444e-09, ""max_normalized_error"": 0.0011800841607220792, ""pass"": true, ""relative_l2"": 8.498919900209366e-07, ""active"": true, ""above_absolute_floor"": true}, ""blocks.0.update.2.bias"": {""max_abs_error"": 1.3504177331924438e-08, ""max_normalized_error"": 0.0019866470417502233, ""pass"": true, ""relative_l2"": 7.951605255247672e-07, ""active"": true, ""above_absolute_floor"": true}, ""blocks.0.norm.weight"": {""max_abs_error"": 1.0826624929904938e-08, ""max_normalized_error"": 0.0031358665191585865, ""pass"": true, ""relative_l2"": 1.4746637883094317e-06, ""active"": true, ""above_absolute_floor"": true}, ""blocks.0.norm.bias"": {""max_abs_error"": 6.111804395914078e-09, ""max_normalized_error"": 0.0016868724433517052, ""pass"": true, ""relative_l2"": 8.892162993156877e-07, ""active"": true, ""above_absolute_floor"": true}, ""blocks.1.edge_mlp.0.weight"": {""max_abs_error"": 1.8917489796876907e-10, ""max_normalized_error"": 8.492218887591313e-05, ""pass"": true, ""relative_l2"": 1.0339462767033843e-06, ""active"": true, ""above_absolute_floor"": true}, ""blocks.1.edge_mlp.0.bias"": {""max_abs_error"": 1.0186340659856796e-10, ""max_normalized_error"": 4.7077385637139345e-05, ""pass"": true, ""relative_l2"": 9.76103301522673e-07, ""active"": true, ""above_absolute_floor"": true}, ""blocks.1.edge_mlp.2.weight"": {""max_abs_error"": 2.1827872842550278e-10, ""max_normalized_error"": 0.00010017898212567541, ""pass"": true, ""relative_l2"": 1.0482896457390178e-06, ""active"": true, ""above_absolute_floor"": true}, ""blocks.1.edge_mlp.2.bias"": {""max_abs_error"": 2.4010660126805305e-10, ""max_normalized_error"": 0.0001144283496916218, ""pass"": true, ""relative_l2"": 9.187158966300437e-07, ""active"": true, ""above_absolute_floor"": true}, ""blocks.1.angle_mlp.0.weight"": {""max_abs_error"": 8.36735125631094e-11, ""max_normalized_error"": 4.021339451890577e-05, ""pass"": true, ""relative_l2"": 1.2319844308474142e-06, ""active"": true, ""above_absolute_floor"": true}, ""blocks.1.angle_mlp.0.bias"": {""max_abs_error"": 3.092281986027956e-11, ""max_normalized_error"": 1.5417953370184554e-05, ""pass"": true, ""relative_l2"": 1.2489721155862685e-06, ""active"": true, ""above_absolute_floor"": true}, ""blocks.1.angle_mlp.2.weight"": {""max_abs_error"": 1.1641532182693481e-10, ""max_normalized_error"": 5.546675329431656e-05, ""pass"": true, ""relative_l2"": 1.3203032730268177e-06, ""active"": true, ""above_absolute_floor"": true}, ""blocks.1.angle_mlp.2.bias"": {""max_abs_error"": 1.8553691916167736e-10, ""max_normalized_error"": 8.80086298878573e-05, ""pass"": true, ""relative_l2"": 1.3699721929267366e-06, ""active"": true, ""above_absolute_floor"": true}, ""blocks.1.update.0.weight"": {""max_abs_error"": 4.423782229423523e-09, ""max_normalized_error"": 0.0010589243239708024, ""pass"": true, ""relative_l2"": 9.454446436142789e-07, ""active"": true, ""above_absolute_floor"": true}, ""blocks.1.update.0.bias"": {""max_abs_error"": 1.280568540096283e-09, ""max_normalized_error"": 0.000410132178432467, ""pass"": true, ""relative_l2"": 8.980663993421432e-07, ""active"": true, ""above_absolute_floor"": true}, ""blocks.1.update.2.weight"": {""max_abs_error"": 3.958120942115784e-09, ""max_normalized_error"": 0.001382114792173612, ""pass"": true, ""relative_l2"": 8.526296344860197e-07, ""active"": true, ""above_absolute_floor"": true}, ""blocks.1.update.2.bias"": {""max_abs_error"": 5.820766091346741e-09, ""max_normalized_error"": 0.0019484454441501312, ""pass"": true, ""relative_l2"": 8.379410078173748e-07, ""active"": true, ""above_absolute_floor"": true}, ""blocks.1.norm.weight"": {""max_abs_error"": 9.313225746154785e-09, ""max_normalized_error"": 0.0003148660928462578, ""pass"": true, ""relative_l2"": 2.2323872766027562e-07, ""active"": true, ""above_absolute_floor"": true}, ""blocks.1.norm.bias"": {""max_abs_error"": 5.587935447692871e-09, ""max_normalized_error"": 0.001246289873976863, ""pass"": true, ""relative_l2"": 2.642730829029297e-07, ""active"": true, ""above_absolute_floor"": true}}","[""vectors""]"
,,,,,,,,,43,cpu_gpu_gradients,,,,,torch.float32,,,,,5.985485333404031e-07,33,,,,,1.257285475730896e-08,,,2.1637826324121015e-06,,,,,,,,,,,B+,skew,,,,pass,"{""input"": {""max_abs_error"": 1.6880221664905548e-09, ""max_normalized_error"": 0.0007384106170436571, ""pass"": true, ""relative_l2"": 6.401143620420607e-07, ""active"": true, ""above_absolute_floor"": true}, ""vectors"": {""max_abs_error"": 5.4569682106375694e-12, ""max_normalized_error"": 2.7231257884889965e-06, ""pass"": true, ""relative_l2"": 1.7302933297597138e-06, ""active"": true, ""above_absolute_floor"": false}, ""distances"": {""max_abs_error"": 6.257323548197746e-10, ""max_normalized_error"": 0.00028590911715806243, ""pass"": true, ""relative_l2"": 2.1637826324121015e-06, ""active"": true, ""above_absolute_floor"": true}, ""local_input.weight"": {""max_abs_error"": 1.257285475730896e-08, ""max_normalized_error"": 0.0039937792620596295, ""pass"": true, ""relative_l2"": 6.262371333807682e-07, ""active"": true, ""above_absolute_floor"": true}, ""local_input.bias"": {""max_abs_error"": 1.0244548320770264e-08, ""max_normalized_error"": 0.0017507802422180654, ""pass"": true, ""relative_l2"": 5.776855450960555e-07, ""active"": true, ""above_absolute_floor"": true}, ""local_output.weight"": {""max_abs_error"": 3.725290298461914e-09, ""max_normalized_error"": 0.0008684004282903338, ""pass"": true, ""relative_l2"": 3.469400513128125e-07, ""active"": true, ""above_absolute_floor"": true}, ""local_output.bias"": {""max_abs_error"": 1.1641532182693481e-09, ""max_normalized_error"": 0.00041134797292057814, ""pass"": true, ""relative_l2"": 2.5562831282314687e-07, ""active"": true, ""above_absolute_floor"": true}, ""blocks.0.tp.weight"": {""max_abs_error"": 5.093170329928398e-11, ""max_normalized_error"": 2.4814511795163822e-05, ""pass"": true, ""relative_l2"": 1.018069306784763e-06, ""active"": true, ""above_absolute_floor"": true}, ""blocks.0.mix.weight"": {""max_abs_error"": 3.092281986027956e-11, ""max_normalized_error"": 1.5213026328300264e-05, ""pass"": true, ""relative_l2"": 9.787637625212794e-07, ""active"": true, ""above_absolute_floor"": true}, ""blocks.0.radial_gate.0.weight"": {""max_abs_error"": 2.9103830456733704e-10, ""max_normalized_error"": 0.00011513297358034573, ""pass"": true, ""relative_l2"": 9.897492903179689e-07, ""active"": true, ""above_absolute_floor"": true}, ""blocks.0.radial_gate.0.bias"": {""max_abs_error"": 3.055902197957039e-10, ""max_normalized_error"": 0.00013149673814077787, ""pass"": true, ""relative_l2"": 9.61208765110451e-07, ""active"": true, ""above_absolute_floor"": true}, ""blocks.0.radial_gate.2.weight"": {""max_abs_error"": 4.0745362639427185e-10, ""max_normalized_error"": 0.00016913778063359108, ""pass"": true, ""relative_l2"": 9.778901634507354e-07, ""active"": true, ""above_absolute_floor"": true}, ""blocks.0.radial_gate.2.bias"": {""max_abs_error"": 1.862645149230957e-09, ""max_normalized_error"": 0.00041802014640487635, ""pass"": true, ""relative_l2"": 9.390415329958782e-07, ""active"": true, ""above_absolute_floor"": true}, ""blocks.0.update.0.weight"": {""max_abs_error"": 1.0244548320770264e-08, ""max_normalized_error"": 0.0019751358297433875, ""pass"": true, ""relative_l2"": 7.064340676971413e-07, ""active"": true, ""above_absolute_floor"": true}, ""blocks.0.update.0.bias"": {""max_abs_error"": 2.7939677238464355e-09, ""max_normalized_error"": 0.0006966178209506584, ""pass"": true, ""relative_l2"": 6.038797315529755e-07, ""active"": true, ""above_absolute_floor"": true}, ""blocks.0.update.2.weight"": {""max_abs_error"": 5.122274160385132e-09, ""max_normalized_error"": 0.001163577381721278, ""pass"": true, ""relative_l2"": 7.115533783371398e-07, ""active"": true, ""above_absolute_floor"": true}, ""blocks.0.update.2.bias"": {""max_abs_error"": 9.313225746154785e-09, ""max_normalized_error"": 0.0023614102817576016, ""pass"": true, ""relative_l2"": 5.85105560473548e-07, ""active"": true, ""above_absolute_floor"": true}, ""blocks.0.norm.weight"": {""max_abs_error"": 7.334165275096893e-09, ""max_normalized_error"": 0.0013736511526093917, ""pass"": true, ""relative_l2"": 1.1516818392169567e-06, ""active"": true, ""above_absolute_floor"": true}, ""blocks.0.norm.bias"": {""max_abs_error"": 3.259629011154175e-09, ""max_normalized_error"": 0.0007346035638297247, ""pass"": true, ""relative_l2"": 6.739637868182249e-07, ""active"": true, ""above_absolute_floor"": true}, ""blocks.0.direction_gate.weight"": {""max_abs_error"": 6.536993168992922e-13, ""max_normalized_error"": 3.267527128254051e-07, ""pass"": true, ""relative_l2"": 1.018766829929732e-06, ""active"": true, ""above_absolute_floor"": false}, ""blocks.0.direction_gate.bias"": {""max_abs_error"": 3.126388037344441e-13, ""max_normalized_error"": 1.5628428526319606e-07, ""pass"": true, ""relative_l2"": 9.671688618889992e-07, ""active"": true, ""above_absolute_floor"": false}, ""blocks.1.tp.weight"": {""max_abs_error"": 1.3096723705530167e-10, ""max_normalized_error"": 6.343637509395875e-05, ""pass"": true, ""relative_l2"": 1.0647418806775728e-06, ""active"": true, ""above_absolute_floor"": true}, ""blocks.1.mix.weight"": {""max_abs_error"": 1.0186340659856796e-10, ""max_normalized_error"": 4.8022132175084925e-05, ""pass"": true, ""relative_l2"": 1.0383997975454825e-06, ""active"": true, ""above_absolute_floor"": true}, ""blocks.1.radial_gate.0.weight"": {""max_abs_error"": 1.4551915228366852e-09, ""max_normalized_error"": 0.0004247464394990295, ""pass"": true, ""relative_l2"": 1.037698648391119e-06, ""active"": true, ""above_absolute_floor"": true}, ""blocks.1.radial_gate.0.bias"": {""max_abs_error"": 4.3655745685100555e-10, ""max_normalized_error"": 0.0001948999337483421, ""pass"": true, ""relative_l2"": 9.316460895711956e-07, ""active"": true, ""above_absolute_floor"": true}, ""blocks.1.radial_gate.2.weight"": {""max_abs_error"": 2.6775524020195007e-09, ""max_normalized_error"": 0.0007077138761450637, ""pass"": true, ""relative_l2"": 1.0597831522034246e-06, ""active"": true, ""above_absolute_floor"": true}, ""blocks.1.radial_gate.2.bias"": {""max_abs_error"": 2.0954757928848267e-09, ""max_normalized_error"": 0.0004891143712491267, ""pass"": true, ""relative_l2"": 9.436305068780889e-07, ""active"": true, ""above_absolute_floor"": true}, ""blocks.1.update.0.weight"": {""max_abs_error"": 4.045432433485985e-09, ""max_normalized_error"": 0.0014114968036313279, ""pass"": true, ""relative_l2"": 8.981637454090896e-07, ""active"": true, ""above_absolute_floor"": true}, ""blocks.1.update.0.bias"": {""max_abs_error"": 1.367880031466484e-09, ""max_normalized_error"": 0.0005475072588051068, ""pass"": true, ""relative_l2"": 8.303239896939128e-07, ""active"": true, ""above_absolute_floor"": true}, ""blocks.1.update.2.weight"": {""max_abs_error"": 3.4633558243513107e-09, ""max_normalized_error"": 0.001643121758421773, ""pass"": true, ""relative_l2"": 7.709715222233249e-07, ""active"": true, ""above_absolute_floor"": true}, ""blocks.1.update.2.bias"": {""max_abs_error"": 2.7939677238464355e-09, ""max_normalized_error"": 0.0009040964082883352, ""pass"": true, ""relative_l2"": 6.626837948634531e-07, ""active"": true, ""above_absolute_floor"": true}, ""blocks.1.norm.weight"": {""max_abs_error"": 1.1175870895385742e-08, ""max_normalized_error"": 0.0005468800673933853, ""pass"": true, ""relative_l2"": 2.746669876558301e-07, ""active"": true, ""above_absolute_floor"": true}, ""blocks.1.norm.bias"": {""max_abs_error"": 4.6566128730773926e-09, ""max_normalized_error"": 0.0008803022872476885, ""pass"": true, ""relative_l2"": 2.4915032858999434e-07, ""active"": true, ""above_absolute_floor"": true}}","[""vectors"", ""blocks.0.direction_gate.weight"", ""blocks.0.direction_gate.bias""]"
,,,,,,,0,0,44,gpu_geometry,,,,,torch.float32,,,,pass,,,,,,18,,4.76837158203125e-07,,,7.152557373046875e-07,,,,,,,,,,,mixed_padding,,,,pass,,
,,,0.0,,,,,,45,cpu_gpu_features,4,True,,,torch.float32,2e-05,2e-05,,,,,,,,,5.960464477539062e-07,,0.017033575102686882,,,,,,,,,,,,A,mixed_padding,,,,pass,,
,,,0.0,,,,,,46,gpu_rebuilt_features,4,True,,,torch.float32,0.0001,0.0001,,,,,,,,,4.76837158203125e-07,,0.0022010800894349813,,,,,,,,,,,,A,mixed_padding,,,,pass,,
,,,0.0,,,,,,47,gpu_orthogonal,4,True,,,torch.float32,2e-05,2e-05,,,,,,,,,3.5762786865234375e-07,,0.008730479516088963,,,,,rotation_1,,,,,,,A,mixed_padding,,,,pass,,
,,,0.0,,,,,,48,gpu_orthogonal,4,True,,,torch.float32,2e-05,2e-05,,,,,,,,,3.5762786865234375e-07,,0.006937416736036539,,,,,rotation_2,,,,,,,A,mixed_padding,,,,pass,,
,,,0.0,,,,,,49,gpu_orthogonal,4,True,,,torch.float32,2e-05,2e-05,,,,,,,,,2.682209014892578e-07,,0.011224901303648949,,,,,reflection,,,,,,,A,mixed_padding,,,,pass,,
,,,0.0,,,,,,50,gpu_orthogonal,4,True,,,torch.float32,2e-05,2e-05,,,,,,,,,3.5762786865234375e-07,,0.008799467235803604,,,,,inversion,,,,,,,A,mixed_padding,,,,pass,,
,,,0.0,,,,,,51,gpu_orthogonal,4,True,,,torch.float32,2e-05,2e-05,,,,,,,,,3.5762786865234375e-07,,0.008730479516088963,,,,,improper_with_translation,,,,,,,A,mixed_padding,,,,pass,,
,,,,,,,,,52,gpu_padding,,,,,torch.float32,,,,,,,,,,,,,,,,,,,,,,,,,A,mixed_padding,,,,pass,,
,,,1.6298145055770874e-09,,,,,,53,cpu_gpu_features,4,True,,,torch.float32,2e-05,2e-05,,,,,,,,,7.152557373046875e-07,,0.0208478681743145,,,,,,,,,,,,B+,mixed_padding,,,,pass,,
,,,1.862645149230957e-09,,,,,,54,gpu_rebuilt_features,4,True,,,torch.float32,0.0001,0.0001,,,,,,,,,3.5762786865234375e-07,,0.0029621145222336054,,,,,,,,,,,,B+,mixed_padding,,,,pass,,
,,,2.561137080192566e-09,,,,,,55,gpu_orthogonal,4,True,,,torch.float32,2e-05,2e-05,,,,,,,,,4.76837158203125e-07,,0.011106264777481556,,,,,rotation_1,,,,,,,B+,mixed_padding,,,,pass,,
,,,7.450580596923828e-09,,,,,,56,gpu_orthogonal,4,True,,,torch.float32,2e-05,2e-05,,,,,,,,,3.5762786865234375e-07,,0.01024375855922699,,,,,rotation_2,,,,,,,B+,mixed_padding,,,,pass,,
,,,1.3969838619232178e-09,,,,,,57,gpu_orthogonal,4,True,,,torch.float32,2e-05,2e-05,,,,,,,,,4.76837158203125e-07,,0.011106264777481556,,,,,reflection,,,,,,,B+,mixed_padding,,,,pass,,
,,,1.3969838619232178e-09,,,,,,58,gpu_orthogonal,4,True,,,torch.float32,2e-05,2e-05,,,,,,,,,5.960464477539062e-07,,0.013882830739021301,,,,,inversion,,,,,,,B+,mixed_padding,,,,pass,,
,,,1.862645149230957e-09,,,,,,59,gpu_orthogonal,4,True,,,torch.float32,2e-05,2e-05,,,,,,,,,5.960464477539062e-07,,0.013882830739021301,,,,,improper_with_translation,,,,,,,B+,mixed_padding,,,,pass,,
,,,,,,,,,60,gpu_padding,,,,,torch.float32,,,,,,,,,,,,,,,,,,,,,,,,,B+,mixed_padding,,,,pass,,
,,,,,,,0,0,61,gpu_geometry,,,,,torch.float32,,,,pass,,,,,,0,,0.0,,,0.0,,,,,,,,,,,empty_neighborhood,,,,pass,,
,,,0.0,,,,,,62,cpu_gpu_features,4,True,,,torch.float32,2e-05,2e-05,,,,,,,,,5.960464477539062e-07,,0.016251657158136368,,,,,,,,,,,,A,empty_neighborhood,,,,pass,,
,,,0.0,,,,,,63,gpu_rebuilt_features,4,True,,,torch.float32,0.0001,0.0001,,,,,,,,,0.0,,0.0,,,,,,,,,,,,A,empty_neighborhood,,,,pass,,
,,,0.0,,,,,,64,gpu_orthogonal,4,True,,,torch.float32,2e-05,2e-05,,,,,,,,,0.0,,0.0,,,,,rotation_1,,,,,,,A,empty_neighborhood,,,,pass,,
,,,0.0,,,,,,65,gpu_orthogonal,4,True,,,torch.float32,2e-05,2e-05,,,,,,,,,0.0,,0.0,,,,,rotation_2,,,,,,,A,empty_neighborhood,,,,pass,,
,,,0.0,,,,,,66,gpu_orthogonal,4,True,,,torch.float32,2e-05,2e-05,,,,,,,,,0.0,,0.0,,,,,reflection,,,,,,,A,empty_neighborhood,,,,pass,,
,,,0.0,,,,,,67,gpu_orthogonal,4,True,,,torch.float32,2e-05,2e-05,,,,,,,,,0.0,,0.0,,,,,inversion,,,,,,,A,empty_neighborhood,,,,pass,,
,,,0.0,,,,,,68,gpu_orthogonal,4,True,,,torch.float32,2e-05,2e-05,,,,,,,,,0.0,,0.0,,,,,improper_with_translation,,,,,,,A,empty_neighborhood,,,,pass,,
,,,,,,,,,69,gpu_padding,,,,,torch.float32,,,,,,,,,,,,,,,,,,,,,,,,,A,empty_neighborhood,,,,pass,,
,,,0.0,,,,,,70,cpu_gpu_features,4,True,,,torch.float32,2e-05,2e-05,,,,,,,,,4.76837158203125e-07,,0.015762535855174065,,,,,,,,,,,,B+,empty_neighborhood,,,,pass,,
,,,0.0,,,,,,71,gpu_rebuilt_features,4,True,,,torch.float32,0.0001,0.0001,,,,,,,,,0.0,,0.0,,,,,,,,,,,,B+,empty_neighborhood,,,,pass,,
,,,0.0,,,,,,72,gpu_orthogonal,4,True,,,torch.float32,2e-05,2e-05,,,,,,,,,0.0,,0.0,,,,,rotation_1,,,,,,,B+,empty_neighborhood,,,,pass,,
,,,0.0,,,,,,73,gpu_orthogonal,4,True,,,torch.float32,2e-05,2e-05,,,,,,,,,0.0,,0.0,,,,,rotation_2,,,,,,,B+,empty_neighborhood,,,,pass,,
,,,0.0,,,,,,74,gpu_orthogonal,4,True,,,torch.float32,2e-05,2e-05,,,,,,,,,0.0,,0.0,,,,,reflection,,,,,,,B+,empty_neighborhood,,,,pass,,
,,,0.0,,,,,,75,gpu_orthogonal,4,True,,,torch.float32,2e-05,2e-05,,,,,,,,,0.0,,0.0,,,,,inversion,,,,,,,B+,empty_neighborhood,,,,pass,,
,,,0.0,,,,,,76,gpu_orthogonal,4,True,,,torch.float32,2e-05,2e-05,,,,,,,,,0.0,,0.0,,,,,improper_with_translation,,,,,,,B+,empty_neighborhood,,,,pass,,
,,,,,,,,,77,gpu_padding,,,,,torch.float32,,,,,,,,,,,,,,,,,,,,,,,,,B+,empty_neighborhood,,,,pass,,
,,,,,,,0,0,78,gpu_geometry,,,,,torch.float32,,,,pass,,,,,,0,,0.0,,,0.0,,,,,,,,,,,all_padding,,,,pass,,
,,,0.0,,,,,,79,cpu_gpu_features,4,True,,,torch.float32,2e-05,2e-05,,,,,,,,,0.0,,0.0,,,,,,,,,,,,A,all_padding,,,,pass,,
,,,0.0,,,,,,80,gpu_rebuilt_features,4,True,,,torch.float32,0.0001,0.0001,,,,,,,,,0.0,,0.0,,,,,,,,,,,,A,all_padding,,,,pass,,
,,,0.0,,,,,,81,gpu_orthogonal,4,True,,,torch.float32,2e-05,2e-05,,,,,,,,,0.0,,0.0,,,,,rotation_1,,,,,,,A,all_padding,,,,pass,,
,,,0.0,,,,,,82,gpu_orthogonal,4,True,,,torch.float32,2e-05,2e-05,,,,,,,,,0.0,,0.0,,,,,rotation_2,,,,,,,A,all_padding,,,,pass,,
,,,0.0,,,,,,83,gpu_orthogonal,4,True,,,torch.float32,2e-05,2e-05,,,,,,,,,0.0,,0.0,,,,,reflection,,,,,,,A,all_padding,,,,pass,,
,,,0.0,,,,,,84,gpu_orthogonal,4,True,,,torch.float32,2e-05,2e-05,,,,,,,,,0.0,,0.0,,,,,inversion,,,,,,,A,all_padding,,,,pass,,
,,,0.0,,,,,,85,gpu_orthogonal,4,True,,,torch.float32,2e-05,2e-05,,,,,,,,,0.0,,0.0,,,,,improper_with_translation,,,,,,,A,all_padding,,,,pass,,
,,,0.0,,,,,,86,cpu_gpu_features,4,True,,,torch.float32,2e-05,2e-05,,,,,,,,,0.0,,0.0,,,,,,,,,,,,B+,all_padding,,,,pass,,
,,,0.0,,,,,,87,gpu_rebuilt_features,4,True,,,torch.float32,0.0001,0.0001,,,,,,,,,0.0,,0.0,,,,,,,,,,,,B+,all_padding,,,,pass,,
,,,0.0,,,,,,88,gpu_orthogonal,4,True,,,torch.float32,2e-05,2e-05,,,,,,,,,0.0,,0.0,,,,,rotation_1,,,,,,,B+,all_padding,,,,pass,,
,,,0.0,,,,,,89,gpu_orthogonal,4,True,,,torch.float32,2e-05,2e-05,,,,,,,,,0.0,,0.0,,,,,rotation_2,,,,,,,B+,all_padding,,,,pass,,
,,,0.0,,,,,,90,gpu_orthogonal,4,True,,,torch.float32,2e-05,2e-05,,,,,,,,,0.0,,0.0,,,,,reflection,,,,,,,B+,all_padding,,,,pass,,
,,,0.0,,,,,,91,gpu_orthogonal,4,True,,,torch.float32,2e-05,2e-05,,,,,,,,,0.0,,0.0,,,,,inversion,,,,,,,B+,all_padding,,,,pass,,
,,,0.0,,,,,,92,gpu_orthogonal,4,True,,,torch.float32,2e-05,2e-05,,,,,,,,,0.0,,0.0,,,,,improper_with_translation,,,,,,,B+,all_padding,,,,pass,,
,,,,,,,0,0,93,gpu_geometry,,,,,torch.float32,,,,pass,,,,,,0,,0.0,,,0.0,,,,,,,,,,,zero_slots,,,,pass,,
,,,0.0,,,,,,94,cpu_gpu_features,4,True,,,torch.float32,2e-05,2e-05,,,,,,,,,0.0,,0.0,,,,,,,,,,,,A,zero_slots,,,,pass,,
,,,0.0,,,,,,95,gpu_rebuilt_features,4,True,,,torch.float32,0.0001,0.0001,,,,,,,,,0.0,,0.0,,,,,,,,,,,,A,zero_slots,,,,pass,,
,,,0.0,,,,,,96,gpu_orthogonal,4,True,,,torch.float32,2e-05,2e-05,,,,,,,,,0.0,,0.0,,,,,rotation_1,,,,,,,A,zero_slots,,,,pass,,
,,,0.0,,,,,,97,gpu_orthogonal,4,True,,,torch.float32,2e-05,2e-05,,,,,,,,,0.0,,0.0,,,,,rotation_2,,,,,,,A,zero_slots,,,,pass,,
,,,0.0,,,,,,98,gpu_orthogonal,4,True,,,torch.float32,2e-05,2e-05,,,,,,,,,0.0,,0.0,,,,,reflection,,,,,,,A,zero_slots,,,,pass,,
,,,0.0,,,,,,99,gpu_orthogonal,4,True,,,torch.float32,2e-05,2e-05,,,,,,,,,0.0,,0.0,,,,,inversion,,,,,,,A,zero_slots,,,,pass,,
,,,0.0,,,,,,100,gpu_orthogonal,4,True,,,torch.float32,2e-05,2e-05,,,,,,,,,0.0,,0.0,,,,,improper_with_translation,,,,,,,A,zero_slots,,,,pass,,
,,,0.0,,,,,,101,cpu_gpu_features,4,True,,,torch.float32,2e-05,2e-05,,,,,,,,,0.0,,0.0,,,,,,,,,,,,B+,zero_slots,,,,pass,,
,,,0.0,,,,,,102,gpu_rebuilt_features,4,True,,,torch.float32,0.0001,0.0001,,,,,,,,,0.0,,0.0,,,,,,,,,,,,B+,zero_slots,,,,pass,,
,,,0.0,,,,,,103,gpu_orthogonal,4,True,,,torch.float32,2e-05,2e-05,,,,,,,,,0.0,,0.0,,,,,rotation_1,,,,,,,B+,zero_slots,,,,pass,,
,,,0.0,,,,,,104,gpu_orthogonal,4,True,,,torch.float32,2e-05,2e-05,,,,,,,,,0.0,,0.0,,,,,rotation_2,,,,,,,B+,zero_slots,,,,pass,,
,,,0.0,,,,,,105,gpu_orthogonal,4,True,,,torch.float32,2e-05,2e-05,,,,,,,,,0.0,,0.0,,,,,reflection,,,,,,,B+,zero_slots,,,,pass,,
,,,0.0,,,,,,106,gpu_orthogonal,4,True,,,torch.float32,2e-05,2e-05,,,,,,,,,0.0,,0.0,,,,,inversion,,,,,,,B+,zero_slots,,,,pass,,
,,,0.0,,,,,,107,gpu_orthogonal,4,True,,,torch.float32,2e-05,2e-05,,,,,,,,,0.0,,0.0,,,,,improper_with_translation,,,,,,,B+,zero_slots,,,,pass,,
,,,,,,,0,0,108,gpu_geometry,,,,,torch.float32,,,,pass,,,,mp-aaabofsw,10086,7704,,4.76837158203125e-07,,,0.0,,,,,,,,,,,real,,,train,pass,,
,,,0.0,,,,,,109,cpu_gpu_features,4,True,,,torch.float32,2e-05,2e-05,,,,,,mp-aaabofsw,10086,,2.1457672119140625e-06,,0.08159022033214569,,,,,,,,,,,,A,real,,,train,pass,,
,,,0.0,,,,,,110,gpu_rebuilt_features,4,True,,,torch.float32,0.0001,0.0001,,,,,,mp-aaabofsw,10086,,1.4603137969970703e-06,,0.012404080480337143,,,,,,,,,,,,A,real,,,train,pass,,
,,,0.0,,,,,,111,gpu_orthogonal,4,True,,,torch.float32,2e-05,2e-05,,,,,,mp-aaabofsw,10086,,8.344650268554688e-07,,0.039016243070364,,,,,rotation_1,,,,,,,A,real,,,train,pass,,
,,,0.0,,,,,,112,gpu_orthogonal,4,True,,,torch.float32,2e-05,2e-05,,,,,,mp-aaabofsw,10086,,7.748603820800781e-07,,0.03666410595178604,,,,,rotation_2,,,,,,,A,real,,,train,pass,,
,,,0.0,,,,,,113,gpu_orthogonal,4,True,,,torch.float32,2e-05,2e-05,,,,,,mp-aaabofsw,10086,,9.5367431640625e-07,,0.03921119496226311,,,,,reflection,,,,,,,A,real,,,train,pass,,
,,,0.0,,,,,,114,gpu_orthogonal,4,True,,,torch.float32,2e-05,2e-05,,,,,,mp-aaabofsw,10086,,9.5367431640625e-07,,0.0382886677980423,,,,,inversion,,,,,,,A,real,,,train,pass,,
,,,0.0,,,,,,115,gpu_orthogonal,4,True,,,torch.float32,2e-05,2e-05,,,,,,mp-aaabofsw,10086,,8.344650268554688e-07,,0.03249438852071762,,,,,improper_with_translation,,,,,,,A,real,,,train,pass,,
,,,,,,,,,116,gpu_padding,,,,,torch.float32,,,,,,,,mp-aaabofsw,10086,,,,,,,,,,,,,,,,A,real,,,train,pass,,
,,,3.3527612686157227e-08,,,,,,117,cpu_gpu_features,4,True,,,torch.float32,2e-05,2e-05,,,,,,mp-aaabofsw,10086,,2.637505531311035e-06,,0.11858212202787399,,,,,,,,,,,,B+,real,,,train,pass,,
,,,3.3527612686157227e-08,,,,,,118,gpu_rebuilt_features,4,True,,,torch.float32,0.0001,0.0001,,,,,,mp-aaabofsw,10086,,1.4677643775939941e-06,,0.013597402721643448,,,,,,,,,,,,B+,real,,,train,pass,,
,,,1.3969838619232178e-08,,,,,,119,gpu_orthogonal,4,True,,,torch.float32,2e-05,2e-05,,,,,,mp-aaabofsw,10086,,1.1920928955078125e-06,,0.03514232859015465,,,,,rotation_1,,,,,,,B+,real,,,train,pass,,
,,,2.2351741790771484e-08,,,,,,120,gpu_orthogonal,4,True,,,torch.float32,2e-05,2e-05,,,,,,mp-aaabofsw,10086,,1.1920928955078125e-06,,0.04421696439385414,,,,,rotation_2,,,,,,,B+,real,,,train,pass,,
,,,1.862645149230957e-08,,,,,,121,gpu_orthogonal,4,True,,,torch.float32,2e-05,2e-05,,,,,,mp-aaabofsw,10086,,7.897615432739258e-07,,0.03550756350159645,,,,,reflection,,,,,,,B+,real,,,train,pass,,
,,,2.0489096641540527e-08,,,,,,122,gpu_orthogonal,4,True,,,torch.float32,2e-05,2e-05,,,,,,mp-aaabofsw,10086,,9.5367431640625e-07,,0.032959192991256714,,,,,inversion,,,,,,,B+,real,,,train,pass,,
,,,1.3969838619232178e-08,,,,,,123,gpu_orthogonal,4,True,,,torch.float32,2e-05,2e-05,,,,,,mp-aaabofsw,10086,,9.834766387939453e-07,,0.042188942432403564,,,,,improper_with_translation,,,,,,,B+,real,,,train,pass,,
,,,,,,,,,124,gpu_padding,,,,,torch.float32,,,,,,,,mp-aaabofsw,10086,,,,,,,,,,,,,,,,B+,real,,,train,pass,,
,,,0.0,,,,0,0,125,gpu_translation,4,True,,,torch.float32,0.0001,0.0001,,pass,,,,mp-aaabofsw,10086,7704,1.5497207641601562e-06,9.5367431640625e-07,0.01394821610301733,,7.152557373046875e-07,,,,,,,,,,A,real,,,train,pass,,
,,,3.3527612686157227e-08,,,,0,0,126,gpu_translation,4,True,,,torch.float32,0.0001,0.0001,,pass,,,,mp-aaabofsw,10086,7704,1.6689300537109375e-06,9.5367431640625e-07,0.012355000711977482,,7.152557373046875e-07,,,,,,,,,,B+,real,,,train,pass,,
,,,,,,,0,0,127,gpu_geometry,,,,,torch.float32,,,,pass,,,,mp-aaacpjac,15488,800,,4.76837158203125e-07,,,0.0,,,,,,,,,,,real,,,train,pass,,
,,,0.0,,,,,,128,cpu_gpu_features,4,True,,,torch.float32,2e-05,2e-05,,,,,,mp-aaacpjac,15488,,1.430511474609375e-06,,0.04507410526275635,,,,,,,,,,,,A,real,,,train,pass,,
,,,0.0,,,,,,129,gpu_rebuilt_features,4,True,,,torch.float32,0.0001,0.0001,,,,,,mp-aaacpjac,15488,,7.152557373046875e-07,,0.0051988884806632996,,,,,,,,,,,,A,real,,,train,pass,,
,,,0.0,,,,,,130,gpu_orthogonal,4,True,,,torch.float32,2e-05,2e-05,,,,,,mp-aaacpjac,15488,,1.2218952178955078e-06,,0.04316339269280434,,,,,rotation_1,,,,,,,A,real,,,train,pass,,
,,,0.0,,,,,,131,gpu_orthogonal,4,True,,,torch.float32,2e-05,2e-05,,,,,,mp-aaacpjac,15488,,4.76837158203125e-07,,0.018397152423858643,,,,,rotation_2,,,,,,,A,real,,,train,pass,,
,,,0.0,,,,,,132,gpu_orthogonal,4,True,,,torch.float32,2e-05,2e-05,,,,,,mp-aaacpjac,15488,,5.960464477539062e-07,,0.02162078768014908,,,,,reflection,,,,,,,A,real,,,train,pass,,
,,,0.0,,,,,,133,gpu_orthogonal,4,True,,,torch.float32,2e-05,2e-05,,,,,,mp-aaacpjac,15488,,1.1920928955078125e-06,,0.02775011584162712,,,,,inversion,,,,,,,A,real,,,train,pass,,
,,,0.0,,,,,,134,gpu_orthogonal,4,True,,,torch.float32,2e-05,2e-05,,,,,,mp-aaacpjac,15488,,8.046627044677734e-07,,0.02943545952439308,,,,,improper_with_translation,,,,,,,A,real,,,train,pass,,
,,,,,,,,,135,gpu_padding,,,,,torch.float32,,,,,,,,mp-aaacpjac,15488,,,,,,,,,,,,,,,,A,real,,,train,pass,,
,,,2.2351741790771484e-08,,,,,,136,cpu_gpu_features,4,True,,,torch.float32,2e-05,2e-05,,,,,,mp-aaacpjac,15488,,2.428889274597168e-06,,0.10126109421253204,,,,,,,,,,,,B+,real,,,train,pass,,
,,,9.313225746154785e-09,,,,,,137,gpu_rebuilt_features,4,True,,,torch.float32,0.0001,0.0001,,,,,,mp-aaacpjac,15488,,7.748603820800781e-07,,0.006200164556503296,,,,,,,,,,,,B+,real,,,train,pass,,
,,,1.4901161193847656e-08,,,,,,138,gpu_orthogonal,4,True,,,torch.float32,2e-05,2e-05,,,,,,mp-aaacpjac,15488,,1.1622905731201172e-06,,0.048456136137247086,,,,,rotation_1,,,,,,,B+,real,,,train,pass,,
,,,1.4901161193847656e-08,,,,,,139,gpu_orthogonal,4,True,,,torch.float32,2e-05,2e-05,,,,,,mp-aaacpjac,15488,,7.748603820800781e-07,,0.03053189627826214,,,,,rotation_2,,,,,,,B+,real,,,train,pass,,
,,,5.587935447692871e-09,,,,,,140,gpu_orthogonal,4,True,,,torch.float32,2e-05,2e-05,,,,,,mp-aaacpjac,15488,,7.152557373046875e-07,,0.023486081510782242,,,,,reflection,,,,,,,B+,real,,,train,pass,,
,,,1.1175870895385742e-08,,,,,,141,gpu_orthogonal,4,True,,,torch.float32,2e-05,2e-05,,,,,,mp-aaacpjac,15488,,7.748603820800781e-07,,0.026576388627290726,,,,,inversion,,,,,,,B+,real,,,train,pass,,
,,,1.1175870895385742e-08,,,,,,142,gpu_orthogonal,4,True,,,torch.float32,2e-05,2e-05,,,,,,mp-aaacpjac,15488,,8.344650268554688e-07,,0.031682856380939484,,,,,improper_with_translation,,,,,,,B+,real,,,train,pass,,
,,,,,,,,,143,gpu_padding,,,,,torch.float32,,,,,,,,mp-aaacpjac,15488,,,,,,,,,,,,,,,,B+,real,,,train,pass,,
,,,0.0,,,,0,0,144,gpu_translation,4,True,,,torch.float32,0.0001,0.0001,,pass,,,,mp-aaacpjac,15488,800,5.811452865600586e-07,4.76837158203125e-07,0.004850245080888271,,0.0,,,,,,,,,,A,real,,,train,pass,,
,,,9.313225746154785e-09,,,,0,0,145,gpu_translation,4,True,,,torch.float32,0.0001,0.0001,,pass,,,,mp-aaacpjac,15488,800,9.834766387939453e-07,4.76837158203125e-07,0.007750407326966524,,0.0,,,,,,,,,,B+,real,,,train,pass,,
,,,,,,,0,0,146,gpu_geometry,,,,,torch.float32,,,,pass,,,,mp-aaacpgnk,15136,108,,4.76837158203125e-07,,,0.0,,,,,,,,,,,real,,,train,pass,,
,,,0.0,,,,,,147,cpu_gpu_features,4,True,,,torch.float32,2e-05,2e-05,,,,,,mp-aaacpgnk,15136,,9.5367431640625e-07,,0.045252081006765366,,,,,,,,,,,,A,real,,,train,pass,,
,,,0.0,,,,,,148,gpu_rebuilt_features,4,True,,,torch.float32,0.0001,0.0001,,,,,,mp-aaacpgnk,15136,,4.76837158203125e-07,,0.0029211812652647495,,,,,,,,,,,,A,real,,,train,pass,,
,,,0.0,,,,,,149,gpu_orthogonal,4,True,,,torch.float32,2e-05,2e-05,,,,,,mp-aaacpgnk,15136,,3.5762786865234375e-07,,0.012676709331572056,,,,,rotation_1,,,,,,,A,real,,,train,pass,,
,,,0.0,,,,,,150,gpu_orthogonal,4,True,,,torch.float32,2e-05,2e-05,,,,,,mp-aaacpgnk,15136,,3.5762786865234375e-07,,0.011638930067420006,,,,,rotation_2,,,,,,,A,real,,,train,pass,,
,,,0.0,,,,,,151,gpu_orthogonal,4,True,,,torch.float32,2e-05,2e-05,,,,,,mp-aaacpgnk,15136,,4.76837158203125e-07,,0.012693825177848339,,,,,reflection,,,,,,,A,real,,,train,pass,,
,,,0.0,,,,,,152,gpu_orthogonal,4,True,,,torch.float32,2e-05,2e-05,,,,,,mp-aaacpgnk,15136,,4.76837158203125e-07,,0.015342818573117256,,,,,inversion,,,,,,,A,real,,,train,pass,,
,,,0.0,,,,,,153,gpu_orthogonal,4,True,,,torch.float32,2e-05,2e-05,,,,,,mp-aaacpgnk,15136,,2.384185791015625e-07,,0.011792772449553013,,,,,improper_with_translation,,,,,,,A,real,,,train,pass,,
,,,,,,,,,154,gpu_padding,,,,,torch.float32,,,,,,,,mp-aaacpgnk,15136,,,,,,,,,,,,,,,,A,real,,,train,pass,,
,,,1.862645149230957e-08,,,,,,155,cpu_gpu_features,4,True,,,torch.float32,2e-05,2e-05,,,,,,mp-aaacpgnk,15136,,1.4379620552062988e-06,,0.06883334368467331,,,,,,,,,,,,B+,real,,,train,pass,,
,,,2.3283064365386963e-09,,,,,,156,gpu_rebuilt_features,4,True,,,torch.float32,0.0001,0.0001,,,,,,mp-aaacpgnk,15136,,3.8743019104003906e-07,,0.0026714797131717205,,,,,,,,,,,,B+,real,,,train,pass,,
,,,1.30385160446167e-08,,,,,,157,gpu_orthogonal,4,True,,,torch.float32,2e-05,2e-05,,,,,,mp-aaacpgnk,15136,,8.642673492431641e-07,,0.035374730825424194,,,,,rotation_1,,,,,,,B+,real,,,train,pass,,
,,,2.60770320892334e-08,,,,,,158,gpu_orthogonal,4,True,,,torch.float32,2e-05,2e-05,,,,,,mp-aaacpgnk,15136,,4.76837158203125e-07,,0.011775600723922253,,,,,rotation_2,,,,,,,B+,real,,,train,pass,,
,,,1.862645149230957e-08,,,,,,159,gpu_orthogonal,4,True,,,torch.float32,2e-05,2e-05,,,,,,mp-aaacpgnk,15136,,7.152557373046875e-07,,0.025616183876991272,,,,,reflection,,,,,,,B+,real,,,train,pass,,
,,,5.587935447692871e-09,,,,,,160,gpu_orthogonal,4,True,,,torch.float32,2e-05,2e-05,,,,,,mp-aaacpgnk,15136,,4.76837158203125e-07,,0.011788147501647472,,,,,inversion,,,,,,,B+,real,,,train,pass,,
,,,3.725290298461914e-09,,,,,,161,gpu_orthogonal,4,True,,,torch.float32,2e-05,2e-05,,,,,,mp-aaacpgnk,15136,,3.5762786865234375e-07,,0.010092426091432571,,,,,improper_with_translation,,,,,,,B+,real,,,train,pass,,
,,,,,,,,,162,gpu_padding,,,,,torch.float32,,,,,,,,mp-aaacpgnk,15136,,,,,,,,,,,,,,,,B+,real,,,train,pass,,
,,,0.0,,,,0,0,163,gpu_translation,4,True,,,torch.float32,0.0001,0.0001,,pass,,,,mp-aaacpgnk,15136,108,4.76837158203125e-07,4.76837158203125e-07,0.003151684533804655,,0.0,,,,,,,,,,A,real,,,train,pass,,
,,,9.313225746154785e-09,,,,0,0,164,gpu_translation,4,True,,,torch.float32,0.0001,0.0001,,pass,,,,mp-aaacpgnk,15136,108,5.960464477539062e-07,4.76837158203125e-07,0.0043154526501894,,0.0,,,,,,,,,,B+,real,,,train,pass,,
,,,,,,,0,0,165,gpu_geometry,,,,,torch.float32,,,,pass,,,,mp-aaaaaaab,0,8,,1.9073486328125e-06,,,1.430511474609375e-06,,,,,,,,,,,real,,,train,pass,,
,,,0.0,,,,,,166,cpu_gpu_features,4,True,,,torch.float32,2e-05,2e-05,,,,,,mp-aaaaaaab,0,,9.5367431640625e-07,,0.03781556710600853,,,,,,,,,,,,A,real,,,train,pass,,
,,,0.0,,,,,,167,gpu_rebuilt_features,4,True,,,torch.float32,0.0001,0.0001,,,,,,mp-aaaaaaab,0,,4.76837158203125e-07,,0.0023605283349752426,,,,,,,,,,,,A,real,,,train,pass,,
,,,0.0,,,,,,168,gpu_orthogonal,4,True,,,torch.float32,2e-05,2e-05,,,,,,mp-aaaaaaab,0,,0.0,,0.0,,,,,rotation_1,,,,,,,A,real,,,train,pass,,
,,,0.0,,,,,,169,gpu_orthogonal,4,True,,,torch.float32,2e-05,2e-05,,,,,,mp-aaaaaaab,0,,0.0,,0.0,,,,,rotation_2,,,,,,,A,real,,,train,pass,,
,,,0.0,,,,,,170,gpu_orthogonal,4,True,,,torch.float32,2e-05,2e-05,,,,,,mp-aaaaaaab,0,,0.0,,0.0,,,,,reflection,,,,,,,A,real,,,train,pass,,
,,,0.0,,,,,,171,gpu_orthogonal,4,True,,,torch.float32,2e-05,2e-05,,,,,,mp-aaaaaaab,0,,0.0,,0.0,,,,,inversion,,,,,,,A,real,,,train,pass,,
,,,0.0,,,,,,172,gpu_orthogonal,4,True,,,torch.float32,2e-05,2e-05,,,,,,mp-aaaaaaab,0,,0.0,,0.0,,,,,improper_with_translation,,,,,,,A,real,,,train,pass,,
,,,,,,,,,173,gpu_padding,,,,,torch.float32,,,,,,,,mp-aaaaaaab,0,,,,,,,,,,,,,,,,A,real,,,train,pass,,
,,,4.547473508864641e-12,,,,,,174,cpu_gpu_features,4,True,,,torch.float32,2e-05,2e-05,,,,,,mp-aaaaaaab,0,,8.046627044677734e-07,,0.03273514285683632,,,,,,,,,,,,B+,real,,,train,pass,,
,,,1.8189894035458565e-12,,,,,,175,gpu_rebuilt_features,4,True,,,torch.float32,0.0001,0.0001,,,,,,mp-aaaaaaab,0,,1.1920928955078125e-07,,0.0006598230684176087,,,,,,,,,,,,B+,real,,,train,pass,,
,,,1.8189894035458565e-12,,,,,,176,gpu_orthogonal,4,True,,,torch.float32,2e-05,2e-05,,,,,,mp-aaaaaaab,0,,8.859117883730505e-10,,4.429558612173423e-05,,,,,rotation_1,,,,,,,B+,real,,,train,pass,,
,,,2.7284841053187847e-12,,,,,,177,gpu_orthogonal,4,True,,,torch.float32,2e-05,2e-05,,,,,,mp-aaaaaaab,0,,7.307612293061538e-10,,3.653806197689846e-05,,,,,rotation_2,,,,,,,B+,real,,,train,pass,,
,,,0.0,,,,,,178,gpu_orthogonal,4,True,,,torch.float32,2e-05,2e-05,,,,,,mp-aaaaaaab,0,,0.0,,0.0,,,,,reflection,,,,,,,B+,real,,,train,pass,,
,,,0.0,,,,,,179,gpu_orthogonal,4,True,,,torch.float32,2e-05,2e-05,,,,,,mp-aaaaaaab,0,,0.0,,0.0,,,,,inversion,,,,,,,B+,real,,,train,pass,,
,,,1.8189894035458565e-12,,,,,,180,gpu_orthogonal,4,True,,,torch.float32,2e-05,2e-05,,,,,,mp-aaaaaaab,0,,8.859117883730505e-10,,4.429558612173423e-05,,,,,improper_with_translation,,,,,,,B+,real,,,train,pass,,
,,,,,,,,,181,gpu_padding,,,,,torch.float32,,,,,,,,mp-aaaaaaab,0,,,,,,,,,,,,,,,,B+,real,,,train,pass,,
,,,0.0,,,,0,0,182,gpu_translation,4,True,,,torch.float32,0.0001,0.0001,,pass,,,,mp-aaaaaaab,0,8,4.76837158203125e-07,1.9073486328125e-06,0.0023605283349752426,,1.430511474609375e-06,,,,,,,,,,A,real,,,train,pass,,
,,,1.8189894035458565e-12,,,,0,0,183,gpu_translation,4,True,,,torch.float32,0.0001,0.0001,,pass,,,,mp-aaaaaaab,0,8,1.1920928955078125e-07,1.9073486328125e-06,0.0006598230684176087,,1.430511474609375e-06,,,,,,,,,,B+,real,,,train,pass,,
,,,,,,,0,0,184,gpu_geometry,,,,,torch.float32,,,,pass,,,,mp-aaaaagxd,1767,7968,,4.76837158203125e-07,,,0.0,,,,,,,,,,,real,,,train,pass,,
,,,0.0,,,,,,185,cpu_gpu_features,4,True,,,torch.float32,2e-05,2e-05,,,,,,mp-aaaaagxd,1767,,1.430511474609375e-06,,0.0634482353925705,,,,,,,,,,,,A,real,,,train,pass,,
,,,0.0,,,,,,186,gpu_rebuilt_features,4,True,,,torch.float32,0.0001,0.0001,,,,,,mp-aaaaagxd,1767,,9.238719940185547e-07,,0.00727786123752594,,,,,,,,,,,,A,real,,,train,pass,,
,,,0.0,,,,,,187,gpu_orthogonal,4,True,,,torch.float32,2e-05,2e-05,,,,,,mp-aaaaagxd,1767,,7.152557373046875e-07,,0.02936171181499958,,,,,rotation_1,,,,,,,A,real,,,train,pass,,
,,,0.0,,,,,,188,gpu_orthogonal,4,True,,,torch.float32,2e-05,2e-05,,,,,,mp-aaaaagxd,1767,,7.152557373046875e-07,,0.026717333123087883,,,,,rotation_2,,,,,,,A,real,,,train,pass,,
,,,0.0,,,,,,189,gpu_orthogonal,4,True,,,torch.float32,2e-05,2e-05,,,,,,mp-aaaaagxd,1767,,8.046627044677734e-07,,0.03169391304254532,,,,,reflection,,,,,,,A,real,,,train,pass,,
,,,0.0,,,,,,190,gpu_orthogonal,4,True,,,torch.float32,2e-05,2e-05,,,,,,mp-aaaaagxd,1767,,8.344650268554688e-07,,0.03168235719203949,,,,,inversion,,,,,,,A,real,,,train,pass,,
,,,0.0,,,,,,191,gpu_orthogonal,4,True,,,torch.float32,2e-05,2e-05,,,,,,mp-aaaaagxd,1767,,7.748603820800781e-07,,0.025778045877814293,,,,,improper_with_translation,,,,,,,A,real,,,train,pass,,
,,,,,,,,,192,gpu_padding,,,,,torch.float32,,,,,,,,mp-aaaaagxd,1767,,,,,,,,,,,,,,,,A,real,,,train,pass,,
,,,2.421438694000244e-08,,,,,,193,cpu_gpu_features,4,True,,,torch.float32,2e-05,2e-05,,,,,,mp-aaaaagxd,1767,,1.8477439880371094e-06,,0.07999315112829208,,,,,,,,,,,,B+,real,,,train,pass,,
,,,1.7462298274040222e-08,,,,,,194,gpu_rebuilt_features,4,True,,,torch.float32,0.0001,0.0001,,,,,,mp-aaaaagxd,1767,,1.3113021850585938e-06,,0.010098286904394627,,,,,,,,,,,,B+,real,,,train,pass,,
,,,9.313225746154785e-09,,,,,,195,gpu_orthogonal,4,True,,,torch.float32,2e-05,2e-05,,,,,,mp-aaaaagxd,1767,,1.430511474609375e-06,,0.04342763125896454,,,,,rotation_1,,,,,,,B+,real,,,train,pass,,
,,,8.381903171539307e-09,,,,,,196,gpu_orthogonal,4,True,,,torch.float32,2e-05,2e-05,,,,,,mp-aaaaagxd,1767,,1.4901161193847656e-06,,0.0451178178191185,,,,,rotation_2,,,,,,,B+,real,,,train,pass,,
,,,9.313225746154785e-09,,,,,,197,gpu_orthogonal,4,True,,,torch.float32,2e-05,2e-05,,,,,,mp-aaaaagxd,1767,,1.1920928955078125e-06,,0.04306727647781372,,,,,reflection,,,,,,,B+,real,,,train,pass,,
,,,1.0244548320770264e-08,,,,,,198,gpu_orthogonal,4,True,,,torch.float32,2e-05,2e-05,,,,,,mp-aaaaagxd,1767,,1.0728836059570312e-06,,0.03407410904765129,,,,,inversion,,,,,,,B+,real,,,train,pass,,
,,,7.916241884231567e-09,,,,,,199,gpu_orthogonal,4,True,,,torch.float32,2e-05,2e-05,,,,,,mp-aaaaagxd,1767,,1.0728836059570312e-06,,0.03364429250359535,,,,,improper_with_translation,,,,,,,B+,real,,,train,pass,,
,,,,,,,,,200,gpu_padding,,,,,torch.float32,,,,,,,,mp-aaaaagxd,1767,,,,,,,,,,,,,,,,B+,real,,,train,pass,,
,,,0.0,,,,0,0,201,gpu_translation,4,True,,,torch.float32,0.0001,0.0001,,pass,,,,mp-aaaaagxd,1767,7968,1.1920928955078125e-06,1.430511474609375e-06,0.009305242449045181,,9.5367431640625e-07,,,,,,,,,,A,real,,,train,pass,,
,,,2.514570951461792e-08,,,,0,0,202,gpu_translation,4,True,,,torch.float32,0.0001,0.0001,,pass,,,,mp-aaaaagxd,1767,7968,1.9073486328125e-06,1.430511474609375e-06,0.012849075719714165,,9.5367431640625e-07,,,,,,,,,,B+,real,,,train,pass,,
,,,,,,,0,0,203,gpu_geometry,,,,,torch.float32,,,,pass,,,,mp-aaacrkql,17703,104,,4.76837158203125e-07,,,0.0,,,,,,,,,,,real,,,train,pass,,
,,,0.0,,,,,,204,cpu_gpu_features,4,True,,,torch.float32,2e-05,2e-05,,,,,,mp-aaacrkql,17703,,1.6689300537109375e-06,,0.04215895012021065,,,,,,,,,,,,A,real,,,train,pass,,
,,,0.0,,,,,,205,gpu_rebuilt_features,4,True,,,torch.float32,0.0001,0.0001,,,,,,mp-aaacrkql,17703,,4.76837158203125e-07,,0.0027413624338805676,,,,,,,,,,,,A,real,,,train,pass,,
,,,0.0,,,,,,206,gpu_orthogonal,4,True,,,torch.float32,2e-05,2e-05,,,,,,mp-aaacrkql,17703,,2.682209014892578e-07,,0.012811953201889992,,,,,rotation_1,,,,,,,A,real,,,train,pass,,
,,,0.0,,,,,,207,gpu_orthogonal,4,True,,,torch.float32,2e-05,2e-05,,,,,,mp-aaacrkql,17703,,4.76837158203125e-07,,0.01331091858446598,,,,,rotation_2,,,,,,,A,real,,,train,pass,,
,,,0.0,,,,,,208,gpu_orthogonal,4,True,,,torch.float32,2e-05,2e-05,,,,,,mp-aaacrkql,17703,,2.384185791015625e-07,,0.010421853512525558,,,,,reflection,,,,,,,A,real,,,train,pass,,
,,,0.0,,,,,,209,gpu_orthogonal,4,True,,,torch.float32,2e-05,2e-05,,,,,,mp-aaacrkql,17703,,2.384185791015625e-07,,0.009461083449423313,,,,,inversion,,,,,,,A,real,,,train,pass,,
,,,0.0,,,,,,210,gpu_orthogonal,4,True,,,torch.float32,2e-05,2e-05,,,,,,mp-aaacrkql,17703,,4.76837158203125e-07,,0.009724302217364311,,,,,improper_with_translation,,,,,,,A,real,,,train,pass,,
,,,,,,,,,211,gpu_padding,,,,,torch.float32,,,,,,,,mp-aaacrkql,17703,,,,,,,,,,,,,,,,A,real,,,train,pass,,
,,,1.210719347000122e-08,,,,,,212,cpu_gpu_features,4,True,,,torch.float32,2e-05,2e-05,,,,,,mp-aaacrkql,17703,,1.6689300537109375e-06,,0.05498674884438515,,,,,,,,,,,,B+,real,,,train,pass,,
,,,9.313225746154785e-09,,,,,,213,gpu_rebuilt_features,4,True,,,torch.float32,0.0001,0.0001,,,,,,mp-aaacrkql,17703,,5.960464477539062e-07,,0.0035387775860726833,,,,,,,,,,,,B+,real,,,train,pass,,
,,,4.190951585769653e-09,,,,,,214,gpu_orthogonal,4,True,,,torch.float32,2e-05,2e-05,,,,,,mp-aaacrkql,17703,,4.172325134277344e-07,,0.014336874708533287,,,,,rotation_1,,,,,,,B+,real,,,train,pass,,
,,,3.725290298461914e-09,,,,,,215,gpu_orthogonal,4,True,,,torch.float32,2e-05,2e-05,,,,,,mp-aaacrkql,17703,,3.5762786865234375e-07,,0.011200441978871822,,,,,rotation_2,,,,,,,B+,real,,,train,pass,,
,,,3.259629011154175e-09,,,,,,216,gpu_orthogonal,4,True,,,torch.float32,2e-05,2e-05,,,,,,mp-aaacrkql,17703,,4.172325134277344e-07,,0.014336874708533287,,,,,reflection,,,,,,,B+,real,,,train,pass,,
,,,2.7939677238464355e-09,,,,,,217,gpu_orthogonal,4,True,,,torch.float32,2e-05,2e-05,,,,,,mp-aaacrkql,17703,,4.172325134277344e-07,,0.014336874708533287,,,,,inversion,,,,,,,B+,real,,,train,pass,,
,,,5.122274160385132e-09,,,,,,218,gpu_orthogonal,4,True,,,torch.float32,2e-05,2e-05,,,,,,mp-aaacrkql,17703,,2.384185791015625e-07,,0.011470050550997257,,,,,improper_with_translation,,,,,,,B+,real,,,train,pass,,
,,,,,,,,,219,gpu_padding,,,,,torch.float32,,,,,,,,mp-aaacrkql,17703,,,,,,,,,,,,,,,,B+,real,,,train,pass,,
,,,0.0,,,,0,0,220,gpu_translation,4,True,,,torch.float32,0.0001,0.0001,,pass,,,,mp-aaacrkql,17703,104,4.76837158203125e-07,4.76837158203125e-07,0.0026822667568922043,,0.0,,,,,,,,,,A,real,,,train,pass,,
,,,7.450580596923828e-09,,,,0,0,221,gpu_translation,4,True,,,torch.float32,0.0001,0.0001,,pass,,,,mp-aaacrkql,17703,104,4.76837158203125e-07,4.76837158203125e-07,0.003915056120604277,,0.0,,,,,,,,,,B+,real,,,train,pass,,
,,,,,,,0,0,222,gpu_geometry,,,,,torch.float32,,,,pass,,,,mp-aaaciuwb,13453,276,,3.814697265625e-06,,,3.814697265625e-06,,,,,,,,,,,real,,,train,pass,,
,,,0.0,,,,,,223,cpu_gpu_features,4,True,,,torch.float32,2e-05,2e-05,,,,,,mp-aaaciuwb,13453,,1.430511474609375e-06,,0.048235923051834106,,,,,,,,,,,,A,real,,,train,pass,,
,,,0.0,,,,,,224,gpu_rebuilt_features,4,True,,,torch.float32,0.0001,0.0001,,,,,,mp-aaaciuwb,13453,,1.1920928955078125e-06,,0.007369717117398977,,,,,,,,,,,,A,real,,,train,pass,,
,,,0.0,,,,,,225,gpu_orthogonal,4,True,,,torch.float32,2e-05,2e-05,,,,,,mp-aaaciuwb,13453,,4.76837158203125e-07,,0.011651169508695602,,,,,rotation_1,,,,,,,A,real,,,train,pass,,
,,,0.0,,,,,,226,gpu_orthogonal,4,True,,,torch.float32,2e-05,2e-05,,,,,,mp-aaaciuwb,13453,,4.76837158203125e-07,,0.011651169508695602,,,,,rotation_2,,,,,,,A,real,,,train,pass,,
,,,0.0,,,,,,227,gpu_orthogonal,4,True,,,torch.float32,2e-05,2e-05,,,,,,mp-aaaciuwb,13453,,4.76837158203125e-07,,0.011651169508695602,,,,,reflection,,,,,,,A,real,,,train,pass,,
,,,0.0,,,,,,228,gpu_orthogonal,4,True,,,torch.float32,2e-05,2e-05,,,,,,mp-aaaciuwb,13453,,4.76837158203125e-07,,0.012553531676530838,,,,,inversion,,,,,,,A,real,,,train,pass,,
,,,0.0,,,,,,229,gpu_orthogonal,4,True,,,torch.float32,2e-05,2e-05,,,,,,mp-aaaciuwb,13453,,3.5762786865234375e-07,,0.011479299515485764,,,,,improper_with_translation,,,,,,,A,real,,,train,pass,,
,,,,,,,,,230,gpu_padding,,,,,torch.float32,,,,,,,,mp-aaaciuwb,13453,,,,,,,,,,,,,,,,A,real,,,train,pass,,
,,,1.3271346688270569e-08,,,,,,231,cpu_gpu_features,4,True,,,torch.float32,2e-05,2e-05,,,,,,mp-aaaciuwb,13453,,1.6689300537109375e-06,,0.04445057362318039,,,,,,,,,,,,B+,real,,,train,pass,,
,,,2.2118911147117615e-08,,,,,,232,gpu_rebuilt_features,4,True,,,torch.float32,0.0001,0.0001,,,,,,mp-aaaciuwb,13453,,1.7881393432617188e-06,,0.012659148313105106,,,,,,,,,,,,B+,real,,,train,pass,,
,,,6.752088665962219e-09,,,,,,233,gpu_orthogonal,4,True,,,torch.float32,2e-05,2e-05,,,,,,mp-aaaciuwb,13453,,4.76837158203125e-07,,0.01856868527829647,,,,,rotation_1,,,,,,,B+,real,,,train,pass,,
,,,6.752088665962219e-09,,,,,,234,gpu_orthogonal,4,True,,,torch.float32,2e-05,2e-05,,,,,,mp-aaaciuwb,13453,,4.76837158203125e-07,,0.015290523879230022,,,,,rotation_2,,,,,,,B+,real,,,train,pass,,
,,,3.4924596548080444e-09,,,,,,235,gpu_orthogonal,4,True,,,torch.float32,2e-05,2e-05,,,,,,mp-aaaciuwb,13453,,5.960464477539062e-07,,0.01740441657602787,,,,,reflection,,,,,,,B+,real,,,train,pass,,
,,,3.2014213502407074e-09,,,,,,236,gpu_orthogonal,4,True,,,torch.float32,2e-05,2e-05,,,,,,mp-aaaciuwb,13453,,8.344650268554688e-07,,0.024162154644727707,,,,,inversion,,,,,,,B+,real,,,train,pass,,
,,,6.752088665962219e-09,,,,,,237,gpu_orthogonal,4,True,,,torch.float32,2e-05,2e-05,,,,,,mp-aaaciuwb,13453,,4.76837158203125e-07,,0.015916015952825546,,,,,improper_with_translation,,,,,,,B+,real,,,train,pass,,
,,,,,,,,,238,gpu_padding,,,,,torch.float32,,,,,,,,mp-aaaciuwb,13453,,,,,,,,,,,,,,,,B+,real,,,train,pass,,
,,,0.0,,,,0,0,239,gpu_translation,4,True,,,torch.float32,0.0001,0.0001,,pass,,,,mp-aaaciuwb,13453,276,1.1920928955078125e-06,3.814697265625e-06,0.006909110117703676,,3.814697265625e-06,,,,,,,,,,A,real,,,train,pass,,
,,,1.955777406692505e-08,,,,0,0,240,gpu_translation,4,True,,,torch.float32,0.0001,0.0001,,pass,,,,mp-aaaciuwb,13453,276,1.7881393432617188e-06,3.814697265625e-06,0.012712878175079823,,3.814697265625e-06,,,,,,,,,,B+,real,,,train,pass,,
,,,0.0,,,,0,0,241,gpu_representation,4,True,,,torch.float32,0.0001,0.0001,,pass,,,,mp-aaaciuwb,13453,,4.76837158203125e-07,,0.002166260499507189,,,,,permutation,,,,,,,A,real,,,train,pass,,
,,,2.3283064365386963e-09,,,,0,0,242,gpu_representation,4,True,,,torch.float32,0.0001,0.0001,,pass,,,,mp-aaaciuwb,13453,,4.76837158203125e-07,,0.0034457314759492874,,,,,permutation,,,,,,,B+,real,,,train,pass,,
,,,0.0,,,,0,0,243,gpu_representation,4,True,,,torch.float32,0.0001,0.0001,,pass,,,,mp-aaaciuwb,13453,,7.748603820800781e-07,,0.004317803308367729,,,,,integer_images,,,,,,,A,real,,,train,pass,,
,,,1.6065314412117004e-08,,,,0,0,244,gpu_representation,4,True,,,torch.float32,0.0001,0.0001,,pass,,,,mp-aaaciuwb,13453,,9.5367431640625e-07,,0.007218350190669298,,,,,integer_images,,,,,,,B+,real,,,train,pass,,
,,,0.0,,,,0,0,245,gpu_representation,4,True,,,torch.float32,0.0001,0.0001,,pass,,,,mp-aaaciuwb,13453,,5.960464477539062e-07,,0.00412795040756464,,,,,basis_swap,,,,,,,A,real,,,train,pass,,
,,,1.7695128917694092e-08,,,,0,0,246,gpu_representation,4,True,,,torch.float32,0.0001,0.0001,,pass,,,,mp-aaaciuwb,13453,,1.1920928955078125e-06,,0.010499418713152409,,,,,basis_swap,,,,,,,B+,real,,,train,pass,,
,,,0.0,,,,0,0,247,gpu_representation,4,True,,,torch.float32,0.0001,0.0001,,pass,,,,mp-aaaciuwb,13453,,1.0728836059570312e-06,,0.007180521264672279,,,,,basis_shear,,,,,,,A,real,,,train,pass,,
,,,1.7695128917694092e-08,,,,0,0,248,gpu_representation,4,True,,,torch.float32,0.0001,0.0001,,pass,,,,mp-aaaciuwb,13453,,2.339482307434082e-06,,0.020160827785730362,,,,,basis_shear,,,,,,,B+,real,,,train,pass,,
,,,,,,,,,249,cpu_gpu_gradients,,,,,torch.float32,,,,,5.051722493362269e-07,35,,mp-aaaciuwb,13453,,2.421438694000244e-08,,,3.1777656902644896e-06,,,,,,,,,,,A,real,,,train,pass,"{""input"": {""max_abs_error"": 1.0477378964424133e-09, ""max_normalized_error"": 0.00040131352660961815, ""pass"": true, ""relative_l2"": 6.774714326974341e-07, ""active"": true, ""above_absolute_floor"": true}, ""vectors"": {""max_abs_error"": 8.449335252725537e-13, ""max_normalized_error"": 4.224667621467367e-07, ""pass"": true, ""relative_l2"": 6.3983354854080345e-06, ""active"": true, ""above_absolute_floor"": false}, ""distances"": {""max_abs_error"": 2.2509993868879974e-10, ""max_normalized_error"": 0.00011246705423715266, ""pass"": true, ""relative_l2"": 3.1777656902644896e-06, ""active"": true, ""above_absolute_floor"": true}, ""local_input.weight"": {""max_abs_error"": 1.4901161193847656e-08, ""max_normalized_error"": 0.003444245112827546, ""pass"": true, ""relative_l2"": 4.96189742365588e-07, ""active"": true, ""above_absolute_floor"": true}, ""local_input.bias"": {""max_abs_error"": 8.381903171539307e-09, ""max_normalized_error"": 0.0018129389697098418, ""pass"": true, ""relative_l2"": 4.3642176314366947e-07, ""active"": true, ""above_absolute_floor"": true}, ""local_output.weight"": {""max_abs_error"": 6.984919309616089e-09, ""max_normalized_error"": 0.0018257543014352305, ""pass"": true, ""relative_l2"": 5.11154135927542e-07, ""active"": true, ""above_absolute_floor"": true}, ""local_output.bias"": {""max_abs_error"": 1.862645149230957e-09, ""max_normalized_error"": 0.0004503631652759658, ""pass"": true, ""relative_l2"": 3.2577513029466763e-07, ""active"": true, ""above_absolute_floor"": true}, ""blocks.0.edge_mlp.0.weight"": {""max_abs_error"": 4.656612873077393e-10, ""max_normalized_error"": 0.00014583689168664858, ""pass"": true, ""relative_l2"": 7.317392293174765e-07, ""active"": true, ""above_absolute_floor"": true}, ""blocks.0.edge_mlp.0.bias"": {""max_abs_error"": 3.4924596548080444e-10, ""max_normalized_error"": 0.0001333126985701068, ""pass"": true, ""relative_l2"": 5.142450518793696e-07, ""active"": true, ""above_absolute_floor"": true}, ""blocks.0.edge_mlp.2.weight"": {""max_abs_error"": 6.402842700481415e-10, ""max_normalized_error"": 0.00021388574917917543, ""pass"": true, ""relative_l2"": 7.723741251676119e-07, ""active"": true, ""above_absolute_floor"": true}, ""blocks.0.edge_mlp.2.bias"": {""max_abs_error"": 1.3969838619232178e-09, ""max_normalized_error"": 0.00046540063914890794, ""pass"": true, ""relative_l2"": 5.091575087098925e-07, ""active"": true, ""above_absolute_floor"": true}, ""blocks.0.angle_mlp.0.weight"": {""max_abs_error"": 2.4010660126805305e-10, ""max_normalized_error"": 0.00011603328406489019, ""pass"": true, ""relative_l2"": 7.727589445607456e-07, ""active"": true, ""above_absolute_floor"": true}, ""blocks.0.angle_mlp.0.bias"": {""max_abs_error"": 2.764863893389702e-10, ""max_normalized_error"": 0.0001303303255619584, ""pass"": true, ""relative_l2"": 6.115278148340534e-07, ""active"": true, ""above_absolute_floor"": true}, ""blocks.0.angle_mlp.2.weight"": {""max_abs_error"": 3.637978807091713e-10, ""max_normalized_error"": 0.000150926886559147, ""pass"": true, ""relative_l2"": 8.419157011117131e-07, ""active"": true, ""above_absolute_floor"": true}, ""blocks.0.angle_mlp.2.bias"": {""max_abs_error"": 1.367880031466484e-09, ""max_normalized_error"": 0.0005966947094244985, ""pass"": true, ""relative_l2"": 7.282952480168875e-07, ""active"": true, ""above_absolute_floor"": true}, ""blocks.0.update.0.weight"": {""max_abs_error"": 2.421438694000244e-08, ""max_normalized_error"": 0.003740517802659965, ""pass"": true, ""relative_l2"": 5.265847146499734e-07, ""active"": true, ""above_absolute_floor"": true}, ""blocks.0.update.0.bias"": {""max_abs_error"": 3.026798367500305e-09, ""max_normalized_error"": 0.0008872159459179674, ""pass"": true, ""relative_l2"": 4.872035012133954e-07, ""active"": true, ""above_absolute_floor"": true}, ""blocks.0.update.2.weight"": {""max_abs_error"": 5.587935447692871e-09, ""max_normalized_error"": 0.0012595817272849576, ""pass"": true, ""relative_l2"": 4.629008491871154e-07, ""active"": true, ""above_absolute_floor"": true}, ""blocks.0.update.2.bias"": {""max_abs_error"": 7.450580596923828e-09, ""max_normalized_error"": 0.0018182604182737723, ""pass"": true, ""relative_l2"": 4.138072513201492e-07, ""active"": true, ""above_absolute_floor"": true}, ""blocks.0.norm.weight"": {""max_abs_error"": 1.57160684466362e-08, ""max_normalized_error"": 0.004680850886422219, ""pass"": true, ""relative_l2"": 1.5281897678237606e-06, ""active"": true, ""above_absolute_floor"": true}, ""blocks.0.norm.bias"": {""max_abs_error"": 5.3551048040390015e-09, ""max_normalized_error"": 0.001934042543820892, ""pass"": true, ""relative_l2"": 7.78546562083374e-07, ""active"": true, ""above_absolute_floor"": true}, ""blocks.1.edge_mlp.0.weight"": {""max_abs_error"": 6.111804395914078e-10, ""max_normalized_error"": 0.00024980030109613343, ""pass"": true, ""relative_l2"": 1.0287482429666677e-06, ""active"": true, ""above_absolute_floor"": true}, ""blocks.1.edge_mlp.0.bias"": {""max_abs_error"": 2.764863893389702e-10, ""max_normalized_error"": 0.00012022356865539002, ""pass"": true, ""relative_l2"": 8.785676058958087e-07, ""active"": true, ""above_absolute_floor"": true}, ""blocks.1.edge_mlp.2.weight"": {""max_abs_error"": 8.149072527885437e-10, ""max_normalized_error"": 0.000304608681254014, ""pass"": true, ""relative_l2"": 9.650002021632709e-07, ""active"": true, ""above_absolute_floor"": true}, ""blocks.1.edge_mlp.2.bias"": {""max_abs_error"": 6.984919309616089e-10, ""max_normalized_error"": 0.00023485779819929395, ""pass"": true, ""relative_l2"": 7.917302197827548e-07, ""active"": true, ""above_absolute_floor"": true}, ""blocks.1.angle_mlp.0.weight"": {""max_abs_error"": 3.80168785341084e-10, ""max_normalized_error"": 0.00018599999275015103, ""pass"": true, ""relative_l2"": 1.1634341289299461e-06, ""active"": true, ""above_absolute_floor"": true}, ""blocks.1.angle_mlp.0.bias"": {""max_abs_error"": 1.6007106751203537e-10, ""max_normalized_error"": 7.776112612709903e-05, ""pass"": true, ""relative_l2"": 1.0984841108092137e-06, ""active"": true, ""above_absolute_floor"": true}, ""blocks.1.angle_mlp.2.weight"": {""max_abs_error"": 4.3655745685100555e-10, ""max_normalized_error"": 0.00018067634294916782, ""pass"": true, ""relative_l2"": 1.0794359753117424e-06, ""active"": true, ""above_absolute_floor"": true}, ""blocks.1.angle_mlp.2.bias"": {""max_abs_error"": 5.238689482212067e-10, ""max_normalized_error"": 0.00021629084698715305, ""pass"": true, ""relative_l2"": 9.463826154882873e-07, ""active"": true, ""above_absolute_floor"": true}, ""blocks.1.update.0.weight"": {""max_abs_error"": 1.5832483768463135e-08, ""max_normalized_error"": 0.0031358262878718136, ""pass"": true, ""relative_l2"": 9.438328018827812e-07, ""active"": true, ""above_absolute_floor"": true}, ""blocks.1.update.0.bias"": {""max_abs_error"": 1.862645149230957e-09, ""max_normalized_error"": 0.0007525671005794511, ""pass"": true, ""relative_l2"": 9.210155876405947e-07, ""active"": true, ""above_absolute_floor"": true}, ""blocks.1.update.2.weight"": {""max_abs_error"": 6.05359673500061e-09, ""max_normalized_error"": 0.001920058375637506, ""pass"": true, ""relative_l2"": 7.935969705912704e-07, ""active"": true, ""above_absolute_floor"": true}, ""blocks.1.update.2.bias"": {""max_abs_error"": 4.889443516731262e-09, ""max_normalized_error"": 0.002092901551627756, ""pass"": true, ""relative_l2"": 7.240567461497229e-07, ""active"": true, ""above_absolute_floor"": true}, ""blocks.1.norm.weight"": {""max_abs_error"": 2.2351741790771484e-08, ""max_normalized_error"": 0.0008065736010274482, ""pass"": true, ""relative_l2"": 3.621264810951066e-07, ""active"": true, ""above_absolute_floor"": true}, ""blocks.1.norm.bias"": {""max_abs_error"": 9.778887033462524e-09, ""max_normalized_error"": 0.0015025774640527267, ""pass"": true, ""relative_l2"": 3.1636144952706035e-07, ""active"": true, ""above_absolute_floor"": true}}","[""vectors""]"
,,,,,,,,,250,cpu_gpu_gradients,,,,,torch.float32,,,,,6.53491375958599e-07,33,,mp-aaaciuwb,13453,,2.514570951461792e-08,,,2.51726384133669e-06,,,,,,,,,,,B+,real,,,train,pass,"{""input"": {""max_abs_error"": 1.3096723705530167e-09, ""max_normalized_error"": 0.0005026774722032255, ""pass"": true, ""relative_l2"": 8.411219135336222e-07, ""active"": true, ""above_absolute_floor"": true}, ""vectors"": {""max_abs_error"": 1.1823431123048067e-11, ""max_normalized_error"": 5.889550508748012e-06, ""pass"": true, ""relative_l2"": 2.7610618409930747e-06, ""active"": true, ""above_absolute_floor"": false}, ""distances"": {""max_abs_error"": 1.528405846329406e-09, ""max_normalized_error"": 0.0007599933826534911, ""pass"": true, ""relative_l2"": 2.51726384133669e-06, ""active"": true, ""above_absolute_floor"": true}, ""local_input.weight"": {""max_abs_error"": 1.862645149230957e-08, ""max_normalized_error"": 0.0047314128140394825, ""pass"": true, ""relative_l2"": 6.692444865218363e-07, ""active"": true, ""above_absolute_floor"": true}, ""local_input.bias"": {""max_abs_error"": 1.210719347000122e-08, ""max_normalized_error"": 0.0017795226113507848, ""pass"": true, ""relative_l2"": 6.282498017406474e-07, ""active"": true, ""above_absolute_floor"": true}, ""local_output.weight"": {""max_abs_error"": 6.28642737865448e-09, ""max_normalized_error"": 0.0017664637353539444, ""pass"": true, ""relative_l2"": 5.611107343981405e-07, ""active"": true, ""above_absolute_floor"": true}, ""local_output.bias"": {""max_abs_error"": 1.6298145055770874e-09, ""max_normalized_error"": 0.000600338573621095, ""pass"": true, ""relative_l2"": 3.617884897996854e-07, ""active"": true, ""above_absolute_floor"": true}, ""blocks.0.tp.weight"": {""max_abs_error"": 1.4551915228366852e-10, ""max_normalized_error"": 6.656789877821047e-05, ""pass"": true, ""relative_l2"": 1.0902296102620453e-06, ""active"": true, ""above_absolute_floor"": true}, ""blocks.0.mix.weight"": {""max_abs_error"": 9.595169103704393e-11, ""max_normalized_error"": 4.764210195470042e-05, ""pass"": true, ""relative_l2"": 9.58991890251105e-07, ""active"": true, ""above_absolute_floor"": true}, ""blocks.0.radial_gate.0.weight"": {""max_abs_error"": 1.1059455573558807e-09, ""max_normalized_error"": 0.00046479269791411116, ""pass"": true, ""relative_l2"": 1.1407453253644994e-06, ""active"": true, ""above_absolute_floor"": true}, ""blocks.0.radial_gate.0.bias"": {""max_abs_error"": 9.313225746154785e-10, ""max_normalized_error"": 0.00041738328916481027, ""pass"": true, ""relative_l2"": 1.092136976993313e-06, ""active"": true, ""above_absolute_floor"": true}, ""blocks.0.radial_gate.2.weight"": {""max_abs_error"": 1.3969838619232178e-09, ""max_normalized_error"": 0.0004484419523273865, ""pass"": true, ""relative_l2"": 1.2009090018138896e-06, ""active"": true, ""above_absolute_floor"": true}, ""blocks.0.radial_gate.2.bias"": {""max_abs_error"": 5.005858838558197e-09, ""max_normalized_error"": 0.0009458307511083353, ""pass"": true, ""relative_l2"": 1.0891280676997565e-06, ""active"": true, ""above_absolute_floor"": true}, ""blocks.0.update.0.weight"": {""max_abs_error"": 2.514570951461792e-08, ""max_normalized_error"": 0.003791144377773503, ""pass"": true, ""relative_l2"": 5.8062782010334e-07, ""active"": true, ""above_absolute_floor"": true}, ""blocks.0.update.0.bias"": {""max_abs_error"": 3.259629011154175e-09, ""max_normalized_error"": 0.000975157575742103, ""pass"": true, ""relative_l2"": 5.822419133758011e-07, ""active"": true, ""above_absolute_floor"": true}, ""blocks.0.update.2.weight"": {""max_abs_error"": 1.1175870895385742e-08, ""max_normalized_error"": 0.0029968500209720883, ""pass"": true, ""relative_l2"": 6.509492105618761e-07, ""active"": true, ""above_absolute_floor"": true}, ""blocks.0.update.2.bias"": {""max_abs_error"": 1.0710209608078003e-08, ""max_normalized_error"": 0.002087671293002674, ""pass"": true, ""relative_l2"": 6.287499024462583e-07, ""active"": true, ""above_absolute_floor"": true}, ""blocks.0.norm.weight"": {""max_abs_error"": 8.149072527885437e-09, ""max_normalized_error"": 0.0017380622149801538, ""pass"": true, ""relative_l2"": 9.47766501604198e-07, ""active"": true, ""above_absolute_floor"": true}, ""blocks.0.norm.bias"": {""max_abs_error"": 4.889443516731262e-09, ""max_normalized_error"": 0.0009982818337476197, ""pass"": true, ""relative_l2"": 7.238067945632276e-07, ""active"": true, ""above_absolute_floor"": true}, ""blocks.0.direction_gate.weight"": {""max_abs_error"": 9.947598300641403e-13, ""max_normalized_error"": 4.973179456648889e-07, ""pass"": true, ""relative_l2"": 2.3318824039207306e-06, ""active"": true, ""above_absolute_floor"": false}, ""blocks.0.direction_gate.bias"": {""max_abs_error"": 2.984279490192421e-13, ""max_normalized_error"": 1.4918878571835778e-07, ""pass"": true, ""relative_l2"": 1.8132108029564555e-06, ""active"": true, ""above_absolute_floor"": false}, ""blocks.1.tp.weight"": {""max_abs_error"": 5.820766091346741e-10, ""max_normalized_error"": 0.0002316539276252281, ""pass"": true, ""relative_l2"": 1.2537258412355416e-06, ""active"": true, ""above_absolute_floor"": true}, ""blocks.1.mix.weight"": {""max_abs_error"": 3.4924596548080444e-10, ""max_normalized_error"": 0.00016204864547428037, ""pass"": true, ""relative_l2"": 9.353479662995699e-07, ""active"": true, ""above_absolute_floor"": true}, ""blocks.1.radial_gate.0.weight"": {""max_abs_error"": 3.14321368932724e-09, ""max_normalized_error"": 0.0012366889309791311, ""pass"": true, ""relative_l2"": 1.1224308088182194e-06, ""active"": true, ""above_absolute_floor"": true}, ""blocks.1.radial_gate.0.bias"": {""max_abs_error"": 1.2514647096395493e-09, ""max_normalized_error"": 0.0004382332067348287, ""pass"": true, ""relative_l2"": 1.0506327918586013e-06, ""active"": true, ""above_absolute_floor"": true}, ""blocks.1.radial_gate.2.weight"": {""max_abs_error"": 5.587935447692871e-09, ""max_normalized_error"": 0.0016926582379550666, ""pass"": true, ""relative_l2"": 1.0847922765213961e-06, ""active"": true, ""above_absolute_floor"": true}, ""blocks.1.radial_gate.2.bias"": {""max_abs_error"": 4.249159246683121e-09, ""max_normalized_error"": 0.0015165166652957654, ""pass"": true, ""relative_l2"": 9.403893786755578e-07, ""active"": true, ""above_absolute_floor"": true}, ""blocks.1.update.0.weight"": {""max_abs_error"": 1.8277205526828766e-08, ""max_normalized_error"": 0.004057829268961362, ""pass"": true, ""relative_l2"": 7.875987088909661e-07, ""active"": true, ""above_absolute_floor"": true}, ""blocks.1.update.0.bias"": {""max_abs_error"": 2.153683453798294e-09, ""max_normalized_error"": 0.0009367057217756207, ""pass"": true, ""relative_l2"": 7.780718374611958e-07, ""active"": true, ""above_absolute_floor"": true}, ""blocks.1.update.2.weight"": {""max_abs_error"": 6.984919309616089e-09, ""max_normalized_error"": 0.002016658321530519, ""pass"": true, ""relative_l2"": 7.167986775306659e-07, ""active"": true, ""above_absolute_floor"": true}, ""blocks.1.update.2.bias"": {""max_abs_error"": 4.6566128730773926e-09, ""max_normalized_error"": 0.0012992732236856712, ""pass"": true, ""relative_l2"": 6.988022264959834e-07, ""active"": true, ""above_absolute_floor"": true}, ""blocks.1.norm.weight"": {""max_abs_error"": 2.2351741790771484e-08, ""max_normalized_error"": 0.001025627620235701, ""pass"": true, ""relative_l2"": 4.5199412778186223e-07, ""active"": true, ""above_absolute_floor"": true}, ""blocks.1.norm.bias"": {""max_abs_error"": 8.847564458847046e-09, ""max_normalized_error"": 0.0013791898722285661, ""pass"": true, ""relative_l2"": 3.931393298079683e-07, ""active"": true, ""above_absolute_floor"": true}}","[""vectors"", ""blocks.0.direction_gate.weight"", ""blocks.0.direction_gate.bias""]"
,,,,,,,0,0,251,gpu_geometry,,,,,torch.float32,,,,pass,,,,mp-aaaabqpu,6712,1446,,4.76837158203125e-07,,,4.76837158203125e-07,,,,,,,,,,,real,,,train,pass,,
,,,0.0,,,,,,252,cpu_gpu_features,4,True,,,torch.float32,2e-05,2e-05,,,,,,mp-aaaabqpu,6712,,1.430511474609375e-06,,0.04437434300780296,,,,,,,,,,,,A,real,,,train,pass,,
,,,0.0,,,,,,253,gpu_rebuilt_features,4,True,,,torch.float32,0.0001,0.0001,,,,,,mp-aaaabqpu,6712,,7.152557373046875e-07,,0.0036881493870168924,,,,,,,,,,,,A,real,,,train,pass,,
,,,0.0,,,,,,254,gpu_orthogonal,4,True,,,torch.float32,2e-05,2e-05,,,,,,mp-aaaabqpu,6712,,7.152557373046875e-07,,0.0178079754114151,,,,,rotation_1,,,,,,,A,real,,,train,pass,,
,,,0.0,,,,,,255,gpu_orthogonal,4,True,,,torch.float32,2e-05,2e-05,,,,,,mp-aaaabqpu,6712,,5.960464477539062e-07,,0.01868394948542118,,,,,rotation_2,,,,,,,A,real,,,train,pass,,
,,,0.0,,,,,,256,gpu_orthogonal,4,True,,,torch.float32,2e-05,2e-05,,,,,,mp-aaaabqpu,6712,,7.152557373046875e-07,,0.014012453146278858,,,,,reflection,,,,,,,A,real,,,train,pass,,
,,,0.0,,,,,,257,gpu_orthogonal,4,True,,,torch.float32,2e-05,2e-05,,,,,,mp-aaaabqpu,6712,,7.152557373046875e-07,,0.0171046145260334,,,,,inversion,,,,,,,A,real,,,train,pass,,
,,,0.0,,,,,,258,gpu_orthogonal,4,True,,,torch.float32,2e-05,2e-05,,,,,,mp-aaaabqpu,6712,,7.152557373046875e-07,,0.017041131854057312,,,,,improper_with_translation,,,,,,,A,real,,,train,pass,,
,,,,,,,,,259,gpu_padding,,,,,torch.float32,,,,,,,,mp-aaaabqpu,6712,,,,,,,,,,,,,,,,A,real,,,train,pass,,
,,,3.166496753692627e-08,,,,,,260,cpu_gpu_features,4,True,,,torch.float32,2e-05,2e-05,,,,,,mp-aaaabqpu,6712,,1.7657876014709473e-06,,0.07997139543294907,,,,,,,,,,,,B+,real,,,train,pass,,
,,,3.166496753692627e-08,,,,,,261,gpu_rebuilt_features,4,True,,,torch.float32,0.0001,0.0001,,,,,,mp-aaaabqpu,6712,,7.450580596923828e-07,,0.006454461254179478,,,,,,,,,,,,B+,real,,,train,pass,,
,,,1.955777406692505e-08,,,,,,262,gpu_orthogonal,4,True,,,torch.float32,2e-05,2e-05,,,,,,mp-aaaabqpu,6712,,7.152557373046875e-07,,0.016432998701930046,,,,,rotation_1,,,,,,,B+,real,,,train,pass,,
,,,2.1420419216156006e-08,,,,,,263,gpu_orthogonal,4,True,,,torch.float32,2e-05,2e-05,,,,,,mp-aaaabqpu,6712,,9.5367431640625e-07,,0.024162525311112404,,,,,rotation_2,,,,,,,B+,real,,,train,pass,,
,,,1.1175870895385742e-08,,,,,,264,gpu_orthogonal,4,True,,,torch.float32,2e-05,2e-05,,,,,,mp-aaaabqpu,6712,,7.152557373046875e-07,,0.021676337346434593,,,,,reflection,,,,,,,B+,real,,,train,pass,,
,,,1.1175870895385742e-08,,,,,,265,gpu_orthogonal,4,True,,,torch.float32,2e-05,2e-05,,,,,,mp-aaaabqpu,6712,,7.152557373046875e-07,,0.02455075830221176,,,,,inversion,,,,,,,B+,real,,,train,pass,,
,,,1.6763806343078613e-08,,,,,,266,gpu_orthogonal,4,True,,,torch.float32,2e-05,2e-05,,,,,,mp-aaaabqpu,6712,,7.152557373046875e-07,,0.020471027120947838,,,,,improper_with_translation,,,,,,,B+,real,,,train,pass,,
,,,,,,,,,267,gpu_padding,,,,,torch.float32,,,,,,,,mp-aaaabqpu,6712,,,,,,,,,,,,,,,,B+,real,,,train,pass,,
,,,0.0,,,,0,0,268,gpu_translation,4,True,,,torch.float32,0.0001,0.0001,,pass,,,,mp-aaaabqpu,6712,1446,7.152557373046875e-07,9.5367431640625e-07,0.004620194900780916,,5.960464477539062e-07,,,,,,,,,,A,real,,,train,pass,,
,,,1.7695128917694092e-08,,,,0,0,269,gpu_translation,4,True,,,torch.float32,0.0001,0.0001,,pass,,,,mp-aaaabqpu,6712,1446,7.152557373046875e-07,9.5367431640625e-07,0.005932584870606661,,5.960464477539062e-07,,,,,,,,,,B+,real,,,train,pass,,
,,,,,,,0,0,270,gpu_geometry,,,,,torch.float32,,,,pass,,,,mp-aaabfwpd,1056,8584,,4.76837158203125e-07,,,0.0,,,,,,,,,,,real,,,valid,pass,,
,,,0.0,,,,,,271,cpu_gpu_features,4,True,,,torch.float32,2e-05,2e-05,,,,,,mp-aaabfwpd,1056,,1.9073486328125e-06,,0.07767986506223679,,,,,,,,,,,,A,real,,,valid,pass,,
,,,0.0,,,,,,272,gpu_rebuilt_features,4,True,,,torch.float32,0.0001,0.0001,,,,,,mp-aaabfwpd,1056,,1.1920928955078125e-06,,0.00815705768764019,,,,,,,,,,,,A,real,,,valid,pass,,
,,,0.0,,,,,,273,gpu_orthogonal,4,True,,,torch.float32,2e-05,2e-05,,,,,,mp-aaabfwpd,1056,,8.866190910339355e-07,,0.040386591106653214,,,,,rotation_1,,,,,,,A,real,,,valid,pass,,
,,,0.0,,,,,,274,gpu_orthogonal,4,True,,,torch.float32,2e-05,2e-05,,,,,,mp-aaabfwpd,1056,,8.344650268554688e-07,,0.03569411486387253,,,,,rotation_2,,,,,,,A,real,,,valid,pass,,
,,,0.0,,,,,,275,gpu_orthogonal,4,True,,,torch.float32,2e-05,2e-05,,,,,,mp-aaabfwpd,1056,,8.344650268554688e-07,,0.03960704803466797,,,,,reflection,,,,,,,A,real,,,valid,pass,,
,,,0.0,,,,,,276,gpu_orthogonal,4,True,,,torch.float32,2e-05,2e-05,,,,,,mp-aaabfwpd,1056,,8.568167686462402e-07,,0.03872478008270264,,,,,inversion,,,,,,,A,real,,,valid,pass,,
,,,0.0,,,,,,277,gpu_orthogonal,4,True,,,torch.float32,2e-05,2e-05,,,,,,mp-aaabfwpd,1056,,1.1920928955078125e-06,,0.039516422897577286,,,,,improper_with_translation,,,,,,,A,real,,,valid,pass,,
,,,,,,,,,278,gpu_padding,,,,,torch.float32,,,,,,,,mp-aaabfwpd,1056,,,,,,,,,,,,,,,,A,real,,,valid,pass,,
,,,3.958120942115784e-08,,,,,,279,cpu_gpu_features,4,True,,,torch.float32,2e-05,2e-05,,,,,,mp-aaabfwpd,1056,,2.6226043701171875e-06,,0.10107220709323883,,,,,,,,,,,,B+,real,,,valid,pass,,
,,,2.7939677238464355e-08,,,,,,280,gpu_rebuilt_features,4,True,,,torch.float32,0.0001,0.0001,,,,,,mp-aaabfwpd,1056,,1.430511474609375e-06,,0.007922896184027195,,,,,,,,,,,,B+,real,,,valid,pass,,
,,,1.6763806343078613e-08,,,,,,281,gpu_orthogonal,4,True,,,torch.float32,2e-05,2e-05,,,,,,mp-aaabfwpd,1056,,1.3113021850585938e-06,,0.05885215476155281,,,,,rotation_1,,,,,,,B+,real,,,valid,pass,,
,,,3.166496753692627e-08,,,,,,282,gpu_orthogonal,4,True,,,torch.float32,2e-05,2e-05,,,,,,mp-aaabfwpd,1056,,1.1920928955078125e-06,,0.04613003507256508,,,,,rotation_2,,,,,,,B+,real,,,valid,pass,,
,,,2.2351741790771484e-08,,,,,,283,gpu_orthogonal,4,True,,,torch.float32,2e-05,2e-05,,,,,,mp-aaabfwpd,1056,,1.1920928955078125e-06,,0.03903312608599663,,,,,reflection,,,,,,,B+,real,,,valid,pass,,
,,,1.7695128917694092e-08,,,,,,284,gpu_orthogonal,4,True,,,torch.float32,2e-05,2e-05,,,,,,mp-aaabfwpd,1056,,1.3709068298339844e-06,,0.04496562480926514,,,,,inversion,,,,,,,B+,real,,,valid,pass,,
,,,2.514570951461792e-08,,,,,,285,gpu_orthogonal,4,True,,,torch.float32,2e-05,2e-05,,,,,,mp-aaabfwpd,1056,,1.6689300537109375e-06,,0.0690111592411995,,,,,improper_with_translation,,,,,,,B+,real,,,valid,pass,,
,,,,,,,,,286,gpu_padding,,,,,torch.float32,,,,,,,,mp-aaabfwpd,1056,,,,,,,,,,,,,,,,B+,real,,,valid,pass,,
,,,0.0,,,,0,0,287,gpu_translation,4,True,,,torch.float32,0.0001,0.0001,,pass,,,,mp-aaabfwpd,1056,8584,1.1920928955078125e-06,1.430511474609375e-06,0.009041063487529755,,1.430511474609375e-06,,,,,,,,,,A,real,,,valid,pass,,
,,,4.6566128730773926e-08,,,,0,0,288,gpu_translation,4,True,,,torch.float32,0.0001,0.0001,,pass,,,,mp-aaabfwpd,1056,8584,1.3113021850585938e-06,1.430511474609375e-06,0.010153268463909626,,1.430511474609375e-06,,,,,,,,,,B+,real,,,valid,pass,,
,,,,,,,0,0,289,gpu_geometry,,,,,torch.float32,,,,pass,,,,mp-aaaaaclb,85,316,,9.5367431640625e-07,,,9.5367431640625e-07,,,,,,,,,,,real,,,valid,pass,,
,,,0.0,,,,,,290,cpu_gpu_features,4,True,,,torch.float32,2e-05,2e-05,,,,,,mp-aaaaaclb,85,,8.344650268554688e-07,,0.032793931663036346,,,,,,,,,,,,A,real,,,valid,pass,,
,,,0.0,,,,,,291,gpu_rebuilt_features,4,True,,,torch.float32,0.0001,0.0001,,,,,,mp-aaaaaclb,85,,1.5497207641601562e-06,,0.01161408331245184,,,,,,,,,,,,A,real,,,valid,pass,,
,,,0.0,,,,,,292,gpu_orthogonal,4,True,,,torch.float32,2e-05,2e-05,,,,,,mp-aaaaaclb,85,,4.76837158203125e-07,,0.0124460244551301,,,,,rotation_1,,,,,,,A,real,,,valid,pass,,
,,,0.0,,,,,,293,gpu_orthogonal,4,True,,,torch.float32,2e-05,2e-05,,,,,,mp-aaaaaclb,85,,4.76837158203125e-07,,0.011864980682730675,,,,,rotation_2,,,,,,,A,real,,,valid,pass,,
,,,0.0,,,,,,294,gpu_orthogonal,4,True,,,torch.float32,2e-05,2e-05,,,,,,mp-aaaaaclb,85,,4.76837158203125e-07,,0.014003319665789604,,,,,reflection,,,,,,,A,real,,,valid,pass,,
,,,0.0,,,,,,295,gpu_orthogonal,4,True,,,torch.float32,2e-05,2e-05,,,,,,mp-aaaaaclb,85,,4.76837158203125e-07,,0.01293979212641716,,,,,inversion,,,,,,,A,real,,,valid,pass,,
,,,0.0,,,,,,296,gpu_orthogonal,4,True,,,torch.float32,2e-05,2e-05,,,,,,mp-aaaaaclb,85,,4.76837158203125e-07,,0.014539179392158985,,,,,improper_with_translation,,,,,,,A,real,,,valid,pass,,
,,,,,,,,,297,gpu_padding,,,,,torch.float32,,,,,,,,mp-aaaaaclb,85,,,,,,,,,,,,,,,,A,real,,,valid,pass,,
,,,9.313225746154785e-09,,,,,,298,cpu_gpu_features,4,True,,,torch.float32,2e-05,2e-05,,,,,,mp-aaaaaclb,85,,1.1920928955078125e-06,,0.038285914808511734,,,,,,,,,,,,B+,real,,,valid,pass,,
,,,1.4901161193847656e-08,,,,,,299,gpu_rebuilt_features,4,True,,,torch.float32,0.0001,0.0001,,,,,,mp-aaaaaclb,85,,1.1324882507324219e-06,,0.007546247914433479,,,,,,,,,,,,B+,real,,,valid,pass,,
,,,4.6566128730773926e-09,,,,,,300,gpu_orthogonal,4,True,,,torch.float32,2e-05,2e-05,,,,,,mp-aaaaaclb,85,,4.76837158203125e-07,,0.02062084898352623,,,,,rotation_1,,,,,,,B+,real,,,valid,pass,,
,,,5.587935447692871e-09,,,,,,301,gpu_orthogonal,4,True,,,torch.float32,2e-05,2e-05,,,,,,mp-aaaaaclb,85,,7.152557373046875e-07,,0.024563046172261238,,,,,rotation_2,,,,,,,B+,real,,,valid,pass,,
,,,6.51925802230835e-09,,,,,,302,gpu_orthogonal,4,True,,,torch.float32,2e-05,2e-05,,,,,,mp-aaaaaclb,85,,9.5367431640625e-07,,0.03538282588124275,,,,,reflection,,,,,,,B+,real,,,valid,pass,,
,,,3.259629011154175e-09,,,,,,303,gpu_orthogonal,4,True,,,torch.float32,2e-05,2e-05,,,,,,mp-aaaaaclb,85,,5.960464477539062e-07,,0.024999704211950302,,,,,inversion,,,,,,,B+,real,,,valid,pass,,
,,,6.51925802230835e-09,,,,,,304,gpu_orthogonal,4,True,,,torch.float32,2e-05,2e-05,,,,,,mp-aaaaaclb,85,,5.364418029785156e-07,,0.024532930925488472,,,,,improper_with_translation,,,,,,,B+,real,,,valid,pass,,
,,,,,,,,,305,gpu_padding,,,,,torch.float32,,,,,,,,mp-aaaaaclb,85,,,,,,,,,,,,,,,,B+,real,,,valid,pass,,
,,,0.0,,,,0,0,306,gpu_translation,4,True,,,torch.float32,0.0001,0.0001,,pass,,,,mp-aaaaaclb,85,316,1.0132789611816406e-06,9.5367431640625e-07,0.007083484437316656,,9.5367431640625e-07,,,,,,,,,,A,real,,,valid,pass,,
,,,1.3969838619232178e-08,,,,0,0,307,gpu_translation,4,True,,,torch.float32,0.0001,0.0001,,pass,,,,mp-aaaaaclb,85,316,1.2516975402832031e-06,9.5367431640625e-07,0.00911769550293684,,9.5367431640625e-07,,,,,,,,,,B+,real,,,valid,pass,,
,,,,,,,0,0,308,gpu_geometry,,,,,torch.float32,,,,pass,,,,mp-aaaciccv,1655,104,,4.76837158203125e-07,,,1.1920928955078125e-07,,,,,,,,,,,real,,,valid,pass,,
,,,0.0,,,,,,309,cpu_gpu_features,4,True,,,torch.float32,2e-05,2e-05,,,,,,mp-aaaciccv,1655,,2.5406479835510254e-06,,0.11592940986156464,,,,,,,,,,,,A,real,,,valid,pass,,
,,,0.0,,,,,,310,gpu_rebuilt_features,4,True,,,torch.float32,0.0001,0.0001,,,,,,mp-aaaciccv,1655,,3.2782554626464844e-07,,0.0028557325713336468,,,,,,,,,,,,A,real,,,valid,pass,,
,,,0.0,,,,,,311,gpu_orthogonal,4,True,,,torch.float32,2e-05,2e-05,,,,,,mp-aaaciccv,1655,,7.152557373046875e-07,,0.012388919480144978,,,,,rotation_1,,,,,,,A,real,,,valid,pass,,
,,,0.0,,,,,,312,gpu_orthogonal,4,True,,,torch.float32,2e-05,2e-05,,,,,,mp-aaaciccv,1655,,3.5762786865234375e-07,,0.010747192427515984,,,,,rotation_2,,,,,,,A,real,,,valid,pass,,
,,,0.0,,,,,,313,gpu_orthogonal,4,True,,,torch.float32,2e-05,2e-05,,,,,,mp-aaaciccv,1655,,4.76837158203125e-07,,0.01425990555435419,,,,,reflection,,,,,,,A,real,,,valid,pass,,
,,,0.0,,,,,,314,gpu_orthogonal,4,True,,,torch.float32,2e-05,2e-05,,,,,,mp-aaaciccv,1655,,4.76837158203125e-07,,0.012918789871037006,,,,,inversion,,,,,,,A,real,,,valid,pass,,
,,,0.0,,,,,,315,gpu_orthogonal,4,True,,,torch.float32,2e-05,2e-05,,,,,,mp-aaaciccv,1655,,3.5762786865234375e-07,,0.014063097536563873,,,,,improper_with_translation,,,,,,,A,real,,,valid,pass,,
,,,,,,,,,316,gpu_padding,,,,,torch.float32,,,,,,,,mp-aaaciccv,1655,,,,,,,,,,,,,,,,A,real,,,valid,pass,,
,,,1.955777406692505e-08,,,,,,317,cpu_gpu_features,4,True,,,torch.float32,2e-05,2e-05,,,,,,mp-aaaciccv,1655,,2.4437904357910156e-06,,0.06301090121269226,,,,,,,,,,,,B+,real,,,valid,pass,,
,,,1.4901161193847656e-08,,,,,,318,gpu_rebuilt_features,4,True,,,torch.float32,0.0001,0.0001,,,,,,mp-aaaciccv,1655,,5.960464477539062e-07,,0.004169492982327938,,,,,,,,,,,,B+,real,,,valid,pass,,
,,,1.0244548320770264e-08,,,,,,319,gpu_orthogonal,4,True,,,torch.float32,2e-05,2e-05,,,,,,mp-aaaciccv,1655,,4.76837158203125e-07,,0.017249595373868942,,,,,rotation_1,,,,,,,B+,real,,,valid,pass,,
,,,8.381903171539307e-09,,,,,,320,gpu_orthogonal,4,True,,,torch.float32,2e-05,2e-05,,,,,,mp-aaaciccv,1655,,4.76837158203125e-07,,0.011547575704753399,,,,,rotation_2,,,,,,,B+,real,,,valid,pass,,
,,,2.7939677238464355e-09,,,,,,321,gpu_orthogonal,4,True,,,torch.float32,2e-05,2e-05,,,,,,mp-aaaciccv,1655,,4.76837158203125e-07,,0.015392095781862736,,,,,reflection,,,,,,,B+,real,,,valid,pass,,
,,,3.259629011154175e-09,,,,,,322,gpu_orthogonal,4,True,,,torch.float32,2e-05,2e-05,,,,,,mp-aaaciccv,1655,,2.384185791015625e-07,,0.011547575704753399,,,,,inversion,,,,,,,B+,real,,,valid,pass,,
,,,4.190951585769653e-09,,,,,,323,gpu_orthogonal,4,True,,,torch.float32,2e-05,2e-05,,,,,,mp-aaaciccv,1655,,2.980232238769531e-07,,0.014434468932449818,,,,,improper_with_translation,,,,,,,B+,real,,,valid,pass,,
,,,,,,,,,324,gpu_padding,,,,,torch.float32,,,,,,,,mp-aaaciccv,1655,,,,,,,,,,,,,,,,B+,real,,,valid,pass,,
,,,0.0,,,,0,0,325,gpu_translation,4,True,,,torch.float32,0.0001,0.0001,,pass,,,,mp-aaaciccv,1655,104,3.5762786865234375e-07,4.76837158203125e-07,0.002719745272770524,,1.1920928955078125e-07,,,,,,,,,,A,real,,,valid,pass,,
,,,1.210719347000122e-08,,,,0,0,326,gpu_translation,4,True,,,torch.float32,0.0001,0.0001,,pass,,,,mp-aaaciccv,1655,104,4.76837158203125e-07,4.76837158203125e-07,0.0022124138195067644,,1.1920928955078125e-07,,,,,,,,,,B+,real,,,valid,pass,,
,,,,,,,0,0,327,gpu_geometry,,,,,torch.float32,,,,pass,,,,mp-aaaaaaau,0,112,,2.384185791015625e-06,,,1.9073486328125e-06,,,,,,,,,,,real,,,valid,pass,,
,,,0.0,,,,,,328,cpu_gpu_features,4,True,,,torch.float32,2e-05,2e-05,,,,,,mp-aaaaaaau,0,,8.940696716308594e-07,,0.033548206090927124,,,,,,,,,,,,A,real,,,valid,pass,,
,,,0.0,,,,,,329,gpu_rebuilt_features,4,True,,,torch.float32,0.0001,0.0001,,,,,,mp-aaaaaaau,0,,8.344650268554688e-07,,0.006086493842303753,,,,,,,,,,,,A,real,,,valid,pass,,
,,,0.0,,,,,,330,gpu_orthogonal,4,True,,,torch.float32,2e-05,2e-05,,,,,,mp-aaaaaaau,0,,3.5762786865234375e-07,,0.010480026714503765,,,,,rotation_1,,,,,,,A,real,,,valid,pass,,
,,,0.0,,,,,,331,gpu_orthogonal,4,True,,,torch.float32,2e-05,2e-05,,,,,,mp-aaaaaaau,0,,5.960464477539062e-07,,0.02269347384572029,,,,,rotation_2,,,,,,,A,real,,,valid,pass,,
,,,0.0,,,,,,332,gpu_orthogonal,4,True,,,torch.float32,2e-05,2e-05,,,,,,mp-aaaaaaau,0,,8.940696716308594e-07,,0.035910312086343765,,,,,reflection,,,,,,,A,real,,,valid,pass,,
,,,0.0,,,,,,333,gpu_orthogonal,4,True,,,torch.float32,2e-05,2e-05,,,,,,mp-aaaaaaau,0,,8.344650268554688e-07,,0.02799786999821663,,,,,inversion,,,,,,,A,real,,,valid,pass,,
,,,0.0,,,,,,334,gpu_orthogonal,4,True,,,torch.float32,2e-05,2e-05,,,,,,mp-aaaaaaau,0,,8.940696716308594e-07,,0.03408436104655266,,,,,improper_with_translation,,,,,,,A,real,,,valid,pass,,
,,,,,,,,,335,gpu_padding,,,,,torch.float32,,,,,,,,mp-aaaaaaau,0,,,,,,,,,,,,,,,,A,real,,,valid,pass,,
,,,8.381903171539307e-09,,,,,,336,cpu_gpu_features,4,True,,,torch.float32,2e-05,2e-05,,,,,,mp-aaaaaaau,0,,1.2516975402832031e-06,,0.042190201580524445,,,,,,,,,,,,B+,real,,,valid,pass,,
,,,8.381903171539307e-09,,,,,,337,gpu_rebuilt_features,4,True,,,torch.float32,0.0001,0.0001,,,,,,mp-aaaaaaau,0,,7.748603820800781e-07,,0.004589488264173269,,,,,,,,,,,,B+,real,,,valid,pass,,
,,,4.6566128730773926e-09,,,,,,338,gpu_orthogonal,4,True,,,torch.float32,2e-05,2e-05,,,,,,mp-aaaaaaau,0,,8.344650268554688e-07,,0.02840626984834671,,,,,rotation_1,,,,,,,B+,real,,,valid,pass,,
,,,1.862645149230957e-09,,,,,,339,gpu_orthogonal,4,True,,,torch.float32,2e-05,2e-05,,,,,,mp-aaaaaaau,0,,9.5367431640625e-07,,0.031683918088674545,,,,,rotation_2,,,,,,,B+,real,,,valid,pass,,
,,,6.51925802230835e-09,,,,,,340,gpu_orthogonal,4,True,,,torch.float32,2e-05,2e-05,,,,,,mp-aaaaaaau,0,,3.5762786865234375e-07,,0.011365809477865696,,,,,reflection,,,,,,,B+,real,,,valid,pass,,
,,,8.381903171539307e-09,,,,,,341,gpu_orthogonal,4,True,,,torch.float32,2e-05,2e-05,,,,,,mp-aaaaaaau,0,,9.238719940185547e-07,,0.03386901319026947,,,,,inversion,,,,,,,B+,real,,,valid,pass,,
,,,2.7939677238464355e-09,,,,,,342,gpu_orthogonal,4,True,,,torch.float32,2e-05,2e-05,,,,,,mp-aaaaaaau,0,,4.76837158203125e-07,,0.012122009880840778,,,,,improper_with_translation,,,,,,,B+,real,,,valid,pass,,
,,,,,,,,,343,gpu_padding,,,,,torch.float32,,,,,,,,mp-aaaaaaau,0,,,,,,,,,,,,,,,,B+,real,,,valid,pass,,
,,,0.0,,,,0,0,344,gpu_translation,4,True,,,torch.float32,0.0001,0.0001,,pass,,,,mp-aaaaaaau,0,112,8.046627044677734e-07,2.384185791015625e-06,0.006329953670501709,,1.9073486328125e-06,,,,,,,,,,A,real,,,valid,pass,,
,,,6.51925802230835e-09,,,,0,0,345,gpu_translation,4,True,,,torch.float32,0.0001,0.0001,,pass,,,,mp-aaaaaaau,0,112,5.364418029785156e-07,2.384185791015625e-06,0.0032702796161174774,,1.9073486328125e-06,,,,,,,,,,B+,real,,,valid,pass,,
,,,,,,,0,0,346,gpu_geometry,,,,,torch.float32,,,,pass,,,,mp-aaaaafae,171,6976,,2.86102294921875e-06,,,1.9073486328125e-06,,,,,,,,,,,real,,,valid,pass,,
,,,0.0,,,,,,347,cpu_gpu_features,4,True,,,torch.float32,2e-05,2e-05,,,,,,mp-aaaaafae,171,,2.384185791015625e-06,,0.06273336708545685,,,,,,,,,,,,A,real,,,valid,pass,,
,,,0.0,,,,,,348,gpu_rebuilt_features,4,True,,,torch.float32,0.0001,0.0001,,,,,,mp-aaaaafae,171,,2.3692846298217773e-06,,0.02309415489435196,,,,,,,,,,,,A,real,,,valid,pass,,
,,,0.0,,,,,,349,gpu_orthogonal,4,True,,,torch.float32,2e-05,2e-05,,,,,,mp-aaaaafae,171,,7.152557373046875e-07,,0.025663018226623535,,,,,rotation_1,,,,,,,A,real,,,valid,pass,,
,,,0.0,,,,,,350,gpu_orthogonal,4,True,,,torch.float32,2e-05,2e-05,,,,,,mp-aaaaafae,171,,9.5367431640625e-07,,0.026318764314055443,,,,,rotation_2,,,,,,,A,real,,,valid,pass,,
,,,0.0,,,,,,351,gpu_orthogonal,4,True,,,torch.float32,2e-05,2e-05,,,,,,mp-aaaaafae,171,,7.450580596923828e-07,,0.030201565474271774,,,,,reflection,,,,,,,A,real,,,valid,pass,,
,,,0.0,,,,,,352,gpu_orthogonal,4,True,,,torch.float32,2e-05,2e-05,,,,,,mp-aaaaafae,171,,7.152557373046875e-07,,0.024126196280121803,,,,,inversion,,,,,,,A,real,,,valid,pass,,
,,,0.0,,,,,,353,gpu_orthogonal,4,True,,,torch.float32,2e-05,2e-05,,,,,,mp-aaaaafae,171,,9.5367431640625e-07,,0.02388869971036911,,,,,improper_with_translation,,,,,,,A,real,,,valid,pass,,
,,,,,,,,,354,gpu_padding,,,,,torch.float32,,,,,,,,mp-aaaaafae,171,,,,,,,,,,,,,,,,A,real,,,valid,pass,,
,,,3.4924596548080444e-08,,,,,,355,cpu_gpu_features,4,True,,,torch.float32,2e-05,2e-05,,,,,,mp-aaaaafae,171,,2.464279532432556e-06,,0.12124903500080109,,,,,,,,,,,,B+,real,,,valid,pass,,
,,,5.075708031654358e-08,,,,,,356,gpu_rebuilt_features,4,True,,,torch.float32,0.0001,0.0001,,,,,,mp-aaaaafae,171,,3.6954879760742188e-06,,0.028109343722462654,,,,,,,,,,,,B+,real,,,valid,pass,,
,,,1.3969838619232178e-08,,,,,,357,gpu_orthogonal,4,True,,,torch.float32,2e-05,2e-05,,,,,,mp-aaaaafae,171,,1.1567026376724243e-06,,0.05691269785165787,,,,,rotation_1,,,,,,,B+,real,,,valid,pass,,
,,,1.1641532182693481e-08,,,,,,358,gpu_orthogonal,4,True,,,torch.float32,2e-05,2e-05,,,,,,mp-aaaaafae,171,,1.043081283569336e-06,,0.05095570161938667,,,,,rotation_2,,,,,,,B+,real,,,valid,pass,,
,,,8.847564458847046e-09,,,,,,359,gpu_orthogonal,4,True,,,torch.float32,2e-05,2e-05,,,,,,mp-aaaaafae,171,,1.0728836059570312e-06,,0.04316571727395058,,,,,reflection,,,,,,,B+,real,,,valid,pass,,
,,,7.450580596923828e-09,,,,,,360,gpu_orthogonal,4,True,,,torch.float32,2e-05,2e-05,,,,,,mp-aaaaafae,171,,1.0728836059570312e-06,,0.04344065859913826,,,,,inversion,,,,,,,B+,real,,,valid,pass,,
,,,1.6298145055770874e-08,,,,,,361,gpu_orthogonal,4,True,,,torch.float32,2e-05,2e-05,,,,,,mp-aaaaafae,171,,9.5367431640625e-07,,0.04518285393714905,,,,,improper_with_translation,,,,,,,B+,real,,,valid,pass,,
,,,,,,,,,362,gpu_padding,,,,,torch.float32,,,,,,,,mp-aaaaafae,171,,,,,,,,,,,,,,,,B+,real,,,valid,pass,,
,,,0.0,,,,0,0,363,gpu_translation,4,True,,,torch.float32,0.0001,0.0001,,pass,,,,mp-aaaaafae,171,6976,2.1457672119140625e-06,3.337860107421875e-06,0.019172513857483864,,2.86102294921875e-06,,,,,,,,,,A,real,,,valid,pass,,
,,,3.632158041000366e-08,,,,0,0,364,gpu_translation,4,True,,,torch.float32,0.0001,0.0001,,pass,,,,mp-aaaaafae,171,6976,3.248453140258789e-06,3.337860107421875e-06,0.027219152078032494,,2.86102294921875e-06,,,,,,,,,,B+,real,,,valid,pass,,
,,,,,,,0,0,365,gpu_geometry,,,,,torch.float32,,,,pass,,,,mp-aaacpndw,1999,104,,9.5367431640625e-07,,,7.152557373046875e-07,,,,,,,,,,,real,,,valid,pass,,
,,,0.0,,,,,,366,cpu_gpu_features,4,True,,,torch.float32,2e-05,2e-05,,,,,,mp-aaacpndw,1999,,1.1920928955078125e-06,,0.0378742478787899,,,,,,,,,,,,A,real,,,valid,pass,,
,,,0.0,,,,,,367,gpu_rebuilt_features,4,True,,,torch.float32,0.0001,0.0001,,,,,,mp-aaacpndw,1999,,4.76837158203125e-07,,0.0029237123671919107,,,,,,,,,,,,A,real,,,valid,pass,,
,,,0.0,,,,,,368,gpu_orthogonal,4,True,,,torch.float32,2e-05,2e-05,,,,,,mp-aaacpndw,1999,,4.76837158203125e-07,,0.011916699819266796,,,,,rotation_1,,,,,,,A,real,,,valid,pass,,
,,,0.0,,,,,,369,gpu_orthogonal,4,True,,,torch.float32,2e-05,2e-05,,,,,,mp-aaacpndw,1999,,3.5762786865234375e-07,,0.011694849468767643,,,,,rotation_2,,,,,,,A,real,,,valid,pass,,
,,,0.0,,,,,,370,gpu_orthogonal,4,True,,,torch.float32,2e-05,2e-05,,,,,,mp-aaacpndw,1999,,3.5762786865234375e-07,,0.011845247820019722,,,,,reflection,,,,,,,A,real,,,valid,pass,,
,,,0.0,,,,,,371,gpu_orthogonal,4,True,,,torch.float32,2e-05,2e-05,,,,,,mp-aaacpndw,1999,,4.76837158203125e-07,,0.01023299340158701,,,,,inversion,,,,,,,A,real,,,valid,pass,,
,,,0.0,,,,,,372,gpu_orthogonal,4,True,,,torch.float32,2e-05,2e-05,,,,,,mp-aaacpndw,1999,,4.76837158203125e-07,,0.014895875006914139,,,,,improper_with_translation,,,,,,,A,real,,,valid,pass,,
,,,,,,,,,373,gpu_padding,,,,,torch.float32,,,,,,,,mp-aaacpndw,1999,,,,,,,,,,,,,,,,A,real,,,valid,pass,,
,,,6.28642737865448e-09,,,,,,374,cpu_gpu_features,4,True,,,torch.float32,2e-05,2e-05,,,,,,mp-aaacpndw,1999,,1.7285346984863281e-06,,0.06514984369277954,,,,,,,,,,,,B+,real,,,valid,pass,,
,,,2.066371962428093e-09,,,,,,375,gpu_rebuilt_features,4,True,,,torch.float32,0.0001,0.0001,,,,,,mp-aaacpndw,1999,,2.980232238769531e-07,,0.0022359893191605806,,,,,,,,,,,,B+,real,,,valid,pass,,
,,,1.1641532182693481e-09,,,,,,376,gpu_orthogonal,4,True,,,torch.float32,2e-05,2e-05,,,,,,mp-aaacpndw,1999,,2.980232238769531e-07,,0.012422163039445877,,,,,rotation_1,,,,,,,B+,real,,,valid,pass,,
,,,1.6298145055770874e-09,,,,,,377,gpu_orthogonal,4,True,,,torch.float32,2e-05,2e-05,,,,,,mp-aaacpndw,1999,,4.76837158203125e-07,,0.01413015928119421,,,,,rotation_2,,,,,,,B+,real,,,valid,pass,,
,,,1.4260876923799515e-09,,,,,,378,gpu_orthogonal,4,True,,,torch.float32,2e-05,2e-05,,,,,,mp-aaacpndw,1999,,4.172325134277344e-07,,0.014364900067448616,,,,,reflection,,,,,,,B+,real,,,valid,pass,,
,,,1.6298145055770874e-09,,,,,,379,gpu_orthogonal,4,True,,,torch.float32,2e-05,2e-05,,,,,,mp-aaacpndw,1999,,4.76837158203125e-07,,0.015715427696704865,,,,,inversion,,,,,,,B+,real,,,valid,pass,,
,,,1.862645149230957e-09,,,,,,380,gpu_orthogonal,4,True,,,torch.float32,2e-05,2e-05,,,,,,mp-aaacpndw,1999,,2.980232238769531e-07,,0.011334267444908619,,,,,improper_with_translation,,,,,,,B+,real,,,valid,pass,,
,,,,,,,,,381,gpu_padding,,,,,torch.float32,,,,,,,,mp-aaacpndw,1999,,,,,,,,,,,,,,,,B+,real,,,valid,pass,,
,,,0.0,,,,0,0,382,gpu_translation,4,True,,,torch.float32,0.0001,0.0001,,pass,,,,mp-aaacpndw,1999,104,4.76837158203125e-07,9.5367431640625e-07,0.0023389698471874,,7.152557373046875e-07,,,,,,,,,,A,real,,,valid,pass,,
,,,2.3283064365386963e-09,,,,0,0,383,gpu_translation,4,True,,,torch.float32,0.0001,0.0001,,pass,,,,mp-aaacpndw,1999,104,4.76837158203125e-07,9.5367431640625e-07,0.002826031995937228,,7.152557373046875e-07,,,,,,,,,,B+,real,,,valid,pass,,
,,,,,,,0,0,384,gpu_geometry,,,,,torch.float32,,,,pass,,,,mp-aaaaawnl,532,496,,9.5367431640625e-07,,,9.5367431640625e-07,,,,,,,,,,,real,,,valid,pass,,
,,,0.0,,,,,,385,cpu_gpu_features,4,True,,,torch.float32,2e-05,2e-05,,,,,,mp-aaaaawnl,532,,1.6689300537109375e-06,,0.04020850732922554,,,,,,,,,,,,A,real,,,valid,pass,,
,,,0.0,,,,,,386,gpu_rebuilt_features,4,True,,,torch.float32,0.0001,0.0001,,,,,,mp-aaaaawnl,532,,5.960464477539062e-07,,0.004438184667378664,,,,,,,,,,,,A,real,,,valid,pass,,
,,,0.0,,,,,,387,gpu_orthogonal,4,True,,,torch.float32,2e-05,2e-05,,,,,,mp-aaaaawnl,532,,4.76837158203125e-07,,0.011335290968418121,,,,,rotation_1,,,,,,,A,real,,,valid,pass,,
,,,0.0,,,,,,388,gpu_orthogonal,4,True,,,torch.float32,2e-05,2e-05,,,,,,mp-aaaaawnl,532,,4.76837158203125e-07,,0.012943649664521217,,,,,rotation_2,,,,,,,A,real,,,valid,pass,,
,,,0.0,,,,,,389,gpu_orthogonal,4,True,,,torch.float32,2e-05,2e-05,,,,,,mp-aaaaawnl,532,,4.76837158203125e-07,,0.011152355931699276,,,,,reflection,,,,,,,A,real,,,valid,pass,,
,,,0.0,,,,,,390,gpu_orthogonal,4,True,,,torch.float32,2e-05,2e-05,,,,,,mp-aaaaawnl,532,,4.76837158203125e-07,,0.011013039387762547,,,,,inversion,,,,,,,A,real,,,valid,pass,,
,,,0.0,,,,,,391,gpu_orthogonal,4,True,,,torch.float32,2e-05,2e-05,,,,,,mp-aaaaawnl,532,,4.76837158203125e-07,,0.010966666042804718,,,,,improper_with_translation,,,,,,,A,real,,,valid,pass,,
,,,,,,,,,392,gpu_padding,,,,,torch.float32,,,,,,,,mp-aaaaawnl,532,,,,,,,,,,,,,,,,A,real,,,valid,pass,,
,,,1.885928213596344e-08,,,,,,393,cpu_gpu_features,4,True,,,torch.float32,2e-05,2e-05,,,,,,mp-aaaaawnl,532,,1.430511474609375e-06,,0.047857411205768585,,,,,,,,,,,,B+,real,,,valid,pass,,
,,,2.7706846594810486e-08,,,,,,394,gpu_rebuilt_features,4,True,,,torch.float32,0.0001,0.0001,,,,,,mp-aaaaawnl,532,,9.5367431640625e-07,,0.006175864487886429,,,,,,,,,,,,B+,real,,,valid,pass,,
,,,4.190951585769653e-09,,,,,,395,gpu_orthogonal,4,True,,,torch.float32,2e-05,2e-05,,,,,,mp-aaaaawnl,532,,4.76837158203125e-07,,0.01213514432311058,,,,,rotation_1,,,,,,,B+,real,,,valid,pass,,
,,,3.4924596548080444e-09,,,,,,396,gpu_orthogonal,4,True,,,torch.float32,2e-05,2e-05,,,,,,mp-aaaaawnl,532,,4.76837158203125e-07,,0.012608700431883335,,,,,rotation_2,,,,,,,B+,real,,,valid,pass,,
,,,3.026798367500305e-09,,,,,,397,gpu_orthogonal,4,True,,,torch.float32,2e-05,2e-05,,,,,,mp-aaaaawnl,532,,7.152557373046875e-07,,0.014069263823330402,,,,,reflection,,,,,,,B+,real,,,valid,pass,,
,,,3.725290298461914e-09,,,,,,398,gpu_orthogonal,4,True,,,torch.float32,2e-05,2e-05,,,,,,mp-aaaaawnl,532,,4.76837158203125e-07,,0.014323823153972626,,,,,inversion,,,,,,,B+,real,,,valid,pass,,
,,,4.423782229423523e-09,,,,,,399,gpu_orthogonal,4,True,,,torch.float32,2e-05,2e-05,,,,,,mp-aaaaawnl,532,,4.76837158203125e-07,,0.012147018685936928,,,,,improper_with_translation,,,,,,,B+,real,,,valid,pass,,
,,,,,,,,,400,gpu_padding,,,,,torch.float32,,,,,,,,mp-aaaaawnl,532,,,,,,,,,,,,,,,,B+,real,,,valid,pass,,
,,,0.0,,,,0,0,401,gpu_translation,4,True,,,torch.float32,0.0001,0.0001,,pass,,,,mp-aaaaawnl,532,496,6.705522537231445e-07,2.384185791015625e-06,0.005874068010598421,,2.384185791015625e-06,,,,,,,,,,A,real,,,valid,pass,,
,,,3.585591912269592e-08,,,,0,0,402,gpu_translation,4,True,,,torch.float32,0.0001,0.0001,,pass,,,,mp-aaaaawnl,532,496,1.1920928955078125e-06,2.384185791015625e-06,0.008433402515947819,,2.384185791015625e-06,,,,,,,,,,B+,real,,,valid,pass,,
,,,0.0,,,,0,0,403,gpu_representation,4,True,,,torch.float32,0.0001,0.0001,,pass,,,,mp-aaaaawnl,532,,4.76837158203125e-07,,0.002290868666023016,,,,,permutation,,,,,,,A,real,,,valid,pass,,
,,,2.3283064365386963e-09,,,,0,0,404,gpu_representation,4,True,,,torch.float32,0.0001,0.0001,,pass,,,,mp-aaaaawnl,532,,4.76837158203125e-07,,0.0028829656075686216,,,,,permutation,,,,,,,B+,real,,,valid,pass,,
,,,0.0,,,,0,0,405,gpu_representation,4,True,,,torch.float32,0.0001,0.0001,,pass,,,,mp-aaaaawnl,532,,8.344650268554688e-07,,0.00652674213051796,,,,,integer_images,,,,,,,A,real,,,valid,pass,,
,,,2.7706846594810486e-08,,,,0,0,406,gpu_representation,4,True,,,torch.float32,0.0001,0.0001,,pass,,,,mp-aaaaawnl,532,,1.2516975402832031e-06,,0.010438063181936741,,,,,integer_images,,,,,,,B+,real,,,valid,pass,,
,,,0.0,,,,0,0,407,gpu_representation,4,True,,,torch.float32,0.0001,0.0001,,pass,,,,mp-aaaaawnl,532,,1.043081283569336e-06,,0.00724087655544281,,,,,basis_swap,,,,,,,A,real,,,valid,pass,,
,,,2.1886080503463745e-08,,,,0,0,408,gpu_representation,4,True,,,torch.float32,0.0001,0.0001,,pass,,,,mp-aaaaawnl,532,,1.430511474609375e-06,,0.010159277357161045,,,,,basis_swap,,,,,,,B+,real,,,valid,pass,,
,,,0.0,,,,0,0,409,gpu_representation,4,True,,,torch.float32,0.0001,0.0001,,pass,,,,mp-aaaaawnl,532,,6.109476089477539e-07,,0.005351926665753126,,,,,basis_shear,,,,,,,A,real,,,valid,pass,,
,,,2.7706846594810486e-08,,,,0,0,410,gpu_representation,4,True,,,torch.float32,0.0001,0.0001,,pass,,,,mp-aaaaawnl,532,,1.1920928955078125e-06,,0.008614995516836643,,,,,basis_shear,,,,,,,B+,real,,,valid,pass,,
,,,,,,,,,411,cpu_gpu_gradients,,,,,torch.float32,,,,,6.350320818557651e-07,35,,mp-aaaaawnl,532,,1.6763806343078613e-08,,,4.1431750351855084e-06,,,,,,,,,,,A,real,,,valid,pass,"{""input"": {""max_abs_error"": 4.0745362639427185e-10, ""max_normalized_error"": 0.00017781602084635407, ""pass"": true, ""relative_l2"": 7.348318971985137e-07, ""active"": true, ""above_absolute_floor"": true}, ""vectors"": {""max_abs_error"": 1.4779288903810084e-12, ""max_normalized_error"": 7.387535535222349e-07, ""pass"": true, ""relative_l2"": 3.839999046757697e-06, ""active"": true, ""above_absolute_floor"": false}, ""distances"": {""max_abs_error"": 6.74162947689183e-11, ""max_normalized_error"": 3.368131172129027e-05, ""pass"": true, ""relative_l2"": 4.1431750351855084e-06, ""active"": true, ""above_absolute_floor"": true}, ""local_input.weight"": {""max_abs_error"": 1.4668330550193787e-08, ""max_normalized_error"": 0.005685746021114626, ""pass"": true, ""relative_l2"": 6.570775022183948e-07, ""active"": true, ""above_absolute_floor"": true}, ""local_input.bias"": {""max_abs_error"": 1.1641532182693481e-08, ""max_normalized_error"": 0.002998745909593586, ""pass"": true, ""relative_l2"": 5.948084406539844e-07, ""active"": true, ""above_absolute_floor"": true}, ""local_output.weight"": {""max_abs_error"": 5.122274160385132e-09, ""max_normalized_error"": 0.0014336182466744734, ""pass"": true, ""relative_l2"": 4.843526684934631e-07, ""active"": true, ""above_absolute_floor"": true}, ""local_output.bias"": {""max_abs_error"": 1.862645149230957e-09, ""max_normalized_error"": 0.0005646820172669361, ""pass"": true, ""relative_l2"": 3.127784043398229e-07, ""active"": true, ""above_absolute_floor"": true}, ""blocks.0.edge_mlp.0.weight"": {""max_abs_error"": 2.4010660126805305e-10, ""max_normalized_error"": 0.00010748756454711896, ""pass"": true, ""relative_l2"": 1.0794546451543208e-06, ""active"": true, ""above_absolute_floor"": true}, ""blocks.0.edge_mlp.0.bias"": {""max_abs_error"": 3.4924596548080444e-10, ""max_normalized_error"": 0.00013237401482373565, ""pass"": true, ""relative_l2"": 8.866118745175867e-07, ""active"": true, ""above_absolute_floor"": true}, ""blocks.0.edge_mlp.2.weight"": {""max_abs_error"": 3.92901711165905e-10, ""max_normalized_error"": 0.00016560668627695372, ""pass"": true, ""relative_l2"": 1.148378044162552e-06, ""active"": true, ""above_absolute_floor"": true}, ""blocks.0.edge_mlp.2.bias"": {""max_abs_error"": 1.4551915228366852e-09, ""max_normalized_error"": 0.0004406150263038195, ""pass"": true, ""relative_l2"": 9.556040080337834e-07, ""active"": true, ""above_absolute_floor"": true}, ""blocks.0.angle_mlp.0.weight"": {""max_abs_error"": 1.2369127944111824e-10, ""max_normalized_error"": 5.955349641129404e-05, ""pass"": true, ""relative_l2"": 1.5286019084723566e-06, ""active"": true, ""above_absolute_floor"": true}, ""blocks.0.angle_mlp.0.bias"": {""max_abs_error"": 2.0372681319713593e-10, ""max_normalized_error"": 9.21705341631107e-05, ""pass"": true, ""relative_l2"": 1.4159435515556068e-06, ""active"": true, ""above_absolute_floor"": true}, ""blocks.0.angle_mlp.2.weight"": {""max_abs_error"": 1.964508555829525e-10, ""max_normalized_error"": 9.003940576273942e-05, ""pass"": true, ""relative_l2"": 1.4560135978460987e-06, ""active"": true, ""above_absolute_floor"": true}, ""blocks.0.angle_mlp.2.bias"": {""max_abs_error"": 8.731149137020111e-10, ""max_normalized_error"": 0.00035691239967506266, ""pass"": true, ""relative_l2"": 1.4612674809304721e-06, ""active"": true, ""above_absolute_floor"": true}, ""blocks.0.update.0.weight"": {""max_abs_error"": 1.6763806343078613e-08, ""max_normalized_error"": 0.004334670700615253, ""pass"": true, ""relative_l2"": 7.37990510035036e-07, ""active"": true, ""above_absolute_floor"": true}, ""blocks.0.update.0.bias"": {""max_abs_error"": 3.14321368932724e-09, ""max_normalized_error"": 0.0008778426320920526, ""pass"": true, ""relative_l2"": 5.861223607819098e-07, ""active"": true, ""above_absolute_floor"": true}, ""blocks.0.update.2.weight"": {""max_abs_error"": 5.704350769519806e-09, ""max_normalized_error"": 0.0017508931687836662, ""pass"": true, ""relative_l2"": 7.878703828185774e-07, ""active"": true, ""above_absolute_floor"": true}, ""blocks.0.update.2.bias"": {""max_abs_error"": 1.210719347000122e-08, ""max_normalized_error"": 0.0035190566585178076, ""pass"": true, ""relative_l2"": 6.062186423462794e-07, ""active"": true, ""above_absolute_floor"": true}, ""blocks.0.norm.weight"": {""max_abs_error"": 9.19681042432785e-09, ""max_normalized_error"": 0.0020409863550879277, ""pass"": true, ""relative_l2"": 1.0811008735033955e-06, ""active"": true, ""above_absolute_floor"": true}, ""blocks.0.norm.bias"": {""max_abs_error"": 4.540197551250458e-09, ""max_normalized_error"": 0.0012970070626236074, ""pass"": true, ""relative_l2"": 6.040653724134556e-07, ""active"": true, ""above_absolute_floor"": true}, ""blocks.1.edge_mlp.0.weight"": {""max_abs_error"": 4.3655745685100555e-10, ""max_normalized_error"": 0.00017954264179054308, ""pass"": true, ""relative_l2"": 1.2568105178652328e-06, ""active"": true, ""above_absolute_floor"": true}, ""blocks.1.edge_mlp.0.bias"": {""max_abs_error"": 1.3096723705530167e-10, ""max_normalized_error"": 6.028959975669748e-05, ""pass"": true, ""relative_l2"": 1.0672578324177358e-06, ""active"": true, ""above_absolute_floor"": true}, ""blocks.1.edge_mlp.2.weight"": {""max_abs_error"": 5.529727786779404e-10, ""max_normalized_error"": 0.00022211503357003786, ""pass"": true, ""relative_l2"": 1.2954036759215625e-06, ""active"": true, ""above_absolute_floor"": true}, ""blocks.1.edge_mlp.2.bias"": {""max_abs_error"": 4.3655745685100555e-10, ""max_normalized_error"": 0.00016876955646263873, ""pass"": true, ""relative_l2"": 1.1322423534359282e-06, ""active"": true, ""above_absolute_floor"": true}, ""blocks.1.angle_mlp.0.weight"": {""max_abs_error"": 2.255546860396862e-10, ""max_normalized_error"": 0.00010859789999645195, ""pass"": true, ""relative_l2"": 1.57183083454577e-06, ""active"": true, ""above_absolute_floor"": true}, ""blocks.1.angle_mlp.0.bias"": {""max_abs_error"": 1.2005330063402653e-10, ""max_normalized_error"": 5.910802509337724e-05, ""pass"": true, ""relative_l2"": 1.5638419915495797e-06, ""active"": true, ""above_absolute_floor"": true}, ""blocks.1.angle_mlp.2.weight"": {""max_abs_error"": 2.6193447411060333e-10, ""max_normalized_error"": 0.00012524190781336826, ""pass"": true, ""relative_l2"": 1.5342820881808626e-06, ""active"": true, ""above_absolute_floor"": true}, ""blocks.1.angle_mlp.2.bias"": {""max_abs_error"": 4.3655745685100555e-10, ""max_normalized_error"": 0.00020035164990708874, ""pass"": true, ""relative_l2"": 1.7222432233443619e-06, ""active"": true, ""above_absolute_floor"": true}, ""blocks.1.update.0.weight"": {""max_abs_error"": 7.2177499532699585e-09, ""max_normalized_error"": 0.0014645781814995589, ""pass"": true, ""relative_l2"": 8.363378168439175e-07, ""active"": true, ""above_absolute_floor"": true}, ""blocks.1.update.0.bias"": {""max_abs_error"": 9.313225746154785e-10, ""max_normalized_error"": 0.00033228453265138553, ""pass"": true, ""relative_l2"": 6.537379447973043e-07, ""active"": true, ""above_absolute_floor"": true}, ""blocks.1.update.2.weight"": {""max_abs_error"": 2.7939677238464355e-09, ""max_normalized_error"": 0.0011649636785945898, ""pass"": true, ""relative_l2"": 8.456205151092568e-07, ""active"": true, ""above_absolute_floor"": true}, ""blocks.1.update.2.bias"": {""max_abs_error"": 4.773028194904327e-09, ""max_normalized_error"": 0.0012020719497913437, ""pass"": true, ""relative_l2"": 6.277204182999458e-07, ""active"": true, ""above_absolute_floor"": true}, ""blocks.1.norm.weight"": {""max_abs_error"": 1.3969838619232178e-08, ""max_normalized_error"": 0.0006990663198647495, ""pass"": true, ""relative_l2"": 3.9538521101535855e-07, ""active"": true, ""above_absolute_floor"": true}, ""blocks.1.norm.bias"": {""max_abs_error"": 6.752088665962219e-09, ""max_normalized_error"": 0.0012687999737170446, ""pass"": true, ""relative_l2"": 3.343946094476458e-07, ""active"": true, ""above_absolute_floor"": true}}","[""vectors""]"
,,,,,,,,,412,cpu_gpu_gradients,,,,,torch.float32,,,,,8.309415187323128e-07,33,,mp-aaaaawnl,532,,2.3748725652694702e-08,,,2.964956679675472e-06,,,,,,,,,,,B+,real,,,valid,pass,"{""input"": {""max_abs_error"": 4.802132025361061e-10, ""max_normalized_error"": 0.00023555594361063476, ""pass"": true, ""relative_l2"": 9.347042657025861e-07, ""active"": true, ""above_absolute_floor"": true}, ""vectors"": {""max_abs_error"": 8.242295734817162e-13, ""max_normalized_error"": 4.1207906835816897e-07, ""pass"": true, ""relative_l2"": 4.318098002408698e-06, ""active"": true, ""above_absolute_floor"": false}, ""distances"": {""max_abs_error"": 2.3283064365386963e-10, ""max_normalized_error"": 0.00011639856749162671, ""pass"": true, ""relative_l2"": 2.964956679675472e-06, ""active"": true, ""above_absolute_floor"": true}, ""local_input.weight"": {""max_abs_error"": 2.3748725652694702e-08, ""max_normalized_error"": 0.005725813646168118, ""pass"": true, ""relative_l2"": 8.974204870587251e-07, ""active"": true, ""above_absolute_floor"": true}, ""local_input.bias"": {""max_abs_error"": 1.210719347000122e-08, ""max_normalized_error"": 0.0033843626934969844, ""pass"": true, ""relative_l2"": 7.501646727500225e-07, ""active"": true, ""above_absolute_floor"": true}, ""local_output.weight"": {""max_abs_error"": 5.296897143125534e-09, ""max_normalized_error"": 0.0015811097498260396, ""pass"": true, ""relative_l2"": 5.12692844604068e-07, ""active"": true, ""above_absolute_floor"": true}, ""local_output.bias"": {""max_abs_error"": 1.862645149230957e-09, ""max_normalized_error"": 0.0007549721126420259, ""pass"": true, ""relative_l2"": 3.425323718879892e-07, ""active"": true, ""above_absolute_floor"": true}, ""blocks.0.tp.weight"": {""max_abs_error"": 7.821654435247183e-11, ""max_normalized_error"": 3.802310062574756e-05, ""pass"": true, ""relative_l2"": 1.4328871226450877e-06, ""active"": true, ""above_absolute_floor"": true}, ""blocks.0.mix.weight"": {""max_abs_error"": 6.002665031701326e-11, ""max_normalized_error"": 2.9252338787469006e-05, ""pass"": true, ""relative_l2"": 1.2009520588163955e-06, ""active"": true, ""above_absolute_floor"": true}, ""blocks.0.radial_gate.0.weight"": {""max_abs_error"": 4.802132025361061e-10, ""max_normalized_error"": 0.00020114682188026258, ""pass"": true, ""relative_l2"": 1.3641869117970094e-06, ""active"": true, ""above_absolute_floor"": true}, ""blocks.0.radial_gate.0.bias"": {""max_abs_error"": 6.002665031701326e-10, ""max_normalized_error"": 0.0002859023961795543, ""pass"": true, ""relative_l2"": 1.1887475583493927e-06, ""active"": true, ""above_absolute_floor"": true}, ""blocks.0.radial_gate.2.weight"": {""max_abs_error"": 9.458744898438454e-10, ""max_normalized_error"": 0.0003932446439270986, ""pass"": true, ""relative_l2"": 1.3460004135584774e-06, ""active"": true, ""above_absolute_floor"": true}, ""blocks.0.radial_gate.2.bias"": {""max_abs_error"": 3.5943230614066124e-09, ""max_normalized_error"": 0.0016080033048635964, ""pass"": true, ""relative_l2"": 1.1022604070701763e-06, ""active"": true, ""above_absolute_floor"": true}, ""blocks.0.update.0.weight"": {""max_abs_error"": 1.6298145055770874e-08, ""max_normalized_error"": 0.004819001679308925, ""pass"": true, ""relative_l2"": 8.269337074424848e-07, ""active"": true, ""above_absolute_floor"": true}, ""blocks.0.update.0.bias"": {""max_abs_error"": 3.1104718800634146e-09, ""max_normalized_error"": 0.0015384963587575565, ""pass"": true, ""relative_l2"": 7.094070861979861e-07, ""active"": true, ""above_absolute_floor"": true}, ""blocks.0.update.2.weight"": {""max_abs_error"": 7.916241884231567e-09, ""max_normalized_error"": 0.0017157483869025812, ""pass"": true, ""relative_l2"": 8.55030005659269e-07, ""active"": true, ""above_absolute_floor"": true}, ""blocks.0.update.2.bias"": {""max_abs_error"": 1.0710209608078003e-08, ""max_normalized_error"": 0.0016588131998431684, ""pass"": true, ""relative_l2"": 7.378762153230507e-07, ""active"": true, ""above_absolute_floor"": true}, ""blocks.0.norm.weight"": {""max_abs_error"": 7.916241884231567e-09, ""max_normalized_error"": 0.0010131017092693626, ""pass"": true, ""relative_l2"": 1.1138246642814683e-06, ""active"": true, ""above_absolute_floor"": true}, ""blocks.0.norm.bias"": {""max_abs_error"": 3.958120942115784e-09, ""max_normalized_error"": 0.0010283075376931487, ""pass"": true, ""relative_l2"": 7.775957591510237e-07, ""active"": true, ""above_absolute_floor"": true}, ""blocks.0.direction_gate.weight"": {""max_abs_error"": 1.8189894035458565e-12, ""max_normalized_error"": 9.091389540154583e-07, ""pass"": true, ""relative_l2"": 2.8575923365001896e-06, ""active"": true, ""above_absolute_floor"": false}, ""blocks.0.direction_gate.bias"": {""max_abs_error"": 9.094947017729282e-13, ""max_normalized_error"": 4.5465902517529207e-07, ""pass"": true, ""relative_l2"": 3.7658978599236765e-06, ""active"": true, ""above_absolute_floor"": false}, ""blocks.1.tp.weight"": {""max_abs_error"": 1.8189894035458565e-10, ""max_normalized_error"": 8.98412122249288e-05, ""pass"": true, ""relative_l2"": 1.358722205796697e-06, ""active"": true, ""above_absolute_floor"": true}, ""blocks.1.mix.weight"": {""max_abs_error"": 1.8189894035458565e-10, ""max_normalized_error"": 8.218120949656652e-05, ""pass"": true, ""relative_l2"": 1.3231068565637794e-06, ""active"": true, ""above_absolute_floor"": true}, ""blocks.1.radial_gate.0.weight"": {""max_abs_error"": 1.6007106751203537e-09, ""max_normalized_error"": 0.0006716444686508833, ""pass"": true, ""relative_l2"": 1.2221420147593204e-06, ""active"": true, ""above_absolute_floor"": true}, ""blocks.1.radial_gate.0.bias"": {""max_abs_error"": 6.111804395914078e-10, ""max_normalized_error"": 0.00029477058616934594, ""pass"": true, ""relative_l2"": 1.0769002228870044e-06, ""active"": true, ""above_absolute_floor"": true}, ""blocks.1.radial_gate.2.weight"": {""max_abs_error"": 4.489265847951174e-09, ""max_normalized_error"": 0.002032122401410878, ""pass"": true, ""relative_l2"": 1.383087985346745e-06, ""active"": true, ""above_absolute_floor"": true}, ""blocks.1.radial_gate.2.bias"": {""max_abs_error"": 4.103640094399452e-09, ""max_normalized_error"": 0.002049706733356699, ""pass"": true, ""relative_l2"": 1.2304901711206653e-06, ""active"": true, ""above_absolute_floor"": true}, ""blocks.1.update.0.weight"": {""max_abs_error"": 6.51925802230835e-09, ""max_normalized_error"": 0.0019032073948365897, ""pass"": true, ""relative_l2"": 8.496797520241469e-07, ""active"": true, ""above_absolute_floor"": true}, ""blocks.1.update.0.bias"": {""max_abs_error"": 1.076841726899147e-09, ""max_normalized_error"": 0.0004356303025921793, ""pass"": true, ""relative_l2"": 6.848464534425834e-07, ""active"": true, ""above_absolute_floor"": true}, ""blocks.1.update.2.weight"": {""max_abs_error"": 6.05359673500061e-09, ""max_normalized_error"": 0.001376581720977862, ""pass"": true, ""relative_l2"": 9.408189680747752e-07, ""active"": true, ""above_absolute_floor"": true}, ""blocks.1.update.2.bias"": {""max_abs_error"": 4.190951585769653e-09, ""max_normalized_error"": 0.0012364374971422418, ""pass"": true, ""relative_l2"": 7.714801787495708e-07, ""active"": true, ""above_absolute_floor"": true}, ""blocks.1.norm.weight"": {""max_abs_error"": 1.3969838619232178e-08, ""max_normalized_error"": 0.0009658784030659983, ""pass"": true, ""relative_l2"": 3.3993170489841115e-07, ""active"": true, ""above_absolute_floor"": true}, ""blocks.1.norm.bias"": {""max_abs_error"": 6.402842700481415e-09, ""max_normalized_error"": 0.0016141415618885198, ""pass"": true, ""relative_l2"": 3.5152122808399716e-07, ""active"": true, ""above_absolute_floor"": true}}","[""vectors"", ""blocks.0.direction_gate.weight"", ""blocks.0.direction_gate.bias""]"
,,,,,,,0,0,413,gpu_geometry,,,,,torch.float32,,,,pass,,,,mp-aaacixnk,1674,694,,4.76837158203125e-07,,,9.5367431640625e-07,,,,,,,,,,,real,,,valid,pass,,
,,,0.0,,,,,,414,cpu_gpu_features,4,True,,,torch.float32,2e-05,2e-05,,,,,,mp-aaacixnk,1674,,1.1920928955078125e-06,,0.0381942018866539,,,,,,,,,,,,A,real,,,valid,pass,,
,,,0.0,,,,,,415,gpu_rebuilt_features,4,True,,,torch.float32,0.0001,0.0001,,,,,,mp-aaacixnk,1674,,8.940696716308594e-07,,0.0061601004563272,,,,,,,,,,,,A,real,,,valid,pass,,
,,,0.0,,,,,,416,gpu_orthogonal,4,True,,,torch.float32,2e-05,2e-05,,,,,,mp-aaacixnk,1674,,1.0132789611816406e-06,,0.03698088228702545,,,,,rotation_1,,,,,,,A,real,,,valid,pass,,
,,,0.0,,,,,,417,gpu_orthogonal,4,True,,,torch.float32,2e-05,2e-05,,,,,,mp-aaacixnk,1674,,6.556510925292969e-07,,0.02826903946697712,,,,,rotation_2,,,,,,,A,real,,,valid,pass,,
,,,0.0,,,,,,418,gpu_orthogonal,4,True,,,torch.float32,2e-05,2e-05,,,,,,mp-aaacixnk,1674,,6.407499313354492e-07,,0.03068830631673336,,,,,reflection,,,,,,,A,real,,,valid,pass,,
,,,0.0,,,,,,419,gpu_orthogonal,4,True,,,torch.float32,2e-05,2e-05,,,,,,mp-aaacixnk,1674,,1.0356307029724121e-06,,0.049201756715774536,,,,,inversion,,,,,,,A,real,,,valid,pass,,
,,,0.0,,,,,,420,gpu_orthogonal,4,True,,,torch.float32,2e-05,2e-05,,,,,,mp-aaacixnk,1674,,7.152557373046875e-07,,0.025769678875803947,,,,,improper_with_translation,,,,,,,A,real,,,valid,pass,,
,,,,,,,,,421,gpu_padding,,,,,torch.float32,,,,,,,,mp-aaacixnk,1674,,,,,,,,,,,,,,,,A,real,,,valid,pass,,
,,,1.5832483768463135e-08,,,,,,422,cpu_gpu_features,4,True,,,torch.float32,2e-05,2e-05,,,,,,mp-aaacixnk,1674,,1.1920928955078125e-06,,0.039164185523986816,,,,,,,,,,,,B+,real,,,valid,pass,,
,,,1.3969838619232178e-08,,,,,,423,gpu_rebuilt_features,4,True,,,torch.float32,0.0001,0.0001,,,,,,mp-aaacixnk,1674,,9.834766387939453e-07,,0.007793285883963108,,,,,,,,,,,,B+,real,,,valid,pass,,
,,,6.05359673500061e-09,,,,,,424,gpu_orthogonal,4,True,,,torch.float32,2e-05,2e-05,,,,,,mp-aaacixnk,1674,,7.152557373046875e-07,,0.023499390110373497,,,,,rotation_1,,,,,,,B+,real,,,valid,pass,,
,,,3.725290298461914e-09,,,,,,425,gpu_orthogonal,4,True,,,torch.float32,2e-05,2e-05,,,,,,mp-aaacixnk,1674,,9.238719940185547e-07,,0.036604829132556915,,,,,rotation_2,,,,,,,B+,real,,,valid,pass,,
,,,6.984919309616089e-09,,,,,,426,gpu_orthogonal,4,True,,,torch.float32,2e-05,2e-05,,,,,,mp-aaacixnk,1674,,7.748603820800781e-07,,0.02795630879700184,,,,,reflection,,,,,,,B+,real,,,valid,pass,,
,,,7.450580596923828e-09,,,,,,427,gpu_orthogonal,4,True,,,torch.float32,2e-05,2e-05,,,,,,mp-aaacixnk,1674,,1.0132789611816406e-06,,0.03439340740442276,,,,,inversion,,,,,,,B+,real,,,valid,pass,,
,,,8.847564458847046e-09,,,,,,428,gpu_orthogonal,4,True,,,torch.float32,2e-05,2e-05,,,,,,mp-aaacixnk,1674,,8.642673492431641e-07,,0.034243226051330566,,,,,improper_with_translation,,,,,,,B+,real,,,valid,pass,,
,,,,,,,,,429,gpu_padding,,,,,torch.float32,,,,,,,,mp-aaacixnk,1674,,,,,,,,,,,,,,,,B+,real,,,valid,pass,,
,,,0.0,,,,0,0,430,gpu_translation,4,True,,,torch.float32,0.0001,0.0001,,pass,,,,mp-aaacixnk,1674,694,7.674098014831543e-07,1.430511474609375e-06,0.007325058802962303,,2.384185791015625e-06,,,,,,,,,,A,real,,,valid,pass,,
,,,1.1175870895385742e-08,,,,0,0,431,gpu_translation,4,True,,,torch.float32,0.0001,0.0001,,pass,,,,mp-aaacixnk,1674,694,1.1920928955078125e-06,1.430511474609375e-06,0.008218587376177311,,2.384185791015625e-06,,,,,,,,,,B+,real,,,valid,pass,,
,True,,,,,,,,432,gpu_zp_pipeline,,,,,torch.float32,,,True,,,,,,,,,,,,,,,,39,True,,,True,,A,,,,,pass,,
,True,,,,,,,,433,gpu_zp_pipeline,,,,,torch.float32,,,True,,,,,,,,,,,,,,,,37,True,,,True,,B+,,,,,pass,,
,,7509,,,typical_b1,1,,,434,batch_preparation,,,0.0059216509107500315,,torch.float32,,,,,,,0.001299405936151743,,,,,,,,,5,276,,,,,,,,,,"[{""split"": ""train"", ""index"": 13453, ""id"": ""mp-aaaciuwb"", ""reason"": ""pairs_quantile_0.5"", ""n_atoms"": 5, ""n_edges"": 276, ""max_degree"": 59, ""potential_angle_pairs"": 7509}]",,,pass,,
True,,7509,,False,typical_b1,1,,,435,benchmark,,,,cpu,torch.float32,,,True,,,,,,,,,,,,,5,276,,,,,,,0,A,,"[{""split"": ""train"", ""index"": 13453, ""id"": ""mp-aaaciuwb"", ""reason"": ""pairs_quantile_0.5"", ""n_atoms"": 5, ""n_edges"": 276, ""max_degree"": 59, ""potential_angle_pairs"": 7509}]",0.05879492498934269,,pass,,
True,,7509,,False,typical_b1,1,,,436,benchmark,,,,cpu,torch.float32,,,True,,,,,,,,,,,,,5,276,,,,,,,1,A,,"[{""split"": ""train"", ""index"": 13453, ""id"": ""mp-aaaciuwb"", ""reason"": ""pairs_quantile_0.5"", ""n_atoms"": 5, ""n_edges"": 276, ""max_degree"": 59, ""potential_angle_pairs"": 7509}]",0.05863700807094574,,pass,,
True,,7509,,False,typical_b1,1,,,437,benchmark,,,,cpu,torch.float32,,,True,,,,,,,,,,,,,5,276,,,,,,,2,A,,"[{""split"": ""train"", ""index"": 13453, ""id"": ""mp-aaaciuwb"", ""reason"": ""pairs_quantile_0.5"", ""n_atoms"": 5, ""n_edges"": 276, ""max_degree"": 59, ""potential_angle_pairs"": 7509}]",0.05982722085900605,,pass,,
True,,7509,,True,typical_b1,1,,,438,benchmark,,,,cpu,torch.float32,,,True,,,,,,,,,,,,,5,276,,,,,,,0,A,,"[{""split"": ""train"", ""index"": 13453, ""id"": ""mp-aaaciuwb"", ""reason"": ""pairs_quantile_0.5"", ""n_atoms"": 5, ""n_edges"": 276, ""max_degree"": 59, ""potential_angle_pairs"": 7509}]",0.42439814400859177,,pass,,
True,,7509,,True,typical_b1,1,,,439,benchmark,,,,cpu,torch.float32,,,True,,,,,,,,,,,,,5,276,,,,,,,1,A,,"[{""split"": ""train"", ""index"": 13453, ""id"": ""mp-aaaciuwb"", ""reason"": ""pairs_quantile_0.5"", ""n_atoms"": 5, ""n_edges"": 276, ""max_degree"": 59, ""potential_angle_pairs"": 7509}]",0.4219123311340809,,pass,,
True,,7509,,True,typical_b1,1,,,440,benchmark,,,,cpu,torch.float32,,,True,,,,,,,,,,,,,5,276,,,,,,,2,A,,"[{""split"": ""train"", ""index"": 13453, ""id"": ""mp-aaaciuwb"", ""reason"": ""pairs_quantile_0.5"", ""n_atoms"": 5, ""n_edges"": 276, ""max_degree"": 59, ""potential_angle_pairs"": 7509}]",0.4253661190159619,,pass,,
True,,7509,,False,typical_b1,1,,,441,benchmark,,,,cpu,torch.float32,,,True,,,,,,,,,,,,,5,276,,,,,,,0,B+,,"[{""split"": ""train"", ""index"": 13453, ""id"": ""mp-aaaciuwb"", ""reason"": ""pairs_quantile_0.5"", ""n_atoms"": 5, ""n_edges"": 276, ""max_degree"": 59, ""potential_angle_pairs"": 7509}]",0.009946364909410477,,pass,,
True,,7509,,False,typical_b1,1,,,442,benchmark,,,,cpu,torch.float32,,,True,,,,,,,,,,,,,5,276,,,,,,,1,B+,,"[{""split"": ""train"", ""index"": 13453, ""id"": ""mp-aaaciuwb"", ""reason"": ""pairs_quantile_0.5"", ""n_atoms"": 5, ""n_edges"": 276, ""max_degree"": 59, ""potential_angle_pairs"": 7509}]",0.009772025048732758,,pass,,
True,,7509,,False,typical_b1,1,,,443,benchmark,,,,cpu,torch.float32,,,True,,,,,,,,,,,,,5,276,,,,,,,2,B+,,"[{""split"": ""train"", ""index"": 13453, ""id"": ""mp-aaaciuwb"", ""reason"": ""pairs_quantile_0.5"", ""n_atoms"": 5, ""n_edges"": 276, ""max_degree"": 59, ""potential_angle_pairs"": 7509}]",0.009757554158568382,,pass,,
True,,7509,,True,typical_b1,1,,,444,benchmark,,,,cpu,torch.float32,,,True,,,,,,,,,,,,,5,276,,,,,,,0,B+,,"[{""split"": ""train"", ""index"": 13453, ""id"": ""mp-aaaciuwb"", ""reason"": ""pairs_quantile_0.5"", ""n_atoms"": 5, ""n_edges"": 276, ""max_degree"": 59, ""potential_angle_pairs"": 7509}]",0.025573160964995623,,pass,,
True,,7509,,True,typical_b1,1,,,445,benchmark,,,,cpu,torch.float32,,,True,,,,,,,,,,,,,5,276,,,,,,,1,B+,,"[{""split"": ""train"", ""index"": 13453, ""id"": ""mp-aaaciuwb"", ""reason"": ""pairs_quantile_0.5"", ""n_atoms"": 5, ""n_edges"": 276, ""max_degree"": 59, ""potential_angle_pairs"": 7509}]",0.02562823100015521,,pass,,
True,,7509,,True,typical_b1,1,,,446,benchmark,,,,cpu,torch.float32,,,True,,,,,,,,,,,,,5,276,,,,,,,2,B+,,"[{""split"": ""train"", ""index"": 13453, ""id"": ""mp-aaaciuwb"", ""reason"": ""pairs_quantile_0.5"", ""n_atoms"": 5, ""n_edges"": 276, ""max_degree"": 59, ""potential_angle_pairs"": 7509}]",0.026770591968670487,,pass,,
True,,7509,,False,typical_b1,1,,,447,benchmark,,,,cuda,torch.float32,,,True,,,,,,,,,,,,,5,276,,,,26.36865234375,78.0,,0,A,,"[{""split"": ""train"", ""index"": 13453, ""id"": ""mp-aaaciuwb"", ""reason"": ""pairs_quantile_0.5"", ""n_atoms"": 5, ""n_edges"": 276, ""max_degree"": 59, ""potential_angle_pairs"": 7509}]",0.010249484097585082,,pass,,
True,,7509,,False,typical_b1,1,,,448,benchmark,,,,cuda,torch.float32,,,True,,,,,,,,,,,,,5,276,,,,26.36865234375,78.0,,1,A,,"[{""split"": ""train"", ""index"": 13453, ""id"": ""mp-aaaciuwb"", ""reason"": ""pairs_quantile_0.5"", ""n_atoms"": 5, ""n_edges"": 276, ""max_degree"": 59, ""potential_angle_pairs"": 7509}]",0.010321883019059896,,pass,,
True,,7509,,False,typical_b1,1,,,449,benchmark,,,,cuda,torch.float32,,,True,,,,,,,,,,,,,5,276,,,,26.36865234375,78.0,,2,A,,"[{""split"": ""train"", ""index"": 13453, ""id"": ""mp-aaaciuwb"", ""reason"": ""pairs_quantile_0.5"", ""n_atoms"": 5, ""n_edges"": 276, ""max_degree"": 59, ""potential_angle_pairs"": 7509}]",0.010030437959358096,,pass,,
True,,7509,,True,typical_b1,1,,,450,benchmark,,,,cuda,torch.float32,,,True,,,,,,,,,,,,,5,276,,,,30.73779296875,78.0,,0,A,,"[{""split"": ""train"", ""index"": 13453, ""id"": ""mp-aaaciuwb"", ""reason"": ""pairs_quantile_0.5"", ""n_atoms"": 5, ""n_edges"": 276, ""max_degree"": 59, ""potential_angle_pairs"": 7509}]",0.03830032702535391,,pass,,
True,,7509,,True,typical_b1,1,,,451,benchmark,,,,cuda,torch.float32,,,True,,,,,,,,,,,,,5,276,,,,30.73779296875,78.0,,1,A,,"[{""split"": ""train"", ""index"": 13453, ""id"": ""mp-aaaciuwb"", ""reason"": ""pairs_quantile_0.5"", ""n_atoms"": 5, ""n_edges"": 276, ""max_degree"": 59, ""potential_angle_pairs"": 7509}]",0.038675742922350764,,pass,,
True,,7509,,True,typical_b1,1,,,452,benchmark,,,,cuda,torch.float32,,,True,,,,,,,,,,,,,5,276,,,,30.73779296875,78.0,,2,A,,"[{""split"": ""train"", ""index"": 13453, ""id"": ""mp-aaaciuwb"", ""reason"": ""pairs_quantile_0.5"", ""n_atoms"": 5, ""n_edges"": 276, ""max_degree"": 59, ""potential_angle_pairs"": 7509}]",0.037977213971316814,,pass,,
True,,7509,,False,typical_b1,1,,,453,benchmark,,,,cuda,torch.float32,,,True,,,,,,,,,,,,,5,276,,,,20.09228515625,78.0,,0,B+,,"[{""split"": ""train"", ""index"": 13453, ""id"": ""mp-aaaciuwb"", ""reason"": ""pairs_quantile_0.5"", ""n_atoms"": 5, ""n_edges"": 276, ""max_degree"": 59, ""potential_angle_pairs"": 7509}]",0.00951130292378366,,pass,,
True,,7509,,False,typical_b1,1,,,454,benchmark,,,,cuda,torch.float32,,,True,,,,,,,,,,,,,5,276,,,,20.09228515625,78.0,,1,B+,,"[{""split"": ""train"", ""index"": 13453, ""id"": ""mp-aaaciuwb"", ""reason"": ""pairs_quantile_0.5"", ""n_atoms"": 5, ""n_edges"": 276, ""max_degree"": 59, ""potential_angle_pairs"": 7509}]",0.009290862828493118,,pass,,
True,,7509,,False,typical_b1,1,,,455,benchmark,,,,cuda,torch.float32,,,True,,,,,,,,,,,,,5,276,,,,20.09228515625,78.0,,2,B+,,"[{""split"": ""train"", ""index"": 13453, ""id"": ""mp-aaaciuwb"", ""reason"": ""pairs_quantile_0.5"", ""n_atoms"": 5, ""n_edges"": 276, ""max_degree"": 59, ""potential_angle_pairs"": 7509}]",0.00940764183178544,,pass,,
True,,7509,,True,typical_b1,1,,,456,benchmark,,,,cuda,torch.float32,,,True,,,,,,,,,,,,,5,276,,,,22.89892578125,78.0,,0,B+,,"[{""split"": ""train"", ""index"": 13453, ""id"": ""mp-aaaciuwb"", ""reason"": ""pairs_quantile_0.5"", ""n_atoms"": 5, ""n_edges"": 276, ""max_degree"": 59, ""potential_angle_pairs"": 7509}]",0.023216187953948975,,pass,,
True,,7509,,True,typical_b1,1,,,457,benchmark,,,,cuda,torch.float32,,,True,,,,,,,,,,,,,5,276,,,,22.89892578125,78.0,,1,B+,,"[{""split"": ""train"", ""index"": 13453, ""id"": ""mp-aaaciuwb"", ""reason"": ""pairs_quantile_0.5"", ""n_atoms"": 5, ""n_edges"": 276, ""max_degree"": 59, ""potential_angle_pairs"": 7509}]",0.02370980614796281,,pass,,
True,,7509,,True,typical_b1,1,,,458,benchmark,,,,cuda,torch.float32,,,True,,,,,,,,,,,,,5,276,,,,22.89892578125,78.0,,2,B+,,"[{""split"": ""train"", ""index"": 13453, ""id"": ""mp-aaaciuwb"", ""reason"": ""pairs_quantile_0.5"", ""n_atoms"": 5, ""n_edges"": 276, ""max_degree"": 59, ""potential_angle_pairs"": 7509}]",0.023759867064654827,,pass,,
,,112304,,,typical_b4,4,,,459,batch_preparation,,,0.017658957978710532,,torch.float32,,,,,,,0.001606956124305725,,,,,,,,,47,2912,,,,,,,,,,"[{""split"": ""train"", ""index"": 13453, ""id"": ""mp-aaaciuwb"", ""reason"": ""pairs_quantile_0.5"", ""n_atoms"": 5, ""n_edges"": 276, ""max_degree"": 59, ""potential_angle_pairs"": 7509}, {""split"": ""valid"", ""index"": 532, ""id"": ""mp-aaaaawnl"", ""reason"": ""pairs_quantile_0.5"", ""n_atoms"": 16, ""n_edges"": 496, ""max_degree"": 34, ""potential_angle_pairs"": 7454}, {""split"": ""train"", ""index"": 6712, ""id"": ""mp-aaaabqpu"", ""reason"": ""pairs_quantile_0.9"", ""n_atoms"": 21, ""n_edges"": 1446, ""max_degree"": 74, ""potential_angle_pairs"": 49470}, {""split"": ""valid"", ""index"": 1674, ""id"": ""mp-aaacixnk"", ""reason"": ""pairs_quantile_0.9"", ""n_atoms"": 5, ""n_edges"": 694, ""max_degree"": 147, ""potential_angle_pairs"": 47871}]",,,pass,,
True,,112304,,False,typical_b4,4,,,460,benchmark,,,,cuda,torch.float32,,,True,,,,,,,,,,,,,47,2912,,,,37.8388671875,78.0,,0,A,,"[{""split"": ""train"", ""index"": 13453, ""id"": ""mp-aaaciuwb"", ""reason"": ""pairs_quantile_0.5"", ""n_atoms"": 5, ""n_edges"": 276, ""max_degree"": 59, ""potential_angle_pairs"": 7509}, {""split"": ""valid"", ""index"": 532, ""id"": ""mp-aaaaawnl"", ""reason"": ""pairs_quantile_0.5"", ""n_atoms"": 16, ""n_edges"": 496, ""max_degree"": 34, ""potential_angle_pairs"": 7454}, {""split"": ""train"", ""index"": 6712, ""id"": ""mp-aaaabqpu"", ""reason"": ""pairs_quantile_0.9"", ""n_atoms"": 21, ""n_edges"": 1446, ""max_degree"": 74, ""potential_angle_pairs"": 49470}, {""split"": ""valid"", ""index"": 1674, ""id"": ""mp-aaacixnk"", ""reason"": ""pairs_quantile_0.9"", ""n_atoms"": 5, ""n_edges"": 694, ""max_degree"": 147, ""potential_angle_pairs"": 47871}]",0.08415591600351036,,pass,,
True,,112304,,False,typical_b4,4,,,461,benchmark,,,,cuda,torch.float32,,,True,,,,,,,,,,,,,47,2912,,,,37.8388671875,78.0,,1,A,,"[{""split"": ""train"", ""index"": 13453, ""id"": ""mp-aaaciuwb"", ""reason"": ""pairs_quantile_0.5"", ""n_atoms"": 5, ""n_edges"": 276, ""max_degree"": 59, ""potential_angle_pairs"": 7509}, {""split"": ""valid"", ""index"": 532, ""id"": ""mp-aaaaawnl"", ""reason"": ""pairs_quantile_0.5"", ""n_atoms"": 16, ""n_edges"": 496, ""max_degree"": 34, ""potential_angle_pairs"": 7454}, {""split"": ""train"", ""index"": 6712, ""id"": ""mp-aaaabqpu"", ""reason"": ""pairs_quantile_0.9"", ""n_atoms"": 21, ""n_edges"": 1446, ""max_degree"": 74, ""potential_angle_pairs"": 49470}, {""split"": ""valid"", ""index"": 1674, ""id"": ""mp-aaacixnk"", ""reason"": ""pairs_quantile_0.9"", ""n_atoms"": 5, ""n_edges"": 694, ""max_degree"": 147, ""potential_angle_pairs"": 47871}]",0.08816225687041879,,pass,,
True,,112304,,False,typical_b4,4,,,462,benchmark,,,,cuda,torch.float32,,,True,,,,,,,,,,,,,47,2912,,,,37.8388671875,78.0,,2,A,,"[{""split"": ""train"", ""index"": 13453, ""id"": ""mp-aaaciuwb"", ""reason"": ""pairs_quantile_0.5"", ""n_atoms"": 5, ""n_edges"": 276, ""max_degree"": 59, ""potential_angle_pairs"": 7509}, {""split"": ""valid"", ""index"": 532, ""id"": ""mp-aaaaawnl"", ""reason"": ""pairs_quantile_0.5"", ""n_atoms"": 16, ""n_edges"": 496, ""max_degree"": 34, ""potential_angle_pairs"": 7454}, {""split"": ""train"", ""index"": 6712, ""id"": ""mp-aaaabqpu"", ""reason"": ""pairs_quantile_0.9"", ""n_atoms"": 21, ""n_edges"": 1446, ""max_degree"": 74, ""potential_angle_pairs"": 49470}, {""split"": ""valid"", ""index"": 1674, ""id"": ""mp-aaacixnk"", ""reason"": ""pairs_quantile_0.9"", ""n_atoms"": 5, ""n_edges"": 694, ""max_degree"": 147, ""potential_angle_pairs"": 47871}]",0.08475472498685122,,pass,,
True,,112304,,True,typical_b4,4,,,463,benchmark,,,,cuda,torch.float32,,,True,,,,,,,,,,,,,47,2912,,,,58.30859375,80.0,,0,A,,"[{""split"": ""train"", ""index"": 13453, ""id"": ""mp-aaaciuwb"", ""reason"": ""pairs_quantile_0.5"", ""n_atoms"": 5, ""n_edges"": 276, ""max_degree"": 59, ""potential_angle_pairs"": 7509}, {""split"": ""valid"", ""index"": 532, ""id"": ""mp-aaaaawnl"", ""reason"": ""pairs_quantile_0.5"", ""n_atoms"": 16, ""n_edges"": 496, ""max_degree"": 34, ""potential_angle_pairs"": 7454}, {""split"": ""train"", ""index"": 6712, ""id"": ""mp-aaaabqpu"", ""reason"": ""pairs_quantile_0.9"", ""n_atoms"": 21, ""n_edges"": 1446, ""max_degree"": 74, ""potential_angle_pairs"": 49470}, {""split"": ""valid"", ""index"": 1674, ""id"": ""mp-aaacixnk"", ""reason"": ""pairs_quantile_0.9"", ""n_atoms"": 5, ""n_edges"": 694, ""max_degree"": 147, ""potential_angle_pairs"": 47871}]",0.3918951661325991,,pass,,
True,,112304,,True,typical_b4,4,,,464,benchmark,,,,cuda,torch.float32,,,True,,,,,,,,,,,,,47,2912,,,,58.30859375,80.0,,1,A,,"[{""split"": ""train"", ""index"": 13453, ""id"": ""mp-aaaciuwb"", ""reason"": ""pairs_quantile_0.5"", ""n_atoms"": 5, ""n_edges"": 276, ""max_degree"": 59, ""potential_angle_pairs"": 7509}, {""split"": ""valid"", ""index"": 532, ""id"": ""mp-aaaaawnl"", ""reason"": ""pairs_quantile_0.5"", ""n_atoms"": 16, ""n_edges"": 496, ""max_degree"": 34, ""potential_angle_pairs"": 7454}, {""split"": ""train"", ""index"": 6712, ""id"": ""mp-aaaabqpu"", ""reason"": ""pairs_quantile_0.9"", ""n_atoms"": 21, ""n_edges"": 1446, ""max_degree"": 74, ""potential_angle_pairs"": 49470}, {""split"": ""valid"", ""index"": 1674, ""id"": ""mp-aaacixnk"", ""reason"": ""pairs_quantile_0.9"", ""n_atoms"": 5, ""n_edges"": 694, ""max_degree"": 147, ""potential_angle_pairs"": 47871}]",0.39438901492394507,,pass,,
True,,112304,,True,typical_b4,4,,,465,benchmark,,,,cuda,torch.float32,,,True,,,,,,,,,,,,,47,2912,,,,58.30859375,80.0,,2,A,,"[{""split"": ""train"", ""index"": 13453, ""id"": ""mp-aaaciuwb"", ""reason"": ""pairs_quantile_0.5"", ""n_atoms"": 5, ""n_edges"": 276, ""max_degree"": 59, ""potential_angle_pairs"": 7509}, {""split"": ""valid"", ""index"": 532, ""id"": ""mp-aaaaawnl"", ""reason"": ""pairs_quantile_0.5"", ""n_atoms"": 16, ""n_edges"": 496, ""max_degree"": 34, ""potential_angle_pairs"": 7454}, {""split"": ""train"", ""index"": 6712, ""id"": ""mp-aaaabqpu"", ""reason"": ""pairs_quantile_0.9"", ""n_atoms"": 21, ""n_edges"": 1446, ""max_degree"": 74, ""potential_angle_pairs"": 49470}, {""split"": ""valid"", ""index"": 1674, ""id"": ""mp-aaacixnk"", ""reason"": ""pairs_quantile_0.9"", ""n_atoms"": 5, ""n_edges"": 694, ""max_degree"": 147, ""potential_angle_pairs"": 47871}]",0.396833925973624,,pass,,
True,,112304,,False,typical_b4,4,,,466,benchmark,,,,cuda,torch.float32,,,True,,,,,,,,,,,,,47,2912,,,,32.650390625,80.0,,0,B+,,"[{""split"": ""train"", ""index"": 13453, ""id"": ""mp-aaaciuwb"", ""reason"": ""pairs_quantile_0.5"", ""n_atoms"": 5, ""n_edges"": 276, ""max_degree"": 59, ""potential_angle_pairs"": 7509}, {""split"": ""valid"", ""index"": 532, ""id"": ""mp-aaaaawnl"", ""reason"": ""pairs_quantile_0.5"", ""n_atoms"": 16, ""n_edges"": 496, ""max_degree"": 34, ""potential_angle_pairs"": 7454}, {""split"": ""train"", ""index"": 6712, ""id"": ""mp-aaaabqpu"", ""reason"": ""pairs_quantile_0.9"", ""n_atoms"": 21, ""n_edges"": 1446, ""max_degree"": 74, ""potential_angle_pairs"": 49470}, {""split"": ""valid"", ""index"": 1674, ""id"": ""mp-aaacixnk"", ""reason"": ""pairs_quantile_0.9"", ""n_atoms"": 5, ""n_edges"": 694, ""max_degree"": 147, ""potential_angle_pairs"": 47871}]",0.009674296015873551,,pass,,
True,,112304,,False,typical_b4,4,,,467,benchmark,,,,cuda,torch.float32,,,True,,,,,,,,,,,,,47,2912,,,,32.650390625,80.0,,1,B+,,"[{""split"": ""train"", ""index"": 13453, ""id"": ""mp-aaaciuwb"", ""reason"": ""pairs_quantile_0.5"", ""n_atoms"": 5, ""n_edges"": 276, ""max_degree"": 59, ""potential_angle_pairs"": 7509}, {""split"": ""valid"", ""index"": 532, ""id"": ""mp-aaaaawnl"", ""reason"": ""pairs_quantile_0.5"", ""n_atoms"": 16, ""n_edges"": 496, ""max_degree"": 34, ""potential_angle_pairs"": 7454}, {""split"": ""train"", ""index"": 6712, ""id"": ""mp-aaaabqpu"", ""reason"": ""pairs_quantile_0.9"", ""n_atoms"": 21, ""n_edges"": 1446, ""max_degree"": 74, ""potential_angle_pairs"": 49470}, {""split"": ""valid"", ""index"": 1674, ""id"": ""mp-aaacixnk"", ""reason"": ""pairs_quantile_0.9"", ""n_atoms"": 5, ""n_edges"": 694, ""max_degree"": 147, ""potential_angle_pairs"": 47871}]",0.009883778868243098,,pass,,
True,,112304,,False,typical_b4,4,,,468,benchmark,,,,cuda,torch.float32,,,True,,,,,,,,,,,,,47,2912,,,,32.650390625,80.0,,2,B+,,"[{""split"": ""train"", ""index"": 13453, ""id"": ""mp-aaaciuwb"", ""reason"": ""pairs_quantile_0.5"", ""n_atoms"": 5, ""n_edges"": 276, ""max_degree"": 59, ""potential_angle_pairs"": 7509}, {""split"": ""valid"", ""index"": 532, ""id"": ""mp-aaaaawnl"", ""reason"": ""pairs_quantile_0.5"", ""n_atoms"": 16, ""n_edges"": 496, ""max_degree"": 34, ""potential_angle_pairs"": 7454}, {""split"": ""train"", ""index"": 6712, ""id"": ""mp-aaaabqpu"", ""reason"": ""pairs_quantile_0.9"", ""n_atoms"": 21, ""n_edges"": 1446, ""max_degree"": 74, ""potential_angle_pairs"": 49470}, {""split"": ""valid"", ""index"": 1674, ""id"": ""mp-aaacixnk"", ""reason"": ""pairs_quantile_0.9"", ""n_atoms"": 5, ""n_edges"": 694, ""max_degree"": 147, ""potential_angle_pairs"": 47871}]",0.010059940861538053,,pass,,
True,,112304,,True,typical_b4,4,,,469,benchmark,,,,cuda,torch.float32,,,True,,,,,,,,,,,,,47,2912,,,,55.64697265625,80.0,,0,B+,,"[{""split"": ""train"", ""index"": 13453, ""id"": ""mp-aaaciuwb"", ""reason"": ""pairs_quantile_0.5"", ""n_atoms"": 5, ""n_edges"": 276, ""max_degree"": 59, ""potential_angle_pairs"": 7509}, {""split"": ""valid"", ""index"": 532, ""id"": ""mp-aaaaawnl"", ""reason"": ""pairs_quantile_0.5"", ""n_atoms"": 16, ""n_edges"": 496, ""max_degree"": 34, ""potential_angle_pairs"": 7454}, {""split"": ""train"", ""index"": 6712, ""id"": ""mp-aaaabqpu"", ""reason"": ""pairs_quantile_0.9"", ""n_atoms"": 21, ""n_edges"": 1446, ""max_degree"": 74, ""potential_angle_pairs"": 49470}, {""split"": ""valid"", ""index"": 1674, ""id"": ""mp-aaacixnk"", ""reason"": ""pairs_quantile_0.9"", ""n_atoms"": 5, ""n_edges"": 694, ""max_degree"": 147, ""potential_angle_pairs"": 47871}]",0.5831941529177129,,pass,,
True,,112304,,True,typical_b4,4,,,470,benchmark,,,,cuda,torch.float32,,,True,,,,,,,,,,,,,47,2912,,,,55.64697265625,80.0,,1,B+,,"[{""split"": ""train"", ""index"": 13453, ""id"": ""mp-aaaciuwb"", ""reason"": ""pairs_quantile_0.5"", ""n_atoms"": 5, ""n_edges"": 276, ""max_degree"": 59, ""potential_angle_pairs"": 7509}, {""split"": ""valid"", ""index"": 532, ""id"": ""mp-aaaaawnl"", ""reason"": ""pairs_quantile_0.5"", ""n_atoms"": 16, ""n_edges"": 496, ""max_degree"": 34, ""potential_angle_pairs"": 7454}, {""split"": ""train"", ""index"": 6712, ""id"": ""mp-aaaabqpu"", ""reason"": ""pairs_quantile_0.9"", ""n_atoms"": 21, ""n_edges"": 1446, ""max_degree"": 74, ""potential_angle_pairs"": 49470}, {""split"": ""valid"", ""index"": 1674, ""id"": ""mp-aaacixnk"", ""reason"": ""pairs_quantile_0.9"", ""n_atoms"": 5, ""n_edges"": 694, ""max_degree"": 147, ""potential_angle_pairs"": 47871}]",0.024329415056854486,,pass,,
True,,112304,,True,typical_b4,4,,,471,benchmark,,,,cuda,torch.float32,,,True,,,,,,,,,,,,,47,2912,,,,55.64697265625,80.0,,2,B+,,"[{""split"": ""train"", ""index"": 13453, ""id"": ""mp-aaaciuwb"", ""reason"": ""pairs_quantile_0.5"", ""n_atoms"": 5, ""n_edges"": 276, ""max_degree"": 59, ""potential_angle_pairs"": 7509}, {""split"": ""valid"", ""index"": 532, ""id"": ""mp-aaaaawnl"", ""reason"": ""pairs_quantile_0.5"", ""n_atoms"": 16, ""n_edges"": 496, ""max_degree"": 34, ""potential_angle_pairs"": 7454}, {""split"": ""train"", ""index"": 6712, ""id"": ""mp-aaaabqpu"", ""reason"": ""pairs_quantile_0.9"", ""n_atoms"": 21, ""n_edges"": 1446, ""max_degree"": 74, ""potential_angle_pairs"": 49470}, {""split"": ""valid"", ""index"": 1674, ""id"": ""mp-aaacixnk"", ""reason"": ""pairs_quantile_0.9"", ""n_atoms"": 5, ""n_edges"": 694, ""max_degree"": 147, ""potential_angle_pairs"": 47871}]",0.024319742806255817,,pass,,
True,,112304,,False,typical_b4,4,,,472,benchmark,,,,cpu,torch.float32,,,True,,,,,,,,,,,,,47,2912,,,,,,,0,A,,"[{""split"": ""train"", ""index"": 13453, ""id"": ""mp-aaaciuwb"", ""reason"": ""pairs_quantile_0.5"", ""n_atoms"": 5, ""n_edges"": 276, ""max_degree"": 59, ""potential_angle_pairs"": 7509}, {""split"": ""valid"", ""index"": 532, ""id"": ""mp-aaaaawnl"", ""reason"": ""pairs_quantile_0.5"", ""n_atoms"": 16, ""n_edges"": 496, ""max_degree"": 34, ""potential_angle_pairs"": 7454}, {""split"": ""train"", ""index"": 6712, ""id"": ""mp-aaaabqpu"", ""reason"": ""pairs_quantile_0.9"", ""n_atoms"": 21, ""n_edges"": 1446, ""max_degree"": 74, ""potential_angle_pairs"": 49470}, {""split"": ""valid"", ""index"": 1674, ""id"": ""mp-aaacixnk"", ""reason"": ""pairs_quantile_0.9"", ""n_atoms"": 5, ""n_edges"": 694, ""max_degree"": 147, ""potential_angle_pairs"": 47871}]",0.7932451411616057,,pass,,
True,,112304,,False,typical_b4,4,,,473,benchmark,,,,cpu,torch.float32,,,True,,,,,,,,,,,,,47,2912,,,,,,,1,A,,"[{""split"": ""train"", ""index"": 13453, ""id"": ""mp-aaaciuwb"", ""reason"": ""pairs_quantile_0.5"", ""n_atoms"": 5, ""n_edges"": 276, ""max_degree"": 59, ""potential_angle_pairs"": 7509}, {""split"": ""valid"", ""index"": 532, ""id"": ""mp-aaaaawnl"", ""reason"": ""pairs_quantile_0.5"", ""n_atoms"": 16, ""n_edges"": 496, ""max_degree"": 34, ""potential_angle_pairs"": 7454}, {""split"": ""train"", ""index"": 6712, ""id"": ""mp-aaaabqpu"", ""reason"": ""pairs_quantile_0.9"", ""n_atoms"": 21, ""n_edges"": 1446, ""max_degree"": 74, ""potential_angle_pairs"": 49470}, {""split"": ""valid"", ""index"": 1674, ""id"": ""mp-aaacixnk"", ""reason"": ""pairs_quantile_0.9"", ""n_atoms"": 5, ""n_edges"": 694, ""max_degree"": 147, ""potential_angle_pairs"": 47871}]",0.7983783329837024,,pass,,
True,,112304,,False,typical_b4,4,,,474,benchmark,,,,cpu,torch.float32,,,True,,,,,,,,,,,,,47,2912,,,,,,,2,A,,"[{""split"": ""train"", ""index"": 13453, ""id"": ""mp-aaaciuwb"", ""reason"": ""pairs_quantile_0.5"", ""n_atoms"": 5, ""n_edges"": 276, ""max_degree"": 59, ""potential_angle_pairs"": 7509}, {""split"": ""valid"", ""index"": 532, ""id"": ""mp-aaaaawnl"", ""reason"": ""pairs_quantile_0.5"", ""n_atoms"": 16, ""n_edges"": 496, ""max_degree"": 34, ""potential_angle_pairs"": 7454}, {""split"": ""train"", ""index"": 6712, ""id"": ""mp-aaaabqpu"", ""reason"": ""pairs_quantile_0.9"", ""n_atoms"": 21, ""n_edges"": 1446, ""max_degree"": 74, ""potential_angle_pairs"": 49470}, {""split"": ""valid"", ""index"": 1674, ""id"": ""mp-aaacixnk"", ""reason"": ""pairs_quantile_0.9"", ""n_atoms"": 5, ""n_edges"": 694, ""max_degree"": 147, ""potential_angle_pairs"": 47871}]",0.8071867651306093,,pass,,
True,,112304,,True,typical_b4,4,,,475,benchmark,,,,cpu,torch.float32,,,True,,,,,,,,,,,,,47,2912,,,,,,,0,A,,"[{""split"": ""train"", ""index"": 13453, ""id"": ""mp-aaaciuwb"", ""reason"": ""pairs_quantile_0.5"", ""n_atoms"": 5, ""n_edges"": 276, ""max_degree"": 59, ""potential_angle_pairs"": 7509}, {""split"": ""valid"", ""index"": 532, ""id"": ""mp-aaaaawnl"", ""reason"": ""pairs_quantile_0.5"", ""n_atoms"": 16, ""n_edges"": 496, ""max_degree"": 34, ""potential_angle_pairs"": 7454}, {""split"": ""train"", ""index"": 6712, ""id"": ""mp-aaaabqpu"", ""reason"": ""pairs_quantile_0.9"", ""n_atoms"": 21, ""n_edges"": 1446, ""max_degree"": 74, ""potential_angle_pairs"": 49470}, {""split"": ""valid"", ""index"": 1674, ""id"": ""mp-aaacixnk"", ""reason"": ""pairs_quantile_0.9"", ""n_atoms"": 5, ""n_edges"": 694, ""max_degree"": 147, ""potential_angle_pairs"": 47871}]",5.575001423014328,,pass,,
True,,112304,,True,typical_b4,4,,,476,benchmark,,,,cpu,torch.float32,,,True,,,,,,,,,,,,,47,2912,,,,,,,1,A,,"[{""split"": ""train"", ""index"": 13453, ""id"": ""mp-aaaciuwb"", ""reason"": ""pairs_quantile_0.5"", ""n_atoms"": 5, ""n_edges"": 276, ""max_degree"": 59, ""potential_angle_pairs"": 7509}, {""split"": ""valid"", ""index"": 532, ""id"": ""mp-aaaaawnl"", ""reason"": ""pairs_quantile_0.5"", ""n_atoms"": 16, ""n_edges"": 496, ""max_degree"": 34, ""potential_angle_pairs"": 7454}, {""split"": ""train"", ""index"": 6712, ""id"": ""mp-aaaabqpu"", ""reason"": ""pairs_quantile_0.9"", ""n_atoms"": 21, ""n_edges"": 1446, ""max_degree"": 74, ""potential_angle_pairs"": 49470}, {""split"": ""valid"", ""index"": 1674, ""id"": ""mp-aaacixnk"", ""reason"": ""pairs_quantile_0.9"", ""n_atoms"": 5, ""n_edges"": 694, ""max_degree"": 147, ""potential_angle_pairs"": 47871}]",5.4975984720513225,,pass,,
True,,112304,,True,typical_b4,4,,,477,benchmark,,,,cpu,torch.float32,,,True,,,,,,,,,,,,,47,2912,,,,,,,2,A,,"[{""split"": ""train"", ""index"": 13453, ""id"": ""mp-aaaciuwb"", ""reason"": ""pairs_quantile_0.5"", ""n_atoms"": 5, ""n_edges"": 276, ""max_degree"": 59, ""potential_angle_pairs"": 7509}, {""split"": ""valid"", ""index"": 532, ""id"": ""mp-aaaaawnl"", ""reason"": ""pairs_quantile_0.5"", ""n_atoms"": 16, ""n_edges"": 496, ""max_degree"": 34, ""potential_angle_pairs"": 7454}, {""split"": ""train"", ""index"": 6712, ""id"": ""mp-aaaabqpu"", ""reason"": ""pairs_quantile_0.9"", ""n_atoms"": 21, ""n_edges"": 1446, ""max_degree"": 74, ""potential_angle_pairs"": 49470}, {""split"": ""valid"", ""index"": 1674, ""id"": ""mp-aaacixnk"", ""reason"": ""pairs_quantile_0.9"", ""n_atoms"": 5, ""n_edges"": 694, ""max_degree"": 147, ""potential_angle_pairs"": 47871}]",5.4967449051328,,pass,,
True,,112304,,False,typical_b4,4,,,478,benchmark,,,,cpu,torch.float32,,,True,,,,,,,,,,,,,47,2912,,,,,,,0,B+,,"[{""split"": ""train"", ""index"": 13453, ""id"": ""mp-aaaciuwb"", ""reason"": ""pairs_quantile_0.5"", ""n_atoms"": 5, ""n_edges"": 276, ""max_degree"": 59, ""potential_angle_pairs"": 7509}, {""split"": ""valid"", ""index"": 532, ""id"": ""mp-aaaaawnl"", ""reason"": ""pairs_quantile_0.5"", ""n_atoms"": 16, ""n_edges"": 496, ""max_degree"": 34, ""potential_angle_pairs"": 7454}, {""split"": ""train"", ""index"": 6712, ""id"": ""mp-aaaabqpu"", ""reason"": ""pairs_quantile_0.9"", ""n_atoms"": 21, ""n_edges"": 1446, ""max_degree"": 74, ""potential_angle_pairs"": 49470}, {""split"": ""valid"", ""index"": 1674, ""id"": ""mp-aaacixnk"", ""reason"": ""pairs_quantile_0.9"", ""n_atoms"": 5, ""n_edges"": 694, ""max_degree"": 147, ""potential_angle_pairs"": 47871}]",0.032305455999448895,,pass,,
True,,112304,,False,typical_b4,4,,,479,benchmark,,,,cpu,torch.float32,,,True,,,,,,,,,,,,,47,2912,,,,,,,1,B+,,"[{""split"": ""train"", ""index"": 13453, ""id"": ""mp-aaaciuwb"", ""reason"": ""pairs_quantile_0.5"", ""n_atoms"": 5, ""n_edges"": 276, ""max_degree"": 59, ""potential_angle_pairs"": 7509}, {""split"": ""valid"", ""index"": 532, ""id"": ""mp-aaaaawnl"", ""reason"": ""pairs_quantile_0.5"", ""n_atoms"": 16, ""n_edges"": 496, ""max_degree"": 34, ""potential_angle_pairs"": 7454}, {""split"": ""train"", ""index"": 6712, ""id"": ""mp-aaaabqpu"", ""reason"": ""pairs_quantile_0.9"", ""n_atoms"": 21, ""n_edges"": 1446, ""max_degree"": 74, ""potential_angle_pairs"": 49470}, {""split"": ""valid"", ""index"": 1674, ""id"": ""mp-aaacixnk"", ""reason"": ""pairs_quantile_0.9"", ""n_atoms"": 5, ""n_edges"": 694, ""max_degree"": 147, ""potential_angle_pairs"": 47871}]",0.032603512052446604,,pass,,
True,,112304,,False,typical_b4,4,,,480,benchmark,,,,cpu,torch.float32,,,True,,,,,,,,,,,,,47,2912,,,,,,,2,B+,,"[{""split"": ""train"", ""index"": 13453, ""id"": ""mp-aaaciuwb"", ""reason"": ""pairs_quantile_0.5"", ""n_atoms"": 5, ""n_edges"": 276, ""max_degree"": 59, ""potential_angle_pairs"": 7509}, {""split"": ""valid"", ""index"": 532, ""id"": ""mp-aaaaawnl"", ""reason"": ""pairs_quantile_0.5"", ""n_atoms"": 16, ""n_edges"": 496, ""max_degree"": 34, ""potential_angle_pairs"": 7454}, {""split"": ""train"", ""index"": 6712, ""id"": ""mp-aaaabqpu"", ""reason"": ""pairs_quantile_0.9"", ""n_atoms"": 21, ""n_edges"": 1446, ""max_degree"": 74, ""potential_angle_pairs"": 49470}, {""split"": ""valid"", ""index"": 1674, ""id"": ""mp-aaacixnk"", ""reason"": ""pairs_quantile_0.9"", ""n_atoms"": 5, ""n_edges"": 694, ""max_degree"": 147, ""potential_angle_pairs"": 47871}]",0.03314809198491275,,pass,,
True,,112304,,True,typical_b4,4,,,481,benchmark,,,,cpu,torch.float32,,,True,,,,,,,,,,,,,47,2912,,,,,,,0,B+,,"[{""split"": ""train"", ""index"": 13453, ""id"": ""mp-aaaciuwb"", ""reason"": ""pairs_quantile_0.5"", ""n_atoms"": 5, ""n_edges"": 276, ""max_degree"": 59, ""potential_angle_pairs"": 7509}, {""split"": ""valid"", ""index"": 532, ""id"": ""mp-aaaaawnl"", ""reason"": ""pairs_quantile_0.5"", ""n_atoms"": 16, ""n_edges"": 496, ""max_degree"": 34, ""potential_angle_pairs"": 7454}, {""split"": ""train"", ""index"": 6712, ""id"": ""mp-aaaabqpu"", ""reason"": ""pairs_quantile_0.9"", ""n_atoms"": 21, ""n_edges"": 1446, ""max_degree"": 74, ""potential_angle_pairs"": 49470}, {""split"": ""valid"", ""index"": 1674, ""id"": ""mp-aaacixnk"", ""reason"": ""pairs_quantile_0.9"", ""n_atoms"": 5, ""n_edges"": 694, ""max_degree"": 147, ""potential_angle_pairs"": 47871}]",0.09491626708768308,,pass,,
True,,112304,,True,typical_b4,4,,,482,benchmark,,,,cpu,torch.float32,,,True,,,,,,,,,,,,,47,2912,,,,,,,1,B+,,"[{""split"": ""train"", ""index"": 13453, ""id"": ""mp-aaaciuwb"", ""reason"": ""pairs_quantile_0.5"", ""n_atoms"": 5, ""n_edges"": 276, ""max_degree"": 59, ""potential_angle_pairs"": 7509}, {""split"": ""valid"", ""index"": 532, ""id"": ""mp-aaaaawnl"", ""reason"": ""pairs_quantile_0.5"", ""n_atoms"": 16, ""n_edges"": 496, ""max_degree"": 34, ""potential_angle_pairs"": 7454}, {""split"": ""train"", ""index"": 6712, ""id"": ""mp-aaaabqpu"", ""reason"": ""pairs_quantile_0.9"", ""n_atoms"": 21, ""n_edges"": 1446, ""max_degree"": 74, ""potential_angle_pairs"": 49470}, {""split"": ""valid"", ""index"": 1674, ""id"": ""mp-aaacixnk"", ""reason"": ""pairs_quantile_0.9"", ""n_atoms"": 5, ""n_edges"": 694, ""max_degree"": 147, ""potential_angle_pairs"": 47871}]",0.09528241399675608,,pass,,
True,,112304,,True,typical_b4,4,,,483,benchmark,,,,cpu,torch.float32,,,True,,,,,,,,,,,,,47,2912,,,,,,,2,B+,,"[{""split"": ""train"", ""index"": 13453, ""id"": ""mp-aaaciuwb"", ""reason"": ""pairs_quantile_0.5"", ""n_atoms"": 5, ""n_edges"": 276, ""max_degree"": 59, ""potential_angle_pairs"": 7509}, {""split"": ""valid"", ""index"": 532, ""id"": ""mp-aaaaawnl"", ""reason"": ""pairs_quantile_0.5"", ""n_atoms"": 16, ""n_edges"": 496, ""max_degree"": 34, ""potential_angle_pairs"": 7454}, {""split"": ""train"", ""index"": 6712, ""id"": ""mp-aaaabqpu"", ""reason"": ""pairs_quantile_0.9"", ""n_atoms"": 21, ""n_edges"": 1446, ""max_degree"": 74, ""potential_angle_pairs"": 49470}, {""split"": ""valid"", ""index"": 1674, ""id"": ""mp-aaacixnk"", ""reason"": ""pairs_quantile_0.9"", ""n_atoms"": 5, ""n_edges"": 694, ""max_degree"": 147, ""potential_angle_pairs"": 47871}]",0.09498229203745723,,pass,,
,,121148,,,typical_b8,8,,,484,batch_preparation,,,0.027493124129250646,,torch.float32,,,,,,,0.001734596909955144,,,,,,,,,57,3240,,,,,,,,,,"[{""split"": ""train"", ""index"": 13453, ""id"": ""mp-aaaciuwb"", ""reason"": ""pairs_quantile_0.5"", ""n_atoms"": 5, ""n_edges"": 276, ""max_degree"": 59, ""potential_angle_pairs"": 7509}, {""split"": ""valid"", ""index"": 532, ""id"": ""mp-aaaaawnl"", ""reason"": ""pairs_quantile_0.5"", ""n_atoms"": 16, ""n_edges"": 496, ""max_degree"": 34, ""potential_angle_pairs"": 7454}, {""split"": ""train"", ""index"": 6712, ""id"": ""mp-aaaabqpu"", ""reason"": ""pairs_quantile_0.9"", ""n_atoms"": 21, ""n_edges"": 1446, ""max_degree"": 74, ""potential_angle_pairs"": 49470}, {""split"": ""valid"", ""index"": 1674, ""id"": ""mp-aaacixnk"", ""reason"": ""pairs_quantile_0.9"", ""n_atoms"": 5, ""n_edges"": 694, ""max_degree"": 147, ""potential_angle_pairs"": 47871}, {""split"": ""train"", ""index"": 17703, ""id"": ""mp-aaacrkql"", ""reason"": ""pairs_quantile_0.1"", ""n_atoms"": 4, ""n_edges"": 104, ""max_degree"": 26, ""potential_angle_pairs"": 1300}, {""split"": ""valid"", ""index"": 1999, ""id"": ""mp-aaacpndw"", ""reason"": ""pairs_quantile_0.1"", ""n_atoms"": 4, ""n_edges"": 104, ""max_degree"": 26, ""potential_angle_pairs"": 1300}, {""split"": ""train"", ""index"": 0, ""id"": ""mp-aaaaaaab"", ""reason"": ""min_atoms"", ""n_atoms"": 1, ""n_edges"": 8, ""max_degree"": 8, ""potential_angle_pairs"": 28}, {""split"": ""valid"", ""index"": 0, ""id"": ""mp-aaaaaaau"", ""reason"": ""min_atoms"", ""n_atoms"": 1, ""n_edges"": 112, ""max_degree"": 112, ""potential_angle_pairs"": 6216}]",,,pass,,
True,,121148,,False,typical_b8,8,,,485,benchmark,,,,cpu,torch.float32,,,True,,,,,,,,,,,,,57,3240,,,,,,,0,A,,"[{""split"": ""train"", ""index"": 13453, ""id"": ""mp-aaaciuwb"", ""reason"": ""pairs_quantile_0.5"", ""n_atoms"": 5, ""n_edges"": 276, ""max_degree"": 59, ""potential_angle_pairs"": 7509}, {""split"": ""valid"", ""index"": 532, ""id"": ""mp-aaaaawnl"", ""reason"": ""pairs_quantile_0.5"", ""n_atoms"": 16, ""n_edges"": 496, ""max_degree"": 34, ""potential_angle_pairs"": 7454}, {""split"": ""train"", ""index"": 6712, ""id"": ""mp-aaaabqpu"", ""reason"": ""pairs_quantile_0.9"", ""n_atoms"": 21, ""n_edges"": 1446, ""max_degree"": 74, ""potential_angle_pairs"": 49470}, {""split"": ""valid"", ""index"": 1674, ""id"": ""mp-aaacixnk"", ""reason"": ""pairs_quantile_0.9"", ""n_atoms"": 5, ""n_edges"": 694, ""max_degree"": 147, ""potential_angle_pairs"": 47871}, {""split"": ""train"", ""index"": 17703, ""id"": ""mp-aaacrkql"", ""reason"": ""pairs_quantile_0.1"", ""n_atoms"": 4, ""n_edges"": 104, ""max_degree"": 26, ""potential_angle_pairs"": 1300}, {""split"": ""valid"", ""index"": 1999, ""id"": ""mp-aaacpndw"", ""reason"": ""pairs_quantile_0.1"", ""n_atoms"": 4, ""n_edges"": 104, ""max_degree"": 26, ""potential_angle_pairs"": 1300}, {""split"": ""train"", ""index"": 0, ""id"": ""mp-aaaaaaab"", ""reason"": ""min_atoms"", ""n_atoms"": 1, ""n_edges"": 8, ""max_degree"": 8, ""potential_angle_pairs"": 28}, {""split"": ""valid"", ""index"": 0, ""id"": ""mp-aaaaaaau"", ""reason"": ""min_atoms"", ""n_atoms"": 1, ""n_edges"": 112, ""max_degree"": 112, ""potential_angle_pairs"": 6216}]",0.7782047390937805,,pass,,
True,,121148,,False,typical_b8,8,,,486,benchmark,,,,cpu,torch.float32,,,True,,,,,,,,,,,,,57,3240,,,,,,,1,A,,"[{""split"": ""train"", ""index"": 13453, ""id"": ""mp-aaaciuwb"", ""reason"": ""pairs_quantile_0.5"", ""n_atoms"": 5, ""n_edges"": 276, ""max_degree"": 59, ""potential_angle_pairs"": 7509}, {""split"": ""valid"", ""index"": 532, ""id"": ""mp-aaaaawnl"", ""reason"": ""pairs_quantile_0.5"", ""n_atoms"": 16, ""n_edges"": 496, ""max_degree"": 34, ""potential_angle_pairs"": 7454}, {""split"": ""train"", ""index"": 6712, ""id"": ""mp-aaaabqpu"", ""reason"": ""pairs_quantile_0.9"", ""n_atoms"": 21, ""n_edges"": 1446, ""max_degree"": 74, ""potential_angle_pairs"": 49470}, {""split"": ""valid"", ""index"": 1674, ""id"": ""mp-aaacixnk"", ""reason"": ""pairs_quantile_0.9"", ""n_atoms"": 5, ""n_edges"": 694, ""max_degree"": 147, ""potential_angle_pairs"": 47871}, {""split"": ""train"", ""index"": 17703, ""id"": ""mp-aaacrkql"", ""reason"": ""pairs_quantile_0.1"", ""n_atoms"": 4, ""n_edges"": 104, ""max_degree"": 26, ""potential_angle_pairs"": 1300}, {""split"": ""valid"", ""index"": 1999, ""id"": ""mp-aaacpndw"", ""reason"": ""pairs_quantile_0.1"", ""n_atoms"": 4, ""n_edges"": 104, ""max_degree"": 26, ""potential_angle_pairs"": 1300}, {""split"": ""train"", ""index"": 0, ""id"": ""mp-aaaaaaab"", ""reason"": ""min_atoms"", ""n_atoms"": 1, ""n_edges"": 8, ""max_degree"": 8, ""potential_angle_pairs"": 28}, {""split"": ""valid"", ""index"": 0, ""id"": ""mp-aaaaaaau"", ""reason"": ""min_atoms"", ""n_atoms"": 1, ""n_edges"": 112, ""max_degree"": 112, ""potential_angle_pairs"": 6216}]",0.8139775381423533,,pass,,
True,,121148,,False,typical_b8,8,,,487,benchmark,,,,cpu,torch.float32,,,True,,,,,,,,,,,,,57,3240,,,,,,,2,A,,"[{""split"": ""train"", ""index"": 13453, ""id"": ""mp-aaaciuwb"", ""reason"": ""pairs_quantile_0.5"", ""n_atoms"": 5, ""n_edges"": 276, ""max_degree"": 59, ""potential_angle_pairs"": 7509}, {""split"": ""valid"", ""index"": 532, ""id"": ""mp-aaaaawnl"", ""reason"": ""pairs_quantile_0.5"", ""n_atoms"": 16, ""n_edges"": 496, ""max_degree"": 34, ""potential_angle_pairs"": 7454}, {""split"": ""train"", ""index"": 6712, ""id"": ""mp-aaaabqpu"", ""reason"": ""pairs_quantile_0.9"", ""n_atoms"": 21, ""n_edges"": 1446, ""max_degree"": 74, ""potential_angle_pairs"": 49470}, {""split"": ""valid"", ""index"": 1674, ""id"": ""mp-aaacixnk"", ""reason"": ""pairs_quantile_0.9"", ""n_atoms"": 5, ""n_edges"": 694, ""max_degree"": 147, ""potential_angle_pairs"": 47871}, {""split"": ""train"", ""index"": 17703, ""id"": ""mp-aaacrkql"", ""reason"": ""pairs_quantile_0.1"", ""n_atoms"": 4, ""n_edges"": 104, ""max_degree"": 26, ""potential_angle_pairs"": 1300}, {""split"": ""valid"", ""index"": 1999, ""id"": ""mp-aaacpndw"", ""reason"": ""pairs_quantile_0.1"", ""n_atoms"": 4, ""n_edges"": 104, ""max_degree"": 26, ""potential_angle_pairs"": 1300}, {""split"": ""train"", ""index"": 0, ""id"": ""mp-aaaaaaab"", ""reason"": ""min_atoms"", ""n_atoms"": 1, ""n_edges"": 8, ""max_degree"": 8, ""potential_angle_pairs"": 28}, {""split"": ""valid"", ""index"": 0, ""id"": ""mp-aaaaaaau"", ""reason"": ""min_atoms"", ""n_atoms"": 1, ""n_edges"": 112, ""max_degree"": 112, ""potential_angle_pairs"": 6216}]",0.8856712281703949,,pass,,
True,,121148,,True,typical_b8,8,,,488,benchmark,,,,cpu,torch.float32,,,True,,,,,,,,,,,,,57,3240,,,,,,,0,A,,"[{""split"": ""train"", ""index"": 13453, ""id"": ""mp-aaaciuwb"", ""reason"": ""pairs_quantile_0.5"", ""n_atoms"": 5, ""n_edges"": 276, ""max_degree"": 59, ""potential_angle_pairs"": 7509}, {""split"": ""valid"", ""index"": 532, ""id"": ""mp-aaaaawnl"", ""reason"": ""pairs_quantile_0.5"", ""n_atoms"": 16, ""n_edges"": 496, ""max_degree"": 34, ""potential_angle_pairs"": 7454}, {""split"": ""train"", ""index"": 6712, ""id"": ""mp-aaaabqpu"", ""reason"": ""pairs_quantile_0.9"", ""n_atoms"": 21, ""n_edges"": 1446, ""max_degree"": 74, ""potential_angle_pairs"": 49470}, {""split"": ""valid"", ""index"": 1674, ""id"": ""mp-aaacixnk"", ""reason"": ""pairs_quantile_0.9"", ""n_atoms"": 5, ""n_edges"": 694, ""max_degree"": 147, ""potential_angle_pairs"": 47871}, {""split"": ""train"", ""index"": 17703, ""id"": ""mp-aaacrkql"", ""reason"": ""pairs_quantile_0.1"", ""n_atoms"": 4, ""n_edges"": 104, ""max_degree"": 26, ""potential_angle_pairs"": 1300}, {""split"": ""valid"", ""index"": 1999, ""id"": ""mp-aaacpndw"", ""reason"": ""pairs_quantile_0.1"", ""n_atoms"": 4, ""n_edges"": 104, ""max_degree"": 26, ""potential_angle_pairs"": 1300}, {""split"": ""train"", ""index"": 0, ""id"": ""mp-aaaaaaab"", ""reason"": ""min_atoms"", ""n_atoms"": 1, ""n_edges"": 8, ""max_degree"": 8, ""potential_angle_pairs"": 28}, {""split"": ""valid"", ""index"": 0, ""id"": ""mp-aaaaaaau"", ""reason"": ""min_atoms"", ""n_atoms"": 1, ""n_edges"": 112, ""max_degree"": 112, ""potential_angle_pairs"": 6216}]",6.0761328369844705,,pass,,
True,,121148,,True,typical_b8,8,,,489,benchmark,,,,cpu,torch.float32,,,True,,,,,,,,,,,,,57,3240,,,,,,,1,A,,"[{""split"": ""train"", ""index"": 13453, ""id"": ""mp-aaaciuwb"", ""reason"": ""pairs_quantile_0.5"", ""n_atoms"": 5, ""n_edges"": 276, ""max_degree"": 59, ""potential_angle_pairs"": 7509}, {""split"": ""valid"", ""index"": 532, ""id"": ""mp-aaaaawnl"", ""reason"": ""pairs_quantile_0.5"", ""n_atoms"": 16, ""n_edges"": 496, ""max_degree"": 34, ""potential_angle_pairs"": 7454}, {""split"": ""train"", ""index"": 6712, ""id"": ""mp-aaaabqpu"", ""reason"": ""pairs_quantile_0.9"", ""n_atoms"": 21, ""n_edges"": 1446, ""max_degree"": 74, ""potential_angle_pairs"": 49470}, {""split"": ""valid"", ""index"": 1674, ""id"": ""mp-aaacixnk"", ""reason"": ""pairs_quantile_0.9"", ""n_atoms"": 5, ""n_edges"": 694, ""max_degree"": 147, ""potential_angle_pairs"": 47871}, {""split"": ""train"", ""index"": 17703, ""id"": ""mp-aaacrkql"", ""reason"": ""pairs_quantile_0.1"", ""n_atoms"": 4, ""n_edges"": 104, ""max_degree"": 26, ""potential_angle_pairs"": 1300}, {""split"": ""valid"", ""index"": 1999, ""id"": ""mp-aaacpndw"", ""reason"": ""pairs_quantile_0.1"", ""n_atoms"": 4, ""n_edges"": 104, ""max_degree"": 26, ""potential_angle_pairs"": 1300}, {""split"": ""train"", ""index"": 0, ""id"": ""mp-aaaaaaab"", ""reason"": ""min_atoms"", ""n_atoms"": 1, ""n_edges"": 8, ""max_degree"": 8, ""potential_angle_pairs"": 28}, {""split"": ""valid"", ""index"": 0, ""id"": ""mp-aaaaaaau"", ""reason"": ""min_atoms"", ""n_atoms"": 1, ""n_edges"": 112, ""max_degree"": 112, ""potential_angle_pairs"": 6216}]",6.103784213075414,,pass,,
True,,121148,,True,typical_b8,8,,,490,benchmark,,,,cpu,torch.float32,,,True,,,,,,,,,,,,,57,3240,,,,,,,2,A,,"[{""split"": ""train"", ""index"": 13453, ""id"": ""mp-aaaciuwb"", ""reason"": ""pairs_quantile_0.5"", ""n_atoms"": 5, ""n_edges"": 276, ""max_degree"": 59, ""potential_angle_pairs"": 7509}, {""split"": ""valid"", ""index"": 532, ""id"": ""mp-aaaaawnl"", ""reason"": ""pairs_quantile_0.5"", ""n_atoms"": 16, ""n_edges"": 496, ""max_degree"": 34, ""potential_angle_pairs"": 7454}, {""split"": ""train"", ""index"": 6712, ""id"": ""mp-aaaabqpu"", ""reason"": ""pairs_quantile_0.9"", ""n_atoms"": 21, ""n_edges"": 1446, ""max_degree"": 74, ""potential_angle_pairs"": 49470}, {""split"": ""valid"", ""index"": 1674, ""id"": ""mp-aaacixnk"", ""reason"": ""pairs_quantile_0.9"", ""n_atoms"": 5, ""n_edges"": 694, ""max_degree"": 147, ""potential_angle_pairs"": 47871}, {""split"": ""train"", ""index"": 17703, ""id"": ""mp-aaacrkql"", ""reason"": ""pairs_quantile_0.1"", ""n_atoms"": 4, ""n_edges"": 104, ""max_degree"": 26, ""potential_angle_pairs"": 1300}, {""split"": ""valid"", ""index"": 1999, ""id"": ""mp-aaacpndw"", ""reason"": ""pairs_quantile_0.1"", ""n_atoms"": 4, ""n_edges"": 104, ""max_degree"": 26, ""potential_angle_pairs"": 1300}, {""split"": ""train"", ""index"": 0, ""id"": ""mp-aaaaaaab"", ""reason"": ""min_atoms"", ""n_atoms"": 1, ""n_edges"": 8, ""max_degree"": 8, ""potential_angle_pairs"": 28}, {""split"": ""valid"", ""index"": 0, ""id"": ""mp-aaaaaaau"", ""reason"": ""min_atoms"", ""n_atoms"": 1, ""n_edges"": 112, ""max_degree"": 112, ""potential_angle_pairs"": 6216}]",6.093334813136607,,pass,,
True,,121148,,False,typical_b8,8,,,491,benchmark,,,,cpu,torch.float32,,,True,,,,,,,,,,,,,57,3240,,,,,,,0,B+,,"[{""split"": ""train"", ""index"": 13453, ""id"": ""mp-aaaciuwb"", ""reason"": ""pairs_quantile_0.5"", ""n_atoms"": 5, ""n_edges"": 276, ""max_degree"": 59, ""potential_angle_pairs"": 7509}, {""split"": ""valid"", ""index"": 532, ""id"": ""mp-aaaaawnl"", ""reason"": ""pairs_quantile_0.5"", ""n_atoms"": 16, ""n_edges"": 496, ""max_degree"": 34, ""potential_angle_pairs"": 7454}, {""split"": ""train"", ""index"": 6712, ""id"": ""mp-aaaabqpu"", ""reason"": ""pairs_quantile_0.9"", ""n_atoms"": 21, ""n_edges"": 1446, ""max_degree"": 74, ""potential_angle_pairs"": 49470}, {""split"": ""valid"", ""index"": 1674, ""id"": ""mp-aaacixnk"", ""reason"": ""pairs_quantile_0.9"", ""n_atoms"": 5, ""n_edges"": 694, ""max_degree"": 147, ""potential_angle_pairs"": 47871}, {""split"": ""train"", ""index"": 17703, ""id"": ""mp-aaacrkql"", ""reason"": ""pairs_quantile_0.1"", ""n_atoms"": 4, ""n_edges"": 104, ""max_degree"": 26, ""potential_angle_pairs"": 1300}, {""split"": ""valid"", ""index"": 1999, ""id"": ""mp-aaacpndw"", ""reason"": ""pairs_quantile_0.1"", ""n_atoms"": 4, ""n_edges"": 104, ""max_degree"": 26, ""potential_angle_pairs"": 1300}, {""split"": ""train"", ""index"": 0, ""id"": ""mp-aaaaaaab"", ""reason"": ""min_atoms"", ""n_atoms"": 1, ""n_edges"": 8, ""max_degree"": 8, ""potential_angle_pairs"": 28}, {""split"": ""valid"", ""index"": 0, ""id"": ""mp-aaaaaaau"", ""reason"": ""min_atoms"", ""n_atoms"": 1, ""n_edges"": 112, ""max_degree"": 112, ""potential_angle_pairs"": 6216}]",0.04196382290683687,,pass,,
True,,121148,,False,typical_b8,8,,,492,benchmark,,,,cpu,torch.float32,,,True,,,,,,,,,,,,,57,3240,,,,,,,1,B+,,"[{""split"": ""train"", ""index"": 13453, ""id"": ""mp-aaaciuwb"", ""reason"": ""pairs_quantile_0.5"", ""n_atoms"": 5, ""n_edges"": 276, ""max_degree"": 59, ""potential_angle_pairs"": 7509}, {""split"": ""valid"", ""index"": 532, ""id"": ""mp-aaaaawnl"", ""reason"": ""pairs_quantile_0.5"", ""n_atoms"": 16, ""n_edges"": 496, ""max_degree"": 34, ""potential_angle_pairs"": 7454}, {""split"": ""train"", ""index"": 6712, ""id"": ""mp-aaaabqpu"", ""reason"": ""pairs_quantile_0.9"", ""n_atoms"": 21, ""n_edges"": 1446, ""max_degree"": 74, ""potential_angle_pairs"": 49470}, {""split"": ""valid"", ""index"": 1674, ""id"": ""mp-aaacixnk"", ""reason"": ""pairs_quantile_0.9"", ""n_atoms"": 5, ""n_edges"": 694, ""max_degree"": 147, ""potential_angle_pairs"": 47871}, {""split"": ""train"", ""index"": 17703, ""id"": ""mp-aaacrkql"", ""reason"": ""pairs_quantile_0.1"", ""n_atoms"": 4, ""n_edges"": 104, ""max_degree"": 26, ""potential_angle_pairs"": 1300}, {""split"": ""valid"", ""index"": 1999, ""id"": ""mp-aaacpndw"", ""reason"": ""pairs_quantile_0.1"", ""n_atoms"": 4, ""n_edges"": 104, ""max_degree"": 26, ""potential_angle_pairs"": 1300}, {""split"": ""train"", ""index"": 0, ""id"": ""mp-aaaaaaab"", ""reason"": ""min_atoms"", ""n_atoms"": 1, ""n_edges"": 8, ""max_degree"": 8, ""potential_angle_pairs"": 28}, {""split"": ""valid"", ""index"": 0, ""id"": ""mp-aaaaaaau"", ""reason"": ""min_atoms"", ""n_atoms"": 1, ""n_edges"": 112, ""max_degree"": 112, ""potential_angle_pairs"": 6216}]",0.04231648799031973,,pass,,
True,,121148,,False,typical_b8,8,,,493,benchmark,,,,cpu,torch.float32,,,True,,,,,,,,,,,,,57,3240,,,,,,,2,B+,,"[{""split"": ""train"", ""index"": 13453, ""id"": ""mp-aaaciuwb"", ""reason"": ""pairs_quantile_0.5"", ""n_atoms"": 5, ""n_edges"": 276, ""max_degree"": 59, ""potential_angle_pairs"": 7509}, {""split"": ""valid"", ""index"": 532, ""id"": ""mp-aaaaawnl"", ""reason"": ""pairs_quantile_0.5"", ""n_atoms"": 16, ""n_edges"": 496, ""max_degree"": 34, ""potential_angle_pairs"": 7454}, {""split"": ""train"", ""index"": 6712, ""id"": ""mp-aaaabqpu"", ""reason"": ""pairs_quantile_0.9"", ""n_atoms"": 21, ""n_edges"": 1446, ""max_degree"": 74, ""potential_angle_pairs"": 49470}, {""split"": ""valid"", ""index"": 1674, ""id"": ""mp-aaacixnk"", ""reason"": ""pairs_quantile_0.9"", ""n_atoms"": 5, ""n_edges"": 694, ""max_degree"": 147, ""potential_angle_pairs"": 47871}, {""split"": ""train"", ""index"": 17703, ""id"": ""mp-aaacrkql"", ""reason"": ""pairs_quantile_0.1"", ""n_atoms"": 4, ""n_edges"": 104, ""max_degree"": 26, ""potential_angle_pairs"": 1300}, {""split"": ""valid"", ""index"": 1999, ""id"": ""mp-aaacpndw"", ""reason"": ""pairs_quantile_0.1"", ""n_atoms"": 4, ""n_edges"": 104, ""max_degree"": 26, ""potential_angle_pairs"": 1300}, {""split"": ""train"", ""index"": 0, ""id"": ""mp-aaaaaaab"", ""reason"": ""min_atoms"", ""n_atoms"": 1, ""n_edges"": 8, ""max_degree"": 8, ""potential_angle_pairs"": 28}, {""split"": ""valid"", ""index"": 0, ""id"": ""mp-aaaaaaau"", ""reason"": ""min_atoms"", ""n_atoms"": 1, ""n_edges"": 112, ""max_degree"": 112, ""potential_angle_pairs"": 6216}]",0.043659033020958304,,pass,,
True,,121148,,True,typical_b8,8,,,494,benchmark,,,,cpu,torch.float32,,,True,,,,,,,,,,,,,57,3240,,,,,,,0,B+,,"[{""split"": ""train"", ""index"": 13453, ""id"": ""mp-aaaciuwb"", ""reason"": ""pairs_quantile_0.5"", ""n_atoms"": 5, ""n_edges"": 276, ""max_degree"": 59, ""potential_angle_pairs"": 7509}, {""split"": ""valid"", ""index"": 532, ""id"": ""mp-aaaaawnl"", ""reason"": ""pairs_quantile_0.5"", ""n_atoms"": 16, ""n_edges"": 496, ""max_degree"": 34, ""potential_angle_pairs"": 7454}, {""split"": ""train"", ""index"": 6712, ""id"": ""mp-aaaabqpu"", ""reason"": ""pairs_quantile_0.9"", ""n_atoms"": 21, ""n_edges"": 1446, ""max_degree"": 74, ""potential_angle_pairs"": 49470}, {""split"": ""valid"", ""index"": 1674, ""id"": ""mp-aaacixnk"", ""reason"": ""pairs_quantile_0.9"", ""n_atoms"": 5, ""n_edges"": 694, ""max_degree"": 147, ""potential_angle_pairs"": 47871}, {""split"": ""train"", ""index"": 17703, ""id"": ""mp-aaacrkql"", ""reason"": ""pairs_quantile_0.1"", ""n_atoms"": 4, ""n_edges"": 104, ""max_degree"": 26, ""potential_angle_pairs"": 1300}, {""split"": ""valid"", ""index"": 1999, ""id"": ""mp-aaacpndw"", ""reason"": ""pairs_quantile_0.1"", ""n_atoms"": 4, ""n_edges"": 104, ""max_degree"": 26, ""potential_angle_pairs"": 1300}, {""split"": ""train"", ""index"": 0, ""id"": ""mp-aaaaaaab"", ""reason"": ""min_atoms"", ""n_atoms"": 1, ""n_edges"": 8, ""max_degree"": 8, ""potential_angle_pairs"": 28}, {""split"": ""valid"", ""index"": 0, ""id"": ""mp-aaaaaaau"", ""reason"": ""min_atoms"", ""n_atoms"": 1, ""n_edges"": 112, ""max_degree"": 112, ""potential_angle_pairs"": 6216}]",0.12987328204326332,,pass,,
True,,121148,,True,typical_b8,8,,,495,benchmark,,,,cpu,torch.float32,,,True,,,,,,,,,,,,,57,3240,,,,,,,1,B+,,"[{""split"": ""train"", ""index"": 13453, ""id"": ""mp-aaaciuwb"", ""reason"": ""pairs_quantile_0.5"", ""n_atoms"": 5, ""n_edges"": 276, ""max_degree"": 59, ""potential_angle_pairs"": 7509}, {""split"": ""valid"", ""index"": 532, ""id"": ""mp-aaaaawnl"", ""reason"": ""pairs_quantile_0.5"", ""n_atoms"": 16, ""n_edges"": 496, ""max_degree"": 34, ""potential_angle_pairs"": 7454}, {""split"": ""train"", ""index"": 6712, ""id"": ""mp-aaaabqpu"", ""reason"": ""pairs_quantile_0.9"", ""n_atoms"": 21, ""n_edges"": 1446, ""max_degree"": 74, ""potential_angle_pairs"": 49470}, {""split"": ""valid"", ""index"": 1674, ""id"": ""mp-aaacixnk"", ""reason"": ""pairs_quantile_0.9"", ""n_atoms"": 5, ""n_edges"": 694, ""max_degree"": 147, ""potential_angle_pairs"": 47871}, {""split"": ""train"", ""index"": 17703, ""id"": ""mp-aaacrkql"", ""reason"": ""pairs_quantile_0.1"", ""n_atoms"": 4, ""n_edges"": 104, ""max_degree"": 26, ""potential_angle_pairs"": 1300}, {""split"": ""valid"", ""index"": 1999, ""id"": ""mp-aaacpndw"", ""reason"": ""pairs_quantile_0.1"", ""n_atoms"": 4, ""n_edges"": 104, ""max_degree"": 26, ""potential_angle_pairs"": 1300}, {""split"": ""train"", ""index"": 0, ""id"": ""mp-aaaaaaab"", ""reason"": ""min_atoms"", ""n_atoms"": 1, ""n_edges"": 8, ""max_degree"": 8, ""potential_angle_pairs"": 28}, {""split"": ""valid"", ""index"": 0, ""id"": ""mp-aaaaaaau"", ""reason"": ""min_atoms"", ""n_atoms"": 1, ""n_edges"": 112, ""max_degree"": 112, ""potential_angle_pairs"": 6216}]",0.12524091196246445,,pass,,
True,,121148,,True,typical_b8,8,,,496,benchmark,,,,cpu,torch.float32,,,True,,,,,,,,,,,,,57,3240,,,,,,,2,B+,,"[{""split"": ""train"", ""index"": 13453, ""id"": ""mp-aaaciuwb"", ""reason"": ""pairs_quantile_0.5"", ""n_atoms"": 5, ""n_edges"": 276, ""max_degree"": 59, ""potential_angle_pairs"": 7509}, {""split"": ""valid"", ""index"": 532, ""id"": ""mp-aaaaawnl"", ""reason"": ""pairs_quantile_0.5"", ""n_atoms"": 16, ""n_edges"": 496, ""max_degree"": 34, ""potential_angle_pairs"": 7454}, {""split"": ""train"", ""index"": 6712, ""id"": ""mp-aaaabqpu"", ""reason"": ""pairs_quantile_0.9"", ""n_atoms"": 21, ""n_edges"": 1446, ""max_degree"": 74, ""potential_angle_pairs"": 49470}, {""split"": ""valid"", ""index"": 1674, ""id"": ""mp-aaacixnk"", ""reason"": ""pairs_quantile_0.9"", ""n_atoms"": 5, ""n_edges"": 694, ""max_degree"": 147, ""potential_angle_pairs"": 47871}, {""split"": ""train"", ""index"": 17703, ""id"": ""mp-aaacrkql"", ""reason"": ""pairs_quantile_0.1"", ""n_atoms"": 4, ""n_edges"": 104, ""max_degree"": 26, ""potential_angle_pairs"": 1300}, {""split"": ""valid"", ""index"": 1999, ""id"": ""mp-aaacpndw"", ""reason"": ""pairs_quantile_0.1"", ""n_atoms"": 4, ""n_edges"": 104, ""max_degree"": 26, ""potential_angle_pairs"": 1300}, {""split"": ""train"", ""index"": 0, ""id"": ""mp-aaaaaaab"", ""reason"": ""min_atoms"", ""n_atoms"": 1, ""n_edges"": 8, ""max_degree"": 8, ""potential_angle_pairs"": 28}, {""split"": ""valid"", ""index"": 0, ""id"": ""mp-aaaaaaau"", ""reason"": ""min_atoms"", ""n_atoms"": 1, ""n_edges"": 112, ""max_degree"": 112, ""potential_angle_pairs"": 6216}]",0.12391650793142617,,pass,,
True,,121148,,False,typical_b8,8,,,497,benchmark,,,,cuda,torch.float32,,,True,,,,,,,,,,,,,57,3240,,,,39.49169921875,80.0,,0,A,,"[{""split"": ""train"", ""index"": 13453, ""id"": ""mp-aaaciuwb"", ""reason"": ""pairs_quantile_0.5"", ""n_atoms"": 5, ""n_edges"": 276, ""max_degree"": 59, ""potential_angle_pairs"": 7509}, {""split"": ""valid"", ""index"": 532, ""id"": ""mp-aaaaawnl"", ""reason"": ""pairs_quantile_0.5"", ""n_atoms"": 16, ""n_edges"": 496, ""max_degree"": 34, ""potential_angle_pairs"": 7454}, {""split"": ""train"", ""index"": 6712, ""id"": ""mp-aaaabqpu"", ""reason"": ""pairs_quantile_0.9"", ""n_atoms"": 21, ""n_edges"": 1446, ""max_degree"": 74, ""potential_angle_pairs"": 49470}, {""split"": ""valid"", ""index"": 1674, ""id"": ""mp-aaacixnk"", ""reason"": ""pairs_quantile_0.9"", ""n_atoms"": 5, ""n_edges"": 694, ""max_degree"": 147, ""potential_angle_pairs"": 47871}, {""split"": ""train"", ""index"": 17703, ""id"": ""mp-aaacrkql"", ""reason"": ""pairs_quantile_0.1"", ""n_atoms"": 4, ""n_edges"": 104, ""max_degree"": 26, ""potential_angle_pairs"": 1300}, {""split"": ""valid"", ""index"": 1999, ""id"": ""mp-aaacpndw"", ""reason"": ""pairs_quantile_0.1"", ""n_atoms"": 4, ""n_edges"": 104, ""max_degree"": 26, ""potential_angle_pairs"": 1300}, {""split"": ""train"", ""index"": 0, ""id"": ""mp-aaaaaaab"", ""reason"": ""min_atoms"", ""n_atoms"": 1, ""n_edges"": 8, ""max_degree"": 8, ""potential_angle_pairs"": 28}, {""split"": ""valid"", ""index"": 0, ""id"": ""mp-aaaaaaau"", ""reason"": ""min_atoms"", ""n_atoms"": 1, ""n_edges"": 112, ""max_degree"": 112, ""potential_angle_pairs"": 6216}]",0.10035609710030258,,pass,,
True,,121148,,False,typical_b8,8,,,498,benchmark,,,,cuda,torch.float32,,,True,,,,,,,,,,,,,57,3240,,,,39.49169921875,80.0,,1,A,,"[{""split"": ""train"", ""index"": 13453, ""id"": ""mp-aaaciuwb"", ""reason"": ""pairs_quantile_0.5"", ""n_atoms"": 5, ""n_edges"": 276, ""max_degree"": 59, ""potential_angle_pairs"": 7509}, {""split"": ""valid"", ""index"": 532, ""id"": ""mp-aaaaawnl"", ""reason"": ""pairs_quantile_0.5"", ""n_atoms"": 16, ""n_edges"": 496, ""max_degree"": 34, ""potential_angle_pairs"": 7454}, {""split"": ""train"", ""index"": 6712, ""id"": ""mp-aaaabqpu"", ""reason"": ""pairs_quantile_0.9"", ""n_atoms"": 21, ""n_edges"": 1446, ""max_degree"": 74, ""potential_angle_pairs"": 49470}, {""split"": ""valid"", ""index"": 1674, ""id"": ""mp-aaacixnk"", ""reason"": ""pairs_quantile_0.9"", ""n_atoms"": 5, ""n_edges"": 694, ""max_degree"": 147, ""potential_angle_pairs"": 47871}, {""split"": ""train"", ""index"": 17703, ""id"": ""mp-aaacrkql"", ""reason"": ""pairs_quantile_0.1"", ""n_atoms"": 4, ""n_edges"": 104, ""max_degree"": 26, ""potential_angle_pairs"": 1300}, {""split"": ""valid"", ""index"": 1999, ""id"": ""mp-aaacpndw"", ""reason"": ""pairs_quantile_0.1"", ""n_atoms"": 4, ""n_edges"": 104, ""max_degree"": 26, ""potential_angle_pairs"": 1300}, {""split"": ""train"", ""index"": 0, ""id"": ""mp-aaaaaaab"", ""reason"": ""min_atoms"", ""n_atoms"": 1, ""n_edges"": 8, ""max_degree"": 8, ""potential_angle_pairs"": 28}, {""split"": ""valid"", ""index"": 0, ""id"": ""mp-aaaaaaau"", ""reason"": ""min_atoms"", ""n_atoms"": 1, ""n_edges"": 112, ""max_degree"": 112, ""potential_angle_pairs"": 6216}]",0.10298697417601943,,pass,,
True,,121148,,False,typical_b8,8,,,499,benchmark,,,,cuda,torch.float32,,,True,,,,,,,,,,,,,57,3240,,,,39.49169921875,80.0,,2,A,,"[{""split"": ""train"", ""index"": 13453, ""id"": ""mp-aaaciuwb"", ""reason"": ""pairs_quantile_0.5"", ""n_atoms"": 5, ""n_edges"": 276, ""max_degree"": 59, ""potential_angle_pairs"": 7509}, {""split"": ""valid"", ""index"": 532, ""id"": ""mp-aaaaawnl"", ""reason"": ""pairs_quantile_0.5"", ""n_atoms"": 16, ""n_edges"": 496, ""max_degree"": 34, ""potential_angle_pairs"": 7454}, {""split"": ""train"", ""index"": 6712, ""id"": ""mp-aaaabqpu"", ""reason"": ""pairs_quantile_0.9"", ""n_atoms"": 21, ""n_edges"": 1446, ""max_degree"": 74, ""potential_angle_pairs"": 49470}, {""split"": ""valid"", ""index"": 1674, ""id"": ""mp-aaacixnk"", ""reason"": ""pairs_quantile_0.9"", ""n_atoms"": 5, ""n_edges"": 694, ""max_degree"": 147, ""potential_angle_pairs"": 47871}, {""split"": ""train"", ""index"": 17703, ""id"": ""mp-aaacrkql"", ""reason"": ""pairs_quantile_0.1"", ""n_atoms"": 4, ""n_edges"": 104, ""max_degree"": 26, ""potential_angle_pairs"": 1300}, {""split"": ""valid"", ""index"": 1999, ""id"": ""mp-aaacpndw"", ""reason"": ""pairs_quantile_0.1"", ""n_atoms"": 4, ""n_edges"": 104, ""max_degree"": 26, ""potential_angle_pairs"": 1300}, {""split"": ""train"", ""index"": 0, ""id"": ""mp-aaaaaaab"", ""reason"": ""min_atoms"", ""n_atoms"": 1, ""n_edges"": 8, ""max_degree"": 8, ""potential_angle_pairs"": 28}, {""split"": ""valid"", ""index"": 0, ""id"": ""mp-aaaaaaau"", ""reason"": ""min_atoms"", ""n_atoms"": 1, ""n_edges"": 112, ""max_degree"": 112, ""potential_angle_pairs"": 6216}]",0.10006867814809084,,pass,,
True,,121148,,True,typical_b8,8,,,500,benchmark,,,,cuda,torch.float32,,,True,,,,,,,,,,,,,57,3240,,,,63.23291015625,80.0,,0,A,,"[{""split"": ""train"", ""index"": 13453, ""id"": ""mp-aaaciuwb"", ""reason"": ""pairs_quantile_0.5"", ""n_atoms"": 5, ""n_edges"": 276, ""max_degree"": 59, ""potential_angle_pairs"": 7509}, {""split"": ""valid"", ""index"": 532, ""id"": ""mp-aaaaawnl"", ""reason"": ""pairs_quantile_0.5"", ""n_atoms"": 16, ""n_edges"": 496, ""max_degree"": 34, ""potential_angle_pairs"": 7454}, {""split"": ""train"", ""index"": 6712, ""id"": ""mp-aaaabqpu"", ""reason"": ""pairs_quantile_0.9"", ""n_atoms"": 21, ""n_edges"": 1446, ""max_degree"": 74, ""potential_angle_pairs"": 49470}, {""split"": ""valid"", ""index"": 1674, ""id"": ""mp-aaacixnk"", ""reason"": ""pairs_quantile_0.9"", ""n_atoms"": 5, ""n_edges"": 694, ""max_degree"": 147, ""potential_angle_pairs"": 47871}, {""split"": ""train"", ""index"": 17703, ""id"": ""mp-aaacrkql"", ""reason"": ""pairs_quantile_0.1"", ""n_atoms"": 4, ""n_edges"": 104, ""max_degree"": 26, ""potential_angle_pairs"": 1300}, {""split"": ""valid"", ""index"": 1999, ""id"": ""mp-aaacpndw"", ""reason"": ""pairs_quantile_0.1"", ""n_atoms"": 4, ""n_edges"": 104, ""max_degree"": 26, ""potential_angle_pairs"": 1300}, {""split"": ""train"", ""index"": 0, ""id"": ""mp-aaaaaaab"", ""reason"": ""min_atoms"", ""n_atoms"": 1, ""n_edges"": 8, ""max_degree"": 8, ""potential_angle_pairs"": 28}, {""split"": ""valid"", ""index"": 0, ""id"": ""mp-aaaaaaau"", ""reason"": ""min_atoms"", ""n_atoms"": 1, ""n_edges"": 112, ""max_degree"": 112, ""potential_angle_pairs"": 6216}]",0.5369297100696713,,pass,,
True,,121148,,True,typical_b8,8,,,501,benchmark,,,,cuda,torch.float32,,,True,,,,,,,,,,,,,57,3240,,,,63.23291015625,80.0,,1,A,,"[{""split"": ""train"", ""index"": 13453, ""id"": ""mp-aaaciuwb"", ""reason"": ""pairs_quantile_0.5"", ""n_atoms"": 5, ""n_edges"": 276, ""max_degree"": 59, ""potential_angle_pairs"": 7509}, {""split"": ""valid"", ""index"": 532, ""id"": ""mp-aaaaawnl"", ""reason"": ""pairs_quantile_0.5"", ""n_atoms"": 16, ""n_edges"": 496, ""max_degree"": 34, ""potential_angle_pairs"": 7454}, {""split"": ""train"", ""index"": 6712, ""id"": ""mp-aaaabqpu"", ""reason"": ""pairs_quantile_0.9"", ""n_atoms"": 21, ""n_edges"": 1446, ""max_degree"": 74, ""potential_angle_pairs"": 49470}, {""split"": ""valid"", ""index"": 1674, ""id"": ""mp-aaacixnk"", ""reason"": ""pairs_quantile_0.9"", ""n_atoms"": 5, ""n_edges"": 694, ""max_degree"": 147, ""potential_angle_pairs"": 47871}, {""split"": ""train"", ""index"": 17703, ""id"": ""mp-aaacrkql"", ""reason"": ""pairs_quantile_0.1"", ""n_atoms"": 4, ""n_edges"": 104, ""max_degree"": 26, ""potential_angle_pairs"": 1300}, {""split"": ""valid"", ""index"": 1999, ""id"": ""mp-aaacpndw"", ""reason"": ""pairs_quantile_0.1"", ""n_atoms"": 4, ""n_edges"": 104, ""max_degree"": 26, ""potential_angle_pairs"": 1300}, {""split"": ""train"", ""index"": 0, ""id"": ""mp-aaaaaaab"", ""reason"": ""min_atoms"", ""n_atoms"": 1, ""n_edges"": 8, ""max_degree"": 8, ""potential_angle_pairs"": 28}, {""split"": ""valid"", ""index"": 0, ""id"": ""mp-aaaaaaau"", ""reason"": ""min_atoms"", ""n_atoms"": 1, ""n_edges"": 112, ""max_degree"": 112, ""potential_angle_pairs"": 6216}]",0.4660682918038219,,pass,,
True,,121148,,True,typical_b8,8,,,502,benchmark,,,,cuda,torch.float32,,,True,,,,,,,,,,,,,57,3240,,,,63.23291015625,80.0,,2,A,,"[{""split"": ""train"", ""index"": 13453, ""id"": ""mp-aaaciuwb"", ""reason"": ""pairs_quantile_0.5"", ""n_atoms"": 5, ""n_edges"": 276, ""max_degree"": 59, ""potential_angle_pairs"": 7509}, {""split"": ""valid"", ""index"": 532, ""id"": ""mp-aaaaawnl"", ""reason"": ""pairs_quantile_0.5"", ""n_atoms"": 16, ""n_edges"": 496, ""max_degree"": 34, ""potential_angle_pairs"": 7454}, {""split"": ""train"", ""index"": 6712, ""id"": ""mp-aaaabqpu"", ""reason"": ""pairs_quantile_0.9"", ""n_atoms"": 21, ""n_edges"": 1446, ""max_degree"": 74, ""potential_angle_pairs"": 49470}, {""split"": ""valid"", ""index"": 1674, ""id"": ""mp-aaacixnk"", ""reason"": ""pairs_quantile_0.9"", ""n_atoms"": 5, ""n_edges"": 694, ""max_degree"": 147, ""potential_angle_pairs"": 47871}, {""split"": ""train"", ""index"": 17703, ""id"": ""mp-aaacrkql"", ""reason"": ""pairs_quantile_0.1"", ""n_atoms"": 4, ""n_edges"": 104, ""max_degree"": 26, ""potential_angle_pairs"": 1300}, {""split"": ""valid"", ""index"": 1999, ""id"": ""mp-aaacpndw"", ""reason"": ""pairs_quantile_0.1"", ""n_atoms"": 4, ""n_edges"": 104, ""max_degree"": 26, ""potential_angle_pairs"": 1300}, {""split"": ""train"", ""index"": 0, ""id"": ""mp-aaaaaaab"", ""reason"": ""min_atoms"", ""n_atoms"": 1, ""n_edges"": 8, ""max_degree"": 8, ""potential_angle_pairs"": 28}, {""split"": ""valid"", ""index"": 0, ""id"": ""mp-aaaaaaau"", ""reason"": ""min_atoms"", ""n_atoms"": 1, ""n_edges"": 112, ""max_degree"": 112, ""potential_angle_pairs"": 6216}]",0.4657707749865949,,pass,,
True,,121148,,False,typical_b8,8,,,503,benchmark,,,,cuda,torch.float32,,,True,,,,,,,,,,,,,57,3240,,,,34.7197265625,80.0,,0,B+,,"[{""split"": ""train"", ""index"": 13453, ""id"": ""mp-aaaciuwb"", ""reason"": ""pairs_quantile_0.5"", ""n_atoms"": 5, ""n_edges"": 276, ""max_degree"": 59, ""potential_angle_pairs"": 7509}, {""split"": ""valid"", ""index"": 532, ""id"": ""mp-aaaaawnl"", ""reason"": ""pairs_quantile_0.5"", ""n_atoms"": 16, ""n_edges"": 496, ""max_degree"": 34, ""potential_angle_pairs"": 7454}, {""split"": ""train"", ""index"": 6712, ""id"": ""mp-aaaabqpu"", ""reason"": ""pairs_quantile_0.9"", ""n_atoms"": 21, ""n_edges"": 1446, ""max_degree"": 74, ""potential_angle_pairs"": 49470}, {""split"": ""valid"", ""index"": 1674, ""id"": ""mp-aaacixnk"", ""reason"": ""pairs_quantile_0.9"", ""n_atoms"": 5, ""n_edges"": 694, ""max_degree"": 147, ""potential_angle_pairs"": 47871}, {""split"": ""train"", ""index"": 17703, ""id"": ""mp-aaacrkql"", ""reason"": ""pairs_quantile_0.1"", ""n_atoms"": 4, ""n_edges"": 104, ""max_degree"": 26, ""potential_angle_pairs"": 1300}, {""split"": ""valid"", ""index"": 1999, ""id"": ""mp-aaacpndw"", ""reason"": ""pairs_quantile_0.1"", ""n_atoms"": 4, ""n_edges"": 104, ""max_degree"": 26, ""potential_angle_pairs"": 1300}, {""split"": ""train"", ""index"": 0, ""id"": ""mp-aaaaaaab"", ""reason"": ""min_atoms"", ""n_atoms"": 1, ""n_edges"": 8, ""max_degree"": 8, ""potential_angle_pairs"": 28}, {""split"": ""valid"", ""index"": 0, ""id"": ""mp-aaaaaaau"", ""reason"": ""min_atoms"", ""n_atoms"": 1, ""n_edges"": 112, ""max_degree"": 112, ""potential_angle_pairs"": 6216}]",0.010233317036181688,,pass,,
True,,121148,,False,typical_b8,8,,,504,benchmark,,,,cuda,torch.float32,,,True,,,,,,,,,,,,,57,3240,,,,34.7197265625,80.0,,1,B+,,"[{""split"": ""train"", ""index"": 13453, ""id"": ""mp-aaaciuwb"", ""reason"": ""pairs_quantile_0.5"", ""n_atoms"": 5, ""n_edges"": 276, ""max_degree"": 59, ""potential_angle_pairs"": 7509}, {""split"": ""valid"", ""index"": 532, ""id"": ""mp-aaaaawnl"", ""reason"": ""pairs_quantile_0.5"", ""n_atoms"": 16, ""n_edges"": 496, ""max_degree"": 34, ""potential_angle_pairs"": 7454}, {""split"": ""train"", ""index"": 6712, ""id"": ""mp-aaaabqpu"", ""reason"": ""pairs_quantile_0.9"", ""n_atoms"": 21, ""n_edges"": 1446, ""max_degree"": 74, ""potential_angle_pairs"": 49470}, {""split"": ""valid"", ""index"": 1674, ""id"": ""mp-aaacixnk"", ""reason"": ""pairs_quantile_0.9"", ""n_atoms"": 5, ""n_edges"": 694, ""max_degree"": 147, ""potential_angle_pairs"": 47871}, {""split"": ""train"", ""index"": 17703, ""id"": ""mp-aaacrkql"", ""reason"": ""pairs_quantile_0.1"", ""n_atoms"": 4, ""n_edges"": 104, ""max_degree"": 26, ""potential_angle_pairs"": 1300}, {""split"": ""valid"", ""index"": 1999, ""id"": ""mp-aaacpndw"", ""reason"": ""pairs_quantile_0.1"", ""n_atoms"": 4, ""n_edges"": 104, ""max_degree"": 26, ""potential_angle_pairs"": 1300}, {""split"": ""train"", ""index"": 0, ""id"": ""mp-aaaaaaab"", ""reason"": ""min_atoms"", ""n_atoms"": 1, ""n_edges"": 8, ""max_degree"": 8, ""potential_angle_pairs"": 28}, {""split"": ""valid"", ""index"": 0, ""id"": ""mp-aaaaaaau"", ""reason"": ""min_atoms"", ""n_atoms"": 1, ""n_edges"": 112, ""max_degree"": 112, ""potential_angle_pairs"": 6216}]",0.009969176957383752,,pass,,
True,,121148,,False,typical_b8,8,,,505,benchmark,,,,cuda,torch.float32,,,True,,,,,,,,,,,,,57,3240,,,,34.7197265625,80.0,,2,B+,,"[{""split"": ""train"", ""index"": 13453, ""id"": ""mp-aaaciuwb"", ""reason"": ""pairs_quantile_0.5"", ""n_atoms"": 5, ""n_edges"": 276, ""max_degree"": 59, ""potential_angle_pairs"": 7509}, {""split"": ""valid"", ""index"": 532, ""id"": ""mp-aaaaawnl"", ""reason"": ""pairs_quantile_0.5"", ""n_atoms"": 16, ""n_edges"": 496, ""max_degree"": 34, ""potential_angle_pairs"": 7454}, {""split"": ""train"", ""index"": 6712, ""id"": ""mp-aaaabqpu"", ""reason"": ""pairs_quantile_0.9"", ""n_atoms"": 21, ""n_edges"": 1446, ""max_degree"": 74, ""potential_angle_pairs"": 49470}, {""split"": ""valid"", ""index"": 1674, ""id"": ""mp-aaacixnk"", ""reason"": ""pairs_quantile_0.9"", ""n_atoms"": 5, ""n_edges"": 694, ""max_degree"": 147, ""potential_angle_pairs"": 47871}, {""split"": ""train"", ""index"": 17703, ""id"": ""mp-aaacrkql"", ""reason"": ""pairs_quantile_0.1"", ""n_atoms"": 4, ""n_edges"": 104, ""max_degree"": 26, ""potential_angle_pairs"": 1300}, {""split"": ""valid"", ""index"": 1999, ""id"": ""mp-aaacpndw"", ""reason"": ""pairs_quantile_0.1"", ""n_atoms"": 4, ""n_edges"": 104, ""max_degree"": 26, ""potential_angle_pairs"": 1300}, {""split"": ""train"", ""index"": 0, ""id"": ""mp-aaaaaaab"", ""reason"": ""min_atoms"", ""n_atoms"": 1, ""n_edges"": 8, ""max_degree"": 8, ""potential_angle_pairs"": 28}, {""split"": ""valid"", ""index"": 0, ""id"": ""mp-aaaaaaau"", ""reason"": ""min_atoms"", ""n_atoms"": 1, ""n_edges"": 112, ""max_degree"": 112, ""potential_angle_pairs"": 6216}]",0.009723815135657787,,pass,,
True,,121148,,True,typical_b8,8,,,506,benchmark,,,,cuda,torch.float32,,,True,,,,,,,,,,,,,57,3240,,,,64.06396484375,82.0,,0,B+,,"[{""split"": ""train"", ""index"": 13453, ""id"": ""mp-aaaciuwb"", ""reason"": ""pairs_quantile_0.5"", ""n_atoms"": 5, ""n_edges"": 276, ""max_degree"": 59, ""potential_angle_pairs"": 7509}, {""split"": ""valid"", ""index"": 532, ""id"": ""mp-aaaaawnl"", ""reason"": ""pairs_quantile_0.5"", ""n_atoms"": 16, ""n_edges"": 496, ""max_degree"": 34, ""potential_angle_pairs"": 7454}, {""split"": ""train"", ""index"": 6712, ""id"": ""mp-aaaabqpu"", ""reason"": ""pairs_quantile_0.9"", ""n_atoms"": 21, ""n_edges"": 1446, ""max_degree"": 74, ""potential_angle_pairs"": 49470}, {""split"": ""valid"", ""index"": 1674, ""id"": ""mp-aaacixnk"", ""reason"": ""pairs_quantile_0.9"", ""n_atoms"": 5, ""n_edges"": 694, ""max_degree"": 147, ""potential_angle_pairs"": 47871}, {""split"": ""train"", ""index"": 17703, ""id"": ""mp-aaacrkql"", ""reason"": ""pairs_quantile_0.1"", ""n_atoms"": 4, ""n_edges"": 104, ""max_degree"": 26, ""potential_angle_pairs"": 1300}, {""split"": ""valid"", ""index"": 1999, ""id"": ""mp-aaacpndw"", ""reason"": ""pairs_quantile_0.1"", ""n_atoms"": 4, ""n_edges"": 104, ""max_degree"": 26, ""potential_angle_pairs"": 1300}, {""split"": ""train"", ""index"": 0, ""id"": ""mp-aaaaaaab"", ""reason"": ""min_atoms"", ""n_atoms"": 1, ""n_edges"": 8, ""max_degree"": 8, ""potential_angle_pairs"": 28}, {""split"": ""valid"", ""index"": 0, ""id"": ""mp-aaaaaaau"", ""reason"": ""min_atoms"", ""n_atoms"": 1, ""n_edges"": 112, ""max_degree"": 112, ""potential_angle_pairs"": 6216}]",0.02448203111998737,,pass,,
True,,121148,,True,typical_b8,8,,,507,benchmark,,,,cuda,torch.float32,,,True,,,,,,,,,,,,,57,3240,,,,64.06396484375,82.0,,1,B+,,"[{""split"": ""train"", ""index"": 13453, ""id"": ""mp-aaaciuwb"", ""reason"": ""pairs_quantile_0.5"", ""n_atoms"": 5, ""n_edges"": 276, ""max_degree"": 59, ""potential_angle_pairs"": 7509}, {""split"": ""valid"", ""index"": 532, ""id"": ""mp-aaaaawnl"", ""reason"": ""pairs_quantile_0.5"", ""n_atoms"": 16, ""n_edges"": 496, ""max_degree"": 34, ""potential_angle_pairs"": 7454}, {""split"": ""train"", ""index"": 6712, ""id"": ""mp-aaaabqpu"", ""reason"": ""pairs_quantile_0.9"", ""n_atoms"": 21, ""n_edges"": 1446, ""max_degree"": 74, ""potential_angle_pairs"": 49470}, {""split"": ""valid"", ""index"": 1674, ""id"": ""mp-aaacixnk"", ""reason"": ""pairs_quantile_0.9"", ""n_atoms"": 5, ""n_edges"": 694, ""max_degree"": 147, ""potential_angle_pairs"": 47871}, {""split"": ""train"", ""index"": 17703, ""id"": ""mp-aaacrkql"", ""reason"": ""pairs_quantile_0.1"", ""n_atoms"": 4, ""n_edges"": 104, ""max_degree"": 26, ""potential_angle_pairs"": 1300}, {""split"": ""valid"", ""index"": 1999, ""id"": ""mp-aaacpndw"", ""reason"": ""pairs_quantile_0.1"", ""n_atoms"": 4, ""n_edges"": 104, ""max_degree"": 26, ""potential_angle_pairs"": 1300}, {""split"": ""train"", ""index"": 0, ""id"": ""mp-aaaaaaab"", ""reason"": ""min_atoms"", ""n_atoms"": 1, ""n_edges"": 8, ""max_degree"": 8, ""potential_angle_pairs"": 28}, {""split"": ""valid"", ""index"": 0, ""id"": ""mp-aaaaaaau"", ""reason"": ""min_atoms"", ""n_atoms"": 1, ""n_edges"": 112, ""max_degree"": 112, ""potential_angle_pairs"": 6216}]",0.02441386296413839,,pass,,
True,,121148,,True,typical_b8,8,,,508,benchmark,,,,cuda,torch.float32,,,True,,,,,,,,,,,,,57,3240,,,,64.06396484375,82.0,,2,B+,,"[{""split"": ""train"", ""index"": 13453, ""id"": ""mp-aaaciuwb"", ""reason"": ""pairs_quantile_0.5"", ""n_atoms"": 5, ""n_edges"": 276, ""max_degree"": 59, ""potential_angle_pairs"": 7509}, {""split"": ""valid"", ""index"": 532, ""id"": ""mp-aaaaawnl"", ""reason"": ""pairs_quantile_0.5"", ""n_atoms"": 16, ""n_edges"": 496, ""max_degree"": 34, ""potential_angle_pairs"": 7454}, {""split"": ""train"", ""index"": 6712, ""id"": ""mp-aaaabqpu"", ""reason"": ""pairs_quantile_0.9"", ""n_atoms"": 21, ""n_edges"": 1446, ""max_degree"": 74, ""potential_angle_pairs"": 49470}, {""split"": ""valid"", ""index"": 1674, ""id"": ""mp-aaacixnk"", ""reason"": ""pairs_quantile_0.9"", ""n_atoms"": 5, ""n_edges"": 694, ""max_degree"": 147, ""potential_angle_pairs"": 47871}, {""split"": ""train"", ""index"": 17703, ""id"": ""mp-aaacrkql"", ""reason"": ""pairs_quantile_0.1"", ""n_atoms"": 4, ""n_edges"": 104, ""max_degree"": 26, ""potential_angle_pairs"": 1300}, {""split"": ""valid"", ""index"": 1999, ""id"": ""mp-aaacpndw"", ""reason"": ""pairs_quantile_0.1"", ""n_atoms"": 4, ""n_edges"": 104, ""max_degree"": 26, ""potential_angle_pairs"": 1300}, {""split"": ""train"", ""index"": 0, ""id"": ""mp-aaaaaaab"", ""reason"": ""min_atoms"", ""n_atoms"": 1, ""n_edges"": 8, ""max_degree"": 8, ""potential_angle_pairs"": 28}, {""split"": ""valid"", ""index"": 0, ""id"": ""mp-aaaaaaau"", ""reason"": ""min_atoms"", ""n_atoms"": 1, ""n_edges"": 112, ""max_degree"": 112, ""potential_angle_pairs"": 6216}]",0.025835550157353282,,pass,,
,,460180,,,dense_b1,1,,,509,batch_preparation,,,0.019997319905087352,,torch.float32,,,,,,,0.0015404298901557922,,,,,,,,,64,7704,,,,,,,,,,"[{""split"": ""train"", ""index"": 10086, ""id"": ""mp-aaabofsw"", ""reason"": ""max_pairs"", ""n_atoms"": 64, ""n_edges"": 7704, ""max_degree"": 124, ""potential_angle_pairs"": 460180}]",,,pass,,
True,,460180,,False,dense_b1,1,,,510,benchmark,,,,cpu,torch.float32,,,True,,,,,,,,,,,,,64,7704,,,,,,,0,A,,"[{""split"": ""train"", ""index"": 10086, ""id"": ""mp-aaabofsw"", ""reason"": ""max_pairs"", ""n_atoms"": 64, ""n_edges"": 7704, ""max_degree"": 124, ""potential_angle_pairs"": 460180}]",3.141798147931695,,pass,,
True,,460180,,False,dense_b1,1,,,511,benchmark,,,,cpu,torch.float32,,,True,,,,,,,,,,,,,64,7704,,,,,,,1,A,,"[{""split"": ""train"", ""index"": 10086, ""id"": ""mp-aaabofsw"", ""reason"": ""max_pairs"", ""n_atoms"": 64, ""n_edges"": 7704, ""max_degree"": 124, ""potential_angle_pairs"": 460180}]",3.1704663829877973,,pass,,
True,,460180,,False,dense_b1,1,,,512,benchmark,,,,cpu,torch.float32,,,True,,,,,,,,,,,,,64,7704,,,,,,,2,A,,"[{""split"": ""train"", ""index"": 10086, ""id"": ""mp-aaabofsw"", ""reason"": ""max_pairs"", ""n_atoms"": 64, ""n_edges"": 7704, ""max_degree"": 124, ""potential_angle_pairs"": 460180}]",3.1850247487891465,,pass,,
True,,460180,,True,dense_b1,1,,,513,benchmark,,,,cpu,torch.float32,,,True,,,,,,,,,,,,,64,7704,,,,,,,0,A,,"[{""split"": ""train"", ""index"": 10086, ""id"": ""mp-aaabofsw"", ""reason"": ""max_pairs"", ""n_atoms"": 64, ""n_edges"": 7704, ""max_degree"": 124, ""potential_angle_pairs"": 460180}]",21.730308569036424,,pass,,
True,,460180,,True,dense_b1,1,,,514,benchmark,,,,cpu,torch.float32,,,True,,,,,,,,,,,,,64,7704,,,,,,,1,A,,"[{""split"": ""train"", ""index"": 10086, ""id"": ""mp-aaabofsw"", ""reason"": ""max_pairs"", ""n_atoms"": 64, ""n_edges"": 7704, ""max_degree"": 124, ""potential_angle_pairs"": 460180}]",21.49275334808044,,pass,,
True,,460180,,True,dense_b1,1,,,515,benchmark,,,,cpu,torch.float32,,,True,,,,,,,,,,,,,64,7704,,,,,,,2,A,,"[{""split"": ""train"", ""index"": 10086, ""id"": ""mp-aaabofsw"", ""reason"": ""max_pairs"", ""n_atoms"": 64, ""n_edges"": 7704, ""max_degree"": 124, ""potential_angle_pairs"": 460180}]",21.71040584682487,,pass,,
True,,460180,,False,dense_b1,1,,,516,benchmark,,,,cpu,torch.float32,,,True,,,,,,,,,,,,,64,7704,,,,,,,0,B+,,"[{""split"": ""train"", ""index"": 10086, ""id"": ""mp-aaabofsw"", ""reason"": ""max_pairs"", ""n_atoms"": 64, ""n_edges"": 7704, ""max_degree"": 124, ""potential_angle_pairs"": 460180}]",0.07778080692514777,,pass,,
True,,460180,,False,dense_b1,1,,,517,benchmark,,,,cpu,torch.float32,,,True,,,,,,,,,,,,,64,7704,,,,,,,1,B+,,"[{""split"": ""train"", ""index"": 10086, ""id"": ""mp-aaabofsw"", ""reason"": ""max_pairs"", ""n_atoms"": 64, ""n_edges"": 7704, ""max_degree"": 124, ""potential_angle_pairs"": 460180}]",0.076806376921013,,pass,,
True,,460180,,False,dense_b1,1,,,518,benchmark,,,,cpu,torch.float32,,,True,,,,,,,,,,,,,64,7704,,,,,,,2,B+,,"[{""split"": ""train"", ""index"": 10086, ""id"": ""mp-aaabofsw"", ""reason"": ""max_pairs"", ""n_atoms"": 64, ""n_edges"": 7704, ""max_degree"": 124, ""potential_angle_pairs"": 460180}]",0.07731862412765622,,pass,,
True,,460180,,True,dense_b1,1,,,519,benchmark,,,,cpu,torch.float32,,,True,,,,,,,,,,,,,64,7704,,,,,,,0,B+,,"[{""split"": ""train"", ""index"": 10086, ""id"": ""mp-aaabofsw"", ""reason"": ""max_pairs"", ""n_atoms"": 64, ""n_edges"": 7704, ""max_degree"": 124, ""potential_angle_pairs"": 460180}]",0.22306637116707861,,pass,,
True,,460180,,True,dense_b1,1,,,520,benchmark,,,,cpu,torch.float32,,,True,,,,,,,,,,,,,64,7704,,,,,,,1,B+,,"[{""split"": ""train"", ""index"": 10086, ""id"": ""mp-aaabofsw"", ""reason"": ""max_pairs"", ""n_atoms"": 64, ""n_edges"": 7704, ""max_degree"": 124, ""potential_angle_pairs"": 460180}]",0.22262463602237403,,pass,,
True,,460180,,True,dense_b1,1,,,521,benchmark,,,,cpu,torch.float32,,,True,,,,,,,,,,,,,64,7704,,,,,,,2,B+,,"[{""split"": ""train"", ""index"": 10086, ""id"": ""mp-aaabofsw"", ""reason"": ""max_pairs"", ""n_atoms"": 64, ""n_edges"": 7704, ""max_degree"": 124, ""potential_angle_pairs"": 460180}]",0.2216149519663304,,pass,,
True,,460180,,False,dense_b1,1,,,522,benchmark,,,,cuda,torch.float32,,,True,,,,,,,,,,,,,64,7704,,,,41.103515625,82.0,,0,A,,"[{""split"": ""train"", ""index"": 10086, ""id"": ""mp-aaabofsw"", ""reason"": ""max_pairs"", ""n_atoms"": 64, ""n_edges"": 7704, ""max_degree"": 124, ""potential_angle_pairs"": 460180}]",0.18246444803662598,,pass,,
True,,460180,,False,dense_b1,1,,,523,benchmark,,,,cuda,torch.float32,,,True,,,,,,,,,,,,,64,7704,,,,41.103515625,82.0,,1,A,,"[{""split"": ""train"", ""index"": 10086, ""id"": ""mp-aaabofsw"", ""reason"": ""max_pairs"", ""n_atoms"": 64, ""n_edges"": 7704, ""max_degree"": 124, ""potential_angle_pairs"": 460180}]",0.1820814108941704,,pass,,
True,,460180,,False,dense_b1,1,,,524,benchmark,,,,cuda,torch.float32,,,True,,,,,,,,,,,,,64,7704,,,,41.103515625,82.0,,2,A,,"[{""split"": ""train"", ""index"": 10086, ""id"": ""mp-aaabofsw"", ""reason"": ""max_pairs"", ""n_atoms"": 64, ""n_edges"": 7704, ""max_degree"": 124, ""potential_angle_pairs"": 460180}]",0.1809506770223379,,pass,,
True,,460180,,True,dense_b1,1,,,525,benchmark,,,,cuda,torch.float32,,,True,,,,,,,,,,,,,64,7704,,,,83.39599609375,108.0,,0,A,,"[{""split"": ""train"", ""index"": 10086, ""id"": ""mp-aaabofsw"", ""reason"": ""max_pairs"", ""n_atoms"": 64, ""n_edges"": 7704, ""max_degree"": 124, ""potential_angle_pairs"": 460180}]",1.0901844950858504,,pass,,
True,,460180,,True,dense_b1,1,,,526,benchmark,,,,cuda,torch.float32,,,True,,,,,,,,,,,,,64,7704,,,,83.39599609375,108.0,,1,A,,"[{""split"": ""train"", ""index"": 10086, ""id"": ""mp-aaabofsw"", ""reason"": ""max_pairs"", ""n_atoms"": 64, ""n_edges"": 7704, ""max_degree"": 124, ""potential_angle_pairs"": 460180}]",1.0947881860192865,,pass,,
True,,460180,,True,dense_b1,1,,,527,benchmark,,,,cuda,torch.float32,,,True,,,,,,,,,,,,,64,7704,,,,83.39599609375,108.0,,2,A,,"[{""split"": ""train"", ""index"": 10086, ""id"": ""mp-aaabofsw"", ""reason"": ""max_pairs"", ""n_atoms"": 64, ""n_edges"": 7704, ""max_degree"": 124, ""potential_angle_pairs"": 460180}]",1.0962364149745554,,pass,,
True,,460180,,False,dense_b1,1,,,528,benchmark,,,,cuda,torch.float32,,,True,,,,,,,,,,,,,64,7704,,,,50.3330078125,108.0,,0,B+,,"[{""split"": ""train"", ""index"": 10086, ""id"": ""mp-aaabofsw"", ""reason"": ""max_pairs"", ""n_atoms"": 64, ""n_edges"": 7704, ""max_degree"": 124, ""potential_angle_pairs"": 460180}]",0.010099339997395873,,pass,,
True,,460180,,False,dense_b1,1,,,529,benchmark,,,,cuda,torch.float32,,,True,,,,,,,,,,,,,64,7704,,,,50.3330078125,108.0,,1,B+,,"[{""split"": ""train"", ""index"": 10086, ""id"": ""mp-aaabofsw"", ""reason"": ""max_pairs"", ""n_atoms"": 64, ""n_edges"": 7704, ""max_degree"": 124, ""potential_angle_pairs"": 460180}]",0.009837677935138345,,pass,,
True,,460180,,False,dense_b1,1,,,530,benchmark,,,,cuda,torch.float32,,,True,,,,,,,,,,,,,64,7704,,,,50.3330078125,108.0,,2,B+,,"[{""split"": ""train"", ""index"": 10086, ""id"": ""mp-aaabofsw"", ""reason"": ""max_pairs"", ""n_atoms"": 64, ""n_edges"": 7704, ""max_degree"": 124, ""potential_angle_pairs"": 460180}]",0.009689866099506617,,pass,,
True,,460180,,True,dense_b1,1,,,531,benchmark,,,,cuda,torch.float32,,,True,,,,,,,,,,,,,64,7704,,,,109.43212890625,128.0,,0,B+,,"[{""split"": ""train"", ""index"": 10086, ""id"": ""mp-aaabofsw"", ""reason"": ""max_pairs"", ""n_atoms"": 64, ""n_edges"": 7704, ""max_degree"": 124, ""potential_angle_pairs"": 460180}]",0.024036145070567727,,pass,,
True,,460180,,True,dense_b1,1,,,532,benchmark,,,,cuda,torch.float32,,,True,,,,,,,,,,,,,64,7704,,,,109.43212890625,128.0,,1,B+,,"[{""split"": ""train"", ""index"": 10086, ""id"": ""mp-aaabofsw"", ""reason"": ""max_pairs"", ""n_atoms"": 64, ""n_edges"": 7704, ""max_degree"": 124, ""potential_angle_pairs"": 460180}]",0.024824459105730057,,pass,,
True,,460180,,True,dense_b1,1,,,533,benchmark,,,,cuda,torch.float32,,,True,,,,,,,,,,,,,64,7704,,,,109.43212890625,128.0,,2,B+,,"[{""split"": ""train"", ""index"": 10086, ""id"": ""mp-aaabofsw"", ""reason"": ""max_pairs"", ""n_atoms"": 64, ""n_edges"": 7704, ""max_degree"": 124, ""potential_angle_pairs"": 460180}]",0.025628190021961927,,pass,,
,,,,,,,0,0,534,gpu_geometry,,,,,torch.float64,,,,pass,,,,,,26,,0.0,,,0.0,,,,,,,,,,,cubic_self_images,,,,pass,,
,,,0.0,,,,,,535,cpu_gpu_features,4,True,,,torch.float64,2e-10,2e-10,,,,,,,,,9.43689570931383e-16,,3.517712587686157e-06,,,,,,,,,,,,A,cubic_self_images,,,,pass,,
,,,0.0,,,,,,536,gpu_rebuilt_features,4,True,,,torch.float64,2e-06,2e-06,,,,,,,,,4.440892098500626e-16,,1.471897752029899e-10,,,,,,,,,,,,A,cubic_self_images,,,,pass,,
,,,0.0,,,,,,537,gpu_orthogonal,4,True,,,torch.float64,2e-10,2e-10,,,,,,,,,7.771561172376096e-16,,2.201931426702497e-06,,,,,rotation_1,,,,,,,A,cubic_self_images,,,,pass,,
,,,0.0,,,,,,538,gpu_orthogonal,4,True,,,torch.float64,2e-10,2e-10,,,,,,,,,4.440892098500626e-16,,1.4175014557399213e-06,,,,,rotation_2,,,,,,,A,cubic_self_images,,,,pass,,
,,,0.0,,,,,,539,gpu_orthogonal,4,True,,,torch.float64,2e-10,2e-10,,,,,,,,,4.440892098500626e-16,,1.2900228001432556e-06,,,,,reflection,,,,,,,A,cubic_self_images,,,,pass,,
,,,0.0,,,,,,540,gpu_orthogonal,4,True,,,torch.float64,2e-10,2e-10,,,,,,,,,6.661338147750939e-16,,1.4345726588064875e-06,,,,,inversion,,,,,,,A,cubic_self_images,,,,pass,,
,,,0.0,,,,,,541,gpu_orthogonal,4,True,,,torch.float64,2e-10,2e-10,,,,,,,,,4.440892098500626e-16,,1.3288599236045281e-06,,,,,improper_with_translation,,,,,,,A,cubic_self_images,,,,pass,,
,,,,,,,,,542,gpu_padding,,,,,torch.float64,,,,,,,,,,,,,,,,,,,,,,,,,A,cubic_self_images,,,,pass,,
,,,1.9949319973733282e-17,,,,,,543,cpu_gpu_features,4,True,,,torch.float64,2e-10,2e-10,,,,,,,,,1.887379141862766e-15,,5.777921497476513e-06,,,,,,,,,,,,B+,cubic_self_images,,,,pass,,
,,,4.7704895589362195e-18,,,,,,544,gpu_rebuilt_features,4,True,,,torch.float64,2e-06,2e-06,,,,,,,,,8.881784197001252e-16,,1.990373098273695e-10,,,,,,,,,,,,B+,cubic_self_images,,,,pass,,
,,,1.0408340855860843e-17,,,,,,545,gpu_orthogonal,4,True,,,torch.float64,2e-10,2e-10,,,,,,,,,4.440892098500626e-16,,1.7023476668985017e-06,,,,,rotation_1,,,,,,,B+,cubic_self_images,,,,pass,,
,,,1.1275702593849246e-17,,,,,,546,gpu_orthogonal,4,True,,,torch.float64,2e-10,2e-10,,,,,,,,,6.661338147750939e-16,,2.232470550136948e-06,,,,,rotation_2,,,,,,,B+,cubic_self_images,,,,pass,,
,,,6.5052130349130266e-18,,,,,,547,gpu_orthogonal,4,True,,,torch.float64,2e-10,2e-10,,,,,,,,,8.881784197001252e-16,,1.990373098273695e-06,,,,,reflection,,,,,,,B+,cubic_self_images,,,,pass,,
,,,4.336808689942018e-18,,,,,,548,gpu_orthogonal,4,True,,,torch.float64,2e-10,2e-10,,,,,,,,,4.440892098500626e-16,,1.9769630764517648e-06,,,,,inversion,,,,,,,B+,cubic_self_images,,,,pass,,
,,,6.938893903907228e-18,,,,,,549,gpu_orthogonal,4,True,,,torch.float64,2e-10,2e-10,,,,,,,,,6.661338147750939e-16,,1.7299042470001101e-06,,,,,improper_with_translation,,,,,,,B+,cubic_self_images,,,,pass,,
,,,,,,,,,550,gpu_padding,,,,,torch.float64,,,,,,,,,,,,,,,,,,,,,,,,,B+,cubic_self_images,,,,pass,,
,,,,,,,0,0,551,gpu_geometry,,,,,torch.float64,,,,pass,,,,,,56,,8.881784197001252e-16,,,4.440892098500626e-16,,,,,,,,,,,skew,,,,pass,,
,,,0.0,,,,,,552,cpu_gpu_features,4,True,,,torch.float64,2e-10,2e-10,,,,,,,,,1.1102230246251565e-15,,3.953474317104837e-06,,,,,,,,,,,,A,skew,,,,pass,,
,,,0.0,,,,,,553,gpu_rebuilt_features,4,True,,,torch.float64,2e-06,2e-06,,,,,,,,,8.881784197001252e-16,,2.2042460415701004e-10,,,,,,,,,,,,A,skew,,,,pass,,
,,,0.0,,,,,,554,gpu_orthogonal,4,True,,,torch.float64,2e-10,2e-10,,,,,,,,,7.771561172376096e-16,,2.1252160194534534e-06,,,,,rotation_1,,,,,,,A,skew,,,,pass,,
,,,0.0,,,,,,555,gpu_orthogonal,4,True,,,torch.float64,2e-10,2e-10,,,,,,,,,6.661338147750939e-16,,2.0182086841103084e-06,,,,,rotation_2,,,,,,,A,skew,,,,pass,,
,,,0.0,,,,,,556,gpu_orthogonal,4,True,,,torch.float64,2e-10,2e-10,,,,,,,,,5.551115123125783e-16,,2.0118976613007035e-06,,,,,reflection,,,,,,,A,skew,,,,pass,,
,,,0.0,,,,,,557,gpu_orthogonal,4,True,,,torch.float64,2e-10,2e-10,,,,,,,,,4.440892098500626e-16,,1.4573518691413063e-06,,,,,inversion,,,,,,,A,skew,,,,pass,,
,,,0.0,,,,,,558,gpu_orthogonal,4,True,,,torch.float64,2e-10,2e-10,,,,,,,,,4.440892098500626e-16,,1.345472456073539e-06,,,,,improper_with_translation,,,,,,,A,skew,,,,pass,,
,,,,,,,,,559,gpu_padding,,,,,torch.float64,,,,,,,,,,,,,,,,,,,,,,,,,A,skew,,,,pass,,
,,,8.40256683676266e-18,,,,,,560,cpu_gpu_features,4,True,,,torch.float64,2e-10,2e-10,,,,,,,,,1.3322676295501878e-15,,3.3031404208130486e-06,,,,,,,,,,,,B+,skew,,,,pass,,
,,,1.7780915628762273e-17,,,,,,561,gpu_rebuilt_features,4,True,,,torch.float64,2e-06,2e-06,,,,,,,,,9.992007221626409e-16,,2.664076746705443e-10,,,,,,,,,,,,B+,skew,,,,pass,,
,,,2.8189256484623115e-18,,,,,,562,gpu_orthogonal,4,True,,,torch.float64,2e-10,2e-10,,,,,,,,,8.881784197001252e-16,,3.0674837151907495e-06,,,,,rotation_1,,,,,,,B+,skew,,,,pass,,
,,,3.469446951953614e-18,,,,,,563,gpu_orthogonal,4,True,,,torch.float64,2e-10,2e-10,,,,,,,,,8.881784197001252e-16,,2.7708776343564065e-06,,,,,rotation_2,,,,,,,B+,skew,,,,pass,,
,,,2.168404344971009e-18,,,,,,564,gpu_orthogonal,4,True,,,torch.float64,2e-10,2e-10,,,,,,,,,6.661338147750939e-16,,1.8275336789833062e-06,,,,,reflection,,,,,,,B+,skew,,,,pass,,
,,,2.168404344971009e-18,,,,,,565,gpu_orthogonal,4,True,,,torch.float64,2e-10,2e-10,,,,,,,,,8.881784197001252e-16,,1.935961701821196e-06,,,,,inversion,,,,,,,B+,skew,,,,pass,,
,,,2.8189256484623115e-18,,,,,,566,gpu_orthogonal,4,True,,,torch.float64,2e-10,2e-10,,,,,,,,,8.881784197001252e-16,,3.0845727609578286e-06,,,,,improper_with_translation,,,,,,,B+,skew,,,,pass,,
,,,,,,,,,567,gpu_padding,,,,,torch.float64,,,,,,,,,,,,,,,,,,,,,,,,,B+,skew,,,,pass,,
,,,0.0,,,,0,0,568,gpu_representation,4,True,,,torch.float64,2e-06,2e-06,,pass,,,,,,,6.661338147750939e-16,,1.863014947332858e-10,,,,,permutation,,,,,,,A,skew,,,,pass,,
,,,3.903127820947816e-18,,,,0,0,569,gpu_representation,4,True,,,torch.float64,2e-06,2e-06,,pass,,,,,,,8.881784197001252e-16,,1.935961701821196e-10,,,,,permutation,,,,,,,B+,skew,,,,pass,,
,,,0.0,,,,0,0,570,gpu_representation,4,True,,,torch.float64,2e-06,2e-06,,pass,,,,,,,8.881784197001252e-16,,2.015346880583824e-10,,,,,integer_images,,,,,,,A,skew,,,,pass,,
,,,8.890457814381136e-18,,,,0,0,571,gpu_representation,4,True,,,torch.float64,2e-06,2e-06,,pass,,,,,,,1.3322676295501878e-15,,2.0435331601771958e-10,,,,,integer_images,,,,,,,B+,skew,,,,pass,,
,,,0.0,,,,0,0,572,gpu_representation,4,True,,,torch.float64,2e-06,2e-06,,pass,,,,,,,9.798128974836118e-11,,3.684055018164144e-05,,,,,basis_swap,,,,,,,A,skew,,,,pass,,
,,,1.4868254197275554e-12,,,,0,0,573,gpu_representation,4,True,,,torch.float64,2e-06,2e-06,,pass,,,,,,,1.2964473938836818e-10,,4.8074772650094297e-05,,,,,basis_swap,,,,,,,B+,skew,,,,pass,,
,,,0.0,,,,0,0,574,gpu_representation,4,True,,,torch.float64,2e-06,2e-06,,pass,,,,,,,6.449896172711078e-12,,2.4251336579401772e-06,,,,,basis_shear,,,,,,,A,skew,,,,pass,,
,,,2.8282823132108614e-13,,,,0,0,575,gpu_representation,4,True,,,torch.float64,2e-06,2e-06,,pass,,,,,,,2.172995117177834e-11,,1.0365253563870579e-05,,,,,basis_shear,,,,,,,B+,skew,,,,pass,,
,,,,,,,,,576,cpu_gpu_gradients,,,,,torch.float64,,,,,1.1890067014238505e-15,35,,,,,2.949029909160572e-17,,,4.588415191610956e-15,,,,,,,,,,,A,skew,,,,pass,"{""input"": {""max_abs_error"": 4.065758146820642e-18, ""max_normalized_error"": 1.6869939288808237e-07, ""pass"": true, ""relative_l2"": 1.2769522204138092e-15, ""active"": true, ""above_absolute_floor"": true}, ""vectors"": {""max_abs_error"": 5.717472393966527e-21, ""max_normalized_error"": 2.856433119096023e-10, ""pass"": true, ""relative_l2"": 3.855084702171074e-15, ""active"": true, ""above_absolute_floor"": true}, ""distances"": {""max_abs_error"": 1.1011428314305904e-18, ""max_normalized_error"": 5.4478312917216165e-08, ""pass"": true, ""relative_l2"": 4.588415191610956e-15, ""active"": true, ""above_absolute_floor"": true}, ""local_input.weight"": {""max_abs_error"": 2.949029909160572e-17, ""max_normalized_error"": 1.2327621990890554e-06, ""pass"": true, ""relative_l2"": 1.2779122792540404e-15, ""active"": true, ""above_absolute_floor"": true}, ""local_input.bias"": {""max_abs_error"": 1.734723475976807e-17, ""max_normalized_error"": 3.8158049127442643e-07, ""pass"": true, ""relative_l2"": 1.068377061216572e-15, ""active"": true, ""above_absolute_floor"": true}, ""local_output.weight"": {""max_abs_error"": 5.637851296924623e-18, ""max_normalized_error"": 1.5351812962491299e-07, ""pass"": true, ""relative_l2"": 4.979600149041893e-16, ""active"": true, ""above_absolute_floor"": true}, ""local_output.bias"": {""max_abs_error"": 1.734723475976807e-18, ""max_normalized_error"": 6.12032590207477e-08, ""pass"": true, ""relative_l2"": 3.571560213807692e-16, ""active"": true, ""above_absolute_floor"": true}, ""blocks.0.edge_mlp.0.weight"": {""max_abs_error"": 1.8973538018496328e-19, ""max_normalized_error"": 9.114910502003574e-09, ""pass"": true, ""relative_l2"": 1.7755377932983999e-15, ""active"": true, ""above_absolute_floor"": true}, ""blocks.0.edge_mlp.0.bias"": {""max_abs_error"": 2.710505431213761e-19, ""max_normalized_error"": 1.2338114273365e-08, ""pass"": true, ""relative_l2"": 1.4328488953991336e-15, ""active"": true, ""above_absolute_floor"": true}, ""blocks.0.edge_mlp.2.weight"": {""max_abs_error"": 3.7947076036992655e-19, ""max_normalized_error"": 1.8304334764147465e-08, ""pass"": true, ""relative_l2"": 1.823603199901923e-15, ""active"": true, ""above_absolute_floor"": true}, ""blocks.0.edge_mlp.2.bias"": {""max_abs_error"": 1.1926223897340549e-18, ""max_normalized_error"": 5.749463257523814e-08, ""pass"": true, ""relative_l2"": 1.5482093385397123e-15, ""active"": true, ""above_absolute_floor"": true}, ""blocks.0.angle_mlp.0.weight"": {""max_abs_error"": 9.656175598699024e-20, ""max_normalized_error"": 4.801639460605283e-09, ""pass"": true, ""relative_l2"": 2.1101314097671397e-15, ""active"": true, ""above_absolute_floor"": true}, ""blocks.0.angle_mlp.0.bias"": {""max_abs_error"": 1.2197274440461925e-19, ""max_normalized_error"": 5.985940299241492e-09, ""pass"": true, ""relative_l2"": 1.7346652480219024e-15, ""active"": true, ""above_absolute_floor"": true}, ""blocks.0.angle_mlp.2.weight"": {""max_abs_error"": 2.303929616531697e-19, ""max_normalized_error"": 1.1251511080821091e-08, ""pass"": true, ""relative_l2"": 1.9848561366790356e-15, ""active"": true, ""above_absolute_floor"": true}, ""blocks.0.angle_mlp.2.bias"": {""max_abs_error"": 7.318364664277155e-19, ""max_normalized_error"": 3.38628844814201e-08, ""pass"": true, ""relative_l2"": 1.6369219742556867e-15, ""active"": true, ""above_absolute_floor"": true}, ""blocks.0.update.0.weight"": {""max_abs_error"": 1.5612511283791264e-17, ""max_normalized_error"": 5.314751235827253e-07, ""pass"": true, ""relative_l2"": 1.2187513632795544e-15, ""active"": true, ""above_absolute_floor"": true}, ""blocks.0.update.0.bias"": {""max_abs_error"": 4.336808689942018e-18, ""max_normalized_error"": 1.361824999026362e-07, ""pass"": true, ""relative_l2"": 1.084371582017015e-15, ""active"": true, ""above_absolute_floor"": true}, ""blocks.0.update.2.weight"": {""max_abs_error"": 5.421010862427522e-18, ""max_normalized_error"": 1.675810863169709e-07, ""pass"": true, ""relative_l2"": 1.2082539958419305e-15, ""active"": true, ""above_absolute_floor"": true}, ""blocks.0.update.2.bias"": {""max_abs_error"": 1.8214596497756474e-17, ""max_normalized_error"": 4.3095370753479143e-07, ""pass"": true, ""relative_l2"": 1.0468083565712784e-15, ""active"": true, ""above_absolute_floor"": true}, ""blocks.0.norm.weight"": {""max_abs_error"": 1.0408340855860843e-17, ""max_normalized_error"": 3.8422591132438745e-07, ""pass"": true, ""relative_l2"": 1.9317551173152544e-15, ""active"": true, ""above_absolute_floor"": true}, ""blocks.0.norm.bias"": {""max_abs_error"": 5.854691731421724e-18, ""max_normalized_error"": 1.728669451480714e-07, ""pass"": true, ""relative_l2"": 1.0511633436938685e-15, ""active"": true, ""above_absolute_floor"": true}, ""blocks.1.edge_mlp.0.weight"": {""max_abs_error"": 2.981555974335137e-19, ""max_normalized_error"": 1.4554523733849401e-08, ""pass"": true, ""relative_l2"": 1.8881304237774586e-15, ""active"": true, ""above_absolute_floor"": true}, ""blocks.1.edge_mlp.0.bias"": {""max_abs_error"": 1.8973538018496328e-19, ""max_normalized_error"": 9.166745146447062e-09, ""pass"": true, ""relative_l2"": 1.7201250487277767e-15, ""active"": true, ""above_absolute_floor"": true}, ""blocks.1.edge_mlp.2.weight"": {""max_abs_error"": 4.743384504624082e-19, ""max_normalized_error"": 2.3337430817162807e-08, ""pass"": true, ""relative_l2"": 1.79167158561921e-15, ""active"": true, ""above_absolute_floor"": true}, ""blocks.1.edge_mlp.2.bias"": {""max_abs_error"": 4.912791094074942e-19, ""max_normalized_error"": 2.4369818636692803e-08, ""pass"": true, ""relative_l2"": 1.5549122052081836e-15, ""active"": true, ""above_absolute_floor"": true}, ""blocks.1.angle_mlp.0.weight"": {""max_abs_error"": 1.4230153513872246e-19, ""max_normalized_error"": 7.0612339940651334e-09, ""pass"": true, ""relative_l2"": 2.3080369369538295e-15, ""active"": true, ""above_absolute_floor"": true}, ""blocks.1.angle_mlp.0.bias"": {""max_abs_error"": 7.792703114739563e-20, ""max_normalized_error"": 3.8693561794347365e-09, ""pass"": true, ""relative_l2"": 2.3457686641529047e-15, ""active"": true, ""above_absolute_floor"": true}, ""blocks.1.angle_mlp.2.weight"": {""max_abs_error"": 2.0328790734103208e-19, ""max_normalized_error"": 9.930411680089393e-09, ""pass"": true, ""relative_l2"": 2.5531862983694587e-15, ""active"": true, ""above_absolute_floor"": true}, ""blocks.1.angle_mlp.2.bias"": {""max_abs_error"": 3.049318610115481e-19, ""max_normalized_error"": 1.522176668593878e-08, ""pass"": true, ""relative_l2"": 2.398672679618766e-15, ""active"": true, ""above_absolute_floor"": true}, ""blocks.1.update.0.weight"": {""max_abs_error"": 5.312590645178972e-18, ""max_normalized_error"": 2.0473150830848027e-07, ""pass"": true, ""relative_l2"": 1.448390753808679e-15, ""active"": true, ""above_absolute_floor"": true}, ""blocks.1.update.0.bias"": {""max_abs_error"": 1.7618285302889447e-18, ""max_normalized_error"": 8.035491132030503e-08, ""pass"": true, ""relative_l2"": 1.1795547742742708e-15, ""active"": true, ""above_absolute_floor"": true}, ""blocks.1.update.2.weight"": {""max_abs_error"": 4.7704895589362195e-18, ""max_normalized_error"": 1.6876731859619352e-07, ""pass"": true, ""relative_l2"": 1.2965553813398962e-15, ""active"": true, ""above_absolute_floor"": true}, ""blocks.1.update.2.bias"": {""max_abs_error"": 5.854691731421724e-18, ""max_normalized_error"": 1.7222603522548506e-07, ""pass"": true, ""relative_l2"": 1.0872883448681672e-15, ""active"": true, ""above_absolute_floor"": true}, ""blocks.1.norm.weight"": {""max_abs_error"": 2.7755575615628914e-17, ""max_normalized_error"": 9.17162778872548e-08, ""pass"": true, ""relative_l2"": 4.633461559470035e-16, ""active"": true, ""above_absolute_floor"": true}, ""blocks.1.norm.bias"": {""max_abs_error"": 8.456776945386935e-18, ""max_normalized_error"": 2.573897923898067e-07, ""pass"": true, ""relative_l2"": 4.26651773349519e-16, ""active"": true, ""above_absolute_floor"": true}}",[]
,,,,,,,,,577,cpu_gpu_gradients,,,,,torch.float64,,,,,1.2100634604158336e-15,33,,,,,3.469446951953614e-17,,,7.096748102684739e-15,,,,,,,,,,,B+,skew,,,,pass,"{""input"": {""max_abs_error"": 3.2526065174565133e-18, ""max_normalized_error"": 1.3785210031320703e-07, ""pass"": true, ""relative_l2"": 1.3090177874697802e-15, ""active"": true, ""above_absolute_floor"": true}, ""vectors"": {""max_abs_error"": 2.0328790734103208e-20, ""max_normalized_error"": 1.0153575611335468e-09, ""pass"": true, ""relative_l2"": 7.096748102684739e-15, ""active"": true, ""above_absolute_floor"": true}, ""distances"": {""max_abs_error"": 1.5856456772600502e-18, ""max_normalized_error"": 7.692080242364648e-08, ""pass"": true, ""relative_l2"": 5.272201785507289e-15, ""active"": true, ""above_absolute_floor"": true}, ""local_input.weight"": {""max_abs_error"": 3.469446951953614e-17, ""max_normalized_error"": 9.355749048911642e-07, ""pass"": true, ""relative_l2"": 1.2800577642753016e-15, ""active"": true, ""above_absolute_floor"": true}, ""local_input.bias"": {""max_abs_error"": 2.2551405187698492e-17, ""max_normalized_error"": 7.706203893757962e-07, ""pass"": true, ""relative_l2"": 1.219865777072678e-15, ""active"": true, ""above_absolute_floor"": true}, ""local_output.weight"": {""max_abs_error"": 5.204170427930421e-18, ""max_normalized_error"": 1.7045984652106002e-07, ""pass"": true, ""relative_l2"": 5.809271311926294e-16, ""active"": true, ""above_absolute_floor"": true}, ""local_output.bias"": {""max_abs_error"": 2.6020852139652106e-18, ""max_normalized_error"": 8.002990375337302e-08, ""pass"": true, ""relative_l2"": 4.3535812720915165e-16, ""active"": true, ""above_absolute_floor"": true}, ""blocks.0.tp.weight"": {""max_abs_error"": 8.809142651444724e-20, ""max_normalized_error"": 4.351274642999984e-09, ""pass"": true, ""relative_l2"": 1.954725717946798e-15, ""active"": true, ""above_absolute_floor"": true}, ""blocks.0.mix.weight"": {""max_abs_error"": 5.421010862427522e-20, ""max_normalized_error"": 2.7032174058890314e-09, ""pass"": true, ""relative_l2"": 2.2061197118457354e-15, ""active"": true, ""above_absolute_floor"": true}, ""blocks.0.radial_gate.0.weight"": {""max_abs_error"": 7.047314121155779e-19, ""max_normalized_error"": 3.3841000101952325e-08, ""pass"": true, ""relative_l2"": 2.225604610548245e-15, ""active"": true, ""above_absolute_floor"": true}, ""blocks.0.radial_gate.0.bias"": {""max_abs_error"": 1.0028870095490916e-18, ""max_normalized_error"": 4.9279998711453626e-08, ""pass"": true, ""relative_l2"": 2.1800079054610297e-15, ""active"": true, ""above_absolute_floor"": true}, ""blocks.0.radial_gate.2.weight"": {""max_abs_error"": 8.402566836762659e-19, ""max_normalized_error"": 3.9132434874731224e-08, ""pass"": true, ""relative_l2"": 2.1281594703044967e-15, ""active"": true, ""above_absolute_floor"": true}, ""blocks.0.radial_gate.2.bias"": {""max_abs_error"": 4.9873299934333204e-18, ""max_normalized_error"": 1.9262646790407188e-07, ""pass"": true, ""relative_l2"": 1.876683133923677e-15, ""active"": true, ""above_absolute_floor"": true}, ""blocks.0.update.0.weight"": {""max_abs_error"": 1.474514954580286e-17, ""max_normalized_error"": 5.308360319339441e-07, ""pass"": true, ""relative_l2"": 1.3490000723685048e-15, ""active"": true, ""above_absolute_floor"": true}, ""blocks.0.update.0.bias"": {""max_abs_error"": 4.7704895589362195e-18, ""max_normalized_error"": 1.6505463888583717e-07, ""pass"": true, ""relative_l2"": 1.2786617930853818e-15, ""active"": true, ""above_absolute_floor"": true}, ""blocks.0.update.2.weight"": {""max_abs_error"": 1.0191500421363742e-17, ""max_normalized_error"": 3.8545970359771483e-07, ""pass"": true, ""relative_l2"": 1.2629023517444831e-15, ""active"": true, ""above_absolute_floor"": true}, ""blocks.0.update.2.bias"": {""max_abs_error"": 2.6020852139652106e-17, ""max_normalized_error"": 7.11553390465514e-07, ""pass"": true, ""relative_l2"": 1.213369427457076e-15, ""active"": true, ""above_absolute_floor"": true}, ""blocks.0.norm.weight"": {""max_abs_error"": 1.7997756063259374e-17, ""max_normalized_error"": 6.057855320143404e-07, ""pass"": true, ""relative_l2"": 2.191039714140236e-15, ""active"": true, ""above_absolute_floor"": true}, ""blocks.0.norm.bias"": {""max_abs_error"": 7.806255641895632e-18, ""max_normalized_error"": 3.089299563007448e-07, ""pass"": true, ""relative_l2"": 1.3173522383286157e-15, ""active"": true, ""above_absolute_floor"": true}, ""blocks.0.direction_gate.weight"": {""max_abs_error"": 1.852884572118782e-21, ""max_normalized_error"": 9.262837185945817e-11, ""pass"": true, ""relative_l2"": 2.5992847117849976e-15, ""active"": true, ""above_absolute_floor"": true}, ""blocks.0.direction_gate.bias"": {""max_abs_error"": 9.529120656610879e-22, ""max_normalized_error"": 4.764025097823307e-11, ""pass"": true, ""relative_l2"": 2.532277999283419e-15, ""active"": true, ""above_absolute_floor"": true}, ""blocks.1.tp.weight"": {""max_abs_error"": 2.507217523872729e-19, ""max_normalized_error"": 1.220399597334092e-08, ""pass"": true, ""relative_l2"": 2.1087604760316126e-15, ""active"": true, ""above_absolute_floor"": true}, ""blocks.1.mix.weight"": {""max_abs_error"": 1.7957098481791167e-19, ""max_normalized_error"": 8.883992317639725e-09, ""pass"": true, ""relative_l2"": 1.8877362890870628e-15, ""active"": true, ""above_absolute_floor"": true}, ""blocks.1.radial_gate.0.weight"": {""max_abs_error"": 2.2768245622195593e-18, ""max_normalized_error"": 9.79196123178201e-08, ""pass"": true, ""relative_l2"": 1.8244596981827218e-15, ""active"": true, ""above_absolute_floor"": true}, ""blocks.1.radial_gate.0.bias"": {""max_abs_error"": 1.0909784360635388e-18, ""max_normalized_error"": 5.365985861684444e-08, ""pass"": true, ""relative_l2"": 1.6457649355341997e-15, ""active"": true, ""above_absolute_floor"": true}, ""blocks.1.radial_gate.2.weight"": {""max_abs_error"": 3.686287386450715e-18, ""max_normalized_error"": 1.3630210983579988e-07, ""pass"": true, ""relative_l2"": 1.845018344681202e-15, ""active"": true, ""above_absolute_floor"": true}, ""blocks.1.radial_gate.2.bias"": {""max_abs_error"": 4.119968255444917e-18, ""max_normalized_error"": 1.7196224890562099e-07, ""pass"": true, ""relative_l2"": 1.5516407959882906e-15, ""active"": true, ""above_absolute_floor"": true}, ""blocks.1.update.0.weight"": {""max_abs_error"": 7.26415455565288e-18, ""max_normalized_error"": 3.4074718804953496e-07, ""pass"": true, ""relative_l2"": 1.7292823452368156e-15, ""active"": true, ""above_absolute_floor"": true}, ""blocks.1.update.0.bias"": {""max_abs_error"": 2.3987973066241786e-18, ""max_normalized_error"": 1.1750453299724197e-07, ""pass"": true, ""relative_l2"": 1.6384420799268502e-15, ""active"": true, ""above_absolute_floor"": true}, ""blocks.1.update.2.weight"": {""max_abs_error"": 9.107298248878237e-18, ""max_normalized_error"": 3.1793580242398665e-07, ""pass"": true, ""relative_l2"": 1.4646111674071337e-15, ""active"": true, ""above_absolute_floor"": true}, ""blocks.1.update.2.bias"": {""max_abs_error"": 6.7220534694101275e-18, ""max_normalized_error"": 3.231697970884946e-07, ""pass"": true, ""relative_l2"": 1.3576416411653073e-15, ""active"": true, ""above_absolute_floor"": true}, ""blocks.1.norm.weight"": {""max_abs_error"": 3.469446951953614e-17, ""max_normalized_error"": 1.3633947750825156e-07, ""pass"": true, ""relative_l2"": 6.752295560273314e-16, ""active"": true, ""above_absolute_floor"": true}, ""blocks.1.norm.bias"": {""max_abs_error"": 1.1709383462843448e-17, ""max_normalized_error"": 2.601296701463023e-07, ""pass"": true, ""relative_l2"": 5.835202855590826e-16, ""active"": true, ""above_absolute_floor"": true}}",[]
,,,,,,,0,0,578,gpu_geometry,,,,,torch.float64,,,,pass,,,,,,18,,8.881784197001252e-16,,,4.440892098500626e-16,,,,,,,,,,,mixed_padding,,,,pass,,
,,,0.0,,,,,,579,cpu_gpu_features,4,True,,,torch.float64,2e-10,2e-10,,,,,,,,,1.9984014443252818e-15,,4.781071376871739e-06,,,,,,,,,,,,A,mixed_padding,,,,pass,,
,,,0.0,,,,,,580,gpu_rebuilt_features,4,True,,,torch.float64,2e-06,2e-06,,,,,,,,,6.661338147750939e-16,,1.7947246462318066e-10,,,,,,,,,,,,A,mixed_padding,,,,pass,,
,,,0.0,,,,,,581,gpu_orthogonal,4,True,,,torch.float64,2e-10,2e-10,,,,,,,,,4.440892098500626e-16,,1.4349159604173315e-06,,,,,rotation_1,,,,,,,A,mixed_padding,,,,pass,,
,,,0.0,,,,,,582,gpu_orthogonal,4,True,,,torch.float64,2e-10,2e-10,,,,,,,,,6.661338147750939e-16,,1.9815506120048863e-06,,,,,rotation_2,,,,,,,A,mixed_padding,,,,pass,,
,,,0.0,,,,,,583,gpu_orthogonal,4,True,,,torch.float64,2e-10,2e-10,,,,,,,,,5.551115123125783e-16,,1.5885791217371862e-06,,,,,reflection,,,,,,,A,mixed_padding,,,,pass,,
,,,0.0,,,,,,584,gpu_orthogonal,4,True,,,torch.float64,2e-10,2e-10,,,,,,,,,4.440892098500626e-16,,1.57908615767733e-06,,,,,inversion,,,,,,,A,mixed_padding,,,,pass,,
,,,0.0,,,,,,585,gpu_orthogonal,4,True,,,torch.float64,2e-10,2e-10,,,,,,,,,4.440892098500626e-16,,1.5944548826055398e-06,,,,,improper_with_translation,,,,,,,A,mixed_padding,,,,pass,,
,,,,,,,,,586,gpu_padding,,,,,torch.float64,,,,,,,,,,,,,,,,,,,,,,,,,A,mixed_padding,,,,pass,,
,,,4.336808689942018e-18,,,,,,587,cpu_gpu_features,4,True,,,torch.float64,2e-10,2e-10,,,,,,,,,1.9984014443252818e-15,,5.27951923862968e-06,,,,,,,,,,,,B+,mixed_padding,,,,pass,,
,,,2.0816681711721685e-17,,,,,,588,gpu_rebuilt_features,4,True,,,torch.float64,2e-06,2e-06,,,,,,,,,6.661338147750939e-16,,2.371027382318793e-10,,,,,,,,,,,,B+,mixed_padding,,,,pass,,
,,,3.469446951953614e-18,,,,,,589,gpu_orthogonal,4,True,,,torch.float64,2e-10,2e-10,,,,,,,,,8.153200337090993e-16,,3.996928009883979e-06,,,,,rotation_1,,,,,,,B+,mixed_padding,,,,pass,,
,,,2.3852447794681098e-18,,,,,,590,gpu_orthogonal,4,True,,,torch.float64,2e-10,2e-10,,,,,,,,,9.43689570931383e-16,,3.8837680123179164e-06,,,,,rotation_2,,,,,,,B+,mixed_padding,,,,pass,,
,,,1.1926223897340549e-18,,,,,,591,gpu_orthogonal,4,True,,,torch.float64,2e-10,2e-10,,,,,,,,,8.881784197001252e-16,,1.8893822256646022e-06,,,,,reflection,,,,,,,B+,mixed_padding,,,,pass,,
,,,1.3010426069826053e-18,,,,,,592,gpu_orthogonal,4,True,,,torch.float64,2e-10,2e-10,,,,,,,,,8.881784197001252e-16,,2.2466865252456694e-06,,,,,inversion,,,,,,,B+,mixed_padding,,,,pass,,
,,,4.553649124439119e-18,,,,,,593,gpu_orthogonal,4,True,,,torch.float64,2e-10,2e-10,,,,,,,,,8.153200337090993e-16,,3.996928009883979e-06,,,,,improper_with_translation,,,,,,,B+,mixed_padding,,,,pass,,
,,,,,,,,,594,gpu_padding,,,,,torch.float64,,,,,,,,,,,,,,,,,,,,,,,,,B+,mixed_padding,,,,pass,,
,,,,,,,0,0,595,gpu_geometry,,,,,torch.float64,,,,pass,,,,,,0,,0.0,,,0.0,,,,,,,,,,,empty_neighborhood,,,,pass,,
,,,0.0,,,,,,596,cpu_gpu_features,4,True,,,torch.float64,2e-10,2e-10,,,,,,,,,8.881784197001252e-16,,2.37222803315647e-06,,,,,,,,,,,,A,empty_neighborhood,,,,pass,,
,,,0.0,,,,,,597,gpu_rebuilt_features,4,True,,,torch.float64,2e-06,2e-06,,,,,,,,,0.0,,0.0,,,,,,,,,,,,A,empty_neighborhood,,,,pass,,
,,,0.0,,,,,,598,gpu_orthogonal,4,True,,,torch.float64,2e-10,2e-10,,,,,,,,,0.0,,0.0,,,,,rotation_1,,,,,,,A,empty_neighborhood,,,,pass,,
,,,0.0,,,,,,599,gpu_orthogonal,4,True,,,torch.float64,2e-10,2e-10,,,,,,,,,0.0,,0.0,,,,,rotation_2,,,,,,,A,empty_neighborhood,,,,pass,,
,,,0.0,,,,,,600,gpu_orthogonal,4,True,,,torch.float64,2e-10,2e-10,,,,,,,,,0.0,,0.0,,,,,reflection,,,,,,,A,empty_neighborhood,,,,pass,,
,,,0.0,,,,,,601,gpu_orthogonal,4,True,,,torch.float64,2e-10,2e-10,,,,,,,,,0.0,,0.0,,,,,inversion,,,,,,,A,empty_neighborhood,,,,pass,,
,,,0.0,,,,,,602,gpu_orthogonal,4,True,,,torch.float64,2e-10,2e-10,,,,,,,,,0.0,,0.0,,,,,improper_with_translation,,,,,,,A,empty_neighborhood,,,,pass,,
,,,,,,,,,603,gpu_padding,,,,,torch.float64,,,,,,,,,,,,,,,,,,,,,,,,,A,empty_neighborhood,,,,pass,,
,,,0.0,,,,,,604,cpu_gpu_features,4,True,,,torch.float64,2e-10,2e-10,,,,,,,,,1.3322676295501878e-15,,2.3293195601482215e-06,,,,,,,,,,,,B+,empty_neighborhood,,,,pass,,
,,,0.0,,,,,,605,gpu_rebuilt_features,4,True,,,torch.float64,2e-06,2e-06,,,,,,,,,0.0,,0.0,,,,,,,,,,,,B+,empty_neighborhood,,,,pass,,
,,,0.0,,,,,,606,gpu_orthogonal,4,True,,,torch.float64,2e-10,2e-10,,,,,,,,,0.0,,0.0,,,,,rotation_1,,,,,,,B+,empty_neighborhood,,,,pass,,
,,,0.0,,,,,,607,gpu_orthogonal,4,True,,,torch.float64,2e-10,2e-10,,,,,,,,,0.0,,0.0,,,,,rotation_2,,,,,,,B+,empty_neighborhood,,,,pass,,
,,,0.0,,,,,,608,gpu_orthogonal,4,True,,,torch.float64,2e-10,2e-10,,,,,,,,,0.0,,0.0,,,,,reflection,,,,,,,B+,empty_neighborhood,,,,pass,,
,,,0.0,,,,,,609,gpu_orthogonal,4,True,,,torch.float64,2e-10,2e-10,,,,,,,,,0.0,,0.0,,,,,inversion,,,,,,,B+,empty_neighborhood,,,,pass,,
,,,0.0,,,,,,610,gpu_orthogonal,4,True,,,torch.float64,2e-10,2e-10,,,,,,,,,0.0,,0.0,,,,,improper_with_translation,,,,,,,B+,empty_neighborhood,,,,pass,,
,,,,,,,,,611,gpu_padding,,,,,torch.float64,,,,,,,,,,,,,,,,,,,,,,,,,B+,empty_neighborhood,,,,pass,,
,,,,,,,0,0,612,gpu_geometry,,,,,torch.float64,,,,pass,,,,,,0,,0.0,,,0.0,,,,,,,,,,,all_padding,,,,pass,,
,,,0.0,,,,,,613,cpu_gpu_features,4,True,,,torch.float64,2e-10,2e-10,,,,,,,,,0.0,,0.0,,,,,,,,,,,,A,all_padding,,,,pass,,
,,,0.0,,,,,,614,gpu_rebuilt_features,4,True,,,torch.float64,2e-06,2e-06,,,,,,,,,0.0,,0.0,,,,,,,,,,,,A,all_padding,,,,pass,,
,,,0.0,,,,,,615,gpu_orthogonal,4,True,,,torch.float64,2e-10,2e-10,,,,,,,,,0.0,,0.0,,,,,rotation_1,,,,,,,A,all_padding,,,,pass,,
,,,0.0,,,,,,616,gpu_orthogonal,4,True,,,torch.float64,2e-10,2e-10,,,,,,,,,0.0,,0.0,,,,,rotation_2,,,,,,,A,all_padding,,,,pass,,
,,,0.0,,,,,,617,gpu_orthogonal,4,True,,,torch.float64,2e-10,2e-10,,,,,,,,,0.0,,0.0,,,,,reflection,,,,,,,A,all_padding,,,,pass,,
,,,0.0,,,,,,618,gpu_orthogonal,4,True,,,torch.float64,2e-10,2e-10,,,,,,,,,0.0,,0.0,,,,,inversion,,,,,,,A,all_padding,,,,pass,,
,,,0.0,,,,,,619,gpu_orthogonal,4,True,,,torch.float64,2e-10,2e-10,,,,,,,,,0.0,,0.0,,,,,improper_with_translation,,,,,,,A,all_padding,,,,pass,,
,,,0.0,,,,,,620,cpu_gpu_features,4,True,,,torch.float64,2e-10,2e-10,,,,,,,,,0.0,,0.0,,,,,,,,,,,,B+,all_padding,,,,pass,,
,,,0.0,,,,,,621,gpu_rebuilt_features,4,True,,,torch.float64,2e-06,2e-06,,,,,,,,,0.0,,0.0,,,,,,,,,,,,B+,all_padding,,,,pass,,
,,,0.0,,,,,,622,gpu_orthogonal,4,True,,,torch.float64,2e-10,2e-10,,,,,,,,,0.0,,0.0,,,,,rotation_1,,,,,,,B+,all_padding,,,,pass,,
,,,0.0,,,,,,623,gpu_orthogonal,4,True,,,torch.float64,2e-10,2e-10,,,,,,,,,0.0,,0.0,,,,,rotation_2,,,,,,,B+,all_padding,,,,pass,,
,,,0.0,,,,,,624,gpu_orthogonal,4,True,,,torch.float64,2e-10,2e-10,,,,,,,,,0.0,,0.0,,,,,reflection,,,,,,,B+,all_padding,,,,pass,,
,,,0.0,,,,,,625,gpu_orthogonal,4,True,,,torch.float64,2e-10,2e-10,,,,,,,,,0.0,,0.0,,,,,inversion,,,,,,,B+,all_padding,,,,pass,,
,,,0.0,,,,,,626,gpu_orthogonal,4,True,,,torch.float64,2e-10,2e-10,,,,,,,,,0.0,,0.0,,,,,improper_with_translation,,,,,,,B+,all_padding,,,,pass,,
,,,,,,,0,0,627,gpu_geometry,,,,,torch.float64,,,,pass,,,,,,0,,0.0,,,0.0,,,,,,,,,,,zero_slots,,,,pass,,
,,,0.0,,,,,,628,cpu_gpu_features,4,True,,,torch.float64,2e-10,2e-10,,,,,,,,,0.0,,0.0,,,,,,,,,,,,A,zero_slots,,,,pass,,
,,,0.0,,,,,,629,gpu_rebuilt_features,4,True,,,torch.float64,2e-06,2e-06,,,,,,,,,0.0,,0.0,,,,,,,,,,,,A,zero_slots,,,,pass,,
,,,0.0,,,,,,630,gpu_orthogonal,4,True,,,torch.float64,2e-10,2e-10,,,,,,,,,0.0,,0.0,,,,,rotation_1,,,,,,,A,zero_slots,,,,pass,,
,,,0.0,,,,,,631,gpu_orthogonal,4,True,,,torch.float64,2e-10,2e-10,,,,,,,,,0.0,,0.0,,,,,rotation_2,,,,,,,A,zero_slots,,,,pass,,
,,,0.0,,,,,,632,gpu_orthogonal,4,True,,,torch.float64,2e-10,2e-10,,,,,,,,,0.0,,0.0,,,,,reflection,,,,,,,A,zero_slots,,,,pass,,
,,,0.0,,,,,,633,gpu_orthogonal,4,True,,,torch.float64,2e-10,2e-10,,,,,,,,,0.0,,0.0,,,,,inversion,,,,,,,A,zero_slots,,,,pass,,
,,,0.0,,,,,,634,gpu_orthogonal,4,True,,,torch.float64,2e-10,2e-10,,,,,,,,,0.0,,0.0,,,,,improper_with_translation,,,,,,,A,zero_slots,,,,pass,,
,,,0.0,,,,,,635,cpu_gpu_features,4,True,,,torch.float64,2e-10,2e-10,,,,,,,,,0.0,,0.0,,,,,,,,,,,,B+,zero_slots,,,,pass,,
,,,0.0,,,,,,636,gpu_rebuilt_features,4,True,,,torch.float64,2e-06,2e-06,,,,,,,,,0.0,,0.0,,,,,,,,,,,,B+,zero_slots,,,,pass,,
,,,0.0,,,,,,637,gpu_orthogonal,4,True,,,torch.float64,2e-10,2e-10,,,,,,,,,0.0,,0.0,,,,,rotation_1,,,,,,,B+,zero_slots,,,,pass,,
,,,0.0,,,,,,638,gpu_orthogonal,4,True,,,torch.float64,2e-10,2e-10,,,,,,,,,0.0,,0.0,,,,,rotation_2,,,,,,,B+,zero_slots,,,,pass,,
,,,0.0,,,,,,639,gpu_orthogonal,4,True,,,torch.float64,2e-10,2e-10,,,,,,,,,0.0,,0.0,,,,,reflection,,,,,,,B+,zero_slots,,,,pass,,
,,,0.0,,,,,,640,gpu_orthogonal,4,True,,,torch.float64,2e-10,2e-10,,,,,,,,,0.0,,0.0,,,,,inversion,,,,,,,B+,zero_slots,,,,pass,,
,,,0.0,,,,,,641,gpu_orthogonal,4,True,,,torch.float64,2e-10,2e-10,,,,,,,,,0.0,,0.0,,,,,improper_with_translation,,,,,,,B+,zero_slots,,,,pass,,
,,,,,,,0,0,642,gpu_geometry,,,,,torch.float64,,,,pass,,,,mp-aaabofsw,10086,7704,,8.881784197001252e-16,,,0.0,,,,,,,,,,,real,,,train,pass,,
,,,0.0,,,,,,643,cpu_gpu_features,4,True,,,torch.float64,2e-10,2e-10,,,,,,mp-aaabofsw,10086,,3.552713678800501e-15,,1.5954981159785346e-05,,,,,,,,,,,,A,real,,,train,pass,,
,,,0.0,,,,,,644,gpu_rebuilt_features,4,True,,,torch.float64,2e-06,2e-06,,,,,,mp-aaabofsw,10086,,2.1163626406917047e-15,,1.0333520115816241e-09,,,,,,,,,,,,A,real,,,train,pass,,
,,,0.0,,,,,,645,gpu_orthogonal,4,True,,,torch.float64,2e-10,2e-10,,,,,,mp-aaabofsw,10086,,2.248201624865942e-15,,1.0934530573605954e-05,,,,,rotation_1,,,,,,,A,real,,,train,pass,,
,,,0.0,,,,,,646,gpu_orthogonal,4,True,,,torch.float64,2e-10,2e-10,,,,,,mp-aaabofsw,10086,,2.6471880243406076e-15,,1.287507226490948e-05,,,,,rotation_2,,,,,,,A,real,,,train,pass,,
,,,0.0,,,,,,647,gpu_orthogonal,4,True,,,torch.float64,2e-10,2e-10,,,,,,mp-aaabofsw,10086,,2.220446049250313e-15,,1.076578781784043e-05,,,,,reflection,,,,,,,A,real,,,train,pass,,
,,,0.0,,,,,,648,gpu_orthogonal,4,True,,,torch.float64,2e-10,2e-10,,,,,,mp-aaabofsw,10086,,2.220446049250313e-15,,8.369456982402536e-06,,,,,inversion,,,,,,,A,real,,,train,pass,,
,,,0.0,,,,,,649,gpu_orthogonal,4,True,,,torch.float64,2e-10,2e-10,,,,,,mp-aaabofsw,10086,,2.220446049250313e-15,,8.958855361444968e-06,,,,,improper_with_translation,,,,,,,A,real,,,train,pass,,
,,,,,,,,,650,gpu_padding,,,,,torch.float64,,,,,,,,mp-aaabofsw,10086,,,,,,,,,,,,,,,,A,real,,,train,pass,,
,,,7.632783294297951e-17,,,,,,651,cpu_gpu_features,4,True,,,torch.float64,2e-10,2e-10,,,,,,mp-aaabofsw,10086,,4.440892098500626e-15,,2.059277419448684e-05,,,,,,,,,,,,B+,real,,,train,pass,,
,,,5.204170427930421e-17,,,,,,652,gpu_rebuilt_features,4,True,,,torch.float64,2e-06,2e-06,,,,,,mp-aaabofsw,10086,,2.220446049250313e-15,,8.045403508382721e-10,,,,,,,,,,,,B+,real,,,train,pass,,
,,,3.122502256758253e-17,,,,,,653,gpu_orthogonal,4,True,,,torch.float64,2e-10,2e-10,,,,,,mp-aaabofsw,10086,,1.942890293094024e-15,,9.34215341411592e-06,,,,,rotation_1,,,,,,,B+,real,,,train,pass,,
,,,2.42861286636753e-17,,,,,,654,gpu_orthogonal,4,True,,,torch.float64,2e-10,2e-10,,,,,,mp-aaabofsw,10086,,2.147587663259287e-15,,1.0503269821533998e-05,,,,,rotation_2,,,,,,,B+,real,,,train,pass,,
,,,2.6020852139652106e-17,,,,,,655,gpu_orthogonal,4,True,,,torch.float64,2e-10,2e-10,,,,,,mp-aaabofsw,10086,,2.55351295663786e-15,,9.07047399990224e-06,,,,,reflection,,,,,,,B+,real,,,train,pass,,
,,,3.469446951953614e-17,,,,,,656,gpu_orthogonal,4,True,,,torch.float64,2e-10,2e-10,,,,,,mp-aaabofsw,10086,,2.220446049250313e-15,,9.255324721700453e-06,,,,,inversion,,,,,,,B+,real,,,train,pass,,
,,,2.5153490401663703e-17,,,,,,657,gpu_orthogonal,4,True,,,torch.float64,2e-10,2e-10,,,,,,mp-aaabofsw,10086,,2.55351295663786e-15,,9.756672289793294e-06,,,,,improper_with_translation,,,,,,,B+,real,,,train,pass,,
,,,,,,,,,658,gpu_padding,,,,,torch.float64,,,,,,,,mp-aaabofsw,10086,,,,,,,,,,,,,,,,B+,real,,,train,pass,,
,,,0.0,,,,0,0,659,gpu_translation,4,True,,,torch.float64,2e-06,2e-06,,pass,,,,mp-aaabofsw,10086,7704,2.048708425128609e-15,1.7763568394002505e-15,1.0185323673907005e-09,,8.881784197001252e-16,,,,,,,,,,A,real,,,train,pass,,
,,,6.591949208711867e-17,,,,0,0,660,gpu_translation,4,True,,,torch.float64,2e-06,2e-06,,pass,,,,mp-aaabofsw,10086,7704,2.55351295663786e-15,1.7763568394002505e-15,1.1418170703348961e-09,,8.881784197001252e-16,,,,,,,,,,B+,real,,,train,pass,,
,,,,,,,0,0,661,gpu_geometry,,,,,torch.float64,,,,pass,,,,mp-aaacpjac,15488,800,,8.881784197001252e-16,,,0.0,,,,,,,,,,,real,,,train,pass,,
,,,0.0,,,,,,662,cpu_gpu_features,4,True,,,torch.float64,2e-10,2e-10,,,,,,mp-aaacpjac,15488,,2.7200464103316335e-15,,9.608567376140846e-06,,,,,,,,,,,,A,real,,,train,pass,,
,,,0.0,,,,,,663,gpu_rebuilt_features,4,True,,,torch.float64,2e-06,2e-06,,,,,,mp-aaacpjac,15488,,1.3322676295501878e-15,,4.3655825024724687e-10,,,,,,,,,,,,A,real,,,train,pass,,
,,,0.0,,,,,,664,gpu_orthogonal,4,True,,,torch.float64,2e-10,2e-10,,,,,,mp-aaacpjac,15488,,1.5543122344752192e-15,,5.9716980296959505e-06,,,,,rotation_1,,,,,,,A,real,,,train,pass,,
,,,0.0,,,,,,665,gpu_orthogonal,4,True,,,torch.float64,2e-10,2e-10,,,,,,mp-aaacpjac,15488,,1.1934897514720433e-15,,4.911652192093302e-06,,,,,rotation_2,,,,,,,A,real,,,train,pass,,
,,,0.0,,,,,,666,gpu_orthogonal,4,True,,,torch.float64,2e-10,2e-10,,,,,,mp-aaacpjac,15488,,1.1657341758564144e-15,,4.701396541124197e-06,,,,,reflection,,,,,,,A,real,,,train,pass,,
,,,0.0,,,,,,667,gpu_orthogonal,4,True,,,torch.float64,2e-10,2e-10,,,,,,mp-aaacpjac,15488,,1.3322676295501878e-15,,3.822715233419275e-06,,,,,inversion,,,,,,,A,real,,,train,pass,,
,,,0.0,,,,,,668,gpu_orthogonal,4,True,,,torch.float64,2e-10,2e-10,,,,,,mp-aaacpjac,15488,,2.220446049250313e-15,,5.9716980296959505e-06,,,,,improper_with_translation,,,,,,,A,real,,,train,pass,,
,,,,,,,,,669,gpu_padding,,,,,torch.float64,,,,,,,,mp-aaacpjac,15488,,,,,,,,,,,,,,,,A,real,,,train,pass,,
,,,3.8163916471489756e-17,,,,,,670,cpu_gpu_features,4,True,,,torch.float64,2e-10,2e-10,,,,,,mp-aaacpjac,15488,,2.886579864025407e-15,,9.62415922802835e-06,,,,,,,,,,,,B+,real,,,train,pass,,
,,,3.469446951953614e-17,,,,,,671,gpu_rebuilt_features,4,True,,,torch.float64,2e-06,2e-06,,,,,,mp-aaacpjac,15488,,1.3322676295501878e-15,,4.1146837377344235e-10,,,,,,,,,,,,B+,real,,,train,pass,,
,,,4.163336342344337e-17,,,,,,672,gpu_orthogonal,4,True,,,torch.float64,2e-10,2e-10,,,,,,mp-aaacpjac,15488,,1.5543122344752192e-15,,6.479972453385287e-06,,,,,rotation_1,,,,,,,B+,real,,,train,pass,,
,,,4.5102810375396984e-17,,,,,,673,gpu_orthogonal,4,True,,,torch.float64,2e-10,2e-10,,,,,,mp-aaacpjac,15488,,1.5543122344752192e-15,,4.859979340038965e-06,,,,,rotation_2,,,,,,,B+,real,,,train,pass,,
,,,2.7755575615628914e-17,,,,,,674,gpu_orthogonal,4,True,,,torch.float64,2e-10,2e-10,,,,,,mp-aaacpjac,15488,,1.5751289161869408e-15,,7.456901493793579e-06,,,,,reflection,,,,,,,B+,real,,,train,pass,,
,,,2.42861286636753e-17,,,,,,675,gpu_orthogonal,4,True,,,torch.float64,2e-10,2e-10,,,,,,mp-aaacpjac,15488,,1.5543122344752192e-15,,4.423701882969019e-06,,,,,inversion,,,,,,,B+,real,,,train,pass,,
,,,2.0816681711721685e-17,,,,,,676,gpu_orthogonal,4,True,,,torch.float64,2e-10,2e-10,,,,,,mp-aaacpjac,15488,,1.7763568394002505e-15,,5.90573407174468e-06,,,,,improper_with_translation,,,,,,,B+,real,,,train,pass,,
,,,,,,,,,677,gpu_padding,,,,,torch.float64,,,,,,,,mp-aaacpjac,15488,,,,,,,,,,,,,,,,B+,real,,,train,pass,,
,,,0.0,,,,0,0,678,gpu_translation,4,True,,,torch.float64,2e-06,2e-06,,pass,,,,mp-aaacpjac,15488,800,2.4424906541753444e-15,8.881784197001252e-16,5.932714682847201e-10,,0.0,,,,,,,,,,A,real,,,train,pass,,
,,,2.7755575615628914e-17,,,,0,0,679,gpu_translation,4,True,,,torch.float64,2e-06,2e-06,,pass,,,,mp-aaacpjac,15488,800,2.275957200481571e-15,8.881784197001252e-16,8.165788354030341e-10,,0.0,,,,,,,,,,B+,real,,,train,pass,,
,,,,,,,0,0,680,gpu_geometry,,,,,torch.float64,,,,pass,,,,mp-aaacpgnk,15136,108,,3.552713678800501e-15,,,1.7763568394002505e-15,,,,,,,,,,,real,,,train,pass,,
,,,0.0,,,,,,681,cpu_gpu_features,4,True,,,torch.float64,2e-10,2e-10,,,,,,mp-aaacpgnk,15136,,2.4424906541753444e-15,,8.413164941365828e-06,,,,,,,,,,,,A,real,,,train,pass,,
,,,0.0,,,,,,682,gpu_rebuilt_features,4,True,,,torch.float64,2e-06,2e-06,,,,,,mp-aaacpgnk,15136,,2.942091015256665e-15,,1.1630274773618785e-09,,,,,,,,,,,,A,real,,,train,pass,,
,,,0.0,,,,,,683,gpu_orthogonal,4,True,,,torch.float64,2e-10,2e-10,,,,,,mp-aaacpgnk,15136,,8.881784197001252e-16,,3.391399262270949e-06,,,,,rotation_1,,,,,,,A,real,,,train,pass,,
,,,0.0,,,,,,684,gpu_orthogonal,4,True,,,torch.float64,2e-10,2e-10,,,,,,mp-aaacpgnk,15136,,7.771561172376096e-16,,2.101204604768847e-06,,,,,rotation_2,,,,,,,A,real,,,train,pass,,
,,,0.0,,,,,,685,gpu_orthogonal,4,True,,,torch.float64,2e-10,2e-10,,,,,,mp-aaacpgnk,15136,,8.881784197001252e-16,,2.359744841398274e-06,,,,,reflection,,,,,,,A,real,,,train,pass,,
,,,0.0,,,,,,686,gpu_orthogonal,4,True,,,torch.float64,2e-10,2e-10,,,,,,mp-aaacpgnk,15136,,9.992007221626409e-16,,3.2888429896618344e-06,,,,,inversion,,,,,,,A,real,,,train,pass,,
,,,0.0,,,,,,687,gpu_orthogonal,4,True,,,torch.float64,2e-10,2e-10,,,,,,mp-aaacpgnk,15136,,1.1102230246251565e-15,,2.7798587590322383e-06,,,,,improper_with_translation,,,,,,,A,real,,,train,pass,,
,,,,,,,,,688,gpu_padding,,,,,torch.float64,,,,,,,,mp-aaacpgnk,15136,,,,,,,,,,,,,,,,A,real,,,train,pass,,
,,,3.8163916471489756e-17,,,,,,689,cpu_gpu_features,4,True,,,torch.float64,2e-10,2e-10,,,,,,mp-aaacpgnk,15136,,3.9968028886505635e-15,,1.8399084409032726e-05,,,,,,,,,,,,B+,real,,,train,pass,,
,,,6.245004513516506e-17,,,,,,690,gpu_rebuilt_features,4,True,,,torch.float64,2e-06,2e-06,,,,,,mp-aaacpgnk,15136,,3.969047313034935e-15,,1.8999306989621455e-09,,,,,,,,,,,,B+,real,,,train,pass,,
,,,3.8163916471489756e-17,,,,,,691,gpu_orthogonal,4,True,,,torch.float64,2e-10,2e-10,,,,,,mp-aaacpgnk,15136,,8.881784197001252e-16,,2.537202850982561e-06,,,,,rotation_1,,,,,,,B+,real,,,train,pass,,
,,,1.0408340855860843e-17,,,,,,692,gpu_orthogonal,4,True,,,torch.float64,2e-10,2e-10,,,,,,mp-aaacpgnk,15136,,8.881784197001252e-16,,2.814015203232233e-06,,,,,rotation_2,,,,,,,B+,real,,,train,pass,,
,,,2.0816681711721685e-17,,,,,,693,gpu_orthogonal,4,True,,,torch.float64,2e-10,2e-10,,,,,,mp-aaacpgnk,15136,,8.881784197001252e-16,,2.5260741984854507e-06,,,,,reflection,,,,,,,B+,real,,,train,pass,,
,,,2.0816681711721685e-17,,,,,,694,gpu_orthogonal,4,True,,,torch.float64,2e-10,2e-10,,,,,,mp-aaacpgnk,15136,,8.881784197001252e-16,,2.622942511776901e-06,,,,,inversion,,,,,,,B+,real,,,train,pass,,
,,,3.122502256758253e-17,,,,,,695,gpu_orthogonal,4,True,,,torch.float64,2e-10,2e-10,,,,,,mp-aaacpgnk,15136,,8.881784197001252e-16,,2.784766416455533e-06,,,,,improper_with_translation,,,,,,,B+,real,,,train,pass,,
,,,,,,,,,696,gpu_padding,,,,,torch.float64,,,,,,,,mp-aaacpgnk,15136,,,,,,,,,,,,,,,,B+,real,,,train,pass,,
,,,0.0,,,,0,0,697,gpu_translation,4,True,,,torch.float64,2e-06,2e-06,,pass,,,,mp-aaacpgnk,15136,108,3.1086244689504383e-15,3.552713678800501e-15,1.1630274773618785e-09,,1.7763568394002505e-15,,,,,,,,,,A,real,,,train,pass,,
,,,6.245004513516506e-17,,,,0,0,698,gpu_translation,4,True,,,torch.float64,2e-06,2e-06,,pass,,,,mp-aaacpgnk,15136,108,3.656797087359109e-15,3.552713678800501e-15,1.7504606264913475e-09,,1.7763568394002505e-15,,,,,,,,,,B+,real,,,train,pass,,
,,,,,,,0,0,699,gpu_geometry,,,,,torch.float64,,,,pass,,,,mp-aaaaaaab,0,8,,0.0,,,4.440892098500626e-16,,,,,,,,,,,real,,,train,pass,,
,,,0.0,,,,,,700,cpu_gpu_features,4,True,,,torch.float64,2e-10,2e-10,,,,,,mp-aaaaaaab,0,,1.9984014443252818e-15,,6.832610686358366e-06,,,,,,,,,,,,A,real,,,train,pass,,
,,,0.0,,,,,,701,gpu_rebuilt_features,4,True,,,torch.float64,2e-06,2e-06,,,,,,mp-aaaaaaab,0,,0.0,,0.0,,,,,,,,,,,,A,real,,,train,pass,,
,,,0.0,,,,,,702,gpu_orthogonal,4,True,,,torch.float64,2e-10,2e-10,,,,,,mp-aaaaaaab,0,,0.0,,0.0,,,,,rotation_1,,,,,,,A,real,,,train,pass,,
,,,0.0,,,,,,703,gpu_orthogonal,4,True,,,torch.float64,2e-10,2e-10,,,,,,mp-aaaaaaab,0,,0.0,,0.0,,,,,rotation_2,,,,,,,A,real,,,train,pass,,
,,,0.0,,,,,,704,gpu_orthogonal,4,True,,,torch.float64,2e-10,2e-10,,,,,,mp-aaaaaaab,0,,0.0,,0.0,,,,,reflection,,,,,,,A,real,,,train,pass,,
,,,0.0,,,,,,705,gpu_orthogonal,4,True,,,torch.float64,2e-10,2e-10,,,,,,mp-aaaaaaab,0,,0.0,,0.0,,,,,inversion,,,,,,,A,real,,,train,pass,,
,,,0.0,,,,,,706,gpu_orthogonal,4,True,,,torch.float64,2e-10,2e-10,,,,,,mp-aaaaaaab,0,,0.0,,0.0,,,,,improper_with_translation,,,,,,,A,real,,,train,pass,,
,,,,,,,,,707,gpu_padding,,,,,torch.float64,,,,,,,,mp-aaaaaaab,0,,,,,,,,,,,,,,,,A,real,,,train,pass,,
,,,3.577867169202165e-18,,,,,,708,cpu_gpu_features,4,True,,,torch.float64,2e-10,2e-10,,,,,,mp-aaaaaaab,0,,4.9960036108132044e-15,,1.579742887054e-05,,,,,,,,,,,,B+,real,,,train,pass,,
,,,1.6940658945086007e-21,,,,,,709,gpu_rebuilt_features,4,True,,,torch.float64,2e-06,2e-06,,,,,,mp-aaaaaaab,0,,4.181069192162065e-19,,2.090534593310496e-13,,,,,,,,,,,,B+,real,,,train,pass,,
,,,5.082197683525802e-21,,,,,,710,gpu_orthogonal,4,True,,,torch.float64,2e-10,2e-10,,,,,,mp-aaaaaaab,0,,1.6536777671249334e-18,,8.268388825995186e-09,,,,,rotation_1,,,,,,,B+,real,,,train,pass,,
,,,2.541098841762901e-21,,,,,,711,gpu_orthogonal,4,True,,,torch.float64,2e-10,2e-10,,,,,,mp-aaaaaaab,0,,3.5313945080277104e-18,,1.7656972488144834e-08,,,,,rotation_2,,,,,,,B+,real,,,train,pass,,
,,,0.0,,,,,,712,gpu_orthogonal,4,True,,,torch.float64,2e-10,2e-10,,,,,,mp-aaaaaaab,0,,4.1359030627651384e-24,,2.0679515274309188e-14,,,,,reflection,,,,,,,B+,real,,,train,pass,,
,,,0.0,,,,,,713,gpu_orthogonal,4,True,,,torch.float64,2e-10,2e-10,,,,,,mp-aaaaaaab,0,,0.0,,0.0,,,,,inversion,,,,,,,B+,real,,,train,pass,,
,,,5.082197683525802e-21,,,,,,714,gpu_orthogonal,4,True,,,torch.float64,2e-10,2e-10,,,,,,mp-aaaaaaab,0,,1.6536777671249334e-18,,8.268388825995186e-09,,,,,improper_with_translation,,,,,,,B+,real,,,train,pass,,
,,,,,,,,,715,gpu_padding,,,,,torch.float64,,,,,,,,mp-aaaaaaab,0,,,,,,,,,,,,,,,,B+,real,,,train,pass,,
,,,0.0,,,,0,0,716,gpu_translation,4,True,,,torch.float64,2e-06,2e-06,,pass,,,,mp-aaaaaaab,0,8,0.0,0.0,0.0,,4.440892098500626e-16,,,,,,,,,,A,real,,,train,pass,,
,,,1.6940658945086007e-21,,,,0,0,717,gpu_translation,4,True,,,torch.float64,2e-06,2e-06,,pass,,,,mp-aaaaaaab,0,8,4.181069192162065e-19,0.0,2.090534593310496e-13,,4.440892098500626e-16,,,,,,,,,,B+,real,,,train,pass,,
,,,,,,,0,0,718,gpu_geometry,,,,,torch.float64,,,,pass,,,,mp-aaaaagxd,1767,7968,,8.881784197001252e-16,,,0.0,,,,,,,,,,,real,,,train,pass,,
,,,0.0,,,,,,719,cpu_gpu_features,4,True,,,torch.float64,2e-10,2e-10,,,,,,mp-aaaaagxd,1767,,3.1086244689504383e-15,,1.316893239575795e-05,,,,,,,,,,,,A,real,,,train,pass,,
,,,0.0,,,,,,720,gpu_rebuilt_features,4,True,,,torch.float64,2e-06,2e-06,,,,,,mp-aaaaagxd,1767,,2.220446049250313e-15,,6.585784888290498e-10,,,,,,,,,,,,A,real,,,train,pass,,
,,,0.0,,,,,,721,gpu_orthogonal,4,True,,,torch.float64,2e-10,2e-10,,,,,,mp-aaaaagxd,1767,,1.7763568394002505e-15,,4.844003187782692e-06,,,,,rotation_1,,,,,,,A,real,,,train,pass,,
,,,0.0,,,,,,722,gpu_orthogonal,4,True,,,torch.float64,2e-10,2e-10,,,,,,mp-aaaaagxd,1767,,1.3322676295501878e-15,,4.813307777194777e-06,,,,,rotation_2,,,,,,,A,real,,,train,pass,,
,,,0.0,,,,,,723,gpu_orthogonal,4,True,,,torch.float64,2e-10,2e-10,,,,,,mp-aaaaagxd,1767,,1.5543122344752192e-15,,5.400652887162544e-06,,,,,reflection,,,,,,,A,real,,,train,pass,,
,,,0.0,,,,,,724,gpu_orthogonal,4,True,,,torch.float64,2e-10,2e-10,,,,,,mp-aaaaagxd,1767,,1.5543122344752192e-15,,4.813307777194777e-06,,,,,inversion,,,,,,,A,real,,,train,pass,,
,,,0.0,,,,,,725,gpu_orthogonal,4,True,,,torch.float64,2e-10,2e-10,,,,,,mp-aaaaagxd,1767,,1.5543122344752192e-15,,5.466160157577053e-06,,,,,improper_with_translation,,,,,,,A,real,,,train,pass,,
,,,,,,,,,726,gpu_padding,,,,,torch.float64,,,,,,,,mp-aaaaagxd,1767,,,,,,,,,,,,,,,,A,real,,,train,pass,,
,,,6.548581121812447e-17,,,,,,727,cpu_gpu_features,4,True,,,torch.float64,2e-10,2e-10,,,,,,mp-aaaaagxd,1767,,3.885780586188048e-15,,1.8681828366768883e-05,,,,,,,,,,,,B+,real,,,train,pass,,
,,,3.0791341698588326e-17,,,,,,728,gpu_rebuilt_features,4,True,,,torch.float64,2e-06,2e-06,,,,,,mp-aaaaagxd,1767,,1.970645868709653e-15,,8.614653889130426e-10,,,,,,,,,,,,B+,real,,,train,pass,,
,,,1.474514954580286e-17,,,,,,729,gpu_orthogonal,4,True,,,torch.float64,2e-10,2e-10,,,,,,mp-aaaaagxd,1767,,1.7763568394002505e-15,,6.592594746367417e-06,,,,,rotation_1,,,,,,,B+,real,,,train,pass,,
,,,2.168404344971009e-17,,,,,,730,gpu_orthogonal,4,True,,,torch.float64,2e-10,2e-10,,,,,,mp-aaaaagxd,1767,,1.7763568394002505e-15,,6.878103228742317e-06,,,,,rotation_2,,,,,,,B+,real,,,train,pass,,
,,,1.5612511283791264e-17,,,,,,731,gpu_orthogonal,4,True,,,torch.float64,2e-10,2e-10,,,,,,mp-aaaaagxd,1767,,2.220446049250313e-15,,9.492662000523928e-06,,,,,reflection,,,,,,,B+,real,,,train,pass,,
,,,1.3877787807814457e-17,,,,,,732,gpu_orthogonal,4,True,,,torch.float64,2e-10,2e-10,,,,,,mp-aaaaagxd,1767,,1.9984014443252818e-15,,6.848723648069838e-06,,,,,inversion,,,,,,,B+,real,,,train,pass,,
,,,1.9081958235744878e-17,,,,,,733,gpu_orthogonal,4,True,,,torch.float64,2e-10,2e-10,,,,,,mp-aaaaagxd,1767,,1.7763568394002505e-15,,6.491429609594515e-06,,,,,improper_with_translation,,,,,,,B+,real,,,train,pass,,
,,,,,,,,,734,gpu_padding,,,,,torch.float64,,,,,,,,mp-aaaaagxd,1767,,,,,,,,,,,,,,,,B+,real,,,train,pass,,
,,,0.0,,,,0,0,735,gpu_translation,4,True,,,torch.float64,2e-06,2e-06,,pass,,,,mp-aaaaagxd,1767,7968,1.7763568394002505e-15,1.7763568394002505e-15,7.740364424726743e-10,,1.1102230246251565e-15,,,,,,,,,,A,real,,,train,pass,,
,,,4.597017211338539e-17,,,,0,0,736,gpu_translation,4,True,,,torch.float64,2e-06,2e-06,,pass,,,,mp-aaaaagxd,1767,7968,2.831068712794149e-15,1.7763568394002505e-15,1.172312176075749e-09,,1.1102230246251565e-15,,,,,,,,,,B+,real,,,train,pass,,
,,,,,,,0,0,737,gpu_geometry,,,,,torch.float64,,,,pass,,,,mp-aaacrkql,17703,104,,0.0,,,0.0,,,,,,,,,,,real,,,train,pass,,
,,,0.0,,,,,,738,cpu_gpu_features,4,True,,,torch.float64,2e-10,2e-10,,,,,,mp-aaacrkql,17703,,1.7763568394002505e-15,,5.571885944263596e-06,,,,,,,,,,,,A,real,,,train,pass,,
,,,0.0,,,,,,739,gpu_rebuilt_features,4,True,,,torch.float64,2e-06,2e-06,,,,,,mp-aaacrkql,17703,,8.881784197001252e-16,,2.482613656671458e-10,,,,,,,,,,,,A,real,,,train,pass,,
,,,0.0,,,,,,740,gpu_orthogonal,4,True,,,torch.float64,2e-10,2e-10,,,,,,mp-aaacrkql,17703,,6.661338147750939e-16,,2.38433408906872e-06,,,,,rotation_1,,,,,,,A,real,,,train,pass,,
,,,0.0,,,,,,741,gpu_orthogonal,4,True,,,torch.float64,2e-10,2e-10,,,,,,mp-aaacrkql,17703,,8.881784197001252e-16,,2.349176833804034e-06,,,,,rotation_2,,,,,,,A,real,,,train,pass,,
,,,0.0,,,,,,742,gpu_orthogonal,4,True,,,torch.float64,2e-10,2e-10,,,,,,mp-aaacrkql,17703,,6.661338147750939e-16,,2.38433408906872e-06,,,,,reflection,,,,,,,A,real,,,train,pass,,
,,,0.0,,,,,,743,gpu_orthogonal,4,True,,,torch.float64,2e-10,2e-10,,,,,,mp-aaacrkql,17703,,6.661338147750939e-16,,2.38433408906872e-06,,,,,inversion,,,,,,,A,real,,,train,pass,,
,,,0.0,,,,,,744,gpu_orthogonal,4,True,,,torch.float64,2e-10,2e-10,,,,,,mp-aaacrkql,17703,,8.881784197001252e-16,,2.9291652834925156e-06,,,,,improper_with_translation,,,,,,,A,real,,,train,pass,,
,,,,,,,,,745,gpu_padding,,,,,torch.float64,,,,,,,,mp-aaacrkql,17703,,,,,,,,,,,,,,,,A,real,,,train,pass,,
,,,2.168404344971009e-17,,,,,,746,cpu_gpu_features,4,True,,,torch.float64,2e-10,2e-10,,,,,,mp-aaacrkql,17703,,1.9984014443252818e-15,,7.69298094528678e-06,,,,,,,,,,,,B+,real,,,train,pass,,
,,,6.071532165918825e-18,,,,,,747,gpu_rebuilt_features,4,True,,,torch.float64,2e-06,2e-06,,,,,,mp-aaacrkql,17703,,8.881784197001252e-16,,3.0702444188399315e-10,,,,,,,,,,,,B+,real,,,train,pass,,
,,,9.540979117872439e-18,,,,,,748,gpu_orthogonal,4,True,,,torch.float64,2e-10,2e-10,,,,,,mp-aaacrkql,17703,,8.881784197001252e-16,,2.7760154407431053e-06,,,,,rotation_1,,,,,,,B+,real,,,train,pass,,
,,,1.1275702593849246e-17,,,,,,749,gpu_orthogonal,4,True,,,torch.float64,2e-10,2e-10,,,,,,mp-aaacrkql,17703,,9.992007221626409e-16,,3.1824062440805444e-06,,,,,rotation_2,,,,,,,B+,real,,,train,pass,,
,,,4.336808689942018e-18,,,,,,750,gpu_orthogonal,4,True,,,torch.float64,2e-10,2e-10,,,,,,mp-aaacrkql,17703,,8.881784197001252e-16,,2.7846054635704763e-06,,,,,reflection,,,,,,,B+,real,,,train,pass,,
,,,8.673617379884035e-18,,,,,,751,gpu_orthogonal,4,True,,,torch.float64,2e-10,2e-10,,,,,,mp-aaacrkql,17703,,8.881784197001252e-16,,2.9687114431944527e-06,,,,,inversion,,,,,,,B+,real,,,train,pass,,
,,,8.673617379884035e-18,,,,,,752,gpu_orthogonal,4,True,,,torch.float64,2e-10,2e-10,,,,,,mp-aaacrkql,17703,,8.881784197001252e-16,,3.1155012302181805e-06,,,,,improper_with_translation,,,,,,,B+,real,,,train,pass,,
,,,,,,,,,753,gpu_padding,,,,,torch.float64,,,,,,,,mp-aaacrkql,17703,,,,,,,,,,,,,,,,B+,real,,,train,pass,,
,,,0.0,,,,0,0,754,gpu_translation,4,True,,,torch.float64,2e-06,2e-06,,pass,,,,mp-aaacrkql,17703,104,8.881784197001252e-16,8.881784197001252e-16,2.3843340890687205e-10,,4.440892098500626e-16,,,,,,,,,,A,real,,,train,pass,,
,,,1.3010426069826053e-17,,,,0,0,755,gpu_translation,4,True,,,torch.float64,2e-06,2e-06,,pass,,,,mp-aaacrkql,17703,104,1.1102230246251565e-15,8.881784197001252e-16,2.862382263653983e-10,,4.440892098500626e-16,,,,,,,,,,B+,real,,,train,pass,,
,,,,,,,0,0,756,gpu_geometry,,,,,torch.float64,,,,pass,,,,mp-aaaciuwb,13453,276,,2.6645352591003757e-15,,,3.1086244689504383e-15,,,,,,,,,,,real,,,train,pass,,
,,,0.0,,,,,,757,cpu_gpu_features,4,True,,,torch.float64,2e-10,2e-10,,,,,,mp-aaaciuwb,13453,,1.7763568394002505e-15,,6.390800710283381e-06,,,,,,,,,,,,A,real,,,train,pass,,
,,,0.0,,,,,,758,gpu_rebuilt_features,4,True,,,torch.float64,2e-06,2e-06,,,,,,mp-aaaciuwb,13453,,1.1102230246251565e-15,,3.809152434079568e-10,,,,,,,,,,,,A,real,,,train,pass,,
,,,0.0,,,,,,759,gpu_orthogonal,4,True,,,torch.float64,2e-10,2e-10,,,,,,mp-aaaciuwb,13453,,1.1102230246251565e-15,,2.958522441819725e-06,,,,,rotation_1,,,,,,,A,real,,,train,pass,,
,,,0.0,,,,,,760,gpu_orthogonal,4,True,,,torch.float64,2e-10,2e-10,,,,,,mp-aaaciuwb,13453,,8.881784197001252e-16,,2.2696729012706545e-06,,,,,rotation_2,,,,,,,A,real,,,train,pass,,
,,,0.0,,,,,,761,gpu_orthogonal,4,True,,,torch.float64,2e-10,2e-10,,,,,,mp-aaaciuwb,13453,,8.881784197001252e-16,,2.957413635312725e-06,,,,,reflection,,,,,,,A,real,,,train,pass,,
,,,0.0,,,,,,762,gpu_orthogonal,4,True,,,torch.float64,2e-10,2e-10,,,,,,mp-aaaciuwb,13453,,8.881784197001252e-16,,2.568113871148908e-06,,,,,inversion,,,,,,,A,real,,,train,pass,,
,,,0.0,,,,,,763,gpu_orthogonal,4,True,,,torch.float64,2e-10,2e-10,,,,,,mp-aaaciuwb,13453,,8.881784197001252e-16,,2.9018306264961185e-06,,,,,improper_with_translation,,,,,,,A,real,,,train,pass,,
,,,,,,,,,764,gpu_padding,,,,,torch.float64,,,,,,,,mp-aaaciuwb,13453,,,,,,,,,,,,,,,,A,real,,,train,pass,,
,,,5.0306980803327406e-17,,,,,,765,cpu_gpu_features,4,True,,,torch.float64,2e-10,2e-10,,,,,,mp-aaaciuwb,13453,,2.6645352591003757e-15,,7.701529706138642e-06,,,,,,,,,,,,B+,real,,,train,pass,,
,,,1.5612511283791264e-17,,,,,,766,gpu_rebuilt_features,4,True,,,torch.float64,2e-06,2e-06,,,,,,mp-aaaciuwb,13453,,1.9984014443252818e-15,,6.861368587710745e-10,,,,,,,,,,,,B+,real,,,train,pass,,
,,,7.806255641895632e-18,,,,,,767,gpu_orthogonal,4,True,,,torch.float64,2e-10,2e-10,,,,,,mp-aaaciuwb,13453,,1.1102230246251565e-15,,2.8872781217673153e-06,,,,,rotation_1,,,,,,,B+,real,,,train,pass,,
,,,4.7704895589362195e-18,,,,,,768,gpu_orthogonal,4,True,,,torch.float64,2e-10,2e-10,,,,,,mp-aaaciuwb,13453,,1.3322676295501878e-15,,3.3594838607941706e-06,,,,,rotation_2,,,,,,,B+,real,,,train,pass,,
,,,4.7704895589362195e-18,,,,,,769,gpu_orthogonal,4,True,,,torch.float64,2e-10,2e-10,,,,,,mp-aaaciuwb,13453,,9.992007221626409e-16,,3.6187755764824906e-06,,,,,reflection,,,,,,,B+,real,,,train,pass,,
,,,9.540979117872439e-18,,,,,,770,gpu_orthogonal,4,True,,,torch.float64,2e-10,2e-10,,,,,,mp-aaaciuwb,13453,,1.1102230246251565e-15,,3.038167694955279e-06,,,,,inversion,,,,,,,B+,real,,,train,pass,,
,,,6.5052130349130266e-18,,,,,,771,gpu_orthogonal,4,True,,,torch.float64,2e-10,2e-10,,,,,,mp-aaaciuwb,13453,,8.881784197001252e-16,,2.8715032508525697e-06,,,,,improper_with_translation,,,,,,,B+,real,,,train,pass,,
,,,,,,,,,772,gpu_padding,,,,,torch.float64,,,,,,,,mp-aaaciuwb,13453,,,,,,,,,,,,,,,,B+,real,,,train,pass,,
,,,0.0,,,,0,0,773,gpu_translation,4,True,,,torch.float64,2e-06,2e-06,,pass,,,,mp-aaaciuwb,13453,276,1.3322676295501878e-15,2.6645352591003757e-15,3.553677783383953e-10,,3.1086244689504383e-15,,,,,,,,,,A,real,,,train,pass,,
,,,1.3877787807814457e-17,,,,0,0,774,gpu_translation,4,True,,,torch.float64,2e-06,2e-06,,pass,,,,mp-aaaciuwb,13453,276,1.7763568394002505e-15,2.6645352591003757e-15,5.537244825170074e-10,,3.1086244689504383e-15,,,,,,,,,,B+,real,,,train,pass,,
,,,0.0,,,,0,0,775,gpu_representation,4,True,,,torch.float64,2e-06,2e-06,,pass,,,,mp-aaaciuwb,13453,,8.881784197001252e-16,,2.134775818154451e-10,,,,,permutation,,,,,,,A,real,,,train,pass,,
,,,1.1058862159352145e-17,,,,0,0,776,gpu_representation,4,True,,,torch.float64,2e-06,2e-06,,pass,,,,mp-aaaciuwb,13453,,1.3322676295501878e-15,,3.359483860794171e-10,,,,,permutation,,,,,,,B+,real,,,train,pass,,
,,,0.0,,,,0,0,777,gpu_representation,4,True,,,torch.float64,2e-06,2e-06,,pass,,,,mp-aaaciuwb,13453,,8.881784197001252e-16,,1.9664562437047007e-10,,,,,integer_images,,,,,,,A,real,,,train,pass,,
,,,9.540979117872439e-18,,,,0,0,778,gpu_representation,4,True,,,torch.float64,2e-06,2e-06,,pass,,,,mp-aaaciuwb,13453,,9.43689570931383e-16,,3.357483537517064e-10,,,,,integer_images,,,,,,,B+,real,,,train,pass,,
,,,0.0,,,,0,0,779,gpu_representation,4,True,,,torch.float64,2e-06,2e-06,,pass,,,,mp-aaaciuwb,13453,,7.3839961922672614e-09,,0.0024530139147685573,,,,,basis_swap,,,,,,,A,real,,,train,pass,,
,,,1.9178040058798196e-10,,,,0,0,780,gpu_representation,4,True,,,torch.float64,2e-06,2e-06,,pass,,,,mp-aaaciuwb,13453,,1.4113456264785995e-08,,0.00609073997087858,,,,,basis_swap,,,,,,,B+,real,,,train,pass,,
,,,0.0,,,,0,0,781,gpu_representation,4,True,,,torch.float64,2e-06,2e-06,,pass,,,,mp-aaaciuwb,13453,,1.1102230246251565e-15,,2.9727434451524137e-10,,,,,basis_shear,,,,,,,A,real,,,train,pass,,
,,,3.252606517456513e-17,,,,0,0,782,gpu_representation,4,True,,,torch.float64,2e-06,2e-06,,pass,,,,mp-aaaciuwb,13453,,1.7763568394002505e-15,,6.108816666099812e-10,,,,,basis_shear,,,,,,,B+,real,,,train,pass,,
,,,,,,,,,783,cpu_gpu_gradients,,,,,torch.float64,,,,,9.855132291890184e-16,35,,mp-aaaciuwb,13453,,4.85722573273506e-17,,,1.0200160013474298e-14,,,,,,,,,,,A,real,,,train,pass,"{""input"": {""max_abs_error"": 2.6020852139652106e-18, ""max_normalized_error"": 9.825600610438995e-08, ""pass"": true, ""relative_l2"": 1.4665529253510607e-15, ""active"": true, ""above_absolute_floor"": true}, ""vectors"": {""max_abs_error"": 1.0058516248644817e-21, ""max_normalized_error"": 5.0291455338294286e-11, ""pass"": true, ""relative_l2"": 1.0200160013474298e-14, ""active"": true, ""above_absolute_floor"": true}, ""distances"": {""max_abs_error"": 2.3145175283723757e-19, ""max_normalized_error"": 1.1567287019707483e-08, ""pass"": true, ""relative_l2"": 5.465950790442955e-15, ""active"": true, ""above_absolute_floor"": true}, ""local_input.weight"": {""max_abs_error"": 2.7755575615628914e-17, ""max_normalized_error"": 9.883508342384807e-07, ""pass"": true, ""relative_l2"": 1.0254907202669962e-15, ""active"": true, ""above_absolute_floor"": true}, ""local_input.bias"": {""max_abs_error"": 2.3635607360183997e-17, ""max_normalized_error"": 6.087619234511156e-07, ""pass"": true, ""relative_l2"": 8.934665359312956e-16, ""active"": true, ""above_absolute_floor"": true}, ""local_output.weight"": {""max_abs_error"": 1.0408340855860843e-17, ""max_normalized_error"": 2.9544084222073503e-07, ""pass"": true, ""relative_l2"": 7.199293950750802e-16, ""active"": true, ""above_absolute_floor"": true}, ""local_output.bias"": {""max_abs_error"": 2.6020852139652106e-18, ""max_normalized_error"": 1.0605648177088509e-07, ""pass"": true, ""relative_l2"": 4.809030038918693e-16, ""active"": true, ""above_absolute_floor"": true}, ""blocks.0.edge_mlp.0.weight"": {""max_abs_error"": 7.589415207398531e-19, ""max_normalized_error"": 3.555276526906807e-08, ""pass"": true, ""relative_l2"": 1.3248848893257222e-15, ""active"": true, ""above_absolute_floor"": true}, ""blocks.0.edge_mlp.0.bias"": {""max_abs_error"": 5.692061405548898e-19, ""max_normalized_error"": 2.705381124854284e-08, ""pass"": true, ""relative_l2"": 8.945048325027852e-16, ""active"": true, ""above_absolute_floor"": true}, ""blocks.0.edge_mlp.2.weight"": {""max_abs_error"": 9.75781955236954e-19, ""max_normalized_error"": 4.104391666652197e-08, ""pass"": true, ""relative_l2"": 1.4096766090446146e-15, ""active"": true, ""above_absolute_floor"": true}, ""blocks.0.edge_mlp.2.bias"": {""max_abs_error"": 3.2526065174565133e-18, ""max_normalized_error"": 9.041363600505421e-08, ""pass"": true, ""relative_l2"": 9.45023924768317e-16, ""active"": true, ""above_absolute_floor"": true}, ""blocks.0.angle_mlp.0.weight"": {""max_abs_error"": 5.963111948670274e-19, ""max_normalized_error"": 2.743163137262799e-08, ""pass"": true, ""relative_l2"": 1.7039974223145675e-15, ""active"": true, ""above_absolute_floor"": true}, ""blocks.0.angle_mlp.0.bias"": {""max_abs_error"": 6.505213034913027e-19, ""max_normalized_error"": 2.8545895715834088e-08, ""pass"": true, ""relative_l2"": 1.5055899229829297e-15, ""active"": true, ""above_absolute_floor"": true}, ""blocks.0.angle_mlp.2.weight"": {""max_abs_error"": 6.505213034913027e-19, ""max_normalized_error"": 2.913305229062739e-08, ""pass"": true, ""relative_l2"": 1.5710465297876574e-15, ""active"": true, ""above_absolute_floor"": true}, ""blocks.0.angle_mlp.2.bias"": {""max_abs_error"": 2.3852447794681098e-18, ""max_normalized_error"": 9.186601558793749e-08, ""pass"": true, ""relative_l2"": 1.4185393180397052e-15, ""active"": true, ""above_absolute_floor"": true}, ""blocks.0.update.0.weight"": {""max_abs_error"": 4.85722573273506e-17, ""max_normalized_error"": 9.001376248161142e-07, ""pass"": true, ""relative_l2"": 1.0233610663767016e-15, ""active"": true, ""above_absolute_floor"": true}, ""blocks.0.update.0.bias"": {""max_abs_error"": 5.204170427930421e-18, ""max_normalized_error"": 2.2166170615261216e-07, ""pass"": true, ""relative_l2"": 1.0050693329620395e-15, ""active"": true, ""above_absolute_floor"": true}, ""blocks.0.update.2.weight"": {""max_abs_error"": 1.463672932855431e-17, ""max_normalized_error"": 5.212876938307798e-07, ""pass"": true, ""relative_l2"": 1.0572802991068298e-15, ""active"": true, ""above_absolute_floor"": true}, ""blocks.0.update.2.bias"": {""max_abs_error"": 2.4069288229178198e-17, ""max_normalized_error"": 6.917634819564356e-07, ""pass"": true, ""relative_l2"": 9.055886548018179e-16, ""active"": true, ""above_absolute_floor"": true}, ""blocks.0.norm.weight"": {""max_abs_error"": 1.2902005852577503e-17, ""max_normalized_error"": 4.81642856727023e-07, ""pass"": true, ""relative_l2"": 1.5137625109962182e-15, ""active"": true, ""above_absolute_floor"": true}, ""blocks.0.norm.bias"": {""max_abs_error"": 8.565197162635485e-18, ""max_normalized_error"": 3.226098544030663e-07, ""pass"": true, ""relative_l2"": 9.155163644962054e-16, ""active"": true, ""above_absolute_floor"": true}, ""blocks.1.edge_mlp.0.weight"": {""max_abs_error"": 8.673617379884035e-19, ""max_normalized_error"": 3.8370846326183895e-08, ""pass"": true, ""relative_l2"": 1.3829936236788656e-15, ""active"": true, ""above_absolute_floor"": true}, ""blocks.1.edge_mlp.0.bias"": {""max_abs_error"": 1.8973538018496328e-19, ""max_normalized_error"": 8.999548783705638e-09, ""pass"": true, ""relative_l2"": 9.961778623401191e-16, ""active"": true, ""above_absolute_floor"": true}, ""blocks.1.edge_mlp.2.weight"": {""max_abs_error"": 1.4094628242311558e-18, ""max_normalized_error"": 5.170726627157893e-08, ""pass"": true, ""relative_l2"": 1.3587182592471615e-15, ""active"": true, ""above_absolute_floor"": true}, ""blocks.1.edge_mlp.2.bias"": {""max_abs_error"": 8.131516293641283e-19, ""max_normalized_error"": 3.6750029086850465e-08, ""pass"": true, ""relative_l2"": 9.939650807358457e-16, ""active"": true, ""above_absolute_floor"": true}, ""blocks.1.angle_mlp.0.weight"": {""max_abs_error"": 7.589415207398531e-19, ""max_normalized_error"": 3.3287117246347045e-08, ""pass"": true, ""relative_l2"": 1.8360463323401292e-15, ""active"": true, ""above_absolute_floor"": true}, ""blocks.1.angle_mlp.0.bias"": {""max_abs_error"": 2.439454888092385e-19, ""max_normalized_error"": 1.1424783179690628e-08, ""pass"": true, ""relative_l2"": 1.5804600290053652e-15, ""active"": true, ""above_absolute_floor"": true}, ""blocks.1.angle_mlp.2.weight"": {""max_abs_error"": 8.673617379884035e-19, ""max_normalized_error"": 3.746236324958302e-08, ""pass"": true, ""relative_l2"": 1.7607856430941897e-15, ""active"": true, ""above_absolute_floor"": true}, ""blocks.1.angle_mlp.2.bias"": {""max_abs_error"": 7.589415207398531e-19, ""max_normalized_error"": 3.223168990803226e-08, ""pass"": true, ""relative_l2"": 1.344661828013119e-15, ""active"": true, ""above_absolute_floor"": true}, ""blocks.1.update.0.weight"": {""max_abs_error"": 1.235990476633475e-17, ""max_normalized_error"": 5.182704596922645e-07, ""pass"": true, ""relative_l2"": 1.0353602762052263e-15, ""active"": true, ""above_absolute_floor"": true}, ""blocks.1.update.0.bias"": {""max_abs_error"": 1.4907779871675686e-18, ""max_normalized_error"": 7.279880215357738e-08, ""pass"": true, ""relative_l2"": 8.75760563303341e-16, ""active"": true, ""above_absolute_floor"": true}, ""blocks.1.update.2.weight"": {""max_abs_error"": 8.40256683676266e-18, ""max_normalized_error"": 3.4800011560282243e-07, ""pass"": true, ""relative_l2"": 1.076501659362484e-15, ""active"": true, ""above_absolute_floor"": true}, ""blocks.1.update.2.bias"": {""max_abs_error"": 8.348356728138384e-18, ""max_normalized_error"": 3.219198853191933e-07, ""pass"": true, ""relative_l2"": 9.056397813691441e-16, ""active"": true, ""above_absolute_floor"": true}, ""blocks.1.norm.weight"": {""max_abs_error"": 4.85722573273506e-17, ""max_normalized_error"": 1.1966591156933127e-07, ""pass"": true, ""relative_l2"": 6.700138854551998e-16, ""active"": true, ""above_absolute_floor"": true}, ""blocks.1.norm.bias"": {""max_abs_error"": 1.734723475976807e-17, ""max_normalized_error"": 3.4962359225668887e-07, ""pass"": true, ""relative_l2"": 5.892711727346327e-16, ""active"": true, ""above_absolute_floor"": true}}",[]
,,,,,,,,,784,cpu_gpu_gradients,,,,,torch.float64,,,,,1.1851533412667019e-15,33,,mp-aaaciuwb,13453,,5.811323644522304e-17,,,4.062343848255244e-15,,,,,,,,,,,B+,real,,,train,pass,"{""input"": {""max_abs_error"": 2.3852447794681098e-18, ""max_normalized_error"": 9.951375962817284e-08, ""pass"": true, ""relative_l2"": 1.5789942972386055e-15, ""active"": true, ""above_absolute_floor"": true}, ""vectors"": {""max_abs_error"": 1.1858461261560205e-20, ""max_normalized_error"": 5.918094391064061e-10, ""pass"": true, ""relative_l2"": 3.301377009164176e-15, ""active"": true, ""above_absolute_floor"": true}, ""distances"": {""max_abs_error"": 1.6991480921921265e-18, ""max_normalized_error"": 8.493194002973965e-08, ""pass"": true, ""relative_l2"": 4.062343848255244e-15, ""active"": true, ""above_absolute_floor"": true}, ""local_input.weight"": {""max_abs_error"": 3.9898639947466563e-17, ""max_normalized_error"": 1.369970106466363e-06, ""pass"": true, ""relative_l2"": 1.2110702230147088e-15, ""active"": true, ""above_absolute_floor"": true}, ""local_input.bias"": {""max_abs_error"": 2.0816681711721685e-17, ""max_normalized_error"": 8.096967191403718e-07, ""pass"": true, ""relative_l2"": 1.0769814398710667e-15, ""active"": true, ""above_absolute_floor"": true}, ""local_output.weight"": {""max_abs_error"": 1.1275702593849246e-17, ""max_normalized_error"": 2.9952965871935725e-07, ""pass"": true, ""relative_l2"": 9.915512102968802e-16, ""active"": true, ""above_absolute_floor"": true}, ""local_output.bias"": {""max_abs_error"": 4.0115480381963664e-18, ""max_normalized_error"": 1.4550384134587908e-07, ""pass"": true, ""relative_l2"": 7.28739660703874e-16, ""active"": true, ""above_absolute_floor"": true}, ""blocks.0.tp.weight"": {""max_abs_error"": 2.507217523872729e-19, ""max_normalized_error"": 1.2472905209338475e-08, ""pass"": true, ""relative_l2"": 1.855160213658928e-15, ""active"": true, ""above_absolute_floor"": true}, ""blocks.0.mix.weight"": {""max_abs_error"": 2.0667603913004928e-19, ""max_normalized_error"": 1.0235876863842703e-08, ""pass"": true, ""relative_l2"": 1.736535235488833e-15, ""active"": true, ""above_absolute_floor"": true}, ""blocks.0.radial_gate.0.weight"": {""max_abs_error"": 1.5178830414797062e-18, ""max_normalized_error"": 6.486070741179475e-08, ""pass"": true, ""relative_l2"": 1.916890785507952e-15, ""active"": true, ""above_absolute_floor"": true}, ""blocks.0.radial_gate.0.bias"": {""max_abs_error"": 1.429791614965259e-18, ""max_normalized_error"": 7.066995559737649e-08, ""pass"": true, ""relative_l2"": 1.9084383601346016e-15, ""active"": true, ""above_absolute_floor"": true}, ""blocks.0.radial_gate.2.weight"": {""max_abs_error"": 2.0599841277224584e-18, ""max_normalized_error"": 8.207879608011255e-08, ""pass"": true, ""relative_l2"": 2.035552620637995e-15, ""active"": true, ""above_absolute_floor"": true}, ""blocks.0.radial_gate.2.bias"": {""max_abs_error"": 7.453889935837843e-18, ""max_normalized_error"": 3.531705917526895e-07, ""pass"": true, ""relative_l2"": 1.868980395894124e-15, ""active"": true, ""above_absolute_floor"": true}, ""blocks.0.update.0.weight"": {""max_abs_error"": 5.811323644522304e-17, ""max_normalized_error"": 1.025884037405859e-06, ""pass"": true, ""relative_l2"": 1.1773956467133208e-15, ""active"": true, ""above_absolute_floor"": true}, ""blocks.0.update.0.bias"": {""max_abs_error"": 7.37257477290143e-18, ""max_normalized_error"": 2.8716447161762985e-07, ""pass"": true, ""relative_l2"": 1.1498816533941462e-15, ""active"": true, ""above_absolute_floor"": true}, ""blocks.0.update.2.weight"": {""max_abs_error"": 2.7755575615628914e-17, ""max_normalized_error"": 7.605400882396025e-07, ""pass"": true, ""relative_l2"": 1.2510117041880971e-15, ""active"": true, ""above_absolute_floor"": true}, ""blocks.0.update.2.bias"": {""max_abs_error"": 1.9081958235744878e-17, ""max_normalized_error"": 6.459528048374957e-07, ""pass"": true, ""relative_l2"": 1.062031306838707e-15, ""active"": true, ""above_absolute_floor"": true}, ""blocks.0.norm.weight"": {""max_abs_error"": 1.734723475976807e-17, ""max_normalized_error"": 2.6498912863666316e-07, ""pass"": true, ""relative_l2"": 1.4669649461987504e-15, ""active"": true, ""above_absolute_floor"": true}, ""blocks.0.norm.bias"": {""max_abs_error"": 6.938893903907228e-18, ""max_normalized_error"": 2.3300734526893013e-07, ""pass"": true, ""relative_l2"": 1.0793565266050492e-15, ""active"": true, ""above_absolute_floor"": true}, ""blocks.0.direction_gate.weight"": {""max_abs_error"": 7.676236084492097e-22, ""max_normalized_error"": 3.8378789298454196e-11, ""pass"": true, ""relative_l2"": 3.0229789082787626e-15, ""active"": true, ""above_absolute_floor"": true}, ""blocks.0.direction_gate.bias"": {""max_abs_error"": 3.019209235818551e-22, ""max_normalized_error"": 1.50960068950709e-11, ""pass"": true, ""relative_l2"": 2.5660088254018302e-15, ""active"": true, ""above_absolute_floor"": true}, ""blocks.1.tp.weight"": {""max_abs_error"": 7.047314121155779e-19, ""max_normalized_error"": 3.0884158564262073e-08, ""pass"": true, ""relative_l2"": 1.9938224838134653e-15, ""active"": true, ""above_absolute_floor"": true}, ""blocks.1.mix.weight"": {""max_abs_error"": 4.607859233063394e-19, ""max_normalized_error"": 2.111741846262868e-08, ""pass"": true, ""relative_l2"": 1.7761127302298264e-15, ""active"": true, ""above_absolute_floor"": true}, ""blocks.1.radial_gate.0.weight"": {""max_abs_error"": 5.854691731421724e-18, ""max_normalized_error"": 2.024731462220967e-07, ""pass"": true, ""relative_l2"": 1.861651436077943e-15, ""active"": true, ""above_absolute_floor"": true}, ""blocks.1.radial_gate.0.bias"": {""max_abs_error"": 1.951563910473908e-18, ""max_normalized_error"": 8.928881795939085e-08, ""pass"": true, ""relative_l2"": 1.5679263021122617e-15, ""active"": true, ""above_absolute_floor"": true}, ""blocks.1.radial_gate.2.weight"": {""max_abs_error"": 7.440337408681774e-18, ""max_normalized_error"": 3.5261736000690183e-07, ""pass"": true, ""relative_l2"": 1.7960931150735934e-15, ""active"": true, ""above_absolute_floor"": true}, ""blocks.1.radial_gate.2.bias"": {""max_abs_error"": 6.7220534694101275e-18, ""max_normalized_error"": 2.301443092004304e-07, ""pass"": true, ""relative_l2"": 1.5854342983085406e-15, ""active"": true, ""above_absolute_floor"": true}, ""blocks.1.update.0.weight"": {""max_abs_error"": 2.949029909160572e-17, ""max_normalized_error"": 7.574131136880444e-07, ""pass"": true, ""relative_l2"": 1.3171382012522126e-15, ""active"": true, ""above_absolute_floor"": true}, ""blocks.1.update.0.bias"": {""max_abs_error"": 3.0357660829594124e-18, ""max_normalized_error"": 9.982983780724347e-08, ""pass"": true, ""relative_l2"": 1.0724233441647393e-15, ""active"": true, ""above_absolute_floor"": true}, ""blocks.1.update.2.weight"": {""max_abs_error"": 1.0408340855860843e-17, ""max_normalized_error"": 3.4950698936416275e-07, ""pass"": true, ""relative_l2"": 1.1994243793290506e-15, ""active"": true, ""above_absolute_floor"": true}, ""blocks.1.update.2.bias"": {""max_abs_error"": 5.7462715141731735e-18, ""max_normalized_error"": 2.29968074008045e-07, ""pass"": true, ""relative_l2"": 9.318341751674872e-16, ""active"": true, ""above_absolute_floor"": true}, ""blocks.1.norm.weight"": {""max_abs_error"": 2.2551405187698492e-17, ""max_normalized_error"": 2.137326901483151e-07, ""pass"": true, ""relative_l2"": 6.077085672281e-16, ""active"": true, ""above_absolute_floor"": true}, ""blocks.1.norm.bias"": {""max_abs_error"": 2.0816681711721685e-17, ""max_normalized_error"": 5.966581844584449e-07, ""pass"": true, ""relative_l2"": 7.736945329190968e-16, ""active"": true, ""above_absolute_floor"": true}}",[]
,,,,,,,0,0,785,gpu_geometry,,,,,torch.float64,,,,pass,,,,mp-aaaabqpu,6712,1446,,8.881784197001252e-16,,,4.440892098500626e-16,,,,,,,,,,,real,,,train,pass,,
,,,0.0,,,,,,786,cpu_gpu_features,4,True,,,torch.float64,2e-10,2e-10,,,,,,mp-aaaabqpu,6712,,2.3314683517128287e-15,,7.964619707792598e-06,,,,,,,,,,,,A,real,,,train,pass,,
,,,0.0,,,,,,787,gpu_rebuilt_features,4,True,,,torch.float64,2e-06,2e-06,,,,,,mp-aaaabqpu,6712,,1.3322676295501878e-15,,4.927877332205102e-10,,,,,,,,,,,,A,real,,,train,pass,,
,,,0.0,,,,,,788,gpu_orthogonal,4,True,,,torch.float64,2e-10,2e-10,,,,,,mp-aaaabqpu,6712,,1.5543122344752192e-15,,4.785213749703433e-06,,,,,rotation_1,,,,,,,A,real,,,train,pass,,
,,,0.0,,,,,,789,gpu_orthogonal,4,True,,,torch.float64,2e-10,2e-10,,,,,,mp-aaaabqpu,6712,,1.3322676295501878e-15,,5.220233181494655e-06,,,,,rotation_2,,,,,,,A,real,,,train,pass,,
,,,0.0,,,,,,790,gpu_orthogonal,4,True,,,torch.float64,2e-10,2e-10,,,,,,mp-aaaabqpu,6712,,1.3322676295501878e-15,,4.567704033807823e-06,,,,,reflection,,,,,,,A,real,,,train,pass,,
,,,0.0,,,,,,791,gpu_orthogonal,4,True,,,torch.float64,2e-10,2e-10,,,,,,mp-aaaabqpu,6712,,1.7763568394002505e-15,,4.785213749703433e-06,,,,,inversion,,,,,,,A,real,,,train,pass,,
,,,0.0,,,,,,792,gpu_orthogonal,4,True,,,torch.float64,2e-10,2e-10,,,,,,mp-aaaabqpu,6712,,1.3322676295501878e-15,,4.713200049540444e-06,,,,,improper_with_translation,,,,,,,A,real,,,train,pass,,
,,,,,,,,,793,gpu_padding,,,,,torch.float64,,,,,,,,mp-aaaabqpu,6712,,,,,,,,,,,,,,,,A,real,,,train,pass,,
,,,4.85722573273506e-17,,,,,,794,cpu_gpu_features,4,True,,,torch.float64,2e-10,2e-10,,,,,,mp-aaaabqpu,6712,,3.1780134079895106e-15,,1.4314468550633252e-05,,,,,,,,,,,,B+,real,,,train,pass,,
,,,5.377642775528102e-17,,,,,,795,gpu_rebuilt_features,4,True,,,torch.float64,2e-06,2e-06,,,,,,mp-aaaabqpu,6712,,1.3322676295501878e-15,,5.438247877314807e-10,,,,,,,,,,,,B+,real,,,train,pass,,
,,,8.673617379884035e-18,,,,,,796,gpu_orthogonal,4,True,,,torch.float64,2e-10,2e-10,,,,,,mp-aaaabqpu,6712,,1.9984014443252818e-15,,5.749982829224461e-06,,,,,rotation_1,,,,,,,B+,real,,,train,pass,,
,,,1.9081958235744878e-17,,,,,,797,gpu_orthogonal,4,True,,,torch.float64,2e-10,2e-10,,,,,,mp-aaaabqpu,6712,,1.7763568394002505e-15,,6.669980081900374e-06,,,,,rotation_2,,,,,,,B+,real,,,train,pass,,
,,,8.673617379884035e-18,,,,,,798,gpu_orthogonal,4,True,,,torch.float64,2e-10,2e-10,,,,,,mp-aaaabqpu,6712,,1.5543122344752192e-15,,4.379777436160141e-06,,,,,reflection,,,,,,,B+,real,,,train,pass,,
,,,1.214306433183765e-17,,,,,,799,gpu_orthogonal,4,True,,,torch.float64,2e-10,2e-10,,,,,,mp-aaaabqpu,6712,,1.6653345369377348e-15,,4.615714824146321e-06,,,,,inversion,,,,,,,B+,real,,,train,pass,,
,,,1.0408340855860843e-17,,,,,,800,gpu_orthogonal,4,True,,,torch.float64,2e-10,2e-10,,,,,,mp-aaaabqpu,6712,,1.5543122344752192e-15,,3.840979818281267e-06,,,,,improper_with_translation,,,,,,,B+,real,,,train,pass,,
,,,,,,,,,801,gpu_padding,,,,,torch.float64,,,,,,,,mp-aaaabqpu,6712,,,,,,,,,,,,,,,,B+,real,,,train,pass,,
,,,0.0,,,,0,0,802,gpu_translation,4,True,,,torch.float64,2e-06,2e-06,,pass,,,,mp-aaaabqpu,6712,1446,1.3322676295501878e-15,8.881784197001252e-16,5.002723465599044e-10,,8.881784197001252e-16,,,,,,,,,,A,real,,,train,pass,,
,,,4.5102810375396984e-17,,,,0,0,803,gpu_translation,4,True,,,torch.float64,2e-06,2e-06,,pass,,,,mp-aaaabqpu,6712,1446,1.7763568394002505e-15,8.881784197001252e-16,6.410859355166588e-10,,8.881784197001252e-16,,,,,,,,,,B+,real,,,train,pass,,
,,,,,,,0,0,804,gpu_geometry,,,,,torch.float64,,,,pass,,,,mp-aaabfwpd,1056,8584,,8.881784197001252e-16,,,0.0,,,,,,,,,,,real,,,valid,pass,,
,,,0.0,,,,,,805,cpu_gpu_features,4,True,,,torch.float64,2e-10,2e-10,,,,,,mp-aaabfwpd,1056,,2.9976021664879227e-15,,1.331128984075222e-05,,,,,,,,,,,,A,real,,,valid,pass,,
,,,0.0,,,,,,806,gpu_rebuilt_features,4,True,,,torch.float64,2e-06,2e-06,,,,,,mp-aaabfwpd,1056,,1.7763568394002505e-15,,7.299847764809226e-10,,,,,,,,,,,,A,real,,,valid,pass,,
,,,0.0,,,,,,807,gpu_orthogonal,4,True,,,torch.float64,2e-10,2e-10,,,,,,mp-aaabfwpd,1056,,2.220446049250313e-15,,9.677321119403055e-06,,,,,rotation_1,,,,,,,A,real,,,valid,pass,,
,,,0.0,,,,,,808,gpu_orthogonal,4,True,,,torch.float64,2e-10,2e-10,,,,,,mp-aaabfwpd,1056,,1.9984014443252818e-15,,5.2263179343241336e-06,,,,,rotation_2,,,,,,,A,real,,,valid,pass,,
,,,0.0,,,,,,809,gpu_orthogonal,4,True,,,torch.float64,2e-10,2e-10,,,,,,mp-aaabfwpd,1056,,1.3600232051658168e-15,,6.059672511182186e-06,,,,,reflection,,,,,,,A,real,,,valid,pass,,
,,,0.0,,,,,,810,gpu_orthogonal,4,True,,,torch.float64,2e-10,2e-10,,,,,,mp-aaabfwpd,1056,,1.5543122344752192e-15,,6.408776331720639e-06,,,,,inversion,,,,,,,A,real,,,valid,pass,,
,,,0.0,,,,,,811,gpu_orthogonal,4,True,,,torch.float64,2e-10,2e-10,,,,,,mp-aaabfwpd,1056,,2.0261570199409107e-15,,9.777777740019696e-06,,,,,improper_with_translation,,,,,,,A,real,,,valid,pass,,
,,,,,,,,,812,gpu_padding,,,,,torch.float64,,,,,,,,mp-aaabfwpd,1056,,,,,,,,,,,,,,,,A,real,,,valid,pass,,
,,,9.93129189996722e-17,,,,,,813,cpu_gpu_features,4,True,,,torch.float64,2e-10,2e-10,,,,,,mp-aaabfwpd,1056,,3.941291737419306e-15,,1.588199379111971e-05,,,,,,,,,,,,B+,real,,,valid,pass,,
,,,7.28583859910259e-17,,,,,,814,gpu_rebuilt_features,4,True,,,torch.float64,2e-06,2e-06,,,,,,mp-aaabfwpd,1056,,2.9976021664879227e-15,,1.1719221471904042e-09,,,,,,,,,,,,B+,real,,,valid,pass,,
,,,5.204170427930421e-17,,,,,,815,gpu_orthogonal,4,True,,,torch.float64,2e-10,2e-10,,,,,,mp-aaabfwpd,1056,,1.7763568394002505e-15,,7.615190050008303e-06,,,,,rotation_1,,,,,,,B+,real,,,valid,pass,,
,,,7.979727989493313e-17,,,,,,816,gpu_orthogonal,4,True,,,torch.float64,2e-10,2e-10,,,,,,mp-aaabfwpd,1056,,2.6645352591003757e-15,,7.6055241051829565e-06,,,,,rotation_2,,,,,,,B+,real,,,valid,pass,,
,,,3.122502256758253e-17,,,,,,817,gpu_orthogonal,4,True,,,torch.float64,2e-10,2e-10,,,,,,mp-aaabfwpd,1056,,2.220446049250313e-15,,7.90770096215587e-06,,,,,reflection,,,,,,,B+,real,,,valid,pass,,
,,,3.5128150388530344e-17,,,,,,818,gpu_orthogonal,4,True,,,torch.float64,2e-10,2e-10,,,,,,mp-aaabfwpd,1056,,2.220446049250313e-15,,7.311696608037368e-06,,,,,inversion,,,,,,,B+,real,,,valid,pass,,
,,,4.5102810375396984e-17,,,,,,819,gpu_orthogonal,4,True,,,torch.float64,2e-10,2e-10,,,,,,mp-aaabfwpd,1056,,2.220446049250313e-15,,7.626153571586989e-06,,,,,improper_with_translation,,,,,,,B+,real,,,valid,pass,,
,,,,,,,,,820,gpu_padding,,,,,torch.float64,,,,,,,,mp-aaabfwpd,1056,,,,,,,,,,,,,,,,B+,real,,,valid,pass,,
,,,0.0,,,,0,0,821,gpu_translation,4,True,,,torch.float64,2e-06,2e-06,,pass,,,,mp-aaabfwpd,1056,8584,2.581268532253489e-15,2.6645352591003757e-15,1.245662095646345e-09,,1.7763568394002505e-15,,,,,,,,,,A,real,,,valid,pass,,
,,,6.114900252818245e-17,,,,0,0,822,gpu_translation,4,True,,,torch.float64,2e-06,2e-06,,pass,,,,mp-aaabfwpd,1056,8584,2.3314683517128287e-15,2.6645352591003757e-15,9.193447599181156e-10,,1.7763568394002505e-15,,,,,,,,,,B+,real,,,valid,pass,,
,,,,,,,0,0,823,gpu_geometry,,,,,torch.float64,,,,pass,,,,mp-aaaaaclb,85,316,,8.881784197001252e-16,,,8.881784197001252e-16,,,,,,,,,,,real,,,valid,pass,,
,,,0.0,,,,,,824,cpu_gpu_features,4,True,,,torch.float64,2e-10,2e-10,,,,,,mp-aaaaaclb,85,,1.9984014443252818e-15,,7.420286665298111e-06,,,,,,,,,,,,A,real,,,valid,pass,,
,,,0.0,,,,,,825,gpu_rebuilt_features,4,True,,,torch.float64,2e-06,2e-06,,,,,,mp-aaaaaclb,85,,8.881784197001252e-16,,2.6509447377097447e-10,,,,,,,,,,,,A,real,,,valid,pass,,
,,,0.0,,,,,,826,gpu_orthogonal,4,True,,,torch.float64,2e-10,2e-10,,,,,,mp-aaaaaclb,85,,1.2212453270876722e-15,,3.882829259309504e-06,,,,,rotation_1,,,,,,,A,real,,,valid,pass,,
,,,0.0,,,,,,827,gpu_orthogonal,4,True,,,torch.float64,2e-10,2e-10,,,,,,mp-aaaaaclb,85,,1.1102230246251565e-15,,3.544920657814639e-06,,,,,rotation_2,,,,,,,A,real,,,valid,pass,,
,,,0.0,,,,,,828,gpu_orthogonal,4,True,,,torch.float64,2e-10,2e-10,,,,,,mp-aaaaaclb,85,,1.7763568394002505e-15,,4.3905204555221305e-06,,,,,reflection,,,,,,,A,real,,,valid,pass,,
,,,0.0,,,,,,829,gpu_orthogonal,4,True,,,torch.float64,2e-10,2e-10,,,,,,mp-aaaaaclb,85,,9.992007221626409e-16,,2.994519797692421e-06,,,,,inversion,,,,,,,A,real,,,valid,pass,,
,,,0.0,,,,,,830,gpu_orthogonal,4,True,,,torch.float64,2e-10,2e-10,,,,,,mp-aaaaaclb,85,,1.3322676295501878e-15,,4.295955437804163e-06,,,,,improper_with_translation,,,,,,,A,real,,,valid,pass,,
,,,,,,,,,831,gpu_padding,,,,,torch.float64,,,,,,,,mp-aaaaaclb,85,,,,,,,,,,,,,,,,A,real,,,valid,pass,,
,,,2.0816681711721685e-17,,,,,,832,cpu_gpu_features,4,True,,,torch.float64,2e-10,2e-10,,,,,,mp-aaaaaclb,85,,2.4424906541753444e-15,,7.848045233204465e-06,,,,,,,,,,,,B+,real,,,valid,pass,,
,,,1.214306433183765e-17,,,,,,833,gpu_rebuilt_features,4,True,,,torch.float64,2e-06,2e-06,,,,,,mp-aaaaaclb,85,,1.5543122344752192e-15,,5.007210463367616e-10,,,,,,,,,,,,B+,real,,,valid,pass,,
,,,7.806255641895632e-18,,,,,,834,gpu_orthogonal,4,True,,,torch.float64,2e-10,2e-10,,,,,,mp-aaaaaclb,85,,1.4432899320127035e-15,,5.782286622444283e-06,,,,,rotation_1,,,,,,,B+,real,,,valid,pass,,
,,,8.673617379884035e-18,,,,,,835,gpu_orthogonal,4,True,,,torch.float64,2e-10,2e-10,,,,,,mp-aaaaaclb,85,,8.881784197001252e-16,,3.4196318734885544e-06,,,,,rotation_2,,,,,,,B+,real,,,valid,pass,,
,,,1.214306433183765e-17,,,,,,836,gpu_orthogonal,4,True,,,torch.float64,2e-10,2e-10,,,,,,mp-aaaaaclb,85,,1.5543122344752192e-15,,5.048615670414936e-06,,,,,reflection,,,,,,,B+,real,,,valid,pass,,
,,,8.673617379884035e-18,,,,,,837,gpu_orthogonal,4,True,,,torch.float64,2e-10,2e-10,,,,,,mp-aaaaaclb,85,,1.1102230246251565e-15,,3.965317686976965e-06,,,,,inversion,,,,,,,B+,real,,,valid,pass,,
,,,1.0408340855860843e-17,,,,,,838,gpu_orthogonal,4,True,,,torch.float64,2e-10,2e-10,,,,,,mp-aaaaaclb,85,,1.3322676295501878e-15,,4.198571668563845e-06,,,,,improper_with_translation,,,,,,,B+,real,,,valid,pass,,
,,,,,,,,,839,gpu_padding,,,,,torch.float64,,,,,,,,mp-aaaaaclb,85,,,,,,,,,,,,,,,,B+,real,,,valid,pass,,
,,,0.0,,,,0,0,840,gpu_translation,4,True,,,torch.float64,2e-06,2e-06,,pass,,,,mp-aaaaaclb,85,316,2.886579864025407e-15,8.881784197001252e-16,6.841343241002008e-10,,8.881784197001252e-16,,,,,,,,,,A,real,,,valid,pass,,
,,,1.3877787807814457e-17,,,,0,0,841,gpu_translation,4,True,,,torch.float64,2e-06,2e-06,,pass,,,,mp-aaaaaclb,85,316,1.3322676295501878e-15,8.881784197001252e-16,4.301721247517155e-10,,8.881784197001252e-16,,,,,,,,,,B+,real,,,valid,pass,,
,,,,,,,0,0,842,gpu_geometry,,,,,torch.float64,,,,pass,,,,mp-aaaciccv,1655,104,,8.881784197001252e-16,,,8.881784197001252e-16,,,,,,,,,,,real,,,valid,pass,,
,,,0.0,,,,,,843,cpu_gpu_features,4,True,,,torch.float64,2e-10,2e-10,,,,,,mp-aaaciccv,1655,,1.3322676295501878e-15,,4.740737382264117e-06,,,,,,,,,,,,A,real,,,valid,pass,,
,,,0.0,,,,,,844,gpu_rebuilt_features,4,True,,,torch.float64,2e-06,2e-06,,,,,,mp-aaaciccv,1655,,8.881784197001252e-16,,2.2339893883896167e-10,,,,,,,,,,,,A,real,,,valid,pass,,
,,,0.0,,,,,,845,gpu_orthogonal,4,True,,,torch.float64,2e-10,2e-10,,,,,,mp-aaaciccv,1655,,8.881784197001252e-16,,2.5636981392070803e-06,,,,,rotation_1,,,,,,,A,real,,,valid,pass,,
,,,0.0,,,,,,846,gpu_orthogonal,4,True,,,torch.float64,2e-10,2e-10,,,,,,mp-aaaciccv,1655,,8.881784197001252e-16,,1.9985699120489877e-06,,,,,rotation_2,,,,,,,A,real,,,valid,pass,,
,,,0.0,,,,,,847,gpu_orthogonal,4,True,,,torch.float64,2e-10,2e-10,,,,,,mp-aaaciccv,1655,,6.661338147750939e-16,,2.2742347275040207e-06,,,,,reflection,,,,,,,A,real,,,valid,pass,,
,,,0.0,,,,,,848,gpu_orthogonal,4,True,,,torch.float64,2e-10,2e-10,,,,,,mp-aaaciccv,1655,,8.881784197001252e-16,,2.144407430513145e-06,,,,,inversion,,,,,,,A,real,,,valid,pass,,
,,,0.0,,,,,,849,gpu_orthogonal,4,True,,,torch.float64,2e-10,2e-10,,,,,,mp-aaaciccv,1655,,5.551115123125783e-16,,2.0816266784830774e-06,,,,,improper_with_translation,,,,,,,A,real,,,valid,pass,,
,,,,,,,,,850,gpu_padding,,,,,torch.float64,,,,,,,,mp-aaaciccv,1655,,,,,,,,,,,,,,,,A,real,,,valid,pass,,
,,,4.683753385137379e-17,,,,,,851,cpu_gpu_features,4,True,,,torch.float64,2e-10,2e-10,,,,,,mp-aaaciccv,1655,,1.4432899320127035e-15,,5.236782673665226e-06,,,,,,,,,,,,B+,real,,,valid,pass,,
,,,5.898059818321144e-17,,,,,,852,gpu_rebuilt_features,4,True,,,torch.float64,2e-06,2e-06,,,,,,mp-aaaciccv,1655,,1.3322676295501878e-15,,3.46388981282338e-10,,,,,,,,,,,,B+,real,,,valid,pass,,
,,,1.3877787807814457e-17,,,,,,853,gpu_orthogonal,4,True,,,torch.float64,2e-10,2e-10,,,,,,mp-aaaciccv,1655,,8.881784197001252e-16,,2.6643020790680033e-06,,,,,rotation_1,,,,,,,B+,real,,,valid,pass,,
,,,1.214306433183765e-17,,,,,,854,gpu_orthogonal,4,True,,,torch.float64,2e-10,2e-10,,,,,,mp-aaaciccv,1655,,1.0547118733938987e-15,,3.977862124972768e-06,,,,,rotation_2,,,,,,,B+,real,,,valid,pass,,
,,,3.469446951953614e-18,,,,,,855,gpu_orthogonal,4,True,,,torch.float64,2e-10,2e-10,,,,,,mp-aaaciccv,1655,,9.992007221626409e-16,,2.662475085366501e-06,,,,,reflection,,,,,,,B+,real,,,valid,pass,,
,,,8.673617379884035e-18,,,,,,856,gpu_orthogonal,4,True,,,torch.float64,2e-10,2e-10,,,,,,mp-aaaciccv,1655,,6.661338147750939e-16,,2.4114708938454785e-06,,,,,inversion,,,,,,,B+,real,,,valid,pass,,
,,,9.540979117872439e-18,,,,,,857,gpu_orthogonal,4,True,,,torch.float64,2e-10,2e-10,,,,,,mp-aaaciccv,1655,,6.661338147750939e-16,,2.8191065952452407e-06,,,,,improper_with_translation,,,,,,,B+,real,,,valid,pass,,
,,,,,,,,,858,gpu_padding,,,,,torch.float64,,,,,,,,mp-aaaciccv,1655,,,,,,,,,,,,,,,,B+,real,,,valid,pass,,
,,,0.0,,,,0,0,859,gpu_translation,4,True,,,torch.float64,2e-06,2e-06,,pass,,,,mp-aaaciccv,1655,104,8.881784197001252e-16,8.881784197001252e-16,3.53045371781648e-10,,8.881784197001252e-16,,,,,,,,,,A,real,,,valid,pass,,
,,,7.979727989493313e-17,,,,0,0,860,gpu_translation,4,True,,,torch.float64,2e-06,2e-06,,pass,,,,mp-aaaciccv,1655,104,8.881784197001252e-16,8.881784197001252e-16,3.121395510204028e-10,,8.881784197001252e-16,,,,,,,,,,B+,real,,,valid,pass,,
,,,,,,,0,0,861,gpu_geometry,,,,,torch.float64,,,,pass,,,,mp-aaaaaaau,0,112,,8.881784197001252e-16,,,8.881784197001252e-16,,,,,,,,,,,real,,,valid,pass,,
,,,0.0,,,,,,862,cpu_gpu_features,4,True,,,torch.float64,2e-10,2e-10,,,,,,mp-aaaaaaau,0,,1.7763568394002505e-15,,5.940412426682087e-06,,,,,,,,,,,,A,real,,,valid,pass,,
,,,0.0,,,,,,863,gpu_rebuilt_features,4,True,,,torch.float64,2e-06,2e-06,,,,,,mp-aaaaaaau,0,,2.220446049250313e-15,,8.275991163134792e-10,,,,,,,,,,,,A,real,,,valid,pass,,
,,,0.0,,,,,,864,gpu_orthogonal,4,True,,,torch.float64,2e-10,2e-10,,,,,,mp-aaaaaaau,0,,7.494005416219807e-16,,3.0464642347896728e-06,,,,,rotation_1,,,,,,,A,real,,,valid,pass,,
,,,0.0,,,,,,865,gpu_orthogonal,4,True,,,torch.float64,2e-10,2e-10,,,,,,mp-aaaaaaau,0,,6.661338147750939e-16,,2.649983657867122e-06,,,,,rotation_2,,,,,,,A,real,,,valid,pass,,
,,,0.0,,,,,,866,gpu_orthogonal,4,True,,,torch.float64,2e-10,2e-10,,,,,,mp-aaaaaaau,0,,7.771561172376096e-16,,2.31295895475941e-06,,,,,reflection,,,,,,,A,real,,,valid,pass,,
,,,0.0,,,,,,867,gpu_orthogonal,4,True,,,torch.float64,2e-10,2e-10,,,,,,mp-aaaaaaau,0,,6.661338147750939e-16,,2.5859132987864013e-06,,,,,inversion,,,,,,,A,real,,,valid,pass,,
,,,0.0,,,,,,868,gpu_orthogonal,4,True,,,torch.float64,2e-10,2e-10,,,,,,mp-aaaaaaau,0,,6.661338147750939e-16,,2.136550830309004e-06,,,,,improper_with_translation,,,,,,,A,real,,,valid,pass,,
,,,,,,,,,869,gpu_padding,,,,,torch.float64,,,,,,,,mp-aaaaaaau,0,,,,,,,,,,,,,,,,A,real,,,valid,pass,,
,,,1.734723475976807e-17,,,,,,870,cpu_gpu_features,4,True,,,torch.float64,2e-10,2e-10,,,,,,mp-aaaaaaau,0,,2.220446049250313e-15,,6.191266407255483e-06,,,,,,,,,,,,B+,real,,,valid,pass,,
,,,1.0408340855860843e-17,,,,,,871,gpu_rebuilt_features,4,True,,,torch.float64,2e-06,2e-06,,,,,,mp-aaaaaaau,0,,2.7755575615628914e-15,,8.598981121188182e-10,,,,,,,,,,,,B+,real,,,valid,pass,,
,,,6.938893903907228e-18,,,,,,872,gpu_orthogonal,4,True,,,torch.float64,2e-10,2e-10,,,,,,mp-aaaaaaau,0,,1.3322676295501878e-15,,4.760044440773286e-06,,,,,rotation_1,,,,,,,B+,real,,,valid,pass,,
,,,1.0408340855860843e-17,,,,,,873,gpu_orthogonal,4,True,,,torch.float64,2e-10,2e-10,,,,,,mp-aaaaaaau,0,,1.3322676295501878e-15,,3.8112211314112977e-06,,,,,rotation_2,,,,,,,B+,real,,,valid,pass,,
,,,6.938893903907228e-18,,,,,,874,gpu_orthogonal,4,True,,,torch.float64,2e-10,2e-10,,,,,,mp-aaaaaaau,0,,1.1102230246251565e-15,,3.439592448475273e-06,,,,,reflection,,,,,,,B+,real,,,valid,pass,,
,,,3.469446951953614e-18,,,,,,875,gpu_orthogonal,4,True,,,torch.float64,2e-10,2e-10,,,,,,mp-aaaaaaau,0,,8.881784197001252e-16,,3.1940055010856196e-06,,,,,inversion,,,,,,,B+,real,,,valid,pass,,
,,,3.469446951953614e-18,,,,,,876,gpu_orthogonal,4,True,,,torch.float64,2e-10,2e-10,,,,,,mp-aaaaaaau,0,,8.881784197001252e-16,,2.983845646725959e-06,,,,,improper_with_translation,,,,,,,B+,real,,,valid,pass,,
,,,,,,,,,877,gpu_padding,,,,,torch.float64,,,,,,,,mp-aaaaaaau,0,,,,,,,,,,,,,,,,B+,real,,,valid,pass,,
,,,0.0,,,,0,0,878,gpu_translation,4,True,,,torch.float64,2e-06,2e-06,,pass,,,,mp-aaaaaaau,0,112,1.942890293094024e-15,8.881784197001252e-16,7.93588193725254e-10,,8.881784197001252e-16,,,,,,,,,,A,real,,,valid,pass,,
,,,1.0408340855860843e-17,,,,0,0,879,gpu_translation,4,True,,,torch.float64,2e-06,2e-06,,pass,,,,mp-aaaaaaau,0,112,2.6645352591003757e-15,8.881784197001252e-16,8.255021876340655e-10,,8.881784197001252e-16,,,,,,,,,,B+,real,,,valid,pass,,
,,,,,,,0,0,880,gpu_geometry,,,,,torch.float64,,,,pass,,,,mp-aaaaafae,171,6976,,8.881784197001252e-16,,,8.881784197001252e-16,,,,,,,,,,,real,,,valid,pass,,
,,,0.0,,,,,,881,cpu_gpu_features,4,True,,,torch.float64,2e-10,2e-10,,,,,,mp-aaaaafae,171,,3.774758283725532e-15,,1.5015116885984623e-05,,,,,,,,,,,,A,real,,,valid,pass,,
,,,0.0,,,,,,882,gpu_rebuilt_features,4,True,,,torch.float64,2e-06,2e-06,,,,,,mp-aaaaafae,171,,1.7763568394002505e-15,,7.475896570872742e-10,,,,,,,,,,,,A,real,,,valid,pass,,
,,,0.0,,,,,,883,gpu_orthogonal,4,True,,,torch.float64,2e-10,2e-10,,,,,,mp-aaaaafae,171,,1.7763568394002505e-15,,5.27558135435767e-06,,,,,rotation_1,,,,,,,A,real,,,valid,pass,,
,,,0.0,,,,,,884,gpu_orthogonal,4,True,,,torch.float64,2e-10,2e-10,,,,,,mp-aaaaafae,171,,1.7763568394002505e-15,,7.036137949056698e-06,,,,,rotation_2,,,,,,,A,real,,,valid,pass,,
,,,0.0,,,,,,885,gpu_orthogonal,4,True,,,torch.float64,2e-10,2e-10,,,,,,mp-aaaaafae,171,,1.7763568394002505e-15,,5.450927151506575e-06,,,,,reflection,,,,,,,A,real,,,valid,pass,,
,,,0.0,,,,,,886,gpu_orthogonal,4,True,,,torch.float64,2e-10,2e-10,,,,,,mp-aaaaafae,171,,1.5543122344752192e-15,,4.88462137387017e-06,,,,,inversion,,,,,,,A,real,,,valid,pass,,
,,,0.0,,,,,,887,gpu_orthogonal,4,True,,,torch.float64,2e-10,2e-10,,,,,,mp-aaaaafae,171,,1.3322676295501878e-15,,5.005038961994889e-06,,,,,improper_with_translation,,,,,,,A,real,,,valid,pass,,
,,,,,,,,,888,gpu_padding,,,,,torch.float64,,,,,,,,mp-aaaaafae,171,,,,,,,,,,,,,,,,A,real,,,valid,pass,,
,,,6.158268339717665e-17,,,,,,889,cpu_gpu_features,4,True,,,torch.float64,2e-10,2e-10,,,,,,mp-aaaaafae,171,,3.969047313034935e-15,,1.7095949095333203e-05,,,,,,,,,,,,B+,real,,,valid,pass,,
,,,1.9081958235744878e-17,,,,,,890,gpu_rebuilt_features,4,True,,,torch.float64,2e-06,2e-06,,,,,,mp-aaaaafae,171,,2.220446049250313e-15,,1.016515029275652e-09,,,,,,,,,,,,B+,real,,,valid,pass,,
,,,1.8214596497756474e-17,,,,,,891,gpu_orthogonal,4,True,,,torch.float64,2e-10,2e-10,,,,,,mp-aaaaafae,171,,1.7763568394002505e-15,,8.0914489975659e-06,,,,,rotation_1,,,,,,,B+,real,,,valid,pass,,
,,,1.9949319973733282e-17,,,,,,892,gpu_orthogonal,4,True,,,torch.float64,2e-10,2e-10,,,,,,mp-aaaaafae,171,,1.9984014443252818e-15,,7.3268288611867406e-06,,,,,rotation_2,,,,,,,B+,real,,,valid,pass,,
,,,1.8214596497756474e-17,,,,,,893,gpu_orthogonal,4,True,,,torch.float64,2e-10,2e-10,,,,,,mp-aaaaafae,171,,1.7763568394002505e-15,,6.998932576356472e-06,,,,,reflection,,,,,,,B+,real,,,valid,pass,,
,,,1.5612511283791264e-17,,,,,,894,gpu_orthogonal,4,True,,,torch.float64,2e-10,2e-10,,,,,,mp-aaaaafae,171,,1.7763568394002505e-15,,6.913579740059441e-06,,,,,inversion,,,,,,,B+,real,,,valid,pass,,
,,,2.688821387764051e-17,,,,,,895,gpu_orthogonal,4,True,,,torch.float64,2e-10,2e-10,,,,,,mp-aaaaafae,171,,1.7763568394002505e-15,,7.152567681691125e-06,,,,,improper_with_translation,,,,,,,B+,real,,,valid,pass,,
,,,,,,,,,896,gpu_padding,,,,,torch.float64,,,,,,,,mp-aaaaafae,171,,,,,,,,,,,,,,,,B+,real,,,valid,pass,,
,,,0.0,,,,0,0,897,gpu_translation,4,True,,,torch.float64,2e-06,2e-06,,pass,,,,mp-aaaaafae,171,6976,2.220446049250313e-15,1.7763568394002505e-15,8.251550327930492e-10,,1.7763568394002505e-15,,,,,,,,,,A,real,,,valid,pass,,
,,,3.5561831257524545e-17,,,,0,0,898,gpu_translation,4,True,,,torch.float64,2e-06,2e-06,,pass,,,,mp-aaaaafae,171,6976,2.4424906541753444e-15,1.7763568394002505e-15,1.0361834326459459e-09,,1.7763568394002505e-15,,,,,,,,,,B+,real,,,valid,pass,,
,,,,,,,0,0,899,gpu_geometry,,,,,torch.float64,,,,pass,,,,mp-aaacpndw,1999,104,,4.440892098500626e-16,,,8.881784197001252e-16,,,,,,,,,,,real,,,valid,pass,,
,,,0.0,,,,,,900,cpu_gpu_features,4,True,,,torch.float64,2e-10,2e-10,,,,,,mp-aaacpndw,1999,,2.220446049250313e-15,,6.2408848232940165e-06,,,,,,,,,,,,A,real,,,valid,pass,,
,,,0.0,,,,,,901,gpu_rebuilt_features,4,True,,,torch.float64,2e-06,2e-06,,,,,,mp-aaacpndw,1999,,8.881784197001252e-16,,2.3309071390599873e-10,,,,,,,,,,,,A,real,,,valid,pass,,
,,,0.0,,,,,,902,gpu_orthogonal,4,True,,,torch.float64,2e-10,2e-10,,,,,,mp-aaacpndw,1999,,8.881784197001252e-16,,2.764533588429258e-06,,,,,rotation_1,,,,,,,A,real,,,valid,pass,,
,,,0.0,,,,,,903,gpu_orthogonal,4,True,,,torch.float64,2e-10,2e-10,,,,,,mp-aaacpndw,1999,,8.881784197001252e-16,,3.386553645825841e-06,,,,,rotation_2,,,,,,,A,real,,,valid,pass,,
,,,0.0,,,,,,904,gpu_orthogonal,4,True,,,torch.float64,2e-10,2e-10,,,,,,mp-aaacpndw,1999,,8.881784197001252e-16,,2.76051029774503e-06,,,,,reflection,,,,,,,A,real,,,valid,pass,,
,,,0.0,,,,,,905,gpu_orthogonal,4,True,,,torch.float64,2e-10,2e-10,,,,,,mp-aaacpndw,1999,,8.881784197001252e-16,,2.6954202487185264e-06,,,,,inversion,,,,,,,A,real,,,valid,pass,,
,,,0.0,,,,,,906,gpu_orthogonal,4,True,,,torch.float64,2e-10,2e-10,,,,,,mp-aaacpndw,1999,,8.881784197001252e-16,,2.7162032402561955e-06,,,,,improper_with_translation,,,,,,,A,real,,,valid,pass,,
,,,,,,,,,907,gpu_padding,,,,,torch.float64,,,,,,,,mp-aaacpndw,1999,,,,,,,,,,,,,,,,A,real,,,valid,pass,,
,,,1.3877787807814457e-17,,,,,,908,cpu_gpu_features,4,True,,,torch.float64,2e-10,2e-10,,,,,,mp-aaacpndw,1999,,2.220446049250313e-15,,9.56717805266981e-06,,,,,,,,,,,,B+,real,,,valid,pass,,
,,,2.6020852139652106e-18,,,,,,909,gpu_rebuilt_features,4,True,,,torch.float64,2e-06,2e-06,,,,,,mp-aaacpndw,1999,,8.881784197001252e-16,,2.668716207365436e-10,,,,,,,,,,,,B+,real,,,valid,pass,,
,,,3.469446951953614e-18,,,,,,910,gpu_orthogonal,4,True,,,torch.float64,2e-10,2e-10,,,,,,mp-aaacpndw,1999,,8.881784197001252e-16,,2.668716207365436e-06,,,,,rotation_1,,,,,,,B+,real,,,valid,pass,,
,,,3.903127820947816e-18,,,,,,911,gpu_orthogonal,4,True,,,torch.float64,2e-10,2e-10,,,,,,mp-aaacpndw,1999,,8.881784197001252e-16,,2.2177667910154153e-06,,,,,rotation_2,,,,,,,B+,real,,,valid,pass,,
,,,2.6020852139652106e-18,,,,,,912,gpu_orthogonal,4,True,,,torch.float64,2e-10,2e-10,,,,,,mp-aaacpndw,1999,,6.661338147750939e-16,,2.226678125330903e-06,,,,,reflection,,,,,,,B+,real,,,valid,pass,,
,,,2.168404344971009e-18,,,,,,913,gpu_orthogonal,4,True,,,torch.float64,2e-10,2e-10,,,,,,mp-aaacpndw,1999,,8.881784197001252e-16,,2.460785687219277e-06,,,,,inversion,,,,,,,B+,real,,,valid,pass,,
,,,3.469446951953614e-18,,,,,,914,gpu_orthogonal,4,True,,,torch.float64,2e-10,2e-10,,,,,,mp-aaacpndw,1999,,8.881784197001252e-16,,2.2098882258912122e-06,,,,,improper_with_translation,,,,,,,B+,real,,,valid,pass,,
,,,,,,,,,915,gpu_padding,,,,,torch.float64,,,,,,,,mp-aaacpndw,1999,,,,,,,,,,,,,,,,B+,real,,,valid,pass,,
,,,0.0,,,,0,0,916,gpu_translation,4,True,,,torch.float64,2e-06,2e-06,,pass,,,,mp-aaacpndw,1999,104,8.881784197001252e-16,8.881784197001252e-16,2.7605102977450305e-10,,8.881784197001252e-16,,,,,,,,,,A,real,,,valid,pass,,
,,,2.168404344971009e-18,,,,0,0,917,gpu_translation,4,True,,,torch.float64,2e-06,2e-06,,pass,,,,mp-aaacpndw,1999,104,7.771561172376096e-16,8.881784197001252e-16,2.1747030923137342e-10,,8.881784197001252e-16,,,,,,,,,,B+,real,,,valid,pass,,
,,,,,,,0,0,918,gpu_geometry,,,,,torch.float64,,,,pass,,,,mp-aaaaawnl,532,496,,8.881784197001252e-16,,,8.881784197001252e-16,,,,,,,,,,,real,,,valid,pass,,
,,,0.0,,,,,,919,cpu_gpu_features,4,True,,,torch.float64,2e-10,2e-10,,,,,,mp-aaaaawnl,532,,2.4424906541753444e-15,,7.93282910541275e-06,,,,,,,,,,,,A,real,,,valid,pass,,
,,,0.0,,,,,,920,gpu_rebuilt_features,4,True,,,torch.float64,2e-06,2e-06,,,,,,mp-aaaaawnl,532,,1.3322676295501878e-15,,3.531058667831322e-10,,,,,,,,,,,,A,real,,,valid,pass,,
,,,0.0,,,,,,921,gpu_orthogonal,4,True,,,torch.float64,2e-10,2e-10,,,,,,mp-aaaaawnl,532,,8.881784197001252e-16,,2.6482940008734917e-06,,,,,rotation_1,,,,,,,A,real,,,valid,pass,,
,,,0.0,,,,,,922,gpu_orthogonal,4,True,,,torch.float64,2e-10,2e-10,,,,,,mp-aaaaawnl,532,,8.881784197001252e-16,,2.322719382737422e-06,,,,,rotation_2,,,,,,,A,real,,,valid,pass,,
,,,0.0,,,,,,923,gpu_orthogonal,4,True,,,torch.float64,2e-10,2e-10,,,,,,mp-aaaaawnl,532,,8.881784197001252e-16,,2.466202310256764e-06,,,,,reflection,,,,,,,A,real,,,valid,pass,,
,,,0.0,,,,,,924,gpu_orthogonal,4,True,,,torch.float64,2e-10,2e-10,,,,,,mp-aaaaawnl,532,,8.881784197001252e-16,,2.6482940008734917e-06,,,,,inversion,,,,,,,A,real,,,valid,pass,,
,,,0.0,,,,,,925,gpu_orthogonal,4,True,,,torch.float64,2e-10,2e-10,,,,,,mp-aaaaawnl,532,,8.881784197001252e-16,,2.4328463928745306e-06,,,,,improper_with_translation,,,,,,,A,real,,,valid,pass,,
,,,,,,,,,926,gpu_padding,,,,,torch.float64,,,,,,,,mp-aaaaawnl,532,,,,,,,,,,,,,,,,A,real,,,valid,pass,,
,,,3.382710778154774e-17,,,,,,927,cpu_gpu_features,4,True,,,torch.float64,2e-10,2e-10,,,,,,mp-aaaaawnl,532,,2.6645352591003757e-15,,1.0050238874530835e-05,,,,,,,,,,,,B+,real,,,valid,pass,,
,,,2.3418766925686896e-17,,,,,,928,gpu_rebuilt_features,4,True,,,torch.float64,2e-06,2e-06,,,,,,mp-aaaaawnl,532,,1.3322676295501878e-15,,3.3419262398083177e-10,,,,,,,,,,,,B+,real,,,valid,pass,,
,,,8.239936510889834e-18,,,,,,929,gpu_orthogonal,4,True,,,torch.float64,2e-10,2e-10,,,,,,mp-aaaaawnl,532,,8.881784197001252e-16,,2.9610803760037065e-06,,,,,rotation_1,,,,,,,B+,real,,,valid,pass,,
,,,1.1709383462843448e-17,,,,,,930,gpu_orthogonal,4,True,,,torch.float64,2e-10,2e-10,,,,,,mp-aaaaawnl,532,,8.881784197001252e-16,,2.897015239095034e-06,,,,,rotation_2,,,,,,,B+,real,,,valid,pass,,
,,,6.938893903907228e-18,,,,,,931,gpu_orthogonal,4,True,,,torch.float64,2e-10,2e-10,,,,,,mp-aaaaawnl,532,,8.881784197001252e-16,,2.398903413171327e-06,,,,,reflection,,,,,,,B+,real,,,valid,pass,,
,,,1.0408340855860843e-17,,,,,,932,gpu_orthogonal,4,True,,,torch.float64,2e-10,2e-10,,,,,,mp-aaaaawnl,532,,8.881784197001252e-16,,3.511979050609047e-06,,,,,inversion,,,,,,,B+,real,,,valid,pass,,
,,,6.938893903907228e-18,,,,,,933,gpu_orthogonal,4,True,,,torch.float64,2e-10,2e-10,,,,,,mp-aaaaawnl,532,,1.1102230246251565e-15,,3.1264966351211793e-06,,,,,improper_with_translation,,,,,,,B+,real,,,valid,pass,,
,,,,,,,,,934,gpu_padding,,,,,torch.float64,,,,,,,,mp-aaaaawnl,532,,,,,,,,,,,,,,,,B+,real,,,valid,pass,,
,,,0.0,,,,0,0,935,gpu_translation,4,True,,,torch.float64,2e-06,2e-06,,pass,,,,mp-aaaaawnl,532,496,1.1102230246251565e-15,1.7763568394002505e-15,3.1326039684459195e-10,,1.3322676295501878e-15,,,,,,,,,,A,real,,,valid,pass,,
,,,6.938893903907228e-18,,,,0,0,936,gpu_translation,4,True,,,torch.float64,2e-06,2e-06,,pass,,,,mp-aaaaawnl,532,496,1.1102230246251565e-15,1.7763568394002505e-15,3.7132513775647976e-10,,1.3322676295501878e-15,,,,,,,,,,B+,real,,,valid,pass,,
,,,0.0,,,,0,0,937,gpu_representation,4,True,,,torch.float64,2e-06,2e-06,,pass,,,,mp-aaaaawnl,532,,8.881784197001252e-16,,2.3118846525586523e-10,,,,,permutation,,,,,,,A,real,,,valid,pass,,
,,,8.239936510889834e-18,,,,0,0,938,gpu_representation,4,True,,,torch.float64,2e-06,2e-06,,pass,,,,mp-aaaaawnl,532,,8.881784197001252e-16,,3.4657012857271447e-10,,,,,permutation,,,,,,,B+,real,,,valid,pass,,
,,,0.0,,,,0,0,939,gpu_representation,4,True,,,torch.float64,2e-06,2e-06,,pass,,,,mp-aaaaawnl,532,,9.992007221626409e-16,,2.5739392668670113e-10,,,,,integer_images,,,,,,,A,real,,,valid,pass,,
,,,6.938893903907228e-18,,,,0,0,940,gpu_representation,4,True,,,torch.float64,2e-06,2e-06,,pass,,,,mp-aaaaawnl,532,,1.1102230246251565e-15,,2.6422047715279756e-10,,,,,integer_images,,,,,,,B+,real,,,valid,pass,,
,,,0.0,,,,0,0,941,gpu_representation,4,True,,,torch.float64,2e-06,2e-06,,pass,,,,mp-aaaaawnl,532,,1.4187424873801646e-08,,0.006701797074971727,,,,,basis_swap,,,,,,,A,real,,,valid,pass,,
,,,2.84645125178673e-10,,,,0,0,942,gpu_representation,4,True,,,torch.float64,2e-06,2e-06,,pass,,,,mp-aaaaawnl,532,,2.758097827904038e-08,,0.01047963225190212,,,,,basis_swap,,,,,,,B+,real,,,valid,pass,,
,,,0.0,,,,0,0,943,gpu_representation,4,True,,,torch.float64,2e-06,2e-06,,pass,,,,mp-aaaaawnl,532,,2.252410816194761e-08,,0.010634315025744702,,,,,basis_shear,,,,,,,A,real,,,valid,pass,,
,,,4.4835490355110696e-10,,,,0,0,944,gpu_representation,4,True,,,torch.float64,2e-06,2e-06,,pass,,,,mp-aaaaawnl,532,,4.387506402636632e-08,,0.016757480582678196,,,,,basis_shear,,,,,,,B+,real,,,valid,pass,,
,,,,,,,,,945,cpu_gpu_gradients,,,,,torch.float64,,,,,7.936134317418945e-16,35,,mp-aaaaawnl,532,,4.5102810375396984e-17,,,8.120028153891149e-15,,,,,,,,,,,A,real,,,valid,pass,"{""input"": {""max_abs_error"": 8.944667923005412e-19, ""max_normalized_error"": 4.091017180312173e-08, ""pass"": true, ""relative_l2"": 1.4535648796417856e-15, ""active"": true, ""above_absolute_floor"": true}, ""vectors"": {""max_abs_error"": 2.5940384009662948e-21, ""max_normalized_error"": 1.2967746713473746e-10, ""pass"": true, ""relative_l2"": 5.709087600947566e-15, ""active"": true, ""above_absolute_floor"": true}, ""distances"": {""max_abs_error"": 1.4455808384976712e-19, ""max_normalized_error"": 7.2277366333738805e-09, ""pass"": true, ""relative_l2"": 8.120028153891149e-15, ""active"": true, ""above_absolute_floor"": true}, ""local_input.weight"": {""max_abs_error"": 2.949029909160572e-17, ""max_normalized_error"": 9.227372451660748e-07, ""pass"": true, ""relative_l2"": 8.083413625735659e-16, ""active"": true, ""above_absolute_floor"": true}, ""local_input.bias"": {""max_abs_error"": 1.734723475976807e-17, ""max_normalized_error"": 4.901676602439726e-07, ""pass"": true, ""relative_l2"": 7.715248519017263e-16, ""active"": true, ""above_absolute_floor"": true}, ""local_output.weight"": {""max_abs_error"": 7.806255641895632e-18, ""max_normalized_error"": 2.178026184007978e-07, ""pass"": true, ""relative_l2"": 6.963217080904909e-16, ""active"": true, ""above_absolute_floor"": true}, ""local_output.bias"": {""max_abs_error"": 2.3852447794681098e-18, ""max_normalized_error"": 8.951386297495158e-08, ""pass"": true, ""relative_l2"": 4.846321409853575e-16, ""active"": true, ""above_absolute_floor"": true}, ""blocks.0.edge_mlp.0.weight"": {""max_abs_error"": 2.439454888092385e-19, ""max_normalized_error"": 1.1485351278531696e-08, ""pass"": true, ""relative_l2"": 1.1590619076631412e-15, ""active"": true, ""above_absolute_floor"": true}, ""blocks.0.edge_mlp.0.bias"": {""max_abs_error"": 2.710505431213761e-19, ""max_normalized_error"": 1.1777596582821748e-08, ""pass"": true, ""relative_l2"": 7.632145028969348e-16, ""active"": true, ""above_absolute_floor"": true}, ""blocks.0.edge_mlp.2.weight"": {""max_abs_error"": 3.4220131069073734e-19, ""max_normalized_error"": 1.6888509538866898e-08, ""pass"": true, ""relative_l2"": 1.2496430088971095e-15, ""active"": true, ""above_absolute_floor"": true}, ""blocks.0.edge_mlp.2.bias"": {""max_abs_error"": 1.0842021724855044e-18, ""max_normalized_error"": 4.122922367886994e-08, ""pass"": true, ""relative_l2"": 9.015505595569076e-16, ""active"": true, ""above_absolute_floor"": true}, ""blocks.0.angle_mlp.0.weight"": {""max_abs_error"": 1.6263032587282567e-19, ""max_normalized_error"": 7.857354762367393e-09, ""pass"": true, ""relative_l2"": 1.7812393202684816e-15, ""active"": true, ""above_absolute_floor"": true}, ""blocks.0.angle_mlp.0.bias"": {""max_abs_error"": 2.303929616531697e-19, ""max_normalized_error"": 1.0991629044608298e-08, ""pass"": true, ""relative_l2"": 1.5924695297441962e-15, ""active"": true, ""above_absolute_floor"": true}, ""blocks.0.angle_mlp.2.weight"": {""max_abs_error"": 3.5236570605778894e-19, ""max_normalized_error"": 1.6234623267965505e-08, ""pass"": true, ""relative_l2"": 1.7101404748365418e-15, ""active"": true, ""above_absolute_floor"": true}, ""blocks.0.angle_mlp.2.bias"": {""max_abs_error"": 1.1926223897340549e-18, ""max_normalized_error"": 4.5282451326864644e-08, ""pass"": true, ""relative_l2"": 1.5636860961408426e-15, ""active"": true, ""above_absolute_floor"": true}, ""blocks.0.update.0.weight"": {""max_abs_error"": 1.5612511283791264e-17, ""max_normalized_error"": 4.958748456040407e-07, ""pass"": true, ""relative_l2"": 9.048259086957324e-16, ""active"": true, ""above_absolute_floor"": true}, ""blocks.0.update.0.bias"": {""max_abs_error"": 2.6020852139652106e-18, ""max_normalized_error"": 1.1733327917907918e-07, ""pass"": true, ""relative_l2"": 7.526185443507077e-16, ""active"": true, ""above_absolute_floor"": true}, ""blocks.0.update.2.weight"": {""max_abs_error"": 9.107298248878237e-18, ""max_normalized_error"": 2.2779298575475996e-07, ""pass"": true, ""relative_l2"": 9.149191002419863e-16, ""active"": true, ""above_absolute_floor"": true}, ""blocks.0.update.2.bias"": {""max_abs_error"": 1.734723475976807e-17, ""max_normalized_error"": 2.933090260045671e-07, ""pass"": true, ""relative_l2"": 7.52231606725713e-16, ""active"": true, ""above_absolute_floor"": true}, ""blocks.0.norm.weight"": {""max_abs_error"": 1.1275702593849246e-17, ""max_normalized_error"": 1.9908660430950736e-07, ""pass"": true, ""relative_l2"": 1.432210150460869e-15, ""active"": true, ""above_absolute_floor"": true}, ""blocks.0.norm.bias"": {""max_abs_error"": 6.5052130349130266e-18, ""max_normalized_error"": 1.635397962616336e-07, ""pass"": true, ""relative_l2"": 7.963318298165905e-16, ""active"": true, ""above_absolute_floor"": true}, ""blocks.1.edge_mlp.0.weight"": {""max_abs_error"": 3.5236570605778894e-19, ""max_normalized_error"": 1.6367224978780428e-08, ""pass"": true, ""relative_l2"": 1.3990783363328611e-15, ""active"": true, ""above_absolute_floor"": true}, ""blocks.1.edge_mlp.0.bias"": {""max_abs_error"": 1.4907779871675686e-19, ""max_normalized_error"": 7.241535568733042e-09, ""pass"": true, ""relative_l2"": 1.1976478905322307e-15, ""active"": true, ""above_absolute_floor"": true}, ""blocks.1.edge_mlp.2.weight"": {""max_abs_error"": 4.87890977618477e-19, ""max_normalized_error"": 2.309205070927113e-08, ""pass"": true, ""relative_l2"": 1.4057589186253195e-15, ""active"": true, ""above_absolute_floor"": true}, ""blocks.1.edge_mlp.2.bias"": {""max_abs_error"": 4.336808689942018e-19, ""max_normalized_error"": 2.077030320079184e-08, ""pass"": true, ""relative_l2"": 1.1466710036537587e-15, ""active"": true, ""above_absolute_floor"": true}, ""blocks.1.angle_mlp.0.weight"": {""max_abs_error"": 2.439454888092385e-19, ""max_normalized_error"": 1.1700707416884129e-08, ""pass"": true, ""relative_l2"": 2.022594518619961e-15, ""active"": true, ""above_absolute_floor"": true}, ""blocks.1.angle_mlp.0.bias"": {""max_abs_error"": 1.0842021724855044e-19, ""max_normalized_error"": 5.325392447540665e-09, ""pass"": true, ""relative_l2"": 1.8593673159862455e-15, ""active"": true, ""above_absolute_floor"": true}, ""blocks.1.angle_mlp.2.weight"": {""max_abs_error"": 2.981555974335137e-19, ""max_normalized_error"": 1.4317796540735356e-08, ""pass"": true, ""relative_l2"": 1.9370459955214853e-15, ""active"": true, ""above_absolute_floor"": true}, ""blocks.1.angle_mlp.2.bias"": {""max_abs_error"": 5.149960319306146e-19, ""max_normalized_error"": 2.3100657583909385e-08, ""pass"": true, ""relative_l2"": 1.9206207333262457e-15, ""active"": true, ""above_absolute_floor"": true}, ""blocks.1.update.0.weight"": {""max_abs_error"": 8.673617379884035e-18, ""max_normalized_error"": 1.8039387741570153e-07, ""pass"": true, ""relative_l2"": 9.986312701095148e-16, ""active"": true, ""above_absolute_floor"": true}, ""blocks.1.update.0.bias"": {""max_abs_error"": 1.1926223897340549e-18, ""max_normalized_error"": 5.103611266673801e-08, ""pass"": true, ""relative_l2"": 8.016995589890695e-16, ""active"": true, ""above_absolute_floor"": true}, ""blocks.1.update.2.weight"": {""max_abs_error"": 3.903127820947816e-18, ""max_normalized_error"": 1.1216975638489026e-07, ""pass"": true, ""relative_l2"": 9.729145431864301e-16, ""active"": true, ""above_absolute_floor"": true}, ""blocks.1.update.2.bias"": {""max_abs_error"": 5.637851296924623e-18, ""max_normalized_error"": 1.535933394787887e-07, ""pass"": true, ""relative_l2"": 7.916020735497773e-16, ""active"": true, ""above_absolute_floor"": true}, ""blocks.1.norm.weight"": {""max_abs_error"": 4.5102810375396984e-17, ""max_normalized_error"": 2.0998059704060038e-07, ""pass"": true, ""relative_l2"": 6.21172330698158e-16, ""active"": true, ""above_absolute_floor"": true}, ""blocks.1.norm.bias"": {""max_abs_error"": 1.3877787807814457e-17, ""max_normalized_error"": 2.9047287115760844e-07, ""pass"": true, ""relative_l2"": 4.846836727394705e-16, ""active"": true, ""above_absolute_floor"": true}}",[]
,,,,,,,,,946,cpu_gpu_gradients,,,,,torch.float64,,,,,9.141012721188567e-16,33,,mp-aaaaawnl,532,,2.7755575615628914e-17,,,1.1762081731110218e-14,,,,,,,,,,,B+,real,,,valid,pass,"{""input"": {""max_abs_error"": 1.0028870095490916e-18, ""max_normalized_error"": 4.657217587596823e-08, ""pass"": true, ""relative_l2"": 1.6252705882265198e-15, ""active"": true, ""above_absolute_floor"": true}, ""vectors"": {""max_abs_error"": 2.448454613156962e-21, ""max_normalized_error"": 1.2242261492447155e-10, ""pass"": true, ""relative_l2"": 1.1762081731110218e-14, ""active"": true, ""above_absolute_floor"": true}, ""distances"": {""max_abs_error"": 4.337073387738035e-19, ""max_normalized_error"": 2.168380537689386e-08, ""pass"": true, ""relative_l2"": 5.4023617641338885e-15, ""active"": true, ""above_absolute_floor"": true}, ""local_input.weight"": {""max_abs_error"": 2.5153490401663703e-17, ""max_normalized_error"": 7.201159777683959e-07, ""pass"": true, ""relative_l2"": 9.526973270660545e-16, ""active"": true, ""above_absolute_floor"": true}, ""local_input.bias"": {""max_abs_error"": 2.0816681711721685e-17, ""max_normalized_error"": 3.3991795708776197e-07, ""pass"": true, ""relative_l2"": 1.0112714041696477e-15, ""active"": true, ""above_absolute_floor"": true}, ""local_output.weight"": {""max_abs_error"": 6.0986372202309624e-18, ""max_normalized_error"": 2.7708964723452187e-07, ""pass"": true, ""relative_l2"": 7.028306632557219e-16, ""active"": true, ""above_absolute_floor"": true}, ""local_output.bias"": {""max_abs_error"": 2.7376104855258987e-18, ""max_normalized_error"": 1.245804099111245e-07, ""pass"": true, ""relative_l2"": 4.800027208982287e-16, ""active"": true, ""above_absolute_floor"": true}, ""blocks.0.tp.weight"": {""max_abs_error"": 1.2197274440461925e-19, ""max_normalized_error"": 6.0390317516106155e-09, ""pass"": true, ""relative_l2"": 1.5026862516184352e-15, ""active"": true, ""above_absolute_floor"": true}, ""blocks.0.mix.weight"": {""max_abs_error"": 8.809142651444724e-20, ""max_normalized_error"": 4.327826740689307e-09, ""pass"": true, ""relative_l2"": 1.6756049275148865e-15, ""active"": true, ""above_absolute_floor"": true}, ""blocks.0.radial_gate.0.weight"": {""max_abs_error"": 5.89534931288993e-19, ""max_normalized_error"": 2.9195382099977215e-08, ""pass"": true, ""relative_l2"": 1.5827869617587952e-15, ""active"": true, ""above_absolute_floor"": true}, ""blocks.0.radial_gate.0.bias"": {""max_abs_error"": 7.724940478959219e-19, ""max_normalized_error"": 3.7288791633648043e-08, ""pass"": true, ""relative_l2"": 1.586451103653671e-15, ""active"": true, ""above_absolute_floor"": true}, ""blocks.0.radial_gate.2.weight"": {""max_abs_error"": 1.81603863891322e-18, ""max_normalized_error"": 8.62395560524425e-08, ""pass"": true, ""relative_l2"": 1.6240099511857111e-15, ""active"": true, ""above_absolute_floor"": true}, ""blocks.0.radial_gate.2.bias"": {""max_abs_error"": 7.846913223363838e-18, ""max_normalized_error"": 3.70550846980729e-07, ""pass"": true, ""relative_l2"": 1.5364189660333222e-15, ""active"": true, ""above_absolute_floor"": true}, ""blocks.0.update.0.weight"": {""max_abs_error"": 1.8214596497756474e-17, ""max_normalized_error"": 4.940633758170452e-07, ""pass"": true, ""relative_l2"": 9.416246670639148e-16, ""active"": true, ""above_absolute_floor"": true}, ""blocks.0.update.0.bias"": {""max_abs_error"": 3.699839913606784e-18, ""max_normalized_error"": 1.7527716626728157e-07, ""pass"": true, ""relative_l2"": 8.161787316329669e-16, ""active"": true, ""above_absolute_floor"": true}, ""blocks.0.update.2.weight"": {""max_abs_error"": 1.0408340855860843e-17, ""max_normalized_error"": 2.6781807618774367e-07, ""pass"": true, ""relative_l2"": 1.028415131806931e-15, ""active"": true, ""above_absolute_floor"": true}, ""blocks.0.update.2.bias"": {""max_abs_error"": 2.168404344971009e-17, ""max_normalized_error"": 3.277475966554277e-07, ""pass"": true, ""relative_l2"": 9.675229869405663e-16, ""active"": true, ""above_absolute_floor"": true}, ""blocks.0.norm.weight"": {""max_abs_error"": 7.806255641895632e-18, ""max_normalized_error"": 1.6796052208064176e-07, ""pass"": true, ""relative_l2"": 1.2872548010468544e-15, ""active"": true, ""above_absolute_floor"": true}, ""blocks.0.norm.bias"": {""max_abs_error"": 6.938893903907228e-18, ""max_normalized_error"": 1.7040900099298194e-07, ""pass"": true, ""relative_l2"": 1.0042036614257832e-15, ""active"": true, ""above_absolute_floor"": true}, ""blocks.0.direction_gate.weight"": {""max_abs_error"": 1.0323214044661785e-21, ""max_normalized_error"": 5.1613490867584355e-11, ""pass"": true, ""relative_l2"": 2.044269272504911e-15, ""active"": true, ""above_absolute_floor"": true}, ""blocks.0.direction_gate.bias"": {""max_abs_error"": 1.3234889800848443e-22, ""max_normalized_error"": 6.61741722534432e-12, ""pass"": true, ""relative_l2"": 1.1536075250836079e-15, ""active"": true, ""above_absolute_floor"": true}, ""blocks.1.tp.weight"": {""max_abs_error"": 2.710505431213761e-19, ""max_normalized_error"": 1.2790152448777914e-08, ""pass"": true, ""relative_l2"": 1.7823551300871353e-15, ""active"": true, ""above_absolute_floor"": true}, ""blocks.1.mix.weight"": {""max_abs_error"": 2.439454888092385e-19, ""max_normalized_error"": 1.1410833915478758e-08, ""pass"": true, ""relative_l2"": 1.5034785482391804e-15, ""active"": true, ""above_absolute_floor"": true}, ""blocks.1.radial_gate.0.weight"": {""max_abs_error"": 2.8189256484623115e-18, ""max_normalized_error"": 9.47281572289703e-08, ""pass"": true, ""relative_l2"": 1.5488594296768307e-15, ""active"": true, ""above_absolute_floor"": true}, ""blocks.1.radial_gate.0.bias"": {""max_abs_error"": 8.673617379884035e-19, ""max_normalized_error"": 3.8733049719614614e-08, ""pass"": true, ""relative_l2"": 1.5714370692596208e-15, ""active"": true, ""above_absolute_floor"": true}, ""blocks.1.radial_gate.2.weight"": {""max_abs_error"": 3.469446951953614e-18, ""max_normalized_error"": 1.3132516838995178e-07, ""pass"": true, ""relative_l2"": 1.649954093704934e-15, ""active"": true, ""above_absolute_floor"": true}, ""blocks.1.radial_gate.2.bias"": {""max_abs_error"": 3.577867169202165e-18, ""max_normalized_error"": 1.546316451468081e-07, ""pass"": true, ""relative_l2"": 1.6801985825548448e-15, ""active"": true, ""above_absolute_floor"": true}, ""blocks.1.update.0.weight"": {""max_abs_error"": 6.5052130349130266e-18, ""max_normalized_error"": 2.450936327481247e-07, ""pass"": true, ""relative_l2"": 1.0305977047177432e-15, ""active"": true, ""above_absolute_floor"": true}, ""blocks.1.update.0.bias"": {""max_abs_error"": 1.5449880957918438e-18, ""max_normalized_error"": 7.0292198515388e-08, ""pass"": true, ""relative_l2"": 9.12445314787399e-16, ""active"": true, ""above_absolute_floor"": true}, ""blocks.1.update.2.weight"": {""max_abs_error"": 8.239936510889834e-18, ""max_normalized_error"": 1.9116711162994392e-07, ""pass"": true, ""relative_l2"": 1.1520746668973603e-15, ""active"": true, ""above_absolute_floor"": true}, ""blocks.1.update.2.bias"": {""max_abs_error"": 6.5052130349130266e-18, ""max_normalized_error"": 2.062517913245046e-07, ""pass"": true, ""relative_l2"": 1.0695651130963246e-15, ""active"": true, ""above_absolute_floor"": true}, ""blocks.1.norm.weight"": {""max_abs_error"": 2.7755575615628914e-17, ""max_normalized_error"": 1.319157477330425e-07, ""pass"": true, ""relative_l2"": 5.645704724938006e-16, ""active"": true, ""above_absolute_floor"": true}, ""blocks.1.norm.bias"": {""max_abs_error"": 1.214306433183765e-17, ""max_normalized_error"": 2.698982406139239e-07, ""pass"": true, ""relative_l2"": 4.863994445489889e-16, ""active"": true, ""above_absolute_floor"": true}}",[]
,,,,,,,0,0,947,gpu_geometry,,,,,torch.float64,,,,pass,,,,mp-aaacixnk,1674,694,,8.881784197001252e-16,,,1.3322676295501878e-15,,,,,,,,,,,real,,,valid,pass,,
,,,0.0,,,,,,948,cpu_gpu_features,4,True,,,torch.float64,2e-10,2e-10,,,,,,mp-aaacixnk,1674,,3.219646771412954e-15,,1.0507304468050977e-05,,,,,,,,,,,,A,real,,,valid,pass,,
,,,0.0,,,,,,949,gpu_rebuilt_features,4,True,,,torch.float64,2e-06,2e-06,,,,,,mp-aaacixnk,1674,,1.609823385706477e-15,,7.543980487680106e-10,,,,,,,,,,,,A,real,,,valid,pass,,
,,,0.0,,,,,,950,gpu_orthogonal,4,True,,,torch.float64,2e-10,2e-10,,,,,,mp-aaacixnk,1674,,2.192690473634684e-15,,1.0299220906372497e-05,,,,,rotation_1,,,,,,,A,real,,,valid,pass,,
,,,0.0,,,,,,951,gpu_orthogonal,4,True,,,torch.float64,2e-10,2e-10,,,,,,mp-aaacixnk,1674,,1.5543122344752192e-15,,4.798223282521844e-06,,,,,rotation_2,,,,,,,A,real,,,valid,pass,,
,,,0.0,,,,,,952,gpu_orthogonal,4,True,,,torch.float64,2e-10,2e-10,,,,,,mp-aaacixnk,1674,,1.5543122344752192e-15,,3.895930108612579e-06,,,,,reflection,,,,,,,A,real,,,valid,pass,,
,,,0.0,,,,,,953,gpu_orthogonal,4,True,,,torch.float64,2e-10,2e-10,,,,,,mp-aaacixnk,1674,,1.887379141862766e-15,,6.126546198324476e-06,,,,,inversion,,,,,,,A,real,,,valid,pass,,
,,,0.0,,,,,,954,gpu_orthogonal,4,True,,,torch.float64,2e-10,2e-10,,,,,,mp-aaacixnk,1674,,1.5543122344752192e-15,,4.603188765227579e-06,,,,,improper_with_translation,,,,,,,A,real,,,valid,pass,,
,,,,,,,,,955,gpu_padding,,,,,torch.float64,,,,,,,,mp-aaacixnk,1674,,,,,,,,,,,,,,,,A,real,,,valid,pass,,
,,,2.862293735361732e-17,,,,,,956,cpu_gpu_features,4,True,,,torch.float64,2e-10,2e-10,,,,,,mp-aaacixnk,1674,,3.3306690738754696e-15,,1.097422614545355e-05,,,,,,,,,,,,B+,real,,,valid,pass,,
,,,1.5612511283791264e-17,,,,,,957,gpu_rebuilt_features,4,True,,,torch.float64,2e-06,2e-06,,,,,,mp-aaacixnk,1674,,2.4424906541753444e-15,,9.373084713191016e-10,,,,,,,,,,,,B+,real,,,valid,pass,,
,,,1.5612511283791264e-17,,,,,,958,gpu_orthogonal,4,True,,,torch.float64,2e-10,2e-10,,,,,,mp-aaacixnk,1674,,1.3322676295501878e-15,,5.283187660151762e-06,,,,,rotation_1,,,,,,,B+,real,,,valid,pass,,
,,,1.0408340855860843e-17,,,,,,959,gpu_orthogonal,4,True,,,torch.float64,2e-10,2e-10,,,,,,mp-aaacixnk,1674,,1.3322676295501878e-15,,5.107344458270049e-06,,,,,rotation_2,,,,,,,B+,real,,,valid,pass,,
,,,1.734723475976807e-17,,,,,,960,gpu_orthogonal,4,True,,,torch.float64,2e-10,2e-10,,,,,,mp-aaacixnk,1674,,1.7763568394002505e-15,,4.501749111877533e-06,,,,,reflection,,,,,,,B+,real,,,valid,pass,,
,,,1.214306433183765e-17,,,,,,961,gpu_orthogonal,4,True,,,torch.float64,2e-10,2e-10,,,,,,mp-aaacixnk,1674,,1.5543122344752192e-15,,5.67013766600444e-06,,,,,inversion,,,,,,,B+,real,,,valid,pass,,
,,,1.5612511283791264e-17,,,,,,962,gpu_orthogonal,4,True,,,torch.float64,2e-10,2e-10,,,,,,mp-aaacixnk,1674,,2.4424906541753444e-15,,7.0381234664162115e-06,,,,,improper_with_translation,,,,,,,B+,real,,,valid,pass,,
,,,,,,,,,963,gpu_padding,,,,,torch.float64,,,,,,,,mp-aaacixnk,1674,,,,,,,,,,,,,,,,B+,real,,,valid,pass,,
,,,0.0,,,,0,0,964,gpu_translation,4,True,,,torch.float64,2e-06,2e-06,,pass,,,,mp-aaacixnk,1674,694,2.220446049250313e-15,8.881784197001252e-16,7.083509288386508e-10,,1.3322676295501878e-15,,,,,,,,,,A,real,,,valid,pass,,
,,,2.168404344971009e-17,,,,0,0,965,gpu_translation,4,True,,,torch.float64,2e-06,2e-06,,pass,,,,mp-aaacixnk,1674,694,1.9984014443252818e-15,8.881784197001252e-16,6.552648423337696e-10,,1.3322676295501878e-15,,,,,,,,,,B+,real,,,valid,pass,,
