arm,checkpoint,position,parameter,group,numel,requires_grad,param_group,in_optimizer,step,exp_avg_rms,exp_avg_sq_rms,adam_update_rms,note
B100,best,0,edos_query_embed,other,65536,True,0,True,50895.0,6.219602710189065e-06,7.942039803587875e-10,0.2484934777021408,
B100,best,1,edos_tgt,other,65536,True,0,True,50895.0,8.168111526174471e-05,1.587080618037362e-07,0.25044459104537964,
B100,best,2,phdos_query_embed,other,32768,True,0,True,50895.0,5.1223637456132565e-06,5.292690175018322e-10,0.22636288404464722,
B100,best,3,phdos_tgt,other,32768,True,0,True,50895.0,6.722046236973256e-05,8.567082687704897e-08,0.23484528064727783,
B100,best,4,eta_head.mlp.0.weight,scale_head,65536,True,0,True,50895.0,2.6126954253413714e-05,2.2481888350966983e-08,0.19882237911224365,
B100,best,5,eta_head.mlp.0.bias,scale_head,128,True,0,True,50895.0,3.139115506201051e-05,4.0554503755174665e-08,0.16956740617752075,
B100,best,6,eta_head.mlp.2.weight,scale_head,8192,True,0,True,50895.0,5.559379860642366e-05,1.6798180979549215e-07,0.1868569403886795,
B100,best,7,eta_head.mlp.2.bias,scale_head,64,True,0,True,50895.0,4.90802813146729e-05,1.91783570357984e-07,0.13693121075630188,
B100,best,8,eta_head.mlp.4.weight,scale_head,128,True,0,True,50895.0,0.0002380131627433002,3.44723730449914e-06,0.18547828495502472,
B100,best,9,eta_head.mlp.4.bias,scale_head,2,True,0,True,50895.0,0.00016841913748066872,6.181457138154656e-06,0.06828884035348892,
B100,best,10,tok_emb.weight,tok_emb,60416,True,0,True,50895.0,8.445302955806255e-05,2.655298771969683e-07,0.19315187633037567,
B100,best,11,num_emb_encoder.proj.weight,num_emb_encoder,1536,True,0,True,50895.0,5.091942512081005e-05,4.457781699329644e-08,0.24953457713127136,
B100,best,12,num_emb_encoder.proj.bias,num_emb_encoder,512,True,0,True,50895.0,0.00011771775461966172,2.327632273591007e-07,0.24954192340373993,
B100,best,13,atom_norm.weight,atom_norm,512,True,0,True,50895.0,5.410780067904852e-05,5.948038861447458e-08,0.23549619317054749,
B100,best,14,atom_norm.bias,atom_norm,512,True,0,True,50895.0,5.270002657198347e-05,4.4105501473268305e-08,0.2543313503265381,
B100,best,15,num_norm.weight,num_norm,512,True,0,True,50895.0,3.994037615484558e-05,4.630566152741267e-08,0.2460847645998001,
B100,best,16,num_norm.bias,num_norm,512,True,0,True,50895.0,4.13183806813322e-05,3.03159382042395e-08,0.24643594026565552,
B100,best,17,fuse_proj.weight,fuse_proj,524288,True,0,True,50895.0,5.2992170822108164e-05,6.614783387703937e-08,0.24208827316761017,
B100,best,18,fuse_proj.bias,fuse_proj,512,True,0,True,50895.0,5.323697405401617e-05,5.3030472457749056e-08,0.24796628952026367,
B100,best,19,encoder.layers.0.rp_proj.weight,encoder.layer0.rp_proj,294912,True,0,True,50895.0,1.632759813219309e-05,1.684485262387625e-08,0.2063693106174469,
B100,best,20,encoder.layers.0.rp_proj.bias,encoder.layer0.rp_proj,512,True,0,True,50895.0,3.931837494475232e-11,3.5608122042361815e-20,0.0038407815154641867,
B100,best,21,encoder.layers.0.linear1.weight,encoder.layer0.other,1048576,True,0,True,50895.0,1.0294999810867012e-05,2.5391639901783947e-09,0.24522128701210022,
B100,best,22,encoder.layers.0.linear1.bias,encoder.layer0.other,2048,True,0,True,50895.0,1.0374911653343588e-05,2.0872545913874774e-09,0.2443162500858307,
B100,best,23,encoder.layers.0.linear2.weight,encoder.layer0.other,1048576,True,0,True,50895.0,1.081043137673987e-05,5.1761182007226125e-09,0.24283990263938904,
B100,best,24,encoder.layers.0.linear2.bias,encoder.layer0.other,512,True,0,True,50895.0,4.9673555622575805e-05,5.37059996474909e-08,0.23926332592964172,
B100,best,25,encoder.layers.0.norm1.weight,encoder.layer0.other,512,True,0,True,50895.0,6.0685459175147116e-05,1.0053267374132702e-07,0.247129425406456,
B100,best,26,encoder.layers.0.norm1.bias,encoder.layer0.other,512,True,0,True,50895.0,5.285422594170086e-05,6.022204956934729e-08,0.23663592338562012,
B100,best,27,encoder.layers.0.norm2.weight,encoder.layer0.other,512,True,0,True,50895.0,7.573366747237742e-05,1.1867452087699348e-07,0.2599288523197174,
B100,best,28,encoder.layers.0.norm2.bias,encoder.layer0.other,512,True,0,True,50895.0,6.275161285884678e-05,8.681119112452507e-08,0.23840616643428802,
B100,best,29,encoder.layers.1.rp_proj.weight,encoder.layer1.rp_proj,294912,True,0,True,50895.0,1.0709041816880926e-05,1.6505047994996858e-08,0.20378124713897705,
B100,best,30,encoder.layers.1.rp_proj.bias,encoder.layer1.rp_proj,512,True,0,True,50895.0,2.721517455839262e-11,1.6531813618221736e-20,0.0026798888575285673,
B100,best,31,encoder.layers.1.linear1.weight,encoder.layer1.other,1048576,True,0,True,50895.0,1.1565332897589542e-05,2.633435025600761e-09,0.25088220834732056,
B100,best,32,encoder.layers.1.linear1.bias,encoder.layer1.other,2048,True,0,True,50895.0,1.1601062396948691e-05,2.3808433002869833e-09,0.25027894973754883,
B100,best,33,encoder.layers.1.linear2.weight,encoder.layer1.other,1048576,True,0,True,50895.0,1.1698663911374751e-05,4.0751229057889304e-09,0.24384555220603943,
B100,best,34,encoder.layers.1.linear2.bias,encoder.layer1.other,512,True,0,True,50895.0,4.5619210141012445e-05,4.0681740642867226e-08,0.23140797019004822,
B100,best,35,encoder.layers.1.norm1.weight,encoder.layer1.other,512,True,0,True,50895.0,5.846532803843729e-05,6.051732981404712e-08,0.25674697756767273,
B100,best,36,encoder.layers.1.norm1.bias,encoder.layer1.other,512,True,0,True,50895.0,5.126513497089036e-05,4.95420202639707e-08,0.23698803782463074,
B100,best,37,encoder.layers.1.norm2.weight,encoder.layer1.other,512,True,0,True,50895.0,7.383440970443189e-05,9.437515302579413e-08,0.25631847977638245,
B100,best,38,encoder.layers.1.norm2.bias,encoder.layer1.other,512,True,0,True,50895.0,6.391549686668441e-05,7.710610105959859e-08,0.23473979532718658,
B100,best,39,encoder.layers.2.rp_proj.weight,encoder.layer2.rp_proj,294912,True,0,True,50895.0,1.3261353160487488e-05,7.247742406235602e-09,0.2034701406955719,
B100,best,40,encoder.layers.2.rp_proj.bias,encoder.layer2.rp_proj,512,True,0,True,50895.0,2.5093253863683884e-11,1.5348820942061596e-20,0.0024754907935857773,
B100,best,41,encoder.layers.2.linear1.weight,encoder.layer2.other,1048576,True,0,True,50895.0,1.3096379007038195e-05,3.5965619371580715e-09,0.24016250669956207,
B100,best,42,encoder.layers.2.linear1.bias,encoder.layer2.other,2048,True,0,True,50895.0,1.3048243999946862e-05,3.345923982323029e-09,0.2356400042772293,
B100,best,43,encoder.layers.2.linear2.weight,encoder.layer2.other,1048576,True,0,True,50895.0,1.3013894204050303e-05,3.961220240711327e-09,0.24207201600074768,
B100,best,44,encoder.layers.2.linear2.bias,encoder.layer2.other,512,True,0,True,50895.0,4.702228034147993e-05,4.4654118624976036e-08,0.22574102878570557,
B100,best,45,encoder.layers.2.norm1.weight,encoder.layer2.other,512,True,0,True,50895.0,5.9082081861561164e-05,6.382477124589059e-08,0.24811096489429474,
B100,best,46,encoder.layers.2.norm1.bias,encoder.layer2.other,512,True,0,True,50895.0,5.223733387538232e-05,5.711373418648691e-08,0.2246403694152832,
B100,best,47,encoder.layers.2.norm2.weight,encoder.layer2.other,512,True,0,True,50895.0,7.538968202425167e-05,1.0588298238189964e-07,0.24637846648693085,
B100,best,48,encoder.layers.2.norm2.bias,encoder.layer2.other,512,True,0,True,50895.0,6.713472976116464e-05,9.115547072724439e-08,0.22591964900493622,
B100,best,49,encoder.layers.3.rp_proj.weight,encoder.layer3.rp_proj,294912,True,0,True,50895.0,8.43365523905959e-06,4.379582030367146e-09,0.19537241756916046,
B100,best,50,encoder.layers.3.rp_proj.bias,encoder.layer3.rp_proj,512,True,0,True,50895.0,2.4314777621881056e-11,1.5518019767007038e-20,0.0024014711380004883,
B100,best,51,encoder.layers.3.linear1.weight,encoder.layer3.other,1048576,True,0,True,50895.0,1.595509638718795e-05,5.170225580997112e-09,0.24159832298755646,
B100,best,52,encoder.layers.3.linear1.bias,encoder.layer3.other,2048,True,0,True,50895.0,1.618187889107503e-05,4.847753309888958e-09,0.24058963358402252,
B100,best,53,encoder.layers.3.linear2.weight,encoder.layer3.other,1048576,True,0,True,50895.0,1.5093640286067966e-05,4.6165395950481525e-09,0.24396200478076935,
B100,best,54,encoder.layers.3.linear2.bias,encoder.layer3.other,512,True,0,True,50895.0,5.512061761692166e-05,5.737211594691871e-08,0.23124150931835175,
B100,best,55,encoder.layers.3.norm1.weight,encoder.layer3.other,512,True,0,True,50895.0,6.739675882272422e-05,8.468588674759303e-08,0.24197785556316376,
B100,best,56,encoder.layers.3.norm1.bias,encoder.layer3.other,512,True,0,True,50895.0,6.171685527078807e-05,7.668603529964457e-08,0.2260131686925888,
B100,best,57,encoder.layers.3.norm2.weight,encoder.layer3.other,512,True,0,True,50895.0,8.925059955799952e-05,1.3056892100848927e-07,0.2528535723686218,
B100,best,58,encoder.layers.3.norm2.bias,encoder.layer3.other,512,True,0,True,50895.0,7.8051038144622e-05,1.1383113474039419e-07,0.23174849152565002,
B100,best,59,encoder.layers.4.rp_proj.weight,encoder.layer4.rp_proj,294912,True,0,True,50895.0,7.635756446688902e-06,4.802691577765472e-09,0.1919703483581543,
B100,best,60,encoder.layers.4.rp_proj.bias,encoder.layer4.rp_proj,512,True,0,True,50895.0,3.181068256030706e-11,1.462766161958314e-20,0.003138620173558593,
B100,best,61,encoder.layers.4.linear1.weight,encoder.layer4.other,1048576,True,0,True,50895.0,2.0103310816921294e-05,7.716068672891652e-09,0.24624885618686676,
B100,best,62,encoder.layers.4.linear1.bias,encoder.layer4.other,2048,True,0,True,50895.0,1.954398976522498e-05,7.14923764633113e-09,0.23957666754722595,
B100,best,63,encoder.layers.4.linear2.weight,encoder.layer4.other,1048576,True,0,True,50895.0,1.886723293864634e-05,6.546222230952026e-09,0.2470446676015854,
B100,best,64,encoder.layers.4.linear2.bias,encoder.layer4.other,512,True,0,True,50895.0,6.354448851197958e-05,7.488964826052324e-08,0.2317720502614975,
B100,best,65,encoder.layers.4.norm1.weight,encoder.layer4.other,512,True,0,True,50895.0,8.431949390796944e-05,1.1444751635281136e-07,0.25311532616615295,
B100,best,66,encoder.layers.4.norm1.bias,encoder.layer4.other,512,True,0,True,50895.0,7.584612467326224e-05,1.0358356661299695e-07,0.23594018816947937,
B100,best,67,encoder.layers.4.norm2.weight,encoder.layer4.other,512,True,0,True,50895.0,0.00010259497503284365,1.725702247767913e-07,0.25027933716773987,
B100,best,68,encoder.layers.4.norm2.bias,encoder.layer4.other,512,True,0,True,50895.0,9.228861017618328e-05,1.5369913342055952e-07,0.2344689816236496,
B100,best,69,encoder.layers.5.rp_proj.weight,encoder.layer5.rp_proj,294912,True,0,True,50895.0,5.45593229617225e-06,1.6579015937878694e-09,0.18903985619544983,
B100,best,70,encoder.layers.5.rp_proj.bias,encoder.layer5.rp_proj,512,True,0,True,50895.0,2.44265128956922e-11,1.3149167555317667e-20,0.0024155685678124428,
B100,best,71,encoder.layers.5.linear1.weight,encoder.layer5.other,1048576,True,0,True,50895.0,2.710459375521168e-05,1.3399970910654702e-08,0.2477356642484665,
B100,best,72,encoder.layers.5.linear1.bias,encoder.layer5.other,2048,True,0,True,50895.0,2.6266954591847025e-05,1.2283379646760295e-08,0.2416619062423706,
B100,best,73,encoder.layers.5.linear2.weight,encoder.layer5.other,1048576,True,0,True,50895.0,2.7534702894627117e-05,1.3655454544903023e-08,0.25164446234703064,
B100,best,74,encoder.layers.5.linear2.bias,encoder.layer5.other,512,True,0,True,50895.0,7.93876315583475e-05,1.0944537365276119e-07,0.23680448532104492,
B100,best,75,encoder.layers.5.norm1.weight,encoder.layer5.other,512,True,0,True,50895.0,0.00010076830949401483,1.6328033325407887e-07,0.25188371539115906,
B100,best,76,encoder.layers.5.norm1.bias,encoder.layer5.other,512,True,0,True,50895.0,9.117967420024797e-05,1.463709224935883e-07,0.2368764877319336,
B100,best,77,encoder.layers.5.norm2.weight,encoder.layer5.other,512,True,0,True,50895.0,0.00012712310126516968,3.2424321716462146e-07,0.23144276440143585,
B100,best,78,encoder.layers.5.norm2.bias,encoder.layer5.other,512,True,0,True,50895.0,0.00012649057316593826,2.811678996295086e-07,0.23530077934265137,
B100,best,79,decoder.layers.0.self_attn.in_proj_weight,decoder,786432,True,0,True,50895.0,3.702503136082669e-06,5.515830014957146e-10,0.23447582125663757,
B100,best,80,decoder.layers.0.self_attn.in_proj_bias,decoder,1536,True,0,True,50895.0,0.0006700337398797274,1.2899494322482497e-05,0.20285625755786896,
B100,best,81,decoder.layers.0.self_attn.out_proj.weight,decoder,262144,True,0,True,50895.0,2.9507309591281228e-06,3.074423771121104e-10,0.2596112787723541,
B100,best,82,decoder.layers.0.self_attn.out_proj.bias,decoder,512,True,0,True,50895.0,0.0016931199934333563,3.431492223171517e-05,0.28547272086143494,
B100,best,83,decoder.layers.0.multihead_attn.in_proj_weight,decoder,786432,True,0,True,50895.0,4.3021151213906705e-05,3.31729914648804e-08,0.2551654577255249,
B100,best,84,decoder.layers.0.multihead_attn.in_proj_bias,decoder,1536,True,0,True,50895.0,5.823122774017975e-05,5.7544603748738155e-08,0.22358423471450806,
B100,best,85,decoder.layers.0.multihead_attn.out_proj.weight,decoder,262144,True,0,True,50895.0,4.689082197728567e-05,3.4412433791430885e-08,0.2591097056865692,
B100,best,86,decoder.layers.0.multihead_attn.out_proj.bias,decoder,512,True,0,True,50895.0,7.00000673532486e-05,7.083318820377826e-08,0.26457685232162476,
B100,best,87,decoder.layers.0.linear1.weight,decoder,1048576,True,0,True,50895.0,2.037635385931935e-05,6.721715184454524e-09,0.2529515027999878,
B100,best,88,decoder.layers.0.linear1.bias,decoder,2048,True,0,True,50895.0,2.3413664166582748e-05,8.308887800012599e-09,0.2596214711666107,
B100,best,89,decoder.layers.0.linear2.weight,decoder,1048576,True,0,True,50895.0,1.8605205696076155e-05,5.565422789288732e-09,0.25449493527412415,
B100,best,90,decoder.layers.0.linear2.bias,decoder,512,True,0,True,50895.0,7.117760105757043e-05,7.754096031931113e-08,0.2562439441680908,
B100,best,91,decoder.layers.0.norm1.weight,decoder,512,True,0,True,50895.0,6.451392982853577e-05,6.783791661746363e-08,0.2507250905036926,
B100,best,92,decoder.layers.0.norm1.bias,decoder,512,True,0,True,50895.0,9.57145748543553e-05,1.0911330861063107e-07,0.28641477227211,
B100,best,93,decoder.layers.0.norm2.weight,decoder,512,True,0,True,50895.0,6.922984903212637e-05,8.024444042575851e-08,0.24571116268634796,
B100,best,94,decoder.layers.0.norm2.bias,decoder,512,True,0,True,50895.0,8.471748151350766e-05,1.0176778175718937e-07,0.266671746969223,
B100,best,95,decoder.layers.0.norm3.weight,decoder,512,True,0,True,50895.0,7.122034730855376e-05,8.130592732413788e-08,0.25298768281936646,
B100,best,96,decoder.layers.0.norm3.bias,decoder,512,True,0,True,50895.0,8.56187180033885e-05,1.1368562979896524e-07,0.2545356750488281,
B100,best,97,decoder.layers.1.self_attn.in_proj_weight,decoder,786432,True,0,True,50895.0,1.9403392798267305e-05,8.720864030919984e-09,0.2543533146381378,
B100,best,98,decoder.layers.1.self_attn.in_proj_bias,decoder,1536,True,0,True,50895.0,3.996349551016465e-05,4.4302105095539446e-08,0.19939790666103363,
B100,best,99,decoder.layers.1.self_attn.out_proj.weight,decoder,262144,True,0,True,50895.0,2.104169652739074e-05,6.715468625628773e-09,0.2597113251686096,
B100,best,100,decoder.layers.1.self_attn.out_proj.bias,decoder,512,True,0,True,50895.0,7.384351920336485e-05,8.147556229687325e-08,0.2585766017436981,
B100,best,101,decoder.layers.1.multihead_attn.in_proj_weight,decoder,786432,True,0,True,50895.0,4.750510925077833e-05,3.8942523872265156e-08,0.2587055265903473,
B100,best,102,decoder.layers.1.multihead_attn.in_proj_bias,decoder,1536,True,0,True,50895.0,4.8794459871714935e-05,4.665046660079497e-08,0.2115551084280014,
B100,best,103,decoder.layers.1.multihead_attn.out_proj.weight,decoder,262144,True,0,True,50895.0,4.998195436201058e-05,4.0847393023568657e-08,0.25232818722724915,
B100,best,104,decoder.layers.1.multihead_attn.out_proj.bias,decoder,512,True,0,True,50895.0,6.4976564317476e-05,6.436253841002326e-08,0.2563188076019287,
B100,best,105,decoder.layers.1.linear1.weight,decoder,1048576,True,0,True,50895.0,2.325734749319963e-05,8.89491413857968e-09,0.2500886619091034,
B100,best,106,decoder.layers.1.linear1.bias,decoder,2048,True,0,True,50895.0,2.3683203835389577e-05,9.331341921381409e-09,0.2452232986688614,
B100,best,107,decoder.layers.1.linear2.weight,decoder,1048576,True,0,True,50895.0,2.106297506543342e-05,7.1983587979218555e-09,0.2518509328365326,
B100,best,108,decoder.layers.1.linear2.bias,decoder,512,True,0,True,50895.0,6.87195934006013e-05,7.621168407467849e-08,0.25021615624427795,
B100,best,109,decoder.layers.1.norm1.weight,decoder,512,True,0,True,50895.0,7.214103970909491e-05,8.366792059177897e-08,0.252043753862381,
B100,best,110,decoder.layers.1.norm1.bias,decoder,512,True,0,True,50895.0,7.939348870422691e-05,8.974903664693556e-08,0.26422223448753357,
B100,best,111,decoder.layers.1.norm2.weight,decoder,512,True,0,True,50895.0,7.697233377257362e-05,9.563547820334861e-08,0.2514374852180481,
B100,best,112,decoder.layers.1.norm2.bias,decoder,512,True,0,True,50895.0,8.078086102614179e-05,9.688238833405194e-08,0.2596529722213745,
B100,best,113,decoder.layers.1.norm3.weight,decoder,512,True,0,True,50895.0,8.360981883015484e-05,9.791646959911304e-08,0.26855912804603577,
B100,best,114,decoder.layers.1.norm3.bias,decoder,512,True,0,True,50895.0,8.037080260692164e-05,1.065471764150061e-07,0.2476058453321457,
B100,best,115,decoder.layers.2.self_attn.in_proj_weight,decoder,786432,True,0,True,50895.0,2.5041412300197408e-05,1.4579654816770926e-08,0.24961720407009125,
B100,best,116,decoder.layers.2.self_attn.in_proj_bias,decoder,1536,True,0,True,50895.0,4.091862138011493e-05,4.507104023332431e-08,0.18732790648937225,
B100,best,117,decoder.layers.2.self_attn.out_proj.weight,decoder,262144,True,0,True,50895.0,2.6177705876762047e-05,1.0910327752355897e-08,0.25265008211135864,
B100,best,118,decoder.layers.2.self_attn.out_proj.bias,decoder,512,True,0,True,50895.0,7.048845873214304e-05,8.138766105503237e-08,0.247479647397995,
B100,best,119,decoder.layers.2.multihead_attn.in_proj_weight,decoder,786432,True,0,True,50895.0,4.743723911815323e-05,4.259278796325816e-08,0.25274813175201416,
B100,best,120,decoder.layers.2.multihead_attn.in_proj_bias,decoder,1536,True,0,True,50895.0,4.3927717342739925e-05,4.7469367103758486e-08,0.197882741689682,
B100,best,121,decoder.layers.2.multihead_attn.out_proj.weight,decoder,262144,True,0,True,50895.0,5.2832281653536484e-05,4.5393367287260844e-08,0.25401926040649414,
B100,best,122,decoder.layers.2.multihead_attn.out_proj.bias,decoder,512,True,0,True,50895.0,6.364344153553247e-05,7.002567059544162e-08,0.23967547714710236,
B100,best,123,decoder.layers.2.linear1.weight,decoder,1048576,True,0,True,50895.0,2.5449255190324038e-05,1.064787102933451e-08,0.24877049028873444,
B100,best,124,decoder.layers.2.linear1.bias,decoder,2048,True,0,True,50895.0,2.5181117962347344e-05,1.0549142004379064e-08,0.24475547671318054,
B100,best,125,decoder.layers.2.linear2.weight,decoder,1048576,True,0,True,50895.0,2.2730144337401725e-05,8.493697301048542e-09,0.2498953640460968,
B100,best,126,decoder.layers.2.linear2.bias,decoder,512,True,0,True,50895.0,6.576741725439206e-05,7.902857390718054e-08,0.2331574261188507,
B100,best,127,decoder.layers.2.norm1.weight,decoder,512,True,0,True,50895.0,8.13695223769173e-05,9.4843976228276e-08,0.26304423809051514,
B100,best,128,decoder.layers.2.norm1.bias,decoder,512,True,0,True,50895.0,7.323368481593207e-05,8.91576732442445e-08,0.24609147012233734,
B100,best,129,decoder.layers.2.norm2.weight,decoder,512,True,0,True,50895.0,8.50700234877877e-05,1.0784950887909872e-07,0.26050275564193726,
B100,best,130,decoder.layers.2.norm2.bias,decoder,512,True,0,True,50895.0,7.635838119313121e-05,1.0046181841971702e-07,0.24009433388710022,
B100,best,131,decoder.layers.2.norm3.weight,decoder,512,True,0,True,50895.0,8.229499508161098e-05,1.0738041567037726e-07,0.2521245777606964,
B100,best,132,decoder.layers.2.norm3.bias,decoder,512,True,0,True,50895.0,7.533724419772625e-05,1.0627350377490075e-07,0.2312261313199997,
B100,best,133,decoder.layers.3.self_attn.in_proj_weight,decoder,786432,True,0,True,50895.0,2.8539659979287535e-05,1.8249524558200392e-08,0.24756500124931335,
B100,best,134,decoder.layers.3.self_attn.in_proj_bias,decoder,1536,True,0,True,50895.0,4.026321767014451e-05,4.628266481176979e-08,0.19631296396255493,
B100,best,135,decoder.layers.3.self_attn.out_proj.weight,decoder,262144,True,0,True,50895.0,2.978772135975305e-05,1.4218264787757562e-08,0.25091317296028137,
B100,best,136,decoder.layers.3.self_attn.out_proj.bias,decoder,512,True,0,True,50895.0,6.915746052982286e-05,8.247879890177501e-08,0.24014008045196533,
B100,best,137,decoder.layers.3.multihead_attn.in_proj_weight,decoder,786432,True,0,True,50895.0,4.801424438483082e-05,4.413604415276495e-08,0.2563574016094208,
B100,best,138,decoder.layers.3.multihead_attn.in_proj_bias,decoder,1536,True,0,True,50895.0,4.7355973947560415e-05,4.863116487285879e-08,0.20877432823181152,
B100,best,139,decoder.layers.3.multihead_attn.out_proj.weight,decoder,262144,True,0,True,50895.0,5.093933214084245e-05,4.217037385956246e-08,0.25269803404808044,
B100,best,140,decoder.layers.3.multihead_attn.out_proj.bias,decoder,512,True,0,True,50895.0,6.608469266211614e-05,7.332431550821639e-08,0.24393461644649506,
B100,best,141,decoder.layers.3.linear1.weight,decoder,1048576,True,0,True,50895.0,2.6206602342426777e-05,1.1577399483542195e-08,0.2465469390153885,
B100,best,142,decoder.layers.3.linear1.bias,decoder,2048,True,0,True,50895.0,2.5022436602739617e-05,1.1068128635827179e-08,0.23953261971473694,
B100,best,143,decoder.layers.3.linear2.weight,decoder,1048576,True,0,True,50895.0,2.2686179363518022e-05,8.702321530051904e-09,0.24658820033073425,
B100,best,144,decoder.layers.3.linear2.bias,decoder,512,True,0,True,50895.0,6.859846325824037e-05,7.878138319483696e-08,0.24351653456687927,
B100,best,145,decoder.layers.3.norm1.weight,decoder,512,True,0,True,50895.0,7.960018410813063e-05,9.970216297006118e-08,0.25311458110809326,
B100,best,146,decoder.layers.3.norm1.bias,decoder,512,True,0,True,50895.0,7.180212560342625e-05,9.03527208606647e-08,0.23906095325946808,
B100,best,147,decoder.layers.3.norm2.weight,decoder,512,True,0,True,50895.0,7.865155203035101e-05,1.1175134062568759e-07,0.2377098798751831,
B100,best,148,decoder.layers.3.norm2.bias,decoder,512,True,0,True,50895.0,7.831714901840314e-05,1.0140936979041726e-07,0.2462337464094162,
B100,best,149,decoder.layers.3.norm3.weight,decoder,512,True,0,True,50895.0,8.132784569170326e-05,1.0954323670375743e-07,0.2460390329360962,
B100,best,150,decoder.layers.3.norm3.bias,decoder,512,True,0,True,50895.0,7.847185770515352e-05,1.0380207271509789e-07,0.24316425621509552,
B100,best,151,decoder.layers.4.self_attn.in_proj_weight,decoder,786432,True,0,True,50895.0,3.215055403416045e-05,2.0610903206375042e-08,0.2516329288482666,
B100,best,152,decoder.layers.4.self_attn.in_proj_bias,decoder,1536,True,0,True,50895.0,4.325469126342796e-05,4.6094278616237716e-08,0.20059064030647278,
B100,best,153,decoder.layers.4.self_attn.out_proj.weight,decoder,262144,True,0,True,50895.0,3.0337716452777386e-05,1.530410287386985e-08,0.24727727472782135,
B100,best,154,decoder.layers.4.self_attn.out_proj.bias,decoder,512,True,0,True,50895.0,6.679750367766246e-05,7.82129134790921e-08,0.23822282254695892,
B100,best,155,decoder.layers.4.multihead_attn.in_proj_weight,decoder,786432,True,0,True,50895.0,4.531069134827703e-05,4.192581215534119e-08,0.24929691851139069,
B100,best,156,decoder.layers.4.multihead_attn.in_proj_bias,decoder,1536,True,0,True,50895.0,4.4721247832058e-05,4.8025217580516255e-08,0.20210538804531097,
B100,best,157,decoder.layers.4.multihead_attn.out_proj.weight,decoder,262144,True,0,True,50895.0,4.898488623439334e-05,3.8960383363928486e-08,0.25238192081451416,
B100,best,158,decoder.layers.4.multihead_attn.out_proj.bias,decoder,512,True,0,True,50895.0,6.542350456584245e-05,7.302938342945708e-08,0.24057097733020782,
B100,best,159,decoder.layers.4.linear1.weight,decoder,1048576,True,0,True,50895.0,2.651563409017399e-05,1.1889925488617337e-08,0.24820402264595032,
B100,best,160,decoder.layers.4.linear1.bias,decoder,2048,True,0,True,50895.0,2.547128315200098e-05,1.0998358668246055e-08,0.24563224613666534,
B100,best,161,decoder.layers.4.linear2.weight,decoder,1048576,True,0,True,50895.0,2.1347383153624833e-05,7.696459469741512e-09,0.24636319279670715,
B100,best,162,decoder.layers.4.linear2.bias,decoder,512,True,0,True,50895.0,6.701439269818366e-05,7.794064771360354e-08,0.2393742948770523,
B100,best,163,decoder.layers.4.norm1.weight,decoder,512,True,0,True,50895.0,7.505477697122842e-05,9.636134734591906e-08,0.24254637956619263,
B100,best,164,decoder.layers.4.norm1.bias,decoder,512,True,0,True,50895.0,7.002969505265355e-05,8.708999388318261e-08,0.23667803406715393,
B100,best,165,decoder.layers.4.norm2.weight,decoder,512,True,0,True,50895.0,8.341995999217033e-05,1.1277889200300706e-07,0.2500670850276947,
B100,best,166,decoder.layers.4.norm2.bias,decoder,512,True,0,True,50895.0,7.618482050020248e-05,1.0302078834456552e-07,0.23621101677417755,
B100,best,167,decoder.layers.4.norm3.weight,decoder,512,True,0,True,50895.0,8.29871860332787e-05,1.0752872015018511e-07,0.253496378660202,
B100,best,168,decoder.layers.4.norm3.bias,decoder,512,True,0,True,50895.0,7.651835767319426e-05,1.0194169419719401e-07,0.23914754390716553,
B100,best,169,decoder.layers.5.self_attn.in_proj_weight,decoder,786432,True,0,True,50895.0,3.584150908864103e-05,2.8882340075142565e-08,0.24030137062072754,
B100,best,170,decoder.layers.5.self_attn.in_proj_bias,decoder,1536,True,0,True,50895.0,4.1186456655850634e-05,4.556496335794691e-08,0.18422986567020416,
B100,best,171,decoder.layers.5.self_attn.out_proj.weight,decoder,262144,True,0,True,50895.0,2.9425378670566715e-05,1.4001239279082256e-08,0.250996470451355,
B100,best,172,decoder.layers.5.self_attn.out_proj.bias,decoder,512,True,0,True,50895.0,6.513770495075732e-05,6.989241541077718e-08,0.2467668056488037,
B100,best,173,decoder.layers.5.multihead_attn.in_proj_weight,decoder,786432,True,0,True,50895.0,4.3237796489847824e-05,3.8784868650054705e-08,0.24755604565143585,
B100,best,174,decoder.layers.5.multihead_attn.in_proj_bias,decoder,1536,True,0,True,50895.0,4.650782284443267e-05,4.83562736519616e-08,0.19634437561035156,
B100,best,175,decoder.layers.5.multihead_attn.out_proj.weight,decoder,262144,True,0,True,50895.0,4.549285222310573e-05,3.291603434263379e-08,0.2540569007396698,
B100,best,176,decoder.layers.5.multihead_attn.out_proj.bias,decoder,512,True,0,True,50895.0,7.102670497260988e-05,7.329877860229317e-08,0.26191598176956177,
B100,best,177,decoder.layers.5.linear1.weight,decoder,1048576,True,0,True,50895.0,3.045767152798362e-05,2.047449143560698e-08,0.2488887459039688,
B100,best,178,decoder.layers.5.linear1.bias,decoder,2048,True,0,True,50895.0,2.9164950319682248e-05,1.7171913668789784e-08,0.25195133686065674,
B100,best,179,decoder.layers.5.linear2.weight,decoder,1048576,True,0,True,50895.0,1.7877098798635416e-05,5.760233179330498e-09,0.25326186418533325,
B100,best,180,decoder.layers.5.linear2.bias,decoder,512,True,0,True,50895.0,7.276948599610478e-05,7.363971832319294e-08,0.26822829246520996,
B100,best,181,decoder.layers.5.norm1.weight,decoder,512,True,0,True,50895.0,7.630597974639386e-05,9.29588495068856e-08,0.2506304979324341,
B100,best,182,decoder.layers.5.norm1.bias,decoder,512,True,0,True,50895.0,7.133778854040429e-05,8.261925188435271e-08,0.24874618649482727,
B100,best,183,decoder.layers.5.norm2.weight,decoder,512,True,0,True,50895.0,8.586368494434282e-05,1.2016016626148485e-07,0.24828127026557922,
B100,best,184,decoder.layers.5.norm2.bias,decoder,512,True,0,True,50895.0,8.784828241914511e-05,1.1023994517245228e-07,0.264268696308136,
B100,best,185,decoder.layers.5.norm3.weight,decoder,512,True,0,True,50895.0,8.116819662973285e-05,1.1807397015672905e-07,0.24575909972190857,
B100,best,186,decoder.layers.5.norm3.bias,decoder,512,True,0,True,50895.0,8.238091686507687e-05,8.862881628601826e-08,0.2753923833370209,
B100,best,187,decoder.norm.weight,decoder,512,True,0,True,50895.0,8.286508818855509e-05,1.2388470338464685e-07,0.24725477397441864,
B100,best,188,decoder.norm.bias,decoder,512,True,0,True,50895.0,8.421098755206913e-05,8.876726553808112e-08,0.280301034450531,
B100,best,189,edos_out_head.layers.0.weight,spectrum_heads,1536,True,0,True,50895.0,0.0020346296951174736,7.283384911715984e-05,0.24130667746067047,
B100,best,190,edos_out_head.layers.0.bias,spectrum_heads,1,True,0,True,50895.0,1.3511728624848729e-08,5.178361334027583e-16,0.4124961197376251,
B100,best,191,phdos_out_head.layers.0.weight,spectrum_heads,2359296,True,0,True,50895.0,5.111626160214655e-05,4.551892729409701e-08,0.25024649500846863,
B100,best,192,phdos_out_head.layers.0.bias,spectrum_heads,1536,True,0,True,50895.0,4.771756721311249e-05,4.0359203978823643e-08,0.247157484292984,
B100,best,193,phdos_out_head.layers.2.weight,spectrum_heads,7077888,True,0,True,50895.0,3.7014426197856665e-05,5.09612618770916e-08,0.23491565883159637,
B100,best,194,phdos_out_head.layers.2.bias,spectrum_heads,1536,True,0,True,50895.0,8.237984002334997e-05,1.5458357438546955e-07,0.23762044310569763,
B100,best,195,phdos_out_head.layers.4.weight,spectrum_heads,7077888,True,0,True,50895.0,1.6625417629256845e-05,5.99425007408172e-08,0.21328771114349365,
B100,best,196,phdos_out_head.layers.4.bias,spectrum_heads,1536,True,0,True,50895.0,3.717368235811591e-05,5.836448480067702e-08,0.23263311386108398,
B100,best,197,phdos_out_head.layers.6.weight,spectrum_heads,7077888,True,0,True,50895.0,7.461158475052798e-06,8.594953193608035e-09,0.19166909158229828,
B100,best,198,phdos_out_head.layers.6.bias,spectrum_heads,1536,True,0,True,50895.0,3.4254386264365166e-05,7.640552013299384e-08,0.20854337513446808,
B100,best,199,phdos_out_head.layers.8.weight,spectrum_heads,7077888,True,0,True,50895.0,4.1031985347217415e-06,1.4754468757871564e-09,0.20563066005706787,
B100,best,200,phdos_out_head.layers.8.bias,spectrum_heads,1536,True,0,True,50895.0,1.93854866665788e-05,1.5366085293067044e-08,0.21714583039283752,
B100,best,201,phdos_out_head.layers.10.weight,spectrum_heads,4608,True,0,True,50895.0,0.0005959008121863008,5.242898623691872e-06,0.28840526938438416,
B100,best,202,phdos_out_head.layers.10.bias,spectrum_heads,1,True,0,True,50895.0,2.6599423108564224e-08,7.970186163342493e-16,0.6957458853721619,
B100,latest,0,edos_query_embed,other,65536,True,0,True,58500.0,6.190521162352525e-06,6.289880283283367e-10,0.26249605417251587,
B100,latest,1,edos_tgt,other,65536,True,0,True,58500.0,8.131472714012489e-05,1.115085765945878e-07,0.25900837779045105,
B100,latest,2,phdos_query_embed,other,32768,True,0,True,58500.0,4.9902923819900025e-06,4.718975210593612e-10,0.24479512870311737,
B100,latest,3,phdos_tgt,other,32768,True,0,True,58500.0,6.271327583817765e-05,7.656883127538094e-08,0.2440030574798584,
B100,latest,4,eta_head.mlp.0.weight,scale_head,65536,True,0,True,58500.0,2.5939369152183644e-05,2.311575642011121e-08,0.19035574793815613,
B100,latest,5,eta_head.mlp.0.bias,scale_head,128,True,0,True,58500.0,3.7116962630534545e-05,3.9433508902675385e-08,0.1949242204427719,
B100,latest,6,eta_head.mlp.2.weight,scale_head,8192,True,0,True,58500.0,5.5890595831442624e-05,1.6643360822854447e-07,0.18112428486347198,
B100,latest,7,eta_head.mlp.2.bias,scale_head,64,True,0,True,58500.0,6.920237501617521e-05,1.7243453953597054e-07,0.1811881810426712,
B100,latest,8,eta_head.mlp.4.weight,scale_head,128,True,0,True,58500.0,0.0002444659767206758,3.0289586447906913e-06,0.20106804370880127,
B100,latest,9,eta_head.mlp.4.bias,scale_head,2,True,0,True,58500.0,0.000489141559228301,4.933629952574847e-06,0.20757733285427094,
B100,latest,10,tok_emb.weight,tok_emb,60416,True,0,True,58500.0,0.00011275993892922997,6.812627475483168e-07,0.20349827408790588,
B100,latest,11,num_emb_encoder.proj.weight,num_emb_encoder,1536,True,0,True,58500.0,6.452011439250782e-05,5.8269865377269525e-08,0.28719064593315125,
B100,latest,12,num_emb_encoder.proj.bias,num_emb_encoder,512,True,0,True,58500.0,0.00014916041982360184,3.0425630370700674e-07,0.2871984541416168,
B100,latest,13,atom_norm.weight,atom_norm,512,True,0,True,58500.0,8.547732431907207e-05,1.069505373152424e-07,0.28566697239875793,
B100,latest,14,atom_norm.bias,atom_norm,512,True,0,True,58500.0,7.139269291656092e-05,5.4369429847156425e-08,0.31725651025772095,
B100,latest,15,num_norm.weight,num_norm,512,True,0,True,58500.0,5.7102428399957716e-05,6.251226380982189e-08,0.2810923457145691,
B100,latest,16,num_norm.bias,num_norm,512,True,0,True,58500.0,5.250185131444596e-05,4.0678628465684596e-08,0.281424880027771,
B100,latest,17,fuse_proj.weight,fuse_proj,524288,True,0,True,58500.0,6.778127135476097e-05,1.3094715711758909e-07,0.28606000542640686,
B100,latest,18,fuse_proj.bias,fuse_proj,512,True,0,True,58500.0,6.502356700366363e-05,9.331158423719899e-08,0.29301705956459045,
B100,latest,19,encoder.layers.0.rp_proj.weight,encoder.layer0.rp_proj,294912,True,0,True,58500.0,2.313957884325646e-05,2.253488950998417e-08,0.24110147356987,
B100,latest,20,encoder.layers.0.rp_proj.bias,encoder.layer0.rp_proj,512,True,0,True,58500.0,5.792321830511149e-11,4.936306611043603e-20,0.005603938829153776,
B100,latest,21,encoder.layers.0.linear1.weight,encoder.layer0.other,1048576,True,0,True,58500.0,1.080560377886286e-05,5.175319284234092e-09,0.24970270693302155,
B100,latest,22,encoder.layers.0.linear1.bias,encoder.layer0.other,2048,True,0,True,58500.0,1.1050524335587397e-05,3.5428913136570372e-09,0.2535606622695923,
B100,latest,23,encoder.layers.0.linear2.weight,encoder.layer0.other,1048576,True,0,True,58500.0,1.1130455277452711e-05,2.052439285193941e-08,0.2605031132698059,
B100,latest,24,encoder.layers.0.linear2.bias,encoder.layer0.other,512,True,0,True,58500.0,5.288645115797408e-05,1.3177940161313018e-07,0.2650466561317444,
B100,latest,25,encoder.layers.0.norm1.weight,encoder.layer0.other,512,True,0,True,58500.0,6.29768255748786e-05,3.339463887641614e-07,0.2733500003814697,
B100,latest,26,encoder.layers.0.norm1.bias,encoder.layer0.other,512,True,0,True,58500.0,5.7080265833064914e-05,1.3506043217148544e-07,0.2638262212276459,
B100,latest,27,encoder.layers.0.norm2.weight,encoder.layer0.other,512,True,0,True,58500.0,7.529383583460003e-05,3.4444278185219446e-07,0.27655157446861267,
B100,latest,28,encoder.layers.0.norm2.bias,encoder.layer0.other,512,True,0,True,58500.0,6.471250526374206e-05,2.3072907140431198e-07,0.2680681645870209,
B100,latest,29,encoder.layers.1.rp_proj.weight,encoder.layer1.rp_proj,294912,True,0,True,58500.0,1.0200518772762734e-05,8.166345821791765e-08,0.23526133596897125,
B100,latest,30,encoder.layers.1.rp_proj.bias,encoder.layer1.rp_proj,512,True,0,True,58500.0,3.561603789670187e-11,1.712723664083073e-20,0.003503144020214677,
B100,latest,31,encoder.layers.1.linear1.weight,encoder.layer1.other,1048576,True,0,True,58500.0,1.2036868611176033e-05,3.397270686988918e-09,0.25484222173690796,
B100,latest,32,encoder.layers.1.linear1.bias,encoder.layer1.other,2048,True,0,True,58500.0,1.258449447050225e-05,2.765390139103374e-09,0.26372215151786804,
B100,latest,33,encoder.layers.1.linear2.weight,encoder.layer1.other,1048576,True,0,True,58500.0,1.1697927220666315e-05,8.838060061577835e-09,0.2561505436897278,
B100,latest,34,encoder.layers.1.linear2.bias,encoder.layer1.other,512,True,0,True,58500.0,5.1212813559686765e-05,5.8900944566175895e-08,0.270231693983078,
B100,latest,35,encoder.layers.1.norm1.weight,encoder.layer1.other,512,True,0,True,58500.0,5.7759978517424315e-05,1.1662906729270617e-07,0.2676292955875397,
B100,latest,36,encoder.layers.1.norm1.bias,encoder.layer1.other,512,True,0,True,58500.0,5.632828106172383e-05,7.233187915289818e-08,0.2681473195552826,
B100,latest,37,encoder.layers.1.norm2.weight,encoder.layer1.other,512,True,0,True,58500.0,7.163638656493276e-05,1.7473473690188257e-07,0.26739078760147095,
B100,latest,38,encoder.layers.1.norm2.bias,encoder.layer1.other,512,True,0,True,58500.0,6.936400313861668e-05,1.2378399105728022e-07,0.2735043168067932,
B100,latest,39,encoder.layers.2.rp_proj.weight,encoder.layer2.rp_proj,294912,True,0,True,58500.0,1.0537998605286703e-05,1.3078888194684168e-08,0.2364412546157837,
B100,latest,40,encoder.layers.2.rp_proj.bias,encoder.layer2.rp_proj,512,True,0,True,58500.0,2.8010481087359373e-11,1.2433247581914423e-20,0.002766333520412445,
B100,latest,41,encoder.layers.2.linear1.weight,encoder.layer2.other,1048576,True,0,True,58500.0,1.3478668734023813e-05,3.6391465396690137e-09,0.24865205585956573,
B100,latest,42,encoder.layers.2.linear1.bias,encoder.layer2.other,2048,True,0,True,58500.0,1.4204152648744639e-05,3.317899732735441e-09,0.2567848265171051,
B100,latest,43,encoder.layers.2.linear2.weight,encoder.layer2.other,1048576,True,0,True,58500.0,1.3026947272010148e-05,5.2634536729101455e-09,0.24798797070980072,
B100,latest,44,encoder.layers.2.linear2.bias,encoder.layer2.other,512,True,0,True,58500.0,5.296130257192999e-05,5.040280726120727e-08,0.2663358449935913,
B100,latest,45,encoder.layers.2.norm1.weight,encoder.layer2.other,512,True,0,True,58500.0,5.76771235500928e-05,7.200991092304321e-08,0.25673550367355347,
B100,latest,46,encoder.layers.2.norm1.bias,encoder.layer2.other,512,True,0,True,58500.0,6.062539978302084e-05,6.259921292439685e-08,0.2698753774166107,
B100,latest,47,encoder.layers.2.norm2.weight,encoder.layer2.other,512,True,0,True,58500.0,7.376087887678295e-05,1.1735250637912031e-07,0.24868744611740112,
B100,latest,48,encoder.layers.2.norm2.bias,encoder.layer2.other,512,True,0,True,58500.0,7.608537271153182e-05,1.0389703675173223e-07,0.2700405418872833,
B100,latest,49,encoder.layers.3.rp_proj.weight,encoder.layer3.rp_proj,294912,True,0,True,58500.0,1.0077289516630117e-05,1.0602372313428532e-08,0.22850048542022705,
B100,latest,50,encoder.layers.3.rp_proj.bias,encoder.layer3.rp_proj,512,True,0,True,58500.0,3.341470503070987e-11,1.4264485709819744e-20,0.003292732173576951,
B100,latest,51,encoder.layers.3.linear1.weight,encoder.layer3.other,1048576,True,0,True,58500.0,1.5622961655026302e-05,4.967949607248556e-09,0.24408307671546936,
B100,latest,52,encoder.layers.3.linear1.bias,encoder.layer3.other,2048,True,0,True,58500.0,1.6214693459914997e-05,4.594544300573489e-09,0.25185298919677734,
B100,latest,53,encoder.layers.3.linear2.weight,encoder.layer3.other,1048576,True,0,True,58500.0,1.4449590707954485e-05,4.446184753703619e-09,0.2431175857782364,
B100,latest,54,encoder.layers.3.linear2.bias,encoder.layer3.other,512,True,0,True,58500.0,5.7288376410724595e-05,5.5650506425308777e-08,0.2536792755126953,
B100,latest,55,encoder.layers.3.norm1.weight,encoder.layer3.other,512,True,0,True,58500.0,6.321133696474135e-05,8.08486362302574e-08,0.2403295487165451,
B100,latest,56,encoder.layers.3.norm1.bias,encoder.layer3.other,512,True,0,True,58500.0,6.652595766354352e-05,7.664294088272072e-08,0.2568809986114502,
B100,latest,57,encoder.layers.3.norm2.weight,encoder.layer3.other,512,True,0,True,58500.0,7.884320802986622e-05,1.2162033158347185e-07,0.240340918302536,
B100,latest,58,encoder.layers.3.norm2.bias,encoder.layer3.other,512,True,0,True,58500.0,8.33309386507608e-05,1.1072319949789744e-07,0.2609778642654419,
B100,latest,59,encoder.layers.4.rp_proj.weight,encoder.layer4.rp_proj,294912,True,0,True,58500.0,8.142500519170426e-06,4.05685041116044e-09,0.2149282544851303,
B100,latest,60,encoder.layers.4.rp_proj.bias,encoder.layer4.rp_proj,512,True,0,True,58500.0,2.540329231692784e-11,1.2808693068166165e-20,0.0025100340135395527,
B100,latest,61,encoder.layers.4.linear1.weight,encoder.layer4.other,1048576,True,0,True,58500.0,1.9239296307205223e-05,7.2236736592401485e-09,0.2431665062904358,
B100,latest,62,encoder.layers.4.linear1.bias,encoder.layer4.other,2048,True,0,True,58500.0,2.0103962015127763e-05,6.704949928604265e-09,0.25394365191459656,
B100,latest,63,encoder.layers.4.linear2.weight,encoder.layer4.other,1048576,True,0,True,58500.0,1.7575961464899592e-05,5.997941698865361e-09,0.24214154481887817,
B100,latest,64,encoder.layers.4.linear2.bias,encoder.layer4.other,512,True,0,True,58500.0,6.938628939678892e-05,7.048922157082416e-08,0.2614041864871979,
B100,latest,65,encoder.layers.4.norm1.weight,encoder.layer4.other,512,True,0,True,58500.0,7.277356053236872e-05,1.0336358258200562e-07,0.23737820982933044,
B100,latest,66,encoder.layers.4.norm1.bias,encoder.layer4.other,512,True,0,True,58500.0,7.881366764195263e-05,9.835549263925714e-08,0.25910162925720215,
B100,latest,67,encoder.layers.4.norm2.weight,encoder.layer4.other,512,True,0,True,58500.0,9.060858428711072e-05,1.5695046329256002e-07,0.2396431565284729,
B100,latest,68,encoder.layers.4.norm2.bias,encoder.layer4.other,512,True,0,True,58500.0,0.00010134806507267058,1.4489819477603305e-07,0.26617032289505005,
B100,latest,69,encoder.layers.5.rp_proj.weight,encoder.layer5.rp_proj,294912,True,0,True,58500.0,6.062973170628538e-06,3.0049782662189273e-09,0.2113492488861084,
B100,latest,70,encoder.layers.5.rp_proj.bias,encoder.layer5.rp_proj,512,True,0,True,58500.0,2.384384530096373e-11,1.1648447858851234e-20,0.002359810285270214,
B100,latest,71,encoder.layers.5.linear1.weight,encoder.layer5.other,1048576,True,0,True,58500.0,2.578193561930675e-05,1.224056589421707e-08,0.24531203508377075,
B100,latest,72,encoder.layers.5.linear1.bias,encoder.layer5.other,2048,True,0,True,58500.0,2.720783777476754e-05,1.1338538108418561e-08,0.2596342861652374,
B100,latest,73,encoder.layers.5.linear2.weight,encoder.layer5.other,1048576,True,0,True,58500.0,2.5575931431376375e-05,1.2338090549235403e-08,0.24568648636341095,
B100,latest,74,encoder.layers.5.linear2.bias,encoder.layer5.other,512,True,0,True,58500.0,9.063778270501643e-05,1.0251358872892524e-07,0.27853652834892273,
B100,latest,75,encoder.layers.5.norm1.weight,encoder.layer5.other,512,True,0,True,58500.0,8.68568240548484e-05,1.4734202125055162e-07,0.23648571968078613,
B100,latest,76,encoder.layers.5.norm1.bias,encoder.layer5.other,512,True,0,True,58500.0,9.883823076961562e-05,1.3677161803116178e-07,0.2658216655254364,
B100,latest,77,encoder.layers.5.norm2.weight,encoder.layer5.other,512,True,0,True,58500.0,0.00012815326044801623,2.9958167147015047e-07,0.24312575161457062,
B100,latest,78,encoder.layers.5.norm2.bias,encoder.layer5.other,512,True,0,True,58500.0,0.00014514561917167157,2.6269026420777664e-07,0.2783118784427643,
B100,latest,79,decoder.layers.0.self_attn.in_proj_weight,decoder,786432,True,0,True,58500.0,3.5255704915471142e-06,5.041292383545226e-10,0.23676341772079468,
B100,latest,80,decoder.layers.0.self_attn.in_proj_bias,decoder,1536,True,0,True,58500.0,0.0006909367511980236,1.1296474440314341e-05,0.21450123190879822,
B100,latest,81,decoder.layers.0.self_attn.out_proj.weight,decoder,262144,True,0,True,58500.0,2.71593648903945e-06,2.8633531656829803e-10,0.25781774520874023,
B100,latest,82,decoder.layers.0.self_attn.out_proj.bias,decoder,512,True,0,True,58500.0,0.0016750554786995053,3.0338294891407713e-05,0.3036850094795227,
B100,latest,83,decoder.layers.0.multihead_attn.in_proj_weight,decoder,786432,True,0,True,58500.0,4.114022522117011e-05,2.9357320130429798e-08,0.2603045403957367,
B100,latest,84,decoder.layers.0.multihead_attn.in_proj_bias,decoder,1536,True,0,True,58500.0,6.215667235665023e-05,5.1394067668297794e-08,0.2537030875682831,
B100,latest,85,decoder.layers.0.multihead_attn.out_proj.weight,decoder,262144,True,0,True,58500.0,4.295996404835023e-05,3.033782292050091e-08,0.2516038119792938,
B100,latest,86,decoder.layers.0.multihead_attn.out_proj.bias,decoder,512,True,0,True,58500.0,7.269681373145431e-05,6.3682790596431e-08,0.2879107892513275,
B100,latest,87,decoder.layers.0.linear1.weight,decoder,1048576,True,0,True,58500.0,1.953721402969677e-05,5.9090088377899974e-09,0.25524210929870605,
B100,latest,88,decoder.layers.0.linear1.bias,decoder,2048,True,0,True,58500.0,2.2185962734511122e-05,7.361932841121188e-09,0.2589477598667145,
B100,latest,89,decoder.layers.0.linear2.weight,decoder,1048576,True,0,True,58500.0,1.7735406800056808e-05,4.891087090896917e-09,0.255360871553421,
B100,latest,90,decoder.layers.0.linear2.bias,decoder,512,True,0,True,58500.0,7.274171366589144e-05,6.9223816012709e-08,0.2779163718223572,
B100,latest,91,decoder.layers.0.norm1.weight,decoder,512,True,0,True,58500.0,6.122380000306293e-05,5.934909097504715e-08,0.2566423714160919,
B100,latest,92,decoder.layers.0.norm1.bias,decoder,512,True,0,True,58500.0,9.3967690190766e-05,9.664571365419761e-08,0.3022273778915405,
B100,latest,93,decoder.layers.0.norm2.weight,decoder,512,True,0,True,58500.0,6.306826253421605e-05,7.06754690327216e-08,0.23864740133285522,
B100,latest,94,decoder.layers.0.norm2.bias,decoder,512,True,0,True,58500.0,8.545797027181834e-05,9.105816189958205e-08,0.28310659527778625,
B100,latest,95,decoder.layers.0.norm3.weight,decoder,512,True,0,True,58500.0,6.715915515087545e-05,7.171655624915729e-08,0.25279372930526733,
B100,latest,96,decoder.layers.0.norm3.bias,decoder,512,True,0,True,58500.0,8.866796997608617e-05,1.0166763786401134e-07,0.27940109372138977,
B100,latest,97,decoder.layers.1.self_attn.in_proj_weight,decoder,786432,True,0,True,58500.0,1.813775634218473e-05,7.821113534589585e-09,0.2596554160118103,
B100,latest,98,decoder.layers.1.self_attn.in_proj_bias,decoder,1536,True,0,True,58500.0,4.08155974582769e-05,4.001923059604451e-08,0.22217296063899994,
B100,latest,99,decoder.layers.1.self_attn.out_proj.weight,decoder,262144,True,0,True,58500.0,1.9525647076079622e-05,6.039911681909871e-09,0.25307613611221313,
B100,latest,100,decoder.layers.1.self_attn.out_proj.bias,decoder,512,True,0,True,58500.0,7.25261343177408e-05,7.348613451085839e-08,0.26519325375556946,
B100,latest,101,decoder.layers.1.multihead_attn.in_proj_weight,decoder,786432,True,0,True,58500.0,4.3743209971580654e-05,3.461341435695431e-08,0.2525012195110321,
B100,latest,102,decoder.layers.1.multihead_attn.in_proj_bias,decoder,1536,True,0,True,58500.0,4.700962017523125e-05,4.219086946477546e-08,0.2133619487285614,
B100,latest,103,decoder.layers.1.multihead_attn.out_proj.weight,decoder,262144,True,0,True,58500.0,4.711482688435353e-05,3.694014338861962e-08,0.24859416484832764,
B100,latest,104,decoder.layers.1.multihead_attn.out_proj.bias,decoder,512,True,0,True,58500.0,6.574463623110205e-05,5.884583131887666e-08,0.2701578736305237,
B100,latest,105,decoder.layers.1.linear1.weight,decoder,1048576,True,0,True,58500.0,2.2826217900728807e-05,8.027512876651599e-09,0.2552122473716736,
B100,latest,106,decoder.layers.1.linear1.bias,decoder,2048,True,0,True,58500.0,2.3883085304987617e-05,8.484423830168453e-09,0.25867894291877747,
B100,latest,107,decoder.layers.1.linear2.weight,decoder,1048576,True,0,True,58500.0,2.0333540305728093e-05,6.525036067017709e-09,0.2530333697795868,
B100,latest,108,decoder.layers.1.linear2.bias,decoder,512,True,0,True,58500.0,6.85826744302176e-05,6.939847452258618e-08,0.259478360414505,
B100,latest,109,decoder.layers.1.norm1.weight,decoder,512,True,0,True,58500.0,6.978360033826903e-05,7.379176736321824e-08,0.25766289234161377,
B100,latest,110,decoder.layers.1.norm1.bias,decoder,512,True,0,True,58500.0,7.726145122433081e-05,8.115032557043378e-08,0.26941826939582825,
B100,latest,111,decoder.layers.1.norm2.weight,decoder,512,True,0,True,58500.0,7.627914601471275e-05,8.545114127400666e-08,0.2567339241504669,
B100,latest,112,decoder.layers.1.norm2.bias,decoder,512,True,0,True,58500.0,8.096040255622938e-05,8.839653276027093e-08,0.27091655135154724,
B100,latest,113,decoder.layers.1.norm3.weight,decoder,512,True,0,True,58500.0,8.061483094934374e-05,8.880451218828966e-08,0.26707056164741516,
B100,latest,114,decoder.layers.1.norm3.bias,decoder,512,True,0,True,58500.0,8.151483052643016e-05,9.748483620342085e-08,0.2603573799133301,
B100,latest,115,decoder.layers.2.self_attn.in_proj_weight,decoder,786432,True,0,True,58500.0,2.4470580683555454e-05,1.3265792908612184e-08,0.2683846056461334,
B100,latest,116,decoder.layers.2.self_attn.in_proj_bias,decoder,1536,True,0,True,58500.0,4.086930493940599e-05,4.064127168135201e-08,0.2112065851688385,
B100,latest,117,decoder.layers.2.self_attn.out_proj.weight,decoder,262144,True,0,True,58500.0,2.547263284213841e-05,1.007383776396864e-08,0.25485020875930786,
B100,latest,118,decoder.layers.2.self_attn.out_proj.bias,decoder,512,True,0,True,58500.0,7.115351763786748e-05,7.419082947990319e-08,0.2597569227218628,
B100,latest,119,decoder.layers.2.multihead_attn.in_proj_weight,decoder,786432,True,0,True,58500.0,4.656350938603282e-05,3.896008138326579e-08,0.2631564736366272,
B100,latest,120,decoder.layers.2.multihead_attn.in_proj_bias,decoder,1536,True,0,True,58500.0,4.5910055632703006e-05,4.412625287386618e-08,0.21549057960510254,
B100,latest,121,decoder.layers.2.multihead_attn.out_proj.weight,decoder,262144,True,0,True,58500.0,5.0335169362369925e-05,4.202011538723127e-08,0.2503942549228668,
B100,latest,122,decoder.layers.2.multihead_attn.out_proj.bias,decoder,512,True,0,True,58500.0,6.488805956905708e-05,6.544868114133351e-08,0.25079745054244995,
B100,latest,123,decoder.layers.2.linear1.weight,decoder,1048576,True,0,True,58500.0,2.5387980713276193e-05,9.902463737887501e-09,0.2551132142543793,
B100,latest,124,decoder.layers.2.linear1.bias,decoder,2048,True,0,True,58500.0,2.5270450350944884e-05,9.908132980740447e-09,0.25224271416664124,
B100,latest,125,decoder.layers.2.linear2.weight,decoder,1048576,True,0,True,58500.0,2.263735223095864e-05,7.958224301773953e-09,0.2546200156211853,
B100,latest,126,decoder.layers.2.linear2.bias,decoder,512,True,0,True,58500.0,6.745946302544326e-05,7.413510161313752e-08,0.2446100115776062,
B100,latest,127,decoder.layers.2.norm1.weight,decoder,512,True,0,True,58500.0,7.839401951059699e-05,8.644398263868425e-08,0.2646044194698334,
B100,latest,128,decoder.layers.2.norm1.bias,decoder,512,True,0,True,58500.0,7.431481935782358e-05,8.162915321463515e-08,0.2585320472717285,
B100,latest,129,decoder.layers.2.norm2.weight,decoder,512,True,0,True,58500.0,8.638019789941609e-05,1.0037436481979967e-07,0.26847726106643677,
B100,latest,130,decoder.layers.2.norm2.bias,decoder,512,True,0,True,58500.0,7.837979501346126e-05,9.423506952543903e-08,0.25261834263801575,
B100,latest,131,decoder.layers.2.norm3.weight,decoder,512,True,0,True,58500.0,8.69023788254708e-05,1.0075137879539398e-07,0.2712927460670471,
B100,latest,132,decoder.layers.2.norm3.bias,decoder,512,True,0,True,58500.0,7.807047222740948e-05,1.0015524765094597e-07,0.24305793642997742,
B100,latest,133,decoder.layers.3.self_attn.in_proj_weight,decoder,786432,True,0,True,58500.0,2.849574593710713e-05,1.7049973877192315e-08,0.2681978940963745,
B100,latest,134,decoder.layers.3.self_attn.in_proj_bias,decoder,1536,True,0,True,58500.0,4.009774420410395e-05,4.3523858295202444e-08,0.21659547090530396,
B100,latest,135,decoder.layers.3.self_attn.out_proj.weight,decoder,262144,True,0,True,58500.0,2.8891328838653862e-05,1.327691290242683e-08,0.25149407982826233,
B100,latest,136,decoder.layers.3.self_attn.out_proj.bias,decoder,512,True,0,True,58500.0,6.9516318035312e-05,7.74757751287325e-08,0.2470337450504303,
B100,latest,137,decoder.layers.3.multihead_attn.in_proj_weight,decoder,786432,True,0,True,58500.0,4.752001041197218e-05,4.139020148841155e-08,0.2607685327529907,
B100,latest,138,decoder.layers.3.multihead_attn.in_proj_bias,decoder,1536,True,0,True,58500.0,4.6720015234313905e-05,4.576072853978985e-08,0.21519549190998077,
B100,latest,139,decoder.layers.3.multihead_attn.out_proj.weight,decoder,262144,True,0,True,58500.0,4.859135515289381e-05,3.922166413872219e-08,0.24879398941993713,
B100,latest,140,decoder.layers.3.multihead_attn.out_proj.bias,decoder,512,True,0,True,58500.0,6.482822936959565e-05,6.90734083264033e-08,0.2435186803340912,
B100,latest,141,decoder.layers.3.linear1.weight,decoder,1048576,True,0,True,58500.0,2.5756846298463643e-05,1.0801431749030144e-08,0.2492135912179947,
B100,latest,142,decoder.layers.3.linear1.bias,decoder,2048,True,0,True,58500.0,2.468146340106614e-05,1.0376850489990375e-08,0.2429634928703308,
B100,latest,143,decoder.layers.3.linear2.weight,decoder,1048576,True,0,True,58500.0,2.214923733845353e-05,8.155394581876863e-09,0.24764962494373322,
B100,latest,144,decoder.layers.3.linear2.bias,decoder,512,True,0,True,58500.0,6.516506255138665e-05,7.420760539389448e-08,0.23798112571239471,
B100,latest,145,decoder.layers.3.norm1.weight,decoder,512,True,0,True,58500.0,8.199045987566933e-05,9.347304086304575e-08,0.26625964045524597,
B100,latest,146,decoder.layers.3.norm1.bias,decoder,512,True,0,True,58500.0,7.404435746138915e-05,8.478118473931318e-08,0.25196516513824463,
B100,latest,147,decoder.layers.3.norm2.weight,decoder,512,True,0,True,58500.0,8.005499694263563e-05,1.0568072639216552e-07,0.24676279723644257,
B100,latest,148,decoder.layers.3.norm2.bias,decoder,512,True,0,True,58500.0,7.625549187650904e-05,9.550561230753374e-08,0.24411419034004211,
B100,latest,149,decoder.layers.3.norm3.weight,decoder,512,True,0,True,58500.0,7.963881944306195e-05,1.0451802978650448e-07,0.24657413363456726,
B100,latest,150,decoder.layers.3.norm3.bias,decoder,512,True,0,True,58500.0,7.546783308498561e-05,9.793164679194888e-08,0.23997043073177338,
B100,latest,151,decoder.layers.4.self_attn.in_proj_weight,decoder,786432,True,0,True,58500.0,3.1523031793767586e-05,1.9313395327458238e-08,0.2565920352935791,
B100,latest,152,decoder.layers.4.self_attn.in_proj_bias,decoder,1536,True,0,True,58500.0,4.17715054936707e-05,4.238513540144595e-08,0.22165672481060028,
B100,latest,153,decoder.layers.4.self_attn.out_proj.weight,decoder,262144,True,0,True,58500.0,2.9766419174848124e-05,1.4350153954012512e-08,0.24994511902332306,
B100,latest,154,decoder.layers.4.self_attn.out_proj.bias,decoder,512,True,0,True,58500.0,6.89470034558326e-05,7.28360376456294e-08,0.2532532811164856,
B100,latest,155,decoder.layers.4.multihead_attn.in_proj_weight,decoder,786432,True,0,True,58500.0,4.365179847809486e-05,3.9143337460245675e-08,0.2550342082977295,
B100,latest,156,decoder.layers.4.multihead_attn.in_proj_bias,decoder,1536,True,0,True,58500.0,4.885804810328409e-05,4.541251641398958e-08,0.22679030895233154,
B100,latest,157,decoder.layers.4.multihead_attn.out_proj.weight,decoder,262144,True,0,True,58500.0,4.505039396462962e-05,3.6231320166280057e-08,0.2405732423067093,
B100,latest,158,decoder.layers.4.multihead_attn.out_proj.bias,decoder,512,True,0,True,58500.0,6.856583058834076e-05,6.843558963964824e-08,0.25966858863830566,
B100,latest,159,decoder.layers.4.linear1.weight,decoder,1048576,True,0,True,58500.0,2.5158618882414885e-05,1.108332181587457e-08,0.24361562728881836,
B100,latest,160,decoder.layers.4.linear1.bias,decoder,2048,True,0,True,58500.0,2.4381568437092938e-05,1.0257491744880554e-08,0.24398067593574524,
B100,latest,161,decoder.layers.4.linear2.weight,decoder,1048576,True,0,True,58500.0,2.027294431172777e-05,7.214378427988777e-09,0.24164630472660065,
B100,latest,162,decoder.layers.4.linear2.bias,decoder,512,True,0,True,58500.0,6.917482824064791e-05,7.315586714184974e-08,0.2526687979698181,
B100,latest,163,decoder.layers.4.norm1.weight,decoder,512,True,0,True,58500.0,7.437611202476546e-05,9.055811744929088e-08,0.24589475989341736,
B100,latest,164,decoder.layers.4.norm1.bias,decoder,512,True,0,True,58500.0,7.4488423706498e-05,8.138588469819297e-08,0.2587050497531891,
B100,latest,165,decoder.layers.4.norm2.weight,decoder,512,True,0,True,58500.0,8.06183015811257e-05,1.0683454121362956e-07,0.2473747730255127,
B100,latest,166,decoder.layers.4.norm2.bias,decoder,512,True,0,True,58500.0,8.069497562246397e-05,9.664772449013981e-08,0.25744810700416565,
B100,latest,167,decoder.layers.4.norm3.weight,decoder,512,True,0,True,58500.0,8.134279050864279e-05,1.033709935427396e-07,0.25464120507240295,
B100,latest,168,decoder.layers.4.norm3.bias,decoder,512,True,0,True,58500.0,7.860825280658901e-05,9.551138901997547e-08,0.2517615854740143,
B100,latest,169,decoder.layers.5.self_attn.in_proj_weight,decoder,786432,True,0,True,58500.0,3.602735523600131e-05,2.741557203478351e-08,0.2512718141078949,
B100,latest,170,decoder.layers.5.self_attn.in_proj_bias,decoder,1536,True,0,True,58500.0,4.1197927203029394e-05,4.1726057276036954e-08,0.21130628883838654,
B100,latest,171,decoder.layers.5.self_attn.out_proj.weight,decoder,262144,True,0,True,58500.0,2.783914351311978e-05,1.307423325158652e-08,0.24437156319618225,
B100,latest,172,decoder.layers.5.self_attn.out_proj.bias,decoder,512,True,0,True,58500.0,7.185395952546969e-05,6.578466837936503e-08,0.2757532000541687,
B100,latest,173,decoder.layers.5.multihead_attn.in_proj_weight,decoder,786432,True,0,True,58500.0,3.9284299418795854e-05,3.6000063374785896e-08,0.24437853693962097,
B100,latest,174,decoder.layers.5.multihead_attn.in_proj_bias,decoder,1536,True,0,True,58500.0,4.1947241697926074e-05,4.4757278772067366e-08,0.19804224371910095,
B100,latest,175,decoder.layers.5.multihead_attn.out_proj.weight,decoder,262144,True,0,True,58500.0,4.002347122877836e-05,3.0433604081281374e-08,0.23286069929599762,
B100,latest,176,decoder.layers.5.multihead_attn.out_proj.bias,decoder,512,True,0,True,58500.0,6.90660672262311e-05,6.878366320961504e-08,0.25769349932670593,
B100,latest,177,decoder.layers.5.linear1.weight,decoder,1048576,True,0,True,58500.0,2.8659314921242185e-05,1.9144790641689724e-08,0.23913933336734772,
B100,latest,178,decoder.layers.5.linear1.bias,decoder,2048,True,0,True,58500.0,2.6552794224699028e-05,1.5769632710771475e-08,0.24659112095832825,
B100,latest,179,decoder.layers.5.linear2.weight,decoder,1048576,True,0,True,58500.0,1.6358992070308886e-05,5.387706281112514e-09,0.23976781964302063,
B100,latest,180,decoder.layers.5.linear2.bias,decoder,512,True,0,True,58500.0,7.431722042383626e-05,7.03064628737593e-08,0.2760688364505768,
B100,latest,181,decoder.layers.5.norm1.weight,decoder,512,True,0,True,58500.0,7.407207158394158e-05,8.765947967503962e-08,0.2494199275970459,
B100,latest,182,decoder.layers.5.norm1.bias,decoder,512,True,0,True,58500.0,7.895540329627693e-05,7.786016453792399e-08,0.2779068052768707,
B100,latest,183,decoder.layers.5.norm2.weight,decoder,512,True,0,True,58500.0,8.146375330397859e-05,1.1282761391839813e-07,0.24363064765930176,
B100,latest,184,decoder.layers.5.norm2.bias,decoder,512,True,0,True,58500.0,8.770717977313325e-05,1.0371309144829866e-07,0.2663845121860504,
B100,latest,185,decoder.layers.5.norm3.weight,decoder,512,True,0,True,58500.0,8.181240264093503e-05,1.1204778616047406e-07,0.2520448863506317,
B100,latest,186,decoder.layers.5.norm3.bias,decoder,512,True,0,True,58500.0,8.368306589545682e-05,8.441590182428627e-08,0.28226238489151,
B100,latest,187,decoder.norm.weight,decoder,512,True,0,True,58500.0,8.2997496065218e-05,1.1799878052443091e-07,0.2504941523075104,
B100,latest,188,decoder.norm.bias,decoder,512,True,0,True,58500.0,8.371822332264856e-05,8.427138453726002e-08,0.28330934047698975,
B100,latest,189,edos_out_head.layers.0.weight,spectrum_heads,1536,True,0,True,58500.0,0.002152640139684081,7.133511098800227e-05,0.2595023214817047,
B100,latest,190,edos_out_head.layers.0.bias,spectrum_heads,1,True,0,True,58500.0,6.0847340499492475e-09,5.124833616321439e-16,0.186430424451828,
B100,latest,191,phdos_out_head.layers.0.weight,spectrum_heads,2359296,True,0,True,58500.0,4.5712091377936304e-05,4.284579091518026e-08,0.232181116938591,
B100,latest,192,phdos_out_head.layers.0.bias,spectrum_heads,1536,True,0,True,58500.0,4.603465276886709e-05,3.824482419645392e-08,0.2400893270969391,
B100,latest,193,phdos_out_head.layers.2.weight,spectrum_heads,7077888,True,0,True,58500.0,3.360457412782125e-05,4.919907325984241e-08,0.22215107083320618,
B100,latest,194,phdos_out_head.layers.2.bias,spectrum_heads,1536,True,0,True,58500.0,7.940678915474564e-05,1.4907719503298722e-07,0.23232819139957428,
B100,latest,195,phdos_out_head.layers.4.weight,spectrum_heads,7077888,True,0,True,58500.0,1.2935698578075971e-05,5.331619234993923e-08,0.17744244635105133,
B100,latest,196,phdos_out_head.layers.4.bias,spectrum_heads,1536,True,0,True,58500.0,3.171851494698785e-05,5.441212991286193e-08,0.18161407113075256,
B100,latest,197,phdos_out_head.layers.6.weight,spectrum_heads,7077888,True,0,True,58500.0,4.897763574263081e-06,6.789585782485119e-09,0.1383715718984604,
B100,latest,198,phdos_out_head.layers.6.bias,spectrum_heads,1536,True,0,True,58500.0,2.918317841249518e-05,6.338260050142708e-08,0.16601891815662384,
B100,latest,199,phdos_out_head.layers.8.weight,spectrum_heads,7077888,True,0,True,58500.0,2.136566990884603e-06,1.1219141171636693e-09,0.15244236588478088,
B100,latest,200,phdos_out_head.layers.8.bias,spectrum_heads,1536,True,0,True,58500.0,1.425275422661798e-05,1.2630767542987087e-08,0.17185163497924805,
B100,latest,201,phdos_out_head.layers.10.weight,spectrum_heads,4608,True,0,True,58500.0,0.0002008405572269112,3.319781399113708e-06,0.18071267008781433,
B100,latest,202,phdos_out_head.layers.10.bias,spectrum_heads,1,True,0,True,58500.0,2.619351846533391e-08,7.773501936616492e-16,0.6914684772491455,
Z100,best,0,edos_query_embed,other,65536,True,0,True,47970.0,5.588281055679545e-06,6.963712384511211e-10,0.22698138654232025,
Z100,best,1,edos_tgt,other,65536,True,0,True,47970.0,7.170494791353121e-05,1.1216499018473769e-07,0.22768419981002808,
Z100,best,2,phdos_query_embed,other,32768,True,0,True,47970.0,7.930010724521708e-06,7.964310877461855e-10,0.2939527928829193,
Z100,best,3,phdos_tgt,other,32768,True,0,True,47970.0,9.651312575442716e-05,1.2321432052431192e-07,0.2843397557735443,
Z100,best,4,eta_head.mlp.0.weight,scale_head,65536,True,0,True,47970.0,3.693727558129467e-05,2.8536893736941238e-08,0.2512848675251007,
Z100,best,5,eta_head.mlp.0.bias,scale_head,128,True,0,True,47970.0,5.496825178852305e-05,5.3020254853208826e-08,0.25664857029914856,
Z100,best,6,eta_head.mlp.2.weight,scale_head,8192,True,0,True,47970.0,9.661241347203031e-05,2.1699466401514655e-07,0.27008143067359924,
Z100,best,7,eta_head.mlp.2.bias,scale_head,64,True,0,True,47970.0,0.0001306034391745925,2.378174031036906e-07,0.3170143663883209,
Z100,best,8,eta_head.mlp.4.weight,scale_head,128,True,0,True,47970.0,0.00045747350668534636,4.146276751271216e-06,0.2772080600261688,
Z100,best,9,eta_head.mlp.4.bias,scale_head,2,True,0,True,47970.0,0.0007108611171133816,6.012732683302602e-06,0.33541199564933777,
Z100,best,10,tok_emb.weight,tok_emb,60416,True,0,True,47970.0,7.229784387163818e-05,2.4337683157682477e-07,0.19359895586967468,
Z100,best,11,atom_norm.weight,atom_norm,512,True,0,True,47970.0,5.093937579658814e-05,5.079656517636977e-08,0.252335786819458,
Z100,best,12,atom_norm.bias,atom_norm,512,True,0,True,47970.0,4.278514825273305e-05,3.7596343815948785e-08,0.233307346701622,
Z100,best,13,encoder.layers.0.rp_proj.weight,encoder.layer0.rp_proj,294912,True,0,True,47970.0,5.570018856815295e-06,5.682981196741821e-09,0.1690817028284073,
Z100,best,14,encoder.layers.0.rp_proj.bias,encoder.layer0.rp_proj,512,True,0,True,47970.0,1.724909451383816e-11,7.25532716849905e-21,0.0017108567990362644,
Z100,best,15,encoder.layers.0.linear1.weight,encoder.layer0.other,1048576,True,0,True,47970.0,1.1357225048413966e-05,2.1496189273051414e-09,0.2502007484436035,
Z100,best,16,encoder.layers.0.linear1.bias,encoder.layer0.other,2048,True,0,True,47970.0,1.1393279237381648e-05,2.2093527007882585e-09,0.24716712534427643,
Z100,best,17,encoder.layers.0.linear2.weight,encoder.layer0.other,1048576,True,0,True,47970.0,1.1267760783084668e-05,2.2947426181474384e-09,0.25163131952285767,
Z100,best,18,encoder.layers.0.linear2.bias,encoder.layer0.other,512,True,0,True,47970.0,3.151495548081584e-05,1.7983506239716007e-08,0.2421923130750656,
Z100,best,19,encoder.layers.0.norm1.weight,encoder.layer0.other,512,True,0,True,47970.0,4.5608103391714394e-05,3.175023621793116e-08,0.2633095383644104,
Z100,best,20,encoder.layers.0.norm1.bias,encoder.layer0.other,512,True,0,True,47970.0,4.068901398568414e-05,2.9517769561948626e-08,0.24376289546489716,
Z100,best,21,encoder.layers.0.norm2.weight,encoder.layer0.other,512,True,0,True,47970.0,5.203705950407311e-05,4.796575581167417e-08,0.25130733847618103,
Z100,best,22,encoder.layers.0.norm2.bias,encoder.layer0.other,512,True,0,True,47970.0,4.6699438826180995e-05,3.814989568695637e-08,0.24633371829986572,
Z100,best,23,encoder.layers.1.rp_proj.weight,encoder.layer1.rp_proj,294912,True,0,True,47970.0,7.989269761310425e-06,4.188390967385658e-09,0.1871471256017685,
Z100,best,24,encoder.layers.1.rp_proj.bias,encoder.layer1.rp_proj,512,True,0,True,47970.0,2.0598323394183105e-11,8.081306592018028e-21,0.0020411349833011627,
Z100,best,25,encoder.layers.1.linear1.weight,encoder.layer1.other,1048576,True,0,True,47970.0,1.0909352567978203e-05,1.9701438258579174e-09,0.25414323806762695,
Z100,best,26,encoder.layers.1.linear1.bias,encoder.layer1.other,2048,True,0,True,47970.0,1.0821415344253182e-05,1.9806052353743553e-09,0.24992986023426056,
Z100,best,27,encoder.layers.1.linear2.weight,encoder.layer1.other,1048576,True,0,True,47970.0,1.1125409400847275e-05,2.219477712728235e-09,0.2530539929866791,
Z100,best,28,encoder.layers.1.linear2.bias,encoder.layer1.other,512,True,0,True,47970.0,3.61679594789166e-05,2.2626242213164005e-08,0.24458089470863342,
Z100,best,29,encoder.layers.1.norm1.weight,encoder.layer1.other,512,True,0,True,47970.0,4.556020940071903e-05,3.2928497262219025e-08,0.26152798533439636,
Z100,best,30,encoder.layers.1.norm1.bias,encoder.layer1.other,512,True,0,True,47970.0,4.3238269427092746e-05,3.021254002533169e-08,0.251632422208786,
Z100,best,31,encoder.layers.1.norm2.weight,encoder.layer1.other,512,True,0,True,47970.0,5.7298759202240035e-05,5.6910447909785944e-08,0.25072088837623596,
Z100,best,32,encoder.layers.1.norm2.bias,encoder.layer1.other,512,True,0,True,47970.0,5.3517822379944846e-05,4.8477932779178445e-08,0.24677979946136475,
Z100,best,33,encoder.layers.2.rp_proj.weight,encoder.layer2.rp_proj,294912,True,0,True,47970.0,9.73628084466327e-06,3.5689609045874704e-09,0.18268555402755737,
Z100,best,34,encoder.layers.2.rp_proj.bias,encoder.layer2.rp_proj,512,True,0,True,47970.0,2.4516458307921596e-11,9.487782628615968e-21,0.0024272643495351076,
Z100,best,35,encoder.layers.2.linear1.weight,encoder.layer2.other,1048576,True,0,True,47970.0,1.2986904039280489e-05,2.7969682125927875e-09,0.2558119297027588,
Z100,best,36,encoder.layers.2.linear1.bias,encoder.layer2.other,2048,True,0,True,47970.0,1.2999288628634531e-05,2.793424602742789e-09,0.25327327847480774,
Z100,best,37,encoder.layers.2.linear2.weight,encoder.layer2.other,1048576,True,0,True,47970.0,1.2994319149584044e-05,3.0282307772466766e-09,0.25314733386039734,
Z100,best,38,encoder.layers.2.linear2.bias,encoder.layer2.other,512,True,0,True,47970.0,4.1271479858551174e-05,3.0174355458711943e-08,0.24077415466308594,
Z100,best,39,encoder.layers.2.norm1.weight,encoder.layer2.other,512,True,0,True,47970.0,5.10644240421243e-05,4.332331826617519e-08,0.25324034690856934,
Z100,best,40,encoder.layers.2.norm1.bias,encoder.layer2.other,512,True,0,True,47970.0,4.87559664179571e-05,4.040008150241192e-08,0.24652504920959473,
Z100,best,41,encoder.layers.2.norm2.weight,encoder.layer2.other,512,True,0,True,47970.0,6.74335315125063e-05,7.81115900849727e-08,0.24747465550899506,
Z100,best,42,encoder.layers.2.norm2.bias,encoder.layer2.other,512,True,0,True,47970.0,6.106641376391053e-05,6.913609951197941e-08,0.23628446459770203,
Z100,best,43,encoder.layers.3.rp_proj.weight,encoder.layer3.rp_proj,294912,True,0,True,47970.0,7.273020855791401e-06,3.3949565381163893e-09,0.19707445800304413,
Z100,best,44,encoder.layers.3.rp_proj.bias,encoder.layer3.rp_proj,512,True,0,True,47970.0,2.685399125290644e-11,1.1374739125594979e-20,0.0026559659745544195,
Z100,best,45,encoder.layers.3.linear1.weight,encoder.layer3.other,1048576,True,0,True,47970.0,1.6342004528269172e-05,4.402174624829058e-09,0.25751054286956787,
Z100,best,46,encoder.layers.3.linear1.bias,encoder.layer3.other,2048,True,0,True,47970.0,1.639828406041488e-05,4.376472517719776e-09,0.25516703724861145,
Z100,best,47,encoder.layers.3.linear2.weight,encoder.layer3.other,1048576,True,0,True,47970.0,1.6489018889842555e-05,4.572394018964587e-09,0.25711581110954285,
Z100,best,48,encoder.layers.3.linear2.bias,encoder.layer3.other,512,True,0,True,47970.0,5.141369183547795e-05,4.50582717803627e-08,0.24476665258407593,
Z100,best,49,encoder.layers.3.norm1.weight,encoder.layer3.other,512,True,0,True,47970.0,6.381341518135741e-05,6.275519126575091e-08,0.257266640663147,
Z100,best,50,encoder.layers.3.norm1.bias,encoder.layer3.other,512,True,0,True,47970.0,6.034008038113825e-05,6.025696563938254e-08,0.24880990386009216,
Z100,best,51,encoder.layers.3.norm2.weight,encoder.layer3.other,512,True,0,True,47970.0,8.449003507848829e-05,1.1233245800212899e-07,0.25241991877555847,
Z100,best,52,encoder.layers.3.norm2.bias,encoder.layer3.other,512,True,0,True,47970.0,7.796855061315e-05,1.0512957260289113e-07,0.24279162287712097,
Z100,best,53,encoder.layers.4.rp_proj.weight,encoder.layer4.rp_proj,294912,True,0,True,47970.0,1.323749529547058e-05,4.363001515628184e-09,0.21774163842201233,
Z100,best,54,encoder.layers.4.rp_proj.bias,encoder.layer4.rp_proj,512,True,0,True,47970.0,2.9898430953245736e-11,1.2640144517042115e-20,0.0029549933969974518,
Z100,best,55,encoder.layers.4.linear1.weight,encoder.layer4.other,1048576,True,0,True,47970.0,2.019164639932569e-05,6.822091336289304e-09,0.25427213311195374,
Z100,best,56,encoder.layers.4.linear1.bias,encoder.layer4.other,2048,True,0,True,47970.0,1.9857317965943366e-05,6.561501120216917e-09,0.24789591133594513,
Z100,best,57,encoder.layers.4.linear2.weight,encoder.layer4.other,1048576,True,0,True,47970.0,2.0313216737122275e-05,7.219994380136541e-09,0.25157228112220764,
Z100,best,58,encoder.layers.4.linear2.bias,encoder.layer4.other,512,True,0,True,47970.0,6.185056554386392e-05,7.156569381550071e-08,0.23250535130500793,
Z100,best,59,encoder.layers.4.norm1.weight,encoder.layer4.other,512,True,0,True,47970.0,7.514340541092679e-05,9.603728301499359e-08,0.24299877882003784,
Z100,best,60,encoder.layers.4.norm1.bias,encoder.layer4.other,512,True,0,True,47970.0,7.287679181899875e-05,9.385485100210644e-08,0.24026407301425934,
Z100,best,61,encoder.layers.4.norm2.weight,encoder.layer4.other,512,True,0,True,47970.0,9.786134614842013e-05,1.7535610652430478e-07,0.23810118436813354,
Z100,best,62,encoder.layers.4.norm2.bias,encoder.layer4.other,512,True,0,True,47970.0,9.501045860815793e-05,1.714503383709598e-07,0.23143310844898224,
Z100,best,63,encoder.layers.5.rp_proj.weight,encoder.layer5.rp_proj,294912,True,0,True,47970.0,7.180763532232959e-06,2.2780766162355803e-09,0.21148642897605896,
Z100,best,64,encoder.layers.5.rp_proj.bias,encoder.layer5.rp_proj,512,True,0,True,47970.0,2.6274166869955096e-11,1.2260166501086237e-20,0.002598970662802458,
Z100,best,65,encoder.layers.5.linear1.weight,encoder.layer5.other,1048576,True,0,True,47970.0,2.8092959837522358e-05,1.349608691469939e-08,0.25170502066612244,
Z100,best,66,encoder.layers.5.linear1.bias,encoder.layer5.other,2048,True,0,True,47970.0,2.6821584469871596e-05,1.2832067852741602e-08,0.24263083934783936,
Z100,best,67,encoder.layers.5.linear2.weight,encoder.layer5.other,1048576,True,0,True,47970.0,3.0316457923618145e-05,1.8372871224414666e-08,0.24996034801006317,
Z100,best,68,encoder.layers.5.linear2.bias,encoder.layer5.other,512,True,0,True,47970.0,7.871248089941218e-05,1.219914054217952e-07,0.22639676928520203,
Z100,best,69,encoder.layers.5.norm1.weight,encoder.layer5.other,512,True,0,True,47970.0,9.665987454354763e-05,1.640998164020857e-07,0.24144133925437927,
Z100,best,70,encoder.layers.5.norm1.bias,encoder.layer5.other,512,True,0,True,47970.0,9.319320815848187e-05,1.6112642242660513e-07,0.2334192395210266,
Z100,best,71,encoder.layers.5.norm2.weight,encoder.layer5.other,512,True,0,True,47970.0,0.00015183775394689292,4.301314788790478e-07,0.24121181666851044,
Z100,best,72,encoder.layers.5.norm2.bias,encoder.layer5.other,512,True,0,True,47970.0,0.00013521916116587818,3.9494523207395105e-07,0.21926145255565643,
Z100,best,73,decoder.layers.0.self_attn.in_proj_weight,decoder,786432,True,0,True,47970.0,4.190964773442829e-06,8.092683745353213e-10,0.24193061888217926,
Z100,best,74,decoder.layers.0.self_attn.in_proj_bias,decoder,1536,True,0,True,47970.0,0.0007542716339230537,1.8415898011880927e-05,0.19778484106063843,
Z100,best,75,decoder.layers.0.self_attn.out_proj.weight,decoder,262144,True,0,True,47970.0,3.1865595246927114e-06,4.868312419858967e-10,0.24315837025642395,
Z100,best,76,decoder.layers.0.self_attn.out_proj.bias,decoder,512,True,0,True,47970.0,0.0015804420690983534,5.134059756528586e-05,0.22771257162094116,
Z100,best,77,decoder.layers.0.multihead_attn.in_proj_weight,decoder,786432,True,0,True,47970.0,4.49910294264555e-05,4.089453753408634e-08,0.2428739219903946,
Z100,best,78,decoder.layers.0.multihead_attn.in_proj_bias,decoder,1536,True,0,True,47970.0,5.723437061533332e-05,9.127430189437291e-08,0.18104767799377441,
Z100,best,79,decoder.layers.0.multihead_attn.out_proj.weight,decoder,262144,True,0,True,47970.0,5.045623402111232e-05,4.4611386584847423e-08,0.24736474454402924,
Z100,best,80,decoder.layers.0.multihead_attn.out_proj.bias,decoder,512,True,0,True,47970.0,7.54290958866477e-05,1.0147891771339346e-07,0.24044717848300934,
Z100,best,81,decoder.layers.0.linear1.weight,decoder,1048576,True,0,True,47970.0,2.1482412194018252e-05,7.440026816851741e-09,0.25110095739364624,
Z100,best,82,decoder.layers.0.linear1.bias,decoder,2048,True,0,True,47970.0,2.5228746380889788e-05,1.0495055491333005e-08,0.24865522980690002,
Z100,best,83,decoder.layers.0.linear2.weight,decoder,1048576,True,0,True,47970.0,1.9866529328282923e-05,6.430587617956007e-09,0.2504219114780426,
Z100,best,84,decoder.layers.0.linear2.bias,decoder,512,True,0,True,47970.0,7.932283187983558e-05,1.0919137594100903e-07,0.2441851794719696,
Z100,best,85,decoder.layers.0.norm1.weight,decoder,512,True,0,True,47970.0,6.607217073906213e-05,7.532188561754083e-08,0.24219776690006256,
Z100,best,86,decoder.layers.0.norm1.bias,decoder,512,True,0,True,47970.0,9.0818437456619e-05,1.681652719298654e-07,0.2283044159412384,
Z100,best,87,decoder.layers.0.norm2.weight,decoder,512,True,0,True,47970.0,7.52932537579909e-05,9.466821637715839e-08,0.24417231976985931,
Z100,best,88,decoder.layers.0.norm2.bias,decoder,512,True,0,True,47970.0,9.079882147489116e-05,1.458212750549137e-07,0.24112185835838318,
Z100,best,89,decoder.layers.0.norm3.weight,decoder,512,True,0,True,47970.0,7.506524707423523e-05,9.713253490417628e-08,0.24328015744686127,
Z100,best,90,decoder.layers.0.norm3.bias,decoder,512,True,0,True,47970.0,9.717483044369146e-05,1.628032464395801e-07,0.24502819776535034,
Z100,best,91,decoder.layers.1.self_attn.in_proj_weight,decoder,786432,True,0,True,47970.0,2.120756653312128e-05,1.1555764345416719e-08,0.25324898958206177,
Z100,best,92,decoder.layers.1.self_attn.in_proj_bias,decoder,1536,True,0,True,47970.0,4.543880277196877e-05,6.250341755276168e-08,0.20081260800361633,
Z100,best,93,decoder.layers.1.self_attn.out_proj.weight,decoder,262144,True,0,True,47970.0,2.291839336976409e-05,8.997490752449266e-09,0.2460830956697464,
Z100,best,94,decoder.layers.1.self_attn.out_proj.bias,decoder,512,True,0,True,47970.0,8.152283407980576e-05,1.1282212852847806e-07,0.24249409139156342,
Z100,best,95,decoder.layers.1.multihead_attn.in_proj_weight,decoder,786432,True,0,True,47970.0,5.203460023039952e-05,5.013558990185629e-08,0.2487851083278656,
Z100,best,96,decoder.layers.1.multihead_attn.in_proj_bias,decoder,1536,True,0,True,47970.0,5.423876064014621e-05,6.197821278419724e-08,0.20020151138305664,
Z100,best,97,decoder.layers.1.multihead_attn.out_proj.weight,decoder,262144,True,0,True,47970.0,5.714389044442214e-05,5.502807098878293e-08,0.2495991289615631,
Z100,best,98,decoder.layers.1.multihead_attn.out_proj.bias,decoder,512,True,0,True,47970.0,7.235887460410595e-05,8.356690273103595e-08,0.24808664619922638,
Z100,best,99,decoder.layers.1.linear1.weight,decoder,1048576,True,0,True,47970.0,2.5501387426629663e-05,1.0445631914990372e-08,0.2509176731109619,
Z100,best,100,decoder.layers.1.linear1.bias,decoder,2048,True,0,True,47970.0,2.705126280488912e-05,1.1754043960365834e-08,0.24945680797100067,
Z100,best,101,decoder.layers.1.linear2.weight,decoder,1048576,True,0,True,47970.0,2.3462112949346192e-05,8.887076852204245e-09,0.2520723044872284,
Z100,best,102,decoder.layers.1.linear2.bias,decoder,512,True,0,True,47970.0,7.432863640133291e-05,9.785714638610443e-08,0.23578684031963348,
Z100,best,103,decoder.layers.1.norm1.weight,decoder,512,True,0,True,47970.0,7.669135084142908e-05,1.0074632683654272e-07,0.24294795095920563,
Z100,best,104,decoder.layers.1.norm1.bias,decoder,512,True,0,True,47970.0,8.557963883504272e-05,1.2591178233378741e-07,0.2407614141702652,
Z100,best,105,decoder.layers.1.norm2.weight,decoder,512,True,0,True,47970.0,8.404696563957259e-05,1.1487932738418749e-07,0.24754191935062408,
Z100,best,106,decoder.layers.1.norm2.bias,decoder,512,True,0,True,47970.0,8.749648986849934e-05,1.258347310795216e-07,0.2450476884841919,
Z100,best,107,decoder.layers.1.norm3.weight,decoder,512,True,0,True,47970.0,8.853954932419583e-05,1.1924919363082154e-07,0.2568046748638153,
Z100,best,108,decoder.layers.1.norm3.bias,decoder,512,True,0,True,47970.0,8.92395619302988e-05,1.406976082307665e-07,0.23646128177642822,
Z100,best,109,decoder.layers.2.self_attn.in_proj_weight,decoder,786432,True,0,True,47970.0,2.7877451429958455e-05,1.8898935749689372e-08,0.23935161530971527,
Z100,best,110,decoder.layers.2.self_attn.in_proj_bias,decoder,1536,True,0,True,47970.0,4.348926813690923e-05,5.893310017768272e-08,0.1823260635137558,
Z100,best,111,decoder.layers.2.self_attn.out_proj.weight,decoder,262144,True,0,True,47970.0,2.9792705390718766e-05,1.4499769385167838e-08,0.24966533482074738,
Z100,best,112,decoder.layers.2.self_attn.out_proj.bias,decoder,512,True,0,True,47970.0,7.708703196840361e-05,1.0709620568150058e-07,0.23624901473522186,
Z100,best,113,decoder.layers.2.multihead_attn.in_proj_weight,decoder,786432,True,0,True,47970.0,5.3032472351333126e-05,5.4064070553749843e-08,0.25679177045822144,
Z100,best,114,decoder.layers.2.multihead_attn.in_proj_bias,decoder,1536,True,0,True,47970.0,4.72249994345475e-05,6.370542848799232e-08,0.1860843449831009,
Z100,best,115,decoder.layers.2.multihead_attn.out_proj.weight,decoder,262144,True,0,True,47970.0,5.998464985168539e-05,5.7719617529983225e-08,0.253366082906723,
Z100,best,116,decoder.layers.2.multihead_attn.out_proj.bias,decoder,512,True,0,True,47970.0,6.881704757688567e-05,9.244072174396933e-08,0.2264682501554489,
Z100,best,117,decoder.layers.2.linear1.weight,decoder,1048576,True,0,True,47970.0,2.8056612791260704e-05,1.2811347538388418e-08,0.24855299293994904,
Z100,best,118,decoder.layers.2.linear1.bias,decoder,2048,True,0,True,47970.0,2.808573844959028e-05,1.3464255488315757e-08,0.24130217730998993,
Z100,best,119,decoder.layers.2.linear2.weight,decoder,1048576,True,0,True,47970.0,2.5244771677535027e-05,1.0443590880981901e-08,0.24851010739803314,
Z100,best,120,decoder.layers.2.linear2.bias,decoder,512,True,0,True,47970.0,7.433840073645115e-05,1.0506708747470839e-07,0.22988775372505188,
Z100,best,121,decoder.layers.2.norm1.weight,decoder,512,True,0,True,47970.0,8.732045534998178e-05,1.1602839578017665e-07,0.25917908549308777,
Z100,best,122,decoder.layers.2.norm1.bias,decoder,512,True,0,True,47970.0,8.017911022761837e-05,1.19746104587648e-07,0.23272545635700226,
Z100,best,123,decoder.layers.2.norm2.weight,decoder,512,True,0,True,47970.0,9.317071817349643e-05,1.3424069322809373e-07,0.2538839876651764,
Z100,best,124,decoder.layers.2.norm2.bias,decoder,512,True,0,True,47970.0,8.42820227262564e-05,1.333460488694982e-07,0.23116809129714966,
Z100,best,125,decoder.layers.2.norm3.weight,decoder,512,True,0,True,47970.0,9.571890404913574e-05,1.3493144024323556e-07,0.25945451855659485,
Z100,best,126,decoder.layers.2.norm3.bias,decoder,512,True,0,True,47970.0,8.639230509288609e-05,1.423787523435749e-07,0.22961944341659546,
Z100,best,127,decoder.layers.3.self_attn.in_proj_weight,decoder,786432,True,0,True,47970.0,3.1903695344226435e-05,2.335347737414395e-08,0.245098277926445,
Z100,best,128,decoder.layers.3.self_attn.in_proj_bias,decoder,1536,True,0,True,47970.0,4.6390465286094695e-05,6.125307550064463e-08,0.19223400950431824,
Z100,best,129,decoder.layers.3.self_attn.out_proj.weight,decoder,262144,True,0,True,47970.0,3.357950845384039e-05,1.8037971116768858e-08,0.249966099858284,
Z100,best,130,decoder.layers.3.self_attn.out_proj.bias,decoder,512,True,0,True,47970.0,8.05640738690272e-05,1.0833458219394743e-07,0.24370218813419342,
Z100,best,131,decoder.layers.3.multihead_attn.in_proj_weight,decoder,786432,True,0,True,47970.0,5.341416544979438e-05,5.486085186134915e-08,0.250052273273468,
Z100,best,132,decoder.layers.3.multihead_attn.in_proj_bias,decoder,1536,True,0,True,47970.0,5.241390681476332e-05,6.592512846737009e-08,0.20430471003055573,
Z100,best,133,decoder.layers.3.multihead_attn.out_proj.weight,decoder,262144,True,0,True,47970.0,5.917355520068668e-05,5.516863765819835e-08,0.2547348141670227,
Z100,best,134,decoder.layers.3.multihead_attn.out_proj.bias,decoder,512,True,0,True,47970.0,7.431091944454238e-05,9.740930551060956e-08,0.23664502799510956,
Z100,best,135,decoder.layers.3.linear1.weight,decoder,1048576,True,0,True,47970.0,2.964337545563467e-05,1.4266927195194512e-08,0.24925518035888672,
Z100,best,136,decoder.layers.3.linear1.bias,decoder,2048,True,0,True,47970.0,2.871410470106639e-05,1.4260875147442675e-08,0.24026086926460266,
Z100,best,137,decoder.layers.3.linear2.weight,decoder,1048576,True,0,True,47970.0,2.6138939574593678e-05,1.1172819114335653e-08,0.24933423101902008,
Z100,best,138,decoder.layers.3.linear2.bias,decoder,512,True,0,True,47970.0,7.907870167400688e-05,1.066188204390528e-07,0.2408338338136673,
Z100,best,139,decoder.layers.3.norm1.weight,decoder,512,True,0,True,47970.0,9.175884042633697e-05,1.2555665307445452e-07,0.2582364082336426,
Z100,best,140,decoder.layers.3.norm1.bias,decoder,512,True,0,True,47970.0,8.539441478205845e-05,1.199800863105338e-07,0.24541324377059937,
Z100,best,141,decoder.layers.3.norm2.weight,decoder,512,True,0,True,47970.0,9.505909110885113e-05,1.431412783858832e-07,0.25009670853614807,
Z100,best,142,decoder.layers.3.norm2.bias,decoder,512,True,0,True,47970.0,8.942255954025313e-05,1.3755675354332197e-07,0.23996186256408691,
Z100,best,143,decoder.layers.3.norm3.weight,decoder,512,True,0,True,47970.0,9.376968228025362e-05,1.4165891570883105e-07,0.24926231801509857,
Z100,best,144,decoder.layers.3.norm3.bias,decoder,512,True,0,True,47970.0,9.107487130677328e-05,1.4135913772861386e-07,0.24096104502677917,
Z100,best,145,decoder.layers.4.self_attn.in_proj_weight,decoder,786432,True,0,True,47970.0,3.4528937248978764e-05,2.5748347454168652e-08,0.24158577620983124,
Z100,best,146,decoder.layers.4.self_attn.in_proj_bias,decoder,1536,True,0,True,47970.0,4.811610415345058e-05,6.042190392463453e-08,0.19201236963272095,
Z100,best,147,decoder.layers.4.self_attn.out_proj.weight,decoder,262144,True,0,True,47970.0,3.4922955819638446e-05,1.9393812777934727e-08,0.2513308525085449,
Z100,best,148,decoder.layers.4.self_attn.out_proj.bias,decoder,512,True,0,True,47970.0,7.788414950482547e-05,1.0481027601372261e-07,0.23967941105365753,
Z100,best,149,decoder.layers.4.multihead_attn.in_proj_weight,decoder,786432,True,0,True,47970.0,5.383511233958416e-05,5.4668635840471325e-08,0.25129300355911255,
Z100,best,150,decoder.layers.4.multihead_attn.in_proj_bias,decoder,1536,True,0,True,47970.0,4.717202318715863e-05,6.153210563297762e-08,0.18559378385543823,
Z100,best,151,decoder.layers.4.multihead_attn.out_proj.weight,decoder,262144,True,0,True,47970.0,5.8151235862169415e-05,5.290916860190009e-08,0.2556546926498413,
Z100,best,152,decoder.layers.4.multihead_attn.out_proj.bias,decoder,512,True,0,True,47970.0,6.905951886437833e-05,9.135252554415274e-08,0.22911757230758667,
Z100,best,153,decoder.layers.4.linear1.weight,decoder,1048576,True,0,True,47970.0,2.9837248803232796e-05,1.4329513575717101e-08,0.2526848018169403,
Z100,best,154,decoder.layers.4.linear1.bias,decoder,2048,True,0,True,47970.0,2.8067353923688643e-05,1.371407876149533e-08,0.24202656745910645,
Z100,best,155,decoder.layers.4.linear2.weight,decoder,1048576,True,0,True,47970.0,2.5022820409503765e-05,9.889888019642967e-09,0.2532793879508972,
Z100,best,156,decoder.layers.4.linear2.bias,decoder,512,True,0,True,47970.0,7.314846152439713e-05,9.959031643802518e-08,0.23282521963119507,
Z100,best,157,decoder.layers.4.norm1.weight,decoder,512,True,0,True,47970.0,8.822174277156591e-05,1.2697947227024997e-07,0.2486739307641983,
Z100,best,158,decoder.layers.4.norm1.bias,decoder,512,True,0,True,47970.0,8.035439532250166e-05,1.1610999450795134e-07,0.2351551651954651,
Z100,best,159,decoder.layers.4.norm2.weight,decoder,512,True,0,True,47970.0,9.745218267198652e-05,1.4314760221623146e-07,0.25830742716789246,
Z100,best,160,decoder.layers.4.norm2.bias,decoder,512,True,0,True,47970.0,8.41582877910696e-05,1.3038982160651358e-07,0.23375749588012695,
Z100,best,161,decoder.layers.4.norm3.weight,decoder,512,True,0,True,47970.0,9.43479681154713e-05,1.3950945287888317e-07,0.2561516761779785,
Z100,best,162,decoder.layers.4.norm3.bias,decoder,512,True,0,True,47970.0,8.129776688292623e-05,1.3017441347074055e-07,0.2268935590982437,
Z100,best,163,decoder.layers.5.self_attn.in_proj_weight,decoder,786432,True,0,True,47970.0,4.049960261909291e-05,3.4299471707299745e-08,0.23967678844928741,
Z100,best,164,decoder.layers.5.self_attn.in_proj_bias,decoder,1536,True,0,True,47970.0,4.64494623884093e-05,5.842716177539842e-08,0.19052258133888245,
Z100,best,165,decoder.layers.5.self_attn.out_proj.weight,decoder,262144,True,0,True,47970.0,3.41888953698799e-05,1.8638724341712987e-08,0.2528809607028961,
Z100,best,166,decoder.layers.5.self_attn.out_proj.bias,decoder,512,True,0,True,47970.0,7.573318725917488e-05,8.905805515269094e-08,0.2516438364982605,
Z100,best,167,decoder.layers.5.multihead_attn.in_proj_weight,decoder,786432,True,0,True,47970.0,4.9676018534228206e-05,4.879619197595275e-08,0.25878795981407166,
Z100,best,168,decoder.layers.5.multihead_attn.in_proj_bias,decoder,1536,True,0,True,47970.0,4.511682709562592e-05,6.156555087954985e-08,0.18917424976825714,
Z100,best,169,decoder.layers.5.multihead_attn.out_proj.weight,decoder,262144,True,0,True,47970.0,5.331443026079796e-05,4.2721911341914165e-08,0.26111963391304016,
Z100,best,170,decoder.layers.5.multihead_attn.out_proj.bias,decoder,512,True,0,True,47970.0,7.82754214014858e-05,9.50246672459798e-08,0.25065672397613525,
Z100,best,171,decoder.layers.5.linear1.weight,decoder,1048576,True,0,True,47970.0,3.282972102169879e-05,2.269041488034418e-08,0.2513222098350525,
Z100,best,172,decoder.layers.5.linear1.bias,decoder,2048,True,0,True,47970.0,2.954135197796859e-05,1.96128340235191e-08,0.24322596192359924,
Z100,best,173,decoder.layers.5.linear2.weight,decoder,1048576,True,0,True,47970.0,2.049881368293427e-05,7.354972186845998e-09,0.2548861801624298,
Z100,best,174,decoder.layers.5.linear2.bias,decoder,512,True,0,True,47970.0,8.176018309313804e-05,9.918545629261644e-08,0.2580430209636688,
Z100,best,175,decoder.layers.5.norm1.weight,decoder,512,True,0,True,47970.0,8.889732998795807e-05,1.193985497138783e-07,0.2624356746673584,
Z100,best,176,decoder.layers.5.norm1.bias,decoder,512,True,0,True,47970.0,8.3134465967305e-05,1.0730818189585989e-07,0.251203328371048,
Z100,best,177,decoder.layers.5.norm2.weight,decoder,512,True,0,True,47970.0,0.00010046263923868537,1.5448506474058377e-07,0.26233673095703125,
Z100,best,178,decoder.layers.5.norm2.bias,decoder,512,True,0,True,47970.0,9.614224836695939e-05,1.4294418804183806e-07,0.25139299035072327,
Z100,best,179,decoder.layers.5.norm3.weight,decoder,512,True,0,True,47970.0,9.909072105074301e-05,1.5710914169630996e-07,0.2662493884563446,
Z100,best,180,decoder.layers.5.norm3.bias,decoder,512,True,0,True,47970.0,8.938362589105964e-05,1.202447208470403e-07,0.2571376860141754,
Z100,best,181,decoder.norm.weight,decoder,512,True,0,True,47970.0,9.938955190591514e-05,1.666765996333197e-07,0.2614514231681824,
Z100,best,182,decoder.norm.bias,decoder,512,True,0,True,47970.0,8.965357119450346e-05,1.2029506990529626e-07,0.2573218047618866,
Z100,best,183,edos_out_head.layers.0.weight,spectrum_heads,1536,True,0,True,47970.0,0.001946564530953765,8.754243026487529e-05,0.21508830785751343,
Z100,best,184,edos_out_head.layers.0.bias,spectrum_heads,1,True,0,True,47970.0,1.0874740219435353e-08,4.586557942626724e-16,0.3461501896381378,
Z100,best,185,phdos_out_head.layers.0.weight,spectrum_heads,2359296,True,0,True,47970.0,6.635973113588989e-05,6.306498789854231e-08,0.26438653469085693,
Z100,best,186,phdos_out_head.layers.0.bias,spectrum_heads,1536,True,0,True,47970.0,6.432156078517437e-05,5.569063432631083e-08,0.274135947227478,
Z100,best,187,phdos_out_head.layers.2.weight,spectrum_heads,7077888,True,0,True,47970.0,4.3674073822330683e-05,7.628112541624432e-08,0.23335595428943634,
Z100,best,188,phdos_out_head.layers.2.bias,spectrum_heads,1536,True,0,True,47970.0,0.00010406393994344398,2.1673243111308693e-07,0.25402432680130005,
Z100,best,189,phdos_out_head.layers.4.weight,spectrum_heads,7077888,True,0,True,47970.0,2.279207546962425e-05,9.383875720914148e-08,0.21785689890384674,
Z100,best,190,phdos_out_head.layers.4.bias,spectrum_heads,1536,True,0,True,47970.0,5.7337936596013606e-05,8.563160491803501e-08,0.3611654043197632,
Z100,best,191,phdos_out_head.layers.6.weight,spectrum_heads,7077888,True,0,True,47970.0,9.76977389655076e-06,1.7291519327500282e-08,0.2556781470775604,
Z100,best,192,phdos_out_head.layers.6.bias,spectrum_heads,1536,True,0,True,47970.0,6.008658237988129e-05,1.3118504682552157e-07,0.408959299325943,
Z100,best,193,phdos_out_head.layers.8.weight,spectrum_heads,7077888,True,0,True,47970.0,2.9816835649398854e-06,1.9011983098948804e-09,0.34070518612861633,
Z100,best,194,phdos_out_head.layers.8.bias,spectrum_heads,1536,True,0,True,47970.0,2.2194524717633612e-05,2.2011731104498722e-08,0.2514299750328064,
Z100,best,195,phdos_out_head.layers.10.weight,spectrum_heads,4608,True,0,True,47970.0,0.00022501213243231177,5.170005806576228e-06,0.3529908061027527,
Z100,best,196,phdos_out_head.layers.10.bias,spectrum_heads,1,True,0,True,47970.0,1.1733075844233554e-08,7.04221286523094e-16,0.32112711668014526,
Z100,latest,0,edos_query_embed,other,65536,True,0,True,58500.0,6.260686404857552e-06,7.026533244136601e-10,0.25696229934692383,
Z100,latest,1,edos_tgt,other,65536,True,0,True,58500.0,7.758779247524217e-05,1.1119240639345662e-07,0.2532242238521576,
Z100,latest,2,phdos_query_embed,other,32768,True,0,True,58500.0,5.506624802364968e-06,6.406281061188679e-10,0.22858527302742004,
Z100,latest,3,phdos_tgt,other,32768,True,0,True,58500.0,6.681176455458626e-05,9.706874237735974e-08,0.22526612877845764,
Z100,latest,4,eta_head.mlp.0.weight,scale_head,65536,True,0,True,58500.0,3.43102692568209e-05,2.8193143819521538e-08,0.2188907116651535,
Z100,latest,5,eta_head.mlp.0.bias,scale_head,128,True,0,True,58500.0,6.252100865822285e-05,4.862696556529045e-08,0.2799015939235687,
Z100,latest,6,eta_head.mlp.2.weight,scale_head,8192,True,0,True,58500.0,8.505988807883114e-05,2.1669674765689706e-07,0.22588233649730682,
Z100,latest,7,eta_head.mlp.2.bias,scale_head,64,True,0,True,58500.0,0.00012708267604466528,2.2608915628552495e-07,0.28037741780281067,
Z100,latest,8,eta_head.mlp.4.weight,scale_head,128,True,0,True,58500.0,0.00039279094198718667,4.036996870127041e-06,0.23338869214057922,
Z100,latest,9,eta_head.mlp.4.bias,scale_head,2,True,0,True,58500.0,0.0008945429581217468,5.683700237568701e-06,0.34730714559555054,
Z100,latest,10,tok_emb.weight,tok_emb,60416,True,0,True,58500.0,5.815428448840976e-05,2.3237095092554227e-07,0.18154869973659515,
Z100,latest,11,atom_norm.weight,atom_norm,512,True,0,True,58500.0,4.0321145206689835e-05,4.479872828255793e-08,0.2122829109430313,
Z100,latest,12,atom_norm.bias,atom_norm,512,True,0,True,58500.0,3.4833843528758734e-05,2.9394790601600107e-08,0.21213901042938232,
Z100,latest,13,encoder.layers.0.rp_proj.weight,encoder.layer0.rp_proj,294912,True,0,True,58500.0,5.320695436239475e-06,5.845126160863856e-09,0.19069983065128326,
Z100,latest,14,encoder.layers.0.rp_proj.bias,encoder.layer0.rp_proj,512,True,0,True,58500.0,1.633582331905803e-11,7.528779831194582e-21,0.0016200448153540492,
Z100,latest,15,encoder.layers.0.linear1.weight,encoder.layer0.other,1048576,True,0,True,58500.0,8.800991054158658e-06,1.8282186875495654e-09,0.21751563251018524,
Z100,latest,16,encoder.layers.0.linear1.bias,encoder.layer0.other,2048,True,0,True,58500.0,9.127497833105735e-06,1.825630979723769e-09,0.22165921330451965,
Z100,latest,17,encoder.layers.0.linear2.weight,encoder.layer0.other,1048576,True,0,True,58500.0,8.515467925462872e-06,1.956194539687317e-09,0.21841047704219818,
Z100,latest,18,encoder.layers.0.linear2.bias,encoder.layer0.other,512,True,0,True,58500.0,2.526319440221414e-05,1.4571798878648679e-08,0.214390367269516,
Z100,latest,19,encoder.layers.0.norm1.weight,encoder.layer0.other,512,True,0,True,58500.0,3.417657353566028e-05,2.709542279433208e-08,0.21291817724704742,
Z100,latest,20,encoder.layers.0.norm1.bias,encoder.layer0.other,512,True,0,True,58500.0,3.275013295933604e-05,2.3471054433343852e-08,0.2170380800962448,
Z100,latest,21,encoder.layers.0.norm2.weight,encoder.layer0.other,512,True,0,True,58500.0,3.9439510146621615e-05,4.091925731586343e-08,0.20411396026611328,
Z100,latest,22,encoder.layers.0.norm2.bias,encoder.layer0.other,512,True,0,True,58500.0,3.7103101931279525e-05,3.0490966196339286e-08,0.21716317534446716,
Z100,latest,23,encoder.layers.1.rp_proj.weight,encoder.layer1.rp_proj,294912,True,0,True,58500.0,5.496459834830603e-06,3.905843204421444e-09,0.19495108723640442,
Z100,latest,24,encoder.layers.1.rp_proj.bias,encoder.layer1.rp_proj,512,True,0,True,58500.0,1.51151886146339e-11,8.50607110670611e-21,0.0014979614643380046,
Z100,latest,25,encoder.layers.1.linear1.weight,encoder.layer1.other,1048576,True,0,True,58500.0,8.42862846184289e-06,1.642753044706069e-09,0.22366441786289215,
Z100,latest,26,encoder.layers.1.linear1.bias,encoder.layer1.other,2048,True,0,True,58500.0,8.492652341374196e-06,1.615036104851697e-09,0.22194543480873108,
Z100,latest,27,encoder.layers.1.linear2.weight,encoder.layer1.other,1048576,True,0,True,58500.0,8.531849744031206e-06,1.8805719204095794e-09,0.2232128381729126,
Z100,latest,28,encoder.layers.1.linear2.bias,encoder.layer1.other,512,True,0,True,58500.0,2.949566624010913e-05,1.8371540733141956e-08,0.22204314172267914,
Z100,latest,29,encoder.layers.1.norm1.weight,encoder.layer1.other,512,True,0,True,58500.0,3.4414653782732785e-05,2.786730490811351e-08,0.2117018848657608,
Z100,latest,30,encoder.layers.1.norm1.bias,encoder.layer1.other,512,True,0,True,58500.0,3.313935667392798e-05,2.4258358877204955e-08,0.2153744101524353,
Z100,latest,31,encoder.layers.1.norm2.weight,encoder.layer1.other,512,True,0,True,58500.0,4.571867975755595e-05,4.8853877387955436e-08,0.2159765362739563,
Z100,latest,32,encoder.layers.1.norm2.bias,encoder.layer1.other,512,True,0,True,58500.0,4.32573797297664e-05,3.9279935748481876e-08,0.22238051891326904,
Z100,latest,33,encoder.layers.2.rp_proj.weight,encoder.layer2.rp_proj,294912,True,0,True,58500.0,5.898707058804575e-06,2.327815495917207e-09,0.20485436916351318,
Z100,latest,34,encoder.layers.2.rp_proj.bias,encoder.layer2.rp_proj,512,True,0,True,58500.0,1.778165462096304e-11,9.047477781286973e-21,0.0017613446107134223,
Z100,latest,35,encoder.layers.2.linear1.weight,encoder.layer2.other,1048576,True,0,True,58500.0,1.006453294394305e-05,2.3599238119231813e-09,0.22441719472408295,
Z100,latest,36,encoder.layers.2.linear1.bias,encoder.layer2.other,2048,True,0,True,58500.0,1.0066150025522802e-05,2.3184016928468054e-09,0.22128607332706451,
Z100,latest,37,encoder.layers.2.linear2.weight,encoder.layer2.other,1048576,True,0,True,58500.0,1.0350388038204983e-05,2.548859567852446e-09,0.22626852989196777,
Z100,latest,38,encoder.layers.2.linear2.bias,encoder.layer2.other,512,True,0,True,58500.0,3.4337546821916476e-05,2.5144695214862622e-08,0.22065569460391998,
Z100,latest,39,encoder.layers.2.norm1.weight,encoder.layer2.other,512,True,0,True,58500.0,4.1569055611034855e-05,3.69513912801267e-08,0.22157615423202515,
Z100,latest,40,encoder.layers.2.norm1.bias,encoder.layer2.other,512,True,0,True,58500.0,4.02249934268184e-05,3.323484776274199e-08,0.22344474494457245,
Z100,latest,41,encoder.layers.2.norm2.weight,encoder.layer2.other,512,True,0,True,58500.0,5.683933704858646e-05,6.642761007924491e-08,0.22574707865715027,
Z100,latest,42,encoder.layers.2.norm2.bias,encoder.layer2.other,512,True,0,True,58500.0,5.2425548346946016e-05,5.7172147904793746e-08,0.22335706651210785,
Z100,latest,43,encoder.layers.3.rp_proj.weight,encoder.layer3.rp_proj,294912,True,0,True,58500.0,7.378885129583068e-06,2.8820166253495927e-09,0.19801121950149536,
Z100,latest,44,encoder.layers.3.rp_proj.bias,encoder.layer3.rp_proj,512,True,0,True,58500.0,2.224781990578517e-11,1.0096130348296105e-20,0.0022021562326699495,
Z100,latest,45,encoder.layers.3.linear1.weight,encoder.layer3.other,1048576,True,0,True,58500.0,1.2702032108791173e-05,3.728765740618201e-09,0.22509923577308655,
Z100,latest,46,encoder.layers.3.linear1.bias,encoder.layer3.other,2048,True,0,True,58500.0,1.2512181456258986e-05,3.657615099683653e-09,0.219166561961174,
Z100,latest,47,encoder.layers.3.linear2.weight,encoder.layer3.other,1048576,True,0,True,58500.0,1.3043686521996278e-05,3.781900126398341e-09,0.22849632799625397,
Z100,latest,48,encoder.layers.3.linear2.bias,encoder.layer3.other,512,True,0,True,58500.0,4.567273208522238e-05,3.762112044114474e-08,0.2362852543592453,
Z100,latest,49,encoder.layers.3.norm1.weight,encoder.layer3.other,512,True,0,True,58500.0,5.2662981033790857e-05,5.3505374353335355e-08,0.23221048712730408,
Z100,latest,50,encoder.layers.3.norm1.bias,encoder.layer3.other,512,True,0,True,58500.0,5.0046961405314505e-05,5.006583592148672e-08,0.2255200892686844,
Z100,latest,51,encoder.layers.3.norm2.weight,encoder.layer3.other,512,True,0,True,58500.0,6.916454731253907e-05,9.588961091822057e-08,0.2262144535779953,
Z100,latest,52,encoder.layers.3.norm2.bias,encoder.layer3.other,512,True,0,True,58500.0,7.109092985047027e-05,8.739777257460446e-08,0.24063841998577118,
Z100,latest,53,encoder.layers.4.rp_proj.weight,encoder.layer4.rp_proj,294912,True,0,True,58500.0,7.344335244852118e-06,3.492107936153843e-09,0.21080827713012695,
Z100,latest,54,encoder.layers.4.rp_proj.bias,encoder.layer4.rp_proj,512,True,0,True,58500.0,2.0126051866742323e-11,1.0110832191214528e-20,0.0019923474173992872,
Z100,latest,55,encoder.layers.4.linear1.weight,encoder.layer4.other,1048576,True,0,True,58500.0,1.6625130228931084e-05,5.8047464612798194e-09,0.2314622849225998,
Z100,latest,56,encoder.layers.4.linear1.bias,encoder.layer4.other,2048,True,0,True,58500.0,1.705093563941773e-05,5.5401065957028095e-09,0.23547479510307312,
Z100,latest,57,encoder.layers.4.linear2.weight,encoder.layer4.other,1048576,True,0,True,58500.0,1.7077414668165147e-05,6.117719664189281e-09,0.23270578682422638,
Z100,latest,58,encoder.layers.4.linear2.bias,encoder.layer4.other,512,True,0,True,58500.0,6.238383502932265e-05,6.110717265528365e-08,0.25100070238113403,
Z100,latest,59,encoder.layers.4.norm1.weight,encoder.layer4.other,512,True,0,True,58500.0,6.404862506315112e-05,8.239130977472087e-08,0.2268158495426178,
Z100,latest,60,encoder.layers.4.norm1.bias,encoder.layer4.other,512,True,0,True,58500.0,6.889969517942518e-05,7.868077744888069e-08,0.24508492648601532,
Z100,latest,61,encoder.layers.4.norm2.weight,encoder.layer4.other,512,True,0,True,58500.0,8.436143980361521e-05,1.5075904968853138e-07,0.22059400379657745,
Z100,latest,62,encoder.layers.4.norm2.bias,encoder.layer4.other,512,True,0,True,58500.0,9.770803444553167e-05,1.4524704283758183e-07,0.2541525959968567,
Z100,latest,63,encoder.layers.5.rp_proj.weight,encoder.layer5.rp_proj,294912,True,0,True,58500.0,6.414298240997596e-06,1.9473851420315214e-09,0.22762899100780487,
Z100,latest,64,encoder.layers.5.rp_proj.bias,encoder.layer5.rp_proj,512,True,0,True,58500.0,2.1236712041683425e-11,1.0363045537654341e-20,0.0021020309068262577,
Z100,latest,65,encoder.layers.5.linear1.weight,encoder.layer5.other,1048576,True,0,True,58500.0,2.4183551431633532e-05,1.1626798190889076e-08,0.23465587198734283,
Z100,latest,66,encoder.layers.5.linear1.bias,encoder.layer5.other,2048,True,0,True,58500.0,2.5109055059147067e-05,1.0987707632637012e-08,0.24219416081905365,
Z100,latest,67,encoder.layers.5.linear2.weight,encoder.layer5.other,1048576,True,0,True,58500.0,2.6582772989058867e-05,1.5853814261390653e-08,0.2348756045103073,
Z100,latest,68,encoder.layers.5.linear2.bias,encoder.layer5.other,512,True,0,True,58500.0,8.544744923710823e-05,1.0590130017362753e-07,0.26024308800697327,
Z100,latest,69,encoder.layers.5.norm1.weight,encoder.layer5.other,512,True,0,True,58500.0,8.236496069002897e-05,1.415320127762243e-07,0.22206394374370575,
Z100,latest,70,encoder.layers.5.norm1.bias,encoder.layer5.other,512,True,0,True,58500.0,9.494954429101199e-05,1.3645892238400847e-07,0.25463587045669556,
Z100,latest,71,encoder.layers.5.norm2.weight,encoder.layer5.other,512,True,0,True,58500.0,0.00013041982310824096,3.65113606903833e-07,0.22361856698989868,
Z100,latest,72,encoder.layers.5.norm2.bias,encoder.layer5.other,512,True,0,True,58500.0,0.0001581886172061786,3.3899922868840804e-07,0.26705095171928406,
Z100,latest,73,decoder.layers.0.self_attn.in_proj_weight,decoder,786432,True,0,True,58500.0,3.5560569813242182e-06,6.800147667185286e-10,0.22123852372169495,
Z100,latest,74,decoder.layers.0.self_attn.in_proj_bias,decoder,1536,True,0,True,58500.0,0.0006579004693776369,1.5112436813069507e-05,0.18437062203884125,
Z100,latest,75,decoder.layers.0.self_attn.out_proj.weight,decoder,262144,True,0,True,58500.0,3.15726447297493e-06,4.0811551360597775e-10,0.24330510199069977,
Z100,latest,76,decoder.layers.0.self_attn.out_proj.bias,decoder,512,True,0,True,58500.0,0.0017111649503931403,4.231294587953016e-05,0.2595493197441101,
Z100,latest,77,decoder.layers.0.multihead_attn.in_proj_weight,decoder,786432,True,0,True,58500.0,4.138450822210871e-05,3.514185209496645e-08,0.23693902790546417,
Z100,latest,78,decoder.layers.0.multihead_attn.in_proj_bias,decoder,1536,True,0,True,58500.0,6.246528937481344e-05,7.46618908920027e-08,0.20717771351337433,
Z100,latest,79,decoder.layers.0.multihead_attn.out_proj.weight,decoder,262144,True,0,True,58500.0,4.5097658585291356e-05,3.786508884218165e-08,0.2364252358675003,
Z100,latest,80,decoder.layers.0.multihead_attn.out_proj.bias,decoder,512,True,0,True,58500.0,8.122321014525369e-05,8.692134656484996e-08,0.2707985043525696,
Z100,latest,81,decoder.layers.0.linear1.weight,decoder,1048576,True,0,True,58500.0,1.971019446500577e-05,6.646686756539566e-09,0.24420088529586792,
Z100,latest,82,decoder.layers.0.linear1.bias,decoder,2048,True,0,True,58500.0,2.3631735530216247e-05,9.009073487220576e-09,0.2488328069448471,
Z100,latest,83,decoder.layers.0.linear2.weight,decoder,1048576,True,0,True,58500.0,1.816113763197791e-05,5.705484973361763e-09,0.24342918395996094,
Z100,latest,84,decoder.layers.0.linear2.bias,decoder,512,True,0,True,58500.0,8.317230094689876e-05,9.291859726090479e-08,0.26927706599235535,
Z100,latest,85,decoder.layers.0.norm1.weight,decoder,512,True,0,True,58500.0,6.943431071704254e-05,6.724158652104961e-08,0.26630255579948425,
Z100,latest,86,decoder.layers.0.norm1.bias,decoder,512,True,0,True,58500.0,9.757716907188296e-05,1.3721870573135675e-07,0.26035135984420776,
Z100,latest,87,decoder.layers.0.norm2.weight,decoder,512,True,0,True,58500.0,7.228110916912556e-05,8.272007079312971e-08,0.25121670961380005,
Z100,latest,88,decoder.layers.0.norm2.bias,decoder,512,True,0,True,58500.0,9.670692816143855e-05,1.2359535617179063e-07,0.27035656571388245,
Z100,latest,89,decoder.layers.0.norm3.weight,decoder,512,True,0,True,58500.0,7.35892026568763e-05,8.616768099045657e-08,0.2488170564174652,
Z100,latest,90,decoder.layers.0.norm3.bias,decoder,512,True,0,True,58500.0,0.00010116461635334417,1.3843916235600773e-07,0.2688142955303192,
Z100,latest,91,decoder.layers.1.self_attn.in_proj_weight,decoder,786432,True,0,True,58500.0,1.9245997464167885e-05,9.838183601118544e-09,0.24861708283424377,
Z100,latest,92,decoder.layers.1.self_attn.in_proj_bias,decoder,1536,True,0,True,58500.0,4.882261055172421e-05,5.337157560347805e-08,0.21948964893817902,
Z100,latest,93,decoder.layers.1.self_attn.out_proj.weight,decoder,262144,True,0,True,58500.0,2.0610214050975628e-05,7.704619164883297e-09,0.23854313790798187,
Z100,latest,94,decoder.layers.1.self_attn.out_proj.bias,decoder,512,True,0,True,58500.0,8.359657658729702e-05,9.696770320033465e-08,0.26670682430267334,
Z100,latest,95,decoder.layers.1.multihead_attn.in_proj_weight,decoder,786432,True,0,True,58500.0,4.712129521067254e-05,4.388905949781474e-08,0.24307996034622192,
Z100,latest,96,decoder.layers.1.multihead_attn.in_proj_bias,decoder,1536,True,0,True,58500.0,5.277209493215196e-05,5.343809306168623e-08,0.21540652215480804,
Z100,latest,97,decoder.layers.1.multihead_attn.out_proj.weight,decoder,262144,True,0,True,58500.0,5.1439928938634694e-05,4.848069679042055e-08,0.23846398293972015,
Z100,latest,98,decoder.layers.1.multihead_attn.out_proj.bias,decoder,512,True,0,True,58500.0,7.142448157537729e-05,7.370514509830173e-08,0.262132465839386,
Z100,latest,99,decoder.layers.1.linear1.weight,decoder,1048576,True,0,True,58500.0,2.3364082153420895e-05,9.490898733588438e-09,0.24194161593914032,
Z100,latest,100,decoder.layers.1.linear1.bias,decoder,2048,True,0,True,58500.0,2.5797722628340125e-05,1.0484505708063807e-08,0.2518611252307892,
Z100,latest,101,decoder.layers.1.linear2.weight,decoder,1048576,True,0,True,58500.0,2.1345413188100792e-05,8.084326097446137e-09,0.24085590243339539,
Z100,latest,102,decoder.layers.1.linear2.bias,decoder,512,True,0,True,58500.0,7.501390791730955e-05,8.675885254660898e-08,0.254140704870224,
Z100,latest,103,decoder.layers.1.norm1.weight,decoder,512,True,0,True,58500.0,7.523813110310584e-05,8.935997186654276e-08,0.2517862617969513,
Z100,latest,104,decoder.layers.1.norm1.bias,decoder,512,True,0,True,58500.0,8.779729250818491e-05,1.0782454751279147e-07,0.265181303024292,
Z100,latest,105,decoder.layers.1.norm2.weight,decoder,512,True,0,True,58500.0,8.362791413674131e-05,1.0283621065809712e-07,0.2586596608161926,
Z100,latest,106,decoder.layers.1.norm2.bias,decoder,512,True,0,True,58500.0,8.737520693102852e-05,1.1057993276608613e-07,0.2616821229457855,
Z100,latest,107,decoder.layers.1.norm3.weight,decoder,512,True,0,True,58500.0,8.621251618023962e-05,1.0849477405372454e-07,0.2621675729751587,
Z100,latest,108,decoder.layers.1.norm3.bias,decoder,512,True,0,True,58500.0,8.966900350060314e-05,1.2409697092152783e-07,0.2545148432254791,
Z100,latest,109,decoder.layers.2.self_attn.in_proj_weight,decoder,786432,True,0,True,58500.0,2.600409061415121e-05,1.6707197403320606e-08,0.25020018219947815,
Z100,latest,110,decoder.layers.2.self_attn.in_proj_bias,decoder,1536,True,0,True,58500.0,4.402298145578243e-05,5.169321681819383e-08,0.1902058869600296,
Z100,latest,111,decoder.layers.2.self_attn.out_proj.weight,decoder,262144,True,0,True,58500.0,2.7674588636728004e-05,1.2901524293340572e-08,0.24507011473178864,
Z100,latest,112,decoder.layers.2.self_attn.out_proj.bias,decoder,512,True,0,True,58500.0,7.702381117269397e-05,9.396416089657578e-08,0.24905747175216675,
Z100,latest,113,decoder.layers.2.multihead_attn.in_proj_weight,decoder,786432,True,0,True,58500.0,4.814141720999032e-05,4.777244555498328e-08,0.24857468903064728,
Z100,latest,114,decoder.layers.2.multihead_attn.in_proj_bias,decoder,1536,True,0,True,58500.0,5.211028837948106e-05,5.626101895472857e-08,0.21246656775474548,
Z100,latest,115,decoder.layers.2.multihead_attn.out_proj.weight,decoder,262144,True,0,True,58500.0,5.2849329222226515e-05,5.0879471302778256e-08,0.23850737512111664,
Z100,latest,116,decoder.layers.2.multihead_attn.out_proj.bias,decoder,512,True,0,True,58500.0,7.31756299501285e-05,8.245497440384497e-08,0.2533099949359894,
Z100,latest,117,decoder.layers.2.linear1.weight,decoder,1048576,True,0,True,58500.0,2.5894678401527926e-05,1.1644635478091914e-08,0.24119240045547485,
Z100,latest,118,decoder.layers.2.linear1.bias,decoder,2048,True,0,True,58500.0,2.7325888368068263e-05,1.1973835256640086e-08,0.2505275309085846,
Z100,latest,119,decoder.layers.2.linear2.weight,decoder,1048576,True,0,True,58500.0,2.310438321728725e-05,9.51775369628649e-09,0.23940618336200714,
Z100,latest,120,decoder.layers.2.linear2.bias,decoder,512,True,0,True,58500.0,7.753988029435277e-05,9.435299830329313e-08,0.25155898928642273,
Z100,latest,121,decoder.layers.2.norm1.weight,decoder,512,True,0,True,58500.0,8.49011994432658e-05,1.0402958139366092e-07,0.26367029547691345,
Z100,latest,122,decoder.layers.2.norm1.bias,decoder,512,True,0,True,58500.0,8.134544623317197e-05,1.0473540612565557e-07,0.24929270148277283,
Z100,latest,123,decoder.layers.2.norm2.weight,decoder,512,True,0,True,58500.0,8.806684490991756e-05,1.206689432819985e-07,0.253114253282547,
Z100,latest,124,decoder.layers.2.norm2.bias,decoder,512,True,0,True,58500.0,8.73861790751107e-05,1.184307834023457e-07,0.2527378797531128,
Z100,latest,125,decoder.layers.2.norm3.weight,decoder,512,True,0,True,58500.0,9.020729339681566e-05,1.220441134819339e-07,0.25571972131729126,
Z100,latest,126,decoder.layers.2.norm3.bias,decoder,512,True,0,True,58500.0,9.013727685669437e-05,1.2750537337069545e-07,0.251478374004364,
Z100,latest,127,decoder.layers.3.self_attn.in_proj_weight,decoder,786432,True,0,True,58500.0,3.0084873287705705e-05,2.0785963172897937e-08,0.2536114752292633,
Z100,latest,128,decoder.layers.3.self_attn.in_proj_bias,decoder,1536,True,0,True,58500.0,4.70943923573941e-05,5.449430773296626e-08,0.20323294401168823,
Z100,latest,129,decoder.layers.3.self_attn.out_proj.weight,decoder,262144,True,0,True,58500.0,3.0727023840881884e-05,1.607252109181445e-08,0.24328464269638062,
Z100,latest,130,decoder.layers.3.self_attn.out_proj.bias,decoder,512,True,0,True,58500.0,7.676414679735899e-05,9.602486983339986e-08,0.24684925377368927,
Z100,latest,131,decoder.layers.3.multihead_attn.in_proj_weight,decoder,786432,True,0,True,58500.0,4.7933615860529244e-05,4.891370153359276e-08,0.2421446144580841,
Z100,latest,132,decoder.layers.3.multihead_attn.in_proj_bias,decoder,1536,True,0,True,58500.0,5.199301813263446e-05,5.7767714167766826e-08,0.21093954145908356,
Z100,latest,133,decoder.layers.3.multihead_attn.out_proj.weight,decoder,262144,True,0,True,58500.0,5.257845259620808e-05,4.895382943459481e-08,0.24022318422794342,
Z100,latest,134,decoder.layers.3.multihead_attn.out_proj.bias,decoder,512,True,0,True,58500.0,7.306927000172436e-05,8.645223203984642e-08,0.24698440730571747,
Z100,latest,135,decoder.layers.3.linear1.weight,decoder,1048576,True,0,True,58500.0,2.7511765438248403e-05,1.2956987482937166e-08,0.24356351792812347,
Z100,latest,136,decoder.layers.3.linear1.bias,decoder,2048,True,0,True,58500.0,2.65003527601948e-05,1.2842493291032042e-08,0.23558595776557922,
Z100,latest,137,decoder.layers.3.linear2.weight,decoder,1048576,True,0,True,58500.0,2.3962022169143893e-05,1.0072308320729917e-08,0.24143537878990173,
Z100,latest,138,decoder.layers.3.linear2.bias,decoder,512,True,0,True,58500.0,7.398755406029522e-05,9.470677753142809e-08,0.23953014612197876,
Z100,latest,139,decoder.layers.3.norm1.weight,decoder,512,True,0,True,58500.0,8.320616325363517e-05,1.1425968438061318e-07,0.2432987540960312,
Z100,latest,140,decoder.layers.3.norm1.bias,decoder,512,True,0,True,58500.0,8.230784442275763e-05,1.059974650274853e-07,0.2510351538658142,
Z100,latest,141,decoder.layers.3.norm2.weight,decoder,512,True,0,True,58500.0,8.71875454322435e-05,1.2962043172137783e-07,0.2414775937795639,
Z100,latest,142,decoder.layers.3.norm2.bias,decoder,512,True,0,True,58500.0,8.750204142415896e-05,1.2200779053728183e-07,0.24908696115016937,
Z100,latest,143,decoder.layers.3.norm3.weight,decoder,512,True,0,True,58500.0,8.570544741814956e-05,1.2782822977897013e-07,0.2387351244688034,
Z100,latest,144,decoder.layers.3.norm3.bias,decoder,512,True,0,True,58500.0,8.478386007482186e-05,1.2484257183587033e-07,0.2387445718050003,
Z100,latest,145,decoder.layers.4.self_attn.in_proj_weight,decoder,786432,True,0,True,58500.0,3.237945566070266e-05,2.2994035120404988e-08,0.2432502806186676,
Z100,latest,146,decoder.layers.4.self_attn.in_proj_bias,decoder,1536,True,0,True,58500.0,4.244735464453697e-05,5.298792515873174e-08,0.20482774078845978,
Z100,latest,147,decoder.layers.4.self_attn.out_proj.weight,decoder,262144,True,0,True,58500.0,3.188392292940989e-05,1.7180408207195796e-08,0.24461796879768372,
Z100,latest,148,decoder.layers.4.self_attn.out_proj.bias,decoder,512,True,0,True,58500.0,7.130415906431153e-05,9.214301854854057e-08,0.2345755696296692,
Z100,latest,149,decoder.layers.4.multihead_attn.in_proj_weight,decoder,786432,True,0,True,58500.0,4.909459676127881e-05,4.8631239479846045e-08,0.2505960166454315,
Z100,latest,150,decoder.layers.4.multihead_attn.in_proj_bias,decoder,1536,True,0,True,58500.0,4.627815360436216e-05,5.3865768734340236e-08,0.20138050615787506,
Z100,latest,151,decoder.layers.4.multihead_attn.out_proj.weight,decoder,262144,True,0,True,58500.0,5.082407733425498e-05,4.667947450798238e-08,0.23868320882320404,
Z100,latest,152,decoder.layers.4.multihead_attn.out_proj.bias,decoder,512,True,0,True,58500.0,6.569470133399591e-05,8.121249805981279e-08,0.23136179149150848,
Z100,latest,153,decoder.layers.4.linear1.weight,decoder,1048576,True,0,True,58500.0,2.7013231374439783e-05,1.2974560981149352e-08,0.24124890565872192,
Z100,latest,154,decoder.layers.4.linear1.bias,decoder,2048,True,0,True,58500.0,2.5840983653324656e-05,1.234328284027697e-08,0.23440346121788025,
Z100,latest,155,decoder.layers.4.linear2.weight,decoder,1048576,True,0,True,58500.0,2.215144741057884e-05,8.875201018554435e-09,0.23916329443454742,
Z100,latest,156,decoder.layers.4.linear2.bias,decoder,512,True,0,True,58500.0,6.791521445848048e-05,8.849013966027997e-08,0.2301883101463318,
Z100,latest,157,decoder.layers.4.norm1.weight,decoder,512,True,0,True,58500.0,8.357733167940751e-05,1.1294959989527342e-07,0.24936318397521973,
Z100,latest,158,decoder.layers.4.norm1.bias,decoder,512,True,0,True,58500.0,7.410266698570922e-05,1.0178209208788758e-07,0.23227126896381378,
Z100,latest,159,decoder.layers.4.norm2.weight,decoder,512,True,0,True,58500.0,8.63400855450891e-05,1.2690736639342504e-07,0.24189823865890503,
Z100,latest,160,decoder.layers.4.norm2.bias,decoder,512,True,0,True,58500.0,7.815251592546701e-05,1.153857667191005e-07,0.23095576465129852,
Z100,latest,161,decoder.layers.4.norm3.weight,decoder,512,True,0,True,58500.0,8.367557893507183e-05,1.2446399466625735e-07,0.23935145139694214,
Z100,latest,162,decoder.layers.4.norm3.bias,decoder,512,True,0,True,58500.0,7.646278390893713e-05,1.1548497269586733e-07,0.2274414449930191,
Z100,latest,163,decoder.layers.5.self_attn.in_proj_weight,decoder,786432,True,0,True,58500.0,3.848583946819417e-05,3.050011088134852e-08,0.24556201696395874,
Z100,latest,164,decoder.layers.5.self_attn.in_proj_bias,decoder,1536,True,0,True,58500.0,3.856163675663993e-05,5.050455342825444e-08,0.1962234377861023,
Z100,latest,165,decoder.layers.5.self_attn.out_proj.weight,decoder,262144,True,0,True,58500.0,2.9537184673245065e-05,1.6124753088320176e-08,0.23611392080783844,
Z100,latest,166,decoder.layers.5.self_attn.out_proj.bias,decoder,512,True,0,True,58500.0,6.614984158659354e-05,7.773085286544301e-08,0.23599973320960999,
Z100,latest,167,decoder.layers.5.multihead_attn.in_proj_weight,decoder,786432,True,0,True,58500.0,4.2234623833792284e-05,4.259221952906955e-08,0.24502624571323395,
Z100,latest,168,decoder.layers.5.multihead_attn.in_proj_bias,decoder,1536,True,0,True,58500.0,4.4516102207126096e-05,5.33986153072874e-08,0.19886906445026398,
Z100,latest,169,decoder.layers.5.multihead_attn.out_proj.weight,decoder,262144,True,0,True,58500.0,4.2218049202347174e-05,3.6798340374843974e-08,0.22569559514522552,
Z100,latest,170,decoder.layers.5.multihead_attn.out_proj.bias,decoder,512,True,0,True,58500.0,6.753217166988179e-05,8.295955922221765e-08,0.23440426588058472,
Z100,latest,171,decoder.layers.5.linear1.weight,decoder,1048576,True,0,True,58500.0,2.9695467674173415e-05,2.0487036067606823e-08,0.23364275693893433,
Z100,latest,172,decoder.layers.5.linear1.bias,decoder,2048,True,0,True,58500.0,2.6624555175658315e-05,1.7332911994571987e-08,0.23069079220294952,
Z100,latest,173,decoder.layers.5.linear2.weight,decoder,1048576,True,0,True,58500.0,1.672437610977795e-05,6.378384487248923e-09,0.22551041841506958,
Z100,latest,174,decoder.layers.5.linear2.bias,decoder,512,True,0,True,58500.0,7.314471440622583e-05,8.617021052259588e-08,0.24862179160118103,
Z100,latest,175,decoder.layers.5.norm1.weight,decoder,512,True,0,True,58500.0,7.517668564105406e-05,1.0410099093860481e-07,0.23849061131477356,
Z100,latest,176,decoder.layers.5.norm1.bias,decoder,512,True,0,True,58500.0,7.220663246698678e-05,9.364544695245058e-08,0.23487623035907745,
Z100,latest,177,decoder.layers.5.norm2.weight,decoder,512,True,0,True,58500.0,8.05433010100387e-05,1.3326736336694012e-07,0.22841507196426392,
Z100,latest,178,decoder.layers.5.norm2.bias,decoder,512,True,0,True,58500.0,8.029511081986129e-05,1.2440213481568207e-07,0.22773133218288422,
Z100,latest,179,decoder.layers.5.norm3.weight,decoder,512,True,0,True,58500.0,7.886359526310116e-05,1.3699475687189988e-07,0.2221507579088211,
Z100,latest,180,decoder.layers.5.norm3.bias,decoder,512,True,0,True,58500.0,8.01847199909389e-05,1.0403366701439154e-07,0.24816866219043732,
Z100,latest,181,decoder.norm.weight,decoder,512,True,0,True,58500.0,8.085036824923009e-05,1.4446339946516673e-07,0.22604887187480927,
Z100,latest,182,decoder.norm.bias,decoder,512,True,0,True,58500.0,8.064333815127611e-05,1.0449431897541217e-07,0.2481626570224762,
Z100,latest,183,edos_out_head.layers.0.weight,spectrum_heads,1536,True,0,True,58500.0,0.0020159620326012373,7.871634443290532e-05,0.23008525371551514,
Z100,latest,184,edos_out_head.layers.0.bias,spectrum_heads,1,True,0,True,58500.0,1.1117543330385615e-08,4.540390941232221e-16,0.3551001250743866,
Z100,latest,185,phdos_out_head.layers.0.weight,spectrum_heads,2359296,True,0,True,58500.0,5.0704773457255214e-05,5.424766058581554e-08,0.2273721545934677,
Z100,latest,186,phdos_out_head.layers.0.bias,spectrum_heads,1536,True,0,True,58500.0,5.099841655464843e-05,4.7737533037661706e-08,0.23745135962963104,
Z100,latest,187,phdos_out_head.layers.2.weight,spectrum_heads,7077888,True,0,True,58500.0,3.689611185109243e-05,7.000289770076051e-08,0.21061590313911438,
Z100,latest,188,phdos_out_head.layers.2.bias,spectrum_heads,1536,True,0,True,58500.0,9.143286297330633e-05,1.9416033580910153e-07,0.22759565711021423,
Z100,latest,189,phdos_out_head.layers.4.weight,spectrum_heads,7077888,True,0,True,58500.0,1.6429923562100157e-05,6.915804817708704e-08,0.1681627482175827,
Z100,latest,190,phdos_out_head.layers.4.bias,spectrum_heads,1536,True,0,True,58500.0,4.157052535447292e-05,6.385413797715955e-08,0.20287707448005676,
Z100,latest,191,phdos_out_head.layers.6.weight,spectrum_heads,7077888,True,0,True,58500.0,7.671135790587869e-06,1.0049383547539037e-08,0.1565050333738327,
Z100,latest,192,phdos_out_head.layers.6.bias,spectrum_heads,1536,True,0,True,58500.0,4.935543620376848e-05,8.30815523045203e-08,0.21846555173397064,
Z100,latest,193,phdos_out_head.layers.8.weight,spectrum_heads,7077888,True,0,True,58500.0,2.7414846499596024e-06,1.5213771353828065e-09,0.18587268888950348,
Z100,latest,194,phdos_out_head.layers.8.bias,spectrum_heads,1536,True,0,True,58500.0,2.236424188595265e-05,1.7189703882536378e-08,0.20706675946712494,
Z100,latest,195,phdos_out_head.layers.10.weight,spectrum_heads,4608,True,0,True,58500.0,0.00029389664996415377,3.80926985599217e-06,0.26000145077705383,
Z100,latest,196,phdos_out_head.layers.10.bias,spectrum_heads,1,True,0,True,58500.0,2.0793333277424608e-08,7.183004564141181e-16,0.565018892288208,
ZP100,best,0,edos_query_embed,other,65536,True,0,True,52065.0,6.554091669386253e-06,7.904863985608301e-10,0.24907110631465912,
ZP100,best,1,edos_tgt,other,65536,True,0,True,52065.0,8.279956091428176e-05,1.3251575126105308e-07,0.24909745156764984,
ZP100,best,2,phdos_query_embed,other,32768,True,0,True,52065.0,6.257255336095113e-06,8.135950801957392e-10,0.23465600609779358,
ZP100,best,3,phdos_tgt,other,32768,True,0,True,52065.0,7.704704330535606e-05,1.2172839092272625e-07,0.23187445104122162,
ZP100,best,4,eta_head.mlp.0.weight,scale_head,65536,True,0,True,52065.0,3.4989116102224216e-05,2.5961094607396262e-08,0.2499047815799713,
ZP100,best,5,eta_head.mlp.0.bias,scale_head,128,True,0,True,52065.0,4.654059011954814e-05,5.033839300949694e-08,0.22633542120456696,
ZP100,best,6,eta_head.mlp.2.weight,scale_head,8192,True,0,True,52065.0,7.818158337613568e-05,2.0630537278520933e-07,0.24244271218776703,
ZP100,best,7,eta_head.mlp.2.bias,scale_head,64,True,0,True,52065.0,8.807166886981577e-05,2.4496353034919593e-07,0.224619060754776,
ZP100,best,8,eta_head.mlp.4.weight,scale_head,128,True,0,True,52065.0,0.00042907698662020266,4.003529284091201e-06,0.2248557060956955,
ZP100,best,9,eta_head.mlp.4.bias,scale_head,2,True,0,True,52065.0,0.000556282582692802,6.17333853369928e-06,0.2006424516439438,
ZP100,best,10,tok_emb.weight,tok_emb,60416,True,0,True,52065.0,6.397979450412095e-05,3.192929227679997e-07,0.18319033086299896,
ZP100,best,11,atom_norm.weight,atom_norm,512,True,0,True,52065.0,4.6878303692210466e-05,4.470716064020053e-08,0.24587717652320862,
ZP100,best,12,atom_norm.bias,atom_norm,512,True,0,True,52065.0,3.4496661101002246e-05,3.2479988476552535e-08,0.20680738985538483,
ZP100,best,13,atom_proj.weight,atom_proj,262144,True,0,True,52065.0,3.539819590514526e-05,3.114582369789787e-08,0.23100882768630981,
ZP100,best,14,atom_proj.bias,atom_proj,512,True,0,True,52065.0,3.204456152161583e-05,2.6998161928304398e-08,0.2134798765182495,
ZP100,best,15,encoder.layers.0.rp_proj.weight,encoder.layer0.rp_proj,294912,True,0,True,52065.0,6.641745585511671e-06,4.085425775457452e-09,0.2115883231163025,
ZP100,best,16,encoder.layers.0.rp_proj.bias,encoder.layer0.rp_proj,512,True,0,True,52065.0,2.398425902327972e-11,9.870282576087852e-21,0.00237445579841733,
ZP100,best,17,encoder.layers.0.linear1.weight,encoder.layer0.other,1048576,True,0,True,52065.0,9.286873137170915e-06,2.3712642960305175e-09,0.23326458036899567,
ZP100,best,18,encoder.layers.0.linear1.bias,encoder.layer0.other,2048,True,0,True,52065.0,9.136678272625431e-06,2.0736645733876458e-09,0.22591304779052734,
ZP100,best,19,encoder.layers.0.linear2.weight,encoder.layer0.other,1048576,True,0,True,52065.0,9.561507795297075e-06,5.3793649534839005e-09,0.2337527722120285,
ZP100,best,20,encoder.layers.0.linear2.bias,encoder.layer0.other,512,True,0,True,52065.0,2.6801524654729292e-05,1.9604854628596513e-08,0.22277384996414185,
ZP100,best,21,encoder.layers.0.norm1.weight,encoder.layer0.other,512,True,0,True,52065.0,4.095434269402176e-05,3.581292418175508e-08,0.24676544964313507,
ZP100,best,22,encoder.layers.0.norm1.bias,encoder.layer0.other,512,True,0,True,52065.0,3.0805804271949455e-05,2.6354211257739735e-08,0.21172012388706207,
ZP100,best,23,encoder.layers.0.norm2.weight,encoder.layer0.other,512,True,0,True,52065.0,5.24516508448869e-05,7.62393170816722e-08,0.24178510904312134,
ZP100,best,24,encoder.layers.0.norm2.bias,encoder.layer0.other,512,True,0,True,52065.0,4.098195495316759e-05,4.71733265783314e-08,0.22373980283737183,
ZP100,best,25,encoder.layers.1.rp_proj.weight,encoder.layer1.rp_proj,294912,True,0,True,52065.0,8.415161573793739e-06,3.284083893717593e-09,0.2063138633966446,
ZP100,best,26,encoder.layers.1.rp_proj.bias,encoder.layer1.rp_proj,512,True,0,True,52065.0,2.5291196220633694e-11,1.149830892311789e-20,0.0024993291590362787,
ZP100,best,27,encoder.layers.1.linear1.weight,encoder.layer1.other,1048576,True,0,True,52065.0,9.584906365489587e-06,3.938843917694612e-09,0.22854702174663544,
ZP100,best,28,encoder.layers.1.linear1.bias,encoder.layer1.other,2048,True,0,True,52065.0,9.836535355134401e-06,2.919577912763316e-09,0.2260201871395111,
ZP100,best,29,encoder.layers.1.linear2.weight,encoder.layer1.other,1048576,True,0,True,52065.0,9.820170816965401e-06,1.0614451539936454e-08,0.23377782106399536,
ZP100,best,30,encoder.layers.1.linear2.bias,encoder.layer1.other,512,True,0,True,52065.0,3.27959205606021e-05,3.9937170015491574e-08,0.2249748557806015,
ZP100,best,31,encoder.layers.1.norm1.weight,encoder.layer1.other,512,True,0,True,52065.0,4.2669198592193425e-05,6.577592870371518e-08,0.23430117964744568,
ZP100,best,32,encoder.layers.1.norm1.bias,encoder.layer1.other,512,True,0,True,52065.0,3.650871803984046e-05,4.308830980903622e-08,0.21767744421958923,
ZP100,best,33,encoder.layers.1.norm2.weight,encoder.layer1.other,512,True,0,True,52065.0,5.592243542196229e-05,1.9223773506382713e-07,0.24117565155029297,
ZP100,best,34,encoder.layers.1.norm2.bias,encoder.layer1.other,512,True,0,True,52065.0,4.8507288738619536e-05,9.270372913761094e-08,0.22596226632595062,
ZP100,best,35,encoder.layers.2.rp_proj.weight,encoder.layer2.rp_proj,294912,True,0,True,52065.0,6.720511009916663e-06,1.0767940494815775e-07,0.2109205573797226,
ZP100,best,36,encoder.layers.2.rp_proj.bias,encoder.layer2.rp_proj,512,True,0,True,52065.0,2.1820699760977114e-11,1.402468734271033e-20,0.002160376403480768,
ZP100,best,37,encoder.layers.2.linear1.weight,encoder.layer2.other,1048576,True,0,True,52065.0,1.1812048796855379e-05,2.9022488856611517e-09,0.24269725382328033,
ZP100,best,38,encoder.layers.2.linear1.bias,encoder.layer2.other,2048,True,0,True,52065.0,1.1858257494168356e-05,2.7639737165685574e-09,0.24235902726650238,
ZP100,best,39,encoder.layers.2.linear2.weight,encoder.layer2.other,1048576,True,0,True,52065.0,1.2158914614701644e-05,4.140248588413442e-09,0.24328862130641937,
ZP100,best,40,encoder.layers.2.linear2.bias,encoder.layer2.other,512,True,0,True,52065.0,4.0912520489655435e-05,3.03687777147843e-08,0.24034558236598969,
ZP100,best,41,encoder.layers.2.norm1.weight,encoder.layer2.other,512,True,0,True,52065.0,5.056906957179308e-05,4.487135640829365e-08,0.24798505008220673,
ZP100,best,42,encoder.layers.2.norm1.bias,encoder.layer2.other,512,True,0,True,52065.0,4.599404564942233e-05,3.949604021613595e-08,0.23604735732078552,
ZP100,best,43,encoder.layers.2.norm2.weight,encoder.layer2.other,512,True,0,True,52065.0,6.838288391008973e-05,8.78419825767196e-08,0.2507679760456085,
ZP100,best,44,encoder.layers.2.norm2.bias,encoder.layer2.other,512,True,0,True,52065.0,6.16600809735246e-05,6.927793094746448e-08,0.23973448574543,
ZP100,best,45,encoder.layers.3.rp_proj.weight,encoder.layer3.rp_proj,294912,True,0,True,52065.0,9.689513717603404e-06,1.7606293312155685e-08,0.221200093626976,
ZP100,best,46,encoder.layers.3.rp_proj.bias,encoder.layer3.rp_proj,512,True,0,True,52065.0,2.3558736558793036e-11,1.2114544746979258e-20,0.0023291197139769793,
ZP100,best,47,encoder.layers.3.linear1.weight,encoder.layer3.other,1048576,True,0,True,52065.0,1.5123690900509246e-05,4.325288571749297e-09,0.2477489858865738,
ZP100,best,48,encoder.layers.3.linear1.bias,encoder.layer3.other,2048,True,0,True,52065.0,1.5516157873207703e-05,4.203265291380376e-09,0.25026819109916687,
ZP100,best,49,encoder.layers.3.linear2.weight,encoder.layer3.other,1048576,True,0,True,52065.0,1.464039451093413e-05,4.384558049963516e-09,0.24228276312351227,
ZP100,best,50,encoder.layers.3.linear2.bias,encoder.layer3.other,512,True,0,True,52065.0,5.1519607950467616e-05,4.294492583767351e-08,0.250599205493927,
ZP100,best,51,encoder.layers.3.norm1.weight,encoder.layer3.other,512,True,0,True,52065.0,6.129874236648902e-05,6.124274420926668e-08,0.24758414924144745,
ZP100,best,52,encoder.layers.3.norm1.bias,encoder.layer3.other,512,True,0,True,52065.0,5.753693403676152e-05,5.6770414147422343e-08,0.2418898493051529,
ZP100,best,53,encoder.layers.3.norm2.weight,encoder.layer3.other,512,True,0,True,52065.0,7.796590216457844e-05,1.0757330670685405e-07,0.23917292058467865,
ZP100,best,54,encoder.layers.3.norm2.bias,encoder.layer3.other,512,True,0,True,52065.0,7.646689482498914e-05,9.83647652219588e-08,0.24600723385810852,
ZP100,best,55,encoder.layers.4.rp_proj.weight,encoder.layer4.rp_proj,294912,True,0,True,52065.0,8.079025974438991e-06,9.110932452927045e-09,0.20378148555755615,
ZP100,best,56,encoder.layers.4.rp_proj.bias,encoder.layer4.rp_proj,512,True,0,True,52065.0,2.290089992640354e-11,1.1353221120558663e-20,0.002266108524054289,
ZP100,best,57,encoder.layers.4.linear1.weight,encoder.layer4.other,1048576,True,0,True,52065.0,1.9117827832815237e-05,6.7188681285301755e-09,0.24737706780433655,
ZP100,best,58,encoder.layers.4.linear1.bias,encoder.layer4.other,2048,True,0,True,52065.0,1.9090730347670615e-05,6.401666308164522e-09,0.2427787482738495,
ZP100,best,59,encoder.layers.4.linear2.weight,encoder.layer4.other,1048576,True,0,True,52065.0,1.9112450900138356e-05,7.04447922217355e-09,0.2460930496454239,
ZP100,best,60,encoder.layers.4.linear2.bias,encoder.layer4.other,512,True,0,True,52065.0,6.428687629522756e-05,6.790245521415272e-08,0.2487896829843521,
ZP100,best,61,encoder.layers.4.norm1.weight,encoder.layer4.other,512,True,0,True,52065.0,7.435506267938763e-05,9.253270860654084e-08,0.2420511692762375,
ZP100,best,62,encoder.layers.4.norm1.bias,encoder.layer4.other,512,True,0,True,52065.0,7.317615381907672e-05,8.825664110645448e-08,0.24826277792453766,
ZP100,best,63,encoder.layers.4.norm2.weight,encoder.layer4.other,512,True,0,True,52065.0,9.706967102829367e-05,1.6970753335954214e-07,0.23770387470722198,
ZP100,best,64,encoder.layers.4.norm2.bias,encoder.layer4.other,512,True,0,True,52065.0,9.815487283049151e-05,1.6113364154080045e-07,0.2474062293767929,
ZP100,best,65,encoder.layers.5.rp_proj.weight,encoder.layer5.rp_proj,294912,True,0,True,52065.0,7.982231181813404e-06,2.6899447114203667e-09,0.22362029552459717,
ZP100,best,66,encoder.layers.5.rp_proj.bias,encoder.layer5.rp_proj,512,True,0,True,52065.0,2.3959157574582335e-11,1.1245077756783725e-20,0.002371109090745449,
ZP100,best,67,encoder.layers.5.linear1.weight,encoder.layer5.other,1048576,True,0,True,52065.0,2.643620791786816e-05,1.2976326679847716e-08,0.24522127211093903,
ZP100,best,68,encoder.layers.5.linear1.bias,encoder.layer5.other,2048,True,0,True,52065.0,2.635746932355687e-05,1.2156652573480642e-08,0.24412497878074646,
ZP100,best,69,encoder.layers.5.linear2.weight,encoder.layer5.other,1048576,True,0,True,52065.0,2.8763975933543406e-05,1.798687421228351e-08,0.2438880205154419,
ZP100,best,70,encoder.layers.5.linear2.bias,encoder.layer5.other,512,True,0,True,52065.0,8.161095320247114e-05,1.1695331636474293e-07,0.24341286718845367,
ZP100,best,71,encoder.layers.5.norm1.weight,encoder.layer5.other,512,True,0,True,52065.0,9.392389620188624e-05,1.5912590356492728e-07,0.23664362728595734,
ZP100,best,72,encoder.layers.5.norm1.bias,encoder.layer5.other,512,True,0,True,52065.0,9.54181668930687e-05,1.5133026920466364e-07,0.2480016052722931,
ZP100,best,73,encoder.layers.5.norm2.weight,encoder.layer5.other,512,True,0,True,52065.0,0.00015598483150824904,4.1403134787287854e-07,0.2516278624534607,
ZP100,best,74,encoder.layers.5.norm2.bias,encoder.layer5.other,512,True,0,True,52065.0,0.00013737485278397799,3.74230921806884e-07,0.23262488842010498,
ZP100,best,75,decoder.layers.0.self_attn.in_proj_weight,decoder,786432,True,0,True,52065.0,4.065649591211695e-06,7.962598358446371e-10,0.23446202278137207,
ZP100,best,76,decoder.layers.0.self_attn.in_proj_bias,decoder,1536,True,0,True,52065.0,0.0006993128918111324,1.7375423340126872e-05,0.19504760205745697,
ZP100,best,77,decoder.layers.0.self_attn.out_proj.weight,decoder,262144,True,0,True,52065.0,3.239904117435799e-06,4.256728025620049e-10,0.2416444718837738,
ZP100,best,78,decoder.layers.0.self_attn.out_proj.bias,decoder,512,True,0,True,52065.0,0.0014523501740768552,4.6868433855706826e-05,0.2211010754108429,
ZP100,best,79,decoder.layers.0.multihead_attn.in_proj_weight,decoder,786432,True,0,True,52065.0,4.501882358454168e-05,3.955859639859227e-08,0.24600690603256226,
ZP100,best,80,decoder.layers.0.multihead_attn.in_proj_bias,decoder,1536,True,0,True,52065.0,5.4537718824576586e-05,8.305524801244246e-08,0.17563137412071228,
ZP100,best,81,decoder.layers.0.multihead_attn.out_proj.weight,decoder,262144,True,0,True,52065.0,4.7631798224756494e-05,4.245654494638984e-08,0.24017292261123657,
ZP100,best,82,decoder.layers.0.multihead_attn.out_proj.bias,decoder,512,True,0,True,52065.0,6.871146615594625e-05,9.513514953596314e-08,0.22949635982513428,
ZP100,best,83,decoder.layers.0.linear1.weight,decoder,1048576,True,0,True,52065.0,2.1066423869342543e-05,7.474897145698378e-09,0.24725665152072906,
ZP100,best,84,decoder.layers.0.linear1.bias,decoder,2048,True,0,True,52065.0,2.388065513514448e-05,1.0111153692093922e-08,0.2422647327184677,
ZP100,best,85,decoder.layers.0.linear2.weight,decoder,1048576,True,0,True,52065.0,1.9627559595392086e-05,6.428989784978967e-09,0.24916887283325195,
ZP100,best,86,decoder.layers.0.linear2.bias,decoder,512,True,0,True,52065.0,7.369256491074339e-05,1.0258474958391162e-07,0.23558780550956726,
ZP100,best,87,decoder.layers.0.norm1.weight,decoder,512,True,0,True,52065.0,6.844378367532045e-05,7.697749992985337e-08,0.24919021129608154,
ZP100,best,88,decoder.layers.0.norm1.bias,decoder,512,True,0,True,52065.0,8.334553422173485e-05,1.5270583730853104e-07,0.2223527878522873,
ZP100,best,89,decoder.layers.0.norm2.weight,decoder,512,True,0,True,52065.0,7.584851118735969e-05,9.365705011532555e-08,0.24722951650619507,
ZP100,best,90,decoder.layers.0.norm2.bias,decoder,512,True,0,True,52065.0,8.122932922560722e-05,1.36015202656381e-07,0.2266245186328888,
ZP100,best,91,decoder.layers.0.norm3.weight,decoder,512,True,0,True,52065.0,7.71878330851905e-05,9.587160576529641e-08,0.2501944303512573,
ZP100,best,92,decoder.layers.0.norm3.bias,decoder,512,True,0,True,52065.0,9.076813148567453e-05,1.5314205370486889e-07,0.2370002716779709,
ZP100,best,93,decoder.layers.1.self_attn.in_proj_weight,decoder,786432,True,0,True,52065.0,2.0416358893271536e-05,1.0948782325215234e-08,0.24635609984397888,
ZP100,best,94,decoder.layers.1.self_attn.in_proj_bias,decoder,1536,True,0,True,52065.0,4.197973612463102e-05,5.8314114426138985e-08,0.19309566915035248,
ZP100,best,95,decoder.layers.1.self_attn.out_proj.weight,decoder,262144,True,0,True,52065.0,2.2247106244321913e-05,8.548166618993491e-09,0.24556133151054382,
ZP100,best,96,decoder.layers.1.self_attn.out_proj.bias,decoder,512,True,0,True,52065.0,7.587837899336591e-05,1.0736794564536467e-07,0.23519352078437805,
ZP100,best,97,decoder.layers.1.multihead_attn.in_proj_weight,decoder,786432,True,0,True,52065.0,4.98868030263111e-05,4.91005174296788e-08,0.24211446940898895,
ZP100,best,98,decoder.layers.1.multihead_attn.in_proj_bias,decoder,1536,True,0,True,52065.0,5.165878246771172e-05,5.895788035559235e-08,0.19600966572761536,
ZP100,best,99,decoder.layers.1.multihead_attn.out_proj.weight,decoder,262144,True,0,True,52065.0,5.530371709028259e-05,5.4078455491435307e-08,0.24429821968078613,
ZP100,best,100,decoder.layers.1.multihead_attn.out_proj.bias,decoder,512,True,0,True,52065.0,6.940078310435638e-05,8.104519366725071e-08,0.24456651508808136,
ZP100,best,101,decoder.layers.1.linear1.weight,decoder,1048576,True,0,True,52065.0,2.5267978344345465e-05,1.0615329948393537e-08,0.2483966052532196,
ZP100,best,102,decoder.layers.1.linear1.bias,decoder,2048,True,0,True,52065.0,2.644042433530558e-05,1.1638345398523597e-08,0.24733398854732513,
ZP100,best,103,decoder.layers.1.linear2.weight,decoder,1048576,True,0,True,52065.0,2.31442681979388e-05,9.058852334931089e-09,0.24791601300239563,
ZP100,best,104,decoder.layers.1.linear2.bias,decoder,512,True,0,True,52065.0,7.600738172186539e-05,9.535231981772085e-08,0.24771836400032043,
ZP100,best,105,decoder.layers.1.norm1.weight,decoder,512,True,0,True,52065.0,7.775609992677346e-05,1.0009527073862046e-07,0.24798783659934998,
ZP100,best,106,decoder.layers.1.norm1.bias,decoder,512,True,0,True,52065.0,8.127286855597049e-05,1.1983371450696723e-07,0.23874622583389282,
ZP100,best,107,decoder.layers.1.norm2.weight,decoder,512,True,0,True,52065.0,8.008410077309236e-05,1.153873085968371e-07,0.23584678769111633,
ZP100,best,108,decoder.layers.1.norm2.bias,decoder,512,True,0,True,52065.0,8.471096953144297e-05,1.2184274567061948e-07,0.2440028041601181,
ZP100,best,109,decoder.layers.1.norm3.weight,decoder,512,True,0,True,52065.0,8.26426621642895e-05,1.1964004897890845e-07,0.2401394098997116,
ZP100,best,110,decoder.layers.1.norm3.bias,decoder,512,True,0,True,52065.0,9.08755901036784e-05,1.363576984658721e-07,0.2478969544172287,
ZP100,best,111,decoder.layers.2.self_attn.in_proj_weight,decoder,786432,True,0,True,52065.0,2.755492096184753e-05,1.858747467053945e-08,0.24767939746379852,
ZP100,best,112,decoder.layers.2.self_attn.in_proj_bias,decoder,1536,True,0,True,52065.0,4.590525713865645e-05,5.77101531007429e-08,0.20707832276821136,
ZP100,best,113,decoder.layers.2.self_attn.out_proj.weight,decoder,262144,True,0,True,52065.0,2.8823631510022096e-05,1.422241791004808e-08,0.24439452588558197,
ZP100,best,114,decoder.layers.2.self_attn.out_proj.bias,decoder,512,True,0,True,52065.0,7.958644710015506e-05,1.0463217137157699e-07,0.24754716455936432,
ZP100,best,115,decoder.layers.2.multihead_attn.in_proj_weight,decoder,786432,True,0,True,52065.0,5.0482063670642674e-05,5.333091834813786e-08,0.24600499868392944,
ZP100,best,116,decoder.layers.2.multihead_attn.in_proj_bias,decoder,1536,True,0,True,52065.0,5.431405224953778e-05,6.264888696705384e-08,0.2038908302783966,
ZP100,best,117,decoder.layers.2.multihead_attn.out_proj.weight,decoder,262144,True,0,True,52065.0,5.686543954652734e-05,5.625705767897671e-08,0.24553175270557404,
ZP100,best,118,decoder.layers.2.multihead_attn.out_proj.bias,decoder,512,True,0,True,52065.0,7.566237036371604e-05,9.087365526738722e-08,0.2530125677585602,
ZP100,best,119,decoder.layers.2.linear1.weight,decoder,1048576,True,0,True,52065.0,2.7643194698612206e-05,1.2848728303538337e-08,0.2468436360359192,
ZP100,best,120,decoder.layers.2.linear1.bias,decoder,2048,True,0,True,52065.0,2.919952748925425e-05,1.3312339675053408e-08,0.2564893364906311,
ZP100,best,121,decoder.layers.2.linear2.weight,decoder,1048576,True,0,True,52065.0,2.5116260076174513e-05,1.0518723669861174e-08,0.24921518564224243,
ZP100,best,122,decoder.layers.2.linear2.bias,decoder,512,True,0,True,52065.0,8.176726259989664e-05,1.0386438731302405e-07,0.2550739347934723,
ZP100,best,123,decoder.layers.2.norm1.weight,decoder,512,True,0,True,52065.0,8.430498564848676e-05,1.164701757261355e-07,0.24829398095607758,
ZP100,best,124,decoder.layers.2.norm1.bias,decoder,512,True,0,True,52065.0,8.44292517285794e-05,1.1672728561507029e-07,0.24933138489723206,
ZP100,best,125,decoder.layers.2.norm2.weight,decoder,512,True,0,True,52065.0,8.763582445681095e-05,1.3378932806062949e-07,0.2414950430393219,
ZP100,best,126,decoder.layers.2.norm2.bias,decoder,512,True,0,True,52065.0,9.043946920428425e-05,1.3066362214431138e-07,0.2524656355381012,
ZP100,best,127,decoder.layers.2.norm3.weight,decoder,512,True,0,True,52065.0,8.894347411114722e-05,1.3543998989007378e-07,0.24120326340198517,
ZP100,best,128,decoder.layers.2.norm3.bias,decoder,512,True,0,True,52065.0,9.57217562245205e-05,1.4081919630370976e-07,0.2567148804664612,
ZP100,best,129,decoder.layers.3.self_attn.in_proj_weight,decoder,786432,True,0,True,52065.0,3.1058374588610604e-05,2.3107771696118107e-08,0.24208690226078033,
ZP100,best,130,decoder.layers.3.self_attn.in_proj_bias,decoder,1536,True,0,True,52065.0,4.6017223212402314e-05,5.964289329085659e-08,0.20150791108608246,
ZP100,best,131,decoder.layers.3.self_attn.out_proj.weight,decoder,262144,True,0,True,52065.0,3.225896580261178e-05,1.7951906627899916e-08,0.24283483624458313,
ZP100,best,132,decoder.layers.3.self_attn.out_proj.bias,decoder,512,True,0,True,52065.0,7.793877739459276e-05,1.0635344693810111e-07,0.2401900440454483,
ZP100,best,133,decoder.layers.3.multihead_attn.in_proj_weight,decoder,786432,True,0,True,52065.0,5.0806644139811397e-05,5.518003831639362e-08,0.2418203055858612,
ZP100,best,134,decoder.layers.3.multihead_attn.in_proj_bias,decoder,1536,True,0,True,52065.0,5.035214780946262e-05,6.366578020333691e-08,0.19352948665618896,
ZP100,best,135,decoder.layers.3.multihead_attn.out_proj.weight,decoder,262144,True,0,True,52065.0,5.523264917428605e-05,5.476339381971229e-08,0.24065278470516205,
ZP100,best,136,decoder.layers.3.multihead_attn.out_proj.bias,decoder,512,True,0,True,52065.0,7.372671097982675e-05,9.448100257714032e-08,0.24045304954051971,
ZP100,best,137,decoder.layers.3.linear1.weight,decoder,1048576,True,0,True,52065.0,2.876714279409498e-05,1.4280521654086442e-08,0.2440815418958664,
ZP100,best,138,decoder.layers.3.linear1.bias,decoder,2048,True,0,True,52065.0,2.8661781470873393e-05,1.4098862521905176e-08,0.2425413727760315,
ZP100,best,139,decoder.layers.3.linear2.weight,decoder,1048576,True,0,True,52065.0,2.549245982663706e-05,1.1173025171729023e-08,0.2457941472530365,
ZP100,best,140,decoder.layers.3.linear2.bias,decoder,512,True,0,True,52065.0,7.79366455390118e-05,1.0456049892582087e-07,0.24017156660556793,
ZP100,best,141,decoder.layers.3.norm1.weight,decoder,512,True,0,True,52065.0,8.858973887981847e-05,1.264240410137063e-07,0.248550683259964,
ZP100,best,142,decoder.layers.3.norm1.bias,decoder,512,True,0,True,52065.0,8.308937685796991e-05,1.171150074696925e-07,0.2444896548986435,
ZP100,best,143,decoder.layers.3.norm2.weight,decoder,512,True,0,True,52065.0,9.21532409847714e-05,1.4213912891136715e-07,0.2455822378396988,
ZP100,best,144,decoder.layers.3.norm2.bias,decoder,512,True,0,True,52065.0,8.73415483511053e-05,1.333545753823273e-07,0.23989169299602509,
ZP100,best,145,decoder.layers.3.norm3.weight,decoder,512,True,0,True,52065.0,9.47730804909952e-05,1.405981464586148e-07,0.2557682693004608,
ZP100,best,146,decoder.layers.3.norm3.bias,decoder,512,True,0,True,52065.0,9.003968443721533e-05,1.377789686785036e-07,0.24154531955718994,
ZP100,best,147,decoder.layers.4.self_attn.in_proj_weight,decoder,786432,True,0,True,52065.0,3.408186603337526e-05,2.519946562529185e-08,0.24564522504806519,
ZP100,best,148,decoder.layers.4.self_attn.in_proj_bias,decoder,1536,True,0,True,52065.0,4.9024110921891406e-05,5.850573003840509e-08,0.21448427438735962,
ZP100,best,149,decoder.layers.4.self_attn.out_proj.weight,decoder,262144,True,0,True,52065.0,3.2779727916931733e-05,1.864591503419888e-08,0.24247601628303528,
ZP100,best,150,decoder.layers.4.self_attn.out_proj.bias,decoder,512,True,0,True,52065.0,8.077413076534867e-05,1.0202970912587261e-07,0.253343790769577,
ZP100,best,151,decoder.layers.4.multihead_attn.in_proj_weight,decoder,786432,True,0,True,52065.0,5.0657163228606805e-05,5.362043253853699e-08,0.24515454471111298,
ZP100,best,152,decoder.layers.4.multihead_attn.in_proj_bias,decoder,1536,True,0,True,52065.0,5.218312799115665e-05,6.007787334283421e-08,0.21162714064121246,
ZP100,best,153,decoder.layers.4.multihead_attn.out_proj.weight,decoder,262144,True,0,True,52065.0,5.34214086655993e-05,5.16522646876183e-08,0.24007761478424072,
ZP100,best,154,decoder.layers.4.multihead_attn.out_proj.bias,decoder,512,True,0,True,52065.0,7.205025030998513e-05,9.012080681713996e-08,0.23868022859096527,
ZP100,best,155,decoder.layers.4.linear1.weight,decoder,1048576,True,0,True,52065.0,2.8403441319824196e-05,1.433929064376116e-08,0.24285271763801575,
ZP100,best,156,decoder.layers.4.linear1.bias,decoder,2048,True,0,True,52065.0,2.9046352210571058e-05,1.3700567791374851e-08,0.2501811385154724,
ZP100,best,157,decoder.layers.4.linear2.weight,decoder,1048576,True,0,True,52065.0,2.3627375412615947e-05,9.969449266122865e-09,0.24266883730888367,
ZP100,best,158,decoder.layers.4.linear2.bias,decoder,512,True,0,True,52065.0,7.118815847206861e-05,9.840338321964737e-08,0.2256922721862793,
ZP100,best,159,decoder.layers.4.norm1.weight,decoder,512,True,0,True,52065.0,8.752007124712691e-05,1.2418067285580037e-07,0.24685759842395782,
ZP100,best,160,decoder.layers.4.norm1.bias,decoder,512,True,0,True,52065.0,8.547157631255686e-05,1.1292056711909026e-07,0.2542758584022522,
ZP100,best,161,decoder.layers.4.norm2.weight,decoder,512,True,0,True,52065.0,9.549203241476789e-05,1.392658646182099e-07,0.25335806608200073,
ZP100,best,162,decoder.layers.4.norm2.bias,decoder,512,True,0,True,52065.0,8.573677041567862e-05,1.2838313523388933e-07,0.2378321886062622,
ZP100,best,163,decoder.layers.4.norm3.weight,decoder,512,True,0,True,52065.0,9.35857169679366e-05,1.377455021156493e-07,0.2512929141521454,
ZP100,best,164,decoder.layers.4.norm3.bias,decoder,512,True,0,True,52065.0,8.106446330202743e-05,1.2917406877477333e-07,0.22393515706062317,
ZP100,best,165,decoder.layers.5.self_attn.in_proj_weight,decoder,786432,True,0,True,52065.0,4.039512714371085e-05,3.414491089870353e-08,0.24418775737285614,
ZP100,best,166,decoder.layers.5.self_attn.in_proj_bias,decoder,1536,True,0,True,52065.0,4.209193866699934e-05,5.7583875445743615e-08,0.1955403983592987,
ZP100,best,167,decoder.layers.5.self_attn.out_proj.weight,decoder,262144,True,0,True,52065.0,3.1630122975911945e-05,1.8833475223800633e-08,0.2357359528541565,
ZP100,best,168,decoder.layers.5.self_attn.out_proj.bias,decoder,512,True,0,True,52065.0,6.699126242892817e-05,8.833481501824281e-08,0.22574655711650848,
ZP100,best,169,decoder.layers.5.multihead_attn.in_proj_weight,decoder,786432,True,0,True,52065.0,4.5209439122118056e-05,4.758564031703827e-08,0.23633335530757904,
ZP100,best,170,decoder.layers.5.multihead_attn.in_proj_bias,decoder,1536,True,0,True,52065.0,4.630524563253857e-05,6.004607655540894e-08,0.1781918704509735,
ZP100,best,171,decoder.layers.5.multihead_attn.out_proj.weight,decoder,262144,True,0,True,52065.0,4.79028640256729e-05,4.150967569671593e-08,0.24073649942874908,
ZP100,best,172,decoder.layers.5.multihead_attn.out_proj.bias,decoder,512,True,0,True,52065.0,7.327776256715879e-05,9.371175480055172e-08,0.23934046924114227,
ZP100,best,173,decoder.layers.5.linear1.weight,decoder,1048576,True,0,True,52065.0,3.167602335452102e-05,2.1357752899575644e-08,0.24245843291282654,
ZP100,best,174,decoder.layers.5.linear1.bias,decoder,2048,True,0,True,52065.0,2.9589955374831334e-05,1.830396456625749e-08,0.24274449050426483,
ZP100,best,175,decoder.layers.5.linear2.weight,decoder,1048576,True,0,True,52065.0,1.9082113794866018e-05,7.1682313418364174e-09,0.23960743844509125,
ZP100,best,176,decoder.layers.5.linear2.bias,decoder,512,True,0,True,52065.0,7.255685341078788e-05,9.810445789071309e-08,0.2318398356437683,
ZP100,best,177,decoder.layers.5.norm1.weight,decoder,512,True,0,True,52065.0,8.099079423118383e-05,1.1660557674986194e-07,0.2439109832048416,
ZP100,best,178,decoder.layers.5.norm1.bias,decoder,512,True,0,True,52065.0,7.48862003092654e-05,1.066124184490036e-07,0.22948744893074036,
ZP100,best,179,decoder.layers.5.norm2.weight,decoder,512,True,0,True,52065.0,9.496172424405813e-05,1.4917837631855946e-07,0.25185728073120117,
ZP100,best,180,decoder.layers.5.norm2.bias,decoder,512,True,0,True,52065.0,9.203053923556581e-05,1.3973648549381323e-07,0.24553829431533813,
ZP100,best,181,decoder.layers.5.norm3.weight,decoder,512,True,0,True,52065.0,9.10543676582165e-05,1.503242827993745e-07,0.2427014708518982,
ZP100,best,182,decoder.layers.5.norm3.bias,decoder,512,True,0,True,52065.0,8.127421460812911e-05,1.188616423064559e-07,0.23491284251213074,
ZP100,best,183,decoder.norm.weight,decoder,512,True,0,True,52065.0,9.37961958697997e-05,1.5824535637420922e-07,0.24354538321495056,
ZP100,best,184,decoder.norm.bias,decoder,512,True,0,True,52065.0,7.940279465401545e-05,1.1955613388181519e-07,0.22915177047252655,
ZP100,best,185,edos_out_head.layers.0.weight,spectrum_heads,1536,True,0,True,52065.0,0.0024085259065032005,7.806773646734655e-05,0.27128008008003235,
ZP100,best,186,edos_out_head.layers.0.bias,spectrum_heads,1,True,0,True,52065.0,3.0848521515025595e-09,4.28365075505691e-16,0.1004936695098877,
ZP100,best,187,phdos_out_head.layers.0.weight,spectrum_heads,2359296,True,0,True,52065.0,5.440685345092788e-05,6.157931409234152e-08,0.23377348482608795,
ZP100,best,188,phdos_out_head.layers.0.bias,spectrum_heads,1536,True,0,True,52065.0,5.2082814363529906e-05,5.40329239129278e-08,0.2349420040845871,
ZP100,best,189,phdos_out_head.layers.2.weight,spectrum_heads,7077888,True,0,True,52065.0,3.845150422421284e-05,7.09291754219521e-08,0.225955069065094,
ZP100,best,190,phdos_out_head.layers.2.bias,spectrum_heads,1536,True,0,True,52065.0,9.056829003384337e-05,1.9931451333832229e-07,0.22826148569583893,
ZP100,best,191,phdos_out_head.layers.4.weight,spectrum_heads,7077888,True,0,True,52065.0,1.5361640180344693e-05,6.352733805670141e-08,0.18644919991493225,
ZP100,best,192,phdos_out_head.layers.4.bias,spectrum_heads,1536,True,0,True,52065.0,3.271710374974646e-05,6.213556957845867e-08,0.1814013570547104,
ZP100,best,193,phdos_out_head.layers.6.weight,spectrum_heads,7077888,True,0,True,52065.0,7.63981370255351e-06,1.4638563250457537e-08,0.14268560707569122,
ZP100,best,194,phdos_out_head.layers.6.bias,spectrum_heads,1536,True,0,True,52065.0,4.091827941010706e-05,1.055024867469001e-07,0.1787690967321396,
ZP100,best,195,phdos_out_head.layers.8.weight,spectrum_heads,7077888,True,0,True,52065.0,3.376602762727998e-06,1.655552472890065e-09,0.15629613399505615,
ZP100,best,196,phdos_out_head.layers.8.bias,spectrum_heads,1536,True,0,True,52065.0,2.2647431251243688e-05,1.6706017902379244e-08,0.2231013923883438,
ZP100,best,197,phdos_out_head.layers.10.weight,spectrum_heads,4608,True,0,True,52065.0,0.00046917650615796447,4.439915755938273e-06,0.24160468578338623,
ZP100,best,198,phdos_out_head.layers.10.bias,spectrum_heads,1,True,0,True,52065.0,1.5567845679242964e-08,7.659463773345278e-16,0.4132061302661896,
ZP100,latest,0,edos_query_embed,other,65536,True,0,True,58500.0,6.449855391110759e-06,6.94857504868196e-10,0.2607189118862152,
ZP100,latest,1,edos_tgt,other,65536,True,0,True,58500.0,7.971479499246925e-05,1.1374199004876573e-07,0.25546693801879883,
ZP100,latest,2,phdos_query_embed,other,32768,True,0,True,58500.0,6.223744094313588e-06,6.727603474310229e-10,0.2517876923084259,
ZP100,latest,3,phdos_tgt,other,32768,True,0,True,58500.0,7.567770808236673e-05,1.0278601081381566e-07,0.2430439442396164,
ZP100,latest,4,eta_head.mlp.0.weight,scale_head,65536,True,0,True,58500.0,3.0429577236645855e-05,2.7856629003508715e-08,0.2009197622537613,
ZP100,latest,5,eta_head.mlp.0.bias,scale_head,128,True,0,True,58500.0,5.559585042647086e-05,4.81722821632502e-08,0.24908564984798431,
ZP100,latest,6,eta_head.mlp.2.weight,scale_head,8192,True,0,True,58500.0,7.415531581500545e-05,2.148929070244776e-07,0.20153814554214478,
ZP100,latest,7,eta_head.mlp.2.bias,scale_head,64,True,0,True,58500.0,0.00011178028216818348,2.2526745624418254e-07,0.24134467542171478,
ZP100,latest,8,eta_head.mlp.4.weight,scale_head,128,True,0,True,58500.0,0.00035036029294133186,4.082999112142716e-06,0.20320138335227966,
ZP100,latest,9,eta_head.mlp.4.bias,scale_head,2,True,0,True,58500.0,0.0007884945953264832,5.805115051771281e-06,0.3004836142063141,
ZP100,latest,10,tok_emb.weight,tok_emb,60416,True,0,True,58500.0,6.322487752186134e-05,2.1791359472445038e-07,0.20331040024757385,
ZP100,latest,11,atom_norm.weight,atom_norm,512,True,0,True,58500.0,4.044401066494174e-05,3.868906972570585e-08,0.236653670668602,
ZP100,latest,12,atom_norm.bias,atom_norm,512,True,0,True,58500.0,3.676987034850754e-05,2.9106706378456693e-08,0.23285114765167236,
ZP100,latest,13,atom_proj.weight,atom_proj,262144,True,0,True,58500.0,3.50536429323256e-05,2.4922051977682713e-08,0.24679289758205414,
ZP100,latest,14,atom_proj.bias,atom_proj,512,True,0,True,58500.0,3.252751048421487e-05,2.3768095047671522e-08,0.23082616925239563,
ZP100,latest,15,encoder.layers.0.rp_proj.weight,encoder.layer0.rp_proj,294912,True,0,True,58500.0,6.4040773395390715e-06,6.4276726163825515e-09,0.1958395540714264,
ZP100,latest,16,encoder.layers.0.rp_proj.bias,encoder.layer0.rp_proj,512,True,0,True,58500.0,2.0940154124571286e-11,8.608418551638208e-21,0.00207549799233675,
ZP100,latest,17,encoder.layers.0.linear1.weight,encoder.layer0.other,1048576,True,0,True,58500.0,9.680774383014068e-06,1.6471370933857088e-09,0.25905439257621765,
ZP100,latest,18,encoder.layers.0.linear1.bias,encoder.layer0.other,2048,True,0,True,58500.0,9.548575690132566e-06,1.6194817709092035e-09,0.24860796332359314,
ZP100,latest,19,encoder.layers.0.linear2.weight,encoder.layer0.other,1048576,True,0,True,58500.0,9.84706093731802e-06,2.3303201590607614e-09,0.2569526433944702,
ZP100,latest,20,encoder.layers.0.linear2.bias,encoder.layer0.other,512,True,0,True,58500.0,2.7281386792310514e-05,1.4399375913853873e-08,0.23873235285282135,
ZP100,latest,21,encoder.layers.0.norm1.weight,encoder.layer0.other,512,True,0,True,58500.0,3.678604480228387e-05,2.90646244849313e-08,0.24560679495334625,
ZP100,latest,22,encoder.layers.0.norm1.bias,encoder.layer0.other,512,True,0,True,58500.0,3.284435297246091e-05,2.0727551230947938e-08,0.23832212388515472,
ZP100,latest,23,encoder.layers.0.norm2.weight,encoder.layer0.other,512,True,0,True,58500.0,5.106063326820731e-05,6.355287496262463e-08,0.2508055865764618,
ZP100,latest,24,encoder.layers.0.norm2.bias,encoder.layer0.other,512,True,0,True,58500.0,4.167485167272389e-05,3.339512844036108e-08,0.23965567350387573,
ZP100,latest,25,encoder.layers.1.rp_proj.weight,encoder.layer1.rp_proj,294912,True,0,True,58500.0,7.584711966046598e-06,8.640760995604069e-09,0.22141122817993164,
ZP100,latest,26,encoder.layers.1.rp_proj.bias,encoder.layer1.rp_proj,512,True,0,True,58500.0,2.2275029043505867e-11,1.2860826449389746e-20,0.002207098761573434,
ZP100,latest,27,encoder.layers.1.linear1.weight,encoder.layer1.other,1048576,True,0,True,58500.0,1.0059036867460236e-05,1.923902370748465e-09,0.25646764039993286,
ZP100,latest,28,encoder.layers.1.linear1.bias,encoder.layer1.other,2048,True,0,True,58500.0,9.653040251578204e-06,1.8499929366200263e-09,0.24486088752746582,
ZP100,latest,29,encoder.layers.1.linear2.weight,encoder.layer1.other,1048576,True,0,True,58500.0,1.0478088370291516e-05,3.3621678774409247e-09,0.25509512424468994,
ZP100,latest,30,encoder.layers.1.linear2.bias,encoder.layer1.other,512,True,0,True,58500.0,3.3754829928511754e-05,2.0529894229071033e-08,0.24573062360286713,
ZP100,latest,31,encoder.layers.1.norm1.weight,encoder.layer1.other,512,True,0,True,58500.0,4.521707523963414e-05,5.284279325223906e-08,0.2542071044445038,
ZP100,latest,32,encoder.layers.1.norm1.bias,encoder.layer1.other,512,True,0,True,58500.0,3.7810659705428407e-05,2.6747269288307507e-08,0.23988701403141022,
ZP100,latest,33,encoder.layers.1.norm2.weight,encoder.layer1.other,512,True,0,True,58500.0,5.945363227510825e-05,9.125798783315986e-08,0.24937278032302856,
ZP100,latest,34,encoder.layers.1.norm2.bias,encoder.layer1.other,512,True,0,True,58500.0,5.012569090467878e-05,4.6272464970797955e-08,0.24605907499790192,
ZP100,latest,35,encoder.layers.2.rp_proj.weight,encoder.layer2.rp_proj,294912,True,0,True,58500.0,9.592426977178548e-06,1.722692388739233e-08,0.22529253363609314,
ZP100,latest,36,encoder.layers.2.rp_proj.bias,encoder.layer2.rp_proj,512,True,0,True,58500.0,2.2253452552911668e-11,8.929618276488804e-21,0.0022047634702175856,
ZP100,latest,37,encoder.layers.2.linear1.weight,encoder.layer2.other,1048576,True,0,True,58500.0,1.2031361620756797e-05,2.6922228890668976e-09,0.25551682710647583,
ZP100,latest,38,encoder.layers.2.linear1.bias,encoder.layer2.other,2048,True,0,True,58500.0,1.2260594303370453e-05,2.557698719485302e-09,0.2511111795902252,
ZP100,latest,39,encoder.layers.2.linear2.weight,encoder.layer2.other,1048576,True,0,True,58500.0,1.2256295121915173e-05,3.6433773775712552e-09,0.253424733877182,
ZP100,latest,40,encoder.layers.2.linear2.bias,encoder.layer2.other,512,True,0,True,58500.0,4.1874962334986776e-05,2.9118760735968863e-08,0.25744929909706116,
ZP100,latest,41,encoder.layers.2.norm1.weight,encoder.layer2.other,512,True,0,True,58500.0,5.0061145884683356e-05,4.8865722135360556e-08,0.2528132498264313,
ZP100,latest,42,encoder.layers.2.norm1.bias,encoder.layer2.other,512,True,0,True,58500.0,4.6273005864350125e-05,3.7123314200471214e-08,0.2471207231283188,
ZP100,latest,43,encoder.layers.2.norm2.weight,encoder.layer2.other,512,True,0,True,58500.0,6.911070522619411e-05,9.008348911265784e-08,0.2566516697406769,
ZP100,latest,44,encoder.layers.2.norm2.bias,encoder.layer2.other,512,True,0,True,58500.0,6.30432550678961e-05,6.696517829141158e-08,0.25645288825035095,
ZP100,latest,45,encoder.layers.3.rp_proj.weight,encoder.layer3.rp_proj,294912,True,0,True,58500.0,1.1939090654777829e-05,2.0744307605014e-08,0.23512163758277893,
ZP100,latest,46,encoder.layers.3.rp_proj.bias,encoder.layer3.rp_proj,512,True,0,True,58500.0,2.399232548744301e-11,9.765017380791944e-21,0.002375692827627063,
ZP100,latest,47,encoder.layers.3.linear1.weight,encoder.layer3.other,1048576,True,0,True,58500.0,1.44609866765677e-05,3.947303373053046e-09,0.24724337458610535,
ZP100,latest,48,encoder.layers.3.linear1.bias,encoder.layer3.other,2048,True,0,True,58500.0,1.4609597201342694e-05,3.847957508185118e-09,0.24606801569461823,
ZP100,latest,49,encoder.layers.3.linear2.weight,encoder.layer3.other,1048576,True,0,True,58500.0,1.4333642866404261e-05,4.016684318486341e-09,0.24764786660671234,
ZP100,latest,50,encoder.layers.3.linear2.bias,encoder.layer3.other,512,True,0,True,58500.0,4.813291525351815e-05,3.931552328140242e-08,0.2460605502128601,
ZP100,latest,51,encoder.layers.3.norm1.weight,encoder.layer3.other,512,True,0,True,58500.0,5.765620153397322e-05,5.6706994655542076e-08,0.24895040690898895,
ZP100,latest,52,encoder.layers.3.norm1.bias,encoder.layer3.other,512,True,0,True,58500.0,5.634942863252945e-05,5.296939065146944e-08,0.2506018280982971,
ZP100,latest,53,encoder.layers.3.norm2.weight,encoder.layer3.other,512,True,0,True,58500.0,7.764268229948357e-05,1.0002640493667059e-07,0.25295060873031616,
ZP100,latest,54,encoder.layers.3.norm2.bias,encoder.layer3.other,512,True,0,True,58500.0,7.438020111294463e-05,8.983142407714695e-08,0.25148430466651917,
ZP100,latest,55,encoder.layers.4.rp_proj.weight,encoder.layer4.rp_proj,294912,True,0,True,58500.0,9.329963177151512e-06,4.1300411979250384e-09,0.2317376583814621,
ZP100,latest,56,encoder.layers.4.rp_proj.bias,encoder.layer4.rp_proj,512,True,0,True,58500.0,2.161141925138832e-11,9.559805503044902e-21,0.002139818388968706,
ZP100,latest,57,encoder.layers.4.linear1.weight,encoder.layer4.other,1048576,True,0,True,58500.0,1.8106251445715316e-05,6.0011569047446756e-09,0.2469782680273056,
ZP100,latest,58,encoder.layers.4.linear1.bias,encoder.layer4.other,2048,True,0,True,58500.0,1.8340237147640437e-05,5.690969473448604e-09,0.24913080036640167,
ZP100,latest,59,encoder.layers.4.linear2.weight,encoder.layer4.other,1048576,True,0,True,58500.0,1.839821197791025e-05,6.285938880523645e-09,0.2471279352903366,
ZP100,latest,60,encoder.layers.4.linear2.bias,encoder.layer4.other,512,True,0,True,58500.0,6.080143430153839e-05,6.050392187262332e-08,0.25001928210258484,
ZP100,latest,61,encoder.layers.4.norm1.weight,encoder.layer4.other,512,True,0,True,58500.0,7.164963608374819e-05,8.414193075623189e-08,0.2515765130519867,
ZP100,latest,62,encoder.layers.4.norm1.bias,encoder.layer4.other,512,True,0,True,58500.0,6.916565325809643e-05,7.951017266805138e-08,0.24804361164569855,
ZP100,latest,63,encoder.layers.4.norm2.weight,encoder.layer4.other,512,True,0,True,58500.0,9.775217768037692e-05,1.5380143736365426e-07,0.25310611724853516,
ZP100,latest,64,encoder.layers.4.norm2.bias,encoder.layer4.other,512,True,0,True,58500.0,9.455566032556817e-05,1.4339326526169316e-07,0.25200995802879333,
ZP100,latest,65,encoder.layers.5.rp_proj.weight,encoder.layer5.rp_proj,294912,True,0,True,58500.0,7.418828317895532e-06,4.169656619978923e-09,0.22274261713027954,
ZP100,latest,66,encoder.layers.5.rp_proj.bias,encoder.layer5.rp_proj,512,True,0,True,58500.0,2.8217907177552348e-11,1.0893206917989744e-20,0.0027910599019378424,
ZP100,latest,67,encoder.layers.5.linear1.weight,encoder.layer5.other,1048576,True,0,True,58500.0,2.5777844712138176e-05,1.1681555278642008e-08,0.24945221841335297,
ZP100,latest,68,encoder.layers.5.linear1.bias,encoder.layer5.other,2048,True,0,True,58500.0,2.5513018044875935e-05,1.0924440019266513e-08,0.24849186837673187,
ZP100,latest,69,encoder.layers.5.linear2.weight,encoder.layer5.other,1048576,True,0,True,58500.0,2.8613043468794785e-05,1.6389700263630402e-08,0.2483399361371994,
ZP100,latest,70,encoder.layers.5.linear2.bias,encoder.layer5.other,512,True,0,True,58500.0,7.777111750328913e-05,1.0323012844537516e-07,0.24366691708564758,
ZP100,latest,71,encoder.layers.5.norm1.weight,encoder.layer5.other,512,True,0,True,58500.0,9.620832861401141e-05,1.4346436216783331e-07,0.25697532296180725,
ZP100,latest,72,encoder.layers.5.norm1.bias,encoder.layer5.other,512,True,0,True,58500.0,9.050071821548045e-05,1.3451328584324074e-07,0.24893616139888763,
ZP100,latest,73,encoder.layers.5.norm2.weight,encoder.layer5.other,512,True,0,True,58500.0,0.00014881887182127684,3.6982891060688416e-07,0.2463465929031372,
ZP100,latest,74,encoder.layers.5.norm2.bias,encoder.layer5.other,512,True,0,True,58500.0,0.00013582497194875032,3.213009733826766e-07,0.24136103689670563,
ZP100,latest,75,decoder.layers.0.self_attn.in_proj_weight,decoder,786432,True,0,True,58500.0,3.7645045267709065e-06,6.855824796758725e-10,0.2337333858013153,
ZP100,latest,76,decoder.layers.0.self_attn.in_proj_bias,decoder,1536,True,0,True,58500.0,0.0007118471548892558,1.5438859918504022e-05,0.2009049952030182,
ZP100,latest,77,decoder.layers.0.self_attn.out_proj.weight,decoder,262144,True,0,True,58500.0,3.0031885671633063e-06,3.8027439530630147e-10,0.24206770956516266,
ZP100,latest,78,decoder.layers.0.self_attn.out_proj.bias,decoder,512,True,0,True,58500.0,0.0016137141501531005,4.1027476981980726e-05,0.2505464553833008,
ZP100,latest,79,decoder.layers.0.multihead_attn.in_proj_weight,decoder,786432,True,0,True,58500.0,4.352823452791199e-05,3.541858717426294e-08,0.24643263220787048,
ZP100,latest,80,decoder.layers.0.multihead_attn.in_proj_bias,decoder,1536,True,0,True,58500.0,6.229264545254409e-05,7.119542289046876e-08,0.21380792558193207,
ZP100,latest,81,decoder.layers.0.multihead_attn.out_proj.weight,decoder,262144,True,0,True,58500.0,4.928286944050342e-05,3.839984685782838e-08,0.25435981154441833,
ZP100,latest,82,decoder.layers.0.multihead_attn.out_proj.bias,decoder,512,True,0,True,58500.0,7.255089440150186e-05,8.311322119425313e-08,0.25140485167503357,
ZP100,latest,83,decoder.layers.0.linear1.weight,decoder,1048576,True,0,True,58500.0,2.0579376723617315e-05,6.7252745594714725e-09,0.2525835335254669,
ZP100,latest,84,decoder.layers.0.linear1.bias,decoder,2048,True,0,True,58500.0,2.359659811190795e-05,9.047182558674649e-09,0.24771098792552948,
ZP100,latest,85,decoder.layers.0.linear2.weight,decoder,1048576,True,0,True,58500.0,1.892140062409453e-05,5.7735105585265956e-09,0.25195783376693726,
ZP100,latest,86,decoder.layers.0.linear2.bias,decoder,512,True,0,True,58500.0,7.598214142490178e-05,8.936184769936517e-08,0.2532021701335907,
ZP100,latest,87,decoder.layers.0.norm1.weight,decoder,512,True,0,True,58500.0,6.280986417550594e-05,6.90072781139861e-08,0.24706467986106873,
ZP100,latest,88,decoder.layers.0.norm1.bias,decoder,512,True,0,True,58500.0,9.01968523976393e-05,1.3243980845345504e-07,0.24752025306224823,
ZP100,latest,89,decoder.layers.0.norm2.weight,decoder,512,True,0,True,58500.0,7.200172694865614e-05,8.414500030085037e-08,0.24847915768623352,
ZP100,latest,90,decoder.layers.0.norm2.bias,decoder,512,True,0,True,58500.0,8.597425767220557e-05,1.1813140332606054e-07,0.2495317906141281,
ZP100,latest,91,decoder.layers.0.norm3.weight,decoder,512,True,0,True,58500.0,7.478923362214118e-05,8.753625024837675e-08,0.2508682906627655,
ZP100,latest,92,decoder.layers.0.norm3.bias,decoder,512,True,0,True,58500.0,9.131220576819032e-05,1.332481787130746e-07,0.2494451403617859,
ZP100,latest,93,decoder.layers.1.self_attn.in_proj_weight,decoder,786432,True,0,True,58500.0,2.0516008589765988e-05,9.86654313805957e-09,0.26080718636512756,
ZP100,latest,94,decoder.layers.1.self_attn.in_proj_bias,decoder,1536,True,0,True,58500.0,4.6291293983813375e-05,5.242639034008789e-08,0.20714321732521057,
ZP100,latest,95,decoder.layers.1.self_attn.out_proj.weight,decoder,262144,True,0,True,58500.0,2.1949936126475222e-05,7.705710736161109e-09,0.25256654620170593,
ZP100,latest,96,decoder.layers.1.self_attn.out_proj.bias,decoder,512,True,0,True,58500.0,8.029623859329149e-05,9.577914283909195e-08,0.2570488452911377,
ZP100,latest,97,decoder.layers.1.multihead_attn.in_proj_weight,decoder,786432,True,0,True,58500.0,5.1243212510598823e-05,4.448015289426621e-08,0.25894686579704285,
ZP100,latest,98,decoder.layers.1.multihead_attn.in_proj_bias,decoder,1536,True,0,True,58500.0,5.767377297161147e-05,5.4358473278171004e-08,0.2375442236661911,
ZP100,latest,99,decoder.layers.1.multihead_attn.out_proj.weight,decoder,262144,True,0,True,58500.0,5.679146488546394e-05,4.955685994900705e-08,0.25735002756118774,
ZP100,latest,100,decoder.layers.1.multihead_attn.out_proj.bias,decoder,512,True,0,True,58500.0,7.029897824395448e-05,7.466896079222352e-08,0.25436997413635254,
ZP100,latest,101,decoder.layers.1.linear1.weight,decoder,1048576,True,0,True,58500.0,2.4738254069234245e-05,9.628655206483927e-09,0.2537907063961029,
ZP100,latest,102,decoder.layers.1.linear1.bias,decoder,2048,True,0,True,58500.0,2.6579307814245112e-05,1.0596347799207706e-08,0.25763919949531555,
ZP100,latest,103,decoder.layers.1.linear2.weight,decoder,1048576,True,0,True,58500.0,2.2595393602387048e-05,8.182450272897768e-09,0.2523784637451172,
ZP100,latest,104,decoder.layers.1.linear2.bias,decoder,512,True,0,True,58500.0,7.46916193747893e-05,8.781514537758994e-08,0.2494787722826004,
ZP100,latest,105,decoder.layers.1.norm1.weight,decoder,512,True,0,True,58500.0,7.820824976079166e-05,9.13300937099848e-08,0.25937125086784363,
ZP100,latest,106,decoder.layers.1.norm1.bias,decoder,512,True,0,True,58500.0,8.384612010559067e-05,1.0678866857460889e-07,0.25484052300453186,
ZP100,latest,107,decoder.layers.1.norm2.weight,decoder,512,True,0,True,58500.0,8.045693539315835e-05,1.0413900497496797e-07,0.24796484410762787,
ZP100,latest,108,decoder.layers.1.norm2.bias,decoder,512,True,0,True,58500.0,8.697228622622788e-05,1.119144314998266e-07,0.25676217675209045,
ZP100,latest,109,decoder.layers.1.norm3.weight,decoder,512,True,0,True,58500.0,8.250108658103272e-05,1.0874301636931705e-07,0.24881629645824432,
ZP100,latest,110,decoder.layers.1.norm3.bias,decoder,512,True,0,True,58500.0,8.849638106767088e-05,1.257000405985309e-07,0.24699313938617706,
ZP100,latest,111,decoder.layers.2.self_attn.in_proj_weight,decoder,786432,True,0,True,58500.0,2.7506643164088018e-05,1.694917095562687e-08,0.2616068422794342,
ZP100,latest,112,decoder.layers.2.self_attn.in_proj_bias,decoder,1536,True,0,True,58500.0,4.2553529056021944e-05,5.260977076204654e-08,0.20010840892791748,
ZP100,latest,113,decoder.layers.2.self_attn.out_proj.weight,decoder,262144,True,0,True,58500.0,2.8246520741959102e-05,1.2974354923755982e-08,0.24973520636558533,
ZP100,latest,114,decoder.layers.2.self_attn.out_proj.bias,decoder,512,True,0,True,58500.0,7.641081174369901e-05,9.539329681729214e-08,0.2466050535440445,
ZP100,latest,115,decoder.layers.2.multihead_attn.in_proj_weight,decoder,786432,True,0,True,58500.0,5.1797524065477774e-05,4.8825295806409486e-08,0.2608893811702728,
ZP100,latest,116,decoder.layers.2.multihead_attn.in_proj_bias,decoder,1536,True,0,True,58500.0,5.189940202399157e-05,5.727894958340585e-08,0.20452381670475006,
ZP100,latest,117,decoder.layers.2.multihead_attn.out_proj.weight,decoder,262144,True,0,True,58500.0,5.718907414120622e-05,5.1924434529837526e-08,0.2539699673652649,
ZP100,latest,118,decoder.layers.2.multihead_attn.out_proj.bias,decoder,512,True,0,True,58500.0,7.56754816393368e-05,8.418710706337151e-08,0.2612588107585907,
ZP100,latest,119,decoder.layers.2.linear1.weight,decoder,1048576,True,0,True,58500.0,2.707283965719398e-05,1.1775891373133618e-08,0.25079312920570374,
ZP100,latest,120,decoder.layers.2.linear1.bias,decoder,2048,True,0,True,58500.0,2.833012695191428e-05,1.2221324396932687e-08,0.25617438554763794,
ZP100,latest,121,decoder.layers.2.linear2.weight,decoder,1048576,True,0,True,58500.0,2.441013384668622e-05,9.663105871027255e-09,0.25067102909088135,
ZP100,latest,122,decoder.layers.2.linear2.bias,decoder,512,True,0,True,58500.0,8.178591087926179e-05,9.600940131804236e-08,0.26346951723098755,
ZP100,latest,123,decoder.layers.2.norm1.weight,decoder,512,True,0,True,58500.0,8.18644039100036e-05,1.0551349305387703e-07,0.2502310574054718,
ZP100,latest,124,decoder.layers.2.norm1.bias,decoder,512,True,0,True,58500.0,8.124097075778991e-05,1.0629905489167868e-07,0.24785000085830688,
ZP100,latest,125,decoder.layers.2.norm2.weight,decoder,512,True,0,True,58500.0,9.221061191055924e-05,1.2196697696253977e-07,0.2649030387401581,
ZP100,latest,126,decoder.layers.2.norm2.bias,decoder,512,True,0,True,58500.0,9.048656647792086e-05,1.20519274560138e-07,0.26119062304496765,
ZP100,latest,127,decoder.layers.2.norm3.weight,decoder,512,True,0,True,58500.0,9.0819361503236e-05,1.2379140912344155e-07,0.25968754291534424,
ZP100,latest,128,decoder.layers.2.norm3.bias,decoder,512,True,0,True,58500.0,9.565884101903066e-05,1.3006591359498998e-07,0.2657603621482849,
ZP100,latest,129,decoder.layers.3.self_attn.in_proj_weight,decoder,786432,True,0,True,58500.0,3.206256224075332e-05,2.1259614513269298e-08,0.26731711626052856,
ZP100,latest,130,decoder.layers.3.self_attn.in_proj_bias,decoder,1536,True,0,True,58500.0,4.8179816076299176e-05,5.604940156445082e-08,0.22070862352848053,
ZP100,latest,131,decoder.layers.3.self_attn.out_proj.weight,decoder,262144,True,0,True,58500.0,3.2647731131874025e-05,1.6461582319493573e-08,0.255206435918808,
ZP100,latest,132,decoder.layers.3.self_attn.out_proj.bias,decoder,512,True,0,True,58500.0,7.856318552512676e-05,9.934858269389224e-08,0.2477022409439087,
ZP100,latest,133,decoder.layers.3.multihead_attn.in_proj_weight,decoder,786432,True,0,True,58500.0,5.23692651768215e-05,5.014732806785105e-08,0.259653776884079,
ZP100,latest,134,decoder.layers.3.multihead_attn.in_proj_bias,decoder,1536,True,0,True,58500.0,5.132551086717285e-05,5.99302154569159e-08,0.2096567004919052,
ZP100,latest,135,decoder.layers.3.multihead_attn.out_proj.weight,decoder,262144,True,0,True,58500.0,5.510355913429521e-05,4.973313849632177e-08,0.2500349283218384,
ZP100,latest,136,decoder.layers.3.multihead_attn.out_proj.bias,decoder,512,True,0,True,58500.0,7.211726187961176e-05,8.813847784949758e-08,0.24314096570014954,
ZP100,latest,137,decoder.layers.3.linear1.weight,decoder,1048576,True,0,True,58500.0,2.8637621653615497e-05,1.3114440200467925e-08,0.25189831852912903,
ZP100,latest,138,decoder.layers.3.linear1.bias,decoder,2048,True,0,True,58500.0,2.8047872547176667e-05,1.3074157756420846e-08,0.24610447883605957,
ZP100,latest,139,decoder.layers.3.linear2.weight,decoder,1048576,True,0,True,58500.0,2.4928851416916586e-05,1.0246488990617308e-08,0.24889396131038666,
ZP100,latest,140,decoder.layers.3.linear2.bias,decoder,512,True,0,True,58500.0,7.65967633924447e-05,9.60398622851244e-08,0.24758274853229523,
ZP100,latest,141,decoder.layers.3.norm1.weight,decoder,512,True,0,True,58500.0,9.16866774787195e-05,1.1584091907934635e-07,0.26957967877388,
ZP100,latest,142,decoder.layers.3.norm1.bias,decoder,512,True,0,True,58500.0,8.422342216363177e-05,1.0950351025940108e-07,0.25278937816619873,
ZP100,latest,143,decoder.layers.3.norm2.weight,decoder,512,True,0,True,58500.0,9.445681644137949e-05,1.3062658865692356e-07,0.2591632008552551,
ZP100,latest,144,decoder.layers.3.norm2.bias,decoder,512,True,0,True,58500.0,8.587187767261639e-05,1.2385459058350534e-07,0.244449183344841,
ZP100,latest,145,decoder.layers.3.norm3.weight,decoder,512,True,0,True,58500.0,9.178890468319878e-05,1.282856061379789e-07,0.25501328706741333,
ZP100,latest,146,decoder.layers.3.norm3.bias,decoder,512,True,0,True,58500.0,8.763746882323176e-05,1.2666087911838986e-07,0.24642294645309448,
ZP100,latest,147,decoder.layers.4.self_attn.in_proj_weight,decoder,786432,True,0,True,58500.0,3.375764936208725e-05,2.292721035246359e-08,0.2521219551563263,
ZP100,latest,148,decoder.layers.4.self_attn.in_proj_bias,decoder,1536,True,0,True,58500.0,4.471426655072719e-05,5.361504307188625e-08,0.203233540058136,
ZP100,latest,149,decoder.layers.4.self_attn.out_proj.weight,decoder,262144,True,0,True,58500.0,3.278047006460838e-05,1.708685815060562e-08,0.25197795033454895,
ZP100,latest,150,decoder.layers.4.self_attn.out_proj.bias,decoder,512,True,0,True,58500.0,7.557103526778519e-05,9.30444841173994e-08,0.2486196905374527,
ZP100,latest,151,decoder.layers.4.multihead_attn.in_proj_weight,decoder,786432,True,0,True,58500.0,5.118262197356671e-05,4.9009521774223685e-08,0.259650319814682,
ZP100,latest,152,decoder.layers.4.multihead_attn.in_proj_bias,decoder,1536,True,0,True,58500.0,4.583217014442198e-05,5.464950803002466e-08,0.19588808715343475,
ZP100,latest,153,decoder.layers.4.multihead_attn.out_proj.weight,decoder,262144,True,0,True,58500.0,5.3768129873787984e-05,4.744990533822602e-08,0.25044211745262146,
ZP100,latest,154,decoder.layers.4.multihead_attn.out_proj.bias,decoder,512,True,0,True,58500.0,6.875930557725951e-05,8.185151045836392e-08,0.24300050735473633,
ZP100,latest,155,decoder.layers.4.linear1.weight,decoder,1048576,True,0,True,58500.0,2.8071983251720667e-05,1.3151900013497198e-08,0.24900485575199127,
ZP100,latest,156,decoder.layers.4.linear1.bias,decoder,2048,True,0,True,58500.0,2.71724202320911e-05,1.2449245190282454e-08,0.247194305062294,
ZP100,latest,157,decoder.layers.4.linear2.weight,decoder,1048576,True,0,True,58500.0,2.3229631551657803e-05,9.050663329901454e-09,0.24782434105873108,
ZP100,latest,158,decoder.layers.4.linear2.bias,decoder,512,True,0,True,58500.0,7.477885810658336e-05,8.784589056176628e-08,0.2533467710018158,
ZP100,latest,159,decoder.layers.4.norm1.weight,decoder,512,True,0,True,58500.0,8.48420022521168e-05,1.1416637590855316e-07,0.2501286566257477,
ZP100,latest,160,decoder.layers.4.norm1.bias,decoder,512,True,0,True,58500.0,7.872623245930299e-05,1.0260161786845856e-07,0.2471686750650406,
ZP100,latest,161,decoder.layers.4.norm2.weight,decoder,512,True,0,True,58500.0,8.924106805352494e-05,1.289018172201395e-07,0.24787932634353638,
ZP100,latest,162,decoder.layers.4.norm2.bias,decoder,512,True,0,True,58500.0,8.169648208422586e-05,1.1569128588462263e-07,0.24315804243087769,
ZP100,latest,163,decoder.layers.4.norm3.weight,decoder,512,True,0,True,58500.0,8.430822344962507e-05,1.262313702454776e-07,0.23791253566741943,
ZP100,latest,164,decoder.layers.4.norm3.bias,decoder,512,True,0,True,58500.0,8.408664871240035e-05,1.1455797732651263e-07,0.2497243583202362,
ZP100,latest,165,decoder.layers.5.self_attn.in_proj_weight,decoder,786432,True,0,True,58500.0,4.0295224607689306e-05,3.128745973413061e-08,0.25035062432289124,
ZP100,latest,166,decoder.layers.5.self_attn.in_proj_bias,decoder,1536,True,0,True,58500.0,4.3211915908614174e-05,5.0854829680702096e-08,0.20911267399787903,
ZP100,latest,167,decoder.layers.5.self_attn.out_proj.weight,decoder,262144,True,0,True,58500.0,3.0531344236806035e-05,1.646304070845872e-08,0.24198806285858154,
ZP100,latest,168,decoder.layers.5.self_attn.out_proj.bias,decoder,512,True,0,True,58500.0,6.461000157287344e-05,7.740075602669094e-08,0.23416352272033691,
ZP100,latest,169,decoder.layers.5.multihead_attn.in_proj_weight,decoder,786432,True,0,True,58500.0,4.556721250992268e-05,4.3202909694173286e-08,0.2581408619880676,
ZP100,latest,170,decoder.layers.5.multihead_attn.in_proj_bias,decoder,1536,True,0,True,58500.0,4.492255175136961e-05,5.286942794668903e-08,0.20072400569915771,
ZP100,latest,171,decoder.layers.5.multihead_attn.out_proj.weight,decoder,262144,True,0,True,58500.0,4.534341860562563e-05,3.751858557166088e-08,0.23971803486347198,
ZP100,latest,172,decoder.layers.5.multihead_attn.out_proj.bias,decoder,512,True,0,True,58500.0,6.403746374417096e-05,8.153675423727691e-08,0.22504295408725739,
ZP100,latest,173,decoder.layers.5.linear1.weight,decoder,1048576,True,0,True,58500.0,3.058184665860608e-05,2.037656443576452e-08,0.24144481122493744,
ZP100,latest,174,decoder.layers.5.linear1.bias,decoder,2048,True,0,True,58500.0,2.6852911105379462e-05,1.734374244222181e-08,0.2339082956314087,
ZP100,latest,175,decoder.layers.5.linear2.weight,decoder,1048576,True,0,True,58500.0,1.8360104149905965e-05,6.5635465951174865e-09,0.24355736374855042,
ZP100,latest,176,decoder.layers.5.linear2.bias,decoder,512,True,0,True,58500.0,6.741989636793733e-05,8.479506874436993e-08,0.23354113101959229,
ZP100,latest,177,decoder.layers.5.norm1.weight,decoder,512,True,0,True,58500.0,7.690642814850435e-05,1.044199393618328e-07,0.24142631888389587,
ZP100,latest,178,decoder.layers.5.norm1.bias,decoder,512,True,0,True,58500.0,7.030412962194532e-05,9.347288454364389e-08,0.2319062203168869,
ZP100,latest,179,decoder.layers.5.norm2.weight,decoder,512,True,0,True,58500.0,8.363225060747936e-05,1.3425915312836878e-07,0.23285700380802155,
ZP100,latest,180,decoder.layers.5.norm2.bias,decoder,512,True,0,True,58500.0,7.753659156151116e-05,1.2193598308840592e-07,0.22305843234062195,
ZP100,latest,181,decoder.layers.5.norm3.weight,decoder,512,True,0,True,58500.0,8.518587856087834e-05,1.3754139160937484e-07,0.23868849873542786,
ZP100,latest,182,decoder.layers.5.norm3.bias,decoder,512,True,0,True,58500.0,7.547702989540994e-05,1.0322712995503025e-07,0.23736736178398132,
ZP100,latest,183,decoder.norm.weight,decoder,512,True,0,True,58500.0,8.66185873746872e-05,1.4601388897972356e-07,0.23690716922283173,
ZP100,latest,184,decoder.norm.bias,decoder,512,True,0,True,58500.0,7.6536693086382e-05,1.0324319532628579e-07,0.24011225998401642,
ZP100,latest,185,edos_out_head.layers.0.weight,spectrum_heads,1536,True,0,True,58500.0,0.002024935558438301,7.869249384384602e-05,0.22904999554157257,
ZP100,latest,186,edos_out_head.layers.0.bias,spectrum_heads,1,True,0,True,58500.0,8.926029693157034e-09,4.802135768636824e-16,0.2796920835971832,
ZP100,latest,187,phdos_out_head.layers.0.weight,spectrum_heads,2359296,True,0,True,58500.0,5.381592200137675e-05,5.525476254319983e-08,0.2419401854276657,
ZP100,latest,188,phdos_out_head.layers.0.bias,spectrum_heads,1536,True,0,True,58500.0,5.194783443585038e-05,4.8502876381917304e-08,0.2433510720729828,
ZP100,latest,189,phdos_out_head.layers.2.weight,spectrum_heads,7077888,True,0,True,58500.0,3.7873043766012415e-05,6.813588981913199e-08,0.2261928766965866,
ZP100,latest,190,phdos_out_head.layers.2.bias,spectrum_heads,1536,True,0,True,58500.0,9.488710202276707e-05,1.9085338465174573e-07,0.24072915315628052,
ZP100,latest,191,phdos_out_head.layers.4.weight,spectrum_heads,7077888,True,0,True,58500.0,1.4956757695472334e-05,6.384290429650719e-08,0.1762407273054123,
ZP100,latest,192,phdos_out_head.layers.4.bias,spectrum_heads,1536,True,0,True,58500.0,4.019148400402628e-05,6.457106138668678e-08,0.2032851278781891,
ZP100,latest,193,phdos_out_head.layers.6.weight,spectrum_heads,7077888,True,0,True,58500.0,6.302307156147435e-06,1.4385638458236372e-08,0.14572422206401825,
ZP100,latest,194,phdos_out_head.layers.6.bias,spectrum_heads,1536,True,0,True,58500.0,4.0692688344279304e-05,1.123778048395252e-07,0.19064460694789886,
ZP100,latest,195,phdos_out_head.layers.8.weight,spectrum_heads,7077888,True,0,True,58500.0,2.4205596673709806e-06,1.5244518980495059e-09,0.17218883335590363,
ZP100,latest,196,phdos_out_head.layers.8.bias,spectrum_heads,1536,True,0,True,58500.0,1.915471329994034e-05,1.6333869368168052e-08,0.18533240258693695,
ZP100,latest,197,phdos_out_head.layers.10.weight,spectrum_heads,4608,True,0,True,58500.0,0.00024080855655483902,3.846229446935467e-06,0.22485163807868958,
ZP100,latest,198,phdos_out_head.layers.10.bias,spectrum_heads,1,True,0,True,58500.0,1.9242227367044507e-08,7.360102742148703e-16,0.5182461738586426,
