arm,parameter,group,numel,requires_grad,init_rms,best_rms,abs_change_rms_best,rel_change_best,latest_rms,abs_change_rms_latest,rel_change_latest,rel_change_note
B100,edos_query_embed,other,65536,True,0.055936671793460846,0.057971853762865067,0.01748030260205269,0.3125017583370209,0.0579957515001297,0.01756436377763748,0.314004510641098,
B100,edos_tgt,other,65536,True,0.05594718083739281,0.0558161735534668,0.013317287899553776,0.2380332052707672,0.055814940482378006,0.013368439860641956,0.2389475554227829,
B100,phdos_query_embed,other,32768,True,0.058884333819150925,0.06064982712268829,0.014937516301870346,0.253675639629364,0.06066904589533806,0.014996793121099472,0.2546822428703308,
B100,phdos_tgt,other,32768,True,0.059175826609134674,0.05877942591905594,0.008659092709422112,0.1463281661272049,0.0587766207754612,0.00869184173643589,0.1468815952539444,
B100,eta_head.mlp.0.weight,scale_head,65536,True,0.05598079040646553,0.05676400288939476,0.013924086466431618,0.24872969090938568,0.05678504705429077,0.013992326334118843,0.24994869530200958,
B100,eta_head.mlp.0.bias,scale_head,128,True,0.025594282895326614,0.026943622156977654,0.017267340794205666,0.6746561527252197,0.02693716250360012,0.01727932132780552,0.6751242280006409,
B100,eta_head.mlp.2.weight,scale_head,8192,True,0.10087490826845169,0.10170925408601761,0.015091940760612488,0.1496104598045349,0.10174476355314255,0.015167570672929287,0.15036019682884216,
B100,eta_head.mlp.2.bias,scale_head,64,True,0.052974503487348557,0.05458664149045944,0.016673658043146133,0.31474876403808594,0.05459842458367348,0.016678187996149063,0.31483426690101624,
B100,eta_head.mlp.4.weight,scale_head,128,True,0.18385683000087738,0.19439251720905304,0.021273896098136902,0.11570903658866882,0.19465062022209167,0.021485714241862297,0.11686109751462936,
B100,eta_head.mlp.4.bias,scale_head,2,True,0.0,0.022881971672177315,0.022881971672177315,,0.022881438955664635,0.022881438955664635,,init norm zero: rel change null
B100,tok_emb.weight,tok_emb,60416,True,0.056440215557813644,0.055915478616952896,0.0059340950101614,0.10513951629400253,0.05591288581490517,0.005944941192865372,0.10533149540424347,
B100,num_emb_encoder.proj.weight,num_emb_encoder,1536,True,0.06294003874063492,0.0622655414044857,0.007055865600705147,0.11210457235574722,0.06226245313882828,0.007056675851345062,0.1121174544095993,
B100,num_emb_encoder.proj.bias,num_emb_encoder,512,True,0.34155595302581787,0.33650854229927063,0.008645263500511646,0.025311414152383804,0.3364923596382141,0.008654912933707237,0.02533966302871704,
B100,atom_norm.weight,atom_norm,512,True,1.0,0.9965798854827881,0.006381618324667215,0.006381618324667215,0.9965572953224182,0.0063892328180372715,0.006389233283698559,
B100,atom_norm.bias,atom_norm,512,True,0.0,0.001991462428122759,0.001991462428122759,,0.001987926894798875,0.001987926894798875,,init norm zero: rel change null
B100,num_norm.weight,num_norm,512,True,1.0,0.9696182012557983,0.03079148568212986,0.03079148381948471,0.9695724844932556,0.030836191028356552,0.030836191028356552,
B100,num_norm.bias,num_norm,512,True,0.0,0.014428122900426388,0.014428122900426388,,0.014438537880778313,0.014438537880778313,,init norm zero: rel change null
B100,fuse_proj.weight,fuse_proj,524288,True,0.03605508804321289,0.03613444045186043,0.004847208969295025,0.13443851470947266,0.036133233457803726,0.0048545352183282375,0.1346415877342224,
B100,fuse_proj.bias,fuse_proj,512,True,0.018262693658471107,0.018013104796409607,0.0012508431682363153,0.06849171966314316,0.018017292022705078,0.001250130357220769,0.06845267117023468,
B100,encoder.layers.0.rp_proj.weight,encoder.layer0.rp_proj,294912,True,0.042915817350149155,0.04466456174850464,0.013747477903962135,0.32033571600914,0.044676486402750015,0.013783485628664494,0.3211745023727417,
B100,encoder.layers.0.rp_proj.bias,encoder.layer0.rp_proj,512,True,0.024013906717300415,0.0236617773771286,0.00040094481664709747,0.01669636182487011,0.02366059459745884,0.0004018858016934246,0.01673554629087448,
B100,encoder.layers.0.linear1.weight,encoder.layer0.other,1048576,True,0.027986932545900345,0.028093140572309494,0.005722845438867807,0.2044823318719864,0.02809293009340763,0.005729439202696085,0.2047179788351059,
B100,encoder.layers.0.linear1.bias,encoder.layer0.other,2048,True,0.024620383977890015,0.024766869843006134,0.0056976452469825745,0.23141981661319733,0.02477063424885273,0.005713983438909054,0.23208341002464294,
B100,encoder.layers.0.linear2.weight,encoder.layer0.other,1048576,True,0.027942579239606857,0.027717744931578636,0.005513703916221857,0.19732293486595154,0.027715854346752167,0.0055202338844537735,0.1975567787885666,
B100,encoder.layers.0.linear2.bias,encoder.layer0.other,512,True,0.013146163895726204,0.013018806464970112,0.003048619721084833,0.2319018542766571,0.013019007630646229,0.003047217382118106,0.23179519176483154,
B100,encoder.layers.0.norm1.weight,encoder.layer0.other,512,True,1.0,0.9876419305801392,0.01397667359560728,0.01397667359560728,0.9876298308372498,0.01399349793791771,0.01399349793791771,
B100,encoder.layers.0.norm1.bias,encoder.layer0.other,512,True,0.0,0.004454976413398981,0.004454976413398981,,0.004469897132366896,0.004469897132366896,,init norm zero: rel change null
B100,encoder.layers.0.norm2.weight,encoder.layer0.other,512,True,1.0,0.9919539093971252,0.009535310789942741,0.009535310789942741,0.9919649362564087,0.009525581263005733,0.009525582194328308,
B100,encoder.layers.0.norm2.bias,encoder.layer0.other,512,True,0.0,0.005165599752217531,0.005165599752217531,,0.005178404971957207,0.005178404971957207,,init norm zero: rel change null
B100,encoder.layers.1.rp_proj.weight,encoder.layer1.rp_proj,294912,True,0.042877763509750366,0.044507451355457306,0.013703337870538235,0.31959065794944763,0.04451804608106613,0.01374024711549282,0.32045164704322815,
B100,encoder.layers.1.rp_proj.bias,encoder.layer1.rp_proj,512,True,0.024013906717300415,0.023663630709052086,0.0003788282920140773,0.015775373205542564,0.02366236038506031,0.00037999002961441875,0.01582374982535839,
B100,encoder.layers.1.linear1.weight,encoder.layer1.other,1048576,True,0.02794436551630497,0.028224878013134003,0.006416159216314554,0.22960436344146729,0.028226204216480255,0.006426725536584854,0.22998279333114624,
B100,encoder.layers.1.linear1.bias,encoder.layer1.other,2048,True,0.024620383977890015,0.025195414200425148,0.007427541073411703,0.30168256163597107,0.025196479633450508,0.007437543943524361,0.30208882689476013,
B100,encoder.layers.1.linear2.weight,encoder.layer1.other,1048576,True,0.027938811108469963,0.027925778180360794,0.0059741646982729435,0.2138306051492691,0.02792522870004177,0.00598404323682189,0.2141840159893036,
B100,encoder.layers.1.linear2.bias,encoder.layer1.other,512,True,0.013146163895726204,0.013479119166731834,0.004594734869897366,0.3495114743709564,0.01347724162042141,0.004594350233674049,0.3494822084903717,
B100,encoder.layers.1.norm1.weight,encoder.layer1.other,512,True,1.0,0.987785816192627,0.01364729180932045,0.013647293671965599,0.9877763986587524,0.01365835964679718,0.01365835964679718,
B100,encoder.layers.1.norm1.bias,encoder.layer1.other,512,True,0.0,0.005185485351830721,0.005185485351830721,,0.005206727422773838,0.005206727422773838,,init norm zero: rel change null
B100,encoder.layers.1.norm2.weight,encoder.layer1.other,512,True,1.0,0.9912519454956055,0.010174830444157124,0.010174830444157124,0.9912582039833069,0.01016753539443016,0.01016753539443016,
B100,encoder.layers.1.norm2.bias,encoder.layer1.other,512,True,0.0,0.007536889519542456,0.007536889519542456,,0.0075659239664673805,0.0075659239664673805,,init norm zero: rel change null
B100,encoder.layers.2.rp_proj.weight,encoder.layer2.rp_proj,294912,True,0.042861390858888626,0.044520020484924316,0.013866976834833622,0.3235304057598114,0.044531986117362976,0.01390790194272995,0.3244848847389221,
B100,encoder.layers.2.rp_proj.bias,encoder.layer2.rp_proj,512,True,0.024013906717300415,0.023663153871893883,0.0003710225864779204,0.01545032300055027,0.02366192266345024,0.00037231246824376285,0.015504038892686367,
B100,encoder.layers.2.linear1.weight,encoder.layer2.other,1048576,True,0.027933893725275993,0.02835470624268055,0.006788067985326052,0.24300426244735718,0.02835674397647381,0.006801597774028778,0.24348901212215424,
B100,encoder.layers.2.linear1.bias,encoder.layer2.other,2048,True,0.024620383977890015,0.025664160028100014,0.008855722844600677,0.3596906065940857,0.025671083480119705,0.0088705625385046,0.3602933883666992,
B100,encoder.layers.2.linear2.weight,encoder.layer2.other,1048576,True,0.027944689616560936,0.028050383552908897,0.006211627274751663,0.22228263318538666,0.02805037423968315,0.0062236487865448,0.22271311283111572,
B100,encoder.layers.2.linear2.bias,encoder.layer2.other,512,True,0.013146163895726204,0.01406031008809805,0.00600191205739975,0.4565524458885193,0.014066437259316444,0.006011012010276318,0.4572446346282959,
B100,encoder.layers.2.norm1.weight,encoder.layer2.other,512,True,1.0,0.9885002970695496,0.012943443842232227,0.012943443842232227,0.9884951114654541,0.012947028502821922,0.012947028502821922,
B100,encoder.layers.2.norm1.bias,encoder.layer2.other,512,True,0.0,0.007616156712174416,0.007616156712174416,,0.0076616788282990456,0.0076616788282990456,,init norm zero: rel change null
B100,encoder.layers.2.norm2.weight,encoder.layer2.other,512,True,1.0,0.9905774593353271,0.010658816434442997,0.010658817365765572,0.9905799627304077,0.010653515346348286,0.010653515346348286,
B100,encoder.layers.2.norm2.bias,encoder.layer2.other,512,True,0.0,0.009134051389992237,0.009134051389992237,,0.009180224500596523,0.009180224500596523,,init norm zero: rel change null
B100,encoder.layers.3.rp_proj.weight,encoder.layer3.rp_proj,294912,True,0.04293477162718773,0.04477386549115181,0.014229899272322655,0.3314303755760193,0.04478706791996956,0.014273878186941147,0.33245497941970825,
B100,encoder.layers.3.rp_proj.bias,encoder.layer3.rp_proj,512,True,0.024013906717300415,0.023659100756049156,0.00038123776903375983,0.01587570831179619,0.023657750338315964,0.00038237537955865264,0.01592308282852173,
B100,encoder.layers.3.linear1.weight,encoder.layer3.other,1048576,True,0.0279120784252882,0.028433671221137047,0.007080383133143187,0.25366711616516113,0.028436340391635895,0.007095963694155216,0.25422558188438416,
B100,encoder.layers.3.linear1.bias,encoder.layer3.other,2048,True,0.024620383977890015,0.026380343362689018,0.010366164147853851,0.4210398495197296,0.026386981830000877,0.010387463495135307,0.42190495133399963,
B100,encoder.layers.3.linear2.weight,encoder.layer3.other,1048576,True,0.02795432321727276,0.02810153365135193,0.0063410126604139805,0.22683463990688324,0.028101874515414238,0.00635521300137043,0.2273429036140442,
B100,encoder.layers.3.linear2.bias,encoder.layer3.other,512,True,0.013146163895726204,0.014297394081950188,0.005991146434098482,0.45573344826698303,0.014301350340247154,0.0060046217404305935,0.4567585289478302,
B100,encoder.layers.3.norm1.weight,encoder.layer3.other,512,True,1.0,0.98921799659729,0.01244744099676609,0.01244744099676609,0.9892188310623169,0.012443283572793007,0.012443284504115582,
B100,encoder.layers.3.norm1.bias,encoder.layer3.other,512,True,0.0,0.008933300152420998,0.008933300152420998,,0.008994213305413723,0.008994213305413723,,init norm zero: rel change null
B100,encoder.layers.3.norm2.weight,encoder.layer3.other,512,True,1.0,0.9902539253234863,0.010977739468216896,0.01097774039953947,0.9902558922767639,0.010972872376441956,0.01097287330776453,
B100,encoder.layers.3.norm2.bias,encoder.layer3.other,512,True,0.0,0.009038525633513927,0.009038525633513927,,0.009091445244848728,0.009091445244848728,,init norm zero: rel change null
B100,encoder.layers.4.rp_proj.weight,encoder.layer4.rp_proj,294912,True,0.0428231917321682,0.04474426433444023,0.014758162200450897,0.3446296751499176,0.04475756362080574,0.014803644269704819,0.34569212794303894,
B100,encoder.layers.4.rp_proj.bias,encoder.layer4.rp_proj,512,True,0.024013906717300415,0.023653902113437653,0.0003757488739211112,0.01564713753759861,0.023652656003832817,0.0003769175673369318,0.015695806592702866,
B100,encoder.layers.4.linear1.weight,encoder.layer4.other,1048576,True,0.027955686673521996,0.02857021428644657,0.007357695139944553,0.26319125294685364,0.028573784977197647,0.007375623565167189,0.2638323903083801,
B100,encoder.layers.4.linear1.bias,encoder.layer4.other,2048,True,0.024620383977890015,0.026970818638801575,0.011960797943174839,0.48580867052078247,0.026981858536601067,0.011990156956017017,0.4870011508464813,
B100,encoder.layers.4.linear2.weight,encoder.layer4.other,1048576,True,0.0279524028301239,0.0281605813652277,0.006479108706116676,0.23179097473621368,0.02816108986735344,0.0064950305968523026,0.23236042261123657,
B100,encoder.layers.4.linear2.bias,encoder.layer4.other,512,True,0.013146163895726204,0.013741583563387394,0.005123889073729515,0.3897630572319031,0.013746938668191433,0.005142390262335539,0.3911704421043396,
B100,encoder.layers.4.norm1.weight,encoder.layer4.other,512,True,1.0,0.9899518489837646,0.011878041550517082,0.011878040619194508,0.9899607300758362,0.01186636183410883,0.011866362765431404,
B100,encoder.layers.4.norm1.bias,encoder.layer4.other,512,True,0.0,0.00954112783074379,0.00954112783074379,,0.009615452028810978,0.009615452028810978,,init norm zero: rel change null
B100,encoder.layers.4.norm2.weight,encoder.layer4.other,512,True,1.0,0.9897026419639587,0.011593654751777649,0.011593654751777649,0.9896990656852722,0.011595262214541435,0.011595262214541435,
B100,encoder.layers.4.norm2.bias,encoder.layer4.other,512,True,0.0,0.007919282652437687,0.007919282652437687,,0.007974164560437202,0.007974164560437202,,init norm zero: rel change null
B100,encoder.layers.5.rp_proj.weight,encoder.layer5.rp_proj,294912,True,0.04278302565217018,0.04479936137795448,0.015351248905062675,0.35881614685058594,0.04481382295489311,0.015399878844618797,0.3599528670310974,
B100,encoder.layers.5.rp_proj.bias,encoder.layer5.rp_proj,512,True,0.024013906717300415,0.023650089278817177,0.0003841381403617561,0.01599648781120777,0.023648811504244804,0.0003853204834740609,0.016045724973082542,
B100,encoder.layers.5.linear1.weight,encoder.layer5.other,1048576,True,0.027912216261029243,0.028552012518048286,0.007567408960312605,0.2711147964000702,0.028554020449519157,0.007587068248540163,0.2718195915222168,
B100,encoder.layers.5.linear1.bias,encoder.layer5.other,2048,True,0.024620383977890015,0.02798272669315338,0.014510168693959713,0.5893558263778687,0.028017453849315643,0.01457693986594677,0.5920677781105042,
B100,encoder.layers.5.linear2.weight,encoder.layer5.other,1048576,True,0.02795347012579441,0.028209509328007698,0.006670741830021143,0.23863783478736877,0.028208335861563683,0.006685508880764246,0.23916563391685486,
B100,encoder.layers.5.linear2.bias,encoder.layer5.other,512,True,0.013146163895726204,0.013294920325279236,0.0047467732802033424,0.361076682806015,0.013298111036419868,0.004771533887833357,0.36296018958091736,
B100,encoder.layers.5.norm1.weight,encoder.layer5.other,512,True,1.0,0.9905227422714233,0.011404014192521572,0.011404014192521572,0.9905348420143127,0.011393880471587181,0.011393880471587181,
B100,encoder.layers.5.norm1.bias,encoder.layer5.other,512,True,0.0,0.008570743724703789,0.008570743724703789,,0.008650721050798893,0.008650721050798893,,init norm zero: rel change null
B100,encoder.layers.5.norm2.weight,encoder.layer5.other,512,True,1.0,1.0028153657913208,0.010632555931806564,0.010632555931806564,1.0028386116027832,0.010660420171916485,0.010660420171916485,
B100,encoder.layers.5.norm2.bias,encoder.layer5.other,512,True,0.0,0.0066004362888634205,0.0066004362888634205,,0.006625757087022066,0.006625757087022066,,init norm zero: rel change null
B100,decoder.layers.0.self_attn.in_proj_weight,decoder,786432,True,0.03130216896533966,0.03149716183543205,0.006397498771548271,0.20437775552272797,0.03150403872132301,0.006426398642361164,0.20530015230178833,
B100,decoder.layers.0.self_attn.in_proj_bias,decoder,1536,True,0.0,0.0033504783641546965,0.0033504783641546965,,0.0033495365642011166,0.0033495365642011166,,init norm zero: rel change null
B100,decoder.layers.0.self_attn.out_proj.weight,decoder,262144,True,0.044134970754384995,0.041897065937519073,0.006345190107822418,0.14376778900623322,0.04188859462738037,0.006351040676236153,0.14390034973621368,
B100,decoder.layers.0.self_attn.out_proj.bias,decoder,512,True,0.0,0.0040291910991072655,0.0040291910991072655,,0.004036414436995983,0.004036414436995983,,init norm zero: rel change null
B100,decoder.layers.0.multihead_attn.in_proj_weight,decoder,786432,True,0.03125768154859543,0.03234495967626572,0.008937671780586243,0.28593528270721436,0.03235172480344772,0.00896336231380701,0.2867569625377655,
B100,decoder.layers.0.multihead_attn.in_proj_bias,decoder,1536,True,0.0,0.0063291070982813835,0.0063291070982813835,,0.0063471258617937565,0.0063471258617937565,,init norm zero: rel change null
B100,decoder.layers.0.multihead_attn.out_proj.weight,decoder,262144,True,0.04407908394932747,0.043711934238672256,0.006575108505785465,0.14916600286960602,0.043709080666303635,0.00659463694319129,0.1496090590953827,
B100,decoder.layers.0.multihead_attn.out_proj.bias,decoder,512,True,0.0,0.006343618966639042,0.006343618966639042,,0.006372668314725161,0.006372668314725161,,init norm zero: rel change null
B100,decoder.layers.0.linear1.weight,decoder,1048576,True,0.027925599366426468,0.02889415994286537,0.008628162555396557,0.30896931886672974,0.028902526944875717,0.008658906444907188,0.3100705146789551,
B100,decoder.layers.0.linear1.bias,decoder,2048,True,0.025013266131281853,0.028496721759438515,0.014908727258443832,0.5960329174995422,0.028525104746222496,0.014972258359193802,0.5985727906227112,
B100,decoder.layers.0.linear2.weight,decoder,1048576,True,0.02796117775142193,0.028553277254104614,0.007226074114441872,0.2584320604801178,0.028557511046528816,0.007250881753861904,0.2593195140361786,
B100,decoder.layers.0.linear2.bias,decoder,512,True,0.01236704457551241,0.012035987339913845,0.002607389586046338,0.21083368360996246,0.012035810388624668,0.0026076938956975937,0.2108582705259323,
B100,decoder.layers.0.norm1.weight,decoder,512,True,1.0,0.9984215497970581,0.007722313050180674,0.007722313515841961,0.9984915852546692,0.007723046932369471,0.007723047398030758,
B100,decoder.layers.0.norm1.bias,decoder,512,True,0.0,0.00763283483684063,0.00763283483684063,,0.007708813063800335,0.007708813063800335,,init norm zero: rel change null
B100,decoder.layers.0.norm2.weight,decoder,512,True,1.0,0.9914026856422424,0.010564584285020828,0.010564583353698254,0.9914442896842957,0.010535572655498981,0.010535572655498981,
B100,decoder.layers.0.norm2.bias,decoder,512,True,0.0,0.008768018335103989,0.008768018335103989,,0.008853643201291561,0.008853643201291561,,init norm zero: rel change null
B100,decoder.layers.0.norm3.weight,decoder,512,True,1.0,0.9888887405395508,0.012905815616250038,0.012905815616250038,0.9889231324195862,0.012883329764008522,0.012883330695331097,
B100,decoder.layers.0.norm3.bias,decoder,512,True,0.0,0.004622156266123056,0.004622156266123056,,0.00465218722820282,0.00465218722820282,,init norm zero: rel change null
B100,decoder.layers.1.self_attn.in_proj_weight,decoder,786432,True,0.031243691220879555,0.032031238079071045,0.00810946710407734,0.25955435633659363,0.03204243630170822,0.008141882717609406,0.26059192419052124,
B100,decoder.layers.1.self_attn.in_proj_bias,decoder,1536,True,0.0,0.004298329818993807,0.004298329818993807,,0.004310857504606247,0.004310857504606247,,init norm zero: rel change null
B100,decoder.layers.1.self_attn.out_proj.weight,decoder,262144,True,0.04415591061115265,0.04296477884054184,0.006117517594248056,0.13854366540908813,0.04296603426337242,0.006139533594250679,0.1390421837568283,
B100,decoder.layers.1.self_attn.out_proj.bias,decoder,512,True,0.0,0.005398290231823921,0.005398290231823921,,0.0053999340161681175,0.0053999340161681175,,init norm zero: rel change null
B100,decoder.layers.1.multihead_attn.in_proj_weight,decoder,786432,True,0.03128700703382492,0.032679930329322815,0.009000052697956562,0.2876609265804291,0.03268706798553467,0.009026891551911831,0.28851866722106934,
B100,decoder.layers.1.multihead_attn.in_proj_bias,decoder,1536,True,0.0,0.006591662298887968,0.006591662298887968,,0.0066046821884810925,0.0066046821884810925,,init norm zero: rel change null
B100,decoder.layers.1.multihead_attn.out_proj.weight,decoder,262144,True,0.04416920617222786,0.043875597417354584,0.007035614922642708,0.15928788483142853,0.04386947676539421,0.007055390160530806,0.1597355753183365,
B100,decoder.layers.1.multihead_attn.out_proj.bias,decoder,512,True,0.0,0.006666971370577812,0.006666971370577812,,0.0066859726794064045,0.0066859726794064045,,init norm zero: rel change null
B100,decoder.layers.1.linear1.weight,decoder,1048576,True,0.02794545143842697,0.02942238748073578,0.009182021021842957,0.3285701870918274,0.029434585943818092,0.009217092767357826,0.3298244774341583,
B100,decoder.layers.1.linear1.bias,decoder,2048,True,0.025013266131281853,0.028658593073487282,0.015070837922394276,0.60251384973526,0.02869168110191822,0.015127408318221569,0.6047754883766174,
B100,decoder.layers.1.linear2.weight,decoder,1048576,True,0.02794896811246872,0.028898317366838455,0.007701151538640261,0.275543749332428,0.028905661776661873,0.007729754783213139,0.2765674591064453,
B100,decoder.layers.1.linear2.bias,decoder,512,True,0.01236704457551241,0.01231151632964611,0.0027903348673135042,0.2256266176700592,0.012311377562582493,0.0027963323518633842,0.22611159086227417,
B100,decoder.layers.1.norm1.weight,decoder,512,True,1.0,1.0022414922714233,0.006291891448199749,0.006291890982538462,1.0023728609085083,0.00634026899933815,0.00634026899933815,
B100,decoder.layers.1.norm1.bias,decoder,512,True,0.0,0.009202762506902218,0.009202762506902218,,0.009264308959245682,0.009264308959245682,,init norm zero: rel change null
B100,decoder.layers.1.norm2.weight,decoder,512,True,1.0,0.9952732920646667,0.007501394487917423,0.0075013949535787106,0.9953374266624451,0.007459163665771484,0.007459163665771484,
B100,decoder.layers.1.norm2.bias,decoder,512,True,0.0,0.00983793567866087,0.00983793567866087,,0.009919559583067894,0.009919559583067894,,init norm zero: rel change null
B100,decoder.layers.1.norm3.weight,decoder,512,True,1.0,0.9908186197280884,0.011079879477620125,0.01107987854629755,0.9908772706985474,0.011042206548154354,0.011042207479476929,
B100,decoder.layers.1.norm3.bias,decoder,512,True,0.0,0.0046394900418818,0.0046394900418818,,0.004675624426454306,0.004675624426454306,,init norm zero: rel change null
B100,decoder.layers.2.self_attn.in_proj_weight,decoder,786432,True,0.031270045787096024,0.032196294516325,0.008583453483879566,0.2744942605495453,0.0322086438536644,0.008618255145847797,0.27560684084892273,
B100,decoder.layers.2.self_attn.in_proj_bias,decoder,1536,True,0.0,0.0048330421559512615,0.0048330421559512615,,0.004837296903133392,0.004837296903133392,,init norm zero: rel change null
B100,decoder.layers.2.self_attn.out_proj.weight,decoder,262144,True,0.044168621301651,0.04296675696969032,0.006769291590899229,0.15326014161109924,0.04296974465250969,0.006795227527618408,0.15384742617607117,
B100,decoder.layers.2.self_attn.out_proj.bias,decoder,512,True,0.0,0.004593756049871445,0.004593756049871445,,0.004600624553859234,0.004600624553859234,,init norm zero: rel change null
B100,decoder.layers.2.multihead_attn.in_proj_weight,decoder,786432,True,0.031277190893888474,0.03264595568180084,0.008928459137678146,0.28546252846717834,0.03265295922756195,0.008955427445471287,0.28632447123527527,
B100,decoder.layers.2.multihead_attn.in_proj_bias,decoder,1536,True,0.0,0.005185953341424465,0.005185953341424465,,0.005198836792260408,0.005198836792260408,,init norm zero: rel change null
B100,decoder.layers.2.multihead_attn.out_proj.weight,decoder,262144,True,0.044163286685943604,0.04375423863530159,0.006993572693318129,0.15835708379745483,0.04374583810567856,0.007013361435383558,0.15880504250526428,
B100,decoder.layers.2.multihead_attn.out_proj.bias,decoder,512,True,0.0,0.007027932908385992,0.007027932908385992,,0.007045066449791193,0.007045066449791193,,init norm zero: rel change null
B100,decoder.layers.2.linear1.weight,decoder,1048576,True,0.02795170620083809,0.02957790717482567,0.009245697408914566,0.33077380061149597,0.02959098108112812,0.009281809441745281,0.33206579089164734,
B100,decoder.layers.2.linear1.bias,decoder,2048,True,0.025013266131281853,0.02920355275273323,0.015687892213463783,0.6271829009056091,0.02923658862709999,0.015748998150229454,0.6296258568763733,
B100,decoder.layers.2.linear2.weight,decoder,1048576,True,0.02794112265110016,0.028998155146837234,0.007826817221939564,0.2801184058189392,0.029006285592913628,0.00785650871694088,0.2811811566352844,
B100,decoder.layers.2.linear2.bias,decoder,512,True,0.01236704457551241,0.012237362563610077,0.002869485644623637,0.23202675580978394,0.012234997004270554,0.0028810978401452303,0.23296572268009186,
B100,decoder.layers.2.norm1.weight,decoder,512,True,1.0,1.003350019454956,0.006555868312716484,0.006555868778377771,1.0035066604614258,0.006644237320870161,0.006644237320870161,
B100,decoder.layers.2.norm1.bias,decoder,512,True,0.0,0.00830183457583189,0.00830183457583189,,0.008371347561478615,0.008371347561478615,,init norm zero: rel change null
B100,decoder.layers.2.norm2.weight,decoder,512,True,1.0,0.9967400431632996,0.006337748374789953,0.0063377488404512405,0.9968122243881226,0.00630144402384758,0.00630144402384758,
B100,decoder.layers.2.norm2.bias,decoder,512,True,0.0,0.010912214405834675,0.010912214405834675,,0.01100193616002798,0.01100193616002798,,init norm zero: rel change null
B100,decoder.layers.2.norm3.weight,decoder,512,True,1.0,0.9925098419189453,0.009812756441533566,0.009812756441533566,0.9925875067710876,0.009758220054209232,0.009758220054209232,
B100,decoder.layers.2.norm3.bias,decoder,512,True,0.0,0.00458989292383194,0.00458989292383194,,0.004627848044037819,0.004627848044037819,,init norm zero: rel change null
B100,decoder.layers.3.self_attn.in_proj_weight,decoder,786432,True,0.031235631555318832,0.032239556312561035,0.008753153495490551,0.2802288234233856,0.03225273638963699,0.008788852021098137,0.2813715934753418,
B100,decoder.layers.3.self_attn.in_proj_bias,decoder,1536,True,0.0,0.005556381773203611,0.005556381773203611,,0.005560910329222679,0.005560910329222679,,init norm zero: rel change null
B100,decoder.layers.3.self_attn.out_proj.weight,decoder,262144,True,0.04429701715707779,0.043169133365154266,0.007064171135425568,0.15947291254997253,0.04317305237054825,0.007092091720551252,0.16010327637195587,
B100,decoder.layers.3.self_attn.out_proj.bias,decoder,512,True,0.0,0.004519090987741947,0.004519090987741947,,0.004523615352809429,0.004523615352809429,,init norm zero: rel change null
B100,decoder.layers.3.multihead_attn.in_proj_weight,decoder,786432,True,0.031202740967273712,0.032550714910030365,0.008922782726585865,0.28596141934394836,0.03255784511566162,0.00895021017640829,0.28684020042419434,
B100,decoder.layers.3.multihead_attn.in_proj_bias,decoder,1536,True,0.0,0.005387243814766407,0.005387243814766407,,0.005395011510699987,0.005395011510699987,,init norm zero: rel change null
B100,decoder.layers.3.multihead_attn.out_proj.weight,decoder,262144,True,0.04423072561621666,0.04368026182055473,0.0070062424056231976,0.15840215981006622,0.04367034509778023,0.007025625556707382,0.1588403731584549,
B100,decoder.layers.3.multihead_attn.out_proj.bias,decoder,512,True,0.0,0.007401980925351381,0.007401980925351381,,0.00742690172046423,0.00742690172046423,,init norm zero: rel change null
B100,decoder.layers.3.linear1.weight,decoder,1048576,True,0.027957187965512276,0.02964175119996071,0.009329293854534626,0.3336990773677826,0.02965516410768032,0.009365676902234554,0.33500075340270996,
B100,decoder.layers.3.linear1.bias,decoder,2048,True,0.025013266131281853,0.02877490036189556,0.015221756882965565,0.6085473895072937,0.02880513109266758,0.015285002067685127,0.611075758934021,
B100,decoder.layers.3.linear2.weight,decoder,1048576,True,0.027963412925601006,0.029079146683216095,0.007990303449332714,0.28574100136756897,0.029087474569678307,0.008020306937396526,0.2868140637874603,
B100,decoder.layers.3.linear2.bias,decoder,512,True,0.01236704457551241,0.012068768963217735,0.003015598515048623,0.24384145438671112,0.012065324001014233,0.0030317145865410566,0.24514459073543549,
B100,decoder.layers.3.norm1.weight,decoder,512,True,1.0,1.004515528678894,0.007545890752226114,0.007545890752226114,1.0046855211257935,0.007653618231415749,0.007653618231415749,
B100,decoder.layers.3.norm1.bias,decoder,512,True,0.0,0.009062452241778374,0.009062452241778374,,0.009133342653512955,0.009133342653512955,,init norm zero: rel change null
B100,decoder.layers.3.norm2.weight,decoder,512,True,1.0,0.9972901940345764,0.006189451087266207,0.006189450621604919,0.9973686933517456,0.006165502592921257,0.006165502592921257,
B100,decoder.layers.3.norm2.bias,decoder,512,True,0.0,0.011449703946709633,0.011449703946709633,,0.011550080962479115,0.011550080962479115,,init norm zero: rel change null
B100,decoder.layers.3.norm3.weight,decoder,512,True,1.0,0.9945051074028015,0.008416451513767242,0.008416451513767242,0.9946168065071106,0.008357499726116657,0.008357498794794083,
B100,decoder.layers.3.norm3.bias,decoder,512,True,0.0,0.005030391737818718,0.005030391737818718,,0.005076991859823465,0.005076991859823465,,init norm zero: rel change null
B100,decoder.layers.4.self_attn.in_proj_weight,decoder,786432,True,0.0312461256980896,0.032243337482213974,0.008747263811528683,0.279946893453598,0.03225627541542053,0.008781231008470058,0.28103411197662354,
B100,decoder.layers.4.self_attn.in_proj_bias,decoder,1536,True,0.0,0.0064084758050739765,0.0064084758050739765,,0.006428309250622988,0.006428309250622988,,init norm zero: rel change null
B100,decoder.layers.4.self_attn.out_proj.weight,decoder,262144,True,0.04415615275502205,0.04309210926294327,0.00716189481317997,0.16219475865364075,0.043096352368593216,0.007192408200353384,0.1628859043121338,
B100,decoder.layers.4.self_attn.out_proj.bias,decoder,512,True,0.0,0.004684876184910536,0.004684876184910536,,0.004692246671766043,0.004692246671766043,,init norm zero: rel change null
B100,decoder.layers.4.multihead_attn.in_proj_weight,decoder,786432,True,0.03127627074718475,0.03255516290664673,0.008848610334098339,0.28291669487953186,0.032561853528022766,0.008877173997461796,0.2838301360607147,
B100,decoder.layers.4.multihead_attn.in_proj_bias,decoder,1536,True,0.0,0.005568265914916992,0.005568265914916992,,0.005577825475484133,0.005577825475484133,,init norm zero: rel change null
B100,decoder.layers.4.multihead_attn.out_proj.weight,decoder,262144,True,0.04419316351413727,0.043560296297073364,0.0069578769616782665,0.15744246542453766,0.043549176305532455,0.006976714823395014,0.15786871314048767,
B100,decoder.layers.4.multihead_attn.out_proj.bias,decoder,512,True,0.0,0.008129486814141273,0.008129486814141273,,0.008158614858984947,0.008158614858984947,,init norm zero: rel change null
B100,decoder.layers.4.linear1.weight,decoder,1048576,True,0.027965424582362175,0.02957041561603546,0.00921387504786253,0.32947319746017456,0.029582740738987923,0.009248273447155952,0.3307037055492401,
B100,decoder.layers.4.linear1.bias,decoder,2048,True,0.025013266131281853,0.028706150129437447,0.014783759601414204,0.5910367965698242,0.028733965009450912,0.014841980300843716,0.593364417552948,
B100,decoder.layers.4.linear2.weight,decoder,1048576,True,0.02795318141579628,0.028996417298913002,0.007959295995533466,0.28473660349845886,0.029004022479057312,0.007988473400473595,0.28578096628189087,
B100,decoder.layers.4.linear2.bias,decoder,512,True,0.01236704457551241,0.01220795325934887,0.0033466878812760115,0.2706133723258972,0.012201218865811825,0.003366442397236824,0.2722107470035553,
B100,decoder.layers.4.norm1.weight,decoder,512,True,1.0,1.004431128501892,0.007334552239626646,0.007334552705287933,1.0046043395996094,0.007448503747582436,0.007448504213243723,
B100,decoder.layers.4.norm1.bias,decoder,512,True,0.0,0.009906066581606865,0.009906066581606865,,0.009986989200115204,0.009986989200115204,,init norm zero: rel change null
B100,decoder.layers.4.norm2.weight,decoder,512,True,1.0,0.9973217248916626,0.006034388206899166,0.006034388206899166,0.9974007606506348,0.005997026804834604,0.005997027270495892,
B100,decoder.layers.4.norm2.bias,decoder,512,True,0.0,0.012820256873965263,0.012820256873965263,,0.012934110127389431,0.012934110127389431,,init norm zero: rel change null
B100,decoder.layers.4.norm3.weight,decoder,512,True,1.0,0.9917447566986084,0.010282766073942184,0.010282766073942184,0.9918642044067383,0.010194623842835426,0.010194623842835426,
B100,decoder.layers.4.norm3.bias,decoder,512,True,0.0,0.006230216007679701,0.006230216007679701,,0.006281930021941662,0.006281930021941662,,init norm zero: rel change null
B100,decoder.layers.5.self_attn.in_proj_weight,decoder,786432,True,0.03124755434691906,0.03182687237858772,0.007791876792907715,0.2493588924407959,0.03183764964342117,0.007821997627615929,0.2503223121166229,
B100,decoder.layers.5.self_attn.in_proj_bias,decoder,1536,True,0.0,0.004675735253840685,0.004675735253840685,,0.004697639495134354,0.004697639495134354,,init norm zero: rel change null
B100,decoder.layers.5.self_attn.out_proj.weight,decoder,262144,True,0.04416942223906517,0.04306365177035332,0.0066140200942754745,0.14974188804626465,0.043067920953035355,0.006644818466156721,0.15043911337852478,
B100,decoder.layers.5.self_attn.out_proj.bias,decoder,512,True,0.0,0.0050468225963413715,0.0050468225963413715,,0.005048852879554033,0.005048852879554033,,init norm zero: rel change null
B100,decoder.layers.5.multihead_attn.in_proj_weight,decoder,786432,True,0.031231170520186424,0.0322357639670372,0.008401802740991116,0.2690189778804779,0.032240238040685654,0.008427162654697895,0.2698308825492859,
B100,decoder.layers.5.multihead_attn.in_proj_bias,decoder,1536,True,0.0,0.005724634043872356,0.005724634043872356,,0.005728071555495262,0.005728071555495262,,init norm zero: rel change null
B100,decoder.layers.5.multihead_attn.out_proj.weight,decoder,262144,True,0.044239308685064316,0.04339298978447914,0.006545646116137505,0.14795994758605957,0.043381642550230026,0.006565711926668882,0.14841367304325104,
B100,decoder.layers.5.multihead_attn.out_proj.bias,decoder,512,True,0.0,0.009331434033811092,0.009331434033811092,,0.009353399276733398,0.009353399276733398,,init norm zero: rel change null
B100,decoder.layers.5.linear1.weight,decoder,1048576,True,0.027935538440942764,0.029147101566195488,0.00900415237993002,0.3223181366920471,0.029157187789678574,0.009039661847054958,0.3235895335674286,
B100,decoder.layers.5.linear1.bias,decoder,2048,True,0.025013266131281853,0.027879415079951286,0.012765103951096535,0.5103334784507751,0.027903761714696884,0.012816976755857468,0.5124071836471558,
B100,decoder.layers.5.linear2.weight,decoder,1048576,True,0.02794414758682251,0.028475472703576088,0.007638298906385899,0.2733420431613922,0.028478603810071945,0.007669581566005945,0.2744610607624054,
B100,decoder.layers.5.linear2.bias,decoder,512,True,0.01236704457551241,0.015197047963738441,0.00878303311765194,0.7101965546607971,0.015220529399812222,0.008823266252875328,0.7134497761726379,
B100,decoder.layers.5.norm1.weight,decoder,512,True,1.0,1.0031379461288452,0.006673821713775396,0.006673821713775396,1.00327467918396,0.006747638341039419,0.0067476388067007065,
B100,decoder.layers.5.norm1.bias,decoder,512,True,0.0,0.013472873717546463,0.013472873717546463,,0.013590540736913681,0.013590540736913681,,init norm zero: rel change null
B100,decoder.layers.5.norm2.weight,decoder,512,True,1.0,0.9992580413818359,0.007321062497794628,0.007321062497794628,0.9994136691093445,0.007334135007113218,0.007334135007113218,
B100,decoder.layers.5.norm2.bias,decoder,512,True,0.0,0.019694454967975616,0.019694454967975616,,0.019893720746040344,0.019893720746040344,,init norm zero: rel change null
B100,decoder.layers.5.norm3.weight,decoder,512,True,1.0,0.9853517413139343,0.016576064750552177,0.016576066613197327,0.9853152632713318,0.016609735786914825,0.016609733924269676,
B100,decoder.layers.5.norm3.bias,decoder,512,True,0.0,0.014100881293416023,0.014100881293416023,,0.014180690981447697,0.014180690981447697,,init norm zero: rel change null
B100,decoder.norm.weight,decoder,512,True,1.0,0.9782053828239441,0.02262609265744686,0.02262609265744686,0.9782446026802063,0.022591374814510345,0.022591378539800644,
B100,decoder.norm.bias,decoder,512,True,0.0,0.01352062076330185,0.01352062076330185,,0.013615953736007214,0.013615953736007214,,init norm zero: rel change null
B100,edos_out_head.layers.0.weight,spectrum_heads,1536,True,0.01491134986281395,0.009138260968029499,0.007962602190673351,0.5339961647987366,0.009185949340462685,0.007943268865346909,0.5326995253562927,
B100,edos_out_head.layers.0.bias,spectrum_heads,1,True,0.02124938927590847,0.5029926896095276,0.48174330592155457,22.67092514038086,0.5072339773178101,0.48598459362983704,22.870519638061523,
B100,phdos_out_head.layers.0.weight,spectrum_heads,2359296,True,0.014740710146725178,0.016327733173966408,0.007528642192482948,0.5107316970825195,0.016329634934663773,0.0075480882078409195,0.5120514631271362,
B100,phdos_out_head.layers.0.bias,spectrum_heads,1536,True,0.014425563625991344,0.015805916860699654,0.0078080929815769196,0.5412677526473999,0.015813224017620087,0.007821068167686462,0.5421672463417053,
B100,phdos_out_head.layers.2.weight,spectrum_heads,7077888,True,0.008507770486176014,0.01117306761443615,0.007389785721898079,0.8684958815574646,0.011178835295140743,0.007403962779790163,0.8701670169830322,
B100,phdos_out_head.layers.2.bias,spectrum_heads,1536,True,0.00845134723931551,0.01085948757827282,0.007055703084915876,0.8348612785339355,0.010867513716220856,0.007070621941238642,0.8366266489028931,
B100,phdos_out_head.layers.4.weight,spectrum_heads,7077888,True,0.008502992801368237,0.01240001805126667,0.009061082266271114,1.0653630495071411,0.012425962835550308,0.009096480906009674,1.0695176124572754,
B100,phdos_out_head.layers.4.bias,spectrum_heads,1536,True,0.008493307046592236,0.010852716863155365,0.006743757985532284,0.7940084338188171,0.010847648605704308,0.006734602618962526,0.7929306030273438,
B100,phdos_out_head.layers.6.weight,spectrum_heads,7077888,True,0.008507122285664082,0.010524428449571133,0.006319154053926468,0.7425569891929626,0.010542844422161579,0.006349595729261637,0.7461273074150085,
B100,phdos_out_head.layers.6.bias,spectrum_heads,1536,True,0.008311780169606209,0.011225995607674122,0.00655227480456233,0.7883118987083435,0.011232195422053337,0.006559798493981361,0.7892169952392578,
B100,phdos_out_head.layers.8.weight,spectrum_heads,7077888,True,0.008505870588123798,0.010459348559379578,0.006244046613574028,0.7338305115699768,0.01048495527356863,0.006287197582423687,0.7388989925384521,
B100,phdos_out_head.layers.8.bias,spectrum_heads,1536,True,0.008476004004478455,0.017292596399784088,0.014312220737338066,1.688557744026184,0.01731865480542183,0.014340209774672985,1.6918599605560303,
B100,phdos_out_head.layers.10.weight,spectrum_heads,4608,True,0.008478205651044846,0.016851317137479782,0.013475234620273113,1.5893970727920532,0.01726246066391468,0.01388220489025116,1.6373989582061768,
B100,phdos_out_head.layers.10.bias,spectrum_heads,1,True,0.014027372002601624,0.7298257946968079,0.7157984375953674,51.028690338134766,0.7374840378761292,0.7234566807746887,51.574642181396484,
Z100,edos_query_embed,other,65536,True,0.05573493242263794,0.05770722031593323,0.017149100080132484,0.30769047141075134,0.05774206668138504,0.017311153933405876,0.3105981647968292,
Z100,edos_tgt,other,65536,True,0.05598900467157364,0.055893801152706146,0.013373485766351223,0.2388591468334198,0.05587966740131378,0.013472583144903183,0.24062907695770264,
Z100,phdos_query_embed,other,32768,True,0.05891909822821617,0.06068496033549309,0.014680047519505024,0.24915587902069092,0.06070568785071373,0.0147903673350811,0.2510283589363098,
Z100,phdos_tgt,other,32768,True,0.05926153063774109,0.05891423672437668,0.008400452323257923,0.1417522132396698,0.058897264301776886,0.008454296737909317,0.14266081154346466,
Z100,eta_head.mlp.0.weight,scale_head,65536,True,0.05555647239089012,0.05624847114086151,0.013408650644123554,0.24135158956050873,0.056275978684425354,0.013547706417739391,0.2438546121120453,
Z100,eta_head.mlp.0.bias,scale_head,128,True,0.025594282895326614,0.030193334445357323,0.018933076411485672,0.7397384643554688,0.030227409675717354,0.018980180844664574,0.7415789365768433,
Z100,eta_head.mlp.2.weight,scale_head,8192,True,0.10231231898069382,0.10282953828573227,0.013868369162082672,0.13554935157299042,0.1028698980808258,0.014013534411787987,0.136968195438385,
Z100,eta_head.mlp.2.bias,scale_head,64,True,0.052974503487348557,0.057773955166339874,0.02183067426085472,0.4120977818965912,0.05776727572083473,0.02186126820743084,0.41267532110214233,
Z100,eta_head.mlp.4.weight,scale_head,128,True,0.17321841418743134,0.1788579523563385,0.016554009169340134,0.0955672636628151,0.17921528220176697,0.016837894916534424,0.09720616042613983,
Z100,eta_head.mlp.4.bias,scale_head,2,True,0.0,0.02544756792485714,0.02544756792485714,,0.025376945734024048,0.025376945734024048,,init norm zero: rel change null
Z100,tok_emb.weight,tok_emb,60416,True,0.056068047881126404,0.05550669878721237,0.0054789939895272255,0.09772051870822906,0.055488575249910355,0.00551737891510129,0.09840511530637741,
Z100,atom_norm.weight,atom_norm,512,True,1.0,0.9845879673957825,0.016601962968707085,0.016601962968707085,0.9844140410423279,0.016774378716945648,0.0167743768543005,
Z100,atom_norm.bias,atom_norm,512,True,0.0,0.009340854361653328,0.009340854361653328,,0.009408002719283104,0.009408002719283104,,init norm zero: rel change null
Z100,encoder.layers.0.rp_proj.weight,encoder.layer0.rp_proj,294912,True,0.04289410635828972,0.04496416449546814,0.0145871015265584,0.3400722146034241,0.044978801161050797,0.014660345390439034,0.3417796492576599,
Z100,encoder.layers.0.rp_proj.bias,encoder.layer0.rp_proj,512,True,0.024206414818763733,0.023852970451116562,0.0003667057608254254,0.015149115584790707,0.02384534291923046,0.0003740366082638502,0.015451962128281593,
Z100,encoder.layers.0.linear1.weight,encoder.layer0.other,1048576,True,0.027947120368480682,0.027576470747590065,0.00510364631190896,0.1826181411743164,0.027566595003008842,0.005115225445479155,0.18303246796131134,
Z100,encoder.layers.0.linear1.bias,encoder.layer0.other,2048,True,0.02560272626578808,0.028234150260686874,0.012370176613330841,0.4831586480140686,0.02824312075972557,0.01242480892688036,0.4852924644947052,
Z100,encoder.layers.0.linear2.weight,encoder.layer0.other,1048576,True,0.02798975259065628,0.027663173153996468,0.005294871050864458,0.18917159736156464,0.027653297409415245,0.00530780665576458,0.18963375687599182,
Z100,encoder.layers.0.linear2.bias,encoder.layer0.other,512,True,0.012920009903609753,0.013851349242031574,0.005725097376853228,0.4431186318397522,0.013842064887285233,0.005712772253900766,0.44216468930244446,
Z100,encoder.layers.0.norm1.weight,encoder.layer0.other,512,True,1.0,0.9834911227226257,0.017608705908060074,0.017608705908060074,0.9832800030708313,0.0178124587982893,0.0178124587982893,
Z100,encoder.layers.0.norm1.bias,encoder.layer0.other,512,True,0.0,0.008443985134363174,0.008443985134363174,,0.008519082330167294,0.008519082330167294,,init norm zero: rel change null
Z100,encoder.layers.0.norm2.weight,encoder.layer0.other,512,True,1.0,0.9881225824356079,0.012785554863512516,0.01278555579483509,0.9879624247550964,0.012936091981828213,0.012936091981828213,
Z100,encoder.layers.0.norm2.bias,encoder.layer0.other,512,True,0.0,0.009201476350426674,0.009201476350426674,,0.009295081719756126,0.009295081719756126,,init norm zero: rel change null
Z100,encoder.layers.1.rp_proj.weight,encoder.layer1.rp_proj,294912,True,0.042843930423259735,0.04452723264694214,0.013567464426159859,0.3166716694831848,0.0445462167263031,0.013653957284986973,0.31869086623191833,
Z100,encoder.layers.1.rp_proj.bias,encoder.layer1.rp_proj,512,True,0.024206414818763733,0.02385593019425869,0.0003637454647105187,0.01502681989222765,0.023848282173275948,0.00037117674946784973,0.015333817340433598,
Z100,encoder.layers.1.linear1.weight,encoder.layer1.other,1048576,True,0.027946729212999344,0.02786880172789097,0.0059046498499810696,0.2112821489572525,0.027863025665283203,0.005922027863562107,0.21190400421619415,
Z100,encoder.layers.1.linear1.bias,encoder.layer1.other,2048,True,0.02560272626578808,0.02737910859286785,0.010914881713688374,0.42631715536117554,0.02738136239349842,0.010944322682917118,0.4274670481681824,
Z100,encoder.layers.1.linear2.weight,encoder.layer1.other,1048576,True,0.02794608473777771,0.027762258425354958,0.005576197523623705,0.1995340883731842,0.02775435894727707,0.005593452602624893,0.20015162229537964,
Z100,encoder.layers.1.linear2.bias,encoder.layer1.other,512,True,0.012920009903609753,0.014230746775865555,0.00648122513666749,0.5016424059867859,0.01422414556145668,0.006496722344309092,0.5028419494628906,
Z100,encoder.layers.1.norm1.weight,encoder.layer1.other,512,True,1.0,0.9861664175987244,0.014729946851730347,0.014729945920407772,0.9859846830368042,0.014901362359523773,0.014901363290846348,
Z100,encoder.layers.1.norm1.bias,encoder.layer1.other,512,True,0.0,0.008778082206845284,0.008778082206845284,,0.008867401629686356,0.008867401629686356,,init norm zero: rel change null
Z100,encoder.layers.1.norm2.weight,encoder.layer1.other,512,True,1.0,0.9898251891136169,0.011227327398955822,0.011227328330278397,0.9896948337554932,0.011344924569129944,0.011344924569129944,
Z100,encoder.layers.1.norm2.bias,encoder.layer1.other,512,True,0.0,0.009387710131704807,0.009387710131704807,,0.00948914885520935,0.00948914885520935,,init norm zero: rel change null
Z100,encoder.layers.2.rp_proj.weight,encoder.layer2.rp_proj,294912,True,0.04292350262403488,0.044645506888628006,0.013791143894195557,0.32129567861557007,0.0446644090116024,0.01387818343937397,0.32332342863082886,
Z100,encoder.layers.2.rp_proj.bias,encoder.layer2.rp_proj,512,True,0.024206414818763733,0.0238505732268095,0.00036734851892106235,0.015175667591392994,0.023843131959438324,0.0003745937719941139,0.015474979765713215,
Z100,encoder.layers.2.linear1.weight,encoder.layer2.other,1048576,True,0.027925075963139534,0.028117267414927483,0.006468890234827995,0.23165124654769897,0.02811342291533947,0.006490928586572409,0.23244024813175201,
Z100,encoder.layers.2.linear1.bias,encoder.layer2.other,2048,True,0.02560272626578808,0.027379922568798065,0.010966110974550247,0.4283181428909302,0.027385609224438667,0.011007034219801426,0.42991650104522705,
Z100,encoder.layers.2.linear2.weight,encoder.layer2.other,1048576,True,0.02793624810874462,0.027923017740249634,0.0058958749286830425,0.21104669570922852,0.02791593410074711,0.0059160809032619,0.21177053451538086,
Z100,encoder.layers.2.linear2.bias,encoder.layer2.other,512,True,0.012920009903609753,0.014617438428103924,0.007023062091320753,0.5435802936553955,0.014620665460824966,0.0070476834662258625,0.5454859733581543,
Z100,encoder.layers.2.norm1.weight,encoder.layer2.other,512,True,1.0,0.9879658818244934,0.013033252209424973,0.013033252209424973,0.9877989292144775,0.013187063857913017,0.013187063857913017,
Z100,encoder.layers.2.norm1.bias,encoder.layer2.other,512,True,0.0,0.009607182815670967,0.009607182815670967,,0.009724489413201809,0.009724489413201809,,init norm zero: rel change null
Z100,encoder.layers.2.norm2.weight,encoder.layer2.other,512,True,1.0,0.9897005558013916,0.011404357850551605,0.011404357850551605,0.9895682334899902,0.011519971303641796,0.01151997223496437,
Z100,encoder.layers.2.norm2.bias,encoder.layer2.other,512,True,0.0,0.009822237305343151,0.009822237305343151,,0.009933266788721085,0.009933266788721085,,init norm zero: rel change null
Z100,encoder.layers.3.rp_proj.weight,encoder.layer3.rp_proj,294912,True,0.04292509704828262,0.04461737349629402,0.014046003110706806,0.3272209167480469,0.04463666304945946,0.014137537218630314,0.3293537497520447,
Z100,encoder.layers.3.rp_proj.bias,encoder.layer3.rp_proj,512,True,0.024206414818763733,0.02384989894926548,0.0003687316202558577,0.015232806093990803,0.023842288181185722,0.00037617594352923334,0.01554033998399973,
Z100,encoder.layers.3.linear1.weight,encoder.layer3.other,1048576,True,0.027946986258029938,0.02834649384021759,0.006909243296831846,0.2472269982099533,0.02834426425397396,0.006935817189514637,0.24817778170108795,
Z100,encoder.layers.3.linear1.bias,encoder.layer3.other,2048,True,0.02560272626578808,0.027737991884350777,0.01149720512330532,0.4490617513656616,0.02775089628994465,0.011540619656443596,0.4507574737071991,
Z100,encoder.layers.3.linear2.weight,encoder.layer3.other,1048576,True,0.02791285514831543,0.028010042384266853,0.006138047203421593,0.21990011632442474,0.02800368331372738,0.006162118632346392,0.22076234221458435,
Z100,encoder.layers.3.linear2.bias,encoder.layer3.other,512,True,0.012920009903609753,0.01485492940992117,0.007202357519418001,0.5574575662612915,0.014860594645142555,0.007232290226966143,0.5597743988037109,
Z100,encoder.layers.3.norm1.weight,encoder.layer3.other,512,True,1.0,0.9894053936004639,0.011852174066007137,0.011852174997329712,0.9892513155937195,0.01198524609208107,0.011985245160758495,
Z100,encoder.layers.3.norm1.bias,encoder.layer3.other,512,True,0.0,0.011006130836904049,0.011006130836904049,,0.011158997192978859,0.011158997192978859,,init norm zero: rel change null
Z100,encoder.layers.3.norm2.weight,encoder.layer3.other,512,True,1.0,0.989433765411377,0.01175727229565382,0.011757273226976395,0.9892979860305786,0.011878864839673042,0.011878865770995617,
Z100,encoder.layers.3.norm2.bias,encoder.layer3.other,512,True,0.0,0.01031931210309267,0.01031931210309267,,0.010452314279973507,0.010452314279973507,,init norm zero: rel change null
Z100,encoder.layers.4.rp_proj.weight,encoder.layer4.rp_proj,294912,True,0.04293172061443329,0.04477546364068985,0.01448215264827013,0.33733004331588745,0.04479673504829407,0.014583061449229717,0.33967986702919006,
Z100,encoder.layers.4.rp_proj.bias,encoder.layer4.rp_proj,512,True,0.024206414818763733,0.023855019360780716,0.00036387055297382176,0.015031987801194191,0.023847369477152824,0.0003712996549438685,0.01533889677375555,
Z100,encoder.layers.4.linear1.weight,encoder.layer4.other,1048576,True,0.027933845296502113,0.0284904632717371,0.007350776344537735,0.26314979791641235,0.028489936143159866,0.0073823328129947186,0.26427924633026123,
Z100,encoder.layers.4.linear1.bias,encoder.layer4.other,2048,True,0.02560272626578808,0.02812487818300724,0.012486540712416172,0.4877036213874817,0.028149617835879326,0.012552746571600437,0.49028950929641724,
Z100,encoder.layers.4.linear2.weight,encoder.layer4.other,1048576,True,0.02795318141579628,0.028124293312430382,0.006323188543319702,0.22620604932308197,0.02811811864376068,0.006349856499582529,0.22715964913368225,
Z100,encoder.layers.4.linear2.bias,encoder.layer4.other,512,True,0.012920009903609753,0.013989427126944065,0.006151620298624039,0.47613126039505005,0.013995976187288761,0.006192146334797144,0.4792678952217102,
Z100,encoder.layers.4.norm1.weight,encoder.layer4.other,512,True,1.0,0.9904118180274963,0.011300365440547466,0.011300365440547466,0.9902681708335876,0.011424507945775986,0.011424507945775986,
Z100,encoder.layers.4.norm1.bias,encoder.layer4.other,512,True,0.0,0.011088429018855095,0.011088429018855095,,0.011263870634138584,0.011263870634138584,,init norm zero: rel change null
Z100,encoder.layers.4.norm2.weight,encoder.layer4.other,512,True,1.0,0.989160418510437,0.01240939274430275,0.01240939274430275,0.9890084266662598,0.012539705261588097,0.012539706192910671,
Z100,encoder.layers.4.norm2.bias,encoder.layer4.other,512,True,0.0,0.008662182837724686,0.008662182837724686,,0.008773584850132465,0.008773584850132465,,init norm zero: rel change null
Z100,encoder.layers.5.rp_proj.weight,encoder.layer5.rp_proj,294912,True,0.04289816692471504,0.04496617987751961,0.015421700663864613,0.35949546098709106,0.04499036446213722,0.015526398085057735,0.3619357943534851,
Z100,encoder.layers.5.rp_proj.bias,encoder.layer5.rp_proj,512,True,0.024206414818763733,0.023849675431847572,0.0003716248902492225,0.015352331101894379,0.023841971531510353,0.0003789767506532371,0.01565604843199253,
Z100,encoder.layers.5.linear1.weight,encoder.layer5.other,1048576,True,0.027934495359659195,0.0284944586455822,0.0075609395280480385,0.27066683769226074,0.0284922756254673,0.0075951688922941685,0.27189213037490845,
Z100,encoder.layers.5.linear1.bias,encoder.layer5.other,2048,True,0.02560272626578808,0.029406730085611343,0.015458772890269756,0.6037940979003906,0.029469775035977364,0.015581139363348484,0.6085734963417053,
Z100,encoder.layers.5.linear2.weight,encoder.layer5.other,1048576,True,0.027911720797419548,0.02811194397509098,0.006454424932599068,0.23124368488788605,0.02810373716056347,0.006478152237832546,0.23209407925605774,
Z100,encoder.layers.5.linear2.bias,encoder.layer5.other,512,True,0.012920009903609753,0.013092000037431717,0.004817098379135132,0.37284016609191895,0.013098971918225288,0.004882149398326874,0.37787508964538574,
Z100,encoder.layers.5.norm1.weight,encoder.layer5.other,512,True,1.0,0.9905586242675781,0.011616744101047516,0.011616744101047516,0.9904277324676514,0.011718210764229298,0.011718210764229298,
Z100,encoder.layers.5.norm1.bias,encoder.layer5.other,512,True,0.0,0.009608807042241096,0.009608807042241096,,0.009770738892257214,0.009770738892257214,,init norm zero: rel change null
Z100,encoder.layers.5.norm2.weight,encoder.layer5.other,512,True,1.0,1.0012460947036743,0.011350401677191257,0.011350403539836407,1.0011022090911865,0.011330247856676579,0.011330247856676579,
Z100,encoder.layers.5.norm2.bias,encoder.layer5.other,512,True,0.0,0.006361373234540224,0.006361373234540224,,0.00639747641980648,0.00639747641980648,,init norm zero: rel change null
Z100,decoder.layers.0.self_attn.in_proj_weight,decoder,786432,True,0.03123430535197258,0.03148634359240532,0.006494436878710985,0.2079242765903473,0.031492769718170166,0.006547601893544197,0.20962530374526978,
Z100,decoder.layers.0.self_attn.in_proj_bias,decoder,1536,True,0.0,0.0033402720000594854,0.0033402720000594854,,0.0033421192783862352,0.0033421192783862352,,init norm zero: rel change null
Z100,decoder.layers.0.self_attn.out_proj.weight,decoder,262144,True,0.04428621008992195,0.042070645838975906,0.006472181994467974,0.146144300699234,0.04204564914107323,0.006488782353699207,0.14651906490325928,
Z100,decoder.layers.0.self_attn.out_proj.bias,decoder,512,True,0.0,0.004108563531190157,0.004108563531190157,,0.004101282451301813,0.004101282451301813,,init norm zero: rel change null
Z100,decoder.layers.0.multihead_attn.in_proj_weight,decoder,786432,True,0.03130209818482399,0.03216340392827988,0.008385860361158848,0.2679005563259125,0.03216928243637085,0.008433657698333263,0.2694273889064789,
Z100,decoder.layers.0.multihead_attn.in_proj_bias,decoder,1536,True,0.0,0.006001457571983337,0.006001457571983337,,0.006020172964781523,0.006020172964781523,,init norm zero: rel change null
Z100,decoder.layers.0.multihead_attn.out_proj.weight,decoder,262144,True,0.04411851614713669,0.043699879199266434,0.0063256751745939255,0.1433790922164917,0.04368677735328674,0.006361787207424641,0.14419756829738617,
Z100,decoder.layers.0.multihead_attn.out_proj.bias,decoder,512,True,0.0,0.00622590072453022,0.00622590072453022,,0.006271560676395893,0.006271560676395893,,init norm zero: rel change null
Z100,decoder.layers.0.linear1.weight,decoder,1048576,True,0.027939222753047943,0.028826341032981873,0.008538064546883106,0.30559343099594116,0.028835056349635124,0.008592463098466396,0.3075414001941681,
Z100,decoder.layers.0.linear1.bias,decoder,2048,True,0.02579360269010067,0.028727002441883087,0.014848782680928707,0.5756770372390747,0.02876974083483219,0.014953404664993286,0.57973313331604,
Z100,decoder.layers.0.linear2.weight,decoder,1048576,True,0.027925286442041397,0.02846730686724186,0.007137857377529144,0.2556052803993225,0.028468655422329903,0.007181315217167139,0.2571614980697632,
Z100,decoder.layers.0.linear2.bias,decoder,512,True,0.012804637663066387,0.012645763345062733,0.002601111074909568,0.20313818752765656,0.01263605896383524,0.0026058617513626814,0.20350921154022217,
Z100,decoder.layers.0.norm1.weight,decoder,512,True,1.0,0.9974508285522461,0.008116080425679684,0.008116079494357109,0.9973666071891785,0.00813866127282381,0.00813866127282381,
Z100,decoder.layers.0.norm1.bias,decoder,512,True,0.0,0.007096192799508572,0.007096192799508572,,0.007201605476438999,0.007201605476438999,,init norm zero: rel change null
Z100,decoder.layers.0.norm2.weight,decoder,512,True,1.0,0.9909395575523376,0.010873956605792046,0.010873955674469471,0.9908556342124939,0.010955463163554668,0.010955464094877243,
Z100,decoder.layers.0.norm2.bias,decoder,512,True,0.0,0.00812101922929287,0.00812101922929287,,0.008247997611761093,0.008247997611761093,,init norm zero: rel change null
Z100,decoder.layers.0.norm3.weight,decoder,512,True,1.0,0.9889993667602539,0.012792224995791912,0.012792224995791912,0.9889070391654968,0.012892577797174454,0.012892577797174454,
Z100,decoder.layers.0.norm3.bias,decoder,512,True,0.0,0.004511726088821888,0.004511726088821888,,0.004573863465338945,0.004573863465338945,,init norm zero: rel change null
Z100,decoder.layers.1.self_attn.in_proj_weight,decoder,786432,True,0.03125397861003876,0.03204004466533661,0.008018727414309978,0.25656577944755554,0.03205359727144241,0.008075800724327564,0.25839218497276306,
Z100,decoder.layers.1.self_attn.in_proj_bias,decoder,1536,True,0.0,0.004384019412100315,0.004384019412100315,,0.004396282602101564,0.004396282602101564,,init norm zero: rel change null
Z100,decoder.layers.1.self_attn.out_proj.weight,decoder,262144,True,0.044234517961740494,0.04308835417032242,0.005973964463919401,0.1350519359111786,0.04308133199810982,0.006012934260070324,0.1359330266714096,
Z100,decoder.layers.1.self_attn.out_proj.bias,decoder,512,True,0.0,0.0052324882708489895,0.0052324882708489895,,0.005248700268566608,0.005248700268566608,,init norm zero: rel change null
Z100,decoder.layers.1.multihead_attn.in_proj_weight,decoder,786432,True,0.03124341554939747,0.032487254589796066,0.00852911826223135,0.27298876643180847,0.032493241131305695,0.008574619889259338,0.2744450867176056,
Z100,decoder.layers.1.multihead_attn.in_proj_bias,decoder,1536,True,0.0,0.006028437986969948,0.006028437986969948,,0.0060426644049584866,0.0060426644049584866,,init norm zero: rel change null
Z100,decoder.layers.1.multihead_attn.out_proj.weight,decoder,262144,True,0.04416099563241005,0.043871283531188965,0.006682706065475941,0.15132606029510498,0.043852243572473526,0.006716383155435324,0.15208867192268372,
Z100,decoder.layers.1.multihead_attn.out_proj.bias,decoder,512,True,0.0,0.006458661984652281,0.006458661984652281,,0.006503184325993061,0.006503184325993061,,init norm zero: rel change null
Z100,decoder.layers.1.linear1.weight,decoder,1048576,True,0.027970703318715096,0.029387621209025383,0.009058499708771706,0.3238556981086731,0.029403185471892357,0.009122395887970924,0.3261404037475586,
Z100,decoder.layers.1.linear1.bias,decoder,2048,True,0.02579360269010067,0.028767218813300133,0.015053855255246162,0.5836275219917297,0.028817756101489067,0.015166734345257282,0.5880038142204285,
Z100,decoder.layers.1.linear2.weight,decoder,1048576,True,0.02794652245938778,0.028854021802544594,0.007589769084006548,0.27158308029174805,0.02886085771024227,0.007641197647899389,0.27342256903648376,
Z100,decoder.layers.1.linear2.bias,decoder,512,True,0.012804637663066387,0.013001233339309692,0.002815637504681945,0.2198920100927353,0.012994925491511822,0.002823322545737028,0.2204921990633011,
Z100,decoder.layers.1.norm1.weight,decoder,512,True,1.0,1.0016623735427856,0.006192425731569529,0.006192426662892103,1.001657247543335,0.006156508810818195,0.006156508810818195,
Z100,decoder.layers.1.norm1.bias,decoder,512,True,0.0,0.00863956194370985,0.00863956194370985,,0.008751040324568748,0.008751040324568748,,init norm zero: rel change null
Z100,decoder.layers.1.norm2.weight,decoder,512,True,1.0,0.9950226545333862,0.007526311092078686,0.007526311092078686,0.9949623942375183,0.007545692380517721,0.007545691914856434,
Z100,decoder.layers.1.norm2.bias,decoder,512,True,0.0,0.009374433197081089,0.009374433197081089,,0.009529494680464268,0.009529494680464268,,init norm zero: rel change null
Z100,decoder.layers.1.norm3.weight,decoder,512,True,1.0,0.991671085357666,0.010299951769411564,0.01029995083808899,0.9916180968284607,0.010346203111112118,0.010346202179789543,
Z100,decoder.layers.1.norm3.bias,decoder,512,True,0.0,0.004671128466725349,0.004671128466725349,,0.004739793017506599,0.004739793017506599,,init norm zero: rel change null
Z100,decoder.layers.2.self_attn.in_proj_weight,decoder,786432,True,0.03123806230723858,0.03225173428654671,0.008791453205049038,0.281434029340744,0.03226751461625099,0.008852950297296047,0.28340232372283936,
Z100,decoder.layers.2.self_attn.in_proj_bias,decoder,1536,True,0.0,0.0053181094117462635,0.0053181094117462635,,0.0053259641863405704,0.0053259641863405704,,init norm zero: rel change null
Z100,decoder.layers.2.self_attn.out_proj.weight,decoder,262144,True,0.044234130531549454,0.04306952655315399,0.006725691724568605,0.15204744040966034,0.0430670902132988,0.00677852937951684,0.1532420814037323,
Z100,decoder.layers.2.self_attn.out_proj.bias,decoder,512,True,0.0,0.004944885615259409,0.004944885615259409,,0.004959829151630402,0.004959829151630402,,init norm zero: rel change null
Z100,decoder.layers.2.multihead_attn.in_proj_weight,decoder,786432,True,0.031271498650312424,0.03260454162955284,0.008749011904001236,0.2797757387161255,0.03261052444577217,0.008797183632850647,0.2813161313533783,
Z100,decoder.layers.2.multihead_attn.in_proj_bias,decoder,1536,True,0.0,0.005428027361631393,0.005428027361631393,,0.005452678073197603,0.005452678073197603,,init norm zero: rel change null
Z100,decoder.layers.2.multihead_attn.out_proj.weight,decoder,262144,True,0.04416162520647049,0.043776411563158035,0.00694394763559103,0.15723931789398193,0.04375334084033966,0.006979938130825758,0.15805433690547943,
Z100,decoder.layers.2.multihead_attn.out_proj.bias,decoder,512,True,0.0,0.007060504052788019,0.007060504052788019,,0.0070999301970005035,0.0070999301970005035,,init norm zero: rel change null
Z100,decoder.layers.2.linear1.weight,decoder,1048576,True,0.0279641542583704,0.02958998642861843,0.009248635731637478,0.3307321071624756,0.02960876375436783,0.00931529700756073,0.33311551809310913,
Z100,decoder.layers.2.linear1.bias,decoder,2048,True,0.02579360269010067,0.02893909253180027,0.015389421954751015,0.5966371893882751,0.028983687981963158,0.015499180182814598,0.6008924841880798,
Z100,decoder.layers.2.linear2.weight,decoder,1048576,True,0.027951514348387718,0.029013127088546753,0.00782062578946352,0.27979302406311035,0.029022764414548874,0.007875854149460793,0.2817687690258026,
Z100,decoder.layers.2.linear2.bias,decoder,512,True,0.012804637663066387,0.01275550201535225,0.0029446659609675407,0.22996869683265686,0.012748866342008114,0.0029612781945616007,0.231266051530838,
Z100,decoder.layers.2.norm1.weight,decoder,512,True,1.0,1.0028785467147827,0.006445243954658508,0.006445243488997221,1.0028965473175049,0.0064257425256073475,0.006425742991268635,
Z100,decoder.layers.2.norm1.bias,decoder,512,True,0.0,0.008765890263020992,0.008765890263020992,,0.008893595077097416,0.008893595077097416,,init norm zero: rel change null
Z100,decoder.layers.2.norm2.weight,decoder,512,True,1.0,0.9967530965805054,0.006198158022016287,0.006198158487677574,0.9966996908187866,0.00620685052126646,0.00620685052126646,
Z100,decoder.layers.2.norm2.bias,decoder,512,True,0.0,0.010550640523433685,0.010550640523433685,,0.010716679506003857,0.010716679506003857,,init norm zero: rel change null
Z100,decoder.layers.2.norm3.weight,decoder,512,True,1.0,0.9929940104484558,0.009014085866510868,0.009014085866510868,0.9929799437522888,0.009024060331285,0.009024060331285,
Z100,decoder.layers.2.norm3.bias,decoder,512,True,0.0,0.0045102727599442005,0.0045102727599442005,,0.004574660211801529,0.004574660211801529,,init norm zero: rel change null
Z100,decoder.layers.3.self_attn.in_proj_weight,decoder,786432,True,0.031245354562997818,0.03230347856879234,0.008889835327863693,0.284516841173172,0.03232137858867645,0.008953681215643883,0.2865604758262634,
Z100,decoder.layers.3.self_attn.in_proj_bias,decoder,1536,True,0.0,0.005541076418012381,0.005541076418012381,,0.005565974861383438,0.005565974861383438,,init norm zero: rel change null
Z100,decoder.layers.3.self_attn.out_proj.weight,decoder,262144,True,0.044152215123176575,0.043036576360464096,0.007014018017798662,0.15886007249355316,0.04303520545363426,0.007067312020808458,0.16006708145141602,
Z100,decoder.layers.3.self_attn.out_proj.bias,decoder,512,True,0.0,0.004691401030868292,0.004691401030868292,,0.004696824122220278,0.004696824122220278,,init norm zero: rel change null
Z100,decoder.layers.3.multihead_attn.in_proj_weight,decoder,786432,True,0.03123442456126213,0.03248487412929535,0.008592073805630207,0.27508240938186646,0.03249165788292885,0.008642909117043018,0.27671024203300476,
Z100,decoder.layers.3.multihead_attn.in_proj_bias,decoder,1536,True,0.0,0.005647153593599796,0.005647153593599796,,0.0056605832651257515,0.0056605832651257515,,init norm zero: rel change null
Z100,decoder.layers.3.multihead_attn.out_proj.weight,decoder,262144,True,0.04431571811437607,0.04375835135579109,0.006933234632015228,0.15645094215869904,0.043731119483709335,0.006970454938709736,0.15729078650474548,
Z100,decoder.layers.3.multihead_attn.out_proj.bias,decoder,512,True,0.0,0.007790884468704462,0.007790884468704462,,0.007842816412448883,0.007842816412448883,,init norm zero: rel change null
Z100,decoder.layers.3.linear1.weight,decoder,1048576,True,0.027925120666623116,0.02959330938756466,0.009249712340533733,0.33123210072517395,0.029612401500344276,0.00931596290320158,0.3336043357849121,
Z100,decoder.layers.3.linear1.bias,decoder,2048,True,0.02579360269010067,0.02905874140560627,0.015344620682299137,0.5949003100395203,0.029105765745043755,0.015462325885891914,0.5994636416435242,
Z100,decoder.layers.3.linear2.weight,decoder,1048576,True,0.027955440804362297,0.029056083410978317,0.007891654968261719,0.28229454159736633,0.02906608395278454,0.007947208359837532,0.2842809855937958,
Z100,decoder.layers.3.linear2.bias,decoder,512,True,0.012804637663066387,0.012794433161616325,0.0029222010634839535,0.22821426391601562,0.012787481769919395,0.002944735111668706,0.22997410595417023,
Z100,decoder.layers.3.norm1.weight,decoder,512,True,1.0,1.0046608448028564,0.007297108415514231,0.007297109346836805,1.0047156810760498,0.007319737691432238,0.007319737691432238,
Z100,decoder.layers.3.norm1.bias,decoder,512,True,0.0,0.008940462954342365,0.008940462954342365,,0.009059611707925797,0.009059611707925797,,init norm zero: rel change null
Z100,decoder.layers.3.norm2.weight,decoder,512,True,1.0,0.9972353577613831,0.006136862561106682,0.006136863026767969,0.9971834421157837,0.006124733481556177,0.006124733481556177,
Z100,decoder.layers.3.norm2.bias,decoder,512,True,0.0,0.011106391437351704,0.011106391437351704,,0.011275344528257847,0.011275344528257847,,init norm zero: rel change null
Z100,decoder.layers.3.norm3.weight,decoder,512,True,1.0,0.993636429309845,0.008610742166638374,0.008610742166638374,0.9936665892601013,0.008584489114582539,0.008584489114582539,
Z100,decoder.layers.3.norm3.bias,decoder,512,True,0.0,0.0049212221056222916,0.0049212221056222916,,0.004989491309970617,0.004989491309970617,,init norm zero: rel change null
Z100,decoder.layers.4.self_attn.in_proj_weight,decoder,786432,True,0.03125794604420662,0.032184697687625885,0.008510344661772251,0.27226176857948303,0.03220310062170029,0.00857432559132576,0.2743082344532013,
Z100,decoder.layers.4.self_attn.in_proj_bias,decoder,1536,True,0.0,0.005245748907327652,0.005245748907327652,,0.005271382629871368,0.005271382629871368,,init norm zero: rel change null
Z100,decoder.layers.4.self_attn.out_proj.weight,decoder,262144,True,0.04423278197646141,0.04314260184764862,0.007007638458162546,0.15842631459236145,0.043141819536685944,0.007061604876071215,0.15964634716510773,
Z100,decoder.layers.4.self_attn.out_proj.bias,decoder,512,True,0.0,0.004791914951056242,0.004791914951056242,,0.00480188662186265,0.00480188662186265,,init norm zero: rel change null
Z100,decoder.layers.4.multihead_attn.in_proj_weight,decoder,786432,True,0.031248290091753006,0.03250974416732788,0.008658292703330517,0.2770802080631256,0.032517023384571075,0.008711404167115688,0.27877989411354065,
Z100,decoder.layers.4.multihead_attn.in_proj_bias,decoder,1536,True,0.0,0.00546841649338603,0.00546841649338603,,0.00548719335347414,0.00548719335347414,,init norm zero: rel change null
Z100,decoder.layers.4.multihead_attn.out_proj.weight,decoder,262144,True,0.04415121674537659,0.043548401445150375,0.006951559334993362,0.1574488878250122,0.043519943952560425,0.006988175213336945,0.1582782119512558,
Z100,decoder.layers.4.multihead_attn.out_proj.bias,decoder,512,True,0.0,0.008888203650712967,0.008888203650712967,,0.008938396349549294,0.008938396349549294,,init norm zero: rel change null
Z100,decoder.layers.4.linear1.weight,decoder,1048576,True,0.027967067435383797,0.029539890587329865,0.009176529012620449,0.3281192183494568,0.02955746278166771,0.009240464307367802,0.3304050862789154,
Z100,decoder.layers.4.linear1.bias,decoder,2048,True,0.02579360269010067,0.028772516176104546,0.014833319932222366,0.5750775337219238,0.028821732848882675,0.014938662759959698,0.5791615843772888,
Z100,decoder.layers.4.linear2.weight,decoder,1048576,True,0.027966555207967758,0.02899685502052307,0.007948465645313263,0.284213662147522,0.02900579571723938,0.008002917282283306,0.28616076707839966,
Z100,decoder.layers.4.linear2.bias,decoder,512,True,0.012804637663066387,0.012688196264207363,0.0029326044023036957,0.22902673482894897,0.01267949864268303,0.0029621082358062267,0.23133088648319244,
Z100,decoder.layers.4.norm1.weight,decoder,512,True,1.0,1.0054049491882324,0.007820243015885353,0.007820243015885353,1.0054751634597778,0.007859844714403152,0.007859845645725727,
Z100,decoder.layers.4.norm1.bias,decoder,512,True,0.0,0.009633427485823631,0.009633427485823631,,0.009770573116838932,0.009770573116838932,,init norm zero: rel change null
Z100,decoder.layers.4.norm2.weight,decoder,512,True,1.0,0.996936559677124,0.006380940787494183,0.006380940787494183,0.9968880414962769,0.006380982231348753,0.00638098269701004,
Z100,decoder.layers.4.norm2.bias,decoder,512,True,0.0,0.013212415389716625,0.013212415389716625,,0.01340558473020792,0.01340558473020792,,init norm zero: rel change null
Z100,decoder.layers.4.norm3.weight,decoder,512,True,1.0,0.9926090836524963,0.009436232969164848,0.009436232969164848,0.9926842451095581,0.009381330572068691,0.009381330572068691,
Z100,decoder.layers.4.norm3.bias,decoder,512,True,0.0,0.006596648599952459,0.006596648599952459,,0.006701924372464418,0.006701924372464418,,init norm zero: rel change null
Z100,decoder.layers.5.self_attn.in_proj_weight,decoder,786432,True,0.031239241361618042,0.03185741975903511,0.007844186387956142,0.2510998547077179,0.03187091648578644,0.007898886688053608,0.2528509795665741,
Z100,decoder.layers.5.self_attn.in_proj_bias,decoder,1536,True,0.0,0.005275906063616276,0.005275906063616276,,0.005295112729072571,0.005295112729072571,,init norm zero: rel change null
Z100,decoder.layers.5.self_attn.out_proj.weight,decoder,262144,True,0.04425601288676262,0.04320300370454788,0.006711724679917097,0.15165676176548004,0.04320267587900162,0.0067682890221476555,0.15293477475643158,
Z100,decoder.layers.5.self_attn.out_proj.bias,decoder,512,True,0.0,0.0053779128938913345,0.0053779128938913345,,0.005386653356254101,0.005386653356254101,,init norm zero: rel change null
Z100,decoder.layers.5.multihead_attn.in_proj_weight,decoder,786432,True,0.031245050951838493,0.0322297103703022,0.008286286145448685,0.2652026116847992,0.03223303705453873,0.008334117010235786,0.2667329013347626,
Z100,decoder.layers.5.multihead_attn.in_proj_bias,decoder,1536,True,0.0,0.005920663475990295,0.005920663475990295,,0.005929427687078714,0.005929427687078714,,init norm zero: rel change null
Z100,decoder.layers.5.multihead_attn.out_proj.weight,decoder,262144,True,0.04417824745178223,0.04338603466749191,0.006575391627848148,0.14883758127689362,0.0433572493493557,0.006612639408558607,0.14968083798885345,
Z100,decoder.layers.5.multihead_attn.out_proj.bias,decoder,512,True,0.0,0.010760441422462463,0.010760441422462463,,0.010821458883583546,0.010821458883583546,,init norm zero: rel change null
Z100,decoder.layers.5.linear1.weight,decoder,1048576,True,0.027946820482611656,0.02916850708425045,0.009008262306451797,0.3223356604576111,0.029181616380810738,0.009072753600776196,0.32464346289634705,
Z100,decoder.layers.5.linear1.bias,decoder,2048,True,0.02579360269010067,0.028008174151182175,0.012607402168214321,0.48878026008605957,0.028042301535606384,0.012690912000834942,0.49201783537864685,
Z100,decoder.layers.5.linear2.weight,decoder,1048576,True,0.027937572449445724,0.028505409136414528,0.007663501892238855,0.27430814504623413,0.028506383299827576,0.00772266648709774,0.27642539143562317,
Z100,decoder.layers.5.linear2.bias,decoder,512,True,0.012804637663066387,0.015863921493291855,0.009475205093622208,0.7399822473526001,0.01592537760734558,0.009581292979419231,0.748267412185669,
Z100,decoder.layers.5.norm1.weight,decoder,512,True,1.0,1.0028514862060547,0.006740487180650234,0.0067404876463115215,1.0028657913208008,0.0067322589457035065,0.006732258480042219,
Z100,decoder.layers.5.norm1.bias,decoder,512,True,0.0,0.01384140457957983,0.01384140457957983,,0.014062006957828999,0.014062006957828999,,init norm zero: rel change null
Z100,decoder.layers.5.norm2.weight,decoder,512,True,1.0,0.9990674257278442,0.007231287658214569,0.007231287192553282,0.9991387128829956,0.007219555322080851,0.007219554856419563,
Z100,decoder.layers.5.norm2.bias,decoder,512,True,0.0,0.020023828372359276,0.020023828372359276,,0.020375078544020653,0.020375078544020653,,init norm zero: rel change null
Z100,decoder.layers.5.norm3.weight,decoder,512,True,1.0,0.9854498505592346,0.016506655141711235,0.016506653279066086,0.9852306842803955,0.016701415181159973,0.016701415181159973,
Z100,decoder.layers.5.norm3.bias,decoder,512,True,0.0,0.014951794408261776,0.014951794408261776,,0.01512381061911583,0.01512381061911583,,init norm zero: rel change null
Z100,decoder.norm.weight,decoder,512,True,1.0,0.9781896471977234,0.022732093930244446,0.022732095792889595,0.9781180024147034,0.022811319679021835,0.022811321541666985,
Z100,decoder.norm.bias,decoder,512,True,0.0,0.014572021551430225,0.014572021551430225,,0.014769165776669979,0.014769165776669979,,init norm zero: rel change null
Z100,edos_out_head.layers.0.weight,spectrum_heads,1536,True,0.014463765546679497,0.008848634548485279,0.007793479133397341,0.5388278365135193,0.008943280205130577,0.007767175789922476,0.5370092988014221,
Z100,edos_out_head.layers.0.bias,spectrum_heads,1,True,0.01834169775247574,0.4868653118610382,0.46852362155914307,25.544179916381836,0.4953378736972809,0.47699618339538574,26.0061092376709,
Z100,phdos_out_head.layers.0.weight,spectrum_heads,2359296,True,0.014736348763108253,0.016323134303092957,0.007517870515584946,0.5101525187492371,0.01632421463727951,0.00755365751683712,0.5125806331634521,
Z100,phdos_out_head.layers.0.bias,spectrum_heads,1536,True,0.014790252782404423,0.016862912103533745,0.00791206769645214,0.5349515676498413,0.016868269070982933,0.007941079325973988,0.5369130969047546,
Z100,phdos_out_head.layers.2.weight,spectrum_heads,7077888,True,0.008508218452334404,0.011171010322868824,0.007376591209322214,0.866899311542511,0.011181307956576347,0.00740362424403429,0.8700774908065796,
Z100,phdos_out_head.layers.2.bias,spectrum_heads,1536,True,0.00858294777572155,0.011242535896599293,0.007310877088457346,0.8517909646034241,0.011265544220805168,0.007350968196988106,0.8564620018005371,
Z100,phdos_out_head.layers.4.weight,spectrum_heads,7077888,True,0.008503404445946217,0.012357012368738651,0.009005906991660595,1.058790922164917,0.01240929402410984,0.009079106152057648,1.0673848390579224,
Z100,phdos_out_head.layers.4.bias,spectrum_heads,1536,True,0.00848326738923788,0.010147378779947758,0.005985181778669357,0.7055279612541199,0.01014388632029295,0.005981265101581812,0.7050662636756897,
Z100,phdos_out_head.layers.6.weight,spectrum_heads,7077888,True,0.008505025878548622,0.010326196439564228,0.005982647184282541,0.7032274007797241,0.010356945917010307,0.006037452723830938,0.7096654176712036,
Z100,phdos_out_head.layers.6.bias,spectrum_heads,1536,True,0.008410545065999031,0.010543673299252987,0.00596502935513854,0.7092322707176208,0.01054997369647026,0.005977889057248831,0.7107613682746887,
Z100,phdos_out_head.layers.8.weight,spectrum_heads,7077888,True,0.008507908321917057,0.01026741974055767,0.005909585393965244,0.6943698525428772,0.010311801917850971,0.0059896958991885185,0.7037873864173889,
Z100,phdos_out_head.layers.8.bias,spectrum_heads,1536,True,0.008323578163981438,0.016888055950403214,0.0141069320961833,1.694815754890442,0.01693366840481758,0.01416107453405857,1.7013205289840698,
Z100,phdos_out_head.layers.10.weight,spectrum_heads,4608,True,0.008540323935449123,0.015780402347445488,0.012514830566942692,1.465381383895874,0.0164948683232069,0.013213451951742172,1.5471839904785156,
Z100,phdos_out_head.layers.10.bias,spectrum_heads,1,True,0.0054338546469807625,0.7017480134963989,0.6963141560554504,128.14369201660156,0.7161443829536438,0.7107105255126953,130.79307556152344,
ZP100,edos_query_embed,other,65536,True,0.05573493242263794,0.05762916058301926,0.01717948541045189,0.30823567509651184,0.0576489083468914,0.01724306121468544,0.30937620997428894,
ZP100,edos_tgt,other,65536,True,0.05598900467157364,0.05588327720761299,0.013385524973273277,0.23907414078712463,0.05588430538773537,0.013425379991531372,0.2397860735654831,
ZP100,phdos_query_embed,other,32768,True,0.05891909822821617,0.06062375381588936,0.01465440634638071,0.24872085452079773,0.06063876673579216,0.01469687931239605,0.24944160878658295,
ZP100,phdos_tgt,other,32768,True,0.05926153063774109,0.05888836085796356,0.008475858718156815,0.14302462339401245,0.0588885061442852,0.008498163893818855,0.14340102672576904,
ZP100,eta_head.mlp.0.weight,scale_head,65536,True,0.05555647239089012,0.056248150765895844,0.013377089984714985,0.24078364670276642,0.0562652163207531,0.013430575840175152,0.24174614250659943,
ZP100,eta_head.mlp.0.bias,scale_head,128,True,0.025594282895326614,0.029586534947156906,0.01873849146068096,0.7321358323097229,0.02960163541138172,0.01875864341855049,0.7329232692718506,
ZP100,eta_head.mlp.2.weight,scale_head,8192,True,0.10231231898069382,0.10287985950708389,0.014014731161296368,0.13697989284992218,0.10290880501270294,0.014074321836233139,0.1375623345375061,
ZP100,eta_head.mlp.2.bias,scale_head,64,True,0.052974503487348557,0.05760689079761505,0.02149493247270584,0.4057599902153015,0.05761251971125603,0.021513471379876137,0.4061099886894226,
ZP100,eta_head.mlp.4.weight,scale_head,128,True,0.17321841418743134,0.17887283861637115,0.016609685495495796,0.09588868916034698,0.17903009057044983,0.016735220327973366,0.09661341458559036,
ZP100,eta_head.mlp.4.bias,scale_head,2,True,0.0,0.025494446977972984,0.025494446977972984,,0.02547069825232029,0.02547069825232029,,init norm zero: rel change null
ZP100,tok_emb.weight,tok_emb,60416,True,0.056068047881126404,0.05548914894461632,0.004919964820146561,0.08774995803833008,0.055489346385002136,0.004931090399622917,0.08794839680194855,
ZP100,atom_norm.weight,atom_norm,512,True,1.0,0.984258770942688,0.016732878983020782,0.01673288084566593,0.9842661619186401,0.016726957634091377,0.016726957634091377,
ZP100,atom_norm.bias,atom_norm,512,True,0.0,0.009185679256916046,0.009185679256916046,,0.009227382019162178,0.009227382019162178,,init norm zero: rel change null
ZP100,atom_proj.weight,atom_proj,262144,True,0.04419417306780815,0.04407357797026634,0.005332086235284805,0.12065121531486511,0.044074174016714096,0.0053425682708621025,0.1208883672952652,
ZP100,atom_proj.bias,atom_proj,512,True,0.0,0.009263535030186176,0.009263535030186176,,0.009298323653638363,0.009298323653638363,,init norm zero: rel change null
ZP100,encoder.layers.0.rp_proj.weight,encoder.layer0.rp_proj,294912,True,0.04289410635828972,0.04492253437638283,0.014284363947808743,0.3330141305923462,0.04493341222405434,0.014313415624201298,0.33369144797325134,
ZP100,encoder.layers.0.rp_proj.bias,encoder.layer0.rp_proj,512,True,0.024206414818763733,0.02384505420923233,0.00037478661397472024,0.015482945367693901,0.02384507842361927,0.0003747859154827893,0.015482916496694088,
ZP100,encoder.layers.0.linear1.weight,encoder.layer0.other,1048576,True,0.027947120368480682,0.027596699073910713,0.005180303007364273,0.18536102771759033,0.027595894411206245,0.005183181259781122,0.18546369671821594,
ZP100,encoder.layers.0.linear1.bias,encoder.layer0.other,2048,True,0.02560272626578808,0.028243189677596092,0.012368902564048767,0.48310884833335876,0.028248220682144165,0.012384895235300064,0.48373347520828247,
ZP100,encoder.layers.0.linear2.weight,encoder.layer0.other,1048576,True,0.02798975259065628,0.027673108503222466,0.005310043692588806,0.18971359729766846,0.027672210708260536,0.005313617177307606,0.1898413747549057,
ZP100,encoder.layers.0.linear2.bias,encoder.layer0.other,512,True,0.012920009903609753,0.01405617967247963,0.006288332398980856,0.4867126941680908,0.014059268869459629,0.006289455574005842,0.48679959774017334,
ZP100,encoder.layers.0.norm1.weight,encoder.layer0.other,512,True,1.0,0.983860194683075,0.017107998952269554,0.017107998952269554,0.983860969543457,0.017109433189034462,0.017109433189034462,
ZP100,encoder.layers.0.norm1.bias,encoder.layer0.other,512,True,0.0,0.00872515607625246,0.00872515607625246,,0.008758367970585823,0.008758367970585823,,init norm zero: rel change null
ZP100,encoder.layers.0.norm2.weight,encoder.layer0.other,512,True,1.0,0.9882785081863403,0.01264774240553379,0.01264774240553379,0.9882993102073669,0.012626335956156254,0.012626335956156254,
ZP100,encoder.layers.0.norm2.bias,encoder.layer0.other,512,True,0.0,0.009386103600263596,0.009386103600263596,,0.009425747208297253,0.009425747208297253,,init norm zero: rel change null
ZP100,encoder.layers.1.rp_proj.weight,encoder.layer1.rp_proj,294912,True,0.042843930423259735,0.04458371177315712,0.013676917180418968,0.3192266821861267,0.04459492862224579,0.013709819875657558,0.3199946880340576,
ZP100,encoder.layers.1.rp_proj.bias,encoder.layer1.rp_proj,512,True,0.024206414818763733,0.023841891437768936,0.0003744569548871368,0.015469327569007874,0.023841917514801025,0.0003744171990547329,0.015467686578631401,
ZP100,encoder.layers.1.linear1.weight,encoder.layer1.other,1048576,True,0.027946729212999344,0.027921373024582863,0.006007779855281115,0.21497248113155365,0.027921956032514572,0.006013784557580948,0.21518740057945251,
ZP100,encoder.layers.1.linear1.bias,encoder.layer1.other,2048,True,0.02560272626578808,0.02743455208837986,0.011099516414105892,0.43352869153022766,0.02744048275053501,0.011114959605038166,0.43413183093070984,
ZP100,encoder.layers.1.linear2.weight,encoder.layer1.other,1048576,True,0.02794608473777771,0.027789287269115448,0.005624317564070225,0.20125649869441986,0.027789123356342316,0.005629967898130417,0.20145796239376068,
ZP100,encoder.layers.1.linear2.bias,encoder.layer1.other,512,True,0.012920009903609753,0.014405620284378529,0.00668229628354311,0.5172052979469299,0.014407097361981869,0.006683812476694584,0.5173225402832031,
ZP100,encoder.layers.1.norm1.weight,encoder.layer1.other,512,True,1.0,0.9864482879638672,0.014465627260506153,0.014465628191828728,0.986456036567688,0.014458735473453999,0.014458736404776573,
ZP100,encoder.layers.1.norm1.bias,encoder.layer1.other,512,True,0.0,0.00920410268008709,0.00920410268008709,,0.009241119958460331,0.009241119958460331,,init norm zero: rel change null
ZP100,encoder.layers.1.norm2.weight,encoder.layer1.other,512,True,1.0,0.9896314740180969,0.011360431089997292,0.011360432021319866,0.9896584749221802,0.011334891431033611,0.011334892362356186,
ZP100,encoder.layers.1.norm2.bias,encoder.layer1.other,512,True,0.0,0.009503460489213467,0.009503460489213467,,0.009538068436086178,0.009538068436086178,,init norm zero: rel change null
ZP100,encoder.layers.2.rp_proj.weight,encoder.layer2.rp_proj,294912,True,0.04292350262403488,0.04465589299798012,0.013807078823447227,0.32166677713394165,0.04466800391674042,0.01383979432284832,0.3224289119243622,
ZP100,encoder.layers.2.rp_proj.bias,encoder.layer2.rp_proj,512,True,0.024206414818763733,0.02384248562157154,0.00037459193845279515,0.015474902465939522,0.023842472583055496,0.00037457511643879116,0.015474207699298859,
ZP100,encoder.layers.2.linear1.weight,encoder.layer2.other,1048576,True,0.027925075963139534,0.028160156682133675,0.006545389536768198,0.23439054191112518,0.028161637485027313,0.0065539064817130566,0.234696164727211,
ZP100,encoder.layers.2.linear1.bias,encoder.layer2.other,2048,True,0.02560272626578808,0.027471117675304413,0.011093145236372948,0.4332798719406128,0.027476342394948006,0.01111051719635725,0.43395835161209106,
ZP100,encoder.layers.2.linear2.weight,encoder.layer2.other,1048576,True,0.02793624810874462,0.02794116549193859,0.005928773898631334,0.21222448348999023,0.027941450476646423,0.0059362053871154785,0.21249058842658997,
ZP100,encoder.layers.2.linear2.bias,encoder.layer2.other,512,True,0.012920009903609753,0.01472050603479147,0.00710706040263176,0.5500816702842712,0.01472313143312931,0.007107721175998449,0.5501328110694885,
ZP100,encoder.layers.2.norm1.weight,encoder.layer2.other,512,True,1.0,0.9881290793418884,0.01294131763279438,0.01294131763279438,0.9881427884101868,0.012929052114486694,0.012929053045809269,
ZP100,encoder.layers.2.norm1.bias,encoder.layer2.other,512,True,0.0,0.009948578663170338,0.009948578663170338,,0.0099905701354146,0.0099905701354146,,init norm zero: rel change null
ZP100,encoder.layers.2.norm2.weight,encoder.layer2.other,512,True,1.0,0.9894233345985413,0.011677633039653301,0.011677633039653301,0.989454984664917,0.011648020707070827,0.011648021638393402,
ZP100,encoder.layers.2.norm2.bias,encoder.layer2.other,512,True,0.0,0.009956982918083668,0.009956982918083668,,0.009995310567319393,0.009995310567319393,,init norm zero: rel change null
ZP100,encoder.layers.3.rp_proj.weight,encoder.layer3.rp_proj,294912,True,0.04292509704828262,0.04470979422330856,0.014301138930022717,0.3331648111343384,0.04472240060567856,0.014336195774376392,0.33398115634918213,
ZP100,encoder.layers.3.rp_proj.bias,encoder.layer3.rp_proj,512,True,0.024206414818763733,0.023836545646190643,0.00038218172267079353,0.015788448974490166,0.023836607113480568,0.0003821211284957826,0.01578594371676445,
ZP100,encoder.layers.3.linear1.weight,encoder.layer3.other,1048576,True,0.027946986258029938,0.028372004628181458,0.006955048535019159,0.24886605143547058,0.028374357149004936,0.006965349428355694,0.24923478066921234,
ZP100,encoder.layers.3.linear1.bias,encoder.layer3.other,2048,True,0.02560272626578808,0.02771187387406826,0.011508624069392681,0.44950777292251587,0.027718055993318558,0.011525246314704418,0.4501570463180542,
ZP100,encoder.layers.3.linear2.weight,encoder.layer3.other,1048576,True,0.02791285514831543,0.028020724654197693,0.006163802929222584,0.22082263231277466,0.028021426871418953,0.0061729117296636105,0.2211488038301468,
ZP100,encoder.layers.3.linear2.bias,encoder.layer3.other,512,True,0.012920009903609753,0.014875775203108788,0.0072625246830284595,0.5621145367622375,0.014879046939313412,0.007269514258950949,0.5626554489135742,
ZP100,encoder.layers.3.norm1.weight,encoder.layer3.other,512,True,1.0,0.9894438982009888,0.01189216785132885,0.011892166920006275,0.9894647002220154,0.01187586784362793,0.011875868774950504,
ZP100,encoder.layers.3.norm1.bias,encoder.layer3.other,512,True,0.0,0.011071651242673397,0.011071651242673397,,0.011125518940389156,0.011125518940389156,,init norm zero: rel change null
ZP100,encoder.layers.3.norm2.weight,encoder.layer3.other,512,True,1.0,0.9896044135093689,0.011636325158178806,0.011636325158178806,0.9896341562271118,0.011610176414251328,0.011610176414251328,
ZP100,encoder.layers.3.norm2.bias,encoder.layer3.other,512,True,0.0,0.010345907881855965,0.010345907881855965,,0.01039097085595131,0.01039097085595131,,init norm zero: rel change null
ZP100,encoder.layers.4.rp_proj.weight,encoder.layer4.rp_proj,294912,True,0.04293172061443329,0.04478021338582039,0.014587248675525188,0.3397774398326874,0.04479324072599411,0.014625566080212593,0.34067001938819885,
ZP100,encoder.layers.4.rp_proj.bias,encoder.layer4.rp_proj,512,True,0.024206414818763733,0.023840073496103287,0.0003807720204349607,0.01573020964860916,0.023840002715587616,0.00038083939580246806,0.01573299430310726,
ZP100,encoder.layers.4.linear1.weight,encoder.layer4.other,1048576,True,0.027933845296502113,0.028500406071543694,0.007391244173049927,0.2645983099937439,0.028503112494945526,0.007403397932648659,0.2650330364704132,
ZP100,encoder.layers.4.linear1.bias,encoder.layer4.other,2048,True,0.02560272626578808,0.028107590973377228,0.012553217820823193,0.49030786752700806,0.028118092566728592,0.012578168883919716,0.49128246307373047,
ZP100,encoder.layers.4.linear2.weight,encoder.layer4.other,1048576,True,0.02795318141579628,0.02812575362622738,0.0063318656757473946,0.22651585936546326,0.028126433491706848,0.006342182867228985,0.22688530385494232,
ZP100,encoder.layers.4.linear2.bias,encoder.layer4.other,512,True,0.012920009903609753,0.014060154557228088,0.006166813429445028,0.47730720043182373,0.014063024893403053,0.006178781855851412,0.4782334864139557,
ZP100,encoder.layers.4.norm1.weight,encoder.layer4.other,512,True,1.0,0.9904349446296692,0.01124597154557705,0.01124597154557705,0.9904611110687256,0.011228353716433048,0.011228353716433048,
ZP100,encoder.layers.4.norm1.bias,encoder.layer4.other,512,True,0.0,0.011380007490515709,0.011380007490515709,,0.011444148607552052,0.011444148607552052,,init norm zero: rel change null
ZP100,encoder.layers.4.norm2.weight,encoder.layer4.other,512,True,1.0,0.9890288710594177,0.012451962567865849,0.012451963499188423,0.9890555739402771,0.012428777292370796,0.01242877822369337,
ZP100,encoder.layers.4.norm2.bias,encoder.layer4.other,512,True,0.0,0.008688697591423988,0.008688697591423988,,0.008731706999242306,0.008731706999242306,,init norm zero: rel change null
ZP100,encoder.layers.5.rp_proj.weight,encoder.layer5.rp_proj,294912,True,0.04289816692471504,0.04497367888689041,0.015463627874851227,0.3604726493358612,0.04498652368783951,0.015501994639635086,0.36136701703071594,
ZP100,encoder.layers.5.rp_proj.bias,encoder.layer5.rp_proj,512,True,0.024206414818763733,0.023847857490181923,0.0003745727299246937,0.015474110841751099,0.02384794130921364,0.00037445788620971143,0.015469364821910858,
ZP100,encoder.layers.5.linear1.weight,encoder.layer5.other,1048576,True,0.027934495359659195,0.02849193662405014,0.007589250802993774,0.2716803550720215,0.02849394828081131,0.0076026893220841885,0.2721617519855499,
ZP100,encoder.layers.5.linear1.bias,encoder.layer5.other,2048,True,0.02560272626578808,0.029485777020454407,0.015539106912910938,0.606931746006012,0.029512278735637665,0.015588547103106976,0.6088628172874451,
ZP100,encoder.layers.5.linear2.weight,encoder.layer5.other,1048576,True,0.027911720797419548,0.028103306889533997,0.00647225184366107,0.2318829596042633,0.028103044256567955,0.006481379736214876,0.23221008479595184,
ZP100,encoder.layers.5.linear2.bias,encoder.layer5.other,512,True,0.012920009903609753,0.013113711960613728,0.004816325847059488,0.37278035283088684,0.013116401620209217,0.0048390524461865425,0.3745393753051758,
ZP100,encoder.layers.5.norm1.weight,encoder.layer5.other,512,True,1.0,0.9904732704162598,0.011647614650428295,0.011647614650428295,0.9905063509941101,0.011624008417129517,0.011624007485806942,
ZP100,encoder.layers.5.norm1.bias,encoder.layer5.other,512,True,0.0,0.009711595252156258,0.009711595252156258,,0.00977566372603178,0.00977566372603178,,init norm zero: rel change null
ZP100,encoder.layers.5.norm2.weight,encoder.layer5.other,512,True,1.0,1.0005947351455688,0.01131257601082325,0.011312576942145824,1.0006603002548218,0.011345745995640755,0.011345745995640755,
ZP100,encoder.layers.5.norm2.bias,encoder.layer5.other,512,True,0.0,0.006402312777936459,0.006402312777936459,,0.006410040892660618,0.006410040892660618,,init norm zero: rel change null
ZP100,decoder.layers.0.self_attn.in_proj_weight,decoder,786432,True,0.03123430535197258,0.03148793801665306,0.006538883782923222,0.20934656262397766,0.031494684517383575,0.006561766378581524,0.21007898449897766,
ZP100,decoder.layers.0.self_attn.in_proj_bias,decoder,1536,True,0.0,0.0034119626507163048,0.0034119626507163048,,0.0034194558393210173,0.0034194558393210173,,init norm zero: rel change null
ZP100,decoder.layers.0.self_attn.out_proj.weight,decoder,262144,True,0.04428621008992195,0.042046163231134415,0.0065287379547953606,0.1474214345216751,0.0420415997505188,0.006532742641866207,0.1475117951631546,
ZP100,decoder.layers.0.self_attn.out_proj.bias,decoder,512,True,0.0,0.004035182297229767,0.004035182297229767,,0.004033601842820644,0.004033601842820644,,init norm zero: rel change null
ZP100,decoder.layers.0.multihead_attn.in_proj_weight,decoder,786432,True,0.03130209818482399,0.03215375915169716,0.008394669741392136,0.2681817412376404,0.03215915709733963,0.008412984199821949,0.2687666714191437,
ZP100,decoder.layers.0.multihead_attn.in_proj_bias,decoder,1536,True,0.0,0.006005650851875544,0.006005650851875544,,0.006010794080793858,0.006010794080793858,,init norm zero: rel change null
ZP100,decoder.layers.0.multihead_attn.out_proj.weight,decoder,262144,True,0.04411851614713669,0.04368335381150246,0.006334185134619474,0.14357198774814606,0.043682508170604706,0.006347073242068291,0.14386405050754547,
ZP100,decoder.layers.0.multihead_attn.out_proj.bias,decoder,512,True,0.0,0.006236766465008259,0.006236766465008259,,0.0062433029524981976,0.0062433029524981976,,init norm zero: rel change null
ZP100,decoder.layers.0.linear1.weight,decoder,1048576,True,0.027939222753047943,0.02882852591574192,0.008568071760237217,0.30666857957839966,0.02883525937795639,0.008590076118707657,0.30745553970336914,
ZP100,decoder.layers.0.linear1.bias,decoder,2048,True,0.02579360269010067,0.028726045042276382,0.014883709140121937,0.5770310759544373,0.028745537623763084,0.014924431219696999,0.578609824180603,
ZP100,decoder.layers.0.linear2.weight,decoder,1048576,True,0.027925286442041397,0.028462832793593407,0.0071533964946866035,0.25616228580474854,0.02846677042543888,0.007170603144913912,0.2567776143550873,
ZP100,decoder.layers.0.linear2.bias,decoder,512,True,0.012804637663066387,0.012622911483049393,0.002607752336189151,0.2036568522453308,0.012619998306035995,0.0026070040185004473,0.20359842479228973,
ZP100,decoder.layers.0.norm1.weight,decoder,512,True,1.0,0.997202455997467,0.00813663937151432,0.008136638440191746,0.9972891807556152,0.008124670945107937,0.008124670945107937,
ZP100,decoder.layers.0.norm1.bias,decoder,512,True,0.0,0.007023377809673548,0.007023377809673548,,0.007066096644848585,0.007066096644848585,,init norm zero: rel change null
ZP100,decoder.layers.0.norm2.weight,decoder,512,True,1.0,0.9908210039138794,0.010962611995637417,0.010962611995637417,0.9908722043037415,0.010924277827143669,0.010924277827143669,
ZP100,decoder.layers.0.norm2.bias,decoder,512,True,0.0,0.00811096839606762,0.00811096839606762,,0.008155730552971363,0.008155730552971363,,init norm zero: rel change null
ZP100,decoder.layers.0.norm3.weight,decoder,512,True,1.0,0.9886907935142517,0.012984474189579487,0.012984473258256912,0.9887403249740601,0.012946713715791702,0.012946713715791702,
ZP100,decoder.layers.0.norm3.bias,decoder,512,True,0.0,0.004583041649311781,0.004583041649311781,,0.0046032629907131195,0.0046032629907131195,,init norm zero: rel change null
ZP100,decoder.layers.1.self_attn.in_proj_weight,decoder,786432,True,0.03125397861003876,0.03201008215546608,0.007991751655936241,0.2557024359703064,0.03201917186379433,0.008014693856239319,0.25643685460090637,
ZP100,decoder.layers.1.self_attn.in_proj_bias,decoder,1536,True,0.0,0.004415726754814386,0.004415726754814386,,0.004419389646500349,0.004419389646500349,,init norm zero: rel change null
ZP100,decoder.layers.1.self_attn.out_proj.weight,decoder,262144,True,0.044234517961740494,0.0430692657828331,0.006000872701406479,0.13566038012504578,0.04307190701365471,0.0060155936516821384,0.13599319756031036,
ZP100,decoder.layers.1.self_attn.out_proj.bias,decoder,512,True,0.0,0.005305386148393154,0.005305386148393154,,0.005304856691509485,0.005304856691509485,,init norm zero: rel change null
ZP100,decoder.layers.1.multihead_attn.in_proj_weight,decoder,786432,True,0.03124341554939747,0.03247540816664696,0.008524425327777863,0.2728385925292969,0.03248146176338196,0.008543257601559162,0.2734414041042328,
ZP100,decoder.layers.1.multihead_attn.in_proj_bias,decoder,1536,True,0.0,0.006143947131931782,0.006143947131931782,,0.0061499192379415035,0.0061499192379415035,,init norm zero: rel change null
ZP100,decoder.layers.1.multihead_attn.out_proj.weight,decoder,262144,True,0.04416099563241005,0.043853871524333954,0.006724298465996981,0.15226797759532928,0.04385137930512428,0.006737404968589544,0.1525646448135376,
ZP100,decoder.layers.1.multihead_attn.out_proj.bias,decoder,512,True,0.0,0.006477997172623873,0.006477997172623873,,0.006491606589406729,0.006491606589406729,,init norm zero: rel change null
ZP100,decoder.layers.1.linear1.weight,decoder,1048576,True,0.027970703318715096,0.02939261496067047,0.009090425446629524,0.32499775290489197,0.029401974752545357,0.009115605615079403,0.3258979618549347,
ZP100,decoder.layers.1.linear1.bias,decoder,2048,True,0.02579360269010067,0.028847532346844673,0.015215782448649406,0.5899053812026978,0.02887221984565258,0.015260154381394386,0.5916256308555603,
ZP100,decoder.layers.1.linear2.weight,decoder,1048576,True,0.02794652245938778,0.02885216660797596,0.007609103340655565,0.2722751796245575,0.028858117759227753,0.007629364263266325,0.2729993164539337,
ZP100,decoder.layers.1.linear2.bias,decoder,512,True,0.012804637663066387,0.01298520527780056,0.0028163157403469086,0.21994498372077942,0.012982838787138462,0.0028140093199908733,0.2197648584842682,
ZP100,decoder.layers.1.norm1.weight,decoder,512,True,1.0,1.0014305114746094,0.0059011103585362434,0.005901110824197531,1.0015628337860107,0.005941961891949177,0.005941962357610464,
ZP100,decoder.layers.1.norm1.bias,decoder,512,True,0.0,0.008819295093417168,0.008819295093417168,,0.008860456757247448,0.008860456757247448,,init norm zero: rel change null
ZP100,decoder.layers.1.norm2.weight,decoder,512,True,1.0,0.9948818683624268,0.007671731989830732,0.007671731989830732,0.9949530363082886,0.007632785011082888,0.007632785011082888,
ZP100,decoder.layers.1.norm2.bias,decoder,512,True,0.0,0.009406152181327343,0.009406152181327343,,0.009464360773563385,0.009464360773563385,,init norm zero: rel change null
ZP100,decoder.layers.1.norm3.weight,decoder,512,True,1.0,0.9916238784790039,0.010479341261088848,0.010479340329766273,0.9916927814483643,0.0104291420429945,0.0104291420429945,
ZP100,decoder.layers.1.norm3.bias,decoder,512,True,0.0,0.004702283069491386,0.004702283069491386,,0.0047231512144207954,0.0047231512144207954,,init norm zero: rel change null
ZP100,decoder.layers.2.self_attn.in_proj_weight,decoder,786432,True,0.03123806230723858,0.032268401235342026,0.008821903727948666,0.2824087142944336,0.032278116792440414,0.0088468287140131,0.2832065522670746,
ZP100,decoder.layers.2.self_attn.in_proj_bias,decoder,1536,True,0.0,0.005043250508606434,0.005043250508606434,,0.005046810023486614,0.005046810023486614,,init norm zero: rel change null
ZP100,decoder.layers.2.self_attn.out_proj.weight,decoder,262144,True,0.044234130531549454,0.04307587072253227,0.006771710701286793,0.15308797359466553,0.04307983070611954,0.006791199091821909,0.15352854132652283,
ZP100,decoder.layers.2.self_attn.out_proj.bias,decoder,512,True,0.0,0.004941635765135288,0.004941635765135288,,0.004943482577800751,0.004943482577800751,,init norm zero: rel change null
ZP100,decoder.layers.2.multihead_attn.in_proj_weight,decoder,786432,True,0.031271498650312424,0.03257816284894943,0.00872044824063778,0.2788621485233307,0.03258397430181503,0.008739437907934189,0.2794691324234009,
ZP100,decoder.layers.2.multihead_attn.in_proj_bias,decoder,1536,True,0.0,0.0054328180849552155,0.0054328180849552155,,0.005438214633613825,0.005438214633613825,,init norm zero: rel change null
ZP100,decoder.layers.2.multihead_attn.out_proj.weight,decoder,262144,True,0.04416162520647049,0.04373934864997864,0.006928292103111744,0.1568848043680191,0.0437353253364563,0.006941862404346466,0.15719211101531982,
ZP100,decoder.layers.2.multihead_attn.out_proj.bias,decoder,512,True,0.0,0.007120783440768719,0.007120783440768719,,0.007131493184715509,0.007131493184715509,,init norm zero: rel change null
ZP100,decoder.layers.2.linear1.weight,decoder,1048576,True,0.0279641542583704,0.0295905452221632,0.009265298955142498,0.331326961517334,0.029601098969578743,0.009291643276810646,0.332269549369812,
ZP100,decoder.layers.2.linear1.bias,decoder,2048,True,0.02579360269010067,0.028957799077033997,0.015465850941836834,0.5996003150939941,0.02897823601961136,0.015508444979786873,0.6012517213821411,
ZP100,decoder.layers.2.linear2.weight,decoder,1048576,True,0.027951514348387718,0.029009493067860603,0.007836326025426388,0.280354768037796,0.029016347602009773,0.007857603952288628,0.2811160981655121,
ZP100,decoder.layers.2.linear2.bias,decoder,512,True,0.012804637663066387,0.012644126079976559,0.002874523401260376,0.22449079155921936,0.012644996866583824,0.0028810142539441586,0.22499771416187286,
ZP100,decoder.layers.2.norm1.weight,decoder,512,True,1.0,1.0027847290039062,0.006476281210780144,0.006476281676441431,1.0029269456863403,0.006549498997628689,0.006549498997628689,
ZP100,decoder.layers.2.norm1.bias,decoder,512,True,0.0,0.008748212829232216,0.008748212829232216,,0.008792277425527573,0.008792277425527573,,init norm zero: rel change null
ZP100,decoder.layers.2.norm2.weight,decoder,512,True,1.0,0.9965741038322449,0.0064948080107569695,0.006494807545095682,0.9966567754745483,0.00646731024608016,0.00646731024608016,
ZP100,decoder.layers.2.norm2.bias,decoder,512,True,0.0,0.0106857530772686,0.0106857530772686,,0.010747168213129044,0.010747168213129044,,init norm zero: rel change null
ZP100,decoder.layers.2.norm3.weight,decoder,512,True,1.0,0.9926725625991821,0.009390839375555515,0.00939084030687809,0.9927530288696289,0.009337607771158218,0.009337606839835644,
ZP100,decoder.layers.2.norm3.bias,decoder,512,True,0.0,0.004625706002116203,0.004625706002116203,,0.004652389325201511,0.004652389325201511,,init norm zero: rel change null
ZP100,decoder.layers.3.self_attn.in_proj_weight,decoder,786432,True,0.031245354562997818,0.03229900822043419,0.008890662342309952,0.2845431864261627,0.03230932354927063,0.008915863931179047,0.2853500545024872,
ZP100,decoder.layers.3.self_attn.in_proj_bias,decoder,1536,True,0.0,0.005816819611936808,0.005816819611936808,,0.005819316487759352,0.005819316487759352,,init norm zero: rel change null
ZP100,decoder.layers.3.self_attn.out_proj.weight,decoder,262144,True,0.044152215123176575,0.04303726553916931,0.007035837043076754,0.1593540757894516,0.043042056262493134,0.007055941969156265,0.15980948507785797,
ZP100,decoder.layers.3.self_attn.out_proj.bias,decoder,512,True,0.0,0.004689739551395178,0.004689739551395178,,0.004695199895650148,0.004695199895650148,,init norm zero: rel change null
ZP100,decoder.layers.3.multihead_attn.in_proj_weight,decoder,786432,True,0.03123442456126213,0.032494138926267624,0.008619858883321285,0.2759721875190735,0.032500505447387695,0.008640844374895096,0.27664387226104736,
ZP100,decoder.layers.3.multihead_attn.in_proj_bias,decoder,1536,True,0.0,0.005523423198610544,0.005523423198610544,,0.005526727996766567,0.005526727996766567,,init norm zero: rel change null
ZP100,decoder.layers.3.multihead_attn.out_proj.weight,decoder,262144,True,0.04431571811437607,0.04373912885785103,0.006981225218623877,0.15753386914730072,0.04373341426253319,0.006996047217398882,0.15786828100681305,
ZP100,decoder.layers.3.multihead_attn.out_proj.bias,decoder,512,True,0.0,0.007755069062113762,0.007755069062113762,,0.007775318343192339,0.007775318343192339,,init norm zero: rel change null
ZP100,decoder.layers.3.linear1.weight,decoder,1048576,True,0.027925120666623116,0.029599910601973534,0.009286066517233849,0.3325335383415222,0.02961043082177639,0.009312142618000507,0.33346784114837646,
ZP100,decoder.layers.3.linear1.bias,decoder,2048,True,0.02579360269010067,0.029009195044636726,0.015402511693537235,0.5971446633338928,0.029031233862042427,0.015447060577571392,0.5988718271255493,
ZP100,decoder.layers.3.linear2.weight,decoder,1048576,True,0.027955440804362297,0.029057756066322327,0.007934673689305782,0.2838331162929535,0.029064806178212166,0.007956485264003277,0.28461334109306335,
ZP100,decoder.layers.3.linear2.bias,decoder,512,True,0.012804637663066387,0.012829581275582314,0.0029571440536528826,0.2309432029724121,0.012825282290577888,0.002966156229376793,0.23164701461791992,
ZP100,decoder.layers.3.norm1.weight,decoder,512,True,1.0,1.0045760869979858,0.007253090385347605,0.007253090851008892,1.004745364189148,0.007370512466877699,0.007370512466877699,
ZP100,decoder.layers.3.norm1.bias,decoder,512,True,0.0,0.008955451659858227,0.008955451659858227,,0.009002198465168476,0.009002198465168476,,init norm zero: rel change null
ZP100,decoder.layers.3.norm2.weight,decoder,512,True,1.0,0.9970811009407043,0.006225131917744875,0.006225132383406162,0.9971639513969421,0.006198857445269823,0.006198856979608536,
ZP100,decoder.layers.3.norm2.bias,decoder,512,True,0.0,0.011146674863994122,0.011146674863994122,,0.011215140111744404,0.011215140111744404,,init norm zero: rel change null
ZP100,decoder.layers.3.norm3.weight,decoder,512,True,1.0,0.9935640692710876,0.008690038695931435,0.00869003962725401,0.9936650991439819,0.008618858642876148,0.008618858642876148,
ZP100,decoder.layers.3.norm3.bias,decoder,512,True,0.0,0.004984590690582991,0.004984590690582991,,0.005013378337025642,0.005013378337025642,,init norm zero: rel change null
ZP100,decoder.layers.4.self_attn.in_proj_weight,decoder,786432,True,0.03125794604420662,0.03218185901641846,0.008530287072062492,0.2728993594646454,0.03219232335686684,0.008554893545806408,0.27368682622909546,
ZP100,decoder.layers.4.self_attn.in_proj_bias,decoder,1536,True,0.0,0.005408220924437046,0.005408220924437046,,0.005415073595941067,0.005415073595941067,,init norm zero: rel change null
ZP100,decoder.layers.4.self_attn.out_proj.weight,decoder,262144,True,0.04423278197646141,0.04312765598297119,0.00707167387008667,0.15987390279769897,0.04313255846500397,0.0070913368836045265,0.16031844913959503,
ZP100,decoder.layers.4.self_attn.out_proj.bias,decoder,512,True,0.0,0.0048633748665452,0.0048633748665452,,0.004863242618739605,0.004863242618739605,,init norm zero: rel change null
ZP100,decoder.layers.4.multihead_attn.in_proj_weight,decoder,786432,True,0.031248290091753006,0.03249991312623024,0.008691813796758652,0.27815309166908264,0.03250653296709061,0.008712970651686192,0.2788298428058624,
ZP100,decoder.layers.4.multihead_attn.in_proj_bias,decoder,1536,True,0.0,0.00567131070420146,0.00567131070420146,,0.005678802728652954,0.005678802728652954,,init norm zero: rel change null
ZP100,decoder.layers.4.multihead_attn.out_proj.weight,decoder,262144,True,0.04415121674537659,0.04352036118507385,0.00698021799325943,0.15809786319732666,0.043514542281627655,0.006993861403316259,0.1584070771932602,
ZP100,decoder.layers.4.multihead_attn.out_proj.bias,decoder,512,True,0.0,0.008977715857326984,0.008977715857326984,,0.008994175121188164,0.008994175121188164,,init norm zero: rel change null
ZP100,decoder.layers.4.linear1.weight,decoder,1048576,True,0.027967067435383797,0.029553333297371864,0.009230983443558216,0.3300662338733673,0.029563365504145622,0.009256281889975071,0.3309708833694458,
ZP100,decoder.layers.4.linear1.bias,decoder,2048,True,0.02579360269010067,0.028810814023017883,0.014933331869542599,0.5789549350738525,0.028827957808971405,0.014973323792219162,0.58050537109375,
ZP100,decoder.layers.4.linear2.weight,decoder,1048576,True,0.027966555207967758,0.029002653434872627,0.007966965436935425,0.28487512469291687,0.02900933101773262,0.007988461293280125,0.2856435775756836,
ZP100,decoder.layers.4.linear2.bias,decoder,512,True,0.012804637663066387,0.01266421377658844,0.0030722105875611305,0.23992951214313507,0.01265940722078085,0.003081326372921467,0.24064141511917114,
ZP100,decoder.layers.4.norm1.weight,decoder,512,True,1.0,1.0051761865615845,0.007590954191982746,0.007590954657644033,1.005349040031433,0.0077115194872021675,0.0077115194872021675,
ZP100,decoder.layers.4.norm1.bias,decoder,512,True,0.0,0.00988076999783516,0.00988076999783516,,0.009933937340974808,0.009933937340974808,,init norm zero: rel change null
ZP100,decoder.layers.4.norm2.weight,decoder,512,True,1.0,0.9969364404678345,0.006387572269886732,0.006387572269886732,0.9970216751098633,0.006359521299600601,0.006359520833939314,
ZP100,decoder.layers.4.norm2.bias,decoder,512,True,0.0,0.01336746010929346,0.01336746010929346,,0.013441729359328747,0.013441729359328747,,init norm zero: rel change null
ZP100,decoder.layers.4.norm3.weight,decoder,512,True,1.0,0.992837131023407,0.009261751547455788,0.009261751547455788,0.9929561018943787,0.009174434468150139,0.009174433536827564,
ZP100,decoder.layers.4.norm3.bias,decoder,512,True,0.0,0.006872141733765602,0.006872141733765602,,0.006910550873726606,0.006910550873726606,,init norm zero: rel change null
ZP100,decoder.layers.5.self_attn.in_proj_weight,decoder,786432,True,0.031239241361618042,0.031883399933576584,0.007898311130702496,0.2528325617313385,0.03189212456345558,0.007919824682176113,0.2535213828086853,
ZP100,decoder.layers.5.self_attn.in_proj_bias,decoder,1536,True,0.0,0.005372538231313229,0.005372538231313229,,0.005380644928663969,0.005380644928663969,,init norm zero: rel change null
ZP100,decoder.layers.5.self_attn.out_proj.weight,decoder,262144,True,0.04425601288676262,0.04321310296654701,0.006793038919568062,0.15349417924880981,0.04321803152561188,0.006814140826463699,0.15397095680236816,
ZP100,decoder.layers.5.self_attn.out_proj.bias,decoder,512,True,0.0,0.0055152857676148415,0.0055152857676148415,,0.005515414290130138,0.005515414290130138,,init norm zero: rel change null
ZP100,decoder.layers.5.multihead_attn.in_proj_weight,decoder,786432,True,0.031245050951838493,0.032202765345573425,0.008272179402410984,0.2647506296634674,0.032207369804382324,0.008291102014482021,0.26535627245903015,
ZP100,decoder.layers.5.multihead_attn.in_proj_bias,decoder,1536,True,0.0,0.005943275522440672,0.005943275522440672,,0.005949896760284901,0.005949896760284901,,init norm zero: rel change null
ZP100,decoder.layers.5.multihead_attn.out_proj.weight,decoder,262144,True,0.04417824745178223,0.0433679036796093,0.006603178568184376,0.14946652948856354,0.04336138814687729,0.0066169570200145245,0.14977850019931793,
ZP100,decoder.layers.5.multihead_attn.out_proj.bias,decoder,512,True,0.0,0.010766567662358284,0.010766567662358284,,0.010789429768919945,0.010789429768919945,,init norm zero: rel change null
ZP100,decoder.layers.5.linear1.weight,decoder,1048576,True,0.027946820482611656,0.029167311266064644,0.00902630016207695,0.3229815661907196,0.029175471514463425,0.009051596745848656,0.32388657331466675,
ZP100,decoder.layers.5.linear1.bias,decoder,2048,True,0.02579360269010067,0.028075119480490685,0.012765508145093918,0.4949098825454712,0.028089158236980438,0.01279966626316309,0.49623411893844604,
ZP100,decoder.layers.5.linear2.weight,decoder,1048576,True,0.027937572449445724,0.02850739285349846,0.0077008348889648914,0.2756441533565521,0.02851080521941185,0.0077234674245119095,0.27645444869995117,
ZP100,decoder.layers.5.linear2.bias,decoder,512,True,0.012804637663066387,0.01583711802959442,0.009456374682486057,0.7385116219520569,0.015861960127949715,0.009496833197772503,0.7416714429855347,
ZP100,decoder.layers.5.norm1.weight,decoder,512,True,1.0,1.0025672912597656,0.006679417099803686,0.006679416634142399,1.0027105808258057,0.006749225780367851,0.006749225780367851,
ZP100,decoder.layers.5.norm1.bias,decoder,512,True,0.0,0.01400486659258604,0.01400486659258604,,0.014094491489231586,0.014094491489231586,,init norm zero: rel change null
ZP100,decoder.layers.5.norm2.weight,decoder,512,True,1.0,0.9989328384399414,0.007171709090471268,0.007171709090471268,0.9990735650062561,0.007172177080065012,0.007172177545726299,
ZP100,decoder.layers.5.norm2.bias,decoder,512,True,0.0,0.02026192843914032,0.02026192843914032,,0.0204020943492651,0.0204020943492651,,init norm zero: rel change null
ZP100,decoder.layers.5.norm3.weight,decoder,512,True,1.0,0.9852388501167297,0.016822565346956253,0.016822565346956253,0.9852375984191895,0.016829928383231163,0.016829930245876312,
ZP100,decoder.layers.5.norm3.bias,decoder,512,True,0.0,0.015063878148794174,0.015063878148794174,,0.015132510103285313,0.015132510103285313,,init norm zero: rel change null
ZP100,decoder.norm.weight,decoder,512,True,1.0,0.9780730605125427,0.022873345762491226,0.022873345762491226,0.9781284928321838,0.022823868319392204,0.022823868319392204,
ZP100,decoder.norm.bias,decoder,512,True,0.0,0.014562997967004776,0.014562997967004776,,0.014641041867434978,0.014641041867434978,,init norm zero: rel change null
ZP100,edos_out_head.layers.0.weight,spectrum_heads,1536,True,0.014463765546679497,0.008885730989277363,0.007792071904987097,0.5387305617332458,0.008922400884330273,0.007782444357872009,0.5380648374557495,
ZP100,edos_out_head.layers.0.bias,spectrum_heads,1,True,0.01834169775247574,0.4992660880088806,0.4809243977069855,26.220277786254883,0.502371072769165,0.4840293824672699,26.389562606811523,
ZP100,phdos_out_head.layers.0.weight,spectrum_heads,2359296,True,0.014736348763108253,0.01632281020283699,0.007546195760369301,0.5120733976364136,0.01632469706237316,0.0075602345168590546,0.5130259990692139,
ZP100,phdos_out_head.layers.0.bias,spectrum_heads,1536,True,0.014790252782404423,0.016880761831998825,0.007925809361040592,0.5358805656433105,0.01688685268163681,0.007937614805996418,0.5366787910461426,
ZP100,phdos_out_head.layers.2.weight,spectrum_heads,7077888,True,0.008508218452334404,0.011174716986715794,0.0073724971152842045,0.8664209246635437,0.011179362423717976,0.007382972165942192,0.8676484227180481,
ZP100,phdos_out_head.layers.2.bias,spectrum_heads,1536,True,0.00858294777572155,0.011297894641757011,0.007316120434552431,0.8524017930030823,0.011307898908853531,0.007329221814870834,0.85392826795578,
ZP100,phdos_out_head.layers.4.weight,spectrum_heads,7077888,True,0.008503404445946217,0.012447142973542213,0.009129587560892105,1.0733392238616943,0.012467818334698677,0.009157459251582623,1.076613426208496,
ZP100,phdos_out_head.layers.4.bias,spectrum_heads,1536,True,0.00848326738923788,0.010576588101685047,0.0064170812256634235,0.7564399242401123,0.010571271181106567,0.006410267204046249,0.7556365728378296,
ZP100,phdos_out_head.layers.6.weight,spectrum_heads,7077888,True,0.008505025878548622,0.010423057712614536,0.006152784917503595,0.72319495677948,0.010435960255563259,0.006173963658511639,0.7256823182106018,
ZP100,phdos_out_head.layers.6.bias,spectrum_heads,1536,True,0.008410545065999031,0.010657130740582943,0.0062399194575846195,0.741916298866272,0.010663028806447983,0.0062492541037499905,0.743026077747345,
ZP100,phdos_out_head.layers.8.weight,spectrum_heads,7077888,True,0.008507908321917057,0.010416845791041851,0.006168666761368513,0.7248049974441528,0.010435783304274082,0.00620055990293622,0.7285505533218384,
ZP100,phdos_out_head.layers.8.bias,spectrum_heads,1536,True,0.008323578163981438,0.017666064202785492,0.014887548983097076,1.7885994911193848,0.017680976539850235,0.014903857372701168,1.7905588150024414,
ZP100,phdos_out_head.layers.10.weight,spectrum_heads,4608,True,0.008540323935449123,0.017505884170532227,0.01418624073266983,1.6610894203186035,0.01783931627869606,0.014517619274556637,1.6998910903930664,
ZP100,phdos_out_head.layers.10.bias,spectrum_heads,1,True,0.0054338546469807625,0.7098788022994995,0.704444944858551,129.63999938964844,0.7155466675758362,0.7101128101348877,130.68307495117188,
